3.9322487896e-03 -1.0707195396e-01 1.0367167941e-01 3.1464762655e-02 -5.9369691139e-02 3.5935321702e-02 -3.9416894227e-02 -7.5291571136e-02 1.6927280210e-02 6.5782473518e-02 6.9848817777e-02 2.0230354902e-02 4.2774709919e-02 6.4217831234e-03 2.0909226687e-03 5.8404567638e-02 -3.6548852052e-02 6.2444978014e-02 2.2385921500e-02 -7.1480567994e-02 -5.0320885356e-02 -2.5970044772e-02 -5.3880264172e-03 1.5438998424e-03 -1.2506785542e-02 -5.3210808906e-03 2.2386527959e-02 -2.5851166319e-02 -1.4841102143e-02 2.2839805748e-02 -2.1109492490e-02 6.0652614938e-03 1.7724137793e-02 -4.9992472515e-02 6.6075917558e-02 -2.5840564310e-02 -4.4577141209e-02 6.4111248561e-02 -6.7138194857e-02 -1.8804158923e-03 -7.1592085248e-02 -1.0674510504e-01 5.8408288980e-02 -2.7817246001e-02 -5.6159463064e-02 -4.8983258143e-02 1.9296390815e-03 3.4019125744e-02 6.8992159275e-02 -3.4394943695e-02 7.1761807829e-02 -7.4853750854e-02 -6.4232888765e-02 1.1401060448e-02
5.8640823990e-05 -3.7835631171e-05 7.4101425652e-05 1.1869805520e-04 -7.2459947247e-05 8.0350553689e-06 4.4923931109e-05 1.3262107721e-04 9.6980920864e-05 -4.8373050398e-05 -4.0305747389e-05 -4.6930872352e-05 4.0090115264e-06 1.6189065236e-05 4.5841586992e-05 -4.1635120078e-05 -2.5029595119e-05 6.7400124911e-05 1.8169357630e-05 -3.9975347145e-05 2.1892719108e-05 -1.6941608826e-05 -2.9678377407e-05 -6.9255174700e-06 -1.3626542968e-04 -2.8674876899e-06 1.9038386448e-05 1.0964380735e-04 -7.4856188028e-05 -2.9196852622e-05 -4.9558969731e-05 3.0848847329e-05 4.5125290904e-05 -3.8139687359e-05 6.6921239238e-05 1.1200189922e-04 -3.8475192522e-05 7.8243797043e-06 -3.7121921233e-05 7.2631106414e-05 -2.1644755163e-05 -4.6018256967e-05 5.6947946136e-05 -6.2978635601e-05 -1.1873332819e-04 1.3025600235e-05 -1.2489295271e-05 -4.9900716890e-05 -1.5626744398e-06 9.1105207580e-05 -1.7801975257e-05 -7.2787839498e-05 2.3011451656e-05 1.8277770033e-05
8.9181486277e-03 4.5384088061e-03 -6.2380604384e-02 9.1966964555e-03 4.6530615076e-02 2.2653039416e-02 -3.2069390333e-02 2.7774453148e-02 3.2455704302e-02 3.4979144173e-02 6.6510366694e-02 -3.7108026313e-02 -3.2922038724e-02 -1.3734188567e-03 -2.5041193253e-02 6.0171672107e-02 -7.5663354714e-02 1.0060616506e-01 -2.3824090316e-03 -1.7825812073e-02 8.2779671627e-03 1.0611787376e-02 1.7513622317e-02 1.1812404037e-02 -3.3259486007e-02 -3.1814656043e-02 2.6663251880e-02 -1.5122966970e-03 4.8304790463e-03 -4.9266024258e-02 5.7118751774e-02 -1.3726851689e-01 -1.7236269994e-02 -5.2397576913e-02 2.2637617548e-02 -4.0061896894e-03 -3.7524227793e-02 9.1404589350e-02 -6.7277343281e-03 7.0018625313e-02 -3.9648433293e-02 2.3923020453e-01 6.7113434470e-02 -4.9162046689e-03 1.2813011252e-01 -2.9206443528e-02 2.2772154927e-02 -5.2216707322e-02 1.0172625318e-01 -4.8579163911e-02 8.2950703948e-02 1.5971602292e-03 -3.6090083523e-02 -6.5264487436e-02
4.3978681277e-02 -3.3849126545e-02 2.0642898491e-02 -4.6330484976e-03 1.6294684471e-02 -1.8457427488e-03 1.7255570285e-02 7.4640808478e-02 -6.3361115167e-02 -3.3839177209e-02 4.4145325614e-02 -5.5890751538e-02 2.2206907305e-02 -9.3181883995e-03 -1.0943844544e-02 2.8804664361e-02 -2.8858741461e-02 1.0557927846e-01 7.6908773019e-02 -7.0835311967e-03 1.8066509945e-02 -3.5707982603e-02 4.3812451812e-03 -4.2990271880e-02 -3.2015943761e-02 3.9029043877e-02 -8.4240032874e-02 4.2426282221e-02 -3.2649704648e-02 -3.4807379658e-03 -1.0539328731e-02 -2.5849789601e-02 5.1318205615e-02 2.8553773432e-02 1.2373025118e-01 1.5616085540e-02 -3.5292911662e-04 2.3048099320e-02 -1.2004675889e-01 6.1580463700e-03 1.6215272244e-03 4.1061172828e-02 -3.3023666321e-02 -3.2724554944e-02 -3.0629814386e-02 -1.6195042216e-02 -6.2994294995e-03 1.1792124487e-01 -4.3162701695e-02 4.6084749943e-02 -2.2216388815e-02 -1.4453359926e-02 8.0462983501e-04 1.2033868953e-02
2.0786666851e-02 -2.5734500444e-02 -1.7788033214e-03 -7.0695159629e-02 5.3185683878e-02 1.7627308994e-02 3.1084086193e-02 5.5054048640e-02 5.5948648998e-02 9.4795100009e-04 -3.4761044053e-02 -4.2391099714e-02 -5.0720071507e-02 8.2256853403e-03 2.1793906049e-02 -4.3058884788e-03 2.0684567072e-02 -4.8768448572e-02 5.0025766843e-02 2.0360226409e-03 -9.0772060914e-02 1.0071526476e-02 -5.7923573415e-02 2.4252921932e-02 4.2743313119e-02 -7.6075073129e-02 -1.2191866017e-01 -2.7529593455e-02 7.6830969860e-02 4.9725890826e-02 7.3099754093e-02 -2.9558956121e-02 1.4599317590e-02 -2.7723611096e-02 3.7076222868e-02 -1.5403133786e-02 2.5609149902e-02 -2.6381496480e-02 -2.1820180653e-02 4.6894319267e-02 -2.6986009180e-02 3.0850112736e-02 -1.8072187615e-02 -6.4722163628e-02 9.8323437383e-02 1.8466535897e-02 1.0357491186e-01 -2.2457035325e-02 -6.2510326777e-03 -3.1266070276e-02 -1.1777371339e-02 3.6161176611e-02 4.7399197227e-02 -4.8062133505e-02
4.1857349800e-05 5.4743003143e-06 -8.0382648857e-05 1.0371108866e-04 -2.2138426443e-05 7.9378686957e-06 1.2634950367e-04 2.7392651112e-05 1.3211485337e-05 8.5527062860e-05 -5.1780073314e-05 1.0168976724e-04 1.3160296279e-05 -6.9043092390e-05 -2.3501809042e-05 1.2931141890e-05 4.5119327940e-05 -4.4235616958e-05 1.8778552668e-05 -1.1355795715e-04 1.6188686941e-05 3.8831014906e-05 -3.6801263383e-05 7.3772170705e-05 -3.1290273958e-05 -7.5931636493e-05 2.3827734953e-05 3.9877003889e-05 -1.3827730357e-04 -1.4457297484e-05 -5.8635900788e-05 -2.3670956362e-06 -3.0055600783e-05 -4.8715987622e-05 -1.7860038796e-05 6.0986688205e-05 -8.2960224543e-05 -5.5377917209e-05 -6.6978556497e-05 8.0137549318e-05 -4.1659206758e-05 -1.6629249397e-05 -8.0398802341e-07 9.2491282149e-05 -2.9420232024e-05 7.1416428023e-05 4.6374784099e-05 5.5045526900e-05 8.7954283026e-05 -3.6094111505e-05 -8.5823683728e-05 -3.2037018163e-05 -4.5209170117e-05 4.9162636373e-06
-1.7226673696e-06 -2.5377392555e-05 -6.2306605903e-05 -3.8572779990e-05 1.0178875427e-05 1.3972511662e-05 1.7960800070e-05 1.7951107242e-05 6.7990648146e-05 5.3589111883e-05 -5.2997323859e-06 6.9824066742e-05 1.3841822237e-06 -5.8262156851e-05 -3.8692570307e-05 4.4800594500e-05 -8.8895100427e-06 -1.1599350618e-05 1.0038932062e-04 6.3858069698e-05 2.0320217806e-05 1.0336641562e-04 -6.9429468301e-05 6.7983890989e-05 7.5787048885e-05 -1.6782788826e-05 -8.4951286199e-05 -8.5241081779e-05 2.6390890279e-05 6.0304658335e-06 1.8282221597e-05 1.4297910398e-05 1.8698733747e-05 1.2477883710e-05 -5.5478906398e-06 5.4319971617e-06 1.0361831199e-04 9.8969057092e-05 5.8005700970e-05 1.6692856830e-04 -2.4388300713e-05 -8.4032587992e-05 1.1574283294e-05 -6.4685679046e-05 2.7226979778e-06 -1.3216948454e-05 -1.1507362339e-04 8.7060398216e-05 1.1257866837e-05 -1.0945662896e-04 3.8550876442e-05 3.7090432461e-05 -5.4784220451e-05 -5.5858750106e-05
6.8161575019e-05 -4.2701810560e-05 -3.8954182667e-05 -7.1819828137e-05 2.7098061242e-05 -3.5093954374e-05 4.9064743594e-05 1.7049365613e-05 2.7860172683e-05 1.4109540209e-05 -2.0157386329e-05 -1.0156155998e-04 4.1196596126e-05 -8.6629137075e-05 9.0306192053e-05 -2.6709582238e-05 5.6753270180e-05 -4.3123273707e-05 -3.6648425255e-05 3.9517156233e-05 -3.4907099367e-05 -1.5827224743e-05 2.4746872089e-05 -8.6152237709e-06 -1.6713583054e-04 1.7876427935e-07 -7.2877026216e-06 -2.3887349769e-05 -4.5264771371e-05 -3.0364190943e-05 1.0569455874e-04 5.5686878701e-05 -8.0786051668e-05 1.4870339004e-04 -8.6054788884e-05 1.4070850614e-04 -9.2479679344e-05 -1.0852015166e-06 -1.5272686214e-04 -3.6160972182e-05 -5.4572875938e-05 -9.8820953484e-05 2.5146721981e-05 -6.6800323772e-05 -2.3334453500e-05 9.0040119934e-06 -2.0960321151e-05 3.6557085697e-05 7.7451135568e-06 8.3708894812e-05 -1.0283995560e-05 5.9709350431e-05 7.8931143462e-05 2.3069155245e-05
-1.5619246879e-05 4.5101360794e-05 -1.0740294614e-05 -4.2363040894e-05 1.2818676534e-05 2.6216140018e-05 3.8449010078e-05 -4.6411842520e-05 9.2600010280e-06 1.1439206948e-04 3.6679038616e-05 -5.3921925064e-05 8.2424235637e-05 5.1061561778e-05 2.9196816905e-05 3.9489170119e-05 1.9502041448e-05 1.1507700163e-04 -3.3051808190e-05 -3.9713163190e-05 8.8986379895e-05 2.4504121528e-05 1.8972206397e-06 6.2113903008e-05 -2.4257122213e-06 7.3578528154e-05 5.2446896129e-05 -4.8686512743e-05 7.5591433311e-05 -4.2076346634e-06 -8.7468302028e-05 -2.8299740130e-05 3.4893722906e-05 8.4390286772e-06 -2.4434808957e-05 -1.0384829871e-04 8.2429949961e-05 6.7044379461e-05 -7.0033628641e-05 3.9246929957e-05 1.6222370484e-05 -1.5840492561e-05 -7.6996031105e-05 1.4908090577e-05 -3.4912944786e-05 3.6866092995e-05 -8.3626670028e-05 9.3036204594e-05 1.0654724263e-04 3.7049215340e-05 1.7807901215e-05 -2.1478922015e-05 5.7340476482e-05 -8.9554510031e-05
4.0195645421e-05 1.1467193011e-04 -2.5386337074e-05 -6.1701792970e-05 -1.9566106658e-05 -1.5540235128e-05 -3.0527114162e-05 1.0815704981e-04 -1.3222662576e-04 -8.1724294656e-05 2.5472580041e-05 -4.2241067912e-06 -2.6637498538e-05 4.4231777497e-06 3.1701331795e-05 5.6894620411e-05 2.5635772954e-06 5.1393797882e-05 5.2529279792e-05 6.8231071825e-05 -7.2374650408e-05 -1.2618150179e-04 -1.0703420219e-04 5.0170422199e-05 3.3702820483e-05 2.2906764577e-05 3.6284592919e-05 6.1123301972e-05 5.3481697071e-06 6.2736078447e-05 -3.1334625342e-05 1.4980323431e-05 1.6600806054e-05 -1.4127561300e-05 -1.4373519034e-04 -1.2134259975e-04 -1.9132680841e-05 4.0675186099e-06 -1.0849322067e-04 2.6106700084e-05 -9.3614502357e-05 -1.8495104802e-05 -1.1587573120e-04 -3.3714089463e-05 -2.8243089434e-05 3.7786349722e-05 -9.4977348085e-06 2.4673498124e-05 9.3952816436e-05 -2.4769048045e-05 -8.0252526933e-05 6.8558749447e-05 -2.7154701748e-06 2.7060214131e-05
8.7625409267e-02 -4.1631489093e-02 5.7650754555e-02 -5.0676432504e-02 -2.5693097932e-02 3.4915277206e-02 5.1522069707e-02 5.6853633581e-03 -4.0801511275e-03 1.4057194395e-02 -2.9416726791e-02 2.5895352920e-04 3.0326983321e-02 4.0599942187e-02 6.4829682243e-02 -2.2721420872e-03 -4.0720977218e-02 -1.1846161208e-03 -1.3723543193e-02 -2.4507514469e-02 2.6745406435e-02 1.6665923830e-02 -3.7788067291e-02 -2.7355721126e-02 -3.5611984566e-02 3.7753382232e-02 2.1407844762e-02 -5.2065363514e-02 -8.9982723682e-02 -3.5051325189e-02 2.6004195176e-03 2.7131827910e-02 3.3875740054e-02 -4.4755828329e-02 -1.4935673383e-01 -1.8639952181e-02 5.0863863784e-02 -3.8680856439e-02 -3.5533833700e-02 1.3560643742e-02 1.1120165616e-02 -3.4823871041e-02 -8.2029988727e-03 7.6228446582e-02 -1.8406774176e-01 -2.9986543823e-02 -4.6765493772e-03 3.3027420763e-03 -2.4440983831e-02 -7.4811419727e-03 -7.7348529900e-02 -1.2555808047e-03 2.7363858230e-02 -2.2701648245e-03
-1.2793644110e-02 9.5240085829e-02 5.8817684981e-02 -1.7283335569e-02 -2.4002957153e-02 -3.9600168489e-02 5.1990511309e-02 -7.9234153375e-02 4.3448258591e-02 -5.0316335596e-02 1.2559065555e-02 -2.9877431519e-02 2.6153191094e-02 4.1942301998e-02 4.7603343914e-02 -3.5486617098e-02 -7.7034881349e-02 -3.5178960229e-02 -7.6939714646e-02 2.8489505377e-04 1.4657183656e-02 2.4082973295e-02 -2.4312905028e-02 1.9363323645e-02 -6.5219335155e-02 -3.9032521551e-02 -4.3083559466e-02 -3.1570693623e-02 1.8272438637e-02 4.6803374655e-02 2.0181479974e-02 -5.8442925944e-02 2.0157495031e-02 -2.1289606249e-02 1.9110534255e-02 -5.2099332308e-02 -5.2840918089e-02 3.5872469727e-02 -3.9269809713e-03 -2.4126635183e-02 6.3891242503e-03 -2.5548489832e-02 4.1970094374e-03 -3.3787273373e-02 6.0181284470e-02 -3.7448584267e-03 8.2610524671e-03 1.2664610311e-02 -3.8182724620e-02 2.1411223449e-02 2.2193771344e-02 -8.4526673418e-02 4.7326423240e-02 2.8678288475e-02
-5.5488260610e-05 -4.5275203677e-05 -2.4846163089e-05 5.0390729917e-05 -6.5404304727e-05 6.6949752111e-06 8.2770186503e-05 1.6878331130e-05 7.7782994166e-06 -1.9444744690e-05 7.5807814983e-05 6.7830265720e-05 4.2679552490e-05 -2.8144479202e-05 -3.5806782019e-05 3.9827870718e-06 6.9930735811e-05 -1.6357300497e-05 4.8841815052e-05 -4.8531054132e-06 -5.0794905509e-06 -4.7012947944e-05 4.3751811321e-05 3.1094132181e-05 7.8644573799e-06 -5.0586235987e-05 -6.3534554400e-05 3.8803012906e-05 -2.6322100248e-06 -7.3540392247e-06 8.8671702398e-05 -7.2614917470e-05 5.7538001981e-05 -9.4001985167e-06 -2.0592630032e-05 -7.5858503184e-07 8.5485048169e-05 -2.8806725680e-05 6.8004170294e-05 6.3253645369e-05 2.0689208202e-05 5.4331321527e-06 -3.0201992147e-05 -1.5312448856e-05 5.1998959028e-05 7.7194401066e-05 8.1182966699e-05 -1.3387926512e-05 -5.3632211423e-05 9.0455109357e-06 -1.9517288261e-05 9.3456286732e-06 -4.0200741649e-05 -9.6078029857e-05
5.0132306277e-02 2.1771398926e-02 -2.0256644040e-03 -9.2084776705e-03 4.8643142861e-02 -2.9065555462e-02 4.2738826831e-02 -7.5951277546e-02 6.2297522059e-02 1.1000509956e-02 4.7472935358e-02 -8.4122452814e-03 6.6233353869e-03 5.9064377405e-02 1.8979807137e-02 -1.6254427670e-02 1.2635507756e-02 -6.9995041737e-04 5.6566832066e-02 -5.5840216373e-02 -3.5277277049e-02 6.1707857676e-03 3.1246631433e-02 2.2906308221e-02 4.2174925916e-02 -6.7785450184e-02 9.2629959153e-02 -2.2279023765e-02 4.7434656598e-02 -3.0379034205e-02 -6.2007902692e-02 6.9410152879e-02 -1.0591182948e-02 2.3349519031e-02 1.6302454760e-01 -7.6312852883e-02 -1.0183288897e-02 6.2860012212e-02 -8.3588583806e-02 -7.8010074644e-02 7.6977138263e-02 -3.0581247518e-02 1.3294592769e-02 9.5655032639e-03 -7.4354931258e-03 -2.3162730064e-02 4.0400054171e-03 -4.2069814350e-02 -1.8663728384e-02 -4.9401045698e-02 -2.8691952362e-02 2.9867628732e-02 -1.4458113718e-02 -3.8077875490e-02
3.1335904536e-02 -8.8480453379e-02 2.7020827454e-02 8.6198223146e-02 -8.8474888152e-03 -1.7458481497e-02 -1.4345535768e-02 -6.5929448572e-03 2.7912473718e-02 2.3533465984e-02 -9.6930257192e-03 -5.5576161766e-02 -6.5502811521e-03 7.4598662455e-02 3.5789522464e-02 -1.3047315200e-02 6.2016603821e-02 -1.3467502953e-02 -1.0549579201e-02 -7.2303924525e-02 -3.2468915182e-02 -6.3712241455e-02 5.3053508543e-02 -5.4636542479e-02 -1.0151488634e-03 -1.3394773149e-02 1.0495423760e-02 -5.5351969915e-02 -7.6333973449e-02 -2.5696747378e-02 5.1492269652e-02 7.5490397795e-02 2.3606121469e-02 -8.0394595108e-02 5.3112501467e-04 3.7184624994e-02 6.4621347905e-02 -1.0411172571e-01 1.0272248638e-03 -2.5871426366e-02 -5.7735625318e-02 -4.9510476218e-02 3.5664602001e-02 -1.0089836752e-03 2.4646188456e-02 -1.7508189031e-02 1.6865224914e-03 2.2414564129e-02 -5.8397991460e-02 5.9032162548e-02 3.9675327953e-02 2.7865212496e-02 -1.6184303724e-03 -5.1549664920e-03
-3.4088248381e-02 -4.7735853290e-02 3.9652397341e-02 -9.0993268851e-02 1.1003642002e-02 5.6071237084e-02 3.6491504149e-02 2.5933873175e-02 6.5657550426e-02 -6.5551797086e-02 -5.2977879102e-02 -2.5501568884e-02 3.2869406162e-02 -9.1333747479e-02 1.2786377888e-02 1.7433197227e-02 -8.7894221179e-03 -7.3652901271e-02 -2.5500372210e-02 -2.8908882200e-02 -1.7526232749e-02 -4.2777194850e-02 -2.6502821498e-02 1.6518364332e-03 -6.6338695486e-02 4.9990689814e-02 1.2575239765e-02 4.0207141308e-02 -5.3255072198e-02 -3.8684667980e-02 7.3172226182e-03 -3.8440495022e-02 -3.8075837554e-02 2.4414923961e-02 5.9929847984e-02 4.8999145227e-03 -5.3768036611e-03 1.8548232780e-02 -2.3312116469e-02 -4.5321242241e-02 -4.6720188186e-02 -3.8572093726e-02 -3.4150329044e-02 3.8633464718e-03 3.0253566427e-02 -2.1768184662e-02 3.6293945458e-02 1.9363492596e-02 1.5379141427e-02 -7.6608128582e-02 2.4469402582e-02 8.7643141530e-04 2.0349798291e-02 7.3319222027e-02
-7.1544251971e-05 -5.9673443400e-05 -1.1205897970e-04 -7.6072155637e-05 8.2265846892e-07 -6.7444921210e-05 -2.1293136004e-05 8.5047622508e-05 -8.5704078512e-05 1.5244268969e-05 7.2406516692e-06 -4.6227073829e-05 3.7029594209e-05 -1.8528325072e-05 -6.2454677171e-05 5.2729252445e-05 -1.1538196880e-05 3.8059005870e-05 3.2888847897e-05 1.1209361087e-05 -1.1722983476e-04 -5.3047864733e-05 -5.5407625510e-06 1.7265291138e-05 -9.4480425677e-05 -2.7444583774e-05 -7.2158716305e-06 8.6974671750e-05 3.8182075328e-05 -6.6637951334e-05 4.5436410185e-05 6.1757627400e-05 -7.8873634613e-06 -4.6510171639e-06 5.8583943619e-05 -9.6572090664e-05 -3.8047494373e-05 2.9716639080e-05 -9.3793005048e-05 -8.9465182299e-05 1.0066038118e-04 8.0043304268e-05 2.1837827739e-05 2.6772806830e-05 3.1879642708e-05 4.5738622004e-07 7.0180172939e-05 9.6047078277e-05 5.4594722578e-05 4.8341475415e-05 2.8215079787e-05 -5.8377240879e-05 2.3797953676e-05 3.9646523029e-05
-8.6957541266e-05 1.4042807102e-05 -3.0606699175e-05 -8.1529488781e-05 7.0832495502e-05 -4.0728421296e-05 7.1267579817e-05 -1.5424877295e-05 -6.8694144798e-05 8.3956009669e-05 2.6103823464e-06 1.0792649075e-05 8.6689934029e-06 1.0175731099e-04 2.9312052850e-05 -2.0218275675e-05 6.1105937839e-05 1.6575741590e-05 -1.3556230926e-04 -7.0817055352e-05 3.3448096664e-06 5.5629130020e-05 1.7444221421e-05 -2.9354580334e-05 2.1961752904e-04 5.1119431841e-05 -8.1403173189e-05 3.5917569332e-05 1.9065067562e-05 3.1204654273e-05 2.7476457723e-06 3.3564935037e-05 9.7770963796e-05 5.9474496225e-05 2.2904159654e-05 3.5884516075e-05 2.9231978208e-05 4.9078879093e-05 2.1344353843e-05 -6.2935224980e-06 1.6846595454e-05 -1.5460429440e-05 -2.0852407086e-05 7.1449481825e-05 -7.9381510528e-05 1.3100356979e-04 5.2611029699e-05 1.7937474039e-05 -1.0724857243e-04 1.8670255910e-05 -7.3243309768e-05 1.2991956480e-05 1.6985550811e-05 -6.1703589139e-06
-9.1857153086e-03 4.3853883479e-03 -4.7260129008e-03 -3.3857469486e-02 -3.3066896026e-02 6.8087373986e-02 -2.9976728941e-02 7.0886598444e-02 -1.7857415864e-02 8.1968913917e-02 -7.6936788564e-03 -3.9581048903e-02 6.8359002936e-03 8.0084752237e-02 -5.2122150136e-02 -2.0520067607e-02 -4.4699162692e-02 -6.4992689107e-02 -1.8421793272e-02 5.0515306115e-02 1.9999278714e-02 -1.1397164948e-01 8.7000091221e-02 -2.5397107018e-02 1.5579752591e-02 7.2465004856e-03 1.0054333432e-02 -1.2174066529e-02 5.5074433885e-03 1.8967633699e-02 4.5477004340e-02 -1.5499042312e-02 1.1292956131e-01 -3.7836738323e-02 2.0961511086e-02 -2.2227493612e-02 -2.8741843346e-02 -1.5317101654e-02 -3.1993875454e-02 -6.4775396349e-02 1.5666453824e-02 7.7237748120e-02 1.9700115011e-02 -3.5655101773e-03 -3.1423479033e-02 2.7607820818e-02 7.9253340396e-03 7.6213190366e-04 3.1332744234e-02 -3.8730883262e-02 -2.9313165074e-02 -7.2091035173e-02 1.9160987601e-02 -9.8876831745e-04
3.2540883250e-06 3.4086105184e-05 -8.7162212563e-05 1.7036510728e-05 4.5303375157e-05 7.1172903090e-06 -7.7349893255e-06 1.9443635309e-05 -1.3335908432e-05 5.2685762174e-05 -3.9497261693e-05 -4.3279682410e-05 1.1997602112e-05 4.6501013796e-05 9.8914377164e-05 2.9186051860e-05 -1.7532174610e-06 -1.4913452279e-05 3.7723485378e-05 -4.6474909008e-05 -1.8773088325e-05 2.2906750199e-04 8.2327074256e-05 3.4529301789e-05 4.3782798751e-05 7.5039132221e-06 -9.5120417120e-05 -3.2878995536e-06 -3.3931913208e-05 1.4702864580e-04 3.0509924890e-05 -2.3254494425e-05 4.7607078458e-05 -2.7554292994e-05 2.7032209473e-05 -5.5281657301e-05 5.6347949696e-05 3.1547553642e-05 7.3619270235e-05 2.8775359475e-05 -4.0320832581e-05 1.3784041627e-05 -3.5173245559e-05 -1.3293442291e-04 -4.5561038117e-05 -6.7442895545e-05 -4.9563859777e-05 -5.9597095001e-05 1.1970767725e-05 1.3965931764e-05 3.3823156489e-05 1.3017001413e-04 -8.0251719457e-05 -6.3652666170e-05
7.4817473875e-03 5.0613108697e-03 1.8656024598e-03 -3.6710461249e-02 6.0537676405e-02 6.2247070266e-02 3.4472578876e-02 -1.0590416040e-01 -4.8226982803e-02 1.6434695538e-04 1.0656275275e-02 7.0516161860e-02 -4.3130302796e-03 5.6533670194e-02 5.9012815283e-02 -2.5815743387e-02 1.5698345064e-02 2.3204313781e-02 1.2000476289e-02 2.7497553437e-02 3.8414397576e-02 9.4169228482e-02 -7.9337668259e-02 -4.6326149562e-02 -9.3142285753e-04 -5.4577857331e-02 -1.7923558345e-02 -3.0257072720e-02 -6.2502518552e-02 1.7786366412e-02 2.9440183971e-02 2.5496361230e-02 7.2750999268e-03 1.0755188136e-02 1.1842331970e-01 6.7379806003e-02 8.1901865155e-02 -1.0929655266e-01 2.8335145874e-02 -1.9287219552e-02 2.8621693287e-03 -1.2327403283e-04 -8.5967034237e-02 3.7778021095e-02 4.3241453331e-02 -2.0841392128e-02 2.1842089464e-02 -2.2602290694e-02 1.0573828164e-02 -1.1257934872e-02 4.5577629864e-02 -7.3449026287e-02 -2.7491764677e-02 -4.8591233143e-03
1.3779224085e-02 1.1091307944e-02 4.6746440212e-02 -1.9444774038e-01 -7.8605439920e-02 2.4627605939e-02 1.7269729090e-02 -4.6368421589e-02 -9.8497021247e-03 -5.5126190539e-02 9.4349946101e-03 1.2027669307e-02 -3.9747641045e-02 -1.1618556088e-02 -6.2497588225e-02 -4.7457207065e-02 -8.3054655494e-03 -1.6014654354e-02 3.1198648586e-02 -1.3863691257e-02 -2.7506890753e-02 -4.8013410770e-02 1.4312207420e-03 -4.9826335188e-02 -1.7880144373e-03 5.6702230097e-02 1.2707328162e-03 -3.0883869996e-02 -6.5735310875e-02 -6.6543997676e-03 2.4449131345e-02 -9.9869685424e-02 7.1197726028e-02 4.0213196553e-02 9.8589586076e-02 1.4931091383e-02 3.2467011238e-03 6.9044957692e-02 -1.7141226573e-03 -2.7997583573e-02 -3.4795262835e-02 1.4855332371e-02 8.4623968625e-02 3.0956531794e-02 9.3224784510e-02 1.1542788764e-01 6.3594350227e-02 4.8754719632e-04 -1.0544747562e-01 -2.0030406403e-02 5.4331610142e-02 -6.3926533447e-02 1.0041930432e-02 -3.7493508700e-02
6.6768654156e-03 4.1995207884e-02 -2.1856346179e-02 -9.8463142577e-02 7.3548210063e-03 5.1796588074e-02 -5.0189755171e-02 -4.4455056189e-02 -6.2959161666e-03 -3.5030023967e-03 -3.7336620512e-02 -2.6807752952e-02 -4.8833481816e-02 4.9493590021e-02 -1.1192798876e-02 -4.2747725202e-02 9.1357267025e-02 -4.3190237641e-03 -3.1451115113e-02 1.6847156185e-02 -4.6844859275e-02 4.3458141758e-02 2.9447101941e-03 -2.9754334435e-02 -2.1200665390e-03 8.6613415952e-02 -2.7816622333e-02 -4.9136912300e-02 -2.3207200705e-02 -4.1927511572e-02 -5.5790883859e-02 3.9122909060e-02 -3.9380974578e-03 3.1676605564e-02 -1.0176852205e-01 4.9970777306e-02 -1.1097724086e-02 1.6869137268e-01 -2.3708507184e-02 5.4631162828e-03 3.7295002119e-02 -4.9178476869e-02 -4.6086975428e-02 -1.5834963018e-03 9.9015202008e-03 -3.3154934506e-02 1.3247480345e-02 5.7080233502e-02 9.7551033703e-03 7.3227599199e-02 -3.8021565604e-02 3.4717304269e-02 1.2278054286e-02 -4.9249946198e-02
-7.2190254738e-02 5.2242180686e-02 -4.2653790613e-03 -4.2695792632e-02 -3.6493683747e-03 -6.4404348827e-03 3.1355522263e-02 1.5327089013e-01 2.5926650076e-02 4.7120178674e-03 7.3184759372e-02 -6.0325490772e-02 -4.4094955101e-02 -3.5626882998e-02 1.3240884634e-02 -7.1362183808e-02 3.8606391124e-02 6.8630343809e-02 1.1890376915e-02 -9.2173869168e-03 2.7024841368e-02 -2.0803156452e-03 -5.4182012710e-02 -6.3912286088e-03 3.2553827905e-02 6.1381557127e-02 1.0651985872e-01 -3.4987893812e-02 -4.6865042120e-02 -5.9663856126e-03 6.6886043249e-02 2.6487178498e-02 3.3821084585e-03 -3.1563201934e-02 1.1648736643e-01 -3.2932011344e-02 2.5748571556e-02 -1.6736421231e-02 2.9421765540e-02 6.8257147813e-02 -4.5445564593e-02 2.5722853548e-02 -2.9508151696e-02 3.6267797439e-02 -4.1527215435e-02 1.6508446192e-04 2.1215125086e-02 -6.6794808568e-02 -3.5515086805e-02 7.6005794800e-03 -5.2749695774e-02 1.5346341618e-03 8.1958197024e-03 3.6630948828e-02
1.3323587332e-04 3.4158439877e-05 -4.8318068631e-05 8.0467581219e-05 -4.2797706238e-05 5.4439806524e-05 1.9798810957e-05 4.4887743721e-05 -5.5736880722e-05 -2.2494892185e-05 1.5848676117e-05 -3.6716681774e-06 1.5834624737e-06 -2.8576034995e-05 2.0690205335e-05 9.8130396728e-05 5.1504066768e-05 -4.2583769545e-05 6.7021652341e-06 -9.2148992091e-05 1.7804479723e-05 -3.3475221971e-06 -5.6802189138e-05 -8.3575310363e-05 5.0984800832e-05 7.6285055771e-06 1.2901899120e-05 8.8907391427e-06 1.0028344078e-04 2.6052489823e-05 -7.2590559499e-05 -3.4457088583e-05 1.0535293684e-04 -1.3753580285e-04 7.6649936905e-05 4.6994290122e-05 -4.6882683689e-05 -7.5158440837e-05 4.8714344914e-05 2.3091442628e-05 4.2419582583e-06 1.2583163679e-05 -7.3257124737e-05 -8.1003368117e-06 1.7349451434e-05 5.4968896777e-05 -7.9130804840e-05 4.0100623901e-05 -1.9741053405e-05 -1.5052236782e-04 -3.0762322050e-05 9.4060976298e-05 -7.0441885244e-05 -1.0130965497e-05
9.1559059401e-03 -9.3592783898e-03 6.1642239302e-02 -3.3296726386e-02 -2.0932334589e-02 5.5409593900e-02 3.0138293200e-02 -8.3213489354e-02 3.8451601238e-02 7.2708784739e-02 -4.2356788697e-03 -4.5922352215e-04 3.3886715875e-02 -7.4744647795e-02 1.2803250942e-02 3.8382522621e-02 -6.4046355052e-03 1.4550955568e-02 4.3991762359e-02 -8.4764357925e-02 4.8869977884e-02 4.3542956073e-02 -3.7557069072e-02 -4.4911140367e-02 4.9575731281e-02 -3.7411999626e-02 -5.5942273137e-02 1.8109357383e-02 -1.5671463354e-02 9.5553627981e-02 -5.6431714840e-03 1.6525813919e-03 2.0994541683e-02 -1.1311035168e-01 -3.2578786231e-03 1.5314726295e-02 -3.1387227983e-02 9.8342174028e-02 5.9788134153e-03 -3.3018602518e-03 9.2942733834e-03 4.6258226767e-02 -8.8058859812e-03 8.2194985425e-02 -6.2174649152e-02 -7.5715782915e-03 -8.1106898397e-03 -4.4097562011e-02 7.7834173009e-02 5.2331542627e-02 -1.5863570316e-02 -1.9967785411e-04 1.3532448149e-02 -1.9845826463e-04
1.1287825385e-04 1.9801337195e-05 -2.1135570725e-05 8.3645959051e-05 -5.6865722325e-05 -5.1302849778e-05 9.0463072739e-05 -5.4442079543e-06 4.4259057060e-05 1.4290214581e-05 6.2005566407e-05 -6.9409068013e-05 -4.5283614008e-05 -8.7843043843e-06 -1.7712596118e-05 -1.3049101445e-04 8.4958879110e-06 3.1909196326e-05 -3.8659494866e-05 -3.2906521558e-05 5.2265922163e-05 -1.0272860328e-04 -7.3138128065e-05 2.9960989255e-05 -4.5931576107e-05 9.2305474102e-06 8.3694571793e-06 -3.0690435228e-05 -1.5461047174e-05 -1.1879489788e-05 3.4548981926e-05 -9.1868463940e-05 -4.1903997598e-05 -4.0460291429e-05 1.0811032013e-04 -6.4705748435e-05 1.1939242765e-04 8.7667354915e-06 -3.4156151289e-05 -8.2791189314e-05 -5.7880798598e-05 4.5850762014e-05 2.3358024669e-05 3.0557856692e-05 2.9864624961e-05 9.5681027148e-05 -6.9322633871e-05 3.1782277238e-05 5.9973937251e-07 3.1603898534e-05 -2.5918035046e-05 5.3428613666e-06 5.9600455147e-05 -3.3280054738e-05
3.0586126817e-02 4.3786693043e-02 -2.0243067201e-02 3.3395559649e-02 2.9691289476e-03 -1.8400390494e-03 -1.0769670883e-02 3.6362677228e-02 -3.1933592888e-02 -5.0129264706e-02 1.3617048651e-02 1.1154213306e-02 -2.4284941510e-02 4.8096566656e-02 4.0998388262e-03 2.0690545945e-02 -3.1021401988e-02 -3.3452303102e-02 1.8423586936e-02 3.9642192581e-02 2.2831769387e-02 9.0715633826e-02 -6.7961131240e-02 -3.8568441632e-03 -1.5096538691e-02 7.6301988501e-04 5.7927033349e-03 4.0956794213e-02 -3.7878862125e-02 -1.1652761513e-02 2.0542374353e-02 -1.5088515507e-01 -8.8998724994e-02 6.2886896348e-02 1.7840868267e-02 3.1454721385e-02 5.0322843043e-02 2.9760834785e-02 1.3921787011e-02 -2.3616975687e-02 -2.2997008977e-02 -3.8605189552e-03 -9.0707806659e-02 -1.4806590746e-01 -4.2672899382e-02 8.0727189895e-02 -1.9142551805e-01 -8.1999876666e-03 -2.0089770635e-02 1.6623024471e-02 6.3235513098e-02 -1.0024946076e-01 6.4977230800e-02 -1.8090390336e-02
5.4439479337e-02 -3.2176323872e-02 2.8469820665e-04 4.7867656640e-02 1.7458696712e-02 -3.3571519079e-02 -2.5745696467e-02 -2.9546943878e-02 -1.4835366629e-02 -2.0320657929e-01 1.4880949744e-01 9.8403620123e-03 5.7270237199e-02 -9.4174661085e-03 4.7206788984e-02 1.9868396771e-02 -2.2905919295e-02 3.2892933917e-02 -1.8491077837e-03 -6.1680637941e-03 1.7438951270e-02 2.5038684684e-02 1.1237566148e-01 -3.7555850000e-02 2.2408611810e-02 3.7665487872e-02 -2.0704539449e-03 -6.6816198541e-03 2.3317876846e-02 -1.9172334321e-02 9.8440836717e-03 -7.3279446937e-02 -3.6975506508e-02 1.6614309186e-02 1.2506916322e-01 4.9965842710e-03 6.1554985819e-03 7.2760428801e-03 1.3759925179e-02 -4.1600633908e-02 -4.1886949737e-02 -3.0682343344e-02 -5.9265144325e-02 2.2962917068e-02 2.1696532898e-01 -6.3446326863e-02 -6.9418143750e-03 -1.3675367385e-02 -2.6894543390e-02 6.7739480704e-03 -2.5902854777e-02 1.7481670480e-02 -2.9423787891e-02 5.0385145544e-02
6.2329262378e-02 5.9442066514e-02 -8.0339156250e-03 -7.3835021926e-02 -1.6872701696e-02 -1.9180235882e-02 -1.2202928854e-01 6.3590203009e-03 -3.1546907091e-02 2.4444385848e-02 5.9626537669e-02 -1.6447264494e-02 -2.0292420188e-02 -1.9610693372e-02 7.3274301287e-02 7.8649112145e-02 2.0641886732e-02 -1.8901442975e-02 -2.6669765410e-02 2.5809733116e-02 1.6165678342e-02 -4.3885919469e-02 2.9019287652e-02 -1.7582534058e-02 4.5136070710e-03 1.5328638159e-02 -6.4824516835e-02 -5.8359727953e-03 1.2103572276e-02 -1.9459031026e-02 7.6433468183e-02 1.4535048009e-02 -1.2614877671e-02 -1.2196467917e-02 -6.1474008523e-02 5.5910401722e-03 -1.9516482757e-02 -1.2295799308e-02 4.7088869908e-02 7.3024200589e-02 1.4828158598e-02 -4.0703098303e-02 3.6120705772e-02 -2.4064652253e-02 1.1794407944e-02 -6.0417580789e-02 -7.2913269048e-02 -3.5324038952e-02 8.5674636446e-03 -1.3973501025e-02 -1.6446320703e-02 -3.5738154083e-02 3.7564255441e-02 1.7952549817e-03
9.8697682318e-04 1.1265725855e-02 3.2313863981e-02 -5.1335292762e-02 -5.9286474945e-02 -4.2607709350e-03 2.4678736630e-02 -7.9174654232e-02 -2.0497452453e-02 -5.1528629276e-02 -4.2208090505e-02 1.5558362393e-02 -1.3597693623e-02 -1.0135370147e-02 4.4569480124e-02 -1.1881609111e-03 1.7012685419e-02 -8.2374771003e-03 -1.2338036514e-02 7.1703871252e-02 2.8925753381e-02 -2.7939121586e-02 5.6822070310e-04 1.8636034517e-02 4.2013456771e-03 4.1642487376e-02 -1.1320457267e-02 -8.1089036796e-03 1.6486118356e-02 1.5152942105e-02 1.8115978594e-02 2.0081872238e-02 4.2780061449e-02 -3.7405801309e-02 -2.2336623362e-03 3.9765633446e-02 8.2012152789e-02 -1.5813235717e-02 1.4155348403e-02 -1.4852498085e-02 3.3999723524e-02 -2.9357082743e-02 9.1457899074e-02 3.7691096941e-02 -8.3845372033e-03 3.9536267271e-02 2.6166760992e-02 7.6068779563e-02 3.5271185611e-02 -6.5684000486e-02 -5.4710375651e-02 6.7335895516e-02 -9.1427370714e-02 9.7868317186e-03
1.4616959904e-02 -4.0730134855e-02 1.9903196559e-02 5.9327946795e-02 3.6194350046e-02 6.0408199614e-02 -3.5436796744e-02 -1.2616463581e-02 -1.2479361118e-01 -3.3458241146e-02 7.7824081284e-03 -2.2807298351e-02 2.2139130501e-02 -4.1568217363e-02 2.8852455305e-03 3.1902987510e-02 1.5686027115e-02 -3.3538266332e-02 -9.4906775878e-02 -2.8044888596e-02 -2.1524927768e-02 -1.5587069967e-02 -2.2172555262e-02 -2.7687464879e-02 8.8806493745e-02 2.1802532610e-02 -1.3646012907e-02 3.0616159577e-02 3.3364164069e-02 2.7301280875e-02 2.7544100171e-02 4.4612522633e-02 1.0446158101e-02 2.6759530711e-02 7.0119272356e-03 -5.8089525970e-02 9.5425417335e-03 3.1106198801e-02 -1.1094547075e-02 -3.5481914748e-03 1.4109062570e-02 -4.5383674072e-03 -1.3663615023e-02 -4.6093207993e-02 -1.0338434592e-01 -3.8811783520e-02 1.2691314307e-01 -6.2080436038e-02 2.2067951219e-02 3.2231608825e-02 -5.8466537524e-03 6.2032449638e-02 2.4389167952e-04 2.5362867184e-02
-6.2026575262e-05 -7.1616381221e-05 3.2565048637e-05 3.6628317598e-05 -4.2171883257e-06 -2.0452220321e-05 -4.1122783244e-05 -1.7150854931e-05 -1.0497773773e-04 5.4143422746e-06 -9.1657202484e-05 -6.0275595542e-05 -7.9907933281e-05 -4.1028099606e-05 -6.7069427650e-05 -1.7871978192e-06 -6.9192812550e-05 -2.6513727676e-05 -5.8515576646e-05 -6.3424637056e-05 -3.0323385375e-05 -3.6701000329e-05 -6.1439522275e-05 6.5087089639e-06 -1.0649205271e-05 5.3992608388e-05 3.2858687607e-05 -4.9340047937e-07 6.9242901843e-05 -6.2359082975e-05 -1.0599861630e-04 2.2489368434e-05 7.6251803780e-05 3.4520990179e-05 5.3850656441e-05 4.2959620072e-05 3.1548325317e-06 -3.7309309830e-06 1.1056116796e-04 4.0887815925e-05 3.5012316389e-06 -1.9914409860e-05 -8.2418185139e-05 3.0020013969e-05 -1.2497816878e-05 6.8825070660e-06 8.0227805468e-07 -4.7976954372e-05 1.3070045635e-04 -4.3690349003e-05 -3.7660211669e-05 -8.5786505860e-05 5.5977284442e-05 -7.5981437358e-05
-5.7618188723e-05 5.4407800849e-05 2.5409106487e-05 -2.6152655848e-05 -1.3310754798e-05 -3.2210468106e-05 -1.2928000708e-05 1.6136114896e-04 8.8831108677e-06 5.2392923783e-05 -1.5705090393e-05 -4.2518906860e-05 6.3703092985e-05 7.3986557172e-05 -6.8680022421e-05 -1.9115364277e-05 -7.6040297920e-06 -1.0943075488e-04 4.4786724176e-05 -9.6349989530e-05 7.5994753736e-05 4.5546368421e-05 2.1856399888e-05 -1.7870424799e-05 -1.0891873255e-04 1.2394792612e-05 -1.3997050877e-05 -5.0669966418e-05 1.0419967518e-04 5.0451131921e-06 -2.5677829680e-05 2.5508507053e-05 -7.8378188626e-05 -4.4010926623e-05 -4.5293015047e-06 2.0353511613e-05 8.5174809546e-05 -4.6716662094e-06 9.8849226890e-05 -1.0842898330e-05 -1.9067748567e-05 1.9560932296e-05 -1.1176913441e-05 -1.1610649305e-05 -8.3663027019e-05 -4.9034125117e-05 -8.1643574729e-05 1.1102529213e-05 5.5821893212e-05 -1.8486378450e-05 -4.6587517313e-05 3.9696146605e-05 1.4084766183e-04 -1.1065387207e-05
3.1247872831e-03 -6.9030313450e-02 6.0134916550e-03 3.5524694463e-02 -7.3238590408e-02 5.8365615218e-03 5.1593256872e-02 -3.5052379085e-02 7.1013152376e-02 -2.9267559993e-02 1.1489207153e-02 -8.9292760153e-03 -4.5773699267e-02 -1.1134896979e-02 -3.3288312127e-03 7.5614002237e-02 5.7744276624e-04 -8.6560206630e-03 1.4570533218e-03 7.3010727228e-02 1.2606555378e-02 5.2112330674e-03 -6.5082538164e-02 -6.1930024916e-03 4.6680949577e-02 5.0463558245e-02 9.7225268878e-03 -3.9127580582e-02 6.8505904828e-02 -4.9832257989e-02 5.1220025038e-02 -7.7688822244e-03 2.8866477554e-03 2.5471745852e-02 -1.0517699279e-01 -7.0567051483e-02 1.6665493293e-02 7.0642103653e-02 2.5238210217e-02 -3.2497873222e-02 1.4703690906e-02 4.2213655627e-02 -6.2670270062e-02 -3.5086583844e-02 1.6762223349e-02 -3.4545408163e-02 -7.6861711655e-02 5.9556420116e-03 -4.2768762154e-03 5.8854789122e-02 5.5381964770e-03 -1.9732428448e-02 -9.0506943224e-02 -1.9908001119e-02
2.8069351580e-02 9.6979567073e-02 -1.6391828252e-02 -2.0946400312e-02 9.5924856074e-03 9.0330325054e-03 -8.3543275264e-02 -1.6878976647e-02 1.1065773949e-02 2.7406901988e-02 6.3765986778e-02 -3.1865548946e-02 1.7415846699e-03 6.4785799536e-02 -6.0968400965e-02 7.1352014236e-02 -5.4814629886e-03 -1.9986222234e-02 -1.2251149463e-02 -5.2397627337e-02 -9.8854819082e-02 -4.2686049148e-03 1.8772741460e-02 -1.3223678460e-02 6.6014384451e-02 -1.0856516464e-01 -1.1377709148e-02 1.2299430950e-02 6.2247749894e-02 9.5926400829e-02 -8.5604997680e-02 -2.2962775630e-01 3.3229912705e-02 9.4061723310e-02 1.0295043307e-01 -2.7918798994e-02 -4.4851386211e-02 1.2075885287e-01 5.0431374233e-02 7.2276415163e-02 6.7973877772e-02 2.4251035632e-03 8.4059676206e-03 -3.9051673394e-03 -1.5045257172e-02 4.5509928661e-02 3.1871524929e-02 7.4051796869e-02 3.6491416851e-02 2.6031370259e-02 -1.0793976568e-01 -2.6792113992e-02 -1.8324352129e-02 5.6827123069e-02
1.0042987645e-05 4.6177391493e-05 9.1338332094e-05 -4.3869408064e-05 2.8929457842e-05 -2.2663804174e-05 -1.3569864841e-04 3.7702434595e-05 6.8976376444e-05 1.4415780322e-04 1.2814203034e-05 5.7482825407e-06 7.2945837055e-05 -5.7051652998e-05 1.5513551314e-05 4.2523260665e-06 5.4281521592e-05 -2.5861705552e-05 -9.3814316332e-05 4.7587133928e-05 -4.3239667595e-05 -2.4569571172e-05 -1.3136997099e-05 -5.6121626426e-05 5.4145312107e-05 2.2078851095e-05 5.9457470235e-05 9.0540897014e-05 -6.7053020301e-05 -3.8604641506e-05 -2.4142028577e-05 -1.4027928199e-06 7.0176035269e-05 4.7417329333e-05 4.1075296924e-05 4.5280953954e-06 3.9514004688e-05 4.3487929161e-05 -3.8297951217e-05 3.1971963038e-05 -8.6966348797e-05 1.1086539299e-06 -1.3046841041e-05 -1.3103710872e-06 -4.0016239313e-05 8.0287554300e-05 4.3996255674e-05 -5.6521467995e-05 5.4022775668e-06 -1.8013591169e-05 3.7059527082e-05 9.1615050962e-05 1.2964789179e-04 1.5991447396e-05
-8.3782296724e-05 1.8615964396e-05 -2.4765821409e-05 8.8079678403e-05 -7.2494356752e-05 -1.9859001524e-05 1.1161382279e-05 1.9687650689e-05 6.3115296164e-06 1.4199585829e-05 3.8494453856e-05 -1.7928731340e-05 -6.1561439064e-06 -4.8889128765e-05 1.3214680254e-07 2.7770919549e-05 -7.0202712613e-05 -4.4152923184e-05 -2.2998982171e-05 7.2687772513e-06 -1.4045636876e-04 4.7919486699e-05 8.5346625384e-05 -6.0139920064e-05 5.0901381252e-05 -3.0646797270e-05 1.7889335634e-05 1.6383455575e-05 -5.8314101675e-05 1.9338968114e-05 8.2132865752e-05 -6.5629076226e-05 -3.8568490082e-05 2.2284724727e-05 2.2771020189e-05 -4.4671032683e-05 -8.0369967650e-05 -7.5043545861e-05 -1.1151123426e-04 1.3607441908e-05 -2.1429540386e-06 -1.5578267350e-05 8.6406552945e-05 -1.1220204104e-04 5.7362864021e-06 5.1529089919e-05 2.3722420183e-05 -1.0012444227e-05 6.7104850497e-05 -5.7476719646e-05 6.2827610988e-05 -4.2139023756e-05 -1.6863214180e-04 1.1178658183e-06
-3.2571372486e-06 -8.7244917835e-05 -9.2301641094e-05 -1.2142312620e-04 4.3063981895e-05 5.1001366247e-05 7.2372674496e-05 7.1115492522e-05 6.6160730247e-06 5.1890029321e-05 1.8120275941e-05 -4.0134249660e-05 2.3719514271e-05 -2.2456066064e-05 3.2661491433e-05 6.8118577965e-05 4.4869993786e-05 -7.4253899055e-06 -2.7753166208e-06 -2.9456946627e-05 -5.6608429898e-05 -9.4259295483e-06 6.4377967670e-05 5.4492066740e-05 -3.9670698812e-05 -3.9095152750e-05 -1.9404037911e-05 5.2616442859e-05 4.3969607884e-05 2.0196499374e-05 -4.4271349813e-06 -3.8063774500e-05 -4.2849199194e-05 3.5983078220e-05 -1.1028314375e-04 -2.3777673438e-05 2.9604891718e-06 3.4169155844e-05 5.2012444696e-05 -4.7447668727e-05 -8.3429250714e-06 -3.4508073672e-05 -4.9133405357e-05 -4.5505577642e-05 1.2296836285e-04 9.4064471075e-05 4.5420428932e-05 -1.7512356444e-05 -5.4402182318e-05 -5.1229263666e-05 7.3202711841e-05 -4.0900458800e-05 1.5314387229e-05 -1.6592153733e-05
-2.0251000556e-02 3.7547072127e-03 2.1471885511e-02 1.9315317011e-02 -5.2505667060e-02 -7.5230109556e-02 6.8815940590e-02 -2.0281831515e-02 -3.0734720749e-02 1.8713853058e-02 -1.3555166463e-02 -5.8989532760e-02 -3.3604082721e-02 -1.9575454975e-02 1.7040856465e-02 5.8477280602e-03 1.9184278522e-03 4.5807960056e-02 -8.4870364771e-02 -8.3968474315e-02 -6.3797277370e-02 4.9675128448e-04 -4.5441592859e-02 2.3161164691e-02 4.8589306005e-02 2.9428941265e-02 -8.5063017315e-02 -4.9338501683e-03 -8.7466831827e-02 2.0703857774e-02 -2.5321855912e-02 -9.0055897034e-03 5.8756329440e-02 1.7532685935e-02 5.3099531731e-03 1.7326998783e-02 3.8474058109e-02 2.8170346032e-02 -4.6271006066e-02 3.7800348962e-02 2.1957545429e-02 -2.1010206843e-03 1.1163859887e-02 3.6067664284e-02 8.0223244427e-02 2.1523773887e-03 3.5116734119e-02 -1.1809647056e-02 1.5458118471e-02 -4.0349155595e-04 -2.3215374265e-02 -4.2948067911e-02 6.3628096397e-02 -9.3584548182e-03
3.8370186638e-02 -6.0804626775e-02 -2.9402684513e-02 -3.0344758518e-02 -2.5562027141e-02 -2.0333198839e-02 4.3807691655e-02 1.8678916928e-02 -1.4314719330e-02 2.5548831485e-02 1.8584717485e-02 2.9933691337e-02 -3.0903640382e-02 -4.4609039982e-02 -5.1609871644e-03 -1.3388043645e-02 -4.8051253579e-02 -3.1350748452e-02 4.3249527969e-02 -5.8449750806e-02 -4.3866237369e-02 5.0858891498e-02 5.2480827032e-02 -9.9442898090e-02 -6.5196049690e-02 3.5206303234e-02 2.1862378361e-03 3.6827910138e-02 4.9057264016e-02 -3.5471778994e-02 -3.8600106951e-02 6.3009028699e-02 4.7470194848e-03 -4.9870433803e-02 1.9274170921e-02 5.5965384331e-03 4.4663801320e-02 9.4608351587e-02 6.3549885317e-02 -6.4626429329e-03 -4.2773703388e-02 -8.1792222004e-03 -3.4598931674e-02 -2.6673306584e-02 3.5435504650e-02 -2.3857063583e-02 7.1222462507e-02 3.8805434557e-03 -3.6494713547e-03 -2.1732980846e-02 -3.1340214916e-02 -3.2801853312e-02 4.4863189806e-02 -1.0563711693e-01
5.5909375581e-03 -2.6460974918e-02 5.2476616524e-02 2.9524692759e-03 4.9729018195e-02 3.8486514536e-02 -3.9845217283e-02 3.5772164819e-02 2.4190505844e-02 -3.1643242048e-03 2.1531554033e-03 2.3364921809e-02 3.1276927108e-02 -1.1564764361e-01 -6.0442604469e-02 -6.3197383008e-03 -5.0403707589e-02 -2.8023339976e-02 -2.3518873221e-02 -2.3440881001e-02 -1.3103715159e-02 -9.4119051957e-02 3.3234496326e-02 -3.0143158206e-02 5.1257973898e-02 -9.8987227998e-02 -4.0260949596e-02 3.3913064729e-02 -5.4342196017e-02 -5.3591458418e-02 -7.0987783497e-02 -1.6772089165e-01 -5.5039476003e-02 -1.3028579948e-01 1.4948702307e-02 5.8862056838e-03 1.0619511719e-01 1.4870205666e-03 -9.8066077407e-03 -6.7997783775e-02 -2.8824696776e-02 1.5040414042e-02 1.8013289011e-02 5.4103758119e-03 4.2595008443e-02 5.6979731491e-02 -5.6515946668e-02 -1.0069337537e-02 -3.3709868316e-02 1.6089939540e-01 2.4930434887e-02 -9.9040278414e-03 3.5063278157e-02 5.7456183415e-02
-4.1669977398e-02 -5.9723041635e-03 -3.6205701542e-02 6.2576233534e-02 -3.0367844571e-02 -1.3604309406e-02 -4.2130777441e-04 1.9320882613e-02 -4.4862846630e-02 5.6157186755e-02 -2.1111559082e-02 2.5169047576e-02 -2.5915869284e-02 -1.0573158100e-01 6.5922701829e-02 -4.4242621707e-02 2.3779052564e-02 1.3063473497e-02 3.2478352911e-02 1.3226945380e-02 1.6981802685e-02 -3.7747180892e-02 -2.3891925957e-02 -1.3403528570e-01 1.7460033079e-02 -1.2829827540e-02 3.8243991515e-02 1.9449212933e-02 4.5121341641e-02 -1.0835580056e-02 -1.3419408909e-01 -1.2443682259e-01 2.1354273185e-01 -5.5796216023e-02 4.0209085584e-02 1.7900801279e-02 -4.7706259560e-02 1.6137756164e-02 3.3257906662e-03 8.7296461046e-02 -7.6961141580e-03 -1.5197305943e-02 4.1856074700e-03 2.0247010059e-02 9.4245679341e-02 4.8129755875e-04 -5.5371788786e-02 3.9073303809e-03 -4.9649738170e-02 9.5126415406e-02 -1.5791412475e-02 3.5960976193e-03 -8.2114729229e-02 -9.3701505549e-02
4.5664433552e-06 -8.5736092884e-05 -7.6686089847e-05 1.7073529958e-04 -8.6112390983e-06 1.6932554520e-04 9.5924886442e-06 3.0052357265e-05 -5.9622627309e-05 -3.2166690200e-05 1.2006745043e-04 5.3739764484e-05 4.7416864391e-06 -1.2622293087e-05 -4.2259801302e-05 6.8684312272e-05 1.6538249747e-05 1.1476842176e-05 -1.2260444213e-04 -2.4089394600e-06 8.4125297729e-05 -8.3484168365e-05 3.4832010481e-05 4.7770077747e-06 -1.8181204266e-06 -6.3193322729e-05 -2.6505180366e-06 2.0589782353e-05 -3.1328100613e-05 1.7078628219e-05 -4.4081189049e-05 6.5216673098e-06 1.0034363387e-04 -9.0324521431e-05 2.8924109030e-05 -4.0930672777e-05 -1.3072065219e-05 1.1140522558e-05 1.1000541608e-05 -9.3161153388e-06 -8.8838666008e-05 8.0993936468e-05 5.8080281413e-05 -3.0574043859e-05 -2.0142518694e-05 -5.4821665581e-05 1.3809981495e-04 7.8115014709e-05 -1.5134589079e-05 1.4189355947e-06 4.2513636879e-05 -7.7892237030e-05 -1.1962646754e-05 1.8026575805e-05
3.4562657516e-05 6.5956563905e-05 1.1392537185e-05 5.1547611698e-05 3.4984180854e-05 3.6810593879e-05 -3.6758411397e-05 -3.0374780168e-05 5.3615067043e-05 -4.7855677797e-05 2.1244324228e-05 -1.3635523743e-05 -1.3045319475e-04 4.9004317310e-05 7.3698951941e-05 -6.8620714839e-05 -3.6477079183e-05 8.2382190178e-05 5.4025806600e-05 2.8093644083e-05 -3.3928465815e-06 -2.0256360441e-05 7.8880420672e-05 3.7258834622e-05 -7.2851867971e-06 -3.0116339271e-05 1.7283144744e-05 -3.8224059806e-05 8.3929285645e-05 7.7352113100e-05 2.4269090470e-05 -1.0999601913e-05 -9.8267096291e-05 -2.9152304783e-05 8.2732235344e-05 1.4194999153e-05 4.1751737796e-05 5.5663779198e-05 -6.3375818598e-05 2.5050612150e-05 -7.0782440510e-06 3.6082211514e-05 1.0372908676e-04 3.8562128262e-06 6.7047730781e-05 4.0533318981e-05 -1.2568811119e-04 -3.9106300927e-05 1.1629727760e-05 2.1552230532e-05 -1.6806061527e-05 5.8621407297e-05 -6.9619213043e-06 7.2054113130e-05
7.3805503250e-02 7.7387331500e-03 -1.2812007118e-02 8.2960175968e-03 1.0713236017e-02 -7.1223313953e-02 -2.6397552829e-02 1.6417798102e-01 2.1232300391e-02 2.6721513100e-05 -4.7289387678e-02 9.4046381820e-02 -2.7290161043e-02 2.9870044466e-03 -8.2113474108e-02 2.6247586775e-02 -9.7391416469e-04 6.6661525499e-03 1.3754512465e-02 1.7098553823e-03 1.6722186992e-02 -2.8766447431e-02 -7.6498900709e-02 3.4894992453e-02 -3.2747763096e-02 1.5571085881e-02 5.6000105528e-02 -3.4895708759e-02 -1.4307518391e-02 5.9536685753e-02 -7.8356583904e-03 1.0092651139e-01 3.1059649382e-02 -5.1594274338e-02 -1.4799384253e-03 2.9240598626e-02 -1.6612407338e-02 2.5684461254e-02 -1.1011527467e-02 1.8432615591e-02 -4.1928491917e-03 -2.3252764514e-02 -1.8984381105e-02 2.6494292664e-02 -1.0140709325e-01 2.8399926710e-02 3.1601492123e-02 2.8884650168e-02 3.9100797687e-02 1.7735211287e-02 2.8117358175e-02 3.2129413473e-02 1.2022882483e-02 -3.2716209478e-03
-1.5588053813e-02 -1.3863079935e-02 -9.1197334673e-03 -6.2362608724e-03 -8.5178137496e-02 -3.4344144242e-02 3.2085612758e-02 7.4775990877e-03 -3.0541455519e-02 3.2365430321e-02 -3.3417501623e-02 1.1403294239e-02 1.3476651064e-02 -6.8194776188e-03 -1.2385807426e-01 5.3608589760e-04 1.7117225154e-01 1.3776599375e-01 -2.1718977480e-02 -1.0187415391e-02 8.5669102391e-03 1.2910060733e-01 7.9013024046e-02 2.4299112092e-03 -9.7269500240e-02 3.0578115866e-02 3.2107472745e-02 3.6140386103e-02 -1.4507940615e-02 -3.9466698364e-02 -3.4900571757e-02 -1.2955272988e-01 1.7440194055e-03 1.9877120038e-02 2.8004878359e-02 3.1893942345e-02 -3.1683416569e-02 6.5247289514e-02 3.3968610450e-02 3.5284780930e-02 -3.7262243065e-02 -4.1245413936e-02 -3.5766500683e-02 -4.0082066216e-02 -4.5147584573e-02 -8.4624412365e-02 1.1774606180e-01 -2.7306245515e-02 -2.6213605405e-02 1.8742058534e-01 5.8537519930e-02 8.9600671200e-02 3.2368556699e-02 -2.7508068935e-03
-3.6701380580e-02 -2.2772932973e-02 4.1814133557e-02 1.8150704469e-02 -8.1275525483e-03 -1.4243369118e-03 2.6916093436e-02 9.7569504306e-03 -9.3011075849e-03 1.9938478139e-02 9.7420658792e-03 -3.6970367586e-02 1.2286575075e-02 1.2205375494e-01 1.2017703614e-02 5.3674715274e-02 1.7623633705e-02 3.8681361264e-02 4.8881698705e-02 1.0953916809e-02 7.7195172356e-04 4.5816421351e-02 4.3872323978e-02 8.5236164018e-02 -7.5989741546e-02 5.1338423060e-02 -7.1144784056e-03 6.4604556434e-05 2.2345417368e-02 6.3943006027e-02 -2.2356252899e-02 -5.5512709647e-02 -1.1669191416e-01 2.3080958564e-02 3.6969840623e-02 -3.7684307938e-03 4.5672658560e-02 4.0979969527e-03 3.8913578197e-02 -3.6601880516e-03 -1.6841421244e-02 2.4062628996e-02 6.2830769906e-02 -5.4788649396e-03 -1.5748987012e-01 5.9329713905e-03 -2.0818499927e-02 -2.5007130700e-02 6.1081932326e-02 -4.7998078243e-03 -5.0870885850e-02 4.1261923501e-02 4.0819630844e-02 -6.6495736965e-04
-2.4261961862e-02 3.2382734943e-02 -1.0135166292e-02 8.4730835797e-03 2.0668405999e-02 2.5539252138e-02 4.0528758287e-02 5.1269971816e-02 -2.9601440906e-02 -8.6647613729e-02 -4.9512504776e-02 -7.3742207020e-02 -2.8840230668e-02 -3.5693879570e-02 1.6193402792e-02 6.4917522226e-03 -2.3601445458e-02 4.9212674168e-02 -2.7960397196e-02 -1.0115165714e-03 2.2364162660e-02 -7.0619266876e-02 -2.4208674253e-02 -3.8201846104e-02 4.8973333571e-02 -7.8159052210e-02 -5.6017675007e-02 -4.3698348799e-02 5.3115518820e-03 -1.0904583943e-02 -6.1173892146e-02 -1.5395844752e-03 -7.2275636527e-02 -1.4545187896e-02 3.8495806438e-02 4.3584151819e-03 -4.6667110125e-02 -7.1145911132e-02 6.2800198891e-02 -7.2345408678e-02 -2.1246413503e-02 -2.3340629709e-03 9.0538436381e-03 5.5429135204e-02 -1.2311912713e-02 5.7580977790e-03 -5.0270619209e-02 2.9553739746e-02 6.5555658972e-03 -4.2619907858e-03 6.0045722261e-03 7.0655316131e-02 3.4156852628e-02 -1.4563847112e-01
4.9698454943e-05 -5.6317124218e-05 -4.8495695636e-06 -6.0367775516e-05 5.5854174394e-06 -1.9726279916e-05 -8.6648398602e-05 1.1138779015e-04 -8.9700736957e-05 -8.5971120927e-05 8.9205539676e-05 5.8316899245e-06 -8.8773433125e-05 1.4983987324e-05 -2.0983486051e-05 -2.1947799966e-06 2.2662817513e-05 -1.6203896343e-04 -4.9072626234e-05 1.0828389686e-04 -4.6812443551e-06 -9.8214294529e-05 -3.9128412289e-05 -1.8770055757e-04 3.0742566005e-05 2.6548272125e-05 6.3713799006e-05 -2.3760443532e-05 -7.0726647540e-05 -6.2156937121e-05 -8.2328762529e-05 -6.1361739436e-05 -1.7707651873e-04 -1.2742516589e-04 -1.3266776016e-04 2.3646254135e-05 3.5131131563e-05 1.9515080773e-05 1.0897906193e-04 7.0103407527e-05 -6.6719349839e-05 -2.8140640017e-06 7.5128558148e-06 2.9221826477e-05 7.1085430894e-06 9.4779801435e-05 1.2347891922e-05 6.3710534999e-05 -2.8965421285e-05 -1.3721936897e-04 -1.6796186445e-05 -4.0357877888e-05 -1.9093845162e-05 1.0228528495e-04
1.2115576103e-05 1.0100830437e-04 2.7406983869e-05 -6.6383402663e-05 -9.9497644776e-05 1.3962575108e-04 7.6590682477e-05 6.1561607244e-05 4.6445715364e-05 1.0080443331e-04 6.0615112097e-05 1.8262401764e-05 -3.7893971976e-05 -5.7146939828e-05 2.2595946627e-05 2.8093177726e-05 -4.5467200694e-05 2.6152924699e-05 2.4149169502e-05 -1.2325766206e-05 -4.5332191162e-05 3.5032242655e-05 3.8583407962e-05 7.7909081803e-05 -1.2196305533e-04 1.4584704898e-04 -1.2061665611e-04 7.2995574058e-05 4.6281908919e-05 -1.2071060978e-04 8.9339682812e-05 -1.8407656802e-05 4.2149624906e-05 8.3596332636e-05 1.1038613992e-04 2.2122439010e-05 -1.6146723309e-05 8.7146917467e-06 -3.0214441107e-05 6.2671636433e-05 6.5430270089e-05 6.6841905602e-05 -2.4777225019e-05 8.0876143983e-05 9.0426035190e-05 1.1739662719e-04 -4.9127767357e-06 -3.4231487149e-05 3.9657203072e-05 -4.8340797981e-05 -5.3987192822e-05 -3.3850078986e-05 4.7233194556e-05 -1.6192972016e-05
4.1237138584e-02 -1.4711911119e-02 9.4360102474e-02 -1.0838884190e-02 -3.9214988748e-02 -4.1127453582e-02 -2.6584494876e-02 -5.1787987330e-02 8.8562039547e-03 -1.0944695519e-02 1.9040192599e-02 -5.2020025027e-02 -3.6786486346e-02 -2.3168081313e-02 -2.5559949273e-02 1.0810702647e-02 -3.6859615824e-02 8.1676874154e-03 6.2073745680e-03 -4.6765592003e-03 -4.8796543452e-02 -7.5333386854e-03 -5.6875327001e-02 -4.1178266409e-02 3.7069957560e-02 -3.8587127611e-02 6.3077910449e-02 -7.7119018613e-03 -1.2751829530e-02 -5.7085189236e-02 1.5013290952e-02 -9.9182410800e-02 8.4953303584e-02 2.0844042445e-02 -2.3122342542e-03 1.1464630750e-01 5.2763798429e-02 4.8311389163e-02 3.9313485161e-03 -4.8160075338e-02 1.7453288135e-04 6.1593855797e-02 3.7943755832e-02 4.0724900874e-02 1.0298999953e-01 -3.8513452868e-02 4.5819847631e-02 -8.4103187549e-02 3.7072882520e-02 -5.0366921075e-02 -4.3171209009e-02 6.1013513413e-03 3.3635011476e-03 -1.0618501809e-02
-4.7663319808e-02 -4.0633606974e-02 -2.5197019824e-03 5.4722298593e-02 8.0453400546e-02 1.6249254074e-02 -3.8343361435e-02 -9.5974322355e-02 6.6953171012e-02 7.1919472479e-02 -5.1982635878e-02 9.7705594306e-02 -1.4332453353e-01 7.6254639161e-02 7.2756683455e-03 -8.2379761667e-02 -9.2078716109e-03 6.7549515639e-02 7.6962749338e-02 2.5841298367e-02 9.9717909039e-02 -4.4692584347e-02 -1.0943026379e-02 -7.5248585337e-02 1.8774479777e-02 -1.0117003037e-01 -1.0990751799e-02 5.3259369135e-02 5.9524615280e-02 -9.5178888884e-02 4.9840002038e-02 -4.0874231091e-01 -4.7843706401e-02 7.0789159733e-02 8.7215684966e-02 7.4946818763e-02 -6.5051611163e-02 -1.3670582632e-01 -2.9197439136e-02 1.3619920322e-02 -2.4748180308e-02 -7.2016718955e-02 -1.2283135735e-02 -7.3587537045e-02 2.0167971184e-02 -3.2131652360e-02 6.1949728283e-02 -2.7654296511e-01 6.4367378934e-02 1.7984213401e-02 3.2850956346e-02 7.8031624302e-02 -4.4988931908e-02 3.9269329853e-02
2.2343166276e-02 -1.1007125850e-01 3.2955075830e-03 -4.6707974863e-02 -1.6239078836e-03 5.1584200122e-02 -9.1122660879e-03 5.8622488820e-02 6.2570848207e-02 4.2679730150e-02 2.4222191253e-02 7.9053751265e-03 4.6346359331e-02 6.0160312273e-02 1.5358648108e-02 -2.7688769197e-02 -2.8318377313e-02 6.7796259074e-02 -9.8365417742e-02 5.4130963884e-02 -2.6092626354e-02 1.9474145198e-02 -8.3694237512e-02 7.6751839430e-03 3.7805645449e-02 -4.2018874612e-02 3.0474859738e-02 5.2119250154e-02 -1.1638633011e-02 6.5062733404e-02 -8.6761361356e-03 -3.2027151128e-02 9.3238364290e-02 5.7103753774e-02 2.8869404756e-02 7.0286128934e-02 -5.2634287008e-02 1.5441700678e-02 4.1747416776e-02 -9.0500407721e-03 5.2695006782e-02 1.6394195401e-02 8.1388708320e-04 -3.1562691141e-02 7.0049661498e-02 3.4307322647e-02 6.0953407614e-03 2.8058863716e-02 -6.0629140156e-02 3.8328372559e-02 -1.0150387971e-02 3.1901369285e-02 3.1597894928e-02 -1.7693430888e-02
2.7035913623e-02 -7.1334143585e-02 -1.5261732020e-02 -4.6570022111e-02 3.0581746163e-02 -1.5676965693e-02 -7.4384196600e-02 -1.6350371847e-02 6.4913495394e-02 2.5136099511e-03 -5.9292646992e-02 -1.1810775428e-01 4.6219972840e-02 4.4245773043e-02 1.9536621286e-02 -4.5238171392e-02 2.5569981805e-02 7.3381343453e-02 -5.5304690338e-02 1.0887516717e-02 5.4455500210e-02 -2.2950827440e-02 -1.0287889940e-02 -3.1577639801e-02 1.1179385915e-02 -1.1015722077e-02 -1.9861499921e-02 8.9200329699e-03 -1.3232507675e-02 1.6455588905e-02 -7.4624710026e-02 -5.0634326899e-02 -4.1580983918e-02 -4.7100741676e-02 -8.7383521064e-02 -2.3481042539e-02 4.3661753417e-02 1.0252333994e-01 1.2752787431e-02 3.8511165012e-02 -1.3308893420e-02 1.4208405507e-02 -2.8478635193e-02 3.4867169899e-02 -3.8217217391e-03 -5.4372910959e-02 4.2003471458e-02 -5.2770150623e-02 -2.5784055981e-02 -9.2218096742e-02 2.8159773781e-02 -2.0152499558e-02 -1.9486468690e-02 9.7731874912e-03
4.0122991698e-03 -9.1576189428e-02 4.3242013506e-02 -3.5438255031e-02 9.6284589023e-02 2.9616709997e-02 8.2346270841e-03 -1.0818764267e-01 4.8456616898e-02 -2.3221857784e-02 4.6848221778e-02 7.7752778435e-02 -4.1657242763e-02 -2.0930257887e-02 -5.8961716957e-02 1.2075038136e-02 -3.8647496815e-02 8.1195902731e-02 -8.4577453739e-02 2.8324375792e-02 -4.6405221150e-02 -5.0064933508e-02 1.3769626082e-02 8.7656013719e-04 4.5506586245e-03 1.7527003268e-02 -2.3270759987e-02 -6.1372754329e-02 -5.5728679499e-02 -6.3117051120e-02 4.1916955099e-03 -2.0797448691e-02 -4.0807358106e-02 -6.8440009191e-02 3.3076592811e-02 -1.8739208684e-02 4.4441126947e-02 4.1869064439e-02 4.6756314796e-03 2.7112263311e-02 -8.9100717128e-03 7.9597534831e-03 2.1653799085e-02 -3.1281842895e-02 -3.1843208886e-02 3.6558089679e-02 -4.9824141598e-02 -5.5206096826e-02 2.3368893355e-02 4.1283303907e-02 -3.3137429566e-02 1.0469121109e-03 9.1056254542e-02 -1.4783659999e-02
-3.7365254462e-05 7.5486901828e-05 4.0366206245e-05 -3.0536685175e-05 2.5717501229e-05 3.1422200308e-05 3.6571443887e-05 2.6612557300e-05 -9.6849541816e-05 -3.7738255406e-05 -7.7902855270e-05 -7.3538891930e-05 3.8263174315e-05 -7.0660834561e-05 -1.1809720497e-04 1.1348609464e-04 -1.1127052634e-04 -2.5188992514e-06 1.3242667359e-05 -2.2001775740e-05 -1.1761926502e-04 -4.2705259305e-05 5.3267454440e-05 1.1846388552e-04 -2.3703957930e-05 7.5999793777e-06 1.4337294948e-04 -7.9299426458e-05 -3.0139209609e-06 1.2186065858e-05 5.7686554419e-05 5.2477221367e-05 -4.2341041933e-05 -1.1210436108e-04 9.1349976958e-06 -1.3886937307e-04 1.1422378438e-05 1.4566829403e-05 2.5254301578e-05 -3.6430584323e-05 8.6585283730e-05 9.3586792795e-06 4.5720855306e-05 -3.1333491968e-05 -4.4048136620e-05 -5.4376917693e-05 3.8030545349e-05 -4.1002054238e-05 -2.9523127076e-05 9.5612401257e-05 7.0244014794e-05 5.5066696539e-05 -3.5827965817e-05 -4.6972795358e-05
1.8272605795e-02 -3.8197971959e-02 -5.2488730995e-02 1.0435322137e-03 -2.1553031216e-02 -4.2545837556e-02 2.2815457488e-02 -3.3795234158e-02 -4.4659464676e-02 -4.3645678500e-02 5.3184164291e-03 4.1638184386e-02 -2.2667317639e-02 2.5727873426e-02 2.5479261619e-02 2.3485886275e-02 1.7067333641e-02 -3.0554511140e-02 -2.2355811062e-02 -5.0003910647e-02 6.8286964615e-02 -3.6213498218e-02 -2.8859435295e-02 4.7208575769e-02 3.0188105656e-02 -9.2974729644e-02 3.7151556468e-02 2.2432343722e-02 -1.8441873480e-03 -2.8470978697e-02 1.5522291903e-02 -2.4737220697e-02 -4.9094033694e-02 -9.4784954963e-02 4.0235113504e-02 -1.0945699298e-02 -4.5032299983e-03 9.6537851008e-02 1.8590001701e-02 1.1298653906e-02 9.4424783982e-03 -1.1674604673e-02 -3.9075274191e-02 2.7071113201e-02 6.0994800532e-02 1.9224730178e-02 5.6031269577e-02 9.3214951286e-02 -6.9811274924e-02 3.4893180677e-02 -9.7000302614e-02 -2.2697143082e-02 5.5038710650e-02 9.1379997406e-02
2.1505753050e-02 5.9196115473e-03 -7.3158485515e-02 -1.4751608177e-02 -4.4164835743e-02 3.5916180989e-02 -7.0112685300e-03 -1.7972608367e-02 2.0636883075e-02 2.8664821780e-02 -4.4164128176e-04 -9.3847992652e-03 -4.2228336254e-02 3.3955031522e-02 2.8115027181e-02 2.0156369041e-02 -6.0226024833e-03 2.8302130086e-02 -9.1267178064e-02 2.0947470821e-02 -5.0768458301e-02 -8.0477447796e-02 5.4198549435e-02 -7.4583163226e-03 9.9224753770e-03 5.8627964619e-02 8.3971342445e-03 1.0474377186e-01 -1.2054551803e-01 1.6025755924e-02 -6.3335407226e-03 -1.5679727953e-01 -4.9973676646e-02 1.4784859442e-01 3.5400309665e-02 4.0158342201e-02 -1.2092023303e-01 -2.4057206362e-02 4.1751756408e-02 -1.2378741359e-01 -6.1609551854e-02 9.4646118591e-03 5.0308237297e-02 6.0648177404e-02 -8.3437058247e-02 -4.0636573684e-02 -3.0189491310e-02 -1.6827187740e-02 4.1894924637e-02 -6.4946641937e-02 -1.8723159144e-02 -3.6595819687e-02 4.6194708416e-02 -2.0277130460e-02
-4.2813485174e-05 -1.9213789015e-05 7.9484722056e-05 -1.9857454365e-05 5.8140056251e-05 6.0237305253e-05 3.3641549231e-05 -5.3556596142e-05 6.4167407150e-05 5.7696075276e-05 1.7814911876e-05 -3.8085046374e-05 -2.4389875074e-05 5.6021632778e-05 -3.6731410015e-05 1.4899853828e-06 1.8133759340e-05 -3.0293538286e-05 -5.8674900885e-05 4.8236390263e-05 -1.4493084696e-05 -3.4212374017e-05 1.8169274800e-05 1.8717708467e-05 6.5570265963e-05 4.4624409717e-06 -2.3893274264e-05 -1.0188862191e-04 -5.2324741258e-05 -7.4392926973e-05 4.2706569998e-05 -7.6785394943e-07 -3.9998184003e-05 -8.4879730503e-05 -3.2865661642e-05 -5.3420770543e-05 -2.5919828814e-05 -4.9768455789e-05 -2.0444704531e-05 1.0426508787e-04 2.7512852776e-06 -3.8813231950e-05 -9.0806173267e-06 -3.9122548181e-05 3.0116907617e-05 6.2283742133e-05 4.3510521338e-05 -8.1921782674e-05 2.2550979365e-05 -8.5149693463e-05 2.6759421876e-05 5.7780464569e-05 2.5902473816e-05 -6.3369483521e-05
1.8399832149e-02 -4.2298491183e-03 -3.3206157982e-02 -8.0717280036e-02 3.7371867630e-02 -2.3327272940e-02 3.7563405046e-02 -5.7010786842e-02 -6.5584105041e-02 1.4466836232e-01 -8.6800968340e-02 -6.5328805916e-03 1.9900652667e-02 -1.0486489930e-02 2.8879346731e-02 2.0011414945e-02 2.2178950924e-02 -1.8605660407e-02 9.1324180113e-03 -3.5073706097e-02 3.3879100127e-02 -1.4850253274e-04 1.1010090873e-01 2.8684002737e-02 7.9807155717e-02 -1.5186978620e-02 5.9776157197e-02 -6.3149915173e-02 -4.3030054307e-02 2.9871052441e-02 1.8391797291e-02 -2.3533443187e-01 -2.5039342964e-02 -1.0877023286e-02 5.4279835664e-03 -7.0301840692e-02 6.4095419981e-02 1.4658461322e-02 7.0421083123e-02 -4.0487174028e-03 1.4889235548e-01 -5.8011825047e-03 -4.2696795601e-03 3.9145246069e-02 -8.2258068046e-03 -2.4546701670e-03 -1.4641976145e-02 -7.3057217486e-03 -3.2611833005e-02 -6.6538578629e-03 5.1209185797e-02 2.0810769308e-03 -3.4803431778e-02 -4.6900184713e-03
-4.7553238859e-02 1.6439475866e-02 -7.0806837103e-02 -2.9489628464e-02 4.2868406210e-02 -4.7027784528e-02 -4.8190944638e-02 -1.2574630831e-02 7.7660485723e-03 -5.8791314405e-02 -3.9126977175e-02 -2.6332773995e-02 -4.9958729780e-03 -8.9562101765e-04 3.4563956768e-02 9.5339830725e-02 -3.2285002999e-02 6.5069292174e-02 1.7444214192e-02 3.1870045037e-02 -5.4019302820e-03 1.4673176932e-02 2.6603111683e-02 2.7763162947e-02 -5.5402246262e-02 -5.5340192114e-02 -3.7338439750e-03 4.4256483822e-02 -4.6329307293e-02 -6.7710076990e-02 9.0977881001e-03 -2.2596174472e-02 1.1711168593e-01 -1.6078357525e-02 -6.6408163703e-02 -1.1768447795e-02 -4.6310636550e-02 1.4066334775e-02 9.9811540541e-03 -6.2926052972e-02 -5.6488844321e-03 2.7255239708e-02 -2.1179249168e-03 -1.9636570790e-02 8.1943943577e-02 5.1284032275e-02 8.3114230127e-02 -7.7957902588e-02 6.1167049931e-02 8.1771157132e-02 1.8209951129e-03 -2.2488495000e-02 -1.3395103368e-02 6.7439013797e-03
1.1622935134e-05 2.0214734909e-05 6.5220346979e-05 -1.5316997753e-05 -2.2668160756e-06 -3.5494939027e-05 4.6966348354e-05 1.5713287827e-05 -3.8955014110e-05 -7.0971528081e-05 6.7583692907e-05 -4.0774354060e-06 8.0394216229e-05 -5.3214418550e-05 5.7702016968e-05 3.2300845037e-07 8.3258024060e-06 -2.6840267407e-05 -6.2388545391e-06 2.8587294290e-05 7.2528975000e-05 -3.5667616897e-06 8.9648256873e-05 -6.3804622990e-05 -8.8637490521e-05 -1.8601417699e-05 3.5770998136e-05 2.5255242801e-05 6.9945226739e-05 -1.3351738404e-04 6.2111227606e-05 1.0382409410e-04 -3.0544085896e-05 -5.9234855993e-05 -7.8702130318e-05 -4.7137579603e-05 1.4391155999e-05 1.1488414674e-05 -5.0746395569e-05 1.9434204287e-06 3.9742222606e-05 1.4601197694e-04 1.9583355431e-05 -2.1891869749e-05 -3.2185752233e-05 -9.7390711254e-05 5.9569593473e-05 2.6454777197e-05 -7.8335583652e-05 1.1426637525e-05 5.2646833489e-05 -1.1907685140e-04 -2.7067753858e-06 1.9640852274e-06
4.1252969858e-05 7.4690491831e-05 -6.9027957255e-05 7.7160809307e-05 -3.1346451879e-05 1.9044564699e-05 -6.9016968031e-05 -5.1043306011e-05 5.1272280138e-05 -4.1749645988e-06 -4.6834148859e-05 -6.5034741044e-06 8.5985994895e-06 4.7540722279e-05 1.4641322210e-04 2.2068441915e-05 7.7938275337e-05 -9.0051669270e-06 -1.0457383029e-05 3.0365902200e-05 3.3787310727e-06 6.7026320616e-05 4.1961609351e-05 3.4026257538e-05 -8.0013885135e-06 -4.9852598793e-05 1.2015263289e-05 -8.9934776434e-06 6.5278343861e-05 -1.2068596428e-04 -1.0068540254e-04 -1.1857255446e-05 -1.0473329748e-05 4.3594811816e-05 1.0237785831e-04 5.8091366987e-05 -4.5835964130e-05 4.3750610929e-05 -2.6345651002e-05 9.1660051691e-05 1.3358575850e-04 -4.9598617333e-05 -1.2734046394e-05 -1.8634463477e-04 -3.2079863247e-05 1.4604809500e-05 -2.0077512048e-05 -2.2050951952e-05 2.0472552344e-07 -2.8634882885e-05 -2.0789320740e-05 3.3518578947e-05 1.6962644755e-05 1.9657727940e-05
2.2331668399e-05 -8.5031039587e-05 2.8471534608e-06 -2.5124147849e-05 1.3556150270e-05 -3.6266951682e-05 -8.6415310234e-05 -8.8548024087e-05 -4.0876590335e-05 6.7887706144e-05 4.7064790913e-05 2.0111917635e-05 -5.2175232265e-05 3.8117834675e-06 4.0640210989e-05 -4.9452580541e-05 -7.7456719121e-05 2.1367439318e-05 -8.0788717680e-05 -3.1795767822e-06 -4.3273464748e-05 -6.5478612646e-05 6.9510451484e-05 7.4512505591e-05 7.2784083208e-05 -3.2430696565e-05 -3.2078490845e-05 -4.9859222179e-05 -6.8619787398e-05 -9.7005545593e-05 -3.2677550543e-05 -7.4130264210e-05 2.8908425886e-05 1.8115022188e-05 9.5121148069e-05 -3.9007528287e-07 1.9567845403e-04 -6.6832299405e-05 8.1092028621e-05 -4.8895532385e-07 -1.8682492173e-05 3.5346111136e-05 7.7936882855e-05 -7.6728386605e-05 3.4624970273e-06 9.3110479197e-06 4.9053832445e-05 1.1773082061e-05 -2.5752423045e-05 1.9445779322e-05 -8.6274132124e-06 -5.8562776585e-05 -1.1115714447e-04 -1.3468113101e-04
1.5539533113e-04 -1.0387256674e-05 1.0120705528e-04 8.4836898810e-05 -1.2280290067e-05 -1.2147411762e-05 -1.0631611212e-04 -3.7397014474e-05 -1.2989071481e-04 8.2390046434e-06 8.7384359170e-05 -7.2471174678e-05 6.8988733744e-05 -3.4680890852e-06 2.1795283667e-05 -2.3777773123e-05 -1.0783598957e-04 2.7711851045e-05 1.4531996259e-05 6.9082874277e-05 -1.8209097259e-04 1.2392899506e-05 1.5973570142e-05 -3.3662658448e-05 -3.3766837902e-05 -4.2600598467e-05 6.7638786578e-05 -2.8253932441e-05 -1.5943882643e-04 -1.1722020550e-04 -4.5516805252e-05 5.5991760903e-05 9.7277810488e-05 -4.0337014776e-05 -5.8978725765e-05 -1.3402482952e-04 -7.2856314386e-05 8.1304562434e-05 -1.3857631587e-05 -6.6491850137e-06 -5.1887132501e-06 3.9848874813e-05 1.5160394240e-05 5.7864060527e-05 -2.3028387509e-05 -1.2794024252e-04 -1.0043940074e-05 2.5126095089e-05 -2.6155443590e-05 -6.6595219786e-05 -6.9255648362e-06 -5.3107521818e-06 4.2114544197e-05 4.9220467951e-05
2.7687841581e-02 1.5753464187e-03 -3.3483026336e-02 6.2439798560e-02 -6.3022506874e-02 3.0054161666e-02 -1.6901601874e-02 5.8382380642e-02 3.6111322236e-02 -4.7649787090e-02 -6.1025022795e-02 -3.4404138862e-02 4.6923856959e-03 -1.7999178585e-02 -5.9310440784e-04 -1.2938139926e-02 1.5157272574e-02 2.3969597864e-04 -6.6407793837e-02 6.3699193512e-02 5.6327495255e-03 7.7707905191e-02 4.0554863344e-02 -3.7109093184e-03 2.8908222227e-02 -9.3238504090e-02 6.2980251986e-02 -1.1032515119e-02 2.3412445669e-02 -1.1038968117e-02 3.0417188859e-02 4.2229261714e-02 -3.8033641931e-02 6.3943104703e-02 7.3303577895e-02 4.1053615079e-02 3.9150801382e-02 4.2356333594e-02 -8.9162611275e-02 9.1266284159e-03 -3.7644817191e-02 -1.2904836216e-02 -2.7996464333e-02 4.5799687599e-02 -1.4625183005e-02 2.5436835193e-02 -3.5257554587e-02 -3.4196013147e-02 8.4646095728e-02 1.3206387992e-02 -2.0975202511e-02 -6.0643989566e-02 8.0478797998e-02 -3.3386719538e-02
-1.8250740012e-02 1.7496463463e-02 -1.0861040340e-02 -1.4436329165e-02 -7.2630352038e-02 2.3282845707e-02 -1.3622501812e-02 -4.5028256821e-02 7.0260895778e-02 -4.2932148068e-02 -1.2182406818e-02 -3.1891744272e-02 4.3953059565e-02 -7.0786468657e-02 -6.4039799386e-02 -6.6914187332e-03 2.3681758515e-02 -2.7656516282e-02 4.5784959376e-02 -8.2058838975e-02 -1.2823352966e-01 -4.9217164987e-02 7.6669267619e-03 4.5770190469e-02 1.5551504757e-02 -2.4205778582e-02 1.7101156559e-02 -4.7466221793e-02 9.0334654187e-02 5.5590626572e-02 2.5683270084e-02 -5.7387873623e-02 3.5320106067e-03 -1.3411550172e-02 -3.9053672251e-02 -7.3611540153e-03 -3.4883553310e-02 -2.9610447846e-02 -5.5237622876e-02 3.7239994119e-02 3.8321866556e-02 -5.5079713591e-02 7.9735998943e-03 2.3008327508e-03 1.9103754304e-02 -7.7316770145e-02 -7.0501358779e-02 1.3013657099e-02 2.3569901234e-03 -3.4799457824e-02 -1.2966870211e-02 -4.1419444125e-02 1.3930456853e-01 -5.1301995897e-02
-2.8111175243e-05 -5.2584562621e-05 -5.0295051008e-05 -1.1133104299e-05 3.0175743661e-05 1.7792647081e-05 -1.8712915528e-06 6.8732863220e-05 7.1477471252e-05 9.6559878792e-06 5.4539143742e-05 -6.0795211144e-05 -8.2042157978e-05 -4.2254844237e-06 -1.6622365202e-04 -5.7209397842e-05 6.2997392141e-05 1.0532482045e-04 1.4721990479e-04 -1.8592575554e-05 -7.6592391047e-05 -3.1587709136e-06 -1.4695442107e-05 3.8505485864e-05 1.0315340926e-04 -3.2236125551e-05 -9.5076466651e-05 -1.0346224198e-04 -8.5149506132e-05 -8.4290733697e-05 5.4195740521e-05 -8.5106852087e-05 -7.4111032905e-06 -6.3026863411e-05 8.7668876741e-06 4.1364680294e-05 1.3232954094e-05 2.8013264751e-05 3.8328333069e-05 -1.0324042782e-04 -2.7419850256e-05 2.5730890539e-05 1.9792069535e-06 -1.2674637809e-04 8.7628731639e-05 1.0209737542e-05 -2.9791020435e-05 -1.4812689137e-05 -3.6977703234e-06 -1.2209296916e-06 2.1010779385e-05 5.5876779892e-05 -8.4386837837e-05 -7.9707676287e-05
2.2411073363e-02 3.8566238598e-02 6.8985170033e-03 1.2009865718e-02 -1.0976368739e-02 5.7544969642e-02 1.2087393030e-02 -4.2390392539e-02 6.8115704784e-03 1.1430191771e-01 -7.3111578796e-04 -4.3184573991e-02 -6.5856881154e-02 3.6292835355e-02 8.6150577106e-03 -6.8857466049e-03 -1.2734866907e-02 2.6211504544e-02 -3.3539953886e-02 -8.5380769653e-02 2.1180143621e-02 -2.4375747824e-02 -2.8095232847e-02 1.7089624405e-02 -1.1324705560e-02 -9.6801986240e-02 -5.0015135097e-02 7.1761620139e-02 -3.2797341484e-02 -1.2811578903e-02 1.4177478960e-02 1.8893966508e-02 -2.4507593976e-02 1.9758340512e-02 3.4620861496e-02 2.5035546810e-03 2.5421801890e-02 9.3507873395e-02 -2.6278416534e-02 1.4283927481e-02 -1.1179209484e-01 -7.6144576303e-02 9.2584758491e-04 -1.2625033850e-02 -1.0906425508e-02 6.4766398352e-02 8.1505691871e-03 1.6378673406e-02 3.4871580696e-02 2.7788950649e-02 -2.7481895732e-02 1.6287010001e-02 -7.2482409866e-02 3.7608489010e-03
-3.9972872806e-04 -5.6861223631e-03 -5.2949315588e-02 -8.4024039844e-02 3.4220859711e-02 2.0821445642e-02 5.7143788088e-02 8.8871897996e-03 -4.3501417092e-02 8.0986837061e-03 -3.5712328420e-02 -5.1284417978e-02 1.2777656596e-01 -3.8549813529e-03 -1.8575361869e-02 6.8063840205e-02 1.3007425158e-02 -4.0197654385e-02 2.2964444968e-02 -7.0778283428e-02 3.9030173402e-02 3.4253903933e-02 -5.3099887932e-02 -3.5418475395e-02 3.9360735102e-02 -5.4541738281e-02 1.3605324315e-02 -8.6700574459e-02 -3.7501032788e-02 -4.4052498367e-02 -6.2268962909e-03 5.9298179180e-03 2.3945857143e-02 4.0833443977e-02 -1.6807954525e-02 1.5850762082e-02 3.8220854855e-02 3.6684667872e-02 -9.0838947817e-04 3.0100497950e-02 -2.8795228498e-02 3.9128669479e-02 7.9309853987e-02 -4.4445644094e-02 5.2385006155e-02 -4.5429442551e-02 -6.1571718316e-02 1.2344622953e-02 6.3877446764e-03 4.9385430710e-02 -1.5819541369e-02 1.3889875682e-02 4.3139796591e-02 3.0509655023e-02
-1.0633635906e-02 5.1459955052e-04 4.0997154122e-02 2.2743783089e-02 5.5015369739e-02 -1.8282601504e-02 6.9106668565e-02 4.1399040425e-02 5.4558739172e-03 -9.2017736288e-02 -5.1619820872e-02 -1.9446292763e-02 -4.0869196560e-02 2.4927048723e-03 5.0635743453e-02 3.8817980684e-02 1.0875765806e-01 5.7327314908e-02 -4.4762846386e-02 -8.4580713440e-03 -4.5484533045e-02 9.2420455392e-03 -1.2436914538e-01 2.7848465763e-03 2.5837412437e-02 7.5032230757e-02 3.5975576959e-02 -1.6818972978e-02 7.2049956469e-02 5.5594037426e-02 -2.1928411121e-02 -5.5301071475e-02 -9.8516971622e-02 -2.2187563159e-02 4.9343961175e-02 2.8971185552e-02 4.9041333236e-02 3.9231979716e-02 4.0175927753e-02 -1.1075997967e-02 5.5430864369e-02 -1.0877989594e-02 2.1151052372e-01 2.9591767576e-02 1.0856561389e-01 -1.0003877718e-02 -2.7927808968e-02 1.1767339038e-02 1.5300494635e-02 2.0100494850e-02 2.4037195680e-02 6.4615180574e-03 2.1355437340e-02 3.9787486020e-02
2.8572344664e-04 -8.1068950044e-02 -5.9105957677e-02 4.5693764583e-04 -4.9721373249e-02 -8.1514918770e-04 -1.2023364670e-02 4.2231931088e-03 4.1015660891e-02 8.9031248395e-03 4.6948154630e-02 -8.4010504223e-03 -4.6162620745e-02 -1.9036686938e-02 5.1741170405e-02 -6.2060517883e-04 -5.6251943169e-02 -7.7207279220e-02 3.6954932856e-02 4.6995069889e-02 3.4307599737e-02 -3.1856710754e-02 -6.7791213068e-02 -2.1496286705e-02 2.1315024016e-02 -3.1495733067e-02 -6.3561968831e-02 2.4428398961e-02 -8.0145679020e-02 -3.0493359908e-02 -3.4091872770e-02 3.6810307930e-02 4.8752966158e-03 4.5342418161e-02 6.1499390841e-02 -4.4300256826e-02 8.3378594478e-02 6.9544179661e-02 -3.9203123912e-02 4.8121351719e-02 5.1834680886e-02 -4.3382736229e-03 5.0792750763e-02 2.0464291949e-02 5.9788243616e-03 7.0290474172e-02 -4.2620683011e-02 -1.9136327936e-02 1.5455542035e-02 -2.1582186817e-02 5.7286016704e-02 4.4750728297e-02 5.0053196703e-02 -1.0759742049e-02
-3.3040910885e-02 4.7619463998e-02 6.2966489123e-02 3.5782053709e-02 2.1823087926e-02 -1.3925415676e-01 -6.3830050920e-02 -3.8640053263e-03 9.5491510575e-02 2.5647666965e-04 -8.8916922927e-02 1.8766470292e-02 -3.5523356418e-02 -1.4482371363e-02 2.4522761312e-02 8.8077931340e-02 2.4300048639e-02 3.3197392754e-03 -4.2598349910e-02 1.6071254305e-02 -1.5339907475e-02 -1.6393685884e-02 3.2144797621e-02 -9.6265785749e-03 1.6751880235e-02 1.6430840741e-02 3.4409231109e-02 -6.5923759537e-02 -9.2081339502e-02 -2.2408881972e-02 -1.8270822382e-02 1.5501582492e-03 2.1285623689e-02 -1.9420262038e-02 -9.9736174263e-02 6.8479096300e-02 -3.5271276413e-02 1.6494644069e-02 -7.0011379557e-02 1.2820184917e-02 -5.9413830236e-03 4.8415367708e-02 -2.0685486228e-02 -3.1341994948e-02 1.1391963215e-01 -4.2597782660e-02 -1.2198257158e-02 6.3129982295e-04 -8.7051892036e-02 -1.9245118804e-02 -5.1988565306e-03 -2.1227283220e-02 6.8901343455e-03 3.8677744314e-02
4.3896035805e-05 7.3710442559e-07 -6.2546948890e-05 3.6238312368e-05 -1.1548573614e-06 -3.4122427670e-06 1.9122241085e-04 3.8035556297e-05 -2.3122224294e-05 5.3601960279e-05 -6.1229427396e-05 -7.8387409323e-05 -1.1901253744e-04 3.2697502027e-05 5.8501468220e-05 -4.6065801631e-05 -8.3942079452e-05 1.0998905594e-04 -4.0946543016e-05 1.8038494255e-06 3.7331754510e-05 -4.6864075164e-05 6.6901887790e-05 -1.7514273039e-05 4.9031060589e-06 4.4401415300e-05 2.4941364449e-05 -4.1564704907e-05 -6.2403867331e-05 -9.1791289646e-05 -7.9226975594e-05 -8.4388378202e-06 8.3693275110e-05 -3.6817711694e-05 -6.7299719159e-05 -5.4915065879e-05 -5.2617268409e-05 -1.0760281603e-04 5.7759143573e-05 1.2654951027e-05 -8.6618460853e-05 6.6150201033e-06 -6.4580185303e-06 -1.0542635876e-04 -2.2090832014e-06 -4.1036694633e-06 -2.4628423314e-05 5.3227125623e-05 1.3392938890e-04 -1.7896667894e-06 -2.2529968763e-05 -2.2155842675e-06 1.0039502041e-05 -2.2295052747e-05
-9.7783166479e-05 4.1358107773e-05 -2.5290893793e-05 4.9667121654e-05 -1.0074432870e-05 -6.1497947617e-05 3.8949753232e-05 5.7268833373e-06 3.8487552645e-05 3.4325064626e-05 1.2205503906e-05 -9.6825206298e-05 4.3720647092e-05 -5.3675489899e-05 4.7795448314e-05 4.6900732795e-05 -7.7580527995e-05 -1.4932095824e-05 4.9689981869e-05 9.4667041855e-05 -4.6437115238e-05 -4.8185445989e-06 5.9392509423e-05 5.4113975740e-05 -8.9433811033e-05 7.0454219974e-05 4.8029402562e-05 4.9172958675e-05 -1.2466735073e-04 1.0827403742e-04 5.8281644601e-05 1.0713945816e-04 -8.0692241036e-05 2.0780578316e-06 -4.6749207441e-05 -1.1737194286e-05 -5.5250788668e-05 -1.4910444705e-04 5.2802821098e-05 -1.2990439134e-04 -9.4461214046e-05 -3.5091616290e-05 -1.2505403466e-05 -1.0043511202e-04 9.8137266302e-05 -4.7680668400e-05 1.5585096526e-05 8.1211145736e-06 3.5911532787e-06 -1.8920306761e-05 8.4991985118e-06 -8.8086190223e-05 -7.9023834707e-05 6.2403450183e-05
-1.8482760735e-05 -4.2513407003e-06 -1.2194828826e-05 -3.2006377161e-06 9.2936505004e-05 8.6600670882e-05 5.3711022345e-05 2.2610329909e-05 3.0420188027e-05 -1.3011871744e-04 -1.6997547356e-05 -7.3110570725e-05 2.3961795951e-05 -7.6089305406e-05 3.6212998995e-05 1.0270772458e-04 5.0143751339e-05 3.7383752083e-05 8.1707142914e-05 8.6202405223e-05 5.3417770974e-05 5.8377347819e-05 1.6669391603e-05 -1.7815271139e-05 -5.5410230061e-05 -4.5601254632e-05 -9.4523300811e-05 -7.1066511746e-05 4.4554427016e-05 5.2533827131e-05 -1.4829787133e-05 -4.3128585939e-06 3.5077224891e-05 4.4142802032e-05 -2.1807658036e-05 -6.7438687867e-05 7.4029669025e-05 2.0908500467e-05 -8.4046597672e-05 3.3665560303e-05 -2.5031057423e-05 1.4861133405e-05 -6.1180698095e-05 -1.9582291751e-05 -4.2264400441e-05 -5.4444635457e-05 -1.0731236440e-04 -5.5333860324e-05 -1.2805723809e-04 -2.0448476061e-05 7.1824621855e-05 5.0838611514e-05 -4.4699629775e-05 1.7323128825e-05
-4.4705133491e-02 -3.3728802148e-02 1.4992568712e-02 -7.1644641293e-02 1.0644108959e-02 1.3232965713e-02 -2.3983533349e-02 -1.6544111910e-02 7.6770316295e-02 -2.8298298330e-02 -2.5152415010e-02 -1.6115754996e-02 -5.9008610286e-02 -1.0127030760e-01 -4.0419684072e-02 -3.2700332381e-02 8.9607010884e-03 -2.9840840109e-02 -6.3853308976e-02 -1.3823748182e-02 2.2213131082e-01 -2.9458478887e-02 1.9056334834e-02 2.5541517190e-02 6.4590885060e-03 1.1189960122e-02 5.3773973878e-04 -1.4852552554e-03 5.7291102983e-03 -1.2061341357e-02 4.9476205653e-02 5.1650209966e-04 4.5957739300e-02 5.5295748876e-03 8.3575184908e-02 3.8974742600e-02 4.2992767792e-02 -2.9057274734e-02 -3.1899973629e-02 2.5353090052e-02 1.1769156380e-02 -4.7772721160e-02 7.8056022050e-03 -3.9409104776e-02 1.1713204363e-01 -5.9361534185e-02 -3.5061527848e-02 1.0574753824e-02 1.6703335730e-01 3.8475920973e-02 -1.1195415990e-02 3.2768626009e-03 -2.8879258230e-02 -3.6438557913e-02
2.4314025091e-02 -1.5349683516e-02 -1.4079578396e-02 -1.1268665990e-02 -6.8997301615e-02 4.7798946033e-02 -2.0064253761e-02 -1.4760393969e-01 2.4041462354e-02 -5.2277924098e-02 -2.7790424945e-02 -2.6353470019e-02 1.5675966060e-02 6.6238830631e-03 -3.1572398035e-02 1.2129556304e-04 3.5888735079e-02 4.0844793335e-02 2.9224361590e-02 5.8207342088e-02 -1.1983478886e-01 2.2366785896e-02 -3.5898335385e-02 -7.0655983991e-04 2.1877662657e-03 -1.0506598011e-01 4.7035553808e-02 5.1347120471e-03 -7.9141986576e-02 -4.2882198391e-03 1.5250524747e-02 -1.0064450743e-01 4.6931266307e-02 -5.3987410074e-02 3.3405386074e-02 -3.1603762382e-02 -6.6837913298e-02 5.7635089813e-03 -1.5779702887e-02 1.2339155633e-01 -3.7391250884e-02 3.2650098266e-02 -1.7447794322e-03 1.6130155081e-02 -4.8246978440e-02 -3.6133499129e-02 -1.4439433981e-02 3.3959886597e-02 8.0424178442e-03 -3.2112634699e-02 -1.3313918715e-02 5.7655721564e-02 -3.2594335215e-03 1.4140349692e-02
-3.6991977971e-02 -2.4245930481e-02 -7.6440182021e-03 -7.3510928970e-03 4.9241197095e-02 -5.7101846143e-02 4.4196363073e-02 -3.9893539032e-02 -1.2485763883e-02 5.4005722632e-02 -1.1715363982e-02 3.7159000023e-02 9.5215271176e-02 1.5264737881e-02 -2.8725998858e-02 -6.7559670103e-02 1.5063186380e-04 1.2430594556e-02 -1.1181614085e-02 7.3689305071e-02 -1.3473584177e-02 -2.2394349563e-02 -3.2272436067e-02 -3.5511789018e-02 5.3420029273e-03 -3.1332518350e-02 -7.1490635275e-02 6.6744541511e-02 6.6009569376e-02 -6.4114908901e-02 -5.4443914497e-03 1.7428300833e-03 5.7262614705e-02 1.9634932021e-02 5.2116803915e-02 2.7679908119e-02 -1.6514297936e-02 2.6181334347e-02 2.1838547448e-03 5.8392642721e-02 -4.8112754894e-02 -5.7100961591e-02 4.8581729794e-02 5.9563193188e-02 -4.0608930079e-03 -3.3508239622e-02 -3.2102399977e-02 -7.5745900778e-02 -2.1526868984e-02 -4.6718452677e-03 -7.4576916815e-02 1.2705469604e-02 2.9484081310e-02 1.5844619725e-03
1.3221505033e-05 -2.1951582844e-05 2.0523325655e-05 1.3226667939e-04 8.5821263721e-05 8.4529421801e-05 7.4442175531e-06 4.6007092864e-05 8.3086758585e-05 3.1453963572e-05 7.8477702503e-05 7.2863300508e-05 2.8513417709e-05 5.6716810061e-05 6.9449374324e-05 2.6416482383e-05 7.8654965103e-06 4.3630210833e-05 -3.3878690587e-05 6.1999105947e-05 -8.4953289104e-05 7.2084323084e-05 1.1102800666e-04 1.2341955873e-04 -2.1704619880e-05 -3.3703634462e-06 2.5386640743e-05 -2.7616895546e-05 9.0035532801e-05 7.9237972815e-05 2.8238073863e-05 4.5731560473e-05 -7.3664571737e-07 -9.6279376508e-06 3.3226022811e-05 -5.8881708062e-05 1.8294302861e-05 1.2254428788e-04 4.4588252732e-05 -1.7995548891e-04 2.1408172291e-05 2.4036873713e-06 5.0709517045e-05 8.6342451828e-05 1.7357392717e-04 -3.3084001713e-06 -6.9596612799e-05 6.9786337726e-05 4.6499204418e-05 -1.4773002842e-05 3.1597693632e-05 5.8545723477e-06 3.2132586012e-05 -1.1175258505e-06
-2.7648737086e-05 5.9934686771e-05 -6.0432845703e-05 -1.9998653128e-05 2.6008938672e-05 5.3995929459e-05 -5.6641837320e-05 -3.4994304409e-05 -7.4177352263e-05 2.4416003752e-05 -2.5776408884e-05 -4.5459246357e-05 -1.3794094132e-04 -2.6249106460e-05 -8.6200514568e-05 -7.7819290073e-05 1.2899609212e-05 6.1332770829e-05 -8.5344656346e-05 4.5277440857e-05 -8.5767181368e-05 -7.1268200406e-05 -7.2096071819e-05 -6.1757540289e-05 6.4217487811e-05 1.0606861752e-04 2.7859008332e-05 -1.3714135130e-05 5.6623938944e-05 1.4440276732e-04 -4.6517644631e-05 -7.2368377332e-06 -9.2824306912e-05 -3.4578843254e-05 -1.3344855725e-05 -5.6165532986e-05 -3.8404516391e-05 -1.0473006813e-04 -8.1889904361e-05 3.4418080787e-05 -6.5450967704e-05 -9.0204132051e-05 -4.4546807585e-05 9.4778890266e-06 -5.6115292503e-05 8.2928228774e-05 -9.2954938068e-07 -6.2004339146e-05 -5.1698880056e-05 2.4500650425e-05 -2.4999792553e-05 -1.9576664855e-05 -4.1554655906e-06 3.8326416717e-05
2.8421696848e-02 2.3710221684e-02 2.9656944910e-02 2.3506186278e-02 -1.9311681320e-02 -1.5743000946e-02 -3.1226749635e-02 -4.9493192065e-03 -3.7621225682e-03 4.6210680543e-02 -3.6427291433e-02 -2.4682116380e-02 1.1005596214e-02 -2.7209820980e-02 1.8484980153e-03 -1.0883102472e-02 -9.2009447778e-03 3.3899246067e-02 1.4434352970e-02 2.5766187344e-02 -1.4758625929e-02 5.2019108322e-03 -9.8678492302e-02 -3.4026752320e-02 6.5133108989e-03 1.0335159087e-02 -2.6159234817e-02 1.1817663585e-02 5.3352870611e-02 -1.2499214496e-01 2.7730959998e-02 -1.0005055815e-02 -1.2431974457e-01 -1.8154637242e-02 -1.0661997626e-02 3.5294043757e-02 -4.0246012262e-02 -1.6609374059e-02 2.2920706990e-02 -4.9308138638e-02 5.3839927064e-02 -1.3148639511e-02 -1.5271936597e-02 -6.5370581992e-03 -3.7736947699e-01 3.8117458108e-02 2.6751008701e-02 -1.9670795147e-02 -1.2317139030e-02 -1.7017519322e-02 3.8172359066e-02 -1.7954973083e-02 6.2364809473e-02 5.1191526483e-02
-1.0938327947e-02 -4.2606529309e-02 4.8062345869e-02 -3.9969607304e-02 4.6404425149e-02 -6.1591280949e-02 -3.2652331339e-02 1.1699492636e-02 -1.2485190354e-01 -1.0021936274e-02 4.6390487337e-02 1.8769078770e-03 9.3350648665e-04 -4.4669717477e-02 -3.3440546032e-03 -7.2915690953e-02 1.7690848469e-02 2.4906880029e-02 -6.5776695905e-02 1.9063821100e-02 -4.4395937193e-03 8.3425668021e-02 4.5398607576e-03 2.2097846170e-01 2.1480057818e-02 -1.0200160245e-01 1.7191162607e-02 6.7052553304e-02 7.0471990833e-02 -2.6667419684e-02 2.1933534576e-02 7.8693676403e-02 -1.6018997620e-02 -2.7819574029e-02 -8.9770814454e-02 -2.3310712165e-02 1.7509932096e-02 -1.3606240883e-01 -1.9196010787e-02 -4.1561600825e-02 -7.4076199251e-02 1.7984181002e-02 4.0082957637e-02 7.9386728163e-03 2.4166860026e-02 -1.1410504985e-02 -3.7129575836e-02 -1.8921431434e-02 -4.4470184440e-02 -4.7913362443e-02 2.8400619368e-02 -2.3940389575e-02 -3.4100522537e-02 -8.1520329097e-02
2.8130309812e-02 3.4635981830e-02 2.6673591963e-02 -2.9772553859e-02 2.0887563088e-02 3.8221967645e-02 7.9193399761e-02 1.7958921269e-02 2.7762384517e-02 9.6278259715e-03 -1.1336961150e-01 -3.3421776548e-02 -4.0610377139e-02 -2.3748980370e-02 1.0616454448e-02 1.9594098431e-02 -7.3878615891e-02 4.2343388936e-02 -2.5204905731e-02 -2.9608834045e-02 1.9808084639e-02 -3.6327842313e-03 3.9541521068e-02 4.7369413813e-02 7.7994003660e-03 -2.1546511794e-02 6.9556564905e-02 3.8458345800e-02 6.9590078727e-02 -3.2988606604e-02 2.6069914977e-02 -6.6003436836e-02 8.8715446018e-02 -7.3874731116e-02 5.4315322413e-02 2.6239410419e-02 8.4488260436e-02 5.0943789435e-02 -2.6383850784e-02 7.5816912934e-02 4.2342529271e-02 -4.6006723571e-02 1.9287961019e-02 -5.5070119936e-05 -4.6828011176e-02 -4.3782270219e-02 -2.6471629507e-02 -3.7361131395e-02 -7.2177994558e-02 7.9823905779e-02 7.4552251124e-02 3.4339394027e-02 1.8692885187e-03 1.0542583080e-03
-3.3570582377e-06 -5.9626990562e-06 9.2932766288e-05 8.0087971593e-05 1.5479894746e-05 1.5751296939e-05 -8.1959912287e-05 -4.0953744267e-05 6.2703099704e-05 -3.0860306948e-06 5.2517426515e-05 6.7713421309e-06 2.4344552417e-05 5.1904447594e-05 1.4207321173e-06 -2.2884015336e-05 -6.1995660026e-06 -3.5862197216e-06 8.2215326852e-05 4.2419054312e-05 -4.4660459582e-05 -5.0289794385e-05 2.6233303881e-06 -1.4742107705e-05 5.1712851691e-05 3.2164937185e-05 6.0878825499e-05 -1.2043041593e-04 3.6891596836e-05 1.3858898429e-05 7.9023255649e-05 6.0874602988e-05 -4.0576646495e-05 6.6096602338e-05 -4.4671206542e-05 1.2919266090e-05 1.8452715358e-05 -2.2815974522e-05 -9.5749877623e-05 -2.8020575666e-05 -1.1151609755e-04 -9.0323879626e-05 -4.7701479054e-05 -1.3135051888e-05 -4.5462763013e-05 8.0616570465e-05 8.1545990158e-05 -6.8589288881e-05 5.2924074479e-07 -1.6575146159e-05 8.1065310033e-05 3.9226621402e-05 4.7295491188e-05 8.0179356435e-05
-5.7698241322e-02 -8.4671578388e-02 2.6848197868e-02 -1.6333134530e-02 -1.4684306484e-02 9.3879486389e-03 4.2899642336e-03 -4.6886355866e-02 -1.8243307522e-02 3.4625636905e-02 -3.0056672875e-02 5.2072666998e-03 -2.7528339061e-02 -5.6057894447e-02 2.9167492258e-02 2.8951638908e-02 -3.4384644584e-02 1.6937455893e-02 1.7850180625e-03 3.1882965189e-02 6.8862593298e-03 -6.0714006721e-02 5.8313641103e-02 4.4707630874e-03 -4.8185132349e-02 -7.6654583466e-02 1.8103624760e-02 -4.6256968974e-02 -3.7456876773e-03 5.1868613850e-02 2.1423436010e-02 -9.8378795139e-03 -1.2739341858e-01 8.6438177703e-02 2.5799317436e-02 4.6836143512e-02 -1.0542121535e-02 5.3714277491e-02 -2.4805414237e-02 8.2757937849e-02 1.5575202292e-02 3.9835649189e-02 3.1832152809e-02 4.1380241040e-02 -6.7193465314e-02 -5.1515979112e-02 8.1432168074e-02 -8.3646371508e-03 -9.6407541167e-02 3.6548607237e-02 -1.4821137775e-02 -7.3025054200e-02 -3.9680380633e-02 -5.0277044458e-02
-4.5990970544e-02 1.9445323646e-03 2.0103320343e-02 2.2226000714e-02 -3.0848587896e-03 3.1882542911e-02 3.3254679283e-02 5.7049938690e-02 -4.3877349786e-02 -1.3183526660e-02 -2.8498403791e-02 6.6810583053e-02 6.3935430008e-02 4.2514166682e-02 9.5419933148e-02 -9.2300007912e-03 -2.1545141136e-02 -3.1115973998e-02 4.8563077118e-02 9.4520169870e-02 -7.0360688153e-02 -3.2098997400e-02 -1.3319314520e-02 2.8908966682e-02 5.6208038148e-02 8.1230547765e-02 2.2529911422e-02 4.7141088809e-02 -5.1767632809e-02 1.1630507853e-02 -5.3318066513e-03 -4.3649572954e-02 -3.0234900866e-02 -7.3538570187e-02 -4.7523260845e-02 -8.7751358872e-03 -1.4727987615e-02 4.1479312764e-02 -7.5468995002e-02 -1.3296059709e-02 -1.9364280012e-02 -1.6536191112e-02 -2.8356635524e-03 1.5743395606e-02 -1.0657072866e-02 -2.5870786937e-02 -2.3505548170e-02 -4.5702256889e-02 6.5478974877e-04 4.0045112610e-02 7.8696777013e-03 -3.3699148432e-02 4.8854968104e-04 -5.6978339700e-02
-2.4396894663e-01 6.2520380793e-02 -1.9525589654e-02 -5.7873227020e-02 -1.0025084675e-03 2.9126061440e-03 -8.6856887639e-03 3.1230176613e-02 4.3814073022e-02 3.2746434494e-02 3.5127059522e-02 3.1384423569e-02 -9.3698458940e-02 5.0707334620e-02 -5.0941621787e-03 3.3888453110e-03 2.0487420005e-02 1.4850231816e-02 8.6092356772e-03 -8.7194482486e-03 -9.5455950653e-02 2.4135005582e-02 3.7188986925e-02 5.8619837190e-02 1.4274040761e-01 -3.0167471740e-02 -5.9456819422e-02 7.5678243619e-03 -5.3412804710e-02 3.7252821900e-02 3.8419179862e-02 -3.3433680768e-01 -1.1285727033e-01 -2.0355548680e-02 7.4301260228e-02 2.2553241864e-02 6.2919754976e-02 5.8686784726e-02 2.1519564680e-02 -6.5201475342e-02 -1.4046252496e-02 -1.2714575647e-01 -4.5541034403e-02 6.2843806275e-02 -1.5771861712e-02 5.6032515613e-02 1.6642433861e-01 -9.1270801540e-03 -9.6448063388e-02 -1.4157578232e-01 -1.6068974053e-02 2.7902731262e-02 1.3195385078e-02 -2.8387402491e-02
5.1492716702e-05 -1.1487752464e-05 4.3553023538e-06 -4.3957886736e-05 -9.8361223387e-06 7.9731530709e-05 5.9310217224e-05 5.8218220385e-05 -1.2149909911e-04 -8.0274231851e-05 -1.9587554886e-05 6.5403964557e-05 -1.5747993608e-05 2.8097893276e-06 -3.2771944292e-05 -1.3907656307e-04 6.4504143112e-05 4.7828496576e-05 -1.6729851961e-05 4.3192509106e-06 1.1899023566e-04 6.5715150435e-05 1.3451266422e-05 -2.7970741513e-05 -1.6922894625e-06 -7.5252134123e-06 -4.6797258924e-06 -5.2192656233e-05 -2.7173757781e-05 -1.3131231251e-05 7.0511263982e-06 -1.2730509148e-04 5.5463140497e-05 -9.4950773675e-05 -8.8373982965e-05 2.1938310309e-05 -1.1050608914e-04 -3.6379633131e-05 -5.8358907714e-05 2.0374251826e-05 -3.7027472707e-05 -5.2977284506e-05 -2.2563491740e-05 -5.3879750215e-05 6.0521152413e-05 -6.2628756937e-06 -5.4324811259e-05 -1.0285002164e-04 2.4745337115e-05 1.0108542986e-04 -9.3743834027e-05 -9.0953539891e-05 1.1240840340e-04 -6.2428031144e-05
-4.3041482500e-05 5.9250480206e-05 5.9560957817e-05 -4.8610106770e-07 -5.9650119185e-05 -5.1124591703e-06 -4.0925116010e-05 -3.8014249027e-05 9.6160046016e-06 -3.0520248682e-05 -7.7226805631e-05 -3.4300933310e-05 -7.3323751698e-05 3.1917237135e-07 -5.9747677723e-05 2.3772471743e-05 7.7899095916e-05 -6.0442736995e-05 -5.2117461063e-05 3.1439383487e-05 6.8352438562e-05 -4.5659098760e-05 -8.5220299344e-06 1.9976741475e-05 6.3041962394e-05 -1.7564569555e-05 -2.9799513562e-06 -8.8344812060e-05 2.6944545849e-06 5.1822493360e-05 -9.2607824616e-06 -7.8710857490e-05 2.6705676725e-05 3.5487927188e-06 8.9550779789e-05 -5.7289607482e-05 -8.8899144758e-05 7.3968492926e-05 -1.1698167452e-04 -2.6248200816e-05 5.5362863335e-05 1.5813886338e-05 -9.2685973616e-05 -3.1890184570e-06 -3.0685028261e-05 -2.3451502082e-05 -5.0941638854e-05 -1.3589302279e-05 -7.5064557708e-05 -8.6140190527e-06 -1.8280978225e-05 8.2446560334e-06 -8.8884917729e-05 9.4577584720e-06
4.0525558157e-05 4.3793560443e-05 -1.0112467202e-04 2.4277749060e-05 -1.3398768787e-05 -5.4306171083e-05 -7.4321211866e-05 3.4164384047e-05 5.4774525687e-05 1.0889489044e-05 3.5796898019e-05 3.1807873839e-05 -3.1066890579e-05 -2.2789300384e-05 -1.1467987133e-04 4.4761566967e-05 1.4260625691e-06 9.9698401094e-05 2.9369175598e-05 -6.1106254222e-05 -5.0800726960e-06 -8.8372936132e-05 -6.4261876381e-05 5.8858779115e-05 -6.4457015968e-05 8.8723285545e-05 -2.3141961964e-05 -8.5409081421e-05 2.9569964664e-05 -1.1046534775e-04 3.0242063836e-05 1.6539114422e-05 1.1816299312e-05 4.2856669882e-05 -6.5558552945e-06 -5.3876857839e-05 -1.6647400941e-04 -4.4300953399e-05 4.4434733919e-05 -4.7290163479e-05 6.5368599456e-06 -5.2938237627e-05 5.2915684933e-06 6.2118174218e-05 -1.0700335680e-04 -2.9780121828e-05 1.7011250039e-05 1.8947317892e-05 -4.6726414217e-05 8.2361226164e-05 -1.3337186514e-05 1.2384470302e-05 -3.2167614587e-05 -7.0425277477e-05
8.7209203927e-07 7.3885700766e-05 8.5330588583e-05 -3.6180203862e-05 6.9236020482e-05 2.3948077331e-05 7.1353609987e-06 6.2668580080e-05 1.8786540489e-05 1.5531948923e-04 2.3130452443e-05 -3.2077197416e-05 1.7258016104e-04 -8.3691917466e-05 -8.1935743663e-06 1.4463618988e-04 -3.2565141799e-05 5.5577279393e-05 2.3339248830e-07 4.3182217080e-05 -6.7930768059e-05 3.8239010656e-05 6.0593550891e-05 -4.6739918925e-05 -1.2640085761e-04 3.2300539432e-06 6.8463056351e-05 -1.2672781990e-04 -5.6943292466e-05 -1.1389352984e-04 -2.2385409286e-05 -5.2373434212e-05 -1.8298381219e-05 -1.9426330675e-05 3.3168149590e-05 8.6157743831e-05 -5.6198670789e-05 -4.9089402392e-05 -6.3614798032e-06 -8.9874684018e-06 3.1100365181e-05 5.9770127591e-05 -4.2855408061e-05 1.7025954110e-05 7.5773458800e-05 5.6379316524e-05 -1.1504112840e-04 1.2912349838e-05 -1.0053363371e-04 1.9539892419e-05 6.0514228623e-05 -2.4707249594e-05 8.0084726417e-05 2.4231174478e-05
-5.0577993134e-05 -2.4760430180e-05 -1.8603013837e-05 -6.2765873562e-05 7.5622124835e-06 -2.9293644407e-05 -6.1004835155e-05 -8.8645632031e-06 3.4839269631e-05 -4.9440463328e-05 5.7937924686e-07 -5.5174504356e-05 -1.1897161481e-05 3.2541225725e-05 -1.0019615726e-04 -7.8827408148e-05 -2.1625054315e-06 -8.5799822155e-05 -2.2605751954e-05 3.9581920850e-05 -4.9412854831e-05 4.9581453328e-05 1.1460073283e-05 1.0437258067e-04 -4.5338943734e-05 4.5133815544e-05 2.5339373870e-05 -1.5432403804e-05 -7.0130556762e-05 3.9310232549e-05 -1.5560054911e-05 5.1390557296e-05 3.4750991032e-06 -1.4534290570e-05 -3.7648599120e-05 4.8991625926e-05 4.7359447427e-05 -2.4729329214e-05 7.5094590017e-05 5.3524561599e-05 -1.3835966634e-05 -4.7472178800e-05 8.3969452264e-05 8.7826337660e-05 -3.0977949193e-05 3.9787991209e-05 3.4173750151e-05 -2.6334968189e-05 -7.5045396936e-05 -2.4540809788e-05 -1.6141847649e-05 5.4918598659e-05 4.8689175554e-05 1.2681382981e-05
-5.4326642125e-02 -7.5364001617e-03 -1.7433757514e-02 -1.6001072773e-02 -6.0847054980e-03 6.0682246335e-02 -8.1945799031e-02 1.5841383594e-02 -2.6071089311e-03 -2.5570601500e-03 -5.3030563911e-02 1.7886898568e-02 -7.2449427429e-03 4.3106524302e-02 2.2682684211e-02 9.5908091784e-02 -4.8940028692e-03 -1.5570232462e-01 -6.9523337282e-02 1.1603979435e-02 -2.9558962858e-02 1.0247500826e-01 4.4340733012e-02 -1.2819491092e-02 -2.6593775511e-02 1.0917780257e-01 -9.0437947552e-04 -1.1939619154e-02 1.5642180884e-02 -6.1558029790e-02 -2.5444800650e-02 5.0991910289e-03 2.8067777753e-02 -6.8219868202e-02 2.8202299704e-01 3.5112672164e-02 -2.8998756864e-02 -6.5399415118e-02 -1.4569360185e-03 4.5554426748e-02 -6.1185743737e-02 1.5255619140e-02 2.0635797387e-02 3.5042128722e-02 1.4412941591e-01 4.4448822570e-02 3.6980094698e-02 -5.2722318556e-03 4.2184281835e-02 -2.3869011999e-02 -3.8808358885e-03 3.3953310106e-02 7.7985998358e-02 -9.9543794116e-03
-4.5583667395e-02 -3.9497730691e-02 1.7289079367e-02 -2.6479332473e-02 2.5254687745e-02 8.1125668050e-02 -3.7404663367e-02 7.5054362802e-02 5.8604686788e-02 7.0211593933e-03 -4.0552056523e-03 2.5485318914e-02 -7.8579873156e-02 -5.5651771034e-02 -1.9223469670e-02 6.4018770640e-02 2.9443309492e-02 4.1902144545e-02 -5.3950033670e-03 -7.8248579887e-03 1.8390015067e-01 4.9839952003e-02 1.6988445454e-02 9.7171949693e-02 9.0830936540e-02 -3.3407461484e-02 -1.9750414247e-02 1.2834605337e-03 -2.9855581433e-02 2.1660577476e-02 -9.2679824230e-02 -1.6911690048e-02 7.6365528035e-02 5.8415438346e-02 -3.5736268704e-03 1.0597874958e-02 -3.7720712253e-03 1.2342978835e-01 -1.7173687250e-02 -4.4500423678e-02 -4.3302851351e-03 -1.1185232365e-02 -1.1751403736e-02 -4.8196387245e-02 8.0670020868e-02 -1.2426979395e-02 2.0130234353e-02 -2.1347297752e-02 -4.1383665208e-02 -5.2107732325e-02 -1.2670160120e-01 -5.4032771044e-03 4.4491078919e-02 -1.9328439785e-02
1.1379697563e-05 7.0024699001e-05 -1.4303030587e-04 6.8667109395e-06 -6.3681297463e-05 -1.2009047529e-06 -1.1091034366e-04 9.1006440648e-06 -3.1546543841e-05 -8.9200109600e-05 1.1075868508e-04 -2.8276253223e-05 -5.9988365664e-05 -1.1344674106e-05 -2.8894770726e-06 -3.7164909764e-05 -3.5573958835e-05 3.6170447551e-05 2.3146609395e-05 6.5969807555e-05 -1.6334681452e-06 -9.2407265752e-06 -3.3141029192e-05 8.3686721689e-06 -2.6108194800e-05 -6.3578402126e-06 -2.9047342950e-05 -7.8895998846e-05 3.7779645901e-06 6.8587721284e-05 2.6237371144e-05 6.3809583818e-06 -3.7275673786e-05 1.3866818309e-05 -3.7579664706e-05 -8.2257507484e-05 -5.7113511370e-05 -9.8247702817e-05 -4.6748196793e-05 -1.5904913636e-05 -3.7744057994e-05 1.0350936945e-05 -1.6612226387e-05 -2.9757762210e-05 -1.8057401382e-05 9.5234571296e-05 5.3493837470e-05 1.1215895472e-04 -7.0095674649e-05 -9.4694470252e-05 5.4981474869e-05 8.5134339673e-05 -1.1737458326e-04 -1.3773707681e-05
-1.5755434228e-07 -8.7987704447e-05 -1.6857444221e-05 2.5752677130e-05 -6.5624688224e-05 -1.9993788916e-05 4.2726063171e-05 6.8336017989e-05 -5.3657887418e-05 -7.3025981599e-05 1.2456826203e-04 3.0929609407e-05 -2.8513830769e-05 -3.5524988225e-05 6.6491523020e-05 -7.8831543107e-05 9.9993912152e-05 2.7513896257e-05 -1.7853823137e-05 1.7012853779e-04 5.8367103910e-05 4.3279956971e-05 8.1552535900e-06 1.0522257822e-05 -2.8316563862e-06 1.8079589597e-05 6.7710664546e-05 6.9568363710e-05 2.4533741008e-05 4.3523147717e-05 -7.0666807651e-05 -3.3336224920e-05 -7.0441629195e-05 -6.2953241395e-06 -3.8236681508e-05 -2.0923812356e-06 -8.2359115680e-06 -2.9549062282e-05 3.9673581315e-05 4.5114412113e-05 -2.9172816969e-06 4.9445652950e-05 1.4662606540e-05 -7.3018376208e-06 7.8297868284e-05 7.7252768789e-05 3.3879638663e-05 1.8890378078e-06 -5.2171301446e-05 -1.4932611367e-05 3.3156529291e-05 2.8089766540e-06 -8.0516600601e-05 4.7204384832e-05
3.0115405333e-05 9.8949980434e-05 3.1939728173e-05 -9.8832738529e-05 1.2568949276e-04 -5.7370642283e-05 3.3862949108e-05 8.0228767262e-07 2.6333376352e-05 3.0072580011e-05 3.7829426494e-05 3.0763947282e-05 -1.9327488728e-06 7.8836411063e-06 1.6707047681e-06 -1.3563949956e-04 -1.2305509844e-04 9.8144230846e-05 -7.4557863044e-05 -4.9450767333e-06 3.9670929163e-05 -9.3023746531e-05 4.9278679287e-05 3.8333495193e-05 9.5868941885e-05 1.4684144043e-04 4.3796727829e-05 -4.6094349747e-05 3.5613184764e-05 1.8667695934e-05 7.9025746974e-05 -4.6019069343e-06 -3.8423270357e-05 -2.2215257325e-05 5.2798921360e-05 1.1536042966e-04 2.8512930212e-05 6.5457857576e-05 4.4509714101e-05 -7.6053733138e-06 7.9133484668e-05 2.5379252216e-05 -2.0916350635e-05 -5.6007775122e-06 -5.7647807801e-05 -6.6181108078e-06 -9.1239092863e-06 -4.5805715573e-05 1.4994841990e-06 -3.3469370026e-05 8.0118147699e-05 -3.2923630833e-05 -2.5147346156e-06 -6.1028114836e-06
9.6195788544e-05 -1.4292004895e-04 2.6810132577e-05 2.5936248471e-05 4.2159868082e-06 1.1778701339e-06 -1.5638356974e-05 -1.0904130196e-04 2.9635439278e-05 6.0778702171e-06 -1.5376587619e-05 -3.9151127884e-05 -2.4295991068e-05 8.8510677043e-05 3.8162141456e-06 3.2479548596e-05 -1.0184316255e-05 -3.7925335747e-05 1.2009541262e-05 -3.0539836420e-05 -5.7288646500e-05 -2.3898646924e-05 6.1897011611e-05 -2.0714802137e-05 4.5575196009e-05 9.1242593335e-05 -1.8233569562e-06 -3.9369352638e-05 -6.2392849937e-05 4.9636299371e-05 1.1350291920e-04 -9.8007873905e-05 -2.4004853875e-05 7.6115862880e-05 -1.8421340746e-05 -6.5391414295e-05 4.9299054788e-05 2.3103510076e-05 -1.0581560634e-04 2.2751936800e-06 2.5416965950e-05 -1.8599143644e-05 -2.6390954231e-05 5.8380705003e-05 6.4361686545e-05 -8.5548451946e-05 4.1270864659e-05 4.1571884301e-05 -9.2171359002e-05 3.8859398109e-05 4.8637442273e-05 -9.7350338895e-06 6.2733700632e-05 -3.9954820096e-05
1.2219988036e-02 5.7048174945e-02 -5.0697168152e-03 7.9213431700e-02 -1.5305665248e-02 3.3598553800e-02 4.8534225964e-02 3.0496996037e-02 3.7653574245e-02 9.8014346134e-03 4.5663929209e-02 -5.7054154504e-02 2.7261529452e-02 -5.2747479905e-03 5.1208442903e-02 1.3183309377e-03 9.2055425970e-04 -4.3948804760e-02 -3.3519264954e-03 5.4828626049e-02 -9.6447866505e-04 -3.2995202664e-02 5.4500993833e-02 -2.3584797531e-02 -4.7612512234e-02 -1.4762329347e-02 3.9591423320e-02 2.8290383854e-02 -2.2439831582e-02 3.5157555022e-02 -3.4383354253e-02 8.4220758465e-03 1.2992269415e-02 2.8731239639e-02 -1.2309677696e-01 3.9704507861e-02 3.4844556371e-02 4.5018345809e-02 8.1348164513e-02 2.7757185244e-02 3.3931604926e-02 9.1921782692e-03 -3.3804137328e-02 -6.0712018306e-03 1.3146306582e-01 9.7411204589e-03 1.8578503938e-02 -1.6666227543e-02 4.6683193248e-03 1.4678205701e-02 -2.9597069940e-02 5.3644613788e-02 7.2236255881e-02 -1.2931170998e-02
-9.3582586517e-02 -9.8655319339e-02 5.8763886875e-02 2.0922311094e-03 -4.8908639384e-02 2.1585068882e-02 -6.3825790835e-02 3.0940385062e-02 1.9639004388e-02 -2.6037309272e-02 -3.1488877966e-02 5.9924817706e-03 -4.4468973314e-03 4.9161716746e-02 7.2812289724e-02 -2.9417221039e-02 4.1919822507e-02 6.8890676342e-02 4.6224611262e-02 -9.0052080345e-02 5.7643257479e-02 -6.9994232722e-04 -3.0648196163e-02 3.1100302708e-03 -6.6083903188e-04 -5.2650398196e-02 -1.1935227190e-02 -1.4520835504e-02 2.3183372770e-03 -5.3986947853e-02 1.7340863817e-02 -4.1375689203e-02 8.5199350068e-02 -1.9477798629e-02 -9.5693670597e-03 2.7190660580e-02 -2.2512918264e-02 6.3466945576e-02 -9.5412294416e-03 2.3918120145e-02 2.4511143156e-02 -4.5324166708e-02 1.9291984209e-02 -3.6089443413e-02 2.7456022465e-02 -4.9838817723e-02 3.0133114617e-02 -3.9278368237e-02 6.1940197078e-02 2.1779425832e-04 1.0399971201e-02 7.3514574785e-03 6.1710968626e-02 -3.2311964092e-02
-3.7862383975e-02 -6.1642411770e-03 -2.8349651411e-02 3.3136517834e-02 -5.2816175681e-02 -2.4761971006e-02 4.4869070804e-02 2.8083223080e-02 2.6337082307e-02 -4.4784886552e-04 -2.6765748782e-02 7.4524312570e-03 1.5353683211e-01 -1.1674832555e-01 3.9433057463e-02 -2.2651448380e-02 1.9700732921e-03 1.8546824420e-02 -4.1871090098e-02 1.4426326921e-02 -3.4705420784e-02 -4.0985667940e-03 3.1518585490e-02 1.5720945636e-03 2.0384340950e-02 6.4715050018e-02 3.0390750009e-02 2.1600114308e-02 4.4679395866e-02 -1.7506294488e-02 -3.9486826373e-02 -5.2917628109e-02 3.3747404657e-02 1.0751177198e-01 1.3207591798e-02 -3.7001634173e-03 9.6846010516e-02 7.5570729373e-04 -2.7109575133e-03 5.6958315633e-02 -2.0556339220e-02 -1.5868282384e-02 3.4665491539e-02 -5.7140309707e-02 3.6730747768e-03 7.1610978105e-02 1.3772999722e-01 -2.1504886871e-02 1.8935080733e-02 -1.7579428911e-01 -4.7827348191e-03 4.6534871553e-02 -1.1247902766e-02 3.0826206722e-02
1.3232770820e-06 -2.5595413644e-05 -1.3972213878e-04 -7.9439344035e-05 5.9785407913e-05 6.8655807484e-05 -5.3957102601e-06 5.3872170382e-05 7.6201934591e-06 -4.7894703648e-05 2.9543522673e-05 -1.1207618286e-04 9.9650722195e-05 -8.8213384921e-06 -1.1570896827e-04 6.0975605611e-05 2.0262047456e-05 9.8160789169e-05 -6.7345636122e-05 1.2746472386e-05 9.8914639095e-05 -1.8117525850e-05 8.5125315214e-05 7.6435255658e-05 -5.4075701662e-05 -7.7338197791e-05 -1.1855043921e-05 2.5410852614e-05 -1.2561749024e-05 3.1399852666e-05 5.0341508756e-05 -1.2968417408e-04 -9.9156418984e-06 1.1239927224e-04 -6.3236059479e-05 8.1984661641e-05 -1.0859157238e-04 1.8949213648e-05 -9.6263386995e-05 1.6749039941e-05 5.6791893932e-05 -3.0545740388e-05 -7.6921748418e-05 1.4132875161e-05 -2.0494599511e-05 -6.0173280573e-05 5.6223875870e-06 -1.3846445309e-05 3.1866474981e-05 -4.8012812720e-05 -6.2524681460e-05 1.7870505261e-05 -3.1845450362e-05 -2.3403261092e-05
9.0592846709e-05 2.3243255842e-05 -6.4866884456e-05 -3.4764685458e-05 -3.1280226436e-05 4.5538303044e-06 -1.8581378250e-05 7.2063524701e-05 1.2280643893e-04 5.1179287298e-05 -3.4602223658e-05 -5.3384380993e-06 1.9928168104e-05 1.9341329210e-05 3.7654644321e-05 4.5481873302e-05 -4.1814314166e-05 5.0616134950e-05 -1.7301765148e-05 3.9777879583e-07 -4.7628096404e-05 -4.0784749510e-05 -3.6900240595e-05 2.7738772006e-05 -5.7553676424e-06 -6.5227404952e-07 -2.7180907534e-05 5.5648175101e-05 5.7119030016e-05 3.2627911540e-06 -2.8690582778e-05 6.9825968782e-05 -1.6662671326e-05 -2.0316322655e-05 9.0528317416e-05 -3.9396971508e-05 6.4927460388e-05 -1.7288706251e-06 -7.0526439185e-05 3.9474437746e-05 2.8958386954e-05 1.1000316501e-04 -2.1560933789e-05 6.7501660982e-05 4.0922805025e-06 2.7554743530e-05 -7.4761224639e-06 -9.3244305954e-05 -5.1989820311e-05 -1.0957959574e-04 -4.0098192306e-05 2.0699310455e-05 -7.5061206487e-05 -1.0567203660e-04
-7.8937429540e-02 3.6098043086e-02 -3.9398940829e-02 -2.3968999872e-02 -9.1066197033e-02 4.2729084959e-02 2.8314627017e-02 -3.9361933859e-02 -2.2984647556e-02 5.6359590612e-02 -1.9395127326e-02 4.3091309800e-02 -2.8151737784e-02 -1.3681772989e-02 -2.3256150216e-02 6.1413044586e-02 5.4205462414e-02 4.2984623257e-02 -4.3586067610e-02 1.4976671724e-02 -3.8674718865e-02 -6.4734170292e-02 -4.9500840484e-02 -1.4071706570e-02 -2.0061502608e-02 -7.3571489231e-02 -3.4427250321e-02 -2.2869197087e-02 -2.8524548406e-02 1.6892544874e-02 -6.7111191633e-02 -2.5515250299e-02 2.5841018395e-02 -1.8000601799e-02 1.1493544215e-01 1.6235903089e-02 5.5036422366e-02 4.1282685642e-02 -1.7313274530e-03 -4.0542842531e-02 1.1576140762e-02 -7.8505764258e-03 -1.5475401306e-02 -6.1692876760e-02 9.1763658864e-02 -6.4667527726e-02 1.3903648032e-03 -1.0487780640e-01 -6.2308451230e-02 -3.5771401425e-02 -9.2449119174e-03 4.2037660306e-02 3.2970792108e-02 3.5590042848e-02
1.0716086906e-02 1.5925694040e-02 3.9488564006e-02 -7.6959749979e-02 -1.0284846175e-01 1.5758008561e-02 1.8712578822e-02 -5.6321877295e-02 2.2406420837e-02 -6.2971544525e-02 4.0684686224e-02 7.3828746779e-03 6.2945743622e-02 8.2983015803e-02 -7.8110707921e-02 3.9169109665e-03 1.4922388363e-02 2.6344679992e-03 -5.5369057906e-03 -5.7529724915e-02 8.2550367811e-02 -7.0684903338e-02 3.2865716629e-02 1.9854420963e-02 1.9896969044e-02 -2.6414013822e-03 -5.9152669504e-02 5.4943487477e-02 3.4641894872e-03 -5.1773995645e-02 8.9738895263e-03 2.2855352869e-02 -2.3344893191e-02 1.0608952510e-02 -2.7286545213e-03 4.2411599748e-02 1.2761119448e-02 -7.7106565360e-02 -4.2645182834e-02 6.8351357675e-02 2.4255828406e-02 1.2355756472e-02 -8.5790868192e-02 1.6699242068e-02 1.5651875386e-02 3.1881749123e-02 4.3171507146e-02 -8.8162316043e-02 -7.2269120937e-03 4.8872766989e-02 3.0011167919e-02 5.1606335426e-02 8.5881108043e-04 -6.7670435715e-02
-4.7349555968e-02 9.3514161829e-03 -2.1302931066e-02 -5.9999420385e-04 1.5708867620e-03 1.1632459140e-02 -1.2832634972e-02 -4.7772814485e-03 3.8862789892e-02 3.2620593755e-02 -9.0519394499e-03 1.5394861481e-02 4.4404573759e-03 2.8068208073e-02 -4.7074293879e-02 5.6942894805e-02 -5.4189946778e-02 5.7000274168e-03 -4.2193732263e-02 -5.7183171638e-02 3.0184050802e-02 9.6752826847e-02 -2.8771129274e-02 -1.1035304271e-01 -2.4623361769e-02 3.3429268706e-02 3.7581175709e-02 2.4996066049e-02 -4.1898723260e-02 1.5750124326e-03 8.8323597323e-02 -3.6201098052e-02 -3.6987079468e-02 2.1832441264e-02 -1.4626888478e-01 -5.6279819340e-02 -1.7452791250e-02 -5.2714799727e-02 -6.4673136198e-02 -1.2030091381e-02 1.8923391296e-02 -4.5304415063e-02 6.0346958469e-02 2.0449456170e-02 5.1983721949e-04 8.4720401672e-03 2.3556838684e-02 6.1762051130e-03 -4.8136911400e-02 -3.5639209157e-02 -4.0039911899e-02 5.1221796295e-02 -1.1605539456e-02 -6.3659601053e-02
2.4244164017e-02 -4.0216999806e-03 3.0742791044e-02 -1.6798110189e-02 -3.1651306726e-02 5.1819948450e-02 -9.4326330077e-02 -2.9928500160e-02 1.3067301575e-02 -2.6966028959e-02 -2.6634732912e-02 3.2293786604e-02 -4.8754303028e-03 -2.9088617171e-02 6.3150528461e-02 -3.5863339838e-03 7.7531221631e-03 2.0326578135e-02 2.4261370319e-03 -8.6554197654e-02 -2.4664140015e-02 6.2127072156e-02 -9.4622962405e-03 -1.3749868980e-02 -1.7652636549e-02 1.3121274387e-02 -2.7196081457e-02 8.2983733295e-03 6.6096662811e-02 3.9055600481e-03 -1.6841421258e-02 1.6657082143e-02 4.1937028355e-02 4.1459047191e-02 -5.7226396753e-02 -1.2009201199e-02 -1.5082223635e-03 -2.7163535244e-02 4.6704049534e-03 -1.5583532459e-02 -4.7173000099e-02 3.9016477400e-02 4.0449428981e-02 2.9705436495e-02 5.1705863867e-02 8.7975528492e-02 -5.6030807409e-02 -5.1792808849e-03 -1.0866956121e-01 4.1723259999e-02 -2.5066864041e-02 1.7853224554e-02 2.7710015889e-02 1.6621086408e-02
4.2589134398e-05 -2.8973089268e-05 6.0494400847e-05 2.3948141456e-05 1.5304221842e-05 4.1133393367e-05 -5.4253457221e-05 -1.2221202994e-05 -2.2590105719e-05 9.5177397901e-06 -3.5737937807e-05 -7.3866384453e-05 -5.6509303264e-05 -2.0382563263e-05 4.2812826287e-05 7.2685724367e-05 1.3598557133e-04 8.7704141533e-05 -4.4092501039e-05 -5.8941135915e-05 -4.9039476022e-07 -2.3720203214e-05 -1.8563234770e-05 -8.3352617498e-05 5.3517024331e-05 4.3461519749e-05 -2.3422849200e-05 6.2951217863e-06 3.8025351805e-05 4.1207629585e-05 -4.7557453381e-05 -1.5994117825e-06 9.9059500474e-05 -2.9057170736e-05 -4.9114281495e-06 4.4115908673e-05 -1.3065931774e-04 -7.5451979250e-05 -6.9439655696e-05 2.6647592678e-05 -6.1486596280e-05 -7.1414760032e-05 1.7333805486e-04 -1.7132963572e-05 -3.0661819137e-06 -5.5570716531e-05 -9.7486063312e-07 -9.1719643951e-07 -8.7186935459e-05 2.6080834142e-05 -1.3277558652e-04 -2.6229631233e-05 -6.3361844827e-06 -5.4520658208e-05
-2.7180519172e-02 -2.6277681903e-02 3.7767062559e-02 4.6223540187e-02 3.6236386244e-02 4.1420619569e-02 -2.6180581199e-02 -2.6831909897e-02 -1.2034566691e-02 1.0476086213e-03 4.7629070731e-02 -6.1485129864e-02 -5.6452808665e-02 -6.5654771930e-03 -4.1646011287e-02 -5.0789647872e-03 5.9133623901e-02 -8.0981106929e-02 -1.7819221147e-02 3.3152734153e-02 3.6141038113e-02 -1.8833409714e-03 -1.1095979036e-01 3.8371055447e-02 -1.2074563332e-01 -2.2751188051e-02 -1.2187864939e-03 3.9139512928e-02 3.7171682572e-02 -2.4633963656e-02 -3.7310183410e-02 2.3341743055e-02 6.3849290427e-02 -4.9138481618e-02 -5.3958620952e-03 1.7436042006e-03 2.8111443034e-02 -6.3770739336e-03 -4.7009071050e-02 8.7474936846e-03 1.3589792675e-02 6.2388689702e-02 2.9539594371e-02 3.7813057206e-02 -1.5666038633e-02 -7.2042694991e-02 -2.9818802918e-05 -1.6468406404e-02 -4.8581715232e-02 4.7231881972e-02 1.7638091638e-02 1.0724159837e-02 3.5822200091e-02 -2.8570298283e-02
-1.3687355182e-05 -1.2804735231e-04 -5.6799913532e-05 4.1748506213e-05 -7.4222209197e-06 2.6981101742e-05 8.9856083371e-07 1.0090850702e-04 -1.1711930698e-04 3.7037499724e-05 5.8637535553e-05 7.3527721733e-05 -4.5140013967e-05 7.2974130557e-05 -1.1586785600e-04 -9.6687372044e-06 5.1934235768e-05 9.6640998498e-05 -8.7367379355e-05 7.0091313757e-05 -9.9547033048e-05 -7.9710584990e-06 -1.0428866575e-04 -2.6604853236e-05 -5.2118398687e-05 2.4142908695e-05 -1.9948845624e-05 -2.8165671218e-05 2.3386220197e-05 -3.2570106621e-06 -1.8503341256e-06 2.3575793847e-05 4.8427335808e-05 -3.0580616784e-05 5.0038114962e-05 3.5893076109e-06 -1.0092341735e-05 5.9997364009e-05 6.2284624271e-05 9.4793559496e-05 3.4517901464e-05 -9.7823201674e-05 -6.8054421024e-05 -5.9697537412e-05 -4.1070373060e-05 4.6504150082e-05 -1.3169177087e-04 -4.5847557763e-05 -4.3351298788e-05 -6.6123736130e-05 -1.8270251942e-04 5.4397921059e-05 -4.1911918053e-05 4.0317074203e-06
-4.7488480373e-05 1.3970558305e-05 -3.4853011037e-05 7.5250823065e-06 4.4480656838e-05 7.0749032504e-05 3.1974226417e-05 6.9922008997e-05 8.7819531992e-05 5.3576160989e-05 -1.5046224198e-04 1.6126923828e-05 -1.5055614350e-06 -6.5437235140e-05 -3.9002287573e-06 2.7765314979e-05 5.1671798371e-05 -1.0232546235e-05 1.0845360141e-04 -4.8175775450e-07 2.2343715450e-05 -1.3049467882e-05 -2.4237427241e-05 -3.1108514671e-05 -5.6703042044e-05 -8.3264150208e-05 -1.1423737471e-04 -4.8868196134e-05 5.9665440620e-06 9.6626211812e-05 5.6973565559e-05 -2.5659714494e-05 -3.5090091563e-05 5.2074719495e-05 4.1055097813e-05 -2.5304088354e-05 1.3545724102e-06 3.5588768268e-05 -6.8871900872e-05 4.2220974522e-05 4.0264764945e-05 4.5747477360e-05 -3.6345225084e-05 2.4549603317e-06 -7.7604904100e-05 -5.5231431323e-05 5.1521539565e-05 1.5433004581e-04 -1.3436908264e-05 -5.1654814239e-05 7.5953058774e-05 -9.6015291769e-06 -1.7069348137e-04 -4.2003620973e-06
1.9143852719e-05 1.2193700277e-04 7.4635400826e-05 5.5981989580e-05 -9.3818903923e-05 -7.5972327193e-06 -2.8750390671e-05 -2.0357082189e-04 4.4797594100e-05 -7.7996508093e-05 -7.3564685560e-05 -2.6144913967e-05 -4.3059527692e-05 -3.4697311319e-05 -3.8852057442e-05 -5.0119830610e-06 7.1749341800e-05 3.9079454794e-05 -2.9922812177e-05 1.1092275905e-04 -1.1309579997e-04 -1.2776597732e-05 -2.2418665689e-05 8.6077876683e-06 8.8959014608e-05 -1.1972749417e-04 3.0598196869e-06 -6.8140660180e-06 -2.1704452775e-05 6.7655708990e-05 -2.4740289907e-06 8.6514113770e-05 -2.8511352933e-05 6.5146299093e-05 3.8346627930e-05 -1.3099749427e-05 -7.4681808590e-05 -1.5893851398e-05 3.3072763598e-05 -7.4325082762e-05 6.9558551561e-05 4.5533147310e-05 1.7986338666e-05 -4.3413292050e-05 -5.1306772791e-05 4.5881042202e-05 -5.0706538149e-05 2.6494195937e-05 -2.4222619679e-05 -6.7327686890e-05 -7.4865738644e-05 8.7831006379e-06 -1.0050239719e-04 -7.1294339911e-05
-3.9246294304e-03 -2.9545442648e-02 -4.6820635415e-02 3.5991698244e-02 1.4469588368e-02 2.8736884147e-02 2.2720429794e-03 2.8126135511e-02 8.1002119270e-02 1.4818130803e-02 1.0987105285e-02 1.7680133734e-02 1.9906881436e-02 4.0206311283e-04 5.0557251771e-02 5.4572428258e-02 -5.9550516240e-02 -3.0901113191e-02 -4.9895366113e-02 -7.9097781831e-02 -1.9674596199e-02 -1.7117761852e-02 -2.2398912193e-02 2.8024049043e-02 -5.8260526572e-03 4.8214087715e-02 -6.3995502824e-02 -6.9679805377e-02 2.3479055335e-02 -3.2769783252e-02 -6.3152183409e-02 -5.4898488339e-02 6.2088027021e-02 2.8412092387e-03 5.6700083013e-02 2.2599229346e-02 -4.9918630700e-02 -6.4445691408e-02 -4.3246408530e-03 7.0533472727e-02 3.5028653282e-05 -2.0371342395e-02 -4.9617528615e-02 6.0676886203e-02 -5.9034375807e-02 -4.6746406788e-02 8.1443572558e-03 -2.7779926422e-02 2.6978200843e-02 -2.9383927916e-02 -4.7587232841e-02 1.8928092318e-02 -6.6561874047e-02 2.9937016361e-02
-3.1304789287e-02 5.2917467749e-02 5.1905376176e-02 1.5223712549e-02 5.0691334254e-02 7.3995512977e-02 -2.8909565458e-02 -4.1532957195e-03 2.5971209074e-02 2.3926640075e-02 3.9609840799e-03 6.8481588315e-02 2.3661143476e-02 -2.2476694686e-02 4.2801117655e-02 -3.1674929900e-03 1.0091206979e-03 3.1742071963e-02 2.3288097458e-02 -7.8567844633e-03 1.5733083784e-02 -6.2245605612e-02 1.8581494522e-02 2.6404218237e-02 4.5113571395e-03 -3.6151722023e-02 3.2593852014e-03 -5.9370763224e-02 1.1332131702e-02 -4.9786109303e-02 -3.0887059483e-02 1.1077599500e-01 3.5536102897e-02 3.7439890861e-02 -2.3221285821e-01 -1.9471017348e-02 7.9190772291e-02 -1.0083846664e-02 -4.2524358114e-02 1.6134397384e-02 -4.4439527144e-02 2.6915593022e-02 -4.6391051253e-02 2.7387854773e-02 4.9128792770e-02 3.2151613127e-02 2.8623371774e-02 2.9710590166e-02 -1.0848824403e-02 -5.2380342609e-02 2.0285951444e-03 -1.4302790224e-02 4.7922381911e-02 2.5359612668e-02
3.2230782929e-02 -6.4642390236e-02 -6.2747429877e-02 -3.5658203624e-02 -3.2360934682e-02 5.2080460068e-02 5.0026211339e-02 8.1096199582e-02 -8.3381521872e-02 3.8648662640e-03 3.7081869470e-02 -3.4261572651e-02 1.9223321904e-02 -5.4648068893e-02 1.9068916167e-02 -6.7228590870e-02 7.1292438950e-02 3.8170112723e-02 -3.5195445341e-02 -6.8517973588e-02 -6.4561243062e-02 2.8445265237e-02 3.8241196958e-02 3.1175657594e-02 -7.7562344610e-02 -1.5388315238e-02 7.2326359318e-03 -2.9891698776e-02 4.2877828155e-02 -3.2204750489e-02 -5.4891398459e-03 -3.7204533766e-02 -2.7941987803e-03 -4.3175844139e-02 -1.0184655013e-01 -1.7698174643e-02 -2.1597178132e-03 -6.9858098689e-02 -2.1234953400e-02 -3.1656783306e-04 9.6666648089e-02 -9.0844074930e-03 1.5895852503e-02 2.8803231043e-02 2.3261938549e-02 7.1290576079e-02 -4.4555384938e-02 -3.9833220036e-02 5.3597093625e-02 -2.7314546483e-02 2.5114612184e-03 -5.1704609580e-02 -5.8226624468e-02 2.6038264875e-02
8.2874863103e-04 -4.8485108397e-03 6.4757787651e-02 -1.3888540041e-02 -2.4202552431e-02 -4.8973144658e-02 -4.3910376262e-04 4.1665722114e-02 1.2134162236e-02 6.8253677709e-02 -1.2619491247e-02 1.7758292853e-02 5.6958247192e-02 -7.6237465652e-02 5.5196137826e-02 -3.1023196400e-02 3.8369471643e-02 -5.5426442626e-02 -5.5189336857e-02 -2.6594293432e-03 -1.3592159713e-03 6.2643154592e-02 1.2947668882e-02 1.0114700728e-01 -1.8161789079e-02 -4.9636675330e-02 -4.6664383503e-02 -1.2418701251e-02 -1.1361672439e-01 -7.9768216829e-02 4.0834945284e-02 -1.8098762672e-02 -4.8613247241e-03 -1.7875216686e-02 6.9951746946e-02 -3.1737373609e-03 -7.8521616504e-03 4.0120016185e-02 -4.9020620416e-04 -3.4690098246e-02 4.0952545044e-03 7.9810156218e-02 -2.6291120105e-02 -3.0281970419e-02 -3.9822313221e-02 -1.0052262646e-02 -1.1265118867e-02 -2.6362511340e-03 -3.0114823596e-02 1.5300370533e-02 -2.5299026172e-02 6.4109074838e-02 -4.7377621374e-02 -9.5799820953e-02
-1.4587456012e-05 2.5993061969e-05 -1.2525576655e-05 -1.5321543386e-05 4.5208400314e-05 -2.5009254920e-05 -4.0203867786e-05 -2.6233846576e-05 2.9495763939e-05 6.8555129705e-05 4.7457354778e-05 2.7483746539e-05 5.9500123946e-06 -1.2394064736e-05 5.4579997775e-05 5.6318545302e-05 3.0442558777e-05 9.2415727049e-05 -5.9058474647e-05 -6.6541127722e-05 -9.4417758780e-06 1.5121916597e-05 7.7217314668e-05 -5.6180836496e-05 -4.9968274580e-05 1.0502847688e-05 -1.6800028026e-04 3.2003885282e-05 -1.1972369132e-04 -7.3873092133e-05 -8.7507539034e-05 -2.2489523820e-05 9.7904767756e-05 -2.7810151479e-05 7.1308138610e-06 5.2304508990e-05 6.5477872551e-05 -4.8613059337e-05 -1.4403368135e-05 -1.0209409895e-04 -2.4468319701e-05 -1.1217389804e-05 -4.3175009665e-05 1.6331552154e-05 -1.8718786018e-06 -2.2006681479e-05 -5.0309619367e-05 -9.8751319726e-05 3.4753420707e-05 1.1026244742e-05 4.6899232163e-05 1.2632934757e-04 -3.1964905767e-05 3.4859049493e-05
-3.2265863677e-02 8.9180130316e-03 1.0339648095e-02 -3.0453054547e-02 1.8423047497e-02 -4.2781265030e-02 1.7656419951e-02 2.7222469019e-02 -2.2213345599e-02 -1.6661083304e-02 4.0097490530e-02 3.4267291717e-02 -1.4439767530e-02 -4.1497757803e-03 3.5792945685e-02 -8.5071506539e-02 -3.7576941620e-02 -1.7174105370e-02 -2.2696491474e-02 -5.6213193948e-02 -2.0819803887e-02 -4.4147565987e-02 -1.8968727036e-03 -5.3370895936e-02 -2.6686516848e-02 -7.6281440005e-02 3.9680728642e-02 -4.2245706378e-03 2.1655601852e-02 3.5843723057e-02 3.1061342552e-02 4.4847227749e-02 8.8254454515e-04 7.6208192700e-02 -5.4156478984e-02 -7.1207169474e-03 -1.9983200298e-02 2.7171418598e-02 1.8000917349e-02 1.8343001894e-02 -8.1459266656e-03 2.3392656582e-02 -1.7221561380e-02 -2.6908609920e-02 -8.2268400310e-02 -5.8204038396e-02 -3.2440312836e-02 5.1745384491e-02 9.2186047440e-02 3.6256375049e-02 3.0522213660e-02 6.8047655464e-02 -3.4051762271e-02 4.7800872243e-02
-1.5737425289e-02 9.7086785899e-03 1.4491430168e-03 7.9358895846e-02 1.3437357150e-02 1.4001797120e-02 3.1389332362e-02 -4.2822716978e-02 4.2135999771e-02 -3.6540039923e-02 -1.1617563816e-01 2.0429284640e-02 -3.9927822023e-02 1.9587855156e-02 -2.1500792189e-02 -8.5548277008e-02 1.2790279689e-02 -2.1047393611e-02 1.7293097480e-02 -2.3153954875e-02 3.5774775596e-02 1.3005276296e-02 3.6638960140e-02 -7.4459541880e-02 -3.4335815731e-03 5.0154684225e-03 -7.7259438850e-02 -2.7823971378e-02 -5.6219773640e-02 -1.7260831951e-02 6.9849756733e-03 9.8677638733e-03 4.3723354355e-02 2.8404587236e-02 6.7198593396e-02 -1.7975839656e-02 -1.9335104218e-02 3.2854442229e-02 1.5849385629e-02 5.9271218916e-02 7.0613140692e-02 8.7868111349e-02 3.5887335570e-02 -2.6495832450e-02 -7.5524539967e-02 1.5720932012e-02 3.1735056872e-02 -3.7151569403e-02 5.2075550977e-03 2.5690485213e-02 -3.6201540000e-02 1.0762106243e-02 -1.4553840218e-02 5.0011961940e-02
1.9738933547e-05 5.9115247593e-05 -3.1824603307e-05 9.1678511534e-05 3.5436342911e-05 5.4329876548e-06 2.9835970915e-05 8.4421802529e-05 8.6481441886e-05 -4.2120905962e-05 6.7123176859e-05 8.6144722908e-05 1.6957138367e-06 -3.3494298968e-06 -8.8277840809e-05 -4.7668704774e-05 8.0401489006e-05 -2.5697434242e-05 1.1044634321e-05 4.4015160402e-05 3.5748902278e-05 -9.7029784522e-05 1.1061712010e-05 -1.8693823899e-05 -4.9629368176e-05 -1.5541173821e-05 6.5596361051e-05 8.0853717724e-06 3.0286173374e-05 -4.9555040299e-05 1.7099690652e-05 5.0371210041e-05 -8.1433056338e-06 -1.7155252861e-04 -2.6662107680e-05 -4.3819318255e-05 2.1722424990e-05 7.6091983562e-05 -8.3419057464e-05 6.4989752233e-05 -3.7609711050e-05 -1.3003145282e-05 -8.1332087164e-05 4.5721461607e-05 -1.4741572408e-04 1.3347177643e-04 4.4534064012e-05 1.1010426358e-04 1.9754436647e-05 -1.5335660809e-05 6.3489678911e-05 -4.1240426790e-05 6.8413963522e-05 -4.1460859408e-06
3.7679924352e-02 -2.7608735760e-02 1.0935454731e-01 -2.9135405807e-03 -2.9301218835e-02 6.8738289963e-03 7.9587743769e-02 5.8509342795e-02 1.8158326137e-03 3.2657256921e-02 2.7014609012e-02 -1.3521345274e-02 -4.1793825189e-03 -4.1850151465e-02 -2.3962934101e-02 5.1453262070e-02 7.3957908860e-02 2.5988202518e-03 1.3593307801e-02 1.3256526494e-01 7.4186839603e-02 4.0305229743e-02 1.8681442299e-02 -4.2930411512e-02 4.1874140161e-03 -6.2396984505e-02 -2.4091768899e-02 -6.7636406035e-02 -9.0719687798e-03 -3.0583592718e-02 -5.3155558342e-02 3.3783351783e-02 6.5795344765e-02 1.9774357689e-02 1.1454229973e-02 -3.7334751265e-02 -7.3912197907e-02 -5.7335752080e-03 1.2993380066e-02 3.0504342470e-02 -2.3478653821e-02 -7.1372992586e-02 1.9128040871e-02 -2.8451830669e-03 1.8686330405e-02 3.5268909434e-02 8.4064391825e-02 9.9787154486e-04 -6.6691277797e-03 1.8490129568e-02 1.7456575640e-02 -1.1559895975e-02 8.4624161899e-03 2.8736916149e-02
-6.4861211877e-05 4.3060175346e-05 3.8179665783e-05 2.0304564766e-05 -1.3818894608e-05 -7.6695182035e-05 -4.7983918077e-05 -2.2747499174e-05 -2.1802523887e-05 1.6114403382e-05 -8.4199918806e-05 4.3189026672e-05 -3.6276910068e-06 -1.2902798398e-05 7.6187574496e-05 -6.9440447515e-07 9.7031291851e-06 -2.7645524886e-06 -2.1100670781e-05 -8.0401318709e-05 6.5799535078e-05 -7.5589464669e-05 -5.4546057397e-05 -5.3544827480e-05 3.6541021379e-05 -4.1269659436e-05 -6.8812440411e-05 -8.2237468755e-05 3.7503894495e-05 -1.0916839407e-04 8.9704541158e-05 -1.1166101712e-04 6.7968660562e-06 6.0601076352e-05 2.7240716801e-05 3.7857802230e-05 -9.1759731649e-05 2.9507501013e-05 5.3108525660e-05 -5.5885577093e-05 -4.3075703551e-05 1.2322105352e-04 -7.6405730414e-05 1.1567970762e-04 7.7118928373e-05 1.4899115892e-04 -1.1204755440e-04 -9.8943664649e-05 -3.2118051568e-06 9.7706638916e-06 5.1468016444e-05 -1.1747990883e-05 -2.6243892502e-06 2.8063259386e-05
1.6459322063e-06 -8.1764306905e-06 -6.5789440432e-05 7.8474259026e-05 -3.1727982207e-05 6.9444227342e-06 1.2613318374e-05 1.1249734648e-04 8.7474909891e-05 -4.4073273921e-06 -3.0352217120e-05 5.7204743299e-05 -4.3308661901e-05 -2.8659066943e-05 -9.7403912476e-05 1.5595772701e-05 -1.4937485254e-04 3.4369500821e-05 3.2237789298e-05 3.2130367900e-05 -2.5344010440e-07 5.2411625985e-05 3.8657747898e-05 -1.7593139404e-05 5.7644467420e-05 -1.3105564322e-05 3.6173898126e-05 1.9147216974e-05 9.7066395404e-05 1.8894900601e-05 -5.0996974952e-05 7.5301757885e-05 4.2262709266e-05 -3.9580082409e-06 6.8784835346e-06 -1.0458360822e-05 5.2841544481e-05 -1.9539817211e-05 -5.7186176279e-05 -2.5071029235e-05 -4.7633183550e-06 -7.9592391761e-05 -3.5610896176e-05 -2.9532114870e-05 4.9496425677e-05 1.4993902638e-04 -3.4939468176e-05 -6.2433849499e-05 3.0856005476e-05 5.3488197922e-05 -3.4395913896e-05 -1.0975196378e-05 -6.5844823067e-06 2.0251754896e-05
7.5786360426e-05 5.3731435674e-05 3.0170715544e-05 -6.2331821206e-06 -3.3878077971e-05 2.6074265081e-05 -8.8509935195e-05 5.3020734445e-05 1.1949302911e-05 -3.2222561589e-06 -4.1643742376e-05 -4.9891604899e-05 -3.6461539424e-05 -7.4311996529e-05 -1.0847640040e-04 5.0012597186e-05 -4.0105208166e-05 4.7860963238e-05 3.3086471391e-05 -1.0571809424e-04 -8.2011452270e-05 -6.4155371882e-05 1.5054195601e-05 4.6190725640e-05 -1.7348506651e-05 -4.2889916437e-05 -1.4468719855e-05 -8.9641055938e-05 -1.9023100488e-05 5.8737073972e-05 1.1889116454e-04 -5.6512034443e-05 7.4929324691e-05 -8.3219618273e-05 -6.5873593764e-05 -1.9270042882e-05 -3.4542865536e-06 9.5061868816e-05 -5.4036691123e-05 1.0710045840e-04 9.9385070136e-06 -5.6165949962e-05 -1.2200620338e-05 1.5322689867e-05 -2.8145941878e-05 -5.9100388053e-05 4.4699964122e-05 -6.1226823771e-05 -1.4186503881e-07 -2.6032533226e-05 2.9991986868e-05 6.5289567517e-05 4.6438055892e-05 -5.4641809141e-05
-3.6872173769e-02 -1.5729269819e-02 -4.7140499710e-02 4.3835289335e-03 -9.3217622069e-02 -1.9311089378e-02 1.4966713524e-02 -3.8685339999e-02 5.7053963176e-02 2.3544062620e-02 -9.1359420373e-03 2.6342671834e-02 2.0340895261e-02 5.6734741645e-02 -6.8708087973e-03 -1.0165651905e-01 8.7547037953e-02 -7.6561947487e-02 -1.2436015346e-02 -1.6700440086e-02 1.0804718809e-01 -4.2249356596e-02 9.7285100795e-03 -2.1904172121e-03 3.7192880022e-02 -1.0475973674e-03 -2.3767476031e-02 -1.7159771241e-02 1.0733848418e-01 -3.8081766505e-02 5.0868789818e-02 -1.6411824253e-01 1.5458904506e-02 -3.6496729125e-02 3.1892486789e-02 6.7168581890e-03 -1.4397657985e-03 -7.4792174918e-02 3.5933278260e-02 -8.2041644857e-02 1.9110404052e-02 1.1558662098e-01 -3.4387365337e-02 3.1281509215e-02 -6.1580766434e-02 -2.7215683268e-02 -4.5426763235e-03 4.0740838784e-02 -9.3209438407e-02 -4.7917269046e-02 -3.1918292428e-02 4.3831302249e-02 1.0578629088e-01 1.3331382605e-03
-6.2261864987e-05 2.6013028319e-05 -6.4559215471e-05 5.6077319985e-05 -5.9303819400e-05 4.8718315799e-05 7.3194667888e-07 -5.3741686048e-05 -7.7955709002e-05 3.4204248166e-05 -6.8699295414e-05 3.2911090400e-05 -4.1087673728e-06 -1.0595768628e-05 -5.1021303745e-05 5.3920501641e-05 4.3736576628e-05 -3.2677915503e-05 2.7976308811e-05 6.3187964040e-05 -2.9388284411e-05 2.8366653334e-05 -1.0216053921e-04 2.6198642935e-05 5.0813394223e-05 8.8115388788e-05 1.6758148395e-05 8.2625831925e-05 -4.6597708733e-05 -4.7295885834e-05 -2.5357717698e-05 -4.3307071368e-06 -1.7571215912e-05 2.7776613380e-05 9.4648542909e-05 -1.7347975379e-05 -8.8570719276e-05 -5.4526372793e-07 -7.8537631308e-05 -5.4472036117e-07 -1.5451471968e-05 -9.7498916646e-05 -1.1721043175e-05 -1.8658097845e-05 -6.3378590018e-05 1.0888698513e-05 -6.2524484863e-05 7.5562324809e-05 -8.7830219913e-06 1.5154454704e-04 -4.7845153852e-05 8.5652696596e-05 3.8204506255e-05 1.5586307918e-05
-1.4521164222e-02 -2.8811977658e-03 5.3233896809e-02 -2.5124564436e-02 -1.0183242131e-02 5.5680362005e-03 -4.7138504134e-02 -2.4569037707e-02 1.6935990612e-03 -8.0347861849e-03 -3.5590344721e-02 -1.3983447560e-02 -3.4984439703e-02 6.4615622095e-03 -4.8744851457e-02 -2.4549348872e-02 -3.9918364055e-02 -5.9031801360e-02 2.8134288233e-02 -3.0761731416e-02 -4.0724338249e-02 1.7623005367e-02 -1.8358382429e-03 2.4238019133e-02 7.5341935159e-02 -4.4575878631e-03 4.3753702697e-02 6.0338253770e-02 -4.5165915081e-02 -2.4156895851e-02 -1.2341708091e-01 3.2654544955e-02 3.5359480638e-04 3.8753206067e-02 -4.9985788243e-02 -4.4637601339e-02 3.7453000948e-02 -1.5568978552e-01 6.2672153345e-02 1.4412865023e-02 2.3580314070e-02 -3.3797220425e-03 1.4155848965e-02 -4.2292685207e-02 -7.4568779911e-02 -3.5480176364e-02 -1.5535495122e-02 3.7437466682e-02 1.5805776279e-02 5.6754856847e-02 -5.1646489138e-02 -9.2531217774e-02 5.4293930858e-03 2.1044066262e-02
6.4543767699e-02 6.2281114390e-02 4.9505095942e-02 1.2222985280e-02 4.9814111176e-02 1.9658961736e-02 -1.0808256024e-01 -1.0458433518e-01 -6.5858152205e-02 4.3389099974e-02 5.6019039327e-02 8.0985302451e-03 -3.6271112200e-02 -1.0131626911e-01 2.7528633013e-02 -9.8980475838e-02 -6.3756885501e-02 1.0673415863e-02 2.7020469033e-02 2.4324233339e-03 4.3161983172e-02 4.1472913213e-02 3.3987122461e-02 -9.1173448492e-03 1.4258218238e-03 3.3765939987e-02 4.5951397893e-02 -1.7584825292e-02 -9.3138169197e-02 6.9557795269e-02 -3.9442272352e-02 -7.0794539778e-02 -3.4154226201e-02 -3.7939816674e-02 9.1532819744e-03 -9.1562341132e-03 -8.8051245823e-02 -2.6397642182e-02 -5.3569620558e-02 3.0218767111e-02 9.7640618119e-02 -6.0561166817e-03 4.9068912073e-04 -4.8658543840e-02 -9.6210506286e-02 2.2355002301e-02 3.0448045283e-02 -2.4605983382e-02 -5.3664405773e-03 -4.9873218132e-02 5.2559470232e-02 1.1758693707e-01 1.0574838299e-01 3.1535639537e-02
4.7254235615e-02 -1.2114129901e-02 6.4851330423e-03 7.1755015634e-03 -3.1735546107e-02 -3.4917431834e-02 -6.9265559751e-02 -2.8754855130e-02 -1.4036535757e-02 3.0848997204e-02 -6.9718831960e-02 1.3991657399e-02 4.6916155717e-02 -3.5419233375e-02 -3.3509129840e-02 -6.6871066013e-02 -1.1794798200e-02 3.7728953921e-02 3.7108093578e-02 3.1076345808e-02 1.0845803523e-02 -1.9905640818e-02 -1.7919296488e-02 2.4539230696e-02 -3.3484326455e-02 3.6578721327e-02 -2.8934219547e-02 -3.8427138294e-02 4.6788409128e-03 5.4886333918e-02 2.0793475329e-02 -1.2688091821e-02 7.9420437848e-03 3.7700368943e-02 7.2948043066e-02 -1.0193548754e-01 4.1901581303e-02 -1.5406423216e-03 2.6311217661e-02 -4.8930652755e-02 -3.0141241450e-02 -2.0244566437e-02 -3.0642892610e-02 4.1484989328e-02 2.4326498954e-01 -2.7819637682e-02 -1.5016800901e-02 -2.4717764102e-02 1.8072204796e-02 7.8443296172e-02 1.1261357734e-02 2.1509174624e-02 9.5502316483e-04 1.0374952498e-02
3.3521908770e-02 -6.7756871798e-02 1.0297812953e-02 -3.3458536529e-02 -2.3019241484e-02 -1.5516289481e-02 2.6986866859e-02 -8.0444307828e-02 -6.2211743651e-02 -1.5329779597e-03 -5.4731824216e-02 -3.9172334558e-02 -3.0648520632e-02 3.7006979814e-02 4.2870151383e-02 -2.4219572968e-02 -2.3695450533e-02 -5.8668959492e-02 -5.0700822780e-03 -3.2020371878e-02 4.7271142181e-02 -2.3322836291e-02 -5.3520950197e-02 -1.2162461383e-03 -1.3895874547e-02 3.6858925892e-02 5.6799524222e-02 -5.3996700090e-02 6.6881097031e-03 -1.7734631771e-03 -5.5078634371e-02 -5.3845474927e-02 2.7157657026e-02 1.3269718993e-02 -4.9672023129e-02 3.7054819805e-02 -7.4943986008e-02 3.3053349411e-02 -2.8646409533e-02 1.4017173547e-02 -9.6271690482e-02 2.5353882597e-02 -2.3727214352e-02 -4.5474568313e-02 -4.1498931516e-02 6.7429154930e-02 -1.9924560261e-02 -1.6086796132e-01 -3.3805893771e-02 2.6187673547e-04 -1.2685834732e-02 3.3396505532e-02 1.8067964426e-03 1.1176974614e-02
-7.0370537239e-02 -5.9613705139e-02 7.6801678631e-02 -1.7034161146e-02 3.6768737621e-02 -3.1565969866e-02 -1.3278710329e-02 3.7999828832e-02 -4.6526454289e-02 -1.7194191809e-02 -4.3050207213e-02 -6.7183741222e-02 -1.8658522969e-02 -6.5155178411e-04 -3.3559334737e-02 5.3590564921e-02 -1.5084393996e-02 -1.7716506621e-02 2.2130065302e-02 -2.0082067772e-02 -4.2377074920e-02 4.0228285865e-02 1.8763504773e-02 -3.0835151636e-02 -5.5847621973e-03 -7.9236796987e-02 -2.7481080700e-02 4.7197034494e-03 -1.4310430531e-02 1.6063593939e-02 3.3973022485e-02 -3.3540599950e-02 5.5003378190e-02 -2.7152078571e-03 4.2491194231e-02 3.8313107146e-03 2.2372528626e-02 5.6076484386e-02 9.0578792749e-03 2.0797618974e-02 4.6087997209e-02 -4.0346583907e-02 -1.4036579727e-01 4.4421157832e-02 -2.5056150598e-02 4.9906991160e-02 -1.1959107019e-01 -5.3708779026e-02 -4.9479207571e-02 -6.1505443499e-02 -3.3494490932e-02 4.3622867780e-02 5.0388839145e-03 3.2124900771e-02
8.3666186911e-02 -2.3827453498e-02 1.1449096084e-02 2.0123407719e-02 3.6717738845e-02 3.2975668530e-02 8.5564724038e-02 -4.0675025759e-02 1.4104340794e-02 -4.3401540326e-03 -6.9666036752e-02 3.0103543376e-02 -3.6398512542e-02 -3.2183565917e-02 3.3285350358e-02 3.0161166526e-02 9.2361003609e-02 4.7801443619e-02 1.2938421127e-02 -3.6005760706e-02 4.5066560431e-02 -5.4927927811e-02 -1.2341177886e-02 8.6577551702e-03 -3.4500149529e-02 3.5447548514e-02 2.2047037246e-02 8.9055023037e-02 -5.7985646500e-02 9.2861845054e-03 5.9510069791e-02 -2.1757574654e-02 5.4858726927e-02 7.4330293579e-02 2.0066033255e-02 -8.6530022430e-03 -5.2626887976e-02 -1.6631121940e-02 7.2343604188e-03 7.5370579918e-03 -1.0252505068e-02 9.3068745863e-03 -3.4672783090e-03 -2.5689212851e-02 -1.2856514660e-02 -6.0822168567e-02 -5.8825790009e-02 -2.2741277166e-02 6.0040492352e-04 -1.1282741859e-01 -2.9819883396e-02 -2.7116757794e-02 5.9236932358e-02 -5.1418240376e-02
-1.3862138727e-02 -4.1832074944e-04 9.4213914102e-03 2.8052312728e-02 -2.0462953042e-02 -2.4301008413e-02 -1.9260946638e-02 -9.8780059646e-02 -5.0984752906e-02 3.5780308308e-02 -2.2773412094e-02 -2.2483822154e-02 4.4050216475e-02 -1.7240728969e-02 1.4578820284e-02 3.1545527593e-02 -6.5917867278e-02 8.4736251749e-02 -2.4962441124e-02 3.5266530025e-02 4.6166751811e-02 1.1596203044e-02 -5.2730363733e-02 3.7842095742e-04 -2.4123348283e-02 4.1686321416e-02 4.5645047461e-02 -4.1110848880e-02 3.1082970050e-02 -2.0468703217e-02 -3.6248307637e-02 1.9422265405e-02 3.2408769462e-02 -4.5559383636e-02 5.9700854452e-02 -2.3769826815e-02 2.2572509107e-02 -5.2095796327e-02 -1.2707197064e-02 5.8170844941e-02 -4.5639624386e-03 1.1068659468e-02 -4.9194362471e-02 -4.9888458223e-02 9.4616654213e-03 1.7577484277e-02 2.1410207708e-02 8.5444355357e-02 3.4979065092e-02 -8.0395150462e-02 -5.8649401806e-03 2.5317550811e-02 3.8292807612e-02 -8.3678076892e-02
-4.7850287016e-02 -2.2312152313e-02 1.0134314365e-01 -9.8974980086e-03 1.6268030977e-02 2.9133039555e-02 5.2810005368e-02 -2.0598991568e-02 -3.6787096180e-02 2.3235155326e-02 -1.8027789139e-02 -1.8008257257e-02 -6.6355562114e-02 3.9432235736e-02 3.3276376971e-02 -8.7071979736e-02 1.2420345851e-03 4.8420234784e-02 -8.4970435846e-02 8.8886466503e-02 -3.2367029739e-02 1.2288677687e-02 8.1900210209e-02 -5.4474394637e-02 3.3373661374e-02 -3.6556711466e-03 -2.5253987362e-02 1.0184808260e-02 5.8497055556e-02 -4.5504736657e-02 1.8844592385e-02 6.4980888640e-02 3.4590308981e-02 -5.9381022551e-02 8.0309086685e-03 3.1745490448e-02 -3.0825691656e-02 1.5829967981e-01 -2.6303751209e-02 -3.3738972136e-02 -5.2099089102e-02 3.3719381315e-02 -1.1664636199e-02 -3.4261020374e-02 -1.3792307959e-02 -2.2873925013e-02 -7.8660430923e-02 8.0596996555e-02 5.1441226228e-02 -1.2220057339e-01 4.5652799762e-02 4.9281127868e-02 -3.1972065343e-02 1.1570966205e-01
5.5105097031e-02 1.4596006830e-02 1.9174195766e-02 1.3218464703e-02 -4.8232484050e-02 4.1050266639e-02 2.0203496966e-02 1.5240024361e-01 -4.5448204976e-02 -2.9921439342e-02 1.2621155203e-03 4.2945803631e-02 -2.0602012343e-02 6.9193762147e-02 -1.8729596463e-02 -8.3949861224e-03 -8.5080674554e-02 8.7534351880e-03 -6.8996536403e-03 -1.8182390263e-02 4.6985695964e-03 9.4315551937e-02 3.8122017027e-02 2.0409658698e-02 3.1661146443e-02 -2.7626352672e-02 -6.6875232985e-02 1.0939074455e-02 -3.5657849497e-02 -4.5091050284e-02 -3.0640071849e-02 3.0339501725e-02 -1.5346088549e-02 -1.1026576892e-03 -4.3523808531e-02 -2.0120181957e-02 -1.0753558330e-02 2.5208486782e-02 2.9614262995e-02 2.2573402989e-02 -5.1998322873e-02 3.2056367127e-02 3.8304530171e-02 4.0056335634e-02 3.9853121506e-02 -9.1930108256e-02 8.2563167590e-03 -1.8097919372e-02 -4.7367373807e-02 -7.1587060073e-02 3.4007981894e-02 1.1682165144e-02 -1.5050945986e-02 3.7894341308e-02
-6.3606386228e-03 -4.6691251483e-02 -7.3715914771e-02 -3.0540390233e-02 -3.3503925972e-02 -8.7926068468e-03 3.0476714205e-02 -3.8830327930e-02 3.9546120963e-02 1.0449609160e-02 -5.7433178159e-03 -3.7261717222e-02 -5.0939237860e-02 -6.4218520734e-02 5.5925565621e-03 -5.3774848392e-02 -5.7155140639e-02 4.1789030114e-02 3.8738761378e-02 6.3322408781e-02 6.1371774014e-02 5.3221759461e-02 4.0751838311e-02 2.0249164430e-02 1.7339968733e-02 5.1397855152e-03 -6.1955658478e-02 -2.7949890668e-02 -1.3921939130e-02 1.8332172817e-02 1.0807564768e-02 5.2568487756e-02 -9.9988876000e-03 -3.9843851026e-02 -7.8185688181e-02 5.4022568861e-02 7.6332326075e-03 -1.2442303489e-01 -6.8072489657e-02 -6.2432470273e-02 -2.2572613586e-02 -3.5392890792e-02 -5.0313972851e-03 -4.0689395788e-02 -5.6832503604e-02 -7.8415740066e-02 -1.9138072854e-03 -5.0140802620e-02 -1.9695453646e-02 2.5406186183e-02 -4.9519193759e-02 5.4394773523e-02 3.5809544321e-02 6.7433117997e-02
4.1314558565e-03 -9.2160234998e-03 4.1602452647e-02 -6.6963342482e-02 3.7713211148e-03 -7.2474446524e-02 6.1821403874e-03 3.8823587420e-02 5.8248394769e-02 2.8579607496e-03 -3.2854058381e-02 4.8846191302e-02 -1.4162336373e-02 1.8263776845e-02 7.0565942190e-02 5.1923107983e-02 8.5360421575e-02 4.3734177083e-04 -5.7053766548e-02 1.4517053986e-02 1.6931944537e-03 1.1321541248e-02 3.8015554034e-03 -1.1735327878e-01 -1.1387738089e-02 -3.9063525563e-02 3.4723019336e-03 5.2586849910e-02 3.9406941319e-02 4.4945876313e-02 -7.6217984271e-02 -3.1311225797e-02 -1.4127744224e-02 -4.0558251136e-02 -3.6748704759e-03 -2.4158581310e-02 2.8475427404e-02 -6.6329730078e-02 -7.4500826415e-02 2.7743135078e-02 -6.6400688234e-03 6.6606143955e-02 -2.4123460174e-02 -1.8858944120e-02 -7.8208959171e-02 -6.0625722662e-03 -2.5568964274e-02 -3.0298325034e-02 2.5662145722e-02 1.7512774660e-02 -1.8573836385e-02 1.7323139129e-02 6.1342134546e-03 1.1040530043e-02
-3.6662332433e-05 4.6705440810e-05 -8.0292472079e-05 -3.8316640856e-05 6.4706643659e-07 -1.1923782560e-04 1.4764263751e-04 -3.9951724735e-05 7.2156796820e-05 1.1296848273e-05 -7.8034065110e-05 -5.4048973716e-05 4.1729893802e-05 9.1732168864e-05 -3.2886794120e-05 9.2828152366e-05 -4.9107674135e-05 7.3726282068e-05 5.4230955810e-05 -8.1892264490e-05 -1.5320866269e-05 -7.9924162698e-05 -6.7335468190e-05 -2.3528256455e-06 8.9185413698e-05 -9.8409166069e-05 -5.7826868447e-05 -6.4989216760e-06 -9.3655668908e-06 -2.1815033117e-05 1.6540546460e-05 -2.8783894419e-05 9.6727047955e-05 1.4985523164e-04 3.3352580512e-05 7.9228726354e-05 -8.6697640113e-05 4.9235299205e-05 -2.2721101785e-05 -5.4951996405e-05 -3.8147213910e-05 -4.3825465956e-06 -9.5637831149e-05 -1.0041273737e-05 3.6895618452e-05 -1.4721330082e-05 -4.1664044639e-06 1.2991115332e-05 -1.1312400443e-04 -1.6747496485e-05 4.6802330511e-07 2.4129441437e-05 7.6273270361e-05 -6.1517975053e-05
-3.2739780505e-02 -4.8871899991e-02 -2.1633451613e-02 -6.7699761108e-02 -6.0006764534e-03 -2.8694693896e-02 5.2330550955e-02 -9.0182982363e-02 -1.3202435087e-02 6.4823883257e-02 -2.4540832317e-02 -6.1255487188e-03 -6.2544559623e-02 2.1642137970e-02 3.7153028454e-02 4.1631944325e-02 1.8255843217e-02 9.1433185034e-03 -2.5275564937e-02 -5.5331490869e-03 -1.2696328028e-02 1.8863806328e-02 3.0362224737e-02 2.1136648338e-02 4.2009197693e-02 1.8402162474e-02 5.1886382857e-03 1.5075536111e-02 1.4805755419e-02 -4.2525276336e-02 2.7462187202e-03 4.0515550659e-03 5.5663524503e-02 6.2247347163e-02 -2.2021197947e-02 -3.4400677270e-02 -3.2424658780e-02 -1.1769709895e-02 3.1569368386e-03 4.2425838341e-03 -3.6995870595e-02 3.9871364473e-02 -3.7573993662e-02 1.1101804970e-01 1.1846482047e-02 -1.9169957460e-02 4.1746805155e-02 1.9683202387e-02 2.1318462552e-02 2.9116417175e-02 6.3463772125e-02 6.3695233404e-02 1.0886716790e-01 2.4084859811e-02
1.2530910048e-04 -4.9944290540e-05 5.1825909836e-06 -3.2114196100e-06 -7.7506701622e-06 1.1403698679e-04 -7.1485433165e-05 3.1294343119e-05 1.1711864001e-04 -3.9732795022e-05 3.7435260531e-05 -4.8954810690e-05 -1.1629815244e-05 6.9427547807e-05 9.4990848260e-05 -1.6617300881e-05 -5.6641812101e-05 -9.0358724023e-05 -3.1852764435e-06 1.4793295838e-04 7.5754446725e-05 -1.4524986218e-05 1.7071031739e-04 -6.8977860970e-05 9.3299184831e-06 -4.1571686648e-05 5.5471019033e-05 2.5119556589e-05 -1.2827126585e-04 -9.8005400180e-05 -2.2411725956e-05 3.4285017959e-05 -4.2854525268e-05 5.5259204042e-05 1.3166191565e-05 8.8675722287e-06 -7.6637759404e-05 4.6273564424e-06 3.1658780019e-05 1.9963154756e-05 8.0219973301e-05 -1.5528939566e-05 -1.1052136561e-04 -1.4315827636e-05 8.8172498873e-05 -8.1326967286e-05 -2.6572474511e-05 -7.1919595003e-05 -6.9849968654e-05 2.6673556008e-05 -6.7564826597e-06 -1.2042799561e-04 -3.4648432855e-05 -1.7128579507e-05
-2.9423506325e-02 -8.0991646075e-03 -4.3143842986e-03 8.1517693595e-03 5.9722224494e-02 8.7708497475e-03 3.9179767375e-02 8.7424667013e-03 7.0877638968e-02 5.0527567004e-02 4.5622538584e-02 -1.9601300540e-01 6.9698244866e-03 1.4242246885e-02 4.3837428188e-02 2.4335302645e-02 -3.5198496607e-03 1.4113102621e-02 1.4053903288e-02 2.1978711653e-02 -6.8319573629e-03 4.0681294275e-02 -1.2057007939e-02 5.6991831433e-02 7.1312217584e-02 6.7448954936e-02 3.2258689241e-02 7.4786066248e-02 1.1050020417e-02 -2.8032080049e-02 -1.6263903584e-03 -1.2545887561e-02 3.1156350558e-02 9.7734445773e-03 6.2534847307e-02 -1.2859492908e-03 -8.6351861231e-03 -3.5501492680e-02 -5.6613013962e-02 2.1762410311e-02 -1.4015040393e-02 -1.3495376170e-02 3.2679385961e-02 6.5735617279e-03 -3.1299230434e-02 5.6155162230e-02 2.0167016301e-02 5.2589065082e-02 -2.4357826653e-02 9.5260075843e-02 -3.9680090871e-03 -2.1192999577e-02 8.2837101130e-03 -8.3116574772e-03
-6.3640277069e-05 2.5298479414e-04 2.2405684137e-04 -1.8041336681e-04 -2.5538079769e-04 -2.1275065286e-04 4.2734083047e-05 1.1518493555e-04 -2.3462891526e-04 4.8056781218e-05 -2.3903129213e-05 1.3844611297e-04 2.3479408067e-04 2.3194422278e-04 8.8804792436e-05 2.9628485655e-04 -1.0643373886e-04 1.5115582431e-04 3.1286864217e-04 1.2887447591e-04 1.5548126133e-04 -5.8839587171e-05 -8.4725692610e-05 1.8451968920e-04 6.3345419601e-05 -2.7338479512e-04 1.2212544363e-04 -1.9826775958e-04 3.1623422814e-04 9.9213736169e-05 1.6179515834e-04 9.2431847536e-05 1.3425542698e-04 -3.3561661064e-05 -9.6901119819e-05 2.6142569967e-04 5.0910223206e-05 -6.7859360543e-05 -1.5112364432e-05 -3.1276529851e-05 1.7541280121e-04 -9.0192140055e-07 -2.2086990933e-05 -2.1403069746e-04 -1.1613291835e-05 7.1123321174e-05 1.6965569299e-04 -1.6036080907e-04 -2.0392653428e-05 -6.4690424883e-05 4.7492727208e-05 8.3712302049e-05 -1.5534795729e-04 -1.8748011604e-04
