-4.9761399096e-02 1.2944357474e-02 5.3126928677e-02 -5.9771700689e-03 2.5599798660e-02 1.0088094623e-01 3.1590078105e-02 -4.7854876117e-02 -2.5733060011e-02 -1.1578728758e-01 7.6419311993e-03 6.5838612887e-02 2.8545188864e-02 6.1999199847e-02 -4.5088402177e-03 -3.4410307402e-02 -6.3006828554e-02 3.8918989602e-02 4.3276746263e-02 -1.8482101305e-02 -4.2243557519e-02 2.2741233999e-02 -1.0853694294e-02 3.8838666854e-02 5.0594804239e-02 -1.7645681297e-02 -1.6579996016e-02 2.2232628198e-02 3.8257583653e-02 1.9818529640e-02 -6.8969881594e-02 -6.9169431604e-02 -6.1961166557e-02 -9.1895507699e-03 2.3845637454e-02 3.3659854163e-03 -3.2159594431e-02 5.4669713745e-03 -7.0330570887e-02 8.2978656234e-03 1.4422955719e-02 -5.6285625691e-02 1.4381585115e-02 7.1548573706e-02 1.0176537966e-01 -4.3028269987e-02 -4.6994217368e-02 -6.7887169449e-03 7.8270151108e-03 -2.9281785825e-02 4.8895748105e-02 4.4293527667e-02 3.5374510931e-02 8.3442469453e-02
-1.1337429683e-01 1.0030635386e-01 -7.0988115234e-02 3.5954461279e-02 -6.2081814786e-02 -6.6602990080e-03 1.3660908455e-01 -3.5557324618e-02 1.7631554475e-03 3.5077935203e-02 -1.0957380257e-02 1.4879075098e-02 -2.9497850638e-02 -1.4764559209e-01 3.1193392897e-02 -8.3473970954e-02 6.3214466343e-02 -1.7427489478e-02 -3.2776754034e-02 1.7752500312e-01 -8.0094271941e-02 -7.3018402614e-02 2.7914063395e-02 6.2321892279e-03 3.6782368001e-02 3.5536763356e-02 -2.5339167955e-02 -1.4796018275e-01 -1.2436903469e-01 -4.1863822401e-02 1.2099767045e-02 -8.4777071620e-02 -4.4358215764e-03 -2.6482039933e-02 1.0105152238e-02 -3.5753287182e-02 1.0464740711e-02 -9.8531694497e-02 3.2108377694e-03 -5.5301199175e-02 -8.9715874411e-02 -2.6976223961e-01 9.5016980035e-02 9.2265590555e-02 -2.1182680976e-02 -8.6214707383e-02 -5.8910843193e-02 1.3657779050e-01 -4.8184602558e-02 -6.0201265253e-02 1.2568723506e-01 -1.4489214185e-02 2.7086438232e-02 4.9836381014e-02
1.0954665412e-01 4.3128519771e-02 3.8011329479e-02 1.1498406364e-01 -6.8008299596e-02 -3.0434945632e-03 9.8674645261e-02 -1.2143923093e-01 -1.1257170374e-01 8.9523957465e-04 -7.9023020999e-02 -3.3841797973e-02 1.6154823070e-02 9.7210893383e-02 5.1110183587e-03 5.3878930354e-03 1.8528434606e-02 3.2896127237e-02 2.0014608315e-03 -4.8405782779e-02 9.2683291870e-02 -1.0421457940e-01 -3.6311947620e-02 -1.0105346435e-01 -3.8950457894e-02 -9.2424357200e-02 1.3564220256e-01 9.2381592328e-02 1.4394948400e-01 3.0553743615e-02 3.2177803368e-02 -3.9103361320e-02 3.8845588390e-02 2.1929768340e-01 -5.4617252283e-02 5.1906178285e-02 -1.2377076719e-02 4.6757871209e-02 1.0691476778e-01 -1.0142156594e-01 9.8758717227e-03 1.5182957461e-01 1.2096160318e-02 8.5799629054e-02 3.8706263842e-03 -1.0916006441e-01 6.0961544543e-02 5.5683801705e-02 1.1144281258e-01 -1.3903697578e-02 8.1217347251e-04 8.8380043674e-02 2.8875257806e-02 -2.4008767130e-02
-6.1138637151e-02 6.8610649023e-02 7.2017195887e-02 -4.6359453748e-02 1.1795007495e-02 -1.2046861406e-01 6.1407328380e-04 -4.6888193842e-02 2.7251482157e-02 6.9703767669e-02 1.0401294456e-01 -4.5086624570e-02 -6.8773237814e-02 2.5351795703e-02 6.9299783237e-03 -3.9181721718e-02 -2.2432016405e-02 7.6703751363e-02 1.5453689241e-02 -6.6101588603e-02 3.7223920744e-03 3.7904628320e-02 3.7684674996e-02 2.2680640834e-02 -3.9208976695e-02 -1.2814537197e-02 -1.8622212363e-02 2.9896342675e-03 6.4952147314e-02 5.9885754193e-02 -7.0750512448e-03 -6.0668631094e-02 -6.9411704588e-02 -6.5083461415e-02 4.1707289262e-02 -8.1758573315e-03 1.4988592664e-02 5.5859227059e-02 4.6572151286e-02 8.6381832947e-03 -5.5941981872e-02 9.1312366358e-03 6.6508679759e-02 6.9873723695e-02 5.8156655781e-02 -6.4577153089e-02 -3.4494346358e-02 -3.4802447751e-02 -2.8936847027e-02 -1.0938278616e-02 1.0065458326e-01 -8.1466563807e-02 1.0422111336e-01 1.9014757380e-02
8.5860884155e-02 5.2315574509e-02 -1.2973749604e-02 -4.0664978733e-02 5.9659074627e-02 -5.8716651645e-02 -1.9995836538e-01 1.1213671406e-01 -1.2114177257e-01 -1.5192366417e-02 -5.2652433738e-02 7.9799652708e-02 -7.3536175340e-03 6.6277904796e-02 -2.2583336819e-02 -8.3702023963e-02 4.5225860004e-02 9.1944544505e-02 -7.0486945263e-02 -1.1486218926e-02 -2.6395153314e-02 5.4335051949e-02 8.8331504386e-02 -8.4900874650e-02 4.4867557973e-02 -7.9006011984e-02 -1.2124657663e-02 7.9872886987e-03 -7.7360910595e-02 4.1393038574e-02 1.6334659043e-01 -1.0712876679e-01 -1.0798279230e-01 1.3165522684e-02 1.0738445862e-01 6.0399909860e-02 2.5305596235e-02 2.7997806353e-02 6.9884328497e-02 -2.9584172302e-02 8.0760367087e-03 -1.8837728969e-01 -4.6003620286e-02 -7.6473825031e-02 2.1857073879e-01 3.7527467700e-02 1.4047867141e-02 7.6457844275e-02 -3.3828948279e-02 -4.2741239291e-02 4.4731597552e-03 -8.9975166775e-02 1.9052306837e-02 5.2343685686e-02
-1.3627104812e-02 6.6758999800e-02 4.1401578058e-02 -5.8202212250e-02 3.3682971155e-03 1.6991129574e-02 -3.6530270092e-02 1.7063283289e-03 -3.9639906104e-02 4.9707026090e-03 4.0927128595e-02 2.4523826315e-02 -2.5846644083e-02 4.8588549351e-02 5.9843986409e-02 1.4369389780e-01 2.8409054802e-02 6.4462457469e-02 -5.1154131447e-02 1.3188034119e-02 -4.1691759820e-02 -1.7712621931e-02 -1.2797029765e-02 -2.9938927437e-03 5.1086520395e-03 -6.8969155687e-02 2.1249179924e-02 -1.4641535927e-02 -3.0082280888e-02 3.0742558417e-02 1.1860361813e-02 -4.0982553346e-02 -2.5852017780e-02 -7.2821234588e-03 -3.8211997912e-02 -3.2493683713e-02 -9.0527384409e-02 3.4794559722e-02 -9.1120188174e-03 -9.5538652289e-02 4.9444751345e-04 -7.9040850415e-02 -5.8137936575e-03 -3.9913659356e-02 -1.6676663039e-02 6.0225759206e-02 -3.0770155175e-02 4.7195208414e-02 9.8026525805e-03 6.4752300623e-02 -7.0930514002e-04 -1.8012516155e-02 1.5478010710e-02 -3.2022754459e-02
2.7420537517e-03 5.2523448829e-03 -1.4121794343e-01 -2.9425250144e-02 2.9113099056e-03 -7.6663351046e-02 -6.2285703719e-02 4.7698131780e-02 -2.0156327845e-01 -3.4472862369e-02 -9.6473548921e-02 -4.4347220236e-02 -6.8467764209e-02 2.0240213779e-02 -2.3994303993e-02 -5.7141396813e-02 1.5326218350e-02 -1.8766829851e-02 -1.8035326390e-02 5.3205145925e-07 -7.3873762572e-02 1.2570795606e-01 1.0368993903e-02 2.8901133115e-02 -3.8324744118e-03 2.0655549965e-02 -3.4741470836e-02 -2.1850428498e-02 7.0877955533e-02 -1.7003024425e-02 -1.1429398776e-01 -1.0773425006e-01 -1.5389751122e-02 7.4151393088e-02 7.3849697519e-02 6.7639107225e-02 -2.3275795524e-02 1.4590749373e-02 -9.2180771682e-02 1.1911804191e-01 1.9778810087e-02 -1.9546652251e-02 -9.5387494195e-03 3.6929762416e-03 5.6144015298e-02 -1.0663775532e-01 9.0529960672e-02 5.2721945487e-03 9.2232493086e-02 8.0293197282e-02 1.1160984680e-01 -3.0341281966e-02 -6.6105838434e-02 -4.8605312270e-02
8.8461336764e-02 3.1425388154e-03 -1.0958914360e-01 -4.6171558789e-02 -5.8664942829e-02 -1.1776658287e-01 -9.2290735409e-02 -8.8320348967e-02 -4.4234701325e-03 1.1329787231e-02 -2.6071025455e-02 1.8697966010e-01 -3.0436282539e-03 2.7863004669e-02 -5.8182597050e-02 -7.8324347324e-03 -1.0372902629e-01 1.3306949700e-01 -6.7267328283e-02 -4.1407038417e-02 -7.7704088080e-02 -6.0599221572e-02 -2.8534884166e-02 1.0504682136e-01 1.0405335577e-02 7.3176750343e-02 2.1587623613e-01 -1.6272710189e-02 1.7560799293e-01 -6.5504601836e-02 -1.0661054691e-02 8.3753564012e-02 -1.6348654563e-01 1.0422781778e-02 -4.2330990887e-02 -3.4019859843e-02 4.5022177262e-02 3.0293712679e-02 -1.0749919193e-01 1.1578241881e-01 -8.5909814490e-02 -1.0064009175e-01 1.4297549728e-03 -7.5569028854e-03 1.3873149159e-01 8.5415254855e-02 -5.8808765730e-02 -7.5594397544e-02 -1.2059910648e-03 4.4828904404e-02 8.4291079237e-02 1.6115176997e-02 -2.8112135178e-03 -1.5378564504e-02
1.1211824891e-01 3.8253248853e-02 -3.3711705695e-02 3.2271480444e-02 1.1422524632e-02 -7.9223639952e-02 -6.6978445601e-02 -1.6837213401e-02 1.1316205223e-01 -2.6100721087e-02 2.8242681618e-02 9.9776498122e-02 1.2869422002e-02 -1.2529746245e-01 2.1811279738e-02 6.0832912853e-02 -2.6114231833e-02 -3.2509217948e-03 2.4260978884e-02 2.3157356580e-02 -4.0293793909e-02 -7.9534217191e-03 8.5637602535e-02 -3.2729099909e-02 3.5029368651e-02 1.2576450144e-02 -6.4349790945e-02 -4.0176909012e-02 -3.9526637280e-02 2.2700256398e-02 1.8814168472e-02 -7.0404677596e-02 -1.5304393874e-02 -3.1447071298e-02 2.2745035900e-02 3.7096223057e-02 -1.4976502090e-02 2.4480570595e-02 -1.2756986277e-04 -5.2848720117e-02 -5.9425344689e-02 1.1315747471e-01 -1.5165730362e-02 -4.0080195990e-02 1.7140561297e-01 -4.8898573954e-02 7.3986750121e-02 1.0252638502e-01 1.2899218811e-02 8.3160668074e-02 -4.1516777927e-02 -1.2305860365e-01 2.5596208753e-02 5.1833921730e-02
-4.4891700254e-02 -9.4469072345e-02 -5.5711549134e-02 -5.6507374426e-03 1.8223495889e-02 -1.9671832625e-02 -4.3659356691e-02 3.6800914747e-02 7.3004761327e-03 -3.0632433682e-02 4.5303014895e-02 8.4423236336e-02 -1.4534537450e-02 -1.0213148716e-02 6.7878911895e-02 5.0690511680e-02 -7.2240197192e-02 1.4456026972e-01 -2.6784198653e-03 -3.8420149757e-02 9.0488729069e-03 -5.8020951391e-02 -2.7682547541e-02 -3.5336424127e-02 -2.3740501193e-02 1.3496981470e-02 2.0531376366e-02 -8.2191283601e-02 -3.2646256431e-02 1.8985007027e-02 -6.7960779635e-02 -7.8159850609e-02 3.4198501508e-02 2.2909886366e-02 3.0267829860e-02 -6.1992698630e-02 2.1957042031e-02 3.3279036362e-02 -9.6419006511e-02 7.5875387904e-02 -5.8234795015e-03 -9.1031468230e-02 1.3533790384e-02 1.0273935832e-01 -4.6289293205e-02 -4.4550109123e-02 -1.0230524564e-01 9.5434039148e-03 -6.0580860328e-04 3.2099814753e-02 6.7907481967e-02 1.2600867463e-01 -8.2809688322e-02 1.0954583397e-02
-7.0277789860e-02 -7.5191167332e-02 -1.0499763068e-01 -4.7308340057e-02 -7.4309161247e-04 4.8592912219e-02 -7.7498852126e-02 -1.3776949997e-02 6.4461847548e-02 -3.8126127238e-02 -2.6115972469e-02 -1.6103805227e-02 6.0431805432e-02 -7.8787759899e-02 7.6185639054e-02 4.3835533721e-02 1.2302302650e-01 -2.9046243753e-02 2.3126626713e-02 2.1539684631e-02 7.6055665771e-02 2.5638506182e-02 -3.4315181343e-02 1.1316620434e-01 4.4371008420e-02 -1.2223631602e-01 1.0438887749e-02 4.8176592261e-02 2.8560886972e-02 -1.1590659804e-02 2.2540809611e-02 -7.9188811214e-02 -9.0319649285e-02 3.9438507316e-02 1.3370492034e-01 -1.8447662167e-02 5.1985017983e-02 6.9936825512e-02 6.0919693293e-02 -2.4301611069e-03 -4.2390799185e-02 -6.4619186217e-03 6.7998373171e-02 2.7806323605e-02 2.5906868634e-02 2.1531055985e-02 -4.2905615006e-02 1.0158398427e-02 -5.0099378829e-03 8.2029165466e-02 -6.5403685742e-02 3.8636171308e-02 1.4303927415e-01 -4.1521465138e-02
1.0412073235e-02 5.9317623731e-02 6.0657643835e-02 -4.6615644416e-02 1.1155916270e-02 -3.9546211641e-02 3.7288437789e-02 -5.0566299785e-02 -1.1698786523e-02 5.2621461395e-02 -2.6227664270e-02 -1.3457425106e-01 -4.1613904855e-02 2.3366963628e-02 -6.1686099831e-02 -1.3181677781e-02 7.6748455248e-02 -3.9104173032e-02 -4.6913077976e-02 1.4214877989e-02 7.7225918926e-03 -4.3568143123e-02 -3.0317633018e-02 -3.9199325131e-03 7.2751402605e-03 2.6146889575e-03 -4.8248430485e-04 6.9522919576e-02 9.1339307101e-02 -2.3169587078e-02 6.3610791771e-03 5.4686226031e-02 -3.6445673434e-02 -1.0503416324e-02 4.4458975853e-02 4.4747197471e-02 1.2878586778e-02 3.0755178624e-02 8.9919559001e-03 -1.0079309433e-02 2.6244701939e-02 -5.2246877952e-02 1.9444723858e-02 -5.7818494513e-03 1.7696215800e-02 9.6839697022e-02 2.8649630302e-02 -4.6539073080e-03 -9.3388354527e-03 -4.4782403202e-02 5.5644277775e-02 -3.4641713784e-02 4.9143394329e-02 -2.3511004779e-03
2.3386290581e-02 8.0719862325e-02 -3.7496298154e-02 -2.9437123307e-02 -2.7135122903e-02 7.0491857754e-03 -4.4015352391e-02 -6.4756353423e-02 -7.9994190143e-05 -7.2203489547e-03 -6.0591108161e-02 3.5705771217e-02 5.3409796610e-03 9.3229557353e-02 1.7294472514e-01 -2.4382706904e-02 -7.1324373682e-03 4.4973356616e-02 -5.5362176336e-02 6.8221228044e-03 1.8316088008e-02 1.1003212550e-01 -1.2075763772e-02 3.3001585339e-02 2.0808243312e-02 -1.4970117278e-02 -3.5279881585e-02 6.0480947669e-02 -2.2677753393e-02 8.4725787351e-02 3.7494776928e-02 5.4626086179e-02 -2.0227092251e-02 8.5465744100e-03 8.3625832012e-03 -2.2771487246e-02 1.0648981088e-02 1.1802531351e-01 1.6904184333e-03 6.1608262242e-02 -3.7949547130e-03 -2.7518637304e-03 -7.7595999477e-02 -1.5177186272e-02 9.5934047309e-02 -1.2865599540e-02 7.3200794462e-02 5.2805269905e-02 4.1346814862e-03 -2.0318399774e-03 5.1253163323e-02 -7.3230085168e-02 3.3446631167e-02 -8.7306469581e-04
-8.6717209027e-02 1.9721909362e-01 6.2571228385e-02 -7.3438677052e-02 1.8909243493e-02 3.1140387129e-02 4.2600370032e-02 7.0032833140e-02 1.1393834690e-01 4.1792414248e-02 -1.3156486486e-01 6.3236852925e-02 -3.5718257264e-02 1.5701183252e-01 1.7702365053e-02 4.3981471702e-02 7.1198121953e-02 -2.4913423188e-03 2.8278348946e-02 -7.7968774655e-02 6.2489201481e-02 8.4554915022e-02 -8.1775864790e-02 -6.3496502330e-03 2.5850617087e-02 8.1461226270e-02 6.6698346689e-02 2.4622182631e-03 1.4137520850e-01 -1.0306540516e-01 -8.2700292235e-02 -2.5817490391e-02 -1.7361778093e-02 1.3936700011e-02 7.0863906220e-02 -9.7635096634e-02 3.9742894305e-02 -1.4602255026e-01 6.3641633841e-02 5.7037658890e-03 -2.4943779175e-03 -1.1768185296e-01 1.4988328618e-02 -1.1178278165e-01 1.0499431074e-01 6.4076736138e-03 1.2242520149e-01 3.2421402065e-02 9.0629838260e-03 -1.5322421684e-01 -2.0080397250e-01 1.1967251381e-01 5.4581430419e-02 7.3919901520e-02
-1.0447743505e-01 3.2872382560e-02 2.7318761862e-02 1.2388916647e-02 -1.6261253619e-02 2.1073048157e-02 6.2089373447e-03 6.8218833365e-02 -6.5823591539e-02 -7.3085529533e-02 4.2077816413e-02 -8.4689469958e-03 -8.7092541462e-03 3.9580589947e-02 -3.2077505059e-03 -6.6146171475e-02 -1.0249389214e-01 2.3212418820e-02 -1.1418420412e-02 6.7138027630e-02 -3.1457744664e-02 1.6856502061e-01 -7.5658494863e-02 3.2275744909e-02 -1.1470123030e-02 1.9241522425e-02 2.0353267464e-02 -5.3194111176e-03 -1.4924417153e-02 2.3483077232e-04 6.4786166924e-02 2.5826006847e-02 -4.2959233283e-02 -1.1823645650e-03 2.1376790591e-02 -2.2879233718e-03 4.0698868854e-03 6.2811737967e-02 -7.3935500008e-02 2.7435689238e-02 4.5437400959e-03 -3.2017350754e-02 2.8133569453e-02 8.1022275198e-02 4.3194897128e-02 -1.2197923694e-02 3.9770136831e-02 8.3314908434e-03 -5.2928729702e-03 7.1927048463e-03 -8.9323714392e-02 2.4928291428e-02 1.0938594009e-02 1.1204734512e-01
6.8969126964e-02 3.8326387606e-02 -2.7819903690e-02 -1.4679276295e-02 5.5384513782e-02 1.3321169178e-02 -7.8462188333e-02 -1.0719823707e-01 -1.2222547101e-01 8.8504071498e-02 8.1390918431e-02 -1.6372741376e-02 5.0221958914e-02 8.6134742060e-02 8.2081452147e-02 -1.2202356623e-02 -7.3528728190e-02 -4.6519353261e-02 -1.0608636279e-01 -1.1344607887e-03 1.6073357568e-02 1.7363211291e-01 -2.6781589814e-02 9.4332675344e-02 -8.9333270477e-02 -1.1425849319e-01 1.6749356696e-01 1.3174413651e-01 -1.6702104618e-02 -9.3063670219e-02 -4.8624312082e-02 1.4821342790e-02 -2.8396334475e-02 5.1528418847e-02 -3.3661788216e-02 5.8505938850e-02 7.8404948804e-03 -5.7450145073e-02 2.4279342461e-02 6.5508227997e-02 -3.6570546417e-02 -6.6769843221e-02 6.1622140723e-02 3.8037311524e-02 6.4662677061e-02 -5.4383005776e-02 1.1909885846e-02 5.7185005402e-02 -4.6382931663e-02 -4.7134266347e-02 -4.0753594668e-02 2.0370334959e-02 -5.8780643156e-03 -1.2400789362e-01
-4.9661296463e-03 1.0009395899e-02 -2.2396856284e-03 1.4730504660e-01 -2.2536082764e-02 2.3627178900e-02 1.3192692138e-01 -1.3828090453e-02 -4.0009620363e-02 -7.4338646844e-02 -4.2546465248e-02 -2.8299862243e-03 -4.0062119001e-02 -2.5928758653e-02 -2.5239346293e-02 -3.9178452512e-02 1.5632231306e-02 -3.8564184237e-02 6.6482165786e-02 -9.9569755195e-02 -3.5147315364e-02 3.8009080280e-02 1.7870450222e-02 -3.4736173686e-02 3.0225568155e-02 -1.6631017621e-02 -1.4432282827e-02 -2.6965793854e-02 -1.7993584488e-02 4.4244524429e-02 5.3225499341e-02 4.6527013282e-02 1.4168595559e-02 9.6736881549e-03 3.9705541957e-02 -5.4231843714e-03 8.0630223441e-02 -6.7570053347e-02 3.8441365507e-02 -6.9716143148e-03 -3.7018386060e-02 5.2433174372e-02 -1.3033163237e-03 3.0632451725e-02 -1.4204329728e-02 4.9658468270e-03 -4.9790428454e-02 -8.2673783673e-03 -7.5402259227e-03 -6.9618087090e-03 6.0439904613e-02 4.1281046682e-02 -8.2474152373e-03 3.9573541419e-02
2.0759004560e-02 1.3923779610e-02 2.2696545709e-02 -1.7376972800e-02 -2.1350418454e-02 -4.5199137549e-02 -5.4830631102e-04 1.0986697717e-01 9.8331391478e-02 -2.5820926466e-02 -9.9202288926e-02 -6.8977480205e-02 1.2433012090e-01 2.9701340092e-02 -8.1478269962e-03 4.5867884009e-02 -7.1108504492e-02 3.4578488256e-02 1.0488630078e-02 -6.7594818315e-03 -7.1328436224e-02 8.3008211425e-02 5.4306013148e-02 -5.4902302009e-02 -1.5667543159e-02 2.5148667315e-03 3.3015566719e-02 -2.9260246394e-02 1.1114113044e-01 -1.0064427205e-02 6.0265399322e-03 3.3286577335e-02 -2.1292790560e-03 2.8112057251e-02 -7.0887709046e-03 -5.0977654244e-02 3.6856604530e-02 3.4020963937e-02 -4.6679225917e-02 -3.3933384713e-02 -3.6984846711e-02 1.2935413812e-01 6.9556680589e-02 -1.7172217009e-02 -4.9291877471e-02 -6.7820881697e-02 -1.8350264352e-02 -2.6116819435e-02 3.2587017327e-02 3.8035800289e-02 3.0428669047e-02 -1.2937061379e-01 -2.5759785190e-02 -2.6268117398e-02
4.9143263411e-02 2.8774791479e-02 6.0067619596e-02 1.0629365097e-01 1.0773018716e-01 2.0303332323e-04 9.1159783619e-02 4.2474892520e-03 -6.9011169818e-03 1.0637295721e-01 4.5648734174e-02 1.0400275208e-01 -2.7748940164e-02 -3.4771796895e-02 -2.0340871096e-02 2.5636611962e-02 -1.0364451719e-01 1.0383898393e-03 6.7378719842e-02 -1.8896945233e-02 6.7456354024e-02 1.0577635816e-01 6.8426902878e-02 -2.9535851106e-02 2.0493625448e-02 -1.6489523186e-02 1.2090328299e-01 2.1215328664e-03 -4.1253614820e-02 -9.3950393335e-03 8.2594573625e-02 -4.6349414283e-02 -1.9016608982e-03 -7.7552682403e-02 -6.9360093312e-02 -6.1223064053e-02 -4.1110307236e-02 1.7631006056e-02 -9.1407781691e-03 4.1094432244e-03 -4.5949587299e-02 2.0681843936e-02 -5.5283731293e-02 1.3243699664e-01 -9.1419856094e-02 -2.6693815240e-03 -4.3563804752e-02 -6.0808452338e-03 8.0113599821e-02 -2.0649989640e-02 -8.6433449389e-02 -2.8559670725e-02 -1.1665302726e-01 -2.5524783862e-02
-1.4039842623e-02 -4.1442939650e-02 -2.3648152345e-03 -5.4966411448e-04 -3.0679004743e-02 1.1590691294e-02 2.0593963846e-02 1.3322014711e-02 9.5040899759e-03 1.9788093345e-02 -1.4442342649e-02 -3.3725039530e-02 1.5902594093e-02 -1.0515324706e-02 1.4855205194e-02 3.5103734789e-04 -7.3986016874e-02 -6.1113515431e-02 -3.0350823549e-02 -7.4778721146e-02 -6.5003679101e-02 4.9368979344e-02 -3.2516793584e-02 -8.8156071133e-03 -5.4551299788e-02 -1.0150484746e-02 5.9419290283e-02 9.3871390141e-03 -8.8421655337e-02 4.4910183250e-02 2.4592111890e-02 4.9531153740e-02 -4.7966873890e-02 -1.9809503771e-02 2.4957330624e-02 -7.9926351628e-02 3.0364573918e-02 3.9847561415e-02 5.6309508367e-03 2.0382708780e-03 -9.1496078584e-03 -2.6403312668e-02 -4.7941837125e-02 -7.3730558628e-02 -4.9239124307e-02 -3.0593298024e-02 -1.1618657446e-02 -7.2996314072e-03 7.7043371776e-02 -3.7058579267e-02 -4.3931223553e-02 2.8761322287e-02 1.4082036794e-02 2.0210607817e-02
-5.3728689852e-02 5.9839447649e-02 -8.5318672321e-02 4.5365026017e-02 -1.5864429417e-02 3.0417671978e-02 7.0269226905e-02 -2.0222113502e-02 -2.9631094644e-02 -7.2879245858e-02 1.2048635989e-02 -6.3528220431e-02 -2.8268593999e-02 2.1599817861e-03 -5.5223839802e-02 3.3751273685e-04 1.1622748807e-01 3.9487297437e-02 7.0699705422e-03 -2.2207228133e-02 4.7154201545e-03 -4.3149261753e-02 -1.6106872414e-02 4.3051457174e-04 -5.7818605986e-02 1.6458931920e-01 -1.1454082415e-01 -5.2805085278e-02 7.0064565668e-02 2.6470569095e-02 -4.8085579279e-02 -2.5184642188e-02 9.9350864487e-02 4.6097071418e-02 -1.2758669880e-01 -3.0633300361e-03 -2.0867650806e-02 8.4182035905e-02 -1.0915122888e-02 -5.0903201092e-02 -4.4403840386e-02 4.6704183052e-02 -3.1743461903e-02 6.5721638402e-02 2.5668569473e-02 -6.7935513595e-03 -2.2843246239e-02 -3.7537821218e-02 4.6634300134e-02 3.8587480112e-03 -2.0274338497e-02 4.2960031734e-02 7.9732237730e-02 -2.6366309999e-02
7.5178733795e-02 1.0756469491e-02 8.5663538339e-03 -3.7986156653e-02 3.6089083416e-02 -1.1740988299e-01 -7.0105671741e-02 -7.3489517456e-02 3.4925705365e-02 6.9693644631e-02 -3.7620471017e-02 5.8376394691e-02 7.5132570534e-02 6.9860470145e-02 8.7083836905e-02 -2.0468259576e-02 2.5024034688e-02 -1.2488650769e-03 -1.7508691248e-02 -2.8606714700e-03 -9.1885921743e-04 -8.6329232991e-03 -8.1885548019e-02 -2.9513959845e-02 3.9783578726e-02 -3.8513053474e-03 -1.7254663260e-02 5.7755245415e-02 9.0561821677e-02 -3.1864480934e-02 -4.2752730325e-03 -6.8608252505e-02 -2.0724237279e-02 2.0670374454e-02 1.1925120564e-02 -1.0934620309e-02 -3.8124498681e-02 8.6482618637e-02 -2.9446340402e-03 1.2790789767e-03 7.4190216338e-02 -1.0257223210e-01 -2.5401604648e-02 -1.6593350274e-02 1.1871700280e-01 -4.8179849904e-02 -2.3560087400e-02 5.4104071389e-02 1.0223077658e-02 3.0920778431e-02 9.9466298257e-02 -1.4091509614e-02 1.4856632310e-02 -6.7033774196e-02
-7.9098188714e-02 1.0512542046e-02 1.0021783214e-02 1.0766051917e-01 4.1583909614e-02 -6.2674337978e-03 2.5828276207e-02 5.3187435416e-02 3.1556952890e-02 1.3294111989e-03 -1.6625025649e-03 5.2357424873e-02 2.1192440042e-02 -2.9534006685e-02 2.6795040453e-02 1.8814350238e-02 2.7296441420e-02 -6.0008464871e-04 -2.3376953830e-02 -4.5787384171e-02 1.2149577200e-02 -1.1689078531e-02 -5.8159429317e-02 4.7850491567e-02 2.0230117441e-02 4.5549510492e-04 2.9781844731e-04 -1.7901958838e-02 2.9903642107e-02 9.0186024940e-04 -2.4581454146e-02 3.9641244122e-02 3.3035811391e-02 -8.0667853233e-02 1.7545864537e-03 -3.3076974719e-02 5.8739169241e-02 8.8081213560e-04 -3.8029704215e-02 -3.8996397189e-02 1.1911760214e-01 8.1224708167e-02 -1.6394148282e-02 1.0564220222e-02 4.8423761528e-02 -1.5743368026e-02 -6.2837772897e-02 -7.6431252835e-02 -1.5973908438e-02 -7.7470964733e-02 -6.4936915932e-02 -4.8279103440e-02 2.6828522745e-02 4.7714623649e-02
2.0081512326e-02 2.8691732563e-02 1.9950802784e-02 4.1465483046e-02 8.1089916353e-03 1.7676854503e-02 -2.3980849786e-02 -1.8626079513e-02 3.3219225980e-02 -2.9472930488e-02 2.1406772035e-02 7.4231828497e-02 2.1866595894e-02 2.0059718623e-02 -5.4461298507e-03 5.5680635507e-03 -4.0680213956e-02 -4.3891386585e-02 3.6764613387e-02 -9.0516822626e-02 9.2502065761e-02 -1.2601602767e-01 2.0375119060e-02 4.3202600428e-02 4.4458349346e-02 3.2042802042e-02 -4.1874635388e-02 3.2708589741e-02 -1.7501411604e-02 3.0937812982e-02 5.7558090422e-02 -3.0330124239e-02 2.6199865784e-02 2.9441813593e-02 2.4771845101e-02 6.9559130171e-02 -6.0569748542e-02 -1.1416552416e-01 6.8311119135e-02 -9.3638713140e-03 -6.2148521100e-02 -1.3934577235e-01 -3.0506025429e-02 -2.7246804001e-02 -6.0822806002e-02 -5.2297693810e-02 4.1052055709e-02 2.9721607144e-02 7.5971894300e-02 9.5740276533e-02 -9.8459192312e-02 -8.7667041326e-02 -2.8701611297e-02 2.2005618384e-02
-3.7917743908e-03 5.2208196047e-02 -4.5908661400e-02 1.2809844481e-02 6.4466834030e-02 3.7490067034e-02 -2.8626907125e-02 -4.1088309451e-02 4.4740300617e-02 3.2872167142e-04 5.2251164873e-02 2.6959265682e-02 -3.4170455670e-02 6.7812215652e-02 4.1684341593e-03 -1.7863772576e-02 -3.4205726861e-02 -1.2659714592e-03 -5.2933854293e-02 4.6089270152e-02 7.0454831475e-02 3.3259513779e-02 8.8122553432e-02 -1.0597491676e-01 -2.7037938328e-02 -3.0476398258e-02 5.6074741510e-03 1.2199069943e-01 -1.5613008517e-02 1.7845143978e-02 8.0487792620e-02 -1.0574429264e-02 6.0734864813e-02 2.0701776154e-02 3.7615153590e-03 -1.9229096632e-02 4.2718505383e-02 -5.2891730343e-02 4.1017963048e-03 -7.4330051874e-03 4.5528594043e-02 7.4734301119e-04 4.0330168025e-02 4.0878777227e-02 1.0740859770e-02 3.6666844445e-03 2.7130460101e-02 -4.3464223481e-02 -4.3891547607e-02 5.7887010831e-02 2.2228685764e-02 -3.5295328826e-02 -9.9205736613e-02 -7.9831409597e-03
-1.2701275946e-02 1.6049334780e-02 3.4098810321e-02 -6.8748539585e-02 2.8082824531e-02 5.6452298590e-02 -8.9172118928e-02 -4.0410809502e-03 2.5318613090e-02 -6.0086505379e-02 3.4714237392e-02 9.9675213296e-04 -5.8893185186e-02 3.6201478278e-02 3.7740924433e-02 5.9410719866e-03 -4.8275175557e-02 -2.9848909179e-02 -2.1234424509e-02 -6.9978419878e-02 5.7190095689e-02 -4.1175512667e-03 -4.7216705192e-02 -1.1703176085e-01 1.1428449758e-02 -2.2890342694e-02 -7.1656325852e-02 4.6229265738e-02 9.5854245010e-02 1.7505480479e-02 -1.4868218892e-02 -4.6342549348e-02 -9.1401062740e-02 2.0770947556e-02 -3.5478246727e-02 3.6028071800e-02 7.1576592274e-02 1.2216806642e-01 8.7916502898e-02 3.5820755154e-02 7.5027418793e-02 -1.4156336460e-01 1.3846765923e-01 -3.5885932910e-02 1.0580840709e-01 -3.5262063199e-02 1.2803301989e-02 6.9198184952e-02 6.2582978892e-02 4.0566423312e-02 6.9931697597e-02 -3.6192523622e-02 3.1822108244e-02 -8.9547595789e-02
2.2946992008e-02 3.0436757647e-02 4.2950022654e-02 5.3216175442e-02 3.3372871970e-02 -9.2072951836e-02 -6.8318848017e-02 -3.2584385369e-02 -6.3152156011e-02 2.3492572690e-03 8.5688458610e-03 3.2652894332e-02 -5.4745074983e-02 7.9873083161e-03 2.8551329798e-02 2.3232672058e-02 5.4854523580e-02 9.6893392264e-04 -4.0962875733e-02 5.9051260280e-02 -9.4738919437e-03 9.4948631263e-02 -9.3121338026e-03 -1.1405517027e-02 1.2810387513e-02 -6.9480181916e-03 4.7036802544e-02 -4.2298047430e-03 7.7850299953e-02 -6.2570937838e-02 -4.7341844613e-02 -7.2608268738e-02 -9.9984127839e-02 8.7384873697e-02 -1.4951875870e-02 1.3887164372e-02 2.4700814755e-02 1.1570496705e-01 -5.9805460621e-02 -5.6306976346e-02 3.4894286694e-02 -2.6238113232e-02 -1.5818075129e-02 -1.4105942539e-02 -1.5259103679e-01 6.1648837057e-02 7.9842406399e-02 1.2422749428e-02 4.0651385551e-02 1.2040240924e-01 1.1081462860e-01 -5.0863713608e-02 2.6678226546e-02 -6.7973331663e-02
7.7869488994e-02 -2.6327841729e-03 5.3727445582e-02 -9.9696964116e-04 7.6569032143e-02 2.2077553187e-02 -9.5645353339e-02 7.0046035102e-03 1.7586534480e-02 -4.1274228547e-02 -1.0832144034e-02 -1.0134298571e-01 -1.6855445259e-02 -6.9510588137e-02 5.0852480650e-02 -4.8428253030e-02 -1.2297831185e-01 3.1908969564e-02 -3.5651185936e-02 -1.5293617431e-02 2.1866166591e-03 1.3460280801e-01 -3.0466467747e-02 -7.7466457638e-02 -2.3639628592e-03 6.7231340835e-02 -9.4387422434e-02 5.1082041403e-02 -1.1017312453e-01 1.0276341077e-01 1.2009170922e-01 -5.5224312609e-02 4.5162688611e-02 3.2893282169e-02 -4.7744432025e-02 -3.4044048304e-02 7.4387546403e-03 6.3189043081e-02 -1.3869258571e-02 -5.4975108692e-02 -7.3448839552e-02 5.8275867922e-02 1.6336918718e-02 -3.7944326611e-02 2.1910238839e-02 -7.0390666952e-02 -1.6107006823e-02 2.6511513149e-03 -3.4136011397e-02 1.1187558045e-02 -5.2078738332e-03 1.0916834528e-03 7.9594468769e-02 -1.3874251241e-01
7.0003624896e-03 4.5203928551e-03 -9.3881526313e-02 -9.0379840041e-03 1.8095644595e-02 -8.5911086994e-02 -1.2673300104e-01 1.9751169294e-02 7.3218210020e-02 2.4106505918e-02 -2.6560410524e-02 5.4938141224e-03 3.7068306046e-02 4.5213877614e-02 3.0294947448e-03 2.7626120370e-02 1.5820503387e-02 3.7976606937e-02 -5.7805096981e-02 -1.3786568519e-02 -5.7699874918e-02 5.3863706835e-02 -2.8022852690e-02 1.1180417668e-02 9.5840638975e-03 1.0890562146e-04 5.4486727103e-03 1.3002160934e-01 -5.5809203584e-02 -5.7937020555e-02 3.5627952711e-02 -3.3063972364e-02 -2.8194405449e-02 3.8733604971e-02 1.3503203928e-02 3.7266252075e-02 2.6424534332e-02 -1.0875377422e-02 -2.0990988058e-02 5.1043144665e-02 -2.2136205083e-02 -3.7405276477e-02 2.7437392923e-02 -2.0241889691e-02 3.8967035910e-02 2.0460176675e-02 -7.0984465014e-02 2.0176495079e-02 7.3794244385e-02 3.7555912978e-02 3.3016431860e-02 -3.0377744418e-02 1.4854022466e-02 -3.4710022330e-02
-4.7016449397e-02 8.7461628332e-02 -4.5436740879e-02 -1.9357013163e-02 2.3886600869e-02 4.5764071872e-02 7.3052158966e-02 3.8818735225e-02 6.2899737542e-02 -4.1453615043e-03 -2.9997219395e-02 5.5839665761e-02 -6.8536951609e-02 -4.9298921707e-02 -1.3522248308e-02 2.1848019120e-02 -5.7031998212e-03 2.3988742434e-02 -5.9176291169e-02 -4.0968997873e-04 5.7201196132e-02 7.1504189405e-02 3.1826685699e-02 1.9204500834e-02 2.0548912386e-02 -4.0965190760e-03 -8.9738954395e-02 -9.7269121667e-02 4.4064699740e-02 -8.0656696848e-04 -3.5525440889e-02 3.0755635487e-02 -1.2390656960e-01 4.8265136301e-02 -3.4707318766e-02 1.6886541069e-01 -1.8010868317e-02 -2.6074192320e-02 5.3449660440e-03 -3.7187840983e-03 1.5557764428e-02 3.2962015817e-02 -9.4006237924e-02 5.6246050693e-02 -5.4193363808e-02 -1.6979105719e-02 -6.5496298635e-03 -1.8372360271e-02 -4.6514885419e-02 8.0484015804e-03 -1.0699722725e-02 5.2864003025e-03 -3.5402816698e-02 -2.9762051297e-02
-1.1818402832e-01 -6.1536473031e-02 1.6809131050e-02 1.2864474981e-01 3.1109277319e-02 1.5699136011e-01 9.2955470890e-02 1.8469111093e-02 -7.3721134430e-02 -3.3255162561e-02 8.4264116415e-03 2.1250861081e-02 -6.4274773454e-02 5.5899122571e-02 -6.2029026916e-02 9.8092963820e-02 1.3422002038e-01 3.1750684528e-02 1.1215626459e-02 -1.4439122140e-01 4.5601223474e-02 1.1689394980e-01 -6.3646453086e-03 8.8573122496e-02 1.4076321068e-02 3.3473483724e-02 1.0609891376e-01 -4.5257984576e-02 -1.9186106139e-01 2.3628131290e-02 3.3157556478e-02 2.3108920344e-02 1.4673591603e-01 -1.5138544356e-01 3.8656060287e-02 6.1439374808e-02 -6.4679543506e-03 -9.8458789101e-02 -1.0478643665e-01 3.5711296004e-02 -4.0814788332e-02 6.7741588218e-02 8.1870020305e-02 3.5718458584e-02 4.2481297071e-02 -1.0966291484e-02 -1.0588654271e-01 -1.3470444147e-02 3.5741800467e-02 -3.6572508296e-02 -4.5389901611e-03 9.0730052117e-02 7.1433926613e-02 1.0054823595e-02
-6.0836467217e-02 8.2693593498e-03 -1.7664465990e-02 2.1488732638e-02 3.8988279567e-02 4.5145180197e-02 4.9318066613e-02 4.2735901878e-02 5.7352823388e-02 2.5395178838e-02 -1.3948956394e-02 -6.1729732695e-02 -8.7257672590e-02 -8.2480256475e-02 -9.6423683234e-02 2.7981627784e-02 5.8298313080e-03 1.3970512646e-02 -4.2977193130e-03 -9.3480043711e-03 9.9778948107e-03 1.7593772301e-01 2.1465602205e-03 -3.5430804427e-02 -4.2323058317e-03 -9.3405275793e-03 3.9153560810e-02 -6.7662371884e-02 -9.0759313658e-02 1.2852456089e-02 -4.0924067170e-02 9.7186985498e-02 -4.0492704532e-03 -3.6361660685e-02 -5.4991248461e-02 -1.8661133650e-02 -2.4154764018e-02 -5.5917931965e-02 -2.0194986160e-02 -5.3702173338e-02 3.2981724329e-02 6.8726576544e-02 -1.2560308054e-01 6.3617524369e-02 -1.7110491054e-01 -3.5844879318e-02 9.5799744586e-03 6.0109426807e-02 2.3272572529e-02 -2.6760332992e-02 8.8496227997e-02 2.6210307077e-02 -2.3520489184e-02 9.7607922577e-02
4.2215523897e-02 -2.2217909541e-03 6.0342738235e-02 -9.1820713733e-02 1.5697695141e-02 -3.7067480417e-02 1.0513322227e-02 -4.3256357311e-02 3.6302832541e-02 2.1028422671e-02 -3.0106691627e-02 1.3335081746e-01 5.9509927188e-02 4.6375118626e-02 6.9881506234e-03 -1.0722917291e-01 9.9694914090e-02 -8.7780081581e-02 8.7785722780e-03 -9.5886858910e-02 -5.8332069645e-02 1.7091980678e-02 -3.3823762624e-02 2.4694328534e-03 1.6524036616e-03 1.0994644181e-02 4.6240089289e-03 -7.0959736931e-03 -5.2036756783e-02 2.8390275368e-02 6.1765461452e-02 2.0273113594e-02 4.1524771625e-02 2.3054908442e-02 4.6017673917e-02 -3.2961229500e-02 -2.4695294319e-02 2.0728992955e-02 -1.3813057064e-02 -4.6839251294e-02 8.3126296631e-02 4.1208322108e-02 -1.1067123732e-02 1.6464184613e-02 6.0203645600e-02 3.9461670483e-04 -6.5511113000e-02 6.6137331805e-02 -2.8477440296e-03 7.7336909488e-02 1.2495972358e-01 3.4118700283e-02 -1.6068902494e-03 -8.5621331773e-02
-1.2084670875e-01 5.3786827584e-02 -7.1556602787e-03 -1.0151204197e-02 4.8682349666e-02 -5.7221296084e-02 -7.6847954339e-02 1.1201435137e-03 -6.1506893198e-02 -1.1710990012e-01 5.3061426620e-02 7.4457720397e-02 9.8275305477e-02 7.1137792783e-03 -2.7692311195e-02 -4.5450694323e-02 4.1544585799e-02 4.7469336958e-02 -8.5840991080e-02 2.7278734421e-02 4.0084652773e-02 -1.6441338731e-02 1.3260776889e-02 -1.1634965721e-01 2.0582390899e-02 -6.1696574291e-02 1.1372625071e-01 -2.9319729735e-03 2.7333902076e-01 9.9067991907e-03 5.8168304423e-02 -6.8821734387e-02 5.3587910324e-02 5.2008988845e-02 3.1393334568e-02 3.6514328337e-02 -9.5385091758e-02 4.8132598350e-02 -1.9397103433e-02 -2.7670079047e-02 -1.2103966172e-01 1.0791740686e-01 3.0337795469e-02 5.3671489792e-02 8.7405558471e-02 8.7492164774e-02 3.2364296660e-02 -1.1595758382e-01 -3.6067059074e-02 -1.0050319022e-01 6.5736673560e-02 4.6496656883e-02 9.2980469851e-02 -1.2842818920e-01
3.0583298613e-02 4.0642722068e-02 2.1054197282e-02 -1.6127824484e-03 -6.7483245512e-03 7.3580651835e-02 -1.4222646158e-01 5.1298624704e-03 -1.7322019332e-02 1.0697761437e-01 8.3958078975e-02 -1.5033227250e-02 6.4443561694e-02 -9.5791267004e-04 8.6680269712e-02 2.7023396886e-02 1.2720514644e-01 1.0472284419e-02 2.2976893553e-02 -6.5433410024e-02 -5.2309086616e-02 -3.1233069941e-02 -1.7533270225e-03 5.4726168934e-02 2.6953456528e-02 -1.7928893310e-02 -6.4195912616e-02 -1.5505321622e-02 8.6043782173e-02 5.3185247753e-02 3.9383447384e-02 3.1015714206e-02 2.9014363164e-02 2.1245909563e-02 -2.3868157761e-02 4.5522296954e-02 7.1350858565e-02 3.7410469017e-02 -2.9738539173e-02 5.9982882883e-02 -5.6085702916e-02 4.9534033135e-02 8.2919561216e-02 -6.5223888581e-02 -4.8342780181e-02 -4.2001701289e-02 -5.5686728408e-03 3.0979146540e-02 -5.0788057931e-02 2.6359674332e-02 -7.0620903015e-02 -3.1652064957e-02 -5.1553899975e-02 -6.5556154782e-02
3.0249045502e-02 4.2038990455e-02 -1.4942032825e-03 3.7476240350e-02 -4.0950288960e-02 9.0986185904e-03 2.6275855847e-01 1.0560277974e-01 4.8685935247e-03 -3.8688314228e-02 4.4830105160e-02 -4.7036750494e-02 -2.4177490238e-02 -8.5670513758e-02 -2.9732557801e-02 -2.0892089893e-03 4.5386448237e-02 1.7661850326e-03 1.3593591921e-01 6.3174104514e-02 -6.7007866356e-02 6.0627624397e-02 -1.3799032231e-02 -6.5568481518e-02 3.5437471675e-02 -7.3888373455e-02 2.2363180442e-02 -8.8817881644e-02 9.0864098556e-03 -7.2639393820e-02 -1.1911687345e-01 9.6530238322e-02 9.9170029380e-02 4.1001496301e-02 2.5045802586e-02 -9.7919373180e-03 -9.5629235127e-03 -6.3894959091e-02 -6.4134716217e-02 -2.3486904861e-02 -3.0785423137e-03 -1.0192739706e-01 -4.2584099814e-02 2.1179354839e-02 1.3911545549e-03 2.4567328345e-02 -9.2075306076e-02 -8.3331531301e-02 3.6370866640e-02 -7.8267564002e-03 -1.0706228556e-01 -2.9020853102e-02 -7.3998212079e-02 1.5178576081e-02
1.7353280437e-01 -1.1448293613e-01 8.8126398581e-02 7.2778724835e-02 -3.7972075123e-02 -9.0744447611e-02 8.4306168207e-02 1.1397372164e-01 1.1334492594e-01 -9.2376257218e-02 1.2563362152e-02 2.3129356317e-02 -1.1970711250e-01 4.5692515121e-02 1.6164456843e-01 2.6239218599e-03 1.1811310997e-02 5.2308733611e-02 1.3584508348e-01 5.7796692933e-04 -5.8358081375e-02 -1.9125736097e-01 1.9680613563e-03 1.3082755080e-01 -3.3447874661e-02 2.4110524876e-03 -8.0106082074e-02 3.7668152162e-02 1.9208705969e-01 2.0927340035e-02 -5.8477319551e-02 -1.0373878247e-01 1.0070847015e-02 2.1603274844e-02 1.1411048954e-01 1.3059354988e-01 -8.6431718156e-02 -3.3906963172e-04 -8.3098049220e-03 -9.6196864756e-02 6.6693762359e-02 -5.5070591980e-02 -1.2082600184e-02 2.4256750486e-02 1.1393120827e-01 3.8744371402e-02 -1.6362287344e-02 -2.0291071539e-02 1.3050134610e-02 -7.9414164386e-02 1.7457083545e-01 9.9780165652e-02 2.2678601264e-02 -1.4819565878e-03
7.7737186598e-02 4.4373603109e-02 -3.7128993572e-02 7.9080684286e-02 -1.1909059161e-01 7.4327572530e-03 -9.8703296044e-04 -4.9275006288e-02 -4.2825777067e-02 4.3352910319e-02 -1.6426874389e-02 -2.2820729066e-02 -2.1123887057e-02 -4.5913671252e-02 -1.3461975263e-02 3.1795122726e-03 4.2932284055e-04 1.2137748564e-02 4.5514049751e-02 1.1845201454e-02 7.3124975379e-03 -9.9620963584e-02 2.4987961158e-03 1.1061829718e-02 -7.7772025736e-03 2.5602794250e-02 4.7262022853e-02 1.0075082870e-02 3.5101335466e-02 -3.4508958865e-02 -3.4089719323e-02 1.1955853144e-02 -4.3024907599e-02 6.2763180166e-02 4.3256498039e-04 1.5107401963e-02 -1.0054970028e-03 -4.2256090137e-02 5.1049441428e-02 1.2524736822e-02 -2.3508054796e-02 -8.1376900104e-03 6.3808631936e-02 6.1300912059e-02 -1.2831496996e-02 -1.0507390017e-01 -6.6036800467e-02 2.4448149249e-02 6.6206805537e-03 -1.2948954533e-02 6.8549927706e-03 8.8849264147e-03 -5.9032875262e-02 1.0141965640e-02
-1.7042288356e-02 -9.4608728256e-03 -9.8579677328e-03 7.0528577074e-02 -1.2295190848e-02 -5.1002547769e-02 -1.1039753982e-02 -1.1558958340e-02 -3.8447124138e-02 4.7211149366e-04 -3.4485599825e-03 2.4376638711e-02 -1.6981918770e-02 2.0528484831e-02 -4.6168101949e-03 -5.1059892356e-03 2.9646751084e-02 -4.5517614483e-03 -2.5997287065e-02 -4.2514068795e-02 2.1656598750e-02 -2.8005515062e-02 7.0841388553e-03 1.4976815395e-02 3.9818062396e-02 1.9351457730e-02 -3.1811365188e-02 6.5474760823e-03 1.9764467191e-02 2.5671840637e-02 -1.4632071692e-02 6.3455571511e-03 -6.5123830782e-02 -1.3460307126e-02 1.1401581594e-03 -2.9805836071e-02 6.7019030210e-02 5.2712408749e-02 -1.3277363493e-04 -1.4184624376e-02 3.4971795754e-03 -1.3441426163e-01 4.0198702161e-02 -6.5305525938e-02 -3.2387059063e-02 3.5521557417e-02 2.0627135747e-02 1.0738869968e-03 -6.1572653949e-03 1.6412989673e-02 3.9505273304e-02 -2.7213541084e-02 4.9222500181e-02 1.0490227125e-02
-1.5442750709e-02 2.6964112113e-02 4.6149458423e-02 -5.6766037349e-02 -8.5739369821e-03 -1.2817994946e-01 -7.0329763893e-02 -3.3603613901e-02 4.2478681281e-02 8.5880746848e-03 5.5173181848e-02 -2.9884975193e-02 1.9106265355e-02 5.9730329322e-02 6.3845263173e-02 -7.7349145819e-03 -7.0709328909e-02 3.4096245746e-02 -4.8469905392e-02 -9.1838479175e-02 3.1902850596e-02 -7.5038596422e-02 6.3864974667e-02 1.4258477789e-02 2.7435392908e-02 2.3459733381e-02 -5.2953918279e-03 3.5679106004e-02 7.8367888775e-02 5.3342327465e-02 -2.8431908248e-02 -5.1155755996e-02 1.3584593906e-02 -3.2862819861e-02 6.2039333368e-02 7.6617706890e-03 1.3122312063e-02 3.9484197804e-02 3.8737080286e-02 1.6800961916e-02 -5.2509677898e-02 -7.0893193116e-02 3.0657213651e-02 2.7914369554e-02 5.2211274518e-02 -1.0903016827e-01 2.0407250294e-03 1.2347090727e-02 -5.0795549202e-02 7.0210805880e-02 5.4655050677e-02 -5.8784089326e-02 1.1712929102e-01 -2.7301408777e-03
2.6882790623e-02 2.7987431856e-02 4.3315334465e-02 5.6493087273e-02 1.2738046432e-02 2.8165613218e-02 -8.4164000834e-03 1.2390163088e-01 -2.0525630232e-02 -2.2431420138e-02 1.3865242462e-03 -1.6871861706e-02 -6.7416593349e-03 7.5647461366e-02 3.8850304107e-02 -3.1270268368e-02 9.5499562642e-02 1.0269646642e-01 -8.0348539915e-02 -1.2057653121e-01 -1.0490065551e-01 7.8668667339e-02 6.1451607798e-02 -6.3829862357e-02 -8.0351054484e-02 2.9942425215e-02 -2.5731534088e-02 -5.4725448370e-02 5.0396653442e-02 -1.9579370161e-01 -2.1568693247e-02 -3.3607708448e-02 -6.5217688785e-02 -2.9945765895e-02 2.9250852725e-03 1.9714564831e-02 -1.8576382810e-01 8.4878286979e-02 1.5063042338e-01 6.5351265066e-02 6.1262404116e-03 9.9684332561e-02 3.2229950434e-02 -7.4014982295e-02 1.4941956285e-03 -2.2895893608e-02 1.0441306609e-01 -3.6975925740e-02 -8.4246020464e-02 2.2774922433e-02 7.3108761260e-03 -1.1766479616e-02 6.7131378914e-02 -7.9248401748e-03
-1.2506457306e-01 -5.1724887764e-02 -1.5129189523e-02 -7.1294250244e-02 -5.3866171163e-02 -1.4007378659e-02 -2.3659739301e-02 1.1284273595e-01 -4.8363176975e-02 1.0251051294e-02 -1.0161912077e-01 5.5115847303e-03 -4.7957270879e-02 -3.8436466481e-02 2.9237314031e-02 -4.4534115573e-02 1.8108054404e-02 -8.4290616943e-02 -2.1818015827e-02 1.0258840836e-02 7.5680437596e-03 -3.7104955933e-02 2.1824825169e-02 -1.4535534103e-01 -6.1158586417e-03 -1.0405985651e-01 1.1670509655e-01 1.4804818773e-02 1.5312485867e-01 5.7570080879e-02 4.7451382687e-03 -1.2031701789e-01 -6.0859582340e-03 -3.2950278816e-02 -3.6617524448e-02 -1.5326697905e-02 2.3222976412e-02 -4.2097211440e-02 -6.5479863232e-02 5.5354513165e-02 2.1662107851e-02 -3.6077857110e-02 4.8805343328e-02 5.9853359338e-03 -2.1102396668e-01 3.8582881172e-02 -1.7092865540e-02 -5.1471527536e-02 2.3825505941e-02 -3.9715275967e-03 -3.1614492439e-02 -5.7480842559e-02 -1.0842647604e-02 1.2307913622e-02
2.6757385055e-02 1.5928119000e-02 -1.9834468078e-02 -3.8536490984e-02 1.9918172513e-02 -6.9995781753e-03 -8.8800276110e-02 4.7030367080e-02 3.9706396919e-02 2.8961807143e-02 -2.8367669996e-02 2.6414795798e-03 4.9950222650e-02 4.8723518210e-02 4.7752818970e-02 2.1699246414e-03 -1.1056899637e-02 1.7747460959e-02 1.9803443484e-02 -5.4181104635e-02 2.2991937381e-03 8.6629778517e-03 -2.9073135609e-02 -4.3596128333e-03 1.2028978920e-02 -1.5878461845e-04 1.8128082053e-02 1.2582599650e-01 2.0974021559e-02 -1.5211333939e-02 -4.3861089571e-02 -5.2849620281e-02 4.0107394703e-02 4.9659905616e-02 -3.3629424912e-03 2.6232382250e-02 2.5842135340e-02 4.8726711746e-02 -2.2211106090e-02 1.3270195358e-02 4.8288993904e-02 -1.2464998363e-03 2.3520416787e-02 -6.8253637754e-02 8.7353554000e-02 -5.1613361396e-02 1.7419363706e-02 3.3267978326e-02 3.9682847730e-02 -5.4491859050e-03 8.1263282456e-02 3.0680233254e-02 2.9666437379e-02 3.9645765962e-02
3.1467439284e-02 -8.8549777555e-02 -3.1714905068e-02 -7.8380594498e-02 -2.3663454700e-02 -5.3280831838e-02 -4.3783071398e-03 -1.8073671375e-02 -1.6495988817e-02 -4.9489177022e-02 4.4292686454e-02 -3.7830812523e-02 9.4522779724e-02 -6.8867148480e-02 -6.4731876191e-03 -1.9242084984e-01 8.9105240241e-03 -3.6919253617e-02 1.6279490470e-02 -5.4809676367e-02 -1.7585900990e-02 -1.3754086132e-02 1.2143116747e-02 -3.9130368383e-02 -2.4032533806e-02 4.5995180654e-02 -1.5163181603e-02 6.1418506320e-02 -8.8109784131e-03 -3.7716692278e-02 4.8028845438e-04 -4.0519270739e-02 1.7164228010e-02 -7.2539887371e-02 2.9123077772e-02 4.5228007596e-02 6.6421302966e-02 3.1143278014e-02 -1.1162105788e-02 2.4419005558e-02 -3.3870925061e-02 5.6794154792e-02 -5.5755265056e-02 2.7927100656e-02 3.9139432040e-03 -5.9010535312e-02 2.2670267671e-02 -2.0078553910e-02 -2.1158816999e-02 -1.1231635185e-01 -7.7845143106e-02 8.0235281650e-03 -9.8569916436e-02 2.0641392905e-02
-3.4401715312e-02 1.4600614084e-02 3.0375273926e-02 2.0389034047e-02 -3.4418451193e-02 4.7518257190e-02 1.7348438730e-01 -1.0983160196e-01 -7.2323564496e-03 -3.0709354854e-02 1.1327490145e-02 2.1283936505e-03 4.9809234130e-02 -4.2183075729e-02 -3.7897628749e-02 -4.7267989484e-02 -2.1802076498e-02 2.3823355165e-02 -1.1815458539e-01 -2.3412052133e-02 -4.3055664129e-02 -6.8671404198e-02 1.3917987639e-02 1.3226625155e-02 -5.0868337274e-02 -3.4766996342e-02 -4.5500621571e-02 -5.4594829950e-02 -6.5663581452e-02 -1.0823473490e-02 -5.8455886480e-02 6.4496236276e-02 5.8834943355e-02 2.9536428226e-03 3.5769359019e-02 -4.7601789582e-02 2.9712075058e-02 -8.3759651432e-02 -2.1964123796e-02 -5.9223647774e-02 -3.5636659737e-02 -1.5170907186e-01 5.2085451933e-03 -5.1967965435e-02 -2.5427677838e-02 6.2630559935e-02 2.8205903917e-04 -7.1754275020e-02 4.0228932350e-02 2.0387668475e-02 -1.2964781634e-01 8.5826650419e-02 -1.0528589266e-01 8.0846156570e-02
2.3874077552e-02 -2.3696761758e-02 3.0744990380e-02 -2.5611366245e-02 -8.0070393866e-02 2.0070429391e-02 -3.3014267310e-02 -5.9987360193e-02 4.4271086384e-02 -8.8402236114e-03 -8.6174622081e-02 1.1159590554e-02 -5.5558065395e-02 -9.6553178903e-02 -7.5359897727e-04 1.1593706039e-01 4.0138355637e-02 9.9972936098e-03 -4.2274114671e-02 -3.4665140964e-02 7.9717509918e-02 3.2676068779e-01 -7.8307951463e-02 -8.6782336830e-03 -8.0915536690e-03 -1.0085939748e-02 9.7372089087e-02 1.7456641628e-02 -1.8240687378e-02 -7.1343542377e-02 5.3385438071e-02 -8.6457853736e-02 -3.0332625575e-02 1.9580642442e-02 -5.7922269052e-04 -2.8643478603e-02 5.8938565377e-02 -6.9562775168e-02 1.2949156799e-01 -2.8756342704e-03 -3.9789637417e-03 1.1729123711e-01 6.0374104281e-03 -9.4440834682e-03 2.1295769299e-02 -4.8831180374e-02 7.5787148481e-02 -1.9729089304e-01 8.3453855596e-02 1.5555516966e-01 1.1972901713e-01 -8.3763740268e-02 6.5531678412e-02 -8.4285149340e-02
-9.3704252416e-02 -6.2502466881e-02 -1.0323367439e-01 -8.3702527341e-02 -4.1452423704e-02 -6.9551734643e-02 1.1618553728e-01 -3.0846527419e-02 -7.6644203931e-02 8.7192009427e-03 4.4627860896e-02 1.9989210604e-02 2.5932566843e-02 2.4236353063e-04 1.3424270693e-02 -2.3413696062e-02 -5.0558029682e-02 -2.2706054170e-02 6.0488221175e-02 8.9960824726e-02 5.9563330693e-02 2.3901427788e-02 -5.2930671535e-02 -7.4410431824e-02 2.9575032543e-02 1.3304748473e-01 2.3883961187e-01 1.7169743101e-01 -1.0895014812e-01 3.4432171336e-03 1.2219515488e-01 8.1729894584e-03 -1.2564516925e-01 6.1554530695e-02 4.4024716374e-02 7.1919679827e-02 -3.5252909522e-02 6.4515880662e-02 3.7561379800e-02 2.6878014042e-02 9.9773517492e-02 7.8612496490e-04 -6.4388620441e-02 -3.6648123481e-02 9.6753988284e-02 3.6339324171e-02 1.7899109228e-02 4.1074236747e-02 1.2545123712e-02 5.0752683755e-02 1.3778055333e-02 1.4598147687e-01 1.2266269752e-01 -2.1661647102e-02
1.2755679731e-01 -7.1187474981e-04 5.0819911928e-03 -4.8341526363e-02 6.1155186699e-03 -4.7066803916e-02 1.0543169587e-01 -1.2594808156e-01 -2.6284088147e-02 -3.0451128189e-02 8.7584953654e-03 2.5210472906e-02 1.5520830547e-02 3.4495372469e-02 -9.3292102318e-03 -5.1992449560e-02 -1.0062586793e-02 -8.2581213019e-03 -1.9033292845e-01 5.6938573233e-03 -3.4240343595e-02 6.1522281434e-02 -1.8726425512e-02 3.1730311141e-02 9.1317470011e-02 -8.9444548773e-03 -6.6917127536e-02 -7.9412811861e-02 2.9710666917e-02 4.5400214757e-02 -2.9658889368e-02 -5.6826098046e-02 -5.7298675333e-02 7.5857900858e-02 -4.3778305490e-02 -3.6366270061e-02 3.5003790875e-02 -3.5484719577e-02 8.2871244534e-02 -1.2963395766e-04 5.8890248600e-03 2.4560408647e-01 6.8651574746e-02 -8.2404044081e-02 3.0668868363e-02 4.4995861527e-02 -1.1152997265e-02 -7.7278411198e-02 2.6781556326e-02 -1.8584362219e-02 -7.5077405256e-02 3.4160296379e-02 -2.0277575213e-02 1.4685123028e-01
-3.0277979278e-02 -3.6038448394e-02 1.1629752228e-02 -2.5518073919e-02 1.6909892097e-02 -1.3499911010e-02 8.6985090505e-02 -1.0277914893e-01 -7.0469468702e-04 1.1431601808e-02 -1.9987667106e-02 6.0129112536e-02 5.5436662584e-02 6.4714482859e-02 5.4918383554e-02 2.7259596471e-02 2.8007523850e-02 -5.5607635323e-02 8.6044423325e-03 -5.7866949210e-02 3.0381266049e-02 -5.1769024974e-02 1.8323283167e-01 3.9864013169e-02 6.2798053463e-02 -3.8829446150e-02 -1.3690500582e-02 -7.9928025988e-03 3.3162570438e-02 -7.1077657299e-02 -3.6629956348e-02 -2.5539653471e-02 -2.2192998458e-02 -5.7391868011e-02 -1.9145637586e-01 -2.5255762798e-02 -1.4011194238e-02 -2.7998735990e-02 -8.0144075824e-03 -6.8041881225e-04 -2.6850346570e-02 -6.0599263254e-02 3.5771234393e-02 6.6767416954e-02 -2.4341363606e-02 -4.7216675941e-02 -7.3892668566e-03 -1.2192084575e-02 -1.4419945779e-02 -1.4159749618e-02 2.0454749031e-02 -3.4446028422e-02 3.5322295954e-02 -6.4865631330e-03
-9.8964315727e-04 4.4015807158e-03 -3.4385962759e-02 2.5344067381e-02 -4.0599615750e-02 -2.5773353348e-02 -1.0867622912e-01 -9.5970342608e-02 1.0955795981e-02 2.5666592018e-02 8.2103870106e-03 1.8177791479e-02 1.0632357296e-01 5.4093202579e-02 -3.7960218486e-02 -3.0739766212e-02 4.9623280214e-02 -4.0861772157e-02 -5.1691731899e-02 -1.9532164478e-02 9.8979407272e-02 5.7343554172e-02 -3.6907933099e-02 -1.0802083268e-01 1.5610259448e-03 -6.7388952960e-02 5.5370916507e-02 -2.1214627960e-02 -3.1354825343e-02 1.5994912388e-02 -4.6370746803e-02 -4.3102624448e-03 -8.3867423778e-02 -5.9680521964e-03 2.5143296539e-02 -5.8427839549e-04 -5.5111056119e-02 7.3468953487e-02 -4.7841390528e-02 5.4280529974e-02 -2.9249719517e-02 -9.9942925674e-02 1.1101758088e-02 1.5311370931e-02 8.6541383549e-02 -6.1053004275e-03 5.9301679909e-02 -2.1506049736e-02 -1.2968062054e-02 4.2082405159e-02 -2.2123320386e-02 1.9160504558e-02 -5.3207951215e-03 -3.9816037776e-03
-7.5368590211e-02 -5.0135471098e-02 -8.6532219948e-02 3.2055795968e-02 2.0142040470e-01 -5.7206607580e-02 1.0387740107e-01 7.9967475862e-02 -5.0541793543e-02 -1.0855958231e-01 -5.6009322077e-02 5.8341676420e-02 -3.9055566127e-02 -8.2164121780e-03 -7.4183658879e-02 2.9093784693e-03 3.8223100544e-02 -3.6288972091e-02 2.6691535257e-02 -2.0481131553e-02 -5.0728260586e-02 7.6442873760e-02 -3.3944656216e-02 1.1039599806e-01 7.8835632543e-02 -2.2350485930e-02 -3.0132499867e-02 1.1240233965e-01 1.4611371291e-01 1.7922354242e-02 -7.6643484759e-02 1.1121612237e-01 9.5227196066e-02 -7.1030284945e-02 9.8916661398e-03 7.1044586361e-02 1.3079946739e-02 2.1562338369e-02 4.3783591034e-04 -5.2267314167e-02 9.9177557719e-02 4.1437325515e-02 7.8448849279e-02 -4.0189272952e-02 -1.2489014823e-01 -1.1287772376e-01 -1.2496553969e-02 -4.0371445243e-02 -1.0943851181e-01 -2.2056501673e-02 -1.1744071421e-01 -9.0414485055e-02 -1.4165895027e-02 2.2960938094e-02
4.2510924836e-02 -8.4585221281e-02 -1.6779963372e-02 -3.2447116811e-02 1.1772835434e-02 -3.3533379482e-02 -4.1975068140e-02 -4.9127893629e-02 -1.0505435377e-01 1.8053952764e-02 -9.7733983255e-03 9.5653621730e-03 -4.2219548898e-02 1.0019827334e-01 -4.7157245205e-02 6.5430641755e-02 -1.1274899074e-02 -6.7880202816e-02 -2.5108424864e-02 -5.2217589186e-02 -4.9130278622e-03 -1.5817587117e-03 -2.3768801383e-03 -5.8030317932e-02 1.3273949513e-01 7.5432356934e-02 3.7280913376e-02 3.0326768836e-02 3.1508694629e-02 -4.2689596357e-02 -5.3676288302e-02 5.0586470223e-02 8.3974304123e-02 3.9514853754e-04 1.1827023158e-01 5.7637967800e-02 -1.5945980461e-02 5.1154264272e-02 -6.3627733083e-02 3.0660585756e-02 -2.3653172880e-02 3.9233061542e-02 -1.8508980231e-02 1.0488229178e-01 -4.4359335189e-02 7.5742915220e-02 -5.4853808828e-02 5.4564162043e-03 -1.5019657462e-02 6.7193887057e-02 -3.0542197355e-02 -1.1306494495e-01 2.6325505233e-02 7.1572535842e-02
2.8457658080e-02 2.6206450303e-02 -1.7817666580e-02 -1.5281791907e-01 4.5909362995e-02 -8.7762052251e-02 -4.2259862819e-02 1.8120031544e-02 -3.5520260598e-02 -1.0841199210e-01 4.1172573789e-02 -4.2456550088e-02 -1.0430183904e-01 -4.1739961968e-02 -6.3223803490e-02 -2.5783271829e-02 -6.6328816266e-02 -3.7061056493e-02 7.9523332835e-03 -5.8961549506e-02 4.2957890921e-02 -2.4283835320e-02 6.6604167404e-02 -1.0364124961e-02 1.8091381684e-02 -5.3305549574e-02 -2.5908493511e-02 4.2478586162e-02 -9.7217169198e-02 -5.2679320755e-02 3.2128830480e-02 3.7985178190e-02 4.8776716578e-02 6.5145105432e-02 3.0623101030e-02 -4.4773626475e-02 3.8365082692e-02 -8.0233326069e-04 2.6686667626e-02 -2.2290301279e-02 -4.8879315535e-02 2.1437182598e-02 2.1653165641e-02 -7.6074438630e-02 3.3804840949e-02 9.3709418212e-03 -5.4682074487e-06 -2.4990056830e-02 -2.0863524351e-02 7.7498961836e-03 1.3936563690e-01 3.4751629970e-02 -2.4699655809e-02 -1.5611736448e-02
9.6029059036e-02 -8.2870712951e-02 -5.4995767498e-02 9.6003883506e-03 -3.0034005386e-02 1.6777710629e-01 -2.0247136018e-01 9.5124797325e-02 1.4862142116e-02 2.8710778195e-02 5.6973604168e-02 -2.8263689525e-03 3.3574811764e-03 3.6836613418e-02 7.8356545089e-02 6.7736772973e-03 -2.5779748641e-02 1.1285274344e-01 1.1957020741e-02 3.5697561840e-02 -3.3548265976e-02 5.8022714920e-02 -1.5260120682e-01 7.0302448096e-03 3.4347819578e-02 -7.4918449582e-02 7.9433565479e-02 1.7262286724e-02 6.9516596114e-02 -2.0469568344e-02 6.9099315894e-02 5.0084690523e-02 -5.2376438947e-02 -1.0161103559e-04 3.0594725085e-02 -4.3589340096e-02 -2.7854613229e-04 3.5276986706e-03 -4.2150243735e-02 5.7224338690e-03 -1.9291148235e-02 2.0454016816e-02 -3.0006369401e-03 4.1238831675e-02 -7.7730390358e-02 -7.0057201757e-02 9.2811153486e-02 6.2506250635e-03 -8.4714776083e-03 2.3628550923e-02 1.8459608228e-02 5.9598259696e-02 2.8794206523e-02 5.1408756468e-03
-6.8482741031e-02 -3.5646114564e-02 -1.3123590304e-02 -7.4919947868e-03 -1.1200360336e-02 1.4479884396e-02 6.5561812120e-03 6.0633314999e-02 -3.5249931534e-02 1.3351120409e-02 -5.0916555244e-02 2.7055526176e-03 1.9029370453e-02 5.4467578980e-02 -2.5093097710e-02 5.8578354071e-02 -6.7740766003e-02 -5.1060536937e-02 4.6361061301e-03 5.0368038822e-02 5.7716761842e-02 -2.2359073343e-02 8.9990915800e-03 -5.9554560243e-02 -7.3537960014e-02 6.2925404467e-03 1.6607937198e-02 -3.0455420684e-02 9.9525178743e-02 -3.7581141475e-02 4.2154230845e-03 4.1228977460e-02 5.8607770931e-02 4.7658941353e-03 -2.8441022386e-02 -6.5076155576e-02 3.7473652322e-02 -4.1789693342e-02 -8.0832082678e-02 -2.3289287571e-02 -1.4246555913e-03 -1.8491591881e-02 -3.6157758101e-03 4.3358780140e-02 9.8653852301e-03 5.3060892084e-02 -1.3481861169e-03 4.3201932313e-02 -3.4120653592e-03 -7.0221114672e-02 4.1595681259e-02 1.0641348869e-02 2.5844723923e-02 4.3775505500e-02
-1.3842259726e-01 2.0335930226e-03 -1.4646408549e-01 9.9132629881e-02 -4.2944995691e-02 1.2008275068e-01 2.1169134901e-02 -5.6927086493e-02 8.1263762797e-02 -5.0598432726e-02 5.4456644672e-02 1.0062168723e-02 -9.3922898577e-02 -2.3166522563e-02 -3.3125094221e-02 -7.4741233267e-02 -5.0151450516e-03 -2.6589558154e-02 -1.6026771748e-02 -2.6246039992e-02 -6.1675536412e-02 -3.7061837149e-02 3.1540426537e-02 -8.7325826932e-02 -5.2292804366e-02 -6.4362457614e-02 6.2573382352e-02 7.8119396464e-02 7.2151207821e-02 5.1803169581e-02 5.3637032025e-02 1.7094140527e-02 -5.3582387335e-02 3.2919882797e-02 5.2187545398e-02 -9.5747822161e-02 -3.7080384355e-02 -6.8875606092e-02 3.2103981732e-02 -8.0197111497e-02 8.2961929586e-02 -4.1497892707e-02 -3.5517813497e-02 8.8818604482e-02 -3.8696816321e-02 3.9132877324e-03 5.2499090009e-03 -1.3735513228e-02 -4.4348797298e-02 4.0326057158e-02 -7.3799566107e-02 -7.9740784497e-02 -1.3295449549e-02 -2.9503151686e-05
-5.8149331962e-02 -7.8718379477e-02 1.2468671643e-01 1.0818237817e-02 3.4803930949e-02 -3.9507335826e-03 1.5125228124e-01 -5.5773791033e-02 5.1941290642e-02 -1.3052350819e-01 -1.7688455315e-02 -6.0773522481e-02 7.4299091053e-03 -3.7352459305e-02 6.9811887118e-02 8.3946118479e-02 -4.9636762031e-02 -6.2463874639e-02 -9.9662575262e-02 -1.0622919839e-02 -1.3373780090e-01 1.8933027508e-01 2.8098596703e-02 -4.1727076529e-02 -4.2818535135e-02 -1.0241861773e-01 1.1311514053e-01 -6.5094093666e-02 -1.8867112483e-02 6.9474576976e-03 2.5970994597e-02 6.8429470754e-02 3.7382215613e-02 1.1566190622e-01 2.3974447245e-03 -2.1989399410e-02 -1.4521989642e-01 7.1311790824e-02 -2.4932671468e-02 7.0166823033e-02 -9.2461891549e-02 3.2025733850e-01 3.8108866665e-02 -1.0728143883e-01 1.1709280364e-01 -1.2027114719e-01 -3.8788975106e-03 1.8865307618e-03 1.7484033703e-02 -2.4165029232e-02 4.4833823625e-02 -3.6654884356e-02 -1.2741999362e-01 3.4854803254e-02
6.3338866403e-02 3.0044555551e-02 -3.2732387757e-02 -1.3970557663e-02 -2.1216375928e-01 -3.9412377142e-02 -1.0638924006e-01 -8.5306771520e-02 3.1070171297e-02 5.4299774758e-02 -1.5264418095e-02 7.0928111096e-02 -6.4239492736e-03 -1.0143111500e-02 1.3565161575e-01 -2.5664927712e-02 -4.5951406824e-02 -1.4851891519e-01 6.7252639878e-02 5.5779875810e-02 5.4193629091e-02 2.0734056823e-01 6.5412225831e-02 -3.1344798738e-02 2.9062686323e-02 -5.7758561354e-02 9.2008366410e-02 -9.9167741257e-02 1.9745501074e-02 5.9142690459e-02 9.8614855045e-02 5.7364415885e-02 4.6350517072e-02 4.3769842076e-02 2.6510258468e-02 1.6790477648e-01 8.8907095514e-03 6.1781650202e-02 5.2640836599e-02 8.8543578745e-02 1.2231169430e-02 1.0517919162e-02 6.6663953983e-02 -6.2939791662e-02 6.9201790055e-02 -3.3372921054e-03 4.0561617991e-03 1.5595796207e-02 -2.1189645680e-01 -9.8710926363e-04 -1.7646931594e-02 1.4399694114e-02 9.6483275603e-02 -8.3476510034e-02
-1.1697323127e-02 6.3263628940e-02 -1.5903061678e-01 -6.3869749168e-03 4.9428083760e-02 -3.4653829795e-03 2.1884468996e-03 4.9096160608e-02 3.3438991012e-02 2.2527936666e-02 2.2988738686e-02 2.9291552687e-02 4.1550452651e-02 6.1882233699e-02 1.9527240519e-02 2.2918451187e-02 1.0742759680e-02 2.3456921183e-03 2.2328523145e-02 3.6601279268e-02 -2.4698752368e-02 -4.2261773706e-02 3.5135112155e-02 7.2139432887e-02 -2.1858533866e-02 -4.9691161284e-02 8.6340083512e-02 9.4800108441e-04 -1.8327059945e-01 1.0246090687e-01 4.6688975187e-02 8.2824429504e-02 1.4898065727e-01 -1.0247569235e-02 -3.1235062190e-02 -5.4272561964e-02 1.3125964242e-02 -1.6660715164e-01 1.4754459515e-01 -5.1264147132e-02 -4.2277771084e-03 9.0777714243e-02 -6.4878911351e-02 -3.0784541649e-04 2.0516643351e-01 -5.7966931773e-02 9.3896567271e-02 -8.8598056191e-02 3.2824329317e-02 5.8272819366e-02 1.4654834834e-01 1.5341089523e-02 7.8385687036e-02 -8.6397712132e-02
-9.4633608613e-02 2.6863533429e-02 3.2708088573e-02 -2.0760239240e-02 -7.4305781556e-02 5.6015026780e-02 1.4264048663e-01 6.5502584776e-02 -1.9465742838e-02 2.2963515913e-02 8.6933018611e-02 5.1790462330e-03 4.6441591432e-02 -3.5752492978e-02 -7.9932153210e-03 -3.3388556911e-03 1.2326632332e-02 -1.5726245289e-02 3.7320838813e-03 -4.9926941647e-02 -8.1288289267e-02 -6.0858026423e-03 -2.9916747601e-02 6.3025008606e-03 4.6148790002e-02 7.1705760419e-03 3.8927421995e-02 3.2892890725e-02 -2.4318658237e-02 5.8450779011e-02 1.2237402897e-01 -1.2658446124e-02 -7.2301534123e-02 3.1708248011e-02 -6.4095250825e-02 1.5848243003e-02 3.6344397357e-03 -4.9966611251e-02 -1.2130643301e-01 1.4484134740e-02 2.5193065408e-03 1.0743391961e-02 6.3197302338e-05 1.8149115021e-03 -6.1340560594e-02 7.8992602548e-03 6.1781228544e-03 -2.4499441068e-02 -2.6888217873e-02 1.1449364236e-01 3.7612592409e-02 5.3785324214e-02 7.9653954621e-03 1.0269176264e-01
8.9030037320e-02 1.2801487574e-02 -2.8502752408e-02 -2.8947631103e-02 2.8957527394e-03 1.0359240290e-02 -3.0489638885e-03 2.1851266425e-02 -1.0823731299e-02 9.7595604210e-03 -2.0467567420e-03 -2.3024531592e-03 -3.0241455922e-02 -9.7002313737e-03 1.0761584994e-02 2.2617048737e-02 -3.6448072767e-02 -2.9360717633e-02 -1.1237637464e-02 -2.6907682013e-02 -4.6159681687e-03 -3.3902098052e-02 -1.4013516707e-02 7.2394564788e-02 1.1823150612e-03 -1.6960439852e-02 2.4601074477e-03 -2.4036528116e-02 -5.7869112111e-02 -1.9829476494e-02 3.8917756485e-02 -1.4334597157e-03 2.5283974062e-02 1.9889172895e-02 -5.2165605635e-02 -2.7646574340e-03 1.4951474207e-02 5.1466544856e-02 -1.4483412073e-02 -2.9287559379e-02 -4.4067879103e-02 5.9382921445e-02 6.9031518242e-03 2.2482003680e-02 2.9438290850e-03 1.1072087222e-03 -9.0003578188e-03 -1.7913855248e-02 2.2448610738e-03 -2.1606804142e-02 3.9250621978e-02 -2.3289907849e-02 8.8281904415e-03 -7.0840684434e-03
7.7491794940e-02 4.2763638072e-02 -7.1419572159e-02 -7.0153441087e-02 4.9773301029e-02 -3.7237024922e-02 1.9931431537e-02 3.1576862254e-02 1.9342575811e-02 7.4401810335e-02 1.1351962831e-02 -3.2863992596e-02 -9.3944232079e-03 -2.5681438392e-02 -2.8977418419e-02 1.6079502565e-02 -6.7556842162e-03 7.1212935456e-02 -6.4897764602e-03 -8.3956868797e-03 7.8063351774e-02 -6.2071518840e-02 2.4489053164e-02 2.8045903663e-02 -1.8917455647e-02 -3.0308019638e-03 4.8043532854e-02 -2.1881146863e-02 6.7857659101e-02 -9.0622085922e-03 -1.3575319693e-03 3.8105947528e-02 -6.2339066222e-02 5.1184626081e-02 -5.9560216616e-03 3.6368860315e-03 -5.7826062418e-02 -3.9469371000e-02 -9.3192451088e-02 5.2125838679e-02 9.3625748048e-02 -6.0237192889e-02 1.0158837578e-01 -1.3478436413e-01 1.0778640718e-01 -8.7329205419e-02 1.6620064559e-02 5.1143329420e-02 -6.2283121927e-02 -3.5057794340e-03 4.1700368020e-02 -6.4441158741e-02 8.0602252403e-02 -1.0064003817e-01
-1.4212939175e-02 1.5866687184e-02 1.8475587885e-02 1.1998403257e-02 7.9052522455e-02 -3.0344357428e-03 1.2051335892e-02 -9.6565640936e-02 2.5777686412e-02 2.2632159012e-02 9.4186808168e-03 1.8039875505e-02 -4.9633518670e-02 3.3146286041e-02 -7.3970112928e-02 -9.4311719443e-03 1.4997467122e-02 1.1784210498e-01 2.2338725967e-02 -3.7535468123e-02 -4.3539481745e-02 8.5336997510e-03 7.5801909064e-04 2.7020714080e-02 1.1992651854e-01 -1.5500645569e-01 -9.1544726222e-02 1.6897577711e-02 1.2474001739e-01 1.7787323390e-01 1.9051513563e-02 -8.3644412413e-02 3.3222988580e-02 5.6584542472e-02 -7.0698130123e-02 3.3877948956e-03 5.9713534762e-02 2.6269020834e-01 4.0651324045e-03 8.6996679310e-02 1.0765153339e-02 -1.4374600573e-01 3.9431064303e-02 -3.4897809140e-02 8.4699749693e-02 -3.6653322618e-02 1.1689867490e-01 1.2461412660e-01 1.0403046589e-01 -4.8718477043e-02 -6.8804342854e-02 7.2940696599e-02 1.2227010501e-01 -1.8141542189e-02
-3.2563035723e-02 -1.5848366398e-02 -3.0612382512e-02 1.3504037391e-02 -4.2526684210e-02 5.1692675882e-02 1.9728895176e-03 1.4802356290e-02 1.3954220189e-02 2.6740319718e-02 4.9959045472e-02 -1.9466966841e-02 5.5220698692e-03 -8.6521327356e-03 -3.9708346819e-02 8.5929026765e-03 -2.8184827202e-02 -2.5410123730e-02 5.1988786177e-03 -1.3905236437e-02 1.6112720282e-02 8.8774200775e-02 -3.8123625579e-02 3.0531944684e-02 5.0730463437e-02 2.3054351356e-02 2.9392037713e-03 1.7852385050e-02 -1.8289991139e-03 -2.1548392711e-03 -3.9060128559e-03 -3.9407131181e-02 1.7966080411e-02 3.0486486138e-02 -1.1714541981e-02 2.3729849822e-03 1.9574374470e-04 -2.0586313157e-02 -2.8484982675e-02 -3.4494762315e-02 -2.3654741916e-02 -3.2023203017e-02 4.8812624960e-03 -1.3698380849e-02 -8.0852298526e-03 1.7800849441e-02 7.9129105917e-03 -9.9308937746e-04 -1.2039887002e-02 -2.7611168324e-02 1.9934075138e-03 -1.5920378381e-02 -3.2904356648e-02 1.0063996643e-02
-4.8351734417e-02 6.2298603563e-02 -2.5002466360e-04 4.2972212996e-02 -1.1381933328e-02 -4.0952888909e-02 -4.8532813791e-02 -1.4999188216e-02 6.6533103912e-02 -4.4682941359e-02 -2.0293832151e-02 -1.5879567899e-02 2.0171718917e-02 -3.1205363591e-02 3.2542736911e-04 -2.5255022374e-02 -3.5974403757e-02 -1.9133999833e-02 3.6578807601e-02 -1.2468676173e-01 6.0378657012e-04 -1.7586832981e-02 2.1819467013e-03 1.0538559055e-02 -3.0183834701e-02 3.8815852579e-02 3.6120093572e-02 2.6296668406e-02 -3.1479175808e-02 2.3838547683e-02 2.3807654637e-02 4.5311546664e-03 2.2446361784e-02 1.0626179500e-01 1.6128547894e-02 6.0635847399e-02 -6.6951463581e-02 -9.0704295261e-02 1.4050932025e-02 -1.5232473257e-02 2.8427203168e-02 4.4050273544e-02 -7.6816372035e-03 1.5351669005e-02 -6.3696310204e-02 2.9129583107e-02 -2.7698351705e-02 4.3438204827e-02 1.5967340239e-01 1.4351424952e-03 -5.1741889717e-02 -9.5165873163e-02 9.5195134054e-03 6.8911073800e-02
-9.7675065091e-02 1.3518930905e-02 -4.4898031514e-02 2.1104217052e-02 -4.2800519681e-02 -8.0358092581e-02 -5.6334515151e-02 4.1820384821e-03 1.9322560221e-02 1.1797508342e-01 6.8896455467e-02 -7.0519386165e-02 -1.3412935217e-01 -2.1824448242e-02 1.2473805506e-01 -1.3426291800e-01 1.6724454673e-01 -1.4321583818e-01 -1.9451465016e-03 -4.7050087163e-02 -6.4651578690e-02 2.2375708008e-02 1.4878949872e-01 3.2109214473e-02 1.5032757808e-01 4.8246745401e-02 4.1471953299e-01 9.1470657223e-02 6.4358257589e-02 1.2373894057e-02 -6.4085287698e-02 1.0827432221e-01 -3.3778349053e-02 -3.0650628769e-03 -1.4214957411e-01 -7.4160452997e-02 -7.3091976324e-02 -1.5992206835e-02 -1.2132268942e-01 -1.6580611564e-01 -7.2853005105e-02 2.0517267284e-01 -3.6836063129e-02 -1.5027143702e-03 1.4282767629e-01 -6.2888783524e-02 1.2635303120e-01 -6.3659030159e-02 4.3198938208e-02 1.5190784395e-02 -7.0429735642e-02 1.0657107764e-01 -4.8130930166e-02 9.9936038344e-02
-8.0408055610e-03 7.9383635293e-02 -8.4994012364e-02 9.2799242004e-02 1.2267117595e-01 -3.1963654218e-02 2.6065403095e-02 -5.0308035351e-02 1.6208334480e-02 3.6868316751e-02 -2.7461528858e-02 -5.8276936241e-02 -2.3287867845e-02 1.6823230863e-02 -2.1418975396e-03 9.4065211532e-02 -4.3779274523e-02 -7.0238361007e-04 8.5320504823e-02 9.3145186963e-02 -8.3425313505e-03 -3.2647309679e-02 -8.9691989654e-02 2.0244273752e-02 -3.9599627583e-02 -2.1042878685e-02 2.1226342185e-01 -6.2776613272e-02 -1.8374455384e-01 5.0340380824e-02 9.1736959974e-04 -7.5989032753e-03 5.1617516359e-02 -5.6853625262e-02 1.1134566978e-01 3.8976690025e-02 -1.4094753653e-01 1.1014130023e-01 5.6484887008e-02 4.3861852327e-02 -8.5388319495e-02 -2.0630548605e-01 9.2097655029e-02 1.9651621337e-02 -2.3238975904e-02 -1.0357708479e-02 9.5980481554e-02 -3.8370874883e-02 -7.2819550093e-02 -9.1658168575e-03 -7.1936515118e-02 -6.5804936875e-02 1.3425961117e-02 1.5121290539e-01
7.1680970789e-02 -1.2763484999e-01 4.3586915873e-02 2.0309383117e-02 3.8137071771e-02 -2.0510424924e-02 -1.0952411838e-02 3.2545241589e-02 2.8463374359e-02 8.0296773517e-04 3.1688849649e-02 6.8790480488e-03 9.1368882382e-02 1.0121941997e-02 -1.0171475926e-01 5.6231959318e-02 -7.6642468735e-03 -6.4015604732e-02 -8.4856338371e-03 7.3027423206e-02 2.5352991888e-02 3.4194425085e-02 1.8779409880e-01 -2.6139355156e-02 4.5691792139e-02 3.2661424350e-04 6.5659836943e-02 -3.0471828119e-02 9.7073083374e-02 -6.2698363232e-02 -4.6119987450e-02 -2.6105517933e-02 -2.0307952288e-02 -1.8216603248e-03 1.3532425577e-02 -5.7529914647e-02 -1.2508931488e-02 -1.0279052532e-01 6.3135715342e-02 -2.4616986790e-02 -2.9228705680e-02 4.5397654263e-02 3.4899368489e-02 6.7057470701e-03 -6.4794002597e-02 -6.0619530075e-02 1.1640385415e-02 -2.6415862721e-02 3.6554218441e-02 4.1678026281e-03 -9.1249408625e-04 8.1248958701e-03 5.7344824095e-02 -2.8314946480e-02
5.0201755171e-02 1.2466539669e-02 -4.5162942995e-02 -4.1934344049e-02 -7.0139982026e-02 -1.0650751096e-01 -1.0284237500e-02 1.6601810895e-02 2.1301515589e-02 -3.3416667143e-02 2.8514478837e-02 -4.0382965936e-02 9.9644693209e-03 1.5658095734e-01 -1.2152492596e-02 -1.8787029733e-02 4.4011234519e-02 2.7729990653e-02 -2.4767311420e-02 2.2406929418e-02 1.6025821207e-02 3.3010632413e-02 -9.2045721067e-02 2.7857780233e-02 -9.5894104553e-02 -4.2704968038e-02 -5.0321952865e-02 6.9985868359e-03 -4.0793818609e-02 3.4420765906e-02 1.3466580546e-02 -1.0862363179e-02 6.3531167104e-02 4.2585351106e-03 -3.4515312881e-03 4.8929621379e-02 1.0978667252e-01 -1.1405436558e-01 -4.5987591863e-02 3.9957562564e-02 1.8947630854e-02 -5.4058976018e-01 9.2049813123e-03 6.6002770956e-03 3.8520504058e-02 -9.1189535683e-02 1.3770343466e-02 5.8637687905e-02 4.2294167097e-02 5.2030259226e-02 5.6259636278e-02 -4.4248222192e-02 6.9590588047e-02 6.1162116573e-03
6.7183101188e-03 -1.1785714947e-02 -3.7558998808e-02 -2.5535053667e-02 -3.4813701601e-03 -9.4305757214e-02 -7.3517323344e-02 8.8054248483e-02 -1.8884644893e-02 9.6801074469e-02 8.3061482665e-02 8.1832796139e-03 -1.5531530780e-02 1.5637237348e-02 2.0027255104e-02 3.6107347063e-03 2.0850915925e-02 6.1232306813e-02 -1.5948289109e-02 4.5138739104e-02 1.3550766567e-02 2.9502297742e-02 -6.8676164475e-02 -5.0325454344e-02 -4.0598145416e-02 4.9574038656e-02 -4.6216177014e-02 9.6807953682e-03 5.6217316532e-02 1.1555979156e-01 -3.9007358200e-02 -1.3592119581e-02 -1.6631375516e-02 4.0078543663e-02 5.7096782590e-02 -7.7614042334e-03 1.6660224292e-02 1.9489957006e-02 -2.2278610536e-02 3.1966113845e-02 -3.4561564186e-02 -9.0772898825e-02 6.9337183111e-02 -4.9143903315e-02 -3.9427507158e-02 3.3656934720e-03 3.1711831108e-03 4.7739671069e-02 -5.6927042587e-02 -2.0762981947e-02 1.3477594106e-02 1.1683722559e-02 -1.6322466639e-02 -8.9545841742e-02
4.4972388396e-03 1.0436998446e-01 7.4679785332e-02 -1.4197117450e-02 -6.2081677740e-03 -2.0000959934e-02 -1.3904438896e-01 -3.4350015051e-02 2.4759753838e-03 2.4154821811e-02 1.1781546323e-03 1.9254754008e-02 2.6950943771e-02 8.4447483271e-03 -7.7603992054e-03 3.9315336391e-02 1.8059148610e-02 5.5588779270e-02 -9.0362128737e-02 -1.8574568429e-02 -9.9061427123e-02 -1.3777316252e-01 -7.9717314875e-02 -7.1764142525e-02 6.3738092596e-02 -1.0300736722e-01 -4.8589298573e-02 -3.2299989578e-02 -1.5605144130e-02 -9.0797090136e-02 2.8631416104e-02 -8.2860342075e-03 4.4680032232e-02 3.4281849910e-02 -3.1716468919e-02 -3.5921101591e-02 3.0380114290e-02 -3.3251377904e-02 5.4036135180e-02 4.4678985660e-02 -2.8380281205e-02 -6.0000492372e-02 -1.1118261464e-01 4.0329214606e-02 4.9190277099e-02 -8.1642250387e-02 5.3709758213e-02 -4.2619574616e-02 7.8913606450e-02 2.2615985354e-02 -1.4189067139e-03 9.5671490255e-02 1.9620369531e-02 -2.2773711897e-02
-7.9807218709e-02 -2.9278872541e-02 -1.2521880501e-02 2.6970938622e-02 -4.8089064404e-02 8.1154975326e-02 -3.4542329543e-02 4.1716656008e-02 -3.4540285453e-02 -1.2075030828e-02 4.6516824452e-05 8.3617100172e-03 -8.3407477568e-02 4.7756855836e-03 -1.0017163026e-01 -2.7331546089e-02 6.1179200868e-02 1.6328957469e-02 4.1216793161e-02 -6.7004942250e-02 3.2485205241e-02 3.8732116210e-02 5.9087836054e-02 8.1692989143e-03 -2.2444450909e-02 -4.9985208115e-02 2.4184685066e-02 -8.3665306990e-02 2.4506464155e-02 -3.9152510881e-02 2.5199668155e-02 -4.9439016478e-03 6.5296820443e-02 -2.6258916065e-02 2.7413919187e-03 2.6027903200e-02 2.0063843508e-02 -2.9303047671e-02 -6.2143923015e-02 -8.6137597715e-02 -7.2578840397e-02 2.5503701975e-02 2.6889205238e-02 -1.1207015126e-02 6.1198546359e-03 1.8700292055e-02 -6.2554749313e-02 -5.6033997720e-02 3.7508263487e-02 -7.9372075309e-02 -6.0419350732e-02 -9.0248204337e-03 -7.7184177065e-02 6.9456470011e-02
-4.1283932299e-02 -2.6878591000e-03 2.9221404100e-02 -1.3639239328e-01 -7.8291059442e-02 8.5121264307e-02 1.0529420596e-01 -2.8605870386e-02 9.1113052351e-03 4.8932162233e-02 1.4174764219e-02 6.9238447126e-02 3.8387355871e-02 4.6023723805e-02 -2.8641538582e-02 3.1921596690e-02 -5.2065130069e-02 4.0022426331e-02 3.5854021824e-03 -4.2794364001e-02 5.7953148576e-02 -3.4778294278e-02 2.7934441297e-02 -1.3262223085e-03 -2.2481988725e-02 9.1038665050e-03 -5.6347897462e-02 -3.1167755334e-02 -1.1567380161e-01 1.0877994984e-01 -1.7286224894e-01 -8.8366685660e-02 -5.1056562265e-02 -8.1855304915e-02 8.1353591528e-03 -9.7014901863e-03 -2.6474448696e-02 5.8015326707e-02 1.8566198222e-02 3.9410699339e-02 7.5270788392e-02 -5.7213849305e-02 5.9352581833e-02 4.8830285750e-02 8.4659756895e-02 -1.6184551201e-01 -6.3070649495e-03 -1.5871258798e-01 -3.6955624697e-02 -3.5341809680e-03 -1.2260522103e-02 -4.4188886498e-02 6.2218447839e-02 -3.5332737121e-02
-5.0332067230e-02 -9.8271969674e-03 8.2944974873e-02 3.6903399518e-02 -7.4155513472e-03 7.6926716618e-02 7.5035485388e-02 -1.4471656284e-02 3.9250632056e-02 -6.9716029938e-03 2.7920586321e-02 -1.0800943776e-01 1.3465434683e-02 -6.0544272990e-02 5.2086651637e-02 1.6038026546e-02 1.8024410737e-02 -7.4634049791e-02 -1.1943165286e-03 5.3621454673e-03 2.3938874160e-02 3.8060057925e-03 4.8864191260e-02 -1.2409877799e-02 -1.4497035857e-03 4.3117043631e-02 8.9245634000e-02 -6.5221224848e-02 -1.6828392363e-02 -7.5445669129e-03 -4.1361536448e-02 3.0562261396e-02 1.1471889353e-01 2.3992406013e-03 2.4282401653e-02 -9.3831779173e-03 -2.1911316897e-02 -9.2173543900e-02 -5.0570598445e-02 -6.6890133725e-02 1.5191881740e-02 -5.9543884824e-02 1.8124590381e-03 3.5232235787e-02 -7.1529926978e-02 -2.5895006846e-02 1.9781238051e-02 5.2140864957e-04 -9.1071828827e-03 -1.2119635092e-02 -7.5267448093e-02 -6.7478869172e-03 -1.7422741384e-02 1.1383188441e-01
5.8711740334e-02 5.1172169784e-02 -7.4909384182e-02 -2.0117835389e-02 -6.5284189488e-02 -5.8682528361e-02 1.8408487648e-01 8.5485762035e-02 3.1819557365e-02 -1.3112515380e-01 -5.2467093836e-03 3.1007767975e-02 1.1085476565e-01 -1.8681519842e-02 1.0154552955e-01 5.2181299232e-02 3.4608761251e-02 9.9872421016e-02 -2.3250368198e-02 -2.9451249213e-02 -6.0408583833e-02 1.0040695386e-01 6.4527200625e-02 -1.6712828183e-02 8.8206580494e-03 -3.2048244122e-02 1.7180691399e-01 3.7814532043e-02 -4.7641802153e-02 7.4076147438e-03 -4.4869868116e-02 5.2734554097e-02 1.8445817174e-01 3.5059622851e-03 3.7252724137e-02 -1.1102108377e-01 1.5188991594e-02 2.7229551704e-02 -2.8828710879e-02 4.5155941562e-02 7.6884888444e-02 1.7911874858e-01 -1.2396519747e-01 5.8153656770e-02 -1.5659675166e-01 5.2958309739e-02 1.1627280754e-01 5.5086261007e-02 -1.3600225142e-03 2.2651050952e-02 -4.7882280248e-02 -4.1445187653e-02 9.8890639491e-02 -2.7071753104e-03
1.7420757270e-02 2.0661600226e-02 9.4434017681e-02 -1.8995311062e-03 -1.5399606951e-02 3.2240141152e-02 4.0605482968e-02 -2.4122947762e-02 3.3777468905e-03 -1.1932562113e-02 2.1601651267e-02 -5.9878044722e-02 6.9915192989e-03 -3.1093095825e-02 -3.3519057326e-03 -2.8374984535e-02 3.7367497542e-02 2.2621457542e-04 -4.7491336789e-02 3.9512709531e-02 2.6468668834e-02 -2.5054124766e-02 -2.4971581981e-02 2.7831397148e-04 2.2319654839e-02 -1.0612074763e-02 1.9447303470e-01 1.1240049421e-02 6.0667485230e-02 6.5828943097e-02 5.0824331815e-02 -8.4902114060e-03 1.0635665533e-02 -6.1392554589e-02 4.1145571109e-02 2.4863794431e-02 -2.7492507638e-02 -7.4172099161e-02 -1.9542268454e-02 2.4616198881e-02 -6.7147133532e-03 -2.3791387116e-02 3.6172387198e-02 8.9796832014e-03 -3.5799800864e-02 4.6492400609e-02 -1.1750186069e-02 5.4032590353e-03 4.5906748873e-02 2.1377487830e-03 4.0644931453e-03 1.0145389190e-02 -3.5875674820e-02 -4.2669906164e-02
-5.9737074764e-02 3.1625456794e-02 -6.4664931994e-04 -7.2154794006e-04 -5.6297971094e-02 -6.8459947022e-02 1.3045247370e-02 1.1588794076e-01 -4.3896973962e-03 -6.3900834894e-02 2.6314823672e-02 2.3810556284e-02 2.6812987247e-02 7.4303939760e-02 -4.2975647295e-02 -1.5677494600e-02 2.5782610988e-02 -4.4500736139e-02 -3.6969341965e-02 4.4914313636e-02 6.2163914904e-03 1.1716657354e-01 -3.7912524155e-02 -2.0669473175e-02 -5.5528851828e-02 1.1216289458e-02 -9.4614786087e-02 -1.1675032221e-02 -8.7196232251e-02 1.9298330022e-02 2.4368247734e-03 -2.9517579588e-02 -1.1935210766e-02 -9.8709889804e-02 -6.5542227990e-02 -4.7672752467e-02 4.4511728396e-02 -5.8788076296e-02 -2.7794453631e-03 -1.5848160065e-02 -6.7079323288e-02 -2.1204945142e-01 8.4016477750e-04 9.2641432490e-03 2.2149550349e-02 6.8534577049e-02 8.0194305972e-02 1.0126692936e-01 2.4983627427e-02 2.1356850808e-02 4.2334742422e-02 -8.4889511655e-02 -1.1330897194e-01 -1.1710842660e-02
4.5440963263e-02 -4.0285485678e-02 -1.0858962510e-02 -9.4813229526e-03 -2.8816073505e-02 -2.0504970258e-02 -1.4676818822e-02 -3.1187472988e-02 -3.0851977678e-02 -8.1456617456e-02 4.3688524131e-02 5.0887774497e-03 -1.2125157717e-01 4.1190980642e-02 -3.1629238457e-02 -8.1062853091e-03 -2.5371743564e-02 -2.7483322260e-02 5.9077585614e-02 3.1966743744e-02 -1.9456049003e-02 -3.8296107010e-02 -1.0995048954e-01 -6.7197488411e-02 3.7363037824e-02 4.5163355751e-02 -4.4585423567e-02 -9.8932115368e-02 1.4371002820e-01 -1.2879515190e-02 -7.5604453897e-02 5.8146849941e-02 3.2779479269e-02 -2.9065566244e-02 -3.5492275548e-02 4.1659643569e-02 -1.0639671707e-02 -4.5804178487e-02 8.3220064787e-02 8.7478757273e-03 1.8645246146e-02 2.1941508332e-03 -6.6019955471e-02 -3.1596190127e-02 2.8713250056e-03 -2.9010986859e-02 -2.8718671941e-02 -2.0334007441e-02 4.4883962243e-02 4.4538385974e-02 -7.2398873986e-02 2.3172599458e-02 -7.1718794755e-03 -3.3886686288e-02
1.0910288620e-01 3.3106791145e-02 9.1420617863e-02 -7.0901768173e-02 7.4102126841e-02 -5.8168681738e-02 -7.2072633831e-02 -9.0282577118e-02 2.4893885782e-02 -3.1704884508e-04 -6.0388775762e-02 -9.3112326899e-02 -1.8888200362e-02 6.9610318572e-02 1.8078837083e-02 9.4910308254e-03 -2.9047131648e-02 1.0671741844e-01 1.3671181956e-01 -1.0233706589e-02 4.1324799204e-03 -3.5597576367e-02 -4.1763223575e-02 -5.7665428127e-02 6.8938342983e-02 -3.4465219092e-02 -1.0249243400e-01 -1.1777552272e-02 1.4675407736e-01 4.9366569748e-02 2.3960282016e-02 -5.4975139465e-02 -4.2543563778e-02 3.9517751767e-02 1.2951521793e-02 -2.8563021571e-02 -5.4923437333e-02 -1.7777172189e-02 -2.3281777696e-02 -1.0609931658e-01 2.5853341992e-02 -3.4896761454e-03 -2.3569602402e-03 4.9468158637e-02 1.3667283818e-01 -2.2118183713e-02 2.2369919957e-01 2.4738292666e-03 -1.8860063506e-01 8.8468421088e-02 -1.2017956502e-01 6.6906204847e-03 -4.1371289490e-02 -6.9419904687e-02
5.8678405070e-02 -3.2257009849e-02 1.0976416611e-02 -3.2487845486e-02 2.5750931419e-02 -3.6262768126e-02 -6.0218516850e-03 -7.8712504865e-02 1.1840477601e-01 8.3328698399e-03 8.8847741047e-05 -1.1429185454e-02 -4.6221954260e-02 1.3214625194e-01 2.0381026897e-02 1.7197839904e-02 4.9245971803e-02 5.3957413082e-02 -1.6962519519e-02 8.3557610830e-03 -7.5915119819e-03 3.9047953107e-03 -1.5199785298e-02 2.1823917177e-02 3.2598478499e-02 -2.2619998725e-02 8.3762865360e-03 2.4751150892e-02 -1.9918201018e-02 -2.3059371129e-02 1.9798291494e-02 -7.6182845080e-02 1.5077963760e-02 7.9908364765e-02 3.1238663945e-02 9.2732010887e-04 -1.5290443483e-02 9.5644788472e-02 2.1381987136e-02 7.3607559701e-02 -2.2136071158e-02 -9.0602018140e-02 -1.6054371776e-02 -9.4375980709e-02 -1.6953896461e-03 -5.8655713803e-02 4.8087590230e-02 1.2766542430e-01 3.6684514292e-03 3.2146928749e-02 5.0067820839e-02 2.1415366795e-02 4.8998998428e-02 -5.9981616695e-02
4.5661272456e-03 5.6752651966e-02 1.2315456237e-02 -6.3398593540e-02 8.4502754673e-03 7.9254622363e-02 6.1797917299e-02 7.1703337674e-02 -6.4174674608e-02 -1.5505927680e-02 -5.1061930144e-02 4.1901337724e-02 1.3436602888e-02 -1.2818513409e-01 6.2558559317e-03 -3.4147706548e-02 4.7917043575e-02 1.5326377485e-02 3.5428027539e-02 2.4705723816e-02 -2.9651316494e-02 -3.8253867562e-02 6.6918047280e-03 -2.1650490688e-02 -5.6792575559e-02 1.7093582289e-02 1.1958092926e-01 4.8959373996e-02 -1.0109533387e-01 4.6571765053e-02 -5.4157654209e-02 1.7524008404e-02 4.9198286957e-02 -2.0427635497e-02 -2.6201333814e-02 7.8854769151e-03 2.2129249986e-02 4.7381584110e-03 6.7682814391e-02 -1.2444212388e-01 -4.6567912355e-02 7.4440526946e-02 2.2010657943e-02 7.6008475552e-02 -1.2532274212e-01 2.6468168279e-02 3.1342615060e-02 -1.3207979931e-01 -4.4034942444e-03 3.4976360203e-02 1.5481498061e-03 1.2543471326e-02 1.2000580553e-02 5.1384438409e-02
-7.5244690496e-02 3.7550682446e-02 4.5340825431e-02 2.7122513326e-02 1.9367162732e-02 4.8340662256e-02 -1.2273618152e-01 1.1527104399e-02 2.6537176542e-02 -6.3212325340e-02 4.0043584837e-02 1.7354622861e-02 1.9564671362e-02 1.2148847638e-02 -1.4683366223e-02 4.4716659194e-03 -6.9850360492e-02 3.4857871992e-02 4.8000112799e-02 4.6123526693e-02 9.7434838506e-03 3.0576399154e-02 7.2279706306e-02 2.1519518471e-02 6.7680841516e-03 -3.3161284363e-02 -2.4823971261e-02 2.4010416815e-02 -1.8096225679e-03 5.6681904090e-02 -3.2613661500e-01 -1.4848200162e-02 2.0412262823e-02 -6.6376727469e-03 7.9466259293e-03 2.5054492528e-02 1.1673361262e-02 -7.1742342356e-02 3.0861509630e-02 -7.7543602174e-03 -1.9545657221e-02 1.2987693712e-01 -5.5856686185e-02 -1.0120543949e-01 -2.8938319249e-02 7.7492041813e-02 -1.4315332360e-02 -5.9013510943e-02 -1.2634607826e-03 -5.8541296972e-02 -2.9614735633e-02 7.6363092243e-02 4.7028612514e-02 1.6054223041e-02
-2.1708822544e-02 5.3818612048e-02 -7.3778253841e-03 7.2205268078e-03 2.9029897093e-02 8.6455576897e-03 6.6788634706e-02 1.8022891169e-02 -7.7398851441e-03 -4.4930919252e-02 2.5569824704e-02 6.0552187173e-02 3.6934711627e-02 -2.5133319921e-02 -3.8956767691e-02 2.0682927497e-02 3.2651786154e-03 5.1223381680e-02 6.6889824318e-02 -4.1381786345e-02 -2.3182676032e-03 -6.7630042626e-02 -7.0462847867e-03 4.8640163505e-04 -8.9309111896e-02 -1.7838761426e-02 4.6918918428e-02 -1.7574545607e-03 8.7844270008e-02 -3.4321552472e-02 4.2537560708e-02 7.6187966984e-02 7.8708226292e-02 6.0053220763e-02 1.0742763830e-03 1.1070243829e-02 -3.0817079359e-03 -4.3493096799e-02 2.5027197482e-03 7.2474450193e-03 3.5766759369e-02 9.8610060181e-02 -2.9547301748e-02 6.2328645972e-02 -9.9719591741e-02 1.3136236322e-01 -1.8772339883e-02 5.8565742883e-02 -2.0983005792e-02 -1.0058487101e-01 -3.4004023786e-02 -3.3262016123e-02 -3.0946795181e-02 1.8126672408e-01
-1.7174732122e-02 -7.2048195405e-03 6.3403148435e-02 9.3782588461e-02 -3.3735214610e-02 -3.5166340140e-02 -6.3973275992e-02 -9.3542800621e-03 2.9257574918e-02 7.6148564372e-03 7.4747492339e-02 -6.8433712623e-02 1.5086383061e-03 7.0393459493e-02 7.8307910060e-02 8.9883473701e-02 -2.1479143789e-02 3.2027210813e-02 -4.8445282857e-03 -2.4673377184e-02 -7.4000265606e-02 -5.4504193970e-02 1.1893739073e-02 3.1538768072e-02 -4.9268988876e-02 2.7826158205e-02 4.2204475206e-02 5.1257723487e-02 3.0149564098e-01 -5.9648417048e-02 1.3626190355e-01 -7.5550399691e-02 -8.0351921332e-02 -1.4992959792e-02 9.4580726164e-02 -1.0836193208e-01 1.8989387985e-01 9.0426715841e-03 4.6790727568e-02 1.0325200936e-02 1.6402545564e-02 1.3788389754e-01 3.0623114014e-02 -5.8347817480e-02 1.4457885491e-01 -1.1981819601e-01 -4.5752948580e-02 4.7129231419e-02 -4.0028004397e-02 2.4421037032e-02 6.1846286202e-02 1.0742182990e-02 -1.5450648159e-02 -7.7976019151e-02
4.4753252953e-02 -7.2456379286e-02 -6.5797965369e-02 2.7500720148e-02 8.5631749004e-03 4.7189146049e-02 -1.5699720433e-01 -6.6103491727e-02 1.7900150310e-01 5.7695853267e-02 -8.3620792523e-02 1.0409765526e-01 -4.8426341312e-02 1.4401037630e-02 -3.2130330246e-02 3.9706692328e-02 -3.2057825269e-02 4.0770366145e-03 4.4231374733e-03 3.9523956449e-02 -1.1289507738e-01 -7.6326868391e-02 -2.0681681240e-02 -1.2664642806e-01 5.7670282519e-02 -6.4898261263e-02 2.6871100180e-01 6.6807825711e-02 -1.0587244323e-01 5.6124766737e-02 -1.4483504726e-01 -9.9036333597e-03 4.4149883474e-02 -1.5808916354e-02 1.2967025767e-02 -7.9736608180e-03 2.8766655431e-02 1.1355445888e-01 4.2922663187e-02 2.5923559622e-03 1.0173819495e-01 -7.7966266590e-02 6.7596184128e-03 -6.5534410776e-02 1.9648370570e-01 5.4105213487e-02 -4.1608160148e-02 1.0499444148e-01 -9.9878972247e-03 -1.1431234527e-02 1.2926851990e-01 4.2428705716e-03 -2.3235871142e-02 -2.8083656124e-02
8.0580072414e-02 -8.8809040274e-03 -4.1497917301e-02 1.5045274326e-03 3.6249771607e-02 -3.3791670686e-02 2.0143891844e-02 1.0656037079e-01 -2.8765702764e-02 1.1744046937e-01 -5.3234410211e-02 -6.9777459321e-02 -2.4401246703e-02 1.3413519677e-01 1.2840616995e-01 -9.0368839848e-02 8.8606881773e-03 1.2843252144e-01 -1.5976171396e-02 -1.4255074330e-02 8.3518006409e-02 4.2948252642e-02 4.2054752252e-02 -1.1646132615e-01 7.3044519294e-02 -6.0244003559e-02 7.3520377007e-02 4.7255097732e-03 -1.5568410131e-01 -7.2770765680e-02 -1.7541630333e-02 2.2122686557e-02 -6.3067309687e-02 -3.0695346908e-03 1.2878462650e-02 -2.0031684359e-02 7.8213086583e-02 1.9461148177e-01 -2.9736578248e-02 -1.2847433327e-03 -5.5860847840e-02 7.0954003342e-02 8.5707480343e-02 8.0272529984e-03 8.9541566294e-02 -8.4669193655e-03 -1.4705389294e-01 4.3784446250e-02 6.6103778656e-03 1.3576374985e-01 -6.9556875675e-02 1.2239519844e-01 -1.2033119622e-02 -6.7285980791e-02
2.2082856253e-01 9.6757620050e-02 -6.0873815970e-02 1.1874667865e-02 3.6062200241e-02 1.5326913944e-01 -4.7389284243e-02 2.7625683523e-02 7.8696269122e-02 -1.2420217546e-01 -5.7794689036e-02 -9.7003582145e-02 4.8849716792e-02 -5.8070293098e-03 -2.3206393209e-02 3.4363909023e-02 1.1222415754e-01 -3.3049892580e-02 -5.1051042293e-02 -1.2816128100e-02 1.0980145375e-01 -1.5015842818e-01 -1.2516487633e-02 -7.9513965281e-03 -6.6952983121e-02 8.8965941915e-02 2.9550989311e-01 2.6962370566e-02 9.2125588305e-02 7.8155903030e-02 1.9468784271e-02 -5.7802338487e-02 -1.7637527624e-02 3.2001624836e-02 1.3132321774e-02 -6.4036311970e-02 -3.8918579530e-02 2.0091814745e-02 -1.1526717586e-01 7.3694691310e-02 -8.2938020930e-02 3.8959519001e-02 -4.7277481644e-02 6.9018831924e-03 3.9411034177e-02 3.3849640112e-03 -5.1835437774e-02 3.5221524245e-03 -2.0856844842e-02 4.5268924080e-02 2.2896874747e-02 -2.7619876583e-02 1.6767435480e-02 -3.6117287916e-02
7.2692980583e-02 -1.0113659701e-01 -1.5363070699e-01 -2.9877029606e-02 1.4686855564e-01 -1.5434085207e-01 -7.0568468923e-02 1.1600088603e-02 2.1297286121e-02 3.0425668209e-02 -3.9356371199e-02 -2.8451142965e-02 7.4635404585e-02 -3.3111967307e-02 1.3085203931e-01 1.0890446014e-02 -1.9026688555e-02 -3.2199257987e-02 -4.0494362720e-02 -4.2187740588e-02 1.3176716922e-02 -2.0698010139e-01 -1.5162206029e-01 -1.4653796165e-01 3.6094743811e-03 -5.8774280098e-02 -2.1534898656e-02 7.4708860487e-03 1.8368791753e-01 -3.5595322283e-02 -3.4798003557e-02 -4.8485006726e-02 -9.8184959836e-02 -4.3863576716e-02 -1.0861881023e-01 4.0749389997e-02 7.7140847472e-02 2.1366285024e-02 3.0552350977e-02 1.3354973162e-02 -7.1605916998e-02 1.5006468135e-01 3.7948425463e-02 2.4739868461e-02 1.6039679625e-01 9.3033391283e-03 4.6932914006e-02 9.6699077573e-02 1.5815263095e-02 -7.9082163654e-02 -1.5315454418e-04 1.1991233538e-02 1.0739818574e-01 -8.2594599242e-02
-7.6662146761e-02 -7.5792661902e-02 -1.2939032159e-01 -1.4671824910e-02 -1.2074288012e-01 -3.6781243219e-03 3.8136864495e-02 -2.0066229256e-01 -5.8521217983e-02 8.7019772532e-02 -4.3508938849e-02 1.1112036509e-03 -3.1938945737e-02 -3.8854713862e-02 -4.9922605894e-02 8.9402904053e-02 1.6047974569e-02 9.5166822581e-02 1.2299494585e-01 -5.1207698757e-02 -4.3420828210e-02 -1.6059987654e-01 6.1099234381e-02 -7.5599341124e-02 -7.2221851152e-02 5.9277451364e-02 -6.4536857276e-02 2.8339525464e-02 -6.5691830354e-02 -1.2390537603e-01 5.6124100466e-02 -5.2479655590e-02 1.1507366045e-01 -1.4513034026e-02 8.5610737939e-02 1.9729997502e-02 -8.3103531876e-02 4.6350352803e-02 -1.0814963588e-01 -2.3547292423e-02 -9.2719175836e-02 2.2899773817e-01 -3.3726665847e-02 -9.3806911205e-02 -8.2233977400e-02 5.5148051233e-03 1.1223838999e-01 3.9423222341e-03 4.1736812047e-02 -1.1198167272e-01 -1.6409941115e-02 -9.7548061295e-03 -2.6202106717e-02 -2.0212768082e-01
-7.1635197713e-02 4.0835821105e-02 5.4846105424e-02 9.2843486966e-02 -5.4705584938e-02 5.8415992718e-02 -1.1373398340e-02 2.8140070388e-02 -1.0332256490e-02 8.5033479732e-03 6.1948304908e-02 3.3294042626e-02 -3.3599159001e-03 4.6569326350e-02 2.4531317090e-02 -1.2754516740e-01 -4.8148854885e-02 -7.2882288465e-02 5.5443793215e-02 1.0537533827e-02 -3.2478185018e-03 9.5808565927e-04 4.2987242721e-02 2.8446008633e-02 -2.3171500542e-02 1.1153274740e-02 -5.7546548405e-02 -2.7736464286e-02 -3.1609829999e-02 3.5212901760e-02 -2.8829207866e-02 1.3498560363e-02 5.9181028145e-02 5.3679086491e-02 1.9608177571e-02 -3.6684569659e-02 -5.8872063792e-02 -7.8578618411e-02 1.3159280380e-02 -4.2696514155e-02 -1.6097177010e-02 -2.8764867845e-02 -5.5927533221e-02 1.5532707649e-02 -1.7940815191e-01 4.8476783218e-02 -7.7839858896e-02 -4.6737423874e-02 4.2546323019e-02 1.6365735062e-02 -7.6146369806e-02 2.7430735976e-02 2.4905440997e-02 -2.2556987918e-02
8.3761850603e-02 -5.5688154334e-02 -3.5274509965e-02 -7.4727946989e-02 4.0241211178e-02 -3.0072817081e-02 -8.5770711272e-02 -9.4217502381e-02 -1.0807390072e-02 6.9326953671e-02 -5.7086745889e-02 1.3385629350e-02 3.3775599651e-02 2.3366501760e-02 6.7645107992e-02 -2.7086858824e-02 3.2206439839e-02 2.9984561549e-02 -7.0752637784e-02 5.8932251795e-02 2.1870003104e-02 5.2300147567e-02 1.0772988223e-02 -1.2581193440e-02 8.6928219116e-02 -1.9044650096e-02 -2.2818173131e-01 9.5973994648e-02 -2.8702975029e-02 2.5600128008e-02 4.0849021532e-02 3.3574525464e-03 -4.3776276538e-02 4.7999369525e-02 -2.1386426020e-02 -1.1461745919e-01 -4.0620622345e-02 8.8267506885e-02 2.4392775802e-02 5.3610753596e-02 -2.3213754146e-02 2.2331047724e-01 -1.4815435758e-02 -2.5611934962e-03 3.5682988508e-02 1.4372196432e-02 5.0108899635e-02 6.5823618500e-02 -2.3350350589e-02 -2.7540664881e-02 9.2101273567e-02 -2.9662667341e-02 1.2369234441e-01 -1.8453394661e-03
4.5739319099e-03 5.3964561320e-02 -4.9066192600e-02 7.7729027649e-02 -9.6626902402e-02 -2.3094454879e-02 -3.3827642346e-02 2.2944351236e-02 -4.4521037418e-03 -2.0975858286e-02 -2.0081027445e-03 -4.2236128405e-03 -3.4960092322e-03 -1.0065525506e-02 -1.2498913281e-02 5.0921105012e-02 -1.4886275790e-02 4.4672479396e-02 -2.7512095871e-02 1.4218619412e-02 -2.0558184057e-03 -1.8021506127e-02 5.6683248017e-03 -1.4375320526e-02 8.3053606493e-02 -1.4392061589e-02 3.2299050080e-02 7.5920744618e-02 -1.1881493499e-02 1.8294093184e-02 -1.1931860226e-01 -1.1357594333e-03 -4.1060177203e-02 5.8554032155e-02 -2.3967651384e-02 4.1207675409e-02 3.7942769554e-02 -4.4402268089e-02 7.4470612373e-03 2.5994711125e-02 -4.0415784888e-02 -1.6076160832e-02 1.3018660546e-02 -1.7403339080e-02 2.3538242914e-02 -5.6842279598e-02 6.9124234209e-03 -2.0713277874e-02 -8.4196190670e-02 -2.2418624336e-02 9.4429317776e-02 2.2307890386e-02 1.4232534025e-02 5.2965094415e-02
-6.9084668809e-02 -2.1424725377e-02 -1.2590400641e-01 -4.9196828797e-03 -1.4690136585e-02 4.8828287626e-03 2.2067858357e-02 2.7785749969e-02 -2.4685222396e-02 1.7230974361e-03 -1.1628707098e-02 -4.6454981690e-02 1.6827076116e-02 1.9566657504e-03 5.6825596237e-02 2.5641783893e-02 -2.6406035657e-02 5.0233076034e-02 6.8808365990e-03 -1.2211475109e-02 6.1189326906e-03 -3.6901823097e-02 -9.1731979448e-02 -2.9473852290e-02 5.2433003211e-02 -3.3776683300e-03 1.6470079146e-02 1.0281916088e-01 2.5346688340e-02 -3.8977037085e-02 -2.6466281163e-02 -7.4816570125e-02 -2.1493912454e-02 -3.5730869648e-02 -5.0128427423e-03 3.6117982524e-02 -2.0115549771e-02 1.4058727422e-02 3.6927413552e-03 -5.6476880999e-02 -1.6140788555e-02 1.0072823427e-02 -6.3548010382e-02 -7.6863242950e-02 -7.5845456315e-03 -1.0951301984e-02 1.1912495989e-02 -2.0487585500e-02 4.9791970085e-03 -2.1298553054e-02 3.8732747131e-02 -5.2894623190e-02 2.3361228846e-02 7.4074463112e-02
-5.5447622897e-02 -2.5381447772e-02 5.0604415480e-03 -3.8729413656e-02 -3.4304496211e-02 4.4598230101e-02 9.5001716208e-02 6.9359368465e-02 8.3808482133e-02 -1.9940244075e-02 -5.9859081163e-02 3.9450233577e-02 -3.8783047139e-02 -3.4393542858e-02 -4.1991379260e-02 -7.5720355957e-02 1.0441484896e-02 7.5341005607e-02 -1.5973107608e-02 -9.5194002100e-02 -1.9838218250e-04 4.9251717805e-02 -2.8120518818e-02 -5.6016396767e-03 5.2552260160e-04 -1.2395927001e-02 2.5294642177e-01 -2.2598322341e-02 -1.1345034590e-02 -1.0068319615e-01 6.5216186831e-02 -3.3248572521e-02 -1.1260367629e-02 1.0237330613e-02 -1.4625142371e-02 1.0163919020e-01 3.6844435388e-02 1.5698192303e-03 6.5036538150e-02 -5.2132944651e-02 -1.0149944123e-01 -2.3725858908e-01 4.5108925744e-03 -5.4833813518e-02 3.3593696953e-02 7.4227123554e-02 4.6238219571e-02 4.7370539592e-02 -8.1889024035e-02 1.1622937053e-02 -5.5838524696e-03 3.0134032795e-02 9.7671808715e-02 -3.9405982898e-02
-8.8744541059e-03 3.0702532571e-02 -4.3391117434e-02 -2.7546523921e-02 1.1595662103e-02 7.6159067284e-02 1.9095248190e-02 -7.0728849778e-03 -3.3190883317e-02 -5.1058852858e-02 -3.1050787087e-02 2.7989164388e-02 -5.1327884840e-02 1.8491772471e-02 -3.5040596400e-02 2.6224708788e-02 5.2512461408e-02 -9.6623924182e-03 -1.8963143999e-02 -1.7867150527e-02 -3.5038835357e-02 1.3935890712e-02 1.7125727424e-02 6.4926216186e-02 -3.1045822055e-02 -2.0993023917e-02 5.8159046818e-02 -1.9859993514e-02 -5.6100847487e-02 8.9145068448e-04 5.8345052180e-03 5.9024488498e-02 3.6916089461e-02 -1.5514486222e-02 2.9432101279e-02 2.3225978681e-03 2.3119626809e-02 4.7746614836e-02 -5.2730004072e-02 -5.5218702824e-02 -4.1581330070e-02 -1.7639402417e-02 4.2198788154e-02 4.0615198706e-02 -4.7648712104e-02 -7.4514367401e-02 -5.7715453250e-04 -3.4681642739e-02 6.3376107532e-02 -3.5093173102e-02 -4.2070598783e-02 9.9848280599e-03 -7.4839987478e-02 6.2118130588e-02
-1.8216336023e-02 3.9917041853e-02 -1.0448028067e-03 -5.6273809173e-02 1.2805324138e-01 -5.3525746564e-02 -2.3332308194e-02 -3.9485834451e-02 7.3578873745e-02 2.1105049650e-02 5.4208570993e-02 1.2201441195e-02 7.1765989440e-02 4.5395260794e-02 1.0247765151e-01 1.1443438778e-01 8.7996732274e-02 3.1244809576e-02 1.0565658604e-02 6.4048595017e-02 -3.1203742689e-02 -2.5265680116e-02 3.3676578695e-02 -3.6600656382e-02 6.8564056491e-02 2.4977828089e-02 -1.0504943802e-01 -1.2840405664e-02 -2.9784768048e-02 -8.4091094293e-03 -2.3954882367e-02 -6.6695558648e-02 -1.5744764651e-01 -4.6594467359e-03 -1.3888254719e-02 1.1552859207e-01 1.4090436047e-01 2.3881269616e-03 -5.3778359909e-02 -1.5299888025e-03 5.7501777231e-03 -3.0487603216e-01 -1.0481168474e-02 9.4432752895e-03 8.5554002887e-02 -2.5530174020e-03 1.5587436595e-01 2.5903092748e-02 -1.9685661950e-04 2.9494824285e-02 6.0082871683e-02 2.1285658717e-02 -4.6479881988e-02 -1.2039715349e-01
-5.0761884952e-03 4.2014539891e-02 4.4122684207e-02 1.0422222223e-02 -6.9364357736e-02 -6.7479914334e-02 -5.8494947479e-02 -5.6510472064e-02 -3.9733529120e-04 -1.6678302947e-01 5.4958593964e-03 -1.3925446838e-02 3.0647075713e-02 3.2533668345e-02 9.6158030191e-03 1.0071396678e-01 -5.1624958961e-03 1.3476487311e-02 -7.7935902985e-02 -9.4585250839e-02 -1.6852938640e-02 6.0565742047e-02 7.6408966103e-02 -5.8715912277e-02 -5.2244156661e-02 -2.4831352486e-02 3.4657647848e-02 7.0293501848e-02 -9.2037676425e-02 8.6983967048e-02 2.2023044960e-02 -4.9376841260e-02 -1.3084711964e-02 -4.5849517272e-02 2.6874230950e-02 -2.6178057250e-02 3.3119192363e-02 4.6354396373e-02 2.7044977742e-02 -7.2969610386e-02 -3.2093326385e-02 -1.0264307226e-01 -5.7027797549e-02 -5.5821954603e-02 -1.1045619333e-01 1.2384427968e-02 -4.2197988899e-02 4.7194359425e-02 -8.4617553029e-02 -6.7156503120e-02 -3.8240135772e-02 7.8773461338e-02 -1.5824912598e-02 -7.7479208833e-02
2.1619089456e-02 2.5091485214e-02 4.3402546619e-02 -1.0249189029e-02 -1.6203466100e-02 -2.3384996406e-02 -1.1553532695e-01 3.7911685248e-02 -5.8478748860e-02 -2.3301669807e-02 4.3708454723e-02 -5.7782737633e-03 4.9396907477e-02 6.8158696989e-02 4.2267633377e-02 -6.9152580318e-02 -1.0714089680e-02 -1.0770338054e-02 3.6933686571e-02 -6.1365432701e-02 -3.9137003570e-02 1.5516931344e-03 -2.1530864530e-02 2.6425746909e-03 -9.1279639995e-03 -1.3979340525e-02 -5.5219717251e-02 5.4970760364e-02 -2.6837822817e-01 1.8789178307e-02 -4.1239273578e-02 -4.8052852401e-02 -4.0135553655e-02 -1.7119190232e-02 2.3081549488e-02 1.5085412469e-03 3.4503576077e-02 9.7410878927e-03 -1.7955943663e-02 3.3760526600e-02 1.1112384197e-02 9.0871343979e-02 6.4761435769e-03 -3.2107158717e-03 7.5464883742e-02 -3.4938604018e-02 -1.6724451806e-02 1.0875236252e-02 8.5284062438e-03 -2.2691456811e-02 -3.8844609657e-02 2.3712428290e-02 3.3936435388e-02 -6.0671980618e-02
-6.2767912805e-02 4.1062915976e-02 6.2179972404e-02 1.4659592687e-02 -4.6785939523e-02 -3.1385644582e-02 1.2114120821e-02 4.3582798467e-04 1.1520055226e-02 -2.2380338110e-02 1.4497683090e-02 -3.3214246246e-02 -2.6683992459e-02 -8.5536784633e-03 -3.0717004109e-02 -8.1463182086e-02 3.4124826023e-02 4.1534299805e-02 7.4366046135e-02 1.1822643500e-02 -1.6933799758e-02 -3.1162585730e-02 3.0826990830e-02 -1.9579707848e-02 -1.2364465775e-02 -5.2295407429e-02 -1.4358625794e-02 3.6285232909e-02 9.7381212835e-02 -6.0086924638e-02 -6.7820600203e-03 4.8287877188e-02 2.9737967081e-02 -3.7115728005e-02 -5.5893417422e-02 7.8054920981e-02 -7.9449965675e-03 -8.2253858900e-02 -3.4733547669e-02 -7.8251402770e-03 -6.0746995437e-02 -1.3089835675e-01 -4.0738679044e-02 2.4080863555e-02 -7.5240433017e-02 -4.9090845216e-02 -6.2049928197e-02 -2.2898153500e-02 3.3467739977e-02 4.0298852388e-02 -5.5841290820e-02 -6.0737101134e-02 2.4980929578e-02 8.6824596597e-03
1.6293304851e-01 6.7760190161e-02 -2.0252022900e-03 -1.1810553202e-02 1.2411021416e-02 -1.5420784673e-01 -9.8732400895e-03 -8.8956485474e-02 1.2918195448e-02 -1.0249625247e-01 9.5651199612e-02 1.4389277130e-01 -9.4633302521e-02 -9.8444323257e-02 1.8424502839e-02 -8.1936348677e-03 8.2761074589e-02 -4.6937410624e-02 3.0369858126e-02 -6.0018578935e-02 5.0499586142e-02 1.6149127725e-01 -1.1321226234e-01 -1.9035590707e-01 -1.1399501511e-01 6.1654613073e-02 -1.8727862105e-01 2.1407776491e-02 -1.5322413325e-01 -9.1261321146e-02 -3.6813109838e-02 -1.1770174711e-02 3.6672351308e-02 -1.5312135978e-02 1.5048460632e-03 -2.2798416698e-02 2.9218592376e-02 3.6816235427e-02 -1.8290435577e-01 -2.1855923903e-02 8.3745077997e-02 3.7792351785e-02 7.9525415090e-02 -7.2261710172e-03 4.0736460408e-02 -2.9904240744e-02 6.9200817656e-03 3.4632539859e-02 3.4095072830e-02 3.3446490770e-02 -2.6527389107e-02 -5.7338225841e-02 8.6694624669e-02 8.2814445906e-02
-5.0510582216e-02 1.8133248041e-02 5.7951571898e-03 -3.9796559656e-02 -6.8303874200e-02 -8.7844233922e-02 -7.4040148797e-02 -1.5813998550e-02 -3.3023213901e-02 3.2312645245e-02 -6.1384875634e-02 -1.5969338392e-02 -5.7415760779e-03 1.6177382497e-02 1.2854146098e-01 -4.1190208928e-02 4.2734618996e-02 -2.0929240422e-03 3.8007506385e-02 4.3438245920e-02 1.5233890669e-02 -3.0827729870e-02 1.4938336623e-02 -7.5936758446e-02 -3.7616705717e-02 -1.2900028004e-02 -9.0283705899e-02 -6.8911500261e-02 2.2494375847e-02 -2.5773846039e-02 5.9420456789e-02 -2.1856421966e-03 -6.0715188990e-03 2.6945890103e-02 -9.4969913900e-03 6.6822452707e-02 6.5008651195e-02 4.8712760767e-02 2.7335208859e-02 1.5314137454e-02 8.1824027985e-03 -2.9595190887e-02 -1.4548816465e-03 -7.5234356090e-02 4.5277981013e-02 4.8466922473e-02 -5.1839632153e-02 -4.9460982792e-03 -4.9921631422e-02 8.4016971330e-02 7.9321830318e-02 3.6464352193e-02 3.1273787626e-02 7.9053941043e-02
3.6874759897e-02 4.0301920841e-02 -4.4703624993e-02 -3.0016312255e-02 -8.2700165050e-02 -1.2379324680e-01 -3.9725021111e-02 1.0936496770e-01 1.9392987722e-02 1.5563324206e-03 -1.0365083946e-02 -8.3724337501e-02 -5.6637700123e-04 -2.0832914269e-02 -9.0443454277e-02 1.1727997438e-01 -2.5931159572e-02 -1.9761936264e-02 2.2980578605e-03 -1.2488333437e-02 -1.1405120678e-01 2.9509464039e-02 4.3386187855e-02 -1.5119788845e-02 7.0894352935e-02 -3.2323720055e-02 -1.8102718554e-01 4.4049404266e-02 -1.2661275991e-01 3.7852507032e-04 -9.9426992965e-02 8.4599214883e-02 -1.7485078876e-01 1.7641296471e-01 3.9102718421e-02 5.0851358308e-03 -9.4258824800e-02 7.3460772875e-02 1.3982973714e-02 5.9433188892e-03 4.0321914227e-02 1.8138684376e-01 7.6377604804e-02 7.4159658394e-02 3.0212316136e-01 9.3141460544e-02 -6.0590932306e-03 1.3335194861e-01 9.9660580233e-02 6.5575218959e-02 -1.1633528667e-01 -9.9367140027e-03 1.2441029593e-01 -2.0816392686e-01
-9.1812919825e-02 1.1141708393e-02 -4.1822623561e-02 8.5783750367e-02 -4.7064662542e-03 -6.4137747601e-02 -3.2968302366e-02 -4.3291578561e-02 3.1816545697e-02 -2.2350890689e-02 -6.6865730388e-02 8.6000023194e-02 6.1386829826e-02 -8.1210603800e-02 -9.7365843447e-02 2.3813475746e-02 3.9898557995e-02 -6.0444686160e-02 -9.1123375580e-02 2.0983359205e-01 -3.8164855723e-02 -1.8251128063e-01 -4.0296016580e-02 2.4938696948e-02 -1.3995597160e-02 -2.1275988009e-02 -1.8649072162e-01 6.3801743534e-02 -1.6696160482e-01 1.3630773123e-02 2.2668311988e-02 2.8152061891e-04 5.9169927488e-02 3.6407571799e-02 4.8418346373e-02 4.7779549236e-02 2.3229123187e-02 -1.3494346060e-02 -5.2633934453e-02 -4.3727528621e-02 -6.9737640680e-02 -1.1127626141e-01 -3.1293517112e-02 -9.8509480321e-02 -9.2069679439e-02 -1.0064670504e-01 -5.0359475742e-02 -5.3570076035e-02 -7.7307803147e-02 1.8158453461e-01 -1.4475096549e-01 2.3053279219e-01 -5.5978536049e-03 1.4092973582e-02
-7.6548866917e-02 -4.0314326545e-02 -2.5676844082e-02 5.0040998508e-02 -8.9335715296e-03 5.9543092350e-02 1.9588817808e-02 1.9483472911e-04 -2.8702777681e-02 5.8543073168e-02 2.5008736244e-02 2.1639311602e-02 2.4677693668e-02 3.2309310449e-02 -1.5270582315e-02 8.5695921619e-02 -2.7690181803e-03 -9.9805437059e-02 5.3785304195e-02 2.0649701511e-02 -5.0609869007e-02 8.5950892040e-02 -2.1745755208e-02 9.7476653110e-03 3.8242073694e-02 3.6614266033e-02 -3.3396079677e-02 -9.9914642746e-03 -7.3445241345e-03 3.3728221661e-02 -1.0516569033e-02 -7.6283573324e-02 4.9609739032e-02 -2.9909397490e-02 6.5526503776e-03 4.5289686968e-03 2.9650450493e-02 7.9220798477e-03 9.2634146044e-02 -3.7162953132e-02 -1.6305945999e-02 2.6140942596e-03 -4.8005151729e-02 1.1841781328e-01 1.5904882680e-02 9.9529687063e-02 6.7463529768e-03 -3.7434624331e-02 5.2699503444e-02 -5.8421159478e-02 1.5388039671e-02 -4.0246260827e-02 -7.6300543337e-02 2.1803158756e-02
7.6768886651e-02 4.1886501625e-02 9.3253569927e-02 9.3283553419e-03 1.1799115045e-02 -1.4039025171e-02 -5.3052657840e-02 -1.7330747981e-02 -1.6988348924e-02 1.1476323122e-02 -2.1743668493e-02 -1.7992629067e-02 3.2451645529e-02 -4.2286363297e-02 1.4296471143e-02 -1.0754836975e-02 3.3051378052e-02 5.7894495404e-02 -6.9381707983e-02 1.8934744801e-03 7.1472911144e-02 -8.9831917787e-02 8.0982317414e-02 8.6193205039e-02 5.4156291688e-02 -6.5499314961e-03 9.9628048794e-02 4.5490076135e-02 9.2417264059e-04 1.0947654652e-01 5.9640978588e-02 -1.1206625696e-01 -8.3466395585e-03 -4.3802475816e-02 1.3623287065e-02 6.8324971175e-02 -2.6258634079e-02 1.4218179765e-02 -4.3955577902e-02 6.2980685599e-02 1.9184255240e-02 -1.0515134630e-01 -3.5108406976e-02 -1.5434401088e-03 1.8590758300e-01 6.2817805133e-03 1.9810785629e-02 7.7961483221e-03 4.6914218931e-02 1.3767921024e-02 8.8798591821e-02 -1.0329829859e-02 -9.8689847368e-03 -2.8167520083e-02
7.1755267774e-03 -8.1779435694e-02 2.8185590943e-02 5.7244545848e-03 -3.2361017940e-02 8.9454925169e-02 7.7628468758e-02 -9.5787217679e-02 5.1719013561e-02 6.3256969591e-02 -3.8800096019e-02 -8.7542122330e-03 -6.1806619405e-02 5.1541398326e-02 4.0956307787e-02 -5.3385487397e-02 -7.5025819120e-02 8.7407866962e-02 -1.4978124393e-01 8.4344228898e-02 4.5911379642e-02 2.0475290218e-02 6.9891807384e-02 5.6305143006e-03 -1.4123489704e-02 -3.4197479759e-03 -1.0684728538e-01 -8.8114040200e-03 -3.2235348803e-02 -2.4212508493e-02 3.5591837203e-02 -2.7733823123e-02 -3.7766243104e-02 -2.0458082512e-02 4.6095284089e-02 7.4883907963e-02 2.7192548359e-02 6.6697898837e-03 -1.3646750051e-01 -5.0065726417e-02 -1.9726860707e-02 2.2491310145e-01 -1.1283004927e-01 -6.9457755903e-02 1.7816909532e-01 6.3603075314e-02 5.9972143333e-02 -1.9581762891e-02 7.6085902142e-04 6.9180634122e-02 -3.1743335546e-02 -9.1567222644e-02 6.8188531161e-02 3.4305188153e-04
-1.9254697564e-01 4.5541932673e-02 2.0675881679e-02 3.5607540796e-02 2.7212350948e-02 -9.7987534488e-03 8.1603776203e-02 -1.6342116845e-01 1.4098934172e-01 -8.4763991584e-03 2.1799736445e-02 -7.4228051423e-02 -3.3680800127e-02 -5.4490586514e-02 -2.5105568504e-02 -3.5878104329e-02 5.7456883899e-02 8.3703410708e-02 1.0850765753e-01 -1.7111082397e-02 -5.7604948433e-02 -6.6867111705e-02 -4.3503093718e-02 9.9754398663e-03 -4.3490102269e-02 -2.9604793485e-02 5.2517788185e-02 3.1145052439e-03 -1.0346840715e-01 5.3891685423e-02 3.3602713447e-02 2.9532400690e-02 9.9298278315e-03 4.1400562832e-02 -3.8933765553e-02 -4.3332466821e-03 -2.0068353078e-02 -3.7354283929e-02 -2.7909551749e-02 -1.5564464590e-02 4.8174358053e-02 -8.3010468829e-02 6.6337563952e-02 1.3246751049e-01 -7.7674579177e-03 1.9355303469e-01 -3.7618124494e-02 -1.1880490187e-01 3.2594195582e-03 -9.7647449464e-02 -1.0293384321e-01 -5.3126446635e-02 -1.1435554715e-01 4.0987431275e-02
2.4097946015e-02 1.5759411083e-01 1.6931057925e-01 6.3706197450e-02 3.8954276364e-02 -6.5916647837e-02 5.5775534208e-02 8.2406097491e-02 -3.3512234671e-02 7.1181135559e-02 -4.5666919663e-02 8.3598657188e-02 3.5680924387e-03 8.0864953923e-02 6.0599484387e-02 -3.6063517407e-02 -1.9405239769e-01 -9.1309903182e-02 -1.1173481533e-01 -1.0546793968e-01 -2.2917304092e-02 -2.7291031524e-01 -1.4043748646e-01 -8.7851117218e-02 9.8263794946e-02 -3.9197658792e-02 -9.5952650006e-02 2.9641096116e-02 1.0846184054e-02 -6.8356455960e-03 7.0534207319e-02 -2.7456388924e-02 -3.4295527739e-02 -2.2180264872e-02 -3.7475217527e-03 7.2640611387e-02 -4.9080595535e-02 1.5729478270e-02 -8.9556022277e-02 7.9359591139e-02 -1.1848010838e-02 -1.7123333982e-03 3.4652554860e-03 -9.7769417430e-02 2.8784329841e-02 -1.7615107680e-02 8.1882826600e-02 2.5453350203e-02 -5.8290730081e-02 2.8058469616e-02 2.2057068976e-01 9.0917157043e-02 8.2178699570e-02 -1.1089443266e-01
-6.5971378735e-02 3.1684408532e-02 2.9787418684e-02 3.7690016875e-02 -3.5378450304e-02 6.8331052203e-02 8.6659691682e-02 7.7021236905e-02 -1.9579352038e-02 4.8277501374e-02 -6.5514033086e-02 2.4331809137e-02 1.0864843528e-02 -8.7368148545e-02 -5.5564962268e-02 -4.2168865727e-02 -2.5087777530e-02 -6.2186814289e-02 -1.9815954603e-02 -3.6342838123e-02 -2.4084812506e-02 5.2281292711e-02 1.0708491140e-02 1.1089595337e-02 -2.9304070738e-02 -3.9107139215e-02 -6.8935648374e-03 -2.3293621002e-02 -1.1975267314e-01 2.8463405277e-02 -1.1108156558e-01 -8.0417203282e-02 6.8761463814e-02 2.6856827679e-02 4.1527719875e-03 -5.3933785779e-02 1.8703288281e-02 -1.5525739435e-02 -2.2090172913e-03 4.7577991457e-03 1.8841856234e-02 3.7017851229e-02 3.5054926643e-02 2.5944133862e-02 -8.6763580099e-02 2.8355545897e-02 -1.4604720042e-02 -4.1023425751e-04 -6.6214501013e-02 -4.2019997324e-02 5.2362321849e-03 -3.7096250526e-02 -3.1114216375e-03 2.9206961469e-02
-2.9256042592e-02 -4.5374760263e-02 1.7271033809e-01 -1.1823164028e-02 -5.6611284164e-02 -7.7474318865e-02 -1.9705039521e-01 8.6479990399e-02 -2.5861532675e-02 9.0993289233e-02 5.1321405150e-02 2.9883320323e-02 6.4087610637e-03 -2.7750625900e-02 8.8413793636e-02 3.7229831805e-02 3.0110139120e-02 1.3317919123e-01 -1.6589466969e-01 7.8309790880e-02 -4.1697017267e-02 -5.7733402857e-02 -1.4384162619e-02 6.4648164338e-02 -3.1056053442e-02 5.6686634080e-02 2.2962981286e-01 -4.7845792844e-04 -2.3367331062e-02 -3.5125120630e-02 -1.5933543590e-02 -2.5272317089e-02 6.5989543843e-02 4.8853348085e-02 -1.1204949667e-01 6.6196317559e-02 8.5761011402e-02 7.8568129239e-02 3.9093422846e-02 3.6135205143e-02 1.0265050197e-01 -5.5504210944e-02 1.7553712813e-02 -4.3433180105e-02 7.5868028093e-02 -2.2877654162e-02 2.2745284801e-02 3.8890267775e-02 -4.5129096725e-02 -4.6367841238e-02 -9.1881716611e-02 -1.2120220573e-01 1.2172980887e-01 -5.8532127321e-02
6.3508875819e-02 -1.2820458491e-02 8.1677969728e-02 3.1046434977e-02 3.8683639910e-03 -8.8790831995e-02 -7.1923343330e-02 -1.9591705594e-02 -1.2962195627e-01 2.8322946570e-02 -1.4499050319e-02 6.1829539854e-02 1.4775103579e-02 7.6401898982e-02 4.2243994526e-02 -2.1190191046e-02 1.8667531190e-02 -9.8662533019e-03 3.3116982885e-02 6.1895181079e-02 -3.1332693221e-02 -5.1777836387e-02 -3.3459455554e-02 -2.6709591430e-02 -1.3573590205e-03 2.6651435156e-02 6.2287527270e-02 6.5434684403e-02 2.3477429029e-02 -9.7738432823e-02 2.7867664775e-02 -1.0256964900e-01 -5.3085604848e-03 4.7337563284e-02 4.3091074727e-02 5.0556488776e-03 5.2068039418e-03 1.0014933166e-01 -5.3238527967e-02 2.3249912068e-02 -1.5563834962e-02 -2.5734644221e-02 1.0708992321e-01 -6.3909658712e-02 7.2383507353e-02 2.6426062833e-02 6.0777464187e-02 -8.6449582033e-03 3.4100652513e-02 6.1223139039e-02 1.3007884302e-02 -8.4232200797e-02 7.2249784639e-02 -4.2101205701e-02
1.0576971705e-01 9.2922485308e-02 1.3728965625e-01 -8.4487266891e-02 5.2135050786e-03 -1.4434666905e-01 -1.3017128839e-01 -7.4037264958e-02 7.2069465621e-02 2.8152017166e-03 -9.8627876557e-02 -5.6619709155e-02 8.9089561397e-02 1.0343929768e-01 1.2346305206e-02 2.4029088857e-02 -9.7987082013e-02 9.9546705437e-02 3.9696736428e-02 9.0240916463e-02 3.0731984444e-02 2.1306115079e-01 -9.4187375880e-04 -6.5765128397e-02 4.0229918130e-02 1.1325289403e-01 5.5184239784e-02 1.2561149999e-01 -9.4691803296e-02 1.9116923162e-02 1.8532773485e-02 1.4117418596e-02 1.1022086624e-02 -3.5949199620e-02 -2.7327926778e-02 5.9051434279e-02 1.9305215053e-02 3.7059997935e-02 -6.1837914241e-03 -2.8219360691e-02 6.6700372403e-02 7.4938863726e-02 1.3927581105e-01 -2.1640000157e-02 1.0088796181e-01 1.6669178028e-02 7.5782228885e-02 3.7600829745e-02 -5.7219034912e-02 7.3611202518e-02 7.9835914780e-02 8.9055188238e-02 -1.6736269699e-02 -1.9832909414e-02
-7.7145521980e-02 3.6577647593e-02 -6.8441568477e-02 2.3594941205e-02 -4.2077371746e-02 -5.2523223375e-02 -3.5097520609e-02 -6.0271412766e-02 1.5188224537e-02 -1.3749385574e-01 -7.5635939701e-02 6.0672991305e-02 -1.4417900720e-01 1.0888975899e-01 1.1670102674e-01 -1.3248794464e-01 1.8531463947e-02 6.1277615073e-02 -8.6179652923e-02 1.2085302713e-02 7.4961043701e-02 -2.2520691734e-02 -1.8565790824e-02 5.5430961052e-02 1.3583802786e-01 8.0298441407e-02 -1.1400051944e-01 -2.0208649534e-02 2.0950018567e-02 -1.1110561599e-02 -6.6189268715e-02 1.3210615476e-01 -4.6966088899e-03 -4.1601946076e-02 6.5646414636e-02 -1.8699159508e-02 -1.0661588513e-01 -6.1055637437e-02 1.4187669401e-02 -2.6193573817e-02 -4.9714859511e-02 -8.0910836453e-02 2.6209114057e-02 4.2172659090e-02 -1.2345542895e-01 -7.0182624790e-02 -7.7492594791e-02 -1.5961421171e-02 1.3966397755e-02 -1.3282073808e-01 6.0756681963e-02 -5.4221214314e-02 5.1997365447e-03 -1.2198521243e-01
-1.6923780973e-01 6.3903351261e-02 1.0190681698e-03 7.5751174240e-02 3.7900542072e-02 1.1432306827e-01 7.5028620454e-02 -1.2331705481e-02 -7.8802306941e-02 -7.0652594947e-04 -1.8685449050e-02 -1.9320329758e-02 -3.4606029782e-02 -1.0698032750e-01 4.1979848863e-02 8.2002565840e-02 9.2746797655e-03 2.6847547904e-03 9.2661262711e-02 -1.2514312218e-01 -3.5363526936e-02 1.9369799424e-02 -8.5209655411e-03 5.7072989225e-03 -3.0281525485e-02 3.5060297095e-02 -7.0672097032e-02 -7.4942843194e-02 1.8306496561e-02 1.8686693948e-02 -1.9216305529e-02 4.2420634329e-02 -1.1196376292e-02 -1.6658785136e-02 -5.3581685035e-02 -1.8255789925e-02 6.9285561793e-03 -8.0359868293e-02 6.1361577754e-02 2.8273544020e-02 -3.2922532044e-02 1.7082276443e-01 -5.0322383053e-02 2.7270718180e-02 3.1504665110e-02 8.9568323823e-02 -1.6604750318e-01 -3.1515068004e-02 -1.4931465865e-02 4.4900641044e-02 -1.3718494600e-02 -2.8260708989e-04 -6.7402722672e-02 1.0149591466e-01
1.5229215262e-01 1.2698814454e-02 1.8030706420e-02 -3.7226280110e-02 1.6509663138e-02 1.4557464119e-01 -2.1153007122e-01 -1.1084027897e-01 5.1510108836e-03 -1.4628410715e-01 6.2291605489e-03 -3.5374282190e-02 6.8363409284e-02 6.1858614341e-03 1.1860521966e-03 9.1270018198e-03 7.6897003369e-02 -2.8099303779e-02 -1.9113924909e-02 1.3683693693e-01 -1.1791639464e-01 2.2435801627e-02 2.9605843416e-02 1.3518293829e-02 4.9166248449e-02 -1.8515356449e-02 -1.1176817856e-01 6.0740276508e-03 8.3942820195e-02 -4.9051919946e-02 -1.1304254639e-02 -6.6568956713e-02 -1.2055466342e-01 4.4104536951e-02 -3.2706952402e-02 6.7479802788e-02 9.1266465634e-03 -1.0593280015e-02 -1.5447173628e-01 -1.2497401458e-02 3.8683968735e-02 3.8450741465e-02 2.9958664785e-02 -2.8311263041e-02 4.3418110114e-02 3.3200788400e-02 6.7438925310e-03 9.9410488806e-02 -3.4461009251e-02 -3.7258235575e-02 1.8301710609e-01 -1.2144619730e-01 2.8607789913e-02 -7.5392671785e-03
1.4600930004e-02 -8.8348510468e-02 6.7055275073e-03 1.9062867617e-02 2.2150174420e-01 1.0268935228e-02 3.4781234293e-02 -1.2371479576e-01 -1.0398108491e-01 5.2276831039e-03 6.4445366125e-03 -3.1725672602e-03 1.7664220851e-02 -7.8303616725e-02 3.4419381745e-02 6.4951347996e-03 2.9583137470e-02 4.3125949057e-02 -3.5084164424e-02 -2.5308304020e-02 -8.8404458256e-02 -2.0546289636e-02 9.2403351777e-03 -3.6435993169e-02 -1.6191626663e-01 1.4618719694e-02 1.6692186159e-01 4.9743479386e-03 -1.0621406619e-01 5.4538109115e-02 -6.8078333472e-02 3.3149469936e-02 -7.9469523548e-02 1.2528047091e-02 3.4824090891e-02 1.0689862962e-01 7.4666592469e-02 -6.5718604065e-02 -3.5582837143e-03 -3.4991937790e-02 -4.7445786637e-02 7.7311242514e-02 -1.6798487009e-02 -8.8747640859e-03 -2.8384062499e-02 1.1166823803e-02 -4.5309598962e-03 1.5169127996e-02 4.1300197301e-02 1.1179846877e-02 2.4529447258e-02 3.6428333955e-02 6.1268522037e-02 1.7821077450e-02
5.3717746404e-02 -4.0024056531e-02 -5.3913535385e-02 -5.4054748839e-02 3.3628004284e-02 -4.1058186857e-02 1.3275495184e-02 -1.2737697817e-02 -2.0434879218e-02 -8.3196628892e-03 -1.8577770094e-02 -4.5644609425e-04 -9.1567444073e-03 -1.1113703559e-02 -2.0136947893e-02 8.8992946874e-02 7.6735854771e-03 2.7957553356e-02 -4.5734827801e-02 -4.6860212148e-02 3.9471561183e-02 3.5879929467e-02 -2.4836591184e-02 -2.6615841875e-02 5.9363493888e-02 -6.8576344074e-03 -7.8139760247e-02 1.4946026718e-02 -1.1052195137e-01 -3.9470240445e-04 3.1671225495e-02 -1.6622745700e-02 -5.2482723975e-02 -3.0275899927e-02 1.4151853206e-02 5.3650205042e-02 1.7285485722e-02 3.3482490571e-02 1.2681474237e-02 1.7538027555e-02 -1.3055136720e-03 2.1455099640e-02 -8.3640965657e-03 -9.8631993257e-04 9.3408729327e-02 -5.8926438232e-02 4.8403741957e-02 1.9778222677e-02 -2.1991711396e-02 -2.2202477864e-02 2.3247616179e-02 -4.7516027102e-02 1.7248611112e-03 1.0747082524e-02
4.3850083161e-02 -3.6510151043e-02 4.7126736890e-02 5.0438819141e-02 -2.7497563415e-02 1.0956261396e-01 1.3745002332e-01 -2.0830155782e-02 -9.4486430819e-03 4.5129608269e-02 2.1783010378e-02 -1.3844039115e-02 -1.0906077487e-01 4.6065858915e-02 -1.6463524018e-02 -1.2398644596e-01 4.0116670849e-02 -8.8946377485e-02 1.9201638747e-02 8.7947506355e-02 -1.4341396950e-01 -7.5747795240e-02 -4.8534821512e-02 -8.3820854735e-02 4.4911077275e-02 5.1316490470e-02 -3.8658897458e-02 -8.2465531575e-02 -1.8696501309e-01 1.3169226173e-02 4.2132856104e-02 -2.0438826334e-02 -4.3758806320e-02 -6.7023519621e-03 7.8507503556e-02 -1.0725143613e-01 8.9871755219e-02 -7.5339356040e-02 -5.4528065492e-02 -4.3846061586e-02 -4.3530616071e-02 -1.4258412410e-02 -2.6456593130e-02 -1.5089372766e-02 -7.8315818913e-02 1.1849731858e-01 -2.0525769996e-02 -1.2769135014e-01 1.8059246845e-02 -9.7319774463e-02 -7.2244786337e-02 -1.2363546801e-01 7.3027056883e-02 -6.5675073486e-02
1.2126157060e-01 1.8997129828e-01 -2.0721534136e-01 -4.5346311735e-04 -1.8606291244e-02 5.4703337668e-02 -4.4580284135e-03 -6.0896908128e-03 3.8406483742e-02 1.0227404848e-02 -2.0534714973e-02 -9.4207463885e-02 3.9036186172e-03 4.9347654462e-03 3.4738269535e-02 -4.1019591910e-02 -8.2447645273e-02 -1.8424852909e-02 -5.9195490950e-04 -1.0695750735e-01 -6.9280423657e-02 -3.6505589600e-02 1.7256698350e-02 4.5108153191e-02 1.6125626749e-02 -8.0463925541e-02 8.5605646987e-02 -4.3329129267e-02 1.1042259300e-02 -9.7852007761e-02 1.2228056459e-04 -1.1239288448e-01 5.8225878994e-02 -9.7689343290e-02 5.4724911865e-02 -1.6783823063e-02 1.1909510256e-02 4.1665637975e-02 -4.9767569309e-02 1.9986140470e-02 5.4325871101e-02 5.6339080464e-02 3.9281337642e-02 2.2080101318e-04 -4.6891014227e-02 6.6732730682e-02 1.2932844977e-02 -8.9237845952e-03 3.3434022886e-02 7.4986483042e-02 -3.1676140010e-02 9.0585336953e-02 1.6354597221e-02 -3.9111628499e-02
1.4407002966e-03 -5.7420444850e-02 1.0171439562e-01 -1.4752893912e-02 1.2362175697e-02 1.9855776403e-02 1.0978943505e-02 2.7186466322e-02 -5.9213335109e-02 3.5449002600e-02 -1.5265875710e-02 3.2438617991e-02 -2.9815234268e-02 -1.3360410761e-02 -3.1401942775e-02 4.9752727305e-03 6.1985434921e-02 4.0102773856e-02 1.0029392421e-01 7.7223652502e-03 5.7309828865e-02 7.6779852354e-02 -3.4628939245e-02 -1.2096182268e-01 1.6495465438e-02 -6.6971945803e-02 3.8215837110e-02 -2.6051693621e-02 -4.3650910928e-02 4.0230925425e-02 2.8936584885e-02 2.5927529248e-02 -3.4045579641e-02 5.3357769034e-02 3.4572555294e-02 -3.6108423070e-02 -1.3558886360e-02 -1.1532694210e-01 8.6056932338e-04 1.0420515176e-04 -2.9824898403e-02 -6.7492840327e-02 -2.6246707329e-02 4.0987136539e-02 -8.5159108265e-02 -6.0631198936e-02 -1.8430087577e-02 -4.4511451170e-02 4.1338589579e-02 -3.9459862962e-02 -7.1851345422e-02 -2.6298485623e-02 -2.1432673157e-02 4.6049751214e-02
-3.1515335777e-02 -4.4413937094e-02 -8.3569533621e-02 1.1449560718e-01 1.3273326687e-02 2.4889505505e-02 6.9277399115e-02 1.9010051760e-03 3.9833419418e-02 4.1619266984e-03 -6.3001226366e-02 -1.7336392526e-02 3.6738982551e-02 8.0705953681e-02 -9.8263700016e-03 -6.4781770898e-02 -6.4810773560e-02 -4.1727311664e-02 5.0126009592e-02 9.4473054090e-03 -4.9137771015e-02 1.4455253574e-01 -4.8820731046e-02 4.7416150920e-02 5.5896638646e-03 1.9141333120e-02 1.8715281792e-01 -5.1507937035e-02 1.6976328896e-02 4.1922072215e-02 -1.5562028904e-02 -6.5063327227e-02 1.4483481881e-02 3.2035316934e-02 -5.6175224308e-02 1.8423151944e-03 1.6968247179e-02 2.8170995092e-02 -3.2416051388e-03 -1.0791562436e-01 -2.9840292493e-02 -2.3164308664e-01 -1.1925499540e-01 -1.0072929598e-02 -5.1275140820e-03 -2.4165684234e-02 -1.2895227353e-01 -3.3697057008e-02 -1.1806767442e-01 1.7398936818e-02 -6.2698247956e-02 -1.4004781979e-01 -3.5557854525e-02 -8.1283719845e-02
-8.2594694766e-02 1.2108403365e-01 8.9767565044e-02 -9.7212187227e-04 -2.4091098952e-02 2.0653909521e-01 1.1667977440e-01 2.9191281852e-02 -4.9991387965e-02 7.0811848780e-03 -1.0988453532e-01 8.4407400092e-02 8.1662519964e-02 -1.2129812778e-01 -5.1764578231e-03 -4.9973954024e-02 -1.0424997022e-01 -6.2792640263e-02 1.1441252503e-01 1.8155181318e-02 -7.2869158935e-02 -4.2288011413e-02 2.2446245056e-02 -4.4441304589e-02 -1.3381223948e-01 4.2431107172e-02 7.1924224606e-03 -6.6399608488e-05 2.9716703268e-01 4.8154510596e-02 -7.7531897309e-02 1.3788568254e-01 4.5419008924e-02 -7.3811045480e-02 9.4015585735e-02 3.5258661301e-02 6.4818271007e-02 -2.5363566561e-02 -8.2835986013e-02 -1.2851737106e-01 -7.1470965748e-02 3.1772070663e-01 5.7840756434e-02 2.8709200486e-02 -8.6991469151e-03 -5.8936895501e-03 2.3148881588e-02 1.8469018693e-02 1.1105672552e-01 -3.9387960155e-03 -9.7813290947e-02 -1.0794655679e-01 -3.4714071334e-02 7.4232588739e-02
4.8069744657e-02 8.1050391092e-03 7.3518829029e-02 -3.8728671948e-02 -5.1124962385e-02 -9.3552696872e-02 -5.2724974107e-02 3.2566749077e-03 4.9642599690e-02 -5.7156541079e-02 -7.1735859439e-02 1.1153652717e-02 -4.5069858289e-02 -3.0042690432e-02 8.2173008493e-02 4.5088017121e-02 2.5998310075e-02 2.3927391782e-02 -3.6031399336e-02 -1.2209852314e-02 -2.0227950527e-02 8.0251084731e-02 -1.2155054104e-01 -1.3208520321e-02 7.7787577734e-02 4.1937317597e-02 6.2642592819e-02 3.3025193877e-02 7.3955277190e-02 -2.1407253919e-02 1.9416510888e-02 1.3329097687e-02 2.6798045209e-02 -5.5406079967e-02 -5.9964185630e-02 2.8421826917e-02 -3.4174412892e-02 -4.4772760547e-02 -7.0658796882e-02 5.3071293542e-02 -5.2963215302e-02 -9.6806615780e-03 9.6483673814e-02 5.8133186942e-03 4.9113483530e-03 2.8621032081e-02 6.3157631100e-02 8.3347594130e-03 -4.7590741103e-02 -2.2111379223e-02 9.3341932438e-03 1.9623647184e-02 2.5205573128e-02 -6.9134589000e-02
-5.9343575201e-02 -1.4252808974e-02 -5.7031712907e-02 5.8692064076e-02 7.7705724250e-02 8.4903903155e-02 1.4517726990e-01 3.9195921600e-02 2.9734753619e-02 3.0164014128e-02 -6.7746244861e-02 -7.1356378590e-03 -6.9970122585e-02 -1.2500462879e-02 2.7549918290e-03 -1.7720203131e-02 4.5397643748e-02 9.2174232002e-03 -3.9367017881e-02 1.0520941771e-01 4.5248425946e-03 2.1983463108e-02 -9.7059032319e-02 4.0910796890e-03 -5.3257049136e-03 -1.3259416456e-04 -9.2133057040e-03 -1.5916025408e-02 1.9031927059e-02 6.7759038347e-03 9.8509186405e-02 -1.7104787857e-02 3.0652444594e-02 7.2765962879e-02 -8.6766415237e-03 -2.0783650828e-02 -7.8098991106e-02 -7.9364444123e-02 4.7068304568e-02 -2.5341868190e-02 -5.6615545827e-03 -9.0472188536e-03 5.4016338838e-03 1.1841957877e-03 7.6132491429e-02 -8.7278314087e-02 -1.3308880534e-01 -4.0606689262e-02 5.2190641927e-02 2.1266209335e-02 -6.1515740708e-02 -9.7316080196e-02 1.4730344229e-02 9.2227869947e-02
4.0664045734e-02 2.3107726824e-02 6.1351145659e-02 -9.0496383466e-02 -5.0749474263e-02 2.1581143216e-02 7.9026560611e-02 3.9949972732e-02 1.2463077555e-02 -5.9738766174e-02 -3.6597192305e-02 1.8044060925e-01 -1.1972156617e-01 1.7389050426e-01 6.0470499022e-02 1.0374079552e-01 6.4541314958e-03 -2.3103563312e-02 5.7818748297e-02 6.5608519936e-02 -5.3123201872e-02 -8.8219669806e-02 1.1923836690e-01 -7.7945763435e-03 -1.2172262771e-01 6.6955092510e-04 -2.6822647656e-02 9.2760472679e-02 1.6265910167e-02 9.5691810589e-02 4.4807712626e-02 3.7065404959e-02 -1.6836277766e-01 8.7942566526e-02 -4.2462266457e-02 -1.4294356175e-02 4.7123221507e-02 5.7186768979e-02 -3.8976189449e-03 7.0899478898e-02 -1.7200007331e-01 -1.2111036701e-01 2.8811407858e-02 -2.0792245121e-03 -7.9550583005e-02 -2.6317844235e-02 1.4090134293e-02 -8.1787126048e-03 -5.9209135480e-02 -3.4586533176e-03 2.4173794303e-02 1.2003619731e-02 5.5017788716e-03 -3.4628892228e-02
-7.8479421661e-02 -2.5869196777e-02 -3.2159636315e-02 6.8312109287e-02 1.7929082839e-02 -3.6951839170e-03 6.7100265305e-02 -1.2300150813e-02 -4.1511388236e-02 7.1465456809e-02 -1.2767012722e-02 6.0355121731e-02 9.4769098600e-02 -2.6350970771e-02 3.8807451053e-02 -6.5176129273e-02 -5.6782850231e-02 1.0633480922e-01 -3.3719273699e-02 -5.2629205982e-02 8.0020695200e-02 7.2011005798e-03 7.5122682786e-03 7.4865160832e-02 -2.1827148471e-02 -5.6913785347e-02 -6.5770941977e-02 -1.1830532586e-02 -7.1091407717e-03 -3.6473918165e-02 -1.3541916138e-02 5.9417856377e-03 -6.3671618133e-03 -1.9272492345e-02 1.6510209274e-02 3.3603854663e-02 -3.0698039904e-02 -8.7305496498e-02 -3.5091487990e-02 -9.9508585704e-02 -4.8133676076e-03 7.4242218199e-02 7.6987407622e-02 -2.1218078582e-02 -2.5554461114e-02 7.8672321104e-02 1.4984242076e-01 1.1491150724e-01 5.9835137634e-02 3.0762184069e-02 9.5591013118e-02 -1.6918379707e-02 -3.9947408262e-02 -8.6621268815e-02
-8.5550491690e-02 4.6921720579e-02 8.7202122008e-02 -4.0593780842e-02 3.7275874839e-02 -2.8497396176e-02 3.3539871424e-02 -5.1319874795e-02 -9.8399663963e-02 -3.9164913654e-02 -2.4135841100e-02 1.1870308381e-02 -7.7341800927e-02 -1.1088169200e-01 6.4461843355e-03 1.5687798209e-02 -8.6728981546e-02 4.6234400972e-02 3.8003396538e-02 -5.1786850724e-03 7.4136691388e-02 2.0633675438e-02 5.6364129457e-02 2.9371603193e-02 1.1323675394e-01 1.0260458712e-02 6.5852046051e-02 1.5030669333e-02 1.5363537251e-01 -2.7535522919e-02 -3.9583364097e-02 -4.7752862726e-03 5.6928842347e-02 2.3467748616e-02 7.8584616804e-02 -3.7722230508e-02 4.4962036112e-02 -2.2961783958e-01 -2.7541358999e-02 9.1431162269e-02 6.2564308699e-02 1.8832550552e-01 -5.7299432917e-02 1.5746264988e-02 3.3478701084e-02 -3.4670146914e-03 5.7077100763e-03 6.5467864687e-02 -4.7468628308e-02 -2.7388002396e-02 -1.0132431106e-01 1.1069893875e-02 -4.0155185711e-02 -7.4496769084e-02
-2.6386148965e-02 -2.1912415687e-02 4.3903500549e-02 -6.8601164568e-02 2.5507006115e-02 -1.2239665338e-01 -1.0017453256e-01 -7.0763116548e-02 1.5998971554e-02 9.2574178555e-02 2.1783794677e-02 -1.0463455820e-01 -5.2162508988e-02 -5.7995567706e-03 2.0065754690e-02 4.6297653004e-02 2.6491391691e-02 6.1679290800e-02 -5.1217845066e-02 7.2887228445e-04 1.4089940524e-02 -1.8340214907e-02 -7.0773858568e-02 3.1640228337e-03 -1.6083568870e-02 -3.1809658842e-02 9.0387245321e-02 3.7839851464e-02 6.5137214826e-02 -1.1452690933e-02 6.6254724422e-03 3.1708876754e-02 -1.1668753358e-02 -9.5976104899e-03 -6.4421441992e-05 5.0868968818e-02 1.3158244230e-02 6.4489622602e-02 -1.6851854036e-03 1.1446919954e-02 4.9226203760e-02 -1.1414791707e-01 5.3257564785e-02 7.7572872370e-03 2.6434938922e-02 3.7239050611e-02 3.2597868975e-02 3.9610630058e-02 -3.8592368692e-02 -1.5594462948e-02 1.7915022634e-01 3.9741062006e-02 3.5202174129e-02 -1.0199024647e-02
3.8641893728e-02 9.9919304356e-03 7.0845917634e-02 2.7220076780e-02 5.9482185552e-02 -2.7513628510e-02 -1.8921709361e-03 -6.3809667582e-03 1.4842878081e-02 3.7208766255e-02 -4.6561702514e-02 3.3102750371e-02 -9.9565794116e-03 -1.5103493176e-02 1.4463626372e-02 1.9071741162e-02 3.3504350938e-02 -3.2434509012e-02 -1.2541646681e-02 5.5361199146e-02 3.2546294406e-02 5.2367101263e-02 7.8256045828e-03 -4.4452129405e-02 -5.7356272428e-03 6.6915755260e-03 -1.1157884009e-01 1.1235066843e-01 2.5895356498e-02 -1.2054151939e-02 5.0326042324e-02 -3.4822670974e-02 -2.9782652773e-02 -2.8226861533e-02 1.8011212456e-02 1.5753359290e-02 -2.8248368745e-02 7.3723299244e-02 -4.2269156119e-02 -2.0370175954e-04 -3.2886565096e-02 4.9832437768e-03 7.7682941608e-02 1.7681164197e-02 1.9570873934e-03 2.3423529338e-03 2.6802069505e-02 5.8696215840e-02 -2.2382722375e-03 -7.8773376191e-02 1.5236624242e-02 1.7938036099e-01 7.0159851444e-02 5.5338527482e-02
1.6134986280e-02 8.0487262813e-02 -1.4588653689e-01 -4.3701906565e-02 5.2196964488e-02 2.0632876752e-02 -1.3367952147e-01 -4.0374742817e-02 -3.5946136252e-02 -2.1808339031e-02 3.5717166144e-02 5.3051153773e-02 1.5578977759e-01 6.6149964226e-02 4.6632493641e-02 -3.7272730339e-02 7.9516259542e-03 6.2323852794e-02 -5.2690232836e-03 5.5157514483e-02 -5.0204811613e-02 -4.8769675456e-02 6.4137135289e-02 -3.7819310033e-02 1.5845729781e-01 8.2806418950e-02 -5.4099877464e-02 -2.6986684328e-02 1.4678327893e-02 -5.7232843324e-02 1.0397394728e-01 1.9303792820e-02 -7.9727183850e-02 -7.3170445495e-03 -1.3828125194e-02 5.7671995653e-02 6.5982944088e-02 8.1478674300e-02 6.2105296066e-02 -1.1714587211e-02 7.2997972859e-02 -1.1899891704e-01 5.3927550024e-02 -1.3272540241e-01 -1.9034047660e-02 -1.1133354046e-01 2.4219681566e-02 4.3682215779e-02 3.6745547686e-02 -1.6119690523e-02 1.4637096400e-01 -6.1328913090e-02 4.5132895556e-02 -3.8335458413e-02
3.6896735270e-02 1.1678300603e-01 4.9435520790e-03 6.1093762139e-02 -8.0577807402e-03 -3.1242522154e-02 -8.7767354333e-02 4.9615713785e-03 6.0847865783e-02 -2.6203604041e-02 6.1434264412e-02 -6.9106289903e-02 -2.1351078964e-02 -3.1102911556e-02 2.6603644187e-02 7.0844243958e-02 3.7276459042e-04 -4.5476604329e-02 -5.0627905723e-03 1.2120912860e-01 1.6388357431e-01 1.1522688883e-01 -5.4384427783e-02 7.7578836847e-02 -4.7415992414e-02 -8.1264201645e-02 7.8416927283e-02 4.6462190552e-03 -3.9793971138e-03 -6.2446363039e-02 -6.0824442686e-02 -2.5572682827e-02 -1.0758859525e-01 -2.8441167881e-02 3.0751879796e-02 1.2719457669e-02 2.0351170778e-02 1.7437682475e-01 -4.5055168778e-02 -9.7092304241e-02 -3.7013675360e-02 -1.6653785342e-01 -1.3742612569e-01 -7.8172269212e-02 3.7013921592e-02 8.6307955895e-04 -1.0369676783e-02 -5.9941990462e-02 1.2316960182e-01 -8.8649847798e-02 6.9016684101e-02 -1.8806426459e-02 -3.4852423881e-02 1.4583700365e-02
5.9384467616e-03 -9.0899582355e-02 -4.2354617741e-02 2.8813244181e-02 -4.1607883673e-02 2.2425946712e-02 4.1207625412e-02 -1.1417916974e-02 -2.1579328459e-02 -1.4830547406e-02 -2.7834466097e-02 5.4765220432e-03 1.3325318466e-02 -3.7828771014e-02 -3.8392271246e-02 -3.3963634441e-02 -1.5539942425e-02 7.5503433584e-02 3.0831592693e-02 -2.7567953571e-04 6.9540916118e-02 4.1771304954e-03 -1.9867936051e-02 4.7293649964e-02 1.4363277044e-02 -2.5442399383e-02 1.0208371783e-01 -2.1363920798e-02 -1.5101800016e-02 2.8255117987e-02 -1.6505921541e-02 4.1167399347e-02 -1.7239650640e-02 -7.4050104753e-02 -2.4047664405e-02 -8.2468965412e-02 -4.8151858366e-02 -4.1143374423e-02 1.4484874633e-02 -2.3140542589e-02 -6.5367801901e-02 -2.1489230765e-02 9.7603801779e-02 -4.9424609891e-02 -6.4480055538e-02 5.0460880211e-02 3.0013812014e-02 8.3054448712e-02 2.6750349752e-02 7.6098250286e-02 2.9955802680e-02 -8.6403608621e-03 3.3004927556e-02 5.2934136674e-02
-8.9033052204e-03 -4.9368324589e-02 -1.6206906731e-02 6.5877634966e-02 -6.8341187645e-02 3.3901524182e-02 9.7480182800e-02 8.2270347261e-02 -2.6113310639e-02 -1.6237229526e-02 -6.5146064289e-02 -7.4129822523e-02 -3.0720203258e-03 -6.6327253030e-02 3.5610607487e-02 1.0575576145e-01 -3.7418995838e-02 -1.2307306042e-02 -3.0220966740e-02 -2.0085445511e-02 1.4468753561e-04 -1.2005255595e-01 8.1265988159e-02 2.1822796920e-02 2.8319838359e-03 -2.3364545078e-02 -2.4167313497e-01 5.4556512519e-02 -1.5760375186e-01 -2.1307002683e-02 5.9451431467e-02 8.0539005838e-02 5.2426049496e-02 -1.6662199471e-01 -8.9990968293e-02 1.2006347382e-04 -4.5626756633e-03 -1.2362745235e-02 2.6145424033e-02 1.4800059503e-02 -3.4991404908e-02 -1.7222237957e-01 2.4399347240e-02 -1.2600907490e-02 1.0545015374e-01 6.3475965898e-02 3.7365907409e-02 -8.3505178117e-02 1.8164340110e-02 -6.4585298946e-02 -1.5524781575e-01 -9.1025887853e-02 -3.4915460230e-02 -1.6757656654e-02
4.4066923062e-03 -3.1066211288e-03 -2.5951430478e-02 -3.0595073768e-02 -2.5749040160e-02 -3.9338699339e-02 -4.9099616704e-02 -5.3838157460e-02 4.5468800163e-02 -5.3990544834e-02 -1.0508113902e-02 -3.9375131283e-02 -1.2341157433e-02 -8.3525324825e-03 -2.5999861051e-02 1.1917691625e-02 -9.7878018740e-03 6.2074656710e-04 -2.0365855868e-02 -4.3155502749e-02 -4.5705388466e-02 1.1578854435e-02 1.4980491872e-06 5.4770503753e-02 -1.4970577226e-02 1.7389286110e-02 8.2477088265e-02 -7.0487362125e-02 -1.8791271011e-02 1.9375199835e-02 -4.7144825558e-03 -9.8149219106e-03 -2.3735827098e-02 -4.5132026412e-02 7.3029039081e-04 -4.5086342431e-02 2.0706189185e-02 5.5943168268e-02 -3.7727216570e-03 -8.0016855894e-03 6.1777222285e-02 -7.4405393761e-02 -3.2818909372e-02 1.4483362966e-02 1.8443585413e-02 7.2975937049e-02 8.0304287115e-03 5.7240665993e-02 -3.8510446908e-02 2.2964106958e-02 -3.8960441670e-02 7.7124953760e-02 -2.9390122798e-02 -7.9167239447e-02
6.1632696766e-03 1.8582055542e-02 3.5555984455e-02 -4.7411439914e-02 -1.5367132533e-02 6.7224045034e-02 1.3426403565e-01 -2.2001073691e-04 -6.9424938455e-02 -4.5112059735e-02 4.8991671179e-02 -3.8236088368e-02 1.3918990308e-02 -1.9810555884e-03 7.6253912218e-03 -3.5541708806e-02 -2.6330684206e-02 1.3648320713e-02 4.8075253851e-02 9.3952978002e-02 -1.0207406580e-01 2.1309859417e-01 -4.5652187986e-02 7.4363182996e-03 -1.6956480949e-02 6.6029742992e-02 7.3277152317e-02 1.0163474486e-01 -1.3053180624e-02 -2.4281377624e-02 -9.4968979926e-02 -1.1228785513e-01 7.2789632828e-02 -5.5568835851e-02 1.1574974305e-02 1.6459052267e-02 -3.2759384547e-02 -4.6580306181e-02 8.1191855184e-02 -2.1006131411e-02 -1.2577877586e-01 -4.0465342396e-02 8.7727423034e-03 -5.6730891093e-02 -1.7631970756e-02 6.7563149619e-03 -1.2161361793e-01 9.3759160437e-02 -2.7906725323e-02 4.5118402831e-02 1.4933227535e-03 -5.0194571563e-02 1.0187479355e-02 2.2734047410e-02
3.5535676226e-02 4.5295414578e-02 5.6090689072e-02 1.8265191962e-02 9.0163793714e-03 -1.5584728894e-02 6.6734415543e-02 -2.3285500143e-02 1.8272487316e-02 2.0407227055e-02 2.0391565128e-02 2.4711226839e-02 1.3477430443e-01 -2.9713445814e-02 -2.1689034668e-02 1.5678750033e-02 -5.3109413035e-02 4.0968629047e-02 1.8240986509e-02 6.4194888561e-02 5.8439155564e-02 -6.4813645782e-02 2.0141817027e-02 -1.4577374890e-02 8.1829584764e-02 -8.9314487884e-03 1.5665106997e-01 -1.9434888366e-02 -4.6455623443e-03 1.5913798723e-02 6.1293026720e-02 5.9905077769e-02 3.1525315342e-02 -2.3671420290e-02 -7.0064083785e-03 2.6502025524e-02 -5.2998857997e-03 1.3677293616e-01 -6.6212914271e-03 -2.0245790751e-02 -3.0336058410e-03 -1.2865448158e-01 -3.5110675400e-03 -1.4566438690e-02 -3.2242341295e-02 3.0265656490e-02 -2.4529054569e-02 -6.8161720716e-03 5.9304273601e-02 -5.1824538290e-02 2.7281881498e-02 5.1000327018e-02 1.3865048612e-02 -1.5911122470e-02
-1.0623348161e-01 2.4134724110e-02 3.1040844149e-02 2.4664800360e-02 1.0377778562e-02 1.7703792391e-02 1.0443320153e-01 -2.0052092695e-02 -1.1487019086e-02 1.2630490961e-02 4.4019955360e-02 -2.6709561674e-02 -4.8316814564e-02 -1.1655803343e-01 -4.7643418767e-02 -3.8753777900e-02 6.0243590019e-02 -1.1927163005e-02 6.4343757008e-02 7.3965911114e-02 -3.1802570452e-02 1.2538195764e-01 6.5316362425e-03 3.9977781148e-03 -1.1422049232e-01 -2.1496159156e-02 -1.8432277511e-02 -5.9799707879e-02 -1.2664334984e-01 -1.8093245222e-02 -8.8947513188e-03 -1.6095809994e-02 -4.4410479638e-02 -3.8193279277e-02 -5.1036337211e-02 -1.2436678255e-02 -5.3067166365e-03 -1.7671970950e-02 -9.2289024926e-03 -1.3740724661e-02 4.1496960646e-02 1.4487609960e-01 -1.8858549847e-02 9.4235223686e-03 -1.2441520989e-01 -3.6227266137e-02 -1.8416479762e-02 -2.1147815821e-02 3.2608244979e-02 -5.9917591383e-02 7.1487655789e-02 5.1187211592e-03 -7.4412206357e-02 4.2829226124e-02
1.2875045565e-01 1.0378721688e-03 8.5121998367e-02 -1.8897733000e-03 -8.0927258174e-02 -8.9633759143e-02 8.1937095462e-03 2.6473739519e-02 -1.1630704260e-02 6.6350609576e-02 -5.8280860180e-02 8.0530231426e-02 1.0360638441e-01 -4.4253050648e-02 -3.2396718290e-02 -3.4261490393e-02 1.2324434789e-01 1.2682331994e-02 -2.2159030686e-02 -2.3159065077e-02 -2.7026164136e-02 1.7060320023e-02 -8.5074664765e-02 1.4821611827e-02 3.0079708708e-02 -2.7752922614e-02 1.6559448119e-02 7.2181809343e-02 -6.9221762745e-02 1.0141714832e-02 7.8581260869e-03 3.2184154431e-02 -6.6284571717e-02 -9.7764558704e-02 4.1394085267e-02 1.5039027174e-04 -3.4240980290e-02 -5.8226659225e-02 5.3507627137e-02 3.6577106224e-02 -2.5957292129e-02 -1.8961492142e-02 -6.3043598539e-02 -3.4246020543e-02 4.4067933550e-02 -2.8010905152e-02 -6.2365665041e-02 7.3508026073e-03 -6.4170251274e-02 -9.9152259495e-02 7.6501589176e-02 6.8890952080e-03 3.6738659150e-03 -5.1776039322e-02
4.9368327216e-02 9.6265234198e-03 3.2467017579e-02 6.3481801693e-02 -2.4267696015e-02 1.3780775453e-01 1.2700842676e-01 4.0960834239e-02 -6.0111264262e-03 1.2745253569e-02 1.3218356554e-02 3.4289619874e-02 -1.2954423882e-01 -1.1741976775e-01 -9.1367109549e-02 -3.3412438834e-02 -5.0675429967e-03 -3.7630073292e-03 -1.6911890447e-02 9.9977076319e-03 -4.8497628915e-02 2.5729066217e-02 9.1929756577e-03 2.2139308590e-02 -6.2473808320e-02 7.0680817711e-02 -8.4549224214e-03 2.5910569107e-02 1.0060115309e-01 -2.0237746699e-02 -1.2305580000e-01 -3.1656554538e-02 6.4741694873e-02 -5.8223713163e-02 -5.8562205605e-02 3.1898908262e-02 -4.2933900670e-02 3.2983026529e-02 1.5783347144e-01 -1.7673634417e-02 3.9543722955e-03 -1.1559271566e-01 -1.0327070814e-02 7.0760756657e-02 -9.1214957921e-02 2.9489867506e-02 -1.1909325944e-02 3.0946470451e-02 2.8161801776e-03 -3.8838573179e-02 -1.7592319090e-02 6.1709575049e-02 -9.6216622462e-02 -1.5087992440e-02
-1.5511899279e-01 -4.2643415288e-02 1.7147842988e-01 -4.3585789773e-02 2.2602008237e-02 -2.6291563930e-04 -1.8179170396e-02 -2.2405133391e-02 6.8552825384e-02 -2.3105030672e-02 1.3463172871e-02 3.9248019291e-02 9.4367073160e-02 1.3978739550e-02 2.0162195448e-02 -5.1473457855e-02 1.1675538042e-01 -3.0324096109e-02 -3.3075246054e-02 -3.6586640287e-02 1.0274307589e-01 -5.8190853352e-02 -1.1282845520e-01 6.3752680099e-02 6.7187732071e-02 2.1428944158e-02 -1.2336349491e-01 1.1557825198e-01 -5.3299925473e-02 -1.2231543633e-01 -1.5701973884e-01 3.7817422071e-02 -1.8922342197e-03 4.4573898340e-02 5.5198656206e-02 -1.1842262056e-01 6.1522257414e-02 2.5575161957e-01 6.7590160316e-02 2.8828326417e-02 -1.0663682696e-01 -1.2065877021e-01 -8.1764118387e-03 2.1806571878e-02 1.5038034146e-01 -1.6438852429e-02 1.1726454847e-01 1.3341018527e-01 -8.4155732180e-02 1.3308571419e-01 1.1802226486e-01 -1.2862728501e-01 -5.8524406669e-02 -7.5889392942e-02
9.6259958125e-03 -5.5611353959e-02 1.5143365285e-02 4.5935398830e-02 1.8151473844e-02 6.4502114026e-02 2.8763346932e-02 1.8233341041e-02 5.6643090786e-02 5.7929938677e-03 -1.9380729225e-02 1.6215067540e-02 -3.8832779482e-02 -5.0818820759e-02 -5.4187800321e-02 -5.9248762680e-02 -2.0155412320e-02 -2.0770189325e-02 7.0685262948e-02 -1.3519649417e-02 1.7804732030e-02 1.2254219733e-03 3.1950571423e-02 6.2953930057e-02 6.4498861749e-02 3.6329796241e-02 1.0245602252e-02 -6.2110998631e-02 2.1041639210e-02 1.2382191828e-02 -5.3824934654e-02 7.5840421377e-02 4.4870891804e-02 -1.8706942956e-03 1.2762329719e-02 7.0286532831e-03 1.0617297393e-01 -3.0521845724e-03 5.3913762195e-02 7.9139422551e-02 -2.6808343586e-02 -2.2412923809e-02 -5.3247861762e-03 1.6432924783e-02 -3.4847555314e-02 3.8638556810e-02 2.0042030654e-01 -8.6742708615e-02 4.6367074282e-03 7.1360495001e-02 1.0927611123e-01 2.0969612441e-02 3.3501128374e-02 6.7643030953e-02
4.7693114739e-04 4.1307740315e-02 -3.0451896167e-02 3.7612505937e-02 2.5615470191e-02 3.3746895789e-02 2.1292056576e-01 7.2183153086e-02 1.6112570897e-02 -5.1625590822e-02 1.0407538359e-01 2.0514681024e-02 3.1568896729e-02 -2.8094316338e-02 -4.7384105759e-03 9.7375848054e-03 6.3482024200e-02 -4.9675695341e-03 -1.3643294111e-02 1.3888936465e-01 3.3375784775e-02 3.3295494187e-02 6.1023858620e-02 -5.8859367122e-02 5.5179807089e-03 -7.8959825139e-02 -2.0238561045e-02 1.6825121701e-02 -2.4106870724e-02 -7.6883629710e-02 -3.0504184912e-02 5.0667208682e-02 1.2311542638e-01 5.1884110836e-03 1.7620401850e-02 3.3262389389e-04 4.1787645156e-02 3.1024391779e-02 -1.6414143209e-02 3.4816342784e-02 -3.0370191916e-02 -5.9457988591e-02 4.0096902880e-02 4.2329236512e-02 1.1188389854e-02 6.2872124888e-02 -1.1384366247e-01 -9.2675019399e-02 8.4577297646e-03 -1.2490139845e-03 5.5975341808e-03 -3.8471087328e-02 -5.2979920474e-02 -1.9403311636e-02
3.6974512869e-02 1.3969172235e-02 -1.2485603981e-02 -3.0265129283e-02 1.9814746342e-02 4.3060357649e-02 5.7938899319e-02 -4.0950516015e-02 -1.6101333715e-02 3.3284229264e-02 -8.1042244431e-03 2.9228492434e-02 2.7792581695e-02 2.5935396157e-03 3.6930858694e-02 1.9306853577e-02 5.2790830297e-02 2.6291553443e-02 1.4340550716e-01 -9.0073847546e-02 -5.6797869486e-03 -1.4521273878e-02 -3.3283171655e-02 -1.0330621715e-01 5.0801080848e-02 -5.8646654066e-02 3.4644634024e-03 2.6390872737e-02 4.7824648907e-02 3.8231933811e-02 -1.4483503844e-01 8.7454191814e-06 1.5674624384e-02 7.1903992760e-03 1.9613770856e-02 2.7801955388e-02 -4.6362107059e-03 -9.9104434422e-02 -2.0935193334e-02 -2.7816088757e-02 -2.1499203099e-02 3.8678147653e-02 -5.5131594461e-02 -9.3765487846e-02 -6.1824964426e-02 -3.5860182736e-02 -7.7800798444e-02 -4.5283353039e-02 2.6587324876e-02 -2.7172428203e-02 6.9270252905e-02 8.9688575458e-03 -3.6630893448e-02 2.2864070240e-02
6.6074358262e-02 1.3846621072e-02 6.9042807434e-02 1.6680592248e-02 6.0581681959e-02 -2.1493902172e-02 -5.3818835181e-02 -1.1212503514e-02 8.1580968466e-03 1.0358875895e-02 -3.5830560783e-02 -2.3393863938e-02 1.6470124109e-02 2.2916373089e-02 3.9941015356e-02 -3.6427646679e-02 3.6235183030e-02 2.7708200875e-02 9.1450388019e-03 7.1882754863e-03 -1.1390157313e-03 4.1989662443e-02 -1.9269199592e-03 1.5751059067e-02 -2.1658404069e-03 -3.8389924033e-02 -5.2755884815e-02 -2.0151463421e-02 -6.2328448740e-02 2.0708387994e-02 3.9213057581e-02 -2.6966648790e-02 -1.1037559364e-02 2.9676117709e-02 -1.6819763763e-02 6.2487614071e-03 -1.4712642427e-02 -8.6994058970e-03 1.3497083478e-02 -3.6927922855e-04 5.0349396904e-03 -1.2590258631e-01 -1.8774662069e-02 7.3706185528e-03 -6.3114076268e-04 2.9277348311e-02 -1.5358480347e-02 4.4752551480e-02 9.4752128516e-03 2.4608492177e-02 3.6633637341e-02 2.2704644160e-03 4.4840146806e-02 -6.9682072938e-02
