1.8818330612e-02 -4.1045796490e-03 2.4077215867e-02 1.5277440699e-02 -9.9144655170e-02 8.1878822442e-03 -4.3380328635e-03 3.0199004239e-02 1.4978980939e-02 -2.6189798971e-02 9.7928550191e-02 9.4639369326e-03 1.0167927964e-03 8.9707285407e-03 1.4619226629e-02 7.5999463647e-03 3.1122726383e-02 -1.5006661945e-03 5.9753556158e-02 1.5318378005e-02 5.8306473808e-03 6.8744930306e-02 -1.1717297022e-02 1.7876850268e-02 -4.7724476445e-03 1.6866665607e-02 2.6251143021e-02 -4.2622508623e-02 -3.1805867202e-02 2.0418938403e-02 -6.9815684785e-02 -5.6397436630e-03 2.0999096301e-02 4.1782837343e-03 -2.3517875450e-02 -3.1030567872e-02 2.1785777378e-02 -2.4786914100e-02 3.1769178960e-02 -1.8750157936e-02 8.7836070548e-03 -4.5997391098e-04 -1.5242767250e-03 -1.9274062069e-02 -6.0578619145e-03 -8.6149280274e-02 -1.9970210044e-02 -3.1567533169e-02 -4.5879219047e-02 3.9747893337e-03 -3.2456817375e-03 -3.7341916324e-03 -1.6889316587e-02 9.5917709769e-03 3.9362695746e-01 8.0362156307e-02 -4.6620169815e-03 2.0850762982e-02 -3.0792778374e-03 -3.2705942581e-02 2.6879227133e-02 7.6804265109e-02 1.3351872176e-02 1.9957908280e-02 -1.2521992470e-01 1.1847300975e-01 -3.1584485090e-02 -4.2279870011e-02 -3.6631188760e-02 3.5286133966e-02 4.6992616055e-02
9.0620469494e-03 -5.6695767153e-02 -4.6259467572e-03 -2.1548400185e-02 2.4492890938e-02 -5.4164005072e-02 1.8581439063e-02 4.4171889596e-02 -1.7713076275e-02 1.2129083299e-03 5.5519983190e-02 -4.0509239352e-03 4.9793456633e-03 4.6694930956e-02 6.4102444670e-02 3.3023071116e-04 2.9640780644e-02 7.8693340789e-03 -2.9607513917e-02 6.4283400023e-02 -3.9285653209e-02 -4.4063100716e-02 1.8560113032e-02 9.9946202778e-03 -2.0719129742e-02 -1.2042654226e-02 7.1363478851e-02 3.7968743220e-02 3.3175916518e-02 1.8928364784e-03 -2.0574446692e-02 2.7657579537e-02 1.5796872469e-02 -2.7310938749e-02 -8.7890658620e-02 -1.4749329276e-02 6.3327319515e-02 8.3861779702e-03 4.5206063737e-02 1.6423504037e-02 -5.6361732007e-02 2.9765378522e-02 2.4254062704e-02 2.0765410561e-02 -4.4582166834e-01 -8.7530576263e-02 -1.3632712949e-02 -8.2056015222e-02 2.0479060596e-02 -3.1474673289e-02 -4.6894611188e-02 5.0651881832e-03 8.0357661009e-03 -1.2842539719e-03 1.7653139974e-02 1.1928339396e-01 5.2460742582e-02 -7.2085705056e-03 -8.2424502048e-03 1.1634246328e-02 -3.0080239468e-02 9.4793147994e-03 -4.3766705537e-03 3.2872259044e-02 7.7130312426e-03 -1.8661589154e-02 -5.7220895296e-03 3.0895851114e-02 7.0735401713e-03 -5.2742522058e-02 2.0602811015e-02
-2.7082111422e-03 1.5400655001e-02 -1.1090657703e-02 1.4352820594e-01 1.1938860465e-01 -4.0079250840e-02 3.2311843742e-02 -9.7194033741e-03 -2.1641629327e-03 -3.5983151113e-02 3.3392204509e-02 8.6792820495e-02 6.0652741843e-03 6.9164843452e-02 1.1794803242e-01 2.3542795175e-02 -3.2366222934e-02 5.3450789806e-02 1.9913539243e-01 -2.2629514953e-02 -3.7886251708e-02 4.7004040758e-02 -2.7712956355e-02 -1.0886781465e-02 -4.1201775355e-03 2.2451490305e-02 2.5636796670e-02 -1.6938263886e-02 -6.0167806187e-03 8.5380545858e-03 -2.0736862274e-01 3.5693905880e-02 -6.0808849646e-02 -5.4959006055e-03 -4.0933965204e-02 -1.2558934105e-01 -5.6530396391e-02 8.0135654871e-03 7.9902960764e-02 -1.1579881618e-02 -5.0868195181e-02 1.6335170617e-02 1.5986383802e-02 1.8200049129e-02 3.1875424586e-03 -6.1403156267e-04 3.7255675678e-02 -8.1982788666e-02 4.1477850172e-02 -8.5861160041e-02 1.8725999306e-02 -5.2399516883e-03 1.2377781470e-02 4.4791902257e-02 -4.9141723944e-03 7.8882693260e-02 1.6093046593e-02 2.1130729477e-02 -2.0490350769e-01 -2.4690699488e-02 1.5462733639e-02 1.2451237601e-02 5.8712250801e-02 -3.4983026242e-02 4.4763562590e-02 8.5258168375e-02 1.3407390510e-01 1.0118245160e-01 5.8735365135e-03 1.6165167046e-01 -6.0983949991e-02
1.8682300043e-02 1.7161654814e-02 2.6019126037e-02 -2.1245574876e-02 8.3591786831e-02 -7.2564979866e-02 1.5342151699e-02 -3.7072356371e-02 4.0861397200e-02 -6.7591945673e-02 8.9477006919e-02 -1.3346206398e-02 2.7392884140e-02 -1.3340224115e-01 1.8883246378e-02 1.1857621755e-01 -4.2273306851e-02 9.4468031829e-02 -1.1777006738e-01 9.9691083199e-03 -4.5027090006e-03 -3.3539657197e-02 9.6718890673e-02 1.7877592854e-02 3.1764637879e-03 6.7542877768e-02 9.8696290823e-02 7.6332673814e-02 -5.9130571597e-02 2.3510457122e-02 -7.2293815259e-02 2.3915537226e-02 5.1931352101e-02 -1.3078800818e-02 3.0372948956e-03 -6.6643881023e-02 -4.7047944097e-02 6.3431889359e-02 -3.8588243836e-03 -1.6364021098e-02 -1.9983915380e-01 4.0632606030e-02 6.6034302978e-03 -6.9939962464e-02 2.5544501401e-02 -5.0027398384e-02 -7.0156006263e-02 -2.2764692171e-01 9.5460688454e-02 9.4796997503e-02 2.7086195683e-02 5.5223257534e-02 -7.9157029043e-02 -1.3818263852e-01 5.3091113668e-02 -1.7986015147e-02 6.8765661451e-02 8.4348305156e-02 5.2476555995e-02 1.2513165319e-01 7.9281176303e-02 -1.2766992096e-01 3.8462942738e-02 2.0355294851e-02 6.1419035347e-03 8.1859668618e-02 -7.6222236040e-02 1.2130224529e-01 -1.1504511478e-02 8.0977515921e-02 4.3541193418e-02
-5.6485066121e-03 -4.8184128394e-02 -3.2112846903e-02 7.1417745951e-02 1.1947970368e-01 -4.3978634698e-02 -3.8163627353e-02 -4.4550824698e-03 -1.0973142350e-02 1.7616828102e-02 -4.9054877646e-02 4.8853839002e-02 1.9599355177e-03 -1.5980475047e-02 1.5601847328e-02 1.5232523586e-02 2.5167611968e-02 -1.9896773083e-02 2.3127888714e-02 4.9725091196e-02 -1.1470694891e-02 1.8029479744e-03 -4.3025446499e-02 3.8355359610e-03 -3.0618645024e-03 8.6212687681e-03 1.8750326634e-02 7.8644501720e-03 -3.1781094324e-02 4.2843543397e-02 -2.1035074048e-02 -4.1885438313e-02 -8.2733776002e-02 -2.9976622465e-03 -1.0063299094e-01 -1.6636630661e-01 2.2968155666e-01 1.5667361624e-02 -7.3831965205e-02 -1.8866308275e-02 2.9305610856e-03 9.8014933016e-02 -4.3204159103e-02 -3.9918343059e-02 -4.3940650872e-03 8.9678273888e-02 -1.0244555705e-01 2.9340610703e-02 -3.0148983137e-02 -2.2552993716e-03 -1.3869560100e-01 3.9272196652e-02 -2.7466617869e-02 1.8029081837e-03 1.1138831703e-02 -4.2981205181e-02 3.0881959914e-02 8.0026226700e-02 -1.6344689692e-02 9.3420332911e-02 5.1700546345e-02 -1.4215081738e-02 3.5134891998e-03 -8.2834646139e-02 -7.5892230166e-03 -1.0433160829e-01 -1.5324997272e-01 -7.4498122944e-02 -2.0087526032e-02 -4.7511911534e-02 5.1995805683e-02
1.8859259468e-02 1.4345784236e-01 4.1023354335e-03 2.6927368106e-03 2.8460382967e-02 -6.0336542410e-02 6.9313118062e-03 1.1256422478e-02 -5.0827134593e-05 -9.9621471651e-04 5.0812313206e-02 -5.8616607313e-03 3.4753119385e-03 7.4290975350e-02 8.1126793456e-03 6.5036529021e-03 4.8063078888e-02 -8.9935603577e-03 -6.0264318581e-02 2.6588975180e-02 -2.4275703637e-01 2.0725266192e-02 4.8726284888e-02 3.9611578898e-03 1.0605462199e-02 3.5060086212e-02 3.0383177884e-02 -2.1942003031e-02 2.2485242446e-02 4.9736914942e-03 5.0095102479e-02 -4.9968233088e-03 4.3437843994e-02 -1.0532411332e-02 -6.8643060370e-02 8.1437828533e-03 4.3361107963e-02 6.1402049656e-03 4.2690177091e-02 -1.5483216621e-03 -1.8762964983e-02 -2.0344160633e-02 -8.4248409777e-03 9.6876228816e-03 -4.1986843730e-03 1.0583435945e-02 4.7159851638e-02 -5.0815381149e-02 3.7210756182e-03 6.5168585972e-03 7.0379562822e-02 -3.3281230080e-03 1.8108599265e-02 -9.8133751156e-04 1.4224859393e-02 5.5323591994e-02 2.3547984883e-02 -2.7051114600e-02 -6.4710955597e-05 2.1706507890e-02 -3.7261053708e-02 1.9364352591e-02 8.2388143534e-03 -1.3188432658e-02 1.0833513628e-02 2.3485886835e-02 -2.4129476783e-02 4.0730104338e-02 -6.8141857863e-03 1.4187804059e-02 -2.4455411349e-03
-4.2839994358e-01 -1.2993977415e-03 -2.0303637647e-01 -9.6984905998e-03 8.7312370837e-02 -4.2264142921e-02 4.8107355576e-03 -7.4428972566e-02 -6.9915949953e-02 -5.4050566222e-03 -8.6207663383e-02 -3.9772234820e-02 1.2927003554e-03 -1.9191591877e-02 5.2965335332e-02 5.2785564770e-02 -2.2137715581e-01 3.0625489922e-02 -2.2529344464e-02 -1.6707503118e-02 4.2851499120e-02 -9.8884411250e-02 1.4028688741e-01 5.3549830823e-02 -8.9079547899e-03 2.8610529034e-02 -1.4291678764e-02 -2.4610130340e-02 -1.3540134321e-02 -4.6977664355e-02 6.6200435054e-02 3.3590514557e-02 5.3339944655e-02 -2.0556002698e-02 8.4699725133e-03 1.1230687947e-01 2.1258680845e-02 -2.2471350523e-02 3.4720259897e-02 1.0505536391e-02 -4.4925846285e-02 1.1673323257e-02 -2.0476097945e-02 -1.1767899273e-02 1.3357806611e-02 8.2837387923e-02 -3.4726535296e-02 -1.8416778862e-02 -1.7839830971e-02 1.8373632594e-02 5.5474902762e-02 -1.7102386048e-01 -2.1617320210e-03 2.0399471076e-01 4.4760233486e-02 -2.8838894396e-02 -3.6057245177e-02 -2.6617828644e-02 -9.0475752539e-03 4.5324273589e-02 -2.3044601039e-02 1.2591983384e-02 8.4595300961e-03 2.0609601770e-02 -6.7469667335e-03 -4.2628452659e-03 -3.6098985914e-02 -9.1963327695e-02 -5.1514592861e-02 -3.0287620166e-03 -2.9928189478e-02
-1.4868885403e-03 -7.7113153040e-03 2.7545479347e-02 7.0706507843e-02 2.2448536668e-02 -4.9440440500e-03 7.7626828497e-03 -2.8463871739e-03 -1.0084945186e-02 9.7955332915e-03 -5.1398582755e-04 -5.3764623978e-03 -6.3951081756e-03 1.2897353053e-03 -5.1569359646e-02 1.1922993385e-03 1.7567115450e-02 -2.3343622577e-02 -6.5175409863e-03 -9.8982221855e-03 2.0984547284e-02 3.8796731168e-02 2.1924489075e-02 2.6037182900e-02 4.2413972671e-03 -1.1373853912e-02 4.2640619199e-03 4.6074827219e-02 2.5894263892e-02 -3.8778147717e-01 -2.5881217069e-03 5.0543173547e-03 3.3559787736e-02 1.1792597936e-02 3.2802983101e-02 5.0247871553e-03 4.3865321986e-02 2.0397865070e-02 -2.5997214149e-02 6.4242780033e-03 -2.0460078941e-02 9.2099934100e-03 4.4184859086e-02 -3.2277904809e-03 1.5756124516e-02 3.9758834405e-03 -1.4274743478e-03 6.5829350632e-02 6.6340148137e-03 8.7451216292e-03 -1.2493018069e-02 -2.3892152472e-02 -2.8760184325e-02 -4.9910655620e-03 9.7925102168e-02 -1.3354535695e-02 -3.5382480015e-02 -6.4779450175e-03 1.6756358708e-03 -4.1165905733e-03 6.1266337894e-03 -9.9357793967e-03 3.7288318625e-03 -1.1330125332e-03 -8.0068412555e-03 -3.6417227056e-05 3.3659124805e-02 8.0146184102e-02 -2.9223883046e-02 -2.9889129934e-02 -9.2411327872e-03
1.6948708366e-02 -5.5274871217e-02 1.0130330174e-01 1.1760054389e-01 3.5405812186e-02 -1.3931166463e-01 7.7180607977e-03 -6.1051652217e-02 -8.6674370194e-02 -6.7255374730e-02 -2.7124185791e-02 -1.7824141302e-01 5.7062347020e-02 4.9107053059e-03 6.4695917497e-03 -4.4448074633e-02 1.0697035332e-01 3.0202465227e-02 -2.0360202459e-02 4.7386871050e-02 -7.9148318207e-02 -9.4827486671e-02 -8.3700764536e-02 4.1005949118e-02 -3.3732200768e-02 -3.3388780718e-02 -9.5756463170e-02 4.5340598918e-02 -6.0071249392e-02 -3.1732745115e-02 -5.9404332372e-02 -7.7444721209e-02 2.2827950182e-02 -7.4574406700e-02 4.9210242521e-02 3.9291922441e-02 -3.2191105621e-02 -1.1504334597e-02 -1.3590777384e-02 -4.1126993019e-03 4.8808310984e-02 1.9223493237e-02 4.8418752251e-02 -5.9246098861e-03 3.9429432505e-04 2.7933079221e-02 -8.9779143940e-02 1.2326538196e-01 1.9526892640e-02 5.8331059880e-02 2.1666828224e-02 8.2193460641e-03 5.7442493952e-02 1.0712412764e-01 2.1890024442e-02 -7.9372276333e-02 7.5619457097e-02 -8.5339648214e-02 1.2592938016e-01 -3.8498287350e-02 2.0000516746e-02 -1.6414614018e-02 5.7275380490e-02 1.3231694408e-01 1.3529142891e-03 1.2322435026e-01 -4.5590767263e-02 6.8372416666e-02 -4.4929266762e-03 5.0294182152e-02 -8.6053908342e-02
-1.5024191889e-02 2.6401296858e-02 -1.5516229264e-02 2.2888390079e-02 -5.1303464671e-03 2.5594984837e-02 1.2477879961e-01 -1.0899084083e-03 -2.7791885654e-02 2.6710831393e-02 -8.0643713709e-02 -1.1223473314e-02 -6.7090705587e-03 -5.2306297433e-02 -5.4422804482e-03 -2.1240117809e-02 1.7630383283e-02 -1.8606852812e-02 -4.6559062617e-03 1.1084601062e-02 -1.6655906065e-01 -3.2899034653e-02 4.0472586475e-02 -3.3464709067e-02 -2.8318002874e-02 3.7266030074e-02 -3.9760426052e-02 5.6754317443e-02 -1.8788196323e-02 -2.3211342186e-03 -1.1565347750e-02 3.7662390340e-01 -6.5961477140e-02 1.0356063206e-02 -1.1026285475e-02 -8.2650076390e-02 -3.3391807837e-02 -1.5822546068e-02 -6.8058535738e-02 2.8731996772e-02 7.8439786803e-03 1.7254907985e-02 -1.7171195099e-02 -6.0261732636e-03 -1.1133969524e-02 9.8599051771e-02 -4.8143527432e-02 1.5385553003e-02 -3.9586349116e-02 -5.8882130346e-02 2.5329986539e-02 -2.9758451241e-02 -3.0291412374e-02 -2.1435563250e-03 -9.1896381241e-03 -2.1801038407e-01 -8.4151014007e-02 -1.2784990658e-03 -5.2850237432e-02 -9.7261487510e-02 -6.4285692454e-02 -5.1062954322e-04 2.0073794603e-02 -2.5651391782e-02 -3.6976212610e-02 -1.7964727283e-02 4.1824256911e-03 -8.8280046694e-02 1.4986104202e-02 -7.9234370808e-02 -4.8280241831e-03
2.9019115294e-02 -3.3815947863e-02 -6.0683553764e-02 -4.9100138138e-02 -7.0185682525e-02 -7.2531868690e-02 -5.6168816391e-03 -1.5415893253e-03 -2.3661565847e-02 8.5481853099e-02 1.2271400285e-02 6.9895759674e-02 -5.0613455755e-02 6.3627693642e-02 2.1061792071e-02 -1.7222028061e-02 7.3079024623e-02 -4.4993144531e-03 -5.6837102497e-02 6.5114084839e-03 -2.1843692174e-03 -2.7984562104e-02 -3.2722350855e-02 1.9630005117e-01 1.3885489510e-02 2.1630849328e-02 -3.1479092139e-03 1.1526731646e-01 1.5793392390e-02 3.3446268543e-02 5.4185120939e-02 1.4762657857e-02 2.6747764587e-02 3.7035880029e-03 4.2629676278e-03 8.1535629461e-02 -2.6029145890e-02 2.3496648363e-02 4.2676886846e-02 2.7187116173e-02 -1.3037645111e-02 3.7028549686e-02 -6.0370054842e-03 -1.7500082404e-01 1.9985717859e-02 3.7260682135e-02 -1.7015462453e-02 -3.3144872571e-03 7.0995632797e-02 9.5155245647e-02 9.6685201785e-02 -6.0471202292e-02 5.4396232661e-03 -1.5419030579e-02 3.3866988506e-02 -3.3068414124e-02 1.1342035289e-01 2.3227245818e-03 -2.4072759939e-01 2.9536389194e-02 1.8187389878e-02 -1.8708576168e-02 -2.5386200450e-01 2.7284466776e-03 -2.5216184460e-03 8.2010933786e-04 3.9302358150e-02 -4.8898598639e-02 1.2482422295e-02 -3.6899771383e-02 1.1904457238e-03
-2.0726785908e-02 -5.5311769320e-02 -3.1330423264e-02 2.8696796314e-02 -6.8376913330e-02 -7.2687123221e-02 -6.2448988371e-02 -1.5606773846e-01 1.9902148696e-02 9.1189237315e-03 7.3017961611e-02 1.2804478376e-01 -1.0256559329e-01 5.0842352604e-02 -1.1049476728e-01 -1.0508509129e-02 -7.7336155471e-02 1.4515282577e-01 -6.6541151596e-03 9.6258933985e-02 -7.0714526873e-02 -8.7192464329e-02 6.3217111112e-02 3.6870600345e-02 8.7671142134e-03 5.7677687481e-02 4.1469700610e-02 -6.5034528522e-02 -3.4100725492e-02 -7.0557005647e-02 7.3024402239e-02 2.0774308424e-02 1.8720974418e-01 -3.1228218047e-03 -4.8675269312e-03 -1.3984399249e-02 -1.2541086943e-01 -8.4542539915e-02 -4.4133297010e-02 1.9045200669e-01 -4.0031843995e-02 -4.6154499119e-02 5.7123113100e-02 5.4992515421e-02 -2.1967446272e-02 -5.9163025642e-03 -1.2643595609e-01 2.3095792567e-01 -9.3565261961e-03 1.0880315338e-01 -8.2566532016e-02 6.6345236588e-02 4.6434360045e-02 4.8868323908e-02 -1.4483213275e-02 5.3102240130e-02 6.3755070471e-02 -1.2747063990e-02 -1.0777653133e-02 1.3204083969e-01 1.1327913907e-02 2.8583893386e-02 6.9205430743e-02 -1.6729177767e-01 -2.8333306777e-02 -2.5112860079e-02 -4.4903610901e-02 -2.5595418667e-02 7.3329756236e-02 -4.1151077146e-02 3.4793410718e-02
-8.3030811050e-03 1.6664880812e-02 6.0243308306e-03 1.3500649261e-01 -3.4679671865e-02 8.6056343047e-02 -1.8061310999e-02 3.7067583510e-02 2.9282557491e-02 -1.4603678525e-02 2.2154517632e-01 -4.5757728446e-02 5.9335736915e-02 -7.7281572555e-02 -2.7973898071e-01 -3.0564915892e-02 -1.1443187746e-02 -4.9994293681e-02 -7.8714941784e-02 3.0234487176e-01 -3.8566401568e-02 -1.2829352508e-01 -8.4442204388e-02 9.2862356405e-02 3.4543069156e-02 1.4439179914e-02 1.3747487701e-02 -1.8327452155e-01 -3.4300488662e-02 3.7427974656e-02 -9.3316237036e-02 -2.9477279250e-03 -1.7525739613e-02 -8.7923437799e-02 -1.4432336468e-01 -4.1871976104e-02 -9.6221328140e-02 -5.3356880816e-02 -4.9793159643e-02 -2.6750334374e-02 5.2671081000e-02 -2.1091283768e-02 6.1571094691e-03 6.0918371916e-02 4.2000040596e-02 5.2941930633e-02 6.4351357897e-02 -1.8944079625e-01 6.3965084896e-02 -8.9377908568e-02 -3.0535130600e-02 8.4149317860e-02 8.3141439912e-02 -1.7911350710e-02 4.8117051334e-02 1.5665739287e-01 -9.8760699978e-02 -2.2360742457e-02 -8.7639601689e-02 5.5145669930e-02 -1.7866974971e-02 -5.8196868410e-02 -5.4722444756e-02 3.8621052260e-02 5.7153848956e-02 -4.1056756488e-02 4.5341338775e-02 -1.2809934309e-01 2.4378862625e-03 5.9173404063e-02 6.9550509816e-02
-8.8709188708e-03 1.1850312202e-03 -8.1756528500e-02 2.9009827922e-02 -6.4210921529e-02 9.8139048919e-02 8.5536840630e-03 -4.4334129910e-04 1.4380340215e-02 4.0649520887e-02 -1.2865505431e-02 -2.9884200164e-02 1.6856177175e-02 -2.5890474308e-02 4.1424056525e-02 -1.1660809816e-02 7.8795942879e-02 2.4658294802e-02 6.6340809256e-02 1.6982267091e-02 -9.4690038302e-03 -1.3566242798e-02 3.8563433248e-02 -4.5331555620e-02 8.3697091521e-03 -2.6317953057e-02 3.0802269637e-02 1.1719964188e-03 6.7999244894e-03 -1.3973811827e-02 8.1515131730e-02 7.2557759372e-03 1.2472826242e-01 5.3025896940e-04 1.5616908251e-03 1.5353107959e-02 5.1097574717e-03 7.3488836497e-03 -3.8645980980e-02 -5.0212738899e-03 -2.1458062702e-02 5.2551742441e-03 -1.7517979116e-02 -7.2606985309e-02 3.8207531083e-03 -1.7261884186e-02 3.8956456372e-02 -2.5299079099e-02 3.6758250842e-02 -6.6924656966e-02 2.9236676660e-02 7.5652807763e-02 -4.8195608035e-03 2.7273520426e-02 1.3422621896e-03 -3.6268896714e-02 8.3181174829e-03 -8.9523849002e-03 -1.5285493806e-01 -1.3708328960e-02 4.3207396711e-02 2.5456351795e-02 2.6798138969e-02 2.2758666079e-02 1.8971366970e-02 -6.6472904026e-02 -1.3427650225e-01 6.6854249320e-02 -8.6652995532e-03 3.3802165413e-02 -2.9614515013e-02
2.1232830781e-03 -2.0745368741e-01 -3.0391805600e-02 -4.2840919794e-02 -4.5568879123e-02 -6.2892028050e-02 4.1178812639e-02 5.4817343084e-02 -4.2311232321e-02 -2.3759269855e-02 3.2658131208e-02 -3.4407675050e-02 1.9730320195e-02 -1.9644891607e-01 2.5838487202e-02 5.5103017373e-03 5.2802979468e-02 -6.9320045435e-03 -5.3371996116e-02 -1.3197586672e-02 -1.0168432046e-01 -6.3496838288e-03 3.5564051625e-02 -8.0172581318e-02 -4.6115851892e-02 7.5206387830e-02 2.4958388140e-02 6.3509877398e-02 -7.8757764606e-03 1.7321422658e-02 1.2405405072e-01 1.6200650117e-02 -5.5041129333e-02 1.8801614326e-02 1.1070582226e-01 -9.0622585644e-03 -7.0746991836e-02 8.3706625846e-03 2.1598618169e-02 6.6105233411e-02 3.8813975530e-02 5.2809733218e-02 -1.0934831228e-02 1.0346944192e-02 4.4263837299e-02 7.5994985738e-02 4.7802722296e-02 -1.6487165210e-01 4.3003341383e-02 -6.9149440227e-02 -5.6614226464e-02 -3.1547254089e-02 -1.9837981460e-02 -9.9013080607e-03 1.3077057619e-02 -5.6043444965e-02 7.9255528633e-02 -3.9917115455e-01 3.2149292990e-02 1.6281275013e-02 1.2382112319e-01 -1.2575414641e-02 1.9528956132e-02 -8.5495000463e-02 -5.6769579865e-02 8.6934868668e-02 8.4419398484e-02 -1.1698828850e-02 -1.4645472055e-02 -2.8859420102e-02 5.9731280307e-04
-1.3997936627e-02 -2.8914137837e-02 -1.9512679276e-02 -1.5423173838e-01 -4.6275992761e-02 1.5168469232e-02 8.4388239909e-02 -1.1736746526e-02 1.9906911996e-01 2.8989258140e-02 4.8639839447e-03 -1.6285420572e-02 -3.7242732468e-02 -4.1979030330e-02 1.2906578604e-01 -6.9360934532e-02 5.5436913352e-02 -1.3016632596e-01 5.9058199601e-02 7.7093200720e-02 3.2385467910e-02 -5.2630181577e-02 -1.3716319017e-01 -1.0394447890e-02 -8.7208627450e-04 5.1216499995e-02 -5.3701195496e-02 -4.2650624051e-02 5.3462617236e-02 5.7189323951e-03 -6.1084381391e-02 -1.3555391839e-02 -5.5009681347e-02 5.0359985524e-02 -1.2539506469e-02 -1.2514793051e-01 -3.9172795469e-02 2.1406937153e-02 6.5389202136e-02 -3.9933439390e-02 -7.9066327028e-03 7.9586033333e-02 3.6001365327e-02 -7.4031971582e-02 -5.0637586141e-02 4.3072838175e-02 -1.6360913357e-02 1.3839412236e-01 -3.0288683317e-04 -3.6861470670e-02 4.5865453306e-02 -2.2127574443e-02 -1.5021317376e-02 3.0499972592e-02 -2.1913369943e-02 -6.4821480927e-01 -1.7444288526e-01 4.6943826218e-02 2.3515014869e-02 4.5467820156e-02 -2.2893834963e-02 -9.8624666992e-03 1.5973281010e-02 -1.5840646520e-01 -1.5925138512e-02 2.7395286220e-02 4.1771399643e-02 1.3834255059e-01 4.5405449418e-02 6.8519255378e-02 -3.4461415603e-03
8.3441686485e-03 5.3718467736e-03 1.2470511489e-02 -5.2770773457e-02 -6.9381748790e-03 -5.1082098935e-02 6.5783234793e-03 -3.0549157098e-03 -1.4197367455e-03 -1.0255978190e-02 7.8222914480e-03 8.9883604350e-02 -9.3487458213e-03 4.6268743589e-02 5.3061724562e-02 5.9273239273e-03 -2.3210779502e-02 3.1092325672e-02 -1.1963492653e-01 7.4916853058e-02 -3.0165121487e-02 5.1846374337e-02 1.5439198132e-02 -9.9085553191e-02 1.5160803606e-02 -4.8715550328e-03 1.1408296253e-02 -2.0222456492e-02 2.7926537582e-02 -8.5143304949e-03 -5.2216552768e-02 1.4740084557e-02 -9.5448458175e-02 -8.2429481891e-02 2.1818415218e-02 -7.5593081091e-02 9.0026907334e-03 -1.9700235925e-03 7.3525114594e-02 -5.9844840600e-03 -5.3772493832e-02 -1.1311932453e-01 -1.4826171496e-02 -7.5509212284e-03 -5.8007939365e-03 -4.2706698525e-02 4.0543834928e-02 1.5420753273e-02 -3.0972384536e-02 -4.3921125815e-03 -7.5235111139e-03 -5.6858300074e-03 -2.1096650259e-02 1.3705613111e-02 -7.8030847385e-03 -5.7558468357e-02 -6.9071132581e-03 -9.0411147302e-03 1.8533236808e-02 -1.3045971898e-02 6.4303254676e-02 -2.5577572799e-02 -3.2312769788e-01 -3.3347575887e-02 -1.8786152508e-02 -1.8948459655e-02 -1.8058422807e-02 1.4396095138e-02 -4.8364453678e-04 9.3084802648e-03 -8.3484483505e-02
1.3140163688e-02 7.7621284374e-03 6.2538708535e-02 -5.1330909176e-02 6.7513078646e-02 5.5538454686e-02 -1.4681165003e-01 -3.4743253008e-02 -3.9257700598e-01 5.5092814429e-02 1.8236370744e-01 -9.4810504319e-03 -1.1506682312e-03 -6.6265187491e-02 7.0295049288e-02 2.4102210211e-02 1.0043990743e-02 1.8876171216e-01 -1.8349914699e-01 -1.0292765921e-01 2.4976446864e-02 -5.2307528527e-02 2.5245641201e-02 3.9362139455e-02 -1.5941393441e-02 8.6488310458e-02 1.4627221699e-02 -9.4557003345e-02 1.8501446486e-02 -4.2173782493e-02 1.5858584423e-02 -9.3161973458e-04 -9.0646166796e-02 2.4844166431e-02 -3.8112591272e-02 -5.8717166642e-03 5.5787013664e-02 6.2141631455e-02 5.3267470337e-02 -4.5732655267e-03 5.0832726376e-03 5.3040224378e-02 -1.4792409900e-03 9.2931725212e-03 -7.5345725968e-03 1.0005598247e-01 3.1030776191e-02 -7.7583309104e-02 -2.3358919020e-02 -3.0431794662e-02 -3.8668319489e-02 7.0989820114e-02 1.0215256747e-02 -2.6995889395e-02 -5.6366326459e-02 -2.9488770739e-01 -1.0709246365e-01 9.4979423875e-02 -6.1206199279e-02 -1.3934958415e-01 7.0943261319e-02 2.3908429572e-02 2.5010786966e-02 -4.3810988132e-02 -3.6300479304e-03 -5.6763970376e-03 4.7760721452e-02 4.4704749405e-02 3.7266351216e-02 -2.5622300614e-03 -3.2484929270e-02
-1.8982056255e-02 2.0008892184e-02 -8.0397503779e-02 -3.1544226004e-02 4.4143188016e-02 -2.3021222545e-02 -2.8524657396e-02 -1.4672586002e-02 -4.6797774256e-02 2.4203893911e-02 1.0977008899e-01 -1.3804218784e-02 -1.6121419999e-01 -1.1982782656e-01 -4.7500427039e-03 7.0055325944e-04 -1.0105630680e-02 1.3407550105e-02 -3.1215544661e-02 -1.7824479702e-02 -5.7041908608e-02 1.7997137859e-02 -1.3510060232e-01 3.4742395022e-02 1.1626711443e-01 -2.5621946935e-02 -2.9209798536e-02 -8.5687819014e-02 -1.7353957305e-02 -1.9208318721e-02 8.8952413344e-02 5.3087255980e-04 -1.4675786368e-01 4.4092990689e-02 -5.2064837763e-04 6.4144033334e-03 -3.5160656490e-02 -4.6955692725e-02 3.2853520334e-02 1.1861862702e-01 -1.0183174260e-01 1.9253434137e-01 -2.3451814587e-02 4.3857476935e-02 -1.4266406675e-01 -1.0482751513e-01 7.5073907716e-02 7.7617293589e-02 -1.7262452145e-02 -5.3315437398e-02 9.7642628986e-02 3.7345928968e-02 -1.9988226720e-02 -3.6761960997e-03 -3.1920083030e-02 1.3894183092e-02 2.6906899184e-02 -3.8543129387e-03 -4.3536981031e-03 2.1076764261e-02 -7.5275499071e-03 -3.1547772655e-02 -4.6729180680e-04 -8.1835249168e-03 6.0923961815e-03 4.6218999472e-02 -6.0367711469e-03 -7.1511913178e-02 -3.4160890527e-02 1.6928232264e-01 -1.4373006586e-01
-1.5417101042e-02 -2.0154174427e-02 6.6114399637e-02 -6.0364223990e-03 -7.5007192750e-02 -4.5678407236e-02 -5.3166166209e-02 2.3993639494e-02 2.9520429502e-02 -1.2734239460e-01 1.3955719190e-02 -3.0686175495e-02 1.1904524603e-03 3.6310478938e-02 5.3696205254e-02 -9.6322388890e-04 -3.1460631756e-02 -1.5220905517e-02 -8.4086334263e-03 4.1157536485e-02 -2.2744113157e-03 9.7967094267e-02 2.5890702923e-02 5.5916329199e-02 1.5076251662e-02 -1.4060182072e-02 -1.7258843824e-01 9.2444622128e-02 -4.8302206583e-02 9.6236054721e-02 7.1936188772e-02 -2.5006154481e-02 9.5370282952e-02 -4.0913991985e-02 3.0629136647e-02 -6.4060721438e-02 -1.1008430275e-02 3.7678160522e-02 1.1055646403e-02 9.7027471924e-03 1.9669499865e-02 2.5915148147e-03 -8.5504073750e-02 2.5567400358e-01 -2.0953734737e-02 8.7328501179e-03 -3.2598829443e-02 -1.0032443688e-01 1.2720662045e-01 5.3389008339e-04 9.4137807800e-02 1.4190208132e-02 -2.0965114660e-01 2.6882704475e-02 -1.6215893068e-02 6.9859313836e-02 -6.4390337196e-02 7.8779715292e-03 -3.1550962454e-02 1.6110746585e-02 -3.6821478753e-02 3.5651584020e-02 -3.8119584949e-02 -8.7029928041e-02 -1.4961090866e-01 -9.0929909390e-02 1.0081076871e-01 -7.9550561153e-03 7.0339664956e-03 5.2229282657e-02 -5.5452150480e-02
1.7148291426e-02 -1.8485930147e-02 1.1619620291e-01 -6.6469402587e-02 3.2496748239e-02 -1.2194346413e-01 -1.3351783595e-02 -3.1386392189e-02 -3.6845458277e-02 -7.0539334692e-02 -8.8391779420e-04 7.1849212915e-02 -2.0579067572e-02 3.9547696714e-02 -3.0355320766e-02 -9.9844431860e-03 -4.3771406355e-02 -8.5310430611e-03 -2.4208448170e-01 8.0663937602e-02 -2.1787880299e-02 5.6818301780e-02 -3.5065066386e-02 -2.7771844679e-02 2.4078948310e-02 -1.6968090157e-02 -2.8766112648e-02 5.5028816893e-02 -6.1902680434e-04 2.1076849930e-02 -4.3946475278e-02 8.2141609353e-04 -1.7775146075e-01 -1.8384919096e-02 -1.1588201033e-02 1.3061113845e-02 -4.6083928605e-02 6.0356973041e-03 3.1529608844e-02 -1.1033522524e-02 -6.3123057230e-02 -9.8575798775e-02 -3.7932701689e-03 -1.8212039719e-02 7.0427003287e-03 1.2517831185e-02 1.0573848302e-01 8.0172704137e-02 -6.5617246020e-02 2.3802215397e-01 -1.9019463120e-02 -6.5392473234e-02 1.9169522233e-02 2.0979154662e-02 1.3604862970e-02 5.1492783303e-02 1.2914318434e-02 1.1737687834e-03 1.4795748264e-01 1.8661695115e-02 -4.4637024850e-02 1.4613792558e-02 -6.0292974265e-02 -6.0821732767e-02 -1.9877201639e-02 5.7160790291e-02 4.7744333489e-02 -2.7389919220e-02 -6.8572999831e-04 -1.2652309993e-01 -2.5110989870e-02
3.4202652813e-02 -1.3384294553e-02 -6.2272330800e-02 3.4038475048e-02 1.7884930479e-02 2.0047415689e-02 -9.0346594486e-02 -4.3209642016e-02 3.6689222056e-02 -7.0552487619e-02 -1.6080333783e-01 -4.0917452972e-02 -1.2035751369e-01 -1.1367623466e-01 -7.3794546264e-02 -5.6760838857e-02 2.1438174118e-02 -9.8202283831e-02 1.0650886095e-01 -1.2124770118e-01 -7.7669698559e-04 -4.7735116501e-02 -5.8722452097e-02 -6.3492924046e-02 1.3195521665e-01 -1.1318349715e-02 2.8140515587e-02 2.3488375326e-02 1.1073577670e-01 -8.9767134912e-02 -1.6012793116e-01 3.0846438615e-02 -1.4533525046e-02 7.8298135396e-03 4.5089811935e-02 1.1877240210e-02 -9.4630053395e-03 -4.8094219626e-02 4.9085807210e-02 1.2869562036e-01 -1.0426666796e-01 -3.2143026001e-02 1.0141565833e-02 6.9122624060e-03 2.9062356784e-03 6.6164997353e-03 -7.1792943668e-02 -1.0970658107e-01 1.3425064310e-01 -1.6863575292e-02 -7.3142362541e-02 -4.0562032324e-02 5.3708133876e-03 -2.5130664184e-02 7.7736849030e-02 5.9584930582e-02 -8.1322695740e-02 1.3580024648e-02 5.9170312233e-02 2.6303904702e-04 1.6562430527e-02 -7.5796397311e-02 -5.3797582514e-02 -1.4141324721e-04 -7.9265987599e-02 -4.9347193933e-02 1.4804433547e-01 -6.6512749102e-03 5.5363761540e-02 -2.0665561635e-01 -3.1376818524e-02
-1.4012054332e-02 1.3990406642e-02 -9.7897635407e-02 1.7470795913e-01 -3.1303014037e-02 -5.6124646735e-02 -4.6876463333e-02 -7.9968738692e-03 9.3429631412e-03 -2.3611080299e-02 1.0237405122e-02 -1.1809738897e-02 1.5613373570e-02 -2.9563983412e-02 -1.6328696769e-02 -5.3010430975e-02 1.0165188193e-02 -9.0458815146e-03 9.4984955635e-02 -1.1510401358e-01 2.9603701684e-02 -5.4704715091e-02 5.0270214299e-02 -2.6255750520e-02 -5.9593529725e-03 -1.5863481134e-02 1.7934857208e-02 9.1290114778e-02 7.7176800669e-02 -1.7035276211e-03 -7.6640870609e-02 -7.4458683942e-02 -7.6681704248e-02 1.7031208331e-02 6.9488522150e-02 1.1163566165e-01 -7.9389934898e-02 -1.9140628137e-02 1.1646793250e-03 1.6827800407e-02 2.5713096831e-02 -2.4147685167e-02 1.0729500523e-02 -2.8480427361e-04 1.1897650627e-03 -4.5736729200e-03 -6.1471906836e-02 -3.5889776392e-02 4.0264481905e-02 -7.2101240444e-03 4.3011460891e-02 1.4981919749e-03 -2.3676382844e-02 3.1975521383e-02 -5.8904079014e-03 5.6238602399e-03 6.6939847930e-02 -1.1244867915e-03 2.8740533439e-02 -1.5301320047e-01 -1.2614628082e-01 -9.0245780504e-03 -4.2197533154e-03 6.1237847540e-03 -1.3364147737e-02 -2.1085763619e-02 1.0483376529e-01 -5.4417763984e-02 9.6044181445e-03 6.1147062464e-02 -1.0734878689e-01
-1.1340699129e-02 -1.5448101991e-02 1.0894057006e-01 4.7161288345e-02 2.2243827336e-02 5.5241039799e-02 -1.1667862282e-02 -1.5295188941e-02 -8.7832181079e-03 5.9611561031e-03 2.3152191407e-02 -3.4948595898e-02 8.9116405555e-03 -6.0369434074e-03 8.3662803816e-03 -9.2396967288e-03 -4.2463519551e-03 -8.1684874055e-03 1.0793125841e-01 8.0635340478e-02 -8.2579302856e-03 4.3867501994e-02 4.2938394463e-02 -1.7815712277e-02 -1.2590721605e-01 -7.4377985816e-03 6.4256247579e-02 -2.4932365513e-02 1.9841081868e-02 3.3061890185e-04 1.1556336557e-02 -1.5211095053e-02 1.7627437536e-02 7.9957450147e-02 2.3271139604e-02 -7.9446122013e-03 -5.3351791711e-02 8.2584083966e-03 1.9188995130e-02 3.7356999270e-03 -2.0815846192e-02 -3.1552341435e-01 -4.1552411731e-03 2.2214924596e-03 -7.7339986924e-03 5.9331629668e-02 -4.8219727720e-02 -1.9764724146e-02 2.2713486696e-02 2.9933026314e-02 -5.2714359400e-02 -3.0066789444e-02 9.0577019855e-03 5.3731965004e-03 -1.2074907612e-02 -1.0597938975e-02 -2.0179340353e-04 5.3649985415e-03 -4.3787955899e-02 7.2396476590e-03 2.0207967868e-02 -2.5114934855e-02 -6.2243712580e-02 2.1170685483e-02 5.2307020187e-02 1.1919021634e-04 -4.4021242631e-02 1.4498707797e-02 -1.4848829164e-02 -1.1087191574e-01 1.5288679789e-02
-1.8409685684e-02 3.7226514941e-03 -1.7900612820e-01 5.6527566718e-02 1.9539437451e-02 -1.2108489927e-01 1.5297584122e-01 4.0166493312e-02 -1.0595871083e-01 -3.1901752376e-02 -1.2247791944e-01 -5.9232957383e-02 1.4751088959e-02 -3.3327119879e-02 -2.0953247818e-02 1.8135922573e-02 4.6669096011e-03 2.2508552153e-02 -1.4000358107e-02 1.3398237789e-01 -2.1839785068e-02 2.8270974321e-01 -3.4184867750e-02 7.1642721017e-03 4.5085341560e-03 -1.4328019962e-02 9.6866876708e-02 -2.2407664126e-02 -2.2261758428e-02 1.0051774880e-02 -4.6232703698e-02 -5.3705488414e-02 -2.9054738908e-02 -8.9358766572e-04 6.2238029349e-02 -9.2516844131e-02 -3.7734450018e-02 -7.2264601771e-03 -5.0380332386e-02 3.2825334664e-03 2.5184392961e-02 -3.6909644619e-02 5.2251262035e-02 -1.7344529096e-02 -2.9125798139e-03 3.5973482175e-02 -4.6438800823e-02 1.5063128399e-01 -1.2507200532e-02 -2.4599454465e-02 -8.4829990161e-02 4.9351714627e-02 -3.6528828138e-02 4.1786763246e-02 -2.8352778707e-02 -3.1258602656e-02 2.5543079419e-02 -3.2826904017e-03 -2.8732862784e-02 -6.9056833580e-02 -5.4936680655e-02 4.5463049726e-02 -6.2306179112e-02 5.0982147953e-02 7.0585752842e-03 -7.0682263527e-02 4.5500649167e-02 -5.0792072311e-02 -2.9886603692e-02 -1.1333021189e-01 8.0512292880e-03
3.7267515810e-02 -4.8030614049e-03 -7.1031437516e-02 -1.8419174203e-02 -1.0767582759e-01 2.0393603041e-02 -1.5269237729e-03 1.1561754737e-02 -1.9763668681e-02 -9.0190700386e-02 -4.8151542224e-02 1.5016031029e-02 -3.3772150738e-02 3.8685939413e-02 4.0927551332e-02 -2.7676582816e-02 7.0851052990e-02 3.3813309580e-03 2.2604963224e-02 -3.7045485857e-02 -1.8803769339e-02 -9.2855517081e-02 4.7516637389e-02 1.4958429860e-02 2.6848701444e-03 2.9328860680e-02 -8.6353078235e-02 -5.1274342010e-02 2.1258426013e-02 7.1078357692e-02 9.5080970551e-02 -1.4793744595e-02 -5.9951791782e-02 -1.1476446812e-02 -3.5698331906e-02 5.5821713966e-02 6.4139406430e-02 8.6743645621e-02 4.0557978876e-02 9.3351126379e-03 2.6018941894e-02 4.8009625970e-02 1.6730389584e-01 -2.2764922981e-03 -2.6285560188e-02 -5.6494240656e-03 7.4349752773e-02 1.8605392515e-01 1.6243595685e-01 1.0804699734e-02 -7.8207962759e-02 1.3772623213e-01 -2.3670686994e-01 1.8072908601e-02 7.5870931460e-02 1.2748093983e-01 -9.4665873459e-02 -1.3881011932e-02 5.5006283259e-03 -1.4177132073e-02 -1.4270636355e-02 -1.7317671665e-01 -8.6663881917e-03 7.2311811635e-02 1.4382190511e-01 3.4736780928e-02 -7.2639005426e-02 7.5505609216e-02 6.3149440729e-03 -1.2852587758e-01 -4.0811880394e-02
2.8418284346e-02 -2.4613846632e-02 3.4780881727e-02 -1.9275782876e-02 4.1972186967e-02 -2.9616407460e-02 -2.6638313407e-02 -3.3657206092e-02 -1.6024510432e-02 3.9743515475e-02 -1.1212832796e-01 -3.3306143160e-02 6.4860691886e-03 1.9539758789e-04 -2.7574924704e-02 6.4019729463e-03 -5.0758480892e-03 -2.2015120309e-02 2.0338668460e-03 -5.0194618540e-02 -6.3847205913e-03 1.3993991751e-02 -6.3720917727e-03 -1.1247020589e-03 1.5152609700e-02 -6.8532029161e-03 2.8402560402e-02 -7.4453806236e-04 4.0446388100e-02 3.8444113139e-02 2.0607451924e-02 1.2455750049e-02 5.3292627807e-02 -3.1078871857e-02 5.2328881117e-02 -1.9991946498e-02 -6.5342294174e-03 8.4563569066e-03 3.7179637942e-02 6.3561919835e-04 -4.9747906854e-02 -2.8290650171e-02 3.6420553087e-01 9.5954744964e-02 -7.1174821790e-03 3.1948422805e-02 3.3219858494e-02 7.2402797458e-03 -5.6582018906e-02 5.9933855373e-03 6.1097026760e-03 -6.4439936019e-02 2.6667705916e-01 -3.8871055201e-02 1.9886935083e-01 5.5914578247e-02 -7.4602396754e-03 2.6533753470e-03 -3.4494299830e-02 -9.1467501074e-03 -8.8635146194e-03 -6.0176708021e-03 -7.3440466427e-03 -3.3537193898e-02 -5.4773804563e-02 -1.3417034517e-01 -5.2721293657e-02 5.7368976918e-02 -2.3361238171e-02 4.7708561859e-02 -3.9845062246e-02
-2.1972337633e-02 6.2820287319e-02 8.2082086312e-02 7.3006405047e-02 -1.3445222154e-01 1.0363112959e-02 -1.5914075410e-03 -4.9480149420e-02 1.0179051644e-02 -4.5482208717e-02 6.3441061482e-02 -6.2351917334e-02 -7.2711888286e-02 7.9704200525e-02 7.2525250433e-02 -9.8454894885e-03 -5.5168210064e-02 1.6062179842e-02 -5.0065325376e-02 -6.6570763856e-02 1.3210513869e-01 4.0337540076e-02 -5.4389597800e-03 -1.0269716806e-01 -1.3149725176e-02 6.3831554231e-02 -7.7014153281e-02 6.6765851258e-02 -1.1802891463e-01 2.2701655386e-02 -1.1418462091e-01 -5.8548425114e-03 -8.7873126933e-02 2.5210940123e-02 -7.4109814945e-02 -3.8689286987e-02 -8.0436265961e-02 -4.1189957014e-02 2.7745645327e-02 1.2530795436e-01 9.5299280759e-02 1.2466811931e-01 -1.1125281907e-01 5.5524541105e-02 -1.0984192452e-02 3.8787524505e-02 6.5524482259e-03 3.9886598656e-03 -3.4629259850e-03 -7.5440384019e-02 3.8231904562e-02 -8.5161001381e-02 4.0331060302e-02 -2.5082482290e-02 3.9930898020e-03 1.8082571754e-01 1.7520726202e-01 1.5516363689e-02 -2.8398185952e-02 -4.3233594595e-02 8.2326900167e-02 -1.6436337531e-02 -8.0542343098e-02 -1.2828994851e-02 8.4179926738e-02 -6.4671594921e-02 -3.4802516856e-02 1.4996606619e-01 -6.4799345691e-02 -1.5581535489e-01 3.1174881848e-02
-2.1588071825e-03 1.2964605541e-02 -4.4208160773e-02 2.4745521235e-02 -5.5136444910e-02 -4.3679782895e-02 5.5331141680e-03 -9.8936021395e-03 -1.7126346580e-02 7.7158598186e-04 4.4000379782e-02 -2.8043290089e-02 -1.8832936709e-02 3.4986421239e-02 -2.4775088495e-02 9.9018391890e-04 1.5475573931e-02 1.2717394404e-02 2.4371364377e-02 2.1331978988e-03 7.2533669018e-03 -4.4461960026e-02 2.7248102178e-03 2.4834374126e-02 -2.7779610649e-02 1.0731768030e-02 2.9219347240e-02 -4.2281678767e-02 -2.3212402671e-03 3.6763234317e-03 -3.2598875110e-02 7.8585421227e-03 -4.0368891263e-02 4.7280515294e-03 2.8270931473e-02 -2.7230909567e-02 1.2662751219e-03 8.7969884206e-03 7.0211294925e-02 2.0531209697e-02 6.9067843386e-02 4.0454743449e-03 -7.5064315472e-03 -7.3171901995e-03 -2.0234246523e-03 -1.4145744060e-02 1.3755540705e-02 4.1996232940e-02 -3.0402071954e-02 1.6433631578e-02 2.6822599072e-02 -3.0441079819e-02 -1.2727508785e-02 1.9733903281e-02 -5.3788943482e-03 -5.8103734615e-02 -4.1289858550e-02 -1.8117078599e-03 1.2931665489e-02 1.3611241555e-02 7.8325728403e-02 -1.7768146340e-01 2.0975654457e-02 5.8756987048e-02 -5.3338085777e-03 2.3874984607e-03 2.2102261692e-03 -2.5599597904e-02 2.8782852081e-02 -3.7775963257e-02 -4.7439362209e-02
-2.4688605443e-03 2.2323284058e-02 -1.0515747656e-01 -1.1176397338e-01 1.9892360714e-01 3.1572090158e-02 -4.0479698245e-02 -2.4410407791e-02 -2.9303225984e-02 -1.0217520864e-02 -8.2447406476e-03 -8.6497978249e-02 -2.6904970142e-02 9.1752497754e-03 -2.7104369800e-01 -8.7512122704e-04 -3.5444636599e-03 -2.5198979495e-02 1.3836758841e-01 3.2186378566e-02 2.8614703026e-02 -6.1305266458e-02 -1.3053617431e-01 -4.0529333094e-02 -4.3927205969e-02 -2.8757355487e-02 7.0635822477e-03 8.9521657003e-02 8.3588299063e-02 -2.4016076575e-02 -2.0515010204e-03 -1.8020395333e-02 4.3053848684e-02 1.2049963422e-02 3.3481599337e-02 -1.1505075445e-01 -5.9176566845e-02 2.5296043143e-02 3.4268161710e-03 -2.0268550363e-02 9.4363953587e-02 2.0840652333e-02 -9.2564654356e-02 -2.9760459802e-02 -3.4176294731e-02 -2.3019392672e-01 -5.4396473568e-02 -4.6594663011e-02 -3.6932770746e-02 -7.2480672997e-02 1.2578789107e-01 5.1511766053e-02 8.7690405877e-02 5.2618567635e-02 1.5769637940e-02 -1.6164560099e-02 1.5276173379e-02 3.4751553398e-02 -1.9626140109e-02 -1.4358022156e-02 1.0154097754e-01 4.0398250933e-02 2.6749007970e-02 -8.4498107331e-03 -1.7884718777e-02 1.1200303276e-01 6.3665624849e-02 1.4569549715e-01 -3.8823069656e-03 -2.0932055243e-01 -5.6599080101e-02
-8.0075245718e-02 6.0378122662e-03 -2.8412074609e-04 -4.2517950250e-02 -5.2641161199e-02 -4.4255883377e-02 3.3020465653e-02 3.7132780149e-02 -1.6479336824e-02 -8.1913941031e-02 -3.3661055783e-02 -8.9394156576e-02 -3.1005344312e-02 1.6288967901e-01 1.3107762581e-01 -3.2410134571e-02 -4.4365100863e-02 -3.4072156763e-02 -1.8242976709e-01 4.4808698585e-03 2.4196363678e-02 -1.9531138892e-02 -3.0028044962e-03 6.0142253133e-03 -1.0854102878e-01 5.2414581366e-02 9.8604361310e-02 2.7727230415e-02 1.6806240900e-01 -4.7104882702e-02 -6.3771284328e-02 -3.3412886594e-02 1.3877655003e-02 3.0609245626e-03 4.1998438476e-02 3.8630256705e-02 -6.6958219892e-02 4.8740852318e-02 2.2331964464e-01 -1.5749593393e-03 -9.9060625424e-02 5.2799157602e-02 -2.3620471858e-02 -2.8622843299e-02 7.2577677066e-02 2.5445302772e-02 -1.8170017709e-02 -7.4239445250e-02 7.3818105750e-02 -1.1939203494e-01 -1.1505966851e-01 -8.3176177720e-02 5.2616222869e-02 -3.7236900940e-02 5.7716933228e-02 -4.3445278420e-02 -2.1589960639e-02 4.6050855849e-02 -1.1343703346e-02 1.3814327868e-02 -6.2998269860e-02 1.5743564185e-02 3.7794836558e-02 -1.4578811588e-01 2.3584492196e-03 5.3658031075e-02 -9.0888217225e-02 -7.6322228385e-02 4.6325130466e-02 7.3679162002e-02 2.9283575002e-03
1.3726244278e-02 1.9996222635e-02 3.6065967172e-02 -6.5629136398e-02 6.9308774973e-02 -5.9660519800e-02 -1.5193207026e-02 -5.0599273068e-03 -6.8463816423e-03 1.4289136332e-02 -2.7038272642e-02 6.4946677469e-02 -1.9004376338e-02 3.8645003596e-02 4.3381331839e-02 -2.3451327014e-02 -2.7295536372e-03 1.4083185391e-02 2.1490185408e-01 1.1455052106e-01 2.5921244902e-02 -8.9198564529e-02 1.1688560817e-01 -1.1469517919e-02 -8.0859604062e-02 -8.8217761249e-03 4.9402550990e-04 8.8691195215e-02 -8.3516343394e-02 4.7943132141e-03 -1.0793151416e-01 -3.1076788280e-03 -9.2460948337e-02 -1.8268808322e-02 4.0170148361e-02 2.4212916160e-01 1.1155680841e-01 -2.5824977385e-03 4.0869793628e-03 1.4923187816e-02 9.3304258031e-02 -6.2178836328e-02 1.5444572180e-02 -2.1114847336e-04 -1.0154169677e-02 -4.1676118202e-03 1.0484156980e-02 -2.8432615507e-02 1.6948313340e-02 -1.6967819257e-02 -3.3253623603e-02 1.3142459519e-01 1.0211394804e-02 -3.2122069789e-03 -3.7976525313e-02 -1.1191590943e-01 -9.3194115650e-02 -2.9070440108e-02 -2.3248951365e-02 8.4177419200e-02 5.1106760087e-02 7.9672020626e-02 -4.4998240909e-02 -1.6464377896e-01 -6.0670523773e-02 1.5855076465e-02 -7.5798681539e-02 -4.7371122457e-04 1.1593579358e-02 -8.7416823020e-02 1.2411036373e-01
3.6355431560e-02 -4.0761086547e-02 -5.8501707066e-03 -7.9550353523e-02 6.6117714955e-02 -1.5232919645e-02 -3.7404178302e-02 -2.6378429838e-02 1.0010256899e-01 1.4613006853e-02 9.2573752794e-02 1.0651078465e-01 3.8902517954e-02 -3.1939208966e-02 4.5719547052e-01 2.6620223379e-02 -5.7020572663e-02 -9.1802743715e-02 -3.9034846406e-02 1.5611963578e-02 -1.1941508383e-01 -1.5703416391e-02 7.4330107587e-02 2.0334341794e-02 -3.1085378609e-02 -5.8856524115e-02 1.2990302465e-01 -1.0001284278e-01 2.6466188757e-02 9.9240611529e-02 2.7481740965e-02 -2.7472614748e-02 -2.9107844957e-03 2.7565399867e-02 -2.4416042618e-03 -3.0423577107e-02 4.7329140012e-02 4.9785769461e-02 3.7236256066e-02 -5.8243545905e-02 4.7180594551e-02 3.5562281560e-02 -1.4648105242e-02 5.8535318666e-02 5.9896251308e-02 1.2584661792e-02 2.4927578703e-02 -6.4126263433e-02 -3.4893901582e-03 -5.6573523052e-02 -4.3070364637e-02 5.4581159586e-02 5.6548106913e-02 8.3501570198e-02 -9.8112081272e-02 2.6425469222e-01 1.4844658764e-01 -9.4108949757e-02 -8.6133096779e-02 -8.4162512694e-02 2.0988856426e-02 -3.4002399003e-02 4.1394863932e-02 -9.4644189614e-04 -2.5844515525e-03 7.7445541190e-03 -3.7194167671e-02 9.3062836335e-02 9.7184265154e-02 2.8006508630e-02 2.8323204168e-02
-7.3812947936e-03 2.9041637915e-02 9.3440775268e-03 5.6298307844e-02 -4.6004428849e-02 -1.4401785352e-02 -2.5783018252e-03 -3.0627784448e-02 -1.3241390910e-03 3.5565938891e-02 -3.4312447089e-02 5.9105262877e-02 2.9936788129e-02 -9.1115250415e-03 6.7932348457e-02 1.4830250630e-02 -5.3583221888e-02 -3.6841829035e-02 6.0217869135e-02 7.5848145950e-02 5.2293162593e-02 1.1103843363e-02 -9.0623187881e-02 -2.8390393237e-03 -7.6301149301e-04 2.2130791679e-01 -4.8913453765e-02 5.5849261051e-02 7.2533759292e-02 -9.6101610175e-03 4.5204939928e-03 3.0281064997e-03 -1.0051584302e-02 2.9592632237e-03 -6.5132010763e-02 4.9298071589e-02 -1.9371592975e-02 -1.1691263222e-02 -5.1242239829e-02 -1.1373633066e-01 2.6971987166e-03 1.4277409455e-02 -9.9949929552e-03 -7.2017247872e-03 2.0688874582e-02 -9.9528260151e-02 -3.7831331173e-02 6.5215982497e-03 -3.9847361051e-02 -1.2684599199e-02 -3.6788281268e-02 -1.0401906225e-02 6.6343746858e-03 -1.0706993768e-02 -1.2187604590e-02 6.5467407542e-02 -7.6458788191e-02 -8.7822244321e-03 4.1462668459e-03 -3.0880072734e-02 2.0945974846e-02 1.3427300653e-02 -6.5771873640e-03 7.4320168831e-02 2.6054420067e-02 -1.2863133662e-01 -1.7000489611e-02 -1.6808520736e-02 8.7860565741e-04 -3.7554146376e-02 -5.5035620423e-02
-2.4920618285e-03 -1.4087502307e-02 -5.7054405388e-02 3.5429439938e-02 5.6791671531e-02 -4.0344032549e-02 6.0080103971e-03 -8.7376896991e-03 -8.2581042463e-04 3.8298951905e-04 -4.9167437058e-03 2.6296159240e-02 1.3543783868e-02 3.3594971707e-02 5.2533511392e-02 4.9104523953e-03 6.4570293049e-02 1.0393376868e-02 -7.4631133875e-03 8.2017574898e-02 5.3146495561e-02 -4.7488382920e-02 9.2190214071e-02 -2.1888594844e-02 -4.9983350541e-05 3.7819317571e-03 -4.4698220975e-03 4.7075776625e-02 2.1869206092e-01 2.3365193977e-02 7.5990797528e-03 3.2925789708e-02 -1.4917876258e-02 1.3230631331e-02 2.2878111405e-02 -3.6974346374e-02 3.4515112886e-02 2.3972721902e-02 1.1759926696e-01 3.9474423003e-02 -7.3586194465e-03 6.8825332458e-02 1.6379444843e-02 1.5954546023e-02 -1.5745686433e-01 -2.7957165786e-02 -3.4136491090e-02 -5.0478027303e-02 4.5193215270e-02 1.5244671484e-02 2.7205677082e-02 -2.5595885834e-02 -1.4655227082e-04 -8.2254388486e-04 -1.5150859223e-02 1.9005682068e-02 3.6759572153e-02 -1.9188899099e-02 2.2753778579e-02 -3.7420147071e-03 -2.8880331502e-02 -1.1004276512e-02 2.4430557517e-02 3.9242710014e-02 -3.8546103193e-02 -2.1692486592e-02 -3.7378479363e-02 1.2844614167e-02 2.4325355725e-02 -4.0780412829e-02 1.3589276697e-01
1.3025344517e-02 1.3283461270e-02 -2.0807097594e-02 -1.8597262624e-02 9.8810281273e-03 4.2926213425e-06 1.0612071578e-03 -3.8997520915e-02 1.4700316945e-02 1.7001054952e-03 7.1763272811e-02 -7.0187008398e-03 7.2221524321e-03 -1.6284715961e-02 9.3866270573e-03 1.2140600739e-02 -9.3565955071e-04 -1.0517500629e-02 7.2753986287e-04 8.2735280179e-03 2.7516525915e-02 -1.7801838278e-02 -9.9976898166e-05 -8.7617928380e-03 -1.0992154051e-02 9.7615233112e-03 -1.8063935439e-02 -9.5743656779e-03 -5.8593912793e-03 -7.8167938219e-03 -7.6230272599e-03 1.0444517386e-02 -6.6510933030e-02 -4.6825067938e-03 -1.4464706716e-03 -1.6688609452e-02 -1.0089734039e-02 -1.5884908585e-02 -1.5540673005e-02 1.3917164427e-03 1.1117643193e-02 -8.3899379893e-03 -1.2576053496e-02 -3.7286428614e-03 -3.2284978293e-03 9.5909921681e-03 -3.5461578428e-02 3.2890721211e-03 4.9542206735e-03 2.4703399852e-02 5.9110064601e-02 -4.5368149964e-03 -3.9258359863e-03 -2.1527215765e-02 1.8796747229e-02 -2.6452102921e-02 2.9432609952e-02 -4.2664474084e-03 9.5490151783e-03 1.1488734893e-02 5.2192236822e-03 -2.2950782074e-02 1.0613906162e-02 9.9857862906e-03 2.3211366794e-02 -3.8854422905e-02 1.2893793946e-02 4.5430321859e-03 -2.9846898112e-01 1.3334547588e-02 2.5675947863e-02
7.6308863615e-03 -3.4993765083e-02 -8.3624707767e-02 3.4879339615e-02 -1.5119119177e-01 -1.1884839980e-01 -6.5526616883e-02 -2.7340112135e-03 -2.0562964460e-02 -1.4285010326e-02 -5.7272290193e-02 1.9798699346e-01 4.3100335198e-02 7.1851100866e-04 4.8534693270e-02 -2.5864960840e-02 -5.6061574978e-02 4.1329416434e-02 4.9459172479e-02 -2.8817835654e-02 -5.4129280334e-02 -1.2023876216e-01 4.3814356804e-02 -3.7424646154e-02 -1.5045590939e-01 1.5432564564e-02 5.0737538332e-02 5.5966348242e-02 2.4963335984e-02 -2.5993693708e-02 -4.4428601645e-03 2.2739817154e-02 -3.5888847533e-02 6.4454217366e-02 -1.1545630346e-01 -6.9821092021e-02 -9.4209013676e-02 -7.4575624809e-02 8.3113451559e-02 -7.2260418804e-02 6.8383062508e-02 2.5088867528e-01 -5.1513030224e-02 2.6837823147e-02 1.2913903079e-01 -1.4041478037e-01 9.0266305635e-02 5.3384372759e-02 -5.6646328972e-02 6.8111326564e-02 1.1512776403e-01 5.0874969156e-02 3.8767490180e-03 3.1418399375e-02 1.1650569375e-01 -6.0870512330e-02 -3.0004588846e-02 -1.7518407737e-02 1.0096197398e-01 4.1999375948e-02 -6.0411133258e-02 4.1613693638e-02 -1.2890686107e-02 5.9000516408e-02 1.8261380216e-02 -6.9612573487e-02 1.6861358037e-01 -4.3048303792e-02 7.2461897038e-04 4.5579721144e-03 -9.4437112480e-03
-1.0799846137e-04 3.0284118916e-02 8.4692402962e-03 2.4818323224e-02 -3.1442111845e-02 -1.3623627287e-02 1.7564806056e-03 3.4471436852e-02 -2.1047884385e-02 2.0966131985e-02 8.1939226998e-02 -2.4511822325e-02 -1.0202638712e-04 1.3262362499e-03 2.7506083563e-02 -1.7155469145e-02 9.2720009917e-03 1.5362346906e-02 6.5572859826e-02 -3.9748840441e-02 -1.9023489891e-02 2.7112771502e-02 1.8828562487e-02 4.2602470086e-02 9.4220997330e-03 -2.2965145667e-03 1.2502045954e-02 5.2491751481e-02 9.7126695083e-03 -3.6046174630e-03 5.1384078451e-02 1.5826625626e-01 -5.1387636037e-02 -1.2906269671e-02 2.5662656386e-02 -1.1853918919e-01 1.1450111433e-01 1.8815692623e-02 -6.0633220208e-02 -1.1426796217e-02 4.0823633690e-02 -4.6709844146e-02 7.2428233373e-03 -1.5978524526e-03 -5.3498401053e-03 -4.4784742425e-02 -7.3587133421e-03 4.4370311943e-02 -1.5547044457e-02 -4.9610993552e-02 -3.0308796511e-02 1.3210857623e-03 1.4804056975e-02 3.9809744461e-03 -3.3940365623e-03 2.9904864069e-02 -5.3890471420e-02 -8.6035118449e-02 -3.9408981566e-02 -9.9390695425e-02 -1.1933463935e-01 7.8365891580e-02 -1.4827172236e-02 -9.6006092862e-02 5.7945265278e-02 3.5446628052e-02 -4.9108988939e-03 -7.2175211913e-02 -1.3812377141e-02 -7.9158627105e-02 -7.5811473338e-02
3.9462662301e-03 1.6420378299e-02 -1.1253779765e-02 4.7286060591e-02 -3.6070972053e-02 1.8415716329e-01 -1.7285388999e-02 7.7478636658e-03 -5.4190779485e-03 -1.8610749195e-02 -2.9297425665e-02 -4.1140229344e-02 -8.7546674780e-03 -2.2227833081e-01 -2.4977648574e-02 -9.8982629641e-03 -7.9448193575e-02 -3.7430019836e-03 1.0873398663e-03 -9.7876206814e-02 -6.9351564891e-02 9.9916414165e-02 -4.3613808011e-02 -8.2846696951e-03 1.2370977312e-02 6.3519291331e-02 1.2106036274e-02 7.1987956595e-02 -3.1535759196e-02 -1.6320779383e-02 -2.3666426269e-02 -1.1441757306e-02 -4.8700175023e-02 -4.9450662005e-03 3.9916702826e-02 5.3923924343e-02 4.0176160974e-02 2.0289116336e-02 1.6361184650e-01 -4.9116786305e-03 3.6746730003e-02 -2.7801413132e-02 1.2746982561e-02 -4.8693759604e-03 -1.1201753704e-02 -6.9060723919e-02 -6.9459566985e-03 3.2941992884e-02 2.3401586846e-02 1.1310676655e-01 -1.1199877404e-01 8.5344936732e-02 1.1107131588e-02 9.2886499163e-05 1.0282982661e-02 -8.1760461975e-03 1.3874605087e-01 -6.9018705417e-02 -4.1551512334e-02 8.5070476931e-02 6.7510694954e-03 3.0645071883e-03 6.3643355877e-05 -2.3212630482e-02 -9.5170731502e-02 5.1138961612e-02 5.1359654800e-02 -7.3378428821e-03 -3.3809432996e-03 7.6137391024e-02 -1.0172607875e-01
1.8049702342e-02 -8.4842084410e-03 9.7201732724e-03 1.7134047688e-02 1.5241462853e-02 -6.1610572471e-02 1.3422590445e-02 -7.5101390835e-04 -2.0967880859e-02 2.0319514760e-02 -2.4510775671e-02 7.0935450858e-02 1.3258548739e-01 -5.1835774377e-02 -6.7278088919e-02 -2.1853928808e-02 -1.6872426283e-02 -7.5132288851e-03 -3.0901198562e-02 -3.2321213599e-02 -1.7963225877e-02 -7.4996755176e-02 1.1041077215e-02 -1.3380608971e-02 -3.9974300574e-02 -1.9528785727e-02 -1.7559298691e-02 -1.5642088755e-01 7.3194275532e-03 -2.9034948532e-02 5.4175325757e-02 1.5381652050e-02 -5.0026083870e-02 1.7798410063e-02 6.5211965083e-02 -1.1593921269e-04 -1.0201981243e-02 1.0343974908e-02 8.2177323738e-02 -1.9808373277e-02 -1.3954303072e-01 2.4932591980e-02 -7.9775914998e-03 -2.2168720595e-03 1.1478496785e-02 -1.6535607581e-01 -3.3125212788e-02 -3.0615506108e-02 -1.2935939444e-03 8.3693484802e-03 -8.1019607238e-02 1.1675953932e-01 -4.7380376782e-03 -1.4663319430e-02 6.2769412120e-03 -2.3889958900e-02 -1.1216215504e-02 1.8473207867e-02 -2.1807159011e-02 -3.0057942577e-02 -5.1731814550e-02 5.1759721703e-02 -1.6062387552e-02 2.7813383615e-02 3.7703829402e-02 -9.7601205483e-03 -5.0338144699e-03 -3.4088491858e-02 -2.3078718699e-02 8.1592164420e-03 3.9146240066e-02
1.1679760637e-02 -1.1348787548e-02 2.0387495815e-02 -1.8066148177e-02 1.3854030844e-02 1.7546737695e-02 4.2132387455e-03 1.6037401722e-02 2.9222029658e-03 -8.7703673154e-02 7.1518429131e-02 -4.0889823618e-02 -2.8477175125e-03 8.4257576063e-03 5.7382876228e-02 9.5336718953e-03 -9.9636267551e-03 1.3438704610e-02 4.9055848205e-02 5.4313758221e-03 -5.7401097295e-02 4.8881620921e-02 2.2877887848e-03 -1.1337995084e-01 2.9558822824e-02 -1.5068965746e-02 2.2932223299e-02 1.9482827599e-03 -2.1307817636e-02 -2.1563400335e-02 -3.1477712057e-02 1.8729806921e-02 7.0774324564e-02 -8.0414272302e-03 -2.3659234263e-03 1.5427577201e-03 5.1430541485e-02 6.8227102151e-03 -2.4383844421e-02 -5.0906122091e-03 1.7007219449e-02 5.0328238721e-02 6.8069150921e-03 7.1638891692e-02 6.5460208709e-03 -6.6179659554e-02 1.2238322569e-02 -1.6086081251e-02 -3.6895764320e-02 5.1409259254e-02 -1.0110107409e-01 3.0650223060e-02 3.9511759351e-02 -1.7925668880e-02 6.3193127283e-03 8.2416182089e-02 -5.5191511094e-02 -1.8009933244e-03 -7.1513698555e-03 -5.9273084961e-03 -5.2630608770e-02 8.5278902080e-03 -7.7958414295e-03 -1.5471119522e-02 3.1878066482e-02 6.2451083673e-02 -7.1319138459e-02 8.8154247217e-02 -2.1598586652e-02 2.9690197948e-02 -1.4965130746e-02
9.5583073087e-02 2.1413281248e-02 -6.2724186371e-02 9.2196844582e-02 -5.2327688242e-02 -1.0321360407e-02 9.1567855299e-03 -2.3835629067e-02 1.9022500859e-03 -1.0043980500e-02 -2.4286813921e-03 -2.3261971103e-02 -1.6523036813e-04 -5.1942656832e-02 -3.4515831402e-02 -5.9811095974e-02 -1.5449002229e-01 6.9630244375e-03 -7.0659006780e-02 8.9690192001e-02 1.9851559065e-02 -4.9030492191e-03 -1.0728096918e-01 1.5177922638e-02 -5.2834525232e-03 -1.7667476793e-03 5.4660395981e-02 5.4041856373e-02 -8.8471073066e-03 7.6633247555e-04 4.1865790813e-02 -2.4631747339e-03 -7.3897548897e-04 5.1163336082e-03 -2.1500068925e-04 -9.4727551025e-03 6.3261362429e-02 -9.2854132654e-03 5.1665133044e-02 5.5999735394e-03 -5.4365169316e-02 6.7717846200e-04 -1.0483431151e-02 4.3014810649e-03 -6.0499161973e-03 6.8918478219e-02 1.1805221274e-02 -1.3612014218e-02 1.4255645311e-02 -5.1276794762e-02 5.9303052598e-02 -2.9297124549e-02 -5.4223772761e-03 -1.6034322635e-01 -3.9320829679e-02 -4.9905716221e-02 -7.1103016804e-02 3.9579295827e-03 -1.5772763959e-02 -4.0072569836e-02 1.6810851633e-02 -2.2406037169e-02 7.1972838443e-03 -6.1308503712e-02 2.0517702627e-02 2.9687696768e-02 -1.4593157494e-02 5.5329405540e-02 2.1853021642e-02 2.6296628078e-02 1.0204097715e-01
-1.4982879088e-02 9.1271259264e-03 -1.1431789952e-01 4.3021016786e-02 9.1588562754e-02 -5.5207614923e-02 1.7220979540e-02 2.5061664141e-02 1.4471830441e-01 -3.2539202338e-02 -7.3293280032e-02 3.5313058495e-02 -8.4156476616e-02 9.6969306487e-02 -1.8989299994e-01 1.1489252145e-02 -7.6378868942e-02 -5.1625723914e-02 -2.0570081959e-01 -4.2707426529e-02 -3.4192596739e-02 2.3509514747e-03 -2.3255142685e-02 -4.3870781129e-02 -1.2327881420e-01 7.1769324399e-02 -5.6677009441e-02 -6.6193552133e-02 6.2556254964e-02 -3.3916581900e-02 6.2844459547e-02 3.7842235385e-03 2.9726819200e-02 6.8635787201e-02 1.0184661321e-01 -1.1554474328e-02 8.2294139087e-02 -2.0708756249e-02 -5.3559974799e-02 1.1249004212e-01 1.0188246153e-01 2.0101136694e-02 1.7829280900e-02 4.7305353278e-02 -1.7886645055e-02 -1.5201660381e-02 2.1872938558e-01 -2.2757358745e-01 7.1357768263e-02 8.8636385556e-02 -7.4835754594e-02 -6.4206105764e-02 1.1010645718e-02 -6.3066947524e-02 2.1131530923e-02 -3.3346566526e-01 2.0667984752e-02 -2.1638165886e-02 5.0887446998e-02 -8.1533352564e-02 -5.1281462727e-02 -6.5024364539e-03 1.8751970645e-03 2.5029609943e-01 -2.4183618708e-02 -2.8507499416e-03 -4.7124703861e-02 -1.7962883415e-03 -1.0167432154e-01 -1.8964782431e-02 7.5319880450e-02
2.0482223055e-02 -4.6848100862e-03 2.1843899421e-02 6.9388134378e-02 -2.6684279395e-01 -7.8913779956e-02 2.3080049611e-02 -1.3410686614e-04 -1.5637831074e-02 1.1117417583e-02 4.0954102377e-02 1.7159452410e-02 -5.4233466259e-04 -1.0578796099e-02 5.9454047135e-02 1.1336873269e-02 4.3014590744e-02 3.6564406991e-02 3.7750286667e-02 -6.4905597159e-02 -2.7230489886e-02 -2.3121866832e-02 3.2092158515e-02 3.0557548992e-02 -2.2227612466e-02 -2.0116369446e-02 -3.9223964189e-02 6.1128099331e-02 -2.2015233130e-02 1.0381464224e-01 -3.1042702636e-02 -3.9847339149e-02 2.5664341484e-02 5.7670288349e-03 4.2265943211e-02 -2.6412845532e-02 5.5502582976e-02 2.6427717419e-02 -1.2131982200e-02 1.8383995785e-02 -7.0451141566e-02 -3.2742033235e-03 -1.4809442984e-02 -2.6665105883e-02 -1.9169934703e-02 -4.5426940858e-02 6.9075328466e-02 8.5780738908e-02 -2.1655365313e-01 1.2885707039e-02 -9.0450191294e-02 4.3101233103e-02 -3.1943499832e-02 1.1498398494e-02 6.7267964527e-02 8.0342380194e-02 4.9740765733e-02 3.4264416856e-03 -1.4287948933e-02 -2.1986262739e-02 5.8309726222e-02 8.9185253238e-02 1.6124776095e-02 8.2730824822e-03 -8.5267442268e-02 1.4731511259e-02 -5.5284013752e-02 -1.8837345530e-02 2.4535762183e-02 1.2051274431e-01 8.6757252021e-02
-6.1218595641e-03 8.4755589922e-02 4.5709108843e-02 -1.2875657848e-01 3.0011505063e-02 -1.3129793978e-01 3.4985868047e-02 -1.8167881246e-02 -1.3366498027e-02 4.0603899080e-02 -6.2148620294e-02 2.1969412500e-02 7.5184682778e-03 3.3913620344e-02 -1.0051184939e-01 4.1345243341e-02 -4.2120746858e-02 9.6513077689e-03 3.0915871136e-01 6.6737581059e-02 4.6255654463e-02 -8.3773995895e-02 -1.5711491967e-02 3.0155573083e-02 1.2884381924e-01 -1.2343823724e-01 6.6725989766e-02 1.4805913947e-02 -1.3029996299e-02 1.7944048918e-02 2.3531352354e-03 5.6505379159e-03 -1.1783206729e-01 -1.2888893044e-02 2.3474437172e-03 1.0914772911e-01 1.6063505750e-02 4.9215713797e-02 8.4198767034e-02 -7.3468493568e-02 1.1674678552e-01 9.8868240418e-02 -6.4568059624e-02 9.8604236457e-03 -8.3194738162e-02 3.9970853576e-02 1.7147862649e-01 -9.9486641675e-02 5.8397114831e-02 6.8087304130e-02 4.9094381856e-02 3.1610008932e-03 -5.3656913470e-02 -7.8153064610e-02 2.1428214689e-02 -1.4279155837e-01 -6.5872929014e-02 -1.0872922157e-01 2.5071640417e-02 6.2436212863e-02 1.2778361641e-01 3.5191461372e-02 -1.1652888969e-02 -6.5406512106e-03 -2.6045428619e-02 -2.0717121812e-02 -1.3826300970e-01 1.6545512889e-02 1.8892411206e-03 -6.3002708754e-02 1.2494063280e-01
1.9826299043e-02 -2.5434022487e-02 2.6794275661e-02 3.4753937821e-02 -2.1512733592e-02 -3.1471982155e-02 1.2845694952e-02 4.3211200170e-02 1.5800597870e-02 -9.3583320633e-04 4.9634507537e-02 8.6234919707e-03 -1.0046423313e-02 1.5193249703e-02 2.9221743694e-02 -3.4940249845e-02 1.9512250109e-03 2.4911603079e-01 -4.0025393884e-02 -7.9823269786e-04 -1.6578217281e-02 -6.3251849566e-03 -8.8455970178e-02 -3.5362296747e-03 5.2983444472e-03 2.9967194089e-03 -6.2525007724e-03 -5.6211965908e-02 4.0972877370e-02 -7.9978658379e-03 2.0420069440e-02 1.1390450981e-02 2.6072619884e-02 -8.2294697158e-03 -1.0609752077e-02 3.3595683979e-02 -4.1417583396e-03 -8.3323048631e-05 1.4642302347e-02 -1.0764436338e-02 4.4866874209e-02 -2.5881421276e-02 7.0625685305e-03 8.4427766084e-04 1.5417439433e-03 3.1925696759e-02 -3.8626146021e-02 1.1927139611e-02 9.7361044026e-03 -2.1322197524e-02 -2.0066001987e-02 1.5743125713e-02 -8.9613392154e-03 -1.0956830480e-02 1.1064886221e-02 4.2016264511e-02 1.2244722344e-02 1.5980732676e-02 -6.4906016966e-04 2.8435532125e-02 8.6332606223e-04 2.4710677751e-02 -8.4664323218e-03 -4.0880603513e-02 -1.0580982094e-02 9.2547028133e-03 2.3286803248e-03 1.3616768880e-02 -2.2678533927e-02 -1.1273624350e-02 -6.3746440468e-03
2.0717564002e-02 2.3355308305e-02 -8.0347276559e-02 -8.7463455582e-02 -5.1362998129e-03 -8.5226217102e-02 -1.8964477195e-02 -3.8255893739e-02 -2.5520142688e-02 -3.0241466340e-02 -7.1411315490e-02 6.9892914611e-02 -1.1902945510e-02 -6.4630806747e-02 -1.1367828199e-01 7.9034816288e-03 -1.0172460603e-02 -9.8103520785e-03 -7.8931063440e-02 -4.6547154622e-02 9.3515966938e-02 -1.1562202229e-01 -5.3755806392e-02 -2.8778627968e-02 -9.1879464592e-02 4.9997044391e-02 -8.8600841943e-02 4.8038855231e-03 -3.1995699029e-02 7.7297684368e-03 -1.0031509936e-01 5.5753140243e-03 7.2345703379e-02 -3.2468697459e-02 -3.6627121148e-02 -4.6305972996e-02 -1.0147338040e-02 -1.3466721075e-02 -3.4245717414e-02 -1.4353462772e-02 -5.9948682909e-03 2.2247610041e-02 -1.8849994301e-02 -2.2436704326e-02 4.5775891446e-02 2.4217880973e-02 3.3500218235e-02 1.4912779958e-01 1.3471822539e-02 -5.1915846495e-02 1.0515869079e-02 -2.6944941880e-02 -2.3835955271e-02 -2.2260670406e-02 1.4619644623e-02 6.3411522610e-02 -2.5544546972e-02 -1.2907150397e-02 1.7471988445e-02 -1.9406210771e-03 -1.2733543387e-02 -5.1689762297e-03 6.7227134584e-02 6.0867452012e-02 1.3032236630e-02 -4.7063212515e-02 7.2790622658e-02 -6.8794911105e-02 8.3224267031e-03 7.5778042955e-02 1.3191743102e-02
-1.1539672577e-02 1.6739726981e-01 3.8304291356e-02 -2.6801455317e-01 -4.6530123141e-02 -1.2157084726e-01 2.4393593189e-02 1.9609284772e-02 5.8202593907e-02 -1.6131841741e-02 3.3202667939e-02 2.4409324771e-03 2.3864068698e-03 -6.4695317951e-02 1.3640191846e-01 -2.8771639083e-02 8.3384325784e-02 -3.0692852906e-02 2.9708567458e-02 3.6167237229e-02 8.8088582216e-02 -2.1013031339e-01 8.6456331786e-02 2.6583027622e-02 4.8348512288e-03 2.7486232099e-02 1.0593763918e-01 -2.4114032088e-02 -4.4951403823e-02 1.6103053620e-04 9.6060272193e-02 -4.6145712404e-03 9.0068613556e-03 -1.0838137784e-02 1.1432610973e-01 2.1476484756e-02 -1.3562471535e-01 -1.7781434645e-02 -8.5778884758e-02 4.8304437953e-03 3.2007663242e-02 -2.7717080422e-02 1.5062285953e-02 1.9284224007e-02 1.2048854636e-02 1.3622716919e-01 8.8570432418e-02 2.3311741235e-02 -1.2344774792e-02 -1.2752509587e-01 -2.1909555402e-02 -3.7217218856e-02 1.2974177414e-02 1.5975910385e-02 1.7186067527e-04 1.0944472403e-01 -7.7437550823e-02 7.5560764692e-02 1.0594499972e-02 -6.2269032120e-02 -4.4630799929e-02 7.8095789827e-02 3.5035339288e-03 -6.2625782780e-03 -4.3438490883e-03 1.4136601152e-01 8.0187528882e-02 8.9418903033e-02 6.6795907886e-03 -3.7830014618e-02 -4.7602407579e-02
1.6870374709e-02 1.1192704045e-02 1.0636233588e-02 -5.8584563902e-02 1.9303173097e-03 -3.5925670485e-02 -3.4440976452e-02 1.7413715322e-02 -1.2827732749e-01 -2.6760848067e-02 5.7167581093e-02 -4.0722302740e-03 3.9343025346e-03 8.0556368231e-04 3.0824750070e-02 -4.6887515774e-01 -9.6925776943e-02 5.1776510757e-02 -2.5070162177e-02 6.2812529237e-02 -3.1581325759e-02 1.1066514056e-01 1.6247145761e-02 4.3314319566e-02 5.2688838164e-03 -1.3822008510e-02 6.4190401696e-03 2.3177352308e-02 -4.9891983304e-02 1.0633230516e-02 3.3442857030e-02 5.7860531149e-02 5.6034335503e-02 3.6936230439e-02 8.7052723799e-03 5.6081374754e-03 7.7864280909e-02 1.7182594207e-03 2.8443026616e-02 -2.2552341580e-02 -3.8497068546e-02 -3.3282451830e-02 -2.6083119172e-02 2.2296013473e-02 -6.1704742929e-04 -1.0285029179e-02 5.0589356332e-02 -1.7391503598e-02 -3.7643169290e-03 -1.7065475587e-02 -2.1249235347e-02 -4.2465341037e-02 7.9150800163e-03 4.4696589743e-03 -1.5692247016e-02 1.5071564018e-01 4.2290575005e-02 7.7212857079e-03 3.9125829735e-03 -5.4594294174e-02 2.2127547321e-02 -3.1958420221e-02 5.6438790716e-03 2.2506349411e-02 7.4665561359e-03 1.4769191868e-02 -2.9661096488e-02 7.5356169252e-02 2.5042248244e-02 2.4648734251e-02 3.9808609460e-02
4.2499341862e-03 1.9744685707e-02 -2.0352563983e-02 -4.9330054554e-02 -1.3108694169e-02 -9.8219196367e-03 1.6829616170e-03 -1.6400334178e-02 2.5635326642e-02 2.0162962247e-02 -1.8717457488e-02 -1.5355838095e-01 2.9606203167e-02 1.3747701285e-01 5.7846414038e-02 -2.2271087463e-02 -9.2042090032e-02 -2.1295905095e-02 -1.2564079925e-01 -1.4473674114e-01 -1.3787464476e-03 -2.1946397046e-01 -5.5235256190e-03 -4.5406744630e-04 4.0279163164e-02 -2.5498286610e-02 5.1029453984e-02 -2.8702634508e-02 -3.5818623351e-02 -1.4948215103e-02 -9.3774199113e-02 2.2276567094e-03 1.9841850929e-02 -3.5665415957e-03 -3.8303354041e-02 -1.2845738272e-01 -6.2820461194e-02 1.2157898274e-02 -3.3959283790e-02 2.1959167181e-02 -1.0220724166e-01 -1.0006315766e-02 1.5888359439e-02 1.0678411029e-02 2.5974341232e-02 -4.1369540153e-02 -3.3635815099e-02 -8.8248338762e-02 2.1641568510e-02 -5.8765683265e-02 -8.0472107768e-02 4.0964290089e-02 -4.1795188089e-02 2.5402113986e-02 1.6513564781e-02 1.2552342387e-01 4.0937564134e-02 -5.0718853320e-02 -3.3743911578e-02 1.7611918986e-02 6.9492898357e-03 -4.4471248583e-02 9.5563627934e-03 1.1993249536e-01 -7.0238624195e-02 -8.6144220084e-02 8.8166186208e-02 2.3407753882e-02 4.3335678013e-02 -1.5626231360e-01 9.0175778088e-02
5.2976577348e-02 2.8239826431e-05 1.1772613486e-01 -2.6224926296e-02 1.3521099974e-01 -6.4872217361e-02 -1.4602298243e-02 -1.6398505826e-02 -6.4781590668e-02 8.4998085093e-02 1.2965375733e-01 9.7127694864e-02 -1.4991499112e-01 3.3546269435e-02 5.0247831694e-02 9.5774727151e-03 -2.2177317637e-02 1.9723843697e-02 2.1578741934e-01 -1.0913229367e-01 9.6178980980e-03 6.8857007321e-02 1.3013080484e-02 -1.8763405862e-02 -1.7979706036e-03 6.3795428443e-02 2.0587789681e-02 5.1765463850e-02 4.9039903132e-02 6.0897152486e-02 -1.9530903775e-02 9.6168155742e-03 -8.7600826165e-02 -6.3601795242e-02 1.0096548373e-02 -6.1353744920e-02 -1.4123267290e-01 6.0925652594e-02 -5.9481808500e-02 7.4739984856e-02 -5.9280271713e-02 9.9431403478e-03 -9.5534507153e-03 -3.4792533964e-02 1.3234529994e-01 -2.3664701434e-02 2.2221090291e-02 -1.9926322274e-01 -6.8485007895e-02 -5.6539539216e-02 2.0151116897e-02 -1.0943298869e-01 -6.4398684202e-02 1.1415556485e-01 3.7268952457e-02 3.6727800136e-02 -1.0651963336e-01 1.5407159105e-02 1.0472205844e-02 -4.4580007771e-02 -3.4618274960e-02 3.2096462937e-03 9.3767398579e-03 1.5333604659e-01 -7.1154802397e-02 -7.6253348219e-02 -1.9457598045e-01 -1.3795723424e-01 1.7824070246e-03 5.0695059617e-02 -7.5546266091e-02
1.6438564689e-02 1.5377699734e-02 1.5352041916e-01 1.4842011240e-01 -7.4681347772e-02 4.3795114656e-02 4.2365687613e-02 1.0164004397e-03 -1.2669692245e-01 5.8800905455e-02 4.7629828501e-02 1.6187245795e-01 5.8029462717e-02 -4.0111496959e-02 2.4784699049e-02 -2.5945381098e-02 -7.0668531396e-02 -6.1985720272e-02 -1.4417189848e-01 -1.3350050589e-01 1.0478567718e-02 1.2383411772e-01 -6.0544377809e-02 -3.8372687049e-02 3.4414692957e-02 -3.1059072596e-02 -9.9088281836e-02 -1.3646569344e-02 4.6227968371e-02 6.0063619285e-02 3.8914758672e-02 -1.4488842287e-02 1.0953345161e-01 2.1163144573e-02 4.4993887114e-03 -4.9812190726e-02 -7.5653520126e-03 4.9164863120e-02 6.5056642542e-02 3.8966246899e-02 -7.7138733931e-04 -2.6372946136e-02 1.0359342866e-01 -2.1713463490e-02 -4.7412521848e-02 -6.4295281636e-02 3.3014318766e-02 -1.6115235719e-01 -9.3308178895e-02 3.4379877331e-02 4.2300001512e-02 1.9759725481e-02 -8.0843924986e-02 -2.7019275834e-02 -6.4440361317e-02 5.4679742265e-02 2.8526801373e-02 -1.2562933479e-02 -7.8699628902e-02 -8.0036531457e-03 -1.1791162905e-01 -1.3556539588e-01 1.1911650072e-03 -1.4998409839e-03 -7.4132002438e-02 4.9359894681e-02 -5.2607640589e-03 2.2990283422e-02 6.2615120979e-02 1.4460470205e-02 4.6882065162e-02
-1.4771088515e-02 -9.4224369128e-03 8.0070743644e-03 7.3997620151e-03 3.6815107456e-02 1.6337761424e-02 1.6286102326e-02 -5.8546157537e-02 -1.2540503313e-03 -6.0904127078e-03 8.5265092248e-03 -1.7292808278e-02 1.4180349929e-02 2.2158960915e-02 4.0650590500e-02 -6.9543254975e-03 3.0578941135e-02 9.7112417610e-03 -1.1810824199e-02 -6.8853264188e-02 6.5564656425e-03 -1.8649893865e-02 9.5399305594e-03 1.3099766765e-02 -1.5786301492e-03 -1.1184566493e-02 -6.5183002739e-03 7.3364629522e-02 1.6750094371e-02 -1.5716971294e-02 -1.8418661305e-02 4.4838477648e-04 6.9729619505e-02 1.8367109317e-02 1.6317386741e-02 1.3413273542e-02 -4.1395469428e-02 -1.5152619459e-01 3.7917187448e-02 -7.1212944095e-02 -7.1758506308e-02 8.1528989412e-03 -1.9076341604e-02 1.2210597137e-02 4.7099561887e-03 2.9514895099e-02 4.4167590692e-02 1.1554257148e-01 1.9721142619e-02 -6.5322787533e-02 -4.3642056114e-02 5.3492335465e-02 -1.5182462313e-02 -4.3779615362e-03 -5.5339246171e-02 4.6530454486e-03 -3.2612758592e-02 4.7150287967e-03 -1.5387087291e-03 2.2121031673e-02 -3.3229689272e-02 -1.2726229183e-01 -3.6024054639e-03 -4.5982057997e-02 -9.2843212711e-02 4.2764663472e-02 7.6217061533e-03 -8.7194276555e-02 -1.2982971007e-01 -5.8902718812e-02 2.7644580441e-02
-5.1969954584e-03 5.8691216633e-03 2.2761729546e-02 7.7664841898e-02 -5.2851790589e-02 -2.7720560166e-02 2.6160486118e-02 4.5258725258e-02 3.0773505897e-02 -1.4407700265e-02 -3.2703048104e-02 2.9567015205e-02 -1.6381577333e-01 3.6096912001e-02 -3.4854063290e-02 -2.4784929897e-02 -5.6190868967e-02 -1.0153918571e-02 2.8261955027e-02 -3.4559036499e-02 5.7807186782e-02 4.6628675294e-03 1.4745446526e-01 -2.3936686090e-02 2.1592952179e-02 1.7870855504e-02 -1.4397712758e-02 -1.9415035973e-03 -3.4055914155e-02 1.0992662735e-02 9.2454149882e-02 7.2132694011e-03 8.5366512120e-02 -1.8025272093e-03 -6.0435731166e-02 -6.4519508272e-02 -1.0423952025e-01 -2.1114855733e-03 1.9085579890e-01 -3.0024029652e-02 8.8378137701e-02 2.4773071330e-02 3.7585753824e-02 -1.0413075880e-02 -4.7934342605e-05 9.5473206076e-02 -1.0196705068e-01 1.6820017370e-02 -7.1779476855e-02 7.7133840765e-03 -1.8619557096e-02 5.9578750589e-02 2.5747006676e-02 1.1265850502e-03 1.9409745432e-02 2.2521769947e-02 2.0724893779e-02 1.5515472464e-03 1.2706769167e-02 -4.7877670703e-02 9.5228406868e-02 -7.7237989342e-03 2.4644267431e-02 -3.5884131433e-02 1.1653227209e-01 -2.9785374915e-02 4.0516019320e-02 2.6457094644e-04 2.7265004289e-03 -5.5020584750e-02 -9.6435179762e-03
-4.1679270063e-03 8.4926203159e-03 4.8742182713e-02 -8.4513960082e-03 1.1019135589e-01 1.0790114190e-02 -2.6237280273e-03 4.1117525182e-03 -4.4490338222e-03 2.4702052122e-02 3.4823221528e-02 2.6466226456e-02 1.4799984609e-02 6.2646526977e-03 1.5948642368e-02 5.0089978903e-03 -4.3832903404e-02 4.9093406112e-03 -9.7810509394e-03 3.8243158403e-02 -1.2921472192e-02 1.4080940387e-03 -1.1683659743e-02 -2.9010426629e-02 1.4101808024e-02 1.1359175545e-02 9.0750668838e-02 -1.3069535077e-02 -5.0965906737e-03 -2.9528862655e-02 5.0559200863e-03 -1.2120791116e-02 1.5191078321e-02 -3.0201747262e-03 8.6061527951e-03 -1.2574989269e-02 3.4146368794e-02 -1.5537734772e-02 -2.7469106174e-02 4.7907840721e-03 1.0171510943e-02 -1.4712017073e-02 9.6167398829e-02 -8.5456962575e-02 6.8118720215e-03 -3.9491640018e-02 -1.0749194229e-01 -1.1548659456e-01 -2.2843861956e-01 -1.6544914797e-02 -9.8881216671e-03 4.5420730330e-03 7.2468494646e-02 3.4318112776e-03 -5.3364388675e-02 2.8367093809e-02 2.1532897717e-02 1.3050379441e-02 1.0223550736e-02 -1.9794425648e-02 -4.8106589814e-04 -1.2860915711e-02 1.9756220700e-02 2.5398161502e-02 -2.9616532354e-03 7.5460022628e-02 5.3862809367e-02 -2.1772101075e-02 9.7761440521e-03 1.7669961248e-02 3.6318064315e-02
-1.9337048644e-02 4.9308389174e-03 -7.9074541616e-03 -1.7820807565e-03 -1.6927226066e-02 2.2822373808e-02 -3.6621105031e-03 -1.7905849128e-02 5.4464662929e-03 1.9025439851e-02 2.8243753536e-03 2.8483874004e-02 -1.2384460351e-02 -9.5051385679e-03 9.7680872991e-03 -4.1188326996e-03 2.6162590496e-03 -1.6335301750e-02 -2.0653744560e-02 -6.7851545473e-03 2.1909878568e-02 3.6577087656e-03 7.9432477116e-03 -5.0233861789e-03 -4.9442819626e-01 1.8080900989e-03 1.8377468020e-02 2.5180343061e-02 1.4547687707e-02 1.2438898743e-02 -3.9988235984e-04 1.0641357634e-04 2.1281322193e-02 -2.8881752140e-03 5.7687222111e-02 1.5750942066e-02 -5.5958290983e-03 -1.5893647818e-02 1.5014887346e-02 -5.4862042893e-04 2.4121014054e-02 7.1472238996e-02 1.8763746977e-02 -9.3140760023e-03 -7.7241834506e-03 5.5898026944e-02 -2.7367816426e-02 -2.9710441831e-02 1.1771774219e-02 3.2333303176e-02 3.7437869137e-02 -1.0941592303e-03 -1.1483945055e-02 1.0488829376e-03 -1.7580201113e-03 7.7342428521e-03 4.9817652477e-03 -2.7939975403e-03 1.6951488318e-02 1.2412206308e-02 -4.7722411749e-03 -6.1178940072e-03 1.5726386783e-02 -2.3011190286e-02 6.5663523419e-03 3.3228995476e-04 3.1975967578e-02 8.5838500913e-03 -8.4015716649e-03 2.5213291302e-03 2.0475592217e-02
1.8201165948e-02 1.0811928210e-02 2.2243592515e-02 -1.5399689305e-02 -3.2823129194e-02 -2.6208389785e-02 -1.2498986363e-02 -4.4656623982e-02 -9.5171811851e-03 7.9839124972e-02 -1.6510778274e-01 -6.6996275521e-02 4.8382611601e-03 -4.1176113390e-02 -7.3226226719e-04 2.4304246418e-03 1.9114225268e-02 -1.5082474836e-02 2.3435969041e-02 -1.0813511726e-01 2.9661802619e-02 -2.1837946273e-02 3.2804536938e-03 -1.4781296023e-02 1.4803884350e-03 -2.1431118970e-02 7.3848942224e-03 2.8218550634e-02 3.4662888031e-02 4.1830608140e-03 -3.2168530945e-02 6.8481594459e-03 4.7875893174e-02 7.9497737102e-03 6.7053734185e-02 -7.9761971829e-03 -1.1903832294e-02 -2.4414376339e-02 2.5103660561e-02 1.7411161993e-02 -4.9158836378e-02 -2.8600911266e-02 3.0407083891e-01 -1.8252218601e-03 -8.5960575167e-03 2.6586953301e-02 5.9984687398e-02 4.6934135911e-02 -1.0618591483e-01 1.8842005487e-02 1.0705016863e-01 -6.3824170487e-02 -1.1496522429e-01 1.2023646969e-03 6.6679913024e-02 -2.3509722058e-02 2.8038287638e-02 -2.5758852854e-02 1.7614815274e-02 -3.4000048803e-04 2.1223665381e-02 3.0254533709e-02 1.2309739353e-02 -4.4839416336e-02 -8.8013066931e-03 -9.4903397455e-02 -4.3884691796e-02 2.3573635906e-02 7.2196954984e-03 5.0950765855e-02 -2.0160777865e-03
-1.1593432033e-02 1.9280338004e-03 -8.0534823740e-03 4.9625145302e-02 3.6415280976e-02 -1.8568883038e-02 -1.1912401425e-02 -5.7316312227e-02 7.8019737205e-03 7.8750197279e-03 -7.8466987726e-02 1.9048969599e-02 2.6071137865e-01 -4.3206751621e-02 2.3905799543e-02 -6.0189794962e-03 -2.0921819952e-03 6.9509324124e-03 -1.6093179209e-03 -3.1166934980e-03 6.6345061497e-02 -5.8900216751e-02 -2.4184687041e-03 -8.9214710347e-03 2.5365633373e-02 3.2329525016e-02 1.1783925925e-02 4.8107112289e-02 -2.9504715520e-02 -5.1335112887e-03 -2.5270291033e-02 6.8518226946e-03 3.8087279322e-03 1.8354657683e-02 -6.8426370593e-02 1.5192558327e-02 -8.3271710083e-02 3.7491490993e-02 7.3943695980e-02 3.0943379761e-01 2.0109422045e-02 3.6236484886e-03 -1.9356510862e-02 8.0072285806e-03 8.1127702720e-02 -2.6644319752e-02 -3.2532273188e-02 6.0957267617e-02 5.0593264716e-02 -5.1317615776e-04 2.0034804796e-02 2.2058438544e-02 -8.1244404482e-03 -3.3227807583e-02 -2.2675919387e-02 -2.2350480394e-01 -1.7630531684e-02 -2.2646726582e-02 1.7486082361e-02 1.3977659764e-02 -8.6685267913e-03 1.7604224387e-02 -3.5849437041e-03 -5.2448508793e-02 -2.2670394836e-02 -1.7658527821e-02 -1.1360119100e-02 -7.1227310497e-02 -7.8105638526e-02 -1.2407271907e-02 5.5887731388e-02
8.7886473594e-03 8.5999503841e-03 4.8719036106e-02 -8.0634569081e-03 7.3453527531e-02 1.0815937752e-02 2.0583337295e-04 2.9582894709e-03 4.6147616167e-03 -1.1884145951e-01 1.2377317395e-02 -4.6567677549e-02 3.4520554038e-03 4.9381043973e-03 -3.8015792621e-02 3.5666283558e-02 -1.9317783859e-02 -7.8404387842e-03 4.9383223807e-02 8.1628163951e-03 6.0520270314e-03 -4.5184080986e-02 -5.9577791538e-02 4.7403177544e-02 2.5399822643e-02 6.2176417834e-02 5.9428204147e-02 -8.7344354519e-02 9.7018176883e-03 -1.4000379024e-02 -9.5444500992e-02 1.5973053576e-02 -1.5466828755e-01 -3.2348468424e-02 3.0922276410e-02 7.1923782239e-02 3.2492271932e-02 -1.5398865242e-02 9.9364728899e-02 2.9128473885e-02 -4.2970781872e-02 -7.3229618550e-03 7.2334527858e-02 -1.0498995387e-02 3.4779974820e-02 8.7542152613e-02 -2.8080990776e-02 -1.0512434570e-02 -1.5878466822e-01 -1.1104573048e-02 -4.9664457152e-02 -2.7967560604e-02 -1.1490262794e-01 -1.8010342511e-02 9.2243028410e-03 -5.5089909342e-02 6.4879299680e-02 -1.3999482756e-04 7.2616052404e-03 6.1882689968e-03 2.7451441236e-03 -4.0477750141e-02 2.2889072778e-02 3.1312215343e-02 1.4693315021e-01 -8.4421555099e-03 -4.2373475768e-02 -1.0491310356e-01 2.5469371159e-02 -6.8972024431e-03 4.5368584931e-02
1.9264548780e-02 2.8729043701e-02 -1.8676085154e-02 -7.2181914994e-03 9.3683544259e-03 -1.4217597522e-01 7.4244179203e-05 -2.7827870409e-02 -4.7004653048e-02 -6.8701627230e-02 1.5692993957e-01 1.8241568934e-01 -8.6450498762e-03 5.0500742252e-02 -6.2810154458e-02 1.3086373971e-03 9.6610813935e-02 6.4549976779e-02 8.3476845997e-02 2.8865971395e-03 6.6924816381e-02 4.9888069476e-02 2.5238117776e-03 -1.3349556347e-01 9.7256314595e-02 1.2521471340e-02 -1.5880210602e-02 -8.6609543861e-02 -1.1703284518e-01 -4.0077476204e-02 -6.4876534565e-02 1.2622747224e-02 9.0390725744e-02 3.9078779055e-02 8.6653048708e-03 6.8494154341e-02 2.2370785484e-01 -6.8997700593e-02 1.2332472974e-01 2.8380860932e-02 -1.3973833491e-01 -4.8205008402e-03 3.6272175391e-02 1.2349043209e-02 1.7501744553e-02 2.9748270261e-02 2.2057714623e-02 -7.2967738554e-02 1.6282104406e-03 -1.9520120607e-01 -9.9773049358e-02 -4.3610797426e-02 7.5994599519e-02 7.2191028730e-02 3.9441440609e-02 2.2740928026e-02 -1.0511744437e-02 -5.4975125433e-02 -6.3624067456e-02 7.1754138270e-02 -1.5903935860e-02 8.9205016350e-03 -2.1011152552e-01 1.3956605666e-01 2.7471071325e-02 1.3999657210e-02 3.8832247222e-02 3.6438850186e-02 6.8590757525e-02 3.2917488932e-02 -5.9164769004e-02
-1.5881785926e-02 -3.4525852517e-02 -2.0765974332e-02 3.7794128129e-02 6.4020030541e-02 -4.2845943495e-02 -5.0660959556e-03 -8.1512453152e-02 1.6412137629e-02 -5.2822882928e-03 7.1054233819e-02 1.6624992055e-02 -2.9365885562e-02 3.2113746846e-02 3.5774481787e-03 -2.4256912250e-02 -8.3673814028e-02 -2.0596157625e-02 -6.4629680768e-03 4.0491694396e-02 -1.2629665123e-02 -5.9999850036e-03 7.3105747932e-02 4.1682776822e-02 2.4352542750e-02 -1.2390036158e-02 -7.2804609774e-02 -4.0101656797e-03 3.5325456284e-02 -3.4695267500e-01 7.3958278590e-02 5.5541573411e-03 7.7360390807e-02 5.5451735197e-03 9.5777928158e-03 1.8444067184e-02 6.6280038321e-03 3.1871583781e-01 -1.3185526999e-04 -3.7189221377e-02 8.2178908056e-02 4.6169217581e-03 -1.9943218812e-02 -4.7111541322e-02 1.8048823665e-02 2.0107085213e-02 3.5406884589e-02 6.9040884582e-02 -1.0641085520e-01 -2.4152013822e-02 -6.4365309538e-02 3.8933041767e-02 -7.1662525494e-02 1.0476813201e-02 6.8430851095e-02 4.5962675515e-02 2.1727942306e-03 -6.5830492475e-03 -1.1970857304e-02 -1.5453767818e-02 -3.5154643564e-02 -9.5537184468e-02 -1.5111703386e-02 -3.4037994979e-02 1.9372269997e-02 -3.5819765462e-03 6.3592271926e-02 7.8981558090e-02 -2.7122026725e-02 1.1640549097e-02 -1.4957804899e-02
-8.9970446222e-02 -4.6059670427e-02 1.9861408260e-02 -2.5008417369e-02 -4.1646596465e-02 6.6683867771e-02 -3.1198738580e-04 4.1723446545e-02 -5.1344246300e-02 1.5836955818e-02 -6.5407216311e-02 2.8876003611e-02 -3.1916674225e-03 6.0632028389e-02 1.7685742806e-01 -8.5207514662e-05 1.0761771094e-01 -5.6055981637e-03 7.3222284046e-02 6.4454258666e-02 -2.4126211915e-02 -3.5449781119e-03 -1.5967106186e-01 -1.2034188013e-02 -4.8792121718e-02 -3.4820487858e-02 3.2714413321e-03 -1.3931357961e-01 6.0395593218e-03 -9.0693781424e-02 9.9037736645e-02 -7.7083574600e-02 1.2064697074e-01 4.4618128250e-03 -2.0074133478e-01 -9.5381304334e-02 -3.9005364605e-02 4.4026911824e-03 1.3696909703e-01 4.8545942185e-02 -3.4001102941e-02 -8.7091188094e-02 -8.0769332691e-02 5.9889629751e-02 5.8728555082e-03 8.6177227475e-02 -5.9979293148e-02 -1.3649075457e-01 -3.1421013212e-02 8.4913856955e-02 8.1911342855e-02 -1.1291090626e-01 8.0930619007e-02 -3.8344448534e-02 3.4592280587e-02 1.4361090221e-01 -1.8629851902e-01 -1.0138566679e-01 1.7183844402e-02 -2.6024482081e-02 1.0784588188e-01 -8.2703651122e-02 6.0955291589e-02 5.6569036443e-02 3.8761266790e-02 -7.4311409403e-03 -8.9345067142e-02 5.8405249616e-02 -9.9501039551e-02 -1.0381434841e-01 -4.5178751184e-02
-1.2913044125e-02 1.2232015402e-03 2.2086319744e-02 2.6607953057e-02 1.5577319579e-02 7.9479395355e-02 -8.8481963200e-03 2.2963785914e-03 2.0849490974e-02 -2.3896918666e-01 2.7061423574e-03 7.0909482017e-02 1.3231497413e-02 3.3649663150e-02 -5.0384659312e-02 -1.8907413871e-02 -1.7392125841e-02 -1.8487260289e-02 -1.9563361758e-02 8.4660423202e-03 3.2875336072e-02 -5.0419796104e-02 2.6768626419e-02 3.6117192055e-02 -6.9987945009e-03 -1.6690723433e-02 2.3270414569e-02 3.9081901804e-02 -9.2371693292e-03 8.1717302825e-03 8.0684690977e-02 -9.9751499307e-03 1.5755769259e-02 -1.2096795180e-03 3.4748319502e-03 1.3523113354e-02 -2.6866287076e-02 -1.0371996162e-02 -3.6156748900e-02 -1.4179485273e-03 -1.9479133919e-02 4.3132992329e-02 5.8896657116e-02 2.3503748816e-03 7.7503264636e-03 6.5527316080e-02 -3.3615056129e-02 9.2889157838e-03 -3.4005947049e-02 -4.3770053970e-02 1.3123410801e-01 1.8249206004e-02 4.6193605056e-02 1.6972283724e-02 -1.5516950043e-02 -1.8297058714e-01 2.0727800309e-02 -3.2228783698e-02 -3.0723733135e-02 1.2839141985e-02 4.8528872367e-03 5.6252328822e-02 3.8894297025e-02 1.8537772978e-02 -1.1408514531e-01 -1.1462174435e-01 1.4736249434e-02 -5.9886082499e-03 2.9943716213e-03 -3.9568882844e-02 -4.5178853631e-02
-1.1919054934e-02 -1.9371378140e-03 5.1714713762e-02 -2.9378135864e-03 9.3395418428e-03 -2.9701153374e-02 -9.6634234670e-03 -7.5880879648e-03 1.6834442800e-02 -1.7379345523e-02 -2.5086657940e-03 -1.4705200531e-02 5.6679561869e-03 4.7394038520e-02 -9.7390193215e-03 2.5938374199e-02 -1.2740122568e-02 -1.8320070370e-03 3.0044632513e-02 -2.9891949009e-02 4.9989368177e-03 1.3192443993e-02 -1.2496172391e-02 -6.7093967313e-02 2.1411558319e-02 -6.0887513200e-03 3.1984406250e-02 -3.6004710446e-02 -2.3354155713e-02 -8.9777282652e-04 3.0727794514e-02 1.5363482563e-02 -5.4985676516e-02 3.3527585031e-01 1.3756680013e-03 8.0178745866e-04 -7.4649915759e-03 -9.3392787892e-05 3.4032087332e-02 5.1863433342e-03 1.2360460572e-02 1.6283860961e-01 4.9227353668e-03 1.3427615655e-02 -9.4128318751e-04 -1.0204214235e-02 5.6092797777e-03 5.0865305677e-02 1.3304762119e-03 -2.1455122083e-03 2.3880588406e-02 -4.2329753330e-02 8.4056917052e-03 7.9992591291e-03 1.2611992527e-02 1.2456071875e-01 -9.3948329923e-03 -3.6794563407e-03 -3.3953873332e-02 1.9900393654e-02 9.5037368064e-05 1.7157141862e-02 -1.1066081743e-01 -3.3073825371e-02 1.9048994708e-03 -3.7488617300e-03 4.1061853543e-02 -8.4449930166e-04 -1.6625889817e-03 6.6892785311e-03 6.7784547285e-03
1.8802243622e-02 -2.4140190496e-02 9.1930507112e-02 -1.4007996740e-02 -1.2760520752e-01 -2.3356475169e-02 1.9052131670e-02 -1.0925220641e-02 -4.3893092960e-02 -4.3386928613e-02 -2.4158556894e-03 1.2428211863e-01 7.6218569102e-03 7.9428557369e-02 7.8969545253e-02 3.6898708240e-04 9.7432313391e-03 1.6811344447e-04 -1.4542950792e-02 -1.0051975765e-01 -4.3200768175e-02 8.7733878575e-02 2.5495387761e-02 -3.3301048674e-02 3.9095068191e-02 -1.5361151626e-02 1.4581369711e-01 5.2377332443e-03 2.3714682513e-03 -1.8445924649e-02 4.3440380371e-02 1.0350870355e-02 3.9062915946e-02 2.7209556975e-04 -1.0312008936e-02 3.8740377079e-03 1.4748992575e-01 -1.2624046179e-02 -5.0187126969e-02 1.7789271367e-02 3.1828064401e-03 1.4574877404e-02 -9.2738666567e-03 -2.1008156555e-02 1.0514396995e-02 8.0671186632e-02 -1.4793421806e-01 7.3484558830e-02 2.6793389488e-01 -2.5245390072e-02 -8.5502150780e-02 5.8113116832e-02 -3.7844739114e-02 -6.1802662989e-02 5.7678164734e-02 4.8525609418e-02 -6.3415836583e-02 1.1921642878e-03 2.3557990681e-03 3.1845680022e-02 -4.8236586790e-02 3.7399580265e-02 9.1245414977e-03 1.1231738776e-01 -1.7114574432e-03 5.2312335842e-02 -2.5950565784e-02 7.0434680686e-02 -1.1571956457e-02 1.5798429005e-01 3.3490844704e-02
-2.5460329581e-02 -1.3149438278e-02 -1.8601082717e-02 -9.4504147088e-02 -1.7796068018e-02 1.1076315193e-01 1.7771277942e-01 -2.7082757668e-01 2.7120323372e-01 8.8018877108e-03 5.0968972395e-02 2.5984797743e-03 -1.2472890694e-03 -2.3559698181e-02 -3.1316845612e-02 -6.1213841401e-02 5.4835839957e-02 1.6463276408e-01 -1.4461984330e-02 4.4143848503e-02 -1.9321140400e-02 -6.4346244714e-03 4.8403909332e-02 7.0235303020e-03 3.2295703266e-02 -3.2072727828e-02 5.2618366313e-02 -3.9233920911e-02 -7.2622361748e-02 -2.5164035724e-03 -1.9312709653e-02 1.2469081378e-02 1.9536191179e-02 1.2174546815e-02 -1.8561714658e-02 1.7145246537e-02 1.7707647375e-01 2.7468784666e-02 1.1702808365e-02 -1.3422725715e-02 -6.5508478161e-03 -2.7668261744e-02 -2.6706118847e-02 -1.1230493398e-03 1.2731446758e-02 -4.4105513978e-02 4.1127588225e-02 -2.2931293727e-01 -4.5943667421e-02 4.4522801371e-02 -1.4780624141e-02 -2.7799960316e-02 2.0565555577e-02 -8.1894827838e-03 -9.8179174212e-03 1.7001214753e-01 7.1565368600e-03 3.4343915089e-02 -1.7658442588e-02 -1.0790496284e-01 -3.3356253030e-02 -9.5645148655e-03 -4.6771887839e-03 -1.2603714595e-02 8.4416963846e-03 4.8813121162e-02 5.9480790996e-02 5.1093509549e-02 2.7670084964e-02 -3.9881872287e-02 -5.7628283958e-02
-2.4458097585e-03 -1.6406155078e-02 8.1513137642e-02 -2.0753585646e-02 -1.4217375253e-02 -4.0379782885e-02 4.4119777850e-03 3.7663772184e-03 2.4276978230e-02 1.4665141483e-02 4.1994796374e-02 -1.4255952848e-01 -4.5434180738e-03 5.7141008677e-02 -1.4482050656e-03 -1.9085405966e-02 1.1651295313e-02 -1.1646571284e-02 -1.1441173438e-01 9.9305226627e-02 -4.0333368513e-02 3.2220946309e-02 -7.4875290732e-03 -5.6048867525e-02 2.0068820872e-02 -1.4510022100e-02 -1.0237772062e-02 1.1773378302e-02 1.8536951434e-02 -4.8374898983e-03 5.5093461374e-02 -1.0751731780e-02 -1.0212916612e-02 -8.4152835082e-03 4.5785676603e-02 8.4863049949e-02 -6.8662695725e-03 1.3540770940e-02 -1.2431730482e-02 -5.3872755440e-03 1.4455636657e-02 4.2436529661e-02 1.7496390240e-02 -7.8163368513e-04 6.9794461578e-03 -2.0166541406e-02 -2.9945677867e-02 6.5283383554e-03 -1.8687018332e-02 9.4542156492e-02 -8.2091642547e-02 1.5260942914e-02 6.4875889373e-03 4.5898993639e-03 9.2529811582e-04 1.8805169846e-01 -1.0369729442e-02 -5.8169403182e-03 -2.3703604743e-01 -4.1214320941e-02 -7.3981131730e-03 3.1173325158e-02 6.2234950703e-02 -2.4309798153e-02 3.1984629438e-02 3.3939839875e-02 -5.2607296939e-02 -3.2740624508e-02 -2.0423205343e-02 -1.4168468553e-02 -4.1800464887e-02
1.4263498747e-02 5.8713759792e-02 1.2146319165e-02 3.7678640138e-02 2.6246206081e-03 8.5302409024e-02 -1.7582701277e-02 -5.7715399365e-03 3.3758987412e-03 1.2139514654e-02 -3.5673274900e-02 1.0904958215e-02 -1.7447826915e-02 7.4870310868e-02 -5.0657294266e-02 -1.2080258955e-02 -1.1603685815e-02 1.7012842144e-02 -3.4792178061e-03 6.4455155438e-02 -1.9086682764e-02 3.5414626518e-02 -6.6724620262e-03 3.5884395967e-02 5.0876731618e-03 -3.4212046899e-02 -1.9994186534e-03 1.2533561763e-02 1.2103310255e-02 -4.5491215391e-03 -4.3244698211e-02 -2.1184252520e-02 4.6227534433e-02 3.6710578761e-03 -3.5030594175e-02 -2.0912194515e-03 1.6152737468e-02 -5.1340429034e-03 4.9322006297e-02 -1.5205061193e-03 9.1438104252e-03 -1.0300264675e-03 8.5662234795e-03 3.5052077616e-03 -2.6682293514e-02 -7.5586765460e-02 1.5639643068e-02 9.0503581306e-02 -1.7811683916e-02 5.0162314602e-02 1.1814638761e-02 5.5296058364e-02 9.9026074404e-03 1.0236958049e-02 9.1261165761e-03 -3.6816193213e-02 -7.2738147067e-02 1.3186111590e-01 1.5385284494e-03 1.1799203128e-03 -6.0583461604e-02 1.7020144574e-02 -4.5248318946e-03 5.1032427925e-02 9.0380360520e-03 -6.3926690950e-03 2.4545229435e-02 -1.2836174804e-03 -1.1418964242e-02 1.1941694164e-02 8.1486303130e-03
-4.1683468552e-02 4.5326206180e-02 -6.6966516344e-02 7.0496153953e-02 5.0118896714e-02 -2.1277313620e-03 -2.4790463910e-04 -5.1055218929e-02 2.8730100907e-02 1.1380507454e-02 -9.6998113573e-02 -1.7723634245e-02 2.3179657842e-02 -4.0612748451e-02 -1.6321512733e-01 2.5606640784e-02 1.5489083395e-02 -3.2255535111e-02 -5.5081429672e-02 -8.1504306172e-02 1.3073008866e-01 -1.0031380109e-01 6.2730590093e-03 -9.4492346249e-03 -6.2375508016e-02 2.7244783052e-02 -6.8948352228e-02 3.2350867157e-03 2.0272790466e-02 3.4157516602e-02 -1.6607575358e-02 -1.1945726917e-02 -6.8762087737e-02 2.1596809967e-02 5.1254063688e-03 1.7830573931e-02 -6.9905065190e-02 -6.2720435590e-02 -7.7865816561e-03 1.0232489940e-02 2.6036713436e-02 2.4682230049e-02 1.7835100334e-02 -1.0710779762e-02 1.0949667453e-02 9.3552923423e-02 -1.5802425944e-03 1.0696865204e-01 -6.1696444109e-03 -1.8566066754e-02 1.1027360873e-01 -4.3269247902e-02 -5.1272687553e-02 2.7237778802e-02 -5.4150849893e-03 -1.6441599301e-01 -5.2951410370e-02 -7.7485544342e-02 4.8987108178e-02 2.0030373338e-02 4.0341197571e-03 -5.5083330375e-02 2.4223006193e-02 5.7828353301e-02 -6.5938006327e-03 -6.1723244828e-02 5.3925997777e-02 -1.0681446215e-01 4.3019870824e-02 1.7088130474e-03 6.3286831553e-03
1.7438272718e-02 5.8957278101e-02 -1.3026958117e-02 7.6733641550e-02 1.3843036313e-01 -2.0709655701e-02 6.0906674456e-02 -2.5449931881e-02 -6.6156481409e-02 -2.5914977551e-02 -1.1528809642e-01 5.8898988068e-02 9.1287300316e-03 2.4931718321e-02 -1.1063459049e-01 4.6485607924e-02 4.6915268840e-02 3.0076611443e-02 8.1874243604e-02 -5.7451676249e-02 8.1793433015e-02 5.8037280824e-02 1.5099508225e-01 3.1072982785e-02 -4.8506770469e-02 1.4499013441e-02 -2.0270604226e-01 -3.9481359086e-02 -7.2494070532e-02 -5.3026617940e-02 1.6868928164e-02 -2.0850026252e-02 -1.8347418005e-03 1.2321693114e-02 6.4510033234e-02 -1.2913827642e-02 -1.3077796710e-02 -7.0994738773e-02 -1.0164015140e-01 -7.3205923194e-03 -5.1460013397e-02 2.3982642305e-01 3.3210423370e-02 -1.6828932884e-02 -1.9771332995e-02 -3.7631263404e-02 5.2659108967e-02 8.7849991582e-02 2.4281798507e-02 -8.9438251001e-02 -1.6635684474e-02 -9.5829436771e-02 7.2979273253e-02 -1.3624710573e-01 -7.7581212631e-02 1.0372081526e-01 -4.6145326211e-02 -9.7168964255e-02 2.3677620150e-02 -3.6617640139e-02 8.0164463261e-02 -8.7310626522e-02 -1.9956360083e-02 -2.0906668685e-01 -1.2582999699e-01 9.6618499102e-02 -3.6365251086e-03 -2.7543430634e-03 9.0103522824e-02 -5.6777874171e-02 9.2629101267e-02
1.0779241588e-02 -5.3026248231e-02 4.0871726197e-02 3.0077464354e-02 -2.6425183012e-02 -1.3632173611e-02 -2.7068128395e-02 -3.9334264662e-02 -2.7279768468e-03 1.2435868432e-02 -2.5141743717e-02 4.4338347648e-02 3.6272975345e-02 4.2265225613e-02 1.7985498208e-02 -8.6180698577e-03 -3.5582804160e-03 -2.7652808802e-02 7.5304881449e-02 6.2719602568e-02 -7.6461473006e-02 2.2945957350e-02 -8.4238581572e-02 3.8638830580e-02 7.3095782437e-02 3.7634701529e-01 2.7952083155e-02 -1.4286588408e-02 1.3290976334e-02 -2.3274682352e-02 1.8681695893e-02 -8.1660955764e-03 5.8774030049e-02 -6.5873135897e-03 7.3356468609e-02 1.8875146127e-02 1.1615155938e-02 1.4674944759e-02 -7.7971657243e-02 -1.7847529169e-01 -8.0995810706e-03 -4.7867724870e-03 -8.8150877665e-03 5.1164954655e-03 -1.5669114179e-01 -9.2379027955e-02 -3.5087003716e-03 -7.8792595853e-02 1.6995771645e-02 3.2787227812e-02 9.4437613774e-03 -1.3706889114e-02 1.7287284830e-03 8.0619084939e-03 1.1926143539e-02 1.9187897809e-01 -5.4551570485e-03 -6.1457239513e-02 -1.1520911973e-02 -1.5529794458e-02 6.1757601032e-02 5.4639461647e-02 -3.4609220054e-02 9.8298021107e-03 3.9593604836e-03 -3.6367908522e-02 -2.0273238064e-02 8.1504533627e-02 -2.4558323037e-02 -3.0308786191e-02 -4.4155873957e-02
-1.7426515310e-02 1.2639405262e-02 -1.5661629763e-02 4.9366791794e-03 -5.9239485705e-03 3.4293087724e-02 -9.3282354721e-03 1.4335270055e-02 9.2168296600e-03 -7.0443206966e-02 3.8354204979e-02 5.8076830351e-02 -1.5002552520e-03 -2.1827971154e-02 -1.9709443414e-02 1.2647428706e-02 -3.0193030620e-02 -1.2981373602e-02 -2.0897719889e-02 6.3804299174e-02 2.0507106579e-02 -1.5169879222e-02 2.3402389209e-02 -1.7574343056e-02 -5.7911093293e-03 2.0092024063e-02 -4.2638736698e-02 -7.4229048731e-02 -4.2053624154e-02 4.1335566112e-03 1.3780954923e-02 5.8033256278e-03 -1.1387822449e-02 1.3509423409e-03 -3.4686762913e-02 -1.3042711483e-02 1.6481593901e-02 -1.7057657679e-02 -1.2137790582e-02 -1.3044089904e-03 6.2590646769e-02 6.8198758032e-03 2.9548367691e-01 -2.9167563582e-02 1.7699363015e-02 1.9873352265e-02 -2.4971779132e-02 -2.7140078476e-02 9.4195697223e-02 -1.2527194503e-02 -3.0061204166e-02 -1.5350956312e-02 -1.5173737732e-01 1.5486326503e-02 -9.5784088271e-02 3.0319242476e-03 -1.5610869646e-02 -3.5131302962e-03 -1.6800523049e-02 1.3992572950e-02 -4.1816002642e-02 -7.7703812039e-02 -1.1523487542e-02 3.2624929961e-02 4.2157454330e-02 1.6679676821e-02 1.7585527745e-02 -7.1579730254e-02 1.0885837872e-02 -3.8170044451e-03 2.5951033369e-02
4.2126638788e-02 -3.4807788266e-03 8.3741088900e-02 -4.9751294720e-03 -5.4757963966e-02 -3.2734080361e-02 -5.7127219857e-03 2.5193018988e-04 -4.8747894627e-02 3.3572738548e-02 -1.0304434442e-01 2.6905153452e-02 1.0396072850e-04 3.1999353153e-02 -5.0770547073e-02 -1.0860355353e-02 1.0123608384e-01 1.1074542864e-02 2.1793593877e-02 -1.1212907807e-02 -1.9103626924e-02 -2.6245940548e-02 1.9827494066e-02 -2.7494155005e-02 2.4810125521e-02 -9.4094528848e-03 2.6960232764e-01 1.8113972730e-02 8.2247533953e-02 -4.9585586635e-02 1.1844367767e-02 8.7086462424e-04 -1.2698971586e-02 -1.5718629869e-02 4.4333439261e-02 8.8123540765e-02 1.6713660455e-01 1.5217384036e-02 -3.3575153450e-02 -5.2356922593e-04 -4.0979862127e-02 -7.3202271972e-04 -1.3941776273e-01 3.9903976403e-03 1.8076256226e-02 -1.6034496825e-03 -1.0435753204e-01 7.5727161274e-02 -7.3861750635e-02 -5.4036112639e-02 -8.6893748504e-03 5.5332871154e-02 -1.5025608801e-01 -1.3533712403e-02 5.1570592794e-02 7.4076471999e-03 2.1577592156e-02 -3.5070826091e-03 1.7436986445e-02 1.8473806773e-02 7.8137531361e-02 -3.4976625721e-02 2.1746967179e-02 6.4983327259e-02 7.3062440642e-02 1.7266602868e-02 2.5843312344e-02 -4.1144318964e-03 -1.7421686510e-02 9.0758527062e-02 -2.5233006563e-02
1.0307779965e-01 8.8998823158e-03 -6.1766433518e-02 1.4557376383e-02 1.1573564167e-01 5.0610754891e-02 5.8442906856e-03 -2.2721839308e-03 -1.0503933129e-02 -4.0557933376e-02 8.9843142909e-03 2.8272443990e-02 -7.4161871411e-03 -1.8426143765e-02 2.4352692534e-02 -1.1373138932e-02 5.8572971752e-03 -7.5234747231e-03 -5.0438511580e-02 -4.7892706994e-02 2.4126378142e-02 3.0682527585e-02 9.1699906576e-02 -8.9358011523e-03 -1.4946426000e-02 9.8993226609e-03 8.6368335127e-02 -4.7385540640e-02 1.9351299744e-02 3.0701025487e-02 -1.3945820361e-02 1.8713847658e-02 7.5569814732e-02 4.2672443367e-03 -3.7084940129e-02 2.7743611541e-02 -1.1817792313e-01 -2.3960684945e-02 -2.2137402396e-02 2.5424954108e-03 4.6356816048e-02 1.5258468030e-02 -9.7479037748e-04 1.4480226224e-02 1.1503029556e-02 -1.0688924400e-01 1.9623659475e-02 4.7587670069e-02 5.4340350251e-02 8.7997990967e-04 4.4949699256e-02 -5.6495804593e-02 -2.0771076579e-02 -1.3372502345e-01 1.1109064735e-01 6.0367814686e-02 -3.1504995704e-02 -1.1054782494e-02 -4.2022235831e-03 -1.9922113382e-02 9.1268028606e-02 1.6037105930e-02 5.8753111527e-03 -1.2493578281e-02 -9.7879899314e-03 -3.8045431415e-02 4.3850114883e-02 -2.2891508692e-01 6.1502467822e-02 -6.6980368222e-02 -1.2617931727e-02
3.1003285732e-03 1.1207987595e-02 4.5779166029e-02 2.0625706336e-02 -3.8690674612e-02 5.1422680356e-02 3.1797698753e-01 -2.2819922223e-02 -6.9647917604e-02 2.5697467332e-02 5.6072934243e-02 -2.7169118415e-02 8.5411250607e-04 1.6914040649e-02 -9.7860069099e-02 1.9110421280e-02 -7.9252787106e-02 -5.0467802181e-03 -3.4438091852e-03 -8.9414687854e-02 3.8403630505e-03 -8.8297711360e-02 3.4262217456e-02 1.4364556085e-02 -2.0142349204e-02 6.3215920163e-03 -3.2262362857e-02 7.5099619042e-02 -3.4019667705e-03 -8.8891693228e-04 -4.2045368221e-03 -1.7824711133e-01 -3.0517433737e-02 3.4868637630e-03 -4.1722955873e-02 -6.9578032379e-02 1.4392312543e-01 2.2995031835e-03 -1.7532344527e-02 -3.6569238728e-02 7.5906128818e-03 -3.1792302050e-02 2.6274239377e-02 -2.0766872940e-02 3.5226595500e-02 -1.6867539501e-01 -1.8062206577e-02 7.4771236789e-03 3.1576283198e-03 2.1956698629e-03 9.3931343572e-02 -8.9510401350e-02 -6.7022376767e-03 1.9283610296e-02 4.9583350562e-02 -1.5852176009e-01 -6.3992790127e-02 -1.3691352436e-01 1.6792341280e-02 6.0210172612e-02 -1.3755734668e-01 -2.0743446560e-02 4.0907875267e-03 -1.4309775292e-01 1.0106932183e-01 -2.2811341493e-02 1.1620740133e-02 -1.4713152415e-01 2.1318194072e-02 -9.6470874839e-02 -1.0435206375e-01
1.0336584588e-02 -6.0664779345e-02 1.4995296587e-01 1.0096959667e-01 -5.1668605404e-02 1.9207148315e-02 -9.0513133777e-02 -4.2797640584e-02 -5.9824815912e-03 1.4207819677e-02 -1.3614284121e-01 -6.1798481582e-02 -1.8931311984e-02 1.1095836244e-02 2.6363567357e-02 8.4626868879e-02 4.6423096069e-02 1.0663105221e-01 -1.1571798788e-01 2.5607689752e-01 -1.1914772924e-01 3.7229882205e-02 -2.5544790470e-02 1.0146928347e-02 -2.7962559132e-02 -4.2903282578e-02 -4.5085640377e-02 3.8377325026e-02 -2.0699214173e-02 -3.2247038007e-03 -1.6912220534e-02 3.1203416107e-02 1.0011195146e-01 4.2604196835e-02 -3.2975731423e-02 -1.0161092528e-02 1.0510644759e-01 -5.1542432075e-02 5.4326256790e-02 -5.0009526574e-02 -1.2089429157e-01 -6.6676167447e-03 7.1920874681e-02 -4.3927728011e-02 1.1963266870e-01 -2.0908550181e-01 1.0705603930e-01 3.9788344081e-02 -2.6049965468e-03 -1.6626309876e-01 7.1607120071e-02 -7.8712491620e-02 -5.5346993892e-02 -5.7155398459e-02 -7.1151044127e-02 -1.0218513031e-01 -2.3415878438e-02 -4.2986801900e-02 -1.7057802458e-02 -3.1404150238e-02 7.4393487623e-02 -3.6951747882e-03 -3.9342934266e-02 2.6328352986e-02 1.0289904870e-01 8.4137419766e-04 -4.7139766172e-02 2.6893322209e-02 3.1312201184e-02 -7.2647369219e-02 -4.9413396480e-03
-2.4006182356e-02 -2.5860278498e-03 -9.2864705686e-03 -2.6826488639e-02 3.0631017001e-02 7.5198640044e-03 -4.2965028283e-03 -1.7516878930e-02 4.2676054753e-03 3.2117564711e-02 -2.8234557913e-02 1.5543587772e-02 -3.9740281930e-03 1.5587626247e-02 -3.9004727014e-02 -2.1782476608e-02 -2.0176435255e-02 4.5290205784e-03 -7.9444453568e-03 4.2449018385e-02 -3.6242116770e-02 -8.9560303331e-02 1.6266484671e-02 -2.3145977358e-02 1.9864017549e-02 -4.4850644518e-04 -1.0470628931e-02 1.3144798664e-02 3.9459840311e-02 3.4283526546e-01 2.0482691257e-02 2.1543422886e-03 -5.4697654320e-02 -8.1568514906e-03 2.6281056033e-02 4.5278676024e-02 2.6860305853e-02 2.4649218036e-01 -2.5535994612e-02 -1.2618386857e-02 -9.8653149548e-02 5.1620747316e-02 -6.4626555903e-02 3.6726277349e-02 1.6603980486e-02 5.0597732234e-02 -2.0401940739e-02 9.3399080209e-02 -2.6114504325e-02 -7.0824835126e-02 -3.3837629384e-03 1.0138960096e-01 1.3626218291e-01 -4.3872712016e-03 4.4433792719e-02 -4.6492651226e-02 -2.5592136965e-02 9.5006741454e-03 4.0949763933e-02 3.4989732340e-02 2.9476505239e-03 -1.5674595358e-01 2.4583764979e-03 1.5468979388e-02 3.9259159016e-02 -9.4934305390e-03 5.1440876978e-02 3.3712641360e-02 -3.6008255259e-03 -4.7398338654e-02 -7.4178890761e-02
-1.5786342354e-03 2.6155254244e-01 1.7706084836e-02 -4.3909461843e-02 -5.5001896806e-02 -4.7570851263e-03 -1.8513928591e-02 -5.3401432439e-03 2.5522531775e-04 -1.9824083289e-02 -4.0655552906e-02 -8.9096139688e-03 -8.6815980994e-03 -4.7433809787e-02 -2.1825312500e-02 7.0464554974e-03 -4.1701306191e-02 -1.2533053158e-02 8.0819316105e-04 -8.3101140905e-02 3.8953722512e-02 -1.8803971500e-02 -1.8298915659e-02 -1.4919305501e-02 4.5042623131e-03 -1.0327341748e-02 2.3281824399e-02 -2.9555307378e-02 -4.4310683915e-03 -1.5474876758e-02 -2.1688456799e-02 -4.6158519232e-03 1.2798152144e-02 -4.7978832652e-03 1.4736962181e-02 1.5492870028e-02 -5.7977881583e-02 1.7935034038e-02 -4.4088973415e-02 -1.0860588544e-02 -9.7457402452e-03 4.5683212667e-03 -1.2942249403e-02 -1.8195317968e-02 -1.2504277443e-02 -4.0759374174e-02 -5.5193936975e-02 -3.0744825580e-02 2.5882446663e-02 -3.7338371160e-03 -1.0974418264e-01 -1.3767682632e-02 -1.2562808023e-02 -6.4590858879e-03 1.3163425332e-02 -7.4122408668e-03 9.8554211053e-02 2.2828798014e-03 -1.1818709367e-02 2.7429016706e-02 3.7888540998e-02 -1.7454165687e-02 8.3819707297e-03 -8.2937271704e-02 -4.6052354087e-02 -1.0832658822e-02 -1.4055362545e-02 1.8445294441e-02 -2.1133024588e-03 1.9491221738e-02 6.0756308584e-03
7.0881630930e-02 -4.0425573435e-02 4.7325247127e-02 5.6026966791e-02 3.6144799790e-03 1.5959041860e-02 2.8934558720e-02 -8.9382670188e-02 -3.2336033743e-02 -1.6535449674e-02 -2.9680138562e-01 -2.0208956881e-02 -4.1075774340e-02 -2.3244302732e-02 -7.5879159629e-02 8.0865809785e-02 -1.0366922250e-01 -2.7418756669e-02 -9.3722426344e-02 -1.9135254061e-01 -2.9202163720e-02 -1.4108698393e-01 -7.0508327029e-02 -4.3474011833e-03 1.3842481642e-02 -3.1936945440e-02 5.1709741590e-03 1.7982660306e-02 4.9164639370e-02 4.3396855701e-02 3.4169164240e-02 -9.8100119967e-03 7.8714504549e-02 3.1233021692e-02 -2.7508226801e-02 5.9877812571e-02 -4.6875853545e-02 -3.2111342278e-02 6.5748850953e-02 1.2854084233e-02 9.9067545745e-02 -8.2681307555e-03 -2.5046343111e-02 1.4249462395e-02 -7.3911532541e-02 2.0330764412e-01 8.9016291231e-02 5.4992022655e-02 6.3487017228e-02 -4.7404302176e-02 -9.1436333122e-02 6.1899983098e-03 1.2207799982e-02 4.1267594551e-02 -8.9868125592e-02 1.9497868622e-01 -1.0304833627e-01 6.6011632259e-03 1.5831654955e-02 3.8342601112e-02 9.4886198547e-03 1.3743975350e-01 -5.1695053860e-02 3.1141291271e-02 -1.7663090534e-02 8.8264264358e-02 -1.2218973188e-01 -1.5026622065e-01 2.5339832072e-01 4.4149248859e-02 -4.7870265718e-02
3.3892166227e-03 -1.4141185009e-02 -1.0128394502e-02 2.7403257292e-03 5.5284578400e-02 1.1540599489e-01 2.7128560832e-03 1.5664458144e-02 -1.3795873031e-01 2.1418620369e-02 3.8336903234e-02 3.4359436442e-02 -2.3623718895e-03 3.1119362081e-02 5.9784071415e-02 1.9874596836e-01 4.4459988031e-02 -8.1077282213e-03 9.0087260515e-03 -4.0706243117e-02 -1.1123496653e-02 -1.5059591721e-01 -9.6652713815e-02 -3.7686673848e-02 1.0646675084e-02 -9.3770121103e-04 2.6967314123e-02 -5.9215620062e-02 3.9904771707e-02 -8.0276684834e-03 5.9518909366e-02 -2.7636632136e-02 5.3163801456e-02 -3.7004784849e-03 -3.7060218497e-02 7.4015595370e-03 8.2562348170e-02 1.4896817528e-02 6.3727488092e-03 5.6489508204e-03 3.0857604992e-02 -8.9331183223e-03 -1.6287502484e-02 -8.1322689145e-03 -2.1861144560e-03 9.3518118837e-02 4.7812183276e-02 -5.8470858457e-02 1.6773853400e-02 6.3383004836e-02 -1.1116948222e-01 2.1856311195e-02 -2.3191809214e-02 2.6209680853e-02 3.3464368518e-03 -3.5019577788e-02 -5.1332545013e-02 1.8078319687e-02 7.1303582994e-04 -1.0997912941e-01 7.1464600848e-02 4.3242662570e-02 -1.2312997908e-02 -1.3580742135e-01 7.7618398067e-03 -7.4068345832e-02 9.7659167294e-02 -3.1543017666e-02 -1.3391053731e-02 -9.9080341461e-03 -5.5529310177e-03
1.2275333403e-02 -3.0635760670e-02 -1.8731291467e-03 -7.4278884372e-02 1.5572105695e-02 -4.6070460365e-02 -5.5281647196e-03 1.1009408000e-03 1.8056481624e-02 -8.1311499147e-03 3.2377623328e-02 -1.3278343625e-02 -2.0427246408e-02 -4.2166419424e-02 4.6521429835e-02 9.0696756379e-03 3.5804338722e-02 -3.4121632992e-03 2.2812199374e-04 5.1520035878e-02 2.6516912820e-03 -5.0473105032e-03 2.9524793713e-03 -2.3876070932e-03 -4.7290662868e-02 -1.1497220948e-01 1.6079052117e-02 3.4719974464e-02 7.7264000173e-02 -1.9879076167e-03 6.0840853730e-02 1.2964293524e-02 -1.4351261927e-02 1.0485392793e-02 -1.4362032012e-01 -1.3829171133e-02 -8.7537897525e-03 1.1483157565e-02 1.3605150367e-01 7.3863374469e-02 -1.9670365401e-02 -1.3461307570e-02 7.2149924778e-03 1.7400970072e-02 1.9032047152e-01 -5.0220028761e-02 -1.8551457765e-02 -1.4535401262e-02 1.5560702335e-03 -4.0255179223e-02 -6.2425359000e-02 -1.4164773740e-03 2.2787840603e-03 -4.9684383807e-03 6.5769150756e-03 -1.1410116749e-02 -1.5543378784e-02 8.3555680790e-03 1.2122429730e-03 -7.3317787372e-03 -4.7091923075e-02 -3.5355598564e-02 1.4228882578e-02 1.5406818349e-02 -3.7281660861e-02 2.0785274353e-02 -3.4255805118e-02 -8.3738101289e-03 -4.6992656010e-03 5.8719965400e-02 -1.6756602809e-02
-3.0990561604e-02 3.2092525786e-03 1.2735578378e-01 7.0731624666e-02 8.4451604561e-02 -1.1399653625e-02 8.2631322721e-02 -2.0003698295e-02 6.5045175696e-02 -2.2650050057e-02 -3.3499186742e-02 3.2845007268e-02 -2.3822288723e-02 1.1342406560e-01 8.2555204101e-03 6.8478425653e-02 -6.6496312891e-02 -1.3348227139e-03 5.0468144678e-02 6.7670322681e-02 -2.7740271072e-02 -2.8679717900e-01 -3.7322222792e-02 2.4341457456e-02 -2.2209329226e-02 -1.6204134970e-02 -7.6335630555e-02 5.9476549168e-02 1.6841693226e-02 8.5630212950e-03 -1.1147211907e-01 8.0087453193e-03 9.7472336285e-03 5.0257767078e-02 -1.4402701917e-02 2.4249528127e-02 -4.6845151889e-02 -3.4055073751e-02 1.6782478662e-03 5.5918638245e-03 5.7975321504e-03 -4.1406913571e-02 2.4650169667e-02 -5.6743384739e-03 3.7549869219e-03 -7.9946498376e-03 -3.9212356745e-02 1.8194298685e-01 9.1448029293e-02 -1.3328611191e-02 1.2201201396e-01 5.1556244457e-03 5.2407654760e-04 -1.5470090884e-02 -5.0737769172e-03 -1.2143368742e-02 3.9791667661e-02 -7.4321355924e-02 -4.5211428939e-03 -1.6806924200e-01 1.2089104165e-01 3.7968870654e-03 8.1283202327e-03 4.0876896467e-02 2.1040354409e-02 3.8958069835e-02 6.3590247598e-02 1.9753492980e-02 2.5737845546e-02 2.1586606133e-01 -3.7915935595e-02
-1.1816725077e-01 -3.1411922806e-02 -2.0181644314e-02 4.7811973638e-02 -7.5273505411e-02 -1.6960759516e-02 7.7947958767e-03 2.5835712175e-02 -4.9659295519e-02 2.6442641294e-02 7.0979089018e-02 1.1229874500e-02 -1.0894911316e-02 5.0685732100e-02 -2.2504588237e-01 -4.2006504706e-02 4.8575711256e-02 -2.8368820972e-02 3.2021542290e-02 -1.0467871168e-01 -2.7919433521e-02 -4.8536158176e-02 1.9462661607e-02 1.8968980247e-02 2.4804805399e-02 -2.0225990331e-02 8.1468671050e-02 1.7578651755e-02 3.8599187307e-02 1.6765199722e-01 -5.4000937522e-02 3.3033202941e-03 3.4454206390e-03 -8.1250633988e-03 -5.7458670780e-02 2.9886776551e-02 -1.5584892966e-02 1.8053890419e-02 2.8877635955e-02 -2.1866070314e-02 -5.0520022178e-02 2.8790760427e-02 5.4562236947e-02 -2.5644962723e-03 3.8805887693e-03 -8.1488864208e-02 -1.9107717484e-02 2.4618779259e-02 -1.1260435329e-03 3.9841651895e-02 -7.4527783455e-02 -8.6059589008e-02 -8.4147235574e-02 -1.1966262773e-01 -1.8643761238e-01 7.2326322105e-02 -1.3289517167e-01 2.5039363945e-02 7.4196079079e-03 3.0184433816e-03 1.3146405128e-01 1.8676672776e-01 4.3554313425e-03 -2.9714149444e-03 -9.3431946641e-02 8.9753259962e-02 -1.0824654299e-02 1.7255894041e-01 -1.1378293915e-01 -1.7605336896e-02 -1.0784749885e-01
3.0167336157e-02 -3.2336604870e-03 4.3690965132e-02 -3.0999209312e-02 8.8118556720e-03 -7.0984711039e-03 -3.3267668004e-03 4.7527681377e-03 -4.2792605660e-03 -3.5193398023e-02 -5.8652082192e-02 1.8166475180e-02 -4.4310983425e-03 4.6292628705e-02 3.0182203915e-02 -3.0440097094e-03 1.5328841932e-02 -8.8609455013e-03 -2.7161970257e-03 1.6814850835e-02 -4.5924274911e-03 2.7536623017e-02 -5.8097680714e-03 6.6304371858e-03 6.5175404464e-03 1.1956043268e-02 -1.2424579730e-02 7.5829639400e-03 6.3007103392e-03 1.2040727473e-01 1.5816956792e-02 1.4767235420e-03 -1.9155781632e-02 -3.9034324444e-03 3.1527104976e-02 1.9873634297e-02 7.7235530251e-02 1.2296172152e-01 -5.0886288286e-03 -3.2170344760e-03 -6.4024451042e-02 7.0944643924e-03 5.4815993910e-02 1.9189948251e-02 1.0690397772e-02 4.0631638550e-02 -2.6603619880e-02 -2.1889384903e-02 6.7416258553e-02 -6.3719250847e-02 -4.8045477276e-02 6.7411137712e-02 8.5311056891e-02 -8.4380554726e-03 1.1369810574e-01 1.0326435382e-02 -3.6033011245e-02 1.5578748697e-02 -5.0643214196e-04 5.8035079282e-03 -3.7996054961e-02 -1.1756208084e-01 -5.0298396149e-03 1.2755568285e-02 5.8969710470e-02 -6.9409381481e-03 5.3742966341e-02 3.5756283000e-02 -1.2548191561e-02 -1.3571794218e-02 -4.5652882601e-02
7.8041528799e-03 -1.9932425801e-02 3.0306684136e-02 2.2443189845e-02 2.7734430709e-02 -1.3323327535e-02 4.3223015010e-02 1.9691638510e-02 3.1420158474e-02 2.1144892230e-02 4.6709894563e-03 1.7933150682e-02 1.9267005880e-04 -1.8275095766e-02 2.7648426200e-02 -3.5570579716e-03 8.5473592148e-03 4.1501947732e-02 1.7440024783e-01 6.2681400392e-02 -4.8092219612e-02 5.5426550429e-02 -2.5843086953e-02 1.5498432490e-01 1.0196268874e-02 -1.0029674512e-02 1.1927811104e-02 -1.0707010604e-01 -3.8217039980e-02 7.3089808225e-03 -2.2393055031e-01 4.3400354975e-02 -4.8854874982e-02 1.7454423030e-03 -6.9210852724e-02 4.8008074313e-02 -8.2830487668e-02 6.5060705752e-02 8.4763312877e-02 1.4314384436e-02 -5.1747663709e-02 4.7211116712e-02 -5.8380985390e-02 1.0330292044e-01 3.4791727020e-03 2.3243244472e-02 1.9270123781e-01 1.1728191063e-02 -2.9814606301e-03 8.4789062710e-02 -1.6967797645e-01 -6.7132817723e-02 -1.9860341822e-02 1.2106989643e-02 -9.5446815244e-03 2.8200014514e-02 5.3353911191e-02 -2.5114958827e-02 3.8810892091e-02 -2.4344232492e-02 -1.0385018464e-01 -1.7699764079e-03 6.4606347326e-02 -1.6847982060e-01 3.2131604587e-02 -2.7708404265e-02 -2.6458833001e-02 2.6098833389e-02 1.4079682801e-02 -4.6780972431e-02 2.0449931683e-03
4.4968178722e-03 -1.5023227384e-02 2.4684464473e-02 1.0923313839e-02 3.8649506347e-02 -6.4670966844e-02 -1.7591131869e-02 -1.1112691151e-01 1.7248664013e-02 1.1488486710e-02 -2.1305187404e-02 2.6010953744e-02 1.8589585010e-02 3.3533196128e-02 -4.8539672430e-02 -1.6508339147e-02 -6.2089330240e-02 -2.7829271170e-03 2.6606877006e-02 -7.4840327595e-02 -5.2040875559e-03 3.9343624807e-04 -3.4165173378e-02 1.2244379967e-03 2.0118409555e-02 -2.7436526174e-02 2.3490625730e-02 1.4574977732e-02 9.7954810811e-02 1.9247382903e-02 4.7479526377e-02 1.2003376562e-02 1.7683034680e-02 1.1872426840e-04 1.1711562433e-02 1.6724454541e-02 -5.0110970693e-02 -2.5735420844e-03 2.5878277095e-02 -4.6202776380e-02 9.6405461081e-02 -1.4812321892e-02 1.7628242231e-02 1.4489489127e-02 1.4570707522e-02 7.8667719641e-02 7.5011167461e-02 -8.8691559868e-02 -2.3481108990e-03 -4.5842668667e-02 -9.3466178769e-02 4.0378613261e-02 -2.1471714873e-02 1.7647765809e-02 3.2269773233e-04 -7.0611920016e-02 -3.8957049597e-02 -2.4953971416e-02 -3.9297418741e-03 2.1967084964e-02 -2.2332923849e-02 3.3571672891e-02 -1.3969297422e-02 6.0938538425e-02 -5.2556210003e-02 2.1555259883e-02 -3.4079435396e-02 -7.3862607973e-02 -4.4091662900e-02 3.6779782295e-02 6.2432325070e-03
-8.4727331237e-03 1.0161766471e-02 4.6718566657e-03 1.0770673247e-01 1.2583579600e-01 1.0737348218e-02 -5.6280026618e-03 -2.9107996008e-03 -9.4475943780e-02 2.5543309519e-02 3.8687596796e-02 4.7755805553e-02 3.7650308439e-02 -5.3747083286e-02 1.4001910101e-01 -2.5061531637e-04 -6.9279668940e-02 -2.9674055813e-02 7.8391114524e-04 9.5375393541e-03 6.2537499944e-02 -1.1136635027e-02 1.4930451365e-02 5.4370891996e-03 5.6980326377e-02 -2.8467370234e-02 2.3569141801e-03 6.2484749998e-02 2.3725876939e-02 1.0590482106e-01 -1.7908256701e-02 1.8410659781e-02 9.0238660504e-02 7.2608674405e-03 -7.0474175978e-02 7.6219112719e-02 -1.0780428148e-01 -1.2432391196e-01 -1.1701034541e-01 8.0597531490e-03 1.0975677928e-01 -7.4216224063e-02 1.0760524369e-01 5.2968465139e-02 -4.4305327527e-02 -1.5703684997e-02 -2.2822295305e-02 3.7223515722e-03 -9.8358554444e-03 -1.0640259848e-01 -3.8175411555e-02 3.1194355049e-02 -1.1694248812e-01 -4.8787619867e-02 2.2962921125e-01 -2.0876208334e-01 -7.8842713036e-02 3.3881658195e-03 5.3835839727e-02 -6.7797370181e-02 6.3533624919e-02 5.6119189694e-03 -4.4514877750e-02 -4.6807831202e-02 8.9936012432e-02 4.8730988888e-02 1.6059455567e-02 1.2266874254e-01 -6.0136074416e-02 -4.3325198321e-02 -5.5171451826e-02
3.5410967740e-02 -4.2716642585e-02 -9.9791316157e-02 -1.0029758439e-01 -1.1614401238e-01 -5.5811422569e-02 -5.7095251813e-02 -4.2576830269e-03 6.5695765072e-02 2.9774452637e-02 1.6835135293e-02 1.8158331286e-02 5.8966446559e-02 7.7714369392e-02 1.8429485963e-02 7.8171541443e-03 1.4539029178e-02 -3.9788355841e-02 1.2627860422e-01 3.1594213357e-03 1.2160405773e-02 6.8206369570e-02 5.5619434391e-02 6.0146399884e-02 -1.3626320522e-02 -1.9400294919e-02 -4.5887595396e-02 -8.9276331536e-02 1.0770557644e-01 3.0589218284e-02 1.6422697646e-02 -1.1405060243e-02 -1.2063270972e-01 -6.2127105967e-02 -5.8752647593e-02 1.9033152841e-02 5.8158921035e-02 -1.3640488091e-01 2.5979524673e-03 1.8483723402e-02 -1.5837357165e-02 3.0175877962e-02 1.2219741955e-01 3.4084523652e-02 8.3361104212e-02 -4.5684878978e-02 -1.2614078002e-01 -2.2077750224e-01 -8.3332756993e-02 2.2072744934e-02 -1.2409929630e-01 3.5596454512e-02 -3.7311517697e-02 -2.8640103899e-02 -1.7936745447e-01 -5.8043791203e-02 6.9773152649e-02 7.4475277490e-03 -5.1215289970e-02 3.5364525464e-03 -1.0884135026e-02 7.2723468346e-02 1.9123310752e-02 5.5692310282e-02 2.2494588178e-03 2.1362826591e-02 -6.5287035226e-02 1.3403783363e-01 1.2943746877e-01 -3.7432708869e-02 -1.2393130169e-01
3.2555203498e-02 -3.3735319202e-02 -3.1855865334e-02 9.2528869041e-02 9.5703067065e-02 1.2185121856e-01 -1.0964138856e-01 -6.9186275172e-02 3.4996687205e-02 6.0000464928e-02 -1.4624253140e-01 1.8842637086e-02 6.3522930212e-02 -6.2711924717e-03 -8.2228227170e-02 -4.7619976521e-02 6.3227023188e-02 2.3688255113e-02 1.3095425405e-01 -1.0929427740e-01 -5.9077091150e-02 1.0319660821e-01 -6.4580568957e-03 -5.8772666123e-02 -1.6335842103e-01 1.0703256870e-03 9.5290106757e-02 -5.4997016445e-02 -6.1316980913e-02 -1.3529655342e-03 -2.7411953040e-02 3.0587711443e-02 5.0681266957e-02 -3.8717473568e-02 -2.7160111363e-02 9.7822791301e-03 -2.1348242892e-02 3.8361318392e-02 9.6960653831e-02 -3.5387926828e-02 4.7026877176e-02 3.2685457190e-02 7.7996499815e-02 -1.7972920658e-02 1.3382765953e-02 4.4200826942e-02 7.6617393092e-02 5.1143634343e-02 6.7049033367e-02 -7.1898362840e-02 1.3415036001e-01 -1.0453796427e-01 -8.1522187553e-02 3.1754967076e-02 1.2251297691e-02 1.6499301530e-01 9.5334163835e-03 -5.3814156873e-03 -4.9528031440e-02 1.7797927924e-01 -7.2128997770e-02 -4.7089497578e-03 2.7584833455e-03 1.8530353821e-02 -9.4825541100e-02 -6.0857885962e-03 1.1998754757e-01 1.3263314670e-01 -3.0837568315e-02 -1.8140540230e-02 7.3952080821e-02
5.5002192423e-02 1.4625898745e-02 -3.7820703403e-02 -1.9124825903e-01 1.8732257329e-01 7.5563275002e-02 -5.2174402104e-02 -1.5004433451e-01 -8.2239813876e-02 3.8015510739e-03 -7.0041065860e-02 -9.2126857795e-02 -4.4624939188e-02 7.8087050118e-02 1.4572336213e-01 -7.5519143449e-03 5.6837149560e-02 1.1543489610e-01 4.1647843498e-02 1.7755164433e-02 1.6296725606e-02 2.8660648341e-02 -6.8848387824e-02 -3.3090167040e-02 1.8302090121e-03 3.8693581766e-02 -1.3318246509e-01 -7.6669566292e-02 -8.8477737365e-02 1.7040543780e-01 1.2291854580e-01 1.6027572011e-02 1.6634813456e-02 -2.3412696911e-03 1.5355671825e-03 -1.3392202023e-01 -1.0648268989e-01 -3.4118374240e-02 3.8234237840e-02 1.2951216287e-02 2.4543544530e-02 -9.7891787031e-02 -6.2751897723e-02 -9.3145470504e-03 -1.1980922177e-02 5.9156867262e-03 8.7475861495e-03 -3.3086759243e-02 -1.1225467848e-02 5.4754997259e-02 -5.2721251783e-02 -2.9074387319e-02 -7.6918448864e-02 -4.6193683459e-02 1.4957504970e-01 -1.3721555110e-02 1.3139648304e-01 -5.4993470747e-02 -1.2834899089e-02 8.9836005051e-02 -1.3999911103e-01 1.4024933275e-01 -6.4443486110e-02 -7.1240729692e-02 1.2389472636e-01 -1.0117886057e-02 2.7884516520e-03 1.6066298089e-02 2.2780648176e-02 1.0028744591e-01 4.6570091607e-02
1.0814605774e-02 8.5092807953e-03 -5.1742724193e-02 1.2338996912e-01 6.1109524807e-04 -2.1364684318e-02 -1.1683271821e-02 -1.1848251206e-02 -1.3304812957e-02 -3.2537072090e-03 -5.5387600041e-02 1.9844431622e-02 -3.3673567048e-02 7.7847447238e-02 -1.1336845127e-01 -1.5894467812e-03 2.8021693720e-02 1.7842318682e-02 4.9877523274e-02 -1.1840203283e-02 -1.4954426711e-02 -6.2136269842e-03 9.5595030852e-03 -2.4606197404e-02 -3.8300394283e-02 7.1796505312e-02 -5.1437342738e-02 -2.5909299209e-02 -1.1044843225e-01 -7.9191073307e-03 -1.0508646236e-02 -7.6841690942e-03 5.5957760785e-02 1.4399272316e-02 1.4671754698e-01 1.1885408303e-02 3.2682121016e-02 -2.7958048202e-02 -7.2721479715e-02 -3.7900453488e-02 3.1874668245e-02 -1.0505426242e-02 -2.1648001697e-03 -3.8245397428e-03 3.1421492028e-01 2.1152236545e-02 8.1856220352e-02 -2.1136073891e-02 -1.1814165559e-02 5.5793958292e-02 9.5745855260e-02 3.1288066314e-02 6.3200179437e-03 -1.1575701424e-02 3.7452653642e-04 2.9169011854e-02 -6.5098877577e-02 9.6571568201e-03 2.7574825668e-02 4.6557212061e-02 1.1899830971e-02 2.8967330702e-02 -1.0392825509e-02 1.2615307911e-02 1.1835353225e-02 -1.0709795668e-03 3.8843872721e-02 -2.2200504553e-02 1.2656191546e-02 -1.7958952541e-02 2.9474759845e-02
1.5454105837e-02 4.3268714035e-02 7.0801186853e-02 1.0728906088e-01 7.6718667533e-03 2.7279944877e-03 -1.1797354126e-01 1.4857860944e-02 2.3347836551e-01 2.5321326440e-02 -8.8474390202e-02 5.5208264152e-02 2.2785461912e-02 -7.3271460993e-02 5.2281012418e-03 -6.5366328465e-03 -5.4645933090e-02 -1.0809007465e-01 2.6017623759e-03 4.6789563379e-02 -3.1186331384e-02 1.1661057833e-01 2.0253431338e-01 1.1547825224e-01 4.2486775394e-02 1.3637133555e-02 2.3200499144e-02 4.3909156356e-02 -1.7191010166e-01 -2.5102549461e-02 1.1573217645e-01 -9.8943280527e-02 -5.8324666431e-02 -2.7340347695e-02 -1.3410438163e-02 -4.2164260012e-02 -1.4973433115e-01 3.2224347982e-02 8.0859177514e-02 9.5308306321e-03 -9.5352072448e-02 -1.7796663160e-02 -4.9292772170e-02 2.0739063160e-02 -5.4168660482e-02 -1.3212180754e-02 -2.4453902602e-02 7.2847989827e-02 -9.8770740744e-02 -9.3186958846e-02 -2.3886644033e-01 -7.7710044369e-02 3.1016030433e-02 -1.0131825528e-01 2.3429553245e-02 -2.2753182046e-01 -9.6655327974e-02 -1.1038529539e-02 -7.9382347373e-02 -1.2080287495e-02 -4.8538948868e-03 1.7322317132e-05 -8.7202501089e-02 1.5713860932e-01 2.3123617565e-02 9.3426600337e-02 -2.5227514109e-02 -1.3729678257e-02 1.1866801545e-02 1.2096960610e-02 -7.4354031012e-02
1.8186383794e-02 -3.4917587168e-03 6.6313696690e-02 1.0291682238e-02 3.6355908406e-04 1.2621599857e-02 2.1881994951e-02 4.0233066052e-02 -2.2813190331e-02 2.1094324368e-03 6.9437410840e-02 4.1724974341e-02 -1.4624768220e-02 4.7669500650e-02 1.1111412491e-01 -3.6646246233e-03 1.5773399413e-02 1.1550078102e-02 2.8619573515e-02 1.8521934676e-02 -7.2205595805e-02 9.2516221606e-02 -3.2908037278e-03 1.3158818879e-02 3.4154215576e-02 -2.5927053708e-02 8.4171816053e-02 2.2855481628e-02 -3.0199829282e-02 -5.8320747259e-02 -6.3518472234e-03 2.5256254962e-02 5.3572020074e-02 -2.9305009579e-02 -1.6906434918e-02 -3.9124230383e-02 6.7594428286e-02 6.2043842723e-02 3.1829099718e-05 -2.0822715967e-02 -1.2292739014e-02 -4.4064096619e-03 -1.7414096123e-02 -1.0470126445e-02 -1.4287789512e-03 -5.5663731330e-02 1.1992177272e-02 -1.1052084901e-01 1.3758943334e-02 2.7819263847e-02 -1.2874023841e-01 5.0534519106e-02 1.3060984559e-02 1.2837539230e-02 1.4832021329e-02 1.5643486111e-01 1.6243016696e-02 4.9561484762e-02 -3.6400644052e-02 8.0303279234e-03 -6.8662146935e-03 2.6905510698e-02 -9.7086823539e-04 -8.0190330315e-02 -4.3666931322e-03 7.3604019802e-02 -3.3091389924e-02 9.8903167190e-02 -3.9212126972e-02 2.8404503471e-02 -2.6827621246e-02
3.0329099908e-03 -1.0307109771e-02 8.5333407217e-02 -3.8031060844e-02 2.2530249038e-02 1.4413179657e-01 1.6718684235e-03 2.0351241010e-02 2.9927365796e-02 -2.7074533830e-01 4.2985072819e-02 1.2255842694e-01 6.6048556155e-03 9.1328350434e-02 -7.9311995776e-02 -2.6109815965e-03 -1.9636731841e-02 9.3710969776e-03 -3.9112110099e-02 7.0482532982e-02 -3.7775005762e-02 1.7549315397e-02 -1.9239364361e-02 5.9540876889e-02 4.5767320230e-02 -5.7279585325e-02 4.7358586957e-02 4.2437603585e-02 -6.3249082153e-03 -5.5537762898e-03 1.3487740744e-01 7.4583467382e-03 4.5872860649e-04 -3.0489311394e-02 -7.7544639112e-03 4.2609500979e-02 -1.9069336036e-02 6.4688954635e-02 -2.6794217643e-02 -9.8163790839e-03 -1.0093600223e-01 5.1355547495e-02 3.3129529533e-02 -7.5198701525e-02 -2.6974607826e-02 7.6748167917e-02 1.4698236608e-02 -2.8575583454e-02 -9.0941087135e-02 -3.8970413045e-02 1.1911264627e-01 7.9405518262e-02 2.2849151826e-02 3.2890908626e-03 4.5798886504e-03 9.4470818345e-02 1.0702383091e-01 -3.5013438337e-02 -1.3825214718e-01 -6.7920136440e-03 1.6881927098e-02 1.3772371116e-01 4.8145276143e-02 -8.6491934418e-03 -8.9950385568e-02 -8.6725736671e-02 -4.7406766917e-02 3.9445900170e-02 -4.3340745167e-02 -1.0066701707e-01 -1.0134935558e-01
-2.3026057173e-03 -2.3504953504e-02 1.2467691503e-01 -2.4378107633e-02 2.9000961958e-02 -1.2199742427e-01 2.9790438475e-02 3.2789812110e-02 -5.8547282648e-03 -1.2414137096e-01 -1.9330790580e-02 -8.6488625458e-02 3.2221066424e-03 -3.9531647223e-02 4.5431505736e-02 2.2821099825e-02 -2.2572185321e-02 -9.3576871836e-03 4.7130176288e-02 -1.1709023967e-02 -1.2245823727e-02 -4.2105776191e-02 2.0297856229e-02 1.3054258557e-01 2.2524858654e-02 -9.8220335191e-03 7.3914466216e-02 -1.1715374889e-01 1.4350959308e-02 7.1554810441e-02 3.3460310003e-02 3.5458082546e-02 2.6465970870e-02 -2.9568011292e-02 7.9617448533e-02 -1.3252061981e-02 1.1920751010e-01 -1.4167448372e-01 6.0694093983e-02 3.7670519686e-02 1.3644007387e-01 -2.8164865273e-02 -1.0773700285e-01 -2.0290962538e-01 -1.5947749351e-02 -1.0794424064e-01 -2.7246592268e-02 -3.6292388774e-02 -3.4991517664e-02 6.0658814749e-02 -8.7369515095e-02 -4.1008386064e-02 -6.3045236338e-03 -5.1736097250e-03 3.9460913628e-03 2.0738632063e-01 -1.2835794535e-01 -1.3742754843e-02 -5.0132205490e-02 2.1179027310e-02 -6.4589709551e-02 -9.7385846546e-02 -3.5912683512e-03 -1.4784641782e-02 -6.6627612151e-02 -1.5521826853e-01 3.5456473349e-02 1.6833721212e-01 3.9566616297e-02 8.0772249413e-02 -4.1390528823e-02
5.4736341557e-02 -8.4266665936e-02 -4.2205670222e-03 -1.0833136788e-01 6.7856079606e-02 9.0759906312e-03 2.8675974449e-02 7.4999731055e-03 5.7446964650e-02 3.0804539061e-02 2.2767362211e-01 -9.5874655761e-02 5.1826528724e-02 5.5246860763e-02 -5.7454739687e-02 5.2532976705e-03 -2.0272449813e-02 -8.6292491848e-02 1.0175080248e-01 -4.5082122315e-02 -7.4664842554e-02 -2.4877362386e-02 1.7297426236e-01 -1.4751915641e-01 2.8406917079e-03 -3.6220069741e-02 -1.2110780454e-01 -4.1230035391e-02 -9.8808717652e-03 2.2348878672e-02 -7.8398702334e-02 -2.7809810505e-02 1.1687120968e-01 1.4354765120e-02 -5.0605335645e-03 1.3310328123e-02 -1.1349425478e-01 1.4169530340e-02 1.4156437754e-01 -3.0541838658e-02 -3.5153143717e-02 5.7443365604e-02 1.5006830052e-02 -9.8458159749e-02 -2.0244334508e-02 5.0287734752e-02 -5.4430540101e-02 2.6487040430e-01 6.0887312074e-02 8.9671841276e-02 1.4669469032e-02 -9.3702635888e-02 -1.1789119541e-02 -4.5776340111e-02 -6.6767770132e-02 -1.3422825196e-01 -1.0405668013e-02 -5.9833384530e-02 1.2759409462e-02 -1.0097631159e-01 5.5626186682e-03 -1.2985216177e-02 -3.5924671786e-02 1.2495805521e-01 -4.8725607184e-02 -1.9940097760e-01 -1.0417388971e-02 -8.6447905592e-02 4.2676051066e-03 1.9258712506e-02 -8.4270369186e-02
1.4579653400e-02 3.7373635494e-02 6.6131920700e-02 -7.4536994899e-02 6.6202194545e-02 1.9243420605e-01 1.2079934348e-01 1.6611182385e-02 -2.5348727977e-02 5.2113757711e-02 1.0140781365e-01 8.0031213258e-02 5.9232193178e-03 -3.5655254062e-02 -5.2114419552e-02 -8.6060645495e-02 -1.8760366467e-02 5.3225006382e-03 3.6566442802e-02 -2.0251954215e-02 8.9342222519e-03 -2.1559240354e-02 1.3933122375e-02 6.3667350857e-02 -5.3345148464e-03 1.9007906481e-02 -7.9189929327e-02 6.5616891056e-02 1.9810297661e-01 -7.1229268344e-02 -2.9077008250e-02 1.2764567557e-02 2.0209440264e-02 -7.5639795919e-02 2.8490671131e-02 -3.8391139083e-02 4.2581270778e-02 -3.0939419408e-02 1.9654821472e-02 4.4667862026e-02 -1.2291512007e-01 -1.0366627559e-01 -8.8665553917e-02 5.1694109097e-02 3.9855790303e-02 -2.9914648961e-02 8.9065066972e-02 1.4830774836e-01 2.8580610577e-02 6.4646864509e-02 -2.6661659239e-01 -3.1716077984e-02 3.2152294219e-03 4.7755711072e-02 5.4019331619e-02 -1.5488765108e-02 8.6089301896e-02 -3.2389950892e-03 1.6161346244e-02 4.0543840909e-02 1.1716205881e-01 8.9004214610e-02 -5.5994670733e-02 8.8680451090e-02 9.1591954938e-02 -6.8314339821e-02 7.6822246638e-02 1.2979359306e-01 6.8614019897e-02 2.5706474571e-03 -2.9214332467e-02
4.9071789536e-03 2.7887930891e-03 9.1304134164e-02 4.0364705780e-02 -5.0742619941e-03 5.6418070132e-02 4.9976343118e-04 -1.3734904716e-04 1.9878072468e-02 -7.5327254888e-02 1.9200310881e-02 -2.7133234061e-02 1.1678079405e-02 -1.9105563106e-02 2.0776560776e-02 3.4044489374e-03 -8.6596981494e-02 1.4224244287e-02 1.0544447574e-01 1.7355136586e-02 -4.1745588690e-02 7.0213269082e-02 6.9719048845e-02 -1.5025929769e-01 -1.9619013631e-02 -2.4295883619e-02 9.6225902440e-03 -1.4370996091e-01 9.4561636751e-03 -1.9188563172e-02 -1.3434894310e-02 -1.8633972400e-02 -8.2733485566e-03 2.2438877610e-02 -2.5671899213e-02 -5.2078615273e-02 4.1603369544e-02 -1.7270091929e-02 -4.2256294832e-02 -2.3883676101e-02 -5.4097711230e-02 -1.1598644837e-02 5.0012247422e-03 7.9505493334e-02 -4.1396506469e-02 -3.2305551836e-02 5.5337101240e-02 3.3790069008e-03 -3.5281362196e-02 -9.1563283120e-02 -4.6688286273e-02 8.2670825367e-02 -5.0282483348e-03 1.5682439508e-02 -2.3061582233e-02 1.2198000512e-01 -8.4935978810e-02 -3.4817354676e-03 1.5855242843e-01 -1.6420475455e-02 1.6033691951e-02 3.6700174817e-02 1.5302899646e-01 -1.7226868219e-02 -3.4160721836e-02 -1.3495033071e-02 -2.3717041085e-02 3.8285924991e-02 -1.5694498114e-02 2.1478210747e-02 -4.4945012742e-02
4.9236121282e-02 -1.3098646739e-03 -1.8288591456e-01 2.0880853192e-01 1.3380475315e-03 -5.2302618918e-02 -6.1413218766e-02 -2.7704686289e-02 9.8349807730e-02 -3.2905282791e-04 1.0691590464e-01 -8.1309063694e-02 5.3750971518e-02 -2.8355928957e-02 6.6121262996e-02 6.1619725485e-02 1.3818205614e-02 2.6342410202e-02 -1.3542257117e-04 -9.7801153095e-02 -2.0798766515e-02 5.4379818137e-02 -7.4616034551e-02 1.0021164098e-01 -2.6851239128e-02 4.3101958842e-02 -1.5853149637e-01 1.1344091690e-02 1.8130394158e-02 -8.9522354768e-03 1.1443854635e-02 6.3019074731e-03 -5.3129588388e-02 -1.4621099310e-02 2.5996366811e-02 -6.5901470455e-02 4.4789166683e-02 4.2962734729e-02 1.2040641672e-01 -1.8219261035e-02 -1.0272785824e-01 -9.0777994008e-02 -1.3268892020e-01 -6.9300842262e-02 2.5354669848e-02 1.3176091885e-01 7.1134630797e-02 1.2436382116e-01 -8.8229591373e-02 2.2446456660e-03 4.0600652291e-02 4.2652053992e-02 3.3836720084e-02 -1.1076443902e-01 9.6149503795e-02 2.4862351735e-01 -9.5154201548e-02 3.4406514282e-02 4.5892811162e-02 -3.8153300416e-02 2.7687261367e-03 5.8168605986e-02 1.3590329651e-02 7.1548624321e-02 -6.8097727334e-02 5.1449797922e-02 -2.6876016438e-02 1.0332094047e-01 1.3571591106e-02 -2.2855560446e-02 3.4318644059e-02
1.3892546018e-03 -4.3267293034e-03 -1.8029284463e-03 4.5164290209e-04 -1.6286006114e-02 -1.5835279164e-02 1.9731797501e-03 -3.3830895806e-03 6.2069841665e-03 3.2158041380e-02 1.9380046386e-02 1.0996731805e-01 4.2194990587e-02 1.1963693473e-01 -2.7774727346e-02 8.6822928755e-03 1.2025913140e-02 4.5229135503e-03 -7.7607349692e-02 -5.3043962311e-03 -2.8028312110e-03 2.1905937958e-02 -4.1370198514e-03 -5.8400464463e-02 1.5893214214e-02 4.9847110189e-03 -4.9482157826e-03 8.4019073520e-02 -1.1695738704e-01 5.6324713096e-03 9.8480081457e-03 -6.0880335094e-04 -4.8056056684e-02 2.1469793143e-02 5.8400320438e-02 2.3674625379e-02 -1.1120963091e-02 -5.1864842995e-03 1.3721998517e-01 2.5114943914e-03 5.8142226892e-02 -1.3369782854e-01 -1.1728329789e-02 -2.4701750680e-02 -2.3030515793e-02 -1.7359845617e-02 5.1551870751e-03 1.1877377178e-03 3.2187212214e-04 -8.3576802406e-02 -4.8279613559e-02 -6.4905786981e-02 1.1445808474e-03 -1.0632660807e-04 6.3614551403e-03 2.4671111701e-02 2.1925058564e-02 1.7605007588e-02 -9.7245352127e-03 -1.1837542784e-02 1.8186859278e-02 1.0916854025e-03 1.4428394096e-01 -5.9709584442e-03 -1.1186163333e-02 -7.9593948421e-02 -1.8091181436e-02 4.9519223792e-03 3.3097237543e-03 -3.9411580470e-02 -1.1256587154e-02
-1.3088419690e-02 -4.6530127950e-03 2.2488298643e-02 1.6474045417e-02 1.8108052579e-02 5.7828747722e-03 -6.5360226922e-03 -1.5285533870e-02 -1.2315996436e-03 1.1817956361e-02 7.2683904010e-03 2.8252692620e-02 -9.3519798199e-03 6.8010991234e-03 -2.9501452521e-03 -6.2413942027e-03 -5.0894820143e-02 8.2137059061e-03 3.9801851929e-02 -6.5375969320e-03 -1.4683403487e-02 2.5928248417e-02 -3.7215629392e-02 7.4139710194e-03 2.2054335356e-02 1.9690038797e-02 -1.1146299543e-02 7.7032813144e-04 -1.0191070288e-02 -8.6742181384e-03 2.1279292342e-02 3.4167665417e-03 5.5969151955e-02 -4.7025679344e-03 1.2891154120e-02 -2.3792785630e-03 -2.2669567388e-02 7.9930095920e-03 -1.9389244071e-04 3.1549465058e-01 -1.0215890319e-02 -1.5081004303e-02 -3.9619861660e-03 3.5689473282e-03 -1.2003377184e-02 -3.1726160643e-02 -5.4504135312e-03 -5.2967871139e-04 -2.7379950605e-03 -6.5731994054e-03 -4.5312235822e-02 3.7486346807e-02 8.1755630818e-04 -1.3399806184e-02 -1.3389878845e-02 5.0033852293e-02 -7.4170397617e-03 1.0318566746e-02 1.3853571183e-04 -6.8686865889e-03 -1.6173413357e-02 1.4736658845e-02 -5.5484173382e-03 -1.2001592937e-03 4.3633061844e-03 5.2133506029e-03 -1.3833474787e-02 -2.5925928732e-02 -2.4873048451e-02 -1.6416151198e-02 -6.8020729099e-03
-6.9880106092e-02 -1.5071283521e-03 -4.0534006587e-02 -1.8022549962e-01 -5.0177994964e-02 1.1371946952e-01 -2.4600501231e-01 -1.2212408944e-01 -2.2602420617e-01 -3.0189923331e-02 -2.3405094241e-02 -6.0770863925e-02 1.7951037311e-02 5.6920040421e-02 4.4765726277e-02 1.1531713489e-01 3.4006978137e-02 -3.7102412878e-01 -1.5861454733e-02 3.6526567723e-02 -5.2066882076e-02 6.6450076161e-02 1.1711804139e-01 2.8757361864e-02 -1.2595582589e-02 2.7594583143e-02 6.5447296383e-03 1.3857996074e-02 -1.2732449514e-01 -5.7188887657e-03 -1.3162632418e-01 -5.8948642234e-03 1.9701277244e-03 2.8786536147e-02 -2.1533836482e-02 -9.4172516065e-02 1.2466602964e-01 -2.4251995331e-02 -4.3868115383e-02 2.4752714507e-03 -8.6943728848e-02 -1.0881314276e-03 -4.2182628727e-02 -1.3413814636e-02 -4.9509695772e-03 -7.0588641049e-02 7.1016186868e-02 1.0277781682e-01 -1.7687061671e-02 3.1496835149e-02 7.9527200888e-02 1.1926148187e-02 2.9303374791e-02 1.0623837538e-01 4.0834972827e-02 3.4288469159e-02 -1.8389501621e-02 -2.6199231034e-02 -1.6489271668e-02 2.2772505308e-03 -6.1655437873e-04 -5.0933385134e-02 1.6648109436e-02 1.0158442614e-02 2.5319383406e-02 3.6995914234e-02 2.1934397248e-02 4.8744838392e-03 6.6301101107e-02 8.2812074812e-02 4.0652087815e-02
3.6299435106e-03 -1.4777036701e-02 -6.4220548962e-02 -3.1012561627e-03 4.6896610970e-02 -7.4085534477e-02 5.0140850023e-03 3.6113846736e-02 -3.9577340193e-03 -1.0069190177e-03 -1.4260354412e-02 -1.6477028938e-01 4.4220759680e-02 -6.9674427819e-02 -4.2757030563e-02 -1.2797588040e-02 -2.3528880779e-02 3.1750500192e-04 -7.1964760126e-02 -5.0959357781e-02 1.8607134544e-02 -1.3525301953e-01 4.3594530269e-02 1.2102369463e-03 -1.0822948374e-01 1.5202002298e-02 3.0399099659e-02 1.3375701439e-01 -1.1805605984e-01 -2.6773491670e-02 -4.9439287344e-02 2.6772889946e-03 -1.3461207859e-01 -3.8616363482e-02 -3.4664554969e-01 1.1067373575e-01 1.0466794649e-01 -2.1903615496e-02 4.9336649792e-03 2.4744121613e-03 1.0881580954e-02 -3.3757424815e-02 2.9286867984e-02 1.2262255770e-03 -5.2650088955e-02 -2.4888610493e-02 4.5725505169e-02 -4.2114052404e-03 -1.3212350678e-02 -7.2794775829e-02 -3.1080160186e-02 1.3830678363e-01 2.0486249868e-02 1.1948192836e-02 1.2994607931e-03 2.8924816621e-02 -1.6686930420e-02 -2.0441018865e-03 5.3538053742e-03 1.0519271920e-01 3.3086134251e-02 -3.5792230828e-03 -6.8402354812e-03 -3.4945517421e-03 -1.0950483140e-02 -1.0883479373e-01 1.1746105177e-01 -4.7374480052e-02 -1.7433270268e-02 1.5402077110e-02 -2.3516602298e-02
5.0591189834e-02 1.7105384663e-02 -1.0636902792e-02 1.5553770343e-02 -5.7440832698e-03 1.5231637575e-02 5.7326225158e-04 1.3276318390e-02 -4.8173427918e-02 -3.9678433402e-02 4.2741913625e-03 2.3459758223e-02 6.7790406535e-02 6.2230457225e-02 -1.5928420984e-01 1.4281877751e-02 1.5464935223e-01 3.6879058257e-02 -4.4567745637e-02 -4.4323204014e-02 4.1373224898e-02 5.6435819020e-02 9.2630888665e-02 6.9398434860e-02 -4.8237223552e-02 2.8567876708e-02 -5.6847240301e-02 -1.0796750444e-01 6.3434563431e-02 6.8452019953e-02 -5.8168493920e-02 9.1176104275e-02 4.5891623909e-02 1.4645368620e-02 -5.1235281033e-03 -2.4351374675e-02 -2.9356071814e-02 2.8635164057e-03 1.3970994569e-01 -7.6444360039e-02 1.0123790073e-01 1.6737320167e-04 -5.5176139683e-02 7.1586072768e-02 -7.4673101174e-03 -1.9861426424e-01 -7.1086470382e-02 -4.8249567560e-02 -1.3313317233e-02 2.9471280213e-02 -2.3166076423e-02 -5.7926092209e-02 -6.1179025996e-02 3.0247489045e-01 1.2098133252e-01 -8.3545388760e-02 1.3638732611e-01 6.7230530005e-02 -1.2652170844e-02 2.1090320968e-02 6.1837650080e-02 -5.5765452969e-02 5.0122203036e-02 -1.7448576800e-03 -1.1259600424e-01 1.2549844242e-01 -1.0835245844e-01 -4.1618143482e-02 -1.4137735387e-02 -7.4918229371e-02 -6.6992890860e-02
-1.5056012335e-02 4.2947070104e-02 -5.0365803671e-03 -5.8617839467e-03 5.4624401048e-02 -5.4772876667e-03 -6.3000754945e-03 3.2692349241e-02 2.2382485441e-02 -3.5782219747e-02 6.5671719725e-02 4.0748542263e-02 1.6813590886e-02 -1.5817621948e-02 3.8197917156e-02 -1.9176943811e-02 3.3042358728e-02 1.1049869177e-02 2.7247789071e-02 -3.4861462921e-02 2.2681149436e-03 3.2474349073e-02 -9.9324367576e-03 5.1883202290e-02 3.8452711377e-02 -3.9751398617e-02 1.3360852888e-02 3.7412896466e-02 -5.2671307159e-02 7.8130149759e-02 4.3290853716e-02 -2.2462055378e-02 -3.0743434304e-03 -1.0788703354e-02 -1.2306662534e-01 -7.4428893950e-02 -1.0887863274e-01 -1.2089838754e-02 -1.0030263595e-01 -3.1076611275e-02 -1.0338439101e-01 -5.3803137628e-02 9.2242790720e-02 -2.6884957469e-01 -1.7363689325e-02 6.1582086728e-02 1.3390030550e-02 -1.0216890454e-01 1.1515043724e-01 3.7797845953e-02 -4.6964160299e-02 -7.2329264821e-02 -9.3058217466e-02 8.5938847310e-02 -8.5698639030e-02 2.8443632746e-01 -1.0836453736e-02 -6.0929689043e-03 1.5949675755e-01 -2.5134838447e-02 -7.3629368967e-03 5.6822432988e-02 3.1886740178e-02 2.1269872742e-03 -2.5288885369e-03 1.1649313634e-02 9.6178832186e-02 -3.5099219599e-02 1.0609856935e-02 -5.6915290976e-02 -1.3143547145e-02
-1.2531476479e-02 -2.3846654749e-02 5.1124236420e-02 -3.6594500775e-02 -2.3388273254e-02 4.4622958412e-02 6.1979773316e-03 4.5291403060e-02 -9.2103218330e-03 -1.0013412066e-02 4.3142329051e-02 4.2571203197e-03 -2.7923603276e-03 1.1427088095e-02 5.3633141681e-02 -1.1537455604e-02 -4.2610328682e-03 3.3420513938e-02 5.4948846943e-02 8.2810501632e-02 -8.9563418669e-02 6.5829221688e-02 -1.1559790538e-02 1.8557377630e-02 8.1592660296e-02 -2.3710043153e-02 7.3913927337e-02 -3.3265059482e-02 -2.5932643264e-02 8.3003070177e-03 -1.5908972626e-02 7.1793783270e-03 2.4550261714e-02 -2.8439662881e-02 -1.8299707612e-02 -8.3806230622e-03 5.1708673308e-02 3.6399400082e-02 -2.0556615498e-02 3.2930297153e-03 -2.0877767701e-02 -4.4726310864e-02 -7.5857493571e-03 -1.1100123482e-02 -8.7990995760e-03 -7.6706175248e-02 -7.2946357332e-03 -6.9293928720e-02 2.0732853812e-02 6.5999138079e-03 -7.4479263706e-02 6.9638898272e-02 4.5966417078e-02 7.1584601359e-04 -1.4025728623e-02 1.2864143418e-01 4.7565104976e-02 1.9102855405e-02 -5.5374156828e-02 -1.1145496023e-02 -2.6090499948e-02 2.6771631282e-02 -1.4193780989e-02 -2.3851638504e-02 -6.9585005859e-03 1.0896331278e-01 -4.8502166345e-02 8.4250237227e-02 -9.5847593425e-03 5.3561123952e-03 -4.4496443602e-02
-7.8929501897e-03 6.6105428632e-03 -2.0926974813e-02 5.5562816943e-02 1.5935071450e-02 -1.1229925636e-01 -2.1983847999e-04 -4.1637243900e-02 -8.1260820753e-03 -2.7514511810e-02 -8.2348599957e-02 1.4237877038e-02 5.8838399942e-03 -1.0337584502e-01 -2.4591574914e-02 -2.2403822656e-02 -9.0549232446e-03 -1.5712536565e-02 1.5644553948e-02 -1.5659583280e-02 6.4586527333e-02 -2.1001641663e-02 5.8865062417e-02 -1.9481728730e-01 -3.7858941113e-02 -1.0951410392e-02 -4.5096855830e-02 -1.1048026415e-02 1.3460712320e-01 1.8866068319e-02 -3.0729462838e-02 -1.4666132646e-02 -8.6586743633e-02 -4.8410537249e-02 -1.7057875147e-02 -7.4982357295e-02 -4.2806769326e-02 -3.0807989501e-02 -7.2414600505e-02 -8.3291272568e-03 -4.9204067630e-02 -5.9451910218e-02 -5.3272510795e-02 -3.7921461109e-02 -3.1546110637e-02 7.3329275531e-02 5.2774234024e-02 4.4782190448e-02 4.1313705752e-04 4.8538158365e-02 7.9598036822e-02 -9.3274740894e-03 -5.0542637860e-02 2.5236150541e-02 2.9647527846e-02 -1.7227442795e-02 -1.0284878387e-01 -1.5127253635e-03 -2.9419427052e-01 5.1572955158e-02 5.9430982375e-02 -1.7388393717e-02 1.9165283353e-01 6.6439061334e-02 9.0662457274e-02 1.0105026824e-01 3.0449000510e-02 -4.8023596218e-02 -1.7497967796e-02 -5.6373849345e-02 -1.0528005911e-02
-1.4460734865e-02 -4.5462945966e-02 -3.7055606147e-02 -7.5797519636e-03 -2.2964773296e-02 -6.3765624925e-03 3.9895677252e-02 8.9515948571e-03 2.3066919136e-04 -7.2505981376e-03 -3.4336368057e-02 -1.5950073250e-02 -4.5197293430e-03 -1.5879995881e-02 1.9141271131e-02 -3.2526717204e-03 -2.9505654981e-02 -1.6375766336e-02 -4.1064992742e-03 -2.9420946373e-02 -2.0390049394e-01 4.5027069503e-02 -1.0645714445e-02 -9.8366018864e-03 -1.0415801309e-02 -1.2700528022e-02 -8.5889702344e-03 5.2768282010e-03 6.8776699799e-03 -1.1156894057e-02 -4.8889515505e-02 1.2725982269e-01 -3.5639296911e-02 -1.0748737873e-02 2.0801852942e-02 6.6927448194e-03 -4.9506318748e-03 -7.3457007154e-03 -3.6526066134e-02 5.5798825358e-03 2.1355129979e-02 5.8417068773e-03 2.6239652743e-03 -3.8264948544e-03 3.1343868595e-03 6.0757693259e-02 -6.8955964867e-02 5.8783019218e-02 -7.3319680548e-03 -2.6651675474e-02 -2.6791192951e-02 8.0120859423e-03 -5.3642627653e-03 -1.1878371198e-03 -4.6682030600e-03 -4.2662192772e-03 -1.6846792240e-02 7.5314663051e-02 -2.2980388155e-02 -6.3003560022e-02 -3.4105374939e-02 1.8782590719e-02 -3.4951924160e-03 6.4830496594e-03 -1.0382097788e-02 -4.3899041295e-02 2.3213249765e-02 -4.8333537551e-02 -6.9073712885e-03 -5.4385425158e-02 1.5687777043e-02
-2.7443029443e-02 -3.7658518905e-02 1.2069535388e-01 -2.3179071629e-02 5.1837089398e-02 1.4845182898e-03 7.9575769175e-02 -3.5497151894e-02 2.7248670398e-02 1.0190155513e-01 -8.0254329343e-02 1.4437103096e-01 -9.9362287753e-02 -2.6618303131e-02 2.1639497809e-01 9.9749557681e-04 -5.2888504062e-02 -4.7122184787e-02 -3.0958278308e-02 2.3293752359e-02 -5.4027808870e-02 -2.8782701967e-02 -1.3827010252e-01 9.0590874712e-02 -2.0241146610e-02 -7.1927457092e-02 -7.7520533551e-03 -1.3860794883e-01 5.2404820059e-02 4.5362550843e-02 -6.4658767257e-02 -4.2039390216e-02 8.6576398120e-02 -1.8821905450e-02 1.2341763425e-02 1.1124505272e-01 4.0540686445e-02 9.2063479598e-02 -5.5439433554e-02 4.9939207947e-02 1.0889576308e-02 3.5485583870e-02 -9.5471295349e-02 -1.6555329019e-02 -1.3184996930e-02 -1.4340289302e-01 -8.2720057830e-02 2.0048465571e-01 -7.5166136756e-02 -1.2558653644e-01 2.7701893323e-02 5.6426102081e-02 -1.1610786402e-01 -4.4290341666e-02 -8.7004659608e-03 1.5350770727e-01 4.5936624429e-02 -3.3371338327e-02 3.8022705414e-03 -5.9413142312e-02 -4.1679240390e-02 5.0435541799e-02 -2.9894339812e-02 6.5925929680e-02 -8.0158389120e-02 4.7725267540e-02 -7.3513217791e-04 -1.5940643343e-02 -1.1767133357e-01 -2.0738823384e-01 1.9228370600e-02
-5.0735157404e-03 6.0199478296e-02 1.9097179193e-02 -6.0951631435e-03 -7.3056744494e-03 2.8721832460e-02 1.5221783520e-02 3.0168992619e-03 -2.3520198598e-03 2.4772230006e-02 -1.2821151033e-02 3.4093924528e-04 -6.0052666363e-04 1.0506069188e-03 -2.8466294452e-02 1.3685638746e-02 1.4137182713e-02 -1.1957605405e-02 8.2145809860e-03 1.0503826595e-01 1.9572033814e-02 1.5432969554e-02 -1.1697339235e-02 -2.0944225547e-02 -4.5752066277e-03 -3.1570094894e-02 -2.3782652730e-02 2.3430870748e-02 -8.3432146921e-03 1.5847598612e-03 -6.7560204508e-03 -3.7762002124e-02 2.7709575883e-02 4.3670640710e-04 -1.6106473024e-02 -1.4284012454e-02 -2.9610647840e-02 3.2344916594e-03 1.2483184216e-02 3.7855557543e-03 -1.6039595997e-02 3.4004179601e-02 -1.1620149515e-02 -6.7745107839e-03 2.2168744196e-03 1.3393524610e-02 4.0272170943e-02 -7.8832479032e-03 -8.6679807116e-03 7.1862184514e-03 -1.6266864108e-03 -1.5795787073e-02 5.3325608704e-03 5.9112229898e-03 7.5855329496e-03 6.1720498662e-02 -3.3338754956e-02 -4.0287642993e-01 7.9992174079e-03 -6.2039411840e-03 6.2511179733e-03 5.4637182512e-03 -3.0867887013e-03 5.2463756277e-02 -3.3446652524e-03 -1.0288314737e-02 5.7466845099e-02 3.0895082846e-03 -6.7874547533e-03 -3.6643074496e-02 4.9861902464e-02
-1.7418413047e-02 2.3605366940e-02 9.8396614610e-02 6.0498993941e-02 4.1625079064e-02 -6.5089482284e-02 6.8592697783e-02 -3.3712942905e-02 -2.4067279163e-02 1.4955657272e-02 -3.6698856187e-02 -4.9049537054e-02 1.7601326662e-01 -9.1703840025e-02 -1.1900147811e-01 1.1312581446e-02 -4.0041322450e-02 -2.0088869672e-02 1.1751038142e-01 -7.8468299349e-02 1.1960527729e-01 -1.0758855442e-01 -2.8595679537e-02 -6.2565396804e-02 -9.9345362003e-02 1.6994748129e-02 -1.0840441040e-02 -1.7593770785e-01 7.6559870213e-02 -1.5866318192e-02 1.6564194360e-01 1.6325278368e-02 -1.4751420859e-01 5.0928994311e-02 4.3094950944e-02 -8.0974897984e-04 -7.9883513111e-02 -1.3672619179e-02 9.0035581020e-02 -3.1249016515e-02 -1.1267543724e-01 3.8429372141e-03 -6.7576633505e-03 -2.6048851481e-02 -1.1600410828e-02 2.1916111783e-02 -3.7233388801e-02 1.0184674218e-01 2.7317273989e-02 1.4157728903e-02 7.9496194926e-02 1.6737980007e-03 -1.5271056643e-02 5.8160670166e-02 -8.4177450500e-03 -1.7824726673e-02 -2.5183149569e-02 5.6680487607e-02 -8.9043922707e-03 -4.7096061518e-02 2.2721511342e-02 1.7993790532e-02 -1.2742386082e-01 5.6491758364e-02 8.0091150839e-02 -3.9307609586e-02 2.1091836537e-02 -6.6941930215e-02 1.5884184235e-03 -1.2625662647e-02 7.1954363905e-02
-1.4703158156e-02 -2.3705499436e-02 -6.0743053445e-02 4.7022803234e-02 -1.2646414715e-01 9.5127749744e-02 2.1141784736e-02 2.2676861646e-02 -9.2584304116e-02 -6.2669512586e-02 -8.4107343185e-02 1.7450760469e-02 -5.7345599201e-03 7.6634518445e-02 9.1275062478e-02 -1.9545107849e-03 1.4958040423e-01 -1.4971863210e-02 6.5236041092e-02 2.1520474278e-02 2.4219628164e-02 -1.5755107725e-01 8.3528242572e-02 -1.9581209049e-02 -3.1092644896e-02 3.6513523068e-03 -1.8923389168e-01 -6.4483304325e-02 6.8095615738e-02 4.1623224863e-03 6.3531926068e-02 -5.9967358616e-04 -4.6982350342e-02 4.6381118427e-02 -2.5320021923e-02 1.3330635518e-01 -1.6396282250e-02 -1.4683929663e-02 -9.6172664618e-02 -2.5867367822e-02 3.5087452946e-02 -1.0479943194e-01 -4.6997859629e-02 1.2130411857e-02 -1.6207925403e-02 -1.7655207779e-02 -4.8279070441e-02 -1.8822607980e-02 -1.4587225342e-01 -2.2904744281e-02 -1.2123416223e-01 -4.5776208298e-02 3.6591545115e-02 -1.1973751862e-01 6.6344381020e-02 -3.5007989375e-02 2.7988171279e-02 -5.7700843864e-03 3.9610510100e-03 1.2249497574e-01 -7.5376799631e-02 9.0338630666e-05 -2.4274733313e-02 5.0881295757e-02 -8.3219410117e-02 8.1032943968e-02 1.8812321844e-01 -5.3039224134e-02 -2.0855478838e-02 3.4595796815e-02 -1.1407657414e-02
-1.4798496566e-02 1.3270351956e-02 -4.1180938827e-03 2.5219629667e-02 -1.4085920375e-02 -7.8049262217e-04 -9.2079330188e-03 1.6116136897e-02 4.7614549191e-03 3.4499513428e-02 -1.5870651263e-02 -4.1563062432e-03 7.2245959816e-03 -3.2525911948e-02 -9.9593451915e-03 1.6068647277e-03 7.0392415253e-03 -7.1877248641e-03 1.6777695018e-02 1.8495523180e-02 1.4669954359e-02 -7.7733562499e-03 1.7939817992e-02 3.2001512264e-02 8.0034569833e-03 4.6384693592e-03 9.4910513593e-03 -1.6463292845e-02 4.8560486585e-03 9.9264792937e-03 -8.4248666622e-05 8.7369884728e-03 2.7643007312e-02 -1.4118724008e-02 3.0344823080e-02 2.8240551467e-02 -4.5614094740e-03 1.3963811344e-02 1.8528936581e-03 6.3860982009e-03 1.8743922311e-02 -1.4489190140e-02 -5.7344162080e-03 3.5532696922e-01 2.0637951707e-02 -4.2465839264e-03 -3.6460019011e-02 4.6895701604e-03 -2.0031836977e-02 -1.6795939367e-02 4.3317001721e-02 -2.1769758442e-02 -4.8526815531e-02 5.1195161404e-03 -2.2153058040e-02 7.4966373480e-03 -8.5255598028e-03 -8.4577234981e-03 -4.4219800788e-02 1.5617516502e-02 -4.8006379863e-03 -5.7684262032e-02 8.9084654790e-03 -1.7815217432e-02 -4.2434147119e-02 -5.5193537979e-02 2.0846422351e-02 -3.4016030150e-02 1.6106661990e-02 4.2224840286e-02 2.3686107048e-03
-1.7861031302e-02 -4.9915617494e-02 2.6153467386e-02 -8.8698939055e-02 -2.7276241702e-02 -3.5290335938e-03 2.3561185399e-02 2.0200372507e-02 2.2081586103e-03 -3.1545773799e-02 1.0370850121e-03 1.0006160423e-02 -2.2264395293e-03 -6.7531153184e-02 3.1207315285e-02 5.7847633090e-02 -3.5616393824e-02 4.4552266761e-02 1.8530869262e-02 2.5138211028e-02 -2.7290824364e-01 1.6217964773e-02 -2.2981524242e-02 -2.3088188519e-02 6.9681121020e-04 -5.0179470720e-02 -3.9472804889e-02 1.8685953824e-02 7.4472684735e-02 6.9116388089e-03 -1.3581157422e-03 -3.0860102222e-02 7.3674630155e-02 2.0384191204e-02 6.0106719765e-02 8.3205217847e-02 -4.7997953938e-03 -3.7877776551e-03 3.6826945397e-02 1.2560524441e-02 -1.1379064494e-03 1.0089954024e-02 1.3631682406e-02 1.0084059283e-02 3.2857323009e-02 -4.6999402997e-02 1.0103081178e-02 -1.5371283006e-02 1.0385852241e-02 -3.9204376727e-02 1.7939270968e-02 -4.6551279993e-02 1.6125974087e-02 9.1548776531e-03 -1.7452732824e-02 -1.1534721159e-02 7.6015435370e-02 5.6915470969e-02 3.1601907116e-02 1.3062770416e-01 1.4175738646e-01 -2.8016809325e-02 2.6630729452e-02 5.5840142850e-02 2.8336121780e-02 -6.7449947208e-02 6.8279436157e-02 1.9267282062e-02 1.5972223978e-02 -9.7238160154e-03 1.1002185149e-01
4.1197935686e-02 6.8674253990e-03 4.6259234888e-03 -6.1182080408e-02 -9.0361926870e-02 -1.5428186089e-02 -7.6186845549e-03 -5.9019231830e-03 -7.0165482176e-03 -4.5748184099e-02 -1.2795574115e-01 -3.7507208181e-02 8.2417170967e-03 3.0641545915e-02 8.0944331526e-03 9.4460044336e-04 4.6503830120e-02 -7.9422054308e-03 1.9004488609e-02 -4.1922880021e-02 2.6880199259e-02 -7.4809639730e-04 -5.8560717859e-04 -1.4274589320e-03 -3.1666109515e-02 1.5952970596e-02 -4.1733641270e-02 -3.9199964387e-02 8.7159664351e-03 -8.9199176199e-02 -1.0520554691e-02 8.0252528871e-03 -2.5988730415e-02 8.0223887891e-03 5.9890263458e-03 -3.4500081280e-02 4.1478109017e-03 -8.2767601125e-02 5.0033011533e-02 -6.9888312071e-03 1.9633059773e-02 -2.7030442030e-02 1.5693345910e-02 2.9003977091e-03 7.2502488040e-03 4.5255981343e-02 -5.2482327039e-03 -7.3545333133e-02 2.2516072288e-03 -4.7949526589e-03 1.8164688555e-02 2.0073588823e-02 5.8125681143e-02 -1.1556342970e-02 -9.7723579309e-02 -1.0925201926e-01 2.9054301068e-02 -9.1514588760e-03 -5.5227768861e-05 7.9198976752e-03 1.2518262997e-02 -1.2601533039e-02 -1.0673183484e-04 -1.2822764729e-03 3.8631160219e-02 -1.0157930113e-02 2.5210709609e-02 -8.5121323281e-02 4.0586446476e-03 3.1196619928e-02 9.8526590886e-03
-3.3913208469e-02 9.1122912811e-02 -3.8493190185e-02 5.7457818615e-02 8.2422585437e-02 -1.0182055297e-01 -2.0390803294e-01 1.6890075631e-01 1.8514106282e-01 -1.3643827713e-02 1.3012588007e-01 -9.0959544761e-02 2.8294073103e-02 1.0301968130e-01 1.1052143264e-01 4.9668861086e-02 -8.9933715710e-02 9.2365234840e-03 6.4091786815e-04 -6.7284252804e-02 1.3132083689e-01 9.1015006148e-02 -8.5494375266e-02 3.1517741700e-02 1.9555778840e-02 -2.3583218639e-02 5.8756030419e-02 -7.9823280824e-02 1.1397199802e-01 3.9221865209e-02 1.1668022223e-02 1.7208804619e-01 1.5280127378e-01 1.4399042063e-03 1.0141339614e-02 -2.8677860753e-02 2.3115537048e-01 1.7541660253e-02 4.3898251110e-03 -2.6548408540e-02 6.1669730235e-03 -1.1699085754e-01 5.1986353414e-02 8.3279482325e-05 2.1539348825e-02 -1.6788816713e-01 6.0361323924e-02 2.0975993469e-01 4.0342617619e-02 -1.1027116141e-02 -1.1852803978e-02 -2.7299890568e-03 2.4690232476e-02 2.0634512013e-02 -5.6186405976e-02 1.0357749577e-01 1.0900294458e-01 -1.5592642093e-01 1.6651729149e-02 1.2913616034e-01 2.5907353027e-02 1.3369974312e-01 1.1122494388e-02 -8.5593403915e-02 9.5777591047e-02 3.2506616888e-02 1.7373106918e-02 -5.0987214389e-02 -3.0072181929e-02 2.9617129662e-03 -2.9146151474e-02
-3.8296637580e-01 8.3962930495e-03 8.5802961284e-02 8.4372409033e-03 7.6627309873e-02 -3.7010857633e-02 -1.5435267700e-02 1.3518726078e-02 9.6048311256e-02 -3.6884862766e-03 3.8253218393e-03 -1.8638358702e-03 3.2509469939e-02 -4.3135014499e-03 2.8956594191e-02 -7.4029692967e-02 2.5589339488e-01 1.6374145625e-02 2.1731948599e-02 -1.0162537456e-01 9.3415268610e-03 1.4039897792e-02 -1.4613695511e-04 -4.5388516920e-02 7.2812251995e-03 1.5267765662e-02 -2.2609516975e-02 1.7485584572e-02 2.7840116337e-02 -2.3739565814e-02 -1.1006187015e-02 -3.1521401272e-02 -7.7036376511e-03 -2.9821134587e-02 8.0451537957e-03 -2.3588155451e-02 -7.5331774591e-02 -2.7794452974e-02 6.1452692702e-03 -1.9170546764e-02 7.1001941898e-02 8.9228679772e-03 3.4772712353e-02 -3.3369999751e-02 5.0048802252e-03 -2.1014508125e-02 5.9966106895e-02 4.7186351105e-02 -5.3134531446e-03 1.0297321346e-02 -1.3661492122e-02 1.2135516100e-01 -2.1731628025e-02 -1.3899450189e-01 6.6329871448e-02 -9.3249117658e-02 3.0879828418e-02 1.3677260335e-02 2.8127453265e-03 3.3909674968e-02 2.0447371224e-02 -1.9407811480e-02 -1.0765236178e-03 8.6884123268e-02 -2.8931186082e-02 -1.9317921088e-02 2.7511763255e-02 -1.3113508817e-01 2.1438310141e-01 -1.6752842570e-02 -2.7691309103e-02
1.3490109817e-02 -2.7080259166e-02 1.7659936945e-01 4.0536972421e-02 -7.9134961109e-02 1.1432813125e-01 -7.5543564889e-02 -1.5934755781e-02 2.3652540568e-02 2.5808022385e-02 8.5877111722e-02 4.7647625139e-02 -9.3443220582e-03 1.7186669291e-02 -1.7810441951e-02 -2.2781185063e-02 -2.6725626622e-02 -6.5660149625e-03 2.9540590240e-02 -4.3376376237e-02 -2.5393528294e-02 -1.6387440057e-01 1.8401253540e-02 -3.6346360169e-02 2.7064957221e-02 -1.6058937229e-02 -5.4671203460e-02 5.6873299381e-02 1.6376326814e-02 -2.2819111878e-02 2.5528886971e-02 1.4267466465e-01 -3.0196611137e-04 -3.0158140536e-02 -6.0328075857e-03 5.4196263667e-02 -1.4636774995e-02 1.2511952913e-02 9.5090428782e-03 -1.0439514044e-02 -3.6823831854e-02 2.3695261800e-02 -3.7997592729e-02 -2.0226891795e-02 -2.6828147785e-03 -9.3874047668e-02 6.8865184699e-02 -1.1879175166e-01 8.6657503731e-03 7.0062781717e-02 6.9626649906e-02 -3.9526710703e-02 1.4803983474e-02 -2.6455288287e-02 1.8720316520e-02 3.3814561090e-02 -6.9771687769e-03 4.2593898491e-02 1.3334731715e-02 1.9981169643e-03 -3.2647940125e-02 -4.0381294565e-02 -3.1762369370e-03 -4.4648084310e-02 3.3012492319e-02 3.4657428580e-02 -5.9682565674e-02 1.1985502889e-02 1.0470543913e-02 1.4435416482e-02 -5.7345518883e-02
1.3450113449e-02 -3.1317359611e-02 -2.7150194898e-02 4.5669898629e-02 1.1587442725e-03 -3.7044100706e-02 -1.9936722763e-02 -2.2396133755e-02 -1.1262252588e-02 -1.7771921820e-03 1.9984362544e-02 -6.0528205320e-02 7.3921253477e-03 -1.5489480010e-01 -4.5903549650e-02 -4.5040177261e-02 3.3356002945e-02 -5.5017233786e-02 2.2977612174e-01 -1.6756466268e-01 4.0726052585e-02 -2.8931016441e-02 5.1281336010e-03 6.5657578926e-02 4.4325862160e-02 3.0498882469e-02 -8.1877825909e-02 -2.3078128208e-02 3.7644557042e-02 8.6101016822e-03 2.9967463483e-02 -2.9578227368e-02 9.6677646585e-02 -4.6756675260e-02 -4.4041143616e-02 1.4816800963e-01 -2.1155251403e-02 7.6646850316e-03 9.1385763165e-03 8.4593770669e-03 -6.5551763119e-02 6.7259006541e-02 -2.2345618187e-02 6.6316385916e-03 1.7614824198e-02 3.0239386979e-02 7.0292746625e-02 1.4175527198e-02 -2.6920523888e-02 -3.2402544704e-03 8.5585989310e-02 -6.8691537218e-02 -5.1045024405e-03 -3.8551910783e-02 -9.6632216654e-03 -1.6514991070e-01 6.2052663198e-02 9.3033447561e-03 -6.6973102314e-02 9.5068259698e-03 -7.9510234009e-02 -2.0522755571e-02 2.3012305065e-01 9.1526358296e-02 1.3895778209e-01 -1.2382108872e-02 3.2300624497e-02 -2.6608823148e-02 -8.4114161956e-03 -7.4632711318e-02 1.0618631696e-01
-4.1015855095e-03 1.8690047503e-02 -5.1019959640e-02 7.0096822986e-02 9.2527471055e-02 -4.5234579637e-02 3.3206628110e-01 1.8239302504e-02 -1.7531808559e-01 -3.4874400263e-02 3.6886830626e-03 -1.1116846688e-02 8.7308712599e-03 1.1597433874e-01 2.7823272979e-02 1.8934212286e-02 -3.1198187158e-02 -1.6870696468e-01 6.8114171481e-02 1.0377752832e-01 7.7567768130e-02 1.1442814395e-01 -1.3891757174e-02 6.1972167526e-02 6.9464595789e-03 -4.0522850904e-02 -3.1621649933e-02 1.9490016257e-02 -2.0291119711e-02 1.4597234630e-02 3.6743080095e-03 1.2410032126e-01 6.6751221674e-02 -8.6080590240e-04 -1.4603463387e-02 -2.3287487840e-02 -1.0141085187e-01 -7.1190439310e-03 2.5754824628e-02 -1.8790319723e-02 -3.5522415025e-02 -3.9247625812e-03 1.7073956543e-02 1.4008434159e-02 2.3703083953e-02 -6.1083293290e-02 5.1619380829e-02 -6.9900753334e-03 2.3067084613e-02 2.6642459568e-02 -3.8578987487e-02 8.2910530789e-02 6.6808876298e-03 -1.0234925594e-02 -2.2313153840e-02 1.1277996085e-01 6.8331822788e-02 3.0373022228e-02 1.9058825369e-03 1.2706400069e-01 1.6609362081e-01 5.0371513299e-02 3.0727211635e-02 1.4815208873e-01 -3.9596031235e-03 3.7242001000e-02 -1.5603234229e-03 6.5567486853e-02 9.8058711768e-03 1.5507803195e-01 1.3328975611e-03
-1.3623017508e-02 4.7069386675e-03 -4.0584905048e-02 1.6133846639e-02 2.1804117232e-02 1.2135764853e-01 -1.0555299582e-02 1.2545041908e-02 8.4789085814e-03 5.5722570950e-02 3.2064633857e-02 -1.6214480057e-01 1.3664068895e-02 3.0151299089e-02 -5.6503431056e-04 -2.6174536811e-02 3.7989222161e-02 -1.2338389400e-02 -1.9665585277e-02 1.1051529325e-01 -1.5268457958e-04 -2.4344155454e-02 2.3073221838e-02 6.1709173807e-02 1.3142835379e-02 -3.6007043012e-03 2.2760500448e-02 -3.6304905192e-02 -4.0012182349e-02 1.0018588947e-03 2.7842320232e-03 -9.2450236886e-04 4.7895456002e-02 5.8126477506e-02 4.2931062169e-02 6.6306774912e-02 -5.6224026205e-02 -1.4892893409e-02 1.5236242613e-02 3.0060169858e-03 4.4473015471e-02 3.5286343153e-02 1.2664592492e-02 -1.0448874580e-02 -9.6939633588e-04 -1.1879305675e-02 -3.9002140155e-02 -1.1324678943e-01 6.0569643583e-03 -9.4294171271e-02 -2.2019359020e-02 2.3970444974e-02 1.6437398952e-03 3.3979303765e-03 -1.0970265869e-02 7.2881348684e-02 1.5220876575e-03 5.7667863880e-03 1.3064474274e-01 1.0557956717e-02 3.0398895419e-03 1.5955058019e-02 -1.9214338494e-02 -3.6549401029e-02 4.0170390604e-02 -5.1969073554e-02 -8.3788895812e-02 -2.2566507226e-02 4.0721959057e-03 7.2304084052e-02 -5.7418155132e-02
1.6947855584e-02 2.5731725545e-02 2.5254174749e-02 8.1020376203e-02 -8.7370233714e-03 -7.2953514654e-02 3.9427958171e-03 -1.8617942384e-01 -4.4189745731e-02 -1.2985945711e-02 -4.4175173792e-02 4.4272515127e-03 6.7454360225e-03 -6.6325544253e-02 3.0799137802e-02 5.1281843702e-03 6.5332728670e-02 -2.3855207076e-02 -9.3689443562e-02 -4.7051408062e-02 7.1671494727e-02 1.5275829385e-01 8.0070272822e-02 1.1958334057e-01 -5.5662674479e-02 -7.1816338199e-02 1.3009885920e-02 5.0120381158e-02 9.2541163930e-02 -8.7928573956e-03 -1.0468785315e-02 6.9521002617e-02 -5.1180499958e-02 -2.0866163657e-02 -2.5980631745e-02 -5.5305138376e-02 1.6287086504e-03 4.2626273524e-02 6.3114824506e-02 4.9202386358e-02 9.3537631414e-02 2.1713901849e-02 -1.8640119612e-03 5.4070831189e-02 -1.3446284175e-02 -7.2569180228e-02 -3.6516740976e-02 -1.4040206521e-01 1.4975034382e-01 3.6443597236e-02 6.2126913040e-02 6.6879781022e-02 1.3736144824e-01 -1.4032698804e-01 -2.0798992880e-02 1.0507537314e-01 3.0597538428e-04 1.1559234959e-02 3.9832875179e-02 -4.8880443385e-02 4.4540660107e-02 1.5026340523e-01 3.8548048629e-02 2.7248479495e-02 2.1908188828e-01 -7.3406508534e-02 -2.8178375708e-02 -8.7673062919e-03 -7.1312904409e-02 -1.2412097320e-02 -1.3395628767e-01
1.7253015302e-02 -1.0438681762e-01 5.2805701609e-02 -8.4534934269e-02 -1.1837267879e-01 -6.5014386776e-02 1.2615311098e-02 -6.6854439578e-02 -4.0203836811e-03 -2.6304460720e-02 1.0582399994e-01 9.5477385587e-04 -1.0973902870e-02 -2.8434752629e-02 -9.0249157286e-02 -1.7446316828e-02 -6.0162922470e-02 -8.3908738210e-02 -2.2808294827e-02 -7.7618115577e-02 -1.9294152376e-02 3.7670432513e-02 -1.5371138117e-01 -2.9668212830e-02 -4.5303516502e-02 -5.3624897896e-03 5.2076096045e-02 -1.1076242875e-01 -7.9173673881e-02 2.3283619499e-02 6.0022045866e-02 8.1581644728e-03 -9.6969518628e-03 6.6496503619e-03 9.5195530134e-03 6.6881401730e-02 -4.6952067195e-02 8.3321728149e-02 -5.4715492568e-02 -5.2768325701e-02 2.2280220274e-03 -3.2255632426e-02 -4.3156856006e-02 -5.7869450964e-02 5.6617730749e-02 -2.2135740078e-01 1.4319091151e-02 7.7341753547e-02 8.8798061752e-02 -7.7569123201e-02 -1.6630941466e-01 2.7490452376e-02 -1.8209853903e-03 -4.1195335807e-02 5.8735737104e-02 9.5056234087e-03 7.1712351027e-02 1.0627597746e-01 -7.2459028351e-02 -6.6458865433e-02 1.2422946062e-01 1.2260079872e-02 -8.5296833446e-03 -1.2683306542e-01 -5.8306985160e-02 -2.2486429073e-02 -1.1989773087e-01 2.7758483324e-02 -5.1570742595e-02 -6.2448406456e-02 -1.4171462413e-01
-1.1044200571e-02 8.4618912429e-03 -5.8228435639e-02 4.7847173110e-02 1.0401628242e-02 1.7055780916e-02 -2.2820651655e-02 -1.9887271119e-02 -2.2517873870e-02 -3.9453585605e-02 -5.2508744592e-02 3.3754091027e-02 1.7034144366e-02 -4.4242648861e-02 1.2587968539e-02 -5.0788572680e-03 -2.2549582296e-03 -2.4931946134e-02 -1.2281857952e-02 -6.3194733717e-02 6.4432966158e-02 -3.4834638416e-02 -6.4288842141e-03 1.8134720611e-02 -2.1522786645e-02 2.1278213174e-02 -6.4485848922e-02 -2.5943454063e-02 3.2414163036e-02 7.6469233108e-03 -4.1916380766e-02 -2.2411374713e-02 -2.6931525325e-02 3.9112878220e-02 -1.0879046691e-02 -4.4809935054e-02 -3.1169830520e-02 -2.8040839416e-02 1.1764822710e-02 4.8025425573e-03 4.2186255349e-03 -1.2793128659e-02 1.4810190799e-02 2.4057418813e-02 7.3653089184e-04 2.8085332957e-02 5.2075517070e-03 -1.9770390960e-02 -1.0711060282e-02 -7.8301688571e-02 9.3671140960e-02 -8.1448729046e-03 -5.8551039108e-02 3.8950565892e-03 -1.8700297858e-02 -1.3104344135e-01 9.6234230736e-03 -1.5364014215e-03 -7.2708152814e-04 3.2863928684e-02 3.4201339661e-02 3.9669223473e-03 -1.6762795736e-03 3.0757224053e-02 4.6287781130e-03 -1.3919708401e-02 1.7419766979e-02 -2.4497662097e-02 1.0415058587e-02 -2.8325598524e-02 1.3310578288e-02
1.0948233157e-02 -1.9066714061e-02 -8.7976835704e-02 1.0772265703e-01 -2.8562875703e-02 1.4572481385e-02 -1.7310586177e-02 9.6071675808e-03 -1.3114052214e-02 -3.1458066762e-03 -5.7670350114e-02 3.5396306782e-02 1.3318829730e-02 7.9802756169e-02 1.2734033969e-01 -3.3693787472e-02 -1.1492430722e-02 -4.9082899147e-02 1.9598699206e-01 1.8565879377e-01 -7.3385987829e-02 -1.3881595867e-02 -5.5231949303e-02 -7.1837696112e-02 4.5991349106e-02 -5.1438955432e-02 7.8510838621e-02 -1.4589860639e-02 -6.8087063530e-03 -5.6081747489e-03 8.3997409741e-02 -2.8778665312e-02 3.1671123482e-02 -5.1555981761e-02 -9.8027426896e-03 1.6144845889e-02 1.2033652507e-01 1.1857269984e-02 -2.1897859018e-02 -2.0671670319e-02 -3.4244683188e-02 7.1628480027e-03 9.3659821469e-03 -2.1794754459e-02 2.1692564511e-02 -5.1925826066e-02 1.1602899018e-01 -8.0849497443e-02 2.9519948432e-02 9.8925275805e-02 -1.5535209191e-01 -6.1863456128e-02 -3.1603349619e-02 -1.0832769751e-01 8.8912129196e-03 -6.0723595169e-02 1.7891384410e-01 4.5895446803e-02 -1.8282857282e-02 -1.3168584134e-01 1.8396976813e-02 -2.1544614196e-03 -2.9430918334e-02 -1.2217964036e-01 -4.1084804184e-02 -7.0153484605e-02 5.9401000450e-02 4.7191083233e-03 -6.2559043356e-02 7.1129745617e-02 -5.3934564861e-02
-5.3486604823e-02 -1.1539175647e-01 1.1913102418e-01 -5.1742917341e-02 -4.5304116611e-02 5.8867393277e-03 3.0244896380e-02 8.5996831532e-02 1.5938391783e-02 1.9454246381e-02 1.4275057800e-01 -5.8512382290e-03 1.5362844843e-02 1.3449072617e-01 -1.0694016204e-01 4.7205947749e-02 -1.8787682925e-01 -4.3130267579e-02 1.3016773624e-01 -1.1755876940e-01 -1.8508482213e-01 1.1428911064e-01 -6.8781478833e-02 7.1129619187e-02 -2.1700426360e-02 -3.3671842151e-03 -5.1205137906e-02 -4.1647068763e-03 -9.9434891707e-02 1.8124142405e-02 -3.2793959606e-02 -8.1553029027e-03 -6.1593842798e-02 -1.4205384240e-02 -1.7053061140e-02 -3.6484726242e-02 1.2436317957e-01 -9.3186790334e-02 5.6756624692e-02 7.1293645248e-04 -1.8836829357e-02 -8.8574503716e-03 1.9810664863e-02 -3.7809151742e-02 -1.4003163738e-02 2.1271750959e-01 -3.9351403205e-02 -1.0730931824e-01 -1.9117929963e-02 3.0727728590e-02 1.2853006996e-02 4.4089628384e-02 -1.5264761926e-02 -4.0685653866e-02 1.2557736827e-01 -7.2160818921e-02 1.1724015581e-01 6.0841008001e-02 -3.2389595325e-02 -3.2327518178e-02 4.2734574732e-02 7.8114960540e-02 5.7604710298e-02 -4.5633657964e-02 7.4465335565e-02 6.5534603069e-02 6.0572751990e-02 1.3735742840e-02 -8.4836549690e-03 3.4010295613e-02 3.5652893373e-02
1.5246807644e-02 -7.6097180068e-03 2.1739429674e-02 -2.8728705946e-03 1.4223880823e-02 -6.6752076037e-03 -5.8665891556e-02 1.6456149867e-02 -7.8999184982e-03 -1.7565888963e-02 3.9434879794e-02 -1.4647090963e-02 7.4822931246e-03 7.2538859473e-03 1.7964921732e-02 -2.5075525080e-02 1.1886548585e-02 2.8537244648e-03 4.4945210889e-02 3.9107032346e-02 -5.1648625700e-02 2.9149082701e-02 -7.5636482667e-03 2.8843335480e-02 4.2412568689e-02 -1.1096149962e-02 6.1635347791e-02 4.4278042715e-02 -1.4693879942e-02 6.7823263400e-03 -2.0041041670e-02 -9.5539428012e-03 6.2459821034e-02 5.1259658209e-01 -2.0131844515e-02 -4.0676445622e-02 7.9590127744e-03 2.5082757017e-02 -2.0163596059e-02 -1.1416178443e-02 -1.7465051770e-03 -3.6434148940e-02 -7.5172386721e-03 1.3645101874e-02 1.4305431536e-02 8.7147365266e-04 -1.7472753727e-02 -5.1247686143e-02 -1.0536786289e-02 4.3320964102e-02 -5.3177214084e-02 2.5630921510e-02 2.0274988594e-02 -2.0905194927e-02 1.9219471510e-02 1.6275119586e-01 2.5609228838e-03 -1.6821207132e-03 -3.5745630285e-02 -3.0694912678e-02 -1.5970552566e-02 2.0951337269e-02 -5.5871825027e-02 -2.1598566504e-02 3.9907506036e-02 3.7105590163e-02 -1.5029202552e-02 1.2837609422e-02 -1.7113410283e-02 1.1372477898e-02 -2.5772170405e-02
-1.4300731709e-03 -2.9687633387e-03 -5.7441787282e-02 -3.8961620235e-02 4.5853619176e-02 -7.0263517112e-02 -2.1386215087e-02 -2.9675560646e-02 1.2309782437e-02 1.3142833959e-02 -2.1123174288e-02 5.4944985472e-02 -3.7529182111e-02 -3.2936879571e-02 -9.7759065030e-02 1.7016375316e-03 1.2083135828e-02 -7.5738936178e-03 -1.3970416730e-03 -1.4361474385e-02 -1.5919894378e-02 -1.4998605056e-02 -1.2523563280e-01 -8.4706286790e-03 -1.2784156198e-01 -4.1429719991e-02 -3.9300159690e-02 -2.3686372286e-02 -1.2365491455e-01 -8.2124623850e-03 1.0136298753e-01 1.9418787601e-03 2.6295113050e-02 -5.7374342230e-03 -3.3427122506e-02 4.8778154110e-02 -4.5882296739e-02 -4.3059534506e-02 -5.5886134033e-03 4.2766277745e-02 -1.9483860832e-02 -1.5883442175e-02 -5.1634236561e-03 7.7437466596e-03 -1.4160058289e-01 -1.8284713855e-02 2.8288014623e-02 1.7768854453e-02 -5.3410365192e-02 -2.6810289570e-02 6.3670814957e-03 -3.3196179016e-02 -2.8104065609e-02 6.0325625986e-03 1.7855275290e-02 -1.4040671848e-01 -6.3863603907e-02 -3.0797841556e-02 2.5024194357e-02 3.5960963686e-02 -3.0008570916e-02 -4.3355422844e-02 -9.6218293238e-03 5.9335978378e-02 6.0288489574e-02 -6.5367846195e-03 2.0120574135e-02 -7.8975923475e-02 -4.4916476740e-03 9.9559116135e-02 -1.2681663863e-01
-3.2270769085e-02 3.4408457170e-03 -1.4122355983e-01 -8.4833036925e-03 7.2782050490e-02 3.5045630233e-02 -4.6524521297e-02 -6.6086163916e-02 -3.9337615299e-02 -5.0755853179e-02 1.0886711239e-01 1.6815506562e-02 8.5397560082e-02 6.8022331452e-02 -7.3015590906e-02 1.3881038617e-02 -9.0380434397e-02 -3.1676910846e-02 6.8462820586e-02 8.3552056549e-02 -2.8798842410e-02 7.8587192986e-02 -6.7925516191e-02 -5.9260678513e-02 -6.0880575810e-02 -2.3896195161e-02 4.0552153904e-02 1.2718729904e-01 4.9419146599e-02 3.1822770861e-02 7.0430712345e-02 -1.0375171421e-02 1.2150805603e-01 -7.3893293409e-02 6.2733649214e-02 8.9269504424e-03 -1.5169956098e-02 -1.1214571592e-01 5.7992728274e-02 -3.0615295467e-02 -1.5840252818e-02 3.3568324831e-02 -8.0504397782e-02 1.0385293958e-02 -1.9600325339e-02 -4.3350742382e-03 -8.8533226560e-02 -1.3001870136e-04 -1.0240713561e-02 -2.0263676350e-02 6.3660303904e-02 4.2594583762e-03 -5.3461784014e-02 -3.6686597704e-02 3.0246822691e-03 -1.7912384095e-02 -2.7002717825e-02 -8.1895962613e-03 6.4138188471e-02 -6.4474394122e-02 -2.9663715975e-02 -1.4272290781e-01 -2.6937012709e-02 -5.0893594903e-02 9.5627609407e-02 8.0754537851e-02 -4.3671353251e-02 -1.9627032909e-02 2.9269273085e-01 -7.9449604541e-02 -1.9830128458e-02
-4.2757415204e-02 1.9326405395e-02 3.9310367054e-02 2.5285877178e-02 1.5487991008e-02 -2.4092343774e-03 -2.6610046038e-02 2.7690546419e-02 1.5476328896e-02 -3.4810909043e-02 -1.5757329216e-02 1.7904634532e-01 -9.1545072263e-03 -1.0851106033e-01 3.8466231988e-03 3.6534704958e-02 1.2674316504e-01 -2.0181215345e-02 1.0387596062e-01 7.6927943151e-02 3.8252059970e-02 1.1176309537e-01 -2.7084391231e-02 -2.7334835950e-02 -1.1074404632e-01 -3.2958076195e-02 -5.3375787344e-02 6.6583365694e-02 1.7670605847e-03 1.7503652541e-02 2.0939339211e-02 1.6290882610e-02 4.6994886565e-02 -2.3748621137e-02 4.1420388204e-02 1.5270983243e-01 1.4180326108e-02 3.4422764432e-03 2.8806635973e-02 1.0858207845e-02 4.8316071957e-02 -1.1346704458e-02 -2.7295514259e-02 -1.1911827153e-02 -9.2587725004e-02 7.4557656882e-02 -7.6416011727e-02 -5.9434299506e-03 -1.3569300173e-02 -5.6369544528e-03 -7.2263764541e-03 -1.3167928750e-01 4.7872277303e-02 5.4625836813e-03 -4.4464903120e-02 1.5369093767e-01 -6.3601893054e-02 5.2405177500e-02 5.0797158996e-02 -3.3205904545e-02 -4.8487256876e-02 -4.8336224856e-02 -3.1466240297e-02 -8.3878719274e-02 1.0761286376e-01 2.3197233326e-02 -4.9709322515e-02 4.6055852319e-02 -5.8841462358e-02 5.4726701562e-02 -8.8578226807e-03
-2.3464910674e-01 -1.5721010197e-02 1.2462059357e-01 -7.1182948421e-02 3.0824865510e-02 -3.2427011552e-02 1.5457152710e-03 2.3776005115e-02 2.0380515250e-02 -6.7494453967e-03 5.6459748598e-02 -2.0270242362e-03 2.3298624259e-03 -8.4256949985e-03 4.0032800494e-02 -7.0282852852e-02 1.3083927082e-01 1.2561827272e-02 -1.4863604403e-02 -2.1981915125e-02 -1.9651638250e-02 4.5853612045e-02 -4.6221681012e-02 -1.7828609659e-02 1.2827215635e-02 1.1752730645e-03 5.2319888208e-02 3.0229096369e-02 4.9070408627e-03 -1.4239434350e-02 -1.5839877371e-02 -1.3995789766e-02 -6.2599140565e-04 -1.2979086956e-02 -2.7081612798e-03 -5.7130205000e-02 -4.8103212655e-02 -7.0936019391e-03 -1.2970663386e-02 -2.0467137391e-02 7.8243302554e-02 -3.9926056313e-03 1.3384266232e-02 -1.5697824175e-02 -6.8880401963e-04 -6.0825777847e-02 8.9981881443e-02 -6.9339683229e-03 1.4643210048e-02 1.3708012038e-02 1.4323131771e-02 1.5385387247e-01 2.7897056737e-03 -1.9441158174e-01 7.2014632990e-03 -3.5684026064e-02 7.9472057309e-02 1.7117822987e-02 3.4841969429e-03 -1.9235802189e-02 5.0065649237e-03 -4.3777334260e-02 -5.5292380792e-04 -1.4006081319e-02 3.2502480677e-02 -4.2634332087e-02 1.9313971042e-03 -6.5559237487e-02 1.2046211189e-01 1.3675668307e-02 2.2366551773e-02
-3.2317228656e-02 -4.9090094933e-02 -4.5964086267e-03 -3.6059152632e-02 1.5744382912e-01 3.4213344240e-02 -9.4955029373e-03 5.0143816542e-02 -6.4677607299e-02 2.8777481290e-02 6.9483148182e-02 9.5624951092e-02 -2.1394114306e-02 -4.2341739252e-02 -2.3489635534e-01 4.1213317804e-02 5.0089841221e-02 -1.3146241553e-01 -1.0297173980e-01 -3.7273560469e-02 -4.1339985132e-02 -1.7613213942e-01 -7.1131406789e-02 -2.3636799933e-02 3.8052546865e-02 2.8488214480e-02 1.4444185124e-03 1.4761041278e-01 2.1526311428e-02 -7.9104440232e-02 8.5578346130e-02 -2.1078300121e-02 -2.0831714792e-01 3.4266710699e-03 1.1277619391e-02 -2.9572332597e-02 -7.3577567702e-02 1.1623198634e-02 7.4728385724e-02 -3.1803517083e-02 1.4126269953e-01 -1.2671127582e-01 6.9065348877e-02 1.4369969440e-01 8.7595591969e-02 -5.3328545988e-02 -1.1320568341e-01 1.4851055856e-01 -3.2323167207e-02 -4.7041774380e-02 7.3944198872e-03 -6.9302865264e-02 -4.4064837209e-02 -1.0438720413e-01 -5.2829847310e-02 3.3195763410e-01 7.3349390096e-02 3.8801250996e-03 -5.9355287801e-02 1.8478965508e-02 -1.5748288859e-01 -9.6441653964e-03 -6.0017199199e-03 6.6106708655e-03 3.0567709105e-02 -3.5441672680e-02 -1.2440805865e-01 1.7977046840e-01 -3.1333704963e-02 8.8624248427e-02 1.2663407006e-01
-2.9006311554e-03 -2.7314791140e-02 -8.0340168796e-02 1.3247255545e-01 6.3971715449e-02 -5.2701789240e-02 1.0581451830e-02 3.1929950516e-02 -3.3022099873e-02 2.1321230091e-02 -1.1309936809e-01 -8.3932283284e-03 -1.3473220588e-01 -1.1430261604e-01 7.8262508767e-02 -3.8432698106e-02 7.0614292010e-02 4.3389590916e-03 -4.3973854435e-02 5.1665314674e-03 4.6328373437e-03 -1.3654340262e-01 6.7095713977e-02 5.2604769668e-03 7.2432325247e-02 -7.1559743743e-02 -1.1115830085e-02 -8.6320631848e-02 -1.2174112111e-01 -2.6833342175e-02 3.1348253957e-03 2.2976081217e-02 3.9518643314e-02 -3.0223028709e-02 3.6675466639e-02 2.7977024296e-03 -8.2745134262e-02 1.2396967353e-02 1.4628656926e-01 -1.6913497921e-01 -1.1080684630e-01 -4.0542175438e-03 2.2808689208e-03 3.4319055689e-02 4.3107466812e-02 -1.1212366239e-01 -1.7794142436e-01 -7.4249729522e-02 8.2550620627e-02 9.4613733365e-02 4.9582390588e-02 9.9862722226e-02 1.3045012172e-02 -2.2410513986e-02 -1.9695794324e-02 -1.2371173957e-01 2.3578854055e-02 -1.7182928352e-02 1.6811303110e-02 -7.3427862061e-03 -2.9820488421e-02 7.7445238891e-02 -7.0958363183e-03 -5.8537645467e-02 4.1900345660e-02 -2.3303669939e-02 2.2527921520e-02 1.8873027092e-02 1.5648877288e-02 -7.0592140685e-02 1.0984042199e-01
-2.2378402005e-02 -4.8246226446e-03 -5.8259492788e-02 2.8301121723e-02 -4.8433086300e-03 2.6148574188e-02 2.2869403858e-02 -2.1240778898e-02 2.0464785887e-02 1.1397915278e-01 -5.7212349381e-02 8.2193880519e-02 5.2945811639e-02 7.9172334189e-02 -1.8013663885e-02 4.6372790181e-03 2.5801912151e-02 8.9164129839e-03 -1.5248872074e-01 4.2175270709e-02 1.2674822711e-02 -1.1541741640e-02 -1.2937086131e-02 -4.7177813516e-02 1.9410924409e-02 3.5843892137e-04 -5.2818054805e-02 3.3414891452e-02 -8.2602554574e-02 6.6294962440e-03 -6.8446327507e-03 -1.2843315871e-02 -1.4758998692e-01 1.0061098391e-01 7.4415769167e-02 1.1438279473e-02 -6.5524994443e-02 -8.6410148156e-03 1.4638499646e-01 -1.8968135237e-02 5.5557397790e-02 -1.8845592950e-01 -4.7602893311e-02 -1.2010427498e-01 -6.0189987352e-02 -7.8252332077e-03 5.3279167531e-02 -3.6306126072e-03 3.0690995264e-02 -1.5386039250e-01 1.9053157996e-02 -4.7007970996e-02 -3.3149586675e-02 1.3405210232e-02 1.2374452126e-02 -5.6113944883e-02 3.4303089388e-02 -3.0930477335e-03 2.0272119501e-02 7.9747180916e-03 6.1723544573e-02 -1.5670775287e-02 2.5436208749e-01 -3.5968749878e-02 -1.7846114878e-02 -1.3018996640e-01 2.0956830534e-02 -1.3200891298e-02 2.3400943880e-02 -2.6895880838e-02 -3.3187368209e-02
1.2280480575e-02 -5.1399541472e-03 2.5690353052e-02 -7.5857227428e-02 2.3495588727e-02 1.6555455202e-02 -1.5206974132e-02 -1.4702581203e-01 2.5002338417e-03 -2.2115730460e-02 9.0734095783e-02 -1.7169502535e-02 4.1888225106e-02 7.1080706982e-02 8.3085949119e-02 -1.2743941969e-02 3.7253853273e-02 1.1957244175e-02 1.9969213125e-02 -7.4685781907e-02 -6.5023430683e-03 3.9388963105e-02 -1.3816019620e-02 4.1097028379e-02 1.3011937205e-02 -5.1131457625e-02 7.4666862087e-05 1.3054084302e-01 1.0314719358e-01 -8.4849541640e-03 2.6289830383e-02 1.0174383456e-02 8.0700339174e-02 6.6878514850e-03 1.9910023023e-02 -3.5096102156e-02 -4.6484833493e-02 -2.9389518629e-01 1.0863732224e-01 -1.6612327546e-01 -5.0809749595e-02 -9.4827716598e-04 -1.3176494591e-02 2.1179992116e-02 2.2475860782e-02 5.9995982648e-02 3.1464875862e-02 4.7058441940e-02 3.7156358158e-02 -6.3223262133e-02 -1.3792218583e-01 1.3641715530e-01 -6.2532667392e-03 3.8397019285e-02 -7.3572021605e-02 4.0937072556e-02 1.5632674305e-03 1.1509845594e-03 -1.3829881105e-02 4.2336299639e-02 -5.3875667979e-02 -1.6331968049e-01 -3.8378282196e-02 -3.2439089262e-02 -4.7878964923e-02 2.5051462706e-02 -5.9715717911e-03 -6.7992130275e-02 -3.1028550164e-01 -3.5471941953e-02 2.4419962538e-02
1.9915230255e-02 1.0658188245e-03 -1.0834777675e-02 2.4954634625e-01 9.1860321119e-02 -1.8922257299e-02 -2.5724409859e-02 -4.4508428577e-02 1.7115002286e-02 1.4664314882e-02 -9.0756323028e-02 -1.7378795737e-02 1.4249013234e-02 6.3249027128e-02 1.0456913445e-01 -1.0499704275e-01 1.6427300862e-02 -8.7544631901e-02 9.7714351492e-03 1.5582536532e-01 9.3339970184e-02 -1.6999987659e-01 1.1755616353e-02 -7.3432943152e-02 1.8876239625e-02 1.0933258629e-02 4.7955316965e-02 -2.7711981424e-03 -2.6409540026e-02 -9.1864944921e-04 3.4580613528e-02 -2.9430785957e-02 1.0790576193e-02 -2.4098528673e-02 -6.4318257020e-02 -4.0889453812e-02 1.0854202281e-02 -2.0861849446e-02 -8.0994877216e-04 -5.2966983224e-03 -1.4003170265e-02 4.4504371729e-02 -1.0221766402e-02 -3.1536188926e-02 -8.8832775282e-03 1.2346713035e-01 3.2712143866e-02 -1.4574746752e-02 2.0551652194e-02 8.7007855040e-02 8.9210251450e-03 -1.5035299344e-02 -2.5344618998e-02 -2.3363998862e-02 3.1189347457e-03 -4.6691578697e-02 1.9240630186e-01 5.1643181358e-02 2.5319288430e-02 -5.9067852400e-03 -7.2561105923e-02 -2.0686076854e-02 8.2805320669e-03 -3.6227425797e-02 -1.1192933423e-01 5.5548900467e-02 -5.1420944645e-02 -4.8091620953e-02 -1.2907609059e-02 3.1637919178e-02 -1.6361275891e-01
-1.4889094650e-02 -7.8826538129e-02 -6.4833567532e-02 -1.2429124940e-01 -8.3683377239e-03 2.5153993800e-02 -4.6653385284e-02 -1.9717301181e-04 1.1991909556e-01 2.5940563922e-02 -1.2296365929e-01 3.2749772858e-02 -7.9316032147e-03 1.8702310455e-01 -7.2710027300e-02 -2.7011819049e-02 -5.7615190844e-02 -2.3918750055e-03 -1.9863704764e-01 -5.8256777016e-02 1.1123688659e-01 1.0427929073e-01 3.2874484514e-02 -8.2958332423e-03 -2.8905296801e-02 3.8103317602e-02 9.6750878793e-02 -1.6244795536e-01 -4.4438880516e-02 9.9743119551e-03 -1.5148081256e-01 1.7990986473e-02 7.3216320129e-02 1.9831034851e-02 -9.6147750504e-02 1.7242786242e-01 -1.9548744227e-01 -2.1434196694e-03 -8.3183688242e-02 -6.0663219812e-03 -3.5057129170e-02 -3.6226179402e-02 -3.4799176774e-02 -7.9842478932e-03 -5.7045184069e-02 8.7817129915e-02 -1.2670545709e-02 -6.9326833090e-03 -2.9084581045e-02 6.8071885342e-02 6.4656563997e-02 1.2675183024e-01 -2.4814484678e-02 3.6795594980e-02 -2.6484068532e-02 -1.0401288631e-01 -4.7208494903e-02 -4.8117563337e-02 -4.3053135273e-03 -9.2187149799e-02 -3.2823635853e-02 -4.9300829263e-02 1.1963165807e-02 -1.5033238092e-02 -1.2321562088e-02 2.4884361002e-03 -2.8806050927e-02 7.5614277827e-02 1.2428105636e-02 7.0665485944e-02 6.4454870768e-02
1.7588788510e-02 3.3386438824e-03 -3.6642589497e-02 8.9235997782e-02 -3.3570843769e-02 4.7470531108e-02 -4.8585055528e-02 -1.4883802225e-02 6.3793298888e-02 -9.5721879496e-02 -5.7060347453e-02 6.2649519255e-03 1.7979488085e-02 1.9875588443e-02 6.3886355126e-02 -4.7675679094e-02 7.2450484351e-02 -1.7109336924e-02 -8.4180861826e-02 -4.7152412115e-02 -5.5161373757e-02 3.7133854403e-02 -2.0793784367e-02 3.0746738431e-02 1.3397408899e-02 -2.3889827853e-02 2.4552680308e-02 2.1012008091e-02 3.2729766124e-02 -1.8956092708e-02 1.2350810467e-01 -4.5007172344e-02 -1.0437208187e-01 -3.9554244145e-02 -3.5244677227e-02 2.6162789709e-02 -7.2503823075e-02 -4.7656959017e-03 -6.0433402964e-02 -1.0640653228e-03 2.3977745417e-03 -2.5489999228e-02 3.6025404088e-02 1.9674312790e-02 1.1065694359e-02 -1.7124666241e-01 1.7094762948e-02 -5.5636752789e-02 -5.5381997968e-03 1.5931969810e-02 -6.4490674076e-02 -8.4145373526e-02 4.6279978952e-02 8.4115861426e-02 4.5989375928e-02 7.5822441183e-04 -1.1122372332e-01 -2.3722426035e-02 1.5578845370e-02 -1.1654015911e-01 2.3611676662e-01 -4.7704216646e-03 -1.1343089139e-03 -1.0071214928e-01 1.0039857623e-01 8.4195616691e-03 8.5783047858e-02 -5.3780721267e-03 -2.0966578114e-02 1.0155784936e-01 2.0384243774e-01
-3.6878413813e-02 1.3578130845e-02 -3.1453608693e-02 -5.2887515259e-02 1.8006731389e-02 1.2488387410e-02 1.1792011686e-02 1.2179970401e-02 -1.0457247253e-01 -1.3502941610e-02 1.6612328222e-02 2.7753189066e-02 1.0973837657e-02 2.2149367862e-02 6.5588536111e-02 -3.8722706835e-01 -1.6805665224e-02 -5.5634074544e-03 1.9749154524e-02 -3.1015666120e-03 -8.1150870338e-03 5.3124225161e-02 -2.4327697813e-02 -1.7442514098e-02 6.6220374347e-03 -8.8920225519e-03 1.0077109090e-02 -1.4715758909e-02 6.2093509206e-05 7.7865595923e-03 4.2090796987e-02 1.1441754780e-02 1.0599455585e-02 -3.7873444410e-03 -1.0564015892e-02 9.2565023375e-03 2.6012081422e-02 1.2210309849e-02 1.2445036849e-02 -3.8491672332e-03 -1.5532931567e-02 -1.7602286658e-02 -2.2732609156e-02 7.0617046768e-03 2.2060880868e-03 -1.8577922346e-02 4.4787070353e-02 8.5545600017e-03 -1.2813967842e-02 2.7788756090e-02 -1.0165450688e-02 -7.8493439735e-02 -3.6629683009e-03 6.6442618831e-02 -1.6378616255e-02 4.1828769696e-02 2.2872256110e-02 -7.9197813279e-03 9.2572884350e-03 -4.6240011445e-02 4.0002460414e-02 -2.1910754549e-02 9.5856149034e-03 9.2134586009e-04 1.4057765635e-02 -4.8818309814e-02 6.6596468274e-02 2.3915036396e-02 6.4245474889e-03 1.8658826537e-02 4.9028956492e-02
-5.2674000701e-04 -2.8951086619e-02 -6.0649092933e-02 7.4777837344e-02 -8.7369372008e-02 1.5495369466e-02 3.1698538566e-02 -2.7379921233e-03 -8.2983069043e-03 1.0243519042e-02 2.1595944519e-02 2.1926447636e-02 -2.1853942461e-03 -2.1061321775e-02 2.5237527435e-02 9.8834794186e-04 1.2938202085e-02 -2.2319777899e-02 2.2399024067e-02 -3.1514113415e-02 8.7724072039e-03 4.7642574766e-02 7.0514999629e-03 -3.7687486270e-02 1.5867402613e-02 -1.6071995120e-02 8.5522311813e-02 -1.6193919364e-03 4.7889086931e-02 -6.0707699598e-03 -1.3223520348e-03 1.3077043660e-02 -6.2834052946e-02 -1.5690171307e-02 6.3623846918e-04 -8.3099075193e-03 -1.5545168071e-01 1.0403244752e-02 -2.7876756956e-02 -6.8762278897e-04 -5.4301226379e-03 1.6445077966e-02 1.4804238670e-02 -1.2471507837e-02 -5.2683418516e-03 -2.3624223563e-02 2.7084472614e-03 -9.1837147313e-02 -2.7710210715e-02 -9.6998938400e-03 2.8450736154e-02 -1.1635859858e-02 6.9205362436e-03 2.4170500859e-02 4.8655959849e-03 8.9183442504e-02 -6.3868969655e-02 8.7877627805e-03 -2.1296113873e-02 2.1179556329e-01 -9.0589429115e-02 -9.5493426620e-03 -3.0078134220e-03 -1.2657223515e-01 6.5948222847e-02 -4.8620917648e-03 1.2505372112e-02 -1.6256894361e-02 3.5430988683e-03 -1.4510744039e-02 9.6601418860e-03
-6.0430059241e-03 8.4321136954e-02 6.0209223497e-02 -9.2127273632e-02 -9.9158293627e-03 3.7101962158e-02 3.5471859031e-02 2.6865929649e-02 -5.6839013658e-03 4.6901048310e-02 8.3322356241e-03 3.7594916474e-03 1.2641862666e-02 -1.9932272944e-01 8.1579450193e-02 3.2528062545e-02 2.2093801030e-02 -5.9846518116e-02 -4.1009808831e-02 1.6121968050e-01 9.4065957128e-02 -2.2281873098e-02 -3.5315886315e-02 -1.3274291971e-02 -4.7359618665e-02 4.4695891814e-02 4.7120516905e-02 5.9675047031e-03 -5.5623697309e-02 -2.1423003838e-02 3.1131542415e-03 2.2788383511e-02 1.0225222711e-01 1.0464667838e-02 5.3525246927e-03 -7.1831426740e-02 4.8454449505e-02 -6.7023337172e-03 1.8074479178e-01 -2.3131833978e-02 7.6593145380e-02 2.4980976585e-02 3.3332815589e-02 2.4964418619e-02 3.2939717323e-02 1.4694787446e-01 2.4146245861e-02 5.7063740476e-02 6.5712367804e-03 2.0016083037e-02 7.2746272669e-02 2.2042438254e-02 -1.2666812953e-02 3.2700858540e-02 -7.0691710764e-03 -1.6576310079e-01 2.8314377260e-02 2.9382178870e-03 9.9552667473e-03 -2.2515875559e-02 -3.8587640589e-02 5.1704636336e-02 1.3919843539e-02 8.7202200257e-02 -1.4619466083e-01 6.1858117077e-02 -2.2870324803e-02 5.3648603136e-03 -3.1332364290e-03 -1.8065737905e-01 -1.6433297250e-01
-1.6118212899e-02 -1.5367198337e-02 -3.7323610986e-02 -3.6490531478e-03 -4.1643033954e-02 -8.0596950437e-02 -2.3096548717e-02 -1.4334714786e-03 -5.5415091611e-03 -1.7366544044e-02 -3.4205768552e-02 3.2776248084e-02 -1.6276794052e-02 -2.7094901428e-02 -2.2863029661e-02 1.7064826069e-02 4.3202378592e-02 1.0618137025e-02 -4.3026025963e-02 1.1031900409e-02 1.1073980457e-02 -6.7170984593e-03 -1.4789754939e-02 -3.2022072836e-03 5.1624228838e-02 -2.9183164300e-03 2.8903821691e-02 6.4266542084e-02 2.2218862804e-02 4.2035160302e-03 -1.1796228321e-02 -1.6834969724e-03 -2.6675456634e-02 3.0120548618e-01 -3.3879508238e-02 -9.4950142206e-02 -3.0536145361e-03 -8.9779249617e-03 -5.8449879272e-02 -8.0173557587e-03 -4.5152570266e-02 -1.5654138652e-01 3.8728890492e-04 -4.1578563025e-03 -1.1559889274e-02 3.0558596491e-02 4.5772041592e-02 -2.7115223594e-02 -1.8438058166e-02 8.6425117453e-02 -1.4918430081e-02 2.4775114511e-02 -2.7158969207e-02 1.6028548238e-02 1.7843058487e-03 9.0008307026e-03 -6.7841562674e-02 8.1064367341e-03 1.5062498103e-02 1.3843987841e-02 6.8443777489e-03 -4.2687249025e-02 1.7236982554e-01 -2.2154551950e-02 3.4765362960e-03 -1.2150517203e-02 4.2206771226e-02 -1.5384889822e-02 -3.5909738734e-03 -6.2438901792e-03 -4.5382971856e-02
2.1230582777e-02 -1.7045626974e-02 -2.5130327658e-03 -4.4816626038e-02 -5.6900259492e-02 7.9834293794e-03 -1.1308284318e-02 -1.8338489182e-02 -8.4994913888e-03 -8.0804071076e-02 7.2452453058e-02 -5.0009043379e-02 2.6679600045e-02 7.1805560935e-02 -4.1039209427e-02 1.3192946919e-02 7.5169675313e-02 1.2440052332e-02 5.3465759978e-02 4.7485646154e-03 -1.1202544038e-02 6.2166100075e-02 -5.0168103824e-02 1.3320529304e-02 3.6469751555e-03 2.4926350235e-02 2.6790631009e-02 4.5709310062e-02 -3.1887450184e-02 -5.8519636441e-02 -4.4866356745e-02 1.5456390355e-02 6.9953552156e-02 -1.9570783790e-02 1.8012514581e-02 -1.1795596975e-02 -2.5830675289e-02 2.0274382877e-01 2.6635922370e-02 -4.9218642798e-02 -7.7826590180e-02 -2.1641308735e-02 1.4393555837e-02 -4.2167692834e-02 4.0012774781e-03 -4.8748148040e-03 -2.5143794798e-02 -3.8089929792e-02 3.5318744984e-03 1.4745577781e-02 5.3087760158e-03 -3.4793993035e-02 2.8715127044e-02 -3.5087544654e-03 -8.9116241060e-02 8.5460883964e-02 -1.8775361840e-02 2.8911217900e-02 -6.1289716742e-03 -5.8396186564e-03 2.6224293464e-02 5.8576458280e-02 -1.4128829151e-02 -1.8354888628e-02 -6.2386022878e-02 6.8222786789e-02 3.6808295146e-03 -1.1947784462e-01 -3.5082609269e-02 5.9037286817e-02 3.5940987892e-03
2.1980279198e-02 3.1229463038e-01 -1.9580297252e-02 1.6504208649e-03 1.4431957667e-02 -2.1504586205e-01 2.6224029615e-02 9.9248564354e-03 1.2029676114e-02 2.8940579190e-04 4.1975825691e-02 -2.7913007941e-02 3.6004803158e-02 5.4914601683e-02 2.2946016910e-03 6.3509493306e-03 7.3203099621e-02 -6.3880954304e-02 -4.5831178156e-02 -3.0368750448e-02 -2.7989219538e-01 -4.6637045749e-02 3.8194661726e-02 -1.7210668101e-02 -3.0471688739e-02 6.1226772154e-02 -4.7270267258e-02 -3.9766550393e-02 5.9689044584e-02 6.1691059520e-03 1.2021802847e-01 -2.8405999407e-02 3.4128695394e-02 -4.4807605405e-03 -7.8062120573e-02 5.0632342084e-02 -3.4943217014e-02 -1.4025258718e-02 -1.5493995031e-02 5.9085862788e-03 -1.0174034684e-02 -2.9463693536e-02 4.3150292715e-03 8.3784351197e-03 1.4616584190e-02 9.3173954725e-02 -2.6612240140e-02 -5.5444255836e-02 2.2136548837e-02 -3.7365079119e-02 7.4082734642e-02 -5.6135430121e-02 -1.9778947518e-02 -3.3690526808e-02 -4.8101082301e-03 -3.2274431777e-02 6.1052749180e-02 9.6575044720e-02 3.6962594013e-02 3.6952539714e-02 4.4702852509e-03 9.1972824108e-03 -2.3665858075e-03 -7.4664981306e-02 -2.1192228922e-02 -3.8680471690e-02 -1.5224776185e-02 3.6677836445e-02 -1.0262999607e-02 -2.6425926000e-02 4.7308739374e-02
2.4287374739e-01 -2.9400708902e-03 5.1008139782e-02 -2.3901478918e-02 5.8893786880e-02 9.6907506915e-04 3.1385061235e-03 -1.2428005564e-02 8.4863935759e-03 1.9012714320e-02 1.8816331475e-02 1.4883890631e-02 5.6885403267e-03 -1.5781117426e-02 1.0632323231e-02 7.6434055575e-03 3.8701503219e-02 -3.0111480611e-03 2.8021317635e-04 -2.7771516263e-02 1.8689651257e-04 2.2303890898e-03 5.7618588882e-03 -2.9844673299e-02 -4.6979094935e-03 -6.6345681959e-03 -8.4710446397e-03 2.6794102092e-02 -3.1366464680e-03 2.5456934767e-02 -9.6983870274e-03 -6.7331255965e-03 -1.2833960505e-02 1.3039646464e-02 2.7623068654e-02 -1.1759320346e-02 -3.8868315571e-02 7.4015465611e-03 -3.2864513530e-02 -2.8401354093e-03 3.5228280567e-02 2.8597299839e-02 -5.8231864619e-03 1.1784209779e-03 9.8093706789e-03 -4.6407132553e-03 1.1536983243e-02 6.5327613194e-02 1.1238494706e-02 1.2391013820e-02 9.8379993870e-03 4.2244424169e-02 -2.7381352164e-02 3.6762352127e-02 -5.6071590860e-02 -6.5113236470e-03 5.0386552024e-02 -2.0801688183e-02 1.8753764990e-02 1.9578677966e-02 -2.3233568289e-02 -2.0916080826e-02 1.1116504662e-02 8.7526225392e-03 7.7926350976e-03 -5.6897958592e-02 9.0438015648e-03 -4.7590594244e-03 5.3203689707e-02 -7.5736119537e-03 -1.6163644084e-02
4.3626168984e-03 -1.2677219308e-02 1.3201409628e-02 2.8642918911e-02 -3.9981913867e-02 -2.1171223158e-02 2.3864164631e-03 4.7777948875e-03 1.7904097148e-02 -1.6792686084e-02 -9.6314614596e-03 -1.3702798221e-02 3.1866561150e-01 -1.3850509691e-03 2.7534597205e-02 -1.8698520912e-04 -1.2651697808e-02 5.0563808592e-04 3.3596967281e-02 -5.3960218666e-03 -1.0372383377e-03 3.2897342895e-03 4.0095970183e-02 1.8572086670e-02 1.9378246522e-02 -1.0745968541e-02 -3.4010547194e-03 3.7079536589e-02 -2.4967693216e-02 2.2010042033e-02 9.7724965693e-03 -5.3046438817e-03 7.6826770724e-02 -1.7624417420e-02 -5.2697516618e-02 -2.0471736324e-02 -4.0397203222e-02 -6.4454151212e-03 1.2804358650e-02 1.5120617167e-02 6.5756307065e-02 3.2526924248e-02 6.0580890071e-03 -8.5250636355e-03 -2.1783264879e-02 8.1230674258e-02 -2.0131281604e-02 3.6974751550e-02 -1.4411293708e-02 6.0684669293e-02 2.9768003368e-02 -7.7148663772e-03 1.6930114029e-04 1.2400430012e-02 1.5955076180e-02 3.0067472011e-04 4.0195330789e-03 -1.2849305121e-02 1.5298111685e-02 -7.1485669908e-03 5.3688947867e-02 -3.2149690067e-02 -7.9921959197e-03 -3.2083804119e-02 5.2296580029e-02 2.8395023954e-02 1.3194712214e-02 4.8989394940e-03 -1.6296392358e-02 6.1264039641e-04 -3.1922536049e-02
-2.2750015897e-02 1.8901865826e-02 -5.8537195796e-02 1.3350557618e-01 -5.6224083165e-02 -2.8124158307e-02 1.4023884096e-02 -1.4900206334e-02 2.1143287631e-02 4.4652967202e-02 6.4403876006e-04 -8.5344240148e-02 -2.1609857810e-02 -1.5406292288e-01 -8.3437725722e-02 8.3089074575e-04 -2.8700490256e-03 1.6546748438e-03 1.3529120141e-02 5.4813385247e-02 2.4875915808e-02 -1.1259912805e-01 1.2670720191e-02 -4.5259990737e-02 -1.2453756145e-02 7.9244093865e-03 4.2344840264e-03 7.9336622807e-02 -1.4706431715e-02 4.7068445050e-02 -3.4317496162e-02 -1.5747756039e-03 1.2329150618e-01 -2.3982661024e-02 1.4829515087e-02 1.8629382707e-02 -4.3662764674e-02 -5.8971919304e-03 -2.3989341783e-02 3.7906790785e-02 -5.1396576163e-02 2.0901828731e-02 -1.0026077644e-01 2.7380093358e-04 9.8943875463e-04 -3.8460977705e-02 1.1922947630e-01 -4.1265931915e-02 -1.7850027832e-01 -3.4948425753e-02 -2.4014106219e-02 1.0461219808e-02 -7.2706483227e-02 4.9692088261e-02 -9.0694505483e-02 -2.8091784040e-02 9.2873282056e-02 4.3841561142e-02 -2.4202970532e-03 -5.8912994572e-02 1.7893164642e-02 -4.2132718080e-02 -6.0851981418e-02 -3.0009030672e-02 3.0917197356e-02 -1.3712859242e-01 -7.4185677766e-02 -8.7249364472e-02 2.1509539378e-02 -2.3170677242e-02 6.5089474912e-02
-7.2229465760e-04 1.0762358512e-02 5.9268443608e-02 8.4993534053e-02 -1.2094621411e-02 -5.3601142089e-02 -6.6626678622e-03 -1.5058272250e-02 7.0440593378e-02 -1.1532620248e-02 3.6466393399e-02 1.8905161528e-02 6.3697059067e-03 -8.6267270371e-02 2.0233486317e-02 -2.4674830116e-02 4.9183709270e-02 3.4154204406e-03 -7.8362521413e-02 3.6684126865e-02 -1.1452121620e-02 6.4318652347e-02 -1.9204442040e-02 1.9528522134e-02 2.7166293216e-02 3.4519973207e-03 7.8995934500e-02 4.8135113333e-02 -1.5736837465e-02 1.7776993844e-02 3.7823865884e-03 8.1416020152e-03 -1.3227135917e-03 -1.5789327127e-02 6.1942261737e-03 2.3581686920e-02 -1.5073427377e-02 1.2540282730e-02 -8.0206983612e-03 2.8756947946e-03 -9.5336660708e-03 3.5340740234e-02 4.1869089756e-03 1.2723652533e-02 5.8181139117e-03 1.2547653570e-02 1.7858479571e-02 2.1107023340e-02 1.7320101082e-02 -6.0272390137e-03 -4.7342813645e-02 5.8510220893e-02 2.9682647881e-03 3.6188783790e-01 -1.4476917203e-02 5.6435063572e-02 -3.0722876476e-02 1.1400503624e-02 3.9483900123e-03 -5.2818283861e-02 4.8414395262e-03 -1.8921907379e-02 8.4986783623e-04 -2.3352217847e-02 1.5955683552e-02 1.7588902425e-02 -2.9290741661e-02 4.2965824433e-02 3.9523278925e-02 5.5338367880e-03 8.5308603606e-02
-1.2536508636e-03 2.5089017049e-02 5.6340379866e-02 2.2842095001e-01 -3.9145354907e-02 8.6104960150e-02 -6.5192542835e-02 -9.8522008161e-02 -9.0368560279e-02 1.3702509291e-02 2.1480848663e-01 -1.9699485577e-03 -6.5933711029e-02 1.4997543164e-01 2.0065704866e-02 -4.5843756529e-02 1.9797463353e-02 -3.1355395946e-02 2.3148990995e-02 1.0043714715e-01 -6.8876251884e-02 -1.0766127746e-01 6.6829716532e-02 -3.4543269406e-02 -4.1762672305e-02 9.6749162857e-03 -3.1729430310e-03 -6.9673128040e-02 2.1383379060e-02 2.4378987619e-02 -9.8368055258e-02 -8.0496759692e-02 -4.3071612200e-02 2.1930032464e-02 2.4795846057e-01 -2.5911187501e-02 -8.0553951358e-02 1.5743743530e-03 2.0614568008e-02 9.2831724466e-02 2.4967256752e-02 1.3686276179e-01 2.1775199103e-02 -9.7866857831e-02 -7.2448644051e-02 6.7179815873e-02 1.6247601758e-02 3.2337618835e-02 4.3195833740e-02 -4.6213211599e-02 1.8179424163e-02 3.8719342772e-02 -2.2354869647e-02 5.2708075262e-02 -3.3330801205e-02 -1.5789883061e-02 -9.1672599916e-02 -3.0008295956e-02 1.5773978335e-02 1.6533336434e-01 -1.1880806996e-02 1.4000143479e-01 -3.2861483448e-04 1.6676537429e-02 5.2647580927e-02 5.0870609599e-02 5.1233191062e-02 1.4474253518e-02 -8.6499138354e-03 -3.8021356836e-02 2.7794533515e-03
-1.4936956722e-02 -2.0021048225e-02 9.1152817284e-02 8.3227628815e-02 -3.7017945683e-02 -1.6949552840e-02 1.6830446993e-02 -7.9891201580e-03 1.3903762373e-02 -2.3932399153e-02 -1.4729932710e-02 8.0719104622e-02 -2.0025382657e-02 -5.7257905247e-02 -2.1101167518e-01 5.2308773652e-02 3.7666847565e-02 -1.5839865481e-02 -2.6192753842e-02 3.9435455761e-02 2.1525527650e-02 -2.1156186321e-02 -6.1241919489e-04 -2.0316953903e-02 -8.1927758430e-02 -9.2357459912e-03 4.9862122304e-02 3.3015133449e-02 -2.4929687897e-02 6.7883129492e-02 -4.5507193761e-02 1.2331501083e-02 2.1609806376e-01 4.9850137579e-02 -2.9934053825e-02 -1.2857069769e-01 1.1555497844e-02 4.4766089210e-04 -1.1110878925e-01 -1.5606392391e-02 6.3644067746e-02 2.4875623595e-03 -3.0601074416e-02 8.1563523096e-03 -3.8922061711e-02 1.0008380719e-01 2.7731677579e-02 2.1733128661e-02 1.0107466568e-01 -6.2169835172e-02 -1.4961064918e-01 -1.8311904010e-01 2.7132248445e-02 3.7263262763e-02 -1.5251231318e-02 -1.6544865548e-01 1.6006169375e-01 3.0436257552e-02 1.9957756579e-02 -1.0023153322e-02 -5.7151829425e-02 -2.5936846140e-02 4.8504965611e-02 2.7767897919e-02 6.7424218508e-02 -6.7587288088e-02 6.1896619498e-02 1.6643918789e-02 -4.0136068506e-03 -2.6360987303e-02 8.7404913157e-02
-1.7290004133e-02 7.0978523607e-03 7.9327440668e-02 3.9487373707e-02 3.6258144835e-02 -7.8030085151e-02 1.2853504731e-02 1.2238598114e-02 -1.5612479281e-02 -5.5758278187e-02 -4.8233050965e-02 -6.0015030756e-02 9.4775216344e-03 -8.0997213540e-02 -2.1424911004e-02 5.9382907376e-03 -1.6439208135e-02 -1.6900575040e-02 -8.6210824087e-03 -5.5643022386e-03 3.0919781485e-02 -3.6753674560e-02 6.4944245602e-02 5.2071952784e-02 7.1568565423e-03 8.5882277499e-03 -1.0217059890e-02 -1.2372691595e-01 1.3229558592e-02 3.7591594960e-02 -1.5690750792e-02 1.4838314726e-02 4.6779851376e-02 -1.3905985147e-03 5.9893696402e-02 -1.4606757466e-02 4.9722729754e-02 -7.2569429649e-02 2.3777709882e-02 1.5433834044e-02 1.1159760844e-01 -1.7580908393e-02 -2.1183105997e-02 -1.5267454597e-01 4.1390429859e-03 -6.2197462358e-02 -2.6920741817e-04 2.2885945271e-02 3.9025257873e-03 2.9542426698e-02 -3.4181822422e-02 -7.3796502882e-02 9.0033417234e-02 -1.4426596119e-02 -1.0296993737e-02 1.8220977145e-02 -1.4959081436e-01 -1.0378434758e-02 -2.9164735690e-02 2.1099658810e-02 -7.2838144151e-02 -1.0016809533e-01 1.1688859159e-02 -2.7173406118e-02 -9.6732551163e-02 -1.5097856541e-01 7.7314381746e-02 7.4088034173e-02 2.5919397603e-02 9.7179585675e-02 -5.6579787138e-03
2.8069282138e-02 -3.0370799399e-02 5.2291701623e-02 -6.8886301995e-02 9.0369250814e-03 -8.2316055955e-03 -2.4914691751e-02 -1.4032855405e-04 -1.3163539481e-02 -4.0313648238e-03 7.2266033130e-02 -2.3408667669e-02 -1.5479165068e-01 -2.8088158075e-02 2.9917655693e-02 -1.6569661537e-02 -2.6061642079e-02 9.9615620104e-03 4.5056488111e-02 4.4550902275e-02 -4.9599135768e-02 -1.3308163054e-02 1.6180056601e-02 2.7974480837e-02 -3.3566752654e-01 -2.4527185495e-02 5.1170463508e-02 2.5555000764e-02 -4.3680254184e-02 -2.6206233260e-02 -3.8541180549e-02 -2.5390394587e-03 1.1895643748e-02 2.3191976538e-02 -4.9757203058e-02 3.3415753193e-02 3.5593890482e-02 9.3681553869e-03 -3.6561373217e-03 4.8083967395e-03 -4.1843675248e-02 -1.3790638166e-01 2.6466080869e-02 -1.9368388007e-02 -6.1496327947e-02 -5.1348915687e-02 -1.5334294280e-04 -1.0075277318e-01 1.3129854181e-03 1.6387896912e-02 -8.5729358494e-02 5.0691562262e-02 -1.7182745783e-02 -1.7930552824e-02 1.2400070321e-02 6.4987827479e-02 5.6689026885e-03 -7.7686707735e-03 -6.4670183378e-02 1.7276414001e-02 -9.4863978378e-03 -1.6978529036e-03 -5.9979943029e-02 -3.0955091545e-02 -2.9454863700e-02 7.8016602939e-03 -4.5454101714e-02 6.3996509464e-03 1.8163961033e-03 -2.8888317619e-02 -1.7311581238e-02
2.1660326641e-02 -1.2697185277e-02 -3.8093776036e-02 1.3743243939e-02 -2.2028878050e-02 -4.0643310488e-02 2.2201129218e-02 -1.1709368589e-01 -1.2527777415e-02 -6.0244314364e-03 8.4328864057e-04 -2.3607573662e-03 4.9010985750e-03 4.2952311243e-02 -3.8477792605e-02 -7.5071608952e-03 7.3200560930e-02 -7.8867852642e-02 -1.9569604886e-02 -5.0767511750e-02 5.5445674375e-03 8.3296379533e-03 -4.4625265026e-02 -2.3877163044e-02 -9.3340005777e-03 3.7194879872e-02 -9.5909327452e-02 -7.5567413294e-02 3.2006624523e-02 6.5354352159e-03 -2.2993397805e-02 2.1045585563e-02 3.9653250593e-02 2.3138834915e-04 -7.7495158768e-02 5.6782263237e-02 -1.3763829292e-02 -5.2062100919e-03 -9.3016757205e-03 1.3463442832e-02 -8.3381221638e-03 -2.9596109949e-02 -6.2220077796e-03 -2.1410953878e-03 -1.4444180258e-02 5.2620910957e-03 -1.0440776087e-01 1.5487272836e-02 -1.6034214871e-02 -1.8331895803e-02 8.2739648919e-02 -1.4430772567e-02 -2.3645210986e-02 6.1657029297e-04 9.4950807168e-03 -5.5403062164e-02 1.7912465374e-02 -1.0861436514e-02 1.4330408635e-02 5.6845060332e-03 1.3420456236e-02 -4.5273109018e-02 1.2686092087e-03 -1.1671762412e-01 -7.5328065576e-02 6.9000547149e-03 -5.0609488857e-02 3.2162350779e-02 2.9259279808e-02 -2.7639046548e-02 -1.7570354138e-02
-5.1576007243e-03 2.7182055503e-03 3.5629390369e-02 5.5035579463e-04 4.6115795245e-02 -1.8443050207e-02 -2.4784108549e-02 -5.7939039300e-03 8.1527178976e-03 -1.1101829178e-01 -8.0664555554e-02 -1.0043522225e-01 1.1324765153e-02 4.6712704796e-03 2.3580676176e-02 1.1237684306e-02 4.2463753105e-02 -1.8563142958e-02 -4.5203514745e-02 -2.8399872836e-02 3.4800638648e-02 3.0075323530e-02 -2.4425356113e-02 -3.4365908175e-02 -1.1877190690e-02 1.1727479685e-02 -2.3122937547e-02 7.6277013545e-02 2.1449696103e-02 3.4061834824e-02 7.1523513176e-03 9.7152480742e-03 6.8064033595e-02 1.8587939974e-03 4.7276162609e-02 -1.5012600340e-02 -7.6225304383e-03 -1.9431496678e-03 5.7578830446e-02 2.2714423947e-02 -9.1933007552e-03 -6.1322386210e-03 -1.7026908688e-01 -3.6129201741e-02 1.2247056769e-02 -5.2623058650e-03 -2.8838477025e-02 -5.2950509197e-02 -4.6567694624e-02 -2.6480193293e-02 5.8755877603e-02 -7.0053185752e-03 -1.8941940133e-01 3.5704452151e-02 3.2556542465e-02 -4.7606158041e-02 -3.6428087267e-02 4.2162241757e-03 -2.4380575930e-02 1.5188127457e-02 -1.8887294528e-02 2.1472046159e-02 -6.6639328437e-03 -2.4095416601e-02 3.8924362807e-02 -6.6017845335e-02 3.4662963554e-02 2.8524408577e-02 4.6234183694e-03 1.8609673969e-02 -4.2627018014e-02
-1.9445972758e-02 -1.1908610621e-02 -3.1888866286e-03 -1.7420029473e-02 -2.0894352986e-02 2.3363342700e-02 1.2409612185e-02 -1.5018230054e-02 3.3690725153e-02 -1.7481854317e-02 -5.0739001104e-02 1.6415315896e-03 -5.2565844651e-03 -2.2320053208e-02 -8.7650988075e-03 3.3198588000e-02 -1.9841855289e-02 4.3758146753e-02 9.6990039218e-03 6.3486948778e-02 -3.8178273176e-02 -3.6405667987e-02 -2.2409152457e-03 -1.6770645139e-02 -1.5839609706e-02 -7.0979328508e-03 -1.0492906072e-02 2.2319172445e-02 -5.7466501487e-03 8.0374271664e-03 -1.7913153512e-02 3.4812687833e-01 5.9117060931e-02 9.7305221679e-03 1.4338966613e-02 3.2519943504e-02 -4.5194798665e-02 8.3833899711e-03 -1.3007123660e-02 -9.0566715511e-03 3.8936390953e-03 1.3679412957e-02 -3.7907915038e-03 2.5874725451e-03 3.1810371784e-03 -4.2653324576e-02 2.4985823616e-02 -6.9592801680e-02 2.4027164814e-03 1.2204618592e-03 -1.5742401770e-02 4.4042518859e-03 -2.7173566598e-03 9.5595172916e-03 -1.9661057901e-02 -3.1919168394e-03 2.0712678932e-02 4.0754100575e-02 2.8312613821e-03 -2.1679127412e-04 5.5277190778e-02 -1.6926186281e-02 1.3595778776e-02 -4.3254510207e-03 -2.3823232770e-02 -8.7941019191e-03 4.4379971093e-02 8.0347271509e-03 1.6222931524e-02 6.6873659727e-03 1.9352575450e-02
-2.2133189340e-02 -2.8017375404e-04 1.0328949794e-01 5.0831189855e-03 -6.2549308415e-02 -7.1382747871e-02 -2.3587855853e-02 1.5533352368e-02 2.4689798660e-02 3.2185902927e-01 -5.6290178806e-02 -3.6154886093e-02 2.7428922315e-02 -1.6174054638e-02 -6.8245841412e-02 -4.4788447356e-03 -4.7375131049e-02 -5.4571912039e-03 1.0987889363e-02 6.6258685010e-02 2.5993081914e-02 7.4925185078e-02 3.7807595112e-02 -2.2086980456e-02 1.3796972906e-02 6.8361878473e-03 -6.9639216385e-02 2.7681116764e-02 -1.4168196854e-02 3.5371770304e-02 2.9975143350e-02 -1.6795598087e-02 8.0360670693e-02 -2.7956296066e-02 4.9941184352e-02 -2.4293799077e-02 6.0582718354e-02 7.3166351545e-03 -4.0922050602e-02 1.0850990321e-02 -1.2228117810e-02 -6.7892437638e-03 -2.2289865164e-02 5.9247678197e-02 1.3419600275e-02 4.2570763856e-02 -1.0389639980e-01 -1.2642899741e-01 1.0222587257e-01 -1.3318481506e-02 8.0053123749e-02 1.6314939983e-02 -5.7727662406e-02 1.3257971095e-02 6.5027095235e-03 8.2017434511e-02 -5.6196113978e-02 -4.4115129198e-03 -3.3779102623e-02 2.9454073467e-02 3.4249980084e-02 -2.2902734478e-03 6.5822340155e-03 -5.5096257667e-02 -9.2436379906e-02 -2.2801805881e-02 2.1215195552e-01 -1.1540947300e-01 1.5045387718e-02 1.6396695524e-01 1.6467666857e-02
2.4784619452e-02 -1.8171893917e-03 -2.2305351942e-03 -2.4885853930e-03 4.3634405962e-02 -1.1259307942e-03 3.5703048488e-02 -3.9139608279e-02 1.8903020371e-02 1.8095541556e-02 -1.8928305944e-02 -1.0025220409e-01 -1.0438265539e-01 -5.3977846158e-02 -2.1554152123e-01 2.2328068973e-02 4.4401365470e-02 -4.9295894468e-03 -4.5269322398e-02 1.4738563674e-01 8.5879259258e-02 9.1415262103e-02 1.6168301804e-01 -5.6376456117e-02 -1.0117358078e-02 1.0569675483e-01 2.6985385908e-02 -5.6760062742e-02 2.5999696600e-01 1.1468105247e-02 9.8218174610e-02 -5.1071035490e-03 -8.4066982584e-02 5.6911938221e-02 -2.0903383415e-01 2.1434512772e-02 1.4308940628e-02 -6.3344765709e-04 5.3229185400e-02 6.4082192257e-02 2.2440943333e-02 -5.6142009342e-02 -4.7564245528e-03 -7.6994822261e-02 8.7816467306e-02 9.1200649828e-02 8.4963407742e-02 1.2372697541e-01 -9.5038487625e-02 -1.2292165433e-01 1.3211945767e-01 5.5597156034e-02 -9.1611590870e-02 -3.1300523323e-02 -1.1292680715e-02 1.2770715335e-01 3.2659179945e-02 -4.7655117560e-02 9.4131526737e-02 1.9836828525e-03 1.1504621760e-01 -7.3152531615e-02 3.4293478581e-02 -6.5949673078e-02 -7.6605216234e-02 9.9319832329e-03 5.2507672723e-02 -1.1567412645e-02 -2.6920651659e-02 1.1656113884e-01 -1.5572637847e-02
-3.3669584953e-02 8.1737925291e-02 -1.0256696666e-01 -3.1552857394e-02 -9.7587503321e-02 8.3117884461e-02 6.0738112663e-03 -2.0700977661e-02 -3.3747417482e-03 -1.5663619516e-03 -2.9784868391e-02 7.0453963773e-03 5.2055250188e-03 -5.9800069595e-02 6.4666046793e-02 3.2520141440e-02 -2.4058442072e-02 5.3825372777e-02 5.8351388070e-02 3.2935113066e-02 5.8990067703e-02 -7.9055396259e-02 -3.7793666777e-02 1.3154201075e-02 -8.7343598107e-02 1.7482155576e-03 1.0240301528e-01 -9.6965354552e-02 -5.7477496255e-03 1.4905699813e-02 -1.4993347160e-02 -1.2782217864e-02 -1.8893687486e-01 9.1114637165e-03 1.3171299384e-01 -4.6355239359e-02 -8.5979638058e-03 -9.1763090256e-02 -4.4245470927e-02 8.5286962308e-04 -4.1041248959e-03 -6.7538915792e-02 7.2171682509e-02 8.0831265670e-02 -5.2022934723e-02 6.5583945841e-02 3.7005283404e-03 2.9252736016e-01 7.9941550317e-02 -1.0228862821e-03 1.9170370135e-01 -1.7389177577e-01 -1.6727361469e-02 -1.0448589304e-01 9.5394534027e-04 8.9976001688e-02 5.2595839920e-02 1.9954657479e-02 -1.6713335620e-02 8.9199816190e-03 1.0869419947e-01 -1.5606822183e-01 8.8400815722e-02 7.6221562336e-02 -5.4055965319e-02 -3.7859014962e-02 -1.6004835528e-02 -1.0237358914e-01 6.4096900247e-02 -2.1743015442e-02 -5.7175552346e-02
3.8166042364e-02 -9.8345188817e-02 -1.4849561072e-03 4.1278163242e-02 1.3331668652e-01 3.6191817302e-02 1.3714753628e-01 1.0031143134e-01 -7.5702175925e-03 2.5820993682e-02 3.3541515389e-02 2.7958098840e-02 -2.3308183689e-02 1.0595020985e-02 6.8396641796e-02 -6.3260265795e-02 8.7733831489e-02 -3.6680336570e-02 -7.5447786067e-02 -2.0364830512e-01 -1.2124797075e-01 5.6336363278e-03 1.8289768713e-01 1.3151675550e-02 5.7399624602e-02 1.1362728487e-01 1.0967005496e-01 -1.8403242556e-02 -7.3679860028e-02 -2.7798286722e-02 -3.5074688327e-02 -7.8327109179e-02 6.3806531757e-02 -8.5194824003e-03 -1.0202843786e-01 1.0671568418e-01 8.1798115150e-02 -7.8779632997e-02 2.9655837852e-03 3.1231914715e-02 -2.0611789751e-02 -1.2672130479e-01 -7.8561331063e-02 8.3110554710e-02 -2.2018623539e-03 -4.5133669800e-02 2.0132593761e-01 1.4384089497e-01 5.7862997921e-02 -2.5282156693e-04 1.7425786368e-01 4.5748922809e-03 6.2323102279e-02 1.8682350796e-02 -8.9668996912e-03 -6.2196079980e-03 -2.1054995140e-02 7.4591751702e-02 -1.2457445825e-02 6.0759492792e-03 -3.3293988649e-02 5.5248774767e-02 -5.5662194141e-02 -5.5296259004e-02 2.3616250858e-02 5.0681737107e-02 -1.2219436347e-01 4.7317696155e-02 1.0412280882e-02 -6.2677218122e-02 -6.7408544024e-02
-1.0004971876e-02 2.4335038715e-03 -1.1230987625e-01 -2.3521841412e-02 -9.0969844841e-02 9.8248096368e-02 4.3526155624e-02 2.5084968749e-02 -8.7416618888e-03 -2.2426613367e-02 1.0104334084e-01 4.3713181750e-02 9.5055327777e-03 -3.2150994148e-04 1.2273162671e-01 2.2315158491e-02 2.7554042626e-02 4.4197462103e-02 4.2907473187e-02 -5.7164062453e-02 -8.4577253810e-03 -6.9517832472e-02 -1.9804162536e-03 -2.7777720762e-02 -1.2392117039e-02 -1.8415278449e-02 5.6160145283e-02 6.7631013708e-02 -3.0488169642e-02 -1.2365850572e-02 3.3538985816e-02 1.3985581784e-02 1.0222531361e-01 2.2913762655e-02 2.8667144219e-02 -6.7068242811e-02 5.1378922035e-03 1.4594736115e-02 -2.9745308645e-02 1.0395215097e-02 4.5195957581e-02 -3.4135426735e-02 -1.4615291413e-02 3.2882561759e-02 -8.5137238531e-03 -5.2385742062e-02 -1.6842560043e-03 -4.3993515570e-02 -3.2203275650e-02 4.9857280962e-02 -5.3904505090e-02 1.0526130149e-01 1.4099318231e-02 1.9247575199e-03 -9.8574901134e-03 4.5249601985e-02 -6.9044941952e-02 -9.6608714667e-03 8.7815752106e-02 -1.7743280555e-02 -2.2941603667e-02 -3.1323439944e-02 -1.0146390060e-01 9.7675723085e-03 -2.8702452424e-02 -4.7003386532e-02 -1.6817913955e-01 8.8961932448e-02 -8.9710716469e-04 9.9910697900e-02 7.0194508520e-04
3.4129198077e-02 2.4754445625e-02 -5.0743832802e-02 5.6216609964e-02 8.4533989550e-02 6.0575687727e-03 4.4639987873e-02 -7.1321337451e-02 6.9319469335e-02 -2.4416539100e-02 1.6417022104e-01 -2.2909866692e-02 9.9125782715e-03 2.4774853700e-02 -7.2621679220e-03 -8.8219966069e-03 9.3891542136e-02 -1.5695744327e-02 -1.2350322130e-01 -4.4318090480e-02 1.7596735856e-02 -6.7217878052e-03 -6.9591348778e-02 -2.6148954172e-02 1.2887489965e-02 1.6326307564e-02 1.6614713533e-01 5.4941125190e-02 -1.1018360588e-01 4.1898897022e-02 1.7620860427e-02 1.1789995950e-02 7.2801460814e-02 3.1112415175e-02 -2.3527456743e-02 4.1403306670e-03 6.3166286382e-02 -7.4726411083e-03 8.0339549188e-02 -3.0585235158e-02 8.2820316686e-02 7.8270011278e-02 1.0297042436e-01 1.0325035915e-01 3.1772399738e-02 -5.7128813269e-03 -9.2834811201e-02 1.2255434426e-01 -1.4378156728e-01 1.1724019889e-01 -6.2665116939e-02 -1.5627960336e-01 -8.6023177957e-02 -5.3450965998e-02 -3.5125254954e-02 -1.3193132016e-01 -1.4559796728e-01 1.4422965700e-03 -6.3238465646e-02 1.8259272218e-02 1.4130894824e-01 4.6880153785e-02 3.7647772609e-02 3.9816148249e-02 -6.1881062343e-02 -2.1283341436e-02 1.0991702517e-01 -1.1358995467e-01 6.8083927403e-02 4.1323775443e-03 4.2294776836e-02
1.1639184814e-02 -4.6667698994e-02 -3.6319963607e-02 -2.3833147340e-02 2.3981024349e-02 3.7327554049e-03 -2.2185570323e-02 -6.9152394021e-03 1.5532926327e-02 -8.9622937850e-03 -2.5572087601e-02 -6.9027704968e-03 1.1476648957e-03 -3.2134375774e-03 -5.1718524416e-02 -1.5508193652e-02 9.1576597465e-03 2.2306603079e-03 2.0167355600e-03 1.0655333482e-02 -1.8707765602e-02 -5.9410501349e-02 4.7940035032e-02 3.8925768921e-04 -1.1453102094e-03 3.3558329888e-01 5.0758634057e-02 2.7526230789e-03 5.4846755461e-03 -2.4395923782e-03 3.1275141734e-02 3.8835352495e-03 4.2639378783e-03 4.1996259449e-03 3.1678984436e-02 -2.8818142459e-02 -3.9172549492e-02 1.0736723874e-03 2.7605144038e-02 -1.0967112119e-02 -1.3728621674e-04 -2.6741822716e-02 8.1029520137e-03 1.1503960445e-02 -2.1711166789e-02 -2.4229393127e-02 3.5891894030e-02 3.7065236100e-02 2.4391939160e-02 2.5290200561e-02 -1.2516554586e-02 2.8244853789e-02 3.2913671469e-03 1.2212613716e-02 2.0869988374e-03 -3.0677635796e-02 -1.3473772599e-02 -1.4330444635e-02 -2.5268489955e-03 -3.1645069626e-03 5.2484725518e-03 1.1399484560e-02 4.2367862674e-03 2.3108596278e-03 3.8757304308e-03 7.4865780338e-03 2.9391242506e-02 2.2675827164e-02 -2.9339597200e-03 4.0051485892e-02 2.1105496766e-02
1.9793728136e-02 -1.8134491096e-02 3.7969376821e-02 1.1003438105e-01 -8.8866449609e-03 -6.9653289229e-02 -1.6433897624e-02 -7.2915505180e-02 -9.0285855115e-02 -2.5902724179e-02 1.1451346575e-01 -3.7271493486e-02 -1.0375743038e-01 7.2500792997e-02 4.8228725008e-02 5.9687679010e-02 2.0421133101e-03 9.9739853523e-02 1.4295032367e-01 3.9214042904e-02 4.5005604702e-02 3.3141177744e-02 -3.2413276626e-02 4.7467217754e-02 -2.2968555164e-02 2.4729445714e-02 1.4764073176e-02 1.1104650424e-01 -5.8791115721e-02 -2.1093299222e-02 1.3375503397e-01 9.4471104739e-03 -8.9095459910e-02 3.0090065158e-02 -7.2318994991e-02 3.3645161092e-02 -2.4033835383e-02 1.5890296935e-02 -1.1519536808e-01 3.3241035118e-04 -5.9239630854e-02 -2.2306129197e-01 -3.5352579177e-02 6.5612820607e-02 3.4562365806e-02 -1.3811580419e-01 1.2414528402e-02 4.2207161055e-02 6.8579230939e-02 -1.0459743548e-02 -7.6655313918e-02 -1.4410427936e-02 5.3973887287e-02 -3.8162183106e-03 -1.0790910404e-01 -2.8805552394e-01 -4.4740745675e-03 -2.2879696084e-02 -2.1337186564e-02 1.8500040848e-02 -7.1155954629e-02 -9.3951286338e-02 1.4113395326e-01 8.9927383698e-02 -6.8634233492e-02 -1.6354170900e-02 2.0894268018e-02 6.3877500085e-02 8.4893166355e-02 -2.8389753835e-02 2.2118430016e-02
2.4712719000e-02 3.9139648890e-02 -6.2258708487e-03 1.8419356712e-02 1.1563247133e-01 -3.1808343237e-03 5.2717586229e-02 5.6203158796e-02 4.9077956334e-02 1.6538315061e-01 -2.6701568544e-02 -2.8984175918e-02 3.8335721336e-02 9.1416413753e-02 -5.2768829099e-02 7.0230521887e-03 1.2491040825e-01 -1.5699443170e-02 -1.4156316743e-01 6.2618218111e-02 4.7615680125e-02 -1.4993762638e-02 -6.3998426778e-02 1.7117425078e-02 -1.0363371433e-01 -3.3338323410e-02 8.4777356073e-03 9.2253859638e-02 3.6631956026e-03 -8.3706036551e-02 7.9601051298e-02 1.8237541951e-05 -7.2851238929e-02 8.0823021987e-02 7.2902827342e-02 1.3750005766e-01 -7.5885289234e-03 -1.1489338589e-01 -1.0176625503e-01 3.8567436337e-02 -2.0040748734e-01 1.9353447649e-01 -2.2447467194e-02 3.1737691757e-02 5.8851620883e-02 9.6598977539e-02 8.5115865381e-03 -1.2859890735e-01 -1.4032029430e-02 8.1553396552e-02 -3.8651292127e-02 6.3533613289e-02 -1.0732640244e-01 8.9026829054e-02 1.0747209355e-01 2.3681870683e-01 -4.6192127162e-02 -1.4892921078e-02 -1.2693451163e-02 2.1242281529e-02 -3.2331398780e-03 -3.4180020691e-02 8.7376511220e-02 -2.8244974648e-02 3.6099063039e-02 -1.2288095878e-01 6.7155455070e-02 1.1301586063e-01 7.1593495972e-02 -5.9352242089e-02 -1.8710232072e-01
2.5148110118e-02 -8.8005971570e-03 -9.0474705291e-03 -9.1877436540e-03 7.8837703213e-02 -2.5881189326e-02 2.4617754418e-02 9.8508323351e-02 -1.3757420081e-02 -1.6671460185e-02 -1.2322457270e-01 -2.3218498836e-02 1.5660585001e-02 1.2143326129e-01 1.1242834408e-01 -2.5254820998e-03 -8.1813569667e-02 1.9521617126e-02 3.9606711947e-02 -9.8338856885e-02 -5.8668571811e-02 -3.9819019503e-02 -3.0471257209e-02 6.0855000236e-03 -3.2603270681e-02 8.1576584684e-02 -2.9017832396e-02 -2.2692384281e-02 -1.0633263918e-01 -2.8142016970e-02 -3.7953494028e-02 1.1919381141e-02 1.0085132738e-01 9.7866701269e-03 4.8842578531e-02 -2.8873415796e-02 -2.7735485621e-02 1.1256512198e-01 3.4342193937e-02 8.9633870098e-02 5.9578323591e-02 -4.5329933157e-02 2.7388448174e-02 6.3894243359e-03 -1.5928045125e-02 -4.3872841405e-02 5.8674726153e-02 -1.0636784810e-01 -1.2760479978e-01 -3.9205434722e-03 -2.3490318324e-02 6.8284886306e-02 -6.8526582698e-03 -2.1233522246e-02 -2.1117578569e-01 1.1857554571e-01 -1.8350779403e-02 8.6560480111e-02 2.1504480822e-02 1.0845279085e-01 1.0005349534e-01 -1.6508033993e-01 -6.5720298306e-03 -8.5473937760e-03 1.3530913342e-01 -5.1600251534e-03 1.3104105873e-01 -8.0246791625e-02 -6.2403027214e-02 -3.4678856928e-02 -2.0889286285e-01
-1.1276523810e-02 3.0000597234e-01 -2.7875004555e-02 7.8476140883e-02 -1.1556096682e-02 7.3544828534e-02 -2.3319399254e-02 -4.2958987520e-02 2.1046015388e-02 2.4238613363e-02 -9.7836670494e-02 -5.8726106501e-03 -1.1466631779e-02 8.6974848103e-03 -5.8008149569e-02 -1.9134974794e-02 -1.5461913426e-02 -3.3024686085e-02 -5.9004249566e-02 -8.5213733760e-02 -3.5797139906e-02 4.6362012257e-02 -3.0637627684e-02 -3.6253024891e-02 -3.0001681341e-02 -3.2522915229e-02 -3.1341249475e-02 -5.5015031927e-03 -2.1342958936e-03 -5.2098304990e-03 -8.6665096386e-02 -2.1692025217e-02 -2.9759450246e-02 1.7490425150e-02 -9.0256720576e-02 6.1951490896e-02 -6.5390395171e-02 -4.9279179394e-04 8.3100319809e-03 -2.9013280967e-03 -1.2515901862e-02 -1.9833752425e-02 -2.8324121246e-02 -2.5946077731e-02 -2.2313063101e-03 8.3704927449e-03 -8.6006601295e-02 3.9723707419e-02 -2.1378635357e-02 5.4505393773e-02 2.8119269116e-02 2.0040492860e-02 -2.0681658986e-02 -9.1404534638e-05 9.1814894284e-03 -2.7885485529e-01 1.6277207997e-02 -2.0229996114e-01 -1.5554473286e-02 2.8007721929e-02 5.7084100963e-03 -3.7240702912e-02 8.7325190646e-03 1.0209903913e-02 -3.9360525231e-02 -4.6608506996e-02 1.0138240620e-03 -1.2522139729e-02 1.5269647903e-02 5.9974659639e-02 1.1913388712e-03
-1.9257422343e-02 1.3620168251e-02 -2.2509170489e-02 -1.0654731026e-02 -2.0268987660e-02 1.7736182683e-02 1.2791080413e-02 -3.5914827754e-01 4.7246474864e-03 -1.1259789588e-02 1.4959548599e-02 -1.9748056017e-02 4.6983961499e-03 -3.5549437204e-02 3.0554710765e-02 -1.7985576501e-02 4.1375313596e-02 1.1527086039e-02 -2.7866132343e-02 2.1289075571e-02 1.8541763017e-02 -3.9070111253e-02 2.3457267259e-02 1.8798803487e-02 -6.9492665900e-03 -8.2499462061e-03 2.1168862145e-03 -6.3111982216e-04 -2.8036918681e-02 2.6876522842e-02 -1.4742212087e-02 7.2906336197e-03 3.2577510355e-04 3.5113224053e-03 1.1051027482e-02 -4.1867125766e-02 6.7328752825e-02 -9.5151806876e-03 -3.9948590765e-03 1.8404487987e-02 1.5132365670e-02 -1.2599785244e-02 9.3179570651e-03 3.2199715592e-03 -1.4043571222e-02 -1.0376031163e-03 -1.2319188387e-02 5.8301347651e-02 5.5259820484e-03 1.7873274474e-02 2.9135796831e-02 1.2892983628e-02 3.3366946384e-03 -8.4126427513e-03 -2.0106692548e-02 -9.8689788188e-03 7.5240977897e-03 -4.6547651319e-03 1.5080193302e-02 1.8763820507e-02 4.8537030153e-03 3.8561467385e-02 -2.0098253833e-03 -7.1817311717e-03 3.9653088813e-02 -7.4291634640e-03 4.4868950139e-02 -9.2941644766e-03 2.3899428455e-02 7.7479805762e-03 -5.3350522656e-03
1.2505670355e-02 -9.5451285137e-02 -4.3433893163e-02 9.9960118852e-02 -4.7655606291e-02 -6.1997866708e-02 -3.3591365814e-02 -8.4707877811e-02 -4.8348613679e-02 -3.3840232058e-03 1.1711623553e-01 -6.2803754184e-02 8.9259263154e-02 -5.6096927578e-02 8.5857509510e-02 -2.6449207276e-02 -3.6091363281e-02 6.9857249485e-02 -1.3955976145e-01 -5.4717410161e-02 -5.5198013930e-02 3.4106204829e-02 2.8228458792e-02 -3.4753018302e-02 4.0724263917e-02 -1.8738290209e-01 -3.9266755496e-02 -6.9688435308e-02 6.4339526735e-02 -8.5997833547e-02 -1.3683512222e-01 2.8137443000e-02 -8.1581538854e-02 2.4195826940e-02 1.0372679905e-03 2.2954232429e-02 -6.8471641225e-02 2.4083164172e-02 -2.2251765019e-01 -1.6188956428e-01 5.4082502905e-02 -9.2033363557e-03 -5.1740952307e-02 3.0286668084e-02 -3.5064015862e-02 1.5983706799e-01 1.4475444043e-02 6.3544929506e-02 -3.5744281339e-02 -5.6189502779e-02 5.8341279432e-02 -1.8069869754e-01 2.0499297594e-02 -1.5526782527e-02 -2.7414571347e-03 -9.8390824420e-02 5.6860821883e-02 -2.0025908018e-02 2.7121206678e-02 1.6589750083e-01 5.9423983603e-02 -3.7807886427e-02 -9.8149094905e-02 -1.0691664865e-02 2.4988354311e-02 -7.3426489640e-02 -6.3907296896e-02 5.1159338991e-02 5.6984671381e-02 2.9198004618e-02 -1.4047679473e-01
2.5482163987e-02 1.2792462742e-02 -1.1558083941e-01 -1.0094119369e-01 1.7556345725e-02 -3.5721504231e-02 -1.0843910472e-02 2.7485549051e-02 7.3115289558e-03 -2.4327910582e-02 3.7926397432e-03 2.1015318925e-01 9.2032877693e-03 -1.6744754547e-01 -1.1853835591e-02 -4.6786231290e-02 3.4723135106e-02 -3.4933887901e-02 -1.4719561706e-01 1.0603167749e-01 -1.3447969967e-02 -7.2334954568e-02 4.7416967239e-02 -1.3338049196e-02 3.2889392698e-02 -1.5805904986e-02 -8.6270222867e-02 9.8304557178e-04 1.2339174081e-01 -1.0508706828e-02 -2.3464119841e-01 -1.5136071516e-02 7.8505221553e-02 2.4278613708e-02 7.2571922137e-02 -3.7760873138e-02 2.3212744603e-02 -8.0355509800e-03 -2.3159030349e-02 1.0703874721e-02 -1.4903249354e-02 -1.7830089814e-02 -1.4746987236e-02 -1.2315179921e-02 2.2475579974e-02 7.6549495827e-02 -2.5124736886e-04 -1.2850339354e-01 -5.9329720017e-02 3.2461656664e-02 -8.0520465339e-03 6.6256474068e-02 -1.0064842612e-02 -4.1917057074e-02 3.2090675852e-02 8.7496061974e-03 -8.4001083452e-02 -3.4067173713e-02 -3.8367421818e-02 7.9175594524e-04 3.1948517895e-02 3.9363494432e-02 1.0753022948e-01 -5.0685248039e-02 3.7974341594e-02 -3.8513737674e-03 -5.3583553358e-02 -7.3069311583e-02 -3.0190598605e-02 4.7792638250e-02 -1.1370496076e-01
2.1909918629e-02 1.0119609831e-02 4.6129871455e-03 -2.7314382231e-02 -3.6345070481e-02 -5.9298769339e-02 -3.3796930527e-02 -1.5247178033e-02 -2.8907538758e-02 2.5052814911e-02 -1.9916463192e-03 -1.4847796437e-02 4.7159211831e-03 5.2916799376e-02 -2.8037140467e-01 -2.0822329432e-02 9.8438149306e-02 -1.9009562053e-03 -4.2129716901e-02 -1.4962184326e-01 -1.5184825156e-02 -7.4128226531e-02 7.3172606557e-02 6.9499244693e-02 -2.2529111522e-02 -7.5304133527e-02 1.4725452782e-01 -8.8028911417e-02 -1.0028173629e-02 -4.6235447470e-03 -9.9206965722e-03 -1.7264150865e-02 5.3440725503e-02 -3.4472852182e-02 1.1857412334e-01 -2.1376419940e-01 1.2185848858e-03 5.7003418505e-02 -4.7122305781e-02 -1.6380232312e-02 -4.3247824225e-02 -1.1696261700e-01 -4.8623676228e-02 6.3658736734e-02 -7.2385619135e-02 2.7666391534e-02 4.4121292656e-02 -1.0017498370e-01 -3.4041808495e-02 -3.9560945125e-02 6.2884435761e-02 1.9064794678e-02 -1.0252854067e-01 -4.1986519226e-02 3.5895848273e-03 -1.5271940014e-02 5.6794784109e-02 -8.0693773641e-02 1.5411520714e-02 -7.6106839620e-02 4.6070334942e-02 -6.4164434692e-02 -5.7992553845e-02 -8.0603805779e-02 7.7075987503e-02 4.5527198128e-02 -7.2006092492e-03 2.3788713684e-02 -2.4599321473e-02 1.7522022494e-02 -3.7238868257e-02
-2.7121823539e-02 9.5720447208e-03 -5.4259896143e-02 1.3335942180e-01 4.1474343750e-02 -9.8672867593e-03 1.0342996520e-01 -6.5850328334e-02 9.3940600175e-02 3.2854523471e-03 1.1833370468e-01 -2.2668722816e-02 -2.7677340123e-02 -4.7067080236e-02 4.5701623407e-02 -2.4948357337e-02 5.4256026699e-02 -1.5133497742e-01 -3.1066656344e-02 -1.1512420779e-01 1.1786606801e-01 -2.4230144087e-02 -3.1912707192e-02 -2.7506742982e-02 -6.4280931622e-02 -1.9493417593e-02 -7.7814407913e-02 -1.7080921230e-03 -5.0325681038e-02 2.9825039193e-02 4.0892739339e-02 3.0291407747e-02 -6.5622768419e-02 1.4799773072e-02 6.2871380431e-02 1.1479190919e-01 7.3614399833e-02 -2.7293752997e-02 -1.8725695963e-02 3.5317512705e-02 2.0625124335e-02 -9.7950121910e-02 -1.0875364818e-02 1.9334536408e-02 -4.2070203486e-03 1.0042277477e-01 4.2192138102e-03 -9.4443580944e-02 -4.2549319351e-04 7.9090886785e-03 1.4443037740e-01 3.6692644578e-02 2.0851957595e-03 5.8029780551e-02 1.2483692311e-02 -1.4957817590e-01 -5.6604104072e-02 1.7460672987e-04 5.9604524486e-02 4.5743067774e-02 9.3822141246e-02 -5.7360005158e-02 -1.6921204732e-02 5.2757930753e-02 -9.4060102117e-03 -4.7432300277e-02 4.1198083405e-02 -8.9371792797e-02 2.3993739546e-02 -4.3456132532e-02 9.1890009719e-02
-1.9593273456e-02 2.5415521052e-03 4.3130153455e-02 6.6536950412e-02 1.0196717647e-01 4.5194625338e-02 -5.1836658759e-03 -5.2918951945e-03 1.0634001338e-01 -6.5015434658e-03 -1.4245904202e-01 2.9688187547e-03 -2.0828337322e-03 2.6504907887e-03 -3.0332815215e-02 -9.2792574506e-02 -1.2964737341e-02 -1.0717828639e-02 1.9349974547e-02 -1.0269831829e-01 -4.7009354870e-02 -1.8407949312e-01 3.4002079521e-02 2.8600955911e-02 -3.2366683603e-02 1.0269704815e-02 -1.2973267783e-01 3.4524512334e-02 -8.1409896430e-03 -1.2821674989e-02 5.9521368621e-02 -2.2714600135e-02 -1.1955372244e-01 1.7831238116e-02 1.7313307830e-02 -1.9169177062e-01 4.5233428238e-02 -2.3293446154e-02 -8.2180220856e-02 3.7949920908e-03 6.4399469758e-02 2.1888988943e-02 2.4249578161e-02 4.1373822925e-03 7.2316280146e-03 2.6412079573e-02 -1.2534150338e-01 1.1966309719e-02 -7.5442322881e-03 -2.5524658977e-02 -1.8544308012e-02 -6.7470914967e-02 -1.9370405811e-02 2.4330321816e-02 8.9923708039e-03 -1.8183443268e-02 -4.9510369497e-02 -1.9181180294e-03 5.8345466642e-03 1.0070518630e-01 1.1459257656e-01 -2.8644777162e-02 3.7915447268e-04 -1.4121233247e-02 -5.7950048579e-03 -4.2179138312e-03 -1.3616271031e-01 -1.2542185945e-01 -4.9293976096e-03 7.6737105189e-02 -2.0710374053e-02
