-7.5825312098e-02 8.2441300577e-01 -1.7505542550e-01 -4.1253277823e-02 5.6230221129e-02 -9.9491016842e-02 -5.2547064423e-02 1.3086689951e-01 2.0481191816e-02 -4.3300882470e-02 4.1068907544e-02 -6.1921907709e-02 -2.0718814375e-02 -4.6659825395e-02 -5.1713320423e-02 -1.8914427478e-01 9.2570396318e-02 -1.6501716626e-01 -9.7834491541e-02 1.6219471536e-01 2.2936224455e-01 4.3420907363e-02 1.5672056277e-01 -3.0933954714e-02 -2.5735517266e-01 -7.1019127459e-02 -5.5069996410e-02 2.4687097131e-03 -1.0382057768e-01 4.6053347292e-02 -5.5287342409e-02 8.2240256544e-01 4.5846212210e-02 -1.7157349169e-01 -2.2242794295e-01 -6.0109491140e-02 -6.1506627722e-01 6.6204557150e-02 1.7503212860e-01 1.2063783043e-01 -3.0313715038e-02 1.8099141118e-03 9.4362176548e-02 -7.0377989823e-02 3.8802700516e-02 2.1773325516e-02 9.1054933938e-02 2.8844717835e-02 5.4356011527e-02 -1.2140510042e-01 -3.4316930212e-01 -2.8097379149e-03 2.2029004710e-02 -5.8591710305e-02 -7.7407728464e-02 -1.3880079690e-01 -3.9968914528e-02 -5.1617980098e-01 3.0164718186e-02 1.1754615779e+00 1.2794339471e-01 8.7247884031e-02 -3.2574578985e-02 -5.2770077303e-02 1.5500885928e-01 -1.2492647093e-01 -1.8777041636e-02 4.5737715406e-02 -5.4642317435e-01 1.7473001609e-01 1.9533077396e-02 1.4976525530e-01 -1.0539537370e-01 3.2538595494e-01 9.2995010313e-02 -1.0877161469e-01 4.3142561161e-02 -2.9301095682e-02 -1.9804711031e-02 6.1066982059e-02 -1.6489315395e-02 -2.4575034976e-01 -5.3622089484e-02 -1.9546338950e-01 -7.6831897114e-02 -6.6022353316e-03 4.4365594939e-02 -6.0351849814e-02 -1.2321147253e-02 4.6576501400e-02 4.9420643288e-02 2.8460667830e-02 4.9727975262e-02 4.2802391076e-02 1.0867012812e-01 -1.9632082019e-01 -1.0209282037e-01 5.1659104630e-02 -1.1889337129e-01 6.8055617016e-02 -2.8262723716e-02 -2.3413164500e-01 -8.6422978064e-02 4.7953716363e-02 3.2592432106e-02 -2.5026673561e-02 -8.7448080229e-02 3.0694049719e-02 6.1239452221e-02 2.3574227308e-01 6.7485233901e-02 1.6574923378e-01 1.8191532267e-01 1.1351031249e-01 -1.0525802185e-02 5.7810763035e-01 -7.0778684081e-02 3.0553863668e-02 -2.7778734536e-02 -2.2834876783e-02 -2.2908670340e-01 -2.1152811522e-01 2.4528613446e-02 -5.6932837749e-02 1.3945458357e-01 1.0722200197e-01 3.0366001317e-01 -6.2974086332e-02 -7.0498257048e-02 -1.1366589593e-02 1.3132963665e-01 -8.5015152822e-01 2.5310754511e-01 5.9395676415e-02 -2.3546308154e-01 1.9340461334e-01 -5.7594436550e-02 2.6730522474e-02 5.1095207294e-01 5.4123298719e-02 1.2799341341e-01 -9.9942413945e-03 -1.4781631255e-01 -6.4185688994e-02 -1.3641679674e-02 -4.6827686459e-02 -6.5818825322e-02 -1.2668457686e-01 -8.0888343426e-02 2.4028322858e-02 -2.2784567473e-01 -9.6925267380e-01 6.6779454912e-02 -5.0909721848e-02 3.6678569213e-01 5.6237220925e-02 -1.9423421399e-01 2.4584132418e-03 -2.6698834869e-02 -2.6287624514e-02 3.5992000043e-03 1.3080979603e-01 -5.5051688986e-03 -4.3815060778e-02 -4.1984467237e-02 -1.0654947558e-01 2.1016369840e-01 1.2220465415e-01 -8.3246925851e-02 -2.3722034991e-02 2.4799610827e-02 -5.9392040585e-02
7.0941609377e-02 1.4685254532e-02 -1.5488872971e-01 5.3525158625e-02 -5.4515999210e-02 1.7046732417e-01 9.6361239914e-02 -5.0485509367e-02 -7.2905559570e-01 -7.2909562754e-01 -9.5350463177e-02 -1.2891625362e-01 -7.1619070792e-02 -7.5129481698e-02 1.6370880482e-01 5.4702669380e-01 -1.8082127366e-01 -2.1940439345e-01 9.5273802163e-02 1.7817951350e-01 1.8530824276e-01 1.4093363587e-02 1.1683514809e-01 -1.3967011033e-03 3.3790377272e-01 8.2431768972e-02 4.5228166514e-02 5.5842830322e-02 1.8509398559e-01 -3.4174068491e-02 6.7090116066e-02 3.2915511162e-02 2.3356414329e-01 -1.7470372659e-02 -8.3427491141e-03 9.8130662786e-02 -4.6292895690e-02 2.1032542188e-01 -2.5365272003e-01 1.0908422984e-01 -2.5389882596e-01 -1.2171416944e-01 -2.0375816456e-02 -2.0623288028e-02 1.8822952531e-01 -4.2322156118e-02 -3.9626234186e-01 1.3548930160e-02 8.8419838118e-02 1.2375790428e-01 -2.5716643469e-02 -8.9835142158e-03 -7.7175864501e-01 3.2116306271e-03 1.8549232454e-02 4.8819369424e-02 4.5651787965e-01 2.7596892928e-01 -2.9994111528e-01 9.8204301672e-03 -3.3622238023e-02 7.8249779220e-01 1.6456092490e-01 1.6534513590e-02 1.9045467182e-01 8.5788002553e-02 -3.1687226336e-02 -5.4369644342e-03 4.3106831619e-01 5.1997037330e-02 -1.0544443450e-01 -1.6414861854e-01 1.0628262710e-01 3.4708813649e-02 -1.7110571589e-01 -8.9569024482e-04 1.5011892548e-01 1.8411503686e-01 -5.8534290364e-02 2.8875462802e-02 1.7594823859e-01 2.4103010901e-01 1.0639751710e-01 -4.3499677745e-03 3.2024153353e-02 6.7800882741e-02 1.8252627407e-03 1.9403752448e-01 -2.1039107032e-02 1.0052056474e-01 -2.1903605369e-02 1.7222265819e-02 -2.5059183296e-02 9.3119067445e-02 2.2042440578e-01 -6.6257741613e-02 5.5036495162e-02 1.4661553918e-02 8.3313332525e-02 4.6223474745e-01 -7.0040822478e-02 -1.0901072733e-01 -1.9654703601e-01 5.0407640994e-02 -7.8286301607e-02 -1.0870698724e+00 -1.2756397175e-01 -1.8378211506e-02 5.4608837902e-03 -7.5402489883e-02 -1.2579654861e-01 1.3079649364e-01 1.5077521734e-01 -9.1618255614e-02 2.3157255079e-02 1.0550244708e-02 -3.0177953856e-02 -1.5972506115e-02 5.3915337473e-02 5.7237132942e-02 1.9942273277e-01 7.8830473961e-02 6.9828833564e-03 1.4358281178e-01 -1.7706412926e-01 -1.3253476943e-01 1.0435263548e-02 -2.0240512315e-01 2.4728585836e-03 -2.1341793893e-02 -2.0408828469e-01 -1.5031766180e-02 1.0068921557e-01 1.1000315824e-01 -3.2397145705e-02 1.1093970128e-01 -2.3855391932e-01 -2.1645532248e-01 -2.5692365349e-03 -9.0257012525e-02 -3.0437654335e-02 7.0358491562e-02 3.3964421096e-02 -4.8078019696e-02 -3.1419600073e-02 3.7397956157e-02 -3.5394161728e-03 9.4439237300e-02 -4.9912042509e-02 -7.1403518642e-02 -5.9321900321e-02 -3.0468946715e-02 5.3259798214e-02 1.7158438799e-01 3.9270814239e-02 -3.4487913513e-02 1.1819877045e-01 -2.2420939491e-01 2.9549081058e-01 9.4381700918e-02 -3.1988265879e-01 1.1319971281e-01 3.9806880606e-02 4.0547964429e-02 -2.1615032111e-02 -2.9481556561e-02 1.6901976577e-02 4.1264624322e-02 1.1544948728e-01 1.3537885329e+00 -1.5893286634e-01 -1.0472751213e-01
-1.9700699623e-02 5.9272553954e-02 -3.5814006997e-02 -1.6324534532e-01 1.3038161666e-02 -4.0494459417e-01 -1.2854259828e-02 -8.7545193285e-02 -1.2694258601e-01 -3.9018290073e-02 2.8366262285e-02 -1.5758260150e-01 3.7238361339e-01 1.3668966562e-01 2.1503016947e-01 -1.3157806494e-01 1.1927333468e-01 8.7225695313e-03 2.2394386951e-01 3.1371935565e-01 -3.4063934748e-02 -5.7553855689e-01 8.9101736875e-02 3.3107862095e-01 -3.0453916696e-01 -1.2320779714e-01 -3.5004187358e-01 2.5961291279e-01 -2.7055395235e-01 1.2168177064e-01 -1.4160720412e-01 -3.2006768094e-01 -8.4687715279e-02 -1.6422752713e-02 1.6973484069e-01 -7.2418239349e-02 1.0791810102e-01 -3.0047213912e-02 8.0178423804e-02 -5.9160191273e-02 2.7212317131e-02 4.0133415863e-02 -8.1213107501e-02 1.6790434596e-01 -1.3694773651e-01 3.1823761176e-01 1.1521534601e-01 1.2363065349e-01 5.1896286843e-01 2.0133942197e-01 3.1917911015e-01 1.7304033577e-01 1.3800353119e-01 -1.5178593550e-01 3.0355886292e-02 2.9343517929e-03 3.7879920374e-02 1.9797551057e-01 -1.1523873246e-01 2.1875029350e-01 1.0930769927e-01 2.4254046854e-01 -2.9595449115e-02 4.9582534178e-02 2.4191703270e-01 3.8214955973e-02 -1.1586575656e-01 -2.8580054753e-01 -8.2493650569e-01 1.1347440159e-01 2.4701540020e-02 3.8365615259e-01 1.2543638477e-01 3.2891497779e-02 -6.9330608202e-02 -1.6783534967e-01 3.2730831879e-01 2.4582335854e-01 1.3349790116e-02 -1.9401830979e-02 -2.0086112206e-01 5.7063220019e-02 -4.4985618301e-02 3.4734524092e-02 -7.8097428050e-02 -4.5862423509e-01 -1.1133595225e-01 3.3588874297e-02 4.0683156595e-01 -1.2164073699e-01 4.0909322905e-01 9.1218649126e-02 -2.3577434460e-01 -4.2693666309e-02 -3.2601911485e-03 1.4862656794e-01 -1.5860378966e-01 -3.1227437691e-01 -2.8224319805e-01 4.7581527832e-01 1.3578137084e-01 4.5781139853e-01 -1.2345288083e-01 1.9588674025e-01 -2.1985302148e-01 5.2869722105e-02 -1.8607951063e-01 1.7082358186e-01 3.5067325016e-01 -1.4143814725e-01 -4.0078337592e-02 1.3108824664e-02 1.1068748726e-01 4.8012851388e-02 3.9104006696e-01 -5.1044741550e-02 3.3030561003e-02 9.6803094673e-02 -3.2819857880e-01 -4.2559213457e-01 6.1614358780e-01 -8.6013394043e-02 8.2274793181e-02 4.1847245875e-02 3.3509484931e-01 1.7915991005e-01 -7.1907252796e-02 -7.3412299623e-02 -2.0465950417e-01 2.3921054635e-03 1.4946315850e-01 4.2777768418e-01 -3.5301233368e-01 -7.1594172531e-02 1.1417992317e-02 2.3909684562e-02 -3.5895056548e-01 -1.5251841470e-01 -1.9508422441e-01 1.0085062748e-01 -8.0706222369e-02 -5.4859838680e-01 7.1233470453e-03 -5.8117917257e-02 5.3759799297e-01 1.9629164330e-01 -2.1669955786e-01 2.3488811705e-01 2.9225271231e-01 2.0232934032e-01 -3.8121157288e-02 -2.9710734558e-01 2.2704334218e-01 2.4458937272e-02 2.2926652558e-01 3.0089978158e-01 5.8552384796e-02 -2.3505512163e-01 -2.3992687810e-02 2.3727854753e-01 -7.5916630033e-02 3.4932441162e-02 5.6149137893e-03 2.0681084794e-01 -2.5807528492e-02 3.2768292541e-02 -3.3023200853e-01 1.5902069412e-01 -8.0837054680e-02 1.1523672770e-01 -2.2815723808e-01 3.3385044077e-02
1.3868399598e-02 -1.5243060643e-01 1.6128396015e-01 9.3130989398e-02 -1.5186915927e-01 -1.3585758886e-01 -4.4951990867e-02 -7.2230098130e-02 2.2486196186e-01 -2.1698798207e-01 9.1018505326e-02 -9.1460252782e-02 1.0738995223e-01 1.3805765431e-01 -8.4248192958e-02 2.3084691734e-01 6.0509093689e-02 -5.7866987079e-02 -1.7119759004e-01 -6.4209922250e-02 -2.8971529186e-01 2.4508625797e-02 -1.0158917814e-01 2.1707451062e-01 -2.8485225646e-02 1.3949111464e-01 -6.5119967350e-02 1.1194945032e-01 2.2336654865e-01 1.5971249729e-01 -3.8721083109e-03 2.1900705009e-01 -1.4943619749e-01 -3.0060337298e-01 3.8037854559e-01 -2.0269176442e-01 -3.6413604962e-01 -1.8133726310e-01 -6.4477869361e-01 -3.9265019802e-01 -7.1482577564e-02 -3.6308916806e-01 -2.1391192932e-01 5.6395387533e-02 9.0897216010e-02 1.4899826373e-01 -2.4076297197e-01 1.1725705633e-01 1.1707088701e-01 4.2416673556e-01 -2.1837560766e-01 -7.6945717991e-02 -6.2524264487e-02 -1.9895637092e-01 2.8215211285e-01 2.5200889691e-02 1.7347719256e-01 9.3905707680e-02 -1.0699195402e-01 -1.6417503546e-01 -2.4203536813e-01 -6.2851871531e-01 1.3528893878e-02 1.2444866325e-01 -1.5698946513e-01 3.7980441869e-01 -1.5075024270e-02 -1.4658073211e-02 7.8740448365e-01 -1.3270823018e-01 6.5702888142e-02 -1.1006193955e-01 7.8285260585e-02 -2.6450194643e-01 -6.5047602791e-02 6.2307744851e-03 -6.4381240214e-02 1.2033983748e-01 1.1930501584e-01 2.7917551973e-02 2.4264797010e-01 4.6901887181e-03 -2.6643632732e-02 4.1421733851e-02 1.0543294566e-01 3.4084920000e-01 5.0481729322e-02 7.9097209175e-03 3.1345690379e-02 1.3662825132e-01 3.3592633911e-02 4.6971340882e-01 -5.8591744393e-02 -3.0796560363e-01 -1.7837740461e-01 4.2673236907e-02 -1.5981802223e-01 -2.8041471876e-03 -2.4592708871e-02 2.2329301825e-01 -7.7265074566e-02 6.3215119650e-02 1.3554053519e-01 1.4265575455e-01 -2.4635149019e-01 9.3716561127e-02 -1.4370992635e-01 -1.8611301427e-01 3.0919356223e-02 -7.3783950068e-02 2.3057016601e-01 -9.7517602246e-02 -1.3314003098e-01 -9.9711581521e-02 1.8563089943e-01 1.9881806145e-01 -2.3735529643e-01 4.1225414864e-02 2.8820880558e-01 -3.5616007418e-01 1.2524340610e-01 1.0897236472e-01 1.5284056988e-02 -5.8911149089e-02 3.4585550085e-03 2.2586197274e-02 -9.2668443562e-02 -2.0071975522e-01 -1.2943039125e-02 2.7256738963e-01 -4.7488632332e-01 -2.5369693786e-01 -2.0036478484e-01 4.1846431856e-01 -1.8211269415e-01 -3.1304313301e-01 5.1711134635e-01 1.4724456967e-01 -1.7573323200e-01 8.6079098085e-02 9.9262308186e-02 -3.0773992445e-03 -1.9711557731e-01 3.0138189454e-03 -1.0040342123e-01 1.8699673161e-01 2.4514388829e-01 -2.1213708932e-01 -6.0358730926e-03 1.5621197568e-02 4.4629900059e-03 8.1459177762e-02 2.8241790665e-02 4.2996847642e-01 1.2549065244e-01 1.0607132685e-02 -2.0908816541e-01 -8.1654482838e-02 2.6073500265e-01 4.2207884916e-02 3.6758707197e-01 1.2896724897e-01 -1.0835547371e-01 -1.5409506752e-01 1.0960583899e-01 -1.0406023945e-02 7.7386301004e-02 -8.3972790241e-03 2.8102367837e-01 -2.1529319197e-01 3.4489035698e-02 3.6273958604e-01
9.2208665019e-02 3.5794306717e-01 2.0644634657e-02 4.9935536517e-02 -2.1534675862e-01 5.0285293224e-01 8.5789372774e-02 8.7693780430e-02 2.1055563564e-01 -5.5043931102e-02 2.2158673031e-01 4.5380038963e-02 -9.5734119844e-02 -1.5546927135e-01 1.9443600425e-01 1.3039237279e-02 2.0711347272e-01 1.3229060705e-01 9.6182796112e-03 1.8221270903e-01 9.6565845979e-01 -1.5825173091e-01 -1.1042472933e-01 1.1042657354e-01 -6.7199545324e-02 -3.8579513165e-01 1.5034296513e-01 3.8697072829e-01 7.5299495563e-02 -1.1298592801e-01 1.0514932988e-01 -2.3423070655e-01 2.5845382989e-01 2.2676277617e-01 -3.2640153376e-01 9.7302485773e-01 2.0860630677e-01 1.8042571021e-01 1.1780288559e-01 6.2438124126e-02 5.3606799154e-02 1.3250056516e-01 -1.8925984227e-01 -6.9802742211e-02 -7.8458854939e-02 -1.6798913149e-02 -1.5051466799e-01 3.8758773612e-02 1.8110141328e-01 -2.0023873640e-01 -8.6808202704e-02 -2.8341334819e-02 -1.3754054918e-01 -2.0647368548e-01 -4.9438011921e-02 -2.3404994220e-02 -6.0885145597e-02 2.4234191298e-01 1.9145075084e-01 1.0381168934e-01 -1.4849667251e-01 -2.4905659987e-01 1.9619294737e-01 2.0876030866e-01 -7.4199863085e-03 -1.8246171417e-01 3.7943804030e-02 -3.4047961245e-02 7.0757044513e-01 2.2529294919e-01 2.1571424908e-01 -2.9651917634e-01 -1.8969439417e-01 -4.4085075719e-01 -1.1691734644e-01 -1.1899607143e-02 4.2897747491e-01 -8.5005124160e-02 7.6912571899e-02 -5.9870641528e-02 7.7792460050e-02 6.7625653362e-02 -1.6090604316e-01 -7.8965250847e-02 -1.5646578651e-01 4.2860808729e-02 -7.2696667759e-02 -2.8786480755e-02 3.3503704906e-02 1.0955327397e-01 2.7153727279e-01 1.5896540731e-01 -3.5793379003e-01 -2.3704760219e-01 -8.6111400292e-03 1.2608869656e-01 2.7085051185e-01 1.9635746084e-01 1.3302292747e-01 -1.2748076432e-01 1.8240333420e-01 9.7517262715e-02 2.6063541742e-02 -2.1973350570e-01 1.3828092504e-02 -1.5494308563e-02 -1.6148175074e-01 -2.7964602935e-01 5.0981299753e-01 -2.9844515998e-01 -2.1653446914e-01 1.4999720807e-01 1.3718352141e-02 -5.9569497766e-03 -2.7121328241e-01 2.4742116413e-01 -1.9326698341e-01 4.4857989016e-02 -1.0499806331e-01 5.9897908319e-01 5.0317609964e-01 9.2992155404e-02 1.0511439890e-01 3.1990851246e-01 -4.8940097856e-01 -2.8391843681e-01 3.9919666212e-02 8.7456671632e-02 -1.3491789932e-02 5.6326867433e-02 -3.5321448051e-01 1.5253146226e-01 1.1279177524e-01 1.6491378393e-02 -1.3841496300e-01 -1.4048743784e-01 4.9573083485e-01 2.7030732487e-01 1.3907532657e-01 -8.7751713592e-01 2.4244703685e-02 -3.1122342360e-01 1.1048753978e-02 -2.6713612232e-01 1.8031248165e-01 -1.1226418066e-01 5.0408858891e-02 -5.5839430363e-02 1.5293809522e-01 -3.6424329420e-02 1.7454800298e-01 3.5754570871e-01 2.1905953688e-01 1.2374201584e-02 1.0872453361e-01 1.7764153118e-01 -4.1645111629e-03 -1.5352938943e-01 -1.1473181371e-01 -1.3205557322e-01 4.0765972210e-01 -7.8142880783e-02 4.3906448054e-01 -2.2338445607e-01 -2.2014192177e-01 9.5685656887e-02 1.9018193226e-01 6.3167345711e-03 -7.5448720279e-02 -1.8292848575e-01 -1.9182239872e-01 -4.3875254016e-02
9.7646825196e-02 1.0744099078e-01 2.1421736888e-01 -4.8052995358e-02 6.8109056434e-02 2.1502173684e-01 4.2753476865e-02 -1.6311851033e-01 4.6718474383e-01 -1.3018074098e-01 -2.4423937432e-01 2.0729492311e-01 2.4122380079e-01 -2.6184745036e-02 3.4336849363e-01 -9.3668092203e-02 2.0987061002e-01 -5.9747317745e-02 -4.8253197486e-01 3.0919811551e-01 -1.7477243040e-02 -3.4151857420e-01 -1.2163162974e-01 -2.1279325842e-01 8.1205644065e-02 -1.2225665985e-01 -7.6780129891e-02 -8.4674236860e-02 -7.0840817503e-02 -7.7732151513e-02 -3.5258501925e-02 -3.0351688082e-02 -1.5227542687e-01 -2.2022477047e-01 -1.0235745455e-01 6.0001014238e-02 -3.7362259079e-01 -1.7206351789e-01 -9.7937744742e-02 3.2101687853e-01 -6.7962484593e-02 3.0929810883e-02 7.5807642068e-02 9.8725381374e-02 -3.4433790293e-01 1.9088261026e-01 1.2997559684e-01 -4.9678826110e-02 5.0992808550e-03 -2.8433087138e-01 1.3037929723e-01 -1.2534904788e-01 -7.4974208496e-02 1.9312217133e-01 -7.1317987364e-02 8.9244313920e-02 2.3201936986e-01 2.0287998149e-01 -5.4198556521e-03 1.6125526324e-02 -3.0805419821e-01 -5.8756506074e-01 -1.2045682411e-01 1.3424286724e-01 -8.5908181976e-01 8.5138274326e-02 2.3341349601e-01 5.0025307757e-01 -1.6649948614e-01 -4.9499025763e-02 -1.8867224317e-01 2.1437578625e-02 -3.5177827112e-02 -1.1939357809e-01 4.1889109862e-02 2.9666218792e-02 5.4534026691e-02 -2.3470893190e-01 1.6164070911e-01 -1.3205402288e-01 3.9316469496e-01 2.0941890529e-01 2.1154242242e-01 -1.8451378653e-01 2.2160820966e-02 -3.3292102838e-01 3.1995782902e-01 6.7455631393e-01 -4.6014683906e-01 2.4844676649e-01 -5.6639803256e-02 -1.8616247113e-01 7.3045700276e-01 5.3303253361e-02 -3.6929986136e-02 -8.4001646680e-02 -1.3385481899e-01 3.9082404528e-01 2.0045321131e-01 1.3905887841e-01 -1.6541786620e-01 -2.1450870974e-01 -5.0181555828e-01 -1.3249398091e-01 -7.9231064317e-02 1.3702815117e-01 -2.3990027445e-01 4.7905919359e-01 1.0620001805e-02 1.3840318864e-01 5.3291820417e-02 -1.3854775046e-01 1.3719026733e-01 -7.1034814454e-01 4.1571798426e-01 -9.2327475300e-02 -4.2036811179e-02 8.2745739422e-03 -1.2180354844e-01 1.6853230969e-01 4.2748779589e-02 -1.7415953090e-01 -7.5522056344e-02 -1.8628159568e-02 8.0978002058e-02 -8.5182206710e-02 2.7413666258e-02 -3.0609631083e-01 -2.7761166399e-01 -1.8157206306e-01 1.4599512240e-02 -1.8784646347e-02 -3.0810032316e-01 9.1356854964e-03 7.4123334674e-02 -1.2042193079e-01 1.7030781649e-01 -1.0819730940e-01 2.5537404589e-01 -2.6876920134e-01 -1.0916041126e-01 4.2849273813e-01 5.1519334136e-02 -1.6003192234e-01 -6.6528049677e-01 -7.7639425430e-02 -7.8017108716e-02 -5.1431090822e-01 -1.7967631943e-01 -2.9594194392e-01 1.0578347544e-01 -4.9260576082e-02 4.6272811863e-02 3.0741909440e-01 -1.5942447991e-02 -2.2813105100e-01 1.9050620152e-01 -5.2133623546e-03 2.6828897032e-01 3.2406431108e-01 8.2292158261e-02 -3.2250364490e-01 3.0563172723e-01 -2.1121515561e-02 -2.7966188577e-01 1.5956912531e-01 -4.2987635825e-01 7.5181597643e-02 -7.9667602075e-04 -1.0634137677e-01 -1.4365321656e-01 4.9343437362e-02
8.7719648460e-01 -1.2928081365e-02 -1.0797221540e-01 1.2195418058e-03 -3.4913683969e-02 4.0754808717e-02 -8.6516798587e-02 4.7971165799e-02 3.4398754460e-03 1.4144566239e-02 5.4177683943e-02 -3.1461454120e-02 1.2629877061e-01 3.3082801955e-02 -3.0799317702e-02 5.4755240104e-02 3.7654774228e-02 2.8932568825e-01 3.3374385591e-02 9.4608689475e-02 -5.6323225536e-02 -6.5510781631e-02 6.0145308743e-02 1.0768223909e-01 4.3204738513e-02 3.9000265588e-02 -1.7226204864e-01 7.7222934084e-02 2.4343257512e-01 -6.1074460178e-02 1.5231470024e-02 3.8475573689e-02 2.1764608808e-01 -5.7965846859e-02 1.3933858128e-01 -1.2940023818e-01 -1.1522537924e-01 1.1196922154e-01 3.3498054748e-02 -1.7908543699e-01 -8.6212989441e-03 -2.3565477445e-01 -1.7331071008e-01 -7.7441668558e-02 4.9213911189e-02 -5.0269880484e-02 -1.5540020772e-01 3.9192122638e-02 2.9364901939e-01 1.3181034051e-01 1.9793679176e-01 4.5703670071e-01 -1.3123281113e-02 -2.4724456043e-01 1.0515895966e-02 1.0184676857e-01 4.9509733087e-02 2.8090439241e-02 7.2369107471e-02 4.6129364272e-02 2.9887417478e-02 1.9758029107e-01 -2.3288630843e-01 -3.6910900337e-03 -4.8220213904e-02 -2.1131224095e-01 1.2987627757e-02 -3.4945922107e-02 7.2768386513e-01 2.4369635940e-02 -1.5660040439e-01 5.0531069085e-02 1.0162250865e-01 -1.8874923415e-02 -1.3601046003e-01 -1.1260929046e-02 1.5068245182e-02 -6.2026674076e-02 2.5629792042e-02 2.3474730473e-02 7.2545082567e-03 -7.1543515097e-03 6.9104747612e-01 2.1791500365e-03 7.9936846512e-02 3.7833160582e-02 6.3779280920e-02 -7.2514383902e-02 -7.7966440888e-02 1.2666170043e-01 -1.7443199139e-02 -9.0348820680e-02 -6.1111992337e-02 -1.3903504175e-01 -4.5069351911e-01 -8.9924937462e-01 -3.1255119995e-02 1.4667963959e-01 -6.4043657731e-02 1.6277628924e-01 -1.2245767722e-01 8.2443274325e-02 2.5487722390e-01 5.8553324445e-02 6.0377183941e-02 -2.5712066031e-02 -9.6543745772e-02 -2.1761012033e-01 -2.3987764582e-02 -1.3038808556e-01 -3.4591491090e-03 -9.0706910268e-02 -6.2743455066e-02 5.8646275791e-03 -1.0219774041e-01 3.3246774387e-02 4.5632616638e-01 -5.2490962663e-02 -3.5531693199e-01 -1.5396626239e-01 -2.0345696374e-01 -1.4789569303e-02 2.6294152978e-02 6.2627270528e-02 1.2712168292e-02 1.0443636326e-01 -6.3749216694e-03 1.2306062185e-01 -1.8655729029e-01 -1.4132733343e-02 -9.2903449283e-02 -1.0115476397e-01 -2.2360549558e-02 -1.7376475496e-01 1.2808048098e-01 1.3218979093e-02 7.5290089991e-01 2.2546986404e-01 4.9326509020e-02 7.0670207428e-02 -8.3291150836e-02 9.0383162031e-02 2.1048526614e-02 -6.1721722035e-02 -1.0166349313e-01 1.4363212008e-01 1.7518914045e-01 -6.5626966917e-02 -1.0968301380e-01 -4.8930741264e-02 4.6609041918e-02 -7.6607437332e-02 5.4163812853e-02 9.4395501765e-02 -6.9556142278e-02 -2.4721119603e-01 2.2378634137e-01 3.4565062204e-01 -3.6807051835e-02 5.6356966694e-02 -1.0584989681e-01 -1.0483431200e-02 -2.2546910898e-01 1.8515703460e-01 -6.9223322341e-02 -2.7079649678e-02 5.9586958451e-01 -2.6714845294e-01 -1.7199445217e-02 -1.0537428585e-01 1.0289698828e-01 -1.8021995981e-01
-1.4840055346e-01 -5.1877045143e-02 -1.0563302046e-01 1.8923320747e-02 -3.2293397482e-02 2.2348679120e-01 -2.6935176938e-02 2.0800905346e-01 7.3168020119e-02 -2.5433696771e-02 -1.2689556912e-02 2.3889182781e-01 -1.3459670089e-01 8.3409023069e-02 2.7972242024e-01 -2.8110825328e-01 -1.0404729721e-03 2.4288498506e-01 6.4749967302e-02 -6.0165773751e-02 -1.7688058933e-01 1.7163557603e-01 3.3587370316e-01 -7.1283411228e-02 1.0534039360e-02 3.3619276632e-02 -5.6665312564e-02 1.2466051454e-01 -4.4623496612e-02 -8.4607101116e-02 -7.3088329436e-02 -7.2720705046e-05 3.4139186603e-01 1.2023913905e-01 -2.9098970731e-02 -6.2368115285e-02 -2.1011435763e-01 6.6203979701e-02 -1.6221992968e-01 -1.0373189238e-02 2.6895563528e-01 -1.0484212817e-01 2.4622920641e-02 9.0877201467e-02 1.6558278025e-01 -1.0165704621e-01 -2.7009520983e-01 -3.5953985923e-02 3.8660846217e-02 -1.2218949889e-01 3.6164028566e-01 -2.8917486095e-01 8.1391393017e-02 -7.0222034260e-02 3.3771814612e-02 1.6131070688e-01 2.3509400279e-02 4.2834158414e-01 2.2010880717e-01 -1.8794793651e-02 -3.2010858729e-01 7.4245267376e-02 1.5237591842e-01 -1.4870214924e-01 1.2521263621e-01 1.2028665609e-01 -4.0115045088e-02 -1.1469020781e-02 1.9694811762e-01 -1.5958054720e-01 5.1851919821e-02 -6.6266872051e-02 -1.1182989183e-02 1.2008161934e-01 5.6363949689e-03 6.1524313684e-02 -1.8958911373e-01 -4.6118669719e-02 2.5541716153e-02 7.7837331101e-02 2.3998562614e-02 5.8712659025e-02 -2.0492808573e-02 -1.2813235592e-01 7.8796786201e-02 -3.1320847885e-02 2.2053177982e-02 -8.3513817597e-02 3.9773032430e-02 8.8767089424e-02 4.3374166571e-02 5.3615171140e-03 7.0761550403e-02 3.3257306924e-01 -9.3281571199e-02 5.8521071432e-02 -8.0639314979e-03 -9.6705881685e-02 1.4120288842e-01 7.3517238780e-02 -6.0220197036e-01 2.4185879817e-01 4.3951083634e-01 -3.4806883103e-02 2.3598160431e-01 2.2627802732e-03 3.1572687185e-02 1.5780361285e-01 -6.3344574032e-02 1.3150322484e-01 7.2491070642e-02 -1.5833765447e-02 -2.0202479342e-01 -5.5317899395e-02 4.6171029538e-02 -5.0202338476e-02 -8.8214622241e-02 2.2757991562e-02 7.7135798355e-02 7.6086313551e-02 -2.1166005970e-02 -1.6993486832e-02 -1.2478148498e-02 -1.2706204310e-02 -4.2713247540e-02 9.3143812439e-02 -4.2033292521e-01 1.0138072473e-01 1.1747882645e-01 -3.4693654045e-02 -7.5241511358e-02 1.4972944220e-02 1.2765121583e-01 -2.2493358879e-01 -1.3918345445e+00 -6.0761531439e-02 3.3055475517e-02 -2.7990291237e-01 2.1560170972e-01 8.1964218780e-02 -5.8864154794e-02 -1.3700285380e-02 1.2466935580e-01 4.6806738418e-02 -8.2281014198e-02 -1.4265697712e-01 -2.7104016992e-02 -9.5340762183e-04 -6.1644039828e-02 -1.6154656779e-01 6.2801126959e-03 -3.4918755169e-01 6.9385359829e-03 5.0936731158e-02 3.3944111340e-01 1.2528552118e-02 9.8890906644e-02 -1.2175401119e-01 1.0608560209e-01 1.4028212491e-01 -2.7231255456e-02 1.3158264681e-01 -3.4732773306e-02 1.5573179067e-01 -6.5232011389e-02 1.3934352445e-01 -8.5318243039e-02 -1.6723796081e-01 -2.8772265216e-02 -1.3506386469e-01 -1.2811770163e-04 -6.4637951308e-02
-2.2520932923e-01 -1.0516094197e-02 -8.0207553321e-02 -1.9001793445e-02 -2.2330592407e-02 1.0256394889e-01 4.1258701248e-02 -1.2769086235e-02 -8.5865167849e-02 1.0675370498e-01 -6.4561089414e-02 4.7646415525e-01 -1.2884385089e-02 1.0531466800e-01 -3.0905879793e-02 2.3512610944e-01 -5.3070586425e-02 1.6450117643e-02 4.7146474420e-01 -6.5883375598e-02 6.6791698067e-02 -2.6829959971e-01 -4.2160350246e-02 1.6404859038e-01 1.2278196706e-01 -1.2157812377e-01 -2.5533603102e-01 2.3860542229e-02 6.2164148760e-02 -1.1821941227e-01 5.1772687639e-02 6.1167646714e-03 -3.1264028645e-01 -9.0266849216e-02 -1.6471611537e-02 1.7017668252e-01 5.5535111629e-02 -9.4477262304e-03 9.0126301289e-02 1.2542029115e-02 -1.3037943185e-01 1.6039909000e-01 -4.6300907912e-02 5.6792081000e-02 -6.1057860265e-02 1.4542030323e-02 1.8084828246e-01 -3.3710894030e-02 1.0949791431e-01 1.1181535013e-01 -7.7200131729e-02 -3.7370601361e-01 -5.8880993381e-02 -2.3910470475e-01 -1.1088253791e-01 1.8597514560e-02 -1.1162702574e-01 -9.3106069860e-02 -1.6228263840e-02 1.4536917274e-01 -4.1154805990e-02 7.5217856465e-02 -6.4740667101e-02 -7.1482814146e-02 -1.3840050518e-01 2.1336315171e-01 8.8990449784e-03 7.4390058612e-03 1.2230853420e-01 -6.0526247845e-05 1.2470436761e-01 -1.5119156999e-01 2.1831176032e-01 -9.3658139715e-02 1.9211044752e-02 1.3420489617e-02 -1.8585982392e-01 1.5867403935e-02 -5.4379380463e-02 5.7705836784e-02 6.6870182838e-03 1.8233816771e-01 1.9384992128e-01 -2.3250213352e-01 -4.2012492420e-02 -1.5947523060e-01 1.9232476334e-02 -1.7476312468e-02 -2.0489112909e-03 7.6860883219e-02 -4.3035182127e-02 -6.8464302081e-02 -1.2375533023e-02 -6.2805033985e-02 4.5149380061e-01 -9.6407528553e-01 1.5250454664e-01 1.9016884789e-03 -1.6909354168e-02 -2.6821679955e-01 7.8006225204e-02 1.4582097286e-01 6.0960680735e-02 -3.5504306328e-02 2.9665595850e-01 2.8204168043e-02 7.3294741404e-02 -3.4335804643e-02 -1.4705691216e-01 -1.0395556035e+00 -9.8521115650e-02 -3.1561641030e-02 2.5875524444e-02 -5.6474131757e-02 -1.3947393433e-01 6.6967882465e-03 -5.6590938254e-01 -1.8263477778e-02 -1.3897320254e-01 -7.1878116975e-02 3.0885731811e-01 8.8457543866e-02 -9.5776902014e-03 -8.3952652804e-01 -1.7083119772e-01 1.8897028382e-01 2.1395891292e-02 2.6580289173e-02 1.6383002447e-01 -1.2384673267e-01 -1.4672281416e-01 -8.7079241587e-02 -7.3289731835e-02 2.9747583696e-01 -1.1592003210e-01 3.5211150353e-02 -3.2234522849e-01 3.4899958628e-01 -8.9631975025e-02 -4.0585800723e-02 -4.9578203072e-03 1.6168422792e-02 6.9933354703e-02 -6.1151889731e-02 1.4142383854e-02 1.6876827249e-02 1.4473951137e-01 5.9735300799e-01 -1.8252054989e-02 1.9450435871e-02 2.4980695195e-03 -3.3559790117e-02 -1.2719969918e-01 2.9953434960e-01 -2.1944114378e-01 1.3334144551e-02 1.2403972945e-01 -1.9127457076e-01 -7.9728706196e-02 -2.8131158979e-02 -1.6550560063e-01 7.5444810778e-02 -2.9851181726e-03 -1.0941138447e-01 1.7049831357e-01 -8.5146332339e-02 -2.3975567883e-01 1.5796914770e-01 -3.5517548841e-02 3.9063200229e-02 9.5761402836e-02 3.3759396194e-01
8.9022855374e-03 -1.4332954837e-01 2.2758336178e-02 8.1363752013e-02 9.7601780797e-02 -2.8537323480e-01 6.7241308791e-02 -5.9168682400e-03 8.2664017686e-02 -1.4590046368e-01 9.0076211520e-02 -3.0580704148e-01 3.3268723616e-01 -2.6209695275e-01 1.1471213844e-01 1.4172580269e-01 -1.1623948552e-01 -1.8674565744e-02 -2.1998833950e-02 -1.7759931353e-01 1.0978844432e-01 5.0865021794e-02 -4.4570318626e-01 -1.1760845004e-01 -1.9153001961e-02 4.8173062440e-02 -1.4230891145e-01 -4.9699568222e-02 -1.6744275551e-01 1.3236102704e-01 -9.8937266082e-02 -9.5917191884e-02 2.4260988594e-01 -2.4936727799e-01 -1.6146874385e-01 2.2812728798e-02 3.0696207580e-03 -4.2492141227e-02 1.1224481868e-01 3.5083806699e-01 1.5360470514e-02 -2.9273438372e-01 7.1872289837e-02 -5.7759136769e-01 2.5339795306e-02 -5.7324469633e-01 -1.0435137945e-01 -9.4071031928e-02 -2.5595997092e-01 -3.9091908271e-02 1.1263249446e-02 -1.3552644434e-01 3.0724079188e-02 -1.9436577948e-01 -5.8862388891e-03 -3.4819467115e-01 1.4714869904e-01 8.2387387179e-02 -1.4973179097e-01 5.2219427057e-02 -3.6213677664e-01 -3.8584083042e-02 -1.7731511489e-01 -4.2780568396e-02 -1.3916755556e-01 -3.3280544566e-02 6.9570215777e-02 2.8888190005e-01 -4.6373121219e-01 1.7852938150e-01 -7.0112257619e-02 -1.3341633906e-01 -3.7993382761e-02 -2.5683459687e-01 3.7502303467e-01 9.9157897007e-03 6.1568428041e-02 -1.8317510587e-01 1.0098872065e-01 -9.7809156787e-02 3.3832611412e-01 -2.6629781475e-01 1.7338468198e-01 -6.1832955304e-02 7.3962419839e-02 -1.6385520328e-01 2.2203284474e-01 -1.1899652938e-01 1.0078844238e+00 2.7466721760e-01 -4.8080509445e-01 3.2163113809e-03 3.7515343475e-01 -2.4580528183e-01 1.4764268338e-01 7.8159973027e-02 2.3241888192e-01 -1.2222665218e+00 -2.2126674273e-01 -3.8355663466e-02 1.1425512543e-01 1.7079775748e-01 -2.2000892517e-01 -2.3503428751e-01 -2.2981564988e-02 8.4175270848e-02 5.3222260547e-01 -5.7960089930e-02 2.1952094661e-01 -1.3198203720e-01 1.9238799413e-01 -8.8450284953e-02 -1.4548095172e-01 -5.0240909350e-01 -8.7167727837e-02 9.2510991109e-02 -2.9086441782e-02 -7.3373579780e-02 -2.0529349072e-01 1.6108044141e-01 -1.5223160875e-01 -9.3530148770e-02 -2.9190732491e-01 -1.6111255638e-01 1.3792774142e-01 1.2059419953e-01 1.2490688468e-01 1.1583795294e-01 1.9223916714e-01 8.5787537870e-02 1.6808604259e-01 -6.6616113107e-02 9.4269726468e-02 -2.6680641492e-01 -9.0122185731e-02 9.8623036931e-02 1.6139872349e-02 -3.3816404252e-01 -1.9947667703e-01 5.9905526754e-02 -2.8159325595e-01 6.5854968174e-02 -1.0286393485e-01 9.4078919313e-02 4.6252768632e-01 8.7045773729e-02 -8.6184803794e-02 -3.7104588828e-02 8.2254516463e-02 4.6508556833e-01 3.0979516585e-02 1.0255944104e-01 -1.3966611529e-04 9.2157472787e-02 -5.5680353014e-02 6.4157617264e-02 5.7676521372e-01 -2.3263060768e-02 1.9757044435e-02 -9.1574980269e-02 8.3193873199e-02 2.6230830808e-01 8.7535112055e-02 -2.1267768186e-01 9.2970471657e-02 -1.1355940363e-01 -6.0594852467e-02 1.9215242748e-02 -1.6830003147e-02 -1.2164211802e-01 3.6493087625e-02 2.2144420176e-02
-1.4041363396e-01 1.0708359984e-01 -2.2062609684e-01 -9.6427898099e-02 -3.0051703903e-02 2.2507826124e-01 6.4232892732e-02 -9.0201947090e-03 -9.8098144892e-02 -2.7476188457e-02 -8.0866446815e-02 -9.3459837440e-03 2.4021871627e-01 5.7902318651e-02 1.4474845409e-01 2.3113135546e-01 -7.3517369400e-02 2.4217336295e-01 -1.2003594531e-01 1.9060526817e-01 -1.6274006080e-02 1.7799175603e-01 -5.1840638889e-02 -2.5841411750e-02 4.2510373360e-02 5.6237994760e-02 -1.2492165174e-01 -2.2057427153e-01 -6.8442322904e-03 -3.3244699853e-01 8.5954603880e-02 -2.5829030812e-02 -4.3007884079e-02 -1.7391454572e-01 3.0608173190e-02 -2.1285919895e-04 -8.1483613960e-03 -4.7592128179e-02 1.6881573444e-01 1.2845441016e-01 -5.1326090311e-02 1.7239767706e-01 4.6352292722e-02 -7.9402770103e-02 2.5508592395e-01 1.5701693859e-01 -8.5729473755e-02 -3.4910458693e-02 -9.6968476790e-02 -7.2751785528e-02 -3.2546469180e-01 -1.8034902502e-01 9.3151861822e-02 -3.1156693850e-01 -1.1735259280e-01 1.9726441400e-01 1.4484486736e-02 -3.6725292325e-01 6.9347863944e-02 -7.2721952178e-02 -1.5344465213e-02 1.6621761193e-01 -2.2010383690e-01 1.8053111130e-02 1.8268098697e-01 6.3432712782e-02 4.2914889380e-02 2.9203886622e-02 -1.3554348229e-01 -1.2963404624e-01 3.2269591014e-01 2.5654919332e-03 3.6271863426e-01 -5.1340563842e-01 -1.3006300092e-01 2.8048998648e-01 2.8837623977e-02 -1.8041182178e-01 -1.1892855763e-01 -2.7578126755e-02 -2.2114827218e-02 -1.1945796067e-01 -2.0398197627e-02 -6.2372734570e-03 1.9529822485e-01 1.6556230690e-02 2.4860433194e-02 -1.7861754668e-01 -1.3906859222e-01 -6.7774312083e-02 -1.8200769661e-01 -2.1256825904e-01 1.7085744514e-01 -2.4292955073e-01 9.1706611571e-02 9.5568925592e-02 2.3655952207e-01 1.0970780627e-01 2.3357701963e-01 3.4273281079e-01 -1.8418378754e-02 -8.9708907618e-03 4.1519791926e-01 -2.3461598351e-01 1.4391283913e-01 -1.8730737557e-02 1.8963670623e-01 -9.5365226659e-02 2.7515218350e-02 -1.3789524334e-01 5.3348784216e-03 -8.6844855903e-02 2.8578927240e-01 -9.6165350113e-02 3.8401553701e-01 2.2105430766e-01 2.7061410995e-01 -5.6200633843e-02 2.0600081951e-01 2.9514104803e-02 -1.0974373282e-01 -2.8914920317e-01 5.7292557937e-02 2.1977953598e-01 8.7037441868e-02 -1.3880605588e-01 2.7016092686e-01 3.8003981609e-02 -7.0853901763e-02 -4.8741776514e-02 1.0832732617e-01 8.7766308759e-02 -1.9350033271e-02 -8.0267261082e-02 1.1710326329e-01 -2.6136372527e-02 -2.1331896878e-01 -3.6828505312e-01 2.8824325772e-03 4.9281935456e-02 1.4219902696e-01 -9.6734791060e-02 -2.1441292376e-04 3.5427735038e-03 -1.3770108448e-01 -1.9108185360e-01 1.4821186654e-01 -1.2894708821e-01 9.9030911298e-02 -1.0713831744e-02 5.9900071075e-02 3.2508700195e-01 -1.0564137272e-01 -4.6277748129e-02 2.8698039559e-01 1.1756477257e-01 2.6432497187e-03 -1.5418818153e-01 -6.7943544168e-02 9.5508030283e-03 -1.3927735129e-01 7.0785126979e-02 -2.1288608820e-01 4.2087144999e-01 2.2401703383e-02 -3.4334130179e-01 -1.6837162043e-01 -2.0417642923e-01 -1.0347651534e-01 -7.2891913153e-02 1.2786170466e-01 2.3811516008e-02
-5.4702520973e-02 1.7276084956e-01 -1.4699421158e-01 3.6444220837e-01 3.2544665685e-03 4.4770879671e-02 -1.8344838090e-01 -5.5579967435e-01 -5.7447819755e-02 1.0300915506e-01 3.2519348276e-01 -1.1683861592e-01 -4.3672204652e-01 -3.8328842175e-01 9.9841562680e-03 -1.9795903355e-01 -3.1514777613e-01 8.3031848780e-02 -1.0836596894e-01 -3.3625703887e-01 -3.0314943020e-01 -1.3963778719e-01 -9.4613558573e-02 -1.1143375941e-01 1.5397941779e-02 -1.9253648279e-04 -8.4333938695e-02 -2.2975679446e-01 3.4604875193e-01 -1.1744683586e-01 -3.5911077772e-01 -4.1465354738e-02 1.9263097503e-01 3.8632221556e-01 -1.8703609836e-01 -1.2186452177e-02 -8.5880903793e-02 7.3599334923e-02 4.1118101542e-02 1.2556142959e-01 -1.7202286654e-02 8.7914309437e-02 6.1052066448e-02 -3.2624580104e-02 -1.3034468889e-01 1.3681636798e-01 2.5279592260e-01 -4.1691952818e-02 2.8795198663e-01 2.4148985390e-01 -1.8569301305e-01 8.0742732373e-02 -6.3910752124e-03 4.1423640223e-02 -5.2758746806e-01 2.3634765859e-01 -8.4971429277e-02 5.2142953346e-02 -1.7046834800e-01 3.6534447906e-02 -1.1303339612e-01 -8.7871901598e-03 2.0309282977e-01 6.0875652272e-01 -1.8124229251e-02 -2.5276784225e-01 2.6002304861e-01 -7.8266730559e-01 2.7844035142e-01 -8.0762315486e-02 -1.3695872022e-01 5.4143524231e-01 3.5014419333e-01 -1.4896309408e-01 2.2636495787e-01 1.1065753391e-01 -1.0363509892e-01 6.7905705361e-02 -1.2193114250e-01 2.1867491926e-01 1.1504247035e-01 -6.2957096282e-02 6.6538364002e-03 1.6261891326e-01 -7.7077650754e-03 -7.9062058304e-02 -4.6461142967e-01 -1.1937580937e-01 -2.1691244775e-01 3.2255812101e-02 -1.8384722844e-01 -1.5521032259e-01 -1.0752878918e+00 2.3128160210e-02 2.9310552077e-02 -2.9734445134e-02 -1.4735975672e-01 9.3479904682e-02 2.5569824525e-02 -2.3103692610e-01 1.4744264271e-01 1.6394779895e-01 -1.0897376929e-02 -8.8125288118e-02 -1.9659749277e-01 5.0029181678e-02 -3.6900299606e-02 1.0897096194e-01 1.5220113779e-01 -3.8117241348e-02 -4.0212395320e-02 8.6774458027e-02 -1.4412902295e-01 -2.0332724571e-01 1.5041511955e-02 1.5517959271e-02 -1.2358076973e-01 -7.6748491182e-05 7.0442154915e-02 -3.5594377900e-01 5.6305806951e-02 -9.3038028524e-02 -4.2651282003e-01 -1.2397228125e-01 2.2233770425e-01 1.3940804184e-01 1.7821530897e-02 -2.5180199702e-01 4.3259688875e-02 2.4232485619e-01 -3.0957548605e-01 1.0730963244e-01 -3.8108991846e-01 1.3243130490e-02 -1.1801717483e-02 -4.0496728115e-01 3.5013765028e-01 -4.5772557502e-02 1.0545991519e-01 -1.0475591117e-01 -1.3011111386e-01 -1.7852875910e-01 -1.0559798576e-01 3.3712674999e-02 -4.0620403453e-01 -4.4847256876e-01 2.7940957681e-01 -1.3806804694e-01 9.9840914239e-02 -6.5133338558e-01 3.0396052359e-03 7.4873431933e-02 1.7983800011e-01 1.2478033192e-01 4.6269102840e-02 -4.4146728995e-01 9.4824516765e-03 2.7506513955e-03 4.8060849368e-02 -3.5273556205e-01 -9.6717156981e-02 2.0364650300e-01 1.6162725119e-01 3.0904955158e-02 -5.9000570415e-01 1.7666274887e-01 -2.4682379341e-01 -5.8273490248e-02 1.8691303217e-01 -4.5120813569e-02 -5.9757783724e-01 2.4147105107e-02
1.9351879070e-02 -2.3225347995e-02 3.3522899344e-02 8.6389779096e-02 1.5600419210e-02 -1.1572349653e-01 4.1180997781e-02 2.9456979654e-01 3.4262055154e-02 -4.4495426278e-02 9.2919435124e-01 6.6464144933e-02 3.5016190189e-01 2.9350680074e-01 1.9432878025e-03 -1.8065303956e-01 2.0581083119e-01 2.1858702722e-01 -2.3990464693e-02 -3.3668628103e-02 9.7162337528e-02 1.4090569899e-02 -9.1294411673e-02 1.5047398700e-02 1.0209386714e-01 -2.4921663235e-01 -7.4764370986e-02 1.9040473218e-02 -1.0860592696e-01 4.8054285264e-02 -1.2857994617e-01 -1.3521404478e-02 3.1341572988e-02 4.4174862145e-01 1.9478602704e-03 3.0836925544e-02 3.4133099966e-03 2.8152723624e-01 -1.7617129175e-01 -5.3481759184e-01 9.3906474242e-02 8.9347478675e-02 -9.7754406513e-02 4.7117073751e-02 5.2595928822e-03 1.1510439338e-02 2.5611766405e-02 5.0995180135e-01 -2.7515251653e-01 6.8850927669e-02 1.1419744550e-01 -5.2626828890e-02 -2.4062232580e-02 1.8537695830e-01 3.8661978593e-02 -3.4872509430e-02 -4.9065838834e-02 -1.3830414057e-01 -1.6298241482e-01 -1.9841964289e-02 -1.0674828148e-01 7.1957552946e-02 -2.1349465690e-01 -1.2982440912e-01 -7.2643375770e-02 -6.6143945839e-02 -8.5572612567e-02 6.8840948864e-02 -2.6217852519e-01 -4.1346590768e-02 -7.0462723211e-02 4.6569003203e-02 -1.0007941970e-01 1.2088612825e-01 -9.7049554340e-02 4.2939754761e-02 7.0322700192e-02 2.2725660124e-01 -1.3006695905e+00 9.0210831524e-01 1.0825090652e-01 -1.5030281074e-01 -4.9125603101e-02 4.2795430278e-02 9.9360140484e-03 -1.7288352927e-02 5.2928049659e-02 -1.0619402795e-01 -1.7684677999e-03 2.5991226385e-01 4.5573770873e-02 1.4078102843e-02 1.1297540689e-01 8.7850465926e-03 1.3146733181e-02 1.8877089157e-02 1.0510821283e-01 -6.6592133833e-02 1.0485573004e-01 2.2336816465e-01 1.6980265106e-01 -3.2139275383e-01 5.8490687958e-02 7.5332899863e-02 -1.4308760195e-01 -3.9033101095e-02 -2.2476452322e-03 9.0160701313e-02 1.1495996020e-01 1.4492987577e-02 1.1576460949e-02 2.6780183813e-01 7.9535546284e-02 -2.9010073970e-01 9.1629416331e-02 -4.5696101073e-02 -3.5039358492e-02 4.6322557593e-02 8.0912244363e-03 -1.6440214262e-02 -2.2944481980e-01 1.4602520969e-01 -1.9476243085e-01 -7.7294141759e-03 1.1638307503e-01 -9.8438291887e-02 -5.1002317821e-02 2.5086952540e-01 1.8248736585e-01 -6.7110756141e-01 8.0315667492e-02 -6.6918199818e-03 1.5117796787e-01 3.1988824458e-02 4.0381482256e-02 1.2615330984e-01 -2.2573466570e-01 -2.1170912718e-01 -4.8809693095e-02 -3.7533359872e-02 -1.4916065555e-02 5.5241186101e-03 2.1854836824e-01 -1.6727964200e-01 -1.2801001810e-01 1.5897369967e-02 4.9142951783e-02 -3.1166609381e-02 3.6813029307e-02 -1.2105943068e-01 1.0962878713e-02 -2.4109015885e-02 3.7942755073e-02 4.2037939669e-02 -7.9760606532e-02 -1.2455642796e-01 8.1377875258e-03 -2.5336929390e-02 1.1939836938e-01 2.4777925527e-01 7.3907648469e-02 -1.2545781976e-01 9.2092946208e-02 5.9857593031e-02 -8.1512292347e-02 -3.6366382004e-02 4.0215544762e-03 2.7723225388e-01 -1.9959163456e-01 -8.2959509182e-02 -2.3436355470e-01 2.6605557948e-02
1.9696829916e-03 -1.6149968697e-01 -1.2341218918e-01 -2.0042989101e-01 4.1220624054e-02 -2.5154438434e-02 9.3155179533e-02 -2.1226810705e-01 -1.0697128641e-01 -4.8081652562e-01 -2.5393082387e-01 8.6041870933e-02 5.6639861725e-01 -5.0853366319e-02 -1.7693488288e-01 2.1354248311e-01 -3.5825613416e-01 3.0654980759e-02 -1.8643271890e-01 2.2998984955e-01 -2.5598196601e-01 -3.1208628469e-01 -1.3179660440e-01 -2.1904225279e-01 -1.4141997591e-01 1.7087849138e-01 1.2342625844e-01 -4.4428092118e-01 7.6105631448e-02 -1.9428868806e-01 -1.5431107035e-02 -1.4662974262e-01 -7.8544733503e-02 -2.5980288566e-01 2.6631234379e-01 -7.1416477490e-02 2.9707059571e-02 1.3452494014e-02 1.8116581972e-01 -1.1763530414e-01 3.8033428923e-02 -2.3146507515e-02 4.0600544918e-02 2.5654139393e-02 1.2438972156e-02 -4.0613004802e-02 -3.6160720358e-02 7.3825878764e-02 4.0879873990e-01 -1.7149804349e-01 5.5314024902e-02 -1.2889840721e-01 -2.0597615640e-02 -5.2844558048e-02 -3.1749391265e-01 -2.3966405028e-02 -7.1466230916e-02 5.8271172525e-02 -1.4527944982e-02 -7.2017126529e-02 1.5121554485e-01 -1.5733322357e-01 -2.6538850449e-01 -2.2328255835e-01 -2.3633167266e-01 -9.0530162061e-02 1.4009117286e-01 -2.3101549845e-02 4.1134893390e-01 1.8493548325e-01 -5.0869711064e-02 3.6586440709e-01 5.1640850882e-02 1.9587872311e-01 -1.7077764954e-01 -1.4694365956e-02 -2.0437224530e-02 -2.1733480412e-01 -1.0800876399e-01 1.4755397188e-01 1.1217447329e-01 -1.7402523715e-01 -1.9596690204e-01 -2.3161295138e-01 -9.5686956763e-02 3.5263174134e-01 1.0144169674e-01 -8.8230790518e-01 -4.2513480199e-02 3.0182119084e-01 8.1505041538e-02 -1.0313696351e-01 1.9256329547e-02 1.4476564658e-01 -4.7886777083e-03 -6.8702822130e-02 -1.7980993761e-01 -1.1962271511e-02 1.3038934174e-01 -7.8756241669e-01 1.2815017283e-01 3.8845196917e-02 -9.8749541834e-02 -1.8903352182e-01 -3.9441324232e-02 2.2814224896e-01 2.3574330989e-01 -1.2185980358e-01 -2.0922960346e-02 -1.1790530219e-02 -1.5808537100e-02 1.5060014259e-01 -4.2399917432e-01 -3.3680461463e-01 -4.1011770909e-01 -1.8157245889e-01 -2.0208387085e-01 4.6113768065e-02 1.6642586743e-01 3.8335839142e-02 4.0599604672e-01 1.3994415931e-01 -2.2694406071e-01 1.6203236627e-01 2.9996817012e-01 -7.8921005332e-02 -2.1111153456e-02 2.5828611232e-01 1.4223357992e-01 -5.1676314998e-02 -2.1163867489e-01 8.2069621067e-02 -5.5012932420e-02 -1.1079289031e-01 -8.7523285489e-02 1.2768274382e-01 -4.6506074969e-02 3.8668317591e-02 1.3773202367e-01 -5.3443462517e-02 1.0098317378e-02 -6.9389779101e-02 -4.0987555051e-01 -4.2216678804e-02 2.5185918484e-01 6.0268632945e-01 -6.5260144665e-02 -1.7936133665e-01 -1.9811173539e-01 -6.5496101909e-02 4.5295505764e-02 -1.0012266592e-01 2.9595019020e-02 1.9228037750e-01 1.1050467953e-02 3.5666114972e-01 -1.5115771882e-01 -7.9473840646e-02 1.4599390729e-01 5.5559705587e-02 -9.1094954193e-02 -6.8398125815e-01 -1.0822908495e-02 -3.9295158045e-01 -3.9699473412e-01 1.5560953873e-01 1.4017497585e-01 1.5575482332e-01 1.7392084570e-01 -3.0919774609e-01 4.4368452139e-02 -9.4112247039e-02
-6.8262016380e-02 3.3282722409e-01 2.0721445157e-01 1.4062383820e-01 -5.5921642243e-02 4.1866637808e-02 -6.7466269551e-02 -2.8828000462e-02 -1.2594211191e-01 2.2260072547e-01 -1.6390773493e-01 1.7080752373e-01 -1.2503372492e-01 -1.1482427105e-01 2.1740075728e-01 1.1741508583e-01 7.2852176842e-02 -1.0298958401e-01 -6.3207214600e-02 1.9156051167e-02 -6.8137442194e-02 -1.3282646255e-01 -5.4761001157e-02 -1.2770849407e-01 1.2962242738e-01 7.8964874992e-02 3.1363016000e-01 2.2051734374e-01 2.7534213308e-01 2.2202075657e-01 -7.0357661694e-02 -5.5916735957e-02 6.4410628897e-02 -4.0802925964e-02 -8.3412654678e-02 -3.5527311733e-01 9.6689686223e-02 7.0455780723e-02 1.3254252096e-01 -2.1462802954e-01 -1.8358059337e-01 1.6345247371e-01 -1.1753206219e-01 -6.4241530884e-02 1.1437541968e-01 3.8956124356e-02 -3.4678399370e-02 9.8473277513e-02 2.8035992144e-02 1.1908558757e-02 5.5691936615e-02 -2.3328317177e-01 9.6250304310e-02 4.1648870908e-02 1.2658017944e-01 1.5838630690e-02 3.4904510305e-02 -1.3012194615e-01 -1.4094124355e-01 1.9640362871e-01 -1.4032382816e-01 1.9379847527e-01 -9.4890105894e-03 -1.2531973096e-01 5.4069779207e-01 -2.8850404457e-01 2.9251729864e-02 -7.6985026820e-03 1.7735876887e-01 -9.1413694358e-02 8.6226840343e-02 2.3830528283e-01 -1.0040701574e-01 1.1800966653e-01 -2.9494651157e-01 1.3628060422e-01 -2.3836432637e-01 -2.1317875750e-02 -1.1458670016e-01 2.8619250309e-02 1.0481403717e-01 -4.8985118911e-02 -1.6582590968e-01 6.4757207031e-02 -1.0768816189e-01 9.3406764097e-02 2.3498447678e-02 -1.2534803054e-01 -1.0243773054e-01 4.3289251147e-02 -3.1138927785e-02 -7.8987994809e-02 -7.1039507537e-02 -1.8819868446e-01 -1.2672212610e-02 -3.3191393491e-02 -4.8879152496e-01 -2.2074892275e-04 -1.8775772606e-01 1.6240404520e-01 -7.1449797704e-02 9.6768262972e-02 -5.5967238416e-04 7.3948025082e-02 1.0022584931e-01 2.2763433331e-02 3.6343854632e-02 2.6640525841e-01 -1.3283016910e-01 -1.6405285838e-01 1.2010974831e-01 4.4454109970e-02 -2.8028473022e-02 -1.2882962352e-01 2.5104283416e-01 -9.3606393049e-02 8.2487040195e-02 7.8353913125e-02 2.0602442920e-01 -4.0603934854e-01 9.7526472138e-02 -1.7623079169e-01 3.6223418009e-02 8.4646516072e-02 7.1807340033e-02 -5.2396149088e-02 1.6856827975e-01 2.4188809888e-01 4.8240354737e-02 8.2383529479e-02 -1.6541749566e-01 5.7216495581e-02 1.0541359748e-01 1.3672683952e-01 3.8869927086e-02 8.9441808900e-02 -3.7122504680e-02 6.1694465441e-02 -1.6353073392e-02 1.6559073819e-01 -2.1478113873e-01 3.4246141418e-02 -1.1793559184e-01 -2.3271447201e-03 1.7199293875e-02 1.1896954521e-01 2.2504734255e-01 -1.7168127168e-01 -1.1557403659e-01 6.8634339652e-02 2.0220084833e-01 4.3563439829e-02 -1.2040112931e-01 7.3143190275e-02 -1.3050055131e-01 3.3111762419e-01 2.1774955081e-01 5.8811046138e-02 -9.7328584631e-02 1.5900211629e-01 -2.7608488532e-02 -1.9157392706e-02 2.8540101623e-02 -2.3337969891e-01 3.8274117026e-02 -9.7953820007e-02 1.6807002697e-01 7.9875113668e-02 -1.7635585369e-01 1.3965979946e-02 -3.2194496284e-02 -4.7697592916e-02
2.3682035621e-01 7.8706447989e-02 -2.0303597738e-01 7.7213623234e-02 8.5638798811e-02 4.0550111967e-02 -3.6755771859e-02 -8.7000231213e-02 9.3422698287e-02 9.0760154517e-02 -9.3359349082e-02 -2.7068316848e-01 1.4160752322e-01 -5.2764363733e-02 1.2914175721e-01 4.7247085609e-02 -3.2817475405e-02 -1.2357312730e-01 -7.0683909084e-01 3.3576622355e-01 -1.4445607630e-01 -1.6708815071e-02 2.0287266523e-01 2.6293071018e-01 -3.3921849684e-01 -1.1575303368e-01 -2.3665193576e-02 1.1670427213e-01 6.1004160574e-02 -8.0368576575e-02 5.4117944848e-02 -4.4514031581e-01 2.1820829412e-01 -1.7525588527e-01 1.0673712745e-01 -1.6264597886e-01 4.1544870151e-01 -1.6359975660e-01 2.5759360386e-01 3.0987233227e-02 -1.4430155980e-02 7.1978083929e-02 2.0019967631e-01 2.7441498506e-02 -5.6958094782e-02 -3.3818885142e-02 -1.3365683900e-01 3.5589888061e-02 -2.5779321010e-01 -3.1963680325e-01 9.7661784489e-03 -1.4339962348e-01 -1.1360989724e-01 6.6924580322e-01 -1.0596756553e-01 8.2816424836e-02 -4.7244598547e-02 -1.1445649719e-01 -4.9721562164e-02 1.8065841498e-01 1.4042174543e-01 -8.4900651377e-02 7.5064180601e-02 3.5691436865e-03 -4.0089425449e-01 -2.6753316402e-01 -4.9306050168e-02 -1.8422293068e-01 5.4221586032e-01 6.1425960044e-02 -4.1947676744e-02 3.3064726480e-02 1.6447767853e-01 3.2187823751e-02 5.8779276074e-02 -1.6028319391e-02 1.5963083724e-01 4.8612774562e-02 -7.3686398249e-02 -4.8995648940e-02 -1.4786425015e-01 3.0426936764e-01 1.9787439778e-01 1.7915393593e-02 7.6966157580e-04 2.6891008620e-01 1.9098696832e-03 -9.1054145827e-02 -2.7986500124e-02 -1.1971578560e-01 -3.8368036575e-02 -3.1362534422e-02 -1.7558632320e-01 -1.3003510083e-01 -1.7465393987e-01 3.2042606032e-02 -6.3026795666e-02 4.4005366495e-02 -1.3011069129e-01 1.6182833503e-01 -7.0820293736e-02 9.0593076226e-02 1.3250848530e-01 6.8133045696e-02 7.3780745132e-02 -6.6574955442e-03 -2.2243262085e-01 -7.4264970671e-02 -1.2608562011e-02 -3.9200461102e-01 -1.3130733994e-01 -1.6826731139e-01 -8.5425957806e-02 -3.7782251734e-03 6.2922073039e-02 3.6797571705e-02 -6.6960903492e-01 5.9691090382e-02 -9.7456558321e-02 -3.7201799275e-02 -4.7706799037e-01 -8.7564100683e-03 -3.0475340384e-02 2.9743787480e-01 -7.5032486586e-02 4.4937503406e-02 8.5013327664e-02 1.3554449819e-01 7.2114908573e-02 -5.3951233307e-02 -2.0599421120e-01 -2.2546308697e-01 -1.5720126910e-01 -6.4310011880e-02 -5.8307368031e-02 -1.3189273024e-01 -1.1727912795e-01 -1.2280385379e-01 -1.1089725723e-01 5.9064852237e-02 -3.1118419762e-01 -5.4679338256e-02 5.5649416811e-02 1.4212109063e-01 -9.8072434650e-02 2.6140452435e-01 -4.0056694756e-01 -9.2495144552e-01 -1.1307851236e-02 -6.6111631596e-02 -3.4873472594e-02 -1.4133427942e-02 2.3783402335e-02 2.4896764570e-01 -3.2262139805e-01 -5.9374770935e-02 -1.1323560701e-02 -3.1848797503e-02 9.3081024662e-03 -5.9356748579e-02 -2.1497527074e-01 -3.1855190852e-02 -7.6755217828e-01 2.7152960435e-01 1.6599127805e-02 -1.4005394981e-01 2.7356834841e-01 -1.1127379831e-01 -1.1172373484e-02 -6.7885279271e-02 2.4713363162e-01 8.9760934604e-01
6.2313953452e-02 8.7612723341e-02 2.1496037744e-01 -2.2801979800e-01 -1.6341822132e-01 -6.1255559418e-01 4.3317259720e-02 -2.1730081207e-01 1.0680355407e-01 -1.2437215553e-01 5.4684711145e-02 -2.3261332736e-01 -2.1644830739e-01 1.5054355944e-01 -1.2383947314e-01 2.2608034686e-01 8.5729406711e-02 7.7054714313e-02 -1.2327666885e-01 -4.2995759985e-02 -4.6534773886e-01 1.4119654629e-01 -1.3911965864e-01 1.2860012874e-01 -3.7045962971e-02 2.0854422176e-03 3.8246968540e-01 -1.1272543599e-01 -3.9143348254e-03 9.7101043183e-02 -1.0701019614e-01 -7.5562568810e-01 2.7573460151e-01 1.6813546096e-01 2.0308301829e-01 -3.6409498970e-01 -2.4619843096e-03 -1.2609238757e-01 3.6070328732e-01 -2.1962404579e-01 2.5256454469e-01 2.5019139360e-01 3.7493527229e-01 1.1190050974e-02 7.2564307217e-02 -3.3716726764e-01 -1.1179908404e-01 -4.5431884293e-02 8.4133069943e-02 3.3362901731e-01 -4.2309116904e-02 5.5400437997e-02 9.5907315680e-03 -3.7729762807e-01 1.7227678975e-01 -7.9268298276e-02 4.6884946572e-02 -3.5065865505e-01 2.4700257425e-01 1.0893781958e-01 3.3963797060e-01 2.3431387434e-01 2.1334648313e-02 3.9088046627e-01 4.0207907952e-01 -2.1680701419e-01 1.4318073614e-01 2.1899136400e-01 1.1567768065e-02 -2.2483412800e-01 1.8906048280e-01 6.4216635716e-02 1.1172352517e-01 3.4229763550e-01 8.9181026359e-02 -1.7207231795e-01 1.7762294556e-02 -2.8788435860e-01 -9.5007131717e-02 -4.9387339930e-02 1.2738558930e-01 -1.1072314650e-01 -7.1614342581e-02 -2.6057411809e-01 1.4979608383e-01 -1.5308269978e-01 1.2784723367e-01 -3.8580196125e-01 -7.9477072538e-02 1.3784986086e-01 9.3052496257e-02 -8.7860868977e-02 3.1665850756e-01 2.3022244320e-01 3.3576141789e-01 2.6049369123e-01 -8.3503102319e-02 2.1544196747e-01 -6.4264362043e-02 1.8786621407e-01 -3.7092099700e-01 -3.6080737770e-02 -1.7568635208e-01 -2.8201382323e-02 -1.9701685802e-02 -8.8111386193e-02 -2.3833287958e-01 -1.1060392859e-01 -1.4539285146e-01 -7.7580924663e-01 -3.3399687757e-02 -1.2608220270e-01 -1.4920885109e-01 -1.8611408878e-01 1.9405850558e-01 6.8604828449e-02 -2.0045236422e-01 7.9426771176e-02 -6.4250818314e-02 -1.2084949660e-02 -3.1602257264e-01 4.8970136951e-02 -1.2727273153e-01 1.8462459621e-01 1.3074613570e-01 -1.0047958077e-01 5.9520345219e-02 7.8887754351e-02 -2.5757489037e-01 9.5383391900e-02 -8.6939158218e-03 5.1173847901e-01 -2.5581659063e-01 2.9279771260e-01 1.2894125512e-01 -1.9421124810e-01 -5.1359003903e-02 9.0163031214e-02 3.6866188482e-02 2.3970542707e-01 3.5753235932e-01 2.1723880463e-01 3.4884249031e-01 -2.4066269554e-01 -1.5405171263e-01 -1.5336689304e-01 2.0583441511e-01 -1.2583244225e-01 -1.4579200635e-01 -1.8243860267e-02 7.7219169968e-02 -5.3867143967e-01 3.7980398142e-02 1.1577775773e-01 1.9444622713e-02 -2.7112114312e-01 1.1198083418e-01 2.2851541820e-02 -1.2616675095e-01 -7.0021498462e-02 -1.5040473142e-01 1.1101821245e-01 2.6967830378e-01 -1.5230871492e-02 2.7675773193e-02 -3.0255291465e-02 5.4510507664e-02 -1.7124230056e-01 7.5220423666e-02 -3.1251061957e-01 -1.3655011914e-01 1.5365661019e-01
-9.7428287253e-01 1.3991402957e-01 8.0146612293e-03 7.1597384942e-02 -4.9123515022e-02 -1.6942034181e-01 8.4634395795e-02 2.4060609275e-02 1.4473439489e-01 -1.5102116896e-01 -4.2682912104e-02 1.8433396650e-01 -1.0831839403e-01 -8.9406384872e-03 2.6444352988e-01 -1.0811045867e-02 -5.1689266967e-02 1.5123170655e-01 1.6819917403e-01 2.8496649903e-01 -2.3557762334e-01 3.8585772882e-02 3.2112930301e-02 1.8780469990e-01 4.1420029827e-02 2.8022239463e-02 1.4258123155e-01 -1.6327844042e-05 3.1922407105e-01 -1.5056804051e-01 -3.2440628399e-02 3.4333494352e-02 -2.8745347955e-02 -8.4209746362e-02 2.0136060875e-02 -1.0957301658e-01 1.4280621251e-01 1.7091724193e-01 7.4882397104e-02 -2.8060198330e-01 -4.0078584250e-01 1.5930451958e-01 5.1577740717e-03 1.3081998491e-02 -1.0832797963e-01 2.1459103695e-02 -2.2462689689e-02 -2.6888685028e-03 -2.2455643494e-01 1.1956851531e-01 -3.2066183034e-02 9.3569087000e-01 -9.3498745127e-03 -3.0462681660e-01 -3.8661503753e-02 3.2493195644e-02 -2.0508775923e-02 4.7403210220e-01 1.3235910514e-01 1.3042356160e-01 3.1631866310e-02 -1.5346256730e-01 3.5159416261e-02 -5.7049077358e-02 -1.9797098917e-01 -8.7009242588e-02 -6.8453124687e-02 -6.8643596891e-02 8.2935033344e-01 -5.0256681405e-02 -2.8547592679e-01 -8.8130116962e-03 -9.0204827827e-02 8.5436929789e-02 2.4028315746e-02 -3.4564019658e-02 -9.5349781609e-02 5.4788645530e-02 -4.9644910477e-02 -2.6574324355e-03 1.7198490290e-02 3.2255097189e-01 5.2204683693e-01 -5.4946138419e-01 1.0671970623e-01 3.5576407679e-03 -1.9849228708e-02 -4.4482194695e-02 -3.9108864365e-02 -1.5421624796e-02 -8.0105495110e-02 1.8865522610e-02 -4.8306640091e-02 -1.4899790184e-01 -2.6929222774e-01 2.2642944479e-01 1.0806747495e-02 5.8978853589e-02 -1.4286453671e-02 -7.6379780322e-02 1.1861768651e-01 2.3824882592e-02 -2.7231669382e-01 -1.7563761978e-01 -1.4205050428e-01 9.4109807485e-02 -5.0362968479e-02 1.7413065988e-02 -5.9868217192e-02 -1.2241157987e-01 2.9796704840e-03 8.5413834287e-02 -1.2864628280e-01 -3.9101767382e-02 1.3599334471e-01 -1.0741294899e-01 3.5140053440e-01 -7.2389353242e-02 -1.4594763208e-01 -7.2289944361e-02 3.9642966133e-01 8.3046563807e-02 9.3466518226e-02 4.5572824644e-01 -9.9607498218e-02 -2.0489254105e-02 -2.5543559658e-02 1.0575598045e-01 5.9757779739e-01 -1.6306327197e-02 -1.9813424462e-01 -1.6212719735e-03 6.6533082926e-02 -6.8434575046e-02 -2.0328307651e-01 -2.3191512870e-01 3.1355174452e-01 -1.4001861016e-01 -8.9340100499e-03 1.0529621387e-01 -3.8152044881e-03 6.9839151372e-02 -9.8915589849e-02 -3.9962483795e-02 -1.2948255511e-01 1.6850425645e-01 -6.5290606524e-02 1.9945677651e-01 -5.5550213661e-02 -1.2844019129e-01 6.4058463413e-02 -2.8119989236e-03 2.4940214517e-02 5.4796168974e-01 -2.5512158841e-01 -1.2840544037e-01 1.2875292910e-02 -4.2780158261e-01 -1.4662027774e-02 -4.3243233943e-02 -4.6120119731e-03 9.7874960398e-02 3.0222484030e-01 2.6231480059e-01 7.8934121520e-02 -3.7875353466e-01 1.2808964792e-01 -9.2457274315e-02 -2.7515970988e-02 -1.5033194303e-01 -7.2952748775e-02 7.7672175847e-02
1.2374640822e-01 1.7785068484e-02 -1.2772071828e-01 2.4388375966e-01 -2.2194181618e-01 -6.5172577157e-02 2.4441498573e-01 -1.5725143677e-01 -4.9872309460e-02 6.8623121039e-02 -1.3921067143e-01 7.7923816770e-02 4.9484956264e-02 -1.2913650621e-01 4.8158331440e-02 -1.2686255011e-01 3.1004557069e-02 -1.3067730071e-01 -6.5103512401e-02 -7.6644275829e-02 -1.8704776561e-01 2.5045731024e-02 -1.0777597340e-01 -2.6176993112e-02 2.5728046330e-01 -2.0712589226e-02 2.4319033661e-02 -1.3285902810e-01 5.4574323654e-02 1.1577691272e-01 2.1179575488e-02 -1.8624245180e-01 4.1072596811e-03 -3.3244285424e-01 1.9483060443e-01 -3.1283675818e-01 1.1233985474e-01 3.7013156605e-01 1.9799634918e-01 4.0756267378e-02 2.0498281393e-01 2.7706928703e-02 2.0009410659e-01 5.7781040813e-02 1.2382080325e-01 1.1207065832e-01 1.2353259614e-01 3.9207065216e-02 -3.4087942585e-02 -4.4522957583e-01 -7.2062184779e-02 -3.7872770063e-02 2.0982232998e-01 -2.1989125030e-02 3.6994178161e-01 -9.7920165904e-02 1.1348824830e-01 -1.2422689191e-01 -1.7997515335e-01 4.9783100790e-02 -9.3827251444e-02 4.3276523775e-02 -2.4706442122e-01 2.5638146480e-01 2.6572472386e-01 2.9789050943e-02 -3.2513769185e-01 3.8416376661e-02 6.6465976726e-01 -1.5949976763e-02 4.5774754246e-03 -5.5888157044e-02 -3.2982714311e-01 1.1646267228e-01 1.0702403433e-01 -7.8000945848e-02 3.0669159292e-01 3.4765580745e-01 5.1455728568e-02 1.3644217332e-01 -4.2565648215e-02 1.9944594224e-02 8.0250075020e-02 -1.5156395690e-01 -6.2206224713e-02 3.6794064884e-01 4.0992072519e-02 6.9365759112e-02 -1.5518525967e-01 -2.9044810588e-02 -8.8619622733e-02 9.1969069894e-02 -3.1963490029e-03 1.6464038230e-01 -1.2403331516e-01 -1.3064470196e-01 8.4165380566e-01 -5.3900189695e-03 -1.6311095806e-01 4.2734957114e-01 6.3445654620e-02 2.7905405682e-01 -1.8887266527e-03 -7.3976580834e-02 -1.7220343230e-01 5.3308767074e-02 -1.0612681221e-01 8.0406501507e-02 3.3101922086e-02 -1.6603537100e-01 -7.9076558997e-03 4.4744089736e-01 -1.2901799590e-01 1.3315528381e-01 3.7644467599e-01 7.5550265277e-02 1.2043367223e-02 5.3831786331e-02 -4.3557138771e-02 2.4509031296e-01 1.5781368598e-01 -7.4038612660e-02 2.2373187160e-01 -1.2174563657e-04 -3.2152681696e-01 -4.7041014064e-02 -1.0863068709e-01 -1.4413647398e-01 -2.4949625955e-02 3.4466385269e-02 -2.3704095603e-01 4.3594869334e-02 1.5446168037e-03 -1.9555581408e-01 -1.5326427655e-02 -1.4458172686e-01 -1.5067479950e-01 -1.5337731095e-02 6.3900053330e-02 1.8336315214e-01 -1.6974179204e-02 1.3979976080e-01 3.0672254620e-02 -9.1673683987e-02 -3.4905100238e-01 8.6559685089e-01 4.0235246084e-01 -3.6575762558e-02 6.7438752393e-02 -1.9335656360e-01 -4.9118895644e-02 -7.1175107763e-02 -3.8704946857e-02 9.3493310444e-02 -6.5563018840e-02 1.3600552894e-01 -2.5058610723e-01 3.9153260970e-02 3.0921017272e-02 6.1278752953e-02 -9.1294377627e-02 3.0224995911e-01 -1.1334333374e-02 3.0101675219e-01 1.9266505170e-02 -1.0983721476e-01 -1.2784016116e-01 4.0237643373e-02 1.1838840389e-01 -2.4017184060e-02 -1.1522935777e-01 -6.4278823073e-02
1.9037539923e-01 4.0374751990e-02 -1.1099959908e-01 -1.7908542378e-01 -2.7329086839e-02 2.6913588509e-01 -1.2401623275e-01 -5.8989053541e-02 2.2820361682e-01 -7.8411979949e-02 -4.7563336433e-02 1.3494435185e-01 -2.3769466363e-01 1.3945778921e-01 -1.7226560438e-01 -1.3785152773e-01 -1.4382281230e-01 -2.2544371089e-02 -6.6215903387e-02 -3.5023920317e-01 7.4627897726e-02 -1.2206253204e-01 -5.9588712016e-02 1.2410903590e-01 3.1517466699e-01 -2.4552708254e-02 9.3176165830e-03 -1.6423392004e-01 -1.8262382238e-01 4.9522365943e-02 -7.3518752489e-02 3.5019291324e-01 -2.2645324285e-01 -2.8291948247e-01 5.0611916344e-02 1.2016971171e-01 3.5066817657e-02 4.8241013639e-02 2.5271996847e-01 -3.3629853957e-01 9.3222553827e-02 5.4832198042e-02 -6.7359910993e-02 8.9277209914e-02 -1.5796391297e-01 -1.7262906042e-02 -1.7514219468e-01 -7.1217474969e-02 -7.1640481462e-02 3.4889143363e-03 -1.5815368012e-01 1.8641401953e-02 -7.7530492185e-02 9.0989041009e-02 -2.5297087697e-01 2.6582332625e-02 1.6994927575e-01 -1.2941839063e-01 -1.0062680396e-01 6.1929228291e-02 1.9586203708e-01 1.1833866230e-01 1.6011638850e-01 3.8395868102e-01 5.0560202640e-02 -3.3600518538e-01 1.2476511148e-01 5.3041104941e-02 -1.3714273129e-01 -2.2245837121e-01 -1.9748934816e-01 -2.7810279509e-01 1.5665734188e-02 -1.7690039202e-01 -9.1706179963e-02 1.6348188157e-01 1.9008164433e-01 -4.6683424871e-02 -7.9838055565e-02 -1.6089273780e-02 1.8414576335e-01 2.4471915114e-01 1.3264642819e-02 -1.9660746887e-01 -9.2887131044e-02 1.8988147942e-01 6.2706628983e-03 -2.9875714095e-01 1.3307761407e-01 4.3659372162e-02 -5.4491630086e-02 -9.2395478174e-03 8.8914067684e-02 1.0839148159e-01 -1.1219099945e-01 -1.0074541299e-01 -1.6130586681e-01 -2.2190211760e-01 3.2104889613e-01 2.9797410704e-01 -2.5389998969e-01 2.7695632367e-01 -2.7846226052e-01 -3.0283042759e-03 -2.5126140892e-01 6.8717178596e-02 8.0073508732e-02 1.1571812855e-01 -1.6721262848e-02 1.9535520427e-01 -1.2470788240e-01 2.8370976202e-01 3.0320663357e-03 -8.0353505783e-02 -4.3708591582e-02 -5.4907690947e-02 3.1251869626e-01 -6.6759175496e-03 1.9314169004e-01 9.1342463787e-02 -7.3601718785e-02 -1.3881282869e-01 -5.4713417802e-02 2.3427385112e-03 -1.6180150233e-01 4.6458303415e-02 3.6356083146e-02 1.9538654671e-01 7.3365361673e-02 -8.9115350728e-02 -3.1947417519e-02 -9.9877880780e-02 -5.8449613048e-02 -7.1979817408e-02 4.1644354926e-02 -1.2906468902e-01 -2.1835665211e-01 -1.2913434854e-04 9.8451123287e-02 -1.5197662781e-01 -1.0356201987e-01 -1.9939049572e-02 3.7883760976e-01 -1.3390855566e-01 3.8323711271e-01 -4.6332244226e-01 -3.0059059508e-01 -5.3712667541e-02 2.9558185784e-01 9.9922706805e-02 -2.2880670592e-01 -1.1969615632e-03 4.2687786842e-02 2.4116727738e-01 2.9506277722e-01 2.9343964812e-01 1.1571141490e-01 -1.6026022538e-02 -1.3140201918e-01 1.1772140400e-01 -1.3102190787e-01 1.2999319168e-02 -1.4038411136e-01 -1.9313891433e-01 1.4302352502e-01 1.0190728810e-01 1.1632220616e-01 -4.9689269452e-02 -5.6038262697e-02 -3.8688216548e-01 -6.2600603412e-01 2.2518229861e-01
-1.9409229223e-02 4.0291282835e-02 4.6442271570e-02 -8.6903793877e-03 -5.3008743860e-03 1.2334436969e-02 5.1647983137e-03 3.4367995325e-02 -1.8741853190e-01 -7.5562065123e-02 -9.0756035349e-02 -1.7517949273e-01 1.2393615583e-01 -1.4014939804e-01 -8.6442847078e-02 -1.0928411055e-01 -1.1858585166e-02 -3.0567677775e-01 -2.1421362567e-02 1.6149635351e-02 2.8117203165e-02 -1.0768613425e-02 -1.1292757414e-02 -9.6496535808e-02 3.5850008882e-01 -6.0022480747e-02 1.5289985591e-01 1.3046758306e-02 -1.5019600970e-01 -4.5972892373e-02 5.7916161726e-02 5.2515665651e-02 2.5724537526e-01 2.5645913631e-01 3.4500998573e-02 2.7358548368e-02 -1.2125983253e-01 1.6087976145e-01 1.5948002799e-01 1.2521686021e-01 -1.8676989869e-01 -5.7249038600e-02 3.6923856710e-02 2.5431199617e-02 -6.6252951988e-01 -8.5597262282e-02 4.8714241876e-01 -1.9890614351e-01 -7.2102616154e-02 2.2841279587e-01 2.6360885153e-02 -3.7411557846e-02 7.6028409897e-01 -5.8631429508e-02 1.0143521587e-01 1.3041199102e-02 4.9624535170e-01 5.1449361732e-02 -1.2838865815e-01 3.7617023043e-02 -6.7675864324e-02 3.1557142628e-01 1.3543429970e-01 1.6573987542e-02 -5.7475020390e-02 1.9892230737e-01 4.6939333598e-02 -8.7891723322e-04 -6.5509647782e-01 5.4698044040e-02 2.7692338352e-01 -5.9428425507e-02 2.4700325942e-01 8.5245449405e-02 -1.3594198472e-01 1.5460769028e-02 2.0122569185e-01 -4.5481334873e-02 -2.9299724365e-02 8.9294721374e-02 1.0300931271e-01 9.4318674526e-02 -2.3309106848e-01 8.0385586520e-02 -4.2996058665e-02 2.4114335018e-01 3.3605155714e-02 -2.4293187381e-01 1.6682896781e-02 8.6406890752e-02 7.0302279144e-02 -2.8682141610e-02 4.0236352428e-02 7.5912754738e-02 -6.1627406397e-01 -6.7968808735e-02 -3.6528408838e-02 -7.4168401789e-02 -6.3396961117e-02 -4.7911407932e-01 -5.1192323334e-02 -3.1261754734e-02 3.4755320002e-01 2.9791024695e-02 7.7917377887e-02 6.2352742680e-01 -9.2941051745e-02 2.1142581082e-01 -8.8772960413e-03 1.1458968036e-02 -2.0300969811e-01 8.6272623138e-02 6.7016524811e-02 -7.1635076798e-02 -4.8265150994e-01 -7.2401514282e-02 7.9924919588e-02 3.5731914556e-02 -1.9646938543e-01 3.2157180140e-02 -3.7545101081e-01 4.4583798643e-03 -2.5995323728e-02 -4.1992259000e-02 -1.3150037030e-05 2.6228667249e-02 4.0765820439e-02 1.4760199317e-01 -1.2254949362e-01 -3.1724274781e-01 1.1034395806e-01 -2.7313863770e-02 1.1892512326e-01 -1.2593118492e-01 -4.9190844618e-02 1.2915130243e-02 -2.4609711504e-01 -1.4942365850e-01 3.7295910042e-02 -2.2589364636e-02 2.6961037698e-02 6.9416620288e-02 -7.9986991893e-02 -5.8148512509e-02 5.6610636654e-02 1.0456667165e-01 1.2618755137e-02 3.8092631586e-02 -9.3224709621e-03 -3.6160449209e-02 -4.7229686848e-02 9.5131745943e-03 -4.3428853095e-02 -1.9647091592e-01 6.1273872926e-02 -1.7901901643e-01 1.0098034901e-01 -1.1023078029e+00 -8.8971075596e-02 2.2783271358e-01 -3.4905398783e-01 1.4151387863e-01 3.8897506470e-02 -8.5317437179e-01 3.3911687473e-02 -2.1910236631e-01 -1.2450992999e-01 1.6491213763e-01 -1.0391087982e-01 -1.1906518464e-02 1.0536756515e-02 1.7636318987e-01
1.3853899751e-01 6.6233599416e-02 3.4564584678e-03 8.1423139254e-02 6.4774495908e-03 6.4573966205e-02 -8.3468612245e-02 -3.8829174700e-01 1.9938645925e-02 -1.5130508115e-01 -2.9709881254e-01 2.7614184743e-02 -5.4880056049e-02 -1.0314015200e-01 1.3813495931e-01 9.5797359623e-02 1.6923511441e-01 -2.0609234587e-01 3.6787256039e-01 8.3495339291e-02 3.0007450676e-01 7.6324391539e-01 2.0102355454e-01 4.5227940341e-02 3.6810807703e-01 -7.8921464144e-02 1.7505626099e-01 7.6678378077e-02 -2.2040666068e-02 4.4313238531e-02 -8.2102409787e-02 -1.2323806926e-01 5.3778397031e-02 -2.5280341812e-01 -5.7357400902e-02 1.7590030308e-01 3.4494889279e-01 -3.2710495350e-01 -2.4638517233e-01 -1.6591930207e-01 4.3362189228e-01 3.5804836276e-01 -1.4895872572e-01 5.0337975949e-02 3.9716682110e-02 1.5184283116e-01 1.5242331080e-01 1.8807416572e-01 -4.4993740025e-01 2.5594574027e-01 -1.5186241696e-01 2.6519877258e-02 -1.4774657930e-01 -1.8671591903e-01 -2.7470781478e-01 -1.9671649265e-02 -5.2970845969e-02 7.0250149225e-02 -1.0465192158e-01 8.0727042621e-02 -1.9819653903e-01 -5.6557892071e-01 -2.0137743041e-01 5.0102472017e-01 -5.8155821453e-01 -1.1650064567e-01 -2.0886036086e-03 -1.1945803624e-01 -1.0749316500e-01 -5.6123552092e-02 1.8391818836e-02 3.0342497231e-01 1.9509079550e-01 5.5409481468e-02 -1.1089710555e-01 2.8440198463e-02 2.0804632247e-01 2.5389315268e-02 2.1055120853e-02 -2.5220363774e-02 7.0965562273e-02 1.0135812861e-01 -2.6906190344e-02 -7.6169683546e-02 -2.0827872959e-02 3.0736744680e-02 5.1963476081e-03 2.3397698422e-01 1.2257260700e-01 -1.2992511557e-01 1.6844385621e-01 9.3717334817e-02 -1.1054580924e-01 6.1398670995e-02 9.4733108290e-02 1.5307585824e-02 -2.9002855943e-02 -2.4245551967e-01 -1.1422298919e-01 -1.5750146533e-01 7.3453436072e-02 -2.2069187469e-01 8.0518600061e-02 1.4067439277e-01 2.8396955837e-01 7.6494942356e-02 2.3977138318e-01 -2.8232363109e-02 6.5147000609e-02 -2.5136696035e-01 -2.0487486660e-01 -2.0903468762e-01 -3.0610293507e-02 -8.1489511304e-02 3.4497001732e-02 1.0699459342e-01 2.4902047750e-01 9.5298766419e-02 -8.1132816722e-02 -1.7741876736e-01 -1.0297499786e+00 3.5582013480e-03 1.7785884834e-03 3.7216790185e-02 2.3559838216e-01 1.4183859861e-01 -1.2669752918e-01 -4.4742137328e-01 9.6582474282e-02 -1.7697311650e-01 2.3556690151e-01 1.8258592002e-01 -4.6387233993e-01 1.0543944726e-01 1.4641646929e-02 -3.9897196258e-01 -3.7966139923e-02 -5.9486242446e-02 -3.5699012143e-02 -6.0244461056e-02 -4.8607224740e-02 -6.8877964835e-02 -3.0049348000e-01 -4.1541506611e-02 7.7579358951e-02 7.5140272244e-02 -2.7021490755e-01 4.7464630710e-01 -1.3675050478e-01 1.2749194625e-01 2.5785793547e-02 -1.3926614445e-01 -4.7972500009e-02 2.5147868006e-01 -5.8898506454e-02 6.6595714694e-02 -1.8134312087e-01 1.3172530994e-01 3.8522032755e-02 2.4633362589e-02 -8.3113016227e-02 2.2958718169e-01 -1.6550680330e-01 2.5042282178e-01 -1.7077990120e-01 2.1314728375e-01 2.2680848708e-01 2.9283631040e-01 4.9886089554e-02 -9.5128738384e-02 2.4915382984e-02 -1.9605699902e-01
3.0793279188e-01 2.6493036979e-01 7.7485533552e-02 4.4178391036e-02 -2.1385831888e-02 -1.2803863698e-01 -1.7709219061e-01 1.1297723340e-01 2.1090718643e-01 -5.2241215596e-02 1.2527423688e-02 9.7955357621e-02 1.5159474364e-02 2.5500010839e-01 1.0706637774e-01 9.0644727398e-02 -1.3141145352e-01 -5.1570074037e-02 4.0640429497e-01 2.1949792202e-01 -7.4392378879e-02 2.5916067980e-02 2.9902340279e-01 -2.5392206858e-01 3.0644517620e-01 2.0355372452e-01 -1.1825347453e-01 -5.4207631909e-02 2.7022621273e-03 -2.6653136724e-01 -2.0891379594e-01 -5.0046359444e-01 -4.2374632769e-02 -1.6317760450e-01 8.1639423757e-02 -1.0333503906e-01 1.9345149608e-01 5.2009438145e-01 1.8821856940e-01 -3.6846948056e-01 -5.9391054653e-03 -9.5722262826e-02 2.8136577220e-01 2.4739467100e-02 6.9982450507e-02 3.0184961858e-01 1.4613046061e-01 -4.1349389225e-01 8.9414518583e-02 8.3606499606e-02 -3.1825541089e-01 4.8695766516e-01 -3.3195178593e-02 3.9489816681e-01 -3.2833689171e-02 9.7094513672e-02 -1.1308905072e-02 -1.6858576456e-03 4.1824772022e-01 -7.8255159343e-02 -4.9971772142e-02 2.0976851862e-01 1.2819768586e-01 -1.0946438071e-01 4.1844923856e-01 1.4421724502e-01 9.4868346195e-02 1.4675225707e-01 -2.8333622340e-01 -1.0858508687e-01 -5.6169309462e-02 2.1783669364e-01 -1.2393800299e-01 -1.9761802369e-01 3.1653801011e-01 1.7251126755e-01 -9.4838321337e-02 1.0937513134e-01 8.2518053700e-02 2.2856979679e-01 1.0715145022e-01 -3.5156485779e-02 1.4416110077e-01 1.7380237857e-01 3.0118180934e-02 -1.6662015407e-01 -4.7146091511e-02 -1.7286052482e-01 1.3021572012e-01 1.1586881168e-01 3.7486499868e-02 1.9698975975e-01 1.1300812188e-01 -1.6312834266e-01 6.2136161300e-02 2.3372777848e-01 5.7246524842e-02 -2.1235421656e-01 2.7611801580e-01 -1.0598787581e-01 -3.0005827303e-01 6.5112838118e-02 -3.6179376428e-02 -2.3118551625e-01 9.1472641797e-03 -8.1608462425e-02 6.9926788055e-02 -3.1327438823e-02 -4.3930935014e-02 -1.7333176177e-01 2.6893517111e-01 5.5133180471e-01 1.8036802952e-01 9.0872877091e-02 -8.2129603492e-02 1.3954267612e-01 -3.7170534592e-01 -1.1189582407e-01 -2.5011537321e-01 -3.5787793437e-01 -1.6328966314e-02 -1.1829535004e-01 -4.3366825767e-02 1.8727893576e-01 4.0583727931e-01 -3.2534555504e-02 -1.4320466738e-02 1.5097633755e-02 2.0988547098e-02 -3.2623647556e-01 1.3582448078e-01 -7.0245635301e-02 2.6277710649e-01 -1.7406473636e-01 1.6712323975e-01 1.2678651419e-01 -1.3488466894e-01 -5.5454329039e-02 2.1916091936e-01 1.1202176843e-01 -7.2190154645e-03 1.5868278028e-01 -1.8573124482e-01 3.1060132897e-01 2.9482741185e-03 -1.4494086947e-01 2.1566144073e-01 4.9410342668e-01 -1.5784915541e-02 1.1355226202e-01 1.4544716184e-02 3.0479137384e-01 -4.0014576608e-02 8.4243293841e-02 2.0770341588e-01 1.6176112615e-01 -6.3688570109e-02 4.3771877830e-03 -5.1883477751e-02 5.4377075812e-01 1.1154836755e-01 1.2145834744e-01 2.0608015715e-01 -2.2310063538e-01 -2.7594257413e-02 2.8933730259e-01 3.1041259245e-01 2.1768795719e-01 -1.0550365228e-01 -1.8177192541e-01 -4.1643833095e-01 1.5110969992e-01
-1.6829008657e-02 -2.4963748085e-01 -3.7315454344e-01 -3.8053976703e-01 -4.6362368964e-03 -1.4675247720e-01 -1.1415985374e-01 -3.7183021650e-02 -8.8740407455e-03 5.0304516512e-02 -9.5907164796e-02 3.8490882230e-01 -1.9671693103e-01 1.1817220942e-02 1.5138566755e-01 -5.4726455813e-02 3.1298661471e-02 -3.4617968375e-01 3.9047995173e-01 1.8227603549e-01 -1.3744913011e-01 2.6839904920e-01 3.4643628535e-01 -2.2424909923e-01 -1.7744356397e-01 8.3950703446e-02 -6.2536058329e-01 -1.9243704713e-01 -1.8070160047e-01 1.9238997716e-01 -6.2541908410e-01 1.1698735165e-01 5.1574026566e-01 -1.5053911512e-01 3.4742477817e-02 -2.3875049599e-01 2.5467686291e-01 -3.0082409810e-01 4.9991563369e-01 2.8516951688e-01 -6.8220868919e-02 1.8429236490e-01 -2.6575063469e-01 1.9990165003e-01 1.6006780065e-01 -6.9701100043e-01 3.5245532998e-02 -5.1363105005e-02 2.0117396932e-01 -2.7542298716e-01 4.5165998180e-02 1.1057091930e-01 2.3377868237e-01 -2.1248515042e-01 3.1826080640e-01 -1.1472247760e-01 -5.1085609513e-02 -1.0233213427e-01 6.4844582275e-02 -2.5594461504e-01 2.6594755573e-01 9.0534680973e-02 -3.4322460535e-01 6.6905407291e-03 1.3316725792e-01 -1.4704065471e-01 1.9048205291e-01 1.1223090631e-01 4.3846296196e-01 -7.3639364543e-02 1.5700912746e-01 -1.6611521091e-01 -3.8144756025e-02 5.8734699255e-02 -1.5904482888e-01 -9.3236185502e-03 4.5181194814e-01 -5.0451413739e-01 -2.3708742168e-01 -2.1571436311e-01 4.4057337478e-01 1.3516436309e-01 -2.4984511613e-01 -3.7503825162e-02 -1.5148446645e-01 -2.6396936370e-01 2.0653771580e-01 -3.6768000521e-02 -5.2921202384e-01 -3.6528360659e-01 -2.0707012437e-01 3.0623066670e-01 -2.4768606374e-02 -2.2612218702e-01 4.2063428275e-02 1.2073310879e-02 -6.0562488778e-02 1.0577547944e-01 -2.2536695355e-01 -1.8523891147e-01 4.3373606093e-02 -2.1431150074e-01 -2.0878657617e-01 6.6432638131e-02 -1.4811492578e-01 1.3743548555e-01 -1.6470396150e-02 -2.5337102138e-02 -3.5157754721e-01 2.3342348705e-03 3.1264644816e-01 -1.9868007391e-01 -8.0863867940e-02 -6.5628005271e-01 -1.4198909259e-01 2.5750019347e-01 -1.0811193011e-01 9.5948419146e-02 9.6838109119e-02 -4.0928181351e-01 1.0913966110e-01 5.8853365929e-01 -2.3197171028e-01 2.0882832300e-01 -3.8311755408e-01 -5.3240387965e-02 -5.5009443169e-02 -2.4624832495e-01 -1.1594321052e-01 -5.3251454105e-02 1.4643396567e-01 -1.5245286940e-01 -6.2656866308e-02 5.4009591980e-03 1.8394398952e-01 2.4032499010e-01 -1.5644709879e-01 1.6519392420e-01 3.5669603361e-02 1.8303486362e-01 -2.8070741202e-01 -2.2828704962e-01 1.4214804728e-01 2.0347760593e-01 -2.8700507922e-01 -2.4672080608e-01 -4.6409992130e-02 3.5162509653e-01 1.4055503067e-01 -7.4284317355e-01 5.8406049045e-02 1.9486253005e-01 -1.1450876872e-01 8.2409031585e-02 -3.8945738901e-02 1.5414608918e-02 -9.2831874738e-02 -9.8820018232e-02 -5.3658465453e-02 1.8837757644e-01 -1.5165606556e-01 4.4654911703e-03 6.7549222954e-02 3.3239517845e-01 1.9613130719e-01 -1.6687329900e-01 -6.5108418627e-02 -2.7807547977e-02 2.5668162768e-02 -7.0448102908e-02 8.8959181653e-02 -4.5674455472e-02
9.1572403175e-03 -4.6167666330e-02 -1.9316582312e-01 -7.8585788762e-02 2.7213243017e-02 -3.5725104877e-02 8.8751819432e-02 -5.8261475449e-01 -4.0732583413e-02 -3.6557121583e-02 -1.2615347298e-01 -9.7153950673e-02 -1.9077485272e-01 -3.0639153457e-03 -3.6867688102e-02 4.5356041724e-01 2.8832767327e-01 -8.3164146117e-02 -1.9192752840e-02 1.8077180292e-01 1.8594159259e-01 4.3118877526e-02 -2.5554540833e-01 5.8776466152e-02 3.0608829560e-01 3.8916806546e-02 2.0838088173e-02 3.7998201599e-02 -1.6841317571e-01 -3.1401661980e-01 -7.7610167757e-02 -1.0458704523e-01 -6.2445202537e-02 3.3989952427e-01 -6.5600469229e-01 2.4707465476e-01 3.5088649522e-02 -7.2387221132e-01 2.8217105824e-01 -7.3508995123e-01 -2.7564861161e-01 -1.9664847954e-01 -5.1216010975e-02 3.0501755602e-02 -4.3808908572e-02 -5.9251114063e-02 -1.0418817690e-01 -7.4399264997e-02 -1.4863436940e-01 1.2315883529e-01 -8.3002861885e-02 -8.6974341332e-02 3.6900416539e-02 -5.7597707796e-02 -3.4339444764e-01 -3.3378910933e-02 -3.6198778168e-02 5.6503324029e-03 3.8653277231e-02 -4.7667934438e-03 -1.9804274321e-02 8.7433803258e-02 3.5591329985e-01 -5.2238616921e-01 1.6655551511e-02 -8.6839201016e-02 -8.8299530210e-02 8.4583441068e-02 -6.0205284669e-01 2.0200613242e-01 6.8733017076e-02 1.5394658918e-01 -4.4047383688e-01 -5.4767712600e-02 1.5343973751e-01 -3.8127542234e-02 -1.3893687406e-01 -3.3772314051e-01 1.5819897969e-01 9.3527633064e-01 1.2056220887e-01 -1.8553750434e-01 7.2802050573e-02 8.7805266272e-02 -2.8008455104e-02 1.4712019911e-02 2.1676715700e-01 3.0762608136e-02 6.8335515875e-02 -4.8247902374e-01 7.4167195233e-02 5.0098321117e-02 2.0350620796e-01 1.2070031219e-01 3.7163466135e-02 -9.5013184848e-02 -1.1110081626e-02 -3.8919478139e-02 2.2876138813e-01 5.3829774043e-02 6.0656016127e-02 2.1112404879e-01 3.0315298933e-02 -6.1115426672e-02 -2.5861486319e-01 3.0786856355e-02 -1.4734805257e-01 3.6413951683e-01 1.0357998837e-01 -3.7567274138e-02 1.0154863560e-01 -6.7741572144e-01 -5.4930256164e-01 -1.6186993395e-01 9.0564231957e-02 4.6520468057e-02 5.9999589602e-02 -4.2537838020e-02 1.0305614631e-01 -2.0795543341e-01 -1.9466137679e-01 -3.2556096083e-02 -5.7782472953e-02 -2.0015016468e-01 1.5211033869e-01 -2.0616000947e-02 -8.4795644502e-02 4.3889474670e-03 -2.8432548323e-01 5.7596337077e-02 1.8104110727e-01 2.0069454664e-02 -1.6224194066e-01 7.9404559113e-02 3.8233307375e-02 3.6339947861e-02 -3.6312071529e-02 1.2383216134e-01 -1.4248903008e-01 -1.8908759461e-01 2.8407658724e-01 -6.6659898785e-02 1.1943938758e-02 8.2488048419e-02 -2.0792644883e-03 -7.7196095871e-02 1.1844032083e-01 -1.5852122530e-02 5.0123332496e-02 -4.8202895119e-02 -1.2884628479e-02 -1.0060957577e-01 1.3683459683e-01 -3.2529873533e-01 -2.2423129477e-02 -8.6794503902e-02 1.1147212784e-02 -7.3305227163e-02 2.5465364247e-01 5.9490297949e-01 -7.5448975954e-02 1.9090704137e-02 -8.5707141217e-02 -1.4923617954e-02 -1.2173361663e-01 -2.1582268345e-01 1.2744918926e-01 -1.2236625991e-01 -9.6817888842e-02 -2.0771805152e-03 5.9878551642e-01 -1.9779599562e-03
-3.7226368806e-02 1.1676718129e-03 2.6828600564e-01 -6.8841438565e-02 2.2561688665e-03 7.6991109578e-02 8.4993017270e-02 -1.4023541519e-01 8.0034203792e-01 4.6844384813e-01 -1.5896415156e-01 5.0275970654e-02 1.2115580228e-01 -4.3492673957e-01 -2.4576893005e-01 -7.9247848616e-02 2.6114197824e-02 3.9202756731e-01 1.0253266635e-01 1.8954385499e-01 5.5860663102e-03 2.0159461619e-01 -3.8225216027e-03 1.3248856812e-01 8.7310310295e-02 4.6828626309e-02 -6.0363013484e-02 3.4044220415e-02 -9.4169189823e-03 -3.1744649755e-01 -5.6233457817e-02 -5.6736762485e-03 -3.0208309156e-02 2.1669789455e-01 -2.2665245143e-02 -7.5799483988e-03 -2.0931821894e-02 2.9029963069e-02 -2.3682942141e-03 -2.3285702690e-01 -1.5870288707e-01 9.9279661186e-03 1.1111197180e-01 -5.8063244707e-02 1.1978844111e-01 -9.5312705729e-02 6.6598662575e-02 5.0226486309e-02 3.7487167257e-01 -1.9043953424e-02 6.9031231460e-02 1.6326282138e-02 1.1146396938e-01 -1.0439393938e-01 1.8215772271e-01 6.1846602203e-02 1.3729591352e-01 -1.3965599617e-01 -1.0157522725e+00 -2.1366482589e-02 2.7744798835e-01 -2.9167710425e-02 -6.4617103338e-03 1.7281349346e-01 1.3871384255e-01 -2.1353787164e-02 1.6722782520e-02 -8.3936029788e-02 -2.7416254250e-01 -1.5854075740e-02 3.9522448694e-02 -4.0928476527e-02 -1.5388401355e-01 9.2227452803e-02 -2.5454454120e-01 3.6306009290e-03 3.7035622044e-02 -1.6783182213e-01 1.3354981283e-02 -2.8233709324e-02 1.9825065387e-01 -3.5100276760e-02 2.0286979283e-02 -2.4123625455e-02 -2.8519964384e-02 -7.9217169621e-02 4.0501086967e-02 6.2955073890e-01 7.6937675038e-02 4.7532170330e-02 2.3372466323e-02 2.3264260746e-01 -6.4157530365e-02 -1.0874408004e-01 2.1894165353e-01 1.0355942845e-01 1.3443883770e-01 -8.6437430448e-02 -6.5383134351e-02 -1.4477695175e-01 -1.0402214230e-01 2.9590979522e-02 6.9758599483e-02 2.3203719098e-01 3.0828816985e-01 -3.5227762615e-01 -1.4855235207e-01 -2.0891712261e-01 7.5211205689e-02 -1.2329555729e-02 -4.7031713512e-02 -1.2696367917e-01 -9.0726463359e-02 -2.5479967890e-01 -3.4492995774e-01 -6.9938568523e-02 -1.6619620793e-02 2.3831568275e-02 -1.5028517010e-01 -2.5359832103e-01 -1.6321858351e-01 1.0170783514e-01 5.6755152864e-02 2.6899471855e-02 5.4616481723e-02 -2.4944022480e-01 1.3030435229e-01 -5.5700523479e-01 2.1083330001e-01 -3.2950305885e-01 5.0713789558e-02 -4.3519156212e-02 -7.4043525508e-02 -9.5227676144e-02 -1.4064866216e-02 -2.3729317944e-01 1.2470222808e-01 -3.9810858993e-01 2.2361196119e-02 -9.6654846851e-03 2.1897041323e-01 -2.7770568336e-01 1.3190188494e-01 2.2508014737e-02 2.2810886489e-02 4.2489836752e-02 -6.6116455730e-02 1.2686817348e-01 1.4544822759e-02 5.4524075263e-02 -4.2004026081e-02 -1.0911967782e-01 1.5907627580e-01 -2.7481668757e-01 -2.6758874652e-02 1.6753722232e-01 -1.6392026908e-01 6.1616140326e-02 7.2241827495e-01 3.6169366249e-01 -2.5099505843e-01 -8.1298379368e-02 5.0868838221e-02 -2.8638940864e-01 2.8471794216e-02 1.4568409205e-01 1.0781201048e-01 -2.2300305745e-01 3.6512221076e-01 1.5044206885e-01 1.1594123007e-01 9.7703798794e-02
-1.1119366412e-02 3.0145546074e-01 6.8492274401e-02 2.2293857081e-02 1.3768527393e-01 -5.2389836470e-01 -4.5657573455e-02 8.3795283395e-02 5.0445200085e-02 -1.8835518498e-02 -4.8567627947e-02 1.6356040005e-01 1.1379356674e-01 -1.0698625189e-01 -7.5319774423e-02 1.7371353950e-01 6.3169206146e-02 -1.2087206654e-01 -1.7401541857e-01 -2.3211491196e-01 1.6874812250e-01 4.8964500164e-01 4.1064911241e-03 1.2871478309e-01 -1.1060426281e-02 1.1870344215e-01 2.1290523681e-01 -2.8226056107e-02 -8.9602768686e-02 -1.5866306656e-01 -1.4864228950e-02 2.6599733635e-01 2.5113280088e-01 -6.4106812448e-01 2.1494101376e-01 7.4838363492e-03 -5.6633330891e-02 5.5098233132e-02 -3.8588936168e-02 -5.4364690037e-03 -1.1688375096e-01 -7.1740964389e-01 6.7521238461e-02 1.7895028984e-01 5.1758666545e-02 -5.7263862214e-02 -4.4048145385e-02 6.4472981219e-02 3.1463394498e-02 1.1294702243e-01 -8.0720219083e-02 3.4485239574e-02 9.1612954224e-02 2.1413742589e-01 2.1058573170e-01 -4.9549835860e-03 1.1647827576e-02 1.5815177931e-01 1.7247635231e-01 -1.0504698332e-01 -1.9759180112e-01 1.9394255860e-01 -4.0113370018e-01 -1.6477691043e-01 1.8287450757e-02 1.6755274660e-02 -4.6263252955e-02 -3.3971028518e-02 1.3032382217e-01 3.0143080453e-01 -1.1751634403e-01 4.6289215894e-01 1.9858185953e-01 -9.9665141417e-02 3.6591852564e-01 -2.1742110155e-01 5.0762707685e-02 1.1277769056e-01 -4.5590884247e-02 1.7886680178e-02 -4.7521274066e-02 1.6401447452e-01 8.8645444782e-02 2.6400556376e-01 1.3668266821e-01 4.3380835461e-01 8.4185112697e-02 1.6630731764e-01 -1.1489943550e-01 -8.0412861343e-03 3.7713312555e-01 -6.8920868277e-02 1.0465588792e-01 -9.3060647124e-02 9.6862781032e-02 -1.3848775208e-01 -2.1969278070e-01 3.5464058397e-01 -1.1184825248e-01 -3.1710784221e-01 1.5270812181e-01 2.2903261014e-01 -9.3073965043e-02 2.4741639910e-01 1.7104971956e-01 -5.9731442434e-02 -6.8914428131e-01 2.9216639489e-02 7.3361881310e-01 1.1237859213e-01 3.6162615289e-01 -5.2624860901e-02 7.5468862747e-02 -5.8622636521e-02 -5.2799268672e-01 2.6974756678e-01 2.4207870857e-01 -7.4222033806e-02 -8.7190526033e-02 -4.9024419570e-02 -5.9959738384e-01 -1.0150181107e-01 -8.3301449441e-03 2.1719868331e-02 4.0202325805e-01 -1.5794244989e-01 -2.0086813407e-01 7.6800878773e-02 1.6488248305e-01 3.0226416372e-02 -5.2337694332e-02 1.5779586414e-01 2.7069371320e-02 2.1052778130e-01 8.4133997911e-02 -7.5867892017e-02 -1.1536439279e-02 9.6402231009e-03 2.1298545839e-01 -1.9629135725e-03 1.4254993307e-01 4.7105184888e-02 3.9102456880e-01 -7.1850196996e-02 -2.8555597555e-01 3.0355803271e-01 -9.4725855558e-02 -2.1281726382e-01 -1.5311471692e-01 -3.6472183766e-01 1.9600583741e-02 2.4486986303e-01 7.5227979197e-01 2.0841118749e-01 7.0724230821e-02 5.1895481320e-01 2.8424815887e-01 -1.2892659142e-01 -1.6958236746e-03 9.9247702611e-02 4.8192302537e-02 1.0091662930e-01 -3.5602210375e-01 -2.2857984734e-01 -2.7422819200e-01 -6.4861878404e-02 -2.8947300341e-01 -4.6841138196e-02 -7.8127111311e-02 1.8424382809e-02 7.0513276395e-02 6.3416940963e-02
2.2510670524e-01 -4.6509930138e-02 -1.3644118616e-01 -1.4470096211e-01 -6.8713331820e-02 -1.1525157195e-01 5.8723250387e-02 5.6011978588e-01 2.9422520465e-01 -1.5398399265e-01 -5.7850270241e-01 -3.0920897492e-02 -1.9088944352e-01 -2.7244073355e-01 -9.8282812591e-02 1.3622792295e-01 -9.0764359752e-02 2.2808249313e-02 3.7020785945e-01 -3.7994199264e-01 8.5338549540e-02 -1.6535960490e-01 -1.7670091779e-01 1.7037278943e-01 -2.3346411912e-01 -3.7048559868e-01 -2.3302444926e-01 -2.0852531310e-01 1.0071393751e-01 -6.4753193222e-02 2.4417082280e-01 1.3063331480e-01 3.2883960427e-01 -6.1179682397e-01 -6.9481151841e-02 -5.4101728748e-02 5.3311630242e-02 3.4753114918e-01 7.0308537243e-02 2.2420426826e-01 -5.2959402864e-02 7.9998636976e-02 1.8927588226e-02 8.5899531203e-02 6.6518211483e-02 -3.2480042372e-01 -6.2136810741e-02 -3.5937317054e-02 2.1858327968e-01 6.4921457580e-02 -3.1504865726e-01 2.0553068211e-01 3.7906724168e-02 2.3690385835e-01 -1.1372175265e-01 -1.6176726880e-01 1.2548112352e-01 3.1665211893e-01 -1.4002217497e-01 3.3234952973e-02 -1.2297636189e-01 -7.7495564026e-02 1.5140071983e-02 1.4065723954e-01 1.7045603332e-01 3.0254818640e-01 2.0017428741e-01 -3.3109576292e-02 5.0859748534e-01 -1.4842593066e-01 -1.4730114778e-01 -2.3852482246e-01 -9.8379057522e-02 -3.9165776762e-02 1.0785022504e-01 -2.4002503042e-02 -2.8162055396e-02 -2.2006673421e-01 -2.1262884913e-01 3.1459539105e-01 -1.7558030275e-01 2.9550191533e-02 1.0618213839e-01 3.6916792901e-01 -1.6732487137e-01 7.2589217337e-02 -5.6556066130e-02 2.3408459461e-01 -5.4134578166e-02 -2.0207786386e-01 1.7895879418e-01 -1.3352715702e-01 -3.5565889707e-02 1.0255356038e-01 -4.5979631683e-02 1.3532674732e-01 -3.0033413450e-01 -1.6680771206e-01 -4.8737732332e-01 5.9886437128e-01 8.0973082797e-02 6.7586030614e-03 -1.0304329310e-01 -1.7330818790e-01 2.5379121561e-01 -8.6027476554e-03 4.9710464131e-01 -1.3555319898e-01 9.3673124661e-02 2.8874066740e-02 1.0696704063e-01 3.3875854526e-01 -1.0927165930e-02 6.9952413242e-03 5.3396775550e-01 -1.1147165330e-01 -7.3731924561e-02 1.7326328958e-01 1.5838709755e-01 4.5587187428e-01 4.8721626138e-01 1.0748774948e-01 -1.8714510876e-01 5.9130112561e-02 -1.6181993825e-01 9.8354970485e-02 -4.1674790439e-02 1.7535908958e-01 1.0385016999e-01 -4.4479072453e-01 -2.0252814698e-01 1.3112182326e-01 3.5724904747e-01 1.2504706290e-01 -4.1388145355e-02 1.6454496876e-01 1.7990118885e-01 7.7750845794e-03 -3.2099335140e-01 1.2237921936e-01 3.2725957594e-01 1.7794362399e-01 -2.6565061158e-01 -2.7428219360e-01 1.1910949711e-01 -1.1112622386e-01 -1.0570744213e-01 3.2113968229e-01 -2.9331808798e-01 -1.0821019674e-01 3.5010604152e-01 -5.6770081203e-02 -9.8646142503e-02 -4.0284864204e-01 -1.1943346024e-01 -1.0434196705e-01 -1.0989416811e-01 -3.8414191080e-02 -1.3596025911e-01 1.8258299163e-01 1.2088361633e-02 -1.8108490610e-01 -1.7111106812e-01 4.4850107877e-01 3.8570727556e-01 -7.0528595238e-02 -5.5762513641e-02 6.5746220824e-02 -2.8679095825e-01 -1.8547598247e-01 -4.0516762480e-01 7.9839408493e-02
-9.9567740363e-02 1.6672189939e-02 -7.2559727907e-02 8.2882546139e-02 -1.0684325475e-02 -2.2905884545e-01 -1.4966053007e-01 -4.7951117521e-01 2.1367436697e-01 2.9998871401e-02 -1.9340327951e-01 2.1635541218e-02 -3.9756797602e-01 1.3191819585e-01 -2.0544272998e-01 2.3298303859e-02 -4.5507187824e-01 -9.4951921115e-02 -1.6424199081e-01 8.5065480855e-02 1.5111648449e-01 -1.3861987632e-02 2.8280273814e-02 -1.4499836384e-01 -1.0824447256e-03 3.2328775740e-02 1.4163600578e-01 -4.8237691631e-02 4.1703664356e-02 -2.1475204717e-01 1.2963989535e-01 -1.6064941775e-02 2.2756694460e-01 -5.4139633293e-02 9.9574092160e-02 1.0943343886e-01 -3.4920029951e-01 -3.9743629909e-01 2.6106003897e-02 -5.9338102070e-01 3.0690322354e-01 -2.4143743561e-01 -8.7183498761e-02 4.1106140795e-02 2.0356617477e-02 -4.2485382363e-02 -2.1750388807e-01 -3.1279239665e-02 -2.1469168998e-01 2.7679998674e-01 1.1375019051e-01 -1.8545963248e-01 -2.5201139269e-01 1.5286115375e-01 9.0042386849e-02 -1.7823601208e-01 -5.9934450398e-02 5.5155698015e-02 -1.9250551097e-01 -2.3628067241e-02 3.4862375407e-01 -1.8027911146e-01 -2.8807695698e-02 -6.8065759685e-02 -8.8078167768e-02 1.3060226285e-01 -6.3614117649e-02 -1.2767909404e-01 5.7962380984e-02 5.6044552841e-02 1.2945583284e-01 5.6160190334e-02 -5.9062019430e-02 8.8509285254e-02 -1.4730790754e-01 -9.8907010430e-02 4.0421489678e-02 8.7688680257e-02 1.9536437859e-01 -3.3793596332e-01 -6.7949294588e-03 -8.4533965807e-02 5.0747001160e-02 -1.2886700062e-01 -3.1572000301e-02 9.9850776885e-03 -1.3586189988e-01 -2.7580628081e-01 4.0512392653e-02 -2.1517315618e-01 1.2228072782e-01 2.9345565118e-02 -2.8636440273e-01 -1.0471273545e-01 8.8526041126e-02 -1.9706827130e-01 2.4991325745e-02 3.3153039855e-02 -6.0660368160e-02 6.8018274961e-02 5.3161249131e-01 -9.5867211607e-02 1.5386291398e-02 -1.1128058639e-01 -1.6049103024e-01 -9.4815628057e-02 -6.1835758784e-02 -5.4377313983e-02 2.9735132925e-02 1.2848007033e-01 8.7007850383e-02 -4.2347559999e-01 -1.6377300835e-02 1.3255347372e-01 3.0855263624e-01 7.1862853582e-02 1.4380952670e-01 -2.0928619410e-02 -3.9172579984e-01 3.1445917855e-01 -1.2361431206e-01 3.5781369844e-02 1.8962803833e-01 -1.0007921049e-01 -1.0884136706e-01 -1.8539625628e-01 3.1096161852e-02 6.8875374763e-01 2.0683559276e-01 -8.5816321843e-01 -7.0442953392e-03 -8.5946204891e-03 -3.3192443540e-01 4.9800746753e-03 -1.3040260835e-01 -6.3387040263e-02 2.7386571634e-01 -1.4548417217e-01 2.0308034120e-01 -9.6941204668e-02 -1.9208947877e-01 1.0395841185e-01 4.0124795274e-02 1.5006755060e-02 2.3591771072e-01 -2.5989393782e-01 6.6793119075e-01 -2.2983575284e-01 1.2139604835e-02 -3.1905335404e-02 -1.1324945647e-03 -9.6320747283e-02 1.9124817745e-01 1.5967989449e-01 -1.9573603425e-02 -1.0512889591e-01 -6.0372251962e-02 -4.0644508232e-03 -2.7366236848e-01 6.2319840333e-01 3.4877491210e-01 -6.6031132413e-03 -1.7224237695e-03 3.6229327273e-01 -1.1550501421e-01 1.5043843759e-01 -1.9955163263e-01 1.4806687886e-01 -5.5333795335e-01 -1.0210795978e-01 2.9013353048e-02 1.3414538556e-01
8.5084237584e-03 -2.7380271171e-02 7.7480412358e-02 -6.1692592715e-02 1.8668617259e-02 6.1600747931e-02 3.6393174972e-02 -1.5604153169e-01 3.9357592448e-02 -6.4268619218e-02 -1.7649092243e-01 -1.5498005716e-02 5.9831051534e-04 1.4957677025e-01 1.0073443979e-01 6.1809915563e-02 -7.8359546267e-02 -3.0872785137e-02 3.0058231501e-02 3.3453390577e-02 -3.9758533052e-01 6.6115453291e-02 2.8931018242e-01 3.0867309801e-01 1.0896188802e-01 -1.5264569754e-01 1.0256753289e-01 4.4521675723e-02 -4.7665519239e-02 3.1952555817e-02 -1.1581251871e-01 7.5241852221e-02 1.0543095130e-01 -1.8324894835e-02 1.5174468535e-01 -4.4306572509e-01 -1.6079806797e-01 -7.3003627173e-02 1.0862575573e-01 1.7696903027e-01 3.1169616592e-02 1.5442811500e-01 -2.4326399993e-01 1.5489526708e-02 6.5793861903e-02 -4.0465334253e-02 9.1891172074e-02 4.5805757379e-02 2.3990707622e-01 -5.4659758218e-02 6.0417333581e-01 -6.8126587694e-02 6.8320449626e-03 1.1903846160e-01 2.2771694238e-02 -7.1713519152e-01 5.4924567669e-02 1.1371031687e-01 6.0840325306e-02 4.4267986662e-02 -2.8563532914e-02 -1.7176091187e-01 4.4625889447e-02 1.8654643980e-01 -1.3758221989e-02 9.6194238284e-03 -6.7925539553e-02 -5.3618035195e-02 5.0360824476e-02 -3.9421486028e-02 -6.3360743184e-03 -2.6619938479e-01 8.3478049962e-02 -6.9856026503e-01 5.9971616312e-01 -3.9253211180e-01 -4.3852561315e-01 4.8823287258e-02 -9.6954161877e-02 1.3964468745e-02 -2.0318782697e-02 1.4343227041e-01 -9.6391836727e-02 5.2435463666e-04 -8.1862357812e-01 2.1524136238e-02 -4.3547066427e-02 -1.5950885233e-02 -2.0616680562e-02 8.6816993129e-03 -1.8784788233e-01 -1.8797054116e-01 1.9382053290e-02 -1.4573599160e-01 7.1038998366e-02 8.1326455232e-02 4.7449716767e-03 -1.3029037962e-01 8.8485922264e-01 -1.6831614054e-01 7.2236769798e-02 -1.2571362258e-01 4.8395433493e-03 -1.4917040103e-01 1.7148686369e-03 4.4598001334e-02 2.7710200518e-02 -3.0130814585e-01 -2.0040658840e-01 1.1802124717e-01 -1.4751020654e-01 1.5754669896e-02 -2.3335795346e-01 -5.0675857269e-02 -6.4536948647e-02 1.7263300810e-01 2.1915505177e-02 -1.2581000717e+00 3.4506833118e-02 -2.5639785207e-02 -9.6053961787e-02 4.0963675347e-02 3.5226485990e-02 -1.7564337546e-02 -2.8118449290e-01 -1.8337176295e-01 1.7357801753e-01 3.4223589356e-02 -9.2177428587e-02 -8.5739090295e-02 -5.0236687426e-02 -1.1744140216e-01 -2.5841108910e-01 -7.1436795716e-02 6.0605724284e-02 -2.1866886761e-01 -1.0797224991e-01 -1.7110376956e-01 -6.3542957709e-03 4.6011553091e-01 7.9267212850e-02 -9.8237797111e-02 -1.7227344714e-01 -1.6115547077e-01 9.1157302777e-02 -1.2015368264e-02 7.8479165754e-02 -3.1075541163e-02 -6.8648793100e-02 5.1611169108e-03 3.0437290049e-02 1.0113824451e-01 -2.0827426188e-01 -1.6333547069e-01 1.1929109450e-01 1.0996632035e-01 -1.7747304437e-01 -1.4119670181e-02 -2.9586380304e-02 1.5622990751e-01 -1.5974082010e-01 2.2353290792e-01 -8.0788983058e-03 -3.0214495250e-02 5.0312067838e-01 -1.4482838268e-02 7.7328523668e-02 -3.6432391097e-02 2.8066986410e-02 -1.4271809455e-01 2.0742432047e-02 -5.3371354677e-02
2.6484716372e-03 8.8199292947e-02 -1.2624054236e-01 -2.0189498948e-02 3.5552012513e-01 1.6230202175e-01 3.7639388173e-02 -2.9398646172e-01 6.5768414166e-02 -5.0124574022e-02 2.4033581071e-01 -1.8399330657e-01 2.5936299162e-01 -3.2336616792e-01 -1.8370483302e-01 -4.8662013390e-02 -2.6451145161e-01 2.5666474888e-01 -2.8033236061e-01 1.8821575469e-01 -4.2389175206e-02 1.6629614659e-02 2.9176353016e-01 1.1759685223e-02 1.6593089484e-01 -1.6835092802e-01 -7.1807663380e-02 -7.5755758700e-02 -4.8237457027e-01 -5.1104580622e-02 -2.1609892624e-01 1.9147041776e-01 -1.4467300572e-01 -2.7210803308e-02 5.1512288223e-01 1.5065230354e-01 8.0235094793e-02 -4.3105244226e-01 1.9768896893e-01 -1.3361937108e-01 -1.0454506889e-01 -2.3078343968e-02 -2.2344557606e-02 7.0295800073e-02 1.3674054970e-01 -2.7807763206e-02 -4.0680003070e-03 -1.8661913192e-01 2.3475162436e-02 -8.5826107839e-02 -1.3767834907e-01 -4.1668830331e-02 9.4220051509e-02 5.8345860260e-02 5.4561962386e-01 -3.8782626822e-02 -1.5869602865e-02 -2.7926922626e-03 9.5121407232e-02 5.9192651678e-02 -2.1613301352e-01 4.2921984746e-01 2.4881648011e-01 3.5490175248e-01 5.6022595843e-01 -1.8731306856e-01 -1.4852207516e-01 2.0062936826e-01 -1.2269666699e+00 1.3342932595e-01 2.7560224607e-01 3.4019477759e-01 -2.3416530075e-01 -9.4918699998e-02 -1.3085152496e-01 1.0863061675e-01 -4.2935002086e-02 1.9787407462e-01 -5.5030865016e-02 -7.3349097735e-02 -2.1171097080e-01 2.2968744618e-01 1.0644101206e-01 -4.2082484744e-02 -2.3021234782e-01 -5.4355181668e-01 3.4578691593e-01 -7.5349189231e-02 4.6478614640e-03 1.3711619488e-01 3.5054074470e-02 -1.4488868485e-03 6.3894491680e-01 -3.6912591011e-02 -1.8342324665e-02 -3.1404947765e-02 -3.1307745107e-01 -7.1043362143e-02 1.8208430674e-01 5.6615446927e-01 2.3443760226e-01 1.0156270619e-02 2.4426765035e-01 -3.5931333934e-01 1.2141137351e-01 -1.4543298049e-01 2.1466880354e-02 5.7756155398e-02 -1.9932685242e-02 4.7267386775e-02 2.6450644984e-01 -4.8543899456e-01 -1.6451328078e-01 -3.2243181885e-04 3.3871646803e-01 -1.1790139705e-01 2.2836858610e-02 -9.9337622588e-03 8.7546883637e-02 2.1918950875e-01 -3.3052241893e-01 -1.2141649421e-01 4.0109491637e-02 -2.1288572339e-01 5.1854398880e-01 1.6090810169e-01 -6.6633163174e-03 -2.4301893382e-01 7.9476867782e-02 1.5860588295e-02 5.4419181516e-01 -6.5280196491e-02 -4.2401449655e-01 3.4546942060e-01 -6.3217810555e-02 -2.4631965908e-01 -2.5077198194e-02 2.0019459319e-01 -5.4454217159e-02 -1.8099243890e-01 2.6033030331e-01 6.2897797240e-01 1.9056842774e-02 -9.5173218345e-03 3.1834421308e-02 5.8895509614e-01 -3.2234681367e-01 -2.9038869149e-01 -9.6799293657e-02 -3.0402492821e-01 -9.7135522834e-03 1.5025933848e-01 -8.4748494492e-02 -5.1530427134e-03 -9.8497368131e-02 -8.3205134215e-02 -1.6538076455e-02 -1.6150482501e-01 -2.4799735940e-01 -3.5175052309e-01 6.5982738857e-03 -3.5313754914e-03 2.1086440974e-01 1.2490350933e-02 -3.2824846377e-01 2.4646784196e-01 -2.2434330890e-02 2.4033562460e-01 -2.2377842795e-02 -9.4402726745e-02 6.1172358867e-01 -8.4642083854e-02
-3.0645414496e-01 3.4242519698e-02 8.0820914067e-02 -4.4184105630e-02 3.2641456362e-02 -2.4704342805e-01 -3.0995316294e-02 5.6825265075e-02 4.7888267753e-02 2.9414761914e-01 9.7686458548e-02 -2.6262998093e-01 8.0491751410e-02 -1.5093065060e-01 -8.2905579239e-02 2.4369990118e-01 -1.5201831609e-02 -2.2475907555e-01 2.5621500150e-01 1.5891277157e-01 1.9190246022e-01 -4.4194841596e-01 -1.2193775817e-01 -1.7591196060e-01 4.6434279343e-01 2.7718957109e-02 -2.6712851680e-01 1.1194659441e-01 2.2098704139e-02 -6.7640148206e-02 1.6201253432e-02 5.1185168946e-02 2.5800768522e-01 1.2403688756e-02 -6.1107008510e-02 6.1390035365e-02 -3.0471218867e-02 7.8247526990e-02 5.8488187333e-02 -1.5708020699e-01 -4.1408568624e-03 -4.9998423071e-01 1.6168367123e-01 -3.6757213621e-02 1.0451533958e+00 -5.7507654804e-02 -4.1624669800e-01 3.0072203657e-02 -2.5283837076e-02 2.7974475358e-01 -3.4688556921e-02 -2.3548489139e-01 4.8098936252e-01 -8.7507340505e-02 -3.2475258132e-02 -2.4378126417e-02 3.0022303747e-01 -1.1059553297e-01 2.4207798186e-02 3.6702663039e-02 -8.4961786595e-03 -9.8905036305e-03 -1.0633720564e-01 -5.8760499727e-02 -4.7845255029e-01 1.4296442282e-01 2.8705879422e-03 -1.2794657790e-02 -3.3863702952e-01 2.1550421987e-01 -6.2497211984e-01 2.3301653893e-01 -3.0668829733e-02 3.7451605674e-02 3.6148581331e-02 -1.8442892930e-01 1.9581300753e-01 -1.1128955334e-01 -6.6444685708e-02 2.2080945431e-02 -1.4974513559e-02 8.4880864529e-01 -4.6751563760e-01 -1.8535057728e-02 -6.0858266440e-02 -2.2397289700e-01 5.8524633223e-02 -1.7104374969e-01 -1.0236659636e-01 4.2357803858e-01 1.0039800020e-01 -3.0471512817e-02 4.7146882849e-02 2.0277682796e-02 2.7694303312e-02 1.1086453968e-01 -1.9178882770e-01 1.7149265096e-01 -3.6490983890e-02 -1.1688307703e-01 -9.8661805652e-03 -1.7879566891e-01 5.1706366736e-01 -1.1006122270e-01 -7.3157013157e-02 1.6500067456e-01 -3.4410810291e-01 -1.3611493721e-01 1.9640405742e-01 9.6320539311e-02 -1.5716824393e-01 -8.7332200300e-03 3.2428345073e-02 -6.1171021903e-02 4.7684431448e-02 -2.0564519490e-01 2.8682741238e-02 -1.7155875825e-02 -2.6373628411e-01 -3.1935852309e-01 7.5452811694e-02 -5.9184384344e-01 4.1366037482e-03 8.8444556724e-03 5.7551645394e-02 6.9134731185e-02 3.4501691689e-02 1.6042814334e-01 -2.0045401408e-01 -3.3138041211e-02 -1.4174159266e-01 -5.3045515405e-02 5.1709529146e-02 -2.3841098982e-01 6.0419957815e-02 3.5717497687e-02 6.4587545601e-02 1.2661358703e-01 7.5745865593e-02 -7.2440270914e-02 1.7207423670e-01 8.8560834782e-02 -2.7769835943e-01 6.8009823696e-02 -8.6143053834e-02 2.8627859661e-01 -1.1314075590e-01 3.4798338067e-01 6.8087397335e-02 -4.5822110417e-02 -4.4644430191e-02 -1.9324417387e-02 2.3610355348e-01 -6.5757892982e-03 2.7901031663e-01 1.2763830211e-02 9.8956505311e-02 9.0635565166e-01 -9.5205263962e-02 -8.0161983046e-02 -2.7126275376e-02 6.8957977794e-02 2.9148301874e-01 3.9338765381e-04 -1.9132076798e-01 -2.3764963740e-01 3.7015230025e-02 -2.3305180558e-01 -8.8826185994e-02 -1.0606736491e-01 1.2902409292e-01 1.8562642549e-01
-1.8789755747e-01 1.6137913404e-01 1.3591266102e-01 -4.3572555336e-02 -1.3585566608e-01 5.3563601597e-02 1.0136724048e-02 -3.0175183207e-01 -1.2406347035e-01 2.7855886801e-02 -1.7558621266e-01 1.2307178898e-01 4.7795826335e-02 -1.4306774359e-02 -2.7076884023e-01 -2.8943415240e-01 -1.1206843804e-01 7.4875116199e-02 -7.5696446227e-02 -2.9636213207e-01 -1.5794802301e-01 -2.1736070635e-02 1.2692230978e-02 3.7065288053e-01 -1.4008665321e-01 -4.6133040919e-02 7.7135764537e-02 -4.4296140584e-02 -2.0537381363e-01 9.0935111110e-02 1.0585631161e-01 8.9485285248e-03 7.6448718065e-02 -4.6819533615e-01 -4.7643765043e-01 9.2181044138e-02 -3.0578359482e-02 -3.5071363860e-01 9.8011490701e-02 -1.4770576689e-01 7.1989532973e-03 3.6469766139e-01 1.7084421657e-01 2.3714353066e-02 -2.0752647387e-01 4.8798846546e-02 8.2930687057e-02 3.3046252345e-02 -2.5205194545e-02 -2.3752997324e-02 -5.8660222144e-03 -8.7177461729e-02 -1.2421318533e-01 -2.5986738686e-02 9.5857795301e-02 -1.0887762121e-01 -1.5034202233e-01 -2.4396436503e-01 5.0328629713e-02 -2.6870089774e-02 -9.7736217124e-02 1.2462585032e-01 2.3229100537e-01 1.3251962336e-01 2.1040346297e-02 -1.9011340890e-01 -2.8501206505e-02 3.5378989672e-01 -2.4662097895e-01 -4.6243101962e-01 1.5616449863e-01 -8.7670171843e-02 6.6383611871e-02 -7.5571303053e-02 -2.8128438491e-02 7.1797019179e-02 1.9477023757e-01 -2.3585538948e-01 -1.1938238757e-01 1.7388290876e-01 -1.3571347708e-01 2.7897466300e-01 -1.9671785427e-01 1.8068696279e-01 -1.5942491592e-01 -4.1306797401e-02 2.0684323455e-01 -1.4516214422e-01 -5.7470947682e-02 3.6274757910e-01 3.0848742179e-01 1.8574609318e-01 4.8470491509e-01 -1.3596448746e-01 5.6000204346e-02 -1.5291909541e-01 4.5548747603e-01 -1.7370066449e-01 -1.2123502021e-01 -1.7075627299e-02 1.3692436358e-01 -1.8681198603e-01 9.8596424032e-02 3.9869221164e-03 -2.4042041117e-01 -4.4256482311e-02 4.1130893877e-01 1.8202835488e-01 2.1944267629e-01 1.2729532301e-01 3.5251201058e-01 -1.7806683602e-01 7.3373851894e-02 2.1786814279e-01 -7.2952139342e-02 1.4542291823e-01 1.4335474261e-01 9.0452389589e-02 -3.4835919207e-01 2.4079056886e-01 9.4717551097e-02 5.1389617158e-02 2.5408191758e-01 7.7023913159e-02 7.3793730232e-02 1.6348024373e-02 -2.7174594293e-01 -2.3078775005e-02 3.5665179156e-02 2.3775040791e-01 7.3677388759e-02 -6.6787818972e-03 -5.5608444424e-01 -2.1260472568e-01 9.3139523521e-02 2.0763240796e-01 3.7290994212e-02 -1.6945281624e-01 1.6073800832e-01 4.8059445139e-02 -3.3302989963e-01 3.1498815691e-01 -1.6941050658e-01 1.8156335802e-01 -4.2687306861e-01 -5.4587865082e-01 3.1681853107e-01 -1.7694292318e-01 -4.7750994927e-02 5.2121272646e-02 2.7360872486e-01 3.9620601363e-03 -1.8365225919e-01 -2.6440326880e-01 1.6472478272e-02 -5.4905297585e-02 -3.0085681327e-02 -1.3464584202e-01 3.8716292278e-02 -1.0815290922e-01 -4.7212725737e-01 -2.6888730795e-01 -1.1065559403e-01 1.0089470516e-02 1.9706624931e-01 9.6216844666e-02 3.1875269332e-02 -2.4796694285e-01 1.5372059166e-01 9.0676379630e-02 -3.8116787394e-02 -6.0697279240e-02
-4.1198815798e-02 -2.1941275733e-03 1.1598689057e-01 -5.1715384916e-01 -7.9714568085e-01 6.2670801435e-02 1.2887075570e+00 -2.6866296812e-01 9.5160474093e-02 3.5691870562e-02 1.2561679575e-01 -2.3552242524e-01 -5.7096914577e-01 -5.7793249929e-02 7.1808706326e-02 -2.6670300561e-01 -5.5988230290e-02 -1.1539085013e-01 1.4888648229e-01 -1.8725574335e-01 -1.2584889528e-01 1.0918507324e-01 -1.8124506069e-01 -1.7156713466e-02 -1.4229962669e-01 8.9555342602e-03 -9.5769118063e-02 -4.4394497349e-02 -3.5892559990e-01 -3.0006328338e-01 -1.2621635176e-01 1.4489950786e-01 -9.9827979150e-03 -2.1923106624e-03 -6.7581358627e-02 2.2595617810e-02 1.5695359456e-01 -1.4763335848e-01 4.5380490110e-01 -1.8984875073e-01 -1.2030378952e-01 -7.3698474867e-01 -4.3508043584e-03 -7.4279976411e-02 -9.4800431327e-02 2.0687935703e-01 -2.1933393118e-01 -6.3303494187e-04 2.7890685370e-02 -6.9421897166e-02 -1.2266067385e-02 -6.8389866209e-02 -1.2726185084e-01 -9.9359864181e-02 2.3188538542e-01 1.1358013774e-01 -5.6093672340e-02 -1.4547535387e-01 -2.9266974508e-03 5.4761419631e-02 2.3484127209e-02 -1.5191967336e-01 -1.7508965025e-01 4.6287550149e-02 2.6302089015e-02 -1.2942344740e-02 -1.4306596712e+00 6.0269123960e-01 8.7909366301e-01 -5.4473072986e-02 6.5066701670e-02 6.5058591833e-02 3.8111254925e-01 -9.4220823707e-02 9.6978003147e-02 1.3414923544e-01 -8.1952407939e-03 1.0194725281e+00 -4.5752174847e-02 3.0543260126e-02 2.1261831458e-01 7.7133098355e-02 -9.0302944251e-02 -1.0517703211e-01 -8.3602140223e-02 1.0309146199e-01 -1.0523246250e+00 7.0493141351e-02 -4.1417338456e-01 -1.9162091970e-01 -3.4461516493e-02 -1.2991040162e-02 7.0042199660e-01 -2.2542930192e-01 7.5234459179e-03 6.3225107662e-02 1.3185509054e-01 1.6899225728e-01 -1.5143432238e-02 -2.2532480987e-01 8.8223866808e-02 2.5940956284e-02 9.4779378895e-02 7.9264725055e-02 6.7803324976e-02 -2.9057224419e-02 2.5143409926e-01 5.6518022948e-01 -1.2781496937e-01 7.6402409295e-02 1.5774409305e-01 3.1668907240e-02 -2.7413337979e-01 -8.7010951437e-01 -3.0782439286e-02 -9.2888242057e-02 -1.7326993967e-02 2.2630969276e-02 -9.4602431381e-02 1.1732582919e-01 4.3504206915e-01 6.0303016512e-01 -1.1181767402e-01 4.7532209191e-02 -1.0529595101e-01 1.3207950188e-01 3.0205754149e-02 -6.6636181603e-02 -1.1219322064e-01 -6.7610921380e-02 -1.7378143399e-01 -5.0123167186e-02 -1.9871616276e-01 -2.8702324856e-01 7.4901901322e-03 1.5430391385e-01 -4.5934333190e-02 -3.2106383082e-02 9.9641877097e-02 -2.3042541674e-02 8.5828513324e-02 -2.0249199946e-02 -7.2754801924e-02 8.9929276137e-03 -3.7299022940e-01 -7.0348842396e-01 -3.5848896215e-01 1.1882465114e-01 -1.0221369149e-01 -8.3391295692e-02 -2.1627430467e-02 -4.2977231308e-02 -9.7748194366e-02 -1.3913435761e-01 1.3750235610e-01 -3.7247679985e-02 2.7381150830e-01 1.1694975771e-02 -3.1977241861e-02 1.7417819590e-01 7.5450856301e-02 -2.8434733369e-01 9.0110543276e-02 2.0145062234e-02 -2.2097828794e-02 1.0224306192e-01 1.4925850042e-01 1.4430096810e-01 4.1261618509e-02 4.4277968244e-02 -5.1744841817e-01 -6.5571160395e-02
5.1623408436e-02 6.8728898473e-03 6.0520934472e-02 -2.1394677088e-01 3.5571561541e-02 -1.7839354471e-01 8.1350004197e-02 -1.2571771983e+00 2.0882927978e-02 2.2914958274e-01 2.8849846901e-01 1.6446747961e-01 -2.4845511464e-02 1.3654102671e-01 4.4497680138e-02 -1.4845280804e-02 -2.9511856600e-01 -2.5283613071e-01 1.5873718959e-01 -3.1142853945e-01 1.1440758599e-01 -8.0752132475e-02 -6.6443115162e-02 -2.0666251585e-01 -2.5419848121e-01 1.4077315271e-02 1.6677065291e-01 1.3896672205e-02 1.7243381574e-02 -6.5109067501e-01 -8.1246944771e-02 4.1955097706e-02 -1.8275204234e-02 2.1230128403e-01 2.0565492655e-01 3.0406698502e-02 5.4675742724e-02 -2.3514775972e-01 -5.6490833258e-02 3.2634797499e-01 3.2484525753e-03 -2.3905209369e-01 1.1576854314e-01 1.7185965103e-01 5.5815957127e-02 -6.1450770759e-02 -2.1001669094e-02 2.0651077555e-01 -1.5497508660e-01 2.3038442863e-01 1.1640015287e-01 1.1532239699e-01 2.2448268931e-01 1.0908830939e-01 -2.4021198683e-01 -1.8900755324e-01 -6.1456712329e-02 1.6611049849e-01 2.0912246060e-01 9.4543940216e-02 3.7933958923e-02 3.7838444654e-01 2.7295887211e-01 3.1628558040e-01 2.1007876055e-01 3.0735032955e-01 2.3834874818e-01 6.5337337615e-02 -2.4770898362e-02 1.0024696059e-01 -9.9449608470e-02 -1.4951823013e-01 -4.0097892829e-01 6.0731944394e-02 -3.3135145101e-02 -7.6371353653e-02 9.5023956014e-03 -1.3689568593e-01 -4.3325137523e-02 -1.5167247341e-01 7.9561240794e-02 1.8896139524e-02 1.4371592190e-02 -1.1281024231e-01 -1.9296576343e-01 5.3650822953e-02 -1.5483226069e-02 1.3899234303e-01 2.7321634155e-02 3.7453604106e-02 2.1783985967e-01 -5.7590896736e-02 5.7550267904e-02 3.8685327726e-02 -2.7434066994e-01 -1.9524508062e-01 -4.4301156080e-02 -1.3104853237e-01 -2.1979707712e-01 3.9739391102e-01 2.3334672234e-02 -2.4507103434e-01 8.1222986788e-02 -1.6745270699e-01 3.2922621047e-01 -5.4849935752e-02 2.5389769069e-02 2.6920867604e-02 8.2471749963e-02 -4.0557590983e-02 -2.0100235386e-01 5.7903804609e-02 1.0099228239e-01 -6.1492488189e-02 3.3549442538e-01 2.4147196942e-01 -1.3800006401e-02 8.4192173502e-02 7.1247259310e-02 1.1591813297e-01 -4.8756858628e-02 2.0508173629e-01 -2.7619486893e-01 1.0933157852e-02 4.0285705069e-02 -1.8240479697e-01 -5.4154059309e-03 -7.7479566914e-01 -1.1579346723e-01 3.9913219580e-01 1.5943608161e-01 -1.8187807627e-02 -6.4610952471e-01 -6.1458933307e-02 -6.5949394433e-02 1.4135642122e-01 -4.9700012035e-01 -5.9229983995e-02 -1.1882065547e-01 3.3228685283e-02 -1.4412545555e-01 -6.4151804924e-02 1.0529087988e-01 -2.8813784376e-02 1.8988082803e-01 -5.6281161756e-02 1.8443522635e-04 1.6468737882e-01 -2.9430566840e-03 1.0145227302e-01 1.3843654742e-01 5.4080481691e-02 4.3838043064e-02 1.3460635084e-01 -1.8391221243e-01 2.9123351286e-01 2.0675002534e-01 -9.3301420277e-03 5.7545698393e-01 7.7125691060e-02 3.0906125912e-01 -2.1752289834e-02 -2.5975879414e-01 3.8829532772e-01 2.1808495195e-01 -2.7456450895e-01 5.3253305096e-02 6.1910260232e-02 5.7054367239e-01 6.9913008474e-02 -5.4983572610e-01 -1.3542304834e-01
-1.8773973756e-01 7.0150862590e-02 -5.6532573383e-03 -3.0413818272e-01 -5.3175233253e-02 -2.5396029474e-01 5.2752930345e-02 2.3968515031e-01 -1.5736199530e-01 3.3901473803e-02 5.8140884837e-02 -1.0765752085e-01 -2.5161792041e-01 4.6360505424e-02 7.7690472116e-02 1.0242841621e-01 2.5597065294e-02 -5.1126524684e-02 -8.8245367484e-02 2.9454031641e-01 -1.7258013809e-01 -8.7268982317e-02 -9.1976745277e-02 -4.2240036480e-02 -3.6052835164e-01 7.5102650269e-02 -3.1436619751e-01 -1.5448501101e-02 -3.7482119608e-01 2.1145077051e-01 -1.3856066254e-01 2.1204619497e-02 -4.6874677102e-02 -2.7693179941e-01 3.7680736784e-02 -3.2372577713e-02 -3.3976395917e-01 7.8281118600e-01 -2.8489742224e-01 -8.0372060403e-02 4.1126743134e-01 5.7082209789e-01 1.5454972374e-01 9.2556615864e-02 -2.8316098769e-01 -1.5089896885e-01 3.0489048491e-01 1.3886924400e-01 -2.8051206311e-01 2.5177512114e-01 -6.9874213297e-02 -1.4214841687e-01 -3.7376935848e-01 1.3515320046e-01 -9.8176494937e-02 8.1929538136e-02 -1.6330516610e-01 -9.4618043248e-02 -2.0219647627e-01 -1.8627490146e-01 2.1907314463e-01 -5.2780879497e-02 5.2343331739e-02 2.7713904096e-01 9.8694956968e-02 1.9311235508e-01 3.5179221798e-02 2.2367206504e-01 -1.0407474032e+00 7.4104083725e-03 2.0376326881e-01 1.8490228605e-01 -7.5080114596e-02 -1.6333707354e-01 3.2707958658e-02 -8.6560224273e-02 8.4368938044e-02 -4.0438392871e-01 2.9237955414e-02 1.7827437774e-01 -3.1172965648e-02 2.4817733195e-01 -3.3422011616e-02 -1.9774730281e-01 -7.6660753025e-02 4.0494949612e-01 2.5786592020e-01 2.3411396536e-01 2.7826575618e-03 -2.5683594019e-01 1.3690176117e-01 -3.5921577265e-01 4.4291263572e-01 -1.8457348007e-01 6.2344323929e-02 3.7227551268e-02 1.1743569803e-01 1.6024519381e-01 1.2967778612e-01 -5.7651042666e-01 1.1020933378e-01 2.0619266844e-01 1.2828031299e-01 -2.6211957457e-02 6.6665377097e-02 1.6727631217e-03 -4.3443812910e-01 2.5724500912e-01 3.7542779650e-02 2.8627316965e-01 -1.9254354936e-01 6.4797266336e-01 -2.4322756048e-01 -3.4471496705e-01 9.9393266212e-02 1.1918721445e-01 2.2395478952e-01 1.0113508253e-02 1.9992796602e-01 -4.0008659283e-01 1.2181794166e-01 -1.2573477268e-02 2.0230120401e-02 2.9846880441e-01 6.2502045120e-02 -1.2058233546e-01 2.1347461068e-03 -2.2524190847e-01 9.7262619563e-02 -3.3320661229e-02 4.2615027324e-01 -2.1815862192e-01 3.7754768660e-01 -8.0523263560e-02 -1.0574613856e-01 -4.0597964685e-01 -4.5377625659e-01 3.0703374990e-01 1.0395259550e-01 -8.1668093889e-02 2.8518050947e-02 -8.4894840589e-02 -1.1862621603e-01 1.6718236531e-01 1.8926379532e-01 4.9428175607e-01 3.2169883966e-01 -7.6436452852e-02 -2.8426888450e-01 5.2570058587e-02 1.2685933690e-01 1.9066810953e-01 3.2183069815e-01 -5.8745744090e-01 -1.5559737911e-01 -8.5908053352e-02 3.1958628872e-01 5.5244524837e-02 5.1617043671e-02 -1.3169370426e-01 -3.8863557029e-01 1.4617816084e-02 6.5730602288e-02 -2.7246712770e-01 -2.4164472116e-01 1.9919904354e-01 3.4708470051e-01 -7.8691157177e-02 1.6502594826e-01 1.8249711519e-01 -3.6413911587e-01 -5.4185637533e-02
-1.8390577047e-02 -3.0355278713e-01 -3.7246603932e-02 9.8912614496e-02 6.8009679480e-02 -2.6278090793e-01 2.1985223219e-02 2.7502022735e-01 1.8109792916e-01 9.7003313226e-03 -8.8923412423e-02 1.4594358498e-01 -2.8392825658e-01 2.2446572589e-01 -1.3853350142e-01 -5.4433961989e-02 6.5371169601e-02 -3.4218170018e-01 -2.4739890927e-01 -1.5945125935e-01 -3.5330563270e-01 -6.9177891570e-02 2.4238997645e-02 3.4900572736e-01 4.1355223626e-02 1.6102032771e-01 -1.4692351747e-01 1.2919254730e-01 -1.4653270759e-01 -3.7212061860e-02 -1.8289630047e-02 2.9036490888e-01 2.0172628425e-01 -4.5494090289e-01 1.3585112622e-01 -2.5503101247e-02 3.0151460073e-01 5.4665638212e-01 -6.2734229360e-02 7.6415132482e-02 -3.2670879729e-01 3.2903780920e-01 1.4874902701e-01 7.5358882180e-02 2.6777236130e-01 6.8254553320e-02 -2.9864128398e-01 1.1423904962e-01 1.4637224610e-01 -4.2191937878e-01 -7.3980811346e-02 -2.5019291273e-01 5.5478236533e-02 -1.4718136207e-01 -1.2928044119e-01 4.0243561877e-02 2.0043176774e-02 1.2048902304e-01 5.5932952631e-02 2.5013385962e-02 -1.1648668389e-01 -3.7493489343e-01 1.9491348946e-01 2.9606229024e-01 3.0665809691e-01 -4.7456821646e-03 3.9382768439e-02 -5.8781080679e-03 -5.3447016991e-01 8.4314530987e-02 2.8932797975e-01 4.6650917208e-01 8.7203748217e-02 1.0058503971e-01 -2.5414330553e-02 7.9106906234e-03 -2.6391053642e-01 -2.5628879351e-02 1.3701989903e-01 -1.0974875822e-02 -2.9377494539e-02 -4.1117801488e-03 -1.5030461272e-01 1.6987767621e-01 -1.9236222796e-01 -3.0352125338e-01 -3.3321580987e-02 -1.0382593247e-02 2.2355424292e-01 3.6290356586e-02 1.5706941561e-01 1.5903833357e-01 3.2456394065e-02 1.4085589717e-01 7.9998922648e-02 -2.4557849279e-01 7.9500130637e-02 -1.7133454469e-01 -2.2534186750e-01 6.4483406127e-01 -2.5983297587e-01 -1.1989654890e-01 1.1920742908e-01 1.3389217698e-01 -4.7154156642e-02 1.0208879006e-01 -3.0641141477e-01 -2.3062563314e-01 1.2263250917e-01 5.2571614722e-02 -4.7283511167e-01 4.2132719205e-01 -5.4064798950e-02 1.1084646093e-01 4.4966403128e-02 1.6577689865e-01 8.3971299447e-02 8.1663815575e-02 -1.1437092276e-01 -1.7969499816e-01 3.2202530555e-01 -5.2908543829e-02 9.4555004799e-03 9.0706918527e-02 5.7923711247e-01 -3.0090660504e-01 2.2122280790e-02 1.1768779747e-01 2.4606994365e-01 -1.1233331297e-01 2.1829122656e-01 -2.3018237043e-01 3.3236072140e-01 -5.0315297498e-02 2.4607092338e-01 -1.9050418250e-01 1.3664974422e-01 -3.2219995952e-01 -2.3329860182e-01 9.3924061453e-02 -3.4708297110e-02 -9.1797151092e-02 2.4091805706e-02 1.7525975705e-01 -2.3742853919e-02 -7.9764036355e-02 -1.4838861306e-01 -2.7373507431e-01 -1.2876768702e-02 3.9711478817e-02 -1.6335640429e-01 -3.1363601815e-02 2.9256193089e-01 -4.7054332314e-01 -2.2854518109e-01 -3.6286043239e-01 1.5885544118e-01 -1.5185784379e-01 4.7477873475e-02 1.1956080976e-01 4.0555509941e-01 2.0416253048e-03 3.5421700335e-01 1.8905529626e-01 -9.2949929217e-02 1.7787046737e-01 4.8237042468e-02 1.3415136353e-01 5.4256925568e-02 -2.4873354829e-01 7.6858623847e-02 -2.5599721519e-01
1.2006158723e-02 7.5815005816e-02 -1.0499498019e-01 1.4857168323e-02 1.1238895496e-01 -3.4702833741e-01 1.2078849147e-02 -5.3360898552e-02 2.4932002319e-02 3.4826571407e-02 5.5584922884e-02 1.3429904849e-01 -3.2687254823e-02 1.1434670180e-01 -1.4484429076e-01 -2.8586877005e-01 5.1009168186e-01 2.2219825601e-01 -8.8893051019e-02 4.1507079731e-02 1.0743335471e-01 4.2995369365e-02 1.1120714680e-01 -5.1818914665e-01 -1.3124462464e-01 1.4639993931e-01 4.0090760516e-01 -7.1790041778e-01 -4.6558835004e-02 3.0086606717e-02 1.2505624043e-01 -2.8720766245e-02 1.2602743752e-02 -1.5689878446e-01 1.6309435199e-01 6.8010431148e-02 1.2843591391e-01 -1.4574885680e-02 -9.4355306338e-02 -8.3123285874e-02 -1.8830849465e-01 6.0456407191e-01 4.3216746313e-01 1.7379077243e-01 3.7392053356e-02 -1.6236484396e-01 -9.4829410733e-02 3.5181888016e-01 7.8285253861e-02 1.4309550669e-02 -1.5437142172e-02 -2.2034771772e-02 4.6832098944e-03 6.1286758241e-02 -2.0931172161e-02 2.0740730479e-02 8.4117342935e-02 1.6514480766e-01 -1.3171466596e-02 2.6148007504e-02 2.0349189778e-01 -3.9961539659e-02 1.8389284715e-01 -1.8706677071e-01 8.0564668498e-02 7.7890568971e-02 3.0551986017e-02 -1.6228122971e-02 1.8610849871e-01 -1.3444099205e-01 -8.7681360272e-02 1.2005341097e-02 7.1682664644e-02 -7.7155430547e-01 6.8430526251e-02 3.8612795174e-02 3.0264316473e-01 -1.1615586946e-02 -3.7247466445e-02 -3.2192486784e-02 5.0804095829e-02 6.1309990033e-02 1.0915686034e-01 7.3893917316e-03 -1.0237062849e+00 9.1533556140e-02 3.3987419972e-02 6.5316237971e-03 2.0621930339e-02 3.3646430841e-02 -7.8645255278e-03 2.1279157118e-01 3.3331240928e-02 -1.2723847133e-02 -3.1194480322e-02 4.6389354949e-02 4.6669301829e-02 -5.9164350498e-02 -1.1080803686e-01 -1.4170101945e-01 2.0092027762e-01 9.0424531692e-03 8.6046996612e-02 1.0192335002e+00 2.7197742508e-01 -5.6362912278e-02 1.0090310267e-01 -2.2205387295e-01 -2.5308581968e-01 -6.2013075261e-02 5.4403865467e-02 2.0509666956e-02 -8.1947673187e-02 -1.5103207247e-01 -2.1377173262e-02 6.7611279732e-03 2.7031406437e-02 2.2106825736e-01 4.1732963106e-02 4.2057786926e-02 3.4612567297e-02 -1.6697490537e-01 -2.3395775463e-02 7.5967824946e-02 -1.7501159222e-02 3.4537025851e-01 -1.3674680983e-02 1.6121893476e-01 1.3502989240e-03 -7.9456429408e-02 5.1857965032e-02 -5.0491888685e-02 -1.0073616930e-01 9.4701736181e-03 -4.9338226778e-03 6.9502110333e-02 -7.1605381794e-02 -3.2802185826e-02 -1.3344476293e-01 -6.6566079826e-02 2.4910212237e-02 -3.9219709068e-03 -3.6436665208e-01 -3.7050154622e-01 -4.7855813015e-02 1.8406158806e-02 1.2699619943e-01 -4.8938249813e-02 3.4698030214e-02 -1.3034862623e-01 -6.5996329418e-01 1.3781531417e-01 -8.2820645998e-02 -1.1979888741e-01 -1.8060721589e-01 -1.6519184107e-01 2.9881331135e-01 -1.0633964826e-01 -3.6951558730e-02 1.2726711145e-01 -8.6959240674e-02 1.2313334627e-01 7.2218738771e-02 1.1114925035e-01 -1.1765996103e-01 6.3819540588e-02 -1.5700753991e-01 -1.5300423676e-01 -1.1490776885e-01 8.3311847892e-02 -6.2119755502e-02 -2.6199534671e-03
-1.0643272215e-01 -1.6515373866e-01 -4.0583788742e-02 -1.7170554715e-01 4.3979615076e-02 1.6347908067e-01 -4.3529166159e-04 1.3448386238e-01 3.8102741963e-01 5.1600126923e-02 3.0837227596e-01 -1.8561480501e-01 4.1658334686e-01 1.0095278680e-01 -2.6472700230e-02 1.7322719971e-01 -1.4091350160e-01 2.8497098847e-02 -2.7475095809e-02 -2.3633571638e-01 3.4423048537e-01 1.2858433460e-01 1.2964549269e-01 1.8881091706e-01 -9.1838055106e-03 1.9053460122e-01 2.5853720551e-01 8.9695825584e-03 1.3869767588e-01 -3.4130913794e-05 -2.9166628595e-01 2.4461503917e-01 -1.4385816047e-01 1.8446007238e-01 -2.4245432216e-01 -9.0670810482e-02 -6.6484828131e-02 1.5634004291e-01 -1.6753267070e-01 -1.2794616447e-01 -5.1952300897e-01 -4.6322443657e-02 3.3799462337e-01 3.4211671730e-02 -2.5652369180e-01 -1.4355997481e-01 4.3658892665e-02 -2.6347662739e-01 -1.5257767990e-01 -1.2614157523e-01 2.0639327322e-01 -1.5897300120e-01 -3.1872853284e-01 -1.2121660997e-01 -1.1579596089e-01 2.5444958086e-02 -4.5712496153e-02 2.1635586339e-01 2.8640370631e-01 -1.9386201268e-01 2.1049437597e-01 -3.8604950070e-01 -1.8237803115e-01 2.6056024371e-01 -2.1628470504e-01 -1.4583108943e-01 7.7479248816e-02 -1.7099267037e-01 -8.5610230268e-02 2.3332763893e-01 1.0826719510e-01 -1.8513919216e-01 3.0039279752e-02 2.5566692901e-01 -1.7887565351e-01 -1.0982893422e-01 3.1780680625e-01 4.2950490815e-02 -2.8290266886e-02 2.6771943412e-01 1.5863661141e-01 8.4564779376e-02 -6.6016748454e-03 1.3089200028e-01 4.4067038001e-02 9.1909682005e-02 -4.2912516434e-02 4.4249215053e-01 -1.0697042831e-01 7.3591235284e-04 2.7672946313e-02 9.1585572411e-02 -2.3739413947e-01 3.0051562837e-02 9.7724404408e-02 -1.9985505165e-01 7.2787089320e-02 1.0651233652e-01 -2.4847092636e-01 4.9269136039e-01 1.2930646661e-01 6.7352720218e-02 -2.3765235073e-01 -7.4411763038e-02 3.5312214128e-01 -2.8520190354e-01 -1.9821447700e-01 1.2654547787e-01 -1.4952168140e-01 9.7420128507e-02 -1.8506292092e-01 6.4745125244e-02 -8.2027414379e-03 -3.2628888866e-01 2.9785098823e-01 -2.0226573923e-01 1.1080047259e-01 -3.9109537317e-02 -4.5654909017e-02 5.2673416721e-03 -8.8075973080e-03 1.9122426279e-02 -3.6580559961e-01 1.0744147815e-01 -2.8184032995e-01 -1.9916323809e-02 -4.0012510575e-02 1.9653779390e-01 -2.5103915342e-01 -4.0914817316e-02 -4.4205392062e-02 -1.1385416578e-01 1.8016177070e-01 -7.1061654945e-02 -8.7367411788e-02 6.4851302991e-02 -6.9334470048e-02 -2.5639992328e-02 -4.5272047193e-03 4.8319094679e-02 5.4300649913e-02 -2.7408502588e-01 -3.1733070368e-01 1.6944897124e-01 1.2083545762e-01 3.9903284450e-01 9.7296466601e-02 -1.3645604942e-01 -1.3185614015e-01 2.5322459821e-02 1.7228380090e-01 -2.0425724686e-02 -5.2514490578e-02 -2.4359551816e-01 1.9428977070e-01 2.7205633580e-01 -2.6051952125e-02 -1.3394251596e-01 -3.9523462272e-01 -1.0364150185e-01 7.3781940741e-02 5.9982467018e-01 -4.9028329338e-02 9.6057062715e-02 2.5252326616e-01 9.5145566598e-02 4.2796976826e-02 -1.5145440075e-01 -3.7561171761e-01 -1.2972248804e-01 -1.7124309236e-01 -3.0471801882e-02
3.9017036655e-03 -5.2578739829e-02 1.4070461675e-01 -4.0824908211e-02 -4.0086330479e-02 -1.3614928421e-01 -1.3410544767e-03 1.1268943937e-01 1.0610009286e-01 -2.6981889293e-02 -2.1471604585e-01 -5.4584311172e-02 1.3197287438e-01 -8.2617833116e-01 7.7327734821e-02 -2.1252104293e-01 -2.5539575340e-01 1.5735766237e-01 2.9581926154e-02 -4.6497836208e-02 9.0876655253e-02 5.4001570515e-03 8.2170347530e-02 1.3078221488e-01 3.5910207035e-02 3.1686408126e-01 -8.2253985001e-02 2.1065161471e-01 2.0535845765e-02 -3.0339365705e-01 3.7259244699e-02 -2.6281640763e-02 -2.0857167908e-01 7.7677499705e-02 9.7759164079e-02 -1.3305991674e-01 -2.8541948070e-02 7.8161306862e-02 -1.9391180238e-01 9.5451133117e-02 -3.8629687782e-02 2.9820595560e-01 -1.5326684530e-01 3.1009968676e-02 1.3918618324e-02 -9.4463027921e-02 1.4680061600e-01 8.8133886352e-01 -5.8619860532e-02 6.1277784755e-02 1.2928047488e-01 4.8872108737e-02 -3.2602322438e-02 7.7048449529e-02 -6.6030038548e-02 1.0157328916e-01 3.6901750528e-03 -3.2193541182e-01 7.0577990841e-01 -9.7421227999e-03 1.9453826594e-02 6.7005478842e-02 1.2688882308e-01 5.6211594448e-02 -1.8251704860e-01 3.0519105430e-01 -2.6708010872e-02 3.7071988534e-02 -6.3950413324e-02 6.0177879841e-02 5.2766938975e-02 2.7524249194e-02 -1.8599615950e-01 8.6195438472e-02 -1.7273096189e-01 -1.2144235813e-01 -2.0734949823e-02 -5.4589797732e-03 -8.0311720033e-03 9.8244701388e-02 1.0383546618e-01 -1.0585160801e-01 4.1474505198e-03 3.8207037644e-02 5.0445066819e-02 -9.5268472738e-02 3.7662725599e-03 -1.0992837693e-01 -6.0455139214e-03 -1.9336596843e-01 3.7160262792e-03 1.0339468907e-01 -3.9155093793e-03 -2.1734566141e-02 2.0581763474e-01 6.2041055584e-02 1.4615125989e-02 -3.6836286235e-02 -7.5951067128e-02 -3.4294465957e-02 -5.7165355362e-01 -6.6264989795e-02 -1.6283470307e-02 6.5096505551e-01 -3.9752144485e-01 -2.6280434610e-02 -1.0042611394e-01 -3.4801685685e-01 -5.3070281867e-02 -2.0278848996e-02 -5.6776665487e-02 1.3953635060e-01 8.4213498775e-02 -7.5476075201e-02 -9.2032532975e-02 3.7108106467e-02 -9.5817285219e-02 -1.8087844294e-03 -8.6058408113e-02 -6.0429112391e-02 -8.0583781299e-02 5.3223777694e-02 -5.1990989227e-03 4.1942953064e-02 -7.3529271130e-02 3.9152621387e-02 6.9159216195e-02 1.8832763637e-01 -2.4018154254e-01 -6.4989315917e-01 -1.2803617931e-03 -8.2189204799e-02 6.6590653967e-02 6.7494652662e-02 -8.1950035164e-04 -3.6763054128e-02 -1.0497779051e-01 -1.8836933092e-01 -3.0739878062e-02 5.2350179714e-02 -2.0980372512e-02 1.5974550249e-02 7.2360853398e-02 2.3723815881e-02 -3.2042529723e-02 8.0746781964e-02 1.5632293591e-01 -1.5906598426e-02 -4.9603723546e-02 -9.1490783012e-02 -4.3082062640e-01 -2.4118640738e-02 -1.5647292490e-02 -3.7418328028e-02 -1.9844133049e-01 2.1135188732e-01 1.8660406659e-01 5.8569449125e-02 -5.9347278087e-01 -2.6288200167e-01 -1.5177397296e-01 -1.1547521716e-01 9.3694242467e-02 -4.2289146636e-03 1.1349736209e-01 -5.9154723581e-02 3.5871385242e-02 -4.6151330114e-02 -2.9862799927e-01 -2.0611591475e-01 -4.4907603254e-02 3.6314074274e-04
-5.1315916709e-02 2.6279018414e-01 1.8386164687e-01 -4.6606711358e-02 2.7796311024e-02 5.0275096497e-01 1.7041305114e-01 1.3047234560e-02 -2.7937898232e-02 6.5707653652e-02 -4.9245344127e-01 5.2958654370e-02 2.3867827196e-01 6.7865468330e-02 1.2362691470e-01 1.5596259456e-01 -3.4176036918e-01 -1.6109999990e-01 -1.1077527005e-01 4.1957520762e-02 3.0222777582e-01 6.9796965080e-02 3.6295358885e-02 -2.4954670452e-01 -1.0785279167e-01 2.4412365467e-01 1.9715733780e-01 4.5002314504e-01 -1.3665847696e-02 -6.0801913062e-02 8.7688362939e-02 -2.1003177347e-01 2.8265865989e-01 -2.9060083907e-01 -1.5142446041e-01 2.6466249790e-01 2.7754591763e-02 4.7772587138e-01 3.2744818619e-01 -5.6091982177e-02 -2.2066326382e-01 4.1817734267e-01 5.7747907756e-03 -1.6976000059e-01 1.2040162822e-01 -2.5815789010e-01 1.5377982482e-02 -5.1893176318e-02 -1.2858365384e-01 3.0518689597e-02 3.1207943318e-01 1.1586514044e-01 4.9642060176e-03 -2.5370621444e-01 1.5059507708e-02 1.5682725222e-01 -1.4660751847e-02 1.5397473614e-01 -5.6506626214e-03 3.7363565774e-01 -1.8268864296e-01 1.3561740193e-02 -1.0923213277e-01 4.4535931923e-01 9.2765513284e-05 2.8591408449e-01 5.7151336544e-02 1.3627824665e-01 3.0024549814e-01 -1.7930514348e-01 -1.3823361652e-02 8.5962302969e-02 8.5614188712e-02 -7.1996689804e-02 -3.3323496011e-01 2.3399200506e-01 -2.0639463386e-01 -3.2304267304e-01 -3.0878793119e-01 4.4158068537e-01 -1.2919038746e-01 1.3658560980e-01 2.5645249126e-03 -1.3131006130e-01 6.1560416981e-02 -3.5514912525e-02 1.7894309358e-01 1.0214345949e-01 9.8978789907e-02 -1.7112410831e-01 -1.3109991965e-01 1.6063693699e-01 2.2102835996e-01 -5.7221837743e-02 -4.6435087320e-02 -4.6199247673e-02 2.5584552559e-01 2.3143648766e-02 2.6243079359e-01 2.3671349232e-01 4.4347969776e-01 2.3719631495e-01 -3.2276105519e-02 4.9938820399e-01 -4.3220383199e-02 -1.7611463368e-02 2.1450321248e-01 7.7940828686e-02 -1.8118594468e-02 -1.4763267767e-01 2.4040919992e-02 3.8900678556e-01 -1.2101490186e-01 1.1788664246e-01 -1.4849774872e-02 -2.7237815783e-02 -9.2744965391e-02 -2.0628467957e-01 2.1506283426e-01 3.4890818212e-01 -1.3300841231e-02 2.3116139497e-02 -3.2127362564e-02 -8.0301264123e-02 5.8884063702e-02 1.4568221776e-01 1.0361903462e-01 -3.2320835076e-01 -2.1553859478e-01 -1.8354840210e-01 -3.9766730994e-02 3.7429503449e-01 6.4911855351e-02 8.2806720713e-02 1.9046881782e-01 -1.4292774591e-01 8.6812550547e-02 2.3156023876e-01 2.2031137564e-01 -3.2144298748e-01 1.6115962756e-01 -4.4559318425e-03 3.4669966184e-01 4.6895709310e-01 -6.8190505243e-02 2.7396681613e-01 -2.4652149296e-01 -1.3712400349e-01 3.5396915747e-02 1.3032255885e-01 -4.6253500084e-01 -4.4596346835e-02 -8.9433761942e-02 2.0851988217e-01 2.3387094202e-01 -2.5309320392e-01 -9.1015176253e-02 1.1344373101e-01 -6.7358692365e-03 1.1039087132e-01 3.7220954969e-01 -9.3854717676e-02 -1.9237159803e-01 1.2507297177e-01 -2.8692912766e-01 2.4485438286e-01 -4.5313980787e-02 -1.0961477315e-01 7.9654180571e-02 -3.8146272749e-02 -1.9368077923e-01 -5.7140862530e-02
7.6499819731e-02 7.7218989846e-02 -2.9306963022e-01 -2.6542001240e-01 -7.6128549097e-02 3.2534029723e-02 4.8719681082e-01 -1.7792892671e-01 5.5476096503e-02 3.5562439100e-02 -2.8328074132e-03 2.4316897946e-01 -6.5322997282e-02 2.9350956619e-02 -3.4162380072e-02 -2.3474690927e-01 -2.3670628010e-01 -4.9111181422e-02 6.7149244470e-02 -3.4220605608e-01 -9.6171228154e-03 -5.4690935639e-02 -1.0668098293e-02 4.3744453171e-02 -4.1053144482e-02 1.6789917571e-01 2.7008812611e-02 -1.1023954632e-01 -1.7144064903e-01 -6.5829048659e-02 9.0456765319e-02 -2.1453120259e-03 8.6733745822e-02 7.5964294985e-02 -3.5016937929e-01 2.2427926431e-02 3.6561721963e-02 1.4773757903e-03 -1.8117713221e-01 6.8579337145e-02 1.7161825074e-01 5.0814060957e-01 1.1951923500e-01 4.1665972003e-02 -1.4103305310e-01 1.3891069690e-01 2.8763904986e-01 4.0316033524e-02 -2.6225064443e-02 1.7916898003e-01 -5.6117043818e-03 2.4787724759e-01 4.2006237435e-03 -2.6001839143e-03 6.7768537881e-01 1.0146486639e-01 5.9822509133e-02 2.0301637616e-01 -5.2716099012e-02 4.0092522510e-02 2.3035210198e-03 -3.2991805237e-02 -5.1800517676e-04 8.7325781032e-02 -6.2404854497e-02 -1.3718387753e-01 -4.4179004594e-01 8.9174199895e-02 -4.3795244222e-01 3.5784625906e-01 -4.0140831756e-01 6.9369533268e-02 3.8111892615e-01 -4.8114889017e-02 1.3002634418e-01 -2.2661004443e-02 2.8486329659e-02 -6.8224958785e-01 -4.1056794120e-02 -9.0537743969e-02 1.1207589270e-01 -1.3091256967e-01 7.5950802820e-02 3.3050133586e-01 6.9614556073e-02 -2.4894019427e-01 4.2416703542e-01 -1.4229453191e-01 7.9472348038e-02 9.9690087732e-02 -2.6107236675e-02 2.4185224858e-01 4.4041021872e-01 -9.7549722928e-02 1.8427657479e-02 1.3941671329e-01 -1.2162082302e-01 7.3639273017e-02 -1.5343315712e-01 2.0755823385e-01 -4.9851608752e-02 -6.5791130145e-02 -2.0951236319e-01 -1.3794661173e-01 -5.1635506234e-02 -8.6512641092e-03 9.6013752107e-02 6.2104523409e-02 3.8877120084e-02 -5.1286274109e-02 -6.1576447584e-01 -4.1288740598e-01 3.6531491339e-02 -4.4459393448e-01 7.5153470882e-02 1.1079165529e-02 -2.0325038677e-01 -4.1620610193e-02 3.3186321410e-01 -3.9485600691e-02 -2.1395730504e-01 -2.1666495476e-01 5.9024301421e-01 -1.0188241482e-01 -1.0973697315e-01 6.2371331423e-02 -1.7859675016e-02 1.4341922539e-01 1.1675537078e-01 -1.1922152944e-01 8.2318613164e-02 7.8493994026e-02 -2.7143732271e-02 7.5500502995e-02 -3.0903576716e-02 -1.2100751311e-01 2.4605978294e-01 2.1015668913e-02 -6.6742887999e-02 2.5713363683e-02 -8.3060327895e-02 -1.0754474429e-01 -1.2958384282e-01 -9.5146159937e-02 6.2520251637e-02 8.4976301199e-01 -2.0949715383e-02 4.6050218615e-02 -4.1851879480e-02 -3.2521996108e-02 4.4840264483e-02 2.4679608159e-02 4.1819551272e-02 -4.6777744624e-01 2.6394349203e-01 -2.6550601591e-02 8.3201020728e-02 7.0036535921e-02 3.6922269037e-02 1.0027929770e-01 5.0511391355e-02 -1.3654841751e-01 5.0466620493e-02 -3.5362011085e-02 -2.4427641110e-01 4.7411118919e-03 2.5092151452e-02 -2.8753504110e-01 3.2519484169e-03 -7.5576412316e-02 1.3498369748e+00 -3.8026449755e-02
-4.7887652904e-02 -2.5284884497e-02 1.3938815324e-01 2.3926218431e-03 -8.1531835118e-02 7.4581566244e-01 -9.4028420597e-03 1.5395566012e-01 6.2360717923e-02 3.0615210944e-04 -1.8564683198e-02 -9.6625181208e-02 1.3145259121e-01 2.1512907928e-02 1.8641647958e-03 -1.4445553392e-01 7.4296086338e-02 -4.6496196438e-02 -8.6202468730e-02 1.8783673552e-01 -1.1796794703e-01 1.4010574925e-01 -9.9809704719e-02 3.4726710158e-01 7.4864526150e-02 4.0429965839e-01 -1.5001779958e-03 -5.5101834068e-01 7.8742488385e-02 1.0125542291e-02 -1.6932032008e-01 -6.4059331696e-02 2.7403033748e-01 4.3066777955e-02 6.6831295315e-03 -3.2523694847e-01 -1.0825531388e-01 2.7675812539e-02 -5.5008993464e-02 -3.2207056235e-01 -4.9322024675e-02 -5.1643547949e-01 -4.5810607903e-02 -1.8985481817e-01 6.0463126744e-02 2.2279119628e-02 2.6941558261e-03 8.1249607206e-03 -1.8455771892e-02 2.4404840846e-01 2.8808149868e-01 -7.0005839567e-02 2.6983490546e-02 1.2240020808e-02 1.8178346393e-01 9.0217145825e-01 -1.5032598901e-02 -9.0048120665e-02 4.9159608421e-03 -1.0352274689e-01 -1.1724663486e-01 9.1565153753e-02 2.0216821619e-01 -4.6298511878e-02 4.4459514726e-02 -1.4119317597e-02 5.1819086623e-03 -2.7826279811e-02 2.0963008336e-01 4.7588944292e-01 -4.9868163488e-03 -6.8738352389e-02 -1.3257611570e-01 3.1863004395e-02 4.2325659561e-01 9.7584599137e-01 2.0901846336e-01 -9.3071311906e-02 -1.1089896764e-02 4.0446588754e-02 4.3599508879e-03 2.1174156956e-02 -1.3610494143e-01 -2.9212755439e-01 -3.9856795311e-01 -5.1256918644e-02 4.4603479655e-02 -2.1902652263e-02 -1.7788222584e-01 1.0164196862e-01 -6.4866278601e-01 -4.3965145712e-01 -2.1070784421e-02 8.6777628176e-02 4.3211151433e-02 -1.3450557143e-01 -1.3938186301e-01 4.6491443797e-02 -8.8306721706e-01 1.9919942030e-01 8.8259526133e-02 1.8787166650e-02 -1.0358756479e-01 8.3047621785e-02 6.6936684932e-02 -4.5757023472e-02 -1.8703298592e-01 -2.0459487667e-01 2.4419290329e-01 -5.8069380485e-02 -6.4669614002e-02 1.0954210490e-01 1.5805837933e-01 -1.6389534392e-02 -2.2130200497e-02 3.3017862981e-01 1.3910546744e-01 4.1913036351e-01 -4.6298613224e-02 -2.6933389291e-01 -5.0061174510e-02 1.2819641873e-01 6.3810662841e-02 -1.5310871256e-01 -1.7441828649e-01 9.4811763868e-02 1.2620187604e-02 2.3023275027e-03 2.3436261290e-02 -5.3756511313e-02 3.7617006585e-02 3.9960868167e-02 1.6196566642e-01 9.9846247629e-02 -2.7215139818e-02 1.4002796263e-01 2.5780475966e-02 1.1219832638e-01 4.2094849686e-02 3.7053353684e-01 6.6164058535e-02 -1.5800503642e-01 1.8952006257e-02 -1.2571806087e-01 -5.2879049497e-02 6.0827652897e-02 3.8366765863e-02 -4.5958806478e-02 2.1774806094e-01 -6.4282447364e-02 -6.9712754191e-02 -4.5328051238e-02 -6.3128068589e-01 3.0801782438e-01 -1.8818237213e-01 1.6566632435e-01 -2.9600446961e-01 -5.3606775677e-04 -6.5117318365e-03 5.7934691441e-02 1.9955965086e-01 -5.2682562883e-01 -1.4404040385e-01 -5.4946059110e-02 9.9311968729e-01 2.2848912904e-01 6.5355276543e-02 4.0169765336e-02 -1.0425083002e-01 -5.0948419485e-02 2.0376249997e-02 -9.3133046783e-02
-4.4833080495e-02 1.1468265106e-02 8.4991636586e-02 6.5675416671e-01 -1.9511230646e-01 -4.9329303264e-01 4.7331573045e-02 -2.7229697374e-03 9.1503202922e-02 -9.8280273034e-03 -1.3098039295e-02 1.1803310578e-02 1.2826637829e-02 -1.0042500927e-01 -3.4558832232e-01 -2.4399818573e-02 -1.8259270273e-01 -4.0235101334e-02 4.2300431142e-02 3.4820780202e-01 1.5085498431e-01 1.6960197503e-01 1.3890325877e-01 -1.2004159019e-01 3.3896484533e-02 -1.7056531920e-01 -2.6409274589e-01 -5.5715762796e-01 5.1809670286e-02 -2.2773242937e-02 6.8433785354e-02 1.2375105378e-03 1.5856831695e-01 -1.0581233675e-01 -5.6819383680e-02 1.4601309247e-01 -1.5007629302e-02 -5.7686933407e-02 4.2460910401e-01 -7.5707348220e-02 -1.4332554250e-01 -7.4823906063e-02 2.1064492337e-01 1.4173314632e+00 -8.3222261896e-02 4.9841699388e-01 4.1418415723e-02 -4.8100452109e-02 -1.0453408680e-01 -9.3983977999e-02 3.2519786220e-02 1.1334571011e-02 -5.9387972306e-02 -1.9407713231e-01 1.1540058857e-01 -3.9241690020e-01 -6.5402865439e-02 -6.7794173083e-02 6.5151181437e-03 -4.6446245236e-02 -8.6095501108e-02 1.5255929606e-01 -1.5694485945e-01 1.5032347440e-02 5.9455656616e-02 -5.5063038968e-02 2.2496673729e-02 -3.5547643833e-01 2.5789648911e-01 1.5444060069e-01 1.4602735853e-01 -1.4972211274e-01 -1.1564738182e-01 8.5652688950e-02 1.6033584143e-02 1.4398273095e-02 1.8949918678e-01 -1.9012997528e-01 4.3239351029e-02 -3.1965064048e-03 5.7914581852e-02 1.7404418758e-01 -7.4116291393e-02 7.3526839191e-03 3.4541427848e-02 -3.9432221428e-02 -1.4085506417e-01 -9.6135360391e-02 8.3526067406e-02 9.8598418467e-02 -5.3108915329e-02 -1.9036661518e-01 -3.6723829959e-01 -3.0485810945e-02 6.7205742566e-02 3.9716946448e-03 2.5675480776e-02 -3.6413021315e-01 1.2226112652e-01 6.1154637631e-02 1.0462644557e-01 -4.6279564515e-02 -5.3522507278e-02 5.2306495929e-02 -1.6202446929e-01 1.0194906340e-02 7.4118765549e-02 2.9676585981e-01 -5.0992628627e-01 -8.3921602421e-02 1.2209049338e-01 -2.7568249283e-02 -4.7681185769e-02 3.4417948287e-01 1.4679483839e-02 3.5860354911e-02 1.2597407325e-02 9.7000371798e-03 3.4391854536e-01 -2.0125831961e-01 7.9444170223e-02 1.1936048892e-01 2.7902573878e-01 2.5104453136e-03 -1.7893293258e-01 1.7627106244e-01 -1.0949723545e-01 1.7294032420e-01 -1.7905985151e-01 3.2438833809e-02 -6.4689775115e-02 1.4304048607e-02 4.7129209959e-03 7.4736746450e-02 5.9077382744e-02 1.9717136170e-01 -1.7850330994e-01 -8.8101816802e-02 8.7632869701e-04 -6.5613957634e-02 -1.2786765941e-01 -9.2658230111e-01 3.2139091000e-01 -2.4701340435e-01 -8.9663228205e-02 -5.4090852844e-02 -1.6055235240e-01 2.6955871547e-02 -5.8704545646e-01 8.2530033082e-01 2.1892614780e-02 6.7949636527e-02 -2.2617558202e-01 1.0448441728e-01 1.0002610577e-01 -6.2392435654e-02 3.0453534457e-01 -3.8156391983e-02 -5.8662174218e-02 -6.7762217107e-02 1.5993646143e-01 -1.8193543432e-01 1.2096649857e-01 1.9498979233e-01 2.4968172964e-01 -7.3061106330e-03 1.9633818715e-01 -6.8884286246e-02 -7.7087473508e-02 -6.6895670767e-02 -4.8181278920e-02 4.7147590662e-03
-6.3115613103e-02 2.8413963042e-02 -5.0037129037e-03 -2.1880794058e-02 -4.4420316405e-02 2.1330959601e-02 7.4796785786e-02 -6.0167218486e-01 -2.8919934048e-01 -2.5225544644e-02 1.1675289661e-02 1.5921899218e-01 -1.9779746885e-02 -3.0187505334e-01 1.1109989929e-01 4.0484661762e-01 1.3032199586e-03 5.9377168953e-02 -4.2671832595e-03 -3.6365978055e-02 1.3906099560e-01 3.3188364764e-02 2.3579184099e-02 5.0622263644e-02 3.0454760494e-02 5.3110692992e-02 -4.3467499136e-02 -5.0138675943e-02 -3.2091829365e-02 6.7910841054e-01 4.3278081219e-02 -2.5609231109e-02 -1.3113399955e-01 2.6437603698e-02 -5.0671888424e-02 2.3461408735e-01 -2.8925258900e-02 2.0468152149e-02 -1.9519324115e-01 -1.3999625622e-01 -4.0402579127e-03 -7.5270926351e-02 2.5648884914e-01 -2.8277717562e-02 1.1636905996e-02 -1.1747645227e-01 -9.1560624896e-02 -4.3257063728e-02 6.0409469892e-02 3.9670630991e-02 -7.2553468935e-03 1.7445003713e-02 6.8432603363e-04 -8.4731697491e-04 -1.4798591737e-01 6.6285815322e-02 -5.3202325195e-02 -3.3699862100e-02 -1.2280835543e-01 -4.7781756589e-02 -2.4491546168e-02 1.1406044081e-01 7.5480984074e-02 -3.3811468363e-01 6.7835472594e-03 1.7933471192e-02 5.3348984364e-05 5.5710279079e-03 2.5138838384e-02 1.9308372772e-02 4.1655332039e-02 7.8715227842e-02 -1.1284591302e-02 -6.9782545749e-02 3.3726978016e-02 -1.4776812962e-02 -9.4444479005e-02 -1.2767458882e-02 9.9857547210e-02 6.8437633142e-02 9.3750042230e-02 -2.2671826966e-01 -7.3163957428e-02 -8.6384573227e-04 -3.2225320613e-02 -3.3440555740e-02 -4.1017383953e-02 2.2996979596e-02 -4.3062316246e-02 3.1588492882e-01 8.1147212419e-02 -2.3120108907e-01 -7.5306820536e-02 -6.9138115706e-02 -9.1336486357e-02 3.1796907964e-02 -2.8299276612e-03 6.2991234489e-02 1.5485658923e-01 2.2361158808e-01 1.4374058794e-01 -1.9935436367e-01 6.4807304291e-02 -9.1344743210e-02 2.0801924047e-01 -1.5555489126e-02 -3.0123899455e-01 4.0921087149e-01 1.2087086662e-01 2.7999328727e-02 -4.0605268576e-02 -2.7448031964e-03 -5.7717103587e-02 -7.0218800507e-02 1.4128194004e-01 5.6174878740e-02 1.9650458634e-02 -8.5135989739e-02 -1.1518660719e-02 -1.7069344406e-01 2.3415724275e-02 1.1168720060e-01 6.1983673943e-02 -2.0418143723e-02 2.1669956964e-02 1.6878128868e-01 1.4497795365e-02 -9.8951225630e-01 2.2204818228e-02 -9.5058710646e-01 8.3608815481e-02 -1.9041536740e-02 8.4266970539e-02 5.8163903049e-02 3.9887787245e-02 -7.6112183299e-02 -9.6773521280e-02 1.0006501975e-01 -7.3702490376e-02 -1.9809513145e-01 -1.7600145571e-01 -1.1824069687e-01 1.8602473111e-01 3.6938141997e-02 -8.7287515628e-03 -1.5088383606e-01 -1.3107095812e-01 3.5321619269e-02 -1.6960277824e-02 -5.7666816964e-02 -3.7844153756e-02 2.7460685918e-02 1.6163380071e-01 3.2450662957e-01 -8.6761128280e-02 1.5028278556e-01 -2.5210343520e-01 -6.5291583569e-02 -1.1831939858e+00 8.4735942777e-01 2.4762911546e-01 6.8087451654e-02 1.2786495977e-01 1.6307554629e-01 -1.5246727827e-01 -1.8801602776e-01 -7.2765359345e-02 -4.2550198583e-01 1.2923124052e+00 1.4952852188e-01 -1.3026257815e-01 -1.8586075906e-02
-2.2555659165e-01 -2.2293006249e-01 -2.3034801809e-01 -8.2940126416e-02 -1.2510506074e-01 -2.5504919097e-01 9.0417235963e-02 -2.0105607577e-01 -5.1085035006e-03 1.0889571779e-01 -5.8501755989e-01 -4.6979977246e-01 4.6710184418e-02 1.9028816935e-01 1.3486945089e-01 -1.0456737272e-01 2.1758627066e-01 3.8009635987e-01 -1.2012920098e-01 -3.0190859346e-01 7.3804757991e-02 1.7119352557e-01 1.0023298593e-01 -1.0917803883e-01 5.1603227432e-02 5.2572840662e-02 1.7060352275e-01 -2.9775338351e-01 -6.7406162770e-02 -3.0754517716e-02 -9.4155331731e-04 2.6813884169e-01 1.4274947703e-02 -3.2820039829e-01 -8.3122103321e-02 8.8732212189e-02 -6.9155412483e-02 -2.0549164559e-02 4.0734721590e-02 7.3193665548e-02 -9.0286354637e-02 1.8052318803e-01 -5.9064362698e-02 9.3233542701e-02 -1.3565520625e-02 1.3566923680e-03 -2.0830401741e-02 -1.4779834389e-01 1.8073281858e-01 -1.0977711693e-01 -1.3535868146e-01 -4.0132505901e-02 -3.0714560033e-02 -2.2213931221e-01 5.3603057044e-02 -1.1037605139e-01 3.8111032209e-02 2.0011909684e-01 1.7831023179e-01 -5.6942149918e-02 -3.1014068977e-02 2.3192913170e-01 -1.1480680854e-01 2.2175831898e-01 1.6349692711e-01 1.0347382366e-01 -5.2349667751e-02 7.7452578189e-02 -1.0578844522e-01 -3.4675247025e-03 -1.4545252752e-01 2.2247102680e-01 -3.0260803255e-01 8.1995859341e-02 -1.9276088871e-01 -1.3980039344e-01 -4.4252284671e-02 1.6685361939e-01 -6.6778679281e-02 1.2363122676e-01 -3.4967691251e-02 1.3374254086e-02 -1.3726067369e-01 2.1079323635e-02 -1.2760033696e-01 9.3799763381e-02 -2.0802726236e-02 -9.2111318625e-02 2.5827309954e-02 4.1982611632e-02 -6.5089473311e-02 -1.4812522085e-01 -4.2947879914e-02 -1.1296356641e-01 9.6707489768e-02 1.0220360188e-01 -7.5150728249e-03 -1.3901138172e-04 -1.9873077364e-02 -6.1846890923e-02 2.5136675590e-01 7.0801053531e-02 -7.1539706080e-03 -9.2768236808e-02 -2.3674774039e-01 -3.4256621667e-02 -4.5874589746e-01 1.0061084937e-02 -2.5076716964e-01 1.9284589651e-02 -4.1334381497e-01 -3.0086781688e-02 4.1216398828e-01 -3.3690526429e-02 -2.5863775973e-01 1.9323451820e-01 -1.0410214367e-01 -2.5720548884e-02 -2.0411191649e-01 -7.4281511796e-01 -1.8440108153e-01 1.7791569596e-01 2.0518402622e-02 -8.7921182890e-02 2.6610094773e-01 2.4777044901e-01 -1.5314127783e-01 -3.6355388663e-01 8.0978248432e-02 -2.1282928003e-01 2.5566731976e-02 -1.9648351957e-01 -2.2270277421e-01 -2.3383403102e-01 -8.8372071275e-02 2.8330302416e-02 -3.2573294185e-02 6.3926532533e-02 -2.9342782623e-01 -1.9723080756e-01 -2.3759133765e-01 -5.4153605898e-02 9.8697490054e-02 -9.3114939724e-02 -2.1508375441e-02 -2.8248795835e-01 1.0127461086e-02 -2.2820108526e-01 -2.2395676864e-02 -1.0978302956e-01 1.5083603058e-01 6.5377187322e-02 -1.3529843050e-03 -1.4330979748e-01 -1.5662434741e-02 -4.4872114222e-02 1.1871482117e-01 2.7056981272e-01 1.5634416755e-01 2.2145413575e-01 -1.0024890882e-01 5.8478338150e-02 -2.5591221236e-02 -5.9024734416e-01 -9.3855653792e-02 1.3477043654e-03 2.8846375332e-02 7.6500520759e-02 1.2498746435e-01 -9.9236842146e-02 -1.8937547436e-01 6.5623661936e-02
7.8381140625e-02 2.4531617778e-01 -9.3328987681e-02 4.9327978429e-02 7.0946636065e-04 -1.7239239463e-01 -1.1739916238e-01 1.4380541873e-01 2.7960130128e-01 -2.1937460116e-01 -1.6181015313e-01 -1.9122756171e-01 -3.0203106123e-01 1.6769339504e-01 8.8010538223e-02 -2.2426738864e-01 -4.7011302883e-02 -1.3353661949e-01 -3.8700567732e-01 1.5695313830e-01 -1.2195456797e-01 -7.9353069468e-02 -4.4695668953e-02 -2.9821089503e-01 -1.2807311132e-01 1.5334678861e-01 -3.4286428132e-01 4.1591581153e-02 1.2950289035e-01 1.8729216843e-02 -2.8812498212e-02 -3.0931957363e-02 -2.2643185168e-01 -3.3829795811e-02 -4.4770781826e-02 -2.1375669488e-01 2.2608749237e-02 8.6664915701e-02 -4.1219032020e-01 -2.3690308077e-01 9.2748659687e-02 -2.5220752327e-01 2.4820565626e-01 -6.7594800718e-02 -6.1682200303e-02 1.2123822161e-01 -1.0453400105e-01 3.1655968532e-01 -1.7790847586e-02 2.0408039425e-01 1.3271722341e-01 -4.6461732257e-02 5.4159742936e-02 -1.0736111569e-01 -3.0475719408e-01 -1.3419918527e-01 8.6961036524e-02 -2.2376767290e-02 1.0200588426e-01 1.1525434454e-01 -2.8862438222e-01 3.6951618470e-01 9.4081228119e-02 7.3008669290e-02 1.8126191595e-01 -3.3699145221e-01 4.4592336757e-02 -7.8129444233e-02 -4.7714974768e-01 1.1179449146e-01 -9.1799739537e-02 -6.5237861815e-01 7.0409422257e-02 6.8650569388e-02 2.4762102100e-02 1.8234941747e-02 -6.7385841621e-02 8.2356055869e-02 6.9187013634e-02 -8.4044501554e-02 -1.0151604494e-02 -6.5159568697e-02 2.9276832766e-02 4.2421295891e-01 1.5433493183e-02 1.6478787129e-01 -1.0777654745e-01 -5.0996410940e-02 -3.1143075726e-01 2.4147364570e-01 -3.6237855708e-01 4.6019757779e-01 -8.7227916502e-02 -3.0310455194e-02 -4.4298330241e-02 -2.6343248662e-02 -1.8555188006e-01 2.9025488426e-01 -2.4986579786e-01 1.6578722050e-01 4.5405678940e-01 -7.9373773128e-02 1.2862537205e-01 1.8701463284e-01 -8.8964423538e-02 -4.1560447305e-02 9.1088729575e-02 3.4957747396e-02 -5.1187403887e-01 -5.9871229356e-02 -8.3103283996e-02 -2.7265597717e-02 1.0480408915e-01 1.5282741118e-01 9.6845142132e-02 -9.9245987502e-02 1.5913562740e-01 6.0746421518e-02 -1.9117191463e-01 4.2287037864e-02 -2.7915504069e-01 -3.1545715801e-01 -1.4878496263e-01 9.7151263288e-02 -5.5176591550e-01 -2.5243400243e-01 -7.7276066523e-02 -3.7536780382e-01 3.3455662460e-01 -2.4008879481e-01 1.3646093023e-01 3.2133479121e-01 2.2192347058e-01 1.3903009221e-01 2.5798940129e-02 8.8015302063e-02 -4.2856487837e-01 2.9313147062e-01 -1.5020484029e-02 2.7190256299e-01 3.3792686967e-01 1.7460115133e-01 2.3399409319e-01 6.0758538044e-02 -1.1640975946e-01 1.4417695666e-01 6.1665734158e-02 -4.4114428794e-01 -1.3432637335e-01 9.7950053836e-02 2.4278794309e-01 -3.4542477293e-02 -4.6965058364e-01 -3.1918927326e-01 4.5207630310e-02 3.0453054851e-01 4.8577329555e-02 -3.1922379044e-01 5.8526259225e-02 -1.1768295624e-01 -4.6685607516e-01 1.0418439316e-01 -3.3765183363e-02 -3.1277242120e-02 6.4454598016e-01 2.3344354550e-02 -8.5963518382e-02 -3.3232342921e-02 1.4228947653e-01 -2.8085163618e-01 1.7043609135e-01 -7.4621122444e-02
4.4810269618e-02 4.9941717032e-02 -5.9465098854e-02 8.7473879486e-02 -2.5196116443e-02 -3.8151769064e-01 -2.3813692436e-02 -2.4958818103e-02 -1.4498729580e-01 -1.1326975719e-01 -2.5765976610e-02 3.4716159500e-01 5.8551227777e-02 -7.7832299431e-03 -4.0537324507e-02 6.8457073448e-03 -5.9674293032e-02 5.4179424366e-02 2.2207504540e-01 -3.8235875587e-02 -1.2082420515e-01 -2.8167781638e-01 2.1805183983e-01 -1.1898281749e-02 -8.7580609236e-02 1.4730087493e-02 7.9348082042e-02 2.4089083397e-02 7.3959360868e-02 1.0908655375e-01 -5.4343627600e-02 -3.1967063199e-02 -9.4163256724e-02 2.6773454771e-01 -5.3584067843e-02 -7.5487338388e-02 3.5420131746e-02 5.0372111492e-02 -9.7037654886e-02 1.8424836703e-01 2.4823083959e-02 1.0609972195e-01 1.0457023593e-01 1.0131100124e-01 2.0010242609e-01 -1.5682138482e-02 -2.1956720594e-01 -1.1616741018e-01 -3.0313191433e-01 6.2734118451e-02 -2.3750981324e-02 -2.4716061469e-01 6.8927858897e-02 -1.2828203192e-01 2.3952415199e-02 1.1098193462e-01 1.2569581204e-01 1.0675263020e-01 9.5438209899e-02 1.2255425683e-01 -4.7978996883e-02 -3.0105130532e-02 1.7522175387e-01 1.9031461834e-01 -1.4712204215e-01 -8.4573519012e-02 -1.7427052067e-01 -9.8041307275e-02 -2.7188839488e-02 8.7883720626e-02 -9.5816227871e-02 2.0069826349e-01 -6.9470090474e-02 -2.9300031534e-01 -1.8183489585e-02 -2.9133970982e-02 2.4565993448e-01 1.4782320967e-01 -1.9867191286e-01 2.8207366619e-02 -1.3764937083e-01 -1.3913332561e-01 -1.4124890076e-01 8.2547009354e-02 4.9368043719e-02 1.0890584754e-01 -7.2164131767e-02 1.2272816000e-01 9.1398489766e-02 -2.1929217825e-01 -1.0794733300e-01 3.3319532622e-03 -4.8340033673e-02 -3.1400999092e-01 -9.4642411493e-02 -2.7187755044e-02 -9.0087875159e-02 2.2583400543e-01 -1.5304784009e-01 -2.2853094965e-02 -2.1042129980e-01 1.1957334615e-01 -2.0472689417e-01 -3.1658930121e-01 -9.4957923633e-02 1.5638203975e-01 -4.2512567708e-02 -1.2259200750e-01 -2.3511731591e-01 1.8131695931e-02 -7.2289758698e-03 -2.5170145987e-03 -1.7554926509e-01 1.4825696209e-01 -2.4380199922e-01 8.7594702216e-02 6.5327432077e-03 3.8163520787e-03 -2.6131484219e-01 -1.3986245357e-01 3.2695428714e-01 -4.8156431314e-02 2.8051261719e-02 2.0337476391e-02 1.3161977573e-01 1.2295757558e-01 7.6160408929e-02 -2.3919095947e-01 -6.8798154046e-05 -1.0133993133e-01 -1.1674835599e-01 -8.9499372301e-02 -9.0100985544e-02 3.9145925793e-02 2.9033544649e-02 -1.9619487673e-01 -1.0434232015e-01 -1.9597989445e-01 -1.3181867522e-03 1.7913250236e-01 2.8575558770e-01 -7.6763692717e-02 7.8925689362e-02 6.4205483360e-02 9.7449763966e-02 4.4052365504e-01 -2.9770667155e-02 1.5054225104e-01 -1.6936368311e-01 3.4609794201e-02 3.3573246851e-01 -1.5034566851e-02 2.0209207129e-02 -5.0788475302e-02 -6.9254945968e-02 -4.2084214791e-02 -9.3780374986e-03 7.8016937030e-02 2.2803192728e-02 -4.3847379739e-02 -2.2187846411e-02 -4.3731606331e-02 -2.4221154009e-01 -2.1296149577e-01 -7.6266983575e-02 1.8207719361e-01 -2.4943544452e-01 -9.3581744362e-02 6.4470115400e-02 2.4480478909e-03 1.2507906375e-01 -1.9526014128e-01
-1.1734929380e-03 1.1392786840e-01 2.6019119554e-01 6.7860941819e-03 1.6585696021e-01 -7.0137020692e-02 -7.1031488901e-02 -6.1352443965e-02 -7.0591119847e-03 1.0586946425e-01 1.2495927832e-01 6.5221094727e-02 -6.3587012956e-02 -1.2934738193e-02 -1.9906962213e-01 1.5231717323e-01 2.0814352900e-01 -7.7434789766e-02 1.6776112547e-02 -1.2964291437e-01 8.6570085990e-01 -2.8085009706e-01 1.9779249296e-01 6.4252262925e-02 -6.8055687384e-02 -9.0599796682e-02 -8.7242292544e-02 -1.5060833589e-01 -2.5510757459e-02 -1.0998219814e-01 -3.5609523757e-02 4.6464145578e-02 5.4994970494e-03 6.1743579978e-02 -3.5007424798e-03 1.0295068300e+00 -2.6816273238e-02 -1.3152418647e-02 -2.8614452684e-01 6.2693258683e-02 2.7464456992e-03 1.5901240221e-01 -1.0440404893e-01 -7.2605783056e-02 -7.4875918657e-02 -1.3897351669e-01 -7.2768001662e-02 6.7532743688e-02 1.9583420683e-01 5.8589697280e-02 3.6214374792e-02 1.0519538374e-01 -7.6086876321e-02 1.8757927839e-01 4.7800414021e-02 1.7495592262e-01 -9.5216519939e-02 1.2334588525e-01 1.3603156962e-01 3.9354151082e-02 7.1796748539e-02 -6.6275238863e-02 -1.5402922837e-01 -8.3177540919e-02 8.2785419009e-02 2.0408787454e-01 3.6692192510e-02 1.6879608712e-01 3.6141353180e-01 -1.4847051142e-01 4.0715489654e-02 1.0928103378e+00 1.1949925509e-01 1.3651613617e-01 1.5147354320e-01 5.0385760736e-01 2.5982233447e-01 6.3776328264e-02 9.6559089152e-02 -8.1476878673e-02 9.0171000146e-02 -1.9961186762e-02 -4.8195031036e-02 1.8550431315e-01 -3.3116209950e-02 3.5680472927e-01 1.1057925700e-01 1.6370619652e-01 6.9182540224e-02 -3.4522880444e-02 -5.3311390694e-01 -2.1664013632e-02 9.9214784016e-02 -3.8959368921e-02 1.1943791596e-02 -4.0619958098e-02 1.7167664535e-01 -3.5027514507e-01 1.5277342416e-01 3.0275063694e-01 -4.2595109812e-02 3.1500779429e-02 1.3439084544e-01 1.8518201790e-01 -2.1500067913e-01 -1.6776426572e-01 6.6504620569e-01 -9.2783142422e-02 -1.1188650841e+00 1.1445790397e-01 -2.7690066124e-01 3.9897760870e-02 -2.2190589743e-01 -4.6476745163e-02 4.6352634110e-02 -6.7854295804e-02 3.5343842554e-02 -1.3356577141e-02 -1.1359770004e-01 -2.3232686731e-01 3.6548302639e-01 8.5199797539e-02 -9.1004618081e-02 1.8075368493e-01 8.8707446896e-01 -3.0969349466e-01 -1.2031874267e-01 1.5553677359e-01 6.0938706991e-02 5.0311015331e-02 -3.0514710862e-01 1.1095432034e-01 -2.3941399748e-02 7.3714045637e-02 -3.1663104348e-02 -1.8636246591e-01 -2.0570300010e-01 1.3957254555e-01 6.0735325369e-02 -9.5181236724e-01 -7.9283452601e-02 4.1990860242e-01 1.0216357284e-02 -1.2812441994e-01 1.5609375982e-01 -7.0996657935e-02 -2.0862241642e-02 -4.6516074527e-03 -2.8898494074e-01 8.2131560995e-02 1.7544334603e-02 -7.4612405835e-02 -7.9494239070e-01 -1.1930314572e-01 1.5442989882e-01 1.7726037819e-01 -1.6803755497e-01 -8.9372702026e-02 -8.3749085076e-04 1.5322324534e-01 -5.8279719972e-03 4.6489068834e-01 -7.9844131916e-02 2.0304270563e-01 -1.2361493499e+00 -3.7571586392e-01 -6.7369454261e-02 -1.4557304912e-01 -3.9781674960e-02 1.5114184062e-01 -4.0410057701e-02 2.7077067780e-02
-1.1278132221e-02 3.5385085610e-03 -2.4576466705e-01 -2.0627838182e-01 7.3027656331e-02 -1.2438601503e-01 5.1498916435e-02 -3.6034088237e-01 3.4104593686e-01 -5.4249200273e-02 7.6783646566e-03 1.4350237261e-01 -5.7018428639e-01 -1.3715319344e-02 -3.0152994054e-02 6.2046950265e-02 1.0969318135e-01 -1.4551399560e-01 -3.2211069951e-01 -5.2567101566e-02 1.6607917520e-02 -1.1073861218e-01 7.4379478995e-02 -2.1048892239e-01 -1.0229007460e-01 4.3520670484e-02 -2.6382525484e-01 7.7620282710e-02 -3.3666536628e-01 -2.3251776887e-01 4.3897431516e-01 -2.5841723909e-01 1.6006346785e-01 -5.7780743296e-01 2.6294102020e-01 -1.6037333992e-01 2.1158698870e-02 -5.5564935145e-02 -9.3589630077e-02 -3.5512029409e-01 -2.7444418663e-01 2.9142201822e-01 -5.3735085233e-02 -1.6619613465e-01 -3.7771889882e-01 -3.8511511980e-01 6.8244576005e-02 -1.1385249559e-01 -6.4394935806e-02 3.7885459402e-01 7.3626773180e-02 -8.1371094571e-02 -2.6400117243e-01 2.5098960906e-03 4.4151381494e-02 9.6855674657e-02 -5.4628597915e-02 -1.5648841964e-01 4.3573157609e-02 -4.5575852578e-02 -2.0056854564e-01 -5.2649615884e-01 -3.0190051687e-01 3.0746692522e-01 -4.5621850603e-01 -2.6241767874e-01 -3.1073915665e-01 -3.1597729832e-01 -5.0145130631e-01 -7.9142770662e-02 1.5079486942e-01 3.0339045110e-02 -2.3564057316e-01 5.3660513378e-02 -4.7912777900e-02 2.4484603807e-03 5.8664124364e-02 4.2440804050e-01 -1.5531139413e-01 2.0390153799e-01 -7.6301847179e-01 -8.1338953384e-02 -7.0272913966e-02 3.4557997027e-02 1.6566566046e-01 1.3241903694e-01 -5.8171773785e-02 4.3081721107e-01 -2.1523982416e-02 3.3968201795e-01 -2.0369648538e-01 -2.0835224038e-01 -2.5521199839e-01 2.4878338669e-02 2.3781709074e-01 -7.0932904343e-03 -4.4910156601e-01 1.0059592759e-01 2.1151780219e-02 -2.4953390626e-01 -2.9167705825e-01 -4.9626933879e-02 -1.8646302713e-01 -9.1241728970e-02 -1.7878053513e-01 -4.0594895293e-03 2.7445128464e-01 -7.4396840887e-02 -1.4216845992e-01 -1.9115744560e-01 1.7165532317e-01 8.6753051250e-04 7.9972474071e-02 1.1824709003e+00 -1.1129993758e-01 -1.6848196563e-01 -2.7218474234e-02 -1.0634201500e-01 -9.5333351400e-03 -2.6374344910e-01 1.1008918559e-01 -4.9165609292e-02 3.1295107104e-01 7.4952724036e-02 -2.1186744480e-01 1.0252242822e-01 2.9167778599e-02 -4.2838361985e-01 -2.0238858438e-01 1.4338553450e-01 1.4922597141e-01 4.3599934516e-02 -1.3169371252e-01 -2.4770934805e-02 5.2446414460e-02 -3.4398993647e-01 1.8738894740e-01 -9.0785358353e-02 4.6210816792e-02 5.9001039990e-02 -1.3238263065e-01 -3.2214752117e-01 -1.7571957272e-01 6.9784531617e-03 5.2946845723e-01 1.3329214531e-01 8.9766348537e-02 -2.7815104726e-01 1.9170808015e-01 1.4214654757e-01 -2.9480440627e-01 1.4331283817e-01 -1.7336408182e-01 -3.4463789901e-01 7.6642416089e-02 1.9529551826e-01 -5.4601631400e-02 -1.6463941910e-01 2.6830586572e-01 1.4077974282e-01 8.7713830077e-02 1.3789629791e-01 4.5412838389e-01 -3.4514751678e-01 1.0215339526e-02 -1.4874057935e-01 8.7821869427e-02 -2.0488191378e-01 2.0485333442e-01 -1.3813471875e-02 -3.4275971122e-02 -1.1378396725e-02
-7.5497951980e-02 1.2215798809e-01 1.4554955482e-02 1.4009350377e-01 4.8995471289e-02 1.2820805026e-01 -9.3764179788e-02 -2.6729217575e-01 5.0952450036e-02 -3.2660812081e-01 -1.7535242458e-01 -4.5545185521e-01 -1.0250352610e-01 -1.6375161178e-02 -1.1108349540e-01 -1.8834884581e-02 2.3066712079e-01 -1.5602131998e-01 3.5601868859e-01 8.5455141653e-02 7.7561012040e-01 -3.0017555964e-01 1.2793242472e-01 1.2389560435e-02 7.1123942774e-02 -2.2433526521e-01 -2.0823353518e-02 2.7316221915e-02 7.3645798648e-02 -2.1372346776e-01 -3.9037775826e-01 1.0714259433e-01 -4.8878690506e-02 7.9549472884e-02 -1.1216174878e-01 2.1971510929e-01 -5.7382480192e-03 -4.0744360636e-02 4.7143427776e-01 2.7478580186e-02 8.2433959864e-02 3.4979428798e-01 5.8808262102e-02 3.0197323834e-01 -7.1724475902e-03 6.2226098218e-02 1.0166064440e-01 3.9584322841e-02 -2.2046775751e-02 -6.6665869060e-02 1.0777588697e-01 -1.3466597226e-01 -1.9492795076e-01 7.7076798448e-02 1.8792625412e-01 -5.5380742235e-02 -6.9137063429e-02 -1.7658477004e-02 1.7585930527e-01 1.1872452397e-01 7.7714105749e-02 -5.6872044722e-02 -8.9627297169e-02 1.9293960168e-01 -1.7279797748e-01 3.4001534891e-02 -1.5861989570e-01 -2.1069988396e-01 9.7089025434e-02 2.0245690732e-01 1.2733433887e-01 -1.1036568657e-01 3.8410998440e-02 1.9324914493e-02 -1.4841380995e-01 4.3824472040e-02 1.8950173754e-02 1.5001056729e-01 -5.6998699680e-02 1.4420301563e-01 1.5098007602e-01 5.1195453613e-04 3.3522836732e-03 1.0470011167e-01 3.3332237336e-03 -9.3871774133e-02 -4.9013847516e-02 -4.8180243324e-01 9.7094766176e-02 3.7833640938e-02 1.6289612314e-01 -1.6702576768e-01 -2.2325593759e-01 2.2540729788e-01 2.1116415570e-01 -3.5812839898e-02 4.3830786632e-02 -2.3962102664e-01 -1.6889554471e-01 3.3669646689e-02 -3.3774644928e-01 3.8233679553e-03 -6.6894250517e-02 3.0180304539e-01 2.7377350967e-01 8.9839196704e-02 2.6811230747e-01 -6.3998097159e-02 1.3740562191e-01 1.8811753254e-01 2.6107705586e-01 -1.0206206009e-02 2.7226545965e-01 -1.2711120217e-01 1.0730914199e-01 -7.7786265264e-02 1.9890227896e-01 -1.0794857014e-02 -2.4658624185e-02 3.9097316588e-01 2.4267153236e-01 2.5418079680e-02 1.8368604054e-01 -3.3441604138e-01 2.6406142735e-03 -6.7340595970e-02 2.1349355562e-01 -2.5271078491e-01 4.8337217111e-01 1.2965496949e-01 -2.7482099275e-01 1.3361766901e-01 4.5121868110e-02 -1.7953641951e-01 -4.6590129738e-04 -9.2497990526e-02 -1.1806974010e-01 1.1822115450e-01 1.5009264340e-01 -1.6256966890e-01 -7.4010544443e-02 3.6056901146e-01 -2.1407908574e-02 2.3710271491e-01 2.3279914673e-01 2.3555537611e-01 9.7636870613e-02 3.9704630002e-01 2.2602364594e-01 -3.7505017499e-01 -1.1902054705e-01 3.3778763680e-02 -4.2435614701e-02 2.1772696683e-02 -1.8690651788e-01 -1.3932186331e-01 7.0183672067e-02 -3.4814699586e-03 2.1810171713e-01 1.3403764694e-01 2.4608754792e-01 -1.6503969741e-01 -2.3008649795e-01 -1.0131408694e-01 6.8137210907e-02 -1.3800345060e-01 -1.6778846372e-01 -5.2681262951e-01 1.8739210050e-01 -4.3516362697e-01 2.6594311492e-01 1.5978390878e-02
-1.0953070829e-01 1.1351244130e-01 -2.5915640582e-01 1.5878163911e-02 1.1203445925e-01 -1.2163898292e-02 -6.2641061974e-02 3.9636654615e-01 8.7308713711e-02 -6.8905602925e-02 4.5982458439e-01 -3.3636690276e-02 -1.7234605724e-01 -1.9357651892e-02 -1.2180167394e-01 1.0506152562e-01 -2.0649809464e-01 5.0314866280e-02 4.3825835318e-02 2.6036599889e-02 2.2492075621e-01 6.0105421262e-02 -3.5369301362e-01 -1.6491060388e-03 7.4938612559e-02 1.2291197750e-01 -9.7152082658e-02 -3.7295785324e-01 2.8538539195e-02 -7.3824807867e-02 -1.0982220172e-01 -1.8264612771e-01 4.0433853522e-02 2.1942664222e-01 1.5162760863e-01 6.8717045076e-02 2.0419255901e-01 7.1716836231e-01 2.2878951456e-01 2.1909541582e-01 2.7870716054e-02 1.2178876793e-01 -3.9264402882e-01 7.0883169110e-02 -4.7593197916e-02 3.1324859356e-01 8.8620944233e-02 -1.2044172143e-01 -2.0397201648e-01 -1.7128037521e-01 2.2552997156e-01 -1.5825959004e-01 -9.3005900371e-02 -2.8411352503e-01 1.7588192366e-02 -1.5707218016e-02 2.8823167937e-02 6.4847849564e-02 2.6236450960e-02 2.9074108326e-01 -3.5422996527e-02 -2.8657499474e-01 1.4831251184e-01 -2.4826161521e-01 -1.9345137531e-01 1.3703454083e-01 -3.9349639392e-02 2.6921978495e-01 6.7823827985e-01 -5.2992672317e-02 -6.7497522226e-03 1.7135797167e-01 -2.6953718781e-01 1.3938534041e-01 -2.6353759339e-01 1.1254739399e-02 -2.9523358436e-01 2.7830668811e-01 2.1032050683e-01 2.1408711660e-02 6.5033777494e-03 1.0633824974e-02 -6.5339303382e-02 9.3635496857e-02 -3.0510519529e-01 2.7769114376e-01 1.5913787308e-01 2.8948819793e-01 -2.3405055893e-01 -2.1581617807e-01 -4.7806429052e-02 2.2181128983e-01 2.4677339363e-01 9.5080255875e-02 1.2297425919e-02 1.0350504057e-01 -2.1208788980e-01 -1.6086866562e-02 -4.2743445483e-03 -4.4720621565e-01 5.2468976992e-02 -2.6400258363e-01 -1.2265288491e-01 -4.3196730015e-01 1.3366347725e-01 9.5261755399e-02 2.0901205261e-01 5.4113844389e-02 -7.8468821845e-02 -3.3777151302e-01 6.7461556604e-02 4.9292279352e-01 4.2351557381e-02 5.8582673501e-02 -2.7952280917e-01 4.1954350293e-01 1.6650560924e-01 4.9437022372e-02 -1.2734237220e-01 1.6447986917e-01 1.2466916367e-01 -7.4234026336e-02 3.6122866600e-02 8.4210376972e-02 2.6107951472e-01 2.0225351721e-01 1.9136651606e-01 -2.9315269608e-01 -2.4434947455e-01 1.4647564689e-01 -1.0405570741e-01 5.9401326117e-01 7.0671900249e-01 -1.2039427137e-01 1.3211415193e-01 1.0417684129e-01 -3.3841736202e-01 -2.4381516887e-01 -3.1556477518e-01 1.5518446426e-02 -2.0176077392e-01 5.7744072170e-01 -1.1878968496e-01 -2.4505924850e-01 -1.3559103004e-01 -1.4612141324e-01 -1.0276191654e-01 1.2825720460e-01 -8.8691901050e-02 -1.9651592652e-01 1.0364740807e-01 -2.7498011518e-01 1.2361311972e-01 1.5557582240e-01 4.2043538573e-02 -2.3845009447e-02 1.4948644010e-01 5.7970311396e-02 4.1878427960e-02 5.9899467218e-02 1.4709018483e-02 2.0252054292e-01 -3.7932670780e-01 -1.5883189691e-01 -1.2296247762e-01 2.6337521863e-01 -1.8107212633e-02 -3.8237311615e-01 1.7709357253e-01 -8.2400441402e-03 -8.3152262601e-02 4.2144986178e-01
6.4411444570e-03 4.5527190451e-02 6.3499569332e-01 -1.5715264346e-02 2.6332017281e-02 2.4368188500e-01 9.3313054278e-02 9.8535152667e-03 -1.5732501106e-02 7.3037125026e-02 4.9781904353e-02 1.7224073579e-01 -7.7934288809e-04 2.0936459142e-01 6.8925985458e-02 3.5717038763e-01 -9.4723874228e-02 6.5473771886e-02 1.2104807050e-01 1.0543142155e-01 3.4043852177e-02 -1.0623267380e-02 4.8348978463e-02 1.0059196048e-01 -9.6739821883e-02 1.9311694539e-01 1.4907846475e-03 -5.7732038925e-01 -2.3498127318e-02 -1.5928882539e-02 -2.9722692678e-02 2.3131015279e-02 -2.0172149591e-02 1.9569298859e-02 1.3365600809e-01 4.4916972971e-01 -1.3834079980e-02 9.9744047572e-02 2.3721977830e-01 1.5830458986e-02 -1.0434194356e-01 1.9394346335e-01 1.7568611283e-01 -4.1548847610e-01 7.5272555221e-02 1.1248938418e-01 -3.8186633133e-02 3.1227186045e-02 2.2299703527e-01 2.1360430572e-02 -3.1794126943e-01 7.2982629525e-02 -2.8582099306e-02 1.2493966529e-01 9.6802010970e-02 -1.0622027518e+00 4.1695110984e-03 1.6694052827e-01 -2.3733132552e-02 2.5103113389e-02 -3.3492849076e-01 1.5466474853e-02 8.6391389951e-02 4.7057019486e-02 -2.2739222388e-02 -5.5909292771e-02 -6.2836076135e-02 2.3831260445e-02 -2.4102067341e-01 4.3178426080e-01 4.7688133833e-02 -2.4250370136e-01 7.3726985581e-02 5.6296044332e-01 -4.6233506778e-01 -6.3902604938e-01 2.5362871708e-01 -3.8473972442e-02 5.7332407735e-02 3.8687942410e-02 -5.8543290979e-02 5.1770954731e-02 -8.7377583408e-03 2.0487513722e-01 -5.0201483598e-02 -2.5548268596e-02 2.9437403152e-02 9.4116595552e-04 8.7302480231e-02 -3.0894056354e-01 -8.3379708420e-01 -3.6256868574e-01 1.0297220387e-01 1.9584853215e-01 -2.4854961952e-02 4.0677935718e-02 -7.7611198063e-03 4.1429224847e-03 5.1774873756e-01 -4.2861143845e-02 -1.0809700208e-01 -1.1246805238e-01 1.4701439101e-01 9.3921613611e-03 -6.8703929079e-02 1.1857779918e-02 5.5158809108e-01 9.1140882166e-02 5.9012838642e-01 7.2910847444e-02 1.2421897941e-02 4.6847192644e-02 -2.7574539843e-01 -1.0517996743e-02 8.5393981374e-02 2.3661718438e-01 1.1936429793e-03 -1.2996372629e-01 -1.4795681951e-03 4.6977706923e-01 -3.5798471017e-02 -3.1440678911e-02 1.1580974488e-01 9.3888670385e-02 -4.0234439003e-01 1.3063506797e-01 -2.4745873461e-01 6.8609728976e-04 3.5147240289e-02 -2.6153069403e-02 1.0452051465e-01 1.2543106081e-02 -7.4664920832e-03 1.1134675853e-01 1.1663077579e-02 -4.0337866210e-01 2.4997409881e-01 7.2187600828e-02 3.5643535655e-02 -2.6429669908e-01 5.8191932870e-02 -4.0857320359e-02 -6.6919603760e-03 -1.3758679878e-01 6.2737343735e-02 -3.3308312256e-02 1.3557258647e-01 1.0420131218e-01 3.7203141033e-01 -2.4505482420e-01 -7.5156968767e-02 -1.4408209330e-01 -4.7030736720e-01 -2.8396696989e-01 -1.4098428724e-02 -3.3778465679e-02 1.6521762394e-01 -6.6519541598e-02 2.6513288147e-02 1.0455407716e-01 -1.5765378964e-01 -6.2570372316e-02 -1.3654843933e-01 1.0127426160e-01 -2.3480563754e-01 1.6985878927e-01 7.1067190017e-02 -3.3922907955e-02 6.7549534161e-02 2.3296774259e-02 6.8941061699e-02 1.7291880928e-01
6.0654694334e-02 -3.9251459425e-01 -3.0394454950e-01 -5.6702750949e-03 -3.7101966534e-02 2.4154521475e-04 -6.8695638196e-02 7.8310649647e-03 2.2196552848e-02 -5.8168183998e-02 -4.9920037592e-02 1.4317417562e-01 9.4908069381e-02 -1.0646007572e-01 -2.6301316706e-01 5.9880407222e-02 6.5912933525e-02 7.9941033830e-02 -3.8641815494e-02 -6.5800150171e-02 2.4914144234e-01 9.9287969779e-02 -2.1922283327e-01 -4.1103817459e-02 2.4390295165e-01 -4.6727647949e-02 -4.0132630941e-02 -4.5194771020e-02 7.8076604804e-02 3.9042288764e-02 -3.0886195892e-02 -7.9941490982e-01 -1.5224659317e-01 3.6828687122e-01 2.9981720279e-02 3.3197319385e-01 5.0457844843e-01 -9.2893425077e-02 2.6719501335e-01 4.0135753892e-02 -2.1626797462e-01 2.7079248841e-01 1.2000201093e-01 8.1406405110e-02 -3.3252094558e-03 7.6892614525e-02 5.5032547663e-02 9.2046404177e-02 7.3772385714e-02 3.5751685837e-01 2.7054596498e-02 -2.8559382752e-02 2.3114130027e-02 1.1484002152e-01 3.5525949273e-02 3.1461577902e-03 -5.4756348201e-02 -2.2950762462e-02 6.9972183248e-02 4.6908651517e-01 -6.1991571128e-02 3.8180607744e-02 -3.3369235003e-01 -7.2391213039e-02 -6.6275911736e-02 1.5414450898e-01 5.8245901208e-02 -9.3731609658e-03 3.3420343333e-01 5.6785466531e-02 2.8785931444e-02 -3.3343379039e-01 7.7043623630e-02 -2.1030819848e-02 -9.2010445388e-02 5.7143782984e-02 -2.6072123081e-01 -7.2304067320e-04 -9.4388606900e-03 -2.2451183008e-02 5.7141887296e-03 2.7116186482e-01 1.1515486569e-02 -7.0598082659e-02 -3.6633936141e-02 -9.8774085497e-02 -2.2597672885e-02 3.0309525348e-02 -2.1718948183e-02 -2.4020570655e-01 -1.3207377672e-02 -2.8731962210e-01 9.9394323497e-03 -1.1208359163e-01 -1.2128980369e-01 3.2797629011e-01 1.7674664922e-01 -4.0090119286e-02 -1.9816785056e-01 -3.0049720979e-02 -4.9789681437e-03 1.2070485762e-01 -6.8311826051e-02 2.2589810741e-02 2.1319535760e-01 3.3780224417e-02 1.8229298770e-01 -2.5069996057e-02 -1.1816390484e-02 8.4421021844e-01 4.6646095467e-02 -6.5218965569e-02 1.1341899765e-01 -1.2157085093e-02 -1.2498796313e-01 1.4193734839e-01 -1.3438995192e-01 8.7429252520e-02 -3.1725482629e-01 2.8460320470e-01 -1.5406711284e-02 1.7899267693e-01 -4.6273168588e-02 2.3530565846e-01 -3.0403080110e-01 -3.9343642422e-01 -1.3838224549e-01 -8.7801834597e-03 1.4993798460e-01 8.1052485916e-02 -9.4618700887e-02 -6.5654470285e-01 -1.3518096120e-02 1.1705780101e+00 5.7224144570e-02 1.4595628891e-01 -6.3025870258e-02 1.3254197180e-01 -9.0819056584e-01 6.6329573287e-02 -2.3671441981e-01 1.4594913288e-01 1.5361303837e-02 1.5628230062e-02 6.0293439050e-02 9.6728830239e-02 9.1224320087e-02 -3.4910768212e-01 -2.7897232348e-02 2.9468244833e-02 -8.9495111974e-02 -4.8336881272e-01 -7.2089208471e-02 -9.7420923550e-02 4.3980184984e-01 7.1641620931e-02 8.6180218149e-02 -1.1862047900e-02 2.1303887086e-02 -1.2351732223e-01 -5.5738977389e-02 5.9005949573e-02 6.2986988227e-03 -4.7403658210e-03 2.4590272971e-01 1.5689499879e-01 -1.0661165686e-01 -8.7005977629e-02 -1.3461542172e-02 -8.7539301009e-03 2.6780313127e-02 -2.4292251188e-01
2.1100227719e-02 5.0678696330e-01 3.0575713275e-01 -9.9603398622e-02 7.6656071855e-02 -3.1204526792e-01 2.0310504201e-02 1.5928874301e-01 -1.7921376294e-02 -9.6060671466e-02 6.6693751404e-02 -9.0130445711e-02 -8.2299774967e-03 -6.9843179752e-02 -8.2297828080e-03 -9.2306451500e-02 -4.5231656272e-02 8.0112983590e-02 -1.2613705088e-01 -9.2548206564e-02 -2.8143411654e-01 -3.1785227472e-02 1.4263972050e-01 -5.2593034786e-02 1.1824472495e-01 2.1450737694e-02 -2.1494098983e-01 -2.1846171939e-02 6.3419265301e-02 -1.3359301326e-01 1.8096760620e-01 -1.0461373779e-01 -1.1650684652e-01 1.1027066148e-02 -1.8106466092e-01 -7.7830797814e-01 -3.8244707269e-02 -7.1131496800e-02 4.2849424045e-01 -7.9984631600e-02 2.9260129619e-02 2.2961955693e-01 -2.0335153106e-01 5.4550777684e-02 -4.1214067662e-02 -1.1986552626e-01 -6.3023625488e-02 -2.2749255046e-01 -3.2071068789e-02 2.6296822000e-02 -6.2508398393e-02 6.6269472610e-02 -1.7117762593e-03 -6.5302525796e-02 3.5841753929e-02 -5.1047340562e-01 5.1973850886e-02 -1.0019028026e-01 1.5511925528e-02 -1.8598764543e-01 9.8297610272e-04 -2.7878447164e-02 -3.7671145596e-02 -1.4751610536e-01 1.9546293897e-02 4.3469473700e-02 -1.5004767047e-03 -2.3830682349e-03 -2.0309321322e-01 2.6593829714e-01 -5.1934893741e-02 2.0212633738e-01 2.2028862980e-01 -5.3777073145e-01 -2.4595257624e-01 -3.0745955660e-01 -4.2389810824e-01 1.5507590791e-02 -1.9723237937e-01 2.1514423665e-02 -5.2812530472e-03 -1.4163381120e-01 6.2463374765e-02 -2.8330989105e-01 -7.6342079194e-01 -1.5705530985e-02 -7.6838478111e-03 1.7803789513e-02 5.4858609950e-03 -6.2750225015e-02 1.6162289185e-01 -2.3013143266e-01 -5.9035733776e-02 1.3610099862e-01 2.5130842690e-02 -1.1303816133e-02 1.2262358648e-01 1.0399739179e-02 -1.5063564536e+00 8.9993565735e-02 -6.0238207967e-02 4.4091684133e-02 -6.2639387288e-02 -2.4301227038e-01 -2.4260380734e-01 -8.8195873230e-02 7.9161970650e-02 3.5961804413e-01 -2.0972671800e-01 6.1161420170e-02 -1.5809618365e-01 -1.2443089234e-01 -9.0609535704e-02 -1.1570824446e-01 2.0870029396e-02 1.8491373678e-01 -8.3449066449e-02 9.5533453504e-01 -1.2506395106e-01 3.1067255687e-02 6.6903569133e-03 -2.8720477774e-01 -2.7876913782e-02 -2.5148934287e-01 1.7550802736e-01 -3.3971625911e-01 -1.8042545090e-01 6.7837089042e-02 -1.0669709791e-01 2.7744935437e-02 7.3282409226e-02 1.2229863046e-01 6.9811625505e-02 1.1925309993e-01 -9.3914152011e-02 1.4400809773e-01 -4.8727979290e-02 3.7770472163e-02 6.9720433693e-01 1.0579277043e+00 -1.7636189882e-01 3.6320731640e-02 6.7155710704e-03 1.4782703190e-01 1.0223999586e-01 -1.1703395500e-01 -3.0670419615e-01 -1.7387119783e-01 -1.7192299113e-01 4.8725623781e-02 -1.2697530112e-01 4.3883559705e-01 -1.2302196688e-01 1.6171654052e-01 8.7128651539e-03 -3.3513916898e-02 -2.4371296399e-01 -4.2869490878e-04 -3.4128966934e-02 -1.1466943149e-01 7.8511461687e-02 3.2805240241e-01 7.3727137492e-02 -3.4767302298e-02 -3.9663028463e-02 -1.3780307674e-02 -1.5149800333e-02 -1.7120270458e-01 5.1084123874e-05 5.8952098067e-02 1.8859117389e-02 8.6608721967e-02
-9.9487516856e-02 1.5283412514e-02 -5.9851593426e-02 2.7219915837e-02 1.3062077745e-01 -2.6335658241e-02 2.6060175751e-01 2.9815209943e-02 -5.5553495159e-02 1.2704583860e-01 4.4284068732e-02 -1.2809719919e-01 1.6886673665e-01 1.6060626475e-02 -8.9586877093e-02 -1.6117259543e-01 -5.4873871333e-02 -1.9691690838e-02 1.6458458924e-01 -4.4379188765e-02 -1.8831012346e-01 -6.0816333926e-03 5.5640159077e-02 4.0282650453e-02 1.2639140613e-01 -9.8520349027e-02 1.1504645368e-01 3.1335699967e-02 -3.9960764451e-02 2.3639345189e-02 2.6244221230e-02 -1.6476055461e-02 9.0282879409e-02 1.3499855366e-01 1.2607290929e-01 -1.3297575375e-01 -9.9439646904e-02 1.2004397319e-01 3.0922760678e-01 3.1824962020e-01 3.9604385882e-02 -2.4840604883e-01 -4.2238503547e-02 -9.0785595987e-02 -4.9412858050e-02 -8.5247082604e-02 1.0059220939e-01 9.1765699061e-03 1.0513385160e-01 8.7330963271e-02 -2.3481850395e-02 -1.3639963180e-02 6.6658777705e-03 7.2966075039e-02 -1.7534797489e-02 4.7079423430e-03 -1.1454209586e-01 -2.5333761369e-01 -3.6540192937e-02 4.8451477422e-02 -2.2825887069e-02 2.9778333367e-02 8.8100861335e-02 -4.3353783395e-02 -5.5843873686e-01 -6.2889911599e-02 -2.1526827897e-01 -1.5217920386e-02 2.6566591178e-01 -4.4188933863e-02 8.9929355051e-02 -5.1504382091e-02 -1.0489086710e-01 -1.5582398902e-01 -1.7421821061e-02 1.0565680978e-03 1.2670704748e-02 6.9784057432e-02 1.8249715065e-01 3.5555789871e-02 -3.7044438302e-02 8.7636081323e-03 -9.5529949061e-02 -1.2750721290e-02 -5.4007619726e-03 -1.7297994680e-01 -4.4224161875e-03 -3.6687352991e-02 1.9364575901e-01 9.5176377703e-02 -9.4913926632e-02 3.1985506887e-02 5.4961967235e-02 8.4694477084e-02 -1.1043588724e-01 7.4333124359e-03 4.5561660614e-02 6.4535635592e-02 -5.1827200680e-02 1.6001121062e-01 -6.2894250477e-02 1.3168874180e-01 -5.1760314599e-02 1.1313625375e-01 6.9523062299e-02 -7.4830101993e-03 1.7348458865e-01 2.8629330670e-01 -1.5325861832e-01 8.1013046779e-02 -1.5129448636e-02 -3.6443686420e-02 1.6681155516e-01 9.3150781795e-02 1.3843113577e-01 8.8718793734e-02 2.6144820111e-02 4.7587662020e-02 9.1686676373e-02 4.4543021744e-02 1.0778592217e-02 2.2769430419e-01 -1.3959755066e-01 1.6222902527e-01 -6.3928937901e-02 -4.5815783491e-02 -1.3538386122e-03 1.1829883633e-01 7.0088142310e-02 -1.2685459255e-01 -7.8729368327e-02 -6.4826754173e-03 1.2409556725e-01 6.9945232828e-03 8.3767705618e-02 1.3444777687e-01 2.7246966862e-02 8.3664820335e-02 1.7596680341e-01 -4.5855704231e-02 5.6138107194e-02 -1.1847453111e-01 8.9860949453e-02 9.6036444773e-02 -1.5207538318e-01 -3.5139597606e-02 8.1838634894e-03 2.0082833186e-01 -7.8888572233e-02 3.8398646243e-02 8.4628117756e-02 -4.0670156351e-03 -6.2720196454e-02 -8.8671743685e-02 -3.8431272656e-02 -2.9960386151e-02 1.2655357376e-01 8.6138743773e-03 1.1527762070e-01 1.3748074567e-01 -8.8853150759e-02 -8.3160288288e-02 2.6903403275e-02 1.5303846539e-01 2.2016540073e-02 1.2772962539e-02 7.5614417006e-02 2.7411349546e-02 -1.5007905544e-02 -1.3375986436e-02 3.2711815262e-02 -3.8468662174e-03
-6.6521123075e-02 1.7244743553e-01 -2.0564729312e-01 -2.3288512615e-02 6.9627648704e-03 -1.0578600294e-01 -1.4650661167e-01 -2.6205452282e-03 1.1675796944e-01 2.6456441508e-01 2.7080992444e-04 1.0811809607e-02 1.7860365690e-01 6.6067040342e-02 4.0437544883e-02 4.5482960022e-02 -4.7476154919e-02 -5.5523287109e-02 -2.1856383179e-02 -2.6212390771e-01 -3.1160543346e-01 3.7249024631e-02 -5.3608050524e-02 -2.4221905172e-02 -1.1264894723e-01 -2.7276056377e-01 -7.2959815490e-02 -1.4973724364e-01 -1.3780061384e-02 -2.6714159375e-03 -9.7011812460e-02 -2.8224269254e-01 -4.3410811522e-01 -4.5386907069e-01 -2.1883048351e-01 -7.4173883922e-02 3.6431179668e-01 -3.3828353803e-01 -1.0732336038e-01 2.0501048953e-01 3.9049642045e-03 3.3706264008e-02 -2.2882116639e-02 1.2080084855e-02 -1.9493603162e-01 -2.0132183872e-01 -2.0546694789e-01 -6.6076498170e-02 6.9284383542e-02 2.0086206738e-01 -1.4440961302e-01 -1.2955992431e-01 -2.0003493076e-01 1.1639008895e-02 3.0318397935e-01 -7.1968965330e-02 -9.6435137494e-02 -2.9246555322e-01 2.5652757136e-01 3.6970019966e-01 -6.3222753969e-02 -2.5679242023e-01 -1.8857653578e-01 1.4529215205e-02 2.3274462656e-01 2.6735446681e-01 1.1531362112e-01 -8.0739501038e-02 -1.5805599200e-01 1.1221545122e-01 2.8387952976e-01 -2.4347165094e-01 3.3996823122e-02 9.7887156624e-02 3.3500422046e-02 -9.2039012893e-02 4.0992870826e-03 -3.2187776944e-01 2.2466810234e-02 -1.6040241734e-01 3.3526074531e-01 -1.6346685233e-02 -1.8326924072e-01 1.6170944437e-01 3.4168679796e-02 5.0641902158e-01 1.0471497888e-01 5.0796284724e-01 -7.0758721222e-02 5.1084902548e-01 -1.4475888343e-01 -1.7114630136e-01 -2.6037024459e-02 1.3857154713e-01 -2.9364944725e-01 3.6820871123e-02 5.7375395470e-03 7.0923529347e-02 5.7017129297e-02 1.3941833258e-01 -1.4078874076e-01 2.5708410780e-01 4.9647521019e-01 -3.6801678029e-02 -3.9263802472e-01 -3.4021931777e-01 -1.5913536037e-01 4.0632391079e-02 5.7615034100e-02 -1.4456700139e-01 -3.1209513695e-02 -2.9086030781e-01 -9.6973172385e-03 -5.7483008634e-01 -2.6678213966e-01 -8.0278732219e-02 2.3798640369e-01 -5.9211332083e-02 2.3479916827e-02 -2.3168383151e-03 3.0245122499e-01 1.5109787404e-01 -6.9801461363e-02 1.3038152990e-01 -2.8756400543e-01 1.7002740856e-01 2.0851959598e-01 1.5803739771e-01 2.1344746046e-01 -6.6152009628e-02 7.0793466127e-02 2.9344839140e-01 -3.3529735741e-01 -2.8336677954e-01 5.4854856527e-02 6.5469307118e-02 1.8381239812e-01 -8.8307204798e-02 2.2257755409e-02 9.5275074769e-02 1.4113048094e-01 -1.0636439608e-01 -2.4969025754e-02 -6.2570705930e-02 1.1676702215e-02 2.9482376549e-02 4.8394162235e-02 1.0360740165e-01 -2.1312913458e-01 -2.1701240800e-01 -1.7674028512e-01 -2.2434558126e-01 1.5058938320e-01 -1.9982458970e-01 -2.6667171634e-01 -6.6439987474e-02 -1.6690450563e-01 -9.4621876316e-02 3.1069935397e-02 1.5556316010e-01 1.4878372099e-01 -1.0332212108e-01 4.5308469167e-02 -3.1744806469e-01 2.8037782264e-01 2.8300160125e-01 1.5561205252e-01 2.5656253499e-02 -1.2547814289e-01 3.8408346740e-01 1.2736044214e-01 1.2724831941e-01
4.0008439308e-02 2.0469141551e-02 1.2058683533e-01 1.3719250167e-02 7.5535638061e-02 7.4475669163e-02 7.1701438944e-02 -2.5262864098e-02 -4.2732926411e-01 6.0491839630e-02 2.2027894700e-02 -2.3260982855e-02 1.3106105320e-02 -1.1958363114e-01 4.7594467169e-02 -5.8146923151e-03 5.9420509301e-02 -5.9887937374e-02 -1.5065985973e-01 -9.3924411535e-02 -6.5393115201e-02 1.1216064663e-01 8.1710564428e-02 7.0146829339e-02 1.8941851568e-01 -1.0646763468e-01 -1.5887639396e-01 -2.9113710193e-02 -1.1996877011e-01 3.0852986633e-02 2.7812504506e-02 2.4558335412e-03 5.2216204991e-02 -1.0467289705e-01 7.0919159070e-02 -6.3561482779e-02 -2.3634806161e-02 -6.2213254770e-02 1.7790716114e-01 3.4889535600e-02 -1.9285351012e-02 -2.3285677074e-01 9.8927829171e-02 -5.9771242030e-02 -8.5296845324e-01 -5.3846557049e-03 -3.9454526590e-01 -1.5155559181e-02 1.8018730189e-01 5.7817872122e-02 -6.6072239972e-02 -8.5615917042e-03 -7.6081858520e-01 2.4279147284e-02 2.2399139399e-01 -5.8277273239e-02 -1.2541520377e+00 2.2966400783e-01 -3.5291379154e-02 -4.5737979607e-02 -1.2090385346e-01 7.1705247750e-01 -1.5148363922e-01 2.2888042930e-01 9.1944894329e-01 4.9859146239e-02 4.0621177583e-03 -3.7375059784e-02 -2.8599611791e-01 -4.3692968055e-02 -2.5208021932e-01 -2.1392535875e-01 -8.8193531556e-02 1.6808630659e-02 -1.5971588143e-01 8.1791577467e-02 -5.1613552554e-02 -2.9120735040e-02 -8.8427458129e-03 -5.4477873925e-03 3.5555142996e-02 2.2836824602e-01 1.0714218080e-01 1.7330533798e-02 4.2157297229e-02 3.1370737847e-02 8.9435116950e-03 -6.9643492592e-01 1.1109960640e-01 6.7197542841e-02 -1.0682214808e-01 2.4567470902e-01 -5.6151697981e-02 -2.0927183595e-02 -1.8668762913e-01 7.7858289560e-03 5.0639699367e-02 -1.8561677043e-01 -4.2402425083e-02 5.4374616070e-02 -5.7739353748e-02 -3.0141548427e-02 -4.3619271173e-01 7.3202629459e-02 1.8586462883e-01 1.0856788092e+00 1.8224292749e-01 7.2422899613e-03 -3.5519637182e-02 -4.4122935650e-02 -1.6868018772e-01 -1.6537225393e-01 1.0789403938e-01 -5.8144579684e-02 -2.2997633602e-01 4.3402258388e-02 6.3610211034e-02 2.8603547949e-02 -5.5457143973e-03 1.8529515709e-01 -3.7353043803e-01 -1.6671896095e-01 -1.4319339263e-02 -3.6226496461e-02 -1.3270066152e-01 -1.5540064535e-01 8.8196671001e-02 -2.5184569036e-01 -2.0521738591e-01 -1.2866753294e-01 7.3882925371e-02 2.2107345571e-02 -2.4849194241e-02 7.6973465838e-02 -7.8196783351e-02 -1.6681190403e-02 -3.9086903436e-01 -2.3427215525e-01 3.0678949120e-02 9.3395583758e-02 5.3020869207e-01 -6.8860039339e-02 -1.6500085268e-01 -1.5132101643e-02 9.5891684399e-02 -7.2660110608e-02 1.1010389921e-01 -2.0448998582e-01 2.1615957807e-02 7.8862304365e-02 1.2202726343e-06 4.6755715985e-02 -9.6600242237e-02 -8.6900632004e-02 -4.1277313172e-02 -3.0847617776e-02 -5.0535628399e-02 3.3416952943e-01 -9.6860475463e-03 1.5176224865e-01 6.4746426414e-02 8.4631595037e-02 -3.3150288824e-02 1.3354343383e-01 1.8116826461e-01 1.9590644263e-02 -1.7709922564e-01 5.4847931308e-02 -3.9563338462e-02 1.4446148719e-01 1.7491863108e-01 2.2508229918e-01
-5.1151856908e-02 -4.1585794551e-02 -1.4195736092e-01 7.4997635175e-01 9.3939583361e-01 -1.3917486166e-01 -3.1958471252e-01 -1.0976129312e-01 5.9408041823e-02 -8.0214921189e-02 -1.9545397702e-02 -1.0123834211e-01 -1.1705180723e-01 8.6782153488e-02 3.4974679151e-01 -8.7166040960e-02 -1.2999218557e-01 -5.9923844835e-03 1.7342834790e-01 -4.6198234465e-01 6.6322343775e-02 -8.3026540369e-02 3.2011375860e-01 7.5601135480e-02 -1.9634224730e-01 3.9580391024e-02 -1.5287542688e-01 -5.5537754458e-02 -8.1214644620e-01 4.1276140041e-02 6.2906831162e-01 3.4775487458e-02 4.2407196223e-01 4.3133293924e-01 1.6988142830e-01 -4.8299361234e-02 1.3490057578e-02 -1.3945882949e-01 -3.6608939307e-02 5.7368766400e-01 -9.0933754034e-02 9.5236356056e-03 -9.2993242036e-02 -2.3725196024e-01 -5.9542818889e-02 7.0974345270e-01 -3.9498689801e-02 1.8511296264e-02 -1.4136944682e-01 2.6147268482e-01 -4.4861229310e-02 -7.7167454399e-02 -9.8096264754e-02 7.6172645552e-02 -7.9188650193e-02 3.0045045350e-02 -3.0851779195e-02 -1.1262727369e-01 -8.3287592097e-03 6.0067016916e-02 3.9907309491e-01 2.5968172630e-02 -2.2037294322e-01 5.9499190122e-02 -6.6410055708e-04 4.0282181181e-02 1.2423846505e-01 4.5006596474e-01 -7.9879500681e-01 1.0049907150e-01 1.9402306217e-01 1.4760142213e-01 -3.0818874421e-01 -2.8182613879e-02 -6.8653810953e-02 -4.9223868859e-02 -1.4474236546e-01 1.3678418083e-01 -2.6123419913e-02 4.5828218305e-02 5.1068740826e-01 1.8312876479e-02 -1.5862165190e-01 -6.3992223910e-02 -9.0734284357e-02 -1.0284903859e-01 3.6115372503e-01 -2.0864882891e-01 -3.8517726806e-01 -2.8241587086e-02 -7.2874317996e-02 6.5157947647e-02 8.4692979454e-01 -6.1665157018e-02 9.1148646684e-02 7.3546198139e-02 1.5268201866e-01 -2.8787234349e-02 -1.1426612948e-01 7.3415864619e-02 -3.3119305490e-02 1.7117134282e-01 1.8081237200e-03 -4.1522104134e-02 6.7211557916e-02 -1.6620413208e-02 1.9362523287e-01 1.0418905670e-01 2.4336737976e-01 8.0765902488e-02 4.3815321881e-02 -1.9118027746e-01 -2.0586802150e-01 -4.2406113590e-01 3.1892771341e-02 -1.7099750023e-01 1.8688736852e-03 5.6682867565e-03 -1.6871383168e-01 -2.8877273659e-01 2.6422325203e-01 -3.9663207454e-01 -4.9107844998e-01 -1.6084348735e-02 1.1745367534e-02 6.8565572851e-02 1.1092698083e-01 6.5469826011e-02 6.8653858763e-02 6.7023165110e-02 4.7502716495e-01 -4.8393134895e-03 -8.4256892520e-02 -8.7905580153e-03 5.4106353182e-02 -1.5654287773e-01 3.1180586717e-02 2.6562535433e-01 -7.0850211133e-02 4.9084832561e-04 3.8839494796e-02 -8.8228220542e-01 -1.4531805210e-01 -2.6545198618e-02 -1.0262573718e+00 -4.8657595935e-02 -2.6928208719e-01 1.8681228323e-01 3.9605465889e-01 1.9618806297e-01 1.1388040238e-02 -4.1604136006e-03 1.5552142830e-01 -3.2923882521e-03 -1.3895602596e-02 2.0055407426e-01 -4.5935251175e-02 -1.2338815467e-01 -2.1729343215e-03 -1.2170388145e-01 -6.6338338649e-02 6.8996263184e-02 5.8615078159e-02 -3.3808142288e-02 -1.0786377215e-01 9.3203308802e-02 1.2044775554e-01 -2.3255698974e-01 9.1986430546e-02 -1.2212310647e-01 2.2570197966e-01 -1.3671096265e-01
3.3442054241e-02 -1.7771874688e-01 2.3501415459e-01 -5.5636152463e-03 -6.4461440316e-02 -1.8968285975e-01 5.1881943459e-02 4.3835955058e-01 3.2332908657e-01 -2.2842914918e-02 -1.1863023616e-01 1.0575497792e-01 1.0174645987e-02 -3.7305546006e-02 7.7283914463e-02 -2.8551594528e-01 -7.5687801324e-02 1.1802685530e-01 6.5178163213e-01 1.3260131765e-01 -4.3051478741e-02 6.0060409795e-01 -2.5675498270e-01 -2.6148709663e-01 -6.2887780424e-02 3.4026136803e-02 1.1172010802e-01 -5.6946094254e-03 2.3020663643e-02 -1.4032598063e-02 -3.0387212331e-02 -1.5585210900e-01 -8.2647994904e-04 -2.0728307855e-01 2.3496775458e-01 -4.8915273399e-02 -6.6122728107e-02 4.7448536350e-01 -2.2134516772e-01 1.8472253169e-01 2.0077058323e-01 3.0727957906e-01 7.7847004381e-02 5.6843453341e-02 -3.5122999922e-01 2.9721415166e-02 -3.3764045984e-01 9.5841632840e-02 2.4240872020e-01 2.4935106871e-01 -3.9145997586e-02 -3.0087700338e-01 -2.7752915022e-01 3.6229268846e-02 -3.0153353701e-02 5.6791297463e-03 -2.0354218475e-01 9.7093024854e-02 1.1216658781e-01 3.7784838286e-03 1.0801825295e-01 -2.7962510270e-01 -1.0284314600e-01 1.9413456255e-02 3.2026232499e-01 -7.3029393337e-01 -1.2846229419e-02 -9.7404240222e-02 -6.9197565498e-01 -5.3811419177e-02 1.8554397073e-01 2.2682820166e-01 -2.8449738315e-01 1.7788628512e-03 2.1418858916e-01 -2.0687383572e-02 -1.4859508648e-01 -6.1751433748e-02 -6.0700437931e-02 4.6037102319e-02 5.1675918639e-02 9.6222736536e-02 -1.2200344287e-01 3.7762194441e-02 -2.9665299644e-02 -8.9108790916e-01 -1.1231112369e-02 3.7453186836e-01 3.0131484654e-02 1.2572776595e-02 1.1493455992e-01 -9.9528505381e-03 -1.1655709916e-01 -6.9940452533e-02 -3.2312658413e-01 -2.0220233239e-01 7.3398152625e-03 8.3494289069e-03 9.5887935065e-02 2.9140740827e-01 8.5433869396e-02 8.2620223055e-02 1.6961239539e-01 -1.4711701305e-01 -4.1687072467e-01 -2.1894375877e-01 -9.5100799956e-02 3.7117550670e-01 -2.9051837610e-02 4.2236284358e-02 -2.1321910379e-01 3.4952064173e-01 -2.2753133181e-02 7.1248392918e-02 1.6237466538e-01 -1.4764019079e-02 -8.6872122885e-02 -1.3309576886e-02 3.2322901880e-02 -7.9123824579e-02 -1.0967471148e+00 1.0178177066e-01 7.3596862166e-03 -9.9078322471e-01 1.2062315385e-01 -1.4573921043e-01 -3.9881673965e-02 4.6869543246e-02 1.3781475785e-02 7.0071033509e-02 5.8119456880e-01 -1.3132265111e-01 4.0382618244e-01 -5.2234792780e-01 7.9867259453e-02 1.9313549969e-01 4.7473099050e-01 5.4011066132e-02 -2.6526494951e-02 -1.5950432356e-01 -2.9926919688e-02 1.4382075585e-03 -3.7962919022e-01 6.6077124000e-02 2.3819455671e-02 3.8236801355e-02 -2.4304339541e-01 7.2054688530e-01 7.4795974158e-02 -1.1818312135e-01 5.8012390726e-03 -7.0333562009e-02 1.1936204183e-01 -6.7290005310e-02 1.9640059481e-01 -9.3270828714e-02 6.5071903830e-02 -3.7331606239e-01 2.6430363447e-02 -1.5259257916e-01 1.5897213188e-01 -3.5223011994e-01 -5.8278070748e-01 1.5575829291e-01 -2.8057559954e-01 -2.9141252856e-01 -3.7996519723e-01 -2.5271980239e-01 3.5970962679e-02 1.1861390453e-01 -7.7534919254e-02 1.6407430329e-01
2.4882371222e-02 6.4232776559e-02 -2.0947079547e-01 1.3599923978e-01 1.2407249646e-01 -1.8472117804e-01 -3.3877002783e-02 3.2147715720e-02 -9.9695959465e-02 2.4808613848e-01 -2.3947198669e-01 -7.8247303708e-03 1.0136119901e-01 -3.0495391808e-03 -1.3327915682e-01 -8.3654544223e-03 -2.7769914135e-02 1.2771697518e-01 -3.7165284307e-01 1.2212768858e-01 -2.3259421429e-02 -5.4678863649e-01 5.9939945843e-02 -6.9226183870e-02 -2.5980100602e-01 2.8241981892e-01 2.3698021840e-01 -4.0034283721e-01 1.1666927332e-01 1.0754881985e-01 1.0226084649e-02 1.1857986504e-02 -1.2270668777e-01 -4.6393181660e-02 -6.4344638683e-02 -2.0139305533e-01 2.6847848613e-02 1.6436666475e-01 3.4893678260e-01 1.1009650166e-02 3.4340605162e-01 3.4056669835e-01 -4.7443978444e-01 1.2945521224e-01 -3.3367069570e-01 8.5622625895e-03 1.5021508024e-01 -4.5071928826e-02 -1.5793086718e-01 -2.2786330984e-01 -1.9991453020e-01 -1.0073896358e-01 -2.0039595433e-01 -3.0946028513e-01 -5.1608218027e-02 -2.7392758625e-02 -2.2586706117e-01 -2.5192412430e-01 -5.5359915186e-02 -3.1503670595e-01 1.3802447074e-01 -1.4005798627e-01 -1.4448920665e-02 1.5243805046e-01 3.0910639769e-02 -4.4730717241e-01 -4.4196050898e-02 -8.4585426650e-02 4.6133090849e-01 9.4176350570e-02 3.9828152803e-02 -2.5609711274e-01 1.2213002345e-01 1.1055334795e-01 2.9208274097e-01 1.1426025219e-02 -2.8076455602e-01 3.1551772113e-01 -1.0012781527e-01 2.8583876266e-01 2.8936513378e-01 4.5848511581e-01 -1.6018965343e-01 1.2874294618e-01 2.0215685953e-01 -5.3772081321e-01 3.3858225545e-02 2.4027826339e-01 1.8799470319e-01 -1.6775226784e-01 -9.5093216500e-02 -4.1287722522e-02 2.3684708135e-06 1.4583308577e-01 -2.3389525532e-01 6.6121322653e-03 -1.7814733160e-01 -2.0460552349e-01 2.3399790445e-02 -3.0991739766e-02 -1.5640036248e-01 -1.9121561840e-01 2.4836896230e-01 1.7001834525e-01 2.3981537023e-02 -1.9767969603e-01 1.2692640180e-01 7.0816044605e-02 -2.4782282940e-02 -1.3769479810e-01 6.2193831301e-02 1.6857954476e-01 5.5189657340e-02 -1.7379767991e-01 1.3214973424e-01 7.6156944359e-02 -2.8558314015e-01 -3.1512244788e-02 -3.6412663370e-01 4.3947733737e-01 6.2484484940e-01 3.2110866153e-02 -1.0027826878e-03 -3.7727157756e-02 -8.8723744667e-02 1.6685191703e-01 -7.9401568116e-02 -1.6334540980e-01 8.1600425319e-03 -5.4485714663e-02 -2.5942729410e-01 3.8933587046e-02 1.4403966117e-01 6.5491003191e-01 -1.0032867457e-01 -2.0217415971e-01 4.6719247073e-01 -1.2177457318e-01 1.7065082620e-01 1.8397035460e-01 3.1124320095e-01 2.3298402743e-01 4.1064440168e-02 6.8611746869e-02 2.3834274261e-01 -1.4637465428e-02 -1.6359838314e-01 -3.6105726528e-01 4.8911836660e-02 -9.9352800695e-02 -1.6567993949e-01 2.0502772565e-01 5.7296220830e-02 2.6983390408e-01 1.6661541127e-03 2.9131348203e-01 1.4882783506e-01 -6.5728515196e-02 1.4626022892e-01 1.8706242329e-01 3.4095405464e-01 2.0048886949e-01 2.7664737318e-01 3.7455126547e-01 1.2719647010e-01 -3.0760386674e-01 1.0959042451e-01 -1.7387466199e-02 1.2071437502e-01 2.7826205777e-01 -1.8407069968e-01 -3.7444388939e-01
-7.9800188378e-02 -2.2973813879e-01 -3.7381818304e-02 -2.2627799225e-01 -3.6376689937e-02 -5.3941950565e-03 8.3014822781e-03 6.8760227178e-02 5.5424384934e-02 -1.1025770290e-01 3.7652667619e-01 1.1856436309e-01 5.9156109280e-02 -5.7417194252e-02 1.8556319830e-02 -3.4246563873e-02 1.6382007014e-01 -2.0357149435e-01 -1.3645960620e-01 -4.4348104286e-02 -3.7694217258e-01 9.0776817342e-02 8.8497202652e-02 -1.3856749426e-01 -1.2066348474e-01 -6.9696261842e-01 1.5128814889e-01 1.9864957776e-01 2.0414842470e-02 -1.1821966413e-01 -2.0056163228e-01 -3.3772784502e-02 3.0936297072e-01 2.0082840006e-01 -1.7263407440e-02 -3.9751961897e-01 -1.7784160032e-01 3.1452327931e-01 1.4049041396e-01 -1.1326086576e-01 4.5108183396e-02 -2.9791030460e-03 -1.9105052891e-01 7.8508212913e-02 2.5260078899e-01 2.1548850952e-01 -1.0876520400e-01 1.2437614253e-02 -2.1954295826e-01 -1.7901933626e-01 -2.2659835303e-02 1.9190698470e-02 1.2535171831e-01 -6.6500957667e-03 -4.9803108918e-02 5.8313122874e-02 2.9317319950e-02 -1.3886759284e-01 -1.2439930897e-01 -3.0843069676e-01 -2.0252634125e-01 3.0183105242e-01 3.0271629469e-01 9.9053964152e-03 2.8808336648e-01 -4.9619034127e-02 2.4598111863e-02 2.1263017727e-02 -9.2532216421e-02 1.8197272541e-02 -8.9335851983e-03 -3.7531820711e-03 -4.4750967801e-02 1.7576231746e-01 -1.2596243482e-01 -6.6454160446e-02 -2.9918002713e-01 -2.3669212831e-01 3.1147051154e-01 2.6723698331e-02 1.7248828947e-01 3.2032234777e-03 -4.8968589370e-02 -1.3408894595e-01 6.9927901775e-01 1.7006905321e-01 -1.4542114343e-02 -1.6852879535e-01 -6.3761313014e-02 1.2650828485e-01 1.4289648757e-01 -2.7524429128e-01 -6.3375032652e-03 -5.2561411754e-01 7.1631611893e-02 -8.9662481475e-02 1.3311220115e-01 -4.3544045894e-02 -5.9602649711e-02 2.0372204588e-01 1.1385537990e-01 3.0087154365e-01 -1.1713592261e-01 5.1573550985e-01 -1.3156216067e-01 5.9817320588e-02 6.4147997283e-01 -2.1267652134e-01 -9.4882599331e-02 2.0650192134e-02 -1.5598178395e-01 2.3592573465e-01 1.7214350770e-01 -2.8120494343e-01 1.3807430998e-01 -2.7365705350e-01 -6.5515251826e-02 -3.3407798516e-02 -2.6196966869e-01 1.7554478308e-01 -9.7728444061e-02 -2.0744804198e-03 -3.7066949872e-02 -1.3150730985e-02 -5.0561895957e-02 2.2292334347e-01 -1.4622798141e-01 -1.6586872454e-01 1.1830275218e-01 1.4165769236e-02 1.2970409039e-01 -2.5451043921e-01 9.8889689418e-02 -4.4830544849e-02 2.4750843816e-01 1.5663621514e-01 -2.6024379023e-01 6.8167394642e-02 8.6956449613e-02 4.0693476778e-01 1.7594011106e-01 8.0813500170e-02 -1.6136524956e-01 -3.4753847497e-01 1.6425767615e-01 -5.1044497326e-02 8.0173715760e-02 -1.6256016708e-01 -1.7480066150e-01 -2.9115472041e-02 -5.6358671355e-01 1.2648004937e-01 -2.9226897770e-01 -1.2838173274e-01 8.9760699483e-02 1.1954781651e-01 -1.6717305732e-01 -7.8931861473e-02 1.1948338657e-01 1.1831713508e-01 -8.7513448879e-02 1.8329628633e-01 -6.0290609391e-02 5.9000104159e-02 2.6614946130e-01 2.4137415405e-01 -6.4890858123e-02 -2.7838153491e-01 6.7194307858e-02 -1.9836468468e-01 -1.2876317037e-02 3.2766341080e-02
1.5934833600e-02 2.5392449758e-02 4.7001507436e-03 1.7559469957e-01 -1.0588546591e+00 3.7890133843e-02 1.6098207135e+00 -4.2719102493e-02 -3.5719946828e-02 5.6929527241e-03 5.0718759887e-02 1.1486753126e-01 -4.1495875785e-01 -4.6337928274e-02 3.2919390391e-02 1.2928735371e-01 -1.0722317723e-03 4.1565601764e-03 8.3546254421e-02 6.7759126036e-02 -2.0773998159e-01 -2.0127026234e-02 -5.2848825820e-02 -1.4935056163e-01 2.7320429683e-02 9.5098273271e-02 5.6280224382e-02 5.3594738584e-02 -5.1320205527e-01 2.7821128953e-02 -9.6950889859e-02 8.4313328121e-03 -7.5975051423e-02 4.5387892290e-01 -2.9229111909e-02 -1.5778392055e-01 4.4860193428e-02 -2.8317629447e-01 -4.3839726542e-01 7.8814756082e-02 -2.0698324553e-01 1.5929078719e-01 -2.5601342230e-01 9.7943384975e-02 -1.1608985218e-02 2.1306707244e-01 6.0611284029e-02 2.1265210268e-02 7.1385572841e-02 -6.6950704524e-02 4.1906242147e-02 -2.5188902650e-02 -2.5962788842e-02 9.8822755334e-02 -6.4703146135e-02 3.1101483214e-02 -4.1375023157e-02 -1.0797312886e-01 6.9932055402e-02 9.8310318349e-02 -2.7516732096e-02 2.4143710262e-02 -7.4073268578e-03 -2.6955264774e-03 8.4093885666e-03 -1.9564743861e-01 1.0470746063e+00 8.6164274167e-01 -8.1014286575e-01 2.8164778060e-01 -1.5598823525e-01 1.3965254079e-01 3.0398017640e-01 -6.2306193503e-03 2.6024146491e-02 -5.4339609237e-02 2.1095713997e-01 4.6357521453e-01 1.5166419946e-01 7.0996323665e-02 -2.5862722181e-01 7.8756971658e-02 -2.7332389076e-02 8.7233560844e-02 4.0432883867e-02 -2.0522729301e-01 7.3170360342e-01 -3.0885939355e-02 2.1641364444e-01 5.4600333117e-02 5.0926869962e-02 1.8458896761e-02 3.8231261490e-01 2.5264582209e-04 1.1239171763e-02 -2.5714593382e-02 1.0416001655e-01 -8.5501038462e-02 -1.3539829652e-01 -7.6078226021e-02 -4.2297257481e-02 -4.6192320888e-02 4.9396939290e-02 -1.6366721234e-03 2.9196345180e-02 -2.4733202840e-02 -1.4708656655e-01 2.4669346712e-01 1.1685044894e-01 9.1040466588e-02 -1.2717603060e-01 -1.7236428433e-01 1.4391079470e-02 8.1153069240e-01 3.7768520475e-02 2.4828836744e-02 -8.5686445068e-03 -1.9021014546e-02 1.0700329490e-01 -6.1344902511e-03 -9.0298580801e-02 -3.2272905016e-01 -9.1742871548e-01 5.0508570966e-02 -5.2492759520e-02 1.2090638596e-01 2.1183358603e-02 1.5823634469e-01 2.3435811722e-01 -6.5606911962e-03 2.5278269214e-01 4.3159852741e-02 -7.4132338605e-02 6.3808871959e-02 1.8207949850e-02 3.8094851793e-02 4.0238352586e-01 -1.1130364211e-01 3.4435828786e-02 1.5765992405e-01 1.4001062675e-02 -1.7190990192e-01 8.1310331055e-02 2.3717674891e-02 1.7408706969e-01 -7.2373513197e-01 4.7999576368e-01 9.9546337615e-02 -9.7832172475e-02 1.2084183301e-01 -6.4463723133e-03 -6.1183949355e-04 2.0644345513e-01 -9.5061293862e-01 -4.6482198589e-02 -9.1416809096e-02 -4.4911878556e-01 -1.4668327764e-02 -3.5006345834e-02 -2.5691029104e-02 1.0183321552e-01 1.7764098495e-01 -1.4641778883e-01 -8.0141176788e-03 -2.5630591407e-01 2.0367918994e-02 1.2767775918e-03 -3.0071504313e-01 -6.1440073191e-02 2.3870584165e-02 -2.9927351576e-01 -2.5801885642e-02
3.8843830091e-02 -1.8400755084e-03 -1.1253204869e-02 1.3434345288e-01 7.1483701087e-02 -2.4372105751e-02 -6.6277045911e-02 -2.1415165373e-02 3.5900958487e-01 -3.0569407210e-01 -8.8286748444e-04 -1.3179311194e-01 1.2026561563e-01 8.6919435125e-02 6.9847486106e-02 -9.6998118738e-02 -9.2260774983e-02 -1.2784935379e-01 6.2371307274e-01 -1.4319342556e-01 -1.9366414447e-01 -8.0675689448e-02 6.1126858894e-02 -2.1878804624e-01 -2.5951958612e-01 3.0377763015e-01 1.0248324395e-01 -1.8149220739e-02 -3.1228699701e-03 1.1167367534e-01 5.5959394260e-03 -2.5607288636e-01 -1.9366070797e-01 3.9347517667e-01 -1.1296568419e-01 -3.3184691624e-02 2.7037302892e-01 -3.8324646580e-01 1.8466545780e-01 1.6112770312e-01 -1.0288601161e-01 -1.5243653098e-01 -1.6505329925e-01 -8.5015847874e-02 -3.3017800674e-01 -1.4855139838e-01 -5.3962310495e-02 2.9520696271e-01 6.0223555681e-02 -2.6435517823e-01 -2.7116460439e-01 3.5769179529e-02 -2.0187459316e-01 -2.6639681856e-01 2.0433515867e-01 1.6513734855e-01 -8.7725333148e-02 4.3123094983e-01 -2.5563744148e-01 5.0557149230e-02 -1.3638769414e-01 -1.1251565043e-01 3.0649165438e-01 -2.9082733928e-01 1.4579506166e-02 6.0405483078e-02 -1.0367734957e-01 7.9550957143e-02 -2.3537151117e-01 1.0210242538e-02 -1.9330116172e-01 3.1674589688e-01 -9.3498074744e-02 2.1570853640e-02 1.1017037724e-01 1.9446200945e-02 -7.6690292549e-02 1.4027542796e-01 -1.2813463098e-01 -1.2059843475e-01 -2.2499669173e-02 2.3505442651e-01 -1.6053004870e-01 2.6023486114e-01 1.2804703252e-01 -1.3390164886e-01 3.9094205454e-02 -1.2245144221e-01 3.9458427582e-02 1.4835127868e-02 -7.6054439177e-02 -4.1775349316e-01 1.5965705490e-02 -4.1198570686e-02 -5.5635345319e-02 5.1932299867e-02 2.3518262638e-01 1.8678813677e-01 1.0705488710e-01 9.3637924251e-02 2.2124552343e-01 -4.8134884257e-02 -2.1026009929e-01 3.5403437218e-01 2.8881618979e-01 1.5829635741e-01 -4.1650318881e-01 -8.7782533279e-02 -2.4919443526e-02 -3.4420197959e-01 1.0167319571e-01 -4.5341590724e-01 3.1940972746e-02 1.3037143194e-01 1.2258999126e-01 -1.6359019158e-03 1.1795472770e-01 -9.2239660503e-02 -3.7185663071e-02 -5.0996052631e-02 4.1879884261e-01 -2.9083560912e-03 9.9121955817e-02 1.8494844262e-01 3.4407496021e-01 -2.0542774545e-01 -7.0982585262e-02 3.4987840318e-01 -2.1209244297e-01 5.0606243148e-02 7.9323311854e-02 -2.9476549334e-02 -1.2392597584e-03 -3.4016274760e-01 -8.6274361891e-02 5.5843127298e-02 1.6613349268e-01 -2.3996872008e-01 -4.5620123172e-02 4.1692975554e-02 -2.1615198185e-01 1.3148702069e-01 2.7826162800e-01 4.4615172459e-02 -1.1250793269e-01 -4.5287679907e-02 3.2891165144e-02 7.5877933803e-01 -1.7880180723e-01 -1.2843064079e-01 -1.8368468100e-01 2.9369345854e-02 1.7944831886e-01 3.5717864726e-02 1.9254949488e-01 2.0452392390e-02 -2.1378021563e-01 3.2637849305e-02 4.5890483220e-02 -1.8485763543e-01 -2.3653829988e-01 2.1944054049e-02 8.7623507262e-02 3.2215606634e-02 -1.9539497115e-01 -1.6147271925e-03 2.1171553190e-01 -6.9666182675e-03 -9.9864607897e-02 -4.1710566382e-01 2.7940414002e-01 1.1460964537e-01
-2.0356711610e-02 1.1918967736e-02 2.8827770069e-01 -1.5155997028e-01 -2.3205012718e-01 -1.2078931325e-01 7.5749862181e-02 -1.6596411642e-01 -5.6499246968e-02 -1.3283066722e-01 1.0749333520e-01 -1.5819574389e-01 1.4873620134e-01 1.6171119725e-01 -6.9892206638e-02 9.8738833047e-02 -3.1906585930e-01 -5.7766580666e-02 6.0714140007e-03 3.2125119344e-01 3.2252052558e-01 1.0647362022e-01 -7.5715167829e-02 -2.4916846023e-03 1.5767179008e-01 2.3989103021e-01 -3.1496454686e-01 -9.2667919769e-02 8.6220398165e-02 6.7329906816e-02 4.4062898817e-01 6.2978834930e-02 5.3750325982e-02 2.5214114312e-01 -2.9062232684e-01 4.4612712236e-01 4.9373393217e-02 -3.2615431670e-01 1.1479598396e-01 -3.1552698670e-01 7.3832524562e-02 -1.1673504227e-01 -2.3440275920e-01 -1.6099328331e-01 2.1884162189e-01 -2.4403650422e-01 -1.3657398361e-01 -2.8958470951e-01 7.1021119285e-02 -1.6479621502e-01 8.3853084713e-02 3.2149154891e-02 1.2831054140e-01 3.1338708171e-01 -2.2870997349e-02 2.2347568018e-01 -7.2776254900e-03 2.2176287710e-01 -9.3007335799e-02 1.5032627331e-01 1.5871688138e-01 -7.6063707427e-03 -1.9581092539e-03 2.2049092393e-01 -7.3654121027e-02 -2.4437204549e-01 -1.2015712155e-01 2.7707660671e-01 -4.4320955338e-02 -1.0345541089e-01 8.0114832926e-02 -1.4319117368e-01 7.0472109622e-03 1.5875067477e-01 3.9008201227e-02 -1.7200945899e-01 -1.0003557993e-01 -1.0017404225e-01 -2.5091602891e-01 7.5412506751e-02 1.4204948384e-01 1.8104621807e-02 1.3814508044e-03 3.4433840528e-01 -9.9684331993e-02 -1.5560154058e-01 -1.7343575881e-02 -2.6086605829e-01 1.5828711987e-03 -7.8133989348e-02 -7.2308126564e-02 -2.9877269002e-02 8.8668599567e-02 3.8618049212e-02 -8.7857876543e-02 3.4754586566e-02 2.5617650742e-01 3.3460803393e-01 5.7188919567e-02 -1.2166439004e-01 -3.8164367462e-01 2.1669141810e-01 -4.5613720158e-02 -2.8911112867e-01 1.8129825910e-01 1.6537739739e-01 -7.6679803703e-01 -3.5892996378e-01 -1.9746205970e-01 1.7277354456e-01 -1.7483133126e-02 -1.8448823922e-01 1.3691365525e-01 -1.2730536490e-01 2.1135159523e-01 1.8022061423e-01 -1.0861226796e-04 -7.9721538260e-04 -4.3535094835e-03 -1.4440296916e-01 -1.0776553545e-01 1.3462238331e-01 2.6323579846e-01 5.2074757901e-03 -1.0408245330e-01 4.3922437000e-01 8.8618796394e-03 -2.7860757894e-01 2.0533124861e-01 2.5732483549e-01 1.6771093318e-01 7.6277651665e-03 -2.1970347126e-01 1.3781267659e-01 1.4823786737e-01 -1.8212699704e-01 2.5845510887e-01 1.3599950703e-01 -1.7891930004e-01 -4.7436792666e-01 -4.2874752049e-02 -8.3252368715e-02 -8.5301912921e-02 -9.5823667201e-02 -1.8938722192e-01 -2.9223378960e-01 3.9051731937e-01 1.3130219878e-02 -5.3101166019e-01 3.6941496391e-01 -4.7782851622e-01 3.6107296499e-02 2.7314421296e-01 -6.5968730463e-01 -1.6030712268e-01 2.2999055945e-01 -7.1160866647e-02 -2.5105751380e-01 2.3091026111e-01 -2.0292864325e-01 7.6422260326e-03 3.1160291987e-01 -5.8756060663e-02 4.3198539055e-01 1.2505835278e-01 9.3284845546e-02 -3.6959777399e-01 5.2382426866e-02 2.2892553529e-01 -2.5299701039e-01 -1.3105529743e-01 -1.3280529913e-01
1.7352131158e-02 -2.9598594804e-01 2.5449550865e-02 2.8215037575e-01 2.1777302335e-02 6.5830936049e-01 1.6815199468e-01 -3.7906897838e-01 -1.1600422986e-01 1.8074359167e-01 -1.1955258767e-01 -2.0351299091e-01 -1.1791679370e-01 4.1160743298e-03 3.9751044336e-01 7.1603640940e-02 9.4880148804e-02 -3.5651512653e-01 3.3247409618e-01 1.1635817174e-01 -2.7836102260e-01 -2.6743112333e-01 -3.6836149163e-01 -3.3860658483e-02 6.2433313194e-02 1.6711434130e-01 -4.8402450163e-02 -1.1109963534e-01 1.2809321934e-01 -1.1150572106e-01 2.7473389181e-01 2.0587520438e-01 -1.5608820260e-01 -3.4066298785e-01 -1.6345287685e-01 -1.7273208600e-01 -2.4211735925e-01 -1.2614085584e-01 1.8421555843e-01 4.9862573432e-03 9.4454982863e-02 -6.0233428826e-02 2.2766029708e-02 -4.6879827995e-01 8.8054361120e-02 -1.0780386458e-01 1.0212986717e-01 1.0102761515e-01 2.9083360608e-01 -2.7684807487e-01 -4.7290914794e-02 -5.5024328618e-02 2.0451697258e-01 1.6286789807e-01 2.6862314144e-01 2.9145568289e-01 1.2841686442e-01 -2.5457501661e-01 4.6969658398e-01 -2.5245570368e-01 2.4134821499e-01 4.4802924496e-01 -1.0274733553e-01 2.3121508484e-01 2.5458921521e-01 2.4357369290e-02 -9.1392626357e-02 -1.3468620844e-01 -7.5199521476e-02 -2.6002617901e-01 2.2055157595e-01 2.0375223043e-01 -5.2385871618e-02 -1.8187650510e-02 -1.4206548491e-01 1.7019690026e-01 1.7474273262e-02 -1.1402798794e-01 -1.7465005453e-01 4.6175139355e-02 9.8845250624e-02 1.0787621657e-01 5.9846151480e-02 -2.1860776897e-01 7.7298639283e-02 -6.7571732983e-02 -4.8518233621e-02 3.4583489652e-02 4.7695453124e-01 -1.7106558961e-01 -2.2619943473e-01 -2.6804627549e-02 -3.5664153617e-01 -7.3442492025e-02 -3.7784621616e-02 -1.4130198309e-01 -3.1040702961e-01 -1.5291539800e-01 1.6706884076e-01 8.4711834917e-02 1.4153790951e-01 -4.3931052237e-01 2.2303170456e-02 -4.4379379145e-02 5.4612068778e-02 -1.5149954606e-01 2.3816719319e-01 2.7631819782e-01 1.2873791090e-01 2.6948784983e-01 1.5905561548e-01 -6.4407449571e-02 -1.1601622409e-02 1.5903002263e-01 -1.2448346784e-01 -1.2783352383e-01 -8.5369313457e-02 6.2153746340e-02 -9.0335429345e-02 3.0831922371e-01 2.4243663630e-01 -2.0437481030e-01 2.7489044325e-01 -2.1019930824e-01 4.0774533937e-02 -1.2517078625e-01 -7.9880716696e-02 -5.2697452029e-01 2.1388501689e-01 1.6035261353e-02 -6.7692488398e-02 -2.3763716442e-01 -2.5177382604e-01 -4.2254049174e-02 -1.4225225423e-02 -8.1749334325e-02 -3.1486554275e-01 -2.8635660136e-02 1.9673498755e-02 1.5055178518e-01 2.2955013357e-01 -4.5110567780e-01 1.3833965356e-01 -3.9094633601e-01 2.9965183550e-01 1.4259101888e-02 -1.0769113545e-01 3.1726807134e-01 -1.9448350978e-01 3.1602005909e-01 2.8226096157e-01 -1.1900647798e-01 2.3195577489e-01 -1.0940584484e-01 2.5468124755e-01 -1.1203494566e-01 -1.0539775091e-01 -2.3561031802e-01 -7.1834587287e-02 3.8576038244e-02 -1.2203599285e-01 2.2508054935e-01 -9.2393322073e-02 -2.8857267000e-01 -5.2863230056e-01 4.3823006327e-01 2.4706643457e-02 -4.0501219740e-01 -2.3787717827e-02 -5.9018352826e-02 6.6273528507e-02 2.4638669121e-01
-1.6071957949e-01 4.7097231492e-02 6.6580879661e-03 9.9010261159e-02 -1.2087969866e-01 1.4565919972e-01 -3.0417817368e-02 2.7879731873e-01 1.9597218099e-01 -7.7428496460e-02 -5.6701957771e-02 2.0802191021e-01 1.3393339430e-01 1.2069983302e-01 2.0661594835e-01 -1.8472192047e-01 -1.1646174250e-01 3.3580325840e-02 -5.9995799022e-01 -8.0003430670e-02 -2.4931787055e-01 2.8084984351e-01 7.8307612438e-02 -2.0153098133e-01 -6.3155048039e-02 3.3375224006e-02 -3.6642967447e-02 -9.3164662773e-03 1.6729774681e-01 4.4518857759e-02 -2.5884907020e-01 -8.8845238553e-02 5.9329087450e-03 -2.4945919664e-02 2.2022202060e-01 2.0555650346e-01 -2.6541763183e-01 -2.0306643423e-01 -9.4017595018e-02 4.0621599017e-01 -2.3059733099e-01 6.8533635404e-02 -4.2057214463e-01 2.8504098811e-02 -7.9385064512e-03 3.4638746163e-02 -3.8398235815e-02 -9.8894012262e-02 5.1205068210e-02 8.9354936131e-02 -2.9432595180e-01 -6.4471858620e-02 1.3681107451e-02 3.9455362084e-02 2.1865178425e-01 6.9303422136e-03 6.2153512320e-02 -1.3230564844e-01 1.5037867613e-01 3.7925452595e-02 -6.7302366270e-02 2.7836486080e-01 -1.4381118538e-01 -4.7242309093e-01 2.1692467267e-01 1.1499297399e-03 -6.5263636913e-02 -4.4345826722e-01 2.7104496652e-01 -2.3148458065e-01 -9.2573807641e-02 1.2898609664e-01 -4.1778048268e-02 -5.1670896230e-02 2.7509302105e-01 2.8918167007e-02 2.0054609639e-01 2.1614114688e-02 -8.3357886480e-02 -8.0708725369e-02 2.8077614394e-02 6.8088867633e-02 -5.6043431523e-02 -5.0796521393e-02 -2.3459413424e-01 5.3651783058e-01 -2.2619167316e-01 1.5489122443e-01 6.1391832854e-01 -2.0879780724e-02 2.6062293368e-01 1.2792022953e-01 -7.1668074815e-01 2.4091057010e-01 -6.2502251030e-03 5.6956272832e-03 3.6682040019e-01 -7.1972380519e-01 2.8215233427e-01 2.1405322994e-01 -2.3231840130e-01 -1.2473017865e-01 -3.5231940605e-02 -2.2787289348e-01 1.0476677302e-01 -3.1862638402e-02 2.6671768208e-01 5.6122047822e-01 3.3964175609e-01 -6.9341436612e-02 -3.2381468657e-01 -3.7628610078e-01 -9.5566625189e-02 1.0120827290e-01 4.1922950069e-01 -2.8504942233e-02 1.9298085316e-01 2.9343393012e-02 -1.8845859401e-01 1.9205742420e-01 -1.3735906470e-01 6.1287340773e-02 6.9783831962e-02 3.4873988398e-01 5.3338404259e-02 7.2105005182e-02 1.1321095009e-01 4.5769471627e-02 -1.4139297781e-01 -7.2186906725e-02 -1.4069759287e-01 2.8641447373e-02 9.5825925638e-02 1.7123228416e-01 1.7570659585e-01 2.9707546355e-01 -1.2128657935e-01 3.7160269727e-01 1.1737441279e-01 -1.5119574404e-01 1.0900714196e-01 -5.0521654016e-01 4.6686997332e-02 1.3277747897e-01 5.5519897049e-01 8.0759980872e-02 1.4076712077e-02 -6.6593977813e-01 -1.8063964731e-02 -6.7547564271e-02 -8.2669266879e-02 -3.3756624754e-02 2.0429012526e-01 1.5155725646e-03 -3.0105232717e-01 3.1006004856e-02 7.5004701106e-03 3.5734653469e-02 8.0865261877e-02 1.8804247686e-02 -6.7351900715e-01 -3.7297369464e-01 -7.4371207015e-02 2.0099370554e-01 -4.7298188701e-01 3.1189270375e-01 -4.8701733382e-02 -2.1988850702e-01 1.3849154087e-01 -1.3768944281e-01 5.6818268799e-01 -1.6138019230e-01
-3.5528396832e-02 -7.2860336600e-01 3.2861562484e-01 1.4840755173e-01 4.7587009597e-02 9.0293026227e-02 -1.4851151963e-02 -9.0107596332e-02 -1.1296367780e-02 6.7102261079e-02 -7.9853572365e-02 -3.3696569956e-01 9.8799065141e-02 5.5566947769e-02 -2.1050438842e-01 6.8268500903e-02 -2.1932737338e-01 -1.8172710721e-02 1.7525555272e-01 4.4978624567e-02 3.7954848419e-01 -3.6996305493e-02 -5.3334627600e-02 -2.6293186906e-01 -3.4314962215e-01 1.8773920171e-02 2.1586052087e-02 4.8537080774e-01 2.7522641335e-01 1.2346055879e-01 4.5230775518e-02 2.9388472347e-01 4.2457487006e-02 -1.1499227299e-01 3.9528491986e-02 3.0724989243e-01 4.6629633281e-02 3.5858377218e-02 1.3000857389e-01 -1.7413638010e-01 9.0398856585e-02 2.1620842133e-01 1.1175167693e-01 -5.5691629347e-02 -2.9201526404e-01 1.8767261088e-01 2.6385463789e-01 -2.4118221463e-01 -9.4802858541e-02 -1.0388298772e-01 4.8014565625e-02 3.7870373360e-02 -1.2657175275e-01 -1.4947817796e-01 7.9612941975e-02 -9.1263031244e-02 -1.2139593140e-01 -2.9812803927e-01 8.7669607841e-02 -8.9487498546e-02 -4.5052065144e-01 2.3497256848e-01 -1.0290643468e-01 -1.0800235895e-01 6.6060072848e-02 -2.1354995672e-01 3.7363832581e-02 -7.8303355241e-02 3.3158962895e-01 9.6366818187e-02 -1.1223919498e-02 8.5140578018e-02 -1.4494523276e-01 -4.1901993418e-01 1.8429362672e-01 -2.2379039126e-02 1.4826299406e-01 3.6770459945e-03 -7.5592687677e-02 6.2279484720e-02 4.8510474788e-02 3.6032322921e-02 -2.2114646291e-02 -2.3263841467e-01 -1.8084662766e-01 6.1866708835e-02 3.6729047081e-02 6.5336707166e-02 -3.1115777931e-01 -2.0993720140e-02 2.3060678758e-01 1.8369949954e-01 -1.0855535839e-01 -1.9138850013e-01 2.7177512796e-01 -3.7181646020e-02 -5.3992106770e-01 3.8573537533e-01 -5.0608937195e-01 -2.2318498627e-01 -3.6602718889e-01 1.2807525114e-01 6.0185292998e-02 -3.3718061087e-01 -1.6125656568e-02 -1.1047524446e-01 2.4202966880e-01 6.7099432625e-02 1.6504588671e-01 -5.3520927607e-02 -2.2902189702e-01 -3.7215236186e-04 -1.1558723575e-01 -4.4019977217e-02 -1.3167612560e-02 -1.4761479779e-01 2.6966869330e-01 1.4242471267e-01 -1.3015637628e-01 6.6633500484e-01 7.1278430735e-02 -8.7050025588e-02 -5.8175758631e-04 1.5278766705e-01 -1.2190651178e-01 1.1012779170e-01 9.7925216525e-02 -8.4636477868e-02 7.1978426826e-02 -2.4298204980e-02 -2.7383238861e-01 -2.9979649255e-01 -8.2221026207e-02 -3.3744750591e-02 -7.8144597795e-03 1.3744874975e-01 -1.9418659733e-01 -8.9268540210e-02 -6.5780577738e-01 -2.8477678352e-02 -7.4779439281e-02 1.7187166867e-01 2.5843205800e-01 1.7541429443e-01 -2.5513857433e-01 3.7545096802e-01 7.4404958981e-02 1.5775566462e-01 -1.5890317890e-02 -1.3398477514e-01 -4.2872861529e-01 2.7223044812e-02 -1.4326322339e-01 7.1655398174e-02 1.9396372229e-01 -1.4043375930e-01 -2.1790876251e-01 -2.8343216143e-02 -1.5509243908e-02 2.5430173786e-01 -3.3060970962e-01 -5.4857852860e-02 -2.2553410778e-01 4.8109757242e-02 -2.0512422658e-01 -1.1679165682e-01 1.8023225158e-01 1.6396038151e-01 4.2337313490e-02 1.0888690086e-01 -1.4892710720e-01 -1.1130502979e-02
2.8224776966e-02 5.8484092464e-01 -3.1447522108e-01 3.2638511823e-02 6.5702834348e-02 -8.5362199644e-03 3.5240357178e-02 4.4069320504e-02 -1.1467764851e-02 2.6792880223e-02 -1.2445336576e-01 -1.4794846292e-01 -8.0602372107e-03 1.0699278711e-01 -9.3470389762e-02 -2.0061081886e-01 -7.3237522565e-02 1.5260205673e-01 1.8098452569e-01 6.7572368121e-02 1.1032278670e-01 -5.0186349986e-02 -3.0512742561e-01 1.3747732391e-01 3.6466730550e-02 1.4980832427e-02 -2.7238629602e-02 5.0323161401e-03 8.6879046158e-02 7.1640170086e-02 -2.9055052481e-02 1.5240947623e-01 2.6618349068e-03 -2.7044438271e-03 3.5313017735e-02 7.2410177177e-02 -3.2496533420e-01 -2.8959634942e-02 -3.4987326550e-02 -9.5353663960e-02 -7.7048583266e-03 1.6853114859e-01 1.4037222455e-01 -4.9725356825e-02 -2.6468786782e-02 -2.8699708124e-02 9.7273761163e-04 -9.0351359102e-02 2.0125560451e-01 1.0343799336e-01 -6.3174352203e-02 -1.2639230403e-01 -6.5174835170e-03 -1.1013164017e-01 -6.8292315626e-03 -7.0582889477e-03 2.2213632135e-02 -7.7513865173e-02 1.7351599078e-03 6.4596140990e-01 1.3876683719e-01 3.9634444706e-03 -1.8499999906e-01 -1.4297403426e-01 -4.7064409629e-02 -1.9575443234e-02 2.2061517321e-03 -4.7109362258e-02 1.5858256290e-01 1.1024662455e-01 6.0096566046e-02 -6.4137334487e-02 -1.3738182988e-01 4.4586109432e-02 9.7309562305e-02 3.8053893857e-02 1.1929339489e-02 6.7286010766e-04 3.8562766580e-02 -3.4421148185e-02 2.3062882765e-02 2.7738885376e-03 -9.1784312911e-02 -2.5148994145e-01 1.0679402775e-01 -1.5847059060e-02 -9.9232280800e-03 -5.9182695710e-02 -6.6729469188e-02 -1.0516018364e-01 -8.0965830310e-02 5.8010083598e-02 -6.6216021494e-02 -7.8020633882e-01 -2.0827810465e-02 1.1693004655e-02 -3.4848505680e-02 -1.0601778342e-01 -3.7753080919e-02 1.9577107409e-02 -4.2229001399e-01 -3.8435470737e-01 -3.1757302244e-02 -4.3552027199e-03 2.2440792166e-01 2.6914359348e-02 5.8808328448e-02 4.8175394111e-02 -3.8187964406e-02 -2.6916662715e-02 -7.8505539480e-02 4.3870955195e-02 3.6654048265e-02 -9.0252520181e-02 3.8678134040e-02 -3.7162428402e-01 1.0096799578e-02 -8.3104693745e-02 1.2182194238e-01 8.1720525616e-03 6.0346361928e-02 1.8478605236e-02 -1.0884938657e-02 1.1127938548e-01 -7.5536557884e-02 -1.7012055563e-01 -9.4328151070e-01 1.3983733378e-01 -1.2806931394e-01 -2.0280441014e-02 -9.4517168783e-02 4.6434349109e-01 -2.0229987832e-02 -1.0162557928e-01 9.2045640568e-02 1.1368932796e-01 -3.7000620370e-01 -1.7619912859e-01 5.8887358015e-02 -7.9128794006e-02 -1.1238679986e-01 -6.6892452011e-02 -4.7070970297e-03 5.5453677309e-02 1.0342987574e-02 1.0074517616e-01 -5.7778493310e-02 1.2720121365e-01 1.3745102635e-01 -6.0387897966e-02 -5.1998182597e-01 7.7097454435e-01 -4.7555237471e-02 2.4581903459e-01 -2.8574720133e-01 -1.1189318866e-01 -8.1457296659e-02 4.0965822270e-02 1.4805849979e-02 -3.6004068486e-03 -9.7927523702e-02 1.1235515528e-01 -1.7996902690e-01 -8.0769885836e-04 1.6911305756e-01 1.1757233334e-01 -3.8346680742e-02 1.0015818505e-01 -4.3535702629e-02 -1.8183679858e-02 2.7552402027e-02 -1.3925394919e-01
7.1661440359e-02 -1.0272975928e-01 1.0246021935e-01 1.7999328230e-02 -1.3631311032e-01 -4.1029249905e-01 1.6072239297e-01 5.1155151170e-02 1.1897083065e-01 1.1198414426e-01 2.5466606870e-02 5.3478302508e-02 1.8840300900e-02 1.7915706605e-01 6.3815407120e-02 -2.1373574875e-01 4.7232371359e-03 2.3698642525e-01 -3.7670933043e-02 -2.5302355679e-03 -3.6258746584e-01 -4.0043028709e-01 -1.1151075511e-01 -3.0159102943e-01 3.2495722749e-01 -3.0358651558e-01 -2.6610826107e-01 2.9254704183e-01 3.5970496415e-01 -6.9573493650e-02 -3.7017609161e-02 9.2403995340e-02 3.8959227300e-01 2.0067679905e-02 3.4067181515e-02 -3.9825068029e-01 2.3151975563e-01 -9.3348740038e-02 1.0478950305e-01 4.7211343499e-02 1.1851549464e-01 3.8269103786e-01 3.5885011476e-01 -3.5279854301e-02 -2.7450225041e-01 2.8195106907e-02 1.7653747491e-02 -4.6549799565e-02 1.4218471826e-01 4.4061717072e-02 4.8112289363e-02 -1.7273359362e-01 -2.2968167088e-01 -1.6061911882e-02 4.4419959724e-02 -9.5447582148e-02 -6.1239153262e-02 7.4768005674e-03 1.4926304105e-01 4.3459815806e-02 -3.1654452189e-02 -2.3799626147e-01 2.9280840328e-01 3.3508877300e-01 -1.6700164699e-01 -2.9405399424e-02 -2.4865658779e-02 2.1732333078e-01 1.4903816649e+00 1.0256820148e-01 4.5485948089e-02 4.6885037769e-01 8.7864140138e-02 9.9966437551e-02 5.1507581659e-02 -6.2917485449e-02 -7.9059997785e-02 -2.3963544426e-01 3.0228073169e-02 -1.8771755753e-01 9.8052836822e-02 -1.5965294717e-01 9.4094947060e-04 -1.7380679275e-01 3.2968186285e-02 2.5151576835e-01 1.4456311958e-03 2.9840593088e-01 1.5371293330e-01 -3.9563354627e-01 1.7541572881e-01 -5.7190577756e-02 1.7473224140e-01 1.8693293193e-01 -8.0449291866e-02 -1.5153960162e-02 8.1381942886e-02 -4.0121505850e-01 -5.4688227099e-02 -3.2864768040e-01 1.8738660055e-01 -3.6619297454e-01 9.8593330881e-05 4.4373868379e-02 -1.0397661456e-01 -9.8217786010e-02 -1.6669041030e-01 8.6626510966e-02 7.8873399075e-02 6.1327895319e-02 8.8928914275e-02 -2.0091238507e-01 2.5854644960e-01 -7.0516620981e-02 -9.3419513914e-02 -1.9437831591e-01 4.2499377713e-02 -4.6910197821e-02 1.2211566469e-01 -6.3480750754e-01 8.0636656580e-01 2.7721538327e-01 7.2960987956e-02 1.3727232643e-01 7.1183031721e-01 1.9058932384e-01 2.1314234906e-02 -3.7733974807e-01 6.7538339757e-02 -1.2141363669e-01 -6.5723214998e-01 -6.3768154586e-02 -9.6108624884e-02 2.5683614606e-01 -1.9505547271e-03 -5.1216193963e-01 5.5726996766e-02 1.3735198866e-01 -1.5691160433e-01 3.5728143801e-01 1.5597230470e-01 2.9545355672e-02 -2.6966476247e-02 1.7088328792e-01 -1.5886102099e-01 -3.7566043587e-01 1.6157165065e-01 3.6393241172e-02 1.4560670480e-01 9.0854030722e-02 -1.2274244428e-01 -4.9436592946e-03 1.4479010418e-01 4.2672448333e-01 -6.2222411961e-02 3.8868011706e-01 -8.0252756347e-02 -2.0930211712e-01 -2.0107281732e-01 -2.9970270335e-01 2.9112603288e-02 -1.4064425690e-01 -1.3213272784e-01 1.5703543296e-02 8.1880334539e-02 -1.2646947196e-01 1.5421154319e-01 -2.7599389192e-02 -8.7190676442e-02 7.4422450008e-02 3.9467847996e-01 -9.3546508061e-03
-4.4216773335e-02 1.0925026733e-01 -5.2246955449e-03 1.2117839657e-01 1.0674407285e-01 1.5737863875e-01 9.1894992845e-02 -2.9796511638e-02 1.8675022103e-01 -1.2335327856e-01 1.2677256289e-01 -2.2025877558e-02 4.0203748725e-02 -7.2007125881e-02 -1.6721588031e-02 -1.2359693875e-02 1.3278031970e-01 8.9039985666e-03 -1.6935029264e-01 1.9097709852e-01 -4.9430716089e-01 1.3208066654e-01 -1.9407092422e-01 1.1955219727e-02 -1.7667823305e-01 -3.3216956588e-01 2.8786182584e-02 2.8062113102e-01 -9.1462914746e-02 -5.0687276257e-01 1.0912359360e-01 4.3262213015e-01 -2.2239095199e-01 3.4808851104e-01 1.2383373330e-01 -4.7433266918e-01 -4.6532456310e-03 4.2286577558e-01 1.5503820840e-01 -1.6743795363e-02 1.3033707519e-01 3.2615566605e-01 2.8166775804e-01 -2.7822335781e-01 -1.7282873961e-01 -1.6424639458e-01 -1.5748868163e-01 -1.8000083270e-01 1.2950733025e-01 1.7973102444e-01 -1.1172486469e-01 -9.1989183705e-02 -2.6349815796e-01 -1.0981235843e-01 2.2194585689e-01 5.6983259275e-02 -5.6173521658e-02 4.0199787018e-02 1.7797008333e-01 1.3699001020e-01 -1.2799315858e-01 -1.3565152584e-01 1.3772148348e-01 -2.7990139669e-01 -2.1833633214e-01 -1.5257470178e-01 -2.3111331165e-03 -1.0941019945e-01 -5.5590953416e-01 -2.2389462597e-01 -4.7945856309e-02 -6.4056236246e-02 2.6502655821e-01 1.7202311355e-02 -1.2633021547e-01 3.6980689341e-02 -4.4034762977e-02 -8.1298337440e-02 4.5306473230e-02 2.5951116329e-02 9.9637015635e-02 3.6349560216e-01 -5.4592140230e-02 1.5997463309e-01 -7.0159028973e-03 -5.1832016146e-01 7.5490032028e-02 -3.9155749748e-01 1.0740648848e-01 -1.3657814038e-01 -2.0578433247e-01 7.7434563217e-02 1.9151193419e-02 1.1517892419e-01 8.8211836269e-02 2.1753231577e-01 2.7538972605e-01 -1.0173124770e-01 -2.0240129553e-01 -4.9138548428e-01 7.7085800055e-02 -7.7554749767e-02 4.3088087258e-02 4.3646041747e-03 8.7148856388e-02 -3.7255360061e-02 -1.6995565946e-01 -5.6997850869e-02 4.0757278831e-02 2.6518918988e-01 1.5233371735e-02 4.9970090952e-01 -2.3926776947e-01 -3.0438276672e-02 -2.1444796221e-01 -9.5597012674e-02 7.5382974225e-02 2.2902076673e-02 2.5094514114e-02 -2.5917088478e-01 -3.9281155100e-01 3.1583746835e-02 6.1442338202e-02 -2.7125695487e-02 -3.0764561148e-02 3.0414571829e-01 1.6686602673e-01 5.7659225777e-01 -2.1943844317e-01 -1.2214596481e-01 2.2124176957e-01 2.6567261542e-02 9.2072626708e-02 4.1837750105e-01 -5.7531390490e-02 5.7340161946e-02 2.4772665257e-01 1.9673522326e-01 -7.8777800062e-02 3.6953866513e-01 -5.3693989617e-01 -2.5008110784e-01 2.9619272553e-01 -2.2763112527e-01 -2.0824564097e-01 3.6264112422e-01 2.2716392329e-02 -1.2151952333e-01 -1.2590426342e-01 -4.4045274610e-02 1.8165281891e-01 2.5792605898e-02 2.7025905808e-02 -1.1133734726e-01 -2.6559570366e-01 1.2050358042e-01 -2.9974026704e-01 1.2939752200e-01 6.9855041709e-02 4.2440615401e-01 -1.6447086107e-01 9.3798860146e-02 -8.7309627001e-02 3.4591196421e-01 2.0375708697e-01 -9.1898316759e-02 -7.7913165982e-02 1.1659398818e-01 -1.2717913897e-01 -2.4534266803e-01 -1.0435198007e-01 -3.9480899163e-01
