{
    "0": [
        0.002380425251461812,
        0.013713507156069227
    ],
    "1": [
        -0.004875753500503326,
        0.019191182056766252
    ],
    "2": [
        -0.0036342304227430394,
        0.0036354910352714926
    ],
    "3": [
        0.006370401007424541,
        0.0061288233245557515
    ],
    "4": [
        0.0024740671279561443,
        0.004796827986464886
    ],
    "5": [
        0.007117839527196571,
        0.0023163882379752684
    ],
    "6": [
        -0.006849581717190127,
        0.0030690785012613526
    ],
    "7": [
        0.0026242264697792428,
        0.021726338159771402
    ],
    "8": [
        0.00728932998173325,
        0.001345903645857599
    ]
}