{
    "0": [
        0.0023611646092524534,
        0.01511067590526071
    ],
    "1": [
        -0.00480206477496199,
        0.020186958324130165
    ],
    "2": [
        -0.003615273200665197,
        0.005964587173071012
    ],
    "3": [
        0.006376316111497617,
        0.009698472413529394
    ],
    "4": [
        0.0024964699762593267,
        0.009014414101440668
    ],
    "5": [
        0.007156065134415753,
        0.016358691842990138
    ],
    "6": [
        -0.00685157000880762,
        0.009467306271919634
    ],
    "7": [
        0.0026892945537788397,
        0.02311059756814766
    ],
    "8": [
        0.007288963307259968,
        0.009701106263729574
    ]
}