{
    "Om": [
        0.32034480000000004,
        0.3096246,
        0.312147,
        0.3178224,
        0.3001656,
        0.32980380000000004,
        0.3014268,
        0.3285426000000001,
        0.32728140000000006,
        0.302688,
        0.3304344000000001,
        0.299535,
        0.32160600000000006,
        0.3083634,
        0.30394920000000003,
        0.32602020000000004,
        0.3140388,
        0.3159306,
        0.3266508,
        0.3033186,
        0.32917320000000005,
        0.3007962,
        0.3134082,
        0.31656120000000004,
        0.3102552,
        0.31971420000000006,
        0.3108858,
        0.3190836,
        0.32538960000000006,
        0.3045798,
        0.3052104,
        0.324759,
        0.3171918,
        0.31277760000000004,
        0.3071022,
        0.3228672,
        0.31845300000000004,
        0.3115164,
        0.30773280000000003,
        0.32223660000000004,
        0.3064716,
        0.32349780000000006,
        0.3153,
        0.31466940000000004,
        0.32412840000000004,
        0.30584100000000003,
        0.3020574,
        0.32791200000000004,
        0.308994,
        0.3209754
    ],
    "h": [
        0.6548363999999999,
        0.6912162,
        0.6400149999999999,
        0.7060376,
        0.6710052,
        0.6750474,
        0.6427097999999999,
        0.7033428,
        0.6642682,
        0.6817844,
        0.6561837999999999,
        0.6898688,
        0.680437,
        0.6656156,
        0.6993006,
        0.6467519999999999,
        0.6777422,
        0.6683104,
        0.6763948,
        0.6696578,
        0.6629208,
        0.6831318,
        0.6723526,
        0.6737,
        0.6858266,
        0.660226,
        0.6413623999999999,
        0.7046902,
        0.6615734,
        0.6844792,
        0.666963,
        0.6790896,
        0.6454045999999999,
        0.700648,
        0.687174,
        0.6588786,
        0.7019954,
        0.6440571999999999,
        0.6507941999999999,
        0.6952584,
        0.6534889999999999,
        0.6925636000000001,
        0.6480993999999999,
        0.6979532,
        0.6575312,
        0.6885214,
        0.6939110000000001,
        0.6521415999999999,
        0.6966058,
        0.6494467999999999
    ]
}