6.4535893744e-04 -5.2770875356e-04 -4.1076327806e-04 3.6626337527e-04 4.7433473841e-06 -3.4952872223e-04 1.1101801557e-04 -9.2054805302e-05 3.7552288490e-04 8.7549923784e-04 9.6010315313e-05 2.4357849611e-04 1.1904503035e-04 6.4815599944e-04 -2.1144099447e-05 1.1669046819e-04 5.0837101248e-04 -1.6143183573e-04 8.5242143389e-04 -8.0464367754e-04 7.5654454559e-04 -2.2520992998e-04 -5.3695219283e-04 7.2192447989e-04 1.3342306993e-04 -1.4279332561e-04 4.4179541091e-04 -7.8153266129e-05 7.0074120708e-05 4.3544626069e-04 4.2092433770e-04 -1.4905602278e-04 -2.8926666259e-04 -4.0365271809e-04 -3.2818738045e-04 -3.1078826501e-04 -2.0718187642e-04 -2.4584776810e-04 3.3030454565e-04 -3.0341141014e-04 5.1083143930e-04 -3.5415600746e-04 -5.2952402209e-04 -3.5794124122e-04 1.3740614153e-04 -6.0993937084e-05 1.7372588650e-04 -9.0435696777e-05 5.7650544176e-04 -6.5024514593e-05 -7.8551067740e-04 -2.9146517387e-04 8.3560689668e-04 -5.5882853037e-04 2.0858933613e-04 4.1231545980e-04 -7.4052396619e-05 -3.4892754778e-04 -3.9231408165e-04 1.1225407218e-04 2.6502576841e-04 6.8600197071e-04 8.1660802491e-04 1.8632795732e-04 -8.1458401087e-04
-1.2570850259e-02 -3.8080471550e-02 2.4963895020e-02 -2.4974679311e-01 -7.3212914282e-02 -3.6519385366e-02 1.1921081987e-01 5.3341157926e-02 -7.9691964719e-02 -1.9009331270e-02 -4.2407457252e-02 3.5619079416e-03 4.0919566777e-02 -1.9026257289e-02 1.1794262601e-02 -2.4665243523e-02 2.2928721406e-02 -8.9687105988e-03 -5.4060474404e-02 1.3520646442e-03 -2.9718601904e-02 -1.2593718560e-02 4.1478990682e-02 -2.8520373053e-02 1.1708598425e-01 2.6635061212e-02 -4.7546466152e-02 5.5320902092e-03 4.6053433613e-02 4.4012809096e-02 1.9191269605e-02 -2.5885090475e-02 -3.5226245985e-02 2.6859830174e-02 -3.0675697129e-02 7.6164481761e-02 -6.6430184137e-03 -2.7920653251e-02 5.7443404767e-02 9.6018848070e-02 2.1822751387e-02 -7.1148162467e-02 -5.4874345620e-03 -7.2325031293e-04 -2.3727850703e-03 -3.4590696722e-02 -1.8422843346e-02 1.0912818717e-02 1.2386794402e-03 -5.7422775402e-02 3.5455762996e-02 -1.1163414157e-01 -2.4491745830e-02 -4.7252290432e-03 -4.7597658754e-02 -1.4794740569e-01 -3.5648515317e-02 3.8152219388e-02 -2.8123209392e-02 5.2915179684e-02 -1.6513320055e-02 4.2253697972e-03 6.3243041940e-02 2.4134507608e-02 3.2944449424e-02
-3.5148234500e-04 -6.6659477042e-04 2.8663748596e-04 6.1299284197e-06 5.4802747661e-04 3.5506322083e-04 1.9845293791e-04 -3.7600069046e-04 -1.5269626838e-04 -7.0690638098e-04 8.0015202433e-04 2.2648854450e-04 -2.9704190732e-04 2.3893308783e-04 -7.8064779365e-04 5.6789963564e-05 3.7035688720e-04 3.2009265914e-04 1.2213708761e-04 -4.1352842286e-05 2.0584839066e-04 4.2646270635e-05 2.2276759227e-04 2.0662795077e-04 -1.5845221817e-04 -2.4256129791e-04 4.2529609426e-04 6.6950720232e-05 8.4555986706e-04 1.4875517556e-04 -1.7488313996e-04 7.7198538991e-06 1.1172405722e-05 -4.8488823770e-05 -6.1403168630e-04 2.1804008812e-04 -7.1128858455e-05 3.0230747403e-04 -2.0209527051e-04 3.4539901451e-04 1.6928135975e-04 -2.0800314790e-04 4.1090510390e-04 -3.2120556955e-04 6.1225047223e-04 3.2550837219e-05 -8.8672273365e-05 -5.5707090309e-05 5.4796516234e-04 -3.0198768301e-04 2.4809442392e-04 -3.2015458708e-04 -3.6002133305e-04 -4.8309790528e-04 -1.3173279092e-04 4.0670459860e-04 -3.9651936476e-04 -2.2513274858e-04 3.0996364746e-05 -2.8050846029e-04 -7.5576070316e-04 1.1749312578e-03 4.1260082167e-04 4.8412232291e-04 -1.1495365473e-04
3.6292060655e-02 4.0826225031e-02 -3.1079952792e-02 7.8550854314e-03 -7.1527088027e-02 7.5310938295e-03 -9.3249670458e-02 8.1931965272e-02 -7.1217535921e-02 -8.4147947994e-03 -3.1097846365e-03 -1.6753036291e-02 6.6397732119e-02 -4.8703420410e-02 2.5708908695e-04 2.2436148484e-02 7.0777984315e-02 3.0098812510e-02 -5.9816305079e-02 9.8852193016e-02 -6.8016355162e-02 1.6405685318e-02 -2.7910276439e-02 -9.0607093292e-02 -1.1883893667e-01 -1.2999894815e-01 2.1905848374e-02 -1.3464027055e-03 3.8243096012e-02 3.6087286269e-02 -4.1051327442e-02 4.5591232865e-03 5.6278859667e-02 5.5870230051e-02 8.1008874892e-02 -1.8756433231e-02 3.1014674450e-02 -1.2039892244e-02 -1.6416325190e-01 -8.7845689758e-02 3.6393050258e-02 -3.1313701344e-03 -2.9691747650e-02 -6.4545873006e-03 1.3477404890e-02 1.0227281996e-02 -7.6541955379e-02 3.5295825136e-03 3.6098811188e-02 2.3537827471e-03 -8.5960754230e-03 -7.4530171271e-03 1.6856977205e-02 -1.0507690822e-02 -6.0260295911e-02 -2.6542111836e-02 6.2870812457e-02 -1.8814014274e-03 3.9892276835e-02 -2.5479957753e-02 1.6073640787e-02 -6.4854086385e-02 3.2133043430e-02 3.2117034742e-02 8.5019844579e-03
5.0571116283e-02 -4.1852511475e-02 -1.7506282991e-02 6.0863976204e-02 -1.5400603739e-02 1.3341632670e-02 -1.3777475532e-01 6.4183697351e-02 2.8782249965e-02 1.4376105893e-02 -3.3377130174e-02 6.3857107468e-03 -3.3742209264e-02 1.7330878553e-02 3.3266004684e-02 4.0594501838e-02 -8.7174352409e-02 -7.8090099876e-03 -4.6971580450e-02 -9.1176181163e-02 -3.6818734595e-02 1.2268390427e-02 1.7868098457e-02 -2.1953913302e-02 3.0186275683e-02 -1.6105069995e-02 3.5247606295e-02 3.2018419050e-02 2.4258483618e-02 -6.4615086964e-02 -6.8774804861e-02 3.5944063790e-02 -3.4976516795e-02 -1.4663981622e-02 6.0436487634e-02 -2.6468852172e-02 2.7026939578e-02 -2.7666696817e-02 -6.2575951381e-02 -9.2522978741e-03 -7.9451116038e-02 -3.1290614572e-02 2.8062743172e-03 -4.4777916971e-02 7.8068929773e-02 -3.1347412322e-02 8.8147050396e-02 -7.3102982491e-02 -2.2425781030e-02 8.0974380241e-02 4.0327822029e-02 1.7710660483e-02 1.9595562765e-02 -2.2897199793e-02 -4.0415088336e-02 1.7270948285e-02 1.0282587250e-02 2.0490902543e-02 -6.7788794491e-02 -5.8707465834e-02 -1.0671594236e-03 7.6820747582e-02 2.6458316309e-02 8.2317011908e-02 8.6085380770e-02
-2.2646305390e-04 -2.4254938163e-05 6.4232034117e-04 8.8115429611e-06 1.3361533475e-04 -1.5438146948e-04 4.5817398765e-04 5.3891763745e-04 -6.6598187800e-04 -5.5044003988e-04 3.7487322733e-04 -1.7333332377e-04 7.8776403107e-04 -1.5007576416e-04 6.6419559902e-04 -2.9217333093e-04 2.7505153355e-04 1.3216972885e-04 2.9599257951e-04 -2.8022762803e-04 -1.1317440850e-03 1.5183350056e-04 1.9256279293e-04 6.7180231375e-04 -1.8373793886e-04 4.0414109960e-05 -2.5486113723e-04 -8.3218017012e-05 2.5223356452e-04 -7.9780956080e-04 -1.1627295028e-04 -6.2878984462e-05 1.7918051713e-04 4.6069027084e-06 1.2437741321e-03 -7.6811536479e-04 -1.4354469174e-04 -2.9637100693e-04 -1.0369326532e-03 3.1318185834e-04 -4.5548275769e-04 -2.9804687453e-04 -1.0228191151e-03 -6.4139410720e-04 -6.6421589051e-04 2.2083118157e-05 1.7761251007e-04 1.4322166118e-05 -4.6591506411e-04 3.1127668742e-05 4.3488100839e-04 5.0358234944e-04 -3.8779834711e-04 -9.8154241195e-05 -7.3417639871e-04 2.8278162313e-04 5.8182006444e-04 6.0330589405e-04 -5.7180718623e-05 9.6257687257e-05 1.2970064802e-04 3.2906512196e-04 2.7413475501e-04 6.4680436325e-04 -1.9024122291e-04
2.4979932243e-02 -1.3702390817e-02 -2.9658101390e-02 6.0845920316e-02 -2.5837187826e-02 -1.2264901665e-02 5.2694581870e-02 -5.4827597749e-02 1.0376959891e-01 -1.0463581744e-01 -5.8278201441e-02 -4.1130167250e-02 3.6876139312e-02 3.0628552165e-02 4.2014568059e-02 -2.0809631919e-02 4.5679871865e-02 -3.6323909696e-02 -1.5958601885e-02 -5.3845348913e-02 3.4228437009e-02 -3.2874112216e-04 -3.2747981669e-02 4.1706745849e-04 -5.0189793665e-02 -2.6628866002e-02 2.4825368517e-02 -2.4508998411e-02 -2.7389252049e-03 1.6257955903e-02 -2.4757195548e-02 -1.1412866017e-01 -4.9610397205e-02 -2.3832858084e-02 1.3309922510e-02 -3.2314321445e-02 2.0279677758e-02 -4.1191483511e-02 -2.9312890223e-02 5.0326412785e-02 -6.6145831298e-02 6.0441287878e-02 -1.1949935833e-02 -6.4653074421e-03 8.1276114077e-03 -6.8961566735e-02 -2.2578646743e-02 -1.0607541797e-02 1.2634422284e-02 -1.7690698196e-02 -1.2411747447e-02 -3.9328843059e-02 -2.3926325348e-03 -5.0636249128e-02 2.7676932787e-02 -1.0603823229e-02 3.8406897380e-02 3.1018723275e-02 -6.7208450917e-02 1.6670047606e-02 1.0329841345e-02 3.1343537085e-02 -2.8648665217e-02 -7.5659061474e-02 -3.8850381035e-02
4.1275661367e-02 3.1446249829e-02 -5.3537439665e-02 3.3071417264e-02 -1.6962250986e-02 4.1540813552e-02 -1.0276114917e-02 3.1147305784e-02 2.1393862998e-02 3.1356890941e-03 4.5628974400e-02 -8.4252056894e-04 -3.1487821716e-02 3.9445585707e-02 3.6630526071e-03 -4.6305777176e-02 -3.1010050827e-03 -2.5087457330e-02 -2.3979011328e-02 1.0057660867e-01 -3.8907664515e-02 2.7990237970e-02 5.9130041716e-02 6.2671248183e-02 1.0352055419e-01 -2.5883925749e-02 -6.4152935191e-03 8.6436003313e-02 2.9998121483e-02 1.0324392958e-02 -3.8214054213e-02 1.6733580769e-02 -5.4290063267e-02 -6.7549707479e-02 -2.6781871775e-03 -1.3541993128e-02 4.7630079413e-03 -4.7036929134e-04 -8.0878636697e-02 2.8543934602e-02 -7.4669380247e-02 -1.7039565942e-02 -5.4754382335e-02 -6.2161694018e-02 5.1237171423e-02 1.1116175387e-01 -6.6918108005e-02 3.7465820726e-02 9.7905099792e-02 -1.6677129523e-02 -2.3111944175e-02 -4.7196467083e-02 4.2234365975e-02 3.1627537435e-02 -1.0376911108e-02 -1.5332811637e-02 9.1502259816e-02 -4.4085671743e-02 1.4356612937e-02 3.6138550610e-02 2.0939768288e-02 -5.7039371098e-02 -4.1814158565e-02 -6.6341646820e-02 1.8954975066e-02
1.0958590122e-04 8.8979978609e-04 3.9907985796e-05 -8.6760016714e-05 -4.4942506257e-04 -5.7898601615e-05 -2.1875293711e-04 1.8327213638e-04 -6.8213205524e-04 -5.8568545624e-04 5.0179308028e-04 3.7428130010e-04 -4.8571270846e-05 1.1507315994e-05 1.1597915665e-03 2.9943661845e-04 1.9906877990e-04 -3.8680282273e-04 1.4412459518e-06 -6.6126806060e-04 4.0199497867e-05 4.1412967333e-04 -5.9224746706e-04 -7.9876230475e-05 -4.6233413752e-04 9.6653980828e-05 4.0962273038e-04 -4.9322545302e-05 -1.0103496149e-03 -1.3673374150e-04 -1.2103808518e-03 4.4648511693e-04 -5.3867919548e-04 -6.5674982481e-04 8.6310416756e-05 1.6536875579e-04 6.1550833327e-04 3.0049209264e-04 6.7505194354e-04 -5.5865640614e-04 2.6885354648e-04 -2.2071677621e-04 1.1210983580e-03 -1.6888230938e-04 -5.7036292665e-04 1.9819679918e-04 2.7367368645e-04 5.0837393304e-04 -1.8908393532e-04 -2.5249530523e-04 3.2700555893e-04 2.0714323623e-04 2.5354795351e-04 -1.1993470077e-03 3.3029033166e-04 1.1281168779e-04 1.3874383851e-04 -1.7001261407e-04 -1.3898086342e-04 9.2518941415e-04 -7.1728648336e-04 -3.8831682322e-04 -5.9729040926e-04 4.5237135596e-04 -4.0033328250e-04
5.7984772074e-04 5.2388710127e-04 -2.5377740312e-04 -1.0772380774e-04 -7.4955077067e-04 2.5462354179e-04 4.9311063432e-04 -4.6552232415e-04 -2.9760823216e-04 -1.9366755989e-04 3.5145668716e-04 -2.1768898854e-07 -6.0215209544e-04 -1.2597165511e-04 2.4332381482e-04 -8.7455112583e-04 -5.5835868798e-04 -6.5951843100e-04 2.4743024398e-05 -3.4352513046e-05 -2.8481365969e-04 3.3189308581e-04 -6.3258740146e-04 1.9182445885e-04 -2.0132539725e-04 -6.2827648086e-04 6.7227146762e-04 3.3153800585e-04 -6.4157643756e-04 -3.3281235632e-04 2.8103184699e-04 1.1168874927e-03 -1.6268576412e-04 -1.9973778034e-04 5.1521544284e-04 -9.6895230287e-04 -3.9236321658e-04 3.0813571791e-04 -3.8528411816e-04 6.0560854350e-04 -7.0110080951e-04 -7.2800098834e-04 1.5252889935e-04 1.3957290503e-04 3.6195854242e-05 3.7773044262e-04 -1.0254923308e-04 -2.6873619528e-04 2.8183676668e-04 2.8201721999e-04 -1.7283087690e-04 -3.4156349563e-05 2.8590258235e-04 -3.9325886440e-04 1.8853156557e-04 2.5721519193e-04 7.0864476333e-04 -5.7044158495e-05 2.4801462405e-04 -8.5561223976e-06 -4.9558806982e-04 -6.6477500720e-04 -3.5267291694e-06 2.8451902002e-04 7.1384032835e-04
-3.8852353642e-04 -2.0788554397e-04 -5.4240970064e-05 -4.7927550953e-04 -3.1637480981e-04 -2.3459781162e-04 4.5589371771e-04 8.3012105152e-04 4.7858726417e-04 -6.5784438784e-04 -1.9591119053e-04 1.7638258975e-04 -2.4202559617e-04 3.1465519286e-04 -7.9867665553e-04 -6.7903813828e-04 4.5237762905e-04 -3.7542745664e-04 -2.1879996827e-05 -2.1696627059e-04 5.9746226305e-04 3.5753149370e-04 -1.3770141946e-04 -9.8249098299e-04 3.5332715307e-04 4.1950454326e-04 2.8397913080e-05 -2.9959237233e-04 4.1263365976e-04 5.7886903725e-04 5.6089814360e-04 7.4593568205e-05 2.3363820605e-05 3.6981902676e-04 -1.3844270532e-04 3.8892640351e-04 -3.6343177991e-04 3.3776627840e-04 -8.2462319314e-04 -4.8720600818e-04 6.9824981243e-04 -7.9755967895e-04 3.5275712380e-04 7.9925398030e-05 6.0244138893e-04 -7.2775580593e-04 1.5199467795e-05 -5.2723502446e-04 -3.0072669103e-04 4.1945821608e-04 7.6186789136e-07 -3.5389385568e-04 1.3566588583e-04 5.2922870402e-04 3.5705093275e-04 -7.8680606831e-05 -1.0090279708e-04 -4.2183645248e-04 -5.6965641652e-04 -4.2688058057e-04 -1.2370437788e-04 4.9320859142e-04 -1.7118896147e-05 -4.2866196368e-04 -1.6551960718e-04
-5.3122980086e-04 1.0951873809e-04 -4.2500421266e-04 -4.1652549149e-05 -4.0373136881e-04 4.1995968548e-04 -5.3464270138e-04 3.2200574134e-04 -3.8868485223e-04 -6.2994045047e-04 6.7897261302e-04 5.6842718212e-04 -2.3716519885e-04 -1.5419338737e-04 3.2717494839e-04 4.5669836029e-04 -3.1769889425e-04 5.4453845318e-04 -7.8081944332e-04 1.0876594801e-04 9.6041008695e-04 1.8296338294e-04 2.3178804395e-04 -6.4046489290e-04 -4.3053631017e-04 -2.5759215757e-04 -4.4860800458e-04 3.5337701815e-04 1.5589329992e-04 -6.5520700196e-04 -1.2972006620e-04 -8.4743253613e-04 2.2705350747e-04 5.0631003615e-05 -1.0955539437e-04 7.4347931709e-04 4.7514299283e-04 1.5252279878e-04 4.4836525042e-04 5.1462377341e-04 -3.9818364080e-04 2.5811781725e-04 3.7436103561e-04 -3.1586994928e-04 3.0627285370e-04 -3.0328579817e-04 4.1386000505e-04 -2.1072923083e-04 -5.7282003395e-04 -3.8778931511e-04 1.1374185842e-04 3.5505267049e-04 -6.0661494085e-04 -2.7737991808e-04 -6.6892903026e-04 1.1591480719e-03 -5.6919805491e-05 4.7691713016e-04 5.5065673620e-04 -5.6627854995e-04 1.8900392489e-05 6.8208349535e-04 -1.6347894205e-04 1.6966022316e-04 -6.3248866107e-04
-7.8986606436e-02 1.1172174765e-01 -3.0189895927e-02 1.6658890878e-02 2.9524894395e-02 -2.0306898119e-02 3.9124784351e-02 -3.3828992240e-03 4.2990386765e-02 -1.0788513373e-02 -7.0751083690e-02 -8.5286312426e-03 3.0353632938e-02 -2.2492795982e-02 -3.6909267169e-02 6.2311181392e-02 2.4741089202e-02 6.4981545721e-03 -1.4821509345e-02 3.3575962250e-02 -6.4524078383e-02 -8.9193998525e-02 -8.6437555824e-03 3.1425148140e-03 1.6131291825e-01 2.9382467387e-02 -7.0940430196e-02 -3.3564291816e-02 7.1496020809e-02 -3.0171666331e-02 -2.6135879089e-02 2.0448181841e-02 5.2188320233e-02 3.7583882320e-02 -1.0928483936e-02 -4.2536008499e-02 4.0832230357e-02 -3.6451304351e-02 6.4074413913e-02 1.3408857173e-02 3.4882626657e-02 3.0295508694e-03 -3.2196322498e-02 8.8083285050e-03 1.9983238627e-02 8.9992858252e-02 -3.0244965748e-02 -4.9785415391e-02 -3.4795535011e-02 -2.8883598250e-02 1.7780930779e-02 -1.5473700140e-02 1.4553924796e-02 -1.9004084178e-02 -2.6013005872e-02 8.2945284109e-02 6.0924768310e-02 3.9130428342e-02 -5.4404857829e-02 -6.6135668655e-02 -7.1488431909e-02 -2.5051450506e-02 1.7795678151e-02 4.2959875289e-02 -1.0449371496e-02
-6.4145443312e-03 6.8411721891e-02 -5.4536008338e-02 -2.7725075050e-02 -2.5208231886e-02 2.0301607211e-02 4.2020961353e-02 -1.5166885495e-02 -1.2253843892e-02 8.8950571213e-02 5.1021495737e-02 2.2935393180e-02 -1.9968909169e-03 -1.2245059928e-02 2.1700645697e-02 -5.4688044563e-02 8.2220014324e-03 -7.8151452117e-02 -4.3953766915e-02 1.9740235599e-01 -1.3544788663e-01 7.0661405833e-02 6.3698611433e-02 7.4769471187e-03 -5.2126929244e-02 -9.3170678622e-02 -1.0937578966e-02 -1.2987392374e-03 7.1223880729e-02 -6.7732807474e-02 -2.3908778288e-02 3.4713123618e-02 -2.8180345530e-02 -1.1589996056e-02 3.1460039402e-02 8.4561561237e-02 8.4999744805e-02 -4.2048364826e-02 1.3294010071e-03 2.0726969335e-02 -1.0455042769e-01 3.2329973488e-02 6.3272430761e-02 1.9158611514e-02 3.6963717204e-02 -2.9892617654e-02 6.0983257674e-02 1.0606100479e-01 -3.4348290090e-02 -2.1055171150e-02 1.9019385687e-02 8.4582853049e-02 -4.9681429369e-02 -5.8921540171e-02 -8.1492045802e-02 -4.0948334974e-02 1.6976423794e-01 -4.3347967086e-02 -3.0430168882e-03 -8.6392879020e-02 -2.3498325215e-02 5.6114430237e-02 -1.1935651311e-02 -5.6676053592e-02 1.2543631634e-02
-5.4585030122e-03 3.5941655824e-02 1.2811828370e-03 1.2414234623e-01 -7.6563220077e-02 4.1600473330e-02 -1.0637013525e-02 1.0563558761e-02 2.4562410130e-02 -1.7515747607e-02 -8.5950300251e-02 7.0693191230e-03 -4.0074244881e-02 -5.6355611015e-03 3.5552499059e-02 5.6561979226e-02 3.8100825468e-02 6.5444765531e-02 9.9122418762e-03 -9.2122769986e-02 3.6135784546e-02 4.8618772833e-02 4.2428578685e-02 3.8995368709e-02 -1.0569884609e-01 2.2765327180e-02 -7.5349251519e-03 6.5432809292e-02 4.3860195633e-02 3.3241919527e-02 -2.1685921002e-02 -3.6747648822e-02 -4.2823271567e-02 -1.4376716984e-02 -1.2031997529e-01 6.9674593050e-02 6.3516573974e-03 7.8823526359e-02 -8.8655405989e-02 3.7503292236e-02 -3.2020512173e-02 4.1969083954e-02 -1.2516537418e-02 4.2702309221e-02 -3.0958024187e-04 6.9988639105e-03 1.7682088748e-02 -9.8119068355e-03 -9.5033242406e-03 -6.6907875214e-02 -3.5276807442e-02 2.4270348226e-02 -1.2381823494e-02 -6.3545198754e-02 -2.3156094831e-02 5.7792579499e-02 6.2610362336e-02 2.6200099176e-02 -5.6038065820e-02 1.1192845256e-02 -5.7823550584e-02 7.1552635206e-02 5.0053191659e-02 8.1642171238e-02 -3.8862451864e-02
9.6892309051e-03 -3.7853598823e-02 -2.9771383457e-03 -8.8006354730e-03 4.4983592050e-02 3.8476045744e-02 -7.3102742332e-03 5.9636563770e-02 -9.7063531180e-03 5.5279014748e-03 -2.0759423019e-02 -2.8420193683e-02 2.9442836663e-02 -8.4649801057e-02 3.3515643091e-02 9.6671339765e-02 4.1401376731e-02 4.2960936324e-02 5.8071014168e-02 -2.6550298241e-02 9.2737365980e-03 -2.5008611403e-02 1.6708194310e-02 -1.4848979055e-03 8.9963588825e-02 4.8370863880e-02 -2.7144162789e-02 4.4147566553e-02 -9.1820617405e-02 -5.8112409431e-03 -2.9503178510e-03 -2.2083700262e-02 -2.7367310971e-02 2.1680553890e-02 6.7718737916e-02 -3.5605238671e-02 6.0356336693e-02 5.4805469452e-02 -1.6186261650e-01 2.0855093014e-02 1.0668992189e-02 1.0667463122e-01 1.4063037677e-02 -4.6136944156e-02 2.7414230559e-02 4.7095744367e-02 3.1658089105e-02 -4.4617237376e-03 3.8968061550e-02 -2.8305693681e-02 -3.6588256938e-02 -2.5717074291e-02 -4.1264492970e-02 2.1180134761e-03 5.1860287566e-02 5.5146655332e-02 -2.6800035023e-02 4.8249142897e-02 -2.5995943984e-03 -4.0562347486e-02 6.4182095245e-02 4.7206282955e-04 -2.2731184950e-03 -6.0010910813e-02 9.7310434776e-02
2.3035197146e-02 -4.2719363987e-02 5.7337424263e-03 5.4157458346e-02 -1.3550253338e-02 5.9426896124e-03 1.6549415534e-02 7.2887074543e-02 -5.8488991312e-02 1.9113585718e-01 2.9119393563e-02 1.3405696148e-02 -2.7575267181e-02 -4.2048652373e-03 5.3882299581e-03 -5.7275277301e-02 2.0182693756e-02 -5.6969520944e-03 -5.6469976624e-02 4.3140496907e-02 3.8856310811e-02 -2.4125720577e-02 -7.6138347003e-02 5.1382143342e-03 8.7113838923e-02 1.6816155107e-01 6.0072632367e-02 5.6208122919e-02 2.6895947910e-02 2.1736474785e-02 -2.1113840094e-02 -6.6579259466e-02 -4.3033838279e-02 5.6156621469e-03 -5.1207513814e-02 2.1760299796e-02 4.4781588468e-02 1.6907173032e-02 -1.1324822397e-02 -2.6544010093e-02 1.3961769464e-01 -2.3837344219e-02 -4.7050157353e-02 -7.2668149944e-02 8.0884658299e-02 -3.5088930132e-02 -4.8218101586e-02 -8.6215588375e-03 1.7652401941e-02 -3.5082542557e-02 8.0485647084e-04 -3.6691541085e-02 -1.4762487707e-03 4.0939522012e-02 3.5258951513e-02 -3.0752036962e-02 3.3020061247e-02 1.1185543658e-02 -2.4113666401e-02 -1.7248690338e-02 1.0155783613e-03 2.3300920083e-02 4.2335837959e-02 -2.5662676742e-02 -1.1102481811e-01
2.4003651919e-04 -3.3986369099e-04 4.6727686781e-04 1.3064834945e-04 -3.8594140729e-04 -8.9836596078e-04 4.0200344341e-04 -5.1993688383e-04 -4.6611233470e-05 -1.3191596053e-04 -5.5281421941e-04 -7.7419173420e-04 1.1795713057e-04 -1.9109223365e-04 -3.5061204569e-04 -5.1202985743e-05 3.2347362490e-04 1.4421294460e-04 -3.4502358389e-04 -4.1087256290e-04 5.5505600703e-04 2.0641195365e-04 -8.4061361076e-05 -3.2406304246e-05 4.6047323555e-05 2.8988902062e-04 -7.6961162612e-05 6.2457058034e-05 -1.6082892877e-04 5.4180822683e-04 3.0366028845e-04 -6.2423325878e-04 6.3782301060e-04 1.2541392760e-04 -5.4262868802e-04 5.6651539421e-04 3.1821796056e-04 -5.3352375152e-04 -3.4461023341e-04 2.9933255120e-04 -5.2315801343e-04 9.3909846186e-05 2.5826335046e-04 -1.0121848408e-03 5.0829370279e-04 6.1454379379e-05 8.3500105499e-04 6.3961240534e-04 -3.7691988790e-04 2.0414550925e-04 3.2302265528e-05 -7.3356015403e-04 -3.2726603123e-04 -2.2683990529e-05 4.7186129980e-04 2.8648028895e-04 -9.6104143662e-04 1.0568733216e-03 4.8171888983e-04 -7.6775489241e-04 -9.2694814797e-05 7.6172106329e-04 1.3512870945e-04 -1.5013033387e-03 3.3355769072e-04
-5.5976200439e-04 1.3666772316e-04 1.3361976510e-05 -6.5562108851e-04 -1.1180313207e-04 5.8359412150e-06 2.6529899367e-04 -1.6285611795e-04 -6.4051142012e-04 4.4718174672e-04 -3.5293301284e-04 -1.7198065808e-04 -2.9607156293e-04 -6.8764714812e-04 -1.5310700888e-04 2.7260585179e-04 4.6728063732e-05 4.2987967957e-04 -9.7642425412e-05 -4.9244704848e-04 -4.3900441824e-04 -2.5213883196e-04 -2.3052973783e-04 -4.5612857401e-05 8.3445834212e-04 1.9304643693e-05 1.1068394283e-04 -1.3259369505e-03 3.8587303809e-04 3.5915298638e-04 2.6597395021e-04 5.6051027576e-04 1.8601187716e-04 -3.3309496426e-04 -3.9227788626e-04 -6.2696116926e-04 6.2502623306e-05 1.1444049377e-04 4.6183111007e-04 1.4616001643e-04 3.2169979527e-04 6.9034372525e-04 8.1773810960e-04 2.4882673033e-04 1.6279966552e-04 5.1576061170e-04 4.1782485660e-04 -3.5209552397e-05 -1.9483592737e-04 -8.9132226789e-04 2.8157607757e-04 1.4063841733e-04 -4.2395702481e-05 -4.3021480653e-04 -2.4239803926e-04 -4.2724384801e-04 -2.0608857577e-04 -5.9425209058e-04 6.4274105508e-04 -2.4747143111e-06 3.3564381055e-04 -1.1246735906e-05 -1.2004737948e-04 6.9469338590e-04 -6.1744887857e-04
2.6465755418e-04 -3.9099426987e-04 6.8079658005e-05 6.5017945010e-04 -3.1043626771e-04 5.1528600422e-04 3.1570580878e-04 4.5451931394e-04 -1.1292285165e-04 -1.7501237551e-04 1.2605544749e-04 1.7736471010e-04 5.2937654946e-04 -4.4953087021e-04 4.8004798230e-04 1.8997474244e-04 4.8839757119e-04 6.8104603824e-04 -1.3894663386e-05 5.0693765467e-05 -3.1253060871e-04 8.4324862542e-04 5.7163336637e-05 -3.7006141991e-04 2.0051373013e-04 9.2941949630e-04 -2.6741108706e-05 -1.2535942446e-04 -4.5522647182e-04 5.7564549424e-04 -1.0384770984e-03 3.9540929078e-04 2.4511507090e-04 -3.0142597772e-04 4.2924078554e-04 6.6141495102e-05 9.1212889908e-05 -1.0131906864e-03 -6.9467526131e-04 5.3553777211e-04 1.6334561487e-06 -6.4175105599e-04 -6.0508719281e-05 2.3722361858e-04 2.5310718513e-04 -1.4184769533e-04 6.2947361297e-05 -2.8971638977e-04 -1.0782447346e-04 -4.1673706257e-04 5.7422693391e-04 -6.1085810789e-04 4.7838727779e-07 -2.1939209925e-05 -5.8268507602e-04 2.4342628663e-05 -3.9331038846e-04 -3.1451896867e-04 -1.4026773616e-04 -5.3127685232e-04 -5.6078070666e-04 8.6621712744e-04 -3.6015009968e-04 -7.2838995970e-04 -3.1917351285e-05
2.5913207716e-02 -3.1877076734e-02 7.1514814732e-02 -5.1628527658e-02 -2.9944495619e-02 2.8016636303e-03 4.4612957160e-02 -1.8315912307e-02 -9.5406196237e-03 3.3181657997e-02 -6.1521508998e-02 3.1482401821e-02 -3.2331998441e-02 1.8607783505e-02 -1.0081582635e-02 3.2266082933e-02 -3.7055060999e-02 -8.4990487664e-04 -4.3997157535e-02 -2.1391722415e-02 8.0692195640e-02 4.4415643510e-02 -9.7826962227e-03 -1.7239762153e-02 5.3701518666e-02 -8.8843131523e-02 3.3045788126e-02 -2.5713938484e-02 1.0293634006e-01 5.4953017666e-02 -2.8048916895e-02 7.0544495440e-02 -2.8933699800e-02 9.3177441224e-02 -1.9312515149e-02 -6.1110418743e-02 1.7230498202e-02 -4.6926701673e-02 9.6297125153e-04 -1.7866281932e-02 -2.8180697411e-02 6.7610581667e-02 3.2708282393e-02 -3.2337683561e-02 -1.6786344504e-02 1.3058830620e-02 5.1232651164e-02 4.7078649089e-02 -2.1600829714e-02 -2.7800559824e-02 7.5294942500e-03 -1.0482178308e-01 3.2872050487e-02 -1.1476656164e-01 6.6952503517e-02 3.4568522474e-02 -6.8481254789e-03 2.9959069879e-02 7.3536872399e-03 -4.8000536490e-04 3.2807370240e-03 -1.1359991785e-01 -8.3685893351e-02 1.2986308738e-02 -4.7162649953e-02
1.6065647275e-02 3.8101239954e-02 2.9876227476e-02 -6.5165539114e-02 1.5741362532e-02 7.5587395175e-02 5.4420011147e-02 5.0340335071e-02 1.8334169204e-02 -8.1968605126e-02 7.3399247542e-02 -6.6642143176e-03 1.1242654370e-02 4.8749511543e-02 -1.1429734871e-02 3.6129457522e-02 -1.8457396567e-02 7.7601688469e-02 -2.9961932790e-02 -4.8166809929e-03 -5.8635789378e-02 -9.3735836586e-02 -2.1792949038e-02 -5.0581290409e-02 -5.7425957662e-02 -1.9444376582e-02 2.3202880611e-02 -9.9170228931e-02 2.1391381876e-02 -3.0613821180e-02 -2.6040985592e-03 -7.5641930886e-03 -9.3193885770e-02 -1.5518618314e-02 -4.5302034026e-02 9.6253623881e-02 -1.7871418728e-02 6.2983933996e-02 -1.1638429140e-01 4.3694609641e-02 2.7695403163e-02 7.3525542214e-02 2.3407899427e-02 3.6738858626e-02 -7.6043142766e-02 -2.6067586379e-02 -9.3300919336e-02 6.8681016915e-02 4.8129449424e-02 2.0442058396e-02 -5.7952358326e-03 -1.1119271530e-02 2.4409802216e-02 2.4143898698e-02 6.5797920611e-02 -6.8264591891e-02 -3.2974270957e-02 -2.2930744043e-02 -6.0003918929e-02 -6.4939662903e-02 -3.0568341457e-02 2.8147370513e-02 1.3795105556e-02 4.8426205658e-02 -1.6643695876e-02
8.0845320112e-04 2.3840783493e-04 -2.1200253863e-04 4.7047635420e-04 -3.8590412937e-05 -5.7596126039e-05 1.0550935375e-04 -4.7926948713e-04 2.3485483463e-04 5.8811334479e-04 -8.4706209053e-04 -7.2813871048e-05 -5.0354281198e-05 5.2918941745e-05 4.5504978240e-04 2.3462622229e-04 -4.7525635204e-04 -2.6973672976e-04 -3.2452928308e-04 -7.4861500816e-04 -4.0958815989e-04 -5.4659397119e-04 -1.0817751554e-03 -4.9406384684e-04 -4.2276020961e-04 -2.3700620228e-04 7.2550770453e-04 3.2279946113e-05 -3.9547349349e-04 6.0931947218e-05 -1.2473139005e-04 2.5705200955e-04 -4.4291512536e-04 5.6990704577e-05 -1.0413746581e-04 -3.2601578086e-04 2.3640596503e-04 -2.0086993042e-04 -3.4516836344e-04 -3.3928891652e-05 3.5302117108e-04 -8.8942952611e-04 2.3715442281e-04 2.1308797550e-04 -3.6543745086e-04 2.5363517926e-04 -2.6925752292e-04 7.8072731100e-04 4.5931433295e-04 4.9007588138e-04 -2.4785717927e-04 -2.3679818624e-04 -6.2129586809e-04 -1.2573419199e-04 -1.7058633977e-04 8.0308744913e-04 -5.5601902395e-04 -1.3461923396e-03 -6.2107712824e-04 2.1920365808e-04 -4.7250801628e-05 4.7899995421e-04 -2.3374022950e-04 -5.4601695738e-04 -4.0228426004e-04
3.7679906681e-04 3.2601211000e-04 -1.5872928166e-04 5.2222217049e-04 3.6438471101e-04 -2.1557652694e-04 -6.3112040677e-04 -2.0903401991e-04 8.2791089538e-05 -5.5888061331e-04 -5.9944422117e-04 9.6671166489e-05 2.7274877347e-04 9.6691304158e-05 1.7147216284e-04 -7.3593606971e-04 6.1995379592e-04 -4.7439294462e-05 1.3136631404e-04 -9.4539609808e-04 3.4020404584e-04 1.9325397397e-04 3.3310535917e-05 9.7268546829e-05 2.9896636808e-04 4.9189845588e-04 4.2165058729e-04 -3.3362743391e-04 -3.7468371163e-04 2.0926766383e-04 -5.5672124135e-04 -2.5099092510e-04 -2.0213713415e-04 -4.2186463262e-04 1.6464616412e-04 5.0850618955e-04 -1.6790352451e-04 -7.9425546097e-04 -3.2244880842e-05 -5.3254252358e-04 -1.3971645308e-04 5.0147456488e-04 2.0380349339e-05 -7.0960952424e-04 -5.4756388430e-04 1.4863929312e-04 4.8431388277e-04 -2.6331222169e-04 1.5780476249e-04 3.2688251140e-04 -1.9721219108e-04 2.3433992255e-04 -2.8474690578e-04 -1.7415995370e-04 4.2165061984e-04 3.3922452390e-04 -5.7209691503e-04 -8.1157492371e-04 -6.4478836706e-04 -2.2410480844e-05 1.2009804000e-04 7.9183767269e-04 2.5979894328e-04 -5.7822701669e-04 -5.2570623018e-04
-5.3532490648e-05 1.4621686604e-04 8.1084501825e-05 -1.9068766231e-04 -2.1856848482e-04 2.4800465608e-04 -5.3252035894e-04 -1.2285201318e-04 6.9225132438e-04 9.7548192467e-04 6.3881671886e-04 -1.3919238563e-04 -3.1332650396e-04 2.6256488945e-05 1.8466381736e-04 1.3418529576e-04 6.3147194757e-04 1.7882591382e-04 2.5173018983e-04 1.1335368396e-04 -5.2505910637e-04 7.1527931542e-05 -4.4933926560e-04 4.2865208480e-04 2.1383441271e-04 8.4198696178e-04 3.0249563997e-04 3.9049967335e-04 -8.5853337592e-05 -8.2993014763e-05 1.2775198705e-04 4.9732711162e-05 -5.0460461421e-05 -6.5632615380e-04 -2.6754540832e-04 -2.9662075954e-04 -1.0786029839e-04 3.4821075808e-04 4.9451118761e-04 -1.6666472046e-04 1.0572090797e-04 -2.1036194526e-04 9.9789673370e-04 -1.6657269509e-04 4.3478722512e-04 -4.6414126440e-04 -3.1560732695e-04 2.7388544816e-04 -3.6564950990e-05 2.0311640241e-05 -3.4044079457e-05 6.5974379046e-04 1.7788163328e-05 -4.1767314475e-04 8.9856660926e-05 -3.3772043944e-04 -1.4330508281e-04 1.5397235762e-04 -4.9459594911e-04 4.6316024638e-04 -3.9628305874e-04 -6.4231010841e-04 6.1718964957e-04 -2.2897742063e-04 1.3155921069e-04
-9.7196793954e-02 -3.1626387058e-02 -2.4116388649e-02 1.2812264527e-02 -6.7626915902e-03 2.2302050704e-02 2.7432669225e-02 1.1313097722e-01 -5.0369111270e-02 2.9824728632e-02 -1.6057561534e-01 -3.4236281926e-02 8.7333615532e-02 -8.5563666526e-02 4.9954645493e-02 -3.3949532559e-02 -2.7154959277e-02 4.5080383631e-02 4.9355205002e-02 1.3075110840e-01 -6.0586295742e-02 8.6436846176e-02 1.2540189311e-02 3.5456634998e-02 1.7436583432e-02 -5.3564440225e-02 1.1055870957e-02 -3.3338511744e-02 -3.8214826462e-02 -1.3526978453e-02 -1.3303584252e-02 4.6009222572e-02 -2.6833205095e-03 1.0583294623e-02 -8.3257556302e-02 1.9395365281e-02 -5.7153023924e-02 -5.7921355117e-02 -1.3653012904e-01 1.4628302451e-02 -4.8582794527e-02 1.3636635731e-01 8.2802802379e-02 1.3834150409e-02 8.1583685344e-03 4.4127443810e-02 -1.2386588256e-02 3.1989235981e-02 4.7365929236e-02 -5.2747458871e-03 5.8221446821e-02 1.4553348577e-02 1.9418739536e-02 3.7960247123e-02 -2.8454064476e-04 -4.2476782064e-02 5.4377649934e-02 1.2732756654e-02 3.1111444263e-02 6.4625201918e-02 8.4699618089e-02 -2.6326220161e-02 2.7368883313e-02 2.7742320856e-02 1.1176546470e-01
-2.8728585283e-04 -2.4243244842e-04 3.9298732129e-04 2.0012560976e-04 3.6494755939e-04 1.0872967979e-03 -3.3630517592e-04 -2.1331822887e-05 2.8812110347e-04 -3.6000573058e-04 -5.8564691606e-05 1.3703138572e-04 9.7163878091e-04 -1.1713578246e-04 -1.1255743826e-04 1.4295050593e-04 1.3207137133e-04 -1.5230387020e-04 1.9237814879e-04 -4.4289676340e-04 8.5615559271e-04 -3.7116128815e-04 5.6048885631e-04 3.4014951767e-04 4.3633222337e-04 6.8217213409e-04 -7.8210040277e-05 2.0335619738e-04 -4.6734809042e-04 -8.8756045833e-05 -9.1381484965e-04 -4.5018329702e-04 3.7632225177e-04 1.3609020312e-03 -4.6380294247e-04 3.6403501946e-04 2.5672450190e-04 -3.3437977797e-04 3.8310630717e-04 -1.4374887947e-05 -1.0848808114e-04 2.6546495805e-04 9.0580629854e-05 4.3747077641e-05 -5.1542929766e-07 9.0191985927e-04 -4.3071669176e-04 -4.1794709273e-04 4.6788314230e-05 7.7950405161e-04 4.0672567926e-04 3.0074039039e-04 -7.3841891612e-06 -2.5898257118e-04 2.3956200531e-04 2.4530688827e-04 -2.7060125847e-04 -3.2930614669e-04 2.4418476284e-04 -2.3543660544e-05 -5.9162675781e-05 -1.9917981868e-04 1.1293906565e-03 9.1064561726e-04 2.6578682551e-04
-6.9316280820e-04 5.6494943342e-04 -1.7000159837e-04 -5.9071868201e-04 -8.7748808357e-05 5.6619376548e-04 2.0434559925e-04 1.3745412529e-03 3.9760556575e-04 -6.7706772345e-05 3.3895564052e-04 -1.2996434050e-04 9.0186473166e-04 -3.3057060575e-04 2.0845532077e-04 1.0142248118e-04 3.1707167244e-04 7.9934032457e-04 9.3166433402e-05 1.0808316879e-03 2.0580766100e-04 3.4436035945e-04 5.8653618889e-04 2.6471786077e-04 2.3842561707e-04 3.8763824610e-04 -2.7831365827e-04 3.7204971326e-04 -7.2948805242e-05 -9.5476554581e-04 -4.1222467844e-04 -2.3859499281e-04 2.3918147332e-04 -8.9611939012e-05 1.7687751826e-04 2.1138254745e-04 -5.4751155740e-04 -4.6645295360e-04 1.6758957027e-04 3.2774686263e-05 -1.2417892026e-04 3.2186680896e-04 4.3014689893e-04 -4.2291002231e-04 1.8664648639e-05 4.4550237970e-04 -7.2031960225e-04 4.4303252723e-04 -1.8136167718e-04 4.3307387530e-04 -6.1636695609e-04 -5.5177131365e-04 -2.9089313884e-04 3.7706628199e-04 -9.7908014476e-04 1.3206957124e-04 -7.3101745855e-04 2.3428687797e-04 8.1209830427e-04 -3.8668889411e-04 -5.9513234250e-04 -5.6318877617e-04 7.4164905282e-04 9.6935808873e-04 3.4860752086e-04
-1.9951431432e-04 4.3591892860e-04 -3.4040885006e-04 -2.2708740124e-04 -5.4843721999e-04 -7.5255958585e-04 7.8212067075e-04 -1.6761750213e-04 -4.9001766362e-04 1.4026345060e-04 3.3931894507e-04 -7.5192871770e-04 -1.8073412408e-04 4.8587527897e-04 -2.3590103201e-06 -5.9356805421e-05 7.2124627392e-04 2.9302688546e-04 4.2321643604e-04 6.8966105879e-06 -5.8743227988e-04 -4.1478023859e-04 1.8800233469e-04 1.3790710717e-05 -5.6048400495e-06 2.1846319901e-04 9.8136400091e-04 -3.1259591941e-04 3.5389046727e-04 1.4577150949e-04 -6.0789581462e-04 4.8690021634e-05 -2.2455893001e-04 3.6505888792e-04 -2.7248675134e-04 -1.1306903347e-06 9.6523302001e-05 -5.3244850529e-04 2.9837293021e-04 8.0952878575e-05 8.9851485299e-05 3.7828371418e-04 5.6938021171e-04 1.1316677875e-04 5.7188241912e-04 -3.9626147612e-04 5.5842561656e-05 1.5910716916e-04 -1.3186368340e-04 4.9385914671e-05 1.9906739936e-04 -1.8062793161e-05 -5.3900167786e-05 4.0496004093e-04 -6.7787348478e-04 -5.9278855508e-04 -2.7290689741e-05 5.7133816458e-04 -6.3201769183e-04 3.2840799828e-04 2.0236549577e-04 2.2233124229e-04 -6.5066785709e-04 8.3726354597e-04 -9.4667651646e-04
4.1733914640e-05 6.0586375697e-04 -5.2952636757e-05 1.5180991964e-05 -3.6184430739e-05 1.0695986397e-04 -2.9430201873e-05 3.3893284196e-04 -6.6193798451e-04 -5.4942534312e-04 -2.3013969488e-04 -1.7452936629e-04 -3.3947070885e-04 -3.5055482629e-05 1.0528375761e-04 -5.6081719440e-04 5.6705473950e-04 3.9820841470e-04 -7.2701965692e-04 -7.4068559627e-04 1.5528468777e-04 1.7777086344e-04 1.2481546412e-04 2.1604893584e-04 3.2437074049e-04 7.8686935679e-04 3.5981907247e-04 3.6884899802e-04 -1.6611549688e-04 6.7485495435e-04 1.3087726558e-04 -1.9100199680e-04 -7.5402507020e-04 -3.1202891291e-04 5.8830330004e-04 -8.7999692731e-04 -9.9836111368e-04 3.5340910567e-05 -2.3691139680e-04 -3.1958664511e-04 -5.4571732460e-04 -3.7011764410e-04 8.3891123599e-04 1.1044652671e-03 -5.1033326007e-04 -6.1100249602e-04 3.6386806803e-04 -1.1275650138e-04 -6.1605353519e-04 1.3354543384e-04 -2.3796599168e-04 -5.3807142134e-04 -5.0144307755e-04 -2.7078238365e-04 6.4928027219e-04 -1.7504545393e-04 -4.4604084870e-04 3.2026673738e-04 -8.7500847474e-04 6.8247695239e-05 2.4507702336e-04 2.2303955754e-04 -2.0767239119e-05 2.2181204320e-05 -4.7413555929e-05
-1.9395216139e-02 -2.8049792264e-02 -4.3646148578e-02 -1.0639381380e-01 6.2205920109e-02 6.4442182027e-02 9.0094921321e-02 -4.1300864405e-02 -1.3572297146e-02 1.8229232900e-02 -9.0321006227e-02 8.4811763332e-03 -7.3865397811e-02 9.1423618977e-02 1.0464091973e-01 -3.3583425927e-02 4.6596847804e-02 2.9228876072e-02 -9.0619130189e-03 -6.9537879275e-02 -5.7927207656e-02 3.6828862914e-02 2.1594438047e-02 -6.4261392999e-02 -4.3750918930e-03 5.8467491324e-02 -2.4525689734e-02 3.4943982396e-02 3.6255360061e-02 -8.6859450931e-02 -2.2406177096e-02 1.3031509234e-02 4.3529364726e-02 -3.0469764168e-04 4.9708531905e-02 -8.2339459517e-02 4.0717555965e-02 2.4469483457e-03 1.4034675621e-02 -5.5298580972e-02 1.7025142734e-02 -1.5019561059e-02 1.9911648829e-02 -1.6435927609e-02 3.0978701115e-02 7.9571450633e-02 2.9851050551e-03 6.3594692802e-02 -1.2909047541e-01 -3.6463197098e-02 -6.4144016596e-02 4.1854197774e-02 -2.5073014867e-02 -6.0524354478e-02 1.2471209683e-02 2.5188222209e-02 1.9544415111e-02 -3.7051763326e-02 4.6054014984e-02 -5.7670256842e-02 -1.4612789839e-02 -1.3191387120e-02 2.8904466038e-02 -3.0040746310e-02 -2.6984632106e-02
3.6971137988e-02 5.2780235734e-03 1.0137261014e-01 1.0387509038e-01 -1.3260752381e-02 1.0389858925e-01 -7.4009609136e-02 5.8101828425e-02 5.7001075313e-02 5.2556224623e-02 6.4328004651e-03 -2.1682055448e-02 7.5651504728e-03 1.1882594168e-02 -2.3215394086e-02 2.2808911596e-02 -3.6480956460e-03 2.9256183644e-03 3.8303717926e-02 8.4761858984e-03 -7.3501397276e-02 -4.5497394252e-02 -1.8282630320e-03 -9.3327426959e-02 2.9943359126e-03 -2.3413541274e-02 9.0550300606e-03 2.9300779485e-02 7.3940110781e-02 4.6751871467e-02 6.2003263612e-02 5.3358842838e-02 -1.6236006108e-02 1.6127968788e-02 -1.2159540800e-02 1.0586582261e-02 -1.1526512606e-02 -7.1356577542e-02 1.9846623902e-02 3.5351889107e-02 9.6906052816e-03 -3.0014536905e-02 5.6198498093e-02 -4.0072996177e-02 -6.2554044782e-02 5.6589395439e-02 -6.1844056503e-02 1.7007995538e-02 -1.6467334920e-02 -8.8596353213e-03 -1.6109267429e-02 3.8975649743e-02 1.6215725982e-02 2.2650462468e-02 -6.9064832736e-03 6.1997946444e-02 -2.7756829264e-02 -6.2667814162e-02 -6.0276543101e-02 1.1445079506e-02 3.4348069273e-02 8.1980079629e-02 2.9999937213e-02 -7.0842277778e-02 -6.4417013596e-03
1.6147823817e-04 4.6831427173e-06 1.5251103081e-04 1.8914081720e-04 3.2136215754e-04 -5.3862354122e-04 2.7779692485e-04 5.7759288743e-04 -3.2157127163e-04 -1.6328050600e-04 -1.8742167566e-04 5.7302538802e-05 1.7674613195e-04 -6.2016172709e-04 3.8102064868e-04 1.0127318694e-06 3.5163323877e-04 5.4669276291e-05 -4.9472344453e-04 -1.0273418825e-03 -1.3175565791e-04 2.3950730251e-04 1.9795413694e-04 -3.7413895001e-04 -5.9549785139e-04 7.1461087686e-05 -4.0432496965e-04 2.4127659433e-05 -2.1042183331e-04 -2.4503366638e-04 -2.6615789474e-04 -3.1940564950e-05 -2.6803714392e-04 3.8049461008e-04 -1.0369899446e-04 1.1599207574e-04 -2.2563116836e-04 6.8239586990e-04 -1.4237049182e-04 5.7459421641e-04 -9.5034249216e-05 4.6865504648e-04 4.6101409452e-04 -9.2426312300e-05 -1.6694074876e-04 1.4066154221e-04 2.5058276414e-04 -6.4727045068e-04 3.3032661036e-04 4.8204183994e-05 -1.1786883442e-06 6.9182409146e-04 -3.1048312664e-04 -1.3859802649e-03 -2.8872061083e-04 -4.1056966231e-05 -3.5251031065e-04 -2.9201202877e-04 -2.4055967190e-04 -7.7433564191e-04 -5.9135361514e-04 8.7279737839e-04 -7.0082931811e-05 -3.4383135580e-04 -6.9722833873e-04
-2.7783982439e-02 7.7059619571e-02 8.0299775064e-04 -7.2012196539e-02 4.4774734156e-04 -1.3737561849e-02 -6.0171603784e-02 1.0852163199e-02 2.7876969741e-02 -1.1848651538e-02 -1.9021721175e-02 2.5519045848e-02 1.1927997536e-02 1.2000227776e-02 3.9316632930e-02 4.3934308058e-02 -8.8759764550e-02 -1.4794922293e-02 -1.3656725523e-02 -1.2114033631e-01 7.9640815558e-02 5.4294834630e-02 -9.8993750655e-03 -2.7248917354e-02 2.2091706129e-02 -1.6708805414e-02 3.5671770879e-02 3.6516581566e-02 -9.8753061101e-03 -1.7414201021e-02 -1.6608505879e-02 2.4936628968e-02 7.4152286681e-02 -9.5978679987e-02 1.4840213269e-02 -3.2812879360e-02 -1.6337730199e-02 9.4801029234e-02 -8.5152641912e-02 6.8796327814e-03 1.9825420391e-01 3.1473394626e-02 -6.4175349822e-03 -2.9669477004e-02 -7.1754745888e-02 -1.3343445280e-02 -7.5956332625e-02 2.2773698065e-02 -2.6635897317e-03 1.8625745783e-02 -4.6432594155e-02 -4.1099885897e-03 1.0249040078e-01 2.1961310793e-02 5.1900281515e-02 -5.2348486482e-02 1.0357380412e-02 1.1923011386e-02 -4.1696139089e-02 -3.3757834442e-02 -8.6934582636e-03 5.0105988244e-02 -3.7925569457e-02 1.6793997588e-02 3.2965564713e-02
-6.3404840073e-02 2.8396164309e-02 -2.0420607226e-02 5.4221620294e-02 -1.4276447649e-02 7.9731879355e-02 1.1513930164e-02 1.0345873756e-01 -4.1854311698e-02 3.6701909988e-02 4.0139793639e-02 -1.0327075907e-03 -4.2055217856e-02 4.6234494800e-02 -4.1385020465e-02 3.6479124848e-03 4.7761859815e-02 4.4029920848e-03 4.7472029883e-02 2.6601098214e-02 4.5072968329e-02 -2.2195751528e-02 -2.2430093565e-02 -7.3964268045e-03 1.0147775849e-01 1.8340408425e-02 1.4000221348e-02 5.5461743360e-02 2.6093334905e-02 -1.5162412989e-02 5.6494750366e-02 6.1315434597e-02 1.1290311696e-02 -5.6137882507e-02 3.0018193977e-02 4.5442282548e-02 -7.2865924429e-02 -1.1787191022e-02 9.3379214005e-02 -4.3254724177e-02 1.4469118134e-04 6.3565435850e-02 1.4765496154e-02 3.7717330959e-02 6.4296279106e-02 -3.8375550379e-02 2.6933380669e-02 6.9425150513e-03 -7.6927402534e-02 9.3468273631e-05 -3.0242876447e-02 7.4936575708e-02 7.6240826883e-02 -1.6230807784e-02 -8.4993660178e-02 -4.5376902727e-02 3.0783274057e-02 3.3832059016e-02 4.7829856037e-03 7.3515644444e-02 -4.0969269786e-04 -8.0203861164e-02 7.2228460490e-03 2.6449974648e-02 4.0582595159e-02
-1.7622836125e-02 -1.0045322857e-02 3.2513010390e-02 -1.5358593594e-01 -3.1956383395e-02 1.5334301082e-02 4.9270098957e-02 1.0113267375e-01 5.6893044868e-02 -1.1279466584e-02 -5.5683794048e-02 -4.0137421267e-02 -1.9636778740e-02 2.3800502645e-02 9.1527801072e-03 5.2060480852e-02 -8.5840259714e-02 5.4252877208e-02 4.2401775979e-02 1.0044634842e-01 -4.9710240665e-02 -2.4205055202e-02 2.8356429406e-02 1.4291885169e-02 6.0766845946e-02 4.2948620443e-02 6.3855298745e-02 5.1800003673e-02 -3.3122433958e-02 1.6491677348e-02 1.2170228330e-01 -8.5439597728e-02 -2.0182654348e-02 -7.9541195311e-02 4.5089691593e-02 9.6888985742e-02 1.7481346586e-02 4.6221189886e-02 -2.5362287274e-02 -5.5155499297e-02 -1.9555859228e-03 1.2701478909e-02 -5.8362718428e-02 -7.8188900368e-03 1.7419221648e-03 -2.0423810547e-02 -6.5975070306e-02 -4.2448307863e-02 8.4007933481e-02 -1.0942287416e-02 -5.7272390621e-02 4.7132223255e-02 1.1374256233e-02 7.0241855565e-02 -5.3927666441e-02 -6.8598634437e-03 3.6175464207e-02 3.1895008041e-02 7.0584235904e-02 -5.9506182220e-02 6.1758889538e-03 3.9021908618e-02 2.2889396353e-02 -1.6225713184e-02 -7.8105310114e-02
-3.7459887486e-04 -3.6638379908e-04 -3.2995506369e-05 -2.8063211823e-04 1.3545667532e-04 -4.6727290570e-04 4.2724467282e-05 4.3424792520e-04 1.8865570097e-04 -4.9288434972e-04 6.9400434054e-05 -5.9857496466e-04 6.2636511795e-04 -2.7481319393e-04 4.3262377252e-04 -4.5698731984e-04 7.1030718066e-04 4.8356459144e-04 -5.6624864519e-04 6.6959493615e-04 -2.6654578848e-04 1.5432311259e-04 2.7355233097e-05 -1.7491677369e-05 -4.2385565441e-04 -5.1901019244e-04 1.3812014304e-04 -2.7113114783e-05 2.2404126871e-04 -6.1585712062e-04 -7.0654156303e-04 -5.2430854858e-04 2.9353642155e-04 2.4211163504e-04 1.4641097902e-04 -6.3916558251e-04 -1.6468613769e-04 5.2502038973e-04 5.1434553488e-04 -7.5486038503e-04 8.0786209903e-05 3.4262102316e-04 -6.3154730567e-04 -4.4261360582e-04 2.7352381336e-04 1.5923015556e-04 -3.9438111375e-04 4.6613433668e-05 -5.1237271246e-04 -3.4980206520e-04 3.6763987063e-04 2.1404565829e-04 -1.5606729106e-04 -8.3881358607e-04 4.1793800841e-04 -3.5089122583e-04 -1.2204580710e-04 1.4384032852e-04 3.2108151774e-05 5.6862066704e-04 -6.0574402273e-04 1.6286939425e-05 9.2306060733e-05 7.9029520503e-05 4.7028224467e-05
-3.9615329985e-04 5.9017838935e-04 -1.4723758889e-04 -2.4726593612e-04 -3.7025909795e-05 4.8917089830e-04 3.6666524756e-04 -2.7891061184e-04 -1.9295236825e-04 -3.0557896105e-04 -3.0625402586e-05 -5.0817514032e-04 -3.6091419806e-04 3.9711223139e-04 1.6409106491e-04 -4.2157142308e-04 8.0184781557e-05 -2.8716604363e-04 -4.1490990617e-04 -6.4001266118e-04 1.6941133709e-04 2.5880295080e-06 -3.8611894106e-04 3.8325698753e-04 5.4679431720e-04 2.0772132257e-04 5.8060747742e-04 -1.0099606077e-04 -5.7202371095e-04 -1.2186515184e-04 3.2716224309e-04 1.9739917340e-04 -4.2793952274e-04 4.0140757481e-04 5.3441157324e-04 -1.8705690605e-04 6.1087678430e-04 -2.3477290376e-05 -5.2571901608e-04 -6.0699173757e-04 4.8273068901e-04 4.0700817528e-04 -7.7337317832e-05 5.6246104880e-04 -3.1880897032e-04 9.5897677020e-05 7.6270377862e-04 -2.3308894591e-04 -9.3547622250e-04 -7.0602481090e-04 1.3308692275e-04 1.8046953248e-04 9.7941953472e-04 -1.8493108796e-04 -1.1862622069e-04 3.5758043779e-04 -4.5737087508e-04 -2.3449237610e-04 6.2245872957e-04 -3.3205529685e-04 1.9237225966e-04 -4.2630934847e-04 1.0125986468e-03 6.7753330364e-04 6.8226709210e-04
-8.7541378463e-02 7.5552145769e-03 1.5384159384e-04 -4.2810122938e-03 -3.4314458189e-02 7.7923701428e-02 9.2062792382e-02 -3.1728620013e-02 -7.7489141127e-02 -1.7618583480e-02 -5.6205984872e-02 -7.7905051402e-03 1.3534125651e-02 -1.8451160351e-03 7.2147511801e-02 6.3216022254e-02 -2.9138635443e-02 -5.4242286113e-02 -5.8791263489e-02 1.7351828542e-02 -4.2754181624e-02 -8.6613334608e-02 8.5819880817e-03 3.1187085252e-02 -4.2352106760e-02 -3.4268662321e-02 1.5547903022e-02 -1.8047756808e-02 4.0945122694e-02 1.7372958240e-02 5.4209356536e-02 1.6672828585e-02 1.6965954285e-02 3.1819894559e-02 -5.7400683314e-03 1.4755361519e-02 -8.1919885528e-04 2.1315183930e-03 7.2888526369e-02 6.0887082453e-02 -4.3746584131e-02 3.1192565840e-02 -2.2928922474e-02 -7.8564252089e-02 1.1572242719e-01 -3.4484684431e-02 -2.3022542438e-02 5.4621335167e-03 -2.8748219465e-02 4.1421661151e-02 -4.4251573210e-02 2.2388237790e-02 -8.0868022740e-03 2.5440281838e-02 1.5175351711e-02 -3.8120337930e-03 1.1369114788e-01 1.2296691133e-02 -3.0460778974e-02 -4.2606561684e-03 6.5291508871e-02 9.1102358376e-03 -2.2988972160e-02 -2.0374245820e-02 -5.2000415555e-02
2.1348426772e-02 1.6145255930e-02 -3.5378613611e-02 -9.6610354649e-02 -5.9384444598e-04 -6.1294984353e-03 5.6370791896e-02 5.6408750072e-02 3.1584749158e-02 -2.0203429770e-02 9.5166927782e-02 -9.4600301716e-02 -8.8829275488e-02 1.3632813141e-02 2.7574869373e-02 -4.8584081793e-03 -2.2539950278e-02 7.8912504406e-03 -2.1429435965e-02 -1.3604094217e-01 -3.2824167721e-04 -1.3059499589e-02 2.7291992144e-02 5.0483147855e-03 -8.3116179060e-03 2.9398291553e-02 4.6154994156e-02 -6.5679922963e-02 3.0631609274e-04 -8.1515168224e-03 -2.7855481745e-02 2.4814024555e-02 1.8285110331e-02 7.6444629888e-02 -4.4437758843e-03 1.3705345456e-01 -1.5969407153e-02 7.2603349468e-02 -8.0445658503e-02 2.3185712022e-02 1.1335935440e-01 -2.7033645332e-03 1.0819983041e-01 -3.2421518785e-02 -3.7169357642e-02 3.8032592694e-02 -4.1976254046e-03 -1.8893281312e-02 -2.6111038874e-02 4.2238335334e-03 6.6170039146e-02 -8.5677755457e-04 -7.3885982567e-02 -4.2965370772e-03 -6.9790330129e-02 -1.4439720744e-02 3.1996828132e-02 7.8269927097e-02 -3.8404884586e-02 1.1558257265e-01 -1.7603877138e-02 -2.3198015958e-02 1.0555446966e-02 -8.8066970920e-02 1.3242928187e-02
-5.1903011917e-03 -4.6766406510e-02 -4.8064817201e-02 6.3555987818e-02 -5.2675148883e-02 1.3803334203e-02 -1.0109007422e-01 1.9753366390e-02 -9.5119540868e-03 -6.4089708601e-02 -4.3423460254e-02 5.5803907887e-02 -2.3933837276e-02 3.8047836616e-03 -1.2920537556e-02 -1.4374321357e-01 3.3075442261e-02 7.4549421985e-03 -5.6096355333e-02 -2.9900148756e-02 3.6876185770e-02 -4.3357417181e-03 1.7504379613e-02 -5.6557801950e-02 -3.0128854999e-02 7.9464640138e-02 -9.0173252759e-03 -4.5238106294e-02 -3.9101861970e-02 1.8444973189e-02 3.4350991232e-02 3.1613844150e-02 1.6872970884e-02 4.4660586882e-02 -3.0101650812e-02 -1.2582319062e-01 6.9061556337e-02 -6.6922807049e-03 1.0426707184e-01 7.8045388194e-02 1.2196546049e-03 1.9246982661e-02 -7.4628916768e-02 -5.9612376502e-02 -3.4370300693e-02 3.7362120466e-02 5.5848416892e-02 -1.2435388283e-02 -6.5446999647e-02 -1.9779339699e-02 4.2390433182e-03 -4.3344415145e-02 8.3926857892e-02 8.6412174686e-02 -6.0169175154e-02 -9.2291264095e-03 -1.5376948418e-02 4.5769015652e-02 7.5613172995e-04 -3.3456129808e-02 -3.4834435174e-03 5.6574595579e-02 -2.5334213879e-02 -2.9626495772e-02 -2.4944504773e-02
-3.4745996545e-04 -7.0910340141e-06 3.3780034879e-04 -4.9601717561e-04 -4.8418821293e-04 -1.7407372443e-05 5.2687516548e-04 9.5244333066e-05 -1.3958196600e-04 3.6827695547e-04 -1.0454936362e-03 2.5480091707e-04 2.7895913212e-04 -9.0325847334e-06 -6.3431536337e-04 9.6171739538e-04 -9.9421466670e-05 -3.6676414677e-04 3.7547276663e-04 8.9199782024e-05 2.6917881228e-04 -3.1158866791e-04 6.1203648901e-04 3.9903917223e-04 1.9560724946e-04 -4.1982175510e-04 6.5386314303e-04 1.0727712349e-03 7.4545365689e-04 5.9555776067e-04 2.4873597445e-04 3.8181514833e-04 -7.2986703051e-04 5.1428821931e-04 4.9000277393e-04 -7.7411692864e-05 3.4191244577e-04 -3.9479018859e-04 5.6247238814e-04 -6.0138466376e-04 7.3621078256e-05 3.7995888849e-04 2.9018837130e-04 -2.0012463534e-04 8.2881602577e-04 -1.2802535358e-04 -2.0827268217e-04 -4.4036119947e-04 2.7529296481e-04 1.9920262851e-04 -2.0355599267e-04 -4.8066622536e-04 2.0216639647e-04 -7.4535056803e-04 2.3019279347e-04 6.3319731985e-04 1.6407803389e-04 -6.3848777588e-04 -7.6827105962e-04 1.5273247885e-04 -4.4275083270e-04 -6.7693304918e-05 3.8448319548e-04 -5.7478679918e-04 -5.0739725737e-04
1.0660976897e-03 7.6906038131e-04 -4.6174417797e-05 -4.2661779090e-04 -5.2210914216e-04 -3.5767125797e-04 3.5126224925e-04 -7.1885789339e-04 -6.2531676421e-04 -3.4747450639e-05 4.3178953012e-05 9.2579183610e-04 -1.9380206660e-04 -2.1957943858e-04 -2.0030648680e-04 -7.8730000816e-04 -9.1707780229e-04 -5.9268037291e-04 5.0491934117e-04 -4.9493258063e-04 3.5723800423e-04 4.4860506576e-04 -6.5987551478e-04 -5.5525370186e-04 4.3779240949e-04 -7.4465543969e-04 2.1325797304e-04 1.2645034684e-03 -1.4482987498e-04 9.0753702888e-05 -3.7763263392e-04 -1.3946326390e-04 2.0473331847e-04 2.2885773114e-05 1.8475202160e-05 -5.5717639773e-04 2.0055480408e-04 -5.6230167169e-04 6.5634380502e-04 -9.1211716358e-05 7.9896201267e-04 -1.9137399284e-04 -4.6593300685e-04 -6.4345263370e-04 -1.2809292500e-04 7.2133750810e-05 9.6242944775e-04 -5.1997879210e-04 -2.7472081015e-04 3.6273006201e-04 -2.4599150841e-04 8.0468141413e-04 3.7496935720e-04 -3.2957590432e-04 4.5790323492e-04 -3.7273934953e-04 -2.7519244477e-04 -2.2489205786e-04 -3.9069064165e-04 6.0341746357e-05 1.1037481676e-04 1.1644858139e-03 2.5571317888e-04 4.1518928688e-04 -4.0240921470e-04
5.8805857755e-02 1.6730832679e-02 -3.1525023229e-02 1.2380442150e-02 6.3715507122e-02 9.4533687777e-03 -3.3959734264e-02 -1.4423831544e-02 -4.2588152556e-02 -1.7284224739e-02 1.1868038106e-02 -1.1267513780e-02 -1.8376971487e-02 -7.1650767925e-02 -4.8248225699e-02 -1.2739460399e-01 -4.3525384694e-02 1.0141053208e-02 -8.9209924003e-03 -2.2669155280e-02 -1.1032219264e-01 -2.0493068989e-02 -9.2755857287e-02 2.6916169376e-02 1.0019550084e-02 -1.0763154407e-01 -2.9498966993e-02 -1.8279585415e-02 -1.7973826837e-02 -2.6493956245e-02 -4.2815778493e-02 -8.2527818936e-03 -4.9265278138e-02 -5.0048270581e-02 6.8393271422e-03 -1.9266443603e-02 -2.1921844914e-03 4.8684156073e-02 1.1416281711e-02 5.8717208313e-03 -4.8729256967e-02 5.0261199569e-02 2.1056023314e-02 1.2559899491e-02 -2.8672612536e-02 -1.2389436442e-02 -1.7467528529e-02 1.4506428274e-02 -1.2092635083e-01 -1.8538240658e-02 1.3452282462e-02 1.8827089271e-02 -5.4250080313e-03 9.8908852132e-02 2.8820534126e-02 1.0111608839e-01 1.5688984018e-02 -4.0126813105e-02 -1.2510889362e-02 5.4015359085e-02 5.6197117264e-02 1.5651738109e-02 -6.9169145924e-03 4.8559787378e-02 -5.6256891868e-02
8.2013084638e-04 8.7470022256e-04 -8.1708903162e-05 4.8785369171e-05 -7.4479706055e-04 -8.0035461961e-04 2.1409885550e-04 -3.9048591227e-05 -2.0027627457e-05 -5.9056969626e-04 -4.0610722920e-04 -3.2396721153e-04 -3.3513204381e-04 -3.9291260275e-04 1.0883180748e-04 1.9708614861e-04 8.2917408691e-04 -3.3886294586e-04 2.7385646315e-04 -2.0020987108e-05 6.7031232980e-04 2.9395117895e-04 9.4931802517e-05 5.7227060409e-04 9.5651484939e-04 3.2985449462e-04 -1.0482964818e-03 -1.6224637265e-05 5.2009397771e-04 1.1271025548e-03 -2.0963179806e-04 -8.0716081790e-04 8.0854517708e-04 3.5744577396e-04 8.1738731062e-04 3.0991428190e-04 2.5293392021e-04 -9.4817017362e-04 -1.2202725368e-03 -6.8228712912e-05 -8.1302313450e-04 6.3229867736e-04 -4.1831993184e-04 -2.0360726554e-04 -4.8650565313e-04 -1.2816539407e-04 2.3731882183e-04 -6.7962873216e-04 -1.2189982062e-04 2.9027554026e-04 1.3746180761e-05 -3.2347386755e-04 1.4533953810e-04 -1.2205349836e-04 -1.7805448081e-04 4.0001391083e-04 3.3391229472e-04 -5.5846105717e-05 1.9181558320e-04 2.1753039947e-04 -5.0691246908e-04 4.0845615490e-04 -5.8663559101e-05 7.0594314409e-05 5.3176390397e-04
-1.9543769787e-04 8.7601239519e-04 6.9734010418e-05 4.2052135241e-04 -1.7217126490e-04 3.3427523526e-04 -1.5113750905e-04 -9.1286074436e-05 3.0622064108e-04 -2.8568344539e-04 2.3439984998e-04 -9.1290103289e-04 1.2024328157e-04 1.7183853735e-04 -1.1113773744e-05 -2.9463832604e-04 -7.6310146204e-04 -4.8257378859e-04 1.9384909820e-05 -2.6636101869e-04 6.7495163222e-04 -7.7200281465e-04 -4.0535159173e-04 -6.6292252035e-04 -3.6730589805e-04 -7.6642148540e-04 -2.1118401683e-04 -2.0066966486e-04 -1.9296352883e-04 5.7645133290e-05 -1.1848764439e-04 6.0549952504e-04 1.5721775946e-04 -3.6423168380e-04 6.7078406255e-05 -2.7532825444e-04 -8.5229295645e-04 8.2528096217e-04 8.2568681844e-05 -2.8564783377e-04 -5.5310542469e-04 -3.3634814975e-05 -2.3943511251e-04 -9.6829566219e-04 -3.2368487351e-04 -5.3854603098e-05 5.7630492853e-04 -1.7239171607e-04 8.0344535665e-04 -5.1669152368e-04 -7.6537240071e-04 5.3044360349e-04 -2.9270498107e-04 -8.4518362717e-04 5.8661091223e-05 -1.1036612041e-04 -4.3966131412e-04 -3.8104464290e-04 1.1948522941e-04 -2.3024976689e-05 1.0763882132e-04 4.9460391277e-04 4.5768683326e-04 3.2115569846e-04 1.6324989496e-04
-9.2186153334e-02 -9.0209424732e-03 -6.3511129703e-02 -4.1597935979e-03 -3.6850694200e-03 2.0461843959e-02 1.7829688915e-02 2.2637916420e-03 4.5813737879e-02 -2.4853126198e-04 -8.8517344163e-02 -3.5756035653e-02 -1.2127140411e-03 -2.9724808773e-02 -6.7069609855e-02 -5.6839455281e-02 -1.4690766023e-01 8.1629675544e-02 5.6482375834e-02 -2.2264444938e-02 -2.8948317851e-03 -3.2605349975e-02 2.0768426141e-02 -1.2855659296e-02 6.8884470733e-02 -1.3310226260e-02 1.0338012720e-01 3.7457462810e-02 3.0029648838e-02 5.8432083568e-02 7.6817227656e-04 -2.3894874711e-02 -5.6593986330e-03 3.0205383890e-02 -3.7584253370e-02 -1.2622341261e-01 1.0434268828e-01 -1.2732978028e-02 -1.4359842952e-02 -2.8178329952e-03 3.3280629997e-03 -1.9717385054e-02 -4.0757329419e-02 8.9598192100e-03 4.4214709449e-02 -2.0717491483e-03 -2.3821537263e-02 2.2037043084e-02 -2.1861794145e-02 -3.0080462717e-02 -1.0371313799e-02 8.2324161108e-02 -4.8326805947e-03 -4.1971467410e-02 -3.1711704392e-02 -2.0993427043e-02 3.3694715653e-02 6.0431222794e-03 5.0775582191e-02 -4.0837712382e-02 6.1326946120e-02 -3.4536897576e-02 1.4609252076e-02 -1.1511743223e-02 1.3184394239e-02
-2.9197260975e-02 6.6804538779e-02 3.2484646300e-02 -9.4206015394e-02 1.7727987298e-02 -4.8841325943e-02 5.5237703948e-02 -2.7910978339e-02 2.7378736753e-02 -6.9332894003e-02 -7.4546212992e-02 -3.4258075194e-02 2.7227248665e-02 -3.8645415489e-02 -1.5259998082e-02 -2.3299095759e-03 3.3198331823e-02 -9.4065889972e-02 -3.0243424689e-02 -1.1521059504e-01 6.3637122719e-02 2.8643462065e-02 1.3185662356e-02 -9.4871988113e-03 2.9133082351e-02 2.4323877419e-02 8.3055066230e-03 1.2155051938e-01 -2.5431794733e-03 -5.9149357416e-03 7.8579293762e-03 -4.1740146620e-02 -3.6917200393e-02 8.7293390575e-02 3.6080027357e-02 3.1254823306e-02 -2.3210499380e-02 3.1939102205e-02 5.6739430633e-03 -6.1675259581e-02 6.0085305786e-03 -3.7840795416e-02 -2.5237599637e-02 5.7514686297e-02 7.2316130870e-02 2.7586278696e-02 3.6824346274e-02 9.6511619831e-02 -5.6370936953e-02 1.9724971436e-02 5.0282878530e-02 -2.3749487760e-02 2.7911202860e-02 -1.9166314050e-02 -6.4032012213e-02 -5.3885923696e-03 -1.0567322697e-02 -2.7436464054e-02 -3.3082390442e-02 1.2582410494e-02 6.7689213095e-02 9.2438356250e-02 2.7464184674e-02 -3.5278274384e-02 -5.3752369204e-02
-1.4382559221e-04 -6.3058302378e-04 7.6403866094e-04 -5.6185979431e-04 -7.1199878073e-05 -9.4532992415e-05 3.1085974056e-04 1.0849628448e-03 -1.5770711824e-04 -5.9633681540e-05 7.1032362378e-04 -2.4421504442e-05 -1.9004524809e-04 -4.3705724437e-04 4.5459079839e-04 6.2509190984e-04 -2.4017875176e-04 5.4510653288e-04 2.1902415394e-04 -3.9077672266e-04 -4.9677905211e-04 -1.1004279850e-04 6.2227378232e-04 2.3564841927e-04 -1.4976107342e-04 -2.9149627170e-04 2.6951367826e-04 -5.6144448858e-04 -1.9338960038e-04 2.0025201876e-04 2.9307073969e-04 -1.0039474223e-04 3.5857932502e-04 5.4061620732e-04 -3.6849027758e-04 1.7958966007e-04 -3.9906965885e-04 1.3685217111e-04 -4.7717314143e-04 -2.6868065114e-04 1.2553269191e-04 9.1926846945e-04 -5.0105796421e-04 -3.8408892014e-04 2.6470699364e-04 5.6793627110e-05 6.7158560539e-04 -1.6299770465e-04 3.1925353342e-04 5.6208506098e-04 -4.7002845538e-04 -1.3699187725e-04 1.7041907479e-05 4.8554830607e-04 6.2738178811e-04 9.8391612609e-05 2.3738376578e-04 3.8990207470e-04 -9.8330485325e-05 4.4844801522e-04 -3.8141521651e-04 -2.2412951304e-04 4.3803885415e-04 6.2126768505e-04 -1.3190232089e-04
1.7837112369e-04 1.6599966997e-04 4.1917240697e-08 -4.8866477387e-04 7.0919476681e-04 2.4042430981e-04 -7.8747526677e-04 -4.1997713675e-04 -2.9649560610e-04 -4.9973641132e-05 -5.5123476377e-04 -1.4858130810e-04 5.7563553314e-04 -6.5028138225e-04 6.5577149651e-04 -7.2826376356e-04 2.5823544146e-04 -7.6110259381e-05 6.4301475643e-04 5.9468785164e-06 3.6033167674e-04 -2.1289904712e-04 1.1624122228e-04 5.3768405718e-04 2.5354609440e-04 -7.5497772727e-05 -4.0558225055e-04 -1.1242665517e-04 -4.4657435049e-04 7.7024102985e-05 5.7994715551e-04 3.3343927923e-04 -5.7277441629e-04 4.3639576593e-05 -3.3780338559e-05 5.0627852630e-04 -2.9092277332e-04 -3.3471328223e-04 -4.2038592526e-04 -4.9434887691e-04 1.4268676262e-04 2.8992228746e-04 1.2520713603e-04 2.4962478567e-04 8.3033553859e-04 3.3070148476e-04 3.0294291359e-04 4.0424749454e-04 1.4297967836e-04 3.1780976584e-04 -2.0155723168e-04 -7.6469644368e-05 -5.5659360598e-04 1.6775837766e-04 -6.9395929358e-06 -2.9763436001e-05 4.2770519445e-04 -1.4571345510e-04 4.0718144002e-04 -9.6289863497e-04 1.3762017629e-04 -8.9087395184e-04 2.0289274664e-04 -1.8174287221e-04 -9.1818868285e-04
7.8827304951e-03 8.4048868891e-02 9.6075725503e-02 5.9000010549e-02 4.5165650463e-03 1.9499955506e-02 8.7787153200e-02 1.0536789750e-01 9.2025158191e-03 -3.7136772433e-02 2.4374873996e-03 5.7601970720e-02 5.7384336025e-02 4.7994104520e-02 5.4171785942e-02 -1.9906385274e-03 -3.7334930636e-02 4.7921693129e-02 2.1859505169e-02 6.7556984208e-02 -1.3387940495e-02 -7.8075052455e-02 -6.3013767808e-02 2.0263973074e-02 -4.4572786661e-02 8.1973097120e-02 4.7824740365e-02 8.1116618823e-03 -1.9694259268e-02 -4.3489821449e-02 3.9459525602e-03 4.4093332448e-02 -1.4528125733e-02 -1.8932316850e-02 2.9620879764e-02 5.0181250543e-02 4.7897032183e-02 4.7458009892e-02 1.3021113618e-01 -2.1143550397e-02 -5.7244815544e-02 -2.3892968520e-02 -1.0055345343e-01 -1.6877303189e-03 -2.3062663623e-02 3.8057903351e-02 1.6994310933e-02 4.9657670333e-02 5.1215758624e-03 2.9393938523e-02 1.1133868025e-02 -2.7421208389e-02 -6.0498018903e-02 -3.7541794561e-02 -2.3577726684e-02 2.5266501377e-03 8.2467372569e-03 3.5266848414e-02 8.6836582357e-02 8.4516991079e-02 -3.5536819419e-02 2.1392248142e-02 -4.0334283538e-02 1.9185008652e-02 -2.6638736501e-02
-3.9989994366e-04 -2.1310995140e-04 -2.5723968932e-04 1.0933178727e-04 2.0024687631e-04 -9.0940495402e-04 -7.5491449588e-04 1.0774942773e-04 -4.8761392451e-04 3.2392483059e-04 -3.2527704289e-04 4.8034217757e-04 1.5723320394e-04 4.7860682419e-04 -2.2388228940e-04 1.6783899812e-04 3.7172226323e-04 -1.6745782823e-05 -4.2561874485e-04 2.1607057708e-04 -3.4042405087e-04 -5.9055242961e-05 -3.1563411769e-04 4.5568853229e-04 2.5610947623e-04 -2.2822806129e-04 -2.6489092431e-04 -4.6493542902e-04 2.2992813185e-05 -9.1360064171e-04 1.1518082863e-04 4.0691916409e-04 2.8088831920e-06 -1.8642379294e-04 -5.1755628249e-05 8.5132505282e-04 1.8125381194e-04 -7.2811524531e-05 1.1160225155e-04 7.8194975485e-04 1.0971668213e-04 6.4068524511e-05 3.2159792309e-04 -9.8760193548e-04 5.3518207559e-04 -3.7985605279e-04 2.0422119769e-04 1.5580733456e-04 -4.1770076355e-04 -7.0898769001e-04 -3.6898668563e-04 -4.8598992662e-05 4.9564600157e-05 2.9846939444e-04 -2.5145415193e-05 -2.0197684003e-04 4.3332913573e-04 -5.0086869129e-04 -3.3243843270e-04 -6.2824738667e-04 -1.1702325153e-04 2.2468328270e-04 2.5961979710e-04 -1.1297053629e-04 -4.4341754874e-04
-3.1703996491e-04 4.1596582854e-04 4.3348201233e-04 -1.5237633531e-04 2.6078609277e-04 -5.5980964309e-04 5.1256022195e-05 1.0598276371e-04 3.4934569895e-04 -3.9386890137e-04 8.3901766079e-04 -2.6183106309e-04 -2.8207241683e-04 4.8735423614e-04 3.6935276754e-04 5.4525539023e-04 -2.8043773684e-04 -7.2162910539e-04 -1.1720735443e-05 -5.1532809096e-04 8.3928095111e-04 -4.0148648415e-04 -2.4078025550e-04 -1.1202595324e-04 -1.6316469495e-06 4.4323123571e-05 9.7515801992e-05 6.8937403191e-05 2.5259936991e-04 4.2424896876e-04 3.5424528621e-04 2.4210731971e-04 -1.8153641291e-04 -1.4510295171e-04 3.6665622062e-04 5.8348647551e-05 2.7905762313e-04 -7.3511286227e-04 5.0823696481e-04 1.7284235821e-04 -3.7120594662e-04 4.3535057278e-04 5.0470922004e-04 -5.7292293230e-05 9.0241337720e-05 -6.1555730711e-05 -1.3831304089e-04 6.0387342774e-04 -4.1872062330e-04 4.2883571514e-04 1.3068234980e-04 7.1269707120e-05 -1.8194113709e-04 5.2998226160e-04 2.1776566436e-04 5.5390880196e-04 4.4317992536e-04 1.1804855930e-03 -1.5734970323e-04 -6.3572720283e-04 3.0575700513e-04 2.0984383355e-05 1.1838530635e-03 -1.0219049210e-06 1.1091060080e-04
2.4606671284e-02 -6.4864311249e-03 -6.5809475046e-02 3.6163451925e-02 -1.9710982129e-03 5.6089181571e-02 -1.3730089239e-01 4.8152768596e-02 2.8083597867e-02 1.2974012343e-02 5.2119048933e-02 2.7600252376e-02 1.6144835884e-02 -6.0294817230e-03 2.5280802064e-02 -2.6174836281e-02 4.0351067014e-02 -6.9035679868e-02 7.2580907430e-02 7.1795486051e-04 2.7666515455e-02 -3.3515701075e-02 3.3642610703e-02 7.2644483056e-02 4.3859719388e-02 8.6594803902e-03 1.3627593946e-02 -7.8889531299e-02 1.0071865765e-01 -8.6457994885e-03 1.6181958030e-02 2.0008582564e-02 1.8717736003e-02 5.3426893369e-02 -5.2903421891e-03 2.8439839563e-02 3.9066671372e-02 4.1444983160e-02 4.5439849228e-02 -4.0524328870e-04 3.2980929923e-02 -5.5481782045e-02 6.0370105981e-02 2.8799264864e-02 -9.3975787962e-03 3.9374323063e-02 -1.5266986526e-02 1.8393417422e-02 -2.0342132864e-02 -7.8886600126e-03 -4.8220310394e-02 -7.7433889697e-02 -2.5856191395e-02 -2.3504703590e-02 -2.2742197924e-04 -8.8198267791e-02 -1.7436128251e-02 1.9286716535e-02 4.5180498010e-02 -3.6625437959e-02 1.1907399574e-01 3.7035077797e-02 3.7707988899e-02 1.3124439432e-01 1.9404607952e-02
5.3008228046e-02 -4.2419742384e-03 -2.2513778948e-02 -1.5560672737e-01 -4.3600798070e-02 5.7880786527e-02 1.4215022673e-01 1.2606120048e-02 -4.9343154309e-02 -5.9171601448e-02 1.4643025135e-02 3.7176654824e-02 -3.0465815091e-02 9.3016308770e-03 -1.4750191501e-01 -3.2001052624e-02 -3.0265771797e-02 6.8050415101e-02 -3.9313585479e-02 -1.4071892393e-01 -6.6598684776e-02 7.3689639575e-03 -2.4845349937e-02 -1.7019257122e-02 7.3404365260e-02 1.2369516899e-02 1.8254302181e-02 -1.8034100337e-03 -5.7909878544e-02 1.0646444131e-01 -3.8243548825e-02 -3.8332590221e-02 -6.3860851457e-02 -3.1244300073e-02 7.5499912972e-02 3.5235418520e-02 5.2500626762e-03 3.2910017735e-02 -4.0011914707e-02 -1.4742352133e-04 -3.4706165036e-02 2.6152194756e-02 1.5327779694e-02 1.8455668464e-02 -3.1573128274e-02 -9.5968585933e-03 1.9492027062e-02 3.1037594349e-02 1.6016191352e-03 -1.2281723458e-02 -5.3295006715e-02 -9.5572104713e-02 -1.5292849067e-02 -1.7828213189e-02 -4.1006539816e-02 -5.4340184378e-03 4.0165744617e-02 -2.5683274801e-03 -1.5464779866e-02 -9.6013235272e-02 4.6748431737e-03 6.4017998297e-03 2.9462102376e-02 5.5854721564e-02 -4.1000237371e-02
-2.4599834043e-04 -6.7588043043e-05 -1.8534787529e-04 -3.2457195679e-04 5.6432088516e-05 2.0872043107e-05 1.0888238086e-03 8.0938286412e-05 4.1098157792e-04 2.1441565128e-04 -2.3794835218e-04 4.8891284266e-04 2.7217617747e-04 -1.2249497038e-04 -1.8602675272e-04 1.3642394477e-04 2.5696683361e-04 4.5816594435e-05 5.0205853891e-04 2.1124562774e-04 3.6187960242e-04 4.5724583954e-04 -9.7238095783e-05 9.3778648935e-05 7.2574025068e-04 2.4688719979e-04 -5.7289712987e-05 -5.2940998545e-04 1.1831322772e-04 4.3285307975e-04 1.7095338516e-04 -2.8242035574e-04 2.2064470435e-04 -1.5212412006e-04 -3.1532470308e-04 4.4974251578e-04 4.8678244490e-05 -9.6384073252e-04 5.3867452065e-04 2.8655637063e-04 2.5649771690e-04 -5.3619102826e-05 9.0342170630e-04 3.3170675708e-04 2.8368416478e-04 -1.1303820669e-03 2.4195499904e-04 2.8729790121e-05 -1.2987868949e-04 -3.7983413059e-04 -3.4310918025e-04 -7.4597250935e-04 5.3057503674e-05 1.1056665823e-03 -2.2040186114e-04 -1.3031807551e-04 -7.7394050576e-04 -1.2563200151e-04 -5.0729684904e-05 3.9299506760e-04 -5.5237141672e-04 1.8363011922e-04 7.3074301289e-05 2.9213516709e-04 5.2169284778e-04
-6.7182577298e-02 -4.9431514160e-02 2.6150102382e-02 -1.8488335373e-01 3.3192580290e-02 3.7400004341e-03 -6.2857857309e-02 8.7279462060e-02 -3.3084007315e-02 -2.9109054331e-02 6.5081423709e-02 -5.3627125174e-03 -3.2846954216e-02 8.5404333222e-02 -8.5685523639e-02 1.4940861365e-02 3.8340039748e-02 -6.2550003640e-03 -1.8917401829e-02 1.4961870752e-02 6.1473037152e-02 -2.6934863186e-02 7.7989168011e-02 3.9690223823e-02 -3.6387194068e-02 -1.3849782742e-02 -1.5327092599e-02 -3.7932608739e-02 -4.8135740553e-03 -1.7737129676e-02 -1.1152915097e-02 -1.7228412958e-02 1.5029795800e-02 -1.9788306832e-02 5.2164775775e-02 -1.6240058235e-01 4.2815358614e-02 -4.8881709068e-02 -3.8147826399e-02 -3.6168712201e-02 -3.4051332356e-02 -3.9472078737e-02 1.6021406611e-02 1.8007066366e-02 -2.5614218727e-02 -4.6623553888e-02 -2.6484882070e-02 1.9644243690e-03 3.5286272257e-02 -9.2915275136e-02 5.0417586834e-02 1.2274764544e-02 1.9791170704e-02 2.3130441597e-02 2.4139439188e-02 1.0816952981e-01 3.9700936227e-02 -1.1420537425e-02 8.8779352856e-03 6.7882011588e-03 2.7027769784e-02 9.8805784309e-02 -7.0962327022e-02 3.8183699476e-02 6.5290542154e-02
1.9932124891e-04 4.1881671881e-04 2.1415302885e-04 -1.0268192614e-04 2.7745715567e-04 -1.9795505830e-06 6.7826234639e-04 3.8326388843e-05 5.8057999101e-04 5.6203031457e-04 2.9769473502e-04 -2.3227048979e-04 7.2019262079e-04 -9.4540299293e-05 2.0535294808e-04 3.8077137101e-04 -7.0826676409e-05 -1.9988159263e-05 -8.0457962504e-05 -1.0613571538e-03 3.2230675088e-04 -7.3254906288e-04 7.0723370904e-05 -4.4067642981e-04 -7.6762891641e-04 2.0977390466e-04 5.2086362518e-04 -3.0707209052e-04 3.4289671894e-04 3.7741729358e-04 -7.0075426728e-04 -1.2207061573e-04 1.2382348293e-05 -1.0025372218e-03 1.4466786627e-05 4.5705275133e-04 7.7313604101e-04 5.7178983589e-04 -1.1100950303e-04 1.0486207821e-04 4.6563790526e-05 2.1181891409e-04 1.9020467092e-04 -1.9295753727e-04 -3.5331521585e-04 -8.8197493437e-04 6.5661533533e-06 -1.1086599247e-04 6.0606183428e-05 8.2562048888e-04 -1.4939502252e-04 6.8654427065e-05 4.4856169642e-04 4.0660045155e-04 -3.5225354397e-04 6.4417915287e-04 -1.2222941366e-03 -7.1435180788e-04 2.7413761386e-04 -2.4933496460e-05 -2.9966987906e-04 2.9694449539e-04 6.8683728489e-05 -8.1476526784e-04 -5.5017759617e-04
-8.0383033885e-04 4.3134167885e-04 9.6584933767e-05 2.7428152720e-04 4.0064158934e-04 -6.3503273810e-04 -9.0512265348e-04 2.7761712099e-04 -7.8098418178e-05 -3.7848286431e-04 -6.3750340346e-06 -2.0229471132e-04 -4.8765214328e-04 -4.9289035009e-04 3.6716664348e-05 1.2584047910e-04 -3.5972392799e-04 2.6316613072e-06 -1.2310553268e-04 -3.4346599188e-04 1.7617100811e-04 1.3065125782e-04 1.3689915162e-04 -7.5245228184e-05 3.5309111879e-04 -5.7611297305e-04 -2.1711138399e-04 4.3771212877e-04 6.0088474644e-04 7.7143786337e-04 4.1227081611e-05 -4.0362453600e-04 4.0751027846e-04 3.0247653073e-04 -7.3786469528e-04 -1.7142824765e-04 4.0905167514e-04 3.4417124626e-04 1.5290462662e-04 -4.0685007920e-04 1.7899527211e-04 4.2794408928e-04 -1.4530043221e-04 -3.2099030503e-04 3.3143746518e-04 -8.1508947262e-05 -9.2363289073e-05 1.3455506243e-04 4.7874869549e-04 -5.1489633240e-04 3.1424534312e-04 -5.3984716034e-05 -2.1719329714e-04 -2.6882390829e-04 -4.1848167734e-04 -6.6711203785e-04 2.9655269914e-04 1.1216205622e-04 -4.4229820358e-04 2.0596464140e-04 5.1852018021e-04 4.2399188011e-05 5.0666211791e-04 -1.3545815941e-04 -5.1606655420e-04
4.6056933330e-02 -1.0400770854e-01 -1.9872934192e-02 -2.2677737688e-03 2.2378401331e-02 1.0697467497e-01 -1.8739258305e-01 3.5083460133e-02 2.3620449404e-03 -1.2527030732e-02 -8.3650816479e-02 -6.8863507416e-02 7.8445711654e-03 4.1705447189e-02 -3.2687780772e-02 3.0736899116e-02 7.7613026805e-03 -1.2396393156e-01 2.7540338147e-02 -9.4081814294e-02 2.6725452361e-03 9.2511497503e-02 -2.0010200787e-02 2.8920719070e-02 2.6556474704e-02 6.8797839145e-02 -2.0574175168e-02 -1.9502458520e-02 1.1943653800e-02 1.9301792233e-02 3.0662866349e-02 7.7864230047e-03 4.5809088446e-02 9.5163131362e-03 2.2477779163e-02 6.1198090497e-02 5.1695919635e-02 2.3688169698e-02 -6.6826103640e-02 -6.5475098384e-02 -1.4090612299e-03 -1.7625344598e-02 3.6101924996e-03 1.8128599332e-02 1.6006913823e-02 -3.7214038905e-02 -5.8018069183e-02 -8.4885505136e-03 5.0010077400e-02 -4.8648671754e-02 -6.5521319763e-03 -1.8604223290e-02 -1.3777478524e-02 -2.7005140435e-02 2.3553239082e-02 2.1221627183e-02 -2.0973925384e-02 -6.9608712998e-02 -7.2214595581e-02 5.1348201769e-02 2.2494898032e-02 9.8759223344e-02 -5.3432631660e-02 1.3144758968e-02 8.3488224696e-02
3.8483630916e-04 -1.6816013848e-04 4.7716265278e-07 -4.5653242110e-06 -3.5426298199e-04 1.1169044638e-04 -2.7170424701e-04 8.5287516974e-04 -4.6645970908e-04 -2.7303767996e-04 -5.5054559912e-04 -2.6917692286e-04 5.0490804490e-04 2.9429744712e-04 2.7894330818e-04 1.1590325752e-04 1.3878943484e-04 2.5748132168e-04 5.1403146421e-04 1.0125441441e-04 -1.4800354967e-05 3.0588772926e-04 4.9916838358e-04 2.6366229301e-04 -5.7103876185e-04 -5.1803040460e-05 4.3377577527e-04 -2.8445712079e-04 4.8320958959e-04 -7.4897339076e-04 5.6246020527e-05 -1.0541661235e-04 -4.0202611700e-04 -4.5378185362e-04 1.2860439985e-04 -3.0957441153e-04 -9.0112031624e-04 9.3824703360e-04 5.5163211158e-04 1.6902416972e-04 3.2681671408e-04 6.6881149232e-04 -1.3491165805e-04 -2.9707173165e-05 -4.9447283073e-04 3.5159466389e-04 9.4494961210e-05 -1.7816768574e-04 -7.4739206393e-05 2.8670050325e-04 5.7302616491e-04 4.1460791617e-04 1.3676103086e-04 9.9063245346e-05 2.5394598393e-04 8.6768532215e-05 2.3892309198e-04 8.5341237954e-04 -5.9520385409e-04 -2.6161767580e-04 -1.2850405319e-03 4.0088281895e-04 -2.6663127437e-04 5.1765540176e-04 1.6286731055e-04
2.7605077572e-04 -3.3503713198e-04 5.4058148188e-04 1.1123123343e-04 3.1277972337e-04 1.7682438965e-04 -4.9594175164e-04 -7.0001615337e-05 1.7844541847e-04 3.4253409194e-04 4.6735695469e-04 7.2634792748e-05 -8.8404518277e-04 4.6400187731e-04 -4.6544527698e-05 -6.2685132594e-05 3.2601608527e-04 7.9032884263e-04 1.9838274129e-04 -9.7264286744e-04 4.0269369853e-04 -1.0812369746e-03 9.2141604574e-04 2.4048800581e-04 -1.8783524050e-04 1.1918401272e-03 3.3667197266e-04 2.1226050944e-04 -5.9427169614e-04 6.4504339065e-04 6.7398416562e-04 6.4954762319e-04 2.3515303881e-06 5.3957760140e-04 2.7938081439e-04 -6.3131158444e-05 -2.7854483479e-04 -9.8090347960e-05 2.3884728516e-04 -6.4730217199e-04 -4.7888787066e-05 -1.5094866923e-04 -4.8103702777e-05 1.1909387694e-04 -2.9980319314e-04 3.1184550568e-04 1.4511956816e-04 7.8161582111e-05 -6.8310302138e-04 -8.9861822404e-04 -7.5217126798e-04 -4.8354939483e-04 -3.4241016046e-04 -3.6128929636e-04 -1.4907247938e-04 2.0008184775e-05 -1.0637370956e-03 5.7395474955e-04 4.1766870931e-04 -2.2107252020e-04 -6.5929514287e-05 3.5160302489e-04 -4.6325329653e-04 4.3649377672e-04 1.9226059429e-05
-3.7465067106e-02 -7.5460162242e-03 -9.1309866244e-02 -9.3114706435e-03 -2.7048904981e-02 -1.3132379127e-02 1.6672454581e-02 -5.5542675368e-03 6.4427351563e-02 -1.8519590435e-02 -3.8737317594e-02 -1.2003241749e-01 4.9942819717e-02 1.0219427978e-01 4.2475351820e-02 -1.2902820995e-02 -2.8636308706e-03 5.3465411607e-03 -4.0257871388e-02 -4.6658741957e-02 5.3418571014e-02 -8.2393101751e-03 -1.5087767725e-01 -4.1667545939e-02 -2.5345256847e-02 -3.6628488016e-02 -2.8854552605e-02 3.6556851167e-02 4.7912952419e-02 -2.7146151830e-02 3.4591846575e-02 2.7182879464e-02 -7.1031095926e-02 -3.9435465882e-02 -2.7008876166e-02 5.0965822498e-02 4.7737841712e-03 -4.2217058348e-02 1.1713095185e-01 9.3873969376e-04 -9.3406604388e-03 -5.3874911981e-03 -7.0236953120e-03 -1.9605436375e-02 3.0309145607e-02 -1.3947169490e-02 -4.5665684310e-02 -2.2087001402e-02 1.8076267417e-02 -3.4406597449e-02 -5.8416662894e-02 -4.9800627241e-02 3.6116660239e-03 -4.6156624657e-03 2.1414313986e-03 4.2323708159e-02 -2.8079263920e-02 6.0542950448e-02 2.5708795965e-02 8.3539183020e-03 3.9557706932e-02 3.7554878085e-03 -1.5104334716e-03 -5.9092733012e-05 9.2247637446e-02
-3.9870885137e-02 -1.8646327257e-02 -5.1092482273e-02 7.1406797682e-02 6.2160754279e-05 -3.0893043573e-02 -7.5503512132e-02 -1.2467291835e-02 7.1137991897e-02 4.5454421783e-02 3.3282402164e-01 -2.5939111413e-03 1.7485985085e-02 8.2671773921e-02 5.2449605432e-03 1.2297389425e-02 -3.6923518414e-02 1.8722471379e-02 -4.8639632664e-02 -4.1718018400e-02 -1.3002220491e-02 2.6865754086e-02 -6.0276928846e-03 2.4189127321e-02 1.3470431358e-02 -9.9614122959e-03 7.4476587280e-02 -1.1803124397e-01 6.8768952228e-02 -3.5918396433e-02 -1.5909210128e-02 -1.0321161570e-02 3.3801435892e-02 -3.4730411559e-02 7.2161041301e-02 1.5218218135e-01 -1.2579483833e-01 2.9173247501e-02 2.1181080437e-02 1.1960989673e-01 1.4241279649e-02 -2.7487812479e-02 -8.5475703167e-02 -3.9745636769e-03 4.2481899978e-02 -2.6773345881e-02 -5.6604876835e-02 4.8080346225e-02 -2.8784644176e-03 3.9138195678e-03 7.6664985008e-02 1.2124357590e-02 9.8729257996e-03 7.4024685460e-02 1.6002758494e-02 1.1724368309e-02 -4.0388082246e-02 -6.3716678177e-02 5.1755221600e-03 4.4795655099e-03 -4.0231371963e-02 2.9028666934e-02 1.5087292452e-02 4.1979701766e-02 -2.6458530912e-02
4.5722599827e-04 2.0327939027e-04 -1.9032120186e-05 -7.0462242362e-04 6.7773363727e-04 3.5015225777e-04 -3.1781754015e-04 5.8288134855e-04 -6.1653093705e-04 -6.7793493091e-04 -3.6408073568e-05 -4.1962656379e-04 3.4319053530e-04 -8.4855606722e-05 4.0390507542e-04 3.8736582041e-04 -1.7441174346e-04 3.4850090166e-04 -3.9862591233e-04 7.5457985510e-05 2.3084012187e-04 3.4683586982e-04 8.5902999409e-04 -5.5674429000e-04 3.2239080764e-04 -4.2757687862e-05 3.6320774385e-07 -4.7037491065e-04 -4.5335087107e-04 4.0313853732e-04 -8.7239603468e-05 4.6993675337e-04 -3.4758200510e-05 -2.7784029629e-05 -3.8316969234e-04 -5.5043873609e-05 2.5561743632e-04 -1.8801056059e-04 -7.5462014513e-06 3.6177994315e-05 3.4928223826e-04 3.2748379821e-04 6.9012295459e-04 -8.5667453850e-05 -8.4889184049e-04 3.9577368579e-04 1.7651742138e-04 -4.2726747551e-04 -2.3294311188e-04 2.0741210609e-04 -3.4769355768e-04 -1.2373540486e-04 -7.2867136408e-04 4.1713682268e-04 1.3298676846e-04 -3.7520489960e-04 -7.3808852970e-04 -5.6600983365e-04 2.6500367375e-04 1.7393657921e-04 6.5339788081e-05 -3.2470960137e-05 5.5052113213e-05 -1.4150143561e-03 6.7304896526e-04
3.9280690772e-04 -2.4997093222e-04 -2.4057118247e-04 -3.2835206283e-04 -8.6009753620e-04 4.8113005771e-04 -4.0632371945e-04 -1.3289686174e-05 -1.0180827412e-03 1.2437630200e-04 3.3178255313e-04 -3.7674493486e-04 -2.9804251622e-04 2.1231701775e-04 3.4016989137e-04 -8.2562488386e-04 -8.6966046663e-04 -8.9617160720e-04 4.4966807399e-04 -3.5389652756e-04 -6.6076385167e-04 -3.0558850498e-04 5.4173359983e-04 3.8738350305e-05 -1.5912768108e-05 5.0227426340e-04 -4.5077201905e-04 -5.8928605995e-04 1.8707144646e-04 5.9321424612e-04 1.4179956753e-03 -3.9540221884e-04 5.3382043363e-04 -2.0019103454e-04 5.6021308259e-05 -1.4244932076e-04 -2.4083592211e-04 4.3259374460e-05 -2.4883544195e-04 -2.7623334159e-04 6.8024638453e-04 -6.6725666579e-04 -2.6802826535e-04 1.3808544915e-04 2.1453772962e-04 -2.3612930940e-04 -1.6424377513e-04 -1.5131905150e-04 -2.6106115662e-05 -3.1050650003e-04 5.3465384996e-04 -9.4406968399e-04 1.0356785308e-05 -7.3850813201e-05 6.2585477797e-04 -8.6560439307e-05 5.9131805828e-04 8.3153222351e-04 -1.9785396935e-04 4.5030883217e-04 8.7391183036e-04 -3.6492478426e-04 -6.0407221658e-05 -1.3310708498e-04 -4.8133572147e-04
7.0870198846e-04 3.3219306206e-04 -4.9585251340e-04 -4.1206536135e-04 9.0668856403e-06 -5.6791432749e-07 6.0416049548e-04 -7.7639688438e-05 1.3187144093e-03 -1.0891299382e-04 -4.9627811456e-04 -7.5030814887e-04 -1.0238173326e-03 1.0302321663e-04 -1.0589955189e-04 -2.2041591568e-04 -1.5101072140e-04 -2.5456039175e-04 5.9252944058e-04 -2.3941109280e-04 4.2750640822e-04 1.6434633997e-04 -1.1093632677e-04 -3.1926252055e-04 -2.2664233108e-04 -7.2546830298e-04 9.3771477049e-05 -1.1547620668e-03 6.8491282351e-04 7.2966757385e-04 -5.5653359573e-04 -5.4766594919e-04 -5.0315292410e-04 -5.3379714128e-05 7.0237548714e-04 -6.1784909224e-05 4.1550157764e-06 2.6434968792e-05 6.5142402124e-05 -1.8826996763e-04 -3.9165378574e-04 -1.0611697430e-03 8.0465978072e-04 -1.7335715965e-04 -3.4249278123e-04 -6.4738545980e-05 -4.6089469386e-04 1.9961996098e-04 3.7210699163e-05 7.2591322254e-04 4.5875496374e-05 -6.8893522753e-04 -1.0639497819e-03 -7.5749494711e-04 -2.4313883046e-04 -1.8159505993e-05 3.9448354922e-04 -2.3868686260e-04 -2.8233820586e-05 3.6856151651e-05 -4.0899783143e-04 -3.3953938926e-04 -8.0209349343e-05 -9.3527298964e-05 2.5088238873e-04
3.2646481647e-04 -5.6279394438e-04 -3.0679170041e-04 8.9681397212e-04 3.6276220974e-04 -4.3164133151e-04 -7.9690827620e-05 3.7777653857e-04 1.1821237005e-03 -6.9379161374e-05 7.0607683670e-04 -4.1516116508e-04 4.5989449235e-04 8.2768863314e-04 1.0494247039e-04 -1.9629234062e-04 -5.5755862885e-04 -3.7092203046e-04 7.9566750538e-05 5.8913417930e-04 -2.8174398785e-04 3.3054997274e-04 5.1732726504e-05 9.6749758978e-04 -5.3015416111e-04 -2.2162635390e-05 2.7545379185e-04 6.5000151615e-04 7.4546661439e-04 6.7017665809e-04 -3.0052711938e-05 3.1066081517e-04 -5.2656266779e-04 5.9705992995e-04 -6.0672285000e-04 -4.9792268577e-04 5.2437503265e-04 3.2183237255e-04 1.7339069384e-04 -1.6696690588e-04 -2.7615904350e-04 3.8669632014e-04 -5.7328740457e-04 -4.6458579493e-04 4.8556276548e-04 2.8737741253e-04 -7.3474312100e-04 -4.2597945741e-04 -1.8081462672e-04 1.1767318131e-04 1.4399185111e-04 -4.2487016164e-04 5.0608608413e-05 6.2065251611e-04 -7.7043406029e-04 -1.9316668111e-04 -9.3348068751e-05 1.5507251908e-04 4.0157855492e-04 4.5672344657e-04 -1.6028948742e-04 4.2967349018e-04 1.1818712620e-04 -8.3892610132e-05 -1.0152174121e-03
2.5647489266e-04 -1.6329676551e-04 -6.7050118070e-04 6.8044626222e-04 -1.1722537102e-03 3.3462976766e-04 -1.0167041209e-03 1.7521257178e-04 -5.5850218810e-04 1.0328904269e-04 -1.3765897890e-04 -8.3295478920e-05 -1.3847806887e-04 2.5761598329e-04 5.6400640149e-04 -1.6842057720e-04 -4.4607973952e-04 -1.2183529393e-04 3.1131499736e-04 -6.2388618611e-04 -1.0303499699e-04 3.0672714414e-04 3.0909026885e-04 -1.0424764188e-03 4.6318312906e-05 2.8329099154e-04 1.7921877256e-04 2.3231103696e-04 4.4190513876e-04 3.3462596848e-04 -8.1734434411e-05 -4.5004934058e-04 7.0994998388e-04 -7.0848753643e-04 -1.5782772716e-04 9.5690558188e-05 4.2298890340e-05 -4.2203985461e-04 -1.0970430021e-04 -1.2024372839e-03 1.8911092231e-04 1.1979733576e-04 -5.3716964771e-04 2.4946122999e-04 -1.3307052252e-04 2.3377813663e-04 -4.6357185765e-04 -1.5412041828e-04 -1.2692384379e-04 -3.9411982967e-04 -5.7738514966e-05 -2.8673468279e-04 5.4818342589e-04 -1.1897390044e-06 -7.4879682575e-04 -1.9984916105e-04 2.6669200563e-04 -5.7308929500e-04 -1.6048813034e-04 -1.4097555466e-03 1.7362159096e-04 -2.2124848663e-04 2.2774881008e-04 1.2216403140e-04 6.6110470957e-04
-5.0541136902e-04 -3.6724619350e-04 6.6293754678e-04 -7.3529466118e-04 3.4296536423e-04 -5.9313962837e-05 -1.7502707298e-04 3.2257401381e-04 1.8207092285e-04 4.1501568735e-04 1.0744938924e-05 7.1778501402e-04 -3.1444376737e-05 3.8466519556e-04 -2.7378726842e-05 9.9229819860e-04 -1.9277640637e-05 2.6073270719e-04 -2.7215777115e-04 -3.2479626586e-04 -2.2807192645e-05 -9.9472022724e-05 -2.6205262132e-04 5.0212877447e-04 -1.7120377374e-04 -6.6802295133e-04 -2.1442687205e-04 -4.4183718678e-04 -3.9347154208e-04 1.0462856737e-05 1.9177258244e-04 -6.4797767513e-04 -5.9767394570e-04 3.0799998406e-04 -1.1325116234e-05 8.2479982017e-04 -6.6466400604e-04 -2.8605706843e-04 -1.0405598491e-03 -6.6290970764e-04 9.3963834044e-05 3.1855595896e-04 -7.6992523388e-05 3.8946830866e-04 3.1675163414e-04 -2.3813183412e-04 -1.4668357616e-04 3.8785560845e-05 9.7773204045e-05 8.2295293640e-04 -9.1552443772e-04 3.6755003536e-04 -1.8094564084e-04 5.3669331915e-04 -3.9136592484e-04 -3.2334930847e-04 -1.7772979107e-05 1.7291215823e-05 4.5906078925e-04 -9.3320284326e-04 3.6377792544e-04 -1.7901820366e-04 -6.0609410369e-04 -5.1364490456e-04 1.0769795345e-04
-1.4637475227e-02 6.6110173378e-02 1.2273203239e-02 -6.1793716690e-02 -1.4714536541e-01 -2.3314189503e-02 -1.2267315990e-01 2.9977520372e-02 -1.9240199971e-02 2.6005229445e-02 2.3643418049e-02 -1.6955030902e-02 -1.6766181963e-02 -1.9778689200e-02 -5.9492523731e-03 -2.5487174384e-02 -4.5820284403e-02 1.8674680031e-02 1.2603396730e-02 3.4263974728e-02 -3.9860008208e-02 5.5112722383e-02 -2.1038553280e-02 -1.3071817656e-02 7.6400535961e-02 1.1176347758e-02 -1.0622002265e-01 -6.1493807258e-02 -2.0324426620e-03 -3.2107941266e-02 -1.6057325192e-02 4.4612213493e-02 4.3570214444e-02 3.2358316252e-04 -4.8905336828e-02 -9.8755981016e-02 2.4035109098e-02 -3.6174052547e-02 -1.0763393492e-01 6.4964422017e-03 -1.9782545193e-02 4.3203609163e-02 -1.9358062900e-03 3.5768953274e-02 9.2377854054e-02 4.2555500263e-02 -1.2686932454e-02 -1.1395130477e-02 -6.8753595039e-03 -2.4093093295e-02 8.8740502346e-03 5.0786725441e-02 -1.4215994553e-02 -6.5743924348e-02 4.7375441675e-02 -9.7833872789e-02 2.6137607630e-02 -1.5345284618e-02 6.4820790707e-02 4.7690230138e-02 3.0664535061e-02 1.5653991384e-01 -3.9296279201e-03 -3.6280852355e-02 8.3928451497e-03
-6.4233191890e-02 -1.6102136187e-02 -1.0676997984e-02 3.4298038055e-02 -1.3830950716e-01 3.4349096205e-02 2.0909467183e-02 -6.3688631693e-02 -2.1644495515e-02 8.3448084330e-03 1.7556570180e-02 2.1627889902e-02 -1.7938174667e-02 -3.3239228560e-02 4.4779802581e-02 -6.0063755393e-02 2.6926379511e-02 -7.9495485980e-02 2.8653845138e-02 1.9774654121e-02 -5.1488940217e-02 -2.1165834549e-02 3.4664730030e-02 -5.5040966144e-02 5.8753607859e-02 6.1110410494e-02 7.1832829918e-04 6.2220318091e-03 4.9345081097e-02 -4.7272357238e-02 1.9598595025e-02 -5.9597726581e-03 -6.2292669268e-02 -9.1010127873e-02 7.5110684865e-03 6.6124226584e-03 -3.1732143618e-02 -4.8571954160e-02 2.1451283042e-02 -4.8415460054e-02 -4.7670613298e-02 1.9155910448e-02 3.7975623199e-02 -8.2915148489e-02 -3.6440640662e-01 -2.3107549591e-02 -1.3480663412e-02 -2.0917343920e-02 4.4757313859e-03 -1.6841868368e-02 1.3369491785e-02 3.2033889601e-02 5.9545526682e-02 -4.2783666717e-03 -3.8567897228e-02 2.1483906591e-02 3.9347041686e-02 1.5267431983e-02 9.2292942867e-03 -7.2680327645e-03 6.8009055545e-05 8.9227002017e-02 4.0122670954e-02 -5.8022119850e-02 -3.4821623533e-02
3.2025686656e-02 8.0966255741e-03 2.0048009507e-02 -9.9712854918e-03 7.9431747763e-03 -4.5230416980e-02 7.4061087675e-02 -1.8281136061e-02 -2.1892812436e-02 -3.6301961447e-03 -7.7919314312e-02 3.9530847907e-02 8.6147021933e-03 8.0622995844e-02 -6.8147222078e-02 -1.7972159979e-02 -5.9332378156e-03 -2.5744175508e-02 -3.1911472984e-02 5.0987319185e-02 -6.1828045190e-02 -4.6134467197e-02 -3.9663837046e-02 1.4208706326e-01 -7.6355953627e-02 -4.4022572927e-02 2.0881684247e-02 8.7355671198e-02 -9.6859827611e-03 7.6722378331e-02 -1.2803375810e-03 1.9316911100e-02 3.0921880083e-02 3.0231678073e-02 2.8229305380e-02 7.4375816252e-02 3.2188565503e-02 -1.9283785587e-02 9.3612967119e-02 9.4739159517e-03 4.2843640235e-02 -9.5753531538e-03 4.2794569607e-02 -9.6984232093e-03 -1.3504853838e-02 6.0741190332e-02 7.2144087593e-03 -7.5808684706e-02 -2.5016043863e-02 7.7528888594e-03 -1.0304392026e-03 4.7781720847e-02 5.3813534809e-02 -4.8030865151e-02 6.1066261399e-02 -6.8651988772e-02 -3.3618995730e-02 3.3683319099e-02 1.5189742624e-02 1.6852733509e-02 -1.0165753646e-02 5.5053123509e-03 9.1390870336e-02 -3.5376311549e-02 6.8853048874e-02
-3.1104097985e-02 -2.2889330795e-02 5.1226459025e-02 1.8055972867e-01 1.7761563322e-03 2.5504022538e-02 3.0488509910e-01 -1.2216499713e-02 1.8765346512e-02 1.3832823065e-02 -3.4705513384e-02 -4.1374045277e-02 -2.5187165101e-02 -2.4259482086e-02 5.0002994746e-03 -1.1382638540e-02 3.2307430378e-03 7.3277440470e-03 1.1948217553e-02 -8.2448299161e-02 1.9787501161e-03 3.5182881175e-02 4.8985110494e-02 -6.5746264993e-03 1.4704803962e-02 -1.5396470554e-01 -1.7182970250e-02 2.6955822011e-03 2.6624593110e-02 -2.5734110275e-02 -2.0356863912e-02 -3.8699571030e-02 -4.2432999743e-02 -3.5989281623e-02 9.2165205503e-02 -8.4769789395e-03 5.7980017912e-02 -4.8296818247e-02 4.8764677995e-03 5.5764650524e-02 1.7624787928e-01 5.4439606017e-03 -2.1403842993e-02 3.2368076261e-02 3.1440920763e-02 3.4430791822e-02 2.2959393528e-02 -4.5651401424e-02 -1.1307290779e-03 -1.6636860023e-02 4.5499697812e-03 -3.4313025773e-02 3.8201482529e-02 6.1686284273e-02 -3.4197580911e-02 -2.9881455842e-03 -7.2504965676e-03 2.8576955921e-03 6.6615421318e-02 3.7541510189e-02 -1.3287902933e-02 1.5291819946e-02 -2.2980761418e-02 4.3998711979e-02 1.5400175215e-02
9.8020428656e-02 3.8127144045e-02 5.2078724490e-02 -3.2368238369e-02 -1.1524036169e-02 -6.6653364220e-03 1.4577019202e-01 1.0703162078e-02 1.4556136549e-02 5.4662034346e-02 -8.3362379166e-02 -1.3816524880e-02 -2.9546214825e-02 -2.8617263940e-02 1.4899812686e-01 -1.2483059080e-01 3.2755900041e-02 -2.9158789169e-02 -1.9449468438e-02 8.2026040184e-02 -3.9947639511e-02 -5.5791703652e-03 -6.2193462902e-02 -1.5839528159e-02 -3.7792073839e-02 2.4077147091e-02 -4.5539801879e-02 -1.2348598285e-01 -4.1562459830e-02 -2.9024737052e-02 8.5758549032e-02 1.0247097585e-02 -2.3249917194e-02 -4.1354659526e-03 1.1005764224e-01 -9.5001128792e-02 5.9161272010e-03 -6.8860103400e-02 -8.7757212566e-03 4.6814744905e-03 -2.4306077808e-02 -3.1924691020e-02 2.6950750712e-02 -2.1295917403e-02 6.6214246927e-03 -1.3055607900e-02 -4.0554666534e-02 -1.6945828413e-02 -1.4687083012e-02 4.1219179578e-02 -8.7351321029e-03 3.0977883659e-02 4.2258546211e-03 8.7384020896e-03 4.7988470230e-02 -4.1235606648e-02 5.3741035023e-03 2.4266628783e-02 -6.2119724357e-02 -1.0701840530e-01 2.6018207655e-02 1.0885551003e-03 1.5255963065e-03 -5.1098868970e-02 2.7212380988e-02
1.9826254031e-04 -1.8334032625e-04 3.6991392131e-04 2.7993687703e-04 6.1297040432e-04 4.5998080536e-04 -3.2405832461e-04 6.3005804849e-04 -5.4075242229e-04 2.8996867257e-04 9.8812451400e-04 5.0025684896e-04 1.0475992863e-04 -2.9140711394e-04 3.9383893628e-04 -6.2416033282e-05 -4.0076642265e-04 -9.8349214111e-04 -1.3191010171e-04 -3.2236620956e-04 2.0309020182e-04 -5.4573921417e-04 1.8687037840e-05 7.6642561689e-04 -9.1542884868e-04 4.1604704384e-04 -7.0828227044e-04 1.1726289160e-03 6.7205536017e-04 -6.4891969712e-04 -3.0156084755e-04 3.0976378730e-04 6.8775468357e-04 3.5055281407e-04 3.9614840411e-04 5.1328605906e-04 -2.6252232295e-04 1.6726979217e-04 -4.7860011687e-05 2.0283670852e-05 9.3010007560e-05 -2.8647681314e-04 -4.6374907355e-04 -7.9948142091e-04 -1.1812574232e-04 6.0393508010e-05 2.5628832583e-04 8.0382512102e-05 -1.5141374112e-04 -4.0333244471e-04 9.9658290393e-04 -3.1724421236e-04 4.3360426088e-04 -4.4163437582e-04 -1.5342391094e-04 6.1228076846e-04 -1.8413928937e-04 -4.6320667437e-04 -3.3726955798e-04 3.5377336462e-04 -1.2649178804e-04 -8.2505206890e-04 5.8159664819e-04 2.8074872757e-04 -1.9481221284e-04
1.0652456514e-01 1.3435369963e-02 -1.1265816964e-01 -1.0209593017e-01 4.4976166574e-02 -6.8777753524e-02 2.9268436625e-02 8.2048391704e-03 7.6675250690e-03 2.0724473663e-02 -4.2632839218e-02 -2.5268708345e-03 -1.0087734227e-01 -4.6173860296e-03 -1.9187894168e-02 1.0602426142e-01 -4.5770950236e-02 1.9211819786e-02 1.3834505007e-02 1.1462053188e-01 5.6079124725e-02 3.1765052100e-03 -7.2807206875e-02 -1.1522631130e-02 -5.2615992596e-02 3.8042115040e-02 -8.7903319374e-03 -8.9366506826e-03 -2.2282363536e-02 -1.0790565384e-03 -3.2992144947e-02 1.9845218869e-02 -1.5844711386e-02 -6.3169414272e-03 -2.0712645288e-02 -2.4085865742e-03 -3.4389255635e-02 -7.9332623333e-02 -2.8549368237e-01 -5.0440266577e-02 -9.2410844644e-02 1.5633942684e-03 -4.8167008275e-03 1.1709012758e-02 -1.8834980600e-02 -1.7768697949e-02 -5.6919267958e-02 -4.0009081719e-02 1.4458109233e-02 1.7658633573e-02 2.3695058419e-03 -1.6875567813e-02 -7.2870155249e-02 -1.2527889119e-02 -2.4813398235e-02 -7.3886356062e-02 1.2165668673e-02 2.4006810839e-02 1.7996262534e-02 -2.2226763015e-02 2.4233141663e-02 5.2923100266e-02 2.4987271860e-02 7.4328964912e-03 1.7005834181e-02
-2.0361417283e-02 -2.9155255721e-02 -2.9248348334e-02 -5.4005401143e-02 -1.2190050647e-01 1.0265387894e-04 -5.7535555443e-02 7.8538649187e-03 -6.0459848759e-02 -8.0370363162e-03 2.7473638997e-03 2.6867251400e-02 4.7032153201e-02 -1.6102404547e-02 -8.5786556933e-02 -8.1412348993e-03 -2.5219806268e-02 4.2203762909e-02 7.4384147450e-02 -1.6699126865e-02 4.7099127437e-02 1.2986287895e-02 -2.9406639433e-02 6.7316702730e-02 -5.9077828077e-02 7.1612109937e-02 -3.8866607657e-02 2.5592789138e-02 4.8415564907e-02 -1.1750339804e-01 -1.3988878697e-02 -1.0187485764e-02 -4.2137842585e-02 -8.2302767958e-03 5.7848406756e-02 1.4483826153e-02 -2.1425424927e-02 -5.1087451893e-02 8.0455696316e-02 7.5254797743e-02 1.0510309268e-01 -1.1917300284e-02 7.4196173949e-02 -2.3986570853e-02 8.4493885690e-03 4.5815845788e-02 6.6307999096e-03 4.8282088404e-02 4.2733008796e-03 7.9837745242e-02 -5.0150456695e-02 -2.0996705227e-02 -1.9699971021e-02 -2.7651897846e-02 -5.7876313723e-02 6.7281098040e-02 4.1226337473e-02 -2.9930732147e-02 -1.9762463116e-02 -2.8516778602e-02 -9.8177917348e-03 -3.3624949407e-02 4.9404259895e-03 -4.3615869243e-02 -2.2253893658e-02
-1.3049677319e-02 -2.4112916619e-03 -2.4244807266e-02 -1.1147031192e-01 1.1381364494e-02 4.5638408116e-02 8.2224599514e-02 2.0757069381e-02 3.6393748825e-02 4.9199462427e-02 5.4810727022e-02 3.7013793046e-02 -2.9017076518e-02 3.9969035819e-02 -1.1977787945e-02 8.4728682999e-02 -3.2585497981e-02 2.2235439370e-02 3.1501263152e-02 3.5614545113e-02 6.9817133764e-02 4.4987370971e-03 -6.9817209687e-02 -2.7333891458e-02 -6.7690107644e-02 5.4628233784e-02 7.2606194246e-03 -5.9703565257e-02 2.0603337838e-02 2.4408246026e-02 -4.2216827082e-02 -1.1906735386e-03 -3.3522359445e-02 5.6986623746e-02 -9.4245362762e-03 -6.1273061134e-03 -3.1309700674e-02 2.8969064262e-03 -2.5494278138e-02 1.4433917982e-03 -7.6147429051e-02 4.8181997720e-03 3.1136640673e-02 9.6556232048e-02 7.5751419302e-02 8.8125545585e-02 4.6349663314e-03 9.7221848719e-03 5.9247815817e-02 3.5691166579e-02 1.6776953277e-02 2.2046645605e-02 6.0070835220e-02 1.6288897328e-01 3.6301435763e-02 -4.6650636928e-02 2.0238190867e-02 1.4941315516e-02 3.3451646351e-02 -4.2107121187e-02 -2.1327401786e-02 -1.1210743694e-02 4.0037048170e-02 -5.1272638459e-03 -5.1719148258e-02
-3.7458972881e-04 9.2082528158e-04 1.6195304817e-04 7.6059122806e-06 -1.2741042288e-03 5.4789621638e-04 -6.3499862757e-04 2.2073976612e-04 -5.9514129447e-04 -7.7574216454e-05 1.2011628908e-04 5.8471878889e-04 -2.4389316537e-04 -1.0834775307e-04 -6.4557354851e-05 -8.5007962312e-05 -4.1416279887e-04 -8.7732805140e-05 -1.3569378174e-04 6.1471366471e-05 3.9439282918e-04 1.5405879360e-04 3.2206740796e-04 -1.5588074850e-04 -4.0996600443e-05 -1.4443553976e-05 2.8026836117e-05 1.3553974797e-04 1.7629781226e-04 -2.3566933752e-04 4.7725422418e-04 -2.2622027313e-04 -1.3795597495e-04 8.9765714783e-05 -3.0203892376e-04 9.6604518773e-05 -4.8185684368e-04 7.5493063450e-04 -4.8248685875e-04 4.9096523503e-04 -1.2977824214e-04 -3.1066761391e-04 -6.5867952162e-06 -1.9264363396e-04 4.0921901718e-04 -3.3583229667e-04 -2.0475140704e-04 -1.5709965485e-05 -6.6460433280e-04 -1.1579099922e-04 -3.1276713303e-04 -4.9350448697e-04 1.6539838254e-04 5.0024380192e-04 -3.2993457832e-04 -1.3646354584e-04 2.9333478976e-04 -7.4401092850e-05 -3.8244294308e-05 -3.1501414907e-04 -2.3960768420e-04 8.4860669039e-05 -6.4708929399e-04 -7.7020396507e-04 4.1033883877e-04
-7.4195696507e-02 -3.6867199488e-02 -3.3809740304e-02 -5.5096552315e-03 -5.2523980808e-02 -5.7890622974e-02 5.6375657742e-02 1.0598563896e-01 -3.0144712654e-02 3.6886464492e-02 -2.1949833080e-02 -4.8234381387e-02 -2.1942161584e-02 -4.6448355821e-02 3.1045619838e-02 7.3542354394e-02 -2.7578263875e-02 -1.3060617337e-01 3.7388271038e-02 -1.0966083712e-01 -7.7109743422e-03 2.9017877402e-02 -2.7933266771e-02 -1.6993000079e-03 1.6250829089e-02 1.5598154911e-02 -8.9117820683e-03 1.3701073244e-02 -2.5224493838e-02 8.1804635798e-02 -1.3106344604e-02 -1.9589897562e-02 -1.6566987868e-02 -3.5991839184e-03 5.3752648619e-03 -1.0081734746e-01 4.8296117877e-02 -4.5117692807e-03 6.4010991064e-02 5.3881931517e-03 -6.9541897062e-02 1.4581544847e-03 -3.4432117285e-03 -3.2431696908e-02 -4.5260864797e-02 5.1659015206e-02 -3.5575789113e-02 1.1418571393e-02 -5.6490178522e-02 4.5687356253e-02 -5.1772695898e-02 4.9033457695e-02 -3.1325788048e-02 1.0261748695e-02 -2.8569957016e-02 2.7785381554e-02 -6.5396151493e-02 -4.6792519032e-02 2.2996354254e-02 -7.8464808961e-03 -9.6439264134e-02 -1.1944019233e-02 -2.4995107590e-02 4.3428860278e-02 -3.1749085003e-02
-3.0717453875e-02 3.9207939290e-02 -2.0477813695e-02 -2.2035615498e-02 2.9094398283e-02 5.3857768046e-02 3.8709040067e-02 -4.4731603670e-02 -1.6000998543e-02 -3.7907959748e-02 1.4915917011e-01 1.3712594455e-02 -6.9521830363e-03 3.7794707801e-02 7.5861875095e-03 6.1753410073e-02 -7.7727367544e-03 -2.0355095955e-03 1.5715873116e-02 -3.8475527227e-02 2.7461962543e-02 5.6287377911e-03 -7.1825577795e-03 6.6172838803e-02 -2.0394648021e-02 1.1947126445e-02 2.5877297684e-02 2.1803227073e-02 -4.7435479252e-02 -6.2577436853e-02 1.5385204237e-03 -1.1456724210e-02 2.7448259782e-02 -1.1816745271e-02 1.0641162357e-02 6.9870335325e-02 7.1242961932e-02 -2.5811496562e-03 -1.1045519674e-02 3.7539927875e-02 -8.1549726707e-02 1.5147737297e-02 1.0734002145e-02 -3.2644789444e-01 4.7173117353e-02 1.8326802104e-03 6.3177655854e-03 8.7352477610e-03 1.4366585746e-03 -4.0556076740e-02 6.3805140829e-04 -4.0405388544e-02 -3.2376530490e-03 -3.2911947273e-02 -2.2984992222e-02 -9.9477961712e-02 -2.2757493325e-02 7.1402260695e-03 1.2089977792e-02 -3.5346591799e-02 -2.1438776874e-02 -4.8830989458e-02 -1.2663626149e-02 7.8305985413e-02 6.7812398268e-02
-1.2762941651e-02 3.8789522763e-02 4.0023023883e-02 8.9431023274e-03 3.9136793943e-02 2.3388048011e-02 -2.9156339579e-01 3.6754490456e-02 4.3723438022e-02 4.6221161806e-02 -3.8412593554e-02 -1.1380500502e-01 4.9693642263e-02 -2.3629785097e-02 -1.6216486868e-02 -1.4159573560e-02 -2.3474268394e-02 2.1373984326e-02 -1.1284927701e-02 1.5642399449e-02 2.1715798948e-02 -6.1318190592e-03 8.1728337251e-02 4.5416856959e-02 -6.0288728161e-02 6.5174274990e-02 -3.6396153406e-03 3.4053738715e-02 -1.6271736414e-02 3.0838668778e-02 2.5864308880e-02 1.7835278270e-02 1.2094010200e-02 -6.6476444080e-02 2.9180377992e-02 2.4856219513e-02 -4.3637353826e-02 -5.5548701007e-02 1.5639160430e-02 -2.4180754548e-02 -9.9712974719e-03 3.6258657650e-02 4.1994321358e-02 -6.1180982965e-02 3.9784540755e-02 1.4947860650e-02 2.7513939915e-02 -5.8225988637e-02 -9.3041160953e-02 -1.6732466789e-02 2.6277026226e-02 -1.2610651806e-01 2.5172174050e-03 1.6536224027e-02 3.7521726051e-03 -4.7254666221e-02 4.7920609151e-02 -3.4729910451e-02 9.4798638369e-02 -4.8166224606e-02 -4.4584942932e-02 -2.2388566953e-02 -7.3148621823e-03 -6.7803846236e-03 -5.8287424726e-02
-3.9101025214e-03 -3.5442454932e-02 -2.2220569193e-02 -6.3993805452e-02 -7.1961001825e-02 1.2730800635e-01 4.5303598176e-02 -8.1955842737e-03 -1.0519087556e-02 3.0042371216e-02 1.8070000880e-02 -6.7717470109e-02 9.2536581329e-02 -1.1614368121e-02 5.7679994181e-02 1.3565530246e-02 -4.7510315343e-02 1.1970102028e-02 -6.1980923497e-02 2.1552977726e-02 -2.9771054696e-02 -6.2591842125e-02 -3.5464572086e-03 2.5687457229e-02 5.5722528067e-03 3.7637311660e-02 -3.6674706960e-02 -1.1526927495e-02 1.3633308734e-02 5.6204764978e-02 -3.5384330398e-02 -5.2835148843e-03 3.5019190596e-02 -8.3200524044e-02 1.5540785426e-02 -4.6997065006e-02 -2.6254913924e-02 5.6022408295e-02 -1.1235282303e-01 1.5862762101e-02 4.3977674001e-02 -6.2773847150e-02 -2.4640572752e-02 5.2568943578e-02 -4.0541665883e-03 5.1493205059e-02 1.0178504603e-01 2.4688338920e-02 -1.6753702488e-02 -6.9626032616e-02 3.7145882411e-02 3.7101460059e-02 4.6555429599e-02 -4.7877648512e-02 7.6049139036e-03 2.0345190712e-02 -3.8593183242e-02 -3.2319284148e-02 -1.8920365995e-02 1.9637391175e-02 2.7925312552e-02 -5.0465072904e-02 -3.8047351800e-02 1.1846311926e-02 2.2727048925e-02
1.3916528798e-01 2.6354991776e-02 1.2008052836e-02 -5.4583376978e-02 -5.0972679568e-02 5.0924749461e-02 7.4011401683e-02 1.5953106176e-01 9.7141555980e-02 -3.6639614946e-02 2.5943931029e-02 8.1181255620e-02 1.0649693967e-01 -2.3679716214e-02 -1.4063108467e-01 3.7780142689e-02 3.0355952268e-02 1.8774156906e-02 3.5641715098e-02 -8.0185824782e-02 -1.0662223279e-01 -5.1541064990e-02 -6.0855670482e-02 -5.0814922588e-02 1.4860477630e-02 -2.2564083282e-02 -2.9727716558e-02 6.0684652349e-02 5.7362425262e-02 -4.8098096837e-02 -1.6782958681e-02 4.4948753785e-04 -3.4001188402e-02 -4.2551699208e-02 1.9470584501e-02 6.8507922992e-02 7.7382534777e-03 -1.3280244040e-02 -1.2678171778e-02 -1.0777987459e-02 -3.5311840891e-02 2.5777414813e-02 -3.4365605644e-02 3.7331282946e-03 -1.9628603705e-02 -1.9987248671e-02 6.9632713094e-02 6.8310807006e-03 -1.0493152228e-02 -6.1988844376e-02 -5.2273733327e-02 -3.9952800526e-02 1.5701718418e-02 -1.4597571877e-02 1.9973343528e-02 -1.0501202030e-01 -6.9658583356e-05 4.3942391709e-03 2.2967278527e-02 -6.1062899234e-02 -6.0645117918e-02 7.9842137319e-03 -1.9942330113e-02 -4.1532830688e-02 9.7750952851e-02
-2.5385863940e-04 1.5015591448e-04 -3.3186710773e-04 1.3428865489e-04 -5.7757224618e-04 1.5133254970e-04 -4.2324890361e-05 8.1163469712e-05 4.6394596100e-04 2.7192256785e-04 1.6379057697e-04 5.3156276500e-04 4.4898026339e-04 -2.3870761398e-04 -5.8371812768e-05 -7.1692177034e-04 9.9437684913e-04 2.1742234589e-04 -2.2795787300e-04 1.0783975860e-04 -1.0854131675e-04 4.1115927719e-04 -8.8118718785e-04 2.4901104346e-04 1.4923374623e-04 3.2933431123e-05 1.8022550156e-04 2.4091385032e-06 1.8692693958e-04 1.5942139302e-05 4.3726971109e-04 1.0379681046e-05 -2.5616413508e-04 2.6748461790e-04 -6.3798437080e-05 -3.4785293613e-04 3.7444846435e-04 6.3912247991e-04 -8.0000777962e-05 4.0156690660e-04 2.2452797647e-05 -4.2999327564e-04 -4.2586905975e-04 -1.0403573158e-03 6.7139855018e-05 -2.0666531454e-04 -6.8103737247e-04 7.9423719973e-04 1.2980689518e-04 5.6250450436e-04 -4.8611228767e-04 3.9123646306e-04 2.7012816365e-04 3.3722277459e-04 -3.4921693249e-04 -1.7166638840e-04 3.9465722312e-04 -8.2873935404e-04 -5.3215988612e-04 3.0123980589e-04 -3.9415279763e-04 3.9192748133e-05 -6.0856575507e-04 -3.0452984608e-05 -2.4333920792e-04
9.1328963823e-04 8.7835303868e-04 9.2885013807e-04 -9.8444455847e-05 -9.9508290156e-05 -2.2298045936e-04 6.6250386272e-04 4.6775941329e-04 -3.0639050613e-04 -9.3031500813e-05 1.7386097610e-04 -1.6346965557e-04 6.9287131699e-04 -7.2973315497e-04 1.8838046503e-04 -1.6301183836e-04 4.0008439153e-04 5.6274629272e-04 -2.2285375485e-04 -2.8558317882e-04 7.2032549221e-04 -8.6610389172e-05 1.4530864539e-04 4.2399943741e-04 -1.7586188960e-04 -1.6916795995e-04 -9.4740393342e-04 2.7818599207e-04 3.7434520446e-04 -5.0621009819e-04 4.2359271916e-04 2.0583228424e-04 -4.9177444571e-04 3.3686342591e-04 1.9237247472e-04 2.2841154543e-04 -3.6749354604e-04 -1.7253627783e-04 -1.8161741206e-04 -1.7963523811e-04 -2.4527443175e-04 -1.5987338028e-04 4.8381119457e-04 -3.6827347171e-04 7.1988418145e-04 -4.1380664485e-04 3.2690048893e-04 1.3753354659e-04 5.1579445256e-05 8.0865992337e-04 -9.0459101230e-05 3.4634784345e-04 2.0697044111e-04 -7.9800603087e-05 -2.5624754562e-04 -1.1838290440e-04 9.4812310209e-05 1.5877561972e-04 1.7718664256e-04 2.8491052782e-04 1.6508546994e-04 3.7017331179e-04 -7.5786395033e-04 7.6163052720e-05 -4.5938571938e-04
7.4219336947e-04 5.8295414967e-04 -1.3903512244e-04 1.2779948617e-04 -4.8771242592e-04 2.4369526429e-04 8.9716220644e-04 8.9148222858e-05 -1.7177712215e-04 3.8694597985e-04 1.2975870077e-04 3.5054813831e-04 -1.7979864785e-04 -5.4146136067e-04 -1.7261812986e-04 -8.4448465015e-05 -4.3651292997e-04 -6.6052177836e-05 1.0286719844e-04 -7.5017097345e-06 -8.6256370519e-05 3.5652355335e-04 3.8068407781e-04 2.4536779910e-04 -2.5585111791e-04 2.4087359471e-04 1.1936544674e-04 7.9278952107e-04 -7.9207749970e-04 2.5123404021e-04 -1.1794508280e-03 1.0033483424e-04 5.0169959145e-04 -3.7658080300e-04 3.1631154935e-04 -7.9114136987e-05 -3.3895959678e-04 2.8165827685e-04 -1.7025164919e-05 5.0602693895e-04 4.1819663117e-04 4.4214100474e-04 5.2805115086e-04 -5.2338345502e-04 -3.4693264523e-04 -6.4331388583e-04 1.1357985147e-03 7.3993284569e-04 -1.0946108170e-04 -5.5205384054e-04 -2.1363504725e-04 1.0340082144e-04 -9.5920522635e-04 7.2101283673e-04 1.3452791411e-04 -2.6859104629e-04 1.2142009755e-03 7.1947609895e-05 -4.3384096217e-04 3.5008830475e-04 -4.1185323334e-04 -5.5382043378e-04 1.3468426940e-06 6.6409970350e-05 4.3275100909e-04
-3.1209937364e-04 -1.5057334999e-04 -9.2026447647e-04 -1.0215159839e-04 -1.9318139167e-04 1.8757693608e-04 3.1014159841e-04 -4.4722831734e-05 5.1659934706e-04 6.1273493877e-05 -7.0433460191e-04 2.5218863850e-04 -3.4684095152e-04 -6.2801826114e-04 2.1857079857e-04 -2.9738040608e-04 -1.0615700996e-03 -6.1366521186e-05 -9.6293941690e-04 4.2026728414e-04 4.8586755454e-04 -3.8137961728e-04 5.6634904442e-04 9.9191706319e-05 4.8529701894e-04 -2.7714438683e-04 1.6527082404e-04 -1.4298265168e-04 -1.7564455915e-04 -2.3681251549e-04 9.4010345377e-04 -1.1053031195e-04 4.0260114058e-04 3.3826364107e-04 4.4990448902e-04 2.0804718082e-04 -6.0381863694e-05 3.6903576926e-04 -2.2268454981e-04 2.8242857680e-05 2.0134930380e-04 2.3939763077e-04 -6.3124544731e-04 4.7225522551e-05 2.3803293712e-04 -2.2767959132e-04 -4.4710428732e-05 3.2951256960e-05 -7.4069730724e-05 6.5329851181e-05 1.2958078860e-04 -9.4644316746e-04 -1.6982104037e-04 -1.7372074031e-04 1.2068342762e-04 5.3878246861e-05 6.9092396109e-05 -5.1794333355e-05 6.2008842530e-04 -3.1404985199e-04 -5.6999860929e-04 3.1170310432e-04 3.2224647002e-04 5.0765506852e-04 -9.0486786517e-04
4.3012496259e-03 3.1895184754e-02 -6.6610710742e-02 2.8918871432e-02 3.1421330909e-02 5.6445874219e-02 -2.5762295799e-02 -5.2968304678e-02 -5.8035065558e-02 5.3847626115e-02 -3.3274729090e-02 2.2862241394e-02 1.5225707166e-02 8.3308909376e-03 -1.7688582828e-02 6.6092172780e-02 -2.2813706478e-02 -3.1404861001e-02 5.8229053318e-02 4.9687267109e-02 1.2163139728e-01 -3.8757154848e-02 -3.0488163052e-02 -4.1637057405e-02 1.0748462372e-02 -6.2529210183e-02 -7.7735474180e-02 4.1769981632e-03 4.9498278915e-02 2.8365000591e-02 -6.1661936012e-04 2.7915173000e-02 -8.9155314142e-02 1.0693729140e-02 9.4526368983e-03 4.3414360263e-02 1.0810258629e-02 8.8876732106e-02 1.9377427587e-01 -3.6180622178e-04 2.9072072871e-02 -1.9880161514e-02 -5.6084035250e-02 -6.1488512571e-02 -4.7074076317e-02 -1.0175724093e-02 2.0860554193e-02 -5.2687876096e-02 -1.5670705463e-02 -1.1116995525e-02 7.7923040289e-02 3.9780220779e-03 -2.7087079301e-02 -2.8460141976e-02 -2.7642794839e-02 -4.0520712317e-02 7.5567428552e-02 -8.5813924459e-02 6.6698225939e-02 -1.4392219021e-02 -2.5024557095e-02 5.9440560282e-02 5.9979780675e-04 -5.4156951515e-02 7.5103986112e-02
-8.6826492188e-05 2.0972376679e-04 4.0657195777e-04 -8.1570864738e-04 -8.5845817636e-05 -2.6290038999e-04 1.7830742326e-04 -8.4387344500e-05 4.4451083483e-04 5.5359245798e-05 6.1314676092e-05 3.5207423916e-04 -3.9690553104e-04 5.1989237030e-05 -1.2052379658e-04 -1.9731019970e-04 6.5854432039e-05 4.0544216855e-04 5.3184107888e-04 -9.9490922302e-04 -9.0030318952e-04 8.9737962122e-04 3.3408768097e-05 1.7445276480e-04 -5.0997754143e-04 -9.0613314600e-04 -6.6376936292e-05 -4.8995100125e-04 -2.1393773652e-04 2.4642360170e-04 7.3346427417e-04 -1.9214926083e-04 2.0452102181e-04 -2.2572102156e-04 9.3711977703e-05 6.3676237927e-05 1.8451775326e-04 -5.1077221857e-04 3.6492697677e-04 3.7355676857e-04 5.7328170600e-04 2.2340245265e-04 -4.8271086578e-05 -3.1473645909e-05 5.5984527135e-04 1.0374690275e-03 5.3795665133e-05 3.5366549415e-04 -9.9301041003e-05 -1.6068569533e-04 5.3450770968e-04 -1.2810876060e-05 2.9395242677e-04 -5.7402596527e-05 -2.2744973907e-04 6.7686059490e-06 -6.0630986464e-04 2.8360662631e-04 -1.5833835442e-04 1.5915434638e-04 -4.9372135231e-04 -1.0444467970e-04 7.3591680536e-04 6.1305759217e-05 2.2527568542e-04
-8.9458440543e-02 5.3711492772e-02 4.3012424352e-02 -8.9357088466e-03 -8.0014476181e-03 -4.3622792483e-03 3.7364365522e-02 1.5792155150e-04 4.0794132264e-02 8.4334277829e-02 8.3086378365e-02 -4.9815163094e-03 -8.8645496359e-02 -2.0248914686e-02 2.6087638542e-02 -7.9677212363e-02 -5.0766715681e-03 -4.2992362785e-02 2.7720870623e-02 7.2609906676e-02 -7.3105731578e-02 -5.7840267550e-02 -3.6161195229e-02 -3.1158142604e-03 -9.2338606646e-02 1.1166254948e-01 -3.3843533446e-02 4.2365957095e-02 2.7714463729e-02 -2.0642942094e-02 -7.1517100273e-02 3.7789917642e-03 3.0550220257e-02 3.9476441943e-02 -4.7998174844e-02 -1.1522040262e-02 7.9080074598e-02 1.7229138847e-02 -1.5255116042e-02 1.6868985574e-02 -2.6940448293e-02 3.4147209875e-02 1.9338444671e-02 4.9265767862e-02 1.1857621536e-02 -3.5211075728e-02 2.7786954820e-02 -6.9629000773e-04 3.1214719817e-02 -3.1401079362e-03 -2.6472547517e-02 -7.7643647102e-02 4.2906734919e-02 8.8331678807e-03 -7.5014160163e-02 -2.2727454644e-03 4.0928030830e-02 -8.9840414449e-02 -2.1422995425e-03 -3.6096303997e-02 4.8437556604e-02 -8.0555144577e-02 -6.0067302626e-02 -3.7816013536e-02 1.9858007795e-01
-3.4150191268e-03 1.1337102506e-02 -1.5973354743e-03 -7.7895941670e-04 8.4377216037e-03 1.9718612115e-02 -1.5289852710e-02 -1.7687987582e-02 9.6679956450e-03 -2.3692299459e-02 8.7564565456e-03 2.5037237165e-02 -6.2845251266e-03 6.3198705279e-03 -1.2923273373e-02 1.5417254004e-02 -1.2370060716e-02 -1.5931666586e-02 -3.5615865648e-03 8.9765256360e-03 -1.0570566592e-03 -7.3732637013e-03 5.7396565345e-03 1.6580893141e-02 6.8889786903e-03 7.1624601385e-03 -1.3835662968e-02 -1.6789556710e-02 -2.0785304037e-02 -6.6421501446e-03 1.5118406708e-02 -1.4259729944e-02 2.6232363905e-03 -5.2532288387e-03 1.4825020126e-02 -3.0019936678e-04 2.3829460830e-02 -4.2726748222e-03 -5.0587762653e-03 7.4131940852e-03 -1.2587044534e-02 1.5260708061e-02 1.5031561718e-02 3.5337295968e-03 -9.9608699490e-03 -1.6471214947e-02 -2.0405890587e-02 -1.8889498265e-02 3.7628193193e-03 1.0444905210e-02 9.3084933153e-03 -9.0627216077e-03 1.0670794725e-02 1.1069255415e-02 -6.9847496556e-03 -3.2891361142e-03 1.1832008066e-02 -8.1997167384e-03 -1.0788176905e-02 1.6968004976e-02 1.7677624764e-02 -3.4761499982e-03 1.8043841910e-02 -1.0015606265e-02 1.5087594151e-02
6.7778343353e-03 -9.0625582849e-03 3.3309807207e-02 -9.3373399691e-02 2.2776451476e-02 5.1279059788e-02 3.3255801911e-03 -4.3761288553e-02 -1.0247748096e-02 3.0334055455e-02 2.0277666542e-02 -4.4767947806e-02 2.7863849015e-02 4.8737570974e-03 4.7210226790e-02 -2.5322764190e-03 -2.1406598700e-02 4.3114001067e-03 7.6230841707e-02 -6.4141687024e-02 -1.0930800234e-03 -1.2130762644e-01 1.8376695841e-02 3.8609106259e-02 -3.2689504665e-02 1.3160867214e-01 -1.9473866191e-02 4.2737811508e-02 -4.4766135296e-03 5.3406064282e-03 -1.3731656799e-03 3.7470716483e-02 -1.8211557557e-02 7.7279979652e-03 -9.8777047719e-02 5.1168255789e-02 -2.7589866206e-02 -1.0102616308e-01 -1.3510583866e-01 -1.1347631418e-02 4.3279411297e-02 5.6991822827e-02 -2.3365165998e-02 3.9993570836e-02 3.3878467924e-03 -5.6657925253e-02 -2.6911506131e-02 1.1130586606e-01 -6.7154463574e-02 5.0883718128e-02 -3.8887102906e-02 -5.8580457748e-02 -9.6126373890e-03 1.2377992957e-02 2.4571155380e-03 -3.8682740017e-03 3.0141731440e-02 3.7884500677e-02 -7.5784832707e-03 -3.3425877982e-02 -7.3307877867e-02 8.4469007038e-02 4.1821913409e-02 7.3243140956e-02 -7.3216461751e-02
1.6899963257e-04 2.8181132115e-04 -1.7743598362e-04 4.4214111367e-04 -2.9922005557e-04 1.5937984492e-04 -6.2798009207e-04 3.7536090650e-04 -5.7771429193e-05 9.4140217045e-05 -1.8636783667e-04 -3.1229797905e-04 -6.5537357543e-04 4.4168289429e-04 -2.6673159821e-04 -5.1155419213e-04 1.3481759218e-04 -2.4970629808e-04 3.5924701375e-04 -3.3016955189e-04 5.1210768729e-04 3.2147037807e-04 6.0466495050e-05 1.2019253229e-05 3.5037661720e-04 -1.7135381988e-04 1.3266478658e-04 -3.0479810268e-04 -6.0884215419e-04 9.0452970512e-04 3.6552552899e-04 2.0766238159e-05 3.8401093584e-04 3.7956099265e-04 -1.7979023723e-04 -2.9622131795e-04 -7.6567865083e-04 -7.5857407750e-05 -2.7117182899e-05 -4.4282532687e-04 -6.5627167761e-04 6.5970290188e-05 3.5039468509e-04 -1.1485872205e-05 7.7033705366e-05 4.6995731183e-04 3.1654587402e-04 -1.8286023543e-04 -1.3391095046e-03 4.9742090533e-04 6.0237487889e-05 -8.4287180023e-05 3.8651660407e-04 3.4105930528e-05 2.4418124142e-04 7.5378020711e-04 -2.6031249833e-04 -2.6915135515e-04 2.7823059191e-04 2.9585039286e-04 -2.5081303581e-04 -4.1938049080e-04 7.3397718815e-04 1.2210191016e-04 3.6029263667e-04
-6.5155022647e-02 4.8858425733e-02 7.4152166044e-03 7.5689735449e-03 -5.3799802447e-02 6.5093131125e-02 -5.0254252111e-02 -3.5183781575e-02 3.1071180036e-02 -2.9552514801e-02 1.2214213473e-01 9.7587959329e-02 -5.1721954292e-02 -5.5084120855e-03 4.7037679166e-02 9.4700912633e-02 -3.9154044152e-02 2.3086590281e-02 8.6135506400e-03 1.3773903473e-01 3.4150262696e-03 6.9939990286e-03 3.2859598979e-02 -4.9275181309e-02 -4.0156551391e-02 4.0095031371e-03 -5.1370944095e-02 5.3130152709e-02 4.8539217586e-02 2.2481632194e-03 4.9508171960e-02 2.4614442858e-02 3.7804449137e-03 2.9438501184e-02 8.9618587598e-02 -6.8087101734e-01 4.0395238936e-02 -6.3013168877e-02 -3.2345761002e-02 3.6464695652e-02 -1.3265971036e-01 1.6980852742e-02 5.3871996720e-02 4.5585297020e-02 2.0268208385e-02 1.3083658718e-02 -2.3366758852e-02 4.3874820959e-02 -6.7418525950e-03 -1.5438770448e-02 5.4343321282e-02 -2.1764200263e-02 2.7454724133e-02 -1.5212055801e-02 1.9730405716e-02 6.9008024651e-02 -3.3384119431e-02 -4.1685252920e-03 5.4367044963e-03 2.3842711402e-02 -2.4510728805e-02 -6.2018995330e-02 -7.7766249642e-03 2.3814564492e-02 5.5426623505e-02
-7.6580693030e-02 2.2796268027e-02 4.4381085718e-03 -3.5297204163e-02 4.5326162187e-02 4.5557294565e-03 -9.9880576637e-02 -3.1343917941e-02 -1.0871905910e-02 2.2056077412e-02 -3.1825537623e-02 -2.2099607583e-02 -4.1553686079e-02 -4.7501025779e-02 -2.1567581340e-02 -3.1374847347e-02 4.5684306059e-02 3.6657700325e-02 -4.4336146852e-03 -1.1241337803e-01 -6.2497164925e-02 2.1305828994e-02 -5.6717922671e-02 1.4487397895e-02 1.4018577483e-02 2.9944749068e-02 1.1064090462e-01 -3.8192913690e-02 -1.1789623205e-02 1.0874652997e-02 -1.6920535986e-03 5.8262452862e-02 -5.5918437448e-02 6.0735462274e-02 3.7378979972e-02 6.6369284787e-02 -1.4759782929e-01 9.7704672091e-04 1.0825887417e-01 3.6958466792e-02 6.2003942794e-02 -2.9037012580e-02 -5.1094962657e-02 -2.9836854824e-02 5.2699664354e-02 4.7980233746e-02 2.2205921988e-02 -3.3420402216e-03 5.0863509728e-02 -2.6789788447e-02 -3.7478623606e-02 2.1005185212e-02 -4.0091775366e-02 -3.8957180043e-02 1.3778785227e-02 -3.6885225242e-02 -3.1404703387e-02 -4.4878482977e-02 -4.8491054427e-03 -3.3061620759e-02 -3.8423513741e-02 7.2879217853e-02 -4.7935957376e-02 4.1947383763e-02 8.2374915326e-02
2.9563031427e-03 7.0370167718e-02 -2.3330393792e-02 1.3945938237e-02 -3.7499928239e-02 -5.1846974181e-02 -2.5293876857e-02 1.8053182294e-02 -2.9919975223e-02 5.4633748229e-03 1.6593710044e-02 -7.6044513832e-02 1.4450819773e-02 7.1391311763e-02 1.5207409333e-02 -3.0328447777e-03 2.3308676721e-02 -1.3455190574e-02 6.3726482268e-02 -1.0465364989e-01 -4.0916064374e-02 1.8574095378e-03 -1.8573088850e-02 -7.1512280548e-02 3.3660905116e-02 -4.3307881827e-03 4.7168796456e-02 2.1163667714e-02 -3.5253554582e-02 -3.3662067858e-02 4.3205664358e-02 2.6573914784e-02 7.3596668691e-03 4.0451645949e-03 1.2914309790e-02 -4.2210037979e-02 7.9622244287e-02 2.8359032348e-02 9.8969679829e-02 1.3479613591e-01 -3.7843186919e-02 1.3579812462e-02 4.3401427083e-02 -3.0032995265e-02 1.6460566218e-02 -2.7284154640e-03 7.3273157823e-02 5.4374155697e-02 6.5422067018e-02 -5.3819240681e-02 8.8069830955e-02 5.9773414892e-03 3.6289691633e-02 -6.3922354533e-03 6.3005476978e-02 -1.7462469362e-02 7.1009780780e-02 -7.2536703330e-02 -8.3380497450e-03 -8.2359054863e-03 -1.5056178552e-02 -7.7400725084e-02 5.7986150254e-02 7.4111925578e-02 -2.6093048407e-02
5.5335035245e-03 4.3558521689e-03 -4.3100595360e-02 -1.1203626643e-01 1.9828393718e-02 1.7261830046e-02 7.2120104723e-02 -1.7971836533e-02 -2.1026203508e-02 4.4252530406e-02 -4.6207373104e-02 -4.5765857863e-02 1.8834875067e-02 3.4455403646e-02 -6.2818755522e-03 3.9611041624e-02 1.7016627208e-02 1.0749784853e-02 2.7278553921e-03 1.8198155981e-01 -4.1629990302e-02 -3.2804558368e-02 -1.3005220871e-02 2.7436172076e-02 -5.8014369889e-02 9.6258813906e-04 -4.2669948899e-02 1.0442530646e-02 1.7263386614e-02 -1.9723050554e-02 -7.5406889469e-04 -9.5781019088e-03 4.9333288440e-02 -4.6911338337e-03 -2.1712700344e-02 1.0111370989e-01 -3.7951627342e-02 5.8381644389e-02 -4.3884263011e-02 -4.6057043160e-02 -2.1854684464e-02 -5.2529471998e-03 6.0087413896e-02 -9.6477533642e-03 2.0163715119e-02 4.5561389449e-02 3.4727736208e-02 2.7804765381e-03 3.4353659165e-03 4.6623583072e-03 -3.3516825075e-02 -4.2697581345e-02 2.9625889773e-02 -5.6244590362e-02 1.9512822423e-02 1.1177611355e-02 -3.5818562219e-03 -4.8324310220e-02 -3.4813128942e-02 2.1784839514e-02 -5.6906188573e-02 7.1260136112e-02 3.0663219235e-01 -4.8019088982e-02 1.3103770300e-02
4.7626883980e-04 -9.8730296087e-06 1.9425759037e-04 3.1891006942e-04 5.0202703671e-04 2.2831579304e-04 1.2627484522e-04 -7.2510231557e-04 2.6343888964e-04 -5.9826757853e-07 -1.2788966401e-04 -7.4863915905e-06 -9.2499139444e-04 -6.1223309120e-05 2.0072311456e-04 -2.7474798884e-04 1.1347291916e-04 1.0083316993e-04 5.1756931616e-05 4.4889006178e-04 1.9769191068e-04 -8.7655403176e-04 -7.5727231373e-04 2.1284559835e-04 6.2718639821e-04 2.2711281735e-04 -1.5760664587e-04 6.2914601167e-04 1.7800494978e-04 -4.6480483908e-04 9.2954085999e-04 -6.7308908294e-04 -1.4313548161e-05 4.8304354058e-04 -5.3804620492e-04 -6.8901085682e-04 -1.6817402558e-04 -9.6888827538e-04 4.4188205830e-04 4.6398602301e-04 4.0819990225e-04 -3.2889193334e-04 -4.8541274499e-04 1.7071858776e-04 1.2719653826e-04 -2.1236689022e-04 -2.8708808108e-04 5.5477528369e-04 3.4075120289e-04 -1.7367391016e-04 -1.9699998255e-04 -5.2867766955e-05 -2.1065538875e-04 -5.8660958103e-04 -6.6460359346e-04 1.1436389593e-03 -6.9347944769e-04 9.8882955842e-05 -2.4163857998e-04 5.7196637848e-04 1.6536654470e-04 1.1481526203e-04 -3.3992472973e-05 2.4976928992e-05 2.0410942301e-04
2.7604049104e-02 -2.5283572740e-02 3.5202375712e-02 -1.6097386879e-01 -9.3684188375e-03 -1.0902675295e-02 1.4771406098e-01 -1.8682107510e-02 -7.7774925401e-02 4.5704773656e-02 -1.6194197021e-01 3.5054988235e-03 2.5601883937e-02 -1.0150656845e-02 9.0319939271e-04 -1.5838783052e-02 1.9425842919e-02 6.4544803617e-02 -4.2011639999e-02 -1.9004379098e-01 -1.6152939960e-03 -8.6382747622e-02 -7.3489473997e-03 1.3683520785e-02 1.5833859118e-02 -1.4767402511e-02 -3.3197459232e-02 4.7088768457e-02 -3.2124944561e-03 -4.0335800752e-03 2.4767614992e-02 -8.8065103986e-02 1.9163536567e-02 -1.4026920734e-02 -1.8511404972e-02 -7.8137756087e-02 -5.2591881041e-02 4.9203132057e-02 -9.8429143472e-02 -4.5968866052e-02 1.9722464179e-02 8.3439651166e-03 2.0875503711e-02 -1.3427977704e-02 1.0076502916e-02 1.0254913119e-01 -3.8735357610e-02 4.0605670471e-02 2.4055190948e-02 -1.3441975031e-02 3.8061355807e-02 -5.7392818874e-02 1.9611552596e-02 1.1170849996e-02 -3.5891502340e-02 -6.1746229161e-03 6.1797083268e-02 -2.5614864644e-02 -1.8671993552e-02 -1.4459444100e-02 -1.3010350961e-01 7.2744396941e-02 -2.3488281874e-02 -1.3364295528e-02 2.6309439782e-02
-1.5241397813e-04 -5.1485237148e-04 5.4560650434e-04 -9.1148485565e-04 -1.4274374479e-04 9.8014583832e-05 -4.2677536996e-04 -3.0871578866e-04 -2.8577270478e-04 3.3290969880e-04 -4.0568500498e-04 -3.7851770280e-04 -1.7178900912e-04 3.3335509785e-05 -3.3938822625e-04 3.6661396221e-04 6.9763031358e-04 -3.1435869964e-04 5.1242260284e-04 -5.5320297086e-04 3.1173616196e-04 -5.3970844970e-04 7.5494581700e-04 2.5621102272e-04 6.1119254202e-05 3.9440105193e-04 -1.1044468476e-04 -6.8458411186e-04 -5.4696452532e-04 -5.9744964467e-04 2.0472883866e-04 -2.6368790630e-04 -3.0743411548e-04 2.5423106454e-04 -8.3648806255e-04 3.3095902487e-04 -4.8731488699e-04 3.4186438276e-04 6.3368217234e-04 2.9509212896e-04 5.6012004422e-05 -1.3444467408e-04 2.6027899185e-04 2.3197166908e-04 2.9243498054e-04 -7.0032199297e-04 8.6146615829e-04 6.0039507729e-04 6.6389866548e-04 7.7916441087e-04 -1.6799138883e-04 3.1484025576e-04 3.1625708912e-04 -3.5315082750e-04 1.8154992499e-04 3.8800092653e-04 2.4862925501e-04 2.0709019393e-04 1.0171810485e-03 7.5478595827e-04 4.3209565891e-06 -8.6437793664e-04 4.4355031439e-04 -2.6244170319e-04 -8.7442386306e-04
3.1978376687e-05 -3.8009869908e-05 2.1702965881e-04 2.0392604763e-04 2.1779407111e-04 -5.9449237882e-05 3.5534404623e-05 -5.8229458133e-04 4.2095281584e-04 4.6556669274e-04 -8.0205575407e-04 1.6401497848e-04 -3.2167771657e-04 4.5663772196e-04 2.5495924803e-04 -1.4464960567e-05 -2.4950259788e-04 5.5602142898e-04 -1.2372979921e-05 -4.2795477578e-04 -4.7067023147e-05 -2.1990159571e-04 9.5513044926e-05 5.5982614333e-04 2.6297341806e-04 3.1273948951e-04 6.7163833803e-04 3.7748052955e-04 5.7698491482e-04 4.6608718606e-04 -4.4788549360e-04 -3.5121108818e-04 -1.7334262900e-04 3.1201544556e-05 -1.0094775156e-04 -3.1992567160e-04 4.9572242737e-04 -6.3770231482e-05 -3.9681191675e-05 -5.3010914211e-04 2.4076193171e-05 -2.2780755860e-04 5.3734234824e-04 -3.4412516817e-04 -3.0147450327e-04 6.8700774087e-04 2.5250213558e-04 5.3952304127e-05 4.9873662719e-04 -2.5836369210e-04 -2.9412635423e-04 1.4763158794e-03 2.5479424553e-04 8.6054908561e-06 -9.2206441222e-04 2.0156316592e-04 -2.6757144048e-04 -1.7600602823e-04 5.3214556805e-04 -3.3329389072e-04 -6.9814227215e-04 2.2956501134e-04 -4.5281524228e-04 -3.3238546979e-04 4.3873461306e-04
-4.6266039577e-04 -3.6273130770e-04 -6.5111614474e-04 -5.3587529599e-04 -4.6301816959e-04 1.0476059483e-04 -2.5743914160e-04 7.4597592967e-05 2.3736685081e-04 6.9003709887e-04 2.1694675077e-04 -2.4497956609e-04 -2.5087222400e-04 2.8999205696e-04 -8.8570216443e-05 -1.6173181141e-04 -3.5768126065e-04 1.5783799920e-04 1.2248960658e-04 2.6975040294e-04 5.3183133164e-04 -3.0841939132e-04 -3.4914945908e-04 -3.2281884105e-04 1.6872528477e-04 1.4192390469e-04 -1.0331825700e-04 6.0901916905e-04 3.1613833371e-04 7.1325036231e-05 8.9150342488e-04 -1.8820269630e-04 7.6029332106e-04 2.5296156134e-04 4.1595616717e-04 1.3016450115e-04 2.8556456415e-04 -2.3039884271e-04 1.3605987464e-04 1.5040767152e-04 -4.8028094783e-04 -1.1692921347e-04 -6.2938165965e-04 -1.1283416277e-04 1.3816903936e-04 -2.8990752224e-04 -1.8067756373e-04 6.5161070231e-04 -1.1030027487e-04 -9.2872521958e-06 4.5004092291e-04 -1.2310853900e-04 7.3097369380e-04 -1.5840848597e-04 -2.0782639900e-04 -5.9564263911e-05 4.3418983562e-04 7.1801547511e-04 2.9940925110e-04 -7.4268771462e-04 2.4638513384e-04 3.2161663615e-04 6.0525704557e-04 4.2608625476e-04 2.1719551852e-04
-6.9061494068e-04 -4.7018391056e-04 4.8533692195e-05 2.5084436840e-04 -2.9265693048e-04 1.1478579725e-06 -6.3306971555e-04 1.0558581572e-03 3.3295354801e-04 4.2985214781e-04 -4.6317542804e-04 -1.2414659393e-03 -9.0874650245e-06 -3.5986731923e-04 1.5773936607e-04 -5.4288129161e-04 -6.9015495755e-05 3.2418054180e-04 2.3177540669e-04 4.0726098100e-04 -6.4214103239e-04 -9.9098635291e-05 -1.8474677266e-04 3.8391097285e-04 -5.9539503144e-05 3.6701463336e-05 -3.7068475234e-04 2.9118948826e-04 1.5382350991e-04 -5.3662601812e-04 1.4303726063e-04 8.5953128942e-05 4.8913477068e-04 1.0471848417e-03 7.4746089896e-04 -1.8681724617e-04 4.7088750582e-04 -6.1350239139e-04 6.2316311264e-04 2.3942358784e-04 -2.8123372375e-04 4.9766823422e-04 -2.9921501346e-04 -1.4279528571e-04 -3.3683045756e-04 1.8563102694e-04 4.9569500221e-04 -5.1335372622e-04 -1.5555557929e-04 -2.6324218699e-04 -6.5435305506e-04 2.4987751327e-04 -3.5188377969e-04 -1.9724393011e-04 4.2121732503e-04 1.8814480534e-04 3.9363740515e-04 -4.3811952730e-04 2.2950517402e-04 -7.7460578261e-04 6.1716031996e-05 -4.8012940784e-04 3.7132314292e-04 3.5059177333e-04 1.6915109411e-04
-1.3127758073e-04 6.4303035210e-04 -6.9509430540e-04 -2.8900582947e-04 -1.6164928897e-04 -4.0893132978e-04 4.6873426209e-04 1.7672128901e-04 -4.6470145605e-04 1.0131165430e-04 8.7006627879e-04 2.7350655653e-06 -1.1536113235e-04 8.6350191743e-06 1.2499727112e-04 3.9798105100e-04 -7.9571772793e-04 4.2947478645e-04 -1.2558482925e-04 -1.3889873725e-03 3.1101146089e-04 4.8562619537e-04 6.0521152643e-04 -5.4484671966e-04 1.7663363281e-04 5.4872011333e-04 4.7666295134e-04 4.7451396331e-04 9.7057027416e-04 -9.7339019538e-04 -2.6493559910e-05 -2.6586945664e-04 -7.5761440199e-04 1.1383176700e-03 3.1818508921e-04 1.9447122577e-04 2.2205711559e-04 1.3594915974e-04 7.3391803246e-04 4.8210661737e-04 -9.1692315859e-05 -4.8595603140e-05 1.4946519385e-04 -5.4467640243e-04 4.3514032629e-04 -7.0882200814e-04 -2.7946897565e-04 -5.4704613626e-04 6.4552977384e-05 -3.3503659223e-05 -1.4186813100e-04 2.9734974930e-04 1.4850428921e-05 -2.3879730957e-04 -8.9749047305e-04 1.6516764307e-04 1.4389903146e-04 -7.0470844511e-05 -6.3838778470e-04 -4.2060787792e-04 -1.1819051402e-03 4.1989625909e-04 -3.5410853540e-04 -3.2660476156e-05 -2.3255993568e-04
-1.1213658706e-02 3.8762979158e-03 4.6104046802e-02 8.0891972914e-02 -6.1886984581e-02 1.5353465347e-02 -3.5841263733e-02 -3.6978479898e-02 4.0827508963e-02 6.7292381894e-02 -1.0126350230e-01 -1.9611533110e-03 4.1671717713e-03 8.0896999271e-02 -7.6422299810e-02 9.9053784026e-02 -6.9616919611e-04 -7.7215490782e-02 -2.3865125429e-02 -1.7509982659e-02 -1.1623705738e-01 -3.8440830118e-03 -2.4634523415e-02 -3.3318478195e-02 1.0195901210e-02 3.9796439029e-02 6.5687166921e-03 -2.6408582531e-02 -3.4150673809e-02 -3.8043434597e-02 -6.1867708436e-03 -3.9168142558e-02 -4.6702751566e-02 -2.5508530730e-02 3.1845500146e-02 1.1820128829e-01 -1.4202132453e-02 7.4024693013e-02 -1.7215156906e-01 4.6295797032e-02 -2.4527089027e-02 -1.2910399681e-02 6.5282354290e-02 -1.3296572338e-02 5.5226848034e-02 -5.2751003381e-03 -2.6499462064e-02 3.0068010075e-02 -5.6046314462e-02 -9.4074268700e-02 -1.6149855144e-02 3.7468295076e-02 7.0728254022e-04 -3.2679405456e-02 -8.0503725036e-02 -2.0682303281e-02 3.6869799781e-02 9.0753267560e-02 7.2992016513e-02 -7.0811543068e-02 2.4940765478e-02 -2.0730167785e-02 -4.8560048409e-02 -4.5754763469e-04 -1.8348778932e-02
4.0145858883e-03 -7.6787050826e-04 -1.6875251298e-03 1.9164312854e-03 2.4905812772e-03 6.2567777793e-03 -2.1861355230e-03 2.3280050546e-03 -2.2189950444e-03 -5.3050958246e-03 2.0241354673e-03 6.5624523314e-03 -6.5484755202e-05 5.4771744207e-03 -4.8616788046e-03 -6.6474099958e-04 1.1357938482e-03 5.2199969491e-03 -6.5851457462e-03 -1.9193287514e-04 -4.4388771902e-03 -6.5313937656e-03 -4.3031820017e-03 5.3000667883e-03 5.2054590298e-03 4.5450823852e-03 5.5283138032e-03 5.6294191453e-03 -6.0270608992e-03 6.8935081480e-03 -4.2712915871e-03 -1.6710026221e-03 -5.6389876655e-03 -2.9883504462e-03 4.4149826791e-03 3.8196922189e-04 -2.0579295936e-03 -2.6101293391e-03 -5.3418965761e-04 5.9568060702e-03 -2.5442267474e-04 -6.3767318332e-03 6.7076324926e-03 4.4781640374e-03 -4.8298806436e-03 3.6249638856e-03 1.4013602890e-03 1.5478128296e-03 -4.7917497793e-03 -5.7233139783e-03 -7.4979219967e-03 -9.2128650865e-04 2.6551184210e-03 -5.5833343246e-03 5.7893374761e-03 -5.5166809474e-03 5.5395637379e-03 4.2808167831e-03 6.9288955402e-03 -6.9856828628e-03 -6.4418987712e-03 5.7046610640e-03 -5.9354066479e-03 5.0641218215e-03 -4.8591722041e-03
-3.0158091519e-02 7.3929332880e-02 1.1571780157e-02 4.4704099534e-02 -5.2774262210e-02 -5.5998160349e-02 -4.1280427823e-02 -5.8472235908e-02 -6.5671255742e-03 9.7660575030e-02 -4.3478340098e-03 3.5407918808e-02 3.3701687691e-02 5.3852875777e-02 7.8557398814e-02 -2.6369561989e-02 1.1570035677e-03 6.4297533025e-02 5.9189275342e-02 -3.2440639621e-02 1.6407148638e-02 5.1566215526e-02 6.9974552698e-03 1.8264692638e-02 8.3405536052e-02 6.1124510296e-02 -1.6155714598e-02 -2.3109503735e-02 1.9941325860e-02 1.1715811660e-01 -1.3534202478e-02 1.3389499695e-02 1.0693186638e-02 3.4089112458e-03 1.0138855664e-01 -4.8857130397e-02 -2.7348236328e-02 3.5464969866e-02 -4.6310271531e-02 -3.8196994817e-03 -6.2042441338e-02 -3.8639097421e-02 3.1678046109e-02 -2.3749717534e-02 2.4563456915e-02 -3.4558445100e-02 -1.7611554610e-02 -8.3684648641e-03 -3.1422236662e-02 4.3412942275e-03 -2.4800550501e-03 -3.8728664980e-02 1.4598343300e-02 3.9873914299e-02 -5.5273569899e-02 1.6490999861e-01 2.8804106153e-04 4.3333824708e-02 3.8029555861e-02 1.1459337349e-02 3.6407967131e-02 1.1358639054e-03 3.1764496994e-02 -1.0956722681e-02 3.4509012305e-02
-2.2628768686e-02 2.4246218587e-03 1.4804220679e-01 -4.1606886284e-02 3.2461224678e-02 3.5944114414e-02 -3.7440740230e-02 -3.9945348561e-02 -9.4693454707e-02 9.2423558926e-02 1.9758610747e-01 -5.4940975501e-02 -2.7445429361e-02 -5.0534449233e-02 -4.9101407985e-02 -3.7045472407e-03 -6.2765587602e-02 9.6103530081e-02 1.4806502922e-02 1.1680151986e-01 -9.9392308077e-03 4.2547918579e-02 5.4145024217e-02 -1.9731753566e-02 3.4253660661e-02 2.9417639025e-02 -8.9632775999e-04 3.6475479336e-02 2.4090363194e-02 -3.9388444127e-02 1.1547245740e-02 2.0916371070e-02 2.4010580956e-02 6.6725424782e-02 2.4731313575e-02 1.0916023025e-01 5.7368107369e-02 1.4123744445e-02 -9.1426703381e-02 -2.8785793141e-02 5.8480014169e-03 -1.9204804770e-03 -6.2635546416e-02 1.5972410719e-02 -7.9229818069e-02 5.4878517183e-03 -3.6605912441e-02 -1.9008346260e-02 -3.1052042928e-03 -4.2584906213e-02 1.1251501974e-02 -5.1428633889e-03 -5.8999656205e-02 -2.1440546487e-03 1.0031110267e-01 -9.9239629450e-02 -4.2014953796e-02 -4.1728700134e-04 2.3745500946e-02 -5.2603594528e-02 -2.1337987897e-02 -6.2048680101e-02 4.4182427337e-02 9.4749986387e-04 4.0308488552e-02
5.5941861832e-03 5.9842035860e-02 1.8036208103e-02 4.6002298314e-02 -7.1455134714e-02 2.3117984441e-02 1.8685225387e-02 3.3167941654e-02 -5.2339167023e-02 -4.9175717308e-03 -4.2376669897e-02 -4.7234382844e-02 -5.6765536963e-02 -1.7337969837e-02 2.2256519218e-02 1.6485686781e-02 -6.3185032907e-02 -3.3280455866e-02 1.0059703371e-01 -1.0035494296e-01 4.9353341979e-02 -8.5788735196e-03 -1.0583638929e-02 2.2702663328e-02 -7.0787848946e-03 2.2466450597e-02 3.2131567529e-02 -2.0638473365e-02 3.0540649525e-02 -7.4424475318e-02 -1.6962181241e-02 -1.4302774771e-02 -1.6766166841e-02 4.4649846804e-02 6.1787396991e-02 8.1092527409e-02 4.2275950310e-04 -1.1498205050e-02 -3.4501477974e-02 -5.3657770034e-03 -8.6770113192e-02 -6.4291944338e-02 -1.1123873676e-01 -2.9829395273e-03 3.1563201229e-02 -2.0606415571e-03 -3.1309791169e-02 -4.9953565838e-02 -8.4763421434e-02 -1.4239483458e-01 -4.6741204342e-02 -3.1298944583e-02 5.4068950032e-02 8.0325775408e-04 1.9687114823e-02 -2.4218451733e-03 1.1505691043e-02 2.2541895450e-02 -5.4134694386e-02 -1.6374322889e-02 1.3105879790e-02 -9.2140491015e-02 3.8457762060e-02 -5.3765734127e-02 5.6851710162e-03
4.2156177236e-05 -6.6769633504e-04 1.1312735375e-03 5.6699590837e-04 -1.6016111401e-04 2.9553689325e-04 -5.5720407930e-04 -8.1065640429e-04 2.4974089284e-04 1.6721004083e-04 3.7427382738e-04 -1.7271981751e-04 -2.5125576086e-04 -2.2144560200e-04 -9.6327556283e-05 1.9178033143e-04 6.4755179981e-04 4.0232740375e-04 4.3290180083e-04 5.7101696711e-04 -8.1459707345e-05 -1.7775801043e-05 -1.3458386654e-04 -3.8105605336e-04 -2.5370590856e-04 6.5882855486e-04 5.3835262921e-04 2.5552079638e-05 2.0421340674e-04 3.5598410014e-04 -1.9624681993e-04 -3.5516380998e-04 -1.8304861319e-04 -3.7551451948e-04 -3.3506469441e-04 -2.6368469626e-04 6.6568877929e-05 2.3142248304e-04 -1.4008527305e-04 5.9855067937e-04 -6.2553702539e-04 -2.0471895813e-04 -6.9054271517e-04 3.8470741785e-05 7.5309695284e-04 6.2023679323e-04 6.5330088320e-04 -1.4575892809e-04 6.5183431991e-06 -1.3321796342e-04 -2.8264553810e-04 7.4614583726e-04 -1.6886927200e-04 -1.0837775182e-04 1.6858327753e-04 -5.8159685543e-04 8.8524569934e-05 -5.6689724286e-04 -3.0513990810e-04 -1.0546435561e-04 -5.1159636600e-04 3.3419148160e-05 2.0687361349e-04 2.8807683714e-05 1.9345332295e-04
-2.0050768828e-02 -2.2862964495e-03 1.1095225078e-02 -1.4466009388e-02 -1.3111167917e-03 -1.2158649287e-01 8.1508117753e-02 8.8426347096e-02 1.8420353651e-02 1.9585206068e-02 4.2845917216e-01 -2.6715418402e-02 7.0019551890e-03 -7.9311756193e-03 4.4963676174e-02 -4.0861393132e-03 1.1175462943e-02 -2.1923063843e-04 -1.2274913671e-03 1.3179058471e-02 -1.3613682372e-02 -7.2021370799e-03 -5.7082399868e-02 4.7458684129e-03 4.0632118882e-02 3.1828048456e-03 -3.2651103903e-02 5.8951992596e-02 2.9737554667e-02 3.1981012387e-02 -1.3504508360e-02 -4.7508573726e-03 -3.1181624651e-03 2.7989154345e-03 4.4046706793e-02 -4.8948185078e-01 3.8893984634e-03 -3.2923608684e-02 -1.1947721200e-02 -6.0851424010e-02 2.5689728115e-02 -5.5046468678e-04 5.9558666432e-04 -1.7403329030e-02 2.4498819741e-02 1.1919208281e-02 -4.1278229213e-03 -1.9078743224e-02 -1.1557922095e-02 2.1115366882e-02 -9.8172361322e-02 1.0050687894e-02 4.9527474867e-03 -1.7165537303e-01 1.0291543307e-02 4.2628213245e-02 8.6419479683e-03 -4.8542733133e-02 -1.5593925175e-02 3.9016416596e-02 9.6935947827e-03 -5.6624811422e-03 -3.6971466045e-02 1.1050346169e-01 -1.1564330333e-02
3.8533794876e-02 6.6232195517e-02 -6.0025297502e-02 -9.0169537595e-02 3.6721083903e-02 2.0089979841e-02 -9.2898644246e-02 -4.4441518088e-02 -1.5274666162e-02 1.0909959221e-01 3.9170802235e-03 1.8144099236e-02 -5.6561206862e-03 -3.9544036931e-02 3.4280383065e-02 6.0934222088e-02 -4.4039497951e-02 9.2141060914e-03 -6.2572725220e-02 -3.2033760996e-03 2.1239197827e-02 -2.7887106372e-02 3.9981226496e-02 7.5802836600e-03 -2.8936660895e-02 2.6428170409e-02 3.8386755281e-02 -5.2270453675e-02 -7.7983933860e-02 -1.7369636210e-02 1.4916090806e-02 6.5610122055e-02 -9.1368180403e-02 -2.9035292109e-02 1.9374629088e-02 2.2423641067e-02 8.6135423718e-02 -7.4391703148e-02 8.6993170345e-02 2.8780486326e-02 1.5945482394e-02 9.7056927730e-03 -9.3692140254e-03 4.5907957724e-02 1.3155020348e-03 3.2189874758e-02 -2.4458437606e-02 4.1661127711e-02 1.1058840915e-02 -5.2230136076e-02 -4.5201530462e-02 -2.1023182017e-02 5.7440456025e-02 -5.3811224505e-02 -9.4585453582e-02 3.6884061552e-03 -1.4292848917e-02 -3.6715118898e-02 -9.9049154496e-03 6.3460489539e-02 -2.9109933040e-03 -1.2176390990e-02 4.0665763613e-02 1.9051569283e-02 -3.0130592255e-02
2.6850008091e-03 -8.1119520334e-03 5.5933816139e-02 -7.5796195642e-02 -2.5482072393e-02 1.0698691995e-02 -1.5956117780e-01 -2.3990320133e-02 -3.4487030310e-02 -9.9703058665e-03 5.2854444078e-02 -6.0031987827e-03 -4.9073470369e-02 7.5575609734e-02 7.6566676360e-02 -5.2921302147e-03 -3.2249948543e-02 -1.2006174520e-02 1.6806993683e-02 -8.3821807618e-02 -1.1005378125e-01 -3.4893714636e-02 3.8190903583e-02 2.7693546900e-02 1.1981106829e-01 -1.9540112639e-01 1.0690353895e-03 4.3681318388e-02 1.5152342979e-02 3.2908504439e-02 -9.5797764264e-03 -3.5157418624e-02 -5.0244355388e-02 9.7953516535e-02 -3.9053590999e-02 4.8862858251e-02 -2.6165850831e-03 1.0813291486e-02 -1.4360308183e-02 5.1185528409e-02 2.4560017776e-02 3.3799320016e-02 -5.6555368498e-02 2.4287926131e-02 1.2533643405e-03 8.5002159573e-03 -4.5054983016e-04 1.3517509639e-02 -5.2122059728e-02 -4.6091472907e-03 -4.6607242118e-02 -8.9977075011e-03 1.4306318400e-02 2.0358390892e-02 -1.6826497889e-02 1.0960033789e-04 4.0403711757e-02 4.9814346769e-02 6.1078084648e-02 -2.5814444417e-02 -4.4678396929e-02 5.7297761898e-02 7.8479431682e-02 -5.6320011283e-03 1.8560634818e-01
-2.3354422110e-02 -5.3350681761e-03 -2.0879981597e-02 -4.5915841926e-02 2.1476804469e-02 -3.9246217565e-02 1.3894603518e-02 -9.1334067876e-02 -1.5286222104e-02 5.1670848068e-02 -1.1841392556e-01 1.3243960820e-02 -1.1889444179e-02 1.1007768563e-02 -4.3290379455e-02 5.2174993002e-02 4.2673358433e-02 1.6606212261e-02 -8.4735743584e-02 7.3325597434e-02 6.1957285719e-02 1.1857245571e-02 -6.0102784996e-02 -2.2183430187e-02 1.9110227924e-02 1.0284440858e-01 -5.3428701801e-03 -3.3677445330e-02 8.3689191435e-02 3.4757785612e-02 3.3441483817e-02 3.6286706230e-02 -9.7881747953e-03 1.5728008100e-02 2.7409703955e-02 1.1380698061e-02 1.2477160038e-02 2.5526100609e-02 1.2015883344e-01 1.7365421514e-02 2.6164987990e-02 2.8715451158e-01 -7.3901515864e-02 -1.8812511064e-02 1.0677505494e-02 -1.5449295669e-02 -6.3368784709e-04 -4.1282208667e-02 -1.1935034398e-02 3.9265558835e-02 -3.0800386767e-03 -3.8714848002e-02 -2.9510394918e-03 -5.0092612581e-02 -2.3945392084e-02 -6.7314579147e-02 -9.1710155776e-03 1.0679954101e-02 -8.6981328482e-02 -2.2386944704e-02 5.4843208883e-02 -2.9116233408e-02 7.3058364975e-03 -4.0601418399e-03 -3.2915523644e-02
1.3472815325e-02 3.5351514010e-03 3.5777643502e-02 4.2107725859e-02 5.0847806156e-02 4.6543026943e-02 1.5718235747e-01 5.7272193980e-02 2.9225369723e-02 1.1036066552e-01 1.6777509847e-03 -3.9552087205e-02 2.7230220020e-02 8.5862713414e-03 -5.5955660358e-03 -1.9519521029e-01 1.4956281930e-02 4.3872765154e-02 -3.8074568258e-02 4.6490042727e-02 1.5438677661e-01 -1.0530781333e-02 -3.0754208834e-03 -2.7842110889e-02 -1.7867785433e-02 5.5065838238e-02 -5.2398179690e-02 -1.3470765142e-02 5.4443612552e-03 3.1196693555e-02 -6.0368577795e-02 -1.5785913677e-02 1.4145070191e-02 -6.7641171590e-02 3.8342451663e-02 -2.9081810752e-02 1.8139301008e-02 -1.9891161163e-02 1.4358726175e-02 1.0078286836e-01 2.3213257908e-02 -2.6205016365e-02 -1.3745572369e-02 -3.8185312860e-02 1.5081789700e-02 -7.2488336324e-03 -5.9580625030e-02 5.4301195519e-02 1.6996871116e-02 1.0506821420e-02 -1.6382680103e-02 1.6821520150e-01 2.4301590736e-02 -9.8315493547e-02 -1.4199172869e-02 -3.8518964160e-03 4.0709974832e-03 6.7024465793e-02 -5.9733150078e-03 -3.2051308817e-02 -2.8993241080e-02 3.7755931458e-02 2.2522762702e-03 3.2044875371e-03 5.2628552460e-02
5.8777514337e-04 -4.4419127462e-04 3.3518447045e-04 -1.6946427987e-04 -2.6629423994e-04 -7.8292528123e-04 -2.5985136999e-04 -1.8416743293e-04 -8.2975511148e-05 4.7153452903e-04 4.7668241019e-04 3.4241602020e-04 2.7323299031e-05 -8.9693009821e-04 5.9470564220e-04 -5.6483977910e-04 3.7794557536e-04 -1.6932132906e-04 -7.8291790140e-04 -3.5587684630e-04 4.3798074246e-04 -5.8135510843e-04 1.0990460889e-05 -8.1728213543e-05 2.5041079648e-04 9.9867390443e-04 -1.4530222150e-04 -6.2730924324e-04 -6.1566661528e-04 -4.4929014345e-04 -4.3725552178e-04 1.7570355398e-04 -3.4160686055e-04 -3.5472430512e-04 -3.3856124412e-04 -7.3207407283e-04 -3.3323746203e-04 -4.5516039257e-04 -1.6268435149e-04 7.7974520026e-04 1.0467968069e-03 -3.0878228462e-04 3.1956563644e-05 4.6303170869e-05 4.4393433943e-04 5.0253025263e-04 4.8026974340e-04 6.2994793499e-04 -3.8234508958e-04 -1.7476899270e-04 2.5193819175e-04 -8.6987779113e-04 2.2273358499e-04 -3.0879851645e-04 -2.4425359463e-04 7.5943452870e-05 6.5249713372e-05 4.9548782825e-04 -3.2601828767e-04 -2.9260593174e-04 -3.1203970184e-04 1.0287649119e-03 1.6624725631e-04 -1.3397726470e-04 2.5264766596e-04
3.6187988078e-03 -5.8466960574e-02 1.7066170173e-02 -2.0953127285e-02 9.8304700791e-02 -2.7040156297e-03 -1.0237498112e-02 3.0051372160e-02 -2.9295289119e-02 -1.0777387389e-01 -9.4826496013e-02 5.3075473586e-02 1.1092190414e-02 -2.9856412430e-03 1.8488879226e-02 -1.7901177889e-03 -6.4182133318e-02 -1.7816575183e-02 5.2293477036e-02 5.9366328474e-02 -3.5670669191e-02 3.3604037973e-03 -3.4174174033e-03 -4.5221150316e-02 4.8143382580e-03 3.2393953844e-02 -7.0472765983e-02 2.7163504452e-02 4.5575559170e-03 2.6463044001e-02 -3.6897924535e-02 6.3888089821e-02 3.2929627885e-02 7.8591064166e-03 -3.6715579728e-02 8.4626032000e-02 -3.0710509661e-02 1.9970773351e-02 -8.2465156264e-02 8.2665302347e-02 6.3653911992e-02 -2.2788371628e-02 4.1774393823e-02 -2.4962373533e-02 1.2763407441e-01 -3.8615760798e-02 -4.1286304353e-02 -3.8728374604e-02 4.3324607557e-02 -7.9019345186e-02 -4.4579907703e-02 -3.2487418650e-02 4.3878427625e-03 -2.8666441335e-02 -5.7806578411e-02 2.7235769409e-02 -2.0259279685e-02 -5.6699801983e-02 4.1767371744e-02 3.4966463265e-02 -2.7841286699e-02 -3.5159009867e-02 2.4579459778e-02 8.6253528707e-03 -5.1143114739e-02
-8.2158244431e-05 -4.3293407224e-04 2.2881997478e-04 -1.4681586845e-04 1.1109367974e-03 -9.7905128876e-05 -2.7556481946e-05 8.4018342589e-05 3.6996624202e-04 3.8952693148e-04 2.8559347368e-04 -1.0225310497e-04 3.4913002055e-04 7.0088709236e-04 -1.7769340436e-04 2.0844901883e-04 4.4763571684e-04 1.4317339896e-04 -6.8200336954e-04 2.1477456271e-04 5.0298239607e-04 3.1519096274e-05 -5.1776465444e-05 3.2737292680e-04 -7.1038255723e-05 -5.8722193073e-04 2.5714095803e-04 -2.6251713273e-04 2.8811196288e-04 -4.1241987714e-04 5.1147343540e-04 -1.7029036053e-04 -6.5706198479e-05 4.0930179773e-04 -5.6827094320e-04 5.4382854885e-04 5.4063308456e-04 4.2926203867e-05 7.5447759771e-04 -2.5658388615e-04 1.0927943865e-04 -3.2228177075e-04 -6.2132960559e-04 -7.5894527942e-04 -2.9714106792e-05 5.2974476492e-05 -2.3801428947e-04 -9.8292745110e-04 9.4758380037e-04 6.6269053251e-04 -3.4600335568e-04 5.4163058000e-04 -8.7646349467e-04 7.3454866837e-04 7.1858638045e-05 5.5187609273e-04 -2.1943057418e-05 3.2174588403e-04 -4.7491109961e-04 -2.2762673408e-04 -9.9464735494e-05 6.6009602659e-05 -6.2627378289e-04 9.3701678037e-05 -5.9387608502e-04
-5.9081486971e-02 8.1900847114e-02 -2.3920897958e-03 -4.0983352476e-02 4.3360501721e-02 -1.1687339760e-02 3.4349254304e-03 6.6155377220e-02 -2.8725143091e-02 -3.4770109787e-02 -7.4093660425e-02 4.5739430461e-02 -4.5986724657e-02 -1.8136389243e-02 1.8697336205e-02 3.4118438570e-02 4.7321127490e-03 -1.6756693700e-02 -1.8723234778e-02 3.1634356182e-02 -4.4354571374e-02 5.9936403837e-02 1.8482869148e-02 -4.8434435366e-02 -1.8259070020e-02 7.4641841277e-02 -2.0277618800e-02 1.6962685759e-02 3.8564433774e-02 2.7983018692e-02 -1.2101263360e-02 -3.5699301807e-03 -8.5380361080e-02 -1.3763326733e-01 -2.8367258735e-02 -2.2869632629e-02 -2.8769387247e-02 -9.2939450743e-02 -2.3969335350e-02 7.8009756098e-02 5.5815350537e-02 -4.7799826867e-02 -1.6318145889e-02 2.1830874507e-02 -3.5473254558e-02 5.1740087249e-03 3.7199484332e-02 -3.6077406135e-02 -2.1056127852e-02 1.7488789607e-02 3.8236602152e-02 3.2284852315e-02 -5.0825325031e-02 -2.8517394907e-02 3.2888837387e-02 -8.2973369048e-03 1.5242275240e-02 7.3470975538e-02 1.8686348533e-02 -2.3737522894e-02 1.2201291015e-01 -9.9823114893e-02 4.9314370683e-03 -4.8845766594e-03 -6.6441311820e-03
7.3571803566e-02 2.7961085118e-02 2.1970964298e-02 9.9866379687e-02 -1.6191287751e-03 1.6531724345e-02 -5.4984009676e-02 -2.1333488728e-02 -1.5223410248e-02 -8.3920097955e-02 5.9559478670e-02 -7.4958725639e-02 -2.6163653692e-02 -4.3914568466e-03 -4.9493970641e-03 9.0803838208e-02 4.6518873563e-02 1.4767799197e-02 -4.4076022202e-02 -6.5288367340e-03 5.8724315248e-02 -2.4581284708e-02 -3.1016942454e-02 3.3022470109e-02 8.8376484614e-02 1.1443960426e-01 4.5651757053e-02 -1.9350725245e-02 3.2512106487e-02 5.0108109250e-02 -5.3455920488e-02 4.2332792539e-02 1.9122058732e-02 -2.9127995624e-02 3.5186951134e-02 -3.3827455877e-03 9.9283944032e-02 -3.8778410205e-02 -9.0693586956e-02 8.4968778275e-02 1.9100397015e-02 -2.6183863504e-02 1.6348616642e-02 5.6530318668e-02 1.0524398178e-02 -9.8687431194e-02 -5.4174456810e-03 5.1778532146e-02 -7.3977041706e-02 1.8568948729e-02 -5.2858799594e-02 3.8112986444e-02 1.7428830783e-03 3.0556507643e-02 -6.0803182073e-03 -3.4252558122e-03 4.2401900692e-02 -5.1602310676e-02 6.4452984675e-02 -2.6504239281e-02 -2.0367124222e-02 3.1323335735e-03 1.2799546497e-02 -6.7271540772e-02 6.4849726784e-02
-1.0580567676e-04 -1.6856144276e-05 9.0119049836e-04 -5.3695724626e-04 -7.1296598027e-04 4.6289663567e-04 -6.4037501580e-04 5.2120527554e-04 4.9201502750e-04 -7.6336948437e-04 4.1786400094e-04 -7.6883889996e-04 2.4415196141e-04 -1.8766308938e-04 -1.7018438561e-04 3.1158074553e-04 -3.7949246131e-04 2.0472846552e-04 -5.1594631225e-04 1.0816795448e-04 -1.4420048462e-04 1.1204923073e-04 -1.2437851676e-04 7.3196467247e-04 4.0888726546e-04 -4.0958521384e-04 -1.5857239184e-04 -2.8787987529e-05 2.2655101674e-05 3.3722739434e-04 -3.0582349584e-04 8.4189438712e-04 1.9663262486e-04 2.6417689579e-04 3.2021595534e-04 6.6530714666e-04 -1.3642988522e-04 4.2241828811e-04 1.5940000040e-04 7.8249647359e-05 -3.9076537550e-04 4.6109293975e-04 -1.0311395770e-03 4.8489091073e-04 -1.8740417423e-04 -5.0233981549e-04 -2.2416547800e-04 4.4871499875e-04 -5.1248582664e-04 -4.8468859069e-04 -6.9891425680e-05 7.3381085570e-05 -1.9504270242e-04 -5.7416712445e-04 8.9707608390e-04 6.9042068236e-04 3.7502467909e-04 -2.8500657654e-04 -7.3043838917e-04 9.5240037857e-05 2.0930180958e-04 -1.3989450620e-04 -1.0909835028e-04 2.2153775128e-04 -2.5191873387e-04
2.7705382308e-04 -2.0599446674e-04 -2.1034508388e-04 -2.9230311782e-04 2.4347591895e-04 1.6815973741e-04 1.8306538552e-05 -2.3016511296e-04 -4.4184454487e-04 1.1757077541e-04 7.7684028423e-04 -2.2770297524e-04 1.0002962858e-04 -2.4440793380e-04 -3.9294496024e-04 3.5256896995e-04 -7.6727472405e-05 -7.8463630277e-06 -6.2993660075e-04 5.6352628308e-04 6.0906233468e-04 -5.4819324680e-04 -2.0782359351e-06 -7.8523049715e-04 -4.7959816906e-04 1.8117667332e-04 -1.6022223156e-04 1.6889377562e-04 5.3244914607e-04 2.3652078555e-05 2.7160653360e-04 -3.1442597001e-04 4.1397111727e-04 4.8133829872e-04 -5.2734840405e-05 -3.3068487017e-04 4.1470574939e-04 2.5713866648e-05 -1.4370924767e-04 3.7121083565e-04 -9.6452973957e-04 -2.0748379712e-04 -1.4575485074e-04 -4.8922402308e-04 1.4384296907e-04 5.1755495484e-04 -1.7502955370e-04 -3.3119586809e-04 1.2530916439e-04 2.0088587939e-04 2.9500738828e-04 -1.0183223659e-04 -1.6801380899e-04 2.3375308729e-05 -1.1985498228e-04 -1.6963631991e-06 5.4780547015e-05 -2.9715357769e-04 -5.9298388286e-04 4.6662320521e-04 8.6357231976e-05 9.3455181010e-05 7.6096797295e-06 2.1637407011e-05 9.8062102922e-04
-9.5491232979e-04 4.2498263457e-03 1.7874053601e-04 -4.0860343956e-04 -1.0757955792e-03 3.5166101152e-03 -9.9218579816e-04 3.0026869099e-03 4.6881544761e-04 3.1434394300e-03 -2.4085103154e-06 1.4778684488e-03 -1.1482476146e-03 1.4910014926e-03 9.6600757332e-06 -2.9229636677e-03 -1.0356082722e-04 -2.8446800035e-03 4.3319520796e-03 8.0585237150e-05 1.7169831020e-04 1.5028002585e-03 -2.1537398899e-04 4.1691855276e-03 2.0702438523e-03 -6.6810604855e-04 -5.3254925963e-05 -1.6594486951e-03 -6.1225950293e-04 -1.1251519939e-03 3.6860567832e-03 9.4220960952e-04 -3.1393392342e-03 2.2446372757e-03 1.2709553809e-03 2.7280815889e-04 2.3316899377e-03 9.2361960906e-04 9.5100591769e-04 -8.2464633345e-04 1.0230997494e-03 1.5253662976e-03 1.4746806486e-03 -6.8065631531e-04 8.2102239498e-04 3.3127253198e-03 2.5245111154e-03 2.3955084097e-04 3.2632444104e-03 -1.4820148187e-03 1.2223356630e-03 7.6015015203e-05 -2.9544491563e-03 -2.7510841014e-05 -4.6621201971e-05 1.4849335120e-03 1.0295569996e-03 -2.2447940751e-03 8.0208070547e-04 -9.9748175662e-04 -9.3230112156e-05 2.8036040175e-03 3.7857562085e-03 8.2088605548e-05 -8.4606302096e-04
7.3923333305e-04 -1.2392730642e-03 3.1804456042e-04 1.3340028188e-03 -2.1332434447e-04 1.5022594802e-03 6.2612949946e-04 3.4491915019e-03 1.5102133933e-04 -1.2235906807e-03 3.4792919078e-05 4.0534314115e-03 3.9044149807e-03 -9.1283105405e-04 4.3366481765e-04 2.9574906913e-03 2.0996187896e-03 6.1389620407e-04 -3.1273221836e-04 1.2713791935e-03 4.2939903592e-03 -9.4117380764e-04 -5.2826630315e-04 4.4775947543e-03 8.0341902418e-04 -2.8652932480e-03 1.6332541093e-03 3.5673976360e-03 -1.5479389763e-03 5.3364496393e-03 -4.6293106562e-03 -1.8266743620e-03 1.1458982750e-05 -3.6964887025e-03 2.8972878785e-03 -1.0227464062e-03 -3.6266075720e-04 -1.2433985889e-03 -3.9632329514e-03 -3.9018513803e-04 1.2717059569e-03 -3.5217271693e-03 7.0159254085e-04 2.0066428279e-04 -3.6896122693e-03 -3.7380558480e-03 1.9395535300e-04 2.6399486950e-04 -3.6000489208e-04 -1.0282795387e-03 2.9432851910e-04 3.1264360613e-03 2.8290697615e-03 -1.1020262972e-03 2.4409943262e-04 -3.8792022882e-03 3.5212194446e-04 4.2621429401e-04 7.4179440777e-04 -9.4580885586e-04 -3.6995642225e-03 9.8534203903e-04 2.7786119195e-03 2.8211139537e-04 -2.0460994385e-03
-2.1436752956e-04 4.1941638864e-04 3.2531319214e-04 5.4024586646e-04 -3.9444291612e-04 -8.9333702466e-05 4.7016900420e-04 1.1443405634e-04 -1.8043977111e-04 2.8931090091e-04 -1.7588877736e-04 8.2629854239e-04 1.1982235193e-04 3.7539797663e-04 -3.1727299920e-04 7.9039481743e-04 4.2512828066e-04 9.9505436873e-04 -2.9031128764e-04 1.3304305848e-04 3.8005363993e-05 -3.7583790318e-04 6.2134975990e-05 -7.4053081661e-04 2.1069036925e-04 -6.2590553506e-04 -1.6797121247e-04 1.1428789864e-03 1.1077565946e-04 1.5892585197e-04 5.3247776315e-04 -3.5589944253e-04 9.6536700415e-04 2.7563903407e-04 -2.9887160558e-04 -3.3973471664e-04 -1.7132785262e-04 3.7600596381e-04 -1.9505842787e-04 -9.3170267486e-04 6.3164162239e-04 -2.6095671391e-04 7.0562558401e-04 -1.9081480250e-04 4.6028541899e-04 -3.7616153746e-04 6.2818930433e-04 3.8010200473e-04 -2.8893786568e-04 -6.2330193836e-04 1.9099718758e-04 9.1690865553e-05 -3.7949832531e-04 -4.1100694622e-04 3.8022983605e-04 5.1171057609e-04 1.6669995235e-04 2.9690985104e-05 -6.8723721820e-05 -3.1195164637e-05 5.8547912980e-04 2.9908590028e-04 -3.0769380292e-04 1.4822890189e-04 1.8480393817e-04
-3.5182914506e-02 -8.1838614670e-02 -9.3899321478e-04 3.7677753890e-02 3.2249977247e-02 -4.6568838214e-02 3.9064411602e-02 5.2678910077e-02 -4.1295734582e-03 -3.0209269015e-03 -6.3559107619e-02 -2.5525402854e-02 -1.4386329890e-02 -3.4078577610e-02 7.7601510520e-03 2.6309680650e-02 -2.8766259141e-03 5.6422137559e-02 -1.6723046517e-02 3.0362711952e-02 -8.0163723232e-02 2.3696768486e-02 2.1764964455e-02 5.0690277914e-02 -1.4925249702e-02 2.7086822120e-02 -3.9339931097e-02 -2.0201595988e-02 5.5741446979e-02 -3.4357982753e-02 7.0558516260e-02 5.2720016714e-02 -6.6552799460e-02 3.7269706973e-03 4.2414067832e-02 3.2213728080e-02 3.1476977915e-02 1.0215395706e-01 6.3300020282e-02 4.3343585557e-02 -5.9033120525e-02 -1.0026484726e-02 -3.8999963370e-02 5.0879149325e-02 2.2821568429e-02 -1.8982069549e-02 -9.9421210516e-02 3.0644784296e-02 -4.5528153899e-02 5.0742846830e-02 8.1877903131e-02 -3.0498375694e-02 9.0924560171e-02 -9.6237427379e-02 3.2647514123e-02 -2.8272117022e-02 -6.0266313866e-04 -4.4061611170e-04 -1.1908979476e-03 -4.7084163602e-02 -3.0101472937e-02 -3.1951458599e-02 1.7678760882e-02 -4.1521138555e-02 1.4602489649e-02
-4.0526526206e-02 -2.2568171539e-02 -1.3705241199e-02 7.5260629466e-02 4.0632234993e-02 2.5099731782e-02 1.2395790395e-02 5.2273602846e-02 -9.1579652848e-02 5.7643223662e-02 -3.4184007421e-02 4.3288185251e-02 5.2172812906e-02 8.9037793698e-02 -2.3163040543e-02 3.2212439954e-02 -6.5125224239e-02 -5.6216586323e-02 6.0037325888e-02 4.6055150245e-02 -3.3347445086e-02 -2.8294254425e-02 4.1197562851e-02 -5.5217285461e-02 3.4827749765e-02 -6.3123196561e-02 -9.2198540910e-03 -4.4326544571e-02 -6.6362365563e-02 -1.8653142395e-03 7.1246888721e-03 -3.2737893695e-02 2.5807694461e-02 -1.2130369385e-01 4.6246794441e-02 -5.8968549836e-02 7.5232566499e-02 -2.2407173380e-02 -4.6928795430e-02 -1.1403939552e-02 1.0689978140e-02 -1.5973700545e-02 -4.5581660837e-02 2.2771171728e-02 4.5032964689e-03 6.2330743348e-02 1.3210622626e-03 -3.8225279041e-02 -1.0715087423e-01 6.2578633471e-02 1.7751948459e-02 -4.8157897616e-02 6.3900606956e-03 -8.9619460407e-02 -2.9421314094e-02 2.5026147426e-02 -1.3281187306e-02 4.1549621896e-02 1.9177317449e-03 1.2591382412e-02 1.5904717781e-02 -3.7936289397e-02 -7.0404694314e-03 -2.9673359946e-02 7.8689646608e-03
1.8025856180e-02 4.4746723670e-02 -7.9602447727e-02 -2.9089879820e-02 5.9630621807e-02 -7.3295847038e-02 1.8205950791e-01 -9.6738227962e-02 6.5468945551e-02 3.6275408612e-02 1.6428241830e-01 5.1771811046e-03 -1.4727784300e-02 7.8240467628e-02 1.0372608493e-01 -5.5006099769e-02 2.5869318072e-03 -6.3009189471e-02 8.3933514561e-02 1.9549041320e-01 1.0198537392e-01 6.5692497200e-02 2.1708159053e-02 -2.2655107615e-02 -5.3865592917e-02 3.1822639138e-02 5.2604319710e-02 -2.5882783101e-02 -8.8447793442e-02 -2.4059373587e-02 7.3945690541e-02 -3.6446457655e-01 5.9919372234e-02 6.1967041840e-02 2.2667947156e-02 1.1541816158e-01 5.5156781993e-02 -5.8837572602e-02 -3.5504091725e-01 3.9898672533e-02 -1.5043346372e-02 6.5289509839e-02 7.2674370788e-02 5.9158116379e-02 -1.9777721227e-02 -7.4213932443e-02 1.2018153385e-02 -1.2260921536e-01 -1.6051242329e-03 -4.0167339323e-02 5.5270124459e-02 7.1025647312e-02 -3.3729860494e-03 -1.2192247831e-02 6.8868457821e-02 1.6666063796e-02 1.5825614410e-02 -2.5215094237e-02 8.0861901859e-02 7.3824049832e-02 -3.0803615839e-02 1.0843073824e-01 -1.1112929130e-01 3.7141798046e-02 -4.5114458631e-03
-5.8016335271e-04 4.8162756944e-04 -7.1177384763e-04 7.0531056407e-04 5.0943810892e-05 2.5999903842e-04 -5.2301811017e-04 2.0301140298e-05 5.3178280247e-04 -8.1555229620e-04 6.2767604783e-04 -2.6686685177e-04 -1.3649005617e-04 1.0707200359e-05 -1.9031899170e-04 9.6938222865e-04 -2.6957483058e-04 -4.5030574909e-05 9.7730564576e-04 3.5073483854e-04 5.9375859197e-04 2.6777651897e-05 3.7080171167e-04 -1.0452928629e-04 9.0033765150e-05 -1.5360765691e-04 1.3854345934e-04 -3.1855064183e-04 -6.1122846378e-04 3.0707614094e-04 3.9276616180e-04 3.6101259262e-04 4.0224725427e-04 -2.1294007206e-04 -3.9791055924e-04 -1.6046663263e-05 2.7408473690e-05 -2.7538890237e-04 1.3157556577e-05 -1.3813714970e-04 2.2418678402e-04 -5.4823668240e-04 6.6927862047e-04 -1.9119202573e-04 6.0330990015e-04 -3.2762340917e-04 -5.6354883841e-04 4.4955634119e-04 -7.4421312787e-05 -2.1817508032e-04 -4.1746027991e-05 -4.6497013964e-04 6.5208282301e-04 8.4184201501e-05 -9.1605396305e-04 3.2821640834e-04 -2.2627110137e-04 -4.3777117274e-04 3.8166019867e-04 -1.3508807983e-04 -3.2481819475e-04 -6.0097017941e-04 1.5729471319e-04 -6.3451538922e-04 1.7792496923e-04
-4.2222170669e-02 -4.0689599951e-02 -2.7559021953e-02 4.9540796895e-02 -3.1322181897e-02 4.3425472844e-02 -1.0799013166e-03 -4.1120326219e-02 4.2739846416e-03 3.1815456955e-02 -5.9137634783e-02 -5.1147568410e-03 6.5547573278e-02 -3.0678046496e-02 -1.0656563130e-03 -9.8644783468e-02 2.6605012308e-02 -5.8754667371e-02 3.0522593156e-02 -6.4353546460e-02 4.6886971959e-03 -4.8078203600e-02 6.3811078682e-02 -6.3896773620e-02 1.3662772840e-02 2.0794053331e-02 2.6707697052e-02 5.5871924536e-02 -5.0630445511e-02 -1.2353595386e-02 -9.9751097613e-02 8.6820536903e-02 -3.3302214951e-02 1.6346267142e-02 3.2570034847e-02 4.7657879813e-02 -3.3388313946e-02 -1.6451648192e-02 -1.1522057481e-02 1.2870883138e-02 -1.6517998816e-02 -9.8337721152e-03 8.3547288647e-03 7.9784750574e-02 -3.6558095116e-02 -4.8009622676e-02 -5.3772509252e-02 5.3950266974e-05 4.2729212293e-02 1.2905604351e-02 1.2932027358e-03 -1.6502594942e-02 -3.2269313032e-02 -2.1832670883e-02 6.8397518359e-02 -6.9409070832e-03 3.5312623691e-02 9.2655581292e-02 2.2347557301e-03 1.4541958426e-02 -5.6836342705e-02 -1.5079885638e-02 4.4109470889e-02 -3.0147654611e-03 -3.2625276928e-02
-7.7857759284e-03 -7.9023677510e-02 -1.9594014754e-02 2.8321536808e-03 1.4163022054e-02 -4.0056243433e-02 1.0230158945e-01 1.2310036029e-04 3.3265261768e-02 5.6648184291e-02 5.8649652647e-02 2.0149388539e-02 -1.3671581832e-02 1.2080043622e-02 -2.1864467779e-02 1.0071020185e-01 1.1538497547e-02 4.0263786895e-02 -1.4107927920e-02 -8.0716681227e-03 -2.2478657520e-02 2.7855794696e-02 -2.5778650168e-02 -1.2668055157e-02 3.2014255452e-02 -1.0574797873e-01 2.0667187006e-02 3.7448168301e-02 -7.0222463394e-02 -2.8242775804e-02 3.2571953607e-02 3.9853363738e-02 7.6260621219e-02 9.0522748251e-03 -4.2910261391e-02 4.7894942614e-02 -3.4949184907e-02 -1.6257867503e-02 3.6183939255e-02 2.6493064920e-02 -2.7892287051e-03 -5.8021318832e-02 -6.2137324272e-02 5.4406051592e-02 -7.0990207087e-02 -9.0798068441e-04 4.3225568051e-02 -3.0440823300e-02 -4.7343801529e-02 1.3986666428e-02 -6.0998979261e-02 -9.8702459553e-02 -4.5391179839e-02 2.6243257668e-02 -1.4525425420e-02 -1.0654005360e-02 8.7321972904e-02 -5.2844406761e-02 -4.2377041238e-02 1.5235512683e-02 5.1116037811e-02 4.4837273264e-04 3.0586893887e-02 -3.3299614423e-02 -2.3948460730e-02
-1.9642868336e-02 1.2233361586e-01 -1.2274177537e-02 -5.9858767095e-02 7.3519900898e-02 -8.0466586338e-02 4.4766080604e-02 -1.2524440150e-01 -4.4415381761e-02 -1.2505821406e-01 3.8777856232e-01 2.1824350357e-02 1.2558841334e-01 -5.0974839984e-02 1.9494400669e-02 -3.1045085267e-02 -2.1114862431e-02 -2.9069184436e-02 4.1360636913e-02 1.7070756835e-01 -8.6364432951e-02 1.1923362856e-01 1.6006450026e-02 -1.0442412598e-01 5.1527953923e-02 9.0342407408e-02 1.3801603809e-02 -4.2917230881e-02 -3.1777753987e-02 6.9254072080e-02 7.9743378689e-02 1.1183513767e-01 8.5070245208e-03 9.3810056105e-03 -9.4225485695e-02 3.7580220641e-01 4.2659286532e-03 2.6891957526e-02 -1.5592798114e-01 5.4798216765e-02 -5.5673394560e-02 1.7407516220e-01 -1.7116054211e-02 1.1133592401e-01 -2.6485014690e-02 -3.3732419646e-02 -8.2765823368e-03 1.0196397402e-02 6.1345674709e-02 -1.0960151944e-01 4.0435310906e-02 -9.9088460666e-02 -4.5571186610e-02 -8.2133899595e-02 -6.2671963892e-02 8.8096041891e-03 -1.5201369237e-01 3.9050353937e-02 -1.0850197803e-02 1.2673535695e-02 -4.5340988971e-02 -1.1196720842e-01 6.8197593855e-02 -1.3538400476e-01 -1.9237395224e-01
9.9284211073e-02 2.6059106973e-02 -3.1514355569e-02 -8.2499708551e-02 -3.2971382207e-02 3.0086083874e-02 5.2353144862e-02 -6.7316449302e-04 2.7810163553e-02 7.9763379880e-03 -1.3357710852e-01 -3.8008431619e-02 5.4555423552e-02 -4.6463373216e-02 3.8315434587e-03 -4.6238102119e-02 -1.4256012206e-01 -5.6520937044e-02 -8.4682357090e-03 -2.2401793254e-01 9.2991954274e-02 -2.7422423118e-02 -4.0398619470e-02 2.5110371406e-02 9.8804729280e-02 4.2772149830e-02 -2.1908043242e-02 8.4883516326e-02 2.3422278508e-02 -1.7998978014e-01 -1.5586034836e-02 9.7565579695e-03 2.3778900576e-02 1.1805531523e-01 7.4115618183e-02 1.6462141723e-01 -5.5757724692e-02 1.7468042438e-02 -8.6239361360e-02 -8.8063625319e-03 1.1435134857e-02 5.8997043396e-03 6.5623773350e-02 2.0750155551e-02 1.1353609052e-04 -1.5527865963e-03 -5.7301136386e-04 2.9825385522e-04 -7.2924581577e-03 2.1211344355e-02 -1.2136544148e-02 7.7956309280e-05 1.7722668020e-02 -1.2513697102e-02 -4.4056855975e-02 -8.3968266443e-03 1.1570514436e-02 9.6330184600e-03 3.0200652734e-02 6.2868258494e-02 1.3849393075e-02 -8.9753286229e-02 3.7905498541e-04 -4.3983262614e-02 3.6299059545e-02
-5.4619725728e-04 4.7286640297e-04 1.2461348488e-05 -4.3893973535e-04 -7.9129158998e-04 -2.8342277069e-04 -2.2723298256e-04 2.7891692129e-04 -5.5664721712e-04 -8.1825571964e-04 6.3729602197e-05 9.7112744872e-04 2.2048741802e-04 1.7233424179e-04 -1.0577693683e-03 2.9686823250e-05 -4.0554356074e-04 -5.9004880469e-04 1.4482285707e-04 4.4088551230e-05 3.6584458899e-04 -1.9932074324e-04 1.2888515871e-04 -7.3589100304e-05 5.5180870339e-04 -5.8618971712e-04 1.0367823477e-04 -5.8715522508e-05 5.1337909279e-04 4.7781674186e-04 -1.6883741729e-04 -3.7169912022e-04 6.1658246395e-04 -7.4595153425e-05 -1.0142488063e-04 -2.0459625945e-04 -6.6754547151e-04 -4.6994419975e-05 -9.1813047294e-04 2.1937566101e-04 5.3413978084e-04 2.2240716185e-04 -6.1443543369e-05 3.9477296657e-04 5.5314527840e-04 3.3548737432e-04 2.2712122937e-04 8.1011966286e-04 4.5440489269e-05 8.9176261072e-04 -1.8536829655e-04 5.2717873166e-04 1.6270134921e-04 -1.6824640470e-04 2.4121940490e-05 -1.1348481259e-04 4.4924134205e-04 -2.4947617069e-04 4.6447328453e-04 1.9585601884e-04 -7.9585991440e-05 -8.0588629107e-04 3.4890770712e-05 2.4008399822e-04 -1.4055543250e-03
8.5756041254e-03 5.5544945172e-03 2.9332556776e-02 -8.1216911410e-02 -2.5824248486e-02 2.1038921535e-02 8.1313666309e-02 -1.0030658747e-01 3.7529638312e-02 -2.5487314731e-02 1.0367454145e-01 -3.1329096764e-02 3.2825559376e-02 -6.2478425797e-03 -1.3973992425e-03 3.7300216492e-02 -3.5761077537e-02 6.1888561316e-02 1.0684719649e-02 2.9841391714e-02 -5.4976484558e-02 6.7195106626e-02 -4.1256403755e-04 -1.9176230756e-02 2.8910663128e-02 3.3627532953e-02 -1.4073635134e-02 1.0322935825e-02 5.7520521817e-02 2.4895532052e-02 6.6867907926e-02 5.0308163253e-02 2.0112796721e-02 8.3401807265e-03 -4.0196616329e-02 1.6208342390e-01 1.3754748705e-02 1.0238251207e-02 3.2426596656e-03 3.1167076037e-02 -5.1577087293e-02 -1.5523279301e-02 -1.0767178278e-02 1.2101598111e-02 -2.6928393005e-02 -2.0380868048e-03 -2.0800713265e-02 1.5961706019e-02 6.2520813649e-03 -2.4429307813e-02 -3.4327243672e-03 -2.5241731024e-03 6.8227319350e-03 -3.9171060774e-02 -3.0963201272e-01 5.2639371263e-02 -9.7910364662e-03 5.6617211582e-02 -7.5439210519e-03 -5.1267360761e-02 3.8973560955e-02 -5.7197171753e-02 -1.5918414864e-03 3.7187351278e-02 8.3217104701e-02
-4.4175924880e-02 1.2788462780e-02 -2.1382035597e-02 -8.8437879180e-02 3.3470256105e-02 -2.6435435296e-02 -1.0044300099e-01 2.9271562367e-02 -9.6343777564e-03 2.0742990280e-02 2.0096075664e-01 2.6970803254e-02 -1.5284871233e-02 -2.9188162547e-02 3.3956224621e-02 -2.2519811364e-02 2.9649855974e-02 5.1019474201e-02 -5.4698750583e-02 2.2807710668e-01 7.4172332674e-02 5.2907292550e-02 3.3907868031e-02 1.0501394073e-02 3.0322614193e-02 -8.7842822586e-02 -1.8154588438e-03 4.5615812288e-02 -1.1648350892e-03 -3.5604720793e-02 -2.3296247379e-02 -4.1178800849e-02 -3.0221617271e-02 -1.1056784058e-01 7.2068829922e-02 1.9229207022e-01 -3.7006903338e-02 -1.0671265435e-01 3.9713186591e-02 4.4961726911e-02 6.1296500320e-02 9.0042924636e-03 -2.6273798016e-04 -3.9829309906e-02 4.4334182318e-02 -1.1665574071e-01 8.6582210286e-02 -8.1337070711e-02 4.3060479227e-02 -2.2557460057e-02 -1.2346313682e-02 -4.1773195679e-02 5.2889481672e-02 7.9141502886e-02 -3.6820835674e-02 7.0019205406e-02 -5.1274585111e-02 -2.1400700594e-02 2.9368893206e-02 -3.9354841479e-02 -3.3370065328e-02 -5.9074278227e-02 -5.8771697652e-03 2.3684304284e-02 -1.2241859286e-02
5.5350833771e-03 -9.7500792318e-03 -1.9926555795e-02 -3.6150876427e-02 3.6702554808e-03 -1.1796072801e-01 -2.6328737896e-02 -1.7848143156e-04 2.2380185052e-02 3.8113990606e-02 8.5808089706e-02 5.5590267934e-02 7.8925699313e-02 -3.8214337064e-02 2.5851322696e-02 -6.9399507718e-03 -2.3976596156e-02 6.3881252300e-03 -2.6800736507e-02 -9.7535756568e-02 3.2390716509e-02 -2.5102216229e-02 6.6006612811e-02 -3.7378878077e-02 -1.5042505514e-02 1.4456071257e-02 1.3626603483e-02 3.9445320650e-02 1.1900147206e-01 -1.1284697403e-02 3.3259704447e-02 7.8272884620e-03 -2.7101602884e-02 -5.8424847508e-02 7.8199498634e-02 1.7940008402e-02 3.9323068882e-02 2.3860024266e-02 2.7055129971e-02 5.6236102837e-02 -5.6513791227e-02 2.2227402641e-02 2.6386368593e-02 2.8983962489e-02 5.2958692188e-02 3.1629994244e-02 1.3400253609e-02 3.9530282609e-03 -6.6523275734e-02 -1.0637193109e-01 -4.4221167910e-02 7.4028613964e-02 -5.3837342495e-02 8.3135351646e-02 1.6837076029e-02 -6.7110007112e-02 4.9534536371e-02 6.9603715220e-03 -2.9281483577e-02 2.8643011552e-02 -4.0712856825e-02 -3.8109621009e-02 -4.5336184979e-02 -1.7021855544e-02 7.2520506144e-02
-6.1929356747e-02 -2.6188112165e-02 6.0629205552e-02 -1.3201330144e-01 -4.2490434416e-02 5.7383039675e-02 -4.0323875804e-02 -4.5922949723e-02 1.4315957946e-01 -2.2301116236e-03 3.6976183290e-02 2.6086908775e-02 -4.3405427984e-02 -7.8608995918e-02 6.8816288892e-03 1.7566140549e-02 4.3091519307e-02 1.0777432290e-02 -3.1566163397e-02 5.2095337387e-02 4.0663571809e-02 -1.5518365469e-02 -3.2208391237e-02 3.0481488428e-02 3.6470410991e-02 -2.2012176219e-02 -5.3228467568e-02 1.7094862812e-02 1.4795078551e-03 -5.4524546831e-02 -1.8484197494e-02 2.2118562016e-02 -3.4965203288e-03 -2.2043765182e-02 4.9148496533e-02 -5.3805824827e-02 4.7029440824e-02 1.1796807563e-02 -4.5939929093e-04 6.6113197149e-03 -3.9223230068e-02 -1.8203983357e-02 -2.8935859811e-02 -1.0833994742e-01 -2.0070571803e-02 -3.2490264686e-02 -2.4218976647e-02 -8.6704410267e-03 2.5114988903e-02 2.9863291944e-03 3.1913737643e-02 7.7340751714e-02 -1.1993817943e-02 3.7157607095e-02 -1.7087173591e-02 -4.2199608199e-02 -1.9880605928e-02 -3.1788454881e-02 2.6711703780e-02 3.4378337107e-02 1.0772646538e-02 -8.2541141778e-02 7.8018820467e-02 4.2942294242e-02 -8.0160884335e-02
-3.5586126367e-04 7.4121649463e-05 -1.5957020049e-04 1.8888766157e-04 -6.5396796123e-05 1.9545835574e-04 -1.8249403412e-04 2.3116914101e-04 3.1507204639e-04 7.2726360580e-04 -1.3389983702e-03 3.3635823425e-04 4.7970445986e-04 4.1442026347e-04 8.0568899652e-04 -2.8067512073e-04 -2.4399878584e-04 -1.1798688522e-04 1.0798509571e-05 3.8722441786e-04 1.6424454749e-04 -9.3868113953e-04 -1.2145903005e-03 -2.5968148586e-04 -1.8568075933e-06 -7.4423363509e-04 9.6089989038e-04 1.5494956188e-04 -6.1881071037e-04 1.5199332656e-04 -5.1950179033e-04 3.5549774399e-04 4.7174717763e-04 1.7809967666e-04 1.5000298993e-04 1.4995070445e-04 -5.4545568188e-04 1.0305448790e-04 3.2614255839e-05 9.1425340656e-04 6.5489256935e-04 2.1559288021e-04 -4.5140889583e-04 3.2745238362e-04 -9.3643488075e-04 1.3152561898e-04 4.9219555077e-04 4.2881015066e-04 5.2182702466e-04 -9.7806022858e-05 -1.5019174534e-04 -2.8370778641e-04 -5.9531690541e-04 7.0430202666e-04 5.1435962529e-04 3.0560659175e-04 5.7714491535e-04 -8.5088252432e-04 -2.3799269156e-04 -3.6112849666e-04 -4.5775993297e-05 -7.1341319074e-04 8.5853330012e-04 -5.5634764594e-04 5.7936765015e-04
-8.0760067452e-02 4.3290796108e-02 -4.2884073447e-02 7.0579033214e-02 4.2980713777e-02 3.0044870163e-03 -7.6576487718e-02 2.4917949759e-02 -7.5967580150e-03 3.5756520285e-02 -5.8602842193e-02 -5.8338281204e-02 -5.4257210777e-02 3.8973347028e-02 -4.9746038696e-02 3.6330256778e-02 -6.7324733268e-02 1.9959109010e-02 -2.5193454934e-02 9.3893070667e-02 -3.7055279518e-02 -3.9915035271e-02 5.7133504442e-03 -3.7175718578e-02 -7.1184578252e-03 5.5320557353e-02 -7.9765593381e-02 2.3992701117e-02 9.7312684744e-02 1.6501871225e-02 -3.0775470231e-02 -2.3377852674e-02 3.8021695322e-02 2.9040887337e-02 1.3846113226e-01 8.8794385424e-02 -5.7706679886e-03 2.3616169109e-02 -1.0213933035e-01 7.2657315889e-02 -7.8218183544e-02 1.2325576748e-02 -2.3718459560e-02 -2.5615131311e-02 -4.1032817681e-02 -6.9256016518e-03 4.8855329227e-02 6.7222435758e-02 3.2000856738e-02 -8.4010933433e-03 -9.5606048460e-02 -4.6297263187e-02 1.9206570421e-02 -2.1559410001e-02 1.8417660665e-03 -7.4342167926e-02 -1.1305103235e-02 4.6412004327e-02 -6.1886963202e-03 5.3200134579e-02 2.9244759216e-02 3.7881586383e-02 3.0577501090e-02 5.8882652841e-03 -4.4706084674e-02
3.7823441082e-04 -2.9581108814e-04 1.7151541913e-04 -1.5138869657e-04 4.4974288405e-04 3.4223269702e-04 -3.9237502690e-04 9.8971623200e-04 4.1956563665e-04 -2.2957074288e-04 8.8375105301e-05 -2.6405796901e-04 -5.1534610913e-05 -5.5228340001e-04 -7.0234316897e-05 -5.4481206712e-04 -4.8341350012e-04 3.0320409704e-04 2.5833708603e-04 -1.0232539164e-04 -8.3135709676e-05 6.9079350914e-04 3.6610490450e-04 1.7041594191e-04 -1.4427324410e-04 -9.8262679692e-05 8.5458798375e-04 1.7468505249e-04 -3.8300670087e-04 3.1642774702e-04 -2.9210917648e-04 1.8925438713e-04 -8.5526024676e-05 -4.5169203341e-04 -1.0043878922e-04 -6.1803088330e-04 3.3295576328e-04 3.7183968777e-05 1.8221608143e-04 -8.2758951737e-04 3.5057519520e-05 4.9850955343e-04 3.7935270863e-04 -4.7780128200e-04 5.3765375345e-04 4.2886115990e-04 6.4625704141e-04 1.1283644931e-04 6.5374894205e-04 1.5645469796e-04 -2.0161005983e-04 6.6595055926e-04 5.2449192864e-04 -1.2255122375e-04 -6.4741899070e-04 -2.6197908687e-04 -4.9056248373e-04 2.2288210138e-04 -8.8372003366e-05 -2.4634617008e-04 6.7313287710e-04 2.4591643133e-04 -3.0558880959e-05 4.5065837591e-04 1.6280187804e-04
-1.3579885159e-04 1.6498144188e-04 2.7308577434e-05 5.8391751079e-05 -5.6675669889e-04 -1.6574536219e-04 -5.4047225134e-04 3.9841135111e-05 3.5089693338e-04 -4.2681576515e-05 5.9209826624e-04 2.6493300639e-04 -1.4294649484e-04 -4.6022707147e-04 6.1157505554e-04 7.7298206531e-05 -4.5849228422e-04 -1.7228519615e-05 7.4782993429e-04 -5.7708595957e-05 -5.4498386983e-04 -4.6135412897e-04 2.3227642910e-04 5.3132337298e-04 -1.9204274112e-04 -3.1308773611e-04 -5.1791494008e-04 2.7065959526e-04 1.8245091957e-04 -2.0204372155e-04 2.8639945892e-04 -1.1808064802e-04 3.4909403663e-04 -2.7266390331e-04 -1.4138139725e-04 -6.1812057715e-04 1.3936484890e-04 -1.4372585078e-04 -1.3918659232e-03 -9.5897664408e-05 -4.8962189019e-04 -6.7885762935e-04 -4.7202224057e-04 -4.3509518021e-04 -1.3175280296e-03 3.8164978295e-04 3.7835979991e-04 -8.4108383548e-04 -6.0585986225e-04 3.8653915536e-04 4.8538666253e-04 6.9582273758e-04 -1.8642666289e-04 1.5484721439e-05 -1.5231397458e-04 -5.8802085267e-04 -3.5872076261e-04 2.6690838311e-04 -5.6196477817e-04 -3.8336817657e-04 -5.4298821929e-04 2.8302259544e-04 -1.5064992772e-04 -3.1615567735e-04 -1.7751755162e-04
5.0792663026e-04 2.8309327974e-04 5.2789602312e-04 -7.0284400032e-04 -9.7220721147e-05 7.5161594140e-05 5.9688053868e-04 -1.5078310743e-04 -5.8786741882e-04 6.3733255928e-04 -4.6918593299e-04 -1.9817384003e-05 2.4505279245e-04 1.2407851656e-04 -1.4838087492e-04 -2.7628169526e-04 -8.2906267057e-05 4.4210897516e-04 -5.3801548049e-04 -3.4002903203e-04 4.4257855834e-04 -2.3813038138e-04 2.8712256813e-05 -6.4117289330e-04 -1.3750826653e-05 -2.3066100457e-04 2.4090694114e-04 -4.0555237915e-04 3.1213606782e-04 3.6951342160e-04 4.6983231208e-04 -4.8515034613e-04 -6.7622594329e-04 3.3483204727e-05 -3.0043268489e-04 -3.9425083989e-04 -1.1725420263e-04 -2.2878584067e-04 -6.2724058591e-05 -1.0735478580e-04 -8.3908128945e-06 -7.0942579387e-05 8.1813266885e-04 6.8163360116e-05 3.2629598612e-04 5.2738557876e-04 3.7621908309e-04 2.4589839498e-04 -6.7051582034e-05 -2.5904226030e-05 -3.1761231249e-04 -4.6157522084e-04 -4.1641711128e-04 -5.3134408126e-04 -9.0403923017e-04 6.1380996773e-04 -4.7573543453e-04 2.5397438913e-04 7.2478665862e-05 -4.2004537583e-04 -3.7389233918e-04 2.5646791892e-04 1.9950566474e-05 1.8543607584e-04 7.1916884768e-04
-1.7637898582e-02 -1.8337226094e-02 6.2021384687e-02 4.5902220379e-02 9.6327866472e-04 -9.9124757596e-02 1.0949994034e-01 -1.2111709785e-02 -6.2456281257e-02 1.5847916943e-02 4.8681040751e-02 -6.2880416880e-02 1.9328729474e-02 5.4311128202e-04 8.2111325733e-03 -7.8740915602e-04 1.3751093606e-02 5.1428680589e-02 2.0762293045e-02 -6.1636839818e-02 3.8798694726e-03 -3.8625071444e-02 4.8871850993e-02 -1.8691688832e-02 3.1768802192e-02 -4.7478346826e-02 -4.4584906046e-02 -3.6470202908e-02 1.4166268820e-02 -3.2354343479e-02 -3.7750688307e-02 6.4642090641e-02 -6.0338380212e-02 -2.2310866734e-02 -8.1362166094e-02 -5.6943146299e-02 -9.6031120996e-03 1.9862263932e-02 -1.1307157841e-01 -8.6131984597e-02 -1.9857217592e-02 -5.7074727774e-02 4.0754198427e-02 -5.7023915096e-02 -2.9928076091e-02 1.2260771572e-02 6.2468223946e-02 2.4810913883e-02 3.0540798464e-02 2.8898173066e-03 -8.6265232012e-02 7.0155803318e-02 8.4471755625e-02 4.6545780895e-02 -3.5963475082e-02 -7.2735258376e-02 8.6173478211e-03 2.4215734100e-02 1.5958901949e-02 -3.5876845487e-02 1.4344804437e-02 -1.4369341425e-02 -7.9447890780e-03 4.4678248220e-03 -3.8169603715e-02
-1.1727156393e-01 1.5726755652e-02 3.9373329509e-02 1.0200126365e-01 3.7023893361e-02 5.4323174306e-02 1.8999442808e-01 4.7859900190e-02 -7.5911038885e-02 1.3186575454e-02 -9.6606183163e-03 9.0039206590e-03 1.3943240639e-02 -4.1532807342e-02 3.2949050259e-02 -3.1023158381e-02 -3.6676446373e-02 2.4843074925e-03 -9.6501671571e-02 5.3467414943e-02 7.8343520490e-02 1.9999781432e-02 -6.1548760408e-02 1.1579222749e-02 6.3120579305e-02 -2.7017422875e-02 7.1724367398e-02 1.4452224627e-02 4.6623823191e-02 -4.4854184223e-02 -1.9022605302e-02 8.9809546418e-03 2.0485030004e-02 -1.1308739452e-01 9.2284571153e-03 6.5699180326e-02 4.8918232218e-02 3.2817671060e-03 6.8894254354e-02 -7.2551163019e-03 -1.2671683716e-01 2.2385071732e-02 1.1989003557e-01 2.6910311785e-02 -9.8817440100e-03 1.5982190221e-02 -2.7712826439e-02 4.6494568225e-03 5.2978718821e-02 -8.5535010455e-02 1.7473371976e-02 -7.7626077416e-02 -2.9421419543e-02 5.2664749917e-03 -7.7034769027e-02 -4.7728329559e-02 -1.5259995588e-02 -1.6514839048e-03 8.4707744618e-03 -7.9356110142e-02 -1.6769886554e-02 7.0307241894e-02 6.7846249550e-02 -4.4308387795e-02 7.2808427376e-04
4.9411891609e-03 7.2320174751e-03 1.2162631533e-02 3.8812083791e-03 -8.9443484077e-03 -1.0238101294e-03 -4.2422935884e-03 7.0114166461e-03 -9.8714459916e-03 -6.3660625245e-03 1.0311925779e-03 4.5290923792e-03 -3.8096158276e-03 7.6292711203e-03 -1.3347047519e-03 -5.5287287731e-03 -2.0159353667e-04 6.5817359043e-03 1.3150605065e-02 9.0596549965e-05 -2.4587572511e-04 4.8979658337e-03 -1.4137175702e-02 -1.2858657239e-02 2.8024004743e-03 7.8632185017e-04 7.3878051941e-03 -3.8339016449e-03 -1.0553707644e-02 4.3981322805e-04 1.2081803115e-02 5.3183991081e-03 -8.8549515830e-03 5.2495226687e-04 -6.8811446287e-03 -4.5668710659e-04 -7.8206999613e-04 7.7847266386e-03 2.4344616235e-03 7.8515780978e-03 7.0098049648e-03 2.2243021684e-03 6.2303535769e-03 -5.0471790428e-03 -3.5951681739e-03 3.7140349303e-03 -6.8529086807e-03 1.1316398110e-02 -1.9007761713e-03 -8.9611337961e-03 1.4602922270e-03 3.7190998711e-03 4.7822051847e-03 -2.9937732682e-03 1.1763534174e-03 4.9003421363e-03 -1.2934757384e-02 4.4987932232e-03 5.7638942475e-03 4.3702490484e-03 7.8445619164e-04 1.1505212033e-03 8.4247027204e-03 6.8415794185e-03 2.8355261077e-03
1.3537705176e-03 6.2000967585e-02 -2.7729790216e-02 1.0778097866e-02 -9.1540601013e-02 -1.7095152259e-02 9.7232122756e-02 -2.5968629225e-02 -3.2688923456e-03 6.7911496009e-03 -2.5442204143e-02 1.7271110110e-02 -8.9504050090e-02 4.2260660064e-03 -6.0569977169e-02 7.0316986535e-03 2.7409664703e-02 3.7307588663e-02 1.9828456500e-02 5.8416336006e-02 3.7492002323e-02 -1.1487861386e-01 5.5357410915e-02 -5.4903563916e-02 -1.1941636546e-02 -1.0809018864e-01 7.8742164355e-03 1.5930502563e-03 -1.5386599421e-02 1.2590604618e-02 1.4048823767e-02 5.8369769499e-03 1.7268527969e-03 -1.3159320699e-01 -1.8183930549e-02 -1.8132732367e-01 1.4324380070e-02 3.8354429705e-02 -2.1838335281e-02 -7.5104427553e-03 1.0721199302e-02 -3.4230605415e-02 2.4847013818e-02 -1.7175212255e-02 1.0784873414e-01 3.9094246337e-03 -3.4101503713e-02 4.2306471506e-02 -4.0584655340e-02 4.1065088047e-02 -2.0100602160e-03 -9.3807767065e-02 -4.8288707310e-02 2.6049470186e-03 3.6587478639e-02 -2.1728475215e-02 -9.4724958371e-02 -3.3982211672e-02 -3.7675718698e-02 -1.6884696196e-02 -2.9765945151e-03 -1.5915153511e-02 5.4468953075e-03 -1.8699534403e-02 2.4294198960e-02
-3.8823112140e-02 -2.1145277014e-02 -5.0398345696e-02 7.1093736829e-02 -1.1237366341e-01 -7.9662667305e-03 2.6755457939e-02 -5.7483453377e-02 -3.9335277348e-02 -9.4082257744e-02 6.9735852853e-02 8.3831120212e-03 -4.7586859856e-02 2.9555153567e-02 3.0675784633e-02 4.3555571539e-02 -3.1802047480e-02 -1.6726396554e-03 -4.8622936900e-02 -7.0802487362e-02 -1.1316834567e-01 -3.9482827354e-02 5.1331750839e-02 -1.2837737194e-02 2.9084810661e-02 2.0580949990e-01 2.9180708447e-02 4.4650362239e-02 6.8070437731e-02 -3.2673006192e-02 3.3424061799e-02 3.6911912092e-02 -6.0655306483e-02 9.7378907631e-03 3.1542312273e-02 -2.1940647877e-02 1.1217698229e-02 -4.0348316953e-03 -7.6262385853e-03 -1.1383621725e-01 1.0930864505e-01 2.6295795611e-02 -1.2032161098e-03 3.4663712662e-02 -4.6588627135e-03 -2.5178852243e-02 -1.6376926806e-02 -5.5415487137e-02 3.3292992473e-02 -3.4341118087e-02 2.9154212161e-02 -1.2381299109e-02 8.0476372243e-04 7.0861032152e-02 2.1122621386e-02 2.0674834024e-02 -5.3807271643e-02 -4.3450661811e-02 3.2101525111e-02 1.4946833024e-02 2.0262905756e-02 1.5813638153e-02 6.2513155878e-03 8.6883844854e-03 -4.1767518596e-02
2.4879892013e-02 2.1423959601e-02 3.9999433526e-02 -1.4047672792e-01 -9.3320207055e-03 3.0648524155e-03 1.0915082438e-02 1.1928062721e-02 -1.9029390885e-02 2.6490615664e-02 -5.5326227022e-02 -5.7824028196e-02 1.3631918007e-02 2.8053507603e-02 -4.1631988865e-02 -2.7633734364e-02 2.5458730080e-02 -2.7010114166e-02 -3.2997475920e-02 -1.3398524261e-02 4.5610439562e-02 -4.2505927628e-03 5.4551355673e-02 -4.8299741123e-02 2.1392804983e-02 2.8886880309e-02 7.3415722160e-02 -8.7388631267e-03 6.9898835866e-02 -5.1148283308e-02 -2.3496052208e-02 -2.3286339891e-02 2.1083777328e-02 -2.2753070431e-02 -1.6970911171e-02 3.8359363047e-02 -3.2747848496e-03 9.9706038838e-02 -2.3707130417e-02 8.8100420029e-02 -6.6904451924e-02 5.0919372789e-02 -6.5058316583e-02 2.6287947027e-02 1.3428721788e-02 4.0972475599e-02 -9.1028525621e-03 -1.2637641369e-01 1.3205128302e-02 5.8516986473e-02 -8.1657749660e-02 2.6487646326e-02 1.3133148807e-02 -3.5411517678e-02 -2.2591671574e-02 8.6879665206e-02 -3.9149413957e-02 -5.0539224279e-02 7.0508308498e-02 8.8221014045e-03 3.9623129046e-02 -1.2497887184e-02 2.7241689794e-02 -9.9529516631e-03 -4.2731491168e-02
1.8246540185e-02 7.9473785144e-02 -3.3448377534e-02 -6.1855032008e-02 1.3495201901e-01 8.3848575964e-02 4.3140487673e-02 2.8311951848e-02 -5.5269415975e-02 -6.0851690802e-02 4.0017904953e-02 -2.5651885133e-02 2.0175329722e-02 1.4021736895e-02 1.9253066099e-02 8.6715796212e-03 -2.2022704373e-03 1.0803156880e-02 4.0073720841e-03 1.9282673742e-02 -4.5067426937e-02 -3.7068204973e-02 5.0654618056e-02 -6.8253776656e-02 -1.0049123287e-01 7.4385383397e-02 4.5449834251e-02 -3.9380243400e-02 1.6082947823e-01 8.0830408250e-03 1.5348650346e-02 -6.8846180105e-03 -1.3527690086e-01 8.2953711001e-02 -2.9494919279e-02 2.0958591231e-02 2.0184517887e-02 5.9141655411e-02 3.0111049121e-03 -2.9969779754e-02 1.3195366547e-02 -5.1698534021e-02 1.0986719939e-01 -3.4812957832e-02 4.8139457240e-03 -7.5729033222e-03 -7.1809037600e-02 -4.6929350884e-02 -3.5133209704e-02 5.1261946027e-02 8.5281319651e-03 8.6089043723e-03 3.2294860749e-02 1.0686782772e-02 -4.9831681718e-03 -1.9006452146e-02 -6.0412417121e-03 -5.5811172971e-02 -5.4189243048e-03 -6.6068803869e-03 5.3855938808e-02 -2.6233944356e-02 -2.4525578369e-02 4.4462218131e-03 -1.2889619881e-02
-3.9744962597e-03 2.5810604219e-02 -2.6635405449e-02 -2.9631308994e-02 1.0437585133e-02 5.1167732204e-02 -1.0839355812e-01 -4.9230840520e-02 -5.3423933333e-02 4.5632463668e-02 -6.6554895309e-02 -8.1750097244e-03 9.2139808305e-04 -8.9597931666e-02 -3.3282094215e-03 6.5801807500e-02 3.3775181798e-02 5.0930111902e-02 1.8934031826e-03 7.2418839941e-02 -3.3665561903e-02 1.3400516594e-02 -2.9115505026e-02 -3.4497794634e-02 1.9220668984e-02 4.9587560386e-02 3.1771119240e-02 8.6506771290e-02 4.6405460293e-02 -6.4075084320e-02 2.1262914566e-03 -5.0051311358e-02 3.8753595839e-02 3.2199756830e-02 -5.3498824102e-02 -4.7269850293e-02 2.4494987095e-02 -1.7238276803e-02 -8.0964086529e-02 7.1233785196e-02 -1.1352221833e-01 -8.2260806112e-02 4.6937178449e-02 -3.9705579987e-02 1.0331890450e-02 7.1639938688e-03 -3.1691501547e-02 1.2806243044e-02 -5.4708229352e-02 2.6422629149e-02 6.7576944476e-03 -4.6177024160e-02 7.1585195124e-02 1.2821613252e-02 2.4660604287e-02 -1.8415195222e-02 -1.2281177370e-02 7.4492058425e-02 6.2255870114e-02 8.0442834527e-02 -3.6241236688e-02 1.6150759242e-02 -5.2874790143e-02 2.4922731504e-02 8.7455155991e-02
-6.4998636260e-02 3.5862413365e-02 5.2006343482e-02 8.4380204267e-03 1.2411853502e-02 9.7960424285e-02 -2.8712431172e-02 -4.0420091288e-02 -3.1126795626e-02 1.1729064918e-02 2.4599033065e-02 -3.9904957828e-02 5.7252201915e-02 6.4227597342e-02 -9.5992933207e-02 2.0283406657e-03 -3.9459774370e-02 2.6158688980e-03 -3.6317126174e-02 -2.3560309366e-02 -2.0595119326e-02 1.2058811327e-01 3.6737864250e-02 -1.1009475750e-02 1.8750925973e-02 7.1906870729e-02 -5.0758580473e-02 -2.1343336355e-02 -6.9724247823e-03 3.4832229485e-03 5.9881836500e-04 3.9064261579e-02 -4.1439251100e-02 2.8962210830e-02 -1.7159751029e-02 3.3882304295e-02 1.0274228558e-01 4.7758112648e-02 1.1004460299e-01 -4.2024347944e-02 7.5454358396e-03 -2.8748653028e-02 -2.0276609766e-02 -2.3174685249e-03 4.2370065146e-02 1.6195546661e-02 -1.3039307775e-02 -6.2943256650e-03 -3.9631662649e-02 3.4437403663e-02 -5.2801955229e-02 -2.6455346058e-02 -5.8532288481e-02 8.1752583356e-02 1.9118726930e-02 -3.6884784039e-02 2.8324572176e-03 1.9774393021e-03 -5.9972271329e-02 5.5336272342e-02 -2.1655774660e-02 -6.6416250895e-02 2.4085243220e-02 3.1576799347e-02 1.0339522232e-01
-2.1190118092e-02 4.4840735783e-02 -3.4287939006e-02 -1.2156625197e-02 5.2214293200e-03 5.3106478531e-02 -1.8044326779e-01 6.7380674115e-03 -1.2717038751e-02 2.1030340122e-02 -5.0677179374e-02 -2.9934450491e-03 3.4434411068e-02 7.9975457280e-02 5.5923946158e-02 -1.8465976551e-03 5.0586356503e-02 4.8732635315e-02 4.1240861394e-02 -1.4116708722e-01 -4.3483280188e-02 1.6759634881e-02 -9.1888576749e-03 5.8998035108e-02 4.2394699203e-02 -1.0578067880e-01 -9.2923174359e-03 4.7237492632e-02 4.6836813901e-03 -8.5432156859e-03 -3.9384228687e-02 -3.2296234011e-02 -8.8830389010e-03 4.2470670396e-02 2.2860574996e-02 -1.2105872804e-01 6.6671236025e-02 -1.6679589334e-02 -3.6123825205e-03 3.3762320658e-02 -9.2024765626e-03 4.8324479000e-04 1.0327582991e-02 7.5841925804e-02 -9.6988610797e-03 -5.9808026442e-02 -9.6374142394e-03 -6.1743597602e-02 1.0061988920e-02 2.5731665009e-03 5.1864214719e-03 1.1000142056e-02 -1.4754570764e-02 1.0307521411e-02 -4.8054739628e-02 -1.2157575073e-01 -9.6580278386e-02 -2.1700149250e-02 -5.8986846043e-02 -3.1836049473e-02 -4.1663768623e-03 -1.5989146132e-02 -1.2277536824e-01 -5.2778972118e-02 -1.3662609393e-01
-1.3577717584e-04 -4.7423910299e-06 9.3624958216e-05 -7.9558090097e-05 -1.7365693687e-04 -3.1649419568e-04 -1.9661522114e-04 3.2935232758e-07 -6.5817913703e-04 -3.8981841552e-05 -2.7768961904e-04 2.4135861551e-04 5.1670259219e-04 -4.6497864255e-05 1.1596489197e-03 -1.4873337248e-04 5.1924131803e-05 3.6007691907e-04 9.5608031681e-05 1.7612491506e-05 9.9664504957e-04 -5.2705790733e-04 6.3760120109e-06 2.2377347661e-04 -5.0871906327e-05 -7.6627946102e-06 5.9200201705e-04 -5.4344076714e-04 -8.8727404926e-05 8.8945797532e-05 -8.4338807418e-06 -2.3697619712e-04 2.4388050742e-04 -4.5007831999e-04 -2.3413295859e-04 -1.3028985372e-04 1.2230440579e-04 -1.0389607832e-04 1.7628605971e-04 7.8206851314e-05 -4.2297977208e-05 2.0541650789e-04 3.1533672144e-04 -1.8444626061e-04 4.8377933475e-04 -2.1036412021e-04 -2.6378055489e-04 3.0690732241e-04 -1.8693476816e-04 -2.4853485010e-04 1.1788621743e-04 2.4117651938e-04 -1.6531467854e-04 -3.4274774293e-04 4.6161636263e-04 5.1107587395e-04 1.3881074727e-04 -7.0578654113e-04 -7.9960140942e-04 5.8459302222e-04 2.8115872166e-04 6.1813457042e-05 6.2034558568e-04 7.2823941185e-04 -5.9320847407e-05
6.8180890385e-02 7.6879575833e-02 -3.5497702731e-02 3.8563046814e-02 -5.6920697035e-03 2.4459006030e-02 8.3634983557e-02 3.8012020831e-02 -1.0353663491e-02 5.0486584532e-02 -1.1583145220e-02 -1.3751741610e-02 -5.7279809695e-02 -3.1265168968e-02 -1.9609826731e-02 -1.6064447008e-02 -4.4740620044e-02 -2.8424130731e-02 -4.2079855170e-02 5.8059553260e-02 -7.6459653340e-03 2.4863338471e-02 3.3342289042e-02 4.6704827227e-02 1.7836746118e-03 -4.7129398864e-02 -3.9113818960e-02 4.4392996791e-02 2.8398013488e-02 -3.7454858211e-02 8.3284776860e-02 4.2475667287e-02 6.3001368153e-02 5.4327756155e-02 -1.3923679619e-02 -3.6271983504e-02 -2.8294038144e-02 7.2230925755e-03 2.4934121080e-01 -2.3337470049e-03 3.2978292567e-02 -1.1991671673e-02 -1.0658964876e-02 1.3494722003e-02 2.4134225480e-03 -6.6064290114e-02 3.0356516960e-02 4.8564700419e-02 1.0141509986e-01 -1.4500468414e-02 -2.2621839255e-02 5.2650218737e-02 -5.1373945940e-02 5.1765088913e-02 -7.9977888824e-03 9.8033550837e-02 -5.0219220111e-02 5.0951212495e-02 5.2682551035e-02 -7.9951689054e-02 -3.7348260440e-02 -4.7138230922e-02 -2.2869700389e-02 1.0029676713e-03 5.1254945686e-04
3.7552993818e-02 -3.8186350483e-02 5.6481157814e-02 -5.7583654718e-02 1.9029023780e-02 7.6448297564e-03 -1.8152102100e-01 -9.5043986793e-02 -5.6430181666e-03 -2.8299805745e-02 -1.6397240135e-02 -4.2103706845e-02 -6.8686107086e-02 -3.9148870355e-02 2.0823296839e-03 -3.7426218840e-02 1.7185015888e-03 -3.0042550260e-02 8.3051168771e-02 -3.1507966692e-02 -2.5799944550e-02 1.8148909145e-03 -6.1036596561e-02 -1.8750667329e-02 1.1236063749e-02 2.8617707779e-02 1.3043458532e-02 -9.1206538932e-03 6.0048156744e-02 3.9544374268e-02 5.2825053012e-02 1.2564089685e-02 3.0460518634e-02 -1.2707087050e-01 5.9098525486e-02 -7.3761535674e-02 7.6058991315e-02 3.7852313081e-02 1.5988137861e-01 -5.3893197833e-02 1.0840653839e-03 -2.9118836820e-02 -3.9073448806e-03 4.7728285970e-02 2.5566164523e-02 4.9558375286e-02 3.2720377835e-02 -4.2581105314e-02 8.7248892293e-02 2.4914917559e-02 -2.1610828304e-02 -1.3052480163e-02 8.0136516082e-03 -2.7358344100e-02 -2.8838761555e-02 -5.8948616670e-03 7.7772597627e-02 8.6672988078e-02 -2.6769613712e-02 8.9986062488e-03 -2.5184424808e-02 1.5389824575e-02 -4.0135819003e-02 -2.2523141593e-03 -4.9747636742e-02
1.8220665147e-02 -2.5023728163e-02 5.5405554181e-04 -1.8288841786e-02 2.3246772564e-02 -2.2580452651e-02 -4.7622788297e-03 -3.4794641168e-02 -3.0309776048e-02 4.4009898174e-02 -8.6967007171e-02 -3.2829561487e-02 4.3214127393e-02 1.5851036692e-02 -2.8734553382e-02 4.1476786585e-02 2.1999223605e-02 -3.0114359426e-02 7.6173749024e-02 -1.2982778592e-03 -3.8893784362e-02 2.4609010434e-02 4.9129972163e-04 3.3465027393e-02 -4.1574832208e-02 1.1070300189e-02 3.9345473167e-02 -4.2866088244e-03 8.0469592538e-02 -8.7826068308e-03 -6.5650803056e-02 6.7209150960e-02 6.0613549633e-02 -8.6767280193e-02 -2.8329746633e-02 -4.2483883753e-02 5.4003101942e-03 -3.6275083025e-02 -1.0014581138e-01 1.3201550011e-02 -4.3827926813e-03 7.4589912708e-02 -1.2189849668e-01 -5.9440223680e-02 1.8677216816e-02 1.1320816336e-02 -1.7796786801e-02 8.9596027342e-02 -4.3733052218e-03 -2.5344734510e-02 9.0644288713e-02 1.5593988680e-02 -2.1211315210e-02 4.6286885362e-02 -7.1802928360e-02 -4.4842698019e-03 -6.4890218416e-02 3.9786027397e-02 -2.3958933728e-02 -1.0532026105e-03 2.3193507787e-02 1.7443257620e-02 4.4584385054e-02 -2.7469215127e-03 3.8377843246e-02
9.8134735668e-03 -1.4871617413e-02 -5.8475131659e-02 3.4913693634e-03 -9.5159265484e-02 6.1273916335e-02 6.0108582640e-02 6.6665988796e-02 5.4027629045e-02 -8.2883123510e-02 -2.8553705267e-01 -5.1489759351e-02 -1.5816359217e-02 -1.6561569583e-03 4.6324190058e-02 -8.9335733157e-02 -6.2062917090e-02 2.8469081845e-02 1.6531470742e-02 -8.3786075583e-02 -2.0401223866e-02 5.7269656690e-02 -2.0621986994e-02 4.9879289494e-03 8.7040399268e-03 -1.8516833261e-03 1.6487432827e-03 -4.0931729030e-02 7.5475706041e-02 8.9952093572e-02 -1.1533520120e-02 -1.0063390954e-02 5.7458151123e-02 -3.4944286069e-02 4.8064803611e-02 2.7565691921e-02 -4.0590287890e-02 1.2777612161e-02 -2.4611433626e-03 1.3031011743e-02 -5.5442891969e-02 3.3541580126e-03 -3.6686763760e-02 1.8327999614e-02 -3.0169785593e-02 2.0977810940e-02 5.7418755130e-02 3.9021874244e-02 -1.0402867882e-01 6.5723959557e-03 4.3173177752e-02 -2.9331896491e-02 -5.9472321399e-02 8.5719973534e-02 -1.0031204595e-03 -1.1308344528e-01 4.3929783471e-02 -6.4536372779e-02 3.3706911377e-02 -2.8369184459e-02 -7.2404756042e-02 -9.3988662903e-02 3.7034766570e-04 -3.6109616842e-03 4.0582723992e-02
3.2559626439e-04 6.1508042846e-05 -8.3433428425e-05 2.1139226110e-04 1.3880012170e-04 -3.8416334568e-04 -7.4443449348e-04 -7.2583724990e-04 -1.0976558226e-04 3.7394940852e-04 -7.5537191967e-04 4.0562464457e-04 -5.8612129577e-04 2.7164175977e-04 6.2305768209e-04 -5.9880021646e-04 -4.5441325403e-04 2.6284710318e-06 -5.8105437439e-04 -5.8991628747e-04 1.1156411439e-03 -2.4295612076e-04 -6.7014928961e-04 3.8202561055e-04 -2.7658223250e-04 2.7646325528e-04 -3.6774963236e-04 -4.4506617282e-04 -1.5081534944e-04 4.6447695700e-05 -9.6182280752e-04 6.3100939094e-04 3.0064706287e-04 -5.2122046504e-05 2.8709537902e-05 3.8622857835e-04 -1.9501390913e-04 -4.6037277156e-04 6.3083937525e-06 7.7612686145e-04 -6.7618282487e-04 -4.8668383267e-04 3.6755529681e-04 -4.0411190167e-04 2.7338467663e-04 2.2295267484e-04 2.0017411383e-04 -7.2617906211e-04 4.9028159674e-04 -2.7872721407e-05 -5.8682742188e-04 1.1409661331e-03 -6.9088380507e-04 -9.0762202126e-04 -1.5901738618e-04 4.2204763401e-04 -2.9794795702e-04 1.7284313663e-04 1.7388345511e-04 8.4146927486e-04 -5.6389166636e-04 1.7952943823e-05 1.4491054262e-04 -1.7578983135e-04 7.9536321268e-05
3.1708312830e-02 -7.8731990828e-03 5.9515214836e-02 7.1426327770e-02 -1.9765275463e-02 1.3175787971e-03 -4.9798412099e-02 -5.1647944010e-02 -7.3196756431e-02 -1.3214026478e-03 2.4407008686e-02 -5.7161389959e-02 -4.4618175756e-02 3.9419152479e-02 1.6683809678e-02 7.5749863814e-03 -5.3947672355e-02 4.9410440935e-02 -3.1121958602e-02 4.7343857561e-02 1.0840789814e-01 -5.3847052072e-02 2.8979868972e-03 -2.3378040747e-02 2.6369730792e-02 4.8587316627e-02 -5.4434283831e-02 1.0385585700e-01 -1.4181627421e-02 4.9939208177e-04 7.1033752717e-03 2.9741760495e-02 1.1942837048e-02 3.8176119203e-02 3.8451674523e-02 6.5345940250e-02 -2.9636345834e-02 -4.7860358280e-03 -2.1252980146e-02 5.5093259937e-02 -3.6818305209e-02 2.1101046971e-02 -1.3375300868e-02 3.6810627413e-02 -2.2717558732e-02 9.4758566477e-02 -9.3457430815e-02 -4.5040508487e-03 -3.5608029651e-02 -1.1119471910e-02 4.8899738465e-02 4.2146219107e-02 -3.6350736306e-02 1.4887134305e-02 -5.7755029250e-02 -4.3024017638e-02 2.1117597438e-02 3.0191295627e-03 -4.2592958840e-03 -5.3230493671e-02 7.2780875052e-02 -5.0288776986e-02 -2.3255797044e-02 1.1335019105e-01 3.8224495765e-02
