-2.9513752891e-03 5.0290688617e-02 2.3132545130e-03 2.1569366157e-02 -6.2119789055e-02 1.5105596362e-02 7.6666890365e-03 -4.5640711084e-02 3.7533387891e-02 1.8390670119e-03 -1.9830979897e-01 -4.5996040777e-02 -1.1537824410e-02 -7.6207890171e-02 5.4318676939e-03 -4.2554370305e-03 1.6368565357e-01 -1.8650633729e-02 5.1922826440e-03 -1.3495498848e-02 -9.4022158444e-02 4.5233188165e-02 -4.0746343454e-02 4.2332679133e-02 -4.1527247687e-02 4.4087392813e-02 7.9626487209e-03 -5.8486097270e-02 -1.1333468625e-02 -5.1328094395e-02 -7.1410002162e-02 1.1518954811e-02 2.0110644049e-02 -7.3745807016e-02 5.7672644334e-02 6.0759354842e-02 3.3276229376e-02 -1.9772014138e-02 -4.4313257844e-02 -1.0951343579e-02 3.1602159385e-03 4.5511399678e-03 5.3113392839e-02 -1.7198260896e-02 -2.5374949753e-01 3.7331358012e-02 -1.2571026997e-01 -3.8196003663e-02 -4.0633207929e-02 3.0169043581e-02 -4.9246233804e-02 -4.5579604173e-03 2.3255801908e-03 -1.5432666065e-02 5.9250405341e-02 3.4757539776e-02 2.2147614223e-02 -8.5799580024e-02 -7.6737646839e-03 -2.0048780101e-02 -2.6498619677e-02 -6.0906802170e-02 4.0810232828e-02 7.8895973355e-02 7.1576032056e-02
5.0820295589e-02 -2.9672445527e-02 -2.7799668799e-02 4.6915968242e-02 2.4567563639e-02 3.8879080328e-02 -2.1919690377e-02 -4.3572873992e-02 4.1453112861e-02 -4.3173421160e-02 -2.0868364965e-02 3.4808617431e-02 1.4426224107e-02 -2.1282723357e-02 -5.8237961722e-03 -4.3018507527e-02 -1.3036620093e-01 -5.2221412831e-02 9.8067018507e-02 2.1457774891e-02 7.4134102899e-02 5.0217537290e-02 6.1054829406e-02 8.4809062310e-03 5.1915324422e-02 -2.4195755417e-02 1.7674676756e-02 1.6114612147e-02 -4.0314147533e-03 9.9354575296e-03 -9.7729880249e-02 7.8474326253e-02 -5.0601193365e-02 2.2175869855e-02 -2.4410112877e-02 -3.9364241535e-01 -3.6752330852e-02 5.6915757869e-03 -8.4461338234e-02 1.1792379793e-02 -4.8130491379e-02 -1.0989468747e-02 1.7236988487e-02 3.3579232865e-04 5.4735576637e-03 -1.7550552104e-02 2.4501978067e-02 -1.3406263349e-02 2.3817031287e-03 -1.8068892297e-03 -4.1021627878e-02 4.9365954408e-02 -2.0827557469e-03 7.6015668895e-02 -1.4613552900e-02 -5.5836747382e-02 -3.2602711194e-02 4.8296818124e-02 -8.8871642061e-02 1.0187809243e-02 -3.1782792626e-02 -6.0912822103e-02 -3.7159140240e-02 -5.5014419442e-03 7.1782346798e-02
-5.4199452665e-02 -7.1567197705e-02 -8.9931819037e-02 8.6219784093e-02 1.8912926429e-02 -2.0156620402e-02 -7.3910130831e-03 -6.1887124314e-02 1.8955175762e-02 -7.4141417235e-02 1.4970666598e-01 -1.3248132881e-01 -4.9276287825e-02 -5.1659130078e-02 9.5986566071e-03 -2.9000478076e-02 4.3696431582e-02 -8.5503740928e-04 -5.0679618970e-02 -2.4115208091e-02 -4.4195001023e-02 1.1720173837e-02 5.0287671977e-02 -1.0016252182e-01 -5.6964498693e-02 -3.0871996287e-02 -7.8511124348e-02 -3.6255546704e-02 -1.0322342367e-02 -7.5743114508e-03 -1.4902954694e-02 -2.3081047573e-02 8.4673516086e-03 8.7008754890e-02 2.7832856548e-02 -3.3233771615e-02 5.2493836226e-03 4.8440191236e-02 -5.5944027814e-02 -1.8475196749e-02 5.1836055451e-02 2.9809564391e-02 1.0264281058e-02 -1.8060439979e-03 -5.6301564188e-02 -2.1277303075e-02 -3.8902206241e-02 4.6615415751e-02 -5.6349823235e-02 -2.0414196099e-02 -4.3574843701e-02 5.0827015072e-02 7.6088004992e-03 -4.0934563017e-02 9.0442997263e-03 3.2782644926e-02 1.1483200954e-02 6.4998407372e-02 2.4276376377e-02 -4.2790010195e-02 9.0744036891e-02 3.6092710336e-02 -1.8087256966e-02 -1.9502804495e-02 -3.7021087669e-03
-2.8292418906e-04 4.2611444858e-04 1.8231793841e-04 -5.1406563858e-04 -2.7737472396e-04 -2.4275395819e-04 5.2508754269e-04 3.1752866525e-04 -5.1714700684e-04 1.2858369167e-04 -2.6467991829e-04 -3.1533709652e-04 -3.2843900184e-04 5.9599176648e-04 -1.3116154023e-04 -2.1547616175e-05 5.9485595517e-04 6.7043976053e-04 9.1684962819e-05 8.1395625602e-04 5.3951204118e-04 8.6027298684e-05 -4.3753976026e-04 2.8716539153e-04 2.8443342948e-05 -6.8269516967e-05 -1.7362157618e-04 1.9513754841e-04 -9.7725272370e-04 8.2630249533e-05 -3.9997819673e-04 2.7170941090e-04 -2.0777832714e-04 2.8544585749e-04 3.4004137928e-04 8.3333175386e-05 -9.8130414110e-04 -1.7138097043e-05 4.9489532391e-04 2.0100166015e-04 1.3931334332e-04 -3.8992262801e-04 4.4757315074e-04 -3.0107363203e-04 -3.7479782146e-04 -2.8942713741e-04 -2.8743411514e-05 2.4680447438e-04 -9.9425587427e-05 -3.9655543332e-04 -1.5075250811e-04 -2.5301343393e-04 1.6470536029e-04 3.8515818347e-04 -3.6949000244e-04 9.9527505049e-04 7.6745361660e-06 -5.6703703965e-04 -5.7844226826e-04 5.3889407297e-04 -9.5789345293e-04 -3.7106661169e-04 7.4495395195e-04 3.6994178544e-07 2.3395576462e-04
-5.7233398512e-02 2.8607402556e-02 -2.6584467791e-03 -1.8605413189e-02 9.7200604205e-04 -5.5949250892e-02 -2.3401315520e-02 3.3892325283e-03 5.3588282799e-02 -7.2517163768e-03 -7.4582501222e-02 1.0709480658e-02 2.6088600639e-02 1.1458962800e-02 3.5470720537e-02 -2.7409087761e-02 7.3275660796e-02 -1.9891138907e-02 3.8067434925e-03 -3.5922207672e-02 -1.4112067977e-02 1.1155764216e-02 1.5331624602e-02 -6.8177399146e-02 8.5054315968e-02 -2.6501301436e-02 1.3282736154e-04 -3.3588539188e-02 -6.4570761654e-03 3.8539829500e-02 1.6075964806e-02 8.2604635710e-02 6.8954851208e-02 -1.8849527421e-02 1.0160584013e-01 -6.5002581411e-04 5.1240321096e-02 -3.3191228477e-02 1.1324683615e-02 -3.1202543082e-02 -1.2793661835e-02 4.8254086308e-02 7.3323683451e-02 2.6665406764e-02 -3.9300197246e-02 -4.9955453389e-02 2.8465844334e-02 -1.0713653048e-02 -2.9444449368e-02 1.5290916294e-03 -7.0578802135e-02 -5.0893757107e-02 -2.0509154162e-02 1.0062309012e-02 -3.7011812965e-02 -1.5161984964e-02 6.1228882140e-02 1.4812901694e-01 3.5221565411e-02 5.0771708996e-02 1.1135659431e-01 -2.1464693589e-02 8.3536001980e-03 7.3258519711e-02 -4.0451481263e-02
-3.9541127750e-04 4.0604546528e-04 1.8651598517e-04 1.3704573346e-04 1.9563567667e-04 4.6155458125e-04 -3.0230517584e-04 -6.3380000567e-04 1.3282742770e-05 -2.9290215106e-04 -3.0696776668e-04 3.1871506538e-04 -2.0607928542e-05 8.1667080286e-04 -6.2443848221e-05 9.7988466069e-05 -7.7823287740e-04 -1.3451252332e-04 3.0515747101e-04 3.3039531372e-04 -3.0237848684e-04 3.6354446046e-04 7.3436739116e-04 6.4939611005e-04 2.0441520299e-04 -7.3199713215e-05 -3.6812766972e-05 7.7140350099e-04 3.8742859218e-04 1.8197737095e-05 5.8590094209e-04 3.0395109398e-04 -4.1056426682e-04 -9.3559509996e-05 1.4963399683e-04 5.0314432606e-04 -3.8420573964e-04 -2.2475221568e-04 -8.1976938581e-04 5.6671917849e-04 -4.4863170524e-04 -1.8676224343e-05 -1.5992447965e-05 3.0073889443e-05 -6.3335467834e-04 -7.2337574588e-04 -7.0918229921e-06 -1.4220473720e-04 2.4111888570e-04 -7.5947312409e-05 -1.0681397557e-04 -5.8626376928e-04 7.4065037074e-05 7.4982167962e-05 4.2174565845e-04 9.3781309761e-05 9.8899055621e-04 -2.2322550415e-04 9.8853845931e-04 4.6125592069e-04 1.5853754865e-05 -2.7696835064e-04 -6.0284508372e-04 -9.2682874534e-05 -3.3133114401e-04
-5.2442469021e-04 2.5520227638e-04 2.5521834951e-04 -4.5641516319e-05 9.3916955172e-06 -2.0299071489e-04 -1.0520426463e-04 -8.4264434654e-04 -7.5847229961e-04 3.0113992876e-04 -5.1223524415e-04 8.4329115995e-05 8.9136481464e-04 -1.1458801662e-04 3.7384081447e-05 3.8043838045e-05 3.5716156966e-04 -1.6499353837e-04 -8.3646852054e-04 -1.8598763784e-05 -3.2602725854e-04 2.3590415755e-05 -5.2734749635e-04 -4.2331749831e-04 -3.0157870322e-04 4.1133943533e-04 5.3532108170e-04 -7.9316040673e-04 -2.1566089423e-04 3.2639205381e-04 -3.8204121916e-04 5.6955476261e-04 -4.4028000438e-04 -9.7163346181e-04 1.8131030114e-04 -7.2062274364e-04 -7.0014994964e-04 6.1819026940e-04 -9.2099504396e-04 -3.9747559841e-04 -8.6483995013e-05 -2.4348803208e-04 9.6087699258e-05 9.8563136753e-04 -7.8046869622e-04 -4.2445998993e-04 3.9536223237e-04 3.0993892929e-04 1.1618036624e-04 3.9419153044e-04 -5.0574250274e-04 -2.0089491358e-04 2.7891815078e-04 -1.2239660015e-03 -4.4007801860e-04 3.5140762889e-04 -7.4417370602e-04 2.4107184337e-04 -7.8593303825e-04 -6.2336002871e-04 -6.9602666808e-05 -1.6422042662e-04 8.4777107976e-04 -1.2898937193e-03 1.6240607170e-05
-2.1720343164e-04 8.0303299830e-03 1.3319670662e-02 6.0901834580e-03 8.8818227030e-03 9.7166547835e-03 6.0166426522e-03 7.9906866698e-03 1.3129619654e-02 -1.3994816857e-02 2.9727285093e-03 -3.6955941829e-04 -7.7429429050e-03 -8.8228637245e-03 6.0100668151e-03 9.9154746229e-03 -6.6388766106e-04 8.8171700326e-03 2.7262683610e-03 -8.1170769860e-03 1.2443022932e-02 1.8848802851e-03 -8.8502693178e-03 6.8830241759e-03 -1.4403629563e-02 -2.1310095633e-04 -1.2267412176e-03 -1.4182968771e-02 1.0753382815e-02 1.0367241756e-02 -5.0053910551e-03 -1.3903493113e-02 1.0307122643e-02 1.1013767264e-02 1.2713172070e-02 -2.4912383691e-04 -1.2967525930e-02 -1.8756611813e-03 -6.1414665815e-03 -9.0831849365e-03 7.1404105636e-03 1.6641140687e-03 3.7426553203e-03 6.5199175349e-03 -9.7449726069e-04 -1.1635092741e-02 -8.7395112049e-03 1.1102769019e-02 4.6669813066e-03 1.9120330927e-03 -1.1242846369e-02 4.0423359018e-03 -1.9863718670e-03 8.3612870900e-03 -5.9157739477e-03 -6.5989209227e-03 -1.3977138474e-02 4.3560267381e-03 -1.1173824440e-02 -1.0415769396e-03 -6.9370463454e-03 -3.5725982197e-03 -4.5658182804e-04 5.2165629697e-04 1.0594963814e-02
-7.0558280109e-04 -1.7593657154e-04 4.3603595119e-04 -6.7131747123e-05 4.2931518954e-04 -2.1551342765e-05 7.3564864163e-05 -8.8126884333e-04 5.4453599715e-04 6.9415832650e-04 -1.5634367427e-04 5.4832114800e-04 -7.0149980121e-05 1.0786562719e-04 -1.6368111984e-05 -7.6331959165e-04 4.3880974891e-04 -3.2908526547e-05 2.7698220504e-04 3.6971503052e-04 4.3224060029e-04 -5.5090455025e-04 -7.6232591744e-04 1.0857972446e-04 1.2110083655e-04 1.3059184443e-04 4.3911435077e-04 -5.7176019824e-04 -4.8551915426e-04 -2.1573065430e-04 1.0361680935e-04 8.5696814028e-05 -5.8929668918e-04 4.2219314268e-04 -2.6636897630e-04 1.8842666541e-04 -4.9255168697e-05 4.6114658934e-04 3.6677104976e-04 4.7261257831e-04 -1.8368889157e-04 -2.3989726774e-04 -3.0166756492e-05 -1.3749335414e-04 -3.0173498645e-04 7.3541973824e-04 -4.5722383661e-05 -5.3011394499e-04 -2.5857598181e-05 3.1997104615e-04 -6.4465296539e-05 -5.1436737112e-04 -7.6793555161e-04 -2.9703399355e-04 -3.7078631360e-04 -7.8279397493e-04 -5.4577834873e-04 1.1722363067e-04 -3.1118009867e-04 -1.0296507237e-04 3.5960224201e-04 1.2188306242e-04 1.0266290171e-04 -3.1675121866e-04 -3.0022887576e-04
-4.4732089364e-02 -1.2529243779e-02 -1.1296998823e-02 -1.0605679796e-02 -3.2193177987e-02 -2.6678474582e-02 -2.3328624056e-02 -8.1514371287e-02 -4.0087208812e-02 -2.5840089540e-02 4.2920346972e-02 6.6492112159e-02 1.8077310279e-02 -7.1380500030e-02 -9.2006357653e-02 4.7269038920e-02 3.8107006588e-03 6.6722901506e-02 -9.7472608394e-02 -6.3946471313e-02 -5.8639689760e-03 1.0146603718e-01 5.9733991385e-02 2.3006569532e-02 2.8330014837e-02 1.3870974132e-01 -8.2073138552e-02 -1.4550599789e-02 -3.5223372771e-02 5.2981626300e-03 2.2926087569e-02 1.3144696652e-02 1.2191501877e-01 9.9632754163e-02 -8.1095758869e-03 8.5781916955e-02 1.9908392799e-02 -6.0706077241e-02 4.1210205792e-02 5.3700309892e-02 -2.7630386999e-03 3.5848497664e-02 1.6880324235e-02 5.2760705887e-03 9.2879616008e-02 -7.3862525639e-02 -2.3373791154e-02 -2.2746252044e-02 -6.2951737990e-02 6.9919325528e-02 -1.3302249133e-02 -1.8181618598e-02 3.8150161367e-02 1.8345451651e-02 -2.3653104294e-01 -1.4543886234e-02 -4.4186367436e-02 8.8764508693e-05 -2.3528713951e-02 -3.3689053838e-02 6.3174103392e-02 3.9756047533e-02 -1.0615516327e-02 -5.6989672838e-02 -2.8060100344e-02
-3.0222633971e-02 -8.7197294526e-02 -3.8984281260e-02 2.1609822560e-03 -5.2775465367e-02 -1.0407225357e-01 5.4619656543e-03 -6.9526221658e-02 4.8398579188e-02 1.7645447932e-01 -5.8522775720e-02 -3.6036452629e-01 -4.7093859999e-02 5.7255301338e-02 -5.1927435539e-02 1.0136124416e-02 -1.0524177440e-01 -3.6855107482e-02 -7.1334352238e-02 8.7513392378e-02 -1.0251043996e-01 3.4193175344e-02 1.5903894650e-03 -6.3428237645e-02 6.2741157247e-02 2.0591146469e-01 6.8306472199e-03 -6.0236448525e-03 -4.0810135083e-02 -3.9942533238e-02 -1.2306892839e-02 -1.5597992005e-02 -1.2773972604e-01 -9.0010184940e-02 3.9089816911e-02 2.7115746092e-01 1.0546830471e-02 9.1008802334e-02 4.1348840950e-02 -5.3325443782e-04 -3.3039843378e-02 -5.5396246313e-02 -9.6733277980e-03 1.8161526700e-02 -2.2827804142e-01 4.3741586972e-02 -8.4539597811e-02 1.2081076719e-02 -4.0990989628e-02 3.8654951265e-02 -2.2856066967e-02 -2.8518535510e-02 4.6078089386e-02 -2.3476422227e-02 -1.4202190247e-02 5.0431479551e-02 2.1713122287e-02 -7.7881838592e-02 -1.9011464107e-02 -7.8214376276e-04 -6.4561142376e-02 -1.4095910408e-01 2.0802424406e-03 -1.0344628751e-01 1.1344333859e-01
-7.2143929800e-03 -4.0604404237e-02 -8.5540443623e-02 -1.5018923294e-02 9.6315141794e-02 -3.1883284322e-02 4.2217757351e-02 -6.1035178725e-02 1.2136254482e-02 1.5216387817e-01 4.0797752248e-02 -3.2288888788e-02 7.4954398714e-03 6.0803674536e-02 -3.6456399815e-02 6.1564022554e-02 5.0179641903e-01 4.8179625062e-02 -1.8326433831e-02 1.1842425317e-02 2.2959575393e-02 2.3511982890e-02 1.5945353985e-02 7.8866645609e-02 1.1004115484e-02 9.4240449153e-02 1.2764905119e-02 -1.0994321619e-02 -3.8916136716e-02 -7.3916442425e-02 -4.0048339327e-02 1.1760021985e-02 -1.2859225186e-01 3.8413815211e-02 -3.7171417204e-03 -3.4875531251e-02 4.2559608661e-02 -1.1418564017e-02 1.7341070846e-03 9.2831000278e-03 -9.2462667703e-04 -5.1523101389e-02 5.9061294547e-02 -1.7497496684e-02 1.0896364928e-01 -8.9556524524e-03 -7.7685877311e-02 -4.0168629338e-02 -4.7708405476e-02 5.5588685172e-02 3.3104352843e-02 4.4608195851e-02 4.2826984522e-02 -3.7488668861e-02 2.6560665847e-02 -1.4656985633e-02 5.0259900086e-03 4.7763027103e-03 3.3054670668e-02 -2.8743100030e-02 -9.0449182878e-02 -3.3927269535e-02 5.1860039057e-03 -7.4763945531e-03 8.2575777630e-02
1.5043036043e-02 1.3409955817e-02 1.3713612145e-02 8.0307432760e-03 1.1710169375e-02 8.7076743904e-03 -4.0626368093e-03 8.9214391200e-03 -7.9293236253e-03 -1.0922784608e-02 8.9895010961e-03 -1.9625845333e-02 8.1196637170e-04 -1.3580219632e-02 3.7895311530e-03 -4.4381078437e-03 7.0537284984e-04 -1.4657466057e-02 -8.7488556759e-03 -5.6626605507e-03 4.8144853096e-03 -1.6075243350e-02 4.9729241849e-03 -1.0629986712e-02 -4.6357952561e-03 -2.5752518673e-02 1.3876115911e-02 -1.2871547127e-02 1.6512369966e-02 9.0933478785e-03 4.9973107555e-03 9.7637514459e-03 3.1801796058e-03 -3.6237850347e-03 1.5493563281e-02 1.1043473097e-02 1.2238174577e-02 -1.4221278621e-02 1.7715997620e-02 -1.4413593390e-02 -1.8075635437e-02 8.2368246728e-03 1.0674701924e-02 1.8871615866e-02 1.5526386377e-02 2.4367447489e-03 -1.4150346733e-02 -2.8031323775e-03 1.5184682240e-02 -6.2974232178e-03 7.1174697536e-03 2.5834420703e-02 -6.0659172583e-03 -1.4124806877e-02 -1.6466381309e-02 1.7100688799e-03 -5.9856818802e-03 1.4827847433e-02 1.0723469689e-02 -1.9572065157e-02 -6.4195222874e-03 -1.9798433563e-02 -4.5348069170e-03 3.0224297794e-03 6.1874619416e-03
3.0373282307e-04 -9.6910799024e-05 9.9706074469e-05 -7.6131818821e-05 -1.9802445641e-04 -3.6498843203e-04 -1.4955010934e-04 4.2510580063e-04 -3.6968469792e-04 -3.6879439782e-04 1.3368108908e-04 -4.4029039034e-04 -2.6357585117e-04 -4.6237206949e-04 -1.1984112501e-04 -2.0582400845e-04 -2.8561402562e-04 3.5910910175e-04 5.5163783789e-04 4.6466606858e-04 -9.5583006928e-04 -6.3709619719e-05 -3.8866163689e-04 3.2573967273e-04 -4.3189647163e-05 3.8086262272e-04 1.1622248107e-04 6.8811713177e-04 1.0872127222e-04 -2.6061715189e-04 3.8670362582e-04 -6.0657576324e-04 1.2718666642e-05 1.1322640779e-04 -8.7060606034e-04 7.7898362593e-04 1.6930136714e-05 3.8346974902e-05 -4.9294639140e-04 -4.7561935708e-04 -1.1082626369e-04 -3.1112569022e-04 1.2471059115e-03 -3.9233563063e-04 -1.7455462048e-04 2.4347806764e-04 3.7757315710e-05 -9.7657144047e-05 -4.6417147826e-04 -4.9130676974e-04 1.0126862723e-04 -4.9380731582e-04 -3.0469155014e-04 4.8809811650e-05 -1.9849891099e-04 8.7441635896e-05 -4.5422802491e-04 -1.5001497412e-04 -3.0347492846e-04 9.2021908404e-05 -3.4266639504e-04 -1.4378765165e-04 3.8274069141e-04 2.3191497718e-04 1.2193966024e-04
-7.9357840666e-02 -1.8428137782e-02 1.6527503795e-02 -1.4804690490e-02 1.2780023270e-02 7.2283561071e-02 -5.7798663992e-02 9.3308739409e-03 7.6075293691e-02 -7.4057483806e-02 7.4130262335e-03 4.1789596479e-02 -9.5325423869e-02 -2.6715648195e-02 -3.8298841612e-02 -5.3331771580e-02 8.2431752494e-02 2.5579383730e-02 5.6174546998e-02 -9.8687692051e-02 6.7521773891e-02 -1.3169072369e-01 -5.2347427260e-02 -1.0642268442e-02 1.9598074046e-02 3.3634355117e-02 -8.2211632365e-03 6.9317086088e-02 -2.6919083802e-02 -3.5791439522e-02 -2.7616849886e-02 1.6186386393e-02 6.7292130013e-02 -4.8652187445e-02 -1.6009564324e-02 -1.1938825892e-01 -7.3580748774e-03 -3.1438628086e-02 6.3829732529e-02 5.7846669807e-03 1.6999735665e-02 -3.6381768179e-02 -4.0111902072e-02 1.4897882725e-02 -1.9986596026e-01 2.5393686672e-02 -3.1948768322e-02 -2.3325383440e-02 -4.1679400839e-02 4.9593562357e-03 -3.2602816054e-02 2.5062347205e-02 2.1467208101e-02 2.9757281759e-02 5.6603523990e-03 2.6562998669e-02 1.2289479480e-02 -8.9685401196e-02 2.8802770974e-02 3.4964092279e-02 5.5743808583e-02 -6.3566530147e-02 -3.7775279586e-04 -3.5775396224e-02 -5.8549697217e-02
1.3733000505e-02 3.5653521361e-02 2.0921330652e-02 5.1295010240e-02 -2.8548628568e-02 -7.2292119720e-02 1.1375500744e-03 -3.6389264851e-02 9.8520925864e-02 -5.8358893630e-02 -5.7733992289e-02 -2.0562365348e-02 4.6462648396e-02 5.4876807892e-03 -4.1730235039e-02 4.2876558129e-02 2.9921448967e-02 2.3354292353e-02 2.1937909976e-02 -3.6046468036e-02 -4.4232538476e-02 1.9997285606e-02 4.2216952102e-02 1.3945420265e-02 2.9062672851e-02 1.2101526742e-02 4.1901761533e-03 -1.6511014260e-02 5.1373427917e-02 9.3244649452e-02 7.6139668054e-02 1.9658092023e-02 -6.9895511116e-02 4.8582668820e-02 -9.1028104055e-02 -1.1104119847e-01 -1.1502903514e-02 2.1534087692e-02 4.5410357232e-02 -6.0621789866e-02 -3.0738065784e-03 -2.6160923773e-02 1.0629252461e-02 1.8182197312e-02 -2.0027110040e-01 7.5218987850e-02 2.9939500730e-03 -3.7502017867e-02 2.3216979182e-02 -1.3490857313e-03 -3.7125329000e-02 7.5354872080e-03 -2.5030565991e-02 -3.0124146965e-02 -8.8892569118e-03 4.1365539753e-02 -8.5755348290e-02 -5.1539504637e-02 -4.2543600172e-03 -6.2115659490e-03 6.3936875832e-02 -6.9822433459e-02 5.2974186215e-02 1.4383214789e-02 -7.7725293244e-02
-9.7928430080e-05 6.2116646978e-04 -4.6085638039e-04 -6.9880779606e-04 -1.4873239560e-03 7.7538290684e-04 -5.7233920111e-04 4.4030393183e-04 -8.6157986653e-04 -4.5332672029e-04 6.1271675084e-04 -4.3298978875e-04 3.7555179986e-04 1.4668158076e-05 9.9188193316e-05 -2.0448278992e-04 1.9334219857e-04 -1.6937237951e-04 -1.4085696028e-03 -9.2638242821e-04 2.8974626699e-04 4.1554058972e-04 3.3255715223e-04 4.8020627041e-04 -1.9769002455e-04 -1.5401633338e-04 -6.5849187246e-04 6.9020951564e-04 -9.1714736733e-04 5.7782457694e-04 -5.1287938062e-04 -2.6571968997e-04 -6.2711031619e-04 1.6022496868e-05 -2.4697845038e-04 -3.4004084301e-04 1.1238208691e-04 1.8070898438e-04 -2.2865339216e-05 5.9259831650e-05 -5.1211988049e-04 -4.0611702873e-05 5.1190745658e-04 3.0927939794e-04 -7.0552804774e-04 2.7978078541e-04 9.4759597965e-04 -2.6219961351e-04 -4.5965702409e-04 -5.8678551730e-04 2.1877773030e-05 1.4176181253e-04 2.9042555553e-04 6.4497565631e-05 -2.6822977025e-04 2.0712831805e-04 1.5526570431e-04 -9.0243685328e-04 -4.6691989375e-04 4.7574739802e-04 1.1951272509e-04 -7.7266833950e-04 -3.6757691298e-05 5.0312073728e-04 3.3100557555e-04
-3.6813175988e-02 2.5544217190e-02 1.9258639535e-02 -1.7185776504e-04 4.4111063591e-02 -1.3884270778e-02 -6.0413859867e-02 2.3042307022e-02 3.6565648458e-02 4.6676088994e-02 3.2145785564e-02 -6.6029170943e-03 -5.5576887043e-03 -1.2345453481e-02 -2.5162740542e-02 3.8395525978e-02 -5.6967570551e-02 2.5693109376e-02 -2.8455083853e-02 -4.9017490893e-02 -2.6312549778e-02 -2.0545041092e-01 -2.8463205079e-02 -2.5528241519e-02 -9.8331158755e-03 1.2077141088e-01 -9.1065930174e-02 -1.5025116335e-02 1.2669575679e-02 -9.0315513016e-03 -4.9723195967e-02 -1.4476138500e-02 4.2435128405e-03 -5.3715763307e-02 -2.4747873877e-02 -6.4467875829e-02 3.3081742841e-02 7.8105623282e-03 -7.8372173600e-02 -6.4380156339e-02 3.6661813233e-02 5.5341140333e-03 -2.0892761227e-02 -3.3335561931e-02 1.3297841827e-02 -1.0147070155e-02 6.0007230306e-02 1.9059990654e-02 4.8098088037e-02 -3.8780866498e-04 -8.4468000332e-02 1.0883255908e-01 1.7377713800e-02 -2.0505198913e-01 2.6524825145e-02 -4.1063475902e-02 3.7293945857e-02 -1.7717934423e-02 -4.0075555116e-02 -4.9457533675e-02 -2.8509019216e-03 2.9336375670e-02 -1.7523018168e-02 1.9375227576e-03 4.2658931795e-03
-4.3510224898e-04 -9.2873470225e-05 4.0155610112e-04 5.7228079051e-04 -3.0898992138e-04 6.0996614717e-04 -2.3914202207e-04 -3.4580636732e-04 -2.1349281578e-05 3.6632076869e-04 -2.6635321389e-04 3.2887458279e-04 -2.3699993063e-04 1.0684328001e-03 -4.6989521152e-05 4.6022153957e-04 3.3297019603e-04 -6.6959030956e-04 -2.3438326748e-04 3.2033964999e-04 5.1891916473e-04 -2.0260103177e-04 3.5274013755e-04 6.8187830364e-04 -3.0207902034e-04 5.7146907827e-04 -2.3229842886e-04 -2.8388417226e-04 1.1808494682e-04 3.1713272662e-06 -4.3210108675e-04 -8.2905253998e-04 4.4607043108e-04 1.0850551465e-03 1.1985134853e-04 -1.1693452241e-03 7.4188679929e-04 3.0322482552e-04 6.4849371246e-04 1.6222580650e-04 -1.2802743120e-03 -2.4477721262e-04 -7.9059000655e-05 -4.0765179068e-04 -8.4468875406e-04 1.0299140720e-03 2.3924965659e-04 -2.4750621731e-04 3.7724166302e-04 -6.7107411534e-04 -3.8015100485e-04 -1.1215850255e-04 7.1132452034e-04 -2.3798476070e-04 -3.6296486499e-04 -6.0674614535e-05 -5.2565122844e-04 3.2760880657e-04 -5.2036240097e-04 -1.0901296935e-03 -5.5298528682e-07 8.7858184263e-04 3.9252907275e-04 -8.6997107281e-04 -1.7827949356e-04
1.0523191914e-02 7.1418697314e-02 6.7611771447e-02 1.6707293109e-02 1.3315221578e-02 -7.8811897357e-03 4.1732881656e-02 -9.5770056198e-02 -4.4977000162e-02 2.6689000463e-02 8.3295866968e-03 8.4642257734e-02 3.1778743896e-02 2.5449209767e-03 2.1029794183e-02 -3.0361767803e-02 -9.9868047120e-03 5.3263117707e-02 -1.3896668906e-02 5.8793217007e-03 3.1600873014e-02 -4.9916581897e-02 4.3670484191e-02 -3.8868500826e-02 -1.4069874331e-02 -6.4867426242e-03 7.0222193191e-02 2.6733898311e-02 -5.3551210360e-02 -2.1774670752e-02 -1.4607591532e-02 5.9434267084e-02 2.0601936792e-02 3.4274673581e-02 3.8887569113e-02 -1.5693657824e-01 8.1039244961e-02 1.1269498721e-02 -1.1245491555e-01 4.0879891201e-02 -1.2373012392e-02 3.9411054611e-03 -6.8577436087e-02 -5.4956394899e-04 5.6638132015e-02 1.5977938405e-02 7.2094622529e-02 5.9008701609e-02 -3.1673384162e-02 1.0813944970e-02 -2.6774787900e-02 -3.1395783267e-02 2.6752605901e-02 -7.4330302713e-02 -2.5861506195e-02 9.1809574712e-02 -2.5862057007e-02 -3.4831857708e-02 1.0446763800e-02 3.1282824895e-02 6.8830121943e-02 -9.2618076272e-02 3.4963298163e-02 4.8910449134e-03 4.2905654465e-02
1.2383334818e-02 1.2182822502e-01 6.6953673926e-03 -9.6340787381e-02 -4.2686525794e-02 -1.5460844205e-01 -4.0717265960e-02 2.7704927770e-02 2.1573651390e-02 1.1300777790e-02 -1.7847937949e-03 -2.8027730880e-02 -6.2664128724e-02 2.9244711769e-02 1.5070713431e-02 -1.1250624043e-02 -1.6396638443e-01 7.0655326370e-02 -1.3188152960e-02 -2.7186452771e-03 1.2324202634e-02 3.5896457381e-02 -5.6919980019e-02 -2.2637074997e-02 -3.9853016046e-02 -2.2752220272e-02 -6.2582001819e-02 -6.7762754980e-03 3.1101903764e-02 2.8134355754e-02 -3.4200216007e-02 4.4967422881e-02 -2.8313945273e-02 1.5569954077e-02 9.4463569019e-03 3.5580969725e-02 -2.6454203745e-02 5.7421201054e-03 7.0338312023e-02 -2.3112850276e-02 1.4554991523e-02 2.7675203154e-03 -2.7987196625e-02 -1.9084940477e-02 -6.2960758294e-02 2.8637753774e-02 3.3297710770e-02 -4.4153408230e-02 -5.7563832400e-02 -3.6582878774e-02 -2.9061708328e-02 -3.2479452833e-02 -4.9475029754e-02 -3.8233022486e-02 2.7160947136e-02 2.5741063374e-02 -1.0595181318e-02 3.7376610633e-02 -1.0900300098e-01 3.6090809424e-02 4.5251747874e-02 1.3871562033e-02 -6.5582256573e-02 -5.6659623442e-02 1.2002672992e-01
3.7209775017e-02 -1.4302704693e-02 -1.1289700643e-02 1.1422783660e-02 -1.4413169843e-02 9.0613462316e-02 2.5918910607e-02 2.5012381491e-02 2.0852551627e-02 3.1649110804e-02 8.9384938544e-03 -1.8176757752e-01 5.0414447024e-02 -6.9513954549e-02 -2.8574748481e-02 4.4057427647e-02 2.2844393749e-01 1.5128529313e-02 -1.4401074945e-02 -5.3884278707e-02 1.8670802221e-02 -1.1174154371e-02 4.4802045607e-02 8.1479487712e-02 -1.0434337411e-02 -1.3960216985e-02 -9.4614472179e-02 4.6586183935e-02 1.8838828700e-02 -2.5364917168e-02 1.9531547725e-02 8.4460731521e-02 3.3983192252e-02 6.1259470587e-03 -3.7162460453e-02 5.4380221977e-02 1.7679262194e-02 -1.0396118844e-02 2.7617018268e-02 -1.3873620558e-02 -3.1237055287e-02 1.5599052022e-02 -2.9660126271e-02 -6.6539885914e-02 -1.0096214887e-01 1.1510847715e-02 3.0998491353e-03 8.7824141208e-02 -5.6089329555e-03 -1.8663638032e-02 -1.6074540453e-02 -6.4678155026e-02 -2.1179299321e-02 -3.9047545174e-02 2.3624112111e-02 -5.7681814487e-03 6.9959503513e-02 -3.3902501057e-02 -9.2430255057e-02 5.0628896891e-02 4.7771158455e-02 9.4029542682e-02 -2.7701294420e-02 9.7438716981e-02 -1.4330262048e-02
7.2087677073e-04 -2.4236873613e-04 1.6860574362e-05 2.4363399444e-04 -9.0125147871e-05 8.3086648860e-04 3.1350200937e-04 2.9040689847e-04 -4.1280557148e-04 2.2979868891e-04 6.5041161201e-04 -4.1523783231e-04 3.2815998290e-04 4.9056374597e-04 -9.3969001552e-05 5.7616770334e-04 -3.4194588529e-04 1.0006348400e-04 3.0071639146e-04 3.0006662417e-04 -2.9401461172e-04 3.0722559515e-04 6.3512574196e-04 -3.0900099457e-04 6.1102983123e-04 1.4635295680e-04 9.7401117962e-04 1.6949329088e-04 3.8387988550e-04 -1.0349100975e-04 -9.5665313310e-04 1.7042903161e-04 1.8746284269e-05 -2.5136786591e-04 3.9678450354e-04 2.6530537366e-04 1.5813078574e-04 -3.7074629918e-05 -2.9453485507e-04 4.3065289243e-04 1.0684180588e-04 2.3026073690e-04 7.1940407113e-04 -4.8119130497e-04 2.9579181749e-04 -3.9413406789e-04 1.1074697806e-04 -8.3153618626e-04 -4.4237686271e-04 -1.8822101408e-05 3.8292523238e-04 -4.4453627569e-04 4.4122962515e-04 -1.1408923479e-03 -2.2299074187e-05 4.4025335282e-04 4.1933977006e-05 2.3169069346e-04 4.6365409999e-04 9.4457866626e-05 8.5060350094e-05 -3.8148859844e-04 1.0499156344e-04 -1.9968570961e-04 -5.4797610945e-05
-7.9304610353e-03 3.9746329859e-02 -5.1917314124e-02 -3.4117909781e-02 4.4694629700e-03 1.0618370334e-01 7.5378676469e-02 -5.7333633396e-02 -1.8512584382e-02 -9.0049567740e-02 1.3804439854e-02 -7.2980376172e-02 -1.6612041863e-02 -5.1385201904e-03 1.2799493102e-02 -3.3022608385e-02 8.1323115707e-02 -9.0944745795e-02 -6.2672308201e-02 -3.2538920880e-03 1.0868096240e-02 -4.7255582525e-02 -6.9020261905e-04 -2.4469830713e-02 1.5578816463e-02 -9.9836194461e-03 5.4924236471e-02 1.6413330574e-02 -2.8570529576e-02 7.5209597749e-03 4.3647899203e-02 -6.7021079942e-03 -6.5401877071e-02 -5.0601251931e-02 -2.2610782558e-02 2.6811955899e-02 2.2751013233e-02 -6.9964314625e-02 6.4783890611e-02 -7.6494621625e-02 4.8368315508e-02 -5.4672934607e-02 1.2525242011e-02 -1.4927652150e-03 8.6700904372e-03 1.3500473689e-03 5.5156355473e-03 1.0088299222e-02 3.1101203962e-02 -5.8198866519e-02 7.1160129970e-02 -1.0904363402e-01 -4.2356566338e-02 -1.0550029401e-02 8.1104288060e-03 -3.5681009226e-02 -2.3019863799e-02 1.4743976170e-02 -1.2986677570e-02 -1.7318161183e-02 -2.0849472948e-03 2.1271122520e-02 9.4609982490e-03 2.1503101668e-02 5.7033212084e-02
-1.2773761436e-04 -4.1600090771e-04 -1.7671942915e-05 2.6212359968e-04 1.3953881280e-04 5.1425193606e-04 5.9769525268e-04 -1.7135641250e-06 2.5751477526e-04 -1.6121818280e-04 2.2769517153e-04 -6.2258746189e-04 9.8442246485e-04 -1.0606572977e-04 -1.2067568382e-04 -5.0511381028e-04 4.1743869677e-05 -1.1814303978e-03 -4.9432547556e-04 1.2420140601e-04 -2.1302648081e-04 -4.1146466814e-05 -6.8274474537e-04 7.7694944790e-05 1.4338236097e-04 3.7064508871e-04 -1.7025288126e-04 4.0772518889e-04 -3.9399143905e-04 -7.7939980478e-04 -2.2435299715e-04 -1.3317665313e-04 -9.5682028614e-04 -2.0006624549e-04 -2.3071747639e-05 2.0133655519e-04 -6.4492173694e-04 -5.0324782285e-04 2.4360122216e-04 3.3703890302e-04 -4.7135071148e-04 -1.6605115469e-04 7.3444091682e-04 -1.2454312337e-04 3.7492628393e-05 3.4449248174e-04 -1.2472717490e-04 -2.3525319125e-04 8.7780558596e-06 4.1619140344e-04 1.1489123115e-04 1.8331413435e-04 -1.5250667760e-04 2.5893244874e-04 -5.0432934566e-04 3.5429327389e-05 -3.0255231275e-04 -6.1622177935e-04 -4.0822079099e-04 -4.7006356497e-04 -1.1878510200e-04 1.1817844743e-04 7.0722224294e-05 2.6556158538e-04 1.2355500706e-05
-9.4844677504e-04 -2.2916253815e-02 4.8423930783e-02 3.7555186503e-02 -9.7139279759e-03 -9.7252774306e-02 -3.9088090802e-02 1.6675029470e-02 6.3078446287e-03 -2.9444993602e-02 6.4617094956e-02 -6.6002507395e-02 -1.6266599344e-02 1.0243904576e-02 3.3474445726e-03 2.8701319441e-03 -2.5657201963e-01 2.9252278741e-02 -1.2152915845e-01 2.3624732790e-02 -9.6550262831e-02 -4.8779970300e-02 -3.2820790629e-02 -4.7251442705e-02 3.6079521962e-02 -4.8377735887e-02 7.9653326604e-03 -4.0671011137e-02 -4.5886391644e-03 8.6676957548e-02 1.7375565031e-02 -1.4585747088e-01 4.9992351920e-02 -8.6402438960e-02 7.6701622247e-03 1.8918036712e-01 -2.1746908547e-02 -1.1967328038e-02 -2.5332443843e-02 -7.8700093699e-03 -6.6796309870e-02 -4.9028445391e-02 3.7307846459e-02 -4.2575890917e-02 -9.3223918269e-02 1.3094881850e-02 5.0134753016e-02 -4.8124023581e-02 -4.8381571484e-02 4.3383292592e-03 -2.7005618579e-02 -6.1366385017e-02 5.2728538792e-02 6.2414578004e-02 -4.3331901269e-03 3.2777940436e-02 -1.3554803174e-03 5.6305428332e-02 7.1944796085e-02 -1.4316436040e-02 4.6503554478e-02 1.9132215869e-02 3.0341601393e-02 8.2681895526e-02 2.8870931831e-02
-5.2511977407e-02 -8.7676111915e-02 -5.7955401044e-03 4.6518722391e-02 5.4376931574e-02 -1.0781534035e-01 -6.8862010684e-02 -3.5251320999e-03 -5.3382334128e-02 2.3081859628e-02 1.8109876060e-02 6.6826136800e-02 -4.8706345960e-02 -5.2346001859e-02 1.0363364946e-01 1.6910922634e-02 8.7462918126e-03 6.5837273505e-02 1.3219642966e-02 -2.3957376528e-02 2.0797911396e-02 -7.4866770572e-03 -4.0669712654e-02 -4.6933258864e-03 5.4550447238e-02 5.8979247102e-02 -2.5035193680e-02 1.8312940565e-03 -7.3408901152e-04 -2.5644259217e-02 1.8108015216e-02 7.6713957945e-02 -8.2879649438e-02 -1.7524735650e-02 2.3427290356e-02 -2.1845894013e-02 -4.8129453406e-03 -8.4386608305e-02 1.1364026952e-02 -8.1615054440e-02 -6.3140488290e-02 9.4050456810e-03 -1.2993359618e-02 -4.8568780264e-02 6.0387368977e-03 1.0602175850e-02 -1.7443363892e-02 2.7575088798e-02 2.8307190752e-02 -2.2863684148e-02 1.4962409224e-02 -6.7435038254e-02 -2.0139608499e-02 -5.6985190819e-02 3.1799148383e-02 1.6138605849e-02 7.6986874994e-03 8.4896978226e-02 9.0509846339e-03 -5.7685914350e-02 -4.9634234936e-02 -7.5360681092e-02 6.5599737421e-02 1.3424909309e-02 -9.2253960515e-03
1.6252588194e-04 -5.1460877282e-05 6.9111133343e-05 2.3285875516e-04 -5.9435041342e-04 1.2142541949e-04 5.7428866593e-04 7.4232034128e-04 -2.9787996257e-04 2.2018245374e-04 2.9352474230e-04 -1.5861650957e-04 2.8336675493e-04 -7.4015624208e-05 -3.5352993040e-05 -8.0125118284e-04 5.4895206053e-05 -6.6542124644e-05 -2.4481965911e-04 -1.7746752471e-04 -4.5134118311e-04 -7.8475217279e-04 8.6843615335e-04 5.7271193015e-04 -4.6485608247e-04 -1.4711654005e-05 8.4116318937e-04 7.2451554316e-04 -2.9312013038e-04 -8.3811714534e-04 -3.2675583858e-04 -5.9321308479e-04 -2.6608058773e-04 -7.0524042344e-04 -2.7465965447e-04 -6.6723397859e-04 -1.8118194283e-05 2.0641726617e-04 -4.3161362149e-04 5.4657187615e-04 -4.5639047567e-04 -2.1068249850e-05 -3.4833724214e-04 2.5737308036e-04 -6.4124110234e-04 1.3240838185e-04 2.8230040279e-04 -8.4949821013e-04 8.4881155151e-04 -7.1976369966e-04 1.4248496274e-04 -6.0683589384e-04 -6.0448328383e-04 2.1458326541e-04 -5.4791410668e-04 2.7526763501e-04 -1.0114576245e-04 -2.7465763004e-04 1.3284092803e-04 3.9387415263e-04 -2.6675730558e-04 4.9254375931e-04 -4.5836871844e-06 1.1855407754e-04 -1.0489875460e-04
-1.0078819344e-02 -2.8626542535e-02 3.8085204831e-02 -9.6089538618e-03 -1.2683030603e-01 -1.8266186725e-01 2.4921726600e-02 4.1561391419e-02 7.2252167666e-03 3.3960646343e-02 -2.8031745678e-02 -3.1237991695e-02 -6.0313667756e-03 -4.8723500819e-02 1.6480763608e-02 -3.6359356797e-02 4.6102821719e-02 2.8364719128e-02 6.2189113463e-02 -4.0178835463e-02 6.0465029343e-02 -1.3421269155e-03 9.7179825980e-02 3.2159271280e-02 -4.1817408324e-02 1.1852158253e-02 3.1658383426e-02 2.6703957966e-02 -2.5969611367e-02 -1.5148192023e-02 -1.2631123943e-02 -1.7441779562e-02 1.0990702268e-01 -7.0773682668e-03 -2.4246850375e-02 -8.1797965556e-02 -1.1900542705e-02 -4.3789522455e-02 -1.3479861158e-01 -2.1715802077e-02 5.5221775990e-02 -4.0957633692e-02 1.1500416961e-02 -2.2432246922e-03 7.1394294482e-02 2.5517521044e-02 -4.6245145002e-02 -6.7096559256e-03 -1.4050224710e-02 -1.2659510990e-01 7.0961015293e-02 2.3475844390e-02 -2.7541328225e-02 -2.6027175042e-02 -1.8770802514e-02 -8.3645643809e-02 -8.1687629286e-03 -5.2327354685e-03 8.1931071464e-02 -3.7177239662e-03 3.7182253204e-02 3.9433272573e-03 -1.2927169944e-02 5.6014643019e-02 -5.3225234135e-03
2.1453555289e-03 -4.5604833233e-02 5.2880359211e-02 -5.3941056633e-02 5.7042688980e-03 1.7762960107e-03 -1.8077463877e-02 -6.2326576188e-02 -2.6494723278e-04 -4.1332625102e-02 -1.6740069409e-02 1.0455250881e-01 7.2609854512e-02 4.2708883400e-02 8.0453604121e-03 6.5086450367e-02 -7.5875420917e-02 4.5944842265e-02 2.8742446183e-02 -2.0525152433e-02 -2.2445649512e-02 -1.4314685043e-02 7.8280830882e-02 -3.8680463947e-02 -6.9334088839e-02 1.3744970207e-02 4.4438523503e-02 3.6214506021e-02 5.2988921044e-02 -6.9276874925e-02 -8.6520786988e-02 -2.8917709728e-02 -2.3569279808e-02 -2.8540157646e-03 -1.1345055556e-02 -4.3963890397e-02 1.6137368293e-02 -5.8347294008e-02 1.2750670129e-01 -3.0831542910e-02 2.6525137164e-02 7.2287428233e-02 3.9039233955e-02 3.4519606400e-02 1.0619382527e-01 3.3624796543e-02 -1.3287517200e-02 -1.1541945785e-04 8.2541090794e-03 1.6175519300e-02 4.2214307230e-02 1.0250509319e-02 1.2852066472e-01 -6.3861594360e-03 -3.7939605951e-02 -2.9646555637e-02 4.9542220424e-02 3.1653134777e-02 -2.4838071342e-02 -2.7421560256e-02 1.2406184954e-03 -1.7817116643e-02 -4.5151825320e-02 -9.8769836913e-03 1.6231573902e-02
2.2298141439e-02 -9.2864561217e-02 3.8085741050e-02 -2.5635629654e-02 5.3578486478e-02 1.8509665189e-03 -4.4961125243e-02 2.1210994360e-02 -1.5387758577e-02 -2.3068247396e-02 9.2315171529e-02 6.4114935835e-02 -6.2042126809e-03 8.9151482449e-03 9.9631617193e-03 -4.5190543783e-03 7.4697489636e-02 5.2442967388e-02 -9.6406212975e-02 -1.4786398647e-02 8.0638316985e-02 5.0624595976e-02 -2.8077132668e-02 1.2147169589e-02 1.7463046608e-02 9.9421755197e-02 7.0102563594e-02 -4.9686829660e-02 -1.8990006399e-02 -8.0342965967e-02 4.1373696790e-02 -3.3266224725e-02 4.4388128860e-02 -2.6289462777e-02 -3.7318598766e-02 -2.5723474962e-02 -1.3715918722e-02 1.0828263091e-01 -1.0184157558e-02 3.2620285308e-03 3.3242361129e-02 9.2950532758e-02 7.1626707333e-02 -2.5349139675e-02 3.2638358607e-02 1.8920040507e-03 3.0647941484e-02 -7.3629528022e-02 -2.3492228776e-02 1.5478523019e-03 5.9516628700e-04 -4.5837552658e-02 2.1706950803e-02 -5.4906839056e-03 4.2269112700e-02 -4.7150672363e-03 -2.7768373406e-02 -3.8390973135e-02 -5.8012359157e-02 -3.2845851295e-03 4.3210476853e-02 -5.0885360517e-02 9.0217182469e-04 1.3047968086e-01 -2.9427103251e-02
-1.4319905638e-02 1.8327387465e-02 3.4949034736e-02 -4.5826133015e-02 1.0236627900e-02 5.1961570881e-02 5.3679635764e-02 2.3770027465e-02 -8.0450730945e-03 -4.6733267739e-02 -6.3092854210e-02 5.7693201204e-02 -1.4810559270e-02 -8.6587172255e-02 -3.2263792767e-02 -2.7323790155e-02 -4.1708997558e-02 4.3994400038e-02 6.4269036644e-02 5.2253925553e-02 1.2448469135e-02 -5.7382448579e-02 3.8510583086e-02 1.5417727445e-02 8.6543359596e-04 -7.4647192182e-03 -6.2881923161e-02 -6.8933514740e-02 2.7446634274e-02 -1.3470984592e-02 4.3187491603e-02 -4.2506097810e-02 -2.3805786924e-02 -5.0980196688e-02 2.0412944799e-02 -4.8449230481e-02 -3.2632228410e-02 5.9826494780e-03 2.3433628821e-02 8.6876411437e-02 -7.2228476342e-02 4.8385778549e-02 5.6052083942e-03 1.0303331910e-01 -3.8324286834e-02 -5.2278251127e-02 2.5103849713e-02 -4.3249301848e-02 2.5384005614e-03 -8.8870605392e-02 1.0068035450e-02 2.8974088371e-02 6.1722105975e-03 -7.0179160151e-02 4.6459717741e-02 2.4117674820e-02 1.1072217977e-02 1.2207427871e-01 1.8865044144e-02 9.1725637905e-03 -8.0148828397e-03 -5.3099265928e-02 4.5362359929e-02 -4.9863275457e-03 -1.1345811012e-02
-7.2639592575e-03 -1.0306285218e-01 -5.7014009247e-02 2.2256066502e-02 3.8979449662e-02 -2.5746195382e-02 1.2387472936e-02 7.0597417999e-02 3.8410333437e-02 -7.5672877569e-02 1.5550512580e-01 -4.8379936757e-02 9.5163565580e-03 -5.7928986301e-02 2.7729957507e-02 -3.1091301633e-02 -4.0036315379e-02 3.4157702099e-02 -7.5466799796e-02 4.7632216079e-02 7.1738986360e-02 2.4807122278e-02 2.6385652827e-02 -6.2367453514e-02 4.1360727865e-02 2.1235255011e-04 2.2605408969e-02 1.3098864513e-02 -2.3006487624e-02 -1.7950686546e-03 -5.4691023499e-02 -6.7122617042e-03 7.2644267475e-02 -8.1402907927e-02 -1.2405282005e-02 1.6330885167e-01 -1.7593744097e-02 5.5754703729e-02 1.5541807301e-02 9.4291325160e-02 7.9664884508e-02 6.7047807911e-02 -2.6004874729e-02 -3.9762315090e-02 1.7986204712e-01 1.1172504351e-01 -4.9774809923e-02 1.6607583454e-02 4.8661287011e-02 5.0268804897e-02 -1.7251865299e-02 2.2002797637e-02 -9.7232987868e-02 -3.1292447267e-03 -2.5321595316e-02 -1.2614608857e-03 2.2336045209e-02 5.0143997418e-03 1.2879599228e-02 -6.9134722033e-02 -4.3658279455e-02 5.3849934125e-02 1.8018323714e-02 1.5230335231e-02 1.1847045873e-03
-2.9466892169e-04 -4.2374417534e-06 1.9842180374e-04 -1.8857481621e-04 -2.1979136955e-04 4.7083309668e-05 8.5732980408e-04 9.7442598316e-05 1.1690714565e-03 1.7729754932e-04 -1.1437429994e-03 7.8958361777e-04 -6.3599307394e-04 3.8791515902e-04 -5.3161799026e-04 1.1719418439e-04 6.1712195089e-04 8.9572876663e-04 -3.5298623162e-04 3.5399066284e-04 2.3357307670e-04 -2.3264730226e-04 -5.0983718786e-04 -1.3739984205e-04 3.8466796533e-04 6.5737570864e-04 -1.9165342681e-04 3.6777020064e-04 4.6806477842e-04 1.1253274577e-04 -6.3388444785e-04 -8.5717272444e-04 -3.1739232320e-04 2.2658937441e-04 1.6865120898e-04 -3.6377876083e-04 -5.6015761313e-04 -5.8531991357e-04 1.6716442042e-05 6.2282058223e-04 8.5507878335e-05 -7.9767169750e-04 -2.9550705436e-05 6.3844276822e-04 1.0363592852e-04 -3.3503806883e-04 5.0021778507e-04 2.8602252095e-04 3.4428491938e-04 6.1330997709e-05 -8.1730809641e-05 5.4347839419e-04 -2.6788672791e-04 -5.9560855290e-04 2.6816965389e-04 -7.8568900616e-04 3.4258514583e-04 -4.5563747188e-04 6.4882657742e-05 2.4892483599e-05 3.9612953992e-04 -2.1441927791e-04 -3.2128981041e-04 -1.5791048649e-03 -3.6346144479e-04
1.9420874679e-02 -3.8411740190e-03 -8.1898672440e-03 -1.7803071255e-04 -6.4243228392e-03 1.8975827609e-02 -4.2872536398e-03 8.5553987059e-03 -9.4917789960e-03 -1.3058021421e-02 9.0411787084e-03 1.4710782430e-03 -1.0247779948e-02 1.4556882221e-02 8.6993849301e-03 1.5966411236e-02 2.6472554582e-05 -1.6016636355e-02 -9.9139749613e-03 4.5817161945e-03 5.2340621704e-03 -4.4838609801e-03 -9.8895928525e-03 2.2983147347e-03 -1.6493026117e-02 3.4926930182e-03 -1.3980289451e-02 -5.9461888645e-03 -1.4569158333e-02 -4.7413813517e-03 5.7283122459e-05 -5.3326516951e-03 -6.5108321451e-03 -1.2959747794e-02 -4.2257861849e-03 -3.1204191108e-03 7.1407215010e-04 -5.5534304335e-03 -4.4263274825e-03 4.2425542816e-03 1.5198639006e-02 7.3411778336e-03 1.0236504109e-02 7.5958414008e-03 -9.3829935896e-04 1.5172417896e-02 2.0316036972e-02 5.3688639225e-03 1.9226509108e-03 -4.3707097255e-03 1.3123835459e-02 -1.3490120764e-02 5.0659266699e-03 -7.0095470281e-03 6.3418610299e-04 -5.9824066099e-03 -8.5908004271e-03 6.7596205173e-04 8.8500835713e-05 1.0375599115e-02 -1.0447294378e-02 1.6165666524e-03 -1.5991546905e-02 5.7905610141e-03 -1.9242964328e-02
-1.1319845445e-02 -1.0477220161e-02 4.0879144804e-02 3.9816475781e-02 6.5678822647e-02 1.5822246854e-03 -3.1219000073e-02 -2.6477226459e-03 8.9074117661e-02 1.6908316970e-02 -2.9106496544e-03 2.2294546324e-01 7.1697357641e-02 2.6634106439e-03 9.1691656674e-02 -4.5344697197e-03 -2.6752946180e-02 -2.8300525981e-02 3.1009900283e-02 -5.1267834902e-02 1.5141042472e-02 -2.9036750252e-02 -2.5204400513e-02 1.4078973606e-02 -5.3651068855e-02 6.5357532784e-02 2.6456217275e-02 -1.0131833946e-02 -3.1330398008e-02 8.0666792850e-04 9.1158835980e-03 -5.2102526279e-02 5.4482772464e-02 4.3721556088e-02 5.8873879099e-02 -1.8994050989e-01 -2.1578198705e-02 -5.6266427004e-02 2.4679961765e-02 4.2177720417e-02 -3.4093101347e-02 -3.5975745252e-02 9.2291129575e-02 6.3913562629e-03 -2.8824105340e-01 8.2945468285e-03 4.9722242869e-02 1.1932341566e-02 -1.0729346312e-02 -9.0140262487e-03 -2.0247561810e-02 1.5057556020e-02 -8.3294969005e-02 -8.5571986079e-02 -7.2159456286e-03 8.8871924493e-02 -2.6440701668e-02 -4.1813954750e-02 3.7117818245e-02 2.7339647915e-02 -4.2222922664e-02 5.5257858504e-02 -8.2152718537e-02 1.0580835165e-02 2.7807834070e-02
1.7302563277e-04 4.6677241741e-04 7.0385413314e-04 -2.1993736314e-04 -6.4983621537e-04 6.9774189477e-04 1.3652324402e-04 1.6893352505e-04 -7.8167901516e-05 -9.1452266430e-04 -7.5348249880e-04 4.6219121121e-04 9.9587944814e-05 9.6223016105e-05 -5.2256381399e-04 -4.1357598734e-04 -8.4112781414e-04 -7.2706766777e-04 -6.8130471812e-04 -4.2382663111e-04 -1.0289122146e-03 -1.3164520014e-04 6.6351653253e-04 6.9673334845e-04 4.6891907159e-04 -1.0547470066e-05 1.2948773636e-04 -1.0514577884e-03 -2.2507132401e-04 -7.0926254478e-04 -8.0816825844e-04 7.8217126346e-05 3.8402944705e-04 3.8795903894e-04 -3.1821114440e-04 -9.9903849915e-05 6.5336089841e-04 -4.5171325835e-04 -9.2378778103e-04 2.2464575156e-04 -4.1675554603e-04 -2.3493703095e-04 -3.2213547585e-04 6.1124437102e-04 -8.6234719959e-04 -5.2234897053e-04 4.4181121682e-05 -1.3635491624e-03 2.3022115430e-04 -7.1230420545e-04 3.1965430233e-04 1.1195990971e-03 4.2064732161e-04 -2.1864971231e-04 4.8984847584e-04 -5.7926079112e-04 2.1777230826e-04 1.3060475645e-03 2.0898318313e-04 -2.9110956648e-04 -1.0810128609e-04 -3.1800149314e-04 1.5906831161e-04 -4.0183148299e-06 2.0167302979e-04
4.6456374924e-02 -4.3456599363e-02 7.9009317878e-02 -5.3654781874e-02 -6.8605675194e-02 -7.5472822082e-02 -2.9436977521e-02 -3.0053520509e-02 2.8689150213e-02 -5.1301820244e-02 -2.4691104176e-03 1.2005550600e-01 3.1115617216e-02 3.1764779829e-02 4.9846663945e-02 -1.5732907971e-02 8.1931343759e-02 -5.4383815513e-02 -1.6298204004e-02 1.1954852613e-01 5.8023957073e-02 2.0667565880e-03 2.8658362076e-02 -2.2912473661e-02 -7.5866583016e-02 -3.7502399852e-02 -8.5511421512e-02 1.2871048933e-02 -1.9487234368e-02 1.5096505985e-02 3.2646709469e-02 2.5458895430e-02 -9.8057391450e-02 -7.6510917022e-02 4.8187979677e-02 -4.3194589285e-02 -1.0484394250e-02 -4.1791390610e-03 2.7036516656e-02 1.4814788397e-02 4.9694472364e-02 -3.5750518948e-02 1.6438073400e-02 -8.5661761783e-02 -1.8125896786e-01 -6.0773931709e-02 -1.2421415842e-02 5.0162430555e-02 2.7693604664e-03 4.3232661343e-02 -3.1194017390e-02 2.4334840281e-02 1.8111710004e-02 -3.3732107086e-02 3.0340379786e-02 8.2457932455e-03 3.6947745529e-03 -3.7217255901e-02 3.9643465171e-02 2.6976599014e-02 -2.4270603647e-03 -3.2766574889e-02 1.7117431402e-02 2.8432029598e-03 -1.0829690681e-01
2.8800815425e-04 7.0604423981e-04 5.6497264851e-04 -1.7126552395e-04 4.2820403869e-04 -5.2523778055e-04 -1.3702977361e-04 4.2663211270e-04 -3.7661593968e-04 -7.9321685239e-04 -1.0224958190e-04 -1.0646535548e-04 -4.2866138105e-04 -9.5835518128e-05 -4.2010789922e-04 -1.2905485321e-04 -4.2070146613e-04 3.6935498654e-04 1.1855070500e-04 1.7123956239e-04 -7.0364575149e-06 -1.0065126647e-04 -1.7652785882e-04 -7.6442451285e-05 8.0602802737e-05 -2.8704817657e-04 -1.8889545534e-04 -6.6535689478e-04 4.1172374938e-04 3.3941203175e-04 -3.5340239153e-04 -7.0975140701e-04 -8.0939487566e-04 9.5225028634e-05 -3.8445415293e-04 7.8098264589e-05 -1.0371170622e-04 -4.7932665564e-04 -4.9177232029e-04 -6.5250696889e-04 1.6473892518e-04 1.2287028779e-03 -5.6402511518e-04 5.3267051937e-05 2.1166994386e-04 2.9141512266e-07 3.3238708853e-05 2.1942045459e-05 -3.0346218363e-04 -9.2206956606e-04 -1.7648470821e-04 -5.8180159143e-04 5.9353665759e-04 2.8046568095e-04 -1.1642599857e-04 -3.4153344870e-04 -1.1633365071e-04 -4.7260944025e-04 2.0908921630e-04 6.0544480940e-05 -6.7762889524e-04 3.7619343128e-04 7.3342691998e-05 5.1713221961e-04 -3.0830211111e-04
-2.5708846287e-04 1.5296546737e-03 2.0750987263e-06 1.2457052881e-04 -7.0177395178e-04 1.2008652174e-04 -6.6922345716e-04 7.9988663277e-05 2.5933537589e-04 -5.3071942028e-04 4.3351411626e-04 5.6024406538e-05 4.6350085773e-04 3.9400993982e-04 6.2235607964e-04 6.4085844883e-05 -1.4067309352e-04 -1.6383864540e-04 -5.6987762285e-04 2.0513742870e-06 3.6280443626e-04 4.0920214713e-04 -1.2636083966e-04 -6.7852616231e-05 -8.0025200078e-04 -5.0033118860e-04 -2.9822612421e-04 1.8389688086e-04 -5.5486909657e-05 -9.8321315733e-04 -9.2355909811e-04 2.2134557670e-04 -9.0300195426e-06 3.6492238977e-04 7.0711045296e-04 -4.5895538755e-04 -1.4984479087e-04 -3.4528449301e-04 3.1156040228e-05 4.1261628217e-04 2.0584699609e-06 2.4871070543e-04 -7.1434235016e-05 -3.6795329652e-04 6.4048098079e-04 -4.0893677423e-04 8.6119772779e-05 2.1043974244e-04 -3.5179113570e-04 -5.4752658482e-04 4.2228375181e-05 -7.1503508984e-04 4.6793217520e-04 2.7082557188e-04 -3.6873357373e-04 -2.7786350382e-04 -5.2710894254e-04 2.0945920873e-04 2.9265710484e-04 3.0851208353e-04 4.7353568006e-04 1.1406475221e-03 1.7649471634e-04 3.5646586603e-04 -2.4955900218e-04
-5.5473648681e-04 -7.4999197355e-04 2.8226179727e-04 1.4893438697e-04 1.9348348549e-04 -3.1960916836e-04 -4.4370632617e-06 4.9889588812e-04 7.3074396743e-04 3.3044134760e-04 6.5762091163e-04 -6.0332364710e-04 7.2875980781e-05 -4.8045586507e-04 -1.6239614131e-04 1.4006929128e-04 1.9821848287e-04 2.1639357341e-04 2.4912346617e-04 -1.2845308131e-03 4.4097271733e-04 -4.0233706716e-04 3.1344947353e-04 2.5105715564e-05 4.9725151829e-04 -7.6531876034e-04 -1.4815899463e-04 1.8622086258e-04 4.6810981995e-05 -8.6301095738e-04 2.0621599411e-04 -9.2049638377e-04 9.9234813608e-05 5.5259507584e-04 -1.2995287625e-04 -8.4227833949e-04 3.5819501266e-05 -5.1563244336e-04 2.9687247333e-04 -6.3222022402e-05 -5.0765260946e-04 1.6732311599e-05 5.2687405358e-04 -2.4350781970e-04 1.7541360316e-04 7.3808379640e-04 2.6272913157e-04 7.5896706017e-05 -2.5058866375e-04 -7.2572787910e-04 -4.1118455752e-04 -3.6833651968e-04 3.4687291251e-04 -8.8755354049e-05 -2.1969681695e-05 3.4889956028e-04 -2.2631422365e-04 4.8857514168e-04 5.7084555112e-04 1.4503040428e-04 3.8248021744e-04 -1.2121355082e-04 -1.6899682281e-05 1.1272728640e-03 9.7501421505e-04
-6.5473660894e-02 -2.9956711196e-02 -3.0200264920e-02 -6.7815567538e-02 -6.3616444225e-02 6.3001169494e-03 -8.1082796063e-02 -1.9870719899e-02 -4.3331631652e-02 2.3042598391e-02 2.4410587442e-02 -1.7132577260e-02 -1.5606600015e-02 -8.5847899477e-02 -2.5362333539e-02 8.4884507229e-02 5.5690659866e-02 -2.2518179878e-02 5.9517250230e-02 -8.3912716370e-02 -6.5080017955e-02 -2.9609489738e-02 1.6155420019e-04 -5.7248335782e-02 -2.2115838070e-02 -2.1999885050e-03 1.9261072655e-02 -2.7272316581e-02 -3.9335002692e-02 4.8751762109e-02 -1.4259617331e-02 3.0037008298e-02 -1.0191262442e-01 -3.9082713065e-02 2.9028191343e-02 -1.0276492160e-01 2.9409603970e-02 2.9382592795e-02 -7.9767216648e-02 3.8725709366e-02 4.2427649448e-02 2.6697315660e-02 -2.7149060043e-03 3.2895811340e-02 -4.9132509457e-02 -3.6114919509e-02 2.5804074323e-02 7.4569383776e-04 4.8539561327e-02 -1.2730618502e-02 1.4307819109e-02 -9.9907498054e-02 -3.1397987565e-03 -1.4917571273e-02 1.9228270928e-02 -1.1776666139e-02 -8.9849853632e-02 -3.9998919844e-02 -5.5850979718e-02 2.2675968593e-02 -3.7930840768e-02 4.2671779305e-02 -1.7016543431e-02 1.1152224795e-02 -6.5654367202e-02
2.8606288648e-04 -2.2077566493e-04 7.1086208168e-05 7.6305572762e-04 -1.1572314714e-03 2.9715830082e-04 -6.4732239839e-04 -6.9301901117e-04 3.5394418359e-05 -8.6379668936e-04 -2.0036980881e-04 4.1943571163e-05 1.6636031086e-04 2.6540769076e-04 8.0252108119e-04 1.5862341599e-04 1.8745697261e-04 -9.0562936453e-05 9.3329239077e-04 1.4065955807e-04 6.9742854830e-04 -7.8889995336e-04 1.0372874026e-03 5.6109580670e-04 -8.1669040434e-05 6.7842964823e-04 -2.6139456329e-04 -1.2614747448e-04 -5.1082099260e-04 1.5537042014e-04 -4.3478112023e-04 8.5376435025e-04 -1.9861471585e-04 5.6709307174e-04 -5.0097678917e-04 -1.6623952880e-04 -1.9571237575e-04 3.2914199991e-04 -6.1474209854e-04 2.0340262883e-05 -5.3443576132e-05 -2.6396530736e-05 8.4345121550e-05 -5.7825631247e-04 1.5343596134e-04 1.5601000657e-04 -8.3129462919e-05 2.2587812664e-04 -7.7012400643e-05 -4.7717929293e-04 5.7678163883e-04 -6.1608992825e-04 -1.0880225522e-04 -5.2220752878e-04 6.1175051218e-04 5.7918511481e-04 -9.9201803373e-04 1.9954589199e-04 8.7839654435e-05 -4.1322076994e-04 -6.9984137584e-05 -6.6011509188e-04 1.1289262599e-04 4.1163335311e-04 -2.9000593176e-05
2.5693926512e-03 -5.7216224694e-03 -5.4196368284e-03 7.5375512785e-03 -1.0868641506e-02 8.6607406060e-03 -5.8586772136e-03 -8.8986217504e-03 -5.2678711153e-03 1.8458291673e-03 -3.1886218230e-03 1.3496412773e-03 -9.3665290256e-03 7.7763052901e-03 4.8366841620e-03 2.0090961681e-03 3.5610178857e-04 -8.4178110968e-03 1.3302751568e-02 1.2489259802e-02 -2.6564451678e-03 -1.0840273530e-03 -1.1472307702e-02 -1.0985356693e-02 -8.8442805989e-03 -1.9439295138e-03 3.3339860569e-03 -4.5936869845e-03 2.5422050999e-03 9.8269490455e-03 -1.0703199016e-02 1.3167427763e-03 1.3617034201e-02 -1.1332260972e-02 -7.0627642964e-03 5.1333334485e-04 7.1277948856e-03 3.1449847180e-03 -6.7162565740e-03 1.4402337312e-02 5.9871559444e-03 5.8997270844e-03 -1.1749671669e-02 4.0818038127e-03 1.2548795490e-02 -2.5603545250e-03 -9.4400234534e-03 -1.2081164443e-02 -8.3867311214e-03 4.3315139259e-03 6.4470577857e-03 1.2392108596e-02 -5.7910267350e-03 4.2224620239e-03 -1.4390784826e-02 8.2417446618e-03 -1.3206339252e-04 7.1543656990e-03 -6.8188679099e-03 2.3701436242e-03 -3.5025206109e-03 -5.2491330878e-03 -9.2998689096e-03 -3.2669366780e-03 6.0399945688e-03
2.5216037762e-02 -9.8109455013e-03 -8.8574674828e-02 6.9221703640e-03 -3.3482216395e-02 -2.2931089949e-02 1.4575731850e-02 2.6527826454e-02 -7.4157786617e-02 -6.2696323349e-02 1.6987770507e-02 3.1736347356e-02 -2.0071700050e-02 3.4332456064e-02 -1.8978131130e-02 6.9567128120e-02 6.6063349970e-03 4.3956886930e-02 5.8461101965e-02 4.3531780908e-02 3.6476228312e-02 -1.4537297023e-02 1.7217865556e-02 -4.9980304942e-03 4.0764498954e-02 1.0540666452e-01 6.1584717145e-02 -1.9443654913e-02 -7.0545558765e-03 -4.9130140851e-03 1.2592769642e-02 8.9832620468e-02 4.1286109078e-02 2.1185040207e-02 4.3049165172e-02 -1.5259330418e-01 -1.9913844393e-03 1.5043721211e-02 2.0669028255e-03 -3.0317306404e-02 -1.9680532661e-03 -1.3629195896e-01 5.9050520678e-02 1.4314151676e-02 -2.9272470874e-01 -1.3136780087e-02 3.2207166406e-02 -8.8438993329e-02 3.1119162661e-02 4.5266729353e-02 5.2924468963e-03 8.4753781466e-02 8.0342851630e-03 -3.7795955058e-02 9.7113803890e-02 4.4304972482e-02 5.2543911519e-02 -7.2772002853e-02 3.4158524499e-02 7.9625766801e-03 2.9694663540e-02 9.9259150666e-02 -2.9418914456e-03 -3.1379317996e-02 1.8461724978e-03
1.0912871556e-01 -3.0188116038e-02 3.1540047115e-02 2.6103658981e-02 -5.3117684097e-02 -1.2314772003e-02 -2.0946783537e-02 -4.5645560436e-02 2.2104947758e-02 -5.4341227368e-03 -2.5430933753e-02 -1.1183800849e-01 -1.1239139916e-01 -1.4565197604e-02 -2.2538563635e-02 -4.3160727563e-02 1.8470634760e-01 9.8447219955e-02 -2.9516188207e-02 -1.7642309401e-02 2.6297058271e-03 -1.9895378194e-02 -2.8260079739e-02 1.3775393596e-02 4.8050314091e-02 1.1534533919e-01 3.9011938770e-02 -1.3124558358e-02 -8.7458698785e-03 -1.0145526273e-02 -2.5085340256e-02 1.7755815711e-01 6.7451807760e-03 4.5373546300e-02 1.4720038536e-02 -1.1651156272e-02 -3.0031812078e-02 -5.0277973604e-03 -4.3637240989e-02 6.0573869862e-02 1.5053066326e-02 -5.6451928107e-04 -2.3592831499e-02 -1.0469357182e-01 1.5320272012e-01 -4.1209345189e-02 3.7530227862e-02 -4.1465274528e-02 1.8354264320e-04 -5.2782332698e-03 1.7689989508e-02 -2.5417974450e-02 9.0605351311e-02 -3.7975154691e-03 2.8589298977e-02 1.1733834365e-02 3.6427646165e-02 -2.2382598509e-02 -2.6860111105e-03 -1.1061941375e-02 -1.7151539599e-02 -1.0263179698e-01 2.4161889310e-02 9.1930172833e-02 -6.4900920293e-02
-2.7834448767e-02 3.7780643780e-02 -5.2247854220e-02 6.7045733340e-02 4.8511614742e-03 1.2681709369e-02 5.6107232236e-02 -8.9199278355e-03 -1.7283797412e-03 4.2470074633e-02 -2.3039808344e-02 5.9997852227e-03 -3.0913150262e-02 1.0124882632e-01 -7.6029599532e-03 8.3214022533e-02 6.6404518000e-02 4.0077857976e-02 -4.2576627317e-02 -1.0421421007e-02 1.9772922676e-02 1.7063458038e-02 6.3990990970e-02 -4.3955580107e-02 6.8993315271e-02 3.6140071858e-02 -6.1925707651e-03 3.5351813574e-02 4.6187651742e-02 5.0432838655e-02 -2.7555603914e-02 -6.0221618207e-02 3.1469439709e-02 -8.1319699284e-02 3.5025963348e-02 -6.9561299405e-02 5.4059579604e-03 -4.1450332834e-02 1.1319319675e-02 5.2280554565e-02 2.5040936309e-02 -1.8173759240e-02 -2.3689785739e-02 -4.5041861903e-02 -1.7584008140e-01 -6.3321114156e-02 -7.5146713612e-02 -9.6609710359e-03 -2.8323140419e-02 -4.1622714489e-02 -5.0702008217e-02 -4.1999750057e-02 -3.7800343439e-02 -7.4709836532e-03 3.1732185808e-02 3.4621038456e-02 6.3836680084e-03 -3.8822793338e-02 -2.0023521522e-02 -3.0411973699e-02 -3.9917165873e-02 -7.1890019847e-02 -6.5554294070e-02 4.1983378075e-02 -4.7102615712e-02
-5.7735772918e-03 -6.8948788797e-03 1.3813370794e-02 2.3790015384e-04 -3.3539520276e-02 1.2716385394e-03 -7.8481657727e-02 5.2116690126e-02 5.7658961720e-02 7.1689834502e-02 7.8269371698e-02 -4.6771455669e-02 4.9419246128e-02 7.7549413961e-02 -3.5019342425e-03 2.4789849991e-02 -1.8123121500e-01 -3.7594199624e-02 7.5683453517e-02 -3.4565815442e-02 -1.2122783380e-02 -1.0253346000e-02 -6.5134575410e-02 -2.2403318995e-03 1.1339524367e-02 2.5989793125e-01 -5.1389157334e-02 2.9409230035e-02 2.9059288906e-02 -4.4919188297e-02 -3.9921845387e-02 -7.0292480878e-03 6.0350212645e-02 -3.0585425143e-02 3.7004888236e-02 6.6892214478e-02 3.2390670126e-04 5.7996656744e-02 1.4018233337e-03 -2.3211201708e-02 2.5533394963e-02 2.7250267253e-01 3.0584375161e-02 -1.0116202960e-02 1.6169744724e-01 -2.3270745755e-02 1.1461131455e-02 -6.0454650677e-02 -2.4726303593e-02 -1.1756590884e-01 -7.9373241697e-02 -5.0526503638e-03 1.4455398791e-02 3.3871717455e-02 -9.0097211337e-02 3.5429741857e-02 3.9354236218e-02 2.5634651139e-03 2.3218671106e-02 1.4375122811e-01 -1.2952813565e-01 -1.0580870358e-01 6.7906904964e-03 3.4836529288e-02 -2.8310397631e-02
-2.3828184276e-05 -7.9647175630e-04 -4.4782069427e-04 5.4869449309e-04 2.4438021213e-04 -7.2145877156e-04 -3.5105097313e-04 8.0448741878e-04 1.9318469052e-04 -6.0275037404e-05 1.0285407181e-03 -1.3244320188e-04 -2.9229538846e-04 -2.2174398117e-04 -3.1253253649e-04 1.4291973672e-04 4.7221070687e-04 4.0289925458e-04 1.0627255809e-03 -6.1688889277e-04 -9.4680776875e-06 -4.3348246167e-04 6.1327394192e-04 8.8465515626e-04 7.7064235157e-05 4.5935088527e-04 6.8890222463e-04 -7.8114125988e-04 -6.3574579555e-04 7.1619873956e-05 -7.6304660868e-04 7.5222765608e-04 -6.6043856856e-05 -1.1340124572e-03 -1.0395048907e-05 1.8845641731e-04 3.6212760221e-05 -7.7298901576e-04 -2.5860547451e-04 2.1772944564e-04 -1.1337725643e-04 -1.7553245735e-04 6.1897048697e-04 -5.5172320733e-04 4.3678151425e-04 2.4893995394e-04 1.2267847966e-03 -1.0152984814e-03 9.6261185094e-04 -6.0956428886e-04 -4.2717147307e-04 -2.3307454753e-04 -5.1332546772e-04 -3.5755511086e-04 6.8386390692e-04 -2.7684520083e-04 3.9612730433e-04 1.5810706691e-04 3.2437861143e-04 -1.8515679527e-04 -7.0252007621e-04 2.3027566495e-04 -2.3005225459e-04 1.4372589256e-04 1.1257305882e-04
3.5620125581e-02 4.2044640449e-02 -1.0646293200e-02 -5.9009720607e-03 7.7680927451e-02 1.7427726234e-02 -3.7420396673e-02 5.7674134832e-03 2.7200979030e-02 6.5633684193e-03 9.3491940422e-02 -5.3858419921e-04 5.7607450880e-02 3.9376122551e-03 4.3374168954e-02 6.3054478874e-02 4.7654089036e-02 1.5291890139e-02 4.0075891316e-02 2.7113676174e-02 -3.2242731961e-02 -5.0150140439e-02 2.9472704557e-02 -2.1985519848e-02 -5.4099840789e-02 1.0518444450e-02 7.8023823612e-03 -5.6109809136e-02 -9.2149701651e-02 -9.3490858086e-03 3.5601777589e-03 3.5070297533e-02 1.3459002063e-01 -9.0163012263e-02 4.9890108117e-02 -4.3633893595e-02 -6.9955930513e-03 2.9610604557e-02 6.6063831894e-03 -8.9988400120e-03 -4.9940776265e-02 -4.2551072314e-02 8.8425591848e-03 -7.5006047532e-02 -1.2586103182e-01 4.1605471101e-02 -6.8733064719e-02 -4.2894042491e-02 -6.8482143726e-03 -7.4137950208e-02 3.1321345626e-02 -5.1008399835e-02 -2.1264963667e-02 5.9444282376e-02 -1.6790314358e-02 1.1513908865e-02 -2.5615598648e-02 1.0608464252e-01 -2.0275057425e-02 -3.5086148161e-03 7.8365394497e-02 -2.2898834192e-02 2.5010284773e-02 -8.6821974384e-02 -5.6364834668e-02
2.6057862087e-02 -7.4862803948e-02 -1.7206404847e-02 3.2509871674e-02 6.6744205026e-03 -1.0798087563e-01 7.2864549806e-02 5.9557540198e-02 3.9707401373e-02 3.9298331854e-02 2.3009115336e-02 5.8448546966e-03 -5.2193444558e-02 -1.8246119789e-03 -3.2199266349e-02 5.3426675973e-02 -2.7052718568e-02 -9.0177148756e-02 7.9851340115e-03 -1.2507528074e-02 -4.3258570225e-03 -5.2974029906e-02 -4.0288736543e-02 -9.4186445919e-02 -6.4625481310e-02 -3.1502558102e-02 2.6213779411e-02 -8.7430541300e-02 4.8329998929e-02 -4.4288992512e-02 4.4236353896e-02 7.6948218674e-02 2.5772251093e-02 -9.5730424970e-02 -4.2910341990e-03 -9.2720893184e-02 1.3203703817e-03 -4.3242339684e-02 -5.2216915747e-02 -5.0143471226e-02 -7.7897190072e-02 5.6318954416e-02 7.4785618400e-03 7.9013352539e-03 -1.0639990170e-01 2.3395699396e-03 4.2024825560e-02 5.8703240865e-02 -6.4943597342e-02 1.6268306644e-04 -6.2616525699e-04 3.1035028703e-02 6.7498944078e-02 -7.2723922363e-03 2.5073441568e-02 1.2183424554e-02 -1.4733730097e-02 -1.2346633654e-02 -1.0612167497e-02 2.1221450354e-02 5.4225630180e-02 -7.9775564510e-02 -6.1933181604e-02 -1.1766256089e-02 -1.9251265648e-02
5.0930758997e-02 6.0901026972e-02 1.4953502757e-02 3.9897861670e-02 1.1025682731e-01 -1.0528066503e-01 1.9349651337e-02 8.7250365267e-03 -3.1112837491e-02 -9.1264539415e-02 2.8486912140e-02 -9.8934891224e-02 -1.7843783848e-02 -2.7618649016e-02 5.5765347750e-02 -4.0106835225e-03 -2.0773256372e-02 3.4547095058e-03 5.9533016851e-02 1.6932614040e-02 -5.6991789454e-02 3.2473526189e-04 1.4508330754e-02 2.6663228317e-02 -3.8415296125e-02 2.0658845065e-02 2.5148666986e-02 6.1276140265e-03 1.5996008691e-02 1.7880401552e-02 1.3707421039e-02 -6.2027647002e-03 2.2837469737e-02 -3.3250185731e-02 1.6912617701e-02 4.9996500084e-02 -1.3740734390e-02 8.4464086465e-03 -4.0773958471e-02 1.5105956356e-02 3.5292125052e-02 1.6810298560e-01 -1.5846185702e-02 1.9913091056e-02 -3.1760017164e-02 -4.8548385913e-03 4.2689051359e-02 -1.9509494172e-02 5.5109591674e-02 -4.0383448045e-02 -3.2588772980e-02 -8.0004270231e-02 -2.6842334183e-02 7.2709953595e-02 3.7977893213e-02 -9.6114700665e-03 8.5361865702e-02 -2.3043732080e-01 -2.0120409949e-03 -1.0528502467e-02 -5.5923231411e-03 -4.8496794090e-03 1.5689921159e-02 -5.3511227264e-02 -5.3991688422e-02
-1.8315167118e-05 -7.9306934991e-04 4.3134204028e-04 -3.2203108166e-04 -5.4249439606e-04 7.2993907682e-04 -2.1702941169e-05 -1.2815848965e-03 -2.9693708648e-04 1.5357287592e-04 -6.9851333199e-04 8.5937901672e-04 -1.2927438750e-05 4.3045055898e-04 2.7397177845e-04 1.2917519043e-05 5.6091502783e-04 3.2521731122e-05 2.0829016314e-04 2.6128421293e-04 -1.8468971184e-04 1.4197567963e-04 4.6081447153e-05 5.7177085200e-04 -1.7498936136e-04 6.7114065970e-04 8.8157707722e-04 2.2957166384e-05 -5.9898960901e-05 -2.4468422319e-04 -6.1467501373e-04 -1.1181067892e-03 9.0160370298e-04 -3.0509930302e-04 -5.2777803799e-04 -9.6253889620e-05 -1.9723881964e-04 -4.3259366602e-04 -1.8709053264e-04 1.6252524412e-04 -7.1120971518e-04 -6.9108603907e-04 -1.2709881356e-04 -4.0515258218e-04 -9.6867804811e-04 -8.8687246579e-04 -9.8149455467e-04 -4.9251277001e-04 -1.1509368660e-04 -1.8859861230e-04 -5.6273705857e-04 -4.9660840595e-05 5.5038226493e-04 -2.6220837531e-04 2.5059691219e-04 -6.3197796148e-04 1.2733264813e-04 -4.5024327381e-04 -2.2664672849e-04 -1.6130494934e-03 -5.1923080914e-04 -4.9204539866e-04 -2.9249655716e-04 -2.2474529325e-04 2.5469824165e-04
-1.0202095587e-02 -4.1174695220e-03 -6.3233408557e-03 -5.0204818190e-03 -6.2445205998e-03 6.8401267785e-03 -5.8187394013e-03 -4.3725777087e-03 3.0127285305e-03 -8.2025327104e-03 -1.3821317149e-02 8.6798627334e-03 -1.1482095476e-02 1.5561964308e-02 2.8316328442e-03 7.1963656952e-03 1.7181693014e-04 3.7449575510e-03 4.5783603752e-03 -5.1742494683e-03 1.2615980354e-04 9.0814885914e-03 -3.6093519537e-03 -5.6842920048e-04 5.1364013220e-03 5.1180718751e-03 1.2632365029e-02 -5.2724288057e-03 2.6375576851e-03 -1.2993063291e-03 9.2581495324e-03 -2.6073314615e-03 -1.0579258921e-02 -1.3951467488e-02 7.8262422858e-03 -1.1125242041e-02 -7.9005761222e-03 1.5522473032e-02 2.3974940977e-03 8.9589596762e-03 1.6895574126e-02 8.3601605637e-03 -8.5104809891e-03 -1.3528903771e-02 1.4936872133e-02 -4.5269974948e-03 -1.7653008325e-02 5.7296757398e-03 -8.9598936654e-03 -4.8733475371e-03 4.1639600758e-03 -1.0420657023e-02 -7.7189790119e-03 -1.4867731448e-03 7.0872339914e-03 1.9470191887e-02 -5.9916031038e-04 -7.0332286113e-03 1.9385224767e-02 -3.7171960455e-03 7.6299869554e-03 1.6202459792e-02 1.1950099295e-02 6.8304270553e-03 -7.8462393218e-03
-8.8824421033e-02 5.5081924427e-03 5.6198451739e-02 -1.7122540840e-02 -1.2415580126e-02 1.7941024947e-03 2.2519138631e-02 5.9141216189e-02 1.1327561021e-02 -5.5703147747e-02 2.2829121276e-02 2.6764346360e-03 2.4029271560e-02 4.0897795194e-02 4.2209132749e-02 5.5444869598e-02 2.1985750569e-02 1.2563763247e-02 -1.4726864241e-01 2.8612072416e-02 -7.7122583128e-03 -6.9555669986e-02 7.6938647411e-04 -4.1151630254e-03 -1.9544133233e-02 6.8524934903e-02 5.7729883537e-03 -6.7799666880e-02 1.0263866898e-02 2.1966759610e-03 -1.0090406297e-01 4.0379872733e-02 2.2915461984e-02 1.4760422244e-02 -8.6795407708e-02 1.2251630577e-01 -4.1174755428e-02 -3.8090191396e-02 -5.2944643913e-02 3.7228096084e-02 -2.5926841998e-02 -3.1632657043e-02 -1.3659228374e-03 7.4484733441e-03 -2.4815525983e-01 2.2259288789e-02 6.3670112277e-03 1.6779593478e-02 7.3583593544e-02 1.7659532650e-02 -6.1586490907e-02 -5.0433614965e-02 -1.2382336043e-02 3.4321967483e-02 6.3121859015e-02 -4.3601222593e-02 3.9356377023e-03 3.2809495110e-02 9.9028837327e-02 3.2705321820e-02 3.8021624384e-02 -1.5355256038e-03 2.1076173249e-02 3.1641005757e-02 2.3994849818e-02
5.2374708840e-04 6.5428681612e-05 1.3514631860e-04 -1.8077416468e-04 -2.4917771989e-04 -7.0884824247e-04 -4.1554875242e-04 5.0297604361e-05 6.3126081315e-04 -3.3800247099e-05 -5.1896367616e-05 1.1181476462e-03 1.9545457666e-04 -1.0737827057e-04 2.0176828274e-05 -3.0617550644e-04 -7.7949441678e-04 -2.8106846500e-04 1.0617234949e-04 3.6676305367e-04 9.0095840995e-06 -4.4426897388e-04 -6.8501056430e-04 5.7811595990e-05 9.6362996284e-05 -4.8251132610e-04 6.0497141036e-04 5.8568108516e-05 2.0020188513e-04 8.8515196324e-04 2.1788787182e-06 4.8926966505e-04 -5.1753415377e-04 -6.0152456556e-05 -8.0517615511e-04 -6.6887109467e-05 3.9755143494e-04 3.7395187695e-04 -3.0068685099e-04 4.2653313599e-04 4.6484228336e-04 -7.6687058248e-04 1.6315197398e-04 2.5523822573e-04 1.3430017266e-04 -8.5564433904e-04 8.9118678161e-04 4.5909925376e-04 7.3063981107e-04 -2.6597334902e-04 3.2414068312e-04 1.1011195764e-04 -2.4569963895e-04 -3.4109320361e-04 -9.4658675940e-05 -1.5660567331e-04 -1.0924999488e-04 4.3884214984e-05 -9.3971101173e-04 2.8372117297e-04 3.7437609955e-04 -1.6978501882e-05 5.7122572849e-04 9.2445689634e-04 -1.4265148323e-04
1.0158552294e-01 -7.0128216178e-02 -1.5788606326e-02 -1.1612970964e-02 6.6299258177e-02 -1.6820876695e-02 -1.0199480465e-01 5.0869080790e-02 7.2297412303e-02 2.8654425692e-02 7.8355375691e-02 -6.1972833705e-02 1.1364732639e-03 5.2093695752e-03 -5.7854330015e-02 -5.7263307978e-02 -2.8688425075e-02 3.5139798941e-03 -5.2946014400e-02 8.0717381868e-02 -5.8736534027e-02 -3.2052694093e-02 2.7031538029e-02 -5.8640020345e-02 -3.2833271660e-03 8.8800452880e-02 4.2633940708e-02 5.2172404716e-02 -1.7082339576e-02 1.0517061399e-01 1.5028207866e-02 2.1366695804e-02 4.9083252120e-02 -6.5386539065e-03 2.5460283170e-02 3.6284716701e-02 3.1958751719e-02 -3.3627126045e-02 -4.1855224189e-02 -2.2433248013e-02 3.0149098815e-02 -8.4655701691e-03 -3.2273989154e-02 6.0407318618e-02 -5.0985670008e-02 4.9653254716e-02 -1.6965394993e-02 -8.0967776323e-03 -1.7759251278e-02 -2.3214688509e-02 -2.0604995163e-02 -4.1123379043e-02 2.7375308217e-02 -7.5897192961e-02 5.7512367987e-02 -1.6963356771e-02 3.9012105094e-02 2.6508214055e-02 4.4123375373e-02 1.7930168669e-02 -4.8774335984e-02 -1.4928944798e-02 5.6357299383e-03 1.9263714655e-02 2.4586132985e-02
6.0948519226e-03 -7.1849657750e-02 -3.5752371136e-02 -9.1941987032e-03 -3.2900758628e-02 -2.6717904186e-02 4.5426849320e-02 6.5391952710e-02 1.0589992878e-02 5.6459332021e-02 -4.5679057945e-02 -4.1029225434e-02 2.4859642556e-02 -1.5274732451e-02 6.6894107088e-02 -1.9911063583e-03 1.1869498376e-01 -9.4838277241e-02 -9.1300346390e-02 -2.4450045486e-02 1.3134237516e-03 -1.6233167545e-02 -6.4581254344e-03 -3.4238411131e-03 -1.4326627970e-03 1.7091872763e-01 5.8963839825e-03 7.9935768220e-02 3.3631022694e-02 -2.8415337715e-02 -7.4157770029e-02 1.8732099623e-02 -7.3391780154e-02 7.8969207309e-02 4.3572375920e-02 4.7187407908e-03 5.6882394754e-02 3.2118959891e-02 2.3693930727e-02 -1.3776125586e-02 -5.1157350161e-02 5.3287783207e-02 -3.7591000611e-02 2.4635799129e-02 2.0255656223e-02 -1.4430005675e-02 -1.3183230204e-02 -8.3232692075e-02 -1.1543401660e-02 -4.6860270447e-02 4.5549832101e-03 1.1966316561e-02 3.8817771012e-02 4.0000886604e-02 1.8490792741e-02 8.4566436206e-02 -1.5466075638e-02 -8.4106419348e-03 3.2006190345e-02 3.5022552094e-02 2.3169061895e-02 2.1971132805e-02 5.7984718509e-02 -2.7588943689e-02 -4.2475820442e-02
-1.4452654780e-03 -3.6007607514e-04 4.7909167286e-04 -5.1444816769e-05 -5.9627529890e-05 -4.7230667284e-04 -7.6059348419e-04 4.9413622553e-04 -8.4008734024e-05 3.8730960727e-04 -9.0960039269e-04 -5.2310215527e-04 1.9091994379e-04 5.1151305186e-04 -5.4400602921e-04 -2.6899178602e-05 5.4911832792e-05 -2.9482629344e-04 1.4283117998e-04 -1.1132877319e-04 5.0747296012e-04 -1.8927653046e-04 -4.5713491923e-04 -9.5499061347e-04 8.6435758281e-04 8.8517440004e-05 -2.0438138027e-04 -2.3057744409e-06 4.2322201085e-04 -3.3008261017e-04 9.2802358198e-05 -2.5861412912e-04 -1.5330415607e-04 2.0044783770e-04 -2.6414232291e-04 3.6326463011e-04 -6.5818487942e-05 -1.3652267352e-04 1.1243646376e-05 -1.0406648744e-04 8.4597559825e-04 1.4390319790e-04 5.2694759599e-04 -1.3790297696e-04 -4.6950503412e-05 -3.2044740991e-05 -4.9288238026e-04 2.4499257980e-04 -5.2375849882e-05 3.8072109850e-04 1.5268276411e-04 -7.1216225502e-06 3.7810775915e-04 -2.4852519379e-04 -2.3231867872e-04 5.0455058248e-04 -2.1110934195e-06 -1.9289931960e-04 -2.8383002490e-04 5.1731885556e-04 -3.8872954138e-04 -7.2091126579e-04 -1.7525953175e-04 3.5817116833e-04 -1.9945377800e-04
-3.5007986925e-04 5.9830521944e-05 1.0842299171e-03 1.8375562151e-05 1.3700784425e-04 1.2915044075e-04 -1.6436168591e-04 5.2364310028e-04 -3.7538624618e-04 -8.2320685293e-05 -1.9875795519e-04 2.5292258133e-04 6.3304978785e-05 2.3362748564e-04 -2.4340657614e-04 3.4284881827e-04 1.8906690060e-04 2.2305721379e-04 6.3085708400e-04 -3.5352379828e-05 -2.3811600853e-04 -4.3138329440e-06 4.7141357349e-04 -9.0079552645e-04 -2.1762465254e-04 -3.7000941693e-04 -4.9489702857e-04 4.3333231139e-04 -4.9997487881e-04 5.6113370623e-04 3.3841479375e-04 4.0595648496e-04 9.3588772899e-05 -5.1469900104e-04 6.9182543908e-04 5.3157997258e-04 4.0089196568e-04 5.6925344473e-04 6.1523995980e-04 1.2431603021e-04 1.9468935722e-04 -1.8354425432e-04 3.8171065784e-04 8.6608264468e-04 -1.6777678866e-04 -4.9980314232e-04 -5.8060859628e-04 -9.9096629699e-05 3.8170208911e-04 5.6914227559e-04 -4.7649668807e-04 -1.1544451755e-04 6.2518991442e-04 9.9072950566e-05 1.5062739308e-05 6.4034693631e-04 8.6978812316e-04 3.7368482297e-04 -1.0855889034e-04 5.6621372921e-04 8.1872387661e-04 -3.5877914158e-04 3.2796025156e-04 -4.5739908001e-04 2.6615891476e-04
-8.8082916577e-02 3.8712025305e-02 2.4695898214e-02 7.4306476402e-03 1.4983901935e-02 -5.6635353143e-02 2.6757832070e-02 8.6175964585e-02 2.3572291905e-02 -1.2921826382e-02 6.5844593064e-02 -7.1607015497e-02 2.8355953925e-02 -1.1166043670e-02 4.9059716382e-02 -6.7824064055e-03 -7.0827529485e-03 -8.1931985854e-03 5.4617978343e-02 -1.9019279449e-02 -4.3289082123e-02 -1.0193173184e-02 5.0391014406e-02 -1.3436388100e-02 -1.1931158760e-02 -3.7139935076e-02 2.0398202893e-02 7.8334508299e-03 -1.0018232706e-01 7.0329817974e-03 3.1727406939e-02 6.8517460696e-02 3.5626160332e-02 -5.9931945811e-02 -5.4787291088e-02 3.2409068637e-02 3.6696492240e-02 1.3643805325e-02 4.0924817933e-02 -2.2999080210e-02 6.8203986175e-02 4.9021033996e-02 -3.1426778711e-02 1.5298679814e-03 -6.5322417722e-02 -1.0421718366e-02 8.1722792106e-03 -1.0231304490e-02 1.5899087786e-02 4.7018369965e-03 -5.2294129937e-02 6.2261635624e-02 4.5350139135e-02 2.7657363280e-03 1.0409950263e-01 8.9213056277e-02 -1.7736509421e-02 1.7763355344e-01 -1.0343889281e-02 2.7080641362e-02 -5.5744133382e-02 -5.3069041458e-02 -4.7421125101e-02 7.3925200967e-02 -1.2517577607e-02
3.9787293439e-03 -3.9947485615e-03 -3.2512508105e-03 9.7959588989e-03 6.7169030347e-03 7.4815207377e-03 -1.1291012642e-04 9.3362115306e-03 9.3744784479e-03 6.6482002387e-03 2.8634734189e-03 -6.1539559537e-03 -2.8402687295e-03 -3.8726582828e-04 -1.0548887934e-02 -2.3469476472e-03 -5.2523504113e-04 -5.8027745499e-04 -8.0418728002e-03 1.5092883750e-03 9.3094810164e-03 7.1191053648e-03 1.1397773158e-02 1.5208079230e-03 8.4435917958e-03 -1.1078038422e-03 5.5162069174e-03 3.7045267554e-03 8.5873762788e-03 -1.2152474462e-03 9.0104914108e-03 9.1376996922e-03 5.7909538606e-03 -1.9554369905e-03 5.2148538709e-04 9.6262574597e-04 8.9945779575e-03 1.8756294509e-03 -8.0911898622e-03 1.0710346375e-03 2.0867857398e-03 4.8776450151e-03 3.8840151676e-03 -6.3363920758e-03 9.6184178078e-05 -7.2201383271e-03 4.0434174988e-03 8.0958478107e-03 -2.1343992357e-03 -9.5764019835e-03 -3.0407865182e-04 -4.6262972980e-03 -2.0501070152e-03 7.7184528505e-03 -1.1124087139e-02 3.8677089128e-03 8.8813367268e-03 5.5572518421e-03 -3.2749164574e-03 4.5703725909e-03 -7.3892561562e-03 -8.2931542877e-03 8.9155262092e-03 -2.3834455548e-04 8.7038069147e-03
-3.2824884162e-04 -4.2616075842e-04 -8.5688517055e-04 4.2137074440e-05 -8.3972058778e-04 2.6436452588e-04 4.4171940316e-04 -2.5172446390e-04 5.9105033126e-04 -6.0387479077e-05 2.6992166194e-05 1.5207251777e-04 9.2397376366e-05 7.1069808681e-04 -6.8416600687e-04 9.0707816017e-04 -7.5410219619e-05 4.1324533181e-04 -2.5867498092e-04 -2.8479350344e-04 -8.5797508250e-04 2.1191203786e-04 -2.2051902793e-04 3.6388915079e-04 -1.0512996767e-04 1.3291941950e-03 -4.8518724386e-05 3.2845869439e-04 -5.6656261529e-04 -5.7994070511e-04 4.1974726436e-04 1.2316141208e-04 -9.1409098189e-04 1.2122050966e-03 1.9405741313e-04 -7.3177765293e-04 3.6576495438e-04 -5.8517899365e-04 -1.0212370264e-03 7.1396907698e-04 3.7688866227e-04 8.0369547851e-05 -4.6913808456e-04 1.1256601923e-04 -8.9106304964e-04 -1.0284255956e-03 8.8843532903e-05 2.7264933924e-05 -7.4020074707e-04 -3.7503590021e-04 -1.5361336095e-04 -3.6579127502e-04 -2.1001373436e-04 -4.7037371342e-04 -8.4467693600e-04 1.8149465362e-04 -5.8404896895e-04 -5.4223425907e-04 -1.0962360686e-03 8.9832222601e-05 2.0219748396e-04 2.7605449993e-04 -1.0870827869e-03 1.8999231751e-04 -5.2587127723e-04
-4.6899948397e-04 6.6209921830e-04 8.1497604214e-05 -2.5269608688e-05 -6.6938401230e-04 3.7202014456e-04 -1.3760209534e-04 -5.1026521925e-04 6.9577319705e-04 -5.2832163826e-04 5.8675537213e-04 3.3279380604e-04 -3.5203786590e-04 4.7496800894e-04 -2.8315915486e-04 -5.5628494454e-04 4.3339505699e-04 1.2054954576e-04 -7.3915889417e-04 -3.6032727812e-04 4.8509101483e-04 4.1884699758e-04 -3.5259456479e-04 3.4621707455e-04 2.5637408563e-04 2.1505858496e-04 1.3186536794e-04 -1.6798123602e-04 -2.2210975357e-04 5.2438216187e-04 2.9304791588e-04 -2.5714302769e-04 -3.0019586277e-04 -2.3164420472e-04 2.1048502036e-04 -6.3291206940e-04 5.6910919445e-04 -3.6843149218e-05 -6.7498270253e-04 -5.4271791020e-04 9.0916832277e-04 -8.7297517393e-04 1.0366669019e-03 -2.8324377309e-04 -1.0503274981e-03 5.8821963542e-04 -1.0580733207e-03 -1.7777382208e-04 5.2490460605e-04 -1.5027632546e-04 -1.2001312750e-03 1.7361179959e-05 -4.8416563366e-04 -4.4737139838e-06 6.0550830251e-04 5.6377034051e-04 3.5640204882e-04 4.8130140862e-04 -7.9292779365e-06 5.2155066899e-06 3.3140308864e-04 1.9508323838e-04 6.2682395662e-04 2.5807470811e-04 6.3550605552e-04
4.8564179865e-02 -3.8862774994e-02 -3.5439003242e-02 -6.0529431101e-02 2.7569813646e-02 -7.1169425750e-02 4.5615593342e-02 4.1371974010e-02 1.8123956619e-03 -5.9573945609e-02 4.2486940653e-02 -7.5014780079e-02 -7.9064502084e-03 1.4016905833e-02 2.0242415504e-02 -4.0112475377e-02 3.7675778460e-02 6.2738631476e-02 1.0557019831e-03 -2.2329887111e-02 -1.6227663940e-02 5.0761672214e-02 -3.0743858551e-02 3.1749298490e-02 2.4423861921e-02 -8.6922133386e-02 -6.4220808607e-03 -4.7731304570e-03 -2.4427935376e-03 -3.9148840789e-02 -4.8860893028e-02 -2.9759366020e-02 1.0978134593e-01 2.6611862643e-03 -2.7752211124e-02 -4.3963248201e-02 5.7907888342e-02 -4.8876930316e-02 -9.4302348056e-02 -5.9934875575e-02 -2.2941323373e-02 -2.1138956241e-02 2.7483710852e-02 2.2933555449e-02 -6.7006656223e-02 -4.5720701055e-02 -6.4321283529e-02 2.8085014556e-02 5.4600287468e-02 3.7886327333e-02 -7.3241670678e-02 -8.5897189474e-02 2.0418762476e-02 -7.4505621389e-02 -8.4852339244e-03 4.8236957397e-02 -6.4751196445e-02 5.4486760180e-02 -8.2573007786e-03 6.7008118118e-02 -2.2187839083e-02 -3.7958786618e-02 -2.3748516897e-02 -9.0327796139e-02 -1.0300568371e-01
-8.0946883378e-02 5.8579668162e-02 5.7191842597e-02 -5.9804298879e-02 2.0047491695e-02 -1.7574319384e-02 6.6700704764e-02 1.1177021524e-02 -3.5447073770e-02 6.8048426216e-02 -5.1255947548e-03 2.2103336059e-02 6.5227837408e-02 7.1954331034e-02 -5.2459238093e-02 -7.6528822007e-02 2.9649419144e-02 6.6011909416e-02 8.9058049370e-02 -4.8702093174e-02 -1.8697324146e-02 -1.9426346467e-02 1.3819245688e-02 -1.1430962746e-03 4.7330219050e-02 2.6999129355e-02 7.9085724517e-02 -4.2065953352e-02 4.7959883435e-02 2.5971091812e-02 -2.8386176912e-02 4.3147047974e-03 -5.5526623942e-02 -5.9722702849e-03 -2.6681191386e-02 -9.5705730264e-02 -8.0720094193e-03 3.6419933247e-02 -1.8525361878e-02 -2.8822239704e-02 -2.6962552705e-02 1.8886470953e-02 -4.0292653583e-02 -6.2585750191e-02 -8.4326184432e-02 -3.7417837643e-02 -3.3837204039e-02 2.2600254581e-02 -7.0879160175e-03 4.0132833328e-02 5.2703823327e-03 3.2176885009e-02 2.1634372611e-02 7.4132159584e-02 4.2973741856e-03 -4.6046862328e-02 1.0304762966e-01 7.5452680721e-02 -7.1617425231e-02 -4.4102543381e-02 1.9455324582e-02 7.0520526957e-02 2.7338928171e-02 1.4579107424e-04 -1.0668977118e-02
-1.0184716964e-03 1.4309782950e-04 -4.4087366859e-04 1.3902688818e-04 2.4777933832e-04 2.2886444394e-05 -1.7886071504e-04 -6.8209278932e-04 -4.2366089963e-05 -3.6274933191e-04 7.0289149612e-04 3.9130731200e-05 5.7092512861e-04 1.2410182461e-03 3.3151723787e-04 6.3037715520e-04 -8.0683128723e-04 -2.0262835136e-04 3.6915459015e-04 4.2646018045e-05 -2.7508178139e-05 4.1430796972e-04 6.3494871832e-04 1.1679541993e-03 -4.0795972458e-05 -9.4161446898e-05 -3.7353705458e-04 -7.5274652109e-04 9.5434011422e-04 1.3337030232e-04 1.2830121258e-04 -5.6736651516e-04 -3.5867227843e-04 1.1576972077e-04 3.9630514800e-04 1.8798415476e-04 2.1767134291e-05 -1.9345281455e-04 -3.2179008638e-04 3.5977090576e-04 1.4419224164e-04 -1.8464069367e-04 -5.7158182916e-04 9.1601502561e-04 1.0137674700e-03 -3.6513297701e-04 -6.2753595069e-04 2.6867705010e-04 -2.7392313846e-04 5.1313360689e-04 -1.2908203322e-04 -6.5054585088e-04 6.0440874924e-04 3.4562010662e-04 2.6218691766e-05 2.0772657651e-04 -4.6508296961e-04 -9.7255359555e-04 1.7589885425e-04 -1.0920887823e-04 -9.4960939469e-05 -7.9553069748e-06 -5.2789133481e-04 3.9732801546e-04 5.5726589213e-04
-2.5273005985e-04 -4.4194545083e-04 -6.1704234841e-06 -1.4637526132e-04 -5.6583511840e-05 -6.5513303152e-04 -2.0201130823e-04 -4.8756383069e-05 -8.4978544630e-04 -3.1322287730e-04 -2.7661193972e-04 2.4493724691e-04 -5.5014995602e-04 1.5804690843e-05 -3.5284825780e-04 2.5947440408e-04 2.9995895108e-04 -4.0679114604e-04 2.5884585034e-04 -6.1540894182e-05 -4.0847172270e-04 5.7831902430e-04 -6.1473258790e-05 1.0769288907e-04 1.3816531841e-04 2.8546141058e-04 -6.6294218121e-04 -4.2888832238e-05 -1.1859344182e-04 -9.4023420021e-05 2.6961612726e-04 4.4957253000e-04 -6.7712894280e-04 4.3393767322e-04 9.9316320362e-05 -1.1624609847e-04 -7.7125647392e-05 -1.8028225042e-06 9.9167124331e-04 1.3863831585e-04 4.7841781206e-04 -5.0065347480e-05 -5.9517722510e-06 -2.2601689357e-04 -1.8132383068e-04 -3.3673149266e-05 -5.8613136721e-04 7.0164612252e-04 -2.8144912323e-04 -4.1635127252e-04 -2.0154815621e-04 -1.6335070074e-04 3.2932380839e-04 -2.6753285184e-04 -2.8471839601e-04 -1.0888647266e-03 2.1422154300e-04 -4.6996283529e-04 -4.5049058208e-04 -8.6411877125e-05 5.5086561186e-04 -2.1767446375e-04 3.1153062835e-04 -7.8262143318e-05 -2.3313777185e-04
-3.4509581621e-02 3.2417139541e-02 1.2919957538e-02 -4.0429316281e-02 5.4495454722e-03 7.0282822815e-02 4.5257640207e-03 1.4525473348e-02 6.7042080726e-02 5.7875298833e-02 9.6329362556e-02 9.6859080738e-02 1.6169930898e-02 -2.6522752028e-02 4.1966872472e-02 -4.6635815808e-02 6.7092867526e-03 1.0504810119e-02 -6.0187539549e-02 -4.9492331850e-02 -2.5787767592e-02 4.3296392942e-02 6.2320874166e-02 6.3331387996e-03 4.1975857878e-02 7.7961846062e-02 9.1576073665e-03 5.2525752165e-03 3.7587631654e-02 4.8917342344e-05 4.5807725236e-02 -1.4255775968e-02 -1.3446563144e-02 -6.6288106686e-02 -4.2373210635e-03 -1.0960885613e-01 -2.6457642812e-02 -6.7657268960e-02 -1.4825409807e-01 4.7245429951e-03 2.4071125640e-02 5.8139704293e-02 3.7136950031e-02 -3.6150440248e-02 -1.6719189988e-02 -2.6737225177e-02 2.1498857764e-02 -3.5229926101e-02 -9.5815911509e-04 7.4433213914e-02 6.4703713590e-02 4.9361548312e-02 7.8899925191e-04 -9.8220540824e-03 4.6826217483e-02 3.3233165380e-02 2.3246730796e-02 -1.8978647651e-02 -7.7044659397e-02 -6.3280782897e-02 3.3220460869e-02 -2.7244313447e-03 3.0282396874e-02 -1.2518812099e-01 1.3555775642e-02
-4.6799770794e-02 -5.6769346320e-02 1.3088770748e-02 -1.5872163996e-02 1.4296331490e-02 9.7756774204e-02 -6.2534085432e-02 -4.7095309799e-02 1.2506968776e-02 4.7388187441e-02 -1.6003446477e-01 1.5192316956e-02 -3.0192658746e-02 9.5317610499e-02 5.6861608203e-02 6.5092378753e-03 -4.5291099995e-02 2.4079668539e-02 7.1256623464e-02 2.1918916668e-02 -4.5866860944e-02 4.3548764906e-02 4.6921538624e-03 9.9242639640e-03 -6.5635175317e-03 8.4310466715e-02 -9.7236961874e-04 -2.2761817603e-02 2.6749971527e-02 2.2437032756e-02 6.3270804892e-02 -3.9156312531e-02 3.2951235521e-02 3.1439748438e-02 -8.6630994249e-02 -7.4842197422e-02 -2.2092159842e-03 6.0249568650e-02 -3.1262520646e-02 -5.5365213542e-02 -1.0370784647e-02 -5.2104841167e-02 -4.1571548725e-02 1.6802545884e-03 -3.7340042569e-01 -5.0984925530e-02 7.3400787296e-03 4.2597191730e-02 -6.1180261790e-03 -1.0094999486e-02 6.6605361287e-02 -8.1508898443e-03 9.1122499130e-03 3.5096781938e-02 -5.3104026989e-03 1.6885869375e-02 3.9569678234e-02 -4.2812018283e-02 8.6473206076e-02 8.4606988637e-02 -3.2829761491e-03 1.3564345164e-02 -1.1380772274e-02 6.9552990624e-03 1.7942234491e-02
-1.0695356033e-01 -1.1116206141e-02 -9.3746096750e-04 4.8701324602e-03 6.4491504751e-03 -2.8221854083e-02 -3.7413141971e-02 2.9977526754e-02 -1.4542728768e-02 9.7682228198e-03 3.1478334492e-02 -2.3591430329e-02 2.0029001762e-02 2.7688044990e-02 -5.3401507912e-02 -5.3049107486e-02 1.2121653606e-01 -3.9738253005e-02 9.9700822336e-04 2.8116834400e-02 5.0954506134e-02 -9.7824305638e-03 1.8070079022e-02 7.7840505034e-02 -3.8109248051e-02 -6.8073176300e-02 7.2271939526e-02 -4.8427991625e-02 3.8608709947e-02 2.0128960112e-02 3.4990316918e-02 2.4830044245e-02 -3.1366653731e-02 1.2542538685e-02 1.0463826278e-01 -6.7174972640e-03 -2.0309023667e-02 4.5632459833e-02 2.1606533413e-04 -3.5580829649e-02 -6.9969672928e-03 4.6756086639e-02 -6.4444685751e-02 2.6811490515e-02 -7.3027185774e-02 4.5524656165e-02 -1.2494412776e-01 4.5532857335e-02 1.1963741226e-01 8.3311242174e-03 -1.9038969131e-02 -2.1916516763e-02 -1.2120367227e-02 -2.4888280829e-02 -6.8132299364e-03 4.6288726911e-02 1.6456244405e-02 8.7604736848e-03 -4.9791072156e-02 2.2400454199e-02 5.0670651408e-02 -3.8379242543e-02 -6.6002048828e-02 -2.3429496694e-02 1.8764423979e-02
-2.2841354477e-02 -6.3812323388e-03 8.8235064116e-02 5.6399785030e-02 5.9344557272e-02 5.5907116208e-03 2.6640811239e-02 -1.1756333659e-02 -7.3293210735e-02 5.0079789409e-02 -1.5750218977e-02 2.7383444061e-02 -7.0469357108e-02 -3.0215872869e-02 3.9477757584e-02 -2.5416768378e-03 -3.6086709033e-03 -4.8382585072e-02 1.6081197461e-02 4.6562138347e-02 9.4454649824e-03 2.0527454094e-02 7.0523935662e-04 -4.8289109808e-02 -4.3279224203e-02 1.4358754885e-02 -8.4099853398e-02 4.6452771783e-02 3.2476716325e-02 2.9993282705e-02 -4.6686579022e-02 3.6049827505e-02 1.0642862847e-01 -8.6349229735e-02 7.2233923357e-05 5.7437184094e-02 -1.2948695182e-02 2.8679604787e-02 -2.1714642177e-02 -4.7303772702e-02 4.7811875274e-02 -3.7928205143e-02 3.1288781268e-02 9.3615831298e-02 2.4698798311e-01 7.5956794967e-02 -1.1878636893e-02 -4.8907595167e-02 3.8765415328e-02 7.7363761238e-02 4.7982709223e-02 -4.0769459074e-02 -7.1796537139e-02 -2.9100473114e-02 -1.1821074043e-02 1.7408730186e-02 -3.2739648015e-02 4.1067981624e-02 -6.5538013716e-03 1.4978428590e-02 4.1441134723e-02 -1.8525635732e-02 1.1795696087e-03 4.1683704448e-02 -4.1109902920e-02
6.4800037118e-04 3.2446658564e-04 6.8588896077e-05 6.1051055111e-04 1.2253126880e-03 1.6072285820e-04 -6.5857066319e-05 8.8855670727e-04 8.7366369238e-04 6.4305979486e-04 5.6931023120e-04 2.3778955737e-04 6.0004379902e-05 -1.4545143063e-04 2.9541885500e-04 -3.0999191380e-04 1.1108384740e-04 3.5764597985e-04 -3.2138052427e-04 -1.1069362650e-04 3.7139171075e-04 2.5325826240e-04 6.3117259806e-04 6.1869162223e-04 4.7537475452e-04 5.2995426269e-04 -1.0052305056e-04 1.3354352583e-05 -2.5367133412e-04 -8.9446272328e-04 4.1726228594e-04 5.8871565047e-05 2.3571104436e-04 -9.3982305849e-04 8.5454056699e-04 1.7239952658e-04 -4.6597765791e-04 -7.6129547869e-04 6.3493289483e-05 6.3410539447e-04 5.5404313270e-04 -1.7417018789e-04 2.3403198103e-05 8.9297452773e-04 -3.4210058408e-04 1.3711602166e-04 -4.8822435825e-04 -5.3470314738e-04 5.8434428629e-04 -1.0682100496e-04 2.5762906211e-04 -6.6450090564e-05 1.4362430193e-04 -2.2102196816e-04 7.4701584941e-04 2.2247156269e-05 2.4487108678e-04 7.5177960013e-04 -5.7674918459e-04 -1.1317884589e-03 3.8852820817e-04 1.7061050183e-04 3.3018720155e-04 3.5844704115e-04 -1.3301148783e-04
3.1990060476e-02 6.1422610459e-02 4.0123366399e-03 -2.5318726090e-02 -2.3763519208e-03 5.0592019246e-02 5.9566484043e-02 7.1912299060e-02 2.3115980333e-02 3.0617086784e-02 1.0236509107e-02 1.3545814710e-01 1.5132716570e-02 1.8200612458e-02 -7.0553808073e-03 -9.5923572946e-03 1.3911274753e-02 2.5705448907e-02 9.3231357478e-02 -3.3456321837e-03 1.9515106842e-02 -7.2314472969e-02 -3.5205715920e-02 -1.2341376229e-02 6.8847993469e-04 4.4381932730e-03 1.4516018335e-02 -2.2862995594e-02 4.8047154080e-02 7.1302558474e-02 -6.6141011014e-02 -1.5696093870e-02 7.7465372243e-03 6.3234838842e-02 4.2783740635e-02 -3.2751816480e-01 -2.1153945021e-02 6.2426725174e-02 -4.2423193576e-02 -3.4079120905e-02 7.6239988422e-02 1.6659899038e-02 7.3404187134e-02 -3.2201986627e-02 2.8093678393e-02 3.2364479559e-02 -6.1160275883e-03 1.0174110837e-01 -5.9622178604e-02 1.8001313026e-02 3.9638912742e-02 -6.9406231834e-02 2.3505145475e-02 2.7147805076e-02 5.1547626923e-02 3.7260224408e-02 1.4747848153e-03 6.9875361726e-02 1.7971377435e-02 -5.1719942378e-02 -2.9234703061e-02 -1.1395797946e-02 4.2088611880e-02 2.6024991104e-02 -5.6775355979e-02
-7.0417332382e-02 -2.0671998793e-02 4.4730679469e-02 2.7246608203e-02 -5.6634575459e-02 4.7917420101e-03 2.7444311325e-02 -2.8908317219e-02 -3.3780710968e-03 -2.0871846932e-02 -7.9037940046e-02 -8.4685675037e-02 -3.1097570636e-02 6.4964755148e-02 1.1745862914e-02 -2.1691979953e-02 -2.1345087799e-01 -3.3738780394e-03 1.0237399712e-01 4.3706442594e-02 -1.2743161770e-01 9.3116092033e-03 3.2912879440e-02 -2.1671605134e-02 6.4958269350e-03 7.0658074005e-02 -3.8798207589e-04 3.6267105370e-02 -1.3485930339e-02 -1.6003811701e-01 5.6404434067e-02 1.9837994537e-02 6.1678421775e-02 -1.0676703569e-02 -9.9543504614e-04 1.1318791830e-01 7.4051044317e-03 2.6817903744e-02 9.7393131908e-03 3.2747066862e-02 6.3250331263e-02 -1.5405036507e-02 4.7068488950e-02 7.7482555361e-03 1.1864819243e-01 5.3868752763e-02 1.5163550438e-02 2.2756958754e-03 9.4177588452e-02 8.0465790038e-02 2.0419023143e-02 -8.8228325613e-03 -2.2007100542e-02 -6.0738921520e-02 -3.7432895040e-02 1.1803668711e-03 4.2114008234e-02 3.9828508461e-02 6.9832821316e-02 2.2334681908e-02 -7.8457579447e-03 -3.8144755068e-02 -1.7651182872e-02 -1.1573120178e-01 6.9610024427e-02
5.0787873653e-04 -4.6619536355e-04 -3.5474628154e-04 3.4453297690e-04 -3.1241372931e-04 8.2438873804e-04 -2.2056962171e-04 -4.1126619477e-04 9.1125595727e-05 5.1639103792e-04 -1.8231158802e-05 3.6519254520e-04 2.8652013641e-04 2.2598790017e-04 -6.1827627492e-04 4.9125166849e-04 -1.0191880909e-04 -2.7011042552e-04 -4.9388420763e-05 3.3773133300e-04 3.6142436874e-04 -4.2536528734e-05 -5.7803171012e-04 -1.6087237305e-04 -1.7280815938e-04 1.4709305698e-04 3.6801865842e-04 6.3880727735e-04 4.3201285934e-05 -2.9514831035e-04 -3.5024228920e-04 -3.6187154031e-04 1.2173915612e-04 1.7737949616e-04 2.3594741163e-04 9.6097319986e-04 1.6016771373e-04 -4.6505702020e-04 1.1090865837e-04 2.9451221952e-04 -4.7586039900e-04 3.0369580817e-04 -4.6610836738e-04 4.5242190856e-04 2.7748806930e-04 -7.3136298855e-04 1.3937189423e-03 -7.9103966321e-04 4.3654291289e-04 -4.2662875786e-04 -6.9112306742e-04 3.0188472829e-04 -1.6769688165e-04 -2.5431166501e-04 -1.6831449370e-04 4.3990717644e-04 -3.9190254967e-05 3.7844973789e-04 -4.1979851049e-04 -3.5827525297e-06 9.4087627544e-05 -9.4227291526e-06 -6.3675212783e-06 -2.8809121230e-05 7.7619639817e-04
6.5169662513e-04 -5.5745401517e-04 7.9730084635e-04 1.9929828834e-04 -3.7322313126e-04 -3.9397784151e-04 -2.4101150813e-04 -7.8684100862e-05 -1.1212865752e-03 -4.6148485184e-04 -7.2765854157e-06 7.2469560665e-04 6.1569796728e-04 1.0883032916e-04 5.5363253844e-04 1.0463072439e-03 -5.7109971206e-04 -1.0410663531e-03 -2.8177205284e-06 -2.9713694888e-05 -3.9760612953e-04 -5.4317035971e-04 4.1824971228e-04 6.3053562328e-04 -1.2640432836e-04 -4.9618062797e-04 -6.7010073303e-05 6.7026894829e-04 -2.7999047889e-04 -4.2776004662e-04 -4.0627546363e-05 -5.1321685507e-04 7.0339584683e-04 2.0595665682e-04 2.6389592032e-04 -1.9765680341e-04 -6.0677993927e-04 4.1074953825e-04 -6.8304103462e-05 6.0596874599e-05 -5.4005872494e-06 -2.5346140864e-04 -9.0924693429e-04 -6.2642659615e-04 1.1502903125e-04 -5.1088084912e-05 6.5779161278e-04 2.8701737684e-04 -7.3707129757e-04 -4.5650551558e-04 1.4987380833e-05 -7.2266164538e-04 -6.3499087000e-06 9.6164355015e-06 3.9270197655e-04 9.9100524965e-04 1.0766333266e-03 5.3756604810e-04 2.5564487242e-05 1.5895131235e-04 -6.2720973129e-05 -2.6029611159e-04 -2.7444364430e-04 -5.7756032377e-04 -3.7705153742e-04
2.2661199960e-02 9.6349042238e-03 2.0716150155e-03 2.9191532704e-03 -5.5065010607e-03 3.7224224499e-02 -5.4319520109e-04 1.4780992290e-03 1.5578256538e-02 1.4630096467e-02 4.5031813605e-02 1.3498705163e-02 -4.7940013008e-02 2.3773073492e-03 -4.1931217766e-02 2.5112686909e-02 -1.7864353139e-02 5.1499378190e-02 -4.6442540109e-02 -6.0202315066e-02 3.0760970775e-02 1.2401039919e-01 -1.8539897503e-02 2.3657661265e-02 -9.6934433548e-02 -4.1052018152e-02 -2.4711290680e-02 -3.1603823530e-02 -5.1145327183e-02 1.6077253104e-02 2.9826428515e-02 9.3169135442e-02 1.1445365503e-02 2.0749104294e-02 5.8257339911e-02 9.2449879266e-03 3.0334184404e-03 -1.2800539322e-01 8.1881524507e-03 2.1243239533e-02 4.4542341061e-02 2.2784277614e-02 1.9034593929e-02 4.0737066473e-02 -3.9120900099e-02 6.3021044260e-02 3.5473839010e-02 -5.0647762022e-03 2.8495188634e-02 4.0478041240e-03 9.1488686801e-03 -4.3715076725e-03 7.0604303656e-03 7.9594209948e-02 2.4408943072e-02 8.7076333461e-02 1.8812924389e-02 8.8808370796e-02 8.4846257571e-02 1.3499866069e-02 -1.8774969865e-02 -3.5177273795e-02 -1.2074962930e-02 3.0821729595e-02 -7.3749264093e-02
2.5655556906e-02 1.2436638011e-02 3.5144506952e-02 -2.4025052381e-02 -1.8303843758e-02 3.2332125311e-02 1.6485943072e-02 3.5446738347e-02 3.7252723508e-02 1.3405798255e-02 -2.8190948242e-02 3.6719456336e-02 -2.1240304790e-02 3.2105693329e-02 2.2774924379e-02 1.6294167345e-02 -8.0182997986e-03 2.4791251368e-02 2.9675419273e-02 -2.5444077934e-02 -1.5863845366e-02 -2.3596541789e-02 3.0693522686e-02 -2.5329160877e-02 1.9779532746e-02 2.5403275096e-02 1.4405477436e-02 -3.2847510956e-02 3.2682918215e-02 2.3695099641e-02 -3.2301437473e-02 2.4035965363e-02 -1.5639285683e-02 -1.5587811331e-02 -3.3171462499e-02 -4.7935158659e-02 -1.6559068806e-02 -1.0057488938e-02 -3.2007649612e-02 -2.5192601797e-02 -1.6847918134e-02 -6.9490337386e-03 -1.9620843459e-02 3.1270288057e-02 -5.0739250524e-02 3.0122359416e-02 2.9697493315e-02 -2.6996605269e-02 1.7385736171e-02 -1.5120009258e-02 4.3478435160e-02 2.8198751874e-02 -2.2434357926e-02 -3.1593337882e-02 2.0836558924e-02 2.9331250880e-02 2.7224212952e-02 -2.3853956577e-02 4.8525378968e-02 2.5137049493e-02 2.5943428288e-02 1.3263813720e-02 -3.6318262031e-02 3.6863736968e-02 -2.4673255649e-02
1.4855678755e-04 -4.5939013326e-04 -1.1705248044e-04 -1.7110260102e-04 4.0713605083e-04 -5.1000426401e-04 2.3598472539e-04 -2.8134599574e-05 1.9896840775e-04 6.3881628112e-04 -2.0945808209e-05 -6.1149435847e-04 1.6906457991e-04 -2.5402873308e-04 7.8530599717e-05 2.6885965071e-04 -5.2568658263e-04 -3.0475083665e-04 -7.4000012129e-06 -2.8676384840e-04 -4.0545843441e-04 2.4957273054e-05 -7.4241121258e-04 -1.8408381090e-04 7.5132928385e-05 -4.3470384985e-04 -1.6877041104e-04 1.8464502066e-04 -7.7689229614e-04 -5.9215205845e-04 -2.9722930788e-04 -1.4886967584e-04 4.2127239127e-04 7.9713241384e-04 1.2936432412e-04 -5.1321808328e-04 2.6651160603e-04 -2.7702943003e-04 -5.2746533066e-04 1.6909057716e-04 6.4333045018e-04 6.8497439640e-06 6.6358430766e-05 -1.0060297996e-04 7.8889939572e-04 4.3268629435e-04 -8.6475397165e-05 -6.7586216554e-05 -1.5621071051e-03 8.6586969800e-04 7.9416021511e-05 -4.6111848992e-04 -6.2665734662e-05 -8.1705171649e-04 -8.5000724013e-04 -2.9121791809e-04 9.2867211294e-06 1.2886514967e-04 3.2476641415e-04 1.2197324616e-04 2.5615385914e-05 -1.9148447221e-04 2.4029335491e-05 5.6438701106e-04 7.9386539384e-04
1.2871218445e-03 -7.3068805603e-04 2.9948191083e-05 4.6857308633e-05 4.7011654380e-04 7.3447636454e-04 2.2887787643e-04 -1.8898284090e-04 -1.2667855315e-04 2.4559722186e-04 -3.2353580498e-04 -5.6858119665e-04 6.5633548890e-05 2.6296501973e-04 -3.6810616312e-04 -3.6487510251e-05 -6.3871440319e-04 1.2926881320e-03 1.4357238284e-04 6.7060678704e-04 1.1632066047e-04 5.2700560430e-04 3.7937849467e-04 -6.3343083111e-04 -3.5307586253e-04 -4.7609503906e-04 -5.1462698719e-04 -2.2219331171e-04 -3.2288294823e-04 -2.3903933136e-04 -1.0378146931e-04 -1.5739116099e-05 3.3449316212e-04 8.1093368345e-05 8.6067200799e-04 -2.3229732469e-04 4.1367104290e-04 -9.7169173286e-04 3.8297491004e-04 -5.7651337291e-05 1.3099608496e-04 5.2383630544e-04 -5.0519724378e-04 8.0552955954e-04 -5.4152063971e-04 -6.9142875390e-04 -4.3106051124e-04 1.0031944546e-04 3.3192912019e-04 1.8426829693e-04 -4.3774986682e-04 2.9120938397e-04 -3.2696327195e-04 -1.6446090275e-06 5.1932188534e-04 -3.2129950154e-04 -7.5955760984e-04 -9.5048226767e-04 1.9918518795e-05 2.4079723946e-04 -3.4866557354e-04 1.3736600387e-04 2.5725750031e-04 -1.8195752569e-04 -4.7808807116e-04
2.2292233593e-02 -7.5280520011e-02 -2.2012871759e-02 -7.9851553011e-02 2.1190718631e-02 -3.1300978174e-02 6.1215527057e-02 -7.4336108455e-02 -5.1324449640e-02 5.3411388668e-02 -2.5139580004e-02 -2.5787047187e-02 -2.2269155753e-02 -5.4820369367e-02 4.2612361334e-02 -4.9215183959e-02 9.6847320515e-03 5.4443137620e-04 -6.4815257338e-02 -6.8169702014e-02 -5.4382453489e-02 -5.2820036763e-02 1.9546245221e-02 3.9910071140e-02 1.6526175180e-03 -1.9940531232e-04 -8.3553133466e-03 -1.7439772477e-02 -3.0793098873e-02 1.3573565864e-01 -5.9645444644e-03 2.8639211854e-02 5.7103466971e-02 1.5272544003e-02 4.6632781519e-03 -8.3465840645e-02 -6.8721993273e-04 5.1510158300e-02 9.5374225227e-02 1.0567232293e-02 -3.2664198502e-02 3.8153538478e-03 4.1873212329e-02 -5.5189349038e-02 -9.3195733415e-02 1.5710369287e-02 2.3000243058e-05 1.7120132975e-02 3.4487535868e-02 1.5700892816e-02 -2.6314544704e-02 6.9532066667e-02 -3.7932614263e-02 4.1582356635e-03 4.5697189642e-02 -3.4766082207e-02 1.9231484572e-02 -2.6637672421e-02 4.3468980706e-02 1.0498239127e-02 -1.0738634764e-02 -1.0434011167e-01 -7.2378856722e-02 -2.8664693740e-02 -1.9760773009e-02
2.8942649678e-04 2.2725399708e-04 5.6477600434e-04 7.6990291436e-04 -4.4059595323e-04 -6.7941469579e-04 -2.7222587283e-04 -3.3552604839e-04 -1.6723444505e-04 6.6084435628e-04 -3.6702187619e-04 -3.6936803805e-04 5.1481596488e-04 6.6570014828e-04 4.5755267360e-04 -3.1317128576e-04 -5.6838023173e-04 2.4506534129e-04 3.2269528170e-04 -3.2199367075e-04 -1.7622129556e-04 -3.0883811731e-05 -1.3573149656e-04 4.6340766094e-04 2.1344662223e-04 2.3816373574e-04 -3.0059922773e-04 1.2531022099e-04 6.7206541442e-05 -2.1213962080e-04 -3.0522784657e-04 8.0826768809e-04 4.7694922071e-05 3.4544287504e-04 -1.1771616654e-04 -2.7933385829e-05 -9.5363665698e-05 -5.5239172808e-04 -4.1481512156e-04 1.4553733290e-03 -2.5534676352e-04 -3.0383643039e-04 -2.8461499936e-04 -7.1159910414e-04 7.0160690049e-04 -1.5022636264e-04 -6.5313475078e-05 -1.2608136497e-04 8.2901742005e-05 -1.5500475961e-04 4.0302886303e-04 -9.2954584747e-04 4.7412421827e-04 7.1035965636e-05 7.3519756818e-04 6.6989011246e-04 6.9369008182e-04 5.1895470768e-04 -2.5929148454e-04 -8.2914293936e-05 9.3389817252e-05 -3.6299093680e-04 -2.8223683646e-04 -2.5917138555e-04 -5.6718358330e-04
-3.3949761575e-02 -9.1509886523e-03 3.5595871853e-02 6.3181341945e-02 -3.7909906124e-02 -1.1398061982e-02 3.6530547243e-03 -1.0805322796e-02 5.0854985638e-02 -3.3332902905e-02 -3.1552866486e-02 3.9083511100e-02 3.5922601344e-02 -8.1717303894e-03 -1.1370131126e-02 5.2044879266e-02 -4.8550997304e-02 -1.6108718122e-02 5.6396103286e-02 2.0756545263e-02 4.5475752533e-02 -9.8057867284e-02 -1.8894149350e-02 -8.0712286787e-02 -6.3427220997e-02 1.3667548425e-01 7.3978358311e-03 -7.2984618821e-02 -1.0984165767e-02 1.0374559768e-01 -9.5283885769e-03 4.0298492790e-03 -1.6640703894e-02 7.2866035433e-02 1.2630624473e-02 -8.6205428542e-02 3.0336406074e-02 -4.1964798245e-02 -7.3990370999e-03 9.7408906664e-02 -4.9445536226e-02 3.4411007469e-02 7.4579509461e-02 2.7093823531e-02 3.1782562726e-02 -1.4969330604e-02 -7.1974833685e-02 2.4085385791e-02 1.1420923662e-01 -2.1648801347e-02 2.2408091289e-02 -5.8628722213e-02 1.0401354739e-02 -6.7603521185e-03 -2.7917497815e-02 2.1889331661e-02 -1.5271653946e-02 -4.4629443862e-02 4.8653565489e-02 3.2641590523e-02 -2.7313150555e-02 2.7833267548e-02 8.2963812254e-02 -5.7731906618e-02 3.5603088416e-02
-1.0624706381e-03 -8.9041832391e-06 -4.7428990656e-04 5.0397751684e-05 -3.7343792269e-04 -4.7685567306e-04 5.4846440522e-04 -4.2484418989e-04 4.8081566807e-04 2.7548729949e-04 1.4115787144e-04 -1.8118431707e-04 -2.5896569495e-04 -9.8006395787e-04 -6.2711265139e-04 -2.5632313302e-05 7.5909070535e-04 -1.7816075550e-04 2.5373861453e-04 6.6101687611e-05 5.5371181464e-04 5.5210472245e-06 -2.9213804885e-04 3.3175850388e-04 7.6659166865e-04 1.1401676307e-03 3.2884873354e-05 -4.0588948571e-04 7.3331114699e-05 -6.6038665040e-05 7.8792173610e-04 2.4967294735e-04 -2.9350658578e-04 -8.9266827443e-04 -6.0507651348e-04 4.0901371532e-04 -1.1589157871e-04 6.2616093386e-04 -1.3646537586e-04 -1.5077427213e-03 -3.8362042535e-04 -1.9451275203e-04 2.4864514332e-04 5.9912854064e-04 -4.5758144998e-04 7.9579163417e-06 5.2759529587e-04 -2.7509887285e-04 1.5875859774e-04 1.3644409463e-03 3.8773621251e-05 4.8402159674e-04 4.5161587452e-04 -2.1304138094e-04 -6.2551729951e-04 -2.5685278978e-04 9.3316031092e-05 -4.2223174084e-05 -7.4301586052e-04 5.1614764277e-04 1.3552772066e-04 7.4081432773e-04 -8.7178492591e-04 5.3607683718e-04 -1.5058943745e-04
-2.6545983506e-04 -1.3582918220e-03 6.9108030192e-05 -8.2641142329e-04 -6.7881162239e-05 -7.5128768661e-04 4.3339716040e-04 -1.7993578569e-04 -4.7516076680e-04 3.9995446688e-04 -1.2107857226e-04 -1.8576210336e-05 -3.9491542978e-04 -4.3293452678e-04 -1.1036938253e-04 6.9535578586e-05 -2.4573459648e-04 -2.4685156250e-04 -7.0580000400e-04 5.7829608027e-05 4.5101317501e-04 7.2258820786e-04 1.3518306220e-04 1.7312140056e-04 9.1675416294e-05 7.2837029167e-05 -1.5189487396e-04 -1.0466734729e-03 -5.3763442837e-07 -4.0133977201e-04 1.5797373895e-04 -5.3956638656e-04 5.5114550420e-04 -6.8958395883e-04 5.1128567857e-05 -1.3657797597e-04 -1.2039291506e-04 8.6596683287e-04 -3.7522935946e-05 -3.0110214281e-04 1.6349542651e-04 -1.2844803652e-04 6.8094336665e-04 2.3456961144e-04 -1.2507104022e-03 6.5092029376e-04 4.2321043050e-04 3.0050337482e-04 -3.8705587496e-04 -1.4427341230e-05 -9.2770236039e-04 7.6931305788e-04 8.0770720165e-04 6.8130322732e-04 2.8542555664e-06 9.7973366783e-05 1.8091321006e-04 1.9801112555e-04 4.1301955561e-05 -3.4875906428e-04 -1.7532217612e-04 4.7908731412e-06 -8.2244669059e-04 7.6290004267e-04 -7.6989325682e-04
-4.0065737162e-04 -4.1301317856e-04 1.0288724045e-03 1.7745398724e-04 -2.1370797330e-04 -1.6158848325e-04 -8.7842242407e-04 -4.9615389406e-04 -8.4233127100e-04 5.1831487605e-05 1.4941988391e-05 3.6287494933e-05 -4.7606722065e-04 3.2205256596e-04 3.2108115955e-04 -1.6485991051e-04 -1.5531799863e-04 -6.8960640084e-04 5.4136829135e-04 -1.9032054972e-04 2.4719229576e-04 1.3326648015e-04 3.4507709605e-04 1.0723103999e-03 6.9087412624e-04 -3.9625906469e-04 3.5575853580e-04 -7.1757082989e-04 1.0110324448e-04 -1.1925395932e-04 -4.0460537469e-04 -8.0190270326e-05 -5.6297924063e-04 -3.0351472489e-04 1.9250785274e-05 -1.5427086475e-05 1.9283105295e-04 -4.5084563390e-04 -1.1537779611e-03 4.3533180517e-04 -1.8831034645e-04 -2.1273225344e-04 -2.6356398143e-04 -4.5582120224e-05 4.9028757824e-05 1.4636509149e-04 3.0491760305e-04 -4.9076040114e-04 2.7895827470e-04 -2.8939846837e-04 -6.1305178424e-04 2.6811454868e-04 -3.8580832282e-04 1.3211106745e-04 6.6500371798e-04 -8.3668790742e-04 -1.0077959181e-03 -3.7463093600e-04 4.1447524685e-04 -8.3197605933e-05 2.9326808630e-04 -1.8474081468e-04 -6.8398092641e-04 8.9894349210e-04 -4.7512469783e-04
1.9787057306e-02 -2.3940592240e-02 2.3439051542e-02 -2.0463491130e-02 -1.8189979949e-02 -2.1011539177e-02 1.8038429139e-02 2.3283107468e-02 -2.3901886623e-02 2.7192880821e-02 2.3765967560e-02 -2.4207702497e-02 -1.7367204645e-02 1.8196880331e-02 2.3334437552e-02 1.9081745382e-02 2.0059471219e-04 2.4145168998e-02 2.1596490727e-02 2.5413559757e-02 3.7541998801e-02 -2.0178432432e-02 2.3194812208e-02 2.2481547081e-02 2.3961978266e-02 -2.3342675194e-02 2.0779464257e-02 2.3809680890e-02 1.8856240645e-02 -1.9022426976e-02 2.3150126746e-02 3.8429611720e-02 2.3666741564e-02 -2.6196033894e-02 2.3322618746e-02 2.3858628208e-02 2.3828572189e-02 2.0836677358e-02 1.9383606724e-02 -2.5317927937e-02 2.6676372489e-02 2.3024762162e-02 -2.2769739175e-02 -2.4729104235e-02 -2.5153721794e-02 2.4240069868e-02 -2.3608586468e-02 -1.9060617366e-02 2.1342422719e-02 2.6811327964e-02 -2.1549489002e-02 2.6454339525e-02 -1.8653764559e-02 2.1715456206e-02 -2.3501585132e-02 -1.7563290642e-02 2.3211022239e-02 -1.8031999747e-02 -2.8006544197e-02 2.7081901260e-02 -2.0523083846e-02 -1.9366662657e-02 1.7253533147e-02 2.4458976578e-02 -2.4519821333e-02
4.0614789547e-04 -1.2633902740e-03 -1.1530143528e-04 -2.4117310910e-04 1.5304240194e-04 -1.5095933523e-05 -1.9144721700e-04 8.3359421958e-04 -6.0940544203e-04 9.1758359551e-04 -2.7928566342e-04 2.8426890207e-04 -9.9106686874e-05 -4.1774478100e-04 -4.6696266303e-04 -2.8330704028e-04 -2.2629916857e-04 8.8671518964e-04 1.7161612883e-04 -4.2702859797e-04 -6.1806649758e-04 -4.6340570595e-04 -2.1961284189e-04 2.3639527328e-04 -2.1170431986e-05 -7.4895557750e-05 -2.3909401479e-04 -1.3097390778e-04 2.3044352563e-05 1.8372296335e-04 1.3754780329e-04 -8.6985317333e-04 -1.0671056653e-03 7.5373513446e-04 -1.1366617915e-04 1.7640964909e-04 1.7786411142e-04 5.5045691188e-04 4.1390882916e-04 8.3765526238e-05 5.9708378872e-04 -1.3012559394e-04 3.3254059170e-04 2.6804519712e-04 3.8697377860e-04 -9.6358314894e-04 3.0224044850e-04 6.6542636574e-04 -5.3591828447e-04 2.1794524947e-04 4.5393185596e-05 -1.1924819863e-03 6.6173814776e-04 -3.3642491734e-04 1.1047981286e-03 2.9646973993e-04 4.5602572039e-05 9.3031322903e-05 -7.2640258534e-04 -4.4586694897e-05 6.1618655367e-04 3.7008694362e-05 -2.8547175332e-04 -6.7552733588e-05 -1.3177416092e-04
-9.4306320720e-04 -4.5604100355e-04 4.8968806537e-04 -1.5301192496e-04 -3.5920303410e-04 -7.9720138384e-04 -2.0310401039e-04 -4.8787049919e-04 9.6705033000e-05 -1.4727126404e-04 7.2414759123e-05 -8.7664663037e-04 5.9482208250e-04 -2.4026098905e-04 -1.0731954707e-03 2.7385836009e-04 3.4714793863e-04 6.1868175749e-04 -7.6676703178e-04 4.7931974986e-04 -3.8995708338e-04 -2.4882047496e-04 3.3608342500e-04 6.0107054862e-04 6.6153661854e-04 1.0040644730e-04 -7.7424213154e-05 5.3363419881e-04 2.9074850477e-04 3.8544421463e-05 -1.9418189200e-04 2.6475083545e-04 8.1399054666e-04 2.1114374154e-05 -9.9163382727e-04 -2.1362299422e-04 -2.4213329119e-04 1.8732027317e-04 -6.7117075633e-04 -6.0188309588e-04 -3.7125938071e-04 2.3628003501e-04 -1.2817353028e-05 6.1822765276e-04 -9.0187395758e-04 -8.3749853074e-04 4.3285975239e-05 -1.8796371919e-04 -4.1459598484e-04 6.9958221698e-04 4.3188102824e-04 -5.0038875351e-04 -1.9517213079e-04 -8.1863946486e-05 1.1026543693e-04 -1.5321335374e-05 -7.4355645897e-05 3.8821587806e-04 -1.8006691397e-05 8.6756785128e-04 -3.2670480151e-04 -5.3179080752e-04 -6.3049279017e-05 -7.7473685170e-05 -8.0585789752e-04
-8.3399064259e-03 1.6004289577e-02 2.8962970891e-02 7.2547577821e-03 -1.0951948187e-01 -4.6053291108e-02 1.0753054208e-01 5.1092672569e-02 5.8589970070e-03 4.9232690179e-02 -3.2866105651e-02 1.7667803700e-01 7.0035398060e-02 5.1297411406e-02 -7.6422332607e-03 -8.2923346358e-02 2.3393629873e-01 -6.6143627571e-02 -2.9058734929e-02 5.8590893094e-02 5.5632518004e-02 6.0947000690e-02 5.7455551435e-02 -4.9145007004e-03 1.0998647751e-01 2.0967066712e-01 -2.5876748293e-02 -6.5195113846e-02 -8.1971399786e-02 -4.9621908263e-03 4.1335043288e-02 -5.1679564586e-02 -5.6479290313e-02 -1.6596641289e-01 -4.3645787825e-02 -2.9765226428e-01 5.4725650768e-04 3.9706745173e-02 2.2643214744e-02 4.9346655169e-02 8.0604374199e-02 -1.8912853955e-03 -7.6057648152e-03 -3.7906872833e-02 2.0758620503e-01 -8.9024352054e-02 -3.1682001017e-02 -2.0798238089e-02 1.6717600349e-01 1.5606335470e-01 4.1590426974e-03 -7.6071564941e-03 2.3093031253e-02 -1.8713689363e-03 -5.5788167166e-02 -1.1530768081e-01 7.2006717742e-02 6.6679133435e-02 -4.2763411499e-02 7.2271727952e-03 -6.5141467782e-02 1.0495422117e-01 -3.3759072062e-02 6.0780648171e-03 -6.0274749609e-02
-9.8438388920e-06 3.1972858947e-04 7.0623450966e-04 -2.6142432035e-04 -3.8709674887e-04 -4.4590945686e-04 4.0257619149e-04 -2.2207169225e-04 9.6698944090e-04 -2.9400705217e-04 8.2035719893e-04 -1.8054530809e-04 -5.0395434547e-05 -9.0257986223e-04 2.0678859515e-04 8.8889516117e-05 -2.9423315475e-05 -7.5588923162e-04 4.0931787081e-04 -2.9929028342e-04 -1.0940657902e-03 1.3122836306e-04 -1.7898750864e-04 3.2913916900e-04 -3.4793708883e-04 -3.0451601297e-04 -5.8949584031e-04 8.2678397823e-04 3.8754403851e-04 3.1552122104e-04 -7.8640001557e-04 -1.5821229508e-04 1.9643492241e-04 -1.3392390635e-03 -6.8498991952e-04 2.2228150152e-05 -5.0061401663e-04 3.4823180804e-04 -2.2606794422e-04 -3.1675487306e-04 2.5682974180e-04 5.7657885705e-04 -3.4665425499e-04 -3.7507499904e-04 -6.8054443375e-05 1.0584577412e-03 -5.3023086705e-05 -4.3067407421e-04 7.4355007459e-05 7.7260092229e-04 5.5766305267e-04 -3.8130282258e-04 -2.0537013824e-04 2.9105229040e-04 1.9633245688e-04 -7.4265063376e-05 7.6476491570e-04 5.6320058069e-04 1.8438762618e-04 8.9406142474e-04 -4.5727584713e-04 3.1969109936e-04 -3.1795965607e-04 9.8312368215e-05 -6.9513262599e-04
-2.4883566580e-04 -1.7933658945e-04 -1.9870699885e-04 2.6784543410e-05 -8.6193202319e-04 -3.5036319616e-04 -5.5792128879e-04 7.1280661743e-04 -7.2293358484e-04 6.7782032879e-05 -5.0482778864e-04 6.4214930124e-05 -6.2092184051e-04 5.0004329994e-04 5.0026328366e-04 8.8480512966e-05 8.0322608210e-04 6.5685862522e-04 -1.8262634945e-05 -4.0868854079e-04 -6.0155486662e-04 8.5449012153e-04 5.8001229833e-04 -2.3093085494e-04 -6.8258851549e-04 7.2190324107e-05 -3.3334776556e-04 -4.8462718886e-04 -2.2261058750e-04 1.7439270501e-04 -2.2089891731e-04 2.2007203724e-04 4.4272687867e-05 -4.0917065046e-04 -3.5956978790e-04 7.4654317509e-04 2.9865048221e-04 6.8455159126e-04 -5.5593058158e-04 -4.2967793713e-04 4.1815634584e-04 -1.5598824349e-04 5.2708843831e-05 -5.1140325699e-04 -3.9479491992e-04 -8.5642538705e-04 -6.8401142619e-05 -4.6995219981e-04 4.8242355164e-04 -6.3070430988e-05 -5.4721507182e-04 -1.3726389704e-03 9.5359492661e-04 -5.1694151371e-05 7.7364621488e-04 -4.6486889759e-04 6.9443498914e-05 -3.1851263412e-04 -7.2759592032e-04 1.3641982710e-04 7.0411492849e-04 2.5115876855e-05 4.1170924796e-05 -8.9935651501e-05 3.3018362515e-04
1.0401081650e-02 3.9806537290e-02 3.3200639473e-02 1.8454256570e-03 -1.4244710359e-01 3.4769581747e-02 -6.1431500481e-02 -3.0293910061e-02 2.7988953289e-03 -1.3390148724e-02 1.5410757031e-01 -8.0472326576e-03 -9.9173421790e-02 -3.2890921313e-02 5.3366254011e-02 1.9513033604e-02 -1.8539638561e-02 -5.9532093204e-03 -9.2190205572e-03 8.6099924400e-02 4.4254745248e-02 -5.8998830745e-03 2.7833280942e-02 -5.3263578086e-02 3.5195124105e-02 1.8666387276e-01 3.3077569880e-02 -8.0914736174e-03 3.8278819105e-03 1.7041001866e-02 1.7689865141e-02 -2.5647965792e-02 2.5941784089e-01 7.4535946746e-02 3.7990450948e-02 3.9062285195e-02 1.2313477846e-02 5.0239051556e-03 8.9507733786e-02 -5.7522114574e-02 -3.9867890885e-02 1.4007421815e-01 5.5838385724e-03 4.4131307097e-02 4.9626183239e-02 -2.7202184668e-03 4.0530351839e-03 7.8826867599e-02 4.1553447622e-02 -2.1016533748e-02 2.6478961761e-03 3.3121506199e-03 7.7467291470e-02 1.6840124658e-02 5.6787852953e-02 5.8063056079e-02 -8.2650664089e-02 -2.6887537464e-02 -4.7478821249e-02 -5.5186007192e-02 -2.9864722502e-02 -1.0595721246e-02 -5.6814221883e-03 2.4245804384e-02 4.4434745026e-02
-7.0895559905e-04 -1.1458913126e-03 2.9174162062e-04 3.2386247952e-04 -2.7028193251e-06 -4.0120458082e-04 5.8810757311e-04 -2.6894872001e-04 -6.5153501462e-04 6.6698407325e-04 -6.5084012506e-04 -3.9585160875e-04 -6.8585307667e-04 7.3585170157e-04 -3.1745436956e-04 1.0044519188e-03 7.5063293232e-05 6.1866169966e-04 6.1657900715e-04 -2.8803145475e-05 1.2766780125e-05 -6.0313339112e-05 3.0737858439e-04 6.7529980848e-04 -3.9279445693e-04 2.6242032000e-04 -1.3076682241e-04 5.0881186056e-04 -1.7485513470e-04 2.0511674581e-05 5.7863733800e-04 2.7186871917e-04 5.6079840286e-04 -2.7206323251e-04 -4.5812096888e-04 -8.0058706867e-04 2.4746282937e-04 6.9712223674e-04 5.4445163521e-04 6.3673730087e-04 4.7888881721e-05 -1.1348412590e-05 2.6884688376e-04 -7.7310003278e-04 1.0203782754e-03 1.7168965585e-04 8.0876759241e-04 1.0894237129e-05 1.1156830953e-03 -3.8545886495e-04 -4.8532986655e-04 -8.7462108797e-04 1.5909462568e-04 -8.8791227697e-05 7.1869123078e-04 -8.1197557458e-04 -8.2793059047e-04 -3.4567006083e-04 7.5048002950e-04 -3.3592709610e-04 -1.3983167589e-04 -5.9441269232e-04 -4.4459317333e-04 -4.1443018184e-04 -4.7379072754e-06
-1.2202143576e-02 6.7691491454e-02 4.5237549671e-03 1.2135028765e-02 6.3486536071e-02 -1.1728498387e-01 -2.9086502616e-02 -3.1588041593e-02 4.6415986338e-02 7.3982441107e-02 4.2886408427e-02 -4.5710525887e-03 -8.3489585832e-02 -7.8641842342e-02 -4.6396247759e-02 -2.6253422638e-02 3.4354986830e-02 -2.7594142357e-02 -1.2452074251e-02 -2.8301061919e-02 2.4825479729e-02 -5.9238529256e-02 1.1378987864e-01 -3.9144893430e-02 1.2970555854e-02 -8.9472453298e-02 -7.4019437749e-03 -4.3049019625e-02 1.2108454506e-02 -5.7611279358e-02 2.7628236666e-03 -1.2735536832e-02 1.0870857330e-02 2.3039493509e-02 -1.4442145172e-02 2.1068588137e-02 -1.8241677748e-02 1.9839796418e-03 2.7985738861e-02 -1.3229875686e-02 -2.6370485201e-02 -5.0974664848e-02 5.4789654664e-02 -4.6792732658e-02 -5.6555311691e-02 3.2434616409e-04 5.3043330881e-03 -2.8310268739e-02 4.1905186839e-02 4.2745828440e-02 -2.4753603394e-02 -1.2910972493e-01 8.5211419913e-02 4.0961961296e-02 3.1943221900e-02 6.4701837897e-02 9.9751167561e-03 2.9161089157e-02 5.0807253634e-02 7.4836351964e-02 -5.2593499269e-02 4.5707639582e-03 5.7225112900e-03 9.8332739872e-04 -7.9450496601e-03
1.8966059306e-02 3.8901621522e-02 -2.5126811594e-02 5.2511898676e-02 -2.4717222386e-02 -9.8518762453e-03 -5.0521169920e-02 4.4753249612e-02 -7.1365792843e-02 3.5001749601e-02 -1.9332359495e-02 3.7320768345e-01 9.5397755142e-02 -5.7676448513e-02 8.0555915417e-04 7.9492555763e-03 3.5360199065e-02 -5.5872277531e-02 -5.3148650102e-02 -1.9921865452e-02 -2.2087913586e-02 2.1429194356e-02 -2.5148970064e-02 -5.9646659115e-02 5.6704193833e-02 -3.0398053992e-02 -3.2236922119e-02 -3.2376159060e-02 9.8730384327e-03 -3.8405380715e-02 2.2176081928e-02 5.5017006404e-02 6.7817801702e-02 8.6924824311e-03 -5.1648213155e-02 -7.1892870768e-02 -3.9812621940e-02 -7.9547554856e-03 3.9722597118e-02 3.7920645363e-02 1.1264361985e-01 -7.6946954853e-02 1.5587745635e-02 2.6283306030e-02 3.2871044017e-02 -1.9906906289e-02 -2.8259906132e-02 1.8722087733e-02 2.0368131479e-02 -5.6675876411e-02 -1.6630034334e-02 -5.5864829789e-02 4.5241329313e-02 -2.4539057361e-02 7.9593151400e-03 2.5202905985e-02 2.8078921101e-02 -2.1362196341e-02 -3.9999655017e-03 5.4678467454e-02 1.5872495391e-02 -9.8353307661e-02 -3.8035216685e-02 -7.0782662228e-02 6.0547314948e-03
-4.2798364358e-02 2.2690569940e-02 -8.4684341808e-02 1.5982637334e-02 -3.0044302388e-02 3.7268462447e-02 4.1662029809e-02 3.3237404215e-02 -1.6296335476e-02 1.1305163232e-01 6.5936186946e-02 8.2326715719e-03 1.7614614662e-02 -3.4179505908e-03 7.0208229174e-03 -5.5674461992e-03 -2.4233105110e-01 -1.2254981415e-02 3.4877268736e-02 -4.4988490772e-03 2.5320109321e-02 -1.6245321596e-02 4.2102656607e-03 2.7023287722e-02 -2.6787551414e-02 -7.7370675778e-02 3.8074871752e-03 7.6444203507e-03 3.2420265687e-02 -3.0120485705e-02 2.5096552058e-02 -2.1562354290e-02 7.9413356603e-03 3.1218365077e-02 -1.7638858189e-03 1.5552839044e-01 1.2261156905e-02 -7.0370261435e-02 1.1480549084e-01 -5.7247429678e-04 -8.6691805468e-02 -1.2678317273e-02 -1.2266982147e-02 -6.1345585237e-02 2.3967894086e-01 4.9199561620e-02 -1.1103061322e-02 -8.7082354800e-02 1.5831892316e-02 -1.2427428242e-02 1.4404736142e-02 -3.6748458785e-02 -1.0783081943e-02 -9.2473132769e-02 -1.9483745057e-02 9.0405310101e-02 1.2824650125e-02 -2.3132210108e-02 -4.0419798819e-02 3.0578580168e-02 8.2825917452e-02 -1.4866467190e-03 2.3883413336e-02 2.1527118730e-02 -1.3905471601e-01
-1.0075380378e-03 7.3167927876e-04 -1.5902352141e-04 5.1619219097e-04 -3.8696935151e-04 -2.0761739417e-04 1.3004220516e-05 3.7970894421e-04 2.2675595251e-04 8.6543717307e-04 -6.5898369884e-04 -6.6850976332e-04 8.1687978342e-04 7.9476407638e-04 -1.1164387809e-04 1.4104532255e-04 8.4798691284e-04 -5.8387198155e-05 2.5393383627e-04 -5.5053302344e-04 -6.4767765119e-04 1.5619164173e-04 3.5927481379e-04 -9.4680614169e-05 2.6375616919e-04 4.9161750992e-04 9.5245834803e-04 -4.0898383906e-04 4.9581000676e-04 1.6005758620e-04 2.9840446871e-04 4.0987823645e-04 -5.8625074306e-04 -1.8553040873e-04 -1.4569559979e-04 -8.0825802281e-04 -3.2068006508e-04 1.2415301115e-04 -3.4970031654e-05 9.7352512603e-05 -3.1775320570e-04 -3.9485494969e-04 -5.2103329528e-04 -2.4623550297e-04 -2.8682759351e-04 -3.9279780543e-04 3.5902299163e-04 6.5798371319e-04 -1.6327936876e-04 -6.9312823931e-04 -2.3956185225e-04 -9.1677326632e-05 5.5723282204e-04 -5.0742431277e-04 -4.9002678063e-04 9.5878255340e-04 -1.9539531529e-04 3.5208330210e-04 -5.0019855571e-04 -5.3096792241e-04 -1.6448828525e-04 7.7791361508e-04 -5.6782146631e-04 -1.5640463821e-03 1.1093821460e-04
-9.1576028313e-02 -1.2081530042e-02 1.8370126428e-02 2.5140261027e-02 9.2982913699e-02 -4.0590648007e-02 2.8205684179e-02 -6.0304346155e-02 -1.5111395848e-02 -1.0949930529e-02 -6.9159333220e-02 -4.8217071557e-02 4.2425573504e-02 -2.5355046931e-02 -4.8411420829e-03 8.2521873297e-02 -6.0089090170e-02 2.2259373577e-02 1.2432468015e-02 -3.3725438377e-02 5.3971862910e-02 -2.5855794593e-02 -2.3768675057e-02 -3.3672441822e-03 -4.3279415998e-02 -1.4311888693e-01 -7.7047551095e-02 1.2008158936e-02 -2.9265568539e-02 2.7138689645e-02 5.5758348580e-02 9.4577787751e-02 -2.0725159528e-02 6.8108841404e-03 -2.7497888281e-03 -6.1795753133e-01 6.2167388628e-02 1.1204112732e-01 5.0326891755e-02 1.5906877658e-02 1.3437900434e-01 -1.5286147220e-02 -1.0331758392e-02 -1.3208775164e-02 1.5269250787e-02 -2.0068289700e-03 1.5356312262e-02 -3.7713926148e-02 5.1217125726e-02 1.7777373724e-02 -8.1794591420e-02 -2.1174461547e-02 3.1352580959e-02 -1.0960885554e-03 5.7714405775e-02 1.7528827162e-02 3.8844265025e-02 5.9778674364e-02 2.4810226879e-02 9.1082552283e-02 1.2120280542e-01 -1.4000545303e-02 3.1027716105e-02 -7.0941440111e-03 1.8757498294e-02
5.6930495432e-04 3.3500495698e-04 -2.3320557646e-04 -2.7241417972e-04 3.8181801477e-04 7.3423512196e-05 -1.1567600353e-04 7.0297894840e-04 -1.2257824683e-04 4.4556024456e-04 -1.3114338826e-04 -5.7914017049e-04 -2.9485794088e-04 2.4389406640e-04 -4.4929795983e-04 -6.2952208291e-04 -3.6329636512e-04 1.5899768462e-04 -6.3287284565e-05 -6.6219511559e-04 -3.6188738605e-04 -2.2423905723e-04 1.8293013987e-04 -2.8228291084e-04 2.9060391417e-04 -4.4298005649e-05 2.8733046861e-04 -4.2513920986e-04 -6.9764695186e-04 6.5241073960e-04 -5.6325259913e-04 4.7086223316e-04 2.1012921902e-04 3.2979834446e-04 7.0028520071e-04 8.1699222159e-05 -6.7850543966e-05 1.1973266174e-05 1.1216898715e-03 1.6154466391e-04 1.0546615559e-05 -3.2490341880e-04 4.4837737155e-04 -5.0655009573e-07 5.9561080478e-05 -3.0920657540e-04 -3.7195502938e-04 -6.4802327006e-04 -3.6395406239e-04 -5.7318495549e-04 3.7889107280e-04 -1.6248809898e-04 -6.3366201439e-04 2.9325497725e-04 -3.1870587708e-04 6.4901054041e-05 6.1997292798e-04 1.3240171312e-05 4.7368720586e-04 -3.1061535486e-04 6.9696109734e-04 1.2713067959e-04 -4.1773949002e-04 1.1147261072e-04 9.6421997803e-05
3.0002175102e-02 2.7877514023e-02 -7.7968039321e-02 6.2619974044e-04 5.3467403123e-02 -9.9398653372e-02 -1.1944617033e-02 -3.0295901958e-02 -5.0365829439e-02 -4.5674177989e-02 -4.9105736519e-02 -9.0353307686e-03 -1.8675776577e-02 -4.4544303925e-02 1.5019643546e-02 -1.7392079639e-02 -6.6933563739e-02 -8.4779694868e-03 2.0368688077e-02 -4.6558963254e-02 1.7905629446e-02 -8.8290722648e-02 -2.4213773061e-02 6.6847202488e-02 -5.0599757723e-02 -1.2930302246e-01 4.9887847438e-02 -4.9618465954e-02 -2.3226188167e-02 -4.4847539674e-02 7.2558418982e-02 -2.3037405476e-02 7.8477087103e-03 2.0094918179e-02 3.1618121816e-02 1.6665666993e-01 -3.8657014887e-03 -3.6114892601e-02 2.0203918870e-02 2.4993952487e-02 4.8910063802e-02 3.9149571064e-02 1.4296782912e-02 5.6013562340e-02 9.3005849685e-03 -2.1908041813e-02 -3.7467852040e-02 5.6777526834e-02 -6.1585804887e-02 2.1872366310e-02 2.6365862395e-02 9.5106303557e-02 -3.1429159323e-02 -6.9391105398e-04 -2.5802972777e-02 -2.0823604033e-02 1.7017642142e-02 -3.9752530458e-03 2.0020993665e-01 4.2578726128e-02 4.3079076337e-02 -1.1046978212e-01 3.1198856642e-02 9.4449860499e-02 3.4712137120e-02
1.9218988386e-05 7.4955843749e-03 8.1409455309e-03 1.6295825747e-02 1.0494510603e-02 7.8887465710e-02 -1.0263476029e-01 5.8158368681e-02 -2.5203306153e-02 8.7545542610e-02 1.3804241591e-02 1.6182698348e-02 6.0054809099e-02 -4.1856237129e-02 -1.7874544169e-02 1.2946930667e-01 -2.7137289201e-01 -3.7071075408e-02 -1.1463838505e-03 9.7212825332e-03 -6.1120030630e-02 -5.2132859946e-02 -2.6487428156e-03 1.1405500807e-01 8.0505955645e-03 7.5246775705e-01 4.5743854970e-02 -1.2956446258e-03 -1.3703353111e-02 8.4375484632e-02 1.0250994419e-02 -9.0075069793e-03 9.9836022202e-02 9.8637628493e-03 -7.4013870463e-04 7.5193476599e-02 2.1293869927e-02 -1.4818208202e-02 -6.0670856456e-02 7.2024316533e-02 -5.8494645559e-02 -5.9982948716e-02 -5.3625434776e-02 3.4915421232e-02 5.2025436564e-02 1.7696624987e-02 6.8163021799e-02 -1.4858380015e-02 5.5915677902e-02 8.7630288662e-02 -3.2424939274e-02 1.2203416814e-01 1.1655009569e-02 -8.4457247037e-02 -4.0809153968e-02 -1.3790424723e-01 3.9782385357e-02 -2.6549315467e-02 6.9914952579e-03 -6.0601888307e-02 -9.1414970657e-03 -4.1115488549e-02 -2.2694106454e-03 5.2693573465e-02 -2.7523167043e-02
7.9434560648e-04 -7.3212314670e-04 1.7754475104e-04 -3.6321453154e-05 6.4848597929e-05 5.7957007422e-05 -4.9121586728e-04 5.5459403998e-04 5.3955622041e-04 5.7748193305e-04 -2.2885108353e-04 -1.1141976021e-04 4.5891533174e-04 -9.6973258881e-05 -1.1983430153e-04 9.4045955154e-05 8.3977674583e-04 -7.9077848524e-04 -2.5488718943e-04 2.5843991906e-04 6.3070973580e-04 7.3772813015e-04 3.1281721053e-04 5.0149723585e-05 -3.3742197317e-04 5.6345252424e-05 -1.0180439047e-03 4.3920481839e-05 -5.4818079909e-04 1.6464000510e-04 -6.4860934158e-04 7.7177024293e-04 3.0903759485e-04 -1.3991858781e-04 -5.2970494497e-04 -3.6787989821e-04 1.9330135020e-04 8.8575980541e-04 -5.0063239585e-05 -5.9861637909e-04 3.0328065286e-04 3.2478961612e-04 -2.8195988415e-05 -2.4348412296e-05 1.3705675874e-04 -2.3820780411e-04 4.4784892400e-04 2.0589013731e-05 -2.0593583766e-04 4.8764227580e-04 8.3073763380e-04 2.3104559533e-04 -3.6218377746e-04 2.7782133528e-04 4.8537484414e-04 -3.1662349868e-04 2.9465737795e-04 5.2289072368e-04 5.0539819410e-04 4.3089930543e-04 -4.5101830520e-04 -2.7617726719e-04 -4.4428307390e-04 5.3788840512e-05 -7.8577529475e-05
4.5339528240e-02 -3.2180329275e-02 2.0574235293e-02 3.6724969014e-03 3.6052861383e-02 -9.6621481430e-02 -3.8065512346e-03 7.6232913608e-03 -3.5201571407e-02 -3.1378681976e-02 -1.4195728233e-01 -2.5916390880e-02 7.9836651505e-02 8.1599953897e-02 -9.1847932937e-03 -5.1143531320e-02 1.7538750757e-01 2.9900529031e-02 -8.3751386644e-03 -9.8855641292e-02 6.4655821023e-03 -5.7723761902e-02 1.3279162451e-02 -6.1271896446e-02 4.4109964572e-02 -2.1620981937e-02 -7.8199803630e-02 -2.4856251630e-02 -4.0009070524e-04 -6.2384874167e-03 6.4127496956e-02 3.0407580919e-02 4.0636711447e-02 -4.2185376932e-02 2.7061438427e-02 8.9600989021e-02 -1.3786887071e-02 -1.4717093967e-02 1.2378465293e-02 8.2778386913e-02 -4.1052197221e-02 5.8309513328e-02 -6.7280775914e-02 2.3172387630e-02 -7.2432605110e-02 1.5072623198e-02 -6.2412194393e-02 1.0711952596e-03 7.9100239637e-04 8.7874700172e-02 7.2894255273e-02 -1.3426517868e-02 1.2840941505e-02 3.8097362914e-02 2.6317256559e-02 5.4259868926e-03 -9.6600438457e-02 -1.6817682866e-02 3.5690389097e-02 -2.7592522124e-02 -2.9561242541e-02 7.6990021373e-02 -8.8870348468e-03 2.6601281865e-02 5.0590043546e-02
7.7120781988e-03 3.4266319576e-02 7.4258308095e-02 -1.8514392531e-02 -7.2585662038e-03 -8.8317237338e-02 2.4983918424e-02 -2.4058820603e-03 2.5191955868e-02 3.2341089432e-03 4.0366636107e-01 2.8214472400e-02 3.3613729121e-02 2.1990251806e-02 4.3583978373e-02 -4.1188426289e-03 7.0559447116e-02 -8.2365243748e-02 7.9509083458e-02 -3.2358721762e-02 -4.8521051793e-03 -1.4077933122e-02 -3.1294930925e-02 3.8732974246e-02 9.2368311024e-02 8.8623915042e-02 2.9578191093e-02 -3.5527423394e-03 -1.8841495659e-02 2.1056054490e-02 6.0287740243e-03 7.0940551468e-03 -1.0539432876e-01 -4.9698251321e-02 -2.4904613022e-02 2.3919656750e-01 7.0369913534e-03 -1.1648472233e-02 5.9809603052e-03 -1.0051204110e-02 -1.2496707762e-02 -4.2203336773e-02 4.0162570705e-02 5.7201625882e-02 1.7285519767e-01 -4.7245081089e-02 -1.2682085522e-01 6.0025639586e-03 -2.4321954553e-02 5.1857410425e-02 -8.5956377471e-02 -3.6000996416e-02 1.9206320114e-02 2.4539240827e-02 -8.6840294972e-03 -8.4728891634e-03 -1.2121449834e-02 -4.5964796510e-02 3.9834821676e-02 1.0021505153e-02 4.0832894724e-02 4.8856967480e-02 -3.6066850014e-02 6.8844757387e-02 -1.3508429827e-03
-5.6500166070e-03 -1.1891780999e-02 4.4562758110e-02 -2.5040285306e-02 1.9828296781e-02 7.2474314869e-03 2.0710721556e-02 3.8143255562e-02 -1.7305660809e-02 -1.2963078539e-02 2.2295048730e-03 -6.4893856966e-03 -6.6974421571e-03 -2.0324602499e-02 4.8264000997e-02 -1.2868337097e-02 -1.7439077753e-03 3.7437307716e-03 -4.3702862049e-03 -6.1041089127e-02 -2.9934052558e-03 -1.5089437123e-02 6.6903930684e-02 -3.2354341952e-02 9.7663171570e-03 5.1302643421e-01 3.7184477584e-02 -1.8549026035e-02 3.8311536571e-02 1.1920296139e-02 3.2696281173e-02 3.2323306954e-02 -5.0014186370e-02 1.3660053768e-02 5.0690325525e-02 3.3066614740e-03 -6.5963245657e-02 -3.7923230891e-02 -1.1900445980e-02 -3.7723366907e-02 -3.7349479102e-02 -9.2181861474e-02 9.2588892589e-03 2.3036790567e-02 7.8050497101e-02 1.8681874701e-02 -1.3640238924e-02 -1.0600916115e-02 -1.0155410160e-02 1.4344695215e-02 -1.5063647348e-02 1.7629845612e-02 -1.4561061076e-02 7.5465973168e-03 3.0301159911e-02 4.4379917763e-02 -3.9485002521e-02 -8.4435448816e-02 1.7532003993e-02 2.1956195945e-02 -4.7681894405e-03 -2.7887782104e-02 -1.3535614080e-02 2.8233336098e-02 4.3510433199e-02
-4.9832989218e-04 1.3996606922e-04 -9.4824708037e-04 6.0453054249e-04 -5.0338630003e-04 -4.9407602409e-05 1.2595060529e-04 -7.6424256844e-04 3.6337628567e-04 7.5701738929e-04 1.6821651200e-05 2.6397479812e-04 3.4495187110e-04 -4.2932550096e-04 8.6951889390e-04 3.2509594507e-04 -3.9335550335e-04 2.9863615254e-04 -7.6565911736e-04 8.5665359863e-04 -1.4006781283e-06 -5.4157154872e-04 1.2936994545e-05 -2.7245550964e-04 8.3459777032e-05 -2.9767977730e-04 -6.8034332998e-04 2.3996876300e-04 8.3473623043e-04 2.9488845095e-04 1.0989487053e-04 -6.2730668231e-04 6.5616612813e-04 -8.2436398704e-05 -2.1825505486e-04 -6.3140684248e-06 1.3586013986e-04 3.2375453199e-04 2.6273294408e-05 6.9625353535e-05 6.1976257676e-04 -2.1450401718e-04 1.4819025335e-04 6.0108465395e-04 -9.5100192365e-05 3.4112730191e-04 1.6141486750e-03 1.1712406409e-04 1.9402700997e-04 -6.2742411743e-04 -4.4744976444e-04 -6.7875054277e-04 3.8685604052e-04 3.1734829929e-04 -3.3836358144e-04 -6.9746206199e-04 2.4196693775e-04 5.1738494228e-04 3.0799977133e-04 2.0238596450e-04 2.5761748526e-04 4.3337801246e-04 -3.2167764962e-05 -4.7879342859e-04 -2.5709226646e-04
2.2088311920e-04 -2.7432609009e-04 2.3548667786e-04 -7.3640846278e-05 -2.0119417870e-04 4.0161530868e-04 1.2264330280e-04 -7.1569897936e-04 3.4554972253e-05 5.3033784926e-05 1.1549839210e-04 -5.1217226206e-04 -1.0875745127e-04 -9.4707356340e-05 -9.8341391092e-04 2.3379331031e-04 -4.1687656575e-05 -2.0234407660e-04 -2.0514292884e-04 -1.5151745799e-03 -3.2787408685e-04 4.9983602119e-04 6.4287304549e-05 -9.0886898580e-04 7.6767468443e-04 -7.3816706682e-05 4.9921363442e-04 -5.3642460991e-04 3.2355937864e-05 -9.2817675421e-04 -1.1249195969e-04 -5.1194897514e-04 2.6041363186e-04 -5.4253063277e-05 3.5897559853e-04 -7.8501338303e-04 3.8309569961e-04 -6.8688480760e-04 1.9108824930e-04 3.9941217943e-04 3.6062627734e-04 -2.6662014664e-04 4.8216798563e-04 2.4925454813e-04 -7.6317187790e-04 6.5297790526e-04 -6.0690380894e-04 1.5872771197e-04 6.7044236368e-04 3.7298710638e-04 1.7297511599e-04 5.0994891145e-04 3.6341956211e-04 -1.7068077797e-04 1.0916288364e-04 2.9885938212e-05 7.6771164322e-04 6.8443051806e-04 2.4963757485e-04 -2.0543344410e-04 5.0844141582e-06 -1.5280901606e-04 7.9273203302e-05 1.3160916689e-04 7.0931420213e-04
-3.7066167133e-04 -9.0562799152e-05 -1.1046375207e-04 -2.4498212524e-04 -6.6775550738e-04 2.9261006373e-04 -5.2581558888e-04 -2.8838148432e-05 -9.6622717433e-04 -1.0414586442e-04 1.7340016303e-05 2.9629361194e-04 -2.8331081900e-04 8.6646475184e-04 2.2563265803e-04 6.8536145342e-05 -3.7195338510e-04 5.6342294945e-04 -8.1444496285e-04 -3.4804893873e-04 -2.7233594678e-04 2.8318406060e-04 2.7358002697e-04 3.8641368127e-04 -2.0713264326e-05 -3.6892602136e-04 3.9160665203e-04 2.5992034974e-04 8.1005029709e-04 6.5628852074e-04 1.4907866250e-05 8.8197999997e-04 -3.6686576754e-04 -2.9739791017e-05 -1.2572082845e-05 5.7652225803e-05 3.1114375072e-04 -3.1211576096e-05 7.6073678955e-05 -4.5824290870e-06 9.8936515502e-05 2.7152801683e-04 1.7299261100e-04 8.1143210670e-04 -8.7163904823e-04 -6.7984707828e-04 -8.9294995160e-05 7.3859057761e-04 3.6841764356e-04 7.4500593284e-04 4.1861054783e-04 -6.3485757877e-04 -6.4154376660e-04 -2.8283512018e-04 -9.2368166420e-04 3.6112133277e-04 4.9525096498e-04 -4.9642493359e-05 2.1255958691e-04 -4.5646986457e-04 4.3372613075e-04 -3.9032183070e-04 1.1105642575e-04 1.4790653070e-05 6.5196572728e-04
4.4392017758e-02 -4.0837434721e-02 4.2347081290e-02 -3.8002007923e-02 4.2656745814e-02 -3.5905877866e-02 5.0837395232e-02 3.0045428712e-02 4.8675842448e-02 3.6928641710e-02 -2.0767450197e-02 3.8833331941e-02 -4.4157709776e-02 1.6263562913e-02 -1.9756440745e-02 6.4926591929e-03 6.3094126107e-02 -6.6811019137e-03 1.2831296575e-02 -2.9787014765e-02 -6.7384641035e-02 1.2368268468e-02 -2.2453908874e-02 -5.7780860582e-02 2.9355656256e-02 8.6725166861e-02 -2.1982242070e-02 7.6635197858e-03 -5.3093728534e-02 -9.3932515404e-02 2.4538219639e-02 -7.3034268133e-02 1.6533739072e-03 5.7454769775e-02 6.7972021079e-02 -3.1121926502e-02 -2.8828514839e-02 -4.0023958691e-03 1.3698320764e-02 2.4376527582e-02 1.4426127826e-02 -1.2674503897e-01 -2.6825178371e-02 1.8841547298e-02 -7.0175134897e-02 -2.6866753535e-02 1.4130623280e-02 5.0597227622e-02 1.4530242575e-01 -3.9402628434e-02 -3.8169566212e-02 2.3769115788e-02 -1.4787947827e-02 5.5907631451e-02 1.4329500498e-03 1.0171031736e-02 1.6505773854e-02 -1.6937498715e-02 -8.7558482553e-02 -6.0365492446e-02 5.5946863733e-02 -2.1452532453e-02 4.0794049977e-02 7.9382765508e-02 1.1870611526e-02
8.8023037632e-03 -8.6446166283e-03 -1.4546510596e-01 2.7164842848e-02 3.3582108326e-02 3.3732412725e-02 2.6473009368e-02 -1.7475113293e-02 -7.7784356390e-02 -2.5284950145e-02 5.1661872972e-02 1.2355395004e-01 7.9743054569e-02 6.6873911196e-03 9.2517923820e-03 -3.8339571406e-02 -1.0481720965e-01 3.4874311610e-02 -5.0311087132e-02 1.4877099077e-03 6.2782107532e-02 -9.8721334370e-02 -1.5965225812e-02 4.8370745412e-02 -1.6372261071e-02 -2.2507892645e-02 3.2018264702e-02 -4.7104213192e-02 5.7264661708e-02 -5.3344458392e-02 9.9881801511e-02 -1.7898429024e-02 5.7337405600e-02 -1.6104335678e-02 -4.9395977225e-03 -4.7568157958e-02 -3.1066934129e-02 2.9080012945e-02 -9.6332548789e-02 -1.4384746241e-02 1.2512075400e-02 5.4222263143e-02 -2.1755702356e-02 -1.9475728167e-04 1.1986922048e-01 -1.5710374263e-02 -1.0731314412e-02 5.3114316630e-02 -1.9101165600e-02 9.0267084061e-02 7.5744708987e-02 -2.8940300479e-03 -5.2457360284e-02 4.6959650580e-02 5.2386473429e-03 -1.2606561504e-02 2.2752581061e-02 3.3421846477e-03 -1.3485880963e-01 7.1879753866e-02 -2.5732227415e-02 -2.5032279905e-02 5.5070559670e-02 2.0481433049e-02 -5.1166596688e-02
1.2166014191e-02 1.5660104356e-02 -3.7711911098e-03 -1.1674482050e-02 1.2447617349e-02 5.7846612640e-03 9.6808405775e-03 -3.8260230453e-03 -8.1363951102e-03 -3.4041951764e-03 -2.4404038297e-02 2.9274556838e-02 -2.5454171101e-02 -1.1005874126e-02 2.8845377488e-04 1.4223704362e-03 4.4667207824e-04 1.3100300569e-02 1.9139841313e-02 -1.2636589652e-02 -4.5858457832e-03 6.0310489453e-03 6.4872150454e-03 -1.2360047297e-02 4.2019894134e-03 1.3645415690e-02 2.1835923447e-02 -1.0747325453e-02 -1.7367468935e-02 3.4804362924e-03 4.7375516221e-03 -1.3136838138e-02 -1.7488080762e-02 6.8752883696e-03 1.0748164388e-02 -1.3076902666e-02 2.7203397023e-02 -1.7162142653e-02 -3.2955745257e-03 -1.5684243934e-02 -1.3341942877e-02 -5.3497471145e-03 2.2333090030e-02 1.5902175618e-02 -1.3576582394e-02 -2.2823399172e-02 1.3649921469e-02 1.9604616998e-02 1.5581132694e-02 -2.3314408383e-02 -1.6204575163e-03 5.4785764327e-03 -1.0137652703e-02 -2.5559936867e-02 5.9619090678e-03 -1.8780591924e-02 2.1462004312e-03 -1.7066413028e-02 -5.0055327603e-03 3.4953925909e-03 1.1612795841e-02 -6.4811509783e-03 -2.3518982612e-02 -1.2405475230e-02 2.1863765535e-03
-5.7859878976e-02 -1.0560619176e-03 -4.8819468883e-02 -6.1251295881e-05 2.3162342857e-02 -9.0699471306e-02 -3.7813158810e-02 2.3227159810e-02 -3.0223854225e-02 -3.9740954674e-03 5.2036175801e-02 8.2328659737e-02 4.8775543786e-02 -3.1121866147e-02 -6.0559277781e-02 -1.6797193369e-02 -1.0095068046e-01 -8.7434607236e-03 -5.9707215156e-03 8.6905549901e-03 -3.0759230106e-02 3.2159598803e-02 3.0396277975e-02 6.0596119141e-02 -5.0501138691e-02 -2.5941938249e-03 4.1189977047e-02 3.2588076469e-02 2.7470783887e-03 -7.0704503897e-03 -6.4443526571e-02 -2.4165078957e-02 6.1525350059e-02 -4.7989833617e-02 2.9746775068e-02 -6.6781776506e-02 -2.5298996568e-02 -5.3282997575e-04 9.9997210366e-02 -2.1967069192e-02 -4.1688359663e-02 -8.7977315984e-02 -3.1685420699e-02 4.5210599007e-02 6.4988981350e-02 -9.4406907763e-02 7.4172642938e-02 5.8604329989e-02 -9.2333305641e-02 6.0169003048e-02 -7.3432170267e-03 -2.4858006791e-02 -7.7069862085e-02 3.2185150202e-02 3.3630971074e-02 -1.7264633434e-03 -2.5393357735e-02 -3.3503128276e-02 -1.6633953049e-02 -2.9547276373e-02 5.5669460598e-04 -2.7285584083e-02 8.2987925397e-02 9.9858078292e-03 -6.2113855433e-03
-9.3511646404e-05 2.8650080889e-05 -1.1028962025e-04 -4.2550809595e-05 2.2758848458e-04 -3.3008953786e-04 -6.3843757756e-04 8.3220987584e-04 -3.5536085641e-04 2.1499872773e-04 6.3899016030e-04 -5.1903787331e-04 -1.5810185679e-04 -4.3005160095e-04 -3.8687778020e-04 -9.8816301441e-05 5.8887906478e-04 -1.1273757259e-04 7.4490797497e-05 1.7368834837e-04 -5.2497610291e-04 -4.3245433997e-05 8.9174596316e-05 -3.0602655364e-04 2.0369978039e-04 -1.2519244059e-04 5.4047499488e-04 3.1759442173e-04 3.5385561338e-04 -1.0320923027e-04 -5.7261805230e-04 2.4462917795e-04 -2.8281815990e-04 2.4321056278e-05 3.2614864376e-04 -4.8701455412e-04 -1.1853186906e-04 -3.7408727253e-04 1.5417715501e-04 -2.7571531915e-04 -3.5947349521e-04 3.7577679338e-04 1.3970392737e-04 4.8148827307e-04 6.5777001105e-05 4.3199585659e-04 7.4557882529e-05 -6.0130640260e-05 9.9899178334e-04 4.5347217189e-04 2.4908629517e-05 6.4432123878e-05 -1.9301924536e-04 6.2894724704e-04 -9.6761020432e-05 1.2568917661e-04 4.1228375905e-04 -8.6695553674e-04 6.2839747192e-04 4.7981277019e-05 7.7208891398e-04 4.1100899841e-05 -1.8308569164e-04 -9.9311400108e-05 -4.0453441279e-04
-3.4162594521e-04 -4.2972660913e-04 -6.3560005254e-05 -7.2095710586e-04 4.0607196042e-04 -5.8123614495e-04 -1.7201286883e-06 -8.1315576620e-05 1.7420119475e-04 -3.7896807584e-04 -7.5768153446e-04 3.2339351510e-04 -6.5447575722e-04 1.0456173620e-03 -2.4682459114e-04 3.6319236614e-04 7.0234838958e-05 4.8955028520e-04 4.3953577347e-04 -3.7319275022e-04 -6.5261264582e-04 7.2960485103e-04 2.6920765328e-04 -8.7101130293e-05 1.6730086916e-04 4.5327065375e-04 -6.8863194466e-04 -6.0477944233e-04 3.8987602018e-04 -1.0559708737e-03 -1.6268506846e-04 -3.0694758555e-04 -7.0274285858e-04 3.3586826782e-04 -5.4682688281e-04 -3.5935815432e-04 9.2961054534e-05 3.4396979597e-04 1.5431184649e-04 3.7705418854e-04 -8.3002573949e-04 -1.9695795299e-04 2.9035759135e-04 2.8811710311e-04 -1.1285487187e-03 2.9774036127e-04 -2.1931213125e-04 5.0356438711e-04 6.3122375943e-04 -2.3405975621e-04 -1.7643979439e-04 1.1834422629e-05 -5.9481105300e-04 2.8145545923e-04 -3.9176395792e-05 1.4484690279e-04 -6.3816804819e-04 4.3169754870e-04 7.2666493695e-04 -2.7325770328e-04 5.9176324427e-04 4.8548298218e-04 1.2344926457e-04 -7.6317819736e-05 1.6333527451e-05
-3.9395936231e-04 -5.0140098642e-04 -2.9892071235e-04 -8.2949887741e-04 -3.4123933925e-04 -2.9763228221e-04 -4.0771954349e-04 -3.0842284446e-04 4.7471289838e-04 5.1038444863e-04 -7.4749262694e-04 -1.2752771264e-04 -1.1887205310e-03 -1.4423693235e-04 2.2297876505e-04 2.7335394348e-04 3.0537501410e-04 -3.7759402605e-04 -4.7395393959e-04 -6.4301805658e-04 -3.8442663512e-04 -1.4428045592e-05 3.0692924595e-04 -3.9130995832e-04 5.1229458886e-04 3.7876324531e-04 5.1769769190e-05 3.0308986043e-04 -1.9732500121e-04 -3.7817353263e-04 -3.8871431946e-04 1.4661544144e-04 -5.3061664245e-04 -1.2449822532e-04 1.3001515882e-04 -8.1594016258e-04 3.3719573366e-04 2.7133777172e-04 -7.0092262299e-05 -4.6432862410e-04 4.8307300865e-04 8.1704223335e-04 3.1533417215e-04 5.2913152534e-04 -3.4927388620e-04 -7.6328074899e-04 -1.1087679311e-04 -3.4422136872e-04 5.6654002768e-04 1.7070114859e-04 -3.6245664916e-04 -2.9659778117e-04 1.2407805301e-04 -4.9148637070e-04 -2.9171670763e-04 1.2314106485e-03 -5.5932304119e-04 -6.5834073237e-04 -1.7142721043e-04 -1.4391040681e-04 8.0239027985e-05 -2.0385443607e-04 1.9533536727e-04 5.2971331633e-04 8.8566542723e-04
-1.4994158665e-02 2.0329567225e-03 6.6130872990e-02 -5.2647110281e-02 8.8597328431e-02 -9.1184006814e-02 4.7934334923e-03 -9.1649750229e-02 1.9032519242e-02 1.3838142881e-02 1.4154027969e-02 -5.5714942606e-02 2.2941113615e-02 -6.0912600317e-02 -4.5098734242e-02 9.8335748568e-02 -2.8620384282e-02 -1.7533394434e-02 -2.6721519095e-02 -1.3058804147e-02 4.3473126167e-02 -1.5822804655e-02 -4.5200981781e-02 4.4154135187e-03 2.4297605796e-02 -1.7453552611e-02 1.3622018123e-03 6.4382057547e-02 2.1822044039e-02 1.2142404628e-02 4.0475048120e-02 5.4776523731e-02 8.3386376460e-02 -5.0793502191e-02 2.7231554254e-02 -2.8537717000e-02 -1.3350107043e-02 -1.1675368208e-02 -5.0007343285e-02 -3.6918193577e-02 5.7948773797e-02 3.5919158277e-02 4.4378588980e-02 7.6858482659e-03 3.1945182448e-02 -3.4862531737e-02 -6.8308543222e-02 4.9516322610e-02 2.0783096716e-02 -6.4636000876e-02 -4.4046414143e-02 5.9590994831e-02 1.4957710150e-02 3.2441054944e-02 5.9814583501e-02 7.4827376688e-02 -2.7473554478e-02 9.4593081589e-02 6.5891278734e-02 4.4441250549e-02 2.3982167359e-02 9.5105568614e-03 4.5773724171e-02 -3.8525212893e-02 4.7334428244e-02
7.1258325005e-02 -5.9471679042e-02 -7.2919210630e-03 -8.5140599558e-02 -2.1593484211e-02 1.3248383357e-02 -2.2247327485e-02 -6.1559741349e-03 -4.5459391864e-03 -3.2338363688e-02 -2.1286195201e-01 1.5622893984e-01 9.5668430063e-03 7.6589362660e-02 1.0938219580e-02 -6.3557641806e-02 1.8277156198e-01 -6.3354301818e-02 -1.9637846364e-02 2.2179599808e-02 1.1957777428e-01 6.6085345165e-02 1.3800530704e-02 1.2126532162e-01 4.5334576901e-02 3.9872065574e-02 -3.2754834631e-03 2.2419298857e-02 -1.1311082549e-02 5.5234958969e-03 1.0757965652e-02 -9.9458582046e-02 -1.5008766891e-01 -3.0390479429e-02 -8.8571433103e-03 1.9493244013e-01 1.9408188015e-02 -7.2423793274e-03 -6.3337735624e-02 7.0237371981e-02 3.3719969160e-02 1.6596647113e-01 2.5388420101e-02 -4.9454783360e-02 4.3771772664e-01 4.6310128370e-02 -2.6927139158e-02 7.9477291301e-02 1.3634998576e-02 1.5009375622e-02 8.6479144839e-02 -5.7873471548e-02 -3.3767891535e-02 -2.7657507210e-02 5.6644236383e-02 -1.9329936001e-02 4.1701025503e-02 -3.5743897977e-02 5.2252468041e-02 -6.4421671917e-02 -2.2352727964e-02 1.1423270356e-01 3.9272892198e-02 -6.5458532609e-02 -1.1728597580e-01
-4.7202236403e-04 5.5526193304e-04 -4.5615039650e-04 4.5932356500e-05 -6.2850768197e-04 -4.7790514153e-04 2.7473798342e-04 -8.7739593860e-04 -6.2735592782e-04 -1.7843664857e-04 -4.4623439539e-04 -4.0513866879e-04 -4.9047730660e-04 1.0420680847e-03 -6.0249619626e-04 1.1570345522e-03 5.5441800879e-04 2.3823542974e-04 -2.0443410853e-04 -2.1746926773e-04 -7.4092882038e-04 9.3193375630e-04 7.0123775149e-05 3.7339565460e-04 -4.5658820567e-04 -5.8739561461e-04 -8.8418425123e-04 -6.3493149229e-04 -1.9996302067e-04 -1.6903184663e-04 2.1560058478e-04 -5.3543512204e-05 6.0263888747e-04 -5.1183639574e-05 2.6333555005e-04 -2.1699672529e-04 -1.6567791375e-04 3.5565652384e-05 6.1026662232e-04 -3.5509363108e-04 8.2758470259e-04 -8.1091228587e-05 -1.1045118876e-03 4.2845102561e-04 1.7791250488e-04 6.8513831776e-04 -3.1295287952e-04 6.1563771653e-04 4.6370692274e-04 -5.3829272842e-04 2.8878508744e-04 1.3914571891e-04 -4.5232315799e-04 3.3422313021e-04 2.7461877211e-04 -1.0071545154e-03 9.4271415877e-04 -1.0494127740e-03 -1.5141965216e-04 -9.2934248061e-04 4.1609305715e-04 3.0820223123e-04 2.9723022139e-04 -5.7951953913e-05 7.1420650901e-05
9.1702426898e-03 3.9572753656e-02 1.8262900989e-02 -3.6410452803e-02 3.5737935320e-02 3.2792126658e-02 -3.7315598983e-02 -3.2298672344e-02 3.0314184614e-02 -3.9931181587e-02 4.6723924095e-02 2.5947159324e-02 -6.0237031351e-03 -4.1729657187e-02 -2.0834451070e-02 -3.7837455192e-02 4.7526496237e-04 -2.7338136469e-02 -9.2593334468e-03 -2.9006391080e-02 1.2844179492e-02 -3.7508120828e-02 2.9131397638e-02 -3.1082337005e-02 -3.3289132918e-02 -1.0599145375e-02 1.8722387170e-02 4.7148712910e-02 1.2934156656e-02 3.1725822931e-02 3.9505709629e-02 1.4451853668e-02 -3.5269340075e-02 -3.1018289395e-02 2.9668152752e-02 3.2135191208e-02 -3.3386005130e-02 -2.9101573952e-02 2.5682974970e-02 -3.6470402616e-02 3.2299984774e-02 1.3475523876e-02 3.9891022593e-02 2.6922622620e-02 7.5142064762e-03 4.8938093083e-02 3.9425937920e-02 -3.6022481521e-02 3.1617318487e-02 3.1705871461e-02 3.1948079208e-02 -3.4858101748e-02 2.8568222564e-02 -3.3784573031e-02 -3.0244161978e-02 -1.6363954009e-03 3.0235303436e-02 -1.0914050799e-02 3.6793979392e-02 2.3318654045e-02 -2.8213491775e-02 1.7734767227e-02 1.7267547051e-02 3.5602391161e-02 -2.7545346085e-02
5.3617539562e-02 2.3792566010e-03 -1.3324179499e-02 -3.2482446298e-02 1.8800342945e-02 -2.7921723928e-02 6.3351020614e-02 -7.4997104417e-02 -9.1820447485e-02 4.9084328429e-02 -1.2446495108e-01 1.1785610336e-02 -6.7013439717e-02 -4.2001293525e-02 -1.3689828125e-02 -3.3325762418e-03 2.3631014620e-01 -3.3869892883e-02 8.2419713720e-02 -3.6551927263e-02 6.3067464532e-02 -6.2297586835e-02 -2.0410527489e-02 -3.5779109656e-02 1.5149457079e-01 9.5947482629e-02 -6.0041045125e-02 -2.0337027583e-02 3.7396231598e-02 2.4144131921e-02 -1.5275933209e-02 -5.4772185627e-02 1.3191682022e-02 3.7363687931e-02 -7.7618536419e-03 -7.7092754383e-02 8.7650925766e-02 9.1243659424e-04 2.8363243859e-02 1.8856409327e-02 -2.0895439127e-02 -7.4265510747e-03 5.5394471897e-02 9.5391043462e-02 1.4069262864e-01 1.2691743647e-01 5.0443926919e-02 -1.2328852005e-02 -5.5342092397e-02 -6.5655470577e-03 -1.5033154255e-02 -1.9616841973e-02 -6.6435612864e-03 4.0773611607e-02 3.7394176622e-02 -1.3257485487e-02 8.0299425170e-02 3.5653098951e-02 2.3207806114e-02 7.1481071733e-02 8.9525774296e-03 1.8507269805e-02 -6.2995324621e-02 -3.5546477203e-02 -1.8115142183e-04
-3.4765153321e-02 -1.3031186320e-02 6.3671868988e-03 2.1000933592e-03 -4.7392513941e-03 4.6964619143e-02 8.7445437368e-02 4.0508906889e-02 1.5171579897e-03 1.7887350965e-03 2.9923693374e-02 2.0245901715e-02 -6.9495663986e-03 -7.8951469350e-02 -4.1845727045e-03 1.5339278287e-02 3.9194067550e-02 7.5031422264e-02 -4.9614633799e-03 4.5235447609e-02 -3.8402528739e-02 -9.2601495318e-03 -3.8688375553e-02 -8.3813332563e-02 -2.7049417736e-02 -2.7937196743e-02 5.2878803519e-02 7.4584482007e-02 -1.6208545604e-02 2.9601482552e-02 5.9529546604e-02 3.3177508789e-02 -3.8262959693e-03 2.3887790627e-02 3.3800455702e-02 -4.6833828537e-03 -1.3644539456e-01 -1.6397517316e-02 -1.2009070394e-02 -1.0977296301e-02 -2.1609060680e-02 5.1971766851e-02 -3.1740995353e-06 -4.5958498073e-02 -1.6489009596e-02 -3.5266490484e-02 -4.6737266881e-02 -3.8601242227e-02 -1.6470330035e-02 4.5777905396e-02 -4.0942083075e-02 -2.9301754668e-03 3.4367774756e-02 -1.3407529806e-02 -1.1614273790e-01 -1.4712842655e-02 -2.9423630040e-02 -2.2077334078e-02 3.3871540561e-02 5.0517263554e-02 -2.1164472955e-02 5.4483580017e-03 -2.1418772014e-02 5.5323220698e-02 3.7655845950e-02
-1.7258593851e-02 4.0168498598e-02 -1.1666488014e-02 -9.6414154915e-03 3.8303006831e-02 -2.5997066752e-02 2.8664044889e-02 -5.8901704378e-02 8.3294620980e-02 1.1072363226e-02 8.3655455580e-02 -3.3873537350e-02 4.1287281280e-02 -2.7963105601e-02 1.3297250558e-02 2.3207023819e-02 -8.5392325822e-02 3.5272374150e-03 -1.1992229337e-02 3.7735545243e-02 -2.5510150180e-02 -5.7208705866e-03 -1.0729518467e-02 2.5326408464e-02 7.9752545526e-02 -3.6242343398e-03 -3.0552748834e-02 -4.6759730391e-02 1.2232515347e-02 -8.2668390723e-02 -2.9677234583e-02 3.9795461832e-02 3.7116252562e-02 3.4826718722e-02 1.0144874154e-01 -7.4669589903e-02 -3.0038168244e-02 -1.2599684600e-03 -9.1280804556e-03 -4.6986549008e-02 7.5098948504e-02 9.9480342984e-03 -1.0657102912e-01 -5.7941688024e-03 -8.7407756038e-02 -4.4028413627e-03 4.0573456074e-02 -3.8960960891e-02 -2.3373356585e-02 9.5687812613e-03 6.5196397293e-02 -6.8833956008e-03 -1.1060828849e-03 -2.1117866104e-02 5.9705919548e-02 -6.0135773599e-02 -4.5405067195e-02 1.0570329247e-02 1.1773073189e-01 1.0585187953e-02 -3.0752448836e-03 -5.5408426340e-02 -7.7924667080e-02 2.5656446452e-02 -5.8672550075e-02
-8.8225192222e-05 2.5202640020e-05 -1.1272031143e-03 2.5395571646e-04 6.7584941301e-04 -2.2795549035e-04 -9.9409381122e-04 6.7022373707e-04 1.7155216765e-04 -8.5353113342e-04 -2.1364190243e-04 9.8582980035e-04 4.8555286582e-04 -1.5835859615e-04 -1.5776100123e-04 3.7608245028e-04 8.1760934136e-05 4.6332563537e-04 -4.6753779144e-04 4.2826782681e-04 2.1850762288e-04 -3.3546097706e-04 -5.6800491641e-04 3.3688344334e-04 -1.4515289956e-04 1.0683453259e-04 4.2826005515e-04 -8.3353555720e-04 -1.5958811947e-04 -1.6419519296e-04 -7.9227735161e-05 1.7085149282e-04 2.6077556646e-04 -7.8979545228e-05 2.3877333539e-04 -1.4532585669e-04 -3.1393804827e-05 -1.6347272753e-04 -5.1577855738e-04 -3.9178484290e-04 -3.8331229284e-04 -8.9215436345e-04 -3.8887466771e-04 3.3959996251e-04 1.1693849790e-04 -6.9952849046e-05 9.3068614123e-04 -7.5748560085e-04 8.5454076653e-04 -6.0342087614e-04 -4.2699236936e-05 -7.2894737205e-05 -2.5010175674e-04 6.6497917092e-04 1.5408499831e-04 3.9357804139e-04 -7.4523519988e-04 5.0939795415e-04 -3.7913615823e-04 -1.5170587605e-04 -6.5180482538e-04 9.3418749197e-04 -1.5282929082e-04 -1.2674260735e-04 -1.7841718737e-04
-8.3631414435e-05 -1.6286023963e-04 1.9687593558e-04 -2.8417541793e-05 -2.2873427678e-04 -5.3804969700e-04 -9.2587792758e-04 -2.9592292078e-04 -4.0692674876e-05 -3.4796275139e-04 -3.8688462141e-04 -1.6990146880e-04 7.8655446856e-04 2.4340147490e-04 -4.3530083246e-04 -3.9118607321e-04 7.7677239149e-04 9.5955303816e-04 4.3914468297e-04 -4.0811634083e-04 3.3739923479e-04 5.7262430843e-05 -6.1098195701e-05 -1.7197886784e-04 -2.3193467042e-04 1.8189105089e-04 -2.4264935946e-04 3.6612180984e-04 2.9033630749e-04 -6.6556775138e-04 1.4905759189e-04 2.0868216020e-04 9.6980033685e-05 -6.7437821287e-04 -2.1191519481e-04 -2.0831714911e-04 1.1298041724e-04 3.1554872221e-04 1.9396728401e-04 -2.2341975370e-05 1.7867572382e-04 2.9813523500e-04 -3.2120896313e-04 -3.5047253757e-04 -3.3646722091e-04 3.2728039566e-04 2.3479440628e-04 -5.3328914955e-06 2.1967250592e-04 4.1015308563e-04 -1.2895998688e-04 3.4790286793e-04 -2.9814509817e-05 1.8166337673e-04 -1.4642039725e-04 4.5827806339e-04 -6.7466853827e-04 -8.9434367154e-04 5.6872341904e-05 3.6891268348e-04 1.7972345696e-04 -6.9647755295e-05 -1.4085510121e-05 -2.7974965749e-04 7.0072764082e-06
1.2087439239e-02 -1.5008468763e-02 7.1718677982e-02 -1.2541911561e-03 -8.2714338537e-03 -6.8695808804e-04 -4.0083870865e-02 -6.8714514208e-03 -7.3300188228e-02 4.0051434019e-02 -9.0387030117e-02 1.9474932586e-01 -7.8421758471e-03 1.0508624477e-02 -6.2189159620e-02 -3.7566662539e-02 -4.1863402433e-02 2.9725865921e-02 -2.7830652835e-02 7.6232100300e-02 -5.7814141070e-02 -7.0720767890e-02 2.3933896881e-02 4.0370350197e-02 2.9197587009e-02 -4.7134027925e-02 5.7780955441e-03 1.7482156509e-02 -4.6082697159e-02 -6.6116345097e-02 1.8313867503e-02 2.4639373052e-02 -6.2180052435e-02 -9.3706763804e-03 -1.9526911916e-02 -1.8256877348e-01 2.8954545792e-03 -2.8794293718e-02 -3.4237016693e-02 -7.4148567204e-02 -2.0528646057e-02 5.5724947706e-02 5.5805941070e-02 5.1168060653e-03 -1.6088635361e-01 3.9524362412e-03 5.4021263292e-03 -1.2256527163e-03 -4.6842354450e-02 -4.7804372306e-02 -9.8957224647e-02 -2.6446447441e-02 -4.9208031146e-02 6.6438440777e-02 2.9284964113e-02 4.8104621594e-02 -2.9566835482e-02 1.6255368053e-02 7.6876732180e-02 -1.0812764063e-01 4.2394824827e-02 4.3226406078e-02 -1.0228241436e-01 -3.2559827331e-02 -6.6564540568e-02
5.8447137367e-04 3.3158186497e-04 -5.7481912583e-04 -7.8874060801e-04 4.5428131401e-05 1.8523537510e-04 -5.1167298307e-04 1.0987503150e-03 5.0180411602e-05 3.8115528709e-04 -2.9176559621e-04 3.6976610308e-04 4.6398147115e-04 -7.9816611291e-04 9.2870437548e-04 -4.2907346308e-04 1.9388602164e-04 -6.2055129406e-05 -1.1841088454e-04 1.0077866405e-03 6.8071100782e-04 -7.8760174548e-05 -5.4161734389e-04 1.7019969232e-04 8.5706504901e-04 9.1480372389e-05 -6.7488256468e-04 -1.0727610656e-05 4.0588243765e-04 1.6243233346e-04 -2.6751917443e-04 -2.8198311237e-04 6.4795256527e-04 8.9491010538e-05 9.5733384949e-04 2.5956813665e-04 6.0252163416e-04 3.6152765762e-04 1.2021002240e-04 1.8367926313e-04 -3.5651421741e-04 7.4252363305e-04 -7.4995066495e-04 -3.6102667525e-04 -9.0287116068e-05 -1.6716397290e-04 2.1891573717e-04 -6.7154648056e-05 1.3880028606e-04 1.4310097888e-05 9.1006902235e-04 -2.5475832810e-04 5.0995993219e-04 1.7445768895e-04 5.5717158624e-04 -2.3101158212e-04 2.5532971016e-04 -3.8927704260e-04 4.4573385201e-04 2.4595524121e-04 -2.9490757671e-04 -5.8287856218e-04 4.8042954177e-04 8.4657180065e-04 -7.0260048996e-05
-4.0986134924e-04 3.0292050402e-04 2.3180587619e-04 -6.1936187697e-05 4.9812162229e-05 9.5129995860e-04 -1.1667821886e-03 -6.0562248329e-04 5.5451716904e-04 -1.7932937658e-05 -2.5150345529e-04 -6.3542517065e-04 2.4609252273e-04 -1.4694744726e-03 -2.9315929508e-05 -2.0943499519e-05 -6.4497863978e-04 -2.4744875313e-04 -1.5771655432e-04 -1.1990962483e-04 -1.2234916815e-04 -2.1796400304e-04 -2.0423645378e-04 -2.4579373839e-05 -7.2773674831e-04 2.1056943406e-04 -7.9530711041e-05 -3.0789058947e-04 -5.0227325004e-04 -3.2232364479e-04 9.6162772015e-05 -9.2329928012e-04 4.4375430102e-04 6.0230808983e-05 -1.9730353132e-04 4.7503799731e-04 -9.8412225067e-04 2.2016651204e-04 -2.2635327376e-04 -1.8569566079e-04 -2.1899956032e-04 -1.3508988188e-04 2.4216958112e-04 3.0798399824e-04 -1.6535615021e-04 1.0501497297e-04 -1.3857007580e-04 -4.6726052584e-04 -1.5665079388e-04 -1.1136197409e-03 -8.5646069039e-04 2.6037596214e-04 5.4221702463e-04 -2.8797490381e-05 -3.4412856914e-04 -3.9891762902e-04 -5.7375648010e-04 4.5422617552e-05 8.4185775013e-05 4.1253983343e-04 1.9517947082e-04 4.7609163122e-04 7.3286940882e-04 -7.9900417239e-05 -2.2302374555e-04
-1.4393559346e-02 -1.4709996192e-02 -3.3524489151e-02 -4.9697206314e-02 1.0742014858e-01 -3.3542017557e-02 1.4658816575e-02 6.6210460964e-02 4.5785219347e-03 -2.4430972963e-03 -1.0193050553e-01 -3.2703531473e-02 -6.7463557148e-02 -6.8170903276e-02 3.5206603425e-02 7.4363087867e-02 8.0479221681e-02 -3.9115479175e-02 5.2359726630e-02 9.2173005148e-02 2.5017994204e-02 2.0935443572e-02 4.2466115683e-02 6.5516411071e-02 5.2243549954e-02 3.1525013837e-02 -1.0628019942e-02 -4.8964933848e-02 -7.6873955701e-02 4.3824309065e-02 -1.9438779669e-03 -1.0183618945e-02 -1.1582653218e-02 1.2940581553e-02 -2.7456650124e-02 -7.4442967952e-02 4.7238301809e-02 -7.3686506791e-02 1.6676636663e-02 4.2368713588e-02 6.2079530184e-02 4.0569012959e-02 -3.0621142395e-02 -1.8343537389e-02 4.4012962617e-03 2.1188894519e-02 -4.3172922152e-02 4.0314558779e-02 -4.6831297150e-02 2.9754719560e-02 2.8029188519e-03 -4.4670046659e-02 8.7591589075e-02 -1.2333155044e-02 -5.1834846868e-02 5.4025137118e-02 -2.3009537492e-02 -6.4848174635e-02 3.5170500324e-02 -1.4390880419e-02 1.0035179565e-01 1.1401937433e-02 -1.4774985836e-02 1.3145296508e-02 4.9704064998e-02
3.8705388283e-04 -7.9055471203e-04 1.0723988990e-04 -2.6115216017e-04 -7.8158431028e-04 2.4305072209e-04 2.1137202985e-04 -6.9722893817e-04 -2.2584770487e-04 7.7471814868e-04 -7.9795844118e-04 -3.0645112421e-04 2.8985116454e-05 -1.0311629955e-04 -1.5478319074e-04 -2.9264458389e-04 6.1174169794e-04 -3.2873292213e-04 1.2383955945e-04 -1.9241431238e-04 3.1191835141e-04 -2.3231990744e-04 8.2996307809e-04 7.6227605333e-04 -3.0013935861e-05 1.2197693849e-04 -1.1993813603e-04 3.7506961657e-04 -2.8943105485e-04 -3.7621770147e-04 6.4564860571e-04 -1.1917199455e-04 7.4664472938e-05 -2.0508021512e-04 1.7948693823e-04 -5.7107276036e-04 -1.9929274568e-04 8.4304807158e-05 -4.2169690797e-04 7.6902374337e-04 -2.2874520833e-04 -2.2062600089e-04 -2.6024781689e-05 1.9926174527e-04 -4.5815926428e-05 -2.8446877781e-04 -3.6816877696e-04 1.9522358014e-04 1.4452097615e-04 -6.5598043150e-04 -7.4321488142e-04 5.4787118960e-04 7.6625692432e-04 -5.5630266143e-05 -2.9184435870e-04 6.2122194051e-04 3.6752115425e-06 -4.6019317918e-04 -1.7673988302e-04 -5.5398283678e-04 1.6046970693e-04 5.4823132958e-04 3.2903395658e-05 -3.9533815457e-04 -2.0590705418e-04
-2.7752979387e-04 4.3882757134e-04 5.1389547454e-04 6.9856417840e-05 1.3905472916e-04 -3.8222083129e-04 -2.7906747596e-04 3.5579883165e-04 -1.7792600442e-04 -4.0882960397e-04 -4.6887731933e-05 -9.5536370231e-05 4.4891928924e-04 5.7296973943e-04 -1.4132761476e-04 3.2988101494e-04 -4.7802602772e-04 3.0201880878e-04 1.1527080537e-05 1.7171469951e-04 -5.7923720127e-04 -5.0628593309e-04 -2.8220849409e-05 5.4780901652e-04 7.2856620669e-04 -4.2445022616e-04 -2.8133107540e-04 -1.5587720324e-04 -7.6611691310e-04 -3.5193657073e-04 -1.9511457512e-04 1.7615511017e-04 6.1198427796e-04 -7.2264682033e-04 7.9303033315e-04 -2.3724527061e-04 4.8355901478e-04 -5.2175675392e-04 4.0606201057e-04 3.1015626059e-04 9.5705262318e-04 -7.9435847982e-05 -4.2714152537e-04 -5.7767501249e-04 5.9102793961e-04 9.1825297998e-04 -9.5285190086e-04 -1.9747734225e-04 6.1892989760e-05 4.9622794182e-04 5.1439764587e-05 -1.4779798680e-04 4.6764292425e-04 8.5804822128e-04 5.8335215163e-04 7.5250076348e-04 -7.2052471860e-04 1.2194466172e-04 -5.5725503348e-04 -4.2213221769e-04 -7.1248856600e-04 4.9349347226e-04 4.3155483610e-04 9.8599071992e-05 -1.1888962848e-03
5.1541933683e-03 3.7557386209e-02 3.5921697323e-02 1.0023580012e-01 2.3022780553e-02 -2.9720908863e-02 -7.4299717124e-03 5.2034724483e-02 4.0500571078e-02 1.8066039338e-02 -1.0461973965e-02 5.4739009048e-03 -2.4142765076e-02 -8.9114982767e-02 4.8955911796e-02 1.3791524104e-02 -1.4871421090e-02 1.2255889017e-01 -7.3265809137e-02 5.0289130296e-02 1.4125411096e-03 -6.4994961776e-02 -1.6906550929e-02 1.7090304488e-02 -1.1390513018e-02 6.3906116812e-02 3.0404251851e-02 7.1189137445e-03 1.8709211085e-02 1.3542563048e-02 4.2485952209e-02 -2.0342592847e-02 -7.3350772859e-02 -1.0613238730e-02 3.7059549455e-02 6.6926436957e-02 1.1385600627e-01 1.2878062392e-03 2.2502809232e-02 -1.1452713654e-03 5.1226976916e-02 -6.5334987262e-02 4.2150460082e-02 3.5740456071e-02 -1.4309518553e-01 2.3989002210e-04 -1.5171403073e-02 2.9633393643e-02 -2.4306867323e-03 2.6417030905e-02 2.2318598029e-02 7.1603257472e-02 1.8760574561e-02 9.6429714801e-02 1.2037938481e-03 -7.6302492780e-02 -4.4090197641e-02 3.9267943172e-02 -6.6925021403e-02 7.0015906458e-02 9.9220002657e-03 -5.2143625724e-04 -3.5897333076e-02 -3.8831958327e-02 -1.0354243057e-02
8.2305729365e-02 -2.1553523149e-02 -1.5362328949e-02 2.3164221369e-02 -4.4506032936e-02 -4.5552059959e-02 -1.3071125402e-02 -4.8858844490e-02 1.7727100948e-03 2.2958319673e-03 -3.5954769396e-02 8.4815440742e-02 -3.7389743259e-02 -3.8641125826e-02 9.0885792894e-02 1.9612117840e-02 -9.9306288005e-02 -2.3648973180e-02 3.0667746703e-03 -5.3671016590e-02 2.9480279757e-03 -3.8640754652e-02 -1.0772534327e-02 5.2089080244e-02 -4.5494209794e-03 6.9182643314e-02 8.6814673715e-02 -1.2147472435e-02 4.8665336156e-02 1.2708105178e-02 2.4824733541e-02 -1.4187251117e-02 3.1687961882e-02 -5.4651561710e-02 2.5347658741e-02 -1.1699922093e-01 -6.7664364326e-02 -9.6551765479e-03 -2.0842642910e-02 3.2533000162e-02 4.6988142237e-02 -5.3414135721e-02 -1.0529500084e-01 3.5194845923e-02 -1.9879460593e-01 2.4458228859e-02 7.9449875873e-04 8.4573811880e-04 -4.6753032041e-02 2.4502841936e-02 -1.0329670984e-01 -5.6374921269e-02 9.4651259591e-02 1.7808161817e-02 1.3713730158e-02 4.2702599373e-02 9.5175831717e-03 2.1508386704e-01 -4.3375449809e-04 -1.2767823788e-03 3.7232157069e-02 2.8846354818e-02 -1.2390329610e-02 -1.1342901311e-02 -3.4564243161e-02
-7.3200488208e-02 1.1931469252e-02 -2.0829984930e-02 -2.4366957654e-02 6.2682570023e-02 -1.4387537589e-01 -5.5921378956e-04 4.3360811978e-02 1.0726592511e-02 5.6644757109e-03 -1.6791880181e-01 2.0851145252e-01 -3.4916206993e-02 1.5945096293e-02 -4.6914619640e-02 -2.0978101486e-02 1.5367667921e-01 -3.0452754361e-03 -3.0407689295e-03 1.2968770872e-02 6.7177148009e-02 1.9743433211e-02 -3.2711463667e-02 -3.7359488363e-02 1.8000367154e-02 7.9872334183e-02 8.9470264075e-02 -2.0555870156e-02 4.7741173877e-03 7.7370300687e-02 3.3435137630e-02 -4.0460740841e-03 -7.0395828418e-03 3.1682927309e-02 -2.3417133906e-03 -7.0919701226e-02 -2.2971397473e-02 7.3537452221e-03 9.1028620209e-03 -3.3721875971e-02 5.1512072238e-02 3.0584151012e-02 -8.7047775058e-03 -6.3113387224e-02 -5.5199349712e-02 2.3831295748e-02 1.8709759045e-01 3.4457270646e-02 2.7298334807e-02 -9.1826789370e-03 3.9726948301e-02 2.6916776135e-02 -8.7833615487e-02 -2.2343655000e-02 -3.9444347748e-02 1.3250696884e-02 -1.9193563607e-02 1.1885076927e-01 3.5975435807e-02 -2.0130276148e-02 -1.1626534840e-03 -4.5182912240e-02 3.9739523523e-04 -7.8003395943e-02 2.7708514149e-02
7.7513109760e-03 1.0727651558e-01 1.7770873443e-02 -2.7237356654e-02 6.1486673304e-02 1.4512785762e-03 8.9206140431e-03 -1.7614007014e-02 -1.1743949626e-02 6.5308637427e-02 -3.5217350898e-02 -4.0699779502e-02 -4.7866319740e-02 1.3602153984e-02 3.4092861837e-02 -2.7694043234e-02 -5.5535384470e-02 -1.9784019374e-02 -3.7391128821e-02 -1.8231282654e-02 2.1772029202e-02 3.7315280521e-02 3.9805510143e-02 -6.3647442616e-02 1.3399960545e-02 6.0086496370e-02 7.0347918692e-02 -5.5885837121e-02 -4.5211381737e-02 -4.0709733442e-02 -1.1561644685e-02 5.6808201679e-02 -9.4032026250e-03 2.3090808531e-02 -2.2433535740e-02 1.1455314900e-01 -4.8909003025e-02 -1.4741860069e-02 6.4156475493e-02 -2.1512630153e-02 2.0346430765e-02 4.9919788145e-02 -2.2070802521e-02 6.0109286188e-02 -1.0884476459e-01 1.8790939142e-02 -6.9737611257e-02 5.5761727540e-02 -6.2315187399e-02 -8.3056332922e-03 -5.3590066266e-02 1.1225591600e-01 -4.5463388354e-02 -5.6144033991e-02 3.1680056096e-03 -6.8734671514e-02 4.4180469813e-03 -4.8770164175e-02 -4.2966439689e-02 2.9318999351e-02 -4.4952674308e-02 7.6264416429e-02 6.1539879720e-02 -3.9490724588e-02 -1.1123026482e-01
-2.7044365018e-04 -5.3635975123e-04 -7.3237171260e-04 6.0711891586e-04 -6.0478083228e-04 9.6175466803e-06 7.7292194046e-05 2.4545437166e-04 5.9909435895e-04 -2.9883976623e-04 4.4016389890e-04 4.3228206513e-04 -2.2822665798e-04 -1.8515482113e-04 -7.4699564956e-05 4.9264401191e-04 -1.3380251723e-04 -2.7366459952e-04 -9.4343087227e-04 2.0680780804e-04 8.2918742648e-05 7.5810182928e-04 -3.7689590102e-04 2.9248599797e-04 -2.6904435902e-04 9.1911662346e-04 1.5666963425e-04 -2.8675336964e-04 9.4660597232e-04 5.9169873915e-04 -2.6540453682e-04 3.3830929391e-04 6.7040955666e-05 7.9748869301e-05 -5.4383700812e-04 7.3440000012e-04 -1.5882521092e-04 8.2948961342e-04 -4.6701095896e-04 6.1649999552e-04 -4.0668427879e-04 -7.3878071170e-04 1.6056068253e-04 5.8768431821e-04 1.4065026041e-04 -9.6220004013e-04 -6.7832756174e-04 2.3049505257e-04 -5.5055484481e-04 6.3031551748e-04 -9.8378130240e-04 3.2150099616e-04 -3.4929141156e-04 3.5620479760e-04 4.7851706333e-04 3.7863576529e-04 -4.4708082732e-04 4.2283377548e-04 1.2512358611e-03 -5.3792989208e-04 -2.4633157597e-04 -2.0773571388e-04 -5.1162246854e-04 5.4238770060e-05 -1.2062554840e-04
-1.0966554118e-02 -4.2046768627e-02 2.9129045262e-02 -7.5070842686e-03 2.8695357608e-02 -8.7785277193e-04 8.1243314576e-03 -1.3483735406e-01 5.9549082650e-02 -1.8931528506e-02 -1.5353733311e-01 -1.7160817918e-01 -7.2571633517e-02 -2.3716855054e-02 1.5502824745e-02 1.1701084526e-02 -5.6218841501e-02 -2.5228259728e-02 -9.0111770986e-02 8.0544089862e-02 9.4422715604e-03 -2.1686539117e-02 -1.1056582661e-02 8.1169737917e-02 -5.7542635311e-02 1.6532737769e-01 5.0838537345e-02 -2.7250828624e-03 2.6513727942e-02 -6.0296080103e-02 1.1394873483e-02 1.6167398235e-02 3.9170705144e-02 -1.0004683853e-01 2.2417419560e-02 1.3044988643e-01 7.7233983091e-03 -3.0435134879e-02 -1.6954616418e-02 3.7360709880e-02 2.5746069755e-03 7.6976804163e-03 -1.2307831959e-02 1.8742102553e-02 9.2880170412e-02 -3.1367785980e-02 -4.9428693305e-03 -2.9746098060e-02 4.2130054072e-02 -2.9390490971e-04 -3.1212314667e-02 -5.4867653685e-02 -8.6618232311e-02 -5.2206966014e-02 6.3878774416e-04 -1.6755596733e-03 -8.1341225862e-03 5.6656146684e-02 -8.5275582472e-02 6.3130832387e-02 -3.7849031984e-02 9.4628008694e-02 -3.0627691398e-02 1.3182682325e-02 -5.1540942597e-02
2.6621299958e-02 3.3405649600e-02 3.0053531406e-02 3.0168607688e-02 -3.9099614580e-02 -3.8154159153e-02 -5.9836486054e-03 2.6232077929e-02 5.9646057259e-02 -4.7869095983e-02 -1.1187791059e-01 2.0788972047e-02 4.0417635732e-02 -7.4288534055e-02 3.5323876264e-02 4.1700599208e-03 -1.7249431634e-01 -8.1563885366e-02 8.1372778566e-02 3.1700120348e-02 -4.4618211059e-02 8.5518645845e-03 -3.4820749185e-02 3.9713781437e-02 8.2694899402e-02 1.7741489133e-02 2.4968210482e-02 5.8819928864e-03 -4.6653436795e-02 -1.0166224621e-01 4.2949444320e-02 8.3446105887e-02 4.6085540170e-02 2.0218303209e-02 1.5170838378e-03 3.7333718762e-02 1.7522399242e-02 4.3661194289e-02 2.5693788319e-02 -1.3944730780e-01 3.6902736263e-02 3.7839161284e-02 4.8405661559e-02 -6.9822523973e-02 2.6684218871e-02 -4.2067631520e-02 1.4464515095e-02 1.7670093022e-02 4.0299040169e-02 6.8664064903e-02 3.0625505162e-02 -7.2356836728e-02 -8.2539789731e-03 9.9889666576e-03 6.7575036894e-03 -2.4268534961e-02 -6.0697379724e-02 2.3481245587e-02 3.4767511505e-02 -4.2635427013e-02 -5.4082292189e-03 8.1213521942e-02 9.2725935838e-03 -3.0118005831e-02 -1.6596645244e-02
6.2473771215e-04 9.4880060660e-04 -1.7669077607e-05 -2.6365257740e-04 -3.2304929409e-04 -2.0071466253e-04 1.0459731908e-03 -3.4867455717e-05 -2.1444422392e-04 -3.7004922221e-05 -1.2956984265e-03 2.5091812447e-04 7.3070995075e-05 -2.7940848976e-04 8.2250918751e-04 9.8250216156e-04 -4.6176188131e-04 4.8978389195e-04 -1.1854104236e-03 4.0889479749e-04 2.0658909551e-04 1.2700551874e-04 8.6960781989e-05 3.5032421427e-04 1.2957904479e-03 4.8221856512e-04 -1.3033296318e-04 -4.6876876885e-04 2.2447485984e-04 -4.8923501500e-04 -1.2968070654e-04 -3.3712767659e-04 -2.6018972337e-04 1.9463828579e-05 3.6012583129e-04 -6.8401324537e-05 -5.4398167716e-04 -8.4199074199e-04 -3.0035630256e-07 3.5432135054e-04 4.6497499365e-06 9.4543532352e-05 -4.9357784707e-04 1.7279053481e-04 -1.0929720299e-03 -2.2869384035e-04 -1.9495119986e-05 1.3659578175e-04 -3.6547098260e-04 2.4648063893e-04 -2.6401001723e-04 5.5004918660e-04 -7.1203172697e-04 -9.1899333081e-04 4.0005298443e-04 2.0349319081e-05 3.3499265856e-05 -7.5435460754e-04 -2.8092679838e-04 9.6551049409e-04 3.0805673392e-04 -1.2886711752e-04 9.1199164142e-04 1.9626367987e-04 -2.5771444466e-04
1.3329354941e-02 2.2564444750e-02 -2.7367958219e-02 3.6295011537e-02 -1.8730299149e-03 -3.1089507060e-03 4.9221499494e-02 -4.2466390647e-02 -2.7418959150e-02 -4.2653207081e-02 -1.0397826286e-01 -3.6317490364e-01 -1.0591532607e-02 1.2420531144e-01 -7.3197109039e-02 3.6419512159e-02 3.7507384236e-01 -9.6796861723e-02 1.6950323604e-02 -1.3124003634e-01 3.1933327895e-02 -2.0935608812e-02 4.3260489262e-02 -7.0258769331e-02 -5.4647794706e-02 2.0726770503e-01 6.5069712415e-02 9.5031434267e-03 2.0283066454e-03 -5.4164360016e-03 3.0156729339e-03 3.9871991945e-03 2.7995291585e-02 -7.5626548471e-02 -1.3327820578e-02 1.9112761509e-02 2.8573836494e-02 4.3310253712e-03 -1.2384809376e-02 -1.0416245724e-03 1.0754067658e-02 -1.5564355623e-02 3.8270303321e-02 -5.4765102480e-02 -4.1438360509e-02 1.7281152863e-02 4.0731130171e-02 5.8212343535e-02 -2.7691290519e-02 3.9894787802e-02 2.1988162238e-02 8.6840961408e-03 1.2136750509e-01 1.6425474706e-02 1.3749336062e-02 -5.6101932950e-03 -4.8838848541e-02 8.1226741662e-02 -6.3766700588e-04 -2.4684781529e-02 -1.7532879609e-02 1.5632925894e-02 -5.0194342251e-02 1.9169806330e-02 -8.7372840401e-02
-6.4131369408e-02 -3.7536464573e-02 7.9116652841e-02 -8.1841452961e-04 5.1381543766e-02 -4.8510852331e-02 1.5569445206e-02 -1.4485530522e-02 -5.3872642094e-02 -5.6516981965e-02 1.8219260971e-02 2.8280120663e-02 4.2611895388e-02 -2.0213940095e-02 -2.1813681447e-02 -4.0445619094e-02 -2.0447724137e-02 -1.3279437984e-02 -2.9217341299e-02 1.8027866663e-02 -1.6620234369e-02 -3.0860205171e-02 -2.8089580908e-02 1.3894602442e-03 2.4633650329e-02 -8.4678813728e-02 -4.6457821752e-02 -9.5064433228e-02 1.0518175915e-02 6.7745022942e-02 -9.9854167704e-03 -5.9595823522e-03 8.6203994819e-02 1.5624646533e-02 3.2604804716e-02 -7.6755777657e-02 1.6273969044e-02 -6.7115291505e-02 -5.6972014855e-02 -7.0699556978e-02 2.5745264682e-02 -9.5399783464e-02 -4.6524087879e-02 -4.5078359558e-02 4.7096579184e-03 2.4805414697e-02 3.0977689549e-02 -5.5081688883e-02 -4.7515550285e-02 -3.6710409357e-02 -1.2244677475e-02 6.1976629861e-02 9.5699078238e-02 4.5191521912e-02 -3.7371219754e-02 5.8321242710e-02 2.3539993859e-02 -3.7229640055e-02 -9.7457520590e-02 2.4015562302e-02 -7.2178291465e-02 2.8299132429e-02 1.3188134405e-02 4.6232970376e-02 -4.0952195976e-02
4.1357690488e-02 -4.5337244976e-02 -2.7512720968e-02 4.4739476031e-02 -3.6140829162e-02 3.4318163792e-02 1.8971262488e-02 3.5781472328e-03 -2.1080754274e-02 7.6688416045e-02 2.0794948770e-02 -5.8318841471e-02 2.6689199464e-02 4.6348899349e-02 -7.4410151930e-03 1.9950921933e-02 5.6338720911e-03 1.4603790254e-02 3.1084787924e-02 -4.1524679862e-02 6.3785123908e-02 -5.1506089124e-02 4.7364925233e-02 3.0836841111e-02 -1.3672511275e-02 -5.4687221706e-02 -8.1023685242e-02 -4.6056341692e-02 -7.8949420737e-02 -3.3766837454e-03 -6.5511756681e-03 -6.8741465876e-02 -1.4780179823e-02 -4.2849017056e-02 4.7105598473e-02 -8.8558224998e-03 -1.2405131043e-02 -3.5039600931e-02 1.8032235911e-02 -1.2476718626e-01 6.8406095900e-02 9.0396052749e-02 -1.1323409425e-02 1.0956045400e-02 -6.2183038143e-02 -9.6951169354e-03 3.8695460806e-02 -3.3907744439e-02 2.7326736405e-02 3.5945709696e-02 -1.1382114607e-01 -3.0491230602e-03 -6.8881864273e-04 -4.2992390953e-03 6.8380713732e-05 -3.2874782854e-02 -3.7441765113e-02 -1.8041536910e-03 2.8067634101e-02 7.0200393756e-02 2.2448991900e-02 -2.7292220724e-02 6.1089623282e-02 -4.5391796473e-02 9.2643865438e-02
-8.5254289724e-02 -2.2910362883e-02 -5.9350178270e-02 -4.7008087449e-02 -8.3535620216e-03 -1.5426011596e-02 1.0749314614e-02 -3.3190589438e-03 -3.1965437122e-02 -1.7998409202e-02 1.2754715878e-02 -2.1637777366e-02 1.7825380276e-02 1.4435277349e-02 2.3642453330e-02 1.8113645684e-02 4.0714761688e-02 -2.0899581384e-02 4.6443807863e-02 4.2651280355e-02 4.2601349444e-04 2.4957481232e-02 6.2237243060e-03 -2.7082103205e-02 2.6826090478e-03 -1.4175068657e-02 -3.4990581251e-02 5.0515685908e-02 1.9018780865e-02 -6.3745153084e-02 1.1558539880e-01 -2.6605833555e-02 4.5831254077e-02 3.4715164799e-02 4.5042581482e-02 -1.6476775842e-01 1.9498713842e-02 -1.4841124320e-02 -5.6605004788e-02 5.2056334600e-02 -1.6898401961e-02 -1.1108180754e-02 3.2470565683e-02 -1.9153009355e-02 -1.0915979397e-01 1.5910220264e-01 4.0438836678e-02 1.4111469586e-02 -4.5763466120e-02 -3.4532528437e-04 -1.1692928896e-01 -3.7328743732e-02 1.3942533480e-02 2.9455037067e-02 6.0034529326e-02 -8.6053150893e-02 -1.7082096964e-02 1.8914731870e-02 -1.1265125447e-02 3.7547628927e-02 -5.0773928271e-02 -4.0906433253e-02 2.9771534181e-02 -2.2598222061e-02 -3.5168908826e-03
3.9704792498e-02 6.8689648078e-02 -3.7712718701e-02 5.2328615552e-03 2.0957919252e-02 -1.6950454550e-02 -8.4662716892e-02 2.3312691800e-02 -8.4735231169e-02 -2.4250329087e-02 -2.3072418842e-03 -9.9999982383e-02 -4.1117184965e-02 3.3432210128e-02 -8.3831356464e-03 -1.1826143421e-03 7.8336600249e-03 -4.9034780108e-02 1.4890947611e-02 1.3937889042e-02 -7.5889570818e-02 -6.2736987246e-02 -3.2344315765e-03 1.4499410647e-02 1.2471980407e-02 8.9865036652e-02 7.1460624670e-03 2.3028653107e-02 2.5083079712e-02 -1.3411140965e-02 -4.5470396997e-02 -3.8090642547e-02 5.8500687010e-03 3.8602593396e-02 1.3165277827e-02 4.1526340047e-02 -3.2350966574e-02 -1.0113279861e-01 -3.1245006379e-02 1.9213300294e-02 2.7908987928e-02 8.0151484560e-02 3.1411953144e-02 -8.2380912368e-02 -5.1408978274e-02 5.2808592840e-03 -5.3459187659e-03 5.9304863996e-03 1.2053709179e-02 1.6247289564e-02 3.3448378003e-02 1.0551735744e-01 -4.6659815095e-02 -4.2904337993e-03 3.3965531021e-02 3.6310319362e-02 -6.2007464181e-02 1.0108446899e-01 -1.2897174772e-02 1.0847517473e-01 7.6257937444e-02 -5.4039797764e-02 8.7727810155e-03 8.5457143978e-02 -1.8444677370e-02
-5.5011675365e-04 3.4020621792e-04 9.7479396371e-05 -6.2497552889e-04 -6.9686730055e-04 -1.5011501680e-04 -2.0942835261e-04 1.1936755292e-04 -5.5925702316e-04 4.9070393709e-04 2.0440390348e-04 5.2271935647e-05 -9.5722672321e-05 5.1530216932e-04 1.3366701253e-04 3.5101220142e-04 -1.3927065864e-04 1.8307557930e-04 2.3554392781e-04 -2.4049287723e-05 -2.1624068022e-04 1.7856145033e-04 -9.0802666039e-04 -7.7076479223e-05 2.2428187289e-04 7.3450318130e-05 1.5826766630e-05 1.2932101295e-04 -3.3341335987e-04 -3.0603757634e-04 2.2049915750e-04 6.2374269846e-04 -3.8122287657e-04 -9.6791219085e-04 2.1465773215e-04 -5.4346092679e-04 -3.5750345693e-04 -7.4308706364e-05 -2.4022190792e-04 2.5446193823e-04 -6.6948741460e-04 -1.4310603257e-04 -6.0055583477e-04 -5.2445540075e-04 3.2346646342e-05 -2.8719048961e-04 6.4522540673e-04 -3.8985626279e-04 -1.9886597213e-04 -1.7442664952e-04 1.1321628194e-04 -8.7934472497e-04 2.1709126435e-04 -6.5345793473e-05 -1.3653689899e-04 1.0133949231e-04 -3.8890512517e-04 -4.8093783803e-04 -1.1106583099e-03 -1.5300336830e-04 3.0777776364e-04 7.3205047414e-06 -3.4936291212e-04 -7.7313673374e-04 2.7520591475e-04
-2.3391324171e-02 9.3178909021e-02 -1.9164765398e-02 -3.9905725674e-02 -2.4711432055e-02 7.6200869511e-04 -4.4522952912e-02 2.9573419485e-02 7.8220973624e-02 -1.7356000261e-02 -9.5923053632e-02 7.4347053568e-03 -7.6375765487e-03 2.3072211598e-02 -2.2042237526e-01 4.0674872237e-03 1.0537446998e-01 3.7013012521e-02 -6.2050295934e-03 1.0359248872e-01 -1.1272512691e-02 -1.9858109800e-02 -4.9563879882e-03 -5.9641526698e-02 -3.0606670938e-02 -2.5699914562e-01 -1.1079921809e-01 -1.1910170629e-02 -3.3657560764e-03 -6.3725861137e-02 -3.3212556100e-02 9.1859393884e-02 6.0043477186e-02 6.6456931020e-03 -3.3836673005e-02 3.1650131808e-01 2.0620689804e-02 -3.1096742065e-02 4.6816374533e-02 -9.5694196418e-04 1.2156726274e-01 -1.1892654101e-01 1.8224813273e-02 4.2595805676e-05 2.6510353814e-01 1.9276455836e-02 2.9987520206e-02 7.8916351759e-02 -1.2990306005e-02 -4.0233231764e-02 1.0894577317e-01 9.8543325386e-02 2.0671778524e-02 4.9007610267e-02 1.1903438871e-02 -3.7491978903e-02 -3.9918660148e-02 3.1163364533e-02 2.5570216747e-02 1.8442345310e-02 8.3773682134e-02 6.6583052726e-02 -6.7323320184e-03 1.0868741996e-02 -8.0237504668e-02
-3.9475550186e-03 1.4858423554e-02 1.4991193968e-01 6.5636977939e-02 2.3977816933e-02 -2.1421004513e-02 4.1209704824e-03 5.9218416044e-02 -1.8805788448e-02 -7.3828014108e-02 -4.7610791558e-03 -8.5136531847e-02 -5.4338837421e-02 2.6283918910e-02 -2.8069032034e-02 3.8690180263e-02 -4.1331450239e-02 -2.8826653920e-02 -4.5102862350e-02 -7.6948954391e-02 -4.6178407746e-02 4.6993239068e-02 1.4265308404e-02 5.1981139659e-02 5.1801475841e-02 -3.9144351902e-02 5.9567180418e-03 1.7720457408e-02 -7.1895496237e-02 2.5940660835e-02 -1.0717332932e-02 -2.9290624304e-02 -2.3322430489e-02 -4.0650471336e-02 9.3426778955e-02 -4.4593125312e-02 -3.7727613150e-02 3.2480800306e-02 -3.8051342589e-03 -2.0758543604e-02 -5.0744082336e-02 -7.4328293762e-03 3.4865787105e-02 -2.0398472362e-02 4.4555302840e-02 2.9049949853e-02 6.3339623683e-03 4.5664084694e-02 -4.7034014220e-02 -2.2766331368e-02 2.5011343733e-02 -1.9082764213e-02 1.1532090469e-01 -7.9530463000e-02 4.4248912243e-02 -2.8579825467e-02 5.6129711831e-03 3.9955965457e-02 3.6036915618e-02 6.3749140777e-02 7.6306049985e-03 -3.1922801951e-02 1.0661960581e-03 -5.0986494003e-02 -6.8441769178e-03
-5.3312876921e-03 -9.8838114521e-02 2.9636439674e-03 8.7115850846e-04 -4.8397253752e-02 -5.6981985892e-02 1.1611284437e-02 -7.2651191217e-03 2.9192236010e-02 -4.9479684318e-03 1.1112363216e-01 5.6258980025e-03 -5.2723289482e-03 -2.3299280115e-02 -8.7616119238e-04 1.7539921458e-02 6.7320411939e-02 5.0741934008e-02 -9.5446403849e-03 2.5149090906e-02 -5.8353844137e-02 -1.2352372966e-03 3.9822938838e-02 -2.4583613727e-02 9.7651021362e-02 -6.3630703625e-02 3.0504917508e-02 -5.0720745990e-02 8.7107175772e-03 -3.3611619099e-02 -6.7613269558e-02 1.5391274471e-02 -1.9381704321e-02 -1.2795011215e-01 3.2459297446e-02 1.6228918031e-03 -1.9950068787e-02 7.3324613261e-03 2.9534428286e-02 1.8561997827e-02 2.2576729492e-02 1.5022432793e-02 -8.0154040923e-04 -4.5797041142e-03 -1.3907002854e-01 8.9897566945e-02 3.7948995180e-02 8.1733567473e-02 -2.7379785982e-03 -3.1309814990e-02 2.5681774136e-03 3.3163255528e-02 -6.9513963522e-02 1.8942780187e-02 -4.9599869338e-02 1.1980366342e-01 7.1266639319e-04 2.8727999275e-02 2.0842325053e-02 1.1183643884e-01 -1.2796521355e-02 6.7114477481e-03 5.0636576219e-03 -2.0505705264e-02 8.2387115902e-03
7.2561894024e-03 5.3447942890e-03 4.5571326877e-03 -6.4883766120e-03 8.4685539197e-03 6.0450154987e-03 4.4326219368e-03 -8.3447769586e-03 -9.0718210310e-03 6.8474383546e-03 -8.3005982196e-03 9.7370342187e-03 8.5870134276e-04 7.3939191111e-03 -7.4690261000e-03 -2.4212131302e-03 -5.6333853241e-05 -4.9267120422e-03 -6.6410627023e-03 7.6826939302e-03 1.0839437532e-02 4.8294763669e-03 4.0120446922e-03 -6.0514510155e-03 1.0316085637e-02 1.0782377970e-03 -8.2282394019e-03 1.0448881773e-03 6.3020885619e-03 -6.4182813530e-03 5.0826576088e-03 6.4086649076e-03 -8.0550889579e-03 1.0238394237e-02 8.1411113388e-03 -1.8242757254e-03 -7.2984865439e-03 1.0651816181e-02 1.2682064780e-02 8.4791386554e-03 1.5691962252e-03 -1.0540632801e-02 1.1624957575e-02 -4.4287886078e-03 8.7916255133e-04 9.9268148712e-03 -7.4923847544e-03 8.9905927645e-03 -9.1441239417e-03 5.6508721665e-03 -6.9087403379e-03 -1.0566290404e-02 -8.3807096815e-03 9.7574899977e-03 -6.6106965942e-03 6.6517133432e-03 1.0989851827e-03 -9.1844892889e-03 5.3194073753e-03 9.7818456428e-03 -1.0554903501e-02 5.1694619938e-03 4.8449472832e-03 7.8673193293e-03 -8.2871357230e-03
6.7109478313e-02 3.5812769696e-03 1.0038432437e-01 -3.8349583286e-02 -8.7289703645e-03 1.9685754736e-02 -1.5745328243e-02 8.0036917816e-02 -2.5788441911e-02 -5.6579505435e-02 6.0643005500e-02 -1.3547967754e-01 -1.5757648460e-02 -5.0198956373e-02 6.4145808756e-04 6.5184428993e-02 2.1128572723e-01 -4.5265740478e-02 -1.3039532988e-02 -5.0579056756e-02 1.2261799929e-02 -7.3146011755e-03 4.6260911157e-02 -3.0619206746e-02 -1.5350178513e-03 2.1546048670e-02 2.5083696841e-03 -3.1943229288e-02 3.5300512290e-02 -3.3172336711e-02 4.7838848637e-02 2.1429099158e-03 2.2929033758e-02 5.6742061423e-02 1.6201584440e-02 3.6312313088e-02 5.8144508861e-02 2.6846810543e-02 -1.4135786066e-02 -2.8623985570e-02 1.2101715784e-02 -1.5220572914e-02 -4.5465125405e-02 -4.1116108793e-02 -2.4538464646e-01 -3.1617500635e-03 -2.4177175391e-02 -3.2551672641e-02 -5.7008721604e-02 4.6683990436e-02 -2.0869765478e-02 7.9864435217e-03 -1.6355526922e-01 2.2985652701e-03 -5.9128747429e-02 4.4257483196e-02 3.9242890260e-02 6.8636267241e-02 6.4223173807e-02 -1.6860206780e-02 -5.9166418635e-02 -6.2157491182e-02 -2.8436539898e-03 -3.3579248089e-02 2.8867899782e-02
1.0161992188e-04 5.8201949119e-04 -3.9895859010e-05 1.1342452404e-03 -3.4596565170e-04 2.0226155488e-04 8.1628608119e-04 -3.9446426187e-05 -4.3255188794e-04 -1.8163027322e-04 -1.2055207218e-04 1.6641455417e-05 2.7994141412e-04 8.6913198845e-06 4.4908928624e-04 -4.1620273912e-04 -1.4401296971e-05 3.5628774373e-04 -4.7578163946e-04 -6.3809481375e-05 -1.1938335381e-04 -3.0048158248e-04 -4.6992444222e-04 -5.9894476458e-04 7.3794292008e-05 3.7374750340e-04 -7.3124508062e-04 5.2816674438e-04 -7.2384747765e-04 -3.3144023874e-04 4.4689721372e-05 3.5042741591e-04 -7.1091250707e-05 -1.6025469713e-04 9.8728100349e-04 -4.4160901016e-04 -6.2160573756e-04 -2.6237792838e-04 -1.7873484862e-04 5.3979219013e-04 -4.4971737848e-05 -6.5593456095e-05 1.4409558812e-03 -2.0904326934e-04 3.2402294468e-04 7.7672539237e-04 -4.1345401432e-04 4.3141206289e-04 1.8811641774e-04 6.9903341943e-04 4.4829040208e-04 -6.2236234381e-05 3.5767671641e-05 -3.4681569435e-04 8.4011844289e-05 3.8265907047e-04 -8.6804632042e-04 6.9735149506e-04 2.3390284718e-05 6.7068534751e-04 -7.8643065100e-04 -1.7546851650e-04 -7.2879971508e-04 2.5588864379e-04 1.9765116642e-04
9.9690444925e-05 -6.4633366879e-04 4.7100287570e-04 2.7373865363e-04 -8.1046472309e-04 -2.0746402280e-04 -1.0996126111e-03 -1.6148964588e-03 -2.2002786718e-04 5.4031730772e-05 2.9067552080e-04 -3.9158885443e-05 5.3066049547e-05 3.0122464041e-04 2.0486700133e-04 -8.7130941237e-05 6.8499674581e-05 1.0608371905e-03 -3.3403528348e-05 -3.2490717359e-04 -6.1414022378e-04 -2.9603732472e-04 1.0479348057e-03 4.0954460691e-04 1.0719810934e-04 2.2287042008e-04 3.9911621406e-05 -5.6132529452e-04 1.5048778088e-04 -1.0245406007e-04 -1.1149259326e-04 -7.6496665035e-04 -5.5994256448e-04 5.9160046672e-04 -2.1826531804e-05 5.4951067150e-04 -5.2023355755e-04 -4.4641366426e-04 2.8139780179e-04 -3.9282072656e-04 -1.7565657520e-04 -7.4230010576e-04 9.4583229198e-04 -3.5880769149e-05 -3.0854422885e-04 6.3439028089e-04 4.5853687272e-04 -5.1953427904e-05 1.2999042473e-04 -3.0696427416e-04 2.9353692844e-04 -6.5054658873e-04 2.8647233022e-04 1.0265230348e-03 2.2201390607e-04 -2.4935472010e-04 3.2765115148e-04 -4.3406190853e-04 2.2545191185e-04 1.6205366197e-04 5.5583789578e-04 -7.9018797805e-04 -6.4887114575e-04 -8.6865801806e-04 2.0824216332e-04
-4.4691533145e-04 2.1367256787e-04 -1.9630095825e-05 -2.4961122985e-04 5.5843520040e-04 -1.2951860846e-04 -9.7972242565e-04 -5.4495147766e-04 -4.8529802260e-04 5.9959435868e-05 7.2805069060e-04 3.6101237756e-04 -2.3435823916e-04 -4.0094454167e-05 -4.4827489413e-04 1.6872246134e-04 -2.5785783687e-04 -8.8259869388e-04 7.8129971107e-05 7.0569772710e-04 8.3552394921e-04 -7.4317782195e-04 -4.9812643642e-04 1.0280100887e-03 1.7639851143e-04 3.6133701155e-04 2.0659651225e-04 -6.5753080699e-04 -2.6876326306e-06 -3.6445995816e-04 -4.7360368442e-04 5.2866096944e-04 -1.2813327188e-04 9.4911641182e-04 -2.8599451252e-04 3.6531916446e-04 1.8432717709e-04 5.1533975088e-04 -8.4312659934e-05 5.6974565556e-05 -4.5553967574e-04 6.1303075378e-05 -6.0493084622e-04 -9.8036905767e-04 5.2460833573e-04 -1.1348600958e-04 -1.9980340978e-04 -6.5888230613e-04 -2.1031953004e-04 -3.7129150985e-04 2.5993099423e-04 2.5420168966e-04 3.7510819532e-04 -1.1147318539e-03 -9.3377088702e-04 2.6133405055e-04 -5.1252195489e-04 2.7638147956e-04 -2.5032435650e-04 -6.0861453779e-04 3.7800883125e-04 1.1042799074e-04 5.5647379012e-04 -8.3250378118e-04 -5.3110045838e-04
-1.8184568915e-02 -3.7797324096e-02 4.2867925335e-02 9.9245430501e-02 -7.9852094770e-02 6.5176477871e-02 -9.8778359003e-02 -1.5217557170e-01 -6.1756804468e-03 3.0719468732e-02 -7.1135978612e-02 -4.3534389948e-02 3.1965331828e-02 -1.0267393619e-02 -3.5447899899e-02 -1.2053360909e-01 3.8018213531e-01 6.5406385054e-04 8.7661398122e-02 4.3916506964e-04 -8.8651403016e-03 5.6548476547e-02 -1.0833815554e-01 -4.9176643119e-02 -1.1050059816e-01 -1.1005659661e-01 -1.2435167851e-01 1.1397647913e-01 -7.1494052214e-02 2.7177084481e-02 6.3290028870e-02 -3.2572800586e-02 -1.3119855868e-01 -5.0630357945e-02 1.7082218091e-03 4.4534370462e-01 8.6928208226e-03 7.0823236208e-03 -8.7573486408e-02 2.8311689216e-02 -2.3845635545e-02 6.1503938046e-02 1.0340353841e-02 7.1262299619e-03 5.0570089922e-01 -1.3449201789e-01 6.9465750415e-02 3.6475478421e-02 2.7006042116e-02 -1.5971421198e-01 -1.3700964511e-02 -3.4909642711e-02 -3.2045820275e-02 5.3293646847e-02 -8.2837833035e-02 -3.3329958485e-03 1.3135574339e-01 4.9373572439e-02 -3.3443544936e-02 -7.6611216008e-02 -3.0333525541e-02 -5.0643012041e-02 -5.6371930407e-02 -7.4871683664e-02 5.9117974168e-02
1.8507161368e-02 1.4743513487e-01 -1.0582005273e-01 -3.9886539658e-02 1.4194607038e-02 -7.4589188036e-03 -4.2205126695e-02 1.0008168928e-02 7.8729080237e-04 -2.5412816664e-02 8.4723623431e-04 6.7933476288e-02 2.5497565100e-02 -4.0766776613e-02 2.7983231094e-02 1.3406422782e-02 3.2099364310e-02 5.0004235125e-03 -3.5368116934e-02 -3.6726324706e-02 3.2060476485e-02 2.7932642933e-02 6.9551240326e-03 -2.9827047193e-02 2.6157895966e-03 2.5784356876e-02 -3.5418710854e-02 3.4260304490e-02 3.2929976198e-04 3.9560838011e-03 -3.2188844900e-03 -3.9682810907e-02 -3.4278457685e-02 -1.1895970136e-01 6.1256814939e-03 8.6657189439e-02 -7.0946218898e-03 4.8770144136e-02 -8.0787458139e-02 -7.6143569859e-02 -7.7000115786e-02 -3.9359639603e-02 -2.8999512679e-02 2.0403747324e-02 7.5114736142e-02 3.7833350051e-02 1.2658006647e-02 3.4858332618e-02 6.2719043169e-02 -1.2907539523e-02 -3.8773228995e-02 8.8073470482e-02 6.1563272893e-02 1.5323148453e-02 -7.9618700541e-02 3.3815442746e-02 1.3202364711e-03 -2.1370095572e-02 9.5105913119e-02 -1.2754352594e-02 -1.6497314412e-02 -1.3797209971e-02 -3.6114210293e-02 6.9189174643e-02 -2.0069628656e-02
-4.6385605633e-04 6.9531495618e-04 1.8609044821e-04 2.4459549082e-04 -1.5289536843e-04 -1.4046324756e-04 7.5955764906e-04 -2.6681100987e-04 1.1466405698e-03 4.9324501600e-04 -1.0692881825e-04 7.8944229470e-04 4.5277198460e-04 -6.9873398021e-05 4.4144275514e-06 -5.4442007752e-04 -4.5082823752e-05 1.5580624563e-04 1.0733089533e-04 -4.2150872196e-04 -1.0373675967e-03 -1.3638600505e-04 1.2297358134e-05 -1.4077264052e-04 3.5939518350e-04 1.8550823827e-05 -3.7616926169e-04 -2.8374138519e-04 4.7430063379e-04 -6.1913509743e-04 -6.5061449582e-04 4.1902009822e-04 -5.4358804105e-04 -1.9183774676e-04 -9.4389324119e-04 -1.0245960177e-03 4.5265625518e-04 9.7432949605e-04 3.3353131343e-04 2.1072454393e-05 -5.5689320784e-04 4.4401205993e-04 -6.8956875830e-04 -7.0258361921e-05 -8.9268209270e-04 -1.5930308340e-04 5.9139283463e-04 1.8245929563e-04 3.3897273504e-04 -3.1104058815e-04 3.8021537532e-04 -1.6258990093e-04 -2.5642048104e-04 6.2473689292e-05 4.1015229853e-04 1.4992223258e-05 6.4727409528e-05 3.3733290066e-06 -2.3162629687e-04 -4.2755731311e-04 -2.1539919071e-05 6.0492223595e-04 5.8558909628e-04 -3.0624632358e-04 -2.5535166284e-04
-8.8374801716e-03 1.8216972849e-02 -6.0285839621e-02 -1.1237575011e-02 5.1755083278e-03 -6.6769748573e-02 1.2375566283e-02 1.1201488613e-02 3.2471609547e-02 -1.7203595309e-02 2.1842170235e-02 -7.3210611613e-04 -5.2195740993e-02 1.0121584939e-01 4.3261719534e-02 3.6433282674e-02 -2.9117804164e-02 -1.5018271602e-02 -7.5458708127e-02 -8.6011367680e-03 -3.8649128462e-02 -1.1369083419e-01 4.4746899066e-02 1.2693225210e-01 4.6063749338e-03 -3.8453807152e-02 -6.7475922596e-02 1.3570864368e-02 -2.1265825967e-02 -2.6691576697e-02 3.1128649422e-02 1.1881506627e-01 2.2747414396e-02 1.1221385303e-02 2.3216460328e-02 2.8711625805e-02 -3.5384843801e-02 1.4798374732e-02 -5.8007529295e-02 9.7596224522e-03 5.6168147043e-02 -1.7922398741e-02 6.3654217699e-02 5.7626696620e-02 -2.9941833962e-02 -2.9130154912e-03 3.4201789518e-03 4.1274802192e-03 -4.7819325994e-02 -2.2858860000e-02 7.0044306754e-03 -4.9947553770e-03 3.0832684028e-02 -9.9457834851e-03 -1.0404404771e-01 5.1233233919e-02 -9.4926830924e-03 1.9318727018e-02 -5.4845755025e-02 -1.4175650858e-02 -5.1736125949e-02 -4.7010085915e-02 2.5819263013e-02 2.1220931669e-02 -5.4535513736e-03
-7.4973136365e-04 2.9099421764e-05 -4.5091432039e-05 1.3993543423e-04 -1.1254818081e-04 -6.3837620749e-04 -9.4885849869e-04 8.2783778734e-05 -1.3812038840e-04 8.3598197087e-04 -1.1885569014e-04 6.3915087811e-05 3.8831877494e-04 -4.3555869856e-04 2.0031812465e-04 7.7410733006e-04 2.0345950642e-04 8.0758854081e-04 -1.1517960827e-04 3.8091999106e-04 2.7134437013e-04 1.2734347111e-04 4.1869691000e-04 -2.0983848849e-05 -6.7469906399e-04 -6.4747140234e-04 3.8038267904e-05 -9.0997726286e-04 1.3011362079e-04 1.5038555290e-04 1.1499561350e-04 3.2484107997e-04 6.4675648521e-04 2.1872752271e-05 -2.7357389236e-04 1.0798455513e-04 -1.9966281025e-05 -1.2010732016e-04 5.2807242825e-04 -5.2607428038e-04 6.1091775485e-05 1.0161349027e-04 1.0855563679e-04 4.5549305229e-04 1.2717686578e-04 5.2164550057e-05 3.9170226054e-05 -1.1465354923e-04 6.4541767846e-04 -3.6643728854e-04 2.0156853190e-04 -6.9370665714e-04 -9.7145472634e-05 2.1264108710e-04 8.3875489332e-05 -9.4766393675e-05 4.4119731618e-04 -2.6399511683e-05 6.0139941093e-04 -1.4809602442e-04 -6.1573728574e-04 2.2213311811e-04 4.9880806097e-04 -3.9453459641e-05 -2.2060539940e-04
5.0786418575e-03 2.1830096386e-02 1.8888591583e-02 -1.2978544150e-02 -1.1311986017e-02 1.9574275801e-02 -1.0499736081e-02 1.8347922759e-02 -2.5682830822e-02 2.4809026579e-02 1.2935878242e-02 -2.8208832522e-02 1.3611247327e-02 -1.5585165311e-02 -1.4402055478e-02 7.2787427081e-03 -1.8902547552e-04 1.2303222410e-02 5.9036917293e-04 -1.3124157214e-02 -1.3333095330e-02 1.9023659349e-02 1.8612187274e-02 -1.8130931447e-03 -1.2449313104e-02 8.6010236041e-03 1.0560365517e-02 -2.0526598345e-03 1.0074335601e-02 1.1308269920e-02 2.0253378724e-02 -1.3680336873e-02 -4.9620635122e-03 -9.5901487855e-03 -2.7473196078e-02 -1.0327389294e-02 2.5066581669e-02 6.2251322419e-03 1.1373511299e-02 -6.2514584595e-04 1.3994212401e-02 -1.1910928523e-02 -2.3273186304e-02 -9.7768538989e-03 -2.0887189250e-02 8.3248581454e-03 -1.7370653987e-02 -7.1470182820e-03 -8.4927357942e-03 1.5161654453e-02 1.1974544928e-02 1.5127771451e-02 -1.7827774821e-02 1.7740065943e-02 1.8437836398e-02 1.6653650935e-02 1.1007082761e-02 2.1046491426e-02 1.8087384246e-02 1.3395561957e-02 1.8799311068e-02 1.2756513726e-02 -1.7738404016e-03 1.2436314436e-03 -1.5240729942e-02
7.7903614572e-03 1.1662175148e-02 1.5541917277e-02 8.0590333640e-03 4.8943354593e-02 5.8843912479e-02 -6.2693599097e-03 4.4664431703e-02 -1.1743314133e-02 2.2694716423e-02 7.7091071331e-02 -7.8750460645e-02 -4.1036110367e-02 1.0964884784e-02 1.7876408255e-02 -6.4995380107e-02 6.3487192653e-02 3.3465820885e-03 2.6078321131e-02 -2.6079706828e-02 -2.7682180677e-02 3.4987237107e-02 1.5375870177e-02 2.9500525653e-02 -3.1283067178e-02 -8.3153034040e-04 2.2390985758e-02 -3.2262407439e-02 1.0901395405e-01 -1.9518680551e-02 3.1086665247e-03 9.3796271601e-02 5.5177854104e-02 -6.4882465346e-02 2.3299978320e-02 -5.8385558397e-02 5.4377076319e-02 6.9654052003e-03 6.9782858933e-02 4.9772773015e-02 5.3542253023e-02 -4.0041017548e-02 1.3093297718e-02 -6.7891994411e-02 1.8444524308e-01 -3.5622860605e-02 3.5759221544e-02 5.7877183195e-03 3.4025250064e-02 -6.3269680540e-02 -8.8547886238e-02 2.1234067548e-02 6.9575594754e-02 -2.2614133938e-02 -2.7965313530e-02 -2.1008010047e-02 -1.0035038487e-01 -1.5710228105e-02 1.1177202982e-01 -2.4850521718e-02 8.5202857950e-03 3.6599461808e-02 3.4113489710e-02 6.8322878888e-03 3.8265197924e-02
1.0157176486e-04 5.0666038403e-06 6.2655712578e-05 4.3179492531e-05 3.6877070082e-04 8.6795357342e-05 -7.8004484462e-05 -2.6285149528e-04 2.4231056289e-04 1.8012127622e-04 1.5620434823e-04 3.2286433459e-04 8.7892101774e-04 6.8279890604e-04 6.4055006422e-04 6.2404722098e-04 3.9252975518e-04 6.1615308375e-04 -1.0148279504e-03 2.4144456928e-04 -4.3474168006e-05 2.9328512530e-04 -4.9044042082e-04 -1.5572899778e-04 3.1547850427e-04 3.3203898393e-04 -1.5757040300e-04 -1.1668472253e-04 5.2841008662e-04 3.3090301865e-05 -2.7398379131e-04 -3.4278962029e-04 -5.0871805935e-05 4.1499832805e-04 3.9372206267e-04 -4.2198536398e-04 -5.2843490317e-04 2.5575865796e-04 -3.8330664426e-04 4.4206484152e-04 8.7686808804e-05 -2.7829780562e-04 -6.0200951757e-04 -2.9007032110e-04 1.7811747874e-04 9.3186386793e-05 2.7771658769e-04 -2.3830473244e-05 2.9303910825e-04 1.4578670665e-04 -7.8915921056e-04 4.8308150260e-04 5.6749600040e-04 1.1782755916e-03 -5.4933571841e-04 4.7255585859e-04 -1.1248680326e-03 -4.3611709674e-04 -3.9837626835e-04 5.0441913162e-04 -7.3311675559e-04 1.8682063680e-04 -4.5593213262e-04 -2.8744866761e-04 3.9304187383e-04
