2.6162837899e-02 -1.1425697309e-01 1.6031157440e-01 -2.7353550717e-01 -4.4104267809e-01 3.9289614353e-03 1.6039139690e-01 -2.7157205028e-01 2.3304103907e-01 1.0228366794e-01 1.9472497784e-01 4.2117257568e-01 1.4937696270e-02 -7.8363735925e-02 -2.0161625370e-02 5.2532135406e-01 2.5062344865e-01 3.7535079702e-01 -6.0506080220e-02 -7.6932666224e-02 1.4657433210e-01 9.8731685798e-02 3.8417350082e-01 3.0582733963e-01 -2.3754539069e-01 1.2747762943e-01 3.8437212245e-01 1.7408165959e-01 3.4574590476e-01 -1.9562991727e-01 2.5797002533e-01 4.1951767785e-02 2.1378888940e-01 4.0117909235e-02 5.4021613438e-01 4.2735886900e-02 3.2690054846e-01 -3.7306599411e-01 3.0838619953e-02 -1.4554558097e+00 -1.5376825423e-01 2.0309175606e-01 1.9765037083e-01 4.8663886615e-01 -6.6894068053e-01 -1.4909884385e-01 1.0624258125e-01 -2.0977694538e-01 1.1022787877e-01 -2.4112887133e-01 -7.0184165705e-01 -2.9647393191e-01 -2.7928706695e-02 -2.9132350839e-02 4.8462694729e-01 -8.3785945359e-03 1.1903764328e-01 4.5059424146e-01 2.1623480318e-02 3.3863088028e-02 1.9190465504e-01 -3.7171340991e-01 -1.8254692094e-02 7.2047651749e-01 3.0986703344e-02 3.3704035442e-01 -1.3414505362e-01 -7.4356590379e-01 3.9288264244e-01 -2.1558917761e-01 -6.8340326223e-02 -1.3236734860e-01 -1.1549941897e-01 -9.1690490823e-02 -4.9116737638e-02 -2.2848612979e-01 1.0702582045e-02 -3.5770279057e-02 1.8346862189e-01 -8.6983528323e-01 -2.8326118748e-01 -4.2714138041e-02 3.3132272282e-01 1.1476720983e-01 -1.8993950790e-01 1.3596900519e-02 1.3915463685e-01 3.3358825365e-01 -5.3065492745e-04 4.1083288692e-01 -4.4186827896e-01 2.5446004391e-01 -3.9658092448e-01 -5.0821604938e-01 -1.9794557756e-01 2.8797960164e-01 1.0527708731e-01 -2.5219216002e-01 3.4127525898e-02 3.0074236835e-01 5.4075107073e-02 -4.6031580398e-03 8.8829053349e-02 -2.0397259600e-01 3.2423104013e-01 -1.3458735631e-01 -5.6054099377e-03 8.5342977283e-02 -4.2861445130e-02 -2.6979397579e-01 1.3166176724e-01 4.8131156313e-02 4.2973677453e-01 1.1149763234e-01 2.8739891225e-02 -1.5622496971e-01 1.4977339398e-01 -5.9943400456e-01 -1.4121904014e-01 4.7593781573e-01 -6.5670528612e-02 -2.4700647358e-01 3.1872545273e-02 8.6660001009e-02 1.5537522837e-02 2.4821090224e-01 -2.7583461714e-01 -1.8391059189e-01 1.5445354750e-01 8.2585137954e-01 2.6446042370e-02 1.4051907471e-01 5.1555242480e-01 -5.7619150529e-02 2.7095387011e-01 -1.8811631696e-01 3.2306821489e-02 1.8971274650e-01 -2.0953737333e-01 -3.0464638158e-01 2.4487519631e-01 -1.7673015684e-01 4.3410887052e-02 -1.7553649113e-01 8.8802403480e-02 4.0707552907e-01 2.6093946190e-01 1.0277609492e+00 5.5137410379e-02 4.6451585494e-02 1.2177868387e-01 2.9249555755e-01 -3.7537021031e-01 -3.1207922639e-02 -5.4620674749e-02 -1.5250505213e-01 -2.5303483351e-01 -3.0522628940e-02 -3.3420615909e-02 -2.1900394134e-01 1.0142192961e-01 3.6923279686e-01
9.1723567508e-02 -5.7616457201e-02 -7.3990163924e-01 2.5287432632e-01 3.3028870356e-01 -1.8141968403e-02 1.7060104587e-01 1.1624811932e-01 -4.0977472966e-02 -1.4493540649e-01 -4.3026343466e-03 7.7138470375e-02 5.1632952001e-02 4.2895631785e-01 -3.8160056414e-02 -3.3308099396e-02 3.7962098563e-01 3.8631003237e-01 2.4371527029e-02 1.2747582355e-01 -1.0207584252e-01 -4.8916443525e-01 -1.7471559976e-01 -4.7105892227e-01 4.8396222274e-02 -4.4521874258e-02 -8.8323194450e-02 1.2362837730e-03 -2.9619858439e-01 -3.0124292307e-02 4.2932777933e-01 -1.8297418567e-02 5.8122118039e-01 8.1124964042e-02 -4.3690994917e-01 -4.8207605276e-02 5.3026703672e-01 -1.9571484528e-02 6.0970810027e-02 1.9533003828e-01 1.5662482293e-01 6.2629985667e-01 3.1215942177e-02 2.7803069251e-01 3.9484686352e-02 2.0660890207e-01 2.0848583315e-01 5.2775085992e-02 -2.8357286426e-01 -1.2208867944e-01 2.2676756192e-02 -2.6608976161e-01 3.7815903730e-01 4.7044398486e-01 -8.7487116066e-02 2.2825086878e-01 -2.8405392952e-01 -5.9238381865e-01 9.2629455473e-02 7.3873515279e-02 1.6459046378e-01 3.6605047511e-01 -6.5333767149e-02 -1.6184789479e-01 6.5172178435e-02 -2.0119012740e-01 2.8689724916e-02 -2.3360655456e-01 -3.8397185371e-01 3.5556675149e-02 -1.0933135160e-01 -1.4651871055e-01 -5.6043093742e-01 2.6796318898e-01 -7.2900214453e-02 2.3741924676e-01 -5.2682238417e-02 -1.9593634047e-01 1.3610988608e-01 7.8955278525e-01 -3.2982165474e-01 -7.2085445802e-02 -3.5111520751e-01 2.9190462601e-01 -7.2386257628e-02 6.6844161467e-02 2.0816986669e-01 4.6998586162e-01 -1.2793961578e-01 9.1213342415e-02 -1.6722990921e-01 -6.7879614721e-01 -8.2387275697e-01 1.2067947469e-02 -9.7039228128e-02 -2.9031874181e-01 -1.6349938392e-01 -2.8081762114e-01 4.0947670321e-01 -3.8626831294e-01 3.1739454290e-01 -1.8589035633e-02 -7.2359875047e-02 4.2332260501e-01 -4.9508540774e-01 -1.1328883306e-01 4.4277148767e-02 1.8785170504e-01 -8.3164325769e-02 -5.8703376694e-02 -1.4246270257e-01 9.2359047847e-03 -3.5457255803e-01 -8.1416473127e-04 8.1964549119e-02 2.4118020493e-01 1.2793825149e-01 -4.4077137906e-03 1.9379664667e-01 5.5338523066e-01 -1.4849830973e-01 -3.5612463308e-01 6.6157679561e-02 -6.7729733283e-02 7.5474920851e-02 8.2248701223e-02 -1.2252655096e-01 -4.7129015508e-02 1.2246396529e-01 -1.7957647459e-01 5.7836874319e-02 -3.1464588282e-01 3.8621728764e-01 1.0658421652e-01 9.8308592986e-02 2.0679966319e-01 -2.3203470343e-01 -1.7286870285e-01 -1.6824333115e-01 1.2723883733e-01 -7.9008539333e-02 -3.5468185610e-01 5.2295533419e-01 1.4354788019e-01 -1.3827309744e-02 1.6153086954e-01 -3.6157737558e-02 9.1817650777e-01 -2.3938182071e-01 7.7702990052e-02 -3.5498276830e-01 3.1589338725e-01 1.5456230080e-01 -7.3137880703e-02 4.1170208762e-01 -7.6631283658e-01 1.2586087473e-01 -7.3698099425e-02 9.7888838047e-02 -6.7939734856e-01 1.5080494864e-01 5.6113382278e-01
2.1409709691e-01 8.7951911690e-02 -2.1940212246e-02 -3.1952356363e-01 -4.4611290291e-02 -1.4809453339e-01 3.0753447022e-01 -1.1535343722e-01 -3.3663847324e-01 4.6038595636e-02 -6.7133077147e-02 -9.2874712269e-02 -1.1327927124e-02 1.3038056870e-01 2.3209709038e-03 1.0690932746e-01 1.5645497985e-01 3.0610218089e-02 2.8606131720e-01 -1.6268668776e-01 -3.6320828080e-01 3.6825069930e-01 1.0955691929e-01 6.7016838838e-02 -3.6719530653e-02 -1.2619293005e-01 -1.1598279447e-01 -1.4390608351e-01 -3.5546185973e-01 4.4397131991e-01 -1.3558609270e-01 -3.7058068034e-01 3.0459896790e-01 -4.6541427668e-03 1.4653264283e-01 4.8838371656e-02 5.0898480942e-01 -8.2627416957e-01 5.1369135206e-04 -4.4042643408e-01 1.4672307344e-01 -4.8924341506e-01 -3.7925414096e-01 -5.0106406387e-02 -1.4511743435e-01 4.5322739290e-01 1.5942822244e-01 1.0864030014e-01 -1.2547972372e-01 1.3112743245e-01 -1.2125382372e-01 -1.1731536635e-01 -1.3027235445e-01 -2.2595947287e-01 1.1914321983e+00 1.0181209189e-01 1.6508663746e-01 8.9693061331e-01 -1.5725719734e-01 -4.9168829815e-03 -3.0610903141e-01 -3.3810079584e-01 2.0343026127e-02 -6.3586004161e-01 -7.7819544862e-03 2.6977338686e-01 3.0766036419e-01 3.7533020795e-01 6.9359452689e-01 1.9376976339e-01 2.2335146708e-02 4.3106007158e-02 2.3888482483e-01 1.2425787029e-02 2.1502982412e-02 -9.2213069986e-02 -4.1409108075e-02 -2.0024855096e-01 1.6249090769e-01 5.9355635761e-01 3.5342780718e-01 9.1561344942e-03 -7.9446488936e-01 -2.8284645710e-01 -1.5697732854e-02 7.4665200104e-03 -6.9612178479e-02 8.9610362105e-02 -1.2960995581e-01 -5.1622585969e-02 2.7931111213e-01 5.1307268022e-01 2.2139763017e-02 2.9656460391e-01 -5.6027111402e-01 1.6793329419e-01 6.7629034160e-02 -4.6424251048e-02 1.4227255198e-01 -2.0073224836e-01 1.2123821784e-01 -5.7095018409e-02 -3.8508403119e-02 1.2413135393e-01 6.5732612747e-01 2.4683538356e-02 3.9799706299e-02 4.1336113786e-01 1.9599751963e-02 1.8283354677e-01 -3.5809282390e-01 -1.0730212002e-01 7.5468769390e-01 1.8527012430e-01 -1.7985657421e-02 -1.8762230727e-01 9.2067819774e-02 -4.3449281336e-01 -1.1271534817e-01 2.0741241288e-01 1.2058083090e-01 7.3414098532e-02 -8.3328890061e-03 -6.6487677440e-02 8.7934626073e-02 -6.0845004452e-01 -4.7923617450e-01 6.2660673659e-02 -2.0164148369e-01 -4.1750417434e-01 -8.0238540027e-03 -8.3082019668e-02 6.3166499808e-01 -4.4243889458e-01 8.8326607185e-02 7.4952014912e-02 -1.6884209851e-02 -5.0967886266e-01 8.3097187472e-02 1.8241948203e-01 1.3078145842e-01 1.0108926884e-01 7.2111601717e-02 1.7055115504e-01 1.8682032038e-01 -1.0184364875e-01 1.1270312905e-01 9.6379322593e-01 2.0207930885e-01 -5.6341315922e-03 2.1952547449e-01 -2.4722063329e-01 1.3730528464e-01 1.2913059900e-02 4.1774633863e-02 3.5329136649e-01 -8.8611713747e-02 4.8924119630e-03 5.9894942406e-01 3.8452226949e-01 1.1428608489e-02 -2.0010767110e-01
-4.0497466615e-02 -6.8691099742e-01 1.1579667417e-02 -1.1557722757e-01 3.6679212640e-01 -3.7120882814e-01 3.0876700912e-01 2.2980656362e-02 -1.0257938532e-01 -3.3963014904e-01 -1.4055936787e-01 -5.3497311127e-02 6.1214390067e-02 3.5932761414e-02 -3.7313923764e-02 8.6651945711e-02 1.2073196307e-02 -8.6213752518e-02 2.3111778141e-01 -2.9726915411e-02 -7.6966512574e-02 1.4482723112e-01 -2.2698372417e-01 1.0907951099e-01 -2.6974006738e-01 -1.9456778344e-01 3.6261280923e-01 -5.0516276606e-01 1.0327845602e-01 -1.9204380872e-01 3.6603181960e-02 -2.1029807946e-01 -1.7977893567e-02 4.2981680149e-02 -1.4754778727e-01 -3.4117805263e-02 -1.0331216020e-01 -1.2114270352e-01 5.3363129820e-02 -5.2300838792e-01 -1.7130621295e-01 5.1155559634e-01 2.6811537853e-01 -2.0631592891e-01 5.0197426836e-01 9.7373883981e-02 -1.1579329054e-01 -1.2097296165e-01 1.4524762806e-01 -5.9284691652e-01 1.7122445518e-01 -2.4805497018e-01 -5.0349087612e-01 -4.0275498568e-01 8.3611800179e-02 5.4676604214e-02 -8.2955119367e-02 -2.7999313628e-01 -3.0702772243e-01 7.9415922605e-02 3.6454484389e-01 -3.2689862383e-01 -6.3954904630e-02 -2.1369121697e-01 5.0507830702e-02 -8.8101806710e-02 -3.4962016952e-02 1.4012665788e-01 1.2527414145e-01 2.2495509557e-01 -4.0862658065e-02 6.2187013087e-03 -1.0314043250e-01 -8.4402469427e-02 -5.4623558175e-02 -1.5887670273e-01 5.8626355103e-02 -7.9261195379e-01 1.0406611542e-01 -7.1726154904e-01 5.7402159040e-01 -4.2527217543e-02 2.8988634852e-01 2.2320774155e-03 -3.3354981108e-02 4.1980490800e-01 -4.8704349295e-02 -8.9646299174e-01 7.2783717536e-02 -4.5564638613e-02 7.6246215786e-01 3.6641779812e-01 -1.7348943812e-01 8.5396236829e-02 -1.1751706916e-01 -1.0901491726e-01 6.4887183558e-01 -6.1593104604e-02 -6.0403942572e-03 -1.2463103447e-01 1.5572457256e-01 2.4412645296e-01 1.1456558755e-02 -7.8669410438e-02 -2.7950957501e-01 -4.0869670786e-01 -3.9280856374e-01 -3.8262255595e-02 -4.7308602025e-02 -2.1926424429e-01 -3.0805243957e-02 4.2675249532e-01 7.6946936758e-02 1.7157893642e-01 6.7526783762e-02 5.3594206174e-02 -8.2988586779e-02 1.0594308791e-01 -2.3594626210e-01 3.0051971166e-01 -1.7405252889e-01 -1.7008792186e-01 4.3188436394e-02 1.4431914639e-01 -2.3041289928e-02 -1.5994459155e-01 -1.7532432507e-01 -4.9344164266e-01 -1.2444511322e-02 -2.9049920720e-01 3.5366497905e-02 -2.1062207062e-01 7.9997115058e-02 -2.2453913553e-02 -2.5836656063e-01 1.9197502931e-01 -1.5746284217e-01 1.5889842137e-01 -9.2186616525e-02 -6.4195977816e-01 4.8400914701e-02 -8.3314384279e-02 6.9166921484e-01 7.0878685386e-01 -5.7492225245e-01 2.1023415686e-01 1.1138203506e-02 3.2453005379e-01 -3.8189780543e-01 3.8125444197e-02 -3.1635213792e-01 2.7634354186e-01 -1.3542012587e-01 -4.4145376263e-02 -1.0656296265e-01 -2.4584527624e-01 5.3477574561e-01 -5.1782155718e-02 -1.8596591841e-02 1.3918874380e-01 -4.4974212996e-01 -4.9017243858e-01
-2.1134456685e-01 -1.7808234272e-01 3.4493411808e-01 -3.2209218501e-01 2.1567666788e-01 -3.3680821065e-01 -2.5236487671e-01 1.3015505375e-01 2.0801640033e-01 -2.7350418749e-01 -2.8074314341e-02 4.0060433200e-03 -7.4583726518e-02 5.3584032277e-01 6.1163505912e-02 4.7339732212e-02 -6.2982875859e-02 1.5084699687e-01 -1.5404365997e-01 1.7499535685e-01 -3.1542921518e-01 -9.4051925379e-03 3.5459986757e-01 -5.0997434330e-02 7.1525535738e-03 -9.7108075537e-03 3.7134907221e-01 -1.0168396092e-02 1.4549102058e-01 7.6310857578e-02 -3.7637757029e-01 -2.1710258230e-01 6.8467332284e-01 -7.8391148129e-02 2.6961156442e-01 1.4966732227e-02 2.1156089258e-01 -3.0737982055e-01 -8.0921234917e-02 4.0467200815e-01 -1.6317585785e-01 -5.3444347693e-01 2.3960229924e-01 1.2574853710e-01 2.6670329856e-01 5.2147563272e-01 1.1281991747e-01 -4.1269101946e-01 -8.7462820109e-02 -3.8230163180e-02 1.1976131964e-01 2.2938385281e-01 -6.0388540605e-01 -2.1490264980e-02 6.8229307753e-01 -2.7125527755e-01 -7.7230132127e-01 8.0884758183e-01 3.5311652700e-01 -9.9766088849e-02 6.6171159601e-02 -5.2469019386e-03 7.5975142461e-02 -4.7056470829e-01 -7.1977722140e-02 -1.1741325716e-01 -1.7237084138e-01 -2.4400302180e-02 -4.4758720932e-01 -1.7835885288e-01 5.9962020421e-02 6.3109713569e-02 -3.5069570572e-01 1.2436426778e-01 8.8110483720e-02 -1.9304887555e-01 -1.9034087709e-01 6.9174709500e-01 -3.3811995685e-01 2.1241429080e-01 2.8082393448e-01 8.0737443161e-02 3.0133945061e-01 -5.2819486226e-02 -2.0071387187e-01 -4.6426247909e-02 -9.0100299866e-02 3.1667827174e-01 -4.4282907335e-02 2.6212698108e-01 -2.7164855156e-01 3.5142325440e-02 5.7757877649e-01 1.7721129681e-01 -3.6535301436e-01 -6.4646424321e-02 -1.4328258454e-01 1.9079085174e-01 -1.0164149005e-01 3.7600011944e-01 6.4172854970e-02 4.6983912030e-01 3.2436260857e-02 -8.9774976533e-02 -1.0651725834e-01 -1.7982523774e-01 -3.4296747261e-02 2.0853998145e-01 7.1053329126e-02 -1.4567589295e-01 1.3016362598e-01 1.9416390758e-01 -3.3383504044e-01 7.7995675316e-02 -8.0929807260e-02 -4.0173215327e-01 3.8814397797e-01 6.4674383409e-01 7.2548457659e-03 -4.9883728134e-01 -8.2642229215e-03 -3.6715743498e-02 -7.5919257074e-02 -5.1924848126e-01 3.7239869595e-01 5.0127609851e-01 1.2134198266e-01 -2.5640578573e-01 4.7512734648e-01 -1.2903058279e-01 -7.2789102872e-02 -1.0858933203e-01 1.9360270652e-01 -2.3103851829e-01 -5.0246242192e-01 -2.8081927596e-02 -2.0577884948e-01 -2.3294872059e-01 -5.5683077329e-02 8.9473390446e-02 7.3669722724e-02 -9.0408765644e-02 -4.4312217983e-01 -5.5838319992e-02 -2.1320888857e-01 -3.1610445817e-02 1.0615741220e-01 -7.0765759845e-02 5.3729075344e-01 -8.0084239495e-02 8.8151305559e-02 -9.3114051812e-02 -1.2902617898e-01 7.9276149410e-02 4.2332086555e-01 -5.2064663502e-01 1.5467104394e-02 7.4798044854e-02 -4.0284505896e-02 -4.3394862494e-01 2.6364168584e-01 -4.9296546279e-02
-1.8024294334e-01 1.3935391091e-01 -1.9946603213e-01 2.0569805334e-01 -1.5371778690e-01 4.4113942478e-02 1.5364743857e-01 2.2290913745e-01 -3.6310971829e-02 1.0874454492e-01 -1.7946671238e-01 -1.0956641613e-01 -1.2688816106e-03 -1.8750532158e-01 -3.1967966074e-04 -1.0957584745e-01 -1.1237560475e-02 -1.9759291714e-01 5.3812914423e-02 -1.1078920288e-01 -3.5657966161e-01 -2.2812366960e-01 -4.9871257538e-02 -1.2487807409e-01 -3.8124677881e-02 2.0282800045e-01 -7.5631755738e-03 -9.5848444469e-02 -8.3671692950e-01 -4.9506996737e-02 -2.4770011723e-02 2.6323415421e-02 1.8821664091e-01 -2.2734991790e-03 -1.0945955748e-01 -2.5379117438e-01 1.1308730006e-01 1.0073245110e-01 2.3439262578e-03 8.4630047015e-01 4.5146694741e-03 -3.9752716491e-02 9.0898445321e-02 3.4733854808e-02 -8.9152312293e-02 1.0669251877e-01 2.4373789558e-01 -6.9983253204e-02 -1.1564880813e-01 -3.4589247772e-01 -2.1773930040e-01 4.2786462652e-01 1.3968905848e-01 -1.2595230307e-01 -8.4733020406e-01 -1.3822009330e-01 3.5377562889e-01 1.4628616473e-01 1.8708919267e-02 -6.7382530867e-03 3.1729189450e-01 -4.4426177376e-01 -4.4933161878e-03 -2.1078925017e-01 -3.7957442484e-03 5.3998514899e-01 -1.7651690444e-01 -3.4409705630e-01 -2.0602719016e-01 1.0597469780e-01 -9.5551163100e-03 -2.4908742073e-02 1.4395344215e-01 -4.8872541790e-01 -2.0930044405e-02 6.2758227454e-02 -2.2954136006e-01 3.4730685359e-01 -4.1748442612e-03 -5.8616650419e-01 -2.8913778596e-02 7.7507733926e-05 -1.1022394923e-01 2.3319414461e-01 -4.0620887163e-02 1.8060833213e-01 -1.2494602869e-01 -1.9947023306e-02 -7.8754012754e-02 -5.1949227223e-01 -1.4092327618e-02 4.4962403194e-02 8.0903242205e-02 3.0455887993e-01 3.0685740469e-01 -1.3233811536e-01 5.5097404984e-02 -1.3995740951e-01 -1.8370616828e-02 1.5593520093e-01 -1.4125509404e-01 -2.8319167409e-01 3.8753427591e-01 1.9701046173e-02 -5.9092649790e-02 -2.9539752911e-01 -3.5938155233e-02 7.9718860760e-02 -5.6986256885e-03 -1.9114416689e-01 3.0143894706e-01 3.2584926721e-01 -4.4550003992e-02 2.6552558708e-02 2.7271286752e-03 -5.9435858150e-01 -7.9596967675e-01 -1.5558717804e-01 1.3477233757e-01 9.7215064607e-02 -1.1633340823e-02 -2.4297247749e-01 4.4413912514e-03 1.1178859330e-01 1.1541984234e-01 -4.5624723312e-01 1.3168063062e-01 1.4893913455e-01 -4.9954181263e-02 7.1080399837e-02 4.0997480799e-03 -8.0030796742e-02 -3.3466728590e-02 4.1194777140e-01 -2.2764215672e-01 -6.0634702954e-03 2.8556477902e-01 -2.8228760312e-01 -1.1902488595e-01 -3.0172313821e-01 2.9873785087e-02 1.4658727296e-01 2.9354521664e-02 1.9505413515e-01 -1.4983743450e-01 2.9750791484e-01 -2.2171909447e-01 -2.5572572125e-01 4.0444301373e-01 -1.8047277461e-04 7.0219014947e-03 -1.8683780233e-01 -2.9074671801e-02 -3.0168491448e-03 -1.5732674960e-02 8.9884513762e-02 -3.2395423678e-01 8.5229105565e-04 8.3524286086e-02 -6.9750973160e-01 7.8130331561e-02 -3.4040942561e-01
4.7894090625e-02 -1.3873220601e-01 9.9717606528e-02 3.1412971070e-01 7.2605071193e-02 1.5457620160e-02 3.5129945326e-02 3.1299614281e-01 -1.2560778147e-01 -1.3529745471e-01 -4.8144690527e-02 -2.0986307471e-01 -2.4554486339e-02 -1.2106056853e-01 2.2161107847e-02 -6.7076895388e-01 7.6164799618e-02 1.5825468307e-01 -5.3418606155e-02 6.4389466484e-01 -2.1769056789e-01 -4.9577269261e-01 -1.4351102922e-01 -1.6628841530e-02 5.6587470391e-01 6.8016116487e-02 2.9294709129e-01 1.8855751796e-01 -3.6717529534e-01 2.3899354397e-01 2.1442045144e-03 -7.6547745931e-01 -5.6016217819e-01 -5.0275683873e-02 -1.8558281451e-02 -1.4644575336e-01 -5.0711277176e-02 6.3767907407e-01 -3.0986568996e-02 3.7640340239e-01 -2.0584336857e-01 3.1855683480e-01 -6.0408107732e-01 2.5321874674e-01 -1.7297322408e-01 -6.2358891502e-01 6.1521281010e-01 -3.3524339826e-03 6.1463981295e-01 -1.4915182873e-01 -6.6680139376e-02 -2.7583820921e-01 -2.9248149866e-01 1.2369066976e-01 -1.9071194228e-01 1.3599075232e-02 2.1123510064e-01 -2.0071265115e-01 7.5630296585e-01 -3.1999684324e-02 -3.1296093826e-01 8.3492265903e-02 3.2554415373e-02 4.9850302305e-01 -3.7219985196e-02 2.0201827317e-01 6.1319728521e-01 1.1678615660e-01 2.5076078222e-02 2.7515827887e-02 7.5585371069e-02 1.3591651479e-01 3.6751735442e-01 -1.6863700906e-02 4.2083974446e-02 2.5220868007e-01 2.0132061735e-02 2.3969122833e-01 3.4920072442e-01 5.8704603494e-02 -1.1275754654e-01 4.2335378761e-02 -6.1916832532e-02 -1.9269075494e-01 1.1713902948e-01 -3.2257484088e-01 -1.3667863170e-01 1.9766094921e-01 -1.4346261716e-01 -5.8019807530e-02 1.7701389727e-01 4.2318117326e-02 2.6841061759e-01 -3.6166471132e-01 -2.3746388205e-03 6.1037295133e-02 -3.0913203437e-02 3.3764508605e-02 2.6516356980e-01 1.5425132668e-01 2.5058960475e-01 -1.6930854708e-01 -1.3858444994e-01 -3.1445752014e-01 -3.5523252386e-01 3.6503505958e-02 -3.5371994078e-02 -9.1700893579e-01 5.1366692200e-02 9.3195353360e-02 7.0889567190e-01 5.7331423699e-01 -1.3747295474e-01 1.8528800255e-01 -4.5872290245e-02 1.6145983152e-01 -8.3010058774e-02 -4.7320827890e-02 -2.4504253036e-01 -2.6453357699e-01 -6.4588780191e-01 2.5308624276e-01 -4.1847589205e-02 -5.2366441885e-02 1.7910574356e-01 2.8454546697e-01 1.5386539369e-01 3.1575542648e-01 -2.3803322610e-01 -2.7487521458e-02 -4.1242560887e-02 1.1118426834e+00 5.6709722662e-01 2.6621127154e-01 4.8703817268e-01 -5.5930120460e-02 1.0610705863e-01 3.0682221858e-01 -5.2135227964e-01 -1.1424975044e-01 -5.9662718178e-02 1.4812524229e-01 -1.3135295417e-01 3.5175037224e-01 1.4030705801e-01 3.2535806465e-01 2.6247320613e-01 6.7154180245e-01 -3.1365008535e-01 -4.5893241621e-02 -1.0219858347e-01 3.8258375547e-02 -2.1517435496e-02 4.4856769022e-02 5.0541073881e-01 6.4901086647e-02 4.9091028611e-01 4.0870715945e-02 3.2183365011e-02 -3.7079025778e-02 1.0091513497e-01 2.7142811942e-01
5.2370175202e-01 1.9970605702e-02 -2.2030783191e-01 -3.0589600987e-02 -3.0513779675e-02 -1.9735186981e-01 7.6216151338e-01 6.1470291619e-03 -7.7442225989e-02 1.1108935540e-02 -2.0433452387e-01 -2.3266500530e-01 -2.7723665009e-02 -4.4988821887e-01 1.5534118230e-02 1.9072791010e-01 3.7673978870e-01 -4.0792256205e-01 -3.6183259396e-01 -2.7194138668e-01 -4.6836432548e-01 -3.0908475258e-02 2.3546168299e-01 2.3391023526e-02 4.1221141524e-01 2.2693789212e-01 4.2765562125e-02 -4.1385749452e-01 2.7286638413e-01 2.4963926288e-01 2.7770294550e-01 2.6848183193e-01 -2.0357169794e-01 -1.6853901431e-02 1.3574828738e-01 3.6226184523e-01 -3.4743532704e-01 5.8488651328e-01 -5.2233937208e-03 4.6214142998e-01 1.4966111397e-01 -6.5077400152e-01 1.2703609856e-01 -2.8311888330e-01 5.6786822027e-01 4.3333414808e-01 -4.2103963172e-01 7.1636927803e-01 -6.0390498105e-01 -3.4097342945e-01 -1.1031848710e-01 -3.7421182842e-01 -3.1096293698e-01 -2.6341446529e-01 -2.0142937341e-01 1.5517933263e-01 -3.7323258360e-01 6.1109689415e-03 3.3956142270e-01 -1.5349218819e-02 -2.1468945027e-01 -1.0445931460e-01 3.9124673830e-02 -3.4024617881e-01 -1.9826405317e-02 -2.2709989263e-01 3.3673281696e-01 -4.8965997629e-01 -2.8647402078e-01 -1.8981279868e-01 7.9806753027e-02 8.0841252791e-02 1.3148341742e-01 -4.1021311841e-02 5.4350095728e-02 -1.0472920555e-01 -2.3140420770e-01 -2.8850795460e-02 3.4281044552e-01 1.5947750144e-01 3.7469940414e-01 2.1792946783e-02 -1.0979903165e-01 4.1144305700e-01 -5.6497371830e-01 -3.7677825985e-01 -1.0883291967e-02 -1.9990525096e-02 -5.5249877050e-02 -2.9976480405e-03 2.4300987076e-01 -2.7920482011e-01 -2.3957406295e-01 -2.7388765091e-02 2.4929748427e-01 3.1328975929e-01 -1.1704066099e-01 -7.7527041574e-02 -6.8559010018e-02 6.1639966885e-01 2.2287873686e-01 -6.7459672357e-02 -7.7677312677e-02 5.3134967688e-01 7.8339823725e-01 -4.1196768960e-01 3.5848671364e-01 1.4265096792e-01 3.6015226470e-02 -2.0499867621e-01 3.8220057586e-02 9.9229555134e-02 -5.1073150792e-02 -4.5531518180e-01 -3.5824996052e-02 -3.7018683597e-01 8.9343187157e-02 7.7116141193e-01 1.7933933235e-02 1.3464159124e-01 2.1716326313e-01 1.5225193818e-01 -1.7141462815e-02 -7.1115149427e-02 1.5094425709e-01 7.8531359878e-01 -5.3665877272e-01 1.7869229480e-01 -1.1871436492e-01 -3.3868320143e-02 -1.6143730096e-02 3.4211313623e-01 -2.0198706383e-01 2.6576523155e-01 -9.0916385265e-02 1.4054308143e-01 -3.9738705827e-01 -2.2671228286e-01 4.0918713142e-01 1.2706398031e-01 -7.6871431356e-01 5.5017413275e-01 4.2807574024e-01 -5.3135354241e-02 -9.0802192107e-02 6.7816598489e-02 1.7054236452e-01 9.0296706109e-01 -3.5044612445e-01 -2.2103272482e-02 2.1721646703e-01 8.6516273241e-02 -4.4997915025e-02 2.3979881878e-02 -1.2195369422e-01 3.1247868832e-01 5.8725892998e-02 1.8269005363e-02 -3.6044922934e-01 2.2636896633e-01 -1.3770489267e-01 -4.3458173502e-01
-9.8469461347e-02 2.0101649693e-01 -1.5231386079e-01 -3.1430295830e-01 -1.2858854592e-01 3.1915010667e-01 -3.0096258649e-01 -1.8575228910e-01 -5.4350300086e-01 -1.1980157565e-01 -2.8821372444e-01 -5.9158857391e-01 3.6867085106e-02 -1.3678856631e-01 -2.3814370564e-02 -6.1590421307e-01 2.1206034970e-01 2.1968163870e-02 6.4117199730e-02 1.7758174177e-01 -5.2791456966e-01 3.3145478207e-01 3.3625420975e-01 2.8034447426e-01 -3.9685585030e-02 -1.0468933842e-01 9.8200778898e-02 -3.8834401151e-01 -5.0743591844e-04 4.3660354866e-01 -5.0250685549e-01 4.1304114638e-01 -1.7873716106e-01 2.8241228012e-02 -9.1977884041e-01 9.6483258824e-02 -1.2910554396e-01 -4.1143039394e-03 2.6752961089e-02 4.9602627671e-01 -1.6638237600e-01 9.3338546170e-01 -1.2905028474e-01 -4.8942765339e-01 -2.8990445996e-01 -8.5254142574e-02 -5.1339450377e-01 -1.0465016647e+00 2.6195787354e-01 8.7081391215e-02 2.0187674017e-01 -1.5739160242e-01 3.0724675157e-01 -3.0283392121e-01 1.9938229915e-01 -1.0167450156e-01 2.5401893726e-01 -1.5087636081e-01 1.7808477523e-01 5.2861991348e-02 1.5709478611e-02 -4.1957092561e-01 -5.3928260782e-02 5.1608846943e-01 3.9540040418e-02 2.7547883611e-01 -3.4438797544e-01 -1.6640274548e-01 3.7900904771e-01 -4.8208981272e-01 -6.6564569087e-02 -5.3332998072e-02 -5.4132719312e-01 1.6737567588e-01 -6.1728940163e-02 1.4295802333e-02 -1.6256314188e-01 -3.3094450625e-01 -1.6161024948e-01 2.0879498764e-01 -3.9791984804e-01 -3.3917286762e-02 -5.8087611893e-01 7.8802620905e-03 5.0980564873e-02 2.8056773881e-01 1.7693993237e-01 -1.0849994664e-01 2.6993727122e-02 1.5427007485e-01 2.2458747742e-02 -1.0800116031e-01 2.3637945262e-01 -3.4776804973e-01 2.3521651162e-01 2.3721714540e-01 -6.2398659836e-01 2.2518949355e-01 1.7258382852e-02 -3.9641499520e-02 -1.1899496045e-01 5.1595624021e-01 -8.6147945869e-02 -4.3661252680e-01 -2.0177209442e-01 8.3366381460e-01 -3.4208837628e-01 1.0712610693e-01 -3.5423098056e-02 8.9536022588e-02 7.6013430262e-02 2.1203967442e-01 4.3255930222e-02 -2.5160250867e-01 4.6008049143e-02 9.6743321769e-02 5.6490720544e-02 -7.2525220093e-02 2.1165646505e-01 3.3808852056e-01 3.8938656409e-01 3.4797388027e-01 3.4715199497e-02 -1.5242076107e-01 1.1523381205e-01 4.8287780842e-01 1.0576614136e-01 -1.4337467976e-01 -1.3117221489e-01 -6.1034885504e-02 2.3656883581e-02 1.8226046139e-01 -1.2003973716e-01 9.0935550286e-02 1.5278947060e-01 -1.3530066816e-01 -6.2080982283e-01 5.3366259264e-01 3.8188340292e-01 2.6563996623e-01 3.1676368282e-01 1.5123764380e-01 3.4323252320e-01 -1.1617336153e-01 -2.3851793081e-01 2.7581035362e-01 -7.3337516450e-01 5.1953936436e-01 -1.4163520103e-01 2.5915863575e-02 1.5529113242e-01 -1.2458011440e-01 -1.4038200986e-01 -3.0235353749e-02 -8.5383425412e-02 -2.9654145439e-01 -1.5585935919e-01 -4.1010870391e-02 8.1125998948e-02 -4.8864276603e-01 1.0508234491e-01 -4.5094894056e-01
5.0298801413e-01 -1.2990048894e-01 1.3696291896e-01 1.0785173855e-01 -3.1664585360e-03 4.1978519507e-01 -1.7763281920e-01 4.6702062967e-02 -3.6285682124e-02 -7.0280146946e-02 -8.6731284222e-02 -4.3426400740e-01 4.1902978011e-02 -1.5571971371e-01 -3.2785520219e-02 5.0280495443e-01 -5.3234684320e-01 3.1165509823e-01 -1.8845579018e-01 -4.7515671496e-01 -4.2294499903e-01 -9.8886821261e-02 -1.5645520226e-01 6.8495500637e-02 3.2732514244e-01 -2.6460968577e-01 3.3806217688e-01 -4.1922357461e-02 1.5014132645e-01 -2.6706138707e-01 2.8986241560e-01 -3.4000726418e-01 -6.5384011085e-01 4.6979627718e-02 3.8428729100e-01 -3.3399692601e-01 -2.3880427419e-01 1.1327675387e+00 5.0098005964e-02 -2.2847608805e-01 3.3261639803e-01 -3.9025309696e-01 2.5038932961e-01 3.6084206598e-01 -5.4782375936e-01 -3.5359407075e-01 1.9375020088e-01 5.1611930562e-02 -2.4771927756e-01 8.2003177297e-03 2.8035427243e-01 -1.5448381119e-02 -1.9024921135e-01 3.4818766953e-02 5.3360232965e-01 2.8288407495e-01 -3.3172445060e-01 -3.6436268637e-01 6.7157148968e-02 7.0457334895e-02 5.6013631977e-01 1.8125941407e-01 -5.0173677932e-02 6.1036646137e-01 4.5883955232e-02 -3.9177252907e-02 -1.1334450802e-01 -4.7233831231e-02 -2.1970064194e-01 1.5780768683e-01 -7.5755673549e-02 -1.0392620793e-01 3.4413586176e-01 -1.5674933186e-01 -7.4441878529e-02 -9.4892029231e-02 2.9792619905e-01 -2.5498799846e-01 1.5683483991e-01 6.8210172392e-01 -4.4411343026e-01 -4.6601883982e-02 -1.0558063137e-01 1.0711844910e-01 2.5930517280e-01 -9.8543729791e-02 -5.1772917116e-01 3.0967109604e-02 2.7262400781e-01 1.3236061562e-01 -1.9037206576e-01 -4.2755864388e-01 5.8500006685e-01 -1.2222691663e-01 4.4716611116e-01 -1.8259261342e-01 3.2447754204e-01 1.0771300468e+00 2.9293640470e-01 2.6920836948e-01 4.8109400904e-02 3.9984380974e-02 -2.8539682896e-01 1.7548514552e-01 -5.9798050181e-01 6.9555418082e-02 -3.9099317280e-01 3.8756302173e-01 -5.0585071342e-02 1.6757288040e-01 -9.9545972138e-02 1.2865593472e-01 -9.4412652252e-02 1.2357505829e-01 5.5762913209e-02 -3.2760819071e-01 -2.2182884894e-01 -2.2991812164e-02 -2.6563392954e-01 -1.8257411774e-01 8.2022400411e-01 3.8746833148e-01 4.0313832010e-02 4.5772933095e-02 -4.1810576018e-01 -1.5883167079e-01 -1.0937655163e-01 2.9529390442e-01 4.3126442770e-01 3.3810982365e-01 2.9481407227e-02 4.0542480843e-01 5.0231916847e-01 -9.6636286318e-02 1.8006894659e-02 3.2721412401e-01 -1.8793702944e-01 -1.5633649563e-01 5.1454831824e-01 -1.6195095686e-01 4.7094653545e-01 1.6077031043e-01 2.0362067642e-01 -3.8813427248e-01 -6.2393583725e-02 2.8178501624e-02 -1.4099498220e-01 4.5199093706e-01 5.7167571618e-01 3.7388021479e-02 -2.8669457435e-01 -2.9939213243e-02 6.0844919267e-02 -4.3258129981e-02 -5.0972492705e-01 -3.8419378831e-01 3.0863169375e-03 -5.0220197779e-02 4.0677862988e-01 6.3911645748e-02 2.8072429877e-01 -3.8434674117e-01
-5.4343768558e-03 -2.2592627239e-01 -2.4900813562e-02 1.8163229706e-01 -4.0126366716e-01 -3.4364691235e-02 -3.4260759071e-02 1.5661891224e-01 9.8122689912e-02 -1.2354559864e-01 -1.1129680344e-01 2.0100008943e-01 -1.8404409440e-01 3.6072554279e-01 1.5764861032e-01 6.0634741575e-02 3.6456135312e-02 1.5720676062e-01 1.8206421090e-02 4.1290937567e-02 3.1584054590e-02 -2.5153408419e-01 1.0693100465e-02 1.0082982973e-01 -2.3013892184e-01 1.2578109425e-01 -1.0470649669e-01 6.2528637756e-03 -1.5423024926e-01 3.5675970361e-02 -1.2220348636e-01 8.8995852618e-02 -3.0054924588e-02 -2.2494094207e-01 1.8581823983e-02 1.6277723032e-01 8.6219377194e-02 5.0327147871e-02 -1.9597701703e-01 2.4898131343e-01 1.8269918683e-01 -6.4269040586e-03 1.1810662504e-01 -8.6955350970e-02 3.2592299786e-01 6.1276525726e-03 2.5274408506e-02 1.6378177292e-01 1.9574240389e-01 3.3501015985e-01 2.6419557450e-01 -8.9073170679e-02 1.7309565626e-01 1.3228602414e-01 -3.4290179069e-01 -6.3202948357e-02 1.8297931002e-01 1.4163740142e-02 -2.4595521967e-01 -2.1933296324e-01 3.1874671217e-01 -7.1251498549e-02 1.9987041373e-01 -2.4175474786e-02 -2.0133238419e-01 -2.0957833225e-01 2.1096898436e-02 3.0905598111e-02 -1.9483219470e-01 -2.2886071547e-01 2.7021571456e-01 3.1618101725e-01 -7.7174403902e-03 4.2426978772e-01 2.4853801631e-01 -3.2858903872e-02 1.0191512567e-01 -1.0285393320e-01 1.5642551505e-01 2.9833251161e-02 -1.5211101138e-01 2.2375350054e-01 1.9462624894e-01 1.5637836128e-01 6.9932367224e-02 4.9916346256e-02 -1.5044816662e-01 -1.1596054231e-02 -2.4983574866e-01 3.1718445285e-02 -3.8135798943e-02 1.4655541761e-01 1.3679189388e-01 -9.7343346863e-02 1.7599767910e-02 1.0182029857e-01 -1.5782035725e-01 -2.7187115514e-02 -5.5002359682e-01 -1.1401545923e-01 -1.4899052004e-01 -9.5353999446e-02 4.7665108307e-01 7.8984909529e-02 1.1575405885e-01 -1.1604093177e-01 1.8108819840e-01 1.0200191187e-01 2.2335123371e-01 1.5895902136e-01 1.8832510536e-01 5.4364539922e-02 2.1811901055e-02 1.3760180101e-01 -2.2992727169e-01 2.3853947137e-01 2.6697044380e-01 1.1120440282e+00 -2.1044125554e-01 -1.0488819043e-01 2.1295063952e-01 -1.1653278700e-02 -2.0560840307e-01 -3.3561942453e-02 5.1171341282e-02 2.8387165387e-01 -1.2465951546e-01 -2.9464695455e-01 1.7647195427e-01 6.6430648097e-02 -1.8498735285e-01 2.7589640628e-01 2.2525705407e-01 3.3697671070e-01 -7.5221444465e-03 -1.8379279957e-01 -2.3722621874e-01 2.7571814961e-02 1.4338354617e-01 -1.1494472069e-01 9.3114405375e-03 -2.8399632282e-03 2.7091667957e-01 1.5735134842e-01 6.9015077703e-02 -1.8040829568e-01 -8.1760319091e-02 1.3360624981e-01 3.6231101539e-01 -2.1931011636e-01 6.5104622212e-02 -1.5695888414e-01 1.0544217192e-01 2.2166330185e-01 -2.9066928340e-02 -1.4666378379e-01 3.2727519097e-01 2.0161003298e-01 -8.7415609580e-02 2.4521991502e-01 1.7173661869e-02 1.8196557116e-01
-3.3652147257e-02 -1.2052604849e-02 1.0465935086e-01 -2.2326128460e-01 8.4887406961e-02 4.3740965453e-02 -8.5510922400e-02 -3.0363447821e-02 -7.7488321824e-02 1.1212613648e-01 9.2990289782e-03 -2.3030678727e-01 3.4692820261e-01 -8.5663435777e-02 -3.0987028061e-01 -5.2691890627e-02 -4.6148568267e-02 -6.6234475568e-02 -7.8750044344e-03 -1.2531900532e-02 -9.0030935981e-03 -6.6509097566e-02 4.2203857324e-03 -6.1444022065e-02 3.8999200551e-02 -1.4403546507e-01 1.1928212361e-02 -3.3495850550e-02 -7.3485462652e-02 -8.6483798368e-02 5.1344579695e-02 -1.2025095325e-01 1.7198757987e-02 4.1167924964e-01 2.6469546223e-01 -4.8437670899e-02 7.0650645371e-02 6.2203361969e-02 3.7464545370e-01 -6.8333236205e-02 -5.4903767181e-02 -2.3103158392e-01 -4.6978378774e-03 1.2046882956e-01 -1.7251734847e-01 -2.4410351571e-02 -1.5121535344e-02 2.8972298472e-01 -7.9022457001e-02 3.9959073873e-02 -2.5420645640e-01 3.9755119014e-02 9.0127582726e-02 -1.6790998579e-01 4.4545787386e-01 -1.0748084623e-01 -8.9278435666e-02 5.1419894684e-02 -2.3116781418e-01 4.0359047691e-01 -5.6308936758e-02 -1.3277684031e-01 -3.7430759879e-01 1.2915185090e-01 3.8068522556e-01 1.0682660737e-01 9.4773689454e-02 1.3543807321e-01 -7.4019337808e-01 1.5084561451e-01 -4.5031971190e-01 -4.8578902672e-01 1.5548503834e-01 -1.1257617622e-01 -4.1060426284e-01 -1.2274423551e-02 1.5169539865e-01 -5.6048335124e-02 -5.4291774129e-02 1.4433905018e-01 8.9710616980e-02 -4.0992209491e-01 -1.5410821516e-01 1.3720601255e-01 2.3085665735e-02 2.8988209237e-02 -2.3416233954e-02 -1.1079011915e-02 5.1951347190e-02 2.0098596652e-02 2.2563535807e-02 7.3382589661e-02 -1.2943599773e-01 5.3523932505e-02 1.1012578204e-01 1.6450107586e-02 1.6555020246e-01 -4.6284502349e-02 -1.8410218705e-02 1.3942024336e-01 -4.0940129480e-02 4.1052210080e-03 -2.3847303057e-01 1.2562933651e-01 -5.2561319280e-03 -6.7122590004e-03 -8.0715801518e-02 2.9551350448e-02 -4.1096518099e-01 8.3963480709e-02 -1.2917238225e-01 -1.2081988292e-01 -1.9727413551e-01 -1.1587544878e-01 4.1246666065e-01 -1.3120774694e-01 -7.9486598125e-02 -7.9951684781e-02 1.1393212288e-01 1.0798999980e-01 -1.0120646246e-01 -1.3107343860e-01 3.8518590450e-01 9.9074643101e-02 6.3277849066e-02 -5.3950486264e-02 1.1536552867e-02 -3.2333142960e-02 2.8284528106e-02 4.5445937612e-02 3.5315501088e-01 3.3339467111e-02 -3.3493137630e-02 7.4303649802e-03 1.4681351524e-03 2.7863603440e-01 1.3834046178e-01 1.6591059038e-01 -2.0473600763e-01 5.2318999283e-02 -9.4334433940e-02 1.5249089111e-02 -1.5917108661e-02 -5.9762193146e-02 -1.2416699927e-01 -1.4410987129e-01 -6.4050577221e-02 -1.2359667830e-02 7.2789592442e-02 3.9253825716e-01 -2.0613314475e-02 -5.1546869331e-02 -3.5500419802e-02 -4.1164373124e-01 -4.8564190168e-02 -9.3487712357e-02 -1.8171778755e-01 -3.8172601026e-01 9.8904124489e-02 -2.2853446955e-01 2.1848507571e-03 -8.7659835605e-02
-4.9261076584e-01 -3.0475973456e-01 -9.4627967351e-01 1.2443663074e-01 -4.1251576091e-02 -1.3021701713e-01 -4.9005212513e-01 1.3382264492e-01 -1.7779874699e-01 -9.8425923206e-02 2.0582401374e-02 2.2480350504e-01 -4.1317076287e-02 -5.3572198042e-01 3.1252886152e-02 5.3183718520e-01 -2.1227081192e-01 -5.5276953322e-01 -3.7792239209e-01 -3.8547905215e-01 3.3930163870e-01 -7.4306411552e-01 4.3729070485e-01 -2.3390957231e-01 6.2035137413e-01 -2.3221991465e-01 -1.7652768886e-01 -6.0926118515e-01 -5.7358759509e-02 -6.4571674012e-01 8.0359669376e-02 -2.5239898515e-01 -3.1181733001e-01 -6.1782929114e-02 4.4963081114e-01 2.5265019281e-01 -7.1259442420e-02 -1.1423721560e-01 -5.3504611618e-02 1.1312127817e-01 1.8089346506e-01 1.8557552459e-01 6.2490107965e-02 -1.2364813856e-01 -2.6581506690e-01 1.7869002846e-01 -5.9646645701e-01 4.7648329751e-01 4.9855280965e-01 -1.9741170393e-01 -2.2022736337e-01 -1.9357214906e-01 3.5770100002e-01 -7.1520281777e-02 1.7223899325e-01 -3.2578187626e-01 5.6303814306e-02 7.2524700244e-01 -3.4441115616e-02 -5.8494908048e-02 6.8174144696e-02 -2.6315521022e-02 4.1521379223e-02 -1.9858553451e-01 -5.0246544190e-02 1.7894660629e-01 4.1162109781e-01 1.8424508000e-01 -1.4701520862e-01 1.3936764396e-01 4.1097912155e-02 5.0635493179e-02 2.3527229552e-01 -2.4277765899e-01 3.9618176032e-02 1.8641164338e-01 3.9265632915e-01 -1.1586127576e-01 1.4730453560e-01 -4.2856085459e-01 -4.1393400943e-01 6.1943689451e-02 1.4837060890e-01 5.6664567430e-01 -3.3382919404e-02 -4.8643418298e-04 1.8166090300e-01 -1.2915491816e-01 -2.8980841258e-01 2.6891129572e-01 -6.9296017745e-02 2.5560781558e-01 2.9999442978e-01 -1.4342768322e-01 -1.0012103031e-01 -1.4386436205e-01 -3.4977427140e-01 8.6914206559e-02 -4.1546485002e-02 -4.7635299467e-03 7.2497978283e-03 3.0693496936e-01 -5.2535524045e-01 3.0549291507e-01 -1.6886037921e-01 -1.4767475168e-01 -1.2291322914e-01 2.8711722758e-03 6.1041983231e-02 -4.1460546590e-01 -2.2338277381e-01 2.2444781574e-01 -2.0987058080e-01 -9.3188258507e-04 -5.6076842218e-02 -3.8313429625e-01 2.7170082554e-01 -1.5333248827e-01 8.6831170712e-02 4.5392709073e-02 5.7395880083e-02 -2.5299261061e-01 -5.1706009201e-02 1.8564310717e-02 2.4695857590e-01 7.6416358151e-01 4.3671663150e-01 -2.1392039542e-01 1.2196080000e-01 -2.7733009956e-01 -4.7255984707e-02 -3.6232247147e-02 2.0618176182e-01 4.4767086988e-01 2.5668612863e-02 -2.0451164755e-01 8.4359154854e-02 2.4268644511e-01 1.5742334956e-01 6.6652342553e-01 2.0169843371e-01 -3.3423977327e-01 -7.7977433162e-02 -3.3834104465e-01 1.4557191696e-01 -1.2870831375e-01 -5.8311110845e-02 4.4042426704e-01 2.6911784773e-01 -6.8654454997e-02 2.7616882697e-01 2.5188766521e-01 -2.3171162636e-01 5.9357647461e-02 -1.0130636762e-01 2.5845989009e-01 2.5940205170e-01 4.9117550444e-02 2.8542558619e-01 -4.6531572346e-01 1.0002942223e-01 -1.1269266026e+00
6.4647096916e-02 1.6257324178e-01 1.8884319906e-01 2.8298924293e-01 -6.7238348761e-02 6.3151897051e-02 -1.5934722601e-02 1.5590289881e-01 4.2617710364e-02 -9.5900728803e-02 -7.5855387474e-01 -4.2612422944e-03 2.4814208867e-02 9.8480421918e-02 -2.1914388249e-02 -1.0548985960e+00 -1.1626755061e-01 -1.6978744293e-01 1.0775413883e-01 4.5606792284e-01 3.7559989436e-01 -4.3104161962e-01 -3.5102213007e-01 -1.0642772964e-01 -1.9843737119e-02 -2.8480250113e-01 5.6973822220e-01 3.8025345381e-01 -8.3569457095e-02 -1.1069510208e-01 4.1490216377e-02 3.8429107679e-01 -5.3972209601e-01 3.5157525545e-02 9.6792562955e-03 3.5521120148e-01 8.4845633633e-02 7.2790242563e-02 3.9404708511e-02 6.4133273244e-01 2.9229680855e-01 -2.7843107594e-01 1.9347176350e-01 -1.9252740434e-01 -7.0042153566e-01 -6.0004351549e-02 5.0830397372e-01 4.1026151566e-01 3.5164525263e-01 -4.1962378076e-02 -2.1043759012e-01 2.3276892881e-01 -3.7862162910e-01 -1.0624537264e-01 -1.2448707096e-01 -3.7187399360e-01 -3.6547455761e-01 3.8253697646e-01 9.3980259126e-02 6.3172414867e-02 -2.6877517992e-01 1.1909092433e-02 -2.3745303818e-02 -9.7960506674e-02 2.9001037441e-02 -2.8815674582e-02 1.8248453068e-01 -2.8767002330e-01 -6.2654773522e-01 4.5245390239e-01 -5.6870474219e-02 -8.4455959243e-02 -3.6882895265e-01 -3.9111318062e-01 -6.6974802969e-02 -1.8828238329e-01 -3.4973215990e-01 2.8242229913e-01 1.6524782498e-01 1.5310648402e-01 1.8670724358e-01 -4.6131382634e-02 -2.7724235097e-01 1.9223425494e-02 -9.5411992353e-02 -4.1979164674e-01 6.5634947261e-02 1.1977097123e-01 1.7086317197e-01 7.2411244421e-02 -5.6139991347e-02 -2.0911046240e-01 -2.7491529099e-02 -4.2031784727e-01 8.1807948159e-02 2.9575322479e-01 1.6638794066e-01 1.2995212721e-01 -4.0030209976e-03 7.2674685468e-02 -1.4799997733e-02 4.7531458200e-01 -3.6839243321e-01 -4.6344809081e-01 3.3962956152e-02 -2.3040776610e-01 -2.8080278464e-03 -1.0500967707e-01 -2.5542463534e-02 1.6817711844e-01 2.1216852689e-03 -1.6082691257e-01 -5.1056738924e-01 1.9060616802e-02 4.3403658543e-02 4.4731224823e-01 -1.3360662631e-01 -3.6638970846e-01 3.0206808515e-01 2.6334258465e-01 4.9499515864e-01 5.8460895663e-01 2.7665015231e-02 5.4154550981e-01 2.2410194169e-01 -1.0524862482e+00 -2.1347970401e-01 2.9798746321e-02 -1.3308675122e-01 -1.5265755957e-01 1.8255763763e-02 -3.0148189321e-01 -1.3696981072e-01 -2.4098600777e-01 -2.3710958562e-01 -3.5477785219e-01 -4.5539926239e-03 -9.0750874344e-02 4.8649927276e-01 1.5196082713e-01 -9.7833121999e-02 -2.9426042170e-02 -9.7697915805e-02 6.4150396241e-01 -4.8445417652e-02 1.6473564516e-01 -2.0094431872e-01 -1.4844721755e-02 2.0608950151e-01 3.7223802128e-02 5.6142549716e-02 3.3974594266e-01 7.4842268594e-02 -2.9357540843e-02 -7.6947964955e-01 4.7072410739e-01 3.4346243433e-02 -2.6722554735e-02 2.9752167694e-01 7.3979602980e-01 1.2259663584e-01 6.4060874126e-01
-4.8915662989e-02 2.2048525508e-02 -3.8297983681e-01 -1.5490662401e-01 1.5305945753e-01 2.9611153241e-01 -8.5218792796e-02 5.1904456257e-01 1.3412232899e-01 1.9061676658e-01 2.4057430363e-01 2.2579979338e-01 -6.7237274109e-02 -1.2932058279e-01 5.6395299304e-02 -8.7892439435e-01 1.3371422880e-02 2.1043040511e-01 4.7136914609e-01 2.7147911719e-01 -2.3039598432e-01 2.2454073273e-01 -8.0702226266e-02 5.5894830750e-01 -3.7909281709e-01 1.2450796110e-01 7.6563326754e-01 -1.2934679027e-01 -6.2232828385e-01 -2.4588174691e-01 1.3106836409e-01 -1.3956967238e-01 1.0118065354e+00 -9.1224827318e-02 7.4089422411e-01 4.9933331011e-01 -6.5905273488e-02 1.6366138223e-01 -7.7067735047e-02 2.6457337626e-02 5.1081569226e-02 1.1942848750e-01 -9.6072156212e-02 -1.1511847025e-02 3.6877862200e-01 4.7691266133e-02 -5.6836045971e-01 -7.1714250295e-02 8.7708921539e-03 4.2675508240e-01 -2.4993462515e-01 3.0792597186e-01 -1.3540954437e-01 -3.5827398176e-01 3.7256524337e-01 1.2493908475e-01 -4.8617979083e-01 -7.2897009064e-02 -5.2108934496e-02 -7.4327572746e-02 -1.0287553568e-03 4.6164497275e-01 7.0588366602e-02 3.3923799048e-01 -7.4865453465e-02 -2.6600210233e-01 -7.3686452787e-01 1.3393202433e-01 4.0543857931e-01 9.7470710319e-02 9.4039256814e-02 1.0382878806e-01 8.6099493384e-02 -1.9614510984e-01 1.1051234446e-01 5.6230072528e-01 3.1284968679e-01 1.8757005474e-01 2.4551322089e-01 2.9098368672e-01 8.5375421665e-02 9.5503740535e-02 1.6885306507e-02 1.2850721392e-01 2.3792993377e-01 2.8921956633e-01 -5.6684805315e-02 7.5650687818e-02 3.6294315030e-01 -2.4593486719e-01 -6.1403399932e-03 3.7408942262e-01 -5.5307668352e-01 -3.8502130973e-02 -3.3207564998e-01 6.0870645431e-02 -1.2493142429e-01 -6.6964654444e-02 -3.7291163945e-01 3.5225848287e-01 -1.7279645025e-01 6.4204102410e-01 6.8647164965e-03 4.6923380032e-01 -5.7310092368e-02 -2.7277874746e-01 2.5149998842e-01 -2.2852799022e-01 9.4447289487e-02 -1.5175493086e-02 -1.4672678721e-01 5.6066660039e-01 3.6692733658e-01 1.7988634397e-01 -9.2310946624e-02 7.2921786527e-01 1.8748001698e-01 -2.8658227860e-01 8.6722043285e-02 -1.5416008368e-01 -4.6176339473e-01 -2.6788824624e-01 -8.0683168660e-02 9.0004752466e-02 1.6610842444e-02 4.8851699039e-01 -1.1537583531e-01 5.3452661397e-02 -2.7270565451e-02 -2.5419197456e-01 -6.8032275499e-02 3.9894021670e-01 -1.9861298377e-01 2.0268782613e-01 7.9358384285e-02 8.2842204365e-02 -2.0212039977e-01 1.9836972105e-02 6.9779121080e-02 1.1246511524e-01 -6.0632786097e-01 -5.0644993325e-01 1.9328260247e-01 -3.3628421509e-01 -1.7613801459e-01 2.2485147935e-01 3.4977346163e-01 1.0091579804e-01 -1.9044870957e-01 -8.6703431514e-02 -9.0251934607e-02 -1.6511657154e-01 -1.3417315984e-02 9.3917129990e-02 -9.7346154674e-01 -3.0566545884e-02 -8.0235109073e-02 7.2187047194e-02 -7.9427300250e-02 -5.1115081578e-02 6.4731804370e-01 -4.1386394873e-01
3.7336549476e-01 -5.5643818792e-02 -1.7889151792e-01 3.4537294707e-01 4.4893052184e-02 3.1494088164e-01 4.4373498881e-01 -2.6768561919e-01 4.3906347684e-01 1.1218017102e-01 1.9626905776e-01 1.7048977757e-01 -2.0525341995e-02 8.0419743734e-02 1.8456225317e-02 4.5124472407e-01 -3.0370812842e-01 2.2497159834e-01 -2.3517972979e-01 -9.9276270669e-01 4.4279389483e-01 6.4116254966e-01 4.4218537101e-02 -3.5725667967e-01 -5.6174095134e-01 1.9059338707e-01 -2.7596208793e-01 -1.4356476806e-01 -1.6343765115e-01 7.8570625297e-01 -2.2250943345e-01 -8.4739564756e-02 5.2264159253e-01 -3.1115508380e-02 -1.6021864900e-01 -1.4920394158e-01 -1.1542780157e-01 4.5380381103e-02 -3.6678659074e-02 4.3570642064e-01 3.8134355756e-01 -3.4403149665e-01 6.2087894371e-02 -2.3242125965e-01 -1.5798927750e-01 -1.4224147819e-01 3.2714011517e-01 -3.4637503649e-01 3.2773587873e-01 1.5672508769e-03 -6.9966182893e-01 2.7384387308e-01 -5.8091346059e-02 -1.8542500370e-02 -6.1788152923e-01 -9.0570953550e-02 4.4767729335e-02 -2.8741827896e-01 1.3621827818e-02 -4.3935350931e-02 -9.3238510917e-02 -2.8100646709e-02 2.1250331767e-02 5.0586365498e-02 -3.1566387742e-02 4.8101363073e-02 6.8175949364e-01 2.8046761170e-01 -1.7295404392e-01 -6.2159144036e-01 1.0646375057e-02 -9.4576830728e-04 -1.4320526805e-01 -1.4324912406e-01 4.2500164447e-02 3.7719609369e-02 -8.5242923082e-02 6.8704590173e-02 6.4526332734e-02 -2.1668688181e-02 1.3951525169e-01 3.5883248943e-02 -2.0783218139e-01 3.7142629540e-01 3.8666922003e-01 -5.3192966470e-01 -5.0167120992e-01 -1.7693295798e-01 1.0287107594e-01 -1.7537481322e-01 3.8630041782e-01 2.3998443295e-01 3.5493160338e-01 -4.5032156750e-02 -6.6229231693e-01 -1.2029754203e-01 -1.4803745536e-01 4.3582536361e-01 -6.2727477679e-02 -1.5171142799e-01 3.3120096468e-01 9.4834277061e-02 2.2444855306e-01 4.8230978040e-02 -7.5399178815e-01 -1.6671762583e-01 -6.9078505747e-02 7.1487769264e-01 2.8857311239e-02 3.0988998585e-01 1.9023933183e-01 3.8101042323e-01 -2.1241443116e-01 -3.7573299089e-01 -3.1777882242e-02 4.8763032386e-01 -1.5357379813e-02 4.7559725699e-02 -3.0820376734e-02 2.6588604719e-01 9.1592382314e-02 2.1514321108e-01 -2.7034128689e-02 -5.1240884864e-01 -2.8862002500e-01 1.6192171034e-01 1.8063418509e-02 -1.3265714897e-02 4.4974143087e-01 1.5605559201e-01 -1.4528946431e-02 -3.3547983376e-02 -1.1094174227e-01 -1.3284795755e-01 3.8761237252e-01 8.3828397873e-02 -5.5045317850e-03 -2.2994184961e-01 1.4939749350e-01 2.8857371804e-01 2.6160654202e-01 -6.4286288485e-01 3.8338690822e-01 3.7224566289e-01 -3.5379877654e-01 1.2643533274e-01 3.1615003650e-01 2.4901639463e-01 7.0912242218e-02 -3.0764439254e-02 8.3416271004e-03 -7.3638461493e-02 2.6207859683e-01 3.1772002799e-02 -4.4287353708e-01 -4.3539760823e-01 -5.0510198912e-01 2.9864576162e-02 -2.1416669763e-02 -3.5867103226e-01 -4.4464700888e-01 2.8669799939e-02
4.8512425447e-02 1.2555609745e-01 1.1887744184e-01 -4.3485870577e-02 -4.7606908697e-02 2.2718573758e-02 1.1661196312e-01 -2.5075845785e-02 -2.6332713773e-02 1.5759536368e-01 -7.8582600779e-02 -2.0687979222e-02 5.8945110789e-01 -4.0160217115e-02 -5.2675478563e-01 -1.3186696523e-02 -4.9217036513e-02 4.6478715703e-02 7.1184921124e-02 -2.0907336588e-02 -7.9748382144e-02 1.0154044661e-01 7.3933750632e-02 -1.2196885529e-01 9.0922893809e-02 -2.5728590990e-02 -2.3028931007e-02 2.7433634086e-02 -4.4080988998e-02 -2.8693751037e-03 1.5618316595e-02 -5.7071924398e-02 -9.5086206446e-02 6.9537989074e-01 8.3424902405e-02 -9.5291704145e-02 -8.9269463413e-02 -7.0273286984e-02 6.3704394215e-01 5.2629442615e-02 -1.9054320349e-02 5.9918456611e-02 -5.9512683854e-02 -5.6750994063e-02 -2.6045039265e-01 -2.7479365402e-02 1.5789130848e-03 -3.5763293628e-02 -3.1920998427e-02 -9.4582525491e-02 -2.1266952393e-01 -9.6405765372e-03 8.5967222099e-02 -3.0699626119e-01 -8.5168715128e-02 -1.0155161172e-01 7.8456738562e-03 -8.2779774419e-02 -3.7265069992e-02 6.9914713866e-01 -8.7110596108e-02 -2.5823938734e-02 -6.2612521474e-01 1.6705018090e-01 6.4409611269e-01 1.4144615694e-01 4.3154329517e-02 -4.9498720554e-02 9.9888696900e-02 1.5405862653e-01 -7.1913785975e-01 -7.1118930442e-01 1.1622149651e-01 -9.7430228809e-02 -7.0510367839e-01 -8.9225527408e-02 -9.1489682620e-02 -8.5095159205e-03 -1.2432583449e-01 -1.1999803903e-01 6.7529920884e-02 -7.0078373008e-01 -4.6523257640e-02 2.0219515402e-02 3.8352513646e-02 -6.3841804174e-02 6.9482560750e-02 -4.9493332961e-02 -3.0707973216e-02 -4.2952550756e-02 1.2345456802e-01 -2.2151157429e-02 -1.5523439354e-01 3.9868152256e-02 3.3518594461e-02 -3.5346680985e-02 9.1633615453e-02 -2.5721522964e-02 1.0354717593e-01 1.1477049977e-01 4.4674422867e-02 -5.4942778183e-02 -9.0048853124e-02 3.0148642954e-02 -7.3671108126e-02 -7.0826780071e-02 -1.3131800360e-01 2.8100970235e-02 -6.8618335821e-01 -2.0348649454e-02 -1.5806434106e-01 3.2251121187e-02 -4.1060553756e-02 -1.3505780519e-01 6.9523217780e-01 3.0361093939e-02 -4.9048544885e-02 -5.6479366113e-02 9.0677836422e-02 4.1862247648e-02 -1.6211588914e-01 -3.2879973035e-02 6.5185455657e-01 4.2882352780e-02 3.8042886388e-02 -2.2113056533e-01 8.8653183591e-02 6.3971634502e-02 1.6808545425e-03 9.1958906227e-02 5.9619805577e-01 1.1007355702e-01 -1.9303187959e-01 -4.6901830409e-03 -3.4027715886e-02 7.9341474021e-02 7.8545948093e-02 2.8205945794e-03 -4.8785150863e-02 5.8018617448e-03 -4.3077683881e-02 2.4962276943e-02 -6.4571587635e-02 2.3735103867e-02 -1.9865314163e-01 1.4943799997e-03 -4.8333125275e-02 -1.0833811391e-01 8.1178514712e-03 6.7083398972e-01 2.8685372905e-02 -5.7364869392e-02 -4.2835322029e-02 -6.9463282298e-01 -2.8754786846e-02 -1.0011015418e-01 -1.3833323892e-01 -6.4587309526e-01 8.3630146011e-02 -1.9182397763e-01 -7.7789209999e-02 8.7160435479e-02
-2.3765887909e-03 -2.5009827058e-01 8.9961385382e-01 2.5927678099e-01 1.2757728586e-01 -9.0499907157e-02 1.1290606941e-01 2.9246185048e-01 2.3519074586e-01 -1.2450483876e-01 7.2107183810e-02 4.1536122637e-01 -4.8148201033e-02 1.2705549266e-01 4.0986395528e-02 -6.1936222153e-01 -6.4358945622e-02 -1.8278344889e-01 -1.2994752132e-02 2.6085067647e-01 7.8035219900e-02 -3.7721508630e-01 2.7686337234e-01 -1.5827001323e-01 2.6267384232e-01 -5.1462544739e-01 -3.0148169989e-02 -6.4000441129e-02 2.9988498164e-01 -1.6749726235e-01 -2.6669141714e-01 5.2253865211e-02 6.3859797437e-01 -6.8698074943e-02 -1.5676207189e-01 -9.5739208047e-02 1.3065510655e-01 -5.8974651198e-01 -5.9342170436e-02 5.5652164010e-02 5.1564552622e-02 -3.2730362969e-01 2.8417068876e-02 -5.2067165256e-01 2.9336992587e-01 5.7811240571e-02 -2.3042909828e-01 5.2565097796e-01 1.6799485234e-02 3.0505460912e-01 3.1482956331e-01 -3.4519617392e-01 -2.5411855938e-02 2.6957098795e-01 2.3233990695e-01 1.4364711181e-02 3.2344119000e-01 -1.3217000142e-01 1.8107756761e-01 -5.5127625783e-02 1.8178084014e-01 -1.3922074149e-01 5.5627486234e-02 -4.7758883972e-01 -5.8976937252e-02 3.7549685603e-01 -1.7839263923e-01 -1.9800161761e-01 -1.7836133638e-02 -1.7363272887e-02 5.6795595398e-02 3.7052634367e-02 2.8890055846e-01 -1.8110656830e-01 8.3880050681e-02 -4.8718438364e-01 -3.5614119677e-01 6.2630162233e-02 5.4936158739e-01 2.1864917526e-01 -8.7981036519e-02 6.7203676374e-02 -1.1438588668e-01 -5.2295574395e-01 -7.0913022206e-03 -3.3054978836e-01 -1.9904518391e-01 3.8787749030e-01 3.1268504859e-01 -3.6189836515e-01 3.2043484901e-02 9.9720321244e-03 3.5940226648e-01 -3.1750212358e-01 -5.1966683601e-01 5.2550883308e-01 -2.5762408716e-01 2.0103732816e-01 5.3826728803e-03 -2.9816020748e-02 -2.9958674163e-01 -7.5250070995e-02 4.8695594780e-02 7.0561117765e-01 3.6208132936e-01 -2.1276351125e-01 -3.8588539619e-01 -8.5504394402e-02 6.6360412410e-02 -5.8759979177e-02 7.2793461551e-02 5.7905484134e-01 2.3362671930e-02 -3.9084002323e-01 -7.0507306712e-02 3.2739330175e-01 -4.4643213388e-01 1.6859856843e-01 1.2057309911e-01 -3.6218792515e-02 -3.7059218416e-01 -4.6590654820e-01 -6.1278843830e-02 -1.3438060920e-01 -2.0259286588e-01 -8.2347086809e-01 4.0460877011e-02 -3.3315361292e-02 1.6464667664e-01 -1.5239461798e-02 -5.0076391498e-02 1.8791019220e-01 -4.0378545990e-01 2.0750893848e-01 -2.3422060044e-01 1.4551059479e-01 -2.7920135100e-01 3.1021153961e-02 -3.5796282844e-01 -5.0900458168e-01 3.2664420046e-02 -5.4871127482e-01 1.5001068414e-01 -6.3585671298e-01 1.5744768768e-01 -3.7786909292e-02 -6.4605609872e-01 -1.7470888591e-01 -1.5388342264e-01 -6.5175059404e-02 -3.0270548681e-01 1.1990089841e-01 1.9548427296e-01 7.0376839507e-02 1.9654629538e-02 4.2386867920e-01 -2.7859697368e-01 6.0776782797e-02 2.3445713532e-01 4.4914214248e-01 -4.0848360052e-01 3.1746812449e-02
5.4159681473e-01 2.3559309131e-01 -9.5497421527e-01 1.5244132072e-01 2.8883093437e-01 4.1622997724e-01 -2.8121079670e-01 -4.2253478210e-02 -8.6850244545e-02 -1.0466424152e-01 -2.4118552164e-01 4.9385664003e-01 2.1038715990e-02 4.5323595586e-01 -2.0887565739e-02 -2.4415066798e-01 5.2172416362e-01 2.3268202572e-01 -2.2622420043e-01 -1.0121425822e-02 1.0091388394e-01 -4.4736468935e-01 2.3056321177e-01 3.9789743345e-02 -1.4885236093e-02 -3.0856094355e-01 2.9133853285e-01 3.1956335253e-01 -1.9326527901e-01 1.6392468595e-02 -7.2899703312e-02 -2.3296147875e-01 1.8914960731e-02 2.7811242407e-02 1.5713461314e-01 1.1745740931e-01 -1.2842184183e-01 -2.5819363024e-01 2.2667568779e-02 -4.8295369772e-01 -4.5967980597e-01 7.3107060383e-01 -4.4993865943e-02 4.0117129300e-01 -2.2224278026e-01 1.7428714225e-01 -2.3659587498e-02 3.0216530596e-01 1.0917252954e-01 -1.6730182177e-01 -1.9869831944e-02 -1.5895733840e-01 1.6577848600e-01 -1.7890768513e-01 1.3576292713e-01 1.1910500950e-01 -2.4653269000e-01 1.4848000347e-01 -2.4292182600e-01 1.7289621312e-02 -9.1440982249e-02 1.4894304050e-01 -2.1613836363e-02 5.2885804359e-01 2.2255080663e-02 3.1312363782e-01 -1.1024451130e-01 -6.1156618439e-01 3.9035572551e-01 -9.0328989235e-02 -4.6792888437e-02 -5.6490468376e-02 2.7940605864e-01 1.7642076855e-01 -3.0513144608e-02 -2.2525098489e-01 2.5054747858e-01 -8.7459369633e-02 -3.6878487231e-01 -1.2050578867e-01 2.4890346730e-01 -2.4103900940e-02 2.9410008931e-01 1.3112400417e-01 4.2025096570e-02 -3.4438626711e-01 -1.8794758083e-02 -2.8726622014e-01 1.3124658431e-01 9.7477749464e-03 1.6178389651e-01 1.8314163627e-01 -5.0681378148e-01 2.7425436090e-01 5.8363049158e-02 1.3850742891e-01 -2.3732871151e-01 -4.1381640896e-01 5.1361259436e-01 -3.3464589235e-02 -3.7934094325e-01 -3.7656345285e-01 -1.6847642563e-01 2.4703332744e-01 -7.0038258382e-01 1.0099093410e-01 1.2784391954e-02 -9.9991007749e-02 -2.6664295753e-02 5.2547217105e-03 8.7226605267e-02 -8.4561993972e-02 -2.9581889793e-01 1.4855119957e-01 2.4594040190e-02 3.7066799351e-03 -2.8541117560e-02 -4.3664632756e-01 -1.7427825508e-01 -1.5945585412e-01 1.3063926762e-01 1.7092459158e-01 2.4561170705e-02 -4.2123909915e-01 2.1367799745e-01 4.9962751997e-03 1.3687822440e-01 -3.9031951603e-01 -5.8435105721e-01 -2.4698322376e-01 2.3517806338e-02 9.1243359652e-02 -4.1256147713e-01 -1.2774567674e-01 1.7114162348e-01 2.3132442654e-01 -3.3673488432e-01 -4.0154905986e-01 5.5909933066e-01 -1.6191459269e-01 -1.9464551299e-01 1.9041663485e-01 -1.4762164019e-01 5.8504110264e-02 -2.6529654718e-01 2.2721137241e-02 -8.2319884405e-02 -4.8923809250e-01 1.1947652683e-02 2.9352848219e-02 1.7096138725e-01 -4.2975998058e-01 -5.8091926206e-01 -2.6160645204e-02 -2.6466641016e-01 -2.1422693170e-01 5.2216662726e-02 -2.5394876019e-02 2.3744113576e-01 -8.9948251619e-01 -1.8687078730e-01 1.0390805526e-01
2.7780699805e-01 1.3704913353e-01 1.5260037576e-01 7.7015486931e-02 -1.0521012862e-02 -3.0472433918e-02 2.5913029765e-02 -4.6988551567e-01 -5.8110668908e-01 -2.7324607718e-01 -2.6152395793e-01 -1.2861309672e-01 1.9275379574e-02 4.0327193969e-01 -1.7451185329e-02 7.4603539922e-02 2.3074264987e-01 2.6452205084e-01 -1.2001437480e-01 5.2138525902e-03 2.6757255447e-01 4.0860536067e-01 3.7638899889e-02 2.4850001068e-01 -3.3906906450e-01 1.0083262396e-01 4.2733874585e-01 -3.1593291129e-01 1.9225168932e-02 7.0026006832e-02 3.7014920257e-01 4.1890306774e-01 -3.2995061297e-01 2.7273212453e-02 1.9819320433e-01 8.5576699329e-02 2.1485673248e-01 -6.1864135632e-02 2.6743249403e-02 5.7960222171e-01 3.0116063982e-01 -1.1368273448e-01 5.1093525645e-02 -2.9925313775e-01 -2.5331405490e-02 -2.2093945114e-01 1.9630850979e-01 -4.7202596882e-01 3.2350317567e-01 -4.0744723850e-01 -5.6066198953e-01 1.1894704503e-01 2.4782159209e-01 3.6185365914e-01 1.7204261399e-01 9.2648722977e-02 -6.1233992410e-01 -4.2485563987e-01 8.5616421582e-02 2.6657107465e-02 2.9330556993e-01 -8.5985864689e-02 -1.8367275952e-02 -1.4217622728e-01 2.4562489020e-02 5.4125665339e-01 2.0812431870e-01 3.5207369875e-01 1.9640587452e-01 2.7218139439e-01 -1.4158754636e-02 7.3084064562e-03 1.1050480885e-01 4.2301267697e-01 -2.6284650236e-02 1.4613449627e-01 1.6019774180e-01 2.0630895828e-01 1.0463940668e-01 1.0240877082e+00 7.8794909736e-01 -2.7957518579e-02 6.5022740217e-02 -4.7976523767e-01 -3.5742603632e-01 1.1778680649e-01 -7.6175722334e-03 -2.7728769117e-01 4.1758091796e-01 3.4372457445e-01 2.5487878258e-01 1.2206787987e-01 -2.8369804359e-01 -6.3590833852e-01 -2.0397758694e-01 -5.7269394969e-02 -2.1531418574e-01 -1.2179457880e-01 -4.3067286442e-01 -8.4644209438e-02 -2.8142328871e-01 -6.6781214087e-02 7.9243076277e-02 3.8787199914e-01 -2.0728986834e-01 -1.9672774863e-01 1.5406900367e-01 -2.6144931562e-02 -1.7281127463e-02 -2.3528982009e-01 2.7759315235e-01 -4.8900589989e-01 -3.6532385668e-01 2.6088781871e-01 2.2110761054e-02 -6.5819901741e-02 1.3122775986e-01 2.8478436111e-01 1.6098248617e-01 -1.8686661797e-01 -2.0368100964e-01 -5.1882556016e-01 2.5749587725e-02 -2.2309298319e-03 -1.0845694668e-01 7.5490224426e-03 1.3357068236e-01 3.6482418709e-01 -1.0669201216e-01 -3.2287797494e-01 1.7628209279e-02 4.0460451242e-01 -2.4613772792e-01 -1.8043905128e-01 -3.4036109204e-01 2.4043826607e-01 -8.8096454896e-02 -5.5952874792e-02 -3.7733677035e-01 -8.8088103761e-02 3.4716934012e-01 5.3050246871e-01 -1.5325611998e-01 -5.3770365047e-01 1.1201238853e-01 2.0729041629e-01 1.2727311940e-01 8.1616085449e-02 3.3968449648e-01 2.3085042152e-02 1.5591524783e-02 -1.2934746720e-02 2.6040544386e-02 -2.6538302983e-02 1.8187549504e-02 -4.9731703195e-01 1.6435868190e-01 -2.1390308669e-02 -1.9190171996e-01 1.7946743396e-01 1.0593639312e-01 4.8431293908e-01
5.2516733756e-02 2.2316671238e-01 9.8170538597e-01 -7.4558111388e-02 -4.3950366238e-01 -4.8769418997e-01 -8.0766379180e-01 9.0453115306e-02 -1.0066999886e-01 -2.3184552239e-01 -1.0506730002e-01 -2.2612811903e-01 1.3702253480e-02 -1.9248335488e-01 -2.6834504939e-03 -3.5226545135e-01 -2.6330043029e-01 -1.4445401403e-01 -1.3023675004e-01 2.4426681182e-01 1.2844980814e-01 4.2703179972e-02 -1.7192292839e-01 4.9500086896e-01 -2.0491021539e-01 1.5667723601e-01 -3.4987344577e-02 -2.9874014826e-01 1.6686029190e-02 3.6370313348e-01 -5.1616579871e-01 2.5307230767e-03 -2.3499080818e-02 6.8434895363e-03 9.3315629365e-01 6.0471848024e-02 1.2173306074e-01 -1.7855049607e-01 5.0606362838e-03 -2.8121641714e-01 -9.9261921180e-02 -5.9939700642e-01 -1.4725189681e-01 6.4647085339e-01 -4.3531896636e-01 3.3274974458e-01 -4.5260420767e-02 3.5117320002e-01 1.1313823454e-01 -5.3762468350e-01 -2.7819407515e-01 -3.4691604341e-01 -1.3457003874e-01 4.1681458688e-01 -1.5505225720e-01 -4.3645800084e-01 -5.8217043780e-01 3.6461873697e-01 -1.1816036879e-01 9.1003350902e-03 -1.0042350473e-01 2.6047656971e-01 -1.6146345853e-02 5.0879368398e-01 8.9372104162e-03 1.4268300037e-01 7.5273814019e-02 1.4278813553e-01 -2.4636688392e-01 -3.1263327036e-01 -4.8392004556e-02 -5.4181432226e-02 -1.1246897701e-01 4.4217370856e-01 -3.0791495145e-02 -1.6668271298e-01 -1.6283883469e-01 1.5600723851e-01 1.2198188365e-01 2.3058203114e-01 2.9789872955e-01 -1.0201645893e-02 1.0988995106e-01 -6.4548749197e-02 5.5879753295e-01 -4.2868700701e-01 7.3801015727e-02 -3.8733710391e-02 1.5253629880e-01 -4.6468392539e-02 -2.5071339364e-01 -1.8023453401e-01 7.2613217303e-01 4.0042845785e-01 1.4632508019e-01 -1.2403269173e-01 3.0149780208e-01 4.8830663818e-01 -6.5467184233e-01 5.8095471450e-01 6.7190943648e-02 -3.8501925436e-01 9.5569959421e-02 -9.4462598366e-02 -7.1195121025e-01 2.8717749409e-01 -2.2015544068e-01 -2.5304444021e-01 -1.7218403153e-02 2.3751960024e-01 -1.7782322458e-01 -3.2713964125e-01 -9.7764142780e-02 -3.7232385118e-01 2.1255000290e-02 3.2175923879e-01 3.7849585566e-01 6.7669394148e-01 9.8980815294e-02 1.7953745122e-01 -1.2093815091e-01 -3.0913130519e-02 9.2741671162e-03 2.0032803719e-01 2.2422997864e-01 3.6808688836e-01 1.0691016895e-02 -7.8717461824e-02 5.6467517352e-01 -3.0748636151e-01 5.0805655534e-04 -6.9505911549e-01 -1.7155504854e-01 1.7796913934e-01 2.1481867584e-01 5.2456524823e-01 -1.5450297270e-01 3.7811137724e-02 6.8484061846e-02 -3.3142275643e-01 -3.0505251663e-01 -9.2471719326e-02 3.4588627870e-01 5.4949860118e-02 -2.1942643089e-01 1.4618016085e-01 -8.5366761159e-02 7.4681685391e-02 -2.9882282016e-01 4.8013491530e-03 1.6379804933e-01 -1.7625002329e-01 3.2133845161e-01 -1.0172443032e-02 -1.0926902780e-01 -3.8680429232e-01 1.3874677755e-01 -5.9359093049e-03 5.1378772447e-01 -1.7636793605e+00 2.3389074099e-01 -2.3161425266e-02
4.8985218313e-01 2.0960943244e-01 1.3130061157e-01 -2.7231513869e-01 2.7081014084e-01 -1.5695408744e-01 2.5852520481e-01 -4.5778733796e-01 -7.4986457803e-01 -1.6853902210e-01 -2.0750371514e-01 1.9827276168e-01 -8.6032085162e-03 -6.7860526118e-01 1.3971758122e-02 5.8456771186e-01 -1.4345031989e-01 -3.2964596251e-01 2.6678467787e-01 -9.1100130837e-02 -1.2343133348e-01 6.1986769504e-01 -2.8701389162e-01 -1.6232066933e-01 1.4974902070e-01 -2.0995502960e-01 -1.9944488270e-01 6.1047843793e-01 -1.6372936705e-01 -1.8260762786e-01 -3.5652854925e-01 -5.5293193265e-02 2.3960377403e-01 -1.5624201577e-02 -5.4999837255e-01 1.0064371733e-01 2.6583143261e-01 2.1553453798e-03 -1.5428375806e-02 4.9545269826e-01 2.0699819199e-01 -3.5754408174e-01 -1.0675932695e-01 -1.6653143932e-01 2.0855509175e-01 2.9645354234e-01 1.7605668716e-01 -1.0713235692e-01 2.8219763532e-01 2.5167868401e-01 8.9586583573e-02 -3.5265348902e-01 -1.9881135002e-01 -2.1321898328e-02 -4.0765481545e-02 -1.2070459709e-01 4.0144893822e-01 1.7995960256e-01 -2.3373298219e-01 -9.4559484987e-03 6.0886505782e-02 2.2844690812e-01 8.7574796003e-03 4.0281050727e-01 -1.3912877394e-02 3.0705771854e-01 3.6417912827e-01 -2.7342668802e-01 1.0875994150e-01 8.4128559331e-02 -2.1122922163e-03 -7.2097304659e-05 2.2348407150e-01 1.7331236466e-01 8.3472792655e-03 2.3279366084e-01 -2.6263707700e-01 2.4006800351e-01 -1.1840468368e-02 1.3421318674e-01 6.7876016664e-02 1.7719681284e-02 -3.2160483021e-01 3.6142811702e-01 2.2747897639e-01 -2.0704204220e-02 1.0127482364e-01 -2.4384881836e-01 1.4436202052e-01 -2.5463299862e-01 -8.5780508619e-02 -2.5672520284e-01 6.9034770248e-02 1.9058396414e-02 -2.9551901743e-01 -2.4243906344e-01 -2.7891058203e-01 4.7692437068e-01 1.5362891909e-01 1.5198232450e-01 -3.5433802706e-01 4.0130554979e-01 -6.8310436044e-02 -3.1516028497e-02 -2.0037711581e-01 -2.3675136550e-01 -1.7239708773e-02 -1.1659830500e+00 1.3573658375e-02 -8.4726678345e-01 -2.1713854265e-01 8.1814857543e-03 1.2041575670e-01 -5.6845427307e-02 -1.0754051549e-02 4.0856444565e-01 -2.0266653160e-01 1.9504799118e-01 1.7139710942e-01 -3.0701644652e-01 -9.7484285781e-02 -8.1343758088e-02 -1.6743917389e-02 -2.0866556367e-01 1.6811984990e-01 -2.6564681343e-01 -1.7029306380e-01 -2.0281052851e-01 1.6678644059e-01 7.3781787700e-01 -1.1180115542e-02 -2.9705062136e-01 2.3268225209e-01 -6.5470135346e-02 -4.9665004677e-02 5.9263708516e-02 2.2232577107e-02 -1.9763670713e-01 1.2520651870e-01 -3.8643296577e-01 -1.6482723190e-01 -2.2267377322e-01 -6.1205532915e-01 -1.0344717525e-02 -1.1402567034e-01 -4.1385441954e-01 2.3823639176e-01 -6.1311942222e-01 6.5223913158e-02 -1.9461879605e-02 2.7036215691e-01 2.9223894800e-01 3.7025936018e-02 1.9214484062e-02 2.7453067703e-02 -6.1325353175e-01 2.0540872141e-01 1.5269792856e-02 -4.6795288084e-01 -7.7632215872e-01 -1.4713329774e-02 -4.0263400418e-01
9.9430817244e-02 -4.6294810129e-01 2.9972953546e-01 -3.6599457776e-01 1.1523549721e-01 2.9562992940e-01 1.6782240892e-01 -2.8338113815e-01 2.0269417971e-01 -7.8159641632e-02 -3.9452045168e-02 6.3603845805e-02 -1.2048201629e-01 3.5876086706e-02 8.7232621368e-02 5.0006416111e-01 -2.7382495597e-01 -1.9779511477e-01 2.5141740109e-01 -3.2806452309e-01 1.6133127498e-01 -2.6151660214e-01 3.9061186046e-01 2.4445100696e-01 -5.3865301534e-01 2.2110890275e-01 -8.5832652418e-02 1.4614892993e-01 1.7671642823e-01 -1.9409908096e-01 4.4693361536e-01 -9.6948624725e-02 1.0349618836e+00 -1.3464034775e-01 1.1600381223e-01 -1.4803669760e-01 -4.7328690484e-01 -2.3129983565e-01 -1.2634349036e-01 8.1070611107e-01 -1.3062834154e-02 -2.6677948716e-01 -3.0137921546e-01 -2.7092413900e-01 -3.1711667467e-01 6.7464715266e-01 -5.9994769341e-01 -6.7136549972e-02 -3.1976708277e-01 -1.8284890304e-01 -8.1497694775e-02 -5.5642871102e-02 -8.8694326823e-02 5.5219184096e-01 2.9253523812e-01 7.9618563933e-01 -2.1407374840e-01 -3.9180261391e-01 7.6327674241e-02 -1.7050676476e-01 3.3853753248e-01 4.1917511252e-02 1.2310072189e-01 4.3634301161e-01 -1.1701142746e-01 1.2372832885e-01 -7.8290244765e-02 -5.1319846073e-02 3.9987570301e-01 3.5653211361e-01 1.8526474702e-01 2.3736184501e-01 -2.4386290691e-01 -5.0092191684e-01 1.6985299611e-01 -3.2660056544e-01 3.6456486433e-01 3.9433477643e-01 -1.0447712421e-02 -1.8742247547e-01 4.2712447046e-01 1.3806621534e-01 -5.7215978881e-02 5.6326218846e-01 -3.5118152671e-01 1.0635047120e-01 -3.2595977144e-02 1.1507403319e-01 -1.9964894523e-01 -4.7680698212e-01 -2.0656938781e-01 -1.5409053950e-01 -5.8548560031e-03 -3.1877955598e-01 -3.3792914364e-01 4.1225426830e-01 4.4606500232e-01 3.5038541246e-01 1.5551717160e-01 -3.2315278418e-02 -8.1864764463e-02 2.9850944932e-01 2.4870609041e-01 -6.5470169250e-01 -5.7071552386e-01 6.6068522685e-01 1.5049127057e-01 -2.8807287238e-01 1.3212212448e-01 -4.0610973918e-01 1.5785156707e-01 1.4954527500e-01 -2.2733272767e-01 -2.1319847238e-01 -1.4618829459e-01 3.0296020662e-01 2.7250933921e-01 -3.2879434251e-01 -9.0263577737e-02 2.1950285329e-01 -3.0721791037e-01 -2.0897430106e-01 -1.1766671505e-01 -1.6906311511e-01 5.1606218052e-01 -2.5873761227e-01 3.1778157653e-02 3.7137571984e-01 1.2059544641e-02 -4.4433316711e-01 -1.0414438215e-01 -4.9210211074e-02 -7.1721941964e-03 1.4957471424e-01 2.6945583774e-01 8.9683053556e-02 -2.8461692396e-01 -3.1970014590e-01 -2.1781711106e-01 -2.0435132398e-01 -8.3077130609e-02 3.1552431950e-02 -2.3149864435e-01 4.3293516946e-01 7.0176617248e-01 -6.2394063045e-01 -1.3287709912e-01 -3.2119400151e-01 3.7089277529e-01 -1.3277979134e-01 3.7403071196e-01 -7.8154181855e-02 1.7810884977e-01 1.4010611246e-01 1.6489695055e-01 -2.5943460013e-01 1.8248093804e-01 1.1490309391e-01 1.9401918704e-01 1.5722864683e-01 1.5896457481e-01 -5.3052362755e-01
-4.5084686018e-01 -8.9995730426e-02 -3.8951731828e-01 7.3423494827e-02 1.9410484046e-01 -1.7491361811e-01 3.4124170914e-02 2.6623609454e-01 3.6418705499e-01 -1.0335139785e-01 -4.2780587931e-03 1.7974167388e-01 -1.4521703911e-02 -6.0519588973e-01 8.0672216533e-03 6.0445120572e-01 2.1136253933e-01 1.4541359683e-01 -7.5759067027e-02 -6.3730567332e-01 2.2168135045e-01 4.3325032031e-01 -5.0052696540e-01 -1.8211806054e-01 -3.5261750618e-02 1.6573458637e-01 -2.4607353293e-01 5.9404156057e-02 -3.7851040788e-01 1.5071996430e-01 -3.8935560166e-01 4.3996761770e-01 4.0337606180e-01 -3.2538225983e-02 5.8908880759e-01 5.8960718257e-02 -5.8450572495e-02 2.5889459060e-01 -2.8127510882e-02 -4.8076356984e-01 3.1617099960e-01 -8.9839705251e-01 2.6935800376e-01 -1.3591129128e-02 5.6041080268e-01 -1.0453254299e-01 -5.4384461346e-02 -5.1148604242e-01 -2.3484846861e-01 3.6756992912e-01 2.7719093200e-01 -5.0041353152e-01 -5.7167638450e-01 -3.7619303471e-01 -7.1875558064e-01 2.8870459569e-01 -3.4184889167e-02 -1.7941817278e-01 1.7089734463e-02 -4.5804285629e-02 6.2256848280e-02 -2.1383023553e-02 1.8507202011e-02 -1.4898475771e-02 -2.2465018427e-02 3.4838484898e-01 1.1415590995e-01 -1.0092070721e-01 6.1823726782e-01 -7.5354371572e-02 8.6891171171e-02 1.4454420982e-01 1.0037975904e-01 -1.9189623924e-01 7.4564137118e-02 4.1766076420e-01 -8.7984476899e-02 -2.4306746124e-01 2.2481196630e-01 3.1000215838e-01 1.1101364557e-01 3.8225914786e-02 2.6747983011e-01 9.7091035582e-02 -1.7569251902e-01 2.0983329158e-01 1.4490640542e-01 1.3719438650e-01 -2.5489728774e-01 3.7879435541e-01 1.4149583500e-01 3.3895971687e-02 1.7598803772e-02 -2.1990269299e-01 -1.0768778538e-01 -4.3972964410e-02 4.5795656950e-02 5.1458796375e-01 4.0352365959e-01 8.4250066422e-01 -2.9063725036e-01 -3.9035129405e-01 -1.4135373245e-01 -8.7253867844e-02 -5.8272212580e-01 4.5109646309e-01 1.6670332732e-02 9.7476969415e-02 3.3877901511e-02 -3.1918490642e-01 1.1356424384e-01 -2.6279092785e-01 -5.1688238352e-01 4.3953413205e-01 -3.8035605309e-02 2.1743725712e-01 -2.2939384896e-01 -5.9996456970e-01 1.2358542753e-01 -3.0325904125e-01 -2.8146974881e-01 1.0853981855e-01 -2.1492772109e-02 -3.2532608801e-01 1.1612381895e-01 -1.1541403375e-02 4.1547952870e-03 2.9281620535e-02 8.6758487864e-02 -5.9107702893e-02 -1.2778677532e-02 -4.2383190775e-01 -2.9245387159e-01 -1.4004988738e-01 -5.4652261661e-01 -1.9937925210e-01 -6.2910442586e-02 1.7711574099e-01 3.1688953862e-02 4.1607193219e-03 1.8406603208e-01 -3.0489543998e-02 1.3279065004e-01 1.2040006603e-03 3.8938822321e-01 4.5338992941e-01 -2.7799147008e-01 8.4651853182e-01 -3.4644310244e-01 -4.0517174366e-02 1.3330578120e-01 -3.1518060002e-01 3.1175445044e-01 2.9184475371e-02 1.0969014018e-01 -4.0052795451e-01 -1.5292306044e-01 2.9614925509e-02 2.6056014821e-01 -1.8382055719e-01 1.3452508305e-01 -5.6000488139e-01
1.1245115768e-01 1.6827148288e-01 3.5999548709e-01 2.5789503213e-01 4.3153776795e-01 -1.1884381885e-01 -5.6826980667e-01 5.9695782317e-02 -4.9516937265e-01 2.4417805269e-02 -2.1185169905e-01 -1.2027315182e-01 2.5068273631e-02 -6.5504430805e-02 -1.7130718405e-02 3.2974126000e-02 1.6548402979e-02 7.7219953140e-02 -7.5043025554e-02 -1.5611828387e-01 2.3580736573e-02 -4.5527650302e-01 2.1905402306e-01 -2.4354706183e-01 -3.1416755110e-02 1.3879221875e-01 -2.3520439863e-01 8.8378180736e-02 4.0029234626e-01 -3.2995154038e-01 -2.1748483316e-01 -2.9679424191e-01 -1.2514605500e-01 1.3477884595e-02 -4.3999394296e-01 -6.8962239866e-02 -1.8145126798e-01 8.4729879589e-03 9.6439677296e-03 -1.4704144503e+00 -7.4058391358e-02 6.5215118645e-01 -5.6067576698e-01 8.4222503202e-01 -5.2114192745e-03 1.6215295003e-01 -4.5658553489e-01 -5.2469021667e-02 -1.4350512195e-01 2.2647065668e-01 -3.0919958414e-01 1.6952976003e-01 1.5467615547e-01 1.1617405291e-01 3.9764478972e-01 3.9964863946e-01 1.0589434897e-01 -5.9911466001e-01 3.0029955230e-02 2.6757020423e-02 1.7091598808e-01 -6.1176391851e-01 -2.6198684102e-02 -6.3060321942e-02 1.9661905723e-02 -3.7616097079e-02 3.0480748263e-01 3.2781627028e-01 -5.7256633985e-02 -1.1493903356e-01 -5.4049604737e-02 -6.9104586385e-02 -1.1927888758e-01 3.4042381268e-01 -3.3569785403e-02 1.9733158634e-01 5.8671048019e-04 -2.4441250922e-03 5.9962688589e-01 -3.4048206098e-02 2.4252855031e-01 -2.1325895054e-02 -3.9327131613e-01 -7.0056342798e-02 -3.4169390793e-01 6.3857103587e-02 6.6778558738e-02 2.1629309767e-01 2.8968195129e-01 -1.0173721243e-02 1.1366431777e-02 -2.6983496904e-01 -1.8387135441e-01 -1.4537696487e-02 1.8325407089e-01 4.9514660645e-02 9.6013660205e-02 2.5154212500e-01 -5.7436819177e-02 8.3087929156e-02 -4.3633121303e-02 2.5007628080e-01 -2.7583903668e-01 -1.7516645804e-01 -3.6972603111e-01 -8.8130969889e-02 5.4869831048e-01 2.0066796165e-01 -2.2222915561e-02 2.1230111047e-01 -3.2386762943e-01 1.4984271268e-02 1.0534000756e-01 8.2378019833e-02 2.4771410205e-02 9.6936946634e-02 3.3288649170e-01 1.4207885677e-01 -4.0396165933e-01 -2.7656752233e-01 1.1425316828e-01 2.2968502299e-01 2.0993487671e-02 4.2641795409e-02 7.3338896322e-02 8.5364869142e-01 4.9633442841e-01 -1.7359154569e-01 -3.1052125181e-01 -1.4235088855e-01 1.1352917305e-02 3.7277690754e-02 -1.3159315039e-01 1.2546983687e-01 -5.6838444054e-01 -3.7267429280e-01 1.7236214577e-01 7.0200796868e-02 1.2028102309e-01 -3.2178436897e-01 -7.2297565688e-01 -2.4857236589e-01 1.5430012068e-01 9.5973396166e-02 -1.2416906155e-01 4.2256119260e-01 -2.4381125680e-01 -1.8747470148e-01 3.1355371026e-01 2.7754403494e-02 2.6557886814e-01 4.0683683262e-01 -1.6009421047e-01 -1.9752820129e-02 -2.1352868121e-01 -1.0280264998e+00 -4.0296757542e-01 -2.2912628833e-02 2.6534025378e-01 1.5787008246e-02 -5.0212074253e-01 -4.8185335985e-01
4.6314644334e-02 1.2383432775e-01 1.0944933443e-01 -4.8509144041e-02 -6.2086010048e-02 1.4964377843e-02 1.5874353512e-01 -4.1556494640e-02 1.0464731624e-02 1.6405200950e-01 -1.1260508575e-01 1.6929268150e-02 5.6784237965e-01 -1.2253539944e-01 -5.0647202260e-01 1.5517000048e-01 3.3019611347e-03 2.7524994951e-02 9.2608520055e-02 -1.3373713983e-01 -6.5892432582e-02 1.0288918101e-01 9.6242693884e-02 -1.4134096310e-01 1.0168884526e-01 3.6336617011e-02 -1.6531740767e-02 1.0163165656e-01 -6.5990903457e-02 -4.8405898383e-02 -5.6422749808e-03 -4.3725690953e-02 1.3507954294e-01 6.9233003100e-01 6.5256577979e-02 -1.2559168970e-01 -1.3227675589e-01 -4.6470080285e-02 6.2270233379e-01 7.1214588416e-02 3.4614299670e-03 9.5052896605e-02 -1.0746601898e-01 -3.8733686687e-02 -5.4203090959e-01 1.6963991352e-02 -6.7458414219e-02 -6.1388313304e-02 -5.6160210042e-02 -1.2320660198e-01 -1.6555016126e-01 2.0986007574e-02 1.0480204584e-01 -3.5941828288e-01 -1.8059758749e-01 -8.8815459909e-02 -4.3722682598e-02 -8.1473620187e-02 4.9728691780e-02 6.9174577949e-01 -9.2436107687e-02 -5.0252212980e-02 -6.0996595094e-01 2.9296966936e-01 6.3123243930e-01 1.1293191439e-01 3.0488836631e-02 -5.7683870273e-02 9.7199983314e-02 1.1836685310e-01 -7.4519689953e-01 -7.8790861530e-01 1.2535800711e-01 -1.8976600950e-01 -7.0455002746e-01 -5.2172197747e-02 -1.2236085310e-01 2.5751848053e-02 -1.1103837622e-01 -1.1218496080e-01 -2.7339286197e-02 -6.9554111680e-01 3.7771247157e-02 1.1514463841e-02 4.7289922625e-02 -2.4384169889e-02 1.2532910617e-01 -8.2939936551e-02 1.4259383667e-02 -5.8421475350e-02 5.3208515944e-02 -4.9763230806e-02 -1.1543284493e-01 3.0629377054e-03 -1.7348691142e-02 -3.6907822987e-02 9.9884514580e-02 2.5033384173e-02 7.9621633383e-02 1.2225494137e-01 -1.7018558178e-02 4.3419013826e-03 -9.2712971140e-02 3.7543007582e-02 -1.1319025262e-02 -8.4326310412e-02 -1.1001862187e-01 2.1162427415e-01 -6.8313478327e-01 -9.3527178318e-02 -1.6237367272e-01 4.2213206407e-02 -3.8502125432e-03 -3.6615660706e-02 6.8864192221e-01 9.3920560143e-02 2.2358080583e-03 -4.7533272580e-02 1.1549882765e-01 7.0391245982e-02 -9.9567067008e-02 -3.0793197650e-02 6.3948827339e-01 3.9050174383e-02 1.8865686487e-02 -1.9088225104e-01 7.4062289706e-02 6.5083498854e-02 7.0192915626e-03 6.9762961782e-02 5.7833055532e-01 7.6385070990e-02 -1.2823468151e-01 -6.6646406771e-03 -1.0889390155e-01 6.8063029046e-02 3.7514316272e-02 3.1351622751e-02 2.8037625490e-02 4.9019005974e-02 -8.2253889876e-02 1.5311362389e-02 -1.8515994930e-01 4.0569398008e-02 -1.8088472542e-01 1.6028733805e-02 -3.3143371970e-02 -8.4704771701e-02 3.1470897927e-02 6.6714518917e-01 4.3229259412e-02 -2.6281285931e-02 1.1982163860e-02 -6.8738515825e-01 -8.5229666061e-02 -1.0991186860e-01 -1.2177966978e-01 -6.3291229185e-01 5.6633548485e-02 -1.4184876732e-01 -9.0674141551e-03 1.0306015157e-01
-1.0416325134e-01 -1.5194641825e-01 -3.8720548118e-02 4.1302874918e-01 -1.4965678144e-01 -6.9438938712e-04 -1.2732225508e-01 -4.0052802144e-01 -4.1771083035e-01 4.2905835168e-01 1.7323748702e-01 -1.7336912108e-01 1.4826243364e-02 3.3509243269e-01 -5.4911868692e-03 3.5948445803e-01 3.5418508542e-01 -1.2020577214e-01 -3.2482103218e-01 -2.7941424539e-01 2.4391019982e-01 -2.5285266600e-01 -5.5673393332e-02 1.2053397318e-01 -3.3491980273e-01 -2.3380229607e-01 6.3476688895e-01 2.6970032834e-01 -3.9738160180e-01 -3.2107079455e-01 1.9063414631e-01 5.3638187369e-01 -1.8356377296e-02 1.3351420935e-02 4.2913043778e-02 -2.5544832029e-01 5.2311127756e-01 -2.7751242317e-01 1.2860194144e-03 -9.3594008825e-03 -6.3236194117e-02 1.8735411347e-01 -1.0613838626e-01 -6.2997267242e-01 -2.2366201381e-01 2.4442058400e-01 1.7462679235e-01 -6.1825227309e-02 -2.7689411048e-01 4.1126619718e-01 4.5310584176e-02 2.0856079010e-01 1.1927581305e-01 -5.0483396881e-01 2.3364813542e-01 -1.7416836682e-01 -7.1677300866e-01 1.6333355732e-01 -1.1850431583e-01 1.4551439250e-02 6.6244188675e-01 -1.5965872025e-02 -2.1626328561e-02 1.5520251280e-01 7.9329449911e-03 -5.0033877028e-01 1.4416979131e-01 -6.2400574724e-03 -3.8374069523e-01 4.3047950095e-02 -4.5985507421e-02 -6.0622039087e-02 1.4250940630e-01 5.0199982193e-01 -3.9074388315e-02 1.4094642014e-01 -4.3813684792e-01 2.9840438161e-02 1.1340992345e-01 3.1631219752e-01 -3.8842149488e-01 -1.4463596837e-02 3.6661521962e-01 3.6550792624e-02 2.2226407388e-01 -4.0623505767e-02 2.0118505530e-01 -6.0726368773e-02 1.0467186595e-01 -4.0621601324e-02 -3.5121043958e-01 -1.2659429543e-01 -4.0564023183e-01 1.4829965908e-01 -2.9911720357e-01 4.1668424934e-01 3.5832599554e-01 2.6317146926e-01 -3.2210930183e-01 2.2174922455e-01 3.0946816912e-01 -1.0121465435e-01 -3.1320217816e-01 -2.0139026397e-01 2.7377194946e-01 3.1657607760e-01 -8.8862580986e-02 -3.0608389328e-01 -2.2688226494e-02 -4.8799126073e-01 3.0183093752e-01 5.4322086352e-03 8.7460391716e-02 -4.9925908027e-02 2.0431847686e-02 1.0695292029e-01 -6.1005526789e-02 6.0442545246e-01 4.4048608920e-01 -2.2455001948e-01 -2.0779199409e-01 4.2369810237e-01 1.1244758130e-02 -4.7538457628e-01 -2.7761005880e-02 7.1102415836e-01 4.7798070645e-01 8.0960846904e-02 -8.2801909628e-02 5.2163219919e-02 9.4647917961e-03 1.9036973791e-02 2.8428417586e-01 -3.3506343604e-02 1.3213170970e-01 6.2701576997e-01 3.6290610843e-01 -1.7154224728e-01 -9.1746402635e-02 9.7944099635e-02 -1.1628911061e-01 1.7920912415e-01 -2.7052863834e-01 1.3000024464e-01 1.2897492587e-01 2.4270377367e-01 -3.5836149030e-01 3.0683931665e-01 -1.5915050742e-01 1.5579559266e-02 1.2402917449e-01 1.6705589399e-01 -2.1746317890e-01 -1.5782688178e-02 -1.8613785935e-01 3.2710664320e-01 3.2809647446e-01 -7.5292346743e-03 3.0149410871e-01 1.4056049244e-01 -5.2809240603e-01 5.7781940361e-02
7.2820617894e-01 -4.7983932878e-01 -4.5105008809e-01 -6.1686267165e-02 4.0751373198e-01 -1.1411644236e-01 4.8525619275e-01 7.4526945901e-01 -1.9404566535e-01 -2.8054221946e-01 -3.0670658230e-01 1.0489354751e-01 3.2293391890e-02 3.5000623028e-02 -2.6526679115e-02 1.4049606760e-01 3.1599171664e-01 -2.6828204694e-01 1.0339481644e-01 1.4760152397e-02 2.0518790808e-01 7.7900568389e-01 -1.2344392974e-01 1.7293706549e-02 -1.3740024828e-01 -2.9063356429e-01 -9.2335660635e-03 -2.0442398689e-01 -2.3267594746e-02 -5.2732383601e-01 -1.1370833050e-01 4.2133050664e-01 4.0069680683e-01 3.2286194959e-02 1.0493084772e-03 -3.8617536741e-01 -1.0050965350e-01 -3.9407860463e-01 3.8571347235e-02 -1.0985018753e-01 -4.4133642961e-01 -6.0439189704e-01 -7.0822169718e-01 -3.3037008077e-01 3.9960650007e-01 -1.6256951422e-01 1.5697936499e-01 -1.7444291421e-01 2.0484120970e-01 -1.4322416497e-01 -2.0116129736e-01 -6.3958183206e-02 1.6650608354e-01 -6.5732776760e-01 -6.5410756991e-01 2.1362132493e-01 2.0949244558e-01 -1.4467703194e-01 3.6825051102e-01 4.8038433934e-02 -1.9702057021e-01 -4.3515182424e-01 -2.8215434635e-02 9.6594070673e-02 3.5403424200e-02 -1.2690123398e-01 -3.5554166589e-01 1.2117178642e-01 -5.0089438495e-02 -3.7892024149e-01 -1.4782073599e-02 2.0102937490e-02 -1.4496980713e-01 6.1380733997e-02 -2.4160804444e-02 -3.2712090985e-01 -1.4714552943e-01 -4.2047752818e-02 4.4264445032e-01 -2.5737671782e-01 -3.2455746578e-01 -3.4528042927e-02 -4.8981968416e-02 1.2285134133e-01 1.2819498459e-01 -5.2178183512e-01 9.4247722746e-03 1.0714532031e-01 -3.9159017322e-01 4.7294417156e-01 -1.5513174906e-01 -6.4994807122e-02 -1.3736556492e-01 3.7270501053e-01 1.5171295572e-01 2.6148690179e-03 -1.0207002474e-01 6.0549805012e-02 -2.2127031554e-02 8.3111524925e-02 4.3800912421e-03 3.0355539041e-01 2.3985690530e-01 -1.2261871547e-01 -3.0999575995e-01 -3.3881455814e-01 -9.2276670567e-02 -4.2855393756e-02 -2.8641065873e-02 -5.6728846261e-01 -8.9626264974e-02 -6.0229490706e-01 -1.7478056954e-01 -5.8053049159e-02 2.7977151709e-02 6.6700273005e-01 2.6316118908e-01 5.9220376690e-02 -6.8507029848e-02 2.9432600745e-01 -5.4746016462e-02 -3.3790552446e-02 3.4017447628e-02 -1.5169255399e-01 -4.4325029829e-01 3.0844433058e-01 3.7431810996e-02 2.7749822246e-01 -2.1868803273e-01 3.4341427454e-01 2.9814674102e-02 -2.7579350611e-01 1.2177746067e-01 2.6584327674e-01 -4.9225910423e-01 2.8874394783e-01 3.0766792893e-01 8.8458963268e-02 7.4512053588e-02 2.3409222887e-01 2.2886521049e-01 7.6244291782e-02 -1.1196093777e-01 1.4095846150e-01 3.5529454528e-01 -2.2869445530e-01 3.1253676404e-01 -3.4325763961e-01 8.7440188863e-02 3.6900928655e-02 -5.3112160755e-01 -6.5160962090e-01 1.4107729842e-01 -3.5521229644e-02 -2.6567590258e-01 3.2436769490e-01 1.1141588761e-01 -3.5984221984e-02 -4.6448088656e-03 1.8201978865e-01 3.8351745725e-01 1.4923478121e-01
-1.1935598488e-01 -3.5091260405e-01 2.1388683705e-02 4.6281142832e-01 3.3191597478e-01 1.6987206187e-01 1.4397738706e-01 -5.9721612107e-02 7.2721881953e-02 -3.2277359851e-01 5.1029713560e-01 -1.2439015990e-01 -2.0232499028e-02 3.7307200590e-01 2.1620136221e-02 4.8186102624e-02 3.9618007920e-01 -2.0985925883e-01 5.5691889407e-02 -1.3439765602e-01 1.8045047752e-01 -8.6768035075e-01 -8.0817777098e-02 4.5292953533e-01 -3.2502184093e-02 8.6199940738e-01 5.2929177921e-02 4.0082025521e-02 -4.7499565965e-02 6.6066851522e-01 -2.2758648380e-01 -3.0934256469e-01 1.3130897086e-01 -4.2732078329e-02 -4.6649007879e-01 -5.7639315674e-02 -5.3625889483e-01 4.7232698120e-01 -3.3841927375e-02 7.5143749063e-02 2.8837172399e-01 1.4070959381e+00 7.7635617836e-02 3.3493644400e-01 -2.4059793687e-01 4.2832423918e-01 5.1211216883e-02 -9.0908392717e-02 -1.3926047872e-01 2.9601766855e-01 9.6675051900e-03 -4.9520628783e-02 -1.9228153461e-01 -1.3662986341e-01 2.2997979313e-01 -1.6211878590e-01 -2.5638005009e-01 4.7029094105e-01 -2.7985715610e-01 -4.4252337697e-02 5.2162270373e-02 -1.0866573039e-01 1.7834238271e-02 5.6868622733e-01 -2.7719856848e-02 2.3242863380e-01 9.0657551081e-02 -5.9391040051e-02 -2.1080184569e-01 6.5179173853e-01 5.9112914013e-02 9.6743132718e-02 -1.6913876863e-01 1.3676128583e-01 5.2883244360e-02 -4.6692433922e-01 -2.9944321006e-01 4.5727732615e-01 1.8594409901e-01 9.6888036155e-02 6.3181156086e-02 4.7624592129e-02 -1.2711646141e-01 -3.0318032552e-01 5.4586097264e-02 2.3936415649e-01 4.8986173714e-01 -4.6122458081e-02 2.0190145946e-01 -2.8554447221e-01 -4.7056698629e-01 -5.3128526965e-02 -2.0968658294e-01 2.7163261297e-01 -1.1043136995e-01 -1.7753708981e-01 -1.7709083474e-01 -3.3178671116e-01 2.5672334210e-01 -1.9806272542e-01 -1.3958290595e-01 3.1050271032e-01 -5.3434504594e-01 4.8824005395e-01 -1.6943946454e-01 9.8323998957e-02 -2.9975187038e-03 9.0420303883e-02 3.6395047824e-02 8.7119751709e-02 4.8250475495e-01 -1.5069044767e-01 -7.7845830068e-02 -1.1257749515e-01 -3.1399339692e-02 6.1302014077e-01 2.3839797296e-01 -1.1985838920e-01 -3.5760811083e-01 5.3774734580e-01 1.3264188469e-01 2.7370436810e-02 -3.2207161887e-02 -1.5067359104e-01 -1.6786049799e-01 -6.0273498041e-01 -4.5856407779e-02 1.6185782891e-01 4.1804488141e-01 2.4188789140e-01 -2.7988171348e-02 1.2894951448e-01 4.1158035188e-01 2.5260381872e-01 -4.6583873169e-01 -2.2766521269e-02 2.5505627385e-01 3.2058246255e-01 2.7462793175e-01 1.5869031014e-01 -3.3644365135e-02 1.5870934976e-01 -1.0264847667e-01 -3.8105850150e-01 -4.7946513938e-01 -3.5851944268e-01 2.1076223027e-01 2.1101521620e-01 -1.4970433628e-01 -4.5337983998e-02 6.6811247741e-01 -5.1361666238e-01 -8.8360148832e-02 3.7724918295e-02 -2.3659433855e-01 3.0642867484e-01 3.1620050606e-01 2.7170443695e-02 5.9293812426e-02 -7.3193522986e-02 -2.3290779226e-01 -8.4014727901e-03
9.2265374510e-02 3.2536485022e-02 1.0661610462e+00 3.6631965985e-01 4.4396329485e-02 2.2202944215e-01 6.5818539176e-02 -7.3120384835e-02 2.3204450489e-01 9.4499972837e-02 -4.1811985359e-01 1.6621034542e-01 8.4054564491e-02 7.8066308484e-02 -6.7289354624e-02 6.6531966707e-01 -4.0555123819e-01 9.1898520848e-01 4.5849661882e-01 -5.6362611969e-01 4.3997962732e-01 6.2353539034e-02 -1.6146664333e-01 6.3992056254e-01 4.3795725751e-01 -1.9588857982e-01 -1.5772446077e-01 1.0176088685e-01 3.9093853085e-01 -4.0319081609e-01 1.3319489833e-01 8.4113230441e-03 3.4472251844e-01 1.0067873957e-01 -4.9795769916e-01 2.4671378007e-01 -1.6131326248e-01 -2.5036391204e-01 9.1235702181e-02 4.0738898649e-01 -3.6654907112e-01 1.3615514865e-01 6.3392491162e-02 2.3162284159e-01 -6.4021304431e-01 7.5185574856e-02 2.2823019388e-01 4.6982360632e-02 -2.3597832456e-02 -4.2042469742e-01 -3.0781150230e-02 -3.4155552034e-02 6.6813843481e-02 -6.5866202720e-01 1.7345443756e-02 -4.0674585103e-01 -1.3411011699e-01 -1.9158895260e-01 -7.3508074746e-02 1.1751251976e-01 2.4193957418e-03 -4.3103381276e-02 -9.0952241999e-02 -7.9384673608e-01 9.0962313892e-02 4.4253258460e-01 -7.3050437556e-02 6.2074861280e-02 -1.2023355852e-01 -6.0548104115e-03 -1.3459157871e-01 -1.4474283979e-01 6.9590539973e-02 -9.3100173356e-02 -1.2041041325e-01 -1.1539465447e-01 -1.0727128831e-01 1.0223333958e-01 -7.2764863981e-02 9.6358337955e-02 3.0073149627e-01 -1.0606006411e-01 -4.2208127330e-01 -2.2928299171e-02 -2.0654524753e-01 2.6548752890e-01 -2.1930938694e-01 1.4317223234e-01 -4.2626066019e-01 -3.7573601172e-01 5.5214865210e-02 -1.9084406818e-01 1.0022731842e-03 1.2516738478e-01 1.1485485267e-01 -5.9608547126e-01 -4.0595048423e-02 -2.0384445828e-01 -3.2679593798e-02 -2.6435351304e-01 -4.6751720231e-01 6.3869582616e-02 -1.8590424530e-01 -8.3792792876e-02 8.7555471988e-01 2.8772102475e-02 1.3674199674e-02 3.1928392185e-01 -1.0187980475e-01 -5.7237554597e-01 1.6514012577e-01 1.3288064690e-01 8.9415991791e-02 -1.3157966227e-01 1.1362663795e-01 -2.9381201352e-02 4.2724211383e-01 4.8234577677e-01 -9.2445103268e-02 -2.4689428767e-01 -2.5182449026e-01 2.1193403113e-01 9.4572768728e-02 -8.6681404618e-02 -5.2297890707e-01 -1.0734953611e-01 -1.0926376036e-02 2.8121255060e-01 9.9602118319e-01 -2.0103413345e-02 7.9863577976e-02 -9.9734247735e-02 -1.1769004901e-01 -1.3416836694e-01 3.9011274111e-01 5.3650515729e-02 -6.1527689297e-02 -7.3868669228e-02 -7.3644445025e-02 5.4818972477e-01 -3.8568568104e-01 8.7459604650e-02 1.9045766489e-01 1.8160477537e-02 9.5231538882e-02 2.9076071473e-01 -1.2375888600e-01 9.4582834503e-02 -1.7518210719e-01 1.0512967484e-01 2.3464739526e-02 5.7829638845e-03 1.8483902782e-01 -1.0060060265e-01 5.7023414726e-04 -2.8813790289e-01 2.3400763433e-01 -9.1859520512e-02 2.6083513755e-01 -9.3694721133e-02 -1.6384002109e-01 1.1402312082e-01
-4.9797578087e-01 2.8585190852e-01 -6.6534264653e-01 1.8160627300e-02 -6.1261533505e-02 -1.6464362180e-01 6.9473278585e-02 -3.5326431934e-01 2.5888867462e-01 -4.5741360005e-02 2.1485209063e-01 -3.6836690465e-02 5.3921639002e-02 -1.0501649253e-01 -4.4823756301e-02 1.5612816861e-01 1.2144516478e-01 4.2377821429e-01 -1.5056509969e-01 -1.0415921051e-01 -8.9658412519e-02 -1.2595241136e-01 -1.0614046122e-01 -5.1849176658e-02 -2.2916371799e-03 -1.4542073589e-01 1.0008655967e-02 -6.7579905599e-02 -7.1165660517e-01 -2.4775566273e-01 5.7109993630e-02 -3.1406516992e-01 -1.2991839943e-01 8.3229574390e-02 7.9108373412e-01 4.2319536087e-01 -3.3989763979e-01 -1.1316866076e-01 6.0256695189e-02 -1.1835808436e-01 1.0176438377e-01 -2.3908345572e-01 -2.9915268518e-01 1.2764049407e-01 -2.6899942025e-02 -1.7956226318e-01 -2.2870388132e-01 1.1828610294e-01 4.8461416198e-02 -1.3013963272e-01 -3.5397511237e-02 -1.2031908057e-02 -1.5981853293e-01 5.5032120419e-01 -2.7035034815e-01 4.1499073402e-01 -1.3477922608e-02 1.2783819529e-01 -8.1072734079e-02 7.1048827636e-02 2.6245975802e-02 -2.0629418832e-01 -6.1871663302e-02 -6.2439452087e-01 6.3959872000e-02 9.9055709760e-02 1.4057403625e-01 -6.1113472176e-01 -2.6947062664e-01 -4.1630800802e-01 -1.0562395422e-01 -1.4511904013e-01 -3.1259460336e-01 -1.1261006939e-02 -8.6351633460e-02 1.4963451813e-01 -5.6824201021e-01 -8.1502466942e-02 3.1624029457e-01 3.5449656753e-01 -1.3791444299e+00 -8.1007640525e-02 3.9357501806e-01 -2.3794371254e-01 1.2944428361e-01 -3.0424837851e-02 -3.9604860070e-01 4.2562102064e-01 1.2070563657e-02 1.3692129375e-01 3.3838531090e-01 5.5826361103e-01 2.4855403215e-01 -1.3637784651e-01 1.6138114242e-01 -2.2763995558e-01 3.0954779735e-01 -2.1060410604e-01 -7.4031316621e-02 -8.4328916393e-02 -1.0075206019e-01 6.0736843857e-01 -1.1710007530e-01 2.4002228567e-01 2.2863767526e-01 8.6964959392e-02 -2.7108165123e-01 -2.5611342561e-01 -8.5922204371e-02 -4.6973224621e-01 -4.6556328832e-01 -6.5337979231e-02 1.0177816092e-01 -8.7865477719e-02 8.0614335814e-02 -5.5848532353e-01 -5.6213769425e-01 2.0916309262e-02 1.9237602674e-01 1.1340749206e-01 -2.3079229197e-01 1.5805896501e-01 6.5463766604e-02 -1.2646224561e-01 -6.3905968302e-01 -4.7584062292e-01 4.8747463347e-01 9.7111650364e-02 -5.0436603313e-01 3.4960025317e-02 6.0256758544e-02 5.3087807661e-02 -1.9730727044e-01 -2.6847674716e-01 1.9690499737e-02 3.5997665398e-01 -1.3195680597e-02 3.0904841649e-01 -2.3028420787e-01 -1.3232647159e-01 -2.2815659555e-02 3.9802027168e-01 -8.7075234045e-02 2.2402560483e-01 -2.1290227125e-01 -4.8375249003e-01 -5.6709874581e-02 -6.7036548417e-01 8.4949191080e-02 6.9204961829e-02 2.7841844946e-01 -5.8342536086e-02 1.3466180350e-01 -7.9245628689e-02 3.2313655711e-03 3.4154775872e-01 4.5432980081e-01 -6.6224423205e-02 -1.2536979342e-01 8.3991803757e-01 -1.4132468259e-02 2.6481788265e-01
-1.2891649515e-01 5.5011845632e-01 -3.6121973732e-01 2.9688421293e-01 1.7734484709e-02 -4.9443456215e-01 3.5743963868e-02 2.2344593069e-02 5.4736517646e-02 3.4619155906e-01 -5.2276019058e-02 -1.1289733658e-01 -6.6272513528e-03 -1.8135407285e-01 -3.4328607109e-03 2.7652458253e-01 -2.7655275753e-01 4.1715433671e-01 7.7021988196e-02 -4.5981124273e-02 -3.2917822863e-01 -1.1186131699e-01 1.5732470293e-01 -1.2725732021e-01 -2.5042062583e-01 -1.0679225368e-01 -6.3693136727e-02 -2.9307237730e-01 2.1077422629e-02 -1.3212505102e-01 -4.3245988311e-02 9.4851755025e-02 4.3889302808e-02 2.9658633069e-02 -3.2912106331e-01 1.3822410620e-01 1.6079832357e-01 1.5887082101e-01 1.1745223247e-02 -1.1197311902e+00 8.3979709430e-02 5.0974400961e-01 3.2651848219e-01 -3.4040911134e-01 -8.7665559334e-02 1.0488463134e-01 -4.4767272928e-02 -2.6860906998e-01 -2.2966400673e-01 4.4248388493e-01 -2.7404220632e-01 -1.7157735929e-01 -1.6826357428e-01 -3.3055640398e-01 1.8777428851e-01 3.7130282657e-02 3.4948433989e-01 -3.8739123843e-01 -4.0384540441e-02 -1.6525457858e-02 1.2339930861e-01 -1.3389793075e-01 1.3236915176e-03 8.8076130668e-01 1.2477726858e-02 1.4685519920e-01 -2.6327623839e-01 5.7337363246e-02 2.5709463352e-02 -2.2244888310e-02 3.9337379894e-03 -3.2065872723e-02 1.2501213729e-01 -5.3766050595e-01 1.0984520170e-02 -3.0545501837e-01 -2.2971878592e-01 9.9118172457e-02 1.2598186402e-01 -6.1080161750e-01 2.2962204845e-01 -1.3151604843e-02 2.5551090148e-02 -4.4977777445e-01 2.0385752394e-01 9.1768841640e-02 1.0334298614e-01 -2.2682305125e-01 -1.1606221724e-02 -8.4441020377e-02 9.7373540687e-02 -3.3201759123e-01 3.1661178643e-01 1.3333113727e-01 -1.7364248411e-01 8.9161568095e-02 -2.2398338010e-01 -6.4160927587e-02 3.1688619092e-01 -8.3612105902e-02 -2.8272252207e-01 1.9181860046e-01 2.1410416370e-01 1.7720390700e-01 -1.2796899118e+00 -3.2918697087e-01 2.7335362269e-01 -3.9163008695e-02 -2.5236402398e-02 1.6636570425e-01 3.3328019628e-01 -2.0945051841e-01 -2.5811925694e-01 -5.2000934220e-01 6.1933218123e-03 -4.0234643199e-01 -1.1370535719e+00 1.6897210478e-01 -1.0671030107e-01 1.4094762758e-01 2.7735543679e-02 2.8874813187e-01 1.7842696032e-02 3.1062900235e-01 2.3089929956e-01 -3.5441858516e-01 1.8680748548e-02 8.2692792908e-02 -4.2502868712e-01 -2.3104078184e-01 2.4272129542e-02 3.1944386277e-01 -3.0993848182e-01 1.0573460969e-01 2.2034959499e-01 3.9269786021e-02 3.2674300411e-01 1.0340651603e-01 -8.8395431023e-02 1.8867165069e-01 6.3068481995e-02 8.3616522963e-02 -3.6644275467e-01 2.6404190885e-02 5.6220310544e-01 -3.3670639837e-01 5.7140320078e-01 -1.3862388533e-02 2.5628153151e-01 1.3868833646e-02 -2.7069047740e-01 4.5116688748e-01 -8.4832039098e-02 -2.0843023865e-02 1.1920608387e-01 -7.2362450018e-01 5.3452697501e-01 -1.9813163364e-02 3.6144394573e-01 -1.6782829353e+00 -2.1718043928e-01 4.5330678991e-01
-4.8694258407e-01 -4.7873485273e-02 -4.0152743332e-01 -4.6670806636e-02 2.2182899040e-01 1.0817704418e-02 1.9238110502e-01 -6.7010938100e-02 -2.7151053360e-01 -7.3256745781e-02 -2.9085640164e-02 -2.0183907785e-01 -1.0189116118e-02 3.2056175785e-01 7.7416702126e-03 6.0348543088e-01 2.2864769290e-01 -2.3470273452e-01 -4.5945653296e-02 -3.8312350254e-01 2.7825050706e-03 -2.9222683581e-01 -1.6622346172e-01 1.0359415946e-01 -2.7593998325e-01 -3.9107086675e-01 -4.5360459071e-02 1.8882365345e-01 2.4103527750e-01 -3.3602676684e-02 1.3582639253e-01 7.6903291087e-03 1.7213579934e-01 -1.1713132155e-02 -2.4650780488e-01 2.4547644884e-01 4.1895569362e-02 2.8594557155e-01 -1.5139927840e-02 -5.2077176580e-03 4.5965345170e-02 6.4446322975e-02 1.9589408517e-01 3.2165792179e-01 -2.3724646331e-01 4.1789603060e-01 3.8555271608e-01 -1.0840290295e-01 -2.3477154013e-01 2.8175319101e-02 1.2993099365e-01 4.6442155102e-02 -3.5494727731e-01 1.5475860039e-01 -1.6315104059e-01 -2.9082613248e-02 -2.2443584588e-02 6.8903581413e-01 2.2408282048e-01 -2.3271831874e-02 -3.0985738238e-01 -9.6286244303e-02 1.4044419189e-02 -6.6197153183e-01 -1.7664489521e-02 -7.5682592690e-03 1.2020513093e-02 -9.3299966221e-02 1.4603206904e-01 -1.0198073383e-01 2.4595784270e-02 3.2090075749e-02 -2.0893612872e-02 1.8449458206e-01 2.7997518467e-02 1.5280641443e-01 -5.1124213955e-02 -1.5943695871e-01 2.4392942813e-01 3.7536529922e-02 1.0597515170e-01 1.5194017976e-02 2.0249559075e-01 2.3607520631e-01 -1.6702323405e-01 -2.1347834751e-01 2.2284762251e-01 4.6638627599e-02 6.2732949367e-01 2.4424750798e-01 1.2953281158e-01 2.8633675686e-01 -3.5201052507e-01 -5.6331991550e-02 -6.5075066947e-02 -4.4777405882e-01 1.7029671786e-01 -2.4363613563e-01 -7.8840266260e-02 -7.9300294736e-01 -7.8148816943e-02 -1.7989820415e-01 3.0970591150e-01 -1.5942699837e-01 2.5094700750e-01 2.6647959649e-02 -2.5080329276e-01 3.3313764336e-01 1.6628565962e-02 7.3268195141e-02 1.4704448364e-01 8.0870629624e-02 1.4986681961e-01 -4.7576579643e-01 -1.9009700792e-02 1.1288211122e+00 -4.8429253521e-01 -3.0457460049e-02 -9.6511377187e-02 -2.5529711597e-01 2.7650852724e-01 -5.1392856010e-02 -1.2115418838e-02 -1.6925541694e-01 1.0771345247e-01 1.3744334267e-01 8.6194197242e-02 8.3153084985e-03 -3.0808333234e-01 -3.4335857832e-02 -1.0534736685e-02 2.3772641696e-01 1.3433050322e-01 1.4100742814e-01 1.6965089651e-01 -2.3232929354e-01 2.2146230629e-01 -5.8053716822e-02 6.0901009990e-02 -1.7037391450e-01 9.3274321089e-02 -1.1132422524e-01 -2.5517828170e-01 -2.3558943343e-01 2.6292830570e-01 2.4192448911e-02 -3.9609163177e-02 1.4990358222e-01 2.1396803262e-01 -2.1630780999e-02 -2.3093898256e-02 -2.5282997698e-01 2.3037099745e-02 9.0975404212e-03 -2.4173576446e-01 3.7207235481e-01 1.8433690844e-01 2.0337637893e-02 3.6833237214e-02 -7.5741252771e-02 3.4312747704e-01 7.4029245113e-01
-2.1695252295e-01 -3.4383430984e-01 -3.4836405894e-01 4.9198580269e-02 -1.0682803730e-01 8.5564473815e-02 -3.6436035116e-01 3.2883032182e-02 1.6103543605e-01 -1.6838683898e-01 -4.4925210901e-01 -2.9254144083e-01 -5.4541111222e-02 2.1162234712e-01 3.9043797397e-02 3.3648662486e-01 -3.4574378313e-01 1.1636375948e-01 -1.3246514582e-03 -8.0466262894e-02 -3.1218999909e-01 2.5796595423e-01 4.4743281066e-01 -2.4048712280e-01 -2.6858436793e-01 -3.8115871825e-01 -8.7195386449e-02 5.5618162772e-01 1.0801438890e-01 1.4327831176e-02 -2.2070934933e-02 -6.2992557357e-02 -5.0283987644e-02 -6.8167078286e-02 -6.5103423962e-03 4.7167946323e-02 -3.6413237344e-01 -1.7855954848e-01 -6.5555453785e-02 -5.0775646963e-01 -3.5299290772e-01 -5.5611796268e-01 -4.5290526588e-02 2.3849426448e-01 1.3304293258e-01 1.3892011059e-01 -2.6430301969e-01 2.8372948391e-01 -9.8893657444e-02 -1.4558824087e-01 3.1012691581e-02 1.5985764688e-01 -1.3908919165e-01 -1.3953310734e-01 -5.9525348937e-01 -2.9618163195e-01 -4.6138117209e-01 5.9757678209e-01 4.1387512495e-01 -9.0566664273e-02 7.0044273522e-01 1.5139709181e-01 5.5647031945e-02 1.5783468533e-01 -5.7562091769e-02 3.9565006525e-02 2.8460583012e-02 9.4850338708e-02 -3.7864953321e-01 -3.4313228739e-01 7.8423290465e-02 7.7222094773e-02 1.3641936759e-01 -6.6718275582e-02 7.1141031578e-02 3.3558490157e-03 -1.9179943549e-01 -1.8976930482e-01 -4.7708175665e-02 1.1168501694e+00 1.0630732773e-01 6.8202229967e-02 2.0503753417e-01 -1.2133384021e-01 2.8259486736e-01 7.0782614457e-02 -3.5637839808e-02 -1.8588043918e-01 -8.4887141609e-02 9.8808771760e-02 -5.3158047276e-03 -3.7651819939e-01 2.7671717125e-01 -2.6370795762e-01 -7.6808417957e-02 -1.5617955306e-02 7.7152119299e-02 1.7611750495e-01 3.5819852105e-01 1.4602629065e-01 3.6666245107e-01 -1.5961320076e-02 2.1514697907e-01 2.8881209651e-01 -2.0056387656e-01 2.5963200026e-01 -6.4552210015e-02 -1.9686820573e-01 5.8791312485e-02 -4.7987074572e-01 -3.1515569347e-02 -4.8346459843e-02 5.2776254395e-02 4.8242334564e-01 -7.0310154641e-02 3.0787211402e-01 -5.9391213089e-01 4.4064433938e-01 5.5217451290e-02 4.9916308399e-01 -4.5971481067e-02 1.6528726219e-01 -5.6510557220e-02 1.1037124542e-01 1.9617854336e-01 -3.9530694179e-01 -3.6943014743e-02 -2.5496153988e-01 -7.7711046238e-02 -4.1612146517e-01 -4.9109257212e-02 4.5045134475e-01 -3.4584819021e-02 -5.4889698434e-02 4.5915116726e-02 -3.5732688660e-01 3.2241501266e-01 -1.1908756559e-01 -2.8393987595e-01 2.5419407070e-01 -3.4659212312e-02 -2.0186007029e-01 -3.6400017583e-01 -4.2650232655e-01 2.1551900410e-01 -1.2990169313e-01 2.5774976330e-01 -5.9224127142e-01 -2.4013786805e-01 -6.3477288872e-02 4.7763026015e-01 -7.9682582935e-02 3.3946913917e-02 6.7003151835e-02 -7.6376343329e-02 3.4626710846e-01 -2.4395443449e-01 5.9480252967e-02 -4.4634648947e-01 -7.4206162012e-01 -3.1420061451e-01 5.5326064578e-01
2.9530904029e-01 2.2040590186e-01 -1.0274333561e-01 -2.1952030851e-01 -1.5557428465e-01 1.7198949923e-01 -2.9259796136e-02 3.1592872801e-01 -2.1230357539e-01 -5.9057434307e-01 -6.3582764594e-02 -1.2389997304e-01 3.5096537760e-02 -1.8882948127e-01 -2.6753687312e-02 3.1644242602e-02 1.2715731025e-01 9.8999975926e-02 3.8011842293e-01 -1.5439868044e-01 2.3279893202e-01 -1.3914391622e-01 1.6202018661e-01 -1.2948732584e-01 -3.8660553201e-01 2.1476113974e-01 1.6647269067e-02 4.1876043982e-01 -1.4807015753e-01 -3.6468816579e-01 -2.7444779346e-01 -1.0347548506e-01 -4.3650162020e-01 4.4163236354e-02 -1.4184224980e-01 -1.3333176020e-01 -4.3104437768e-02 -2.1142558682e-01 3.7534651631e-02 5.6770935558e-03 -4.8892222958e-02 6.5618332215e-01 6.2071558092e-01 9.6287064868e-02 3.0547588072e-02 -1.6921543806e-01 -1.4570809126e-01 -1.6649945492e-01 9.0260974215e-02 -3.4978782299e-01 -2.0102793964e-01 -6.1361500795e-01 5.3578451051e-01 -2.6994108070e-01 6.3870311383e-01 -3.0879088515e-01 7.4335155786e-02 4.8899395497e-02 -1.6306415610e-01 3.5832192155e-02 -4.2583360972e-04 1.4444529291e-01 -3.9385924057e-02 2.4088254576e-01 3.6862974456e-02 -1.5285766597e-01 -6.9453631363e-03 -2.1715323610e-01 1.1271719841e-01 7.1070344410e-02 -4.3899142473e-02 -5.6067267428e-02 4.2739784768e-01 7.5981079936e-02 -5.2297201871e-02 -4.7779948736e-02 9.6684611754e-02 1.3149440164e-01 6.2985558353e-01 4.7448639247e-02 1.4481528343e-02 -4.4045503696e-02 2.8683544759e-01 -2.1465996377e-01 1.3074697227e-01 1.5338743463e-01 1.5012322514e-01 5.2085529961e-01 -1.3171419216e-01 -2.6108217997e-02 4.8648903169e-01 -1.1817661410e-01 1.7296332593e-01 2.3417670217e-02 -1.1757120013e-01 -1.2426721024e-01 1.2122392060e-01 -4.4111169088e-02 7.8726505456e-02 7.3799271470e-02 9.5886643322e-01 -6.9383344782e-02 -4.8829816744e-01 -3.6972152747e-02 8.8328531935e-02 1.4146413029e-01 2.0057985871e-01 -1.3211204783e-01 -4.0829042722e-02 -9.4310856172e-02 4.0784368347e-01 3.3558419778e-01 1.8752404199e-01 -4.7847219310e-01 4.4543299359e-02 -1.8620534261e-02 -3.4598152435e-01 1.7697402367e-03 3.3946440920e-01 -3.0688099490e-01 1.1148007468e-01 -1.4820644914e-02 4.2210056765e-02 2.3394411926e-01 1.9129209141e-01 6.4648005832e-02 1.3759119603e-01 5.1339554891e-02 -1.0705769087e-01 -3.2547014655e-01 4.1043866864e-02 -3.3581724364e-01 -1.0090108615e-01 -5.0630173611e-01 -2.3269849837e-01 7.2892462348e-02 4.6344972715e-02 2.4404890452e-01 4.2234956158e-01 7.3050673714e-02 1.9094610369e-01 2.2893868653e-02 -9.0887179136e-02 1.5474984030e-01 -7.1870205450e-02 -4.3830313699e-01 -1.7645145773e-01 6.1747689519e-02 3.3120069269e-01 3.7676250633e-02 -1.5185153315e-01 -4.1333106858e-01 5.9135218007e-03 -4.8768393240e-02 -4.9512096927e-04 4.0624236456e-04 -4.5233771807e-01 -3.5972141105e-02 -4.2504640401e-01 -1.1063827423e-01 -9.2177906070e-02 -2.1155331710e-01
-5.4817561462e-02 -1.0520674432e-01 -1.0152898227e-01 3.8589634542e-02 1.5918707781e-02 -4.8354525932e-02 -1.1807998595e-01 2.0600209129e-02 3.0586665452e-02 -1.6310391073e-01 5.3639984509e-02 3.1054068641e-02 -5.0899078835e-01 1.6707216724e-02 4.5856668583e-01 -3.4563283380e-03 7.8104175323e-02 -2.8693077925e-02 -4.5186804304e-02 1.3809916418e-02 9.3168991978e-02 -6.5232582555e-02 -8.0140437949e-02 1.0048007467e-01 -1.0279201631e-01 4.2790968816e-03 7.1304812075e-03 -3.9861620648e-02 3.7778665955e-02 -3.0462498698e-03 -1.0012426611e-02 7.0205275961e-02 7.5705343313e-02 -5.9746421844e-01 -8.9570775767e-02 1.0162601944e-01 1.0179141782e-01 1.0024472820e-01 -5.4924210846e-01 1.0927837638e-02 1.0821683858e-02 -6.5112511619e-02 5.9369142459e-02 6.5304894329e-02 1.8626228512e-01 8.2660863050e-03 1.0377311082e-02 2.1664597047e-03 6.3399423094e-02 8.2946542693e-02 2.0191153059e-01 -5.3886312556e-04 -8.6220570650e-02 3.1365539197e-01 6.6274497386e-02 1.0927387803e-01 -7.2564539141e-03 9.3252196190e-02 1.5933770245e-03 -5.9635876709e-01 1.1254206925e-01 4.6105074032e-02 5.4156398681e-01 -1.2427258621e-01 -5.5299398300e-01 -1.5514665563e-01 -5.5089023874e-02 6.4831508468e-02 -8.0822128236e-02 -1.6404802995e-01 6.1197566624e-01 6.0595050585e-01 -1.4685669025e-01 1.0678410618e-01 6.0534429962e-01 1.0709738485e-01 6.8843550220e-02 -1.1258267947e-02 1.6537171099e-01 9.4230428539e-02 -1.8716432876e-02 6.0026535018e-01 6.5974371077e-02 -4.6964472454e-02 -5.3076963796e-02 6.8347730660e-02 -7.1481329260e-02 2.0190194654e-02 4.8232993963e-02 4.7895500075e-02 -9.2921710234e-02 1.3361577079e-02 1.3958116894e-01 -4.5730019347e-02 -4.2052525054e-02 2.1165828387e-02 -8.4258445661e-02 1.7148804689e-02 -1.2042359088e-01 -1.2235089265e-01 -2.0334629541e-02 8.7044246788e-02 9.4182099271e-02 -1.8451025342e-02 1.0940207773e-01 4.8077129418e-02 7.8084170626e-02 -1.7499510256e-03 5.9341927705e-01 -1.7630133230e-02 1.2717662042e-01 -3.7400323277e-02 7.0245191997e-02 1.0619062640e-01 -5.9575235082e-01 -6.0391632945e-03 4.3309489769e-02 9.6590590017e-02 -1.0346332119e-01 -2.1996402178e-02 1.6404966138e-01 8.9298523359e-03 -5.6331639665e-01 -3.4643683250e-03 -5.9584120483e-02 2.3163382544e-01 -1.0903262883e-01 -6.2114897323e-02 -9.7906457240e-03 -6.9199105252e-02 -5.1629435684e-01 -1.2387522632e-01 1.4641638945e-01 -1.9393273479e-02 5.6589110710e-02 -5.2236670404e-02 -1.1908598029e-01 -6.0863860540e-03 2.8698586379e-02 -4.3641627148e-02 3.3399616910e-02 -3.3932906652e-02 5.8843928047e-02 4.0493728830e-03 1.8538559851e-01 2.2244443961e-02 2.9246119445e-02 1.0689809264e-01 -5.3266574245e-02 -5.8276368740e-01 -4.5952972349e-02 8.6649069225e-02 4.4836472216e-02 5.9700894157e-01 3.2890685459e-02 5.8670128167e-02 1.3351792390e-01 5.5780714533e-01 -8.9776861834e-02 1.9092624067e-01 8.7707957987e-02 -1.5420463137e-01
2.6160063415e-01 2.5903721970e-01 -1.6939313716e-01 3.7800579656e-01 2.8945712213e-01 -4.2835471399e-02 -2.3941907487e-01 8.4486826687e-02 1.6431218728e-01 -6.7619384738e-02 -1.6489619228e-01 -1.5152029657e-01 8.2242021178e-02 9.1794436940e-03 -6.0406342157e-02 2.4124528137e-01 -3.3549349986e-02 1.8391638255e-01 -3.2555500521e-01 -2.2501230011e-01 -2.9409330243e-02 4.8498206049e-01 -1.8160494580e-01 -4.2267359772e-02 2.5506102437e-01 1.4976332008e-01 -2.3077110265e-01 -4.3945404014e-01 6.2114489783e-02 -8.8630379176e-01 -1.5890665418e-01 -4.1889284849e-01 -3.5447603874e-01 8.9051101603e-02 -3.4440161093e-04 3.5996676743e-01 -1.4932901704e-01 -6.6929199332e-02 9.0969841107e-02 -5.0732186544e-01 1.6570568292e-01 -3.9520872963e-01 1.6722820233e-01 4.0614653550e-01 6.5961202741e-02 -3.5926146000e-01 6.4867488560e-01 5.1116027325e-02 3.2489529646e-01 2.1115387909e-01 1.0902038272e-02 -2.7904319680e-01 1.7398972095e-01 1.3878600598e-01 -2.7201671030e-01 1.4898264096e-01 -6.3135084138e-01 -5.2958076037e-02 2.1944994804e-01 1.2463154384e-01 2.7273444598e-01 6.4544285345e-02 -8.0947157558e-02 -3.2079913142e-01 8.1996667707e-02 4.2680775250e-02 -4.6963225821e-01 2.8503568938e-01 2.4633218940e-01 7.3007874592e-01 -1.0754483325e-01 -1.0476073832e-01 1.5676494916e-01 2.0617378446e-01 -1.1749389554e-01 1.0835119478e-02 -4.1942193556e-01 1.5553015040e-02 -6.6850839507e-02 5.1347477628e-03 5.0811093064e-01 -1.0302116087e-01 1.6305995886e-01 -3.3989534918e-01 3.5197954001e-01 5.1073539041e-02 4.8017373720e-01 -7.6765060739e-02 7.1790086301e-02 3.6032227305e-02 -3.2997639746e-01 1.5652012378e-01 4.1377155194e-01 3.9164074001e-02 1.2179443440e-01 3.6496125600e-01 -3.8645213812e-01 2.5493925930e-01 3.4001568710e-02 2.4115099325e-02 5.8200422787e-01 3.3088949427e-01 7.5056581004e-01 -3.0891569047e-01 -1.1563941473e-01 -1.9237499001e-01 7.6967774983e-02 3.0512379050e-01 -8.0468985320e-02 2.4756888609e-01 -5.7626877681e-01 1.4825208135e-01 -6.1686666882e-02 -2.6699388196e-01 9.2251632372e-02 1.7898003586e-01 4.3114707502e-01 -2.9663770068e-01 -6.3487653682e-01 -1.6675332697e-03 1.8578288129e-02 -1.8371596816e-01 8.0470676958e-02 -3.5160100214e-01 5.6548005787e-02 -5.5716584273e-02 2.3501054021e-01 1.0413593712e-01 -1.1856765645e-01 7.8623892912e-02 6.3827108148e-02 2.5233942139e-02 -3.4935263416e-02 -2.0166820799e-01 2.6521418471e-01 5.0934050290e-01 3.5146565013e-01 -7.6064890813e-01 -4.7114529120e-02 4.0241758514e-01 4.0611600064e-01 1.0017545522e-01 4.0493346019e-01 4.5303171290e-01 -8.9414062590e-02 3.6172092333e-01 -7.0983877457e-01 8.8090548082e-01 -2.6802653136e-01 9.2422923916e-02 7.5065432213e-01 9.4659122033e-03 2.5673193285e-01 -9.5240694847e-02 -3.1262377163e-02 4.0222592469e-01 -1.1238397495e-01 -7.3097881621e-02 -6.5206145778e-01 -1.9444181159e-01 1.2627958741e-01 2.0535069162e-01
-2.1638323578e-01 -4.1524987631e-01 -2.6288292172e-01 2.5579326724e-01 -1.0407478660e-01 -1.6414805131e-01 2.3677841339e-01 -6.1866143015e-01 -8.7173214355e-02 1.2321920488e-01 2.2832790859e-01 2.3457834675e-01 2.2341814611e-02 2.4827351781e-01 -1.3835298493e-02 -2.8659030326e-01 3.1244279836e-01 1.0271107540e-01 1.8837121531e-01 2.7112945681e-01 1.2344350388e-01 -4.2362347392e-01 -7.9624984079e-03 -3.8355388753e-01 2.4293313372e-01 -7.9160224898e-02 1.1726957319e-01 -1.0801225969e-01 4.0674772397e-02 2.9641075422e-02 -5.2835894290e-01 2.2605460896e-01 -6.9943564640e-01 1.6344968949e-02 2.6536685436e-01 3.9138360402e-02 -3.7232022798e-02 -5.2460226138e-01 2.5121221223e-02 6.4951656079e-02 -4.0968707703e-01 4.0805310334e-01 2.6455219952e-01 2.2066058987e-01 9.5778836452e-02 -1.0228902468e-01 3.4624601802e-01 4.0954805898e-01 -2.0106321447e-01 -1.8189710377e-01 1.9336946041e-01 1.1331467615e-01 1.0944548658e-01 -1.0828383271e-01 -3.7810677720e-02 3.0291714023e-01 9.3132138533e-02 -4.4307454144e-02 2.5338513960e-01 3.3383187407e-02 7.3089927380e-03 -2.4423763536e-01 -1.9354259406e-02 3.0192458493e-01 1.5850885116e-02 7.3151199232e-02 -3.4012876682e-01 -1.8723843711e-02 7.7460198260e-02 2.8530624591e-01 7.7854969786e-03 4.8570383766e-02 1.5610253019e-01 6.3374451029e-01 -1.7283802558e-02 3.9420767691e-01 3.2053437699e-01 3.6233800997e-01 1.0467445801e-02 1.1619367129e-01 1.3695925176e-01 -2.3772259987e-02 -2.3154842866e-01 7.7928373232e-02 9.7924746666e-01 3.3465085309e-02 5.1795486760e-02 5.0333125126e-02 -7.3339052016e-03 2.6213929125e-01 3.6433384159e-01 9.9039468631e-02 7.7921428368e-01 -1.0492950411e-01 6.7727162593e-02 1.6832900834e-01 -1.1939095598e-01 6.6790813988e-01 -3.3088932226e-01 -2.8962627143e-01 1.9469150707e-02 4.6897827100e-02 -1.9215662077e-01 5.5655546798e-03 -1.7137922681e-01 -3.2125335148e-02 4.5493704666e-01 1.4154726769e-01 -6.3017463377e-03 -1.1051254776e-01 -6.2334848419e-02 4.0836414870e-01 4.5090744778e-02 -1.1890195326e-02 1.7378271282e-02 3.8228724528e-01 4.8984903105e-01 2.2577342474e-01 -1.8242996314e-01 3.0652310754e-01 4.8826057724e-01 -2.2470651851e-01 1.5716573230e-02 -5.1938583906e-01 4.3734419182e-01 4.1471034324e-01 -1.9612047368e-01 3.2889490467e-01 -3.4654675618e-01 3.6457766042e-01 8.5750669384e-03 -4.1248581319e-01 -4.3166547737e-01 -5.3780162882e-01 -1.1622060037e-01 -1.9299955405e-01 2.3631124294e-02 1.9739955579e-01 5.5061805863e-01 8.9433542901e-03 -2.5187584754e-01 6.3966834110e-01 -5.4960749280e-01 -4.3139439683e-02 4.5626442189e-02 1.3397389507e-01 3.5898077598e-01 -5.4506092245e-01 6.4334731036e-02 1.5212795902e-02 -1.6009122971e-01 2.1164290455e-01 1.1959194905e+00 -2.5069955350e-02 1.2645608314e-01 2.5029217925e-01 1.3488326208e-01 -1.0574926559e-02 3.0266149224e-01 -1.9883137019e-02 1.6687452378e-01 -4.9705197887e-01
2.8007283828e-01 -3.6388661493e-01 -1.2554126093e-01 -1.6216466709e-01 -1.0124853983e-01 2.3788219760e-02 -6.0132844010e-01 7.3898405050e-02 -3.6725112524e-01 1.5780831640e-01 5.3759238023e-01 1.2357132016e-01 -1.5005247797e-02 -6.4972473635e-01 2.5175971510e-02 -2.0433029067e-01 -1.1961464305e-01 1.8520426830e-02 1.5111459274e-01 2.1936816118e-01 -5.3538504106e-02 2.2504295767e-01 2.4853776911e-02 2.7953181143e-02 -6.6509549893e-02 -2.8380807982e-01 -1.5601270923e-01 -9.5456254156e-02 4.8033303041e-02 1.0629135332e-01 2.9493221382e-01 6.9140166024e-02 2.1179897347e-01 -3.6031794032e-02 -4.4533696632e-01 -1.0193825272e-01 3.9494062075e-02 4.9265668529e-01 -3.8975235156e-02 -3.0601315167e-01 -2.0130967668e-02 -1.3543671747e-01 3.3165795296e-01 1.1241184009e-01 -9.1141004298e-02 -3.5366639318e-03 1.6710517734e-01 1.0841119565e-01 -3.6213474044e-02 -2.9532644644e-01 1.1907739428e-01 -9.7255608814e-02 -3.8801383072e-01 2.9721443086e-01 -2.0348976609e-01 -4.1035443662e-02 2.8114674466e-01 1.5895619078e-01 -4.2507705662e-02 -3.9553009929e-02 -5.6642371813e-01 -1.7922810580e-01 1.1138771101e-02 -1.5932791031e-01 -2.4798997087e-02 -2.3245009040e-01 -8.0468137646e-02 -1.6102110961e-01 -1.9797671333e-01 -9.7735636677e-02 1.6092232066e-02 3.7746082189e-02 -5.5499789643e-02 1.8501897033e-01 2.0733564590e-02 2.6366723286e-02 7.4074592512e-02 3.0885937793e-01 -7.1812217003e-03 3.8990733956e-01 -1.9410241641e+00 3.4126298468e-02 3.4692263321e-01 -2.6056617616e-01 -3.3763289719e-01 2.3589681890e-01 -6.2998961336e-02 -1.7097465343e-01 2.1105913134e-01 2.1620598913e-01 -2.3145423376e-01 -4.3965701070e-01 -3.0860223101e-02 -2.6793771050e-01 -5.3888164207e-02 7.3256530061e-02 5.5930770096e-02 2.5697866613e-01 -1.7940337361e-01 -9.2224541752e-02 -1.5866861059e-01 1.1459805631e-01 6.9224480806e-02 1.1950412612e-01 2.1384697810e-01 -2.2847122738e-02 6.3458719494e-01 -4.0300195966e-01 1.4299382113e-02 3.3903539058e-01 4.1884694799e-01 1.3229694645e-02 1.3542826834e-01 4.0440650756e-01 -2.2008046727e-02 3.2582408119e-02 -4.4482559625e-01 1.4958411126e-01 -2.1147775714e-01 1.8275809698e-02 5.1518658180e-02 -1.4346896271e-01 -2.5186568254e-02 -7.7781257461e-02 -1.3431364318e-01 2.1204088075e-01 4.3033274069e-01 -9.0754177540e-02 -2.1467849826e-01 -1.9099761110e-01 -2.3571460232e-02 -9.7909727565e-02 -5.4251874073e-02 -5.9187665647e-02 -9.0067889126e-02 2.2122471199e-01 -1.0037619235e-01 -2.7149584956e-01 -1.0516920788e-01 5.0094093823e-01 2.1985323390e-01 -3.0675876372e-01 -4.1748033885e-02 2.6599368793e-01 -2.7719986998e-02 -1.3444789014e-01 -8.2502195299e-02 -6.4592581759e-02 -1.4231695533e-01 -2.7415036019e-02 1.7320080755e-01 -1.2163544132e-01 2.4730885330e-01 2.8390592118e-02 -1.7752807448e-01 3.7154536663e-01 -1.6646595168e-03 2.5506522355e-02 3.0368829677e-01 -7.5769600541e-02 4.9704614385e-03 6.4840634339e-02
3.2502098812e-01 -4.5256228940e-01 8.8149408573e-01 -2.0570475859e-01 3.7872765258e-01 -3.6488912227e-02 -3.3740297278e-01 -3.1686454793e-01 3.8007494973e-01 -3.4554698179e-01 2.8830724703e-01 -1.1035262458e-01 1.2554866188e-02 2.6409613379e-01 -7.2302679165e-03 1.3286451512e+00 1.4573038946e-01 6.3654729506e-02 -5.6409401487e-01 -6.1464423153e-01 -3.7295798338e-01 1.1710693654e-01 -4.5957320977e-01 2.9362732894e-01 3.3968254465e-01 -4.6765090979e-01 -2.6783639845e-01 2.9990246600e-01 -2.9318089456e-01 -3.4164246373e-01 -3.2494483616e-01 2.1001998294e-01 3.7180420028e-01 6.2719460979e-03 4.4685078653e-01 3.7371940849e-03 -3.3097615267e-01 -1.0263122363e-01 1.0545896316e-03 1.1109018227e+00 3.8796673071e-01 -4.9240465006e-02 -1.6346670585e-01 -9.4795226095e-02 -3.7232474582e-01 -3.2318016987e-01 3.7015109380e-01 -1.4006582296e-01 -1.3237722889e-01 8.2185316406e-02 -3.6052000820e-01 -2.9273408429e-01 1.1888229825e-01 -6.9715422810e-02 -1.4340326240e-01 -5.0640665692e-01 -2.1868059335e-01 1.0338916944e-01 -8.3624413009e-02 5.4456768003e-03 -1.9367767929e-01 -3.6544278589e-01 -1.8385215032e-02 3.0054822907e-02 8.9879240132e-03 -1.8212245658e-01 -5.4972380958e-01 -1.7243762922e-01 1.7322588068e-01 7.1563445620e-02 -3.4358124424e-02 -9.2209537133e-03 -4.4600001249e-01 1.2731932360e-01 -2.2078102539e-02 3.4352382513e-01 4.3547169649e-01 -2.3477971324e-01 2.6688345276e-01 7.4843030628e-02 -6.5513864381e-01 -6.8449308606e-03 3.2349885577e-01 -1.9773026939e-01 2.5289839861e-01 1.1095622617e-01 3.1697794702e-01 -1.9956560129e-01 2.0044127431e-01 -5.6811033785e-01 -1.6113808945e-01 1.6649632631e-01 -4.5062341261e-02 2.4499196066e-01 -1.7631358833e-01 -1.0097738958e-01 -6.7239473481e-03 8.4007755628e-03 -3.3162342602e-01 3.8358488859e-01 4.0345833538e-01 -9.5241745723e-02 5.7924437515e-02 -2.9352726423e-02 1.4117641471e-01 -4.3172106154e-02 2.5116637668e-01 -2.3923882172e-01 -1.9111858783e-02 -2.7728102844e-01 1.1670499447e-01 -3.0237521329e-01 -1.5974554796e-01 -6.1014886671e-02 2.2096605181e-02 2.4955649354e-01 -1.3541751455e-01 -1.7112027095e-01 -1.6445093232e-02 1.4713493790e-01 -2.2345279651e-01 9.0209565147e-02 5.1933670193e-03 1.9968920310e-01 -1.4850249545e-01 -4.7920059752e-01 1.1107225001e-01 -3.0768957568e-01 -1.6234762594e-02 -2.9432305366e-01 3.5698857144e-03 3.4364187079e-01 -4.5394322579e-02 -2.6039143201e-01 4.3532031978e-01 -4.9719531358e-01 -4.3889320953e-01 -8.3135471016e-02 -2.5462838421e-01 -1.6201153807e-01 -2.7191707430e-01 8.9802944584e-02 -3.8425705999e-01 -2.2448693472e-01 8.1235746501e-02 3.3814018910e-02 1.8442949564e-01 7.5787329931e-02 2.9952568701e-01 5.4272794220e-03 -1.9078753520e-01 3.0110596389e-01 -1.0902490432e-01 -8.7502919266e-03 3.0900480675e-01 4.3644515134e-01 -2.4447386800e-01 -1.4594872297e-02 1.5213559137e-01 1.7343259479e-01 -8.2034899529e-02 1.5734292627e-01
-2.5993119051e-01 -1.3554986739e-01 3.2990221665e-01 -1.5477804655e-01 -6.2242229586e-02 3.1115254803e-01 6.0500607898e-01 -2.4150382626e-01 -6.0142432621e-01 -1.4988439951e-01 -6.3306568412e-02 3.0909593738e-01 -4.0972250583e-02 1.2855263085e-01 3.5869306319e-02 -1.1790899649e-01 3.2379622410e-02 -8.9425976879e-02 1.2054154074e-01 4.1437164788e-01 -3.0568301667e-01 3.4500290182e-01 -3.8354511848e-02 -8.9164247613e-03 -1.5256540261e-02 -1.7710804206e-01 -1.4296304193e-01 3.9618703288e-02 4.8920275129e-01 -1.3211130938e-01 2.6725584632e-01 9.2565917227e-02 5.0184603012e-02 -5.8104291639e-02 5.8261787801e-01 3.5413558795e-01 -4.4878043839e-01 -2.9343792350e-01 -4.9762801224e-02 3.3715372847e-01 2.2170772359e-01 -1.4146698567e+00 -5.0768821742e-02 -4.1813980222e-02 -1.3275858225e-01 5.2938132712e-02 4.3090865370e-02 6.3870884324e-01 8.9652521509e-02 1.3672839872e-01 -1.7178469399e-01 5.0093647505e-01 -3.2550770353e-02 -1.0266693122e-01 -4.0250062831e-01 3.8872706876e-02 -4.6927740168e-01 -3.6262096423e-01 1.8059861192e-01 -5.6053490303e-02 -3.3444409773e-01 -3.6748351574e-01 4.9174010244e-02 -9.1955707502e-01 -5.3774770233e-02 6.9748539740e-02 -2.0096184784e-01 -5.0906714019e-01 2.0398611120e-01 2.0047165853e-01 8.2591367732e-02 1.2584084344e-01 4.4402593110e-01 6.8268463481e-02 4.8666757147e-02 1.6203369774e-01 -6.3075278078e-02 2.2336231470e-01 2.1361249811e-01 1.5409938760e-01 2.4544619190e-01 6.1900233779e-02 1.6525767576e-01 -1.9107136810e-01 2.3224544196e-01 4.0072817046e-01 1.7394037788e-02 1.1810009174e-01 -4.8020948182e-01 -7.2082489462e-02 1.1848391991e-01 3.2770801464e-01 5.5313783865e-01 3.9533525203e-01 -3.2216474833e-01 2.9250475537e-02 1.5098180981e-01 -1.7905081185e-01 -4.4920369468e-01 -3.1098018622e-01 3.7764127870e-03 4.4239148448e-02 -2.3028024212e-01 -4.7779253031e-02 -6.6845422815e-01 3.0003610178e-01 1.6222646502e-01 5.6772647572e-02 6.2602477748e-02 5.6497621823e-01 2.7030581741e-01 -3.0625148892e-01 -4.8842117617e-01 9.0899433770e-02 -6.6842405029e-02 -1.6686463705e-01 3.4224187687e-01 5.6599988933e-01 -3.3472176276e-02 -1.0007734845e-01 3.7877162635e-01 2.6855709299e-01 -5.0894758557e-02 -1.9118748409e-01 -3.5106643926e-01 1.9148916490e-01 -3.6521921301e-01 4.8901900581e-02 -3.6696906585e-01 -7.5410742714e-02 -4.3495757790e-02 -3.4276708115e-01 5.3879287829e-01 4.1727768355e-01 3.1765296364e-01 -5.1660865779e-02 2.8086490547e-01 1.0224120317e-01 6.3389758426e-02 -1.5067549485e-01 2.6633921937e-01 -1.6577809281e-01 -5.3406065501e-02 9.2182780741e-03 -3.8358743211e-01 -1.5677635907e-01 -1.9458092913e-01 7.4836001030e-01 -5.0914069615e-01 -5.4397396387e-02 -3.0227962008e-02 3.0306158098e-01 1.0064431695e-01 5.9336417854e-02 -1.7066388476e-01 -1.1151499682e+00 -3.4439188796e-01 5.6018298877e-02 -1.1769113112e-01 -7.4577758979e-01 -8.4019407055e-03 6.8025817476e-01
-1.8871758533e-01 -1.5595359896e-02 4.8843725701e-02 5.8541921575e-02 2.7664649931e-01 1.5470974585e-01 -3.3934118964e-01 1.3541764879e-01 7.8220673982e-02 -1.1750924564e-01 2.6987421301e-01 -9.2680092729e-02 -3.3043942628e-02 1.7130049286e-01 3.7102747486e-02 -1.7250821466e-01 1.7640704436e-01 -1.4900380632e-01 3.3922894923e-01 8.4395462543e-02 1.1245515569e-02 -3.3656083235e-02 1.1771458261e-01 2.1868756364e-01 1.7784104288e-01 1.8948431484e-01 1.0142962145e-02 -1.3790673811e-01 -5.1754692531e-01 6.9337998945e-02 -7.9685204830e-02 1.0822143945e-01 3.1392097392e-01 -5.3605219574e-02 3.6303563939e-01 -2.5664580924e-01 -4.6033901452e-02 -1.2192824937e-01 -4.8932583410e-02 1.1686873921e-01 -2.2194387157e-01 -3.5926388062e-01 -1.2188744120e-01 -1.7864680320e-01 -2.2754730479e-01 -3.1300151841e-01 9.1493490270e-02 -1.0090421167e-01 2.0694782246e-01 1.5093077483e-02 1.1321758550e-01 -1.9456485820e-01 1.2685479206e-01 4.8691659204e-01 -4.1139020848e-01 -2.1924531344e-01 -1.8162818860e-01 -3.1188163187e-01 2.1270809497e-01 -3.3744277177e-02 5.1627316176e-01 1.0633756844e-01 3.3801278197e-02 -6.9436100740e-02 -4.3937052850e-02 1.4994061447e-01 1.1128532713e-01 -9.8679229529e-02 3.7069998034e-01 -8.8214266740e-02 4.2660345707e-02 6.6485767594e-02 -7.1589192422e-02 2.6124004235e-01 4.2105143351e-02 3.8896467376e-02 -2.0662335399e-01 -3.7362694307e-02 -9.4096898560e-02 2.5768952100e-01 -8.1098246283e-02 5.2004128432e-02 4.5463323999e-01 7.7036754542e-02 -2.7412291799e-01 2.4645239466e-01 -6.1268094825e-03 -3.9582592508e-02 2.6107451733e-01 5.9258548995e-02 -3.9077533059e-02 1.7697757223e-01 7.3204304496e-02 1.5421160444e-01 -4.9036824526e-01 -1.3323399558e-01 -2.8131600158e-01 9.1876050374e-02 -1.3775286423e-01 5.4803524579e-01 1.5712010652e-01 -5.5851237098e-02 -2.1082201438e-02 -5.7202501700e-02 3.4985702170e-01 2.4248582329e-01 5.4139535898e-02 3.3809695529e-02 5.0084546636e-02 -7.4886654738e-02 -2.0776465727e-02 -2.0276719326e-01 1.8077353219e-01 -2.1000612538e-01 -4.3283512422e-02 -2.8812998882e-01 -2.0015831951e-02 3.7988743993e-01 -3.5717320690e-01 -2.6929411908e-01 8.3063126526e-01 -1.7059589406e-01 -4.7648437019e-02 4.6861521831e-02 -4.0308740452e-02 4.0123546508e-01 -2.6360226656e-01 4.3721849058e-01 -2.5312608068e-01 -6.1480000769e-02 -4.4705989505e-02 -1.8808069320e-01 2.1157224144e-02 -1.0091180224e-01 3.4430655704e-02 -1.8376678482e-01 -6.2941416571e-03 -1.7097906525e-01 1.0987393186e+00 8.4335477560e-02 -6.4976387249e-02 -2.9979606785e-01 3.0052166734e-03 4.6518079330e-02 3.0537558611e-01 9.7680081366e-02 2.9556204329e-01 -2.6258708727e-01 -2.8013289472e-01 -4.5577042313e-02 -2.2042901666e-01 2.4611213180e-01 1.1918766194e-02 5.1201205972e-02 -4.8419397763e-01 3.1850363702e-01 5.1728407957e-02 4.1427235633e-02 3.0890335483e-01 1.0658101528e-01 -2.1449002460e-01 6.4379717358e-01
-9.5743028084e-02 1.4757195939e-01 -8.0301761817e-01 -2.2843665815e-01 -1.3180682911e-02 3.2812241330e-02 1.6451415933e-01 -3.3413977004e-02 2.7572883426e-01 -1.0122063758e-01 -3.4504752141e-01 1.7539187989e-01 4.9688974740e-02 2.0893105846e-01 -4.7314213926e-02 -1.9748167334e-01 -2.8136157677e-01 -3.6748461900e-01 4.1087019525e-01 3.0243103329e-01 4.3601303152e-01 8.4631069328e-01 -4.0468650229e-02 -4.5788293051e-01 5.0634778810e-01 2.8396573098e-01 -1.2908058241e-01 7.9815379813e-02 8.2885241592e-02 -3.1246771899e-01 -2.6969466433e-02 -1.5468198188e-01 6.0339120142e-01 7.7181339625e-02 3.6904925504e-01 -9.0653548349e-01 1.1840914253e-01 4.8757604609e-02 5.9292484853e-02 1.2217059791e-01 -1.1845470158e-01 -1.7755055255e+00 2.6885188718e-01 3.8631476989e-01 -1.1491148397e-01 3.2842858500e-01 -5.9545409058e-02 3.5284182238e-01 -1.5382550291e-01 5.2261218678e-01 -5.7578859077e-01 3.1558201099e-02 -1.5904165679e-01 -5.8707107555e-02 8.7674795635e-03 1.5737491711e-01 -2.3747080265e-01 1.8692558914e-01 4.6871121208e-01 7.3039906095e-02 -7.8047001680e-03 -3.6707084402e-01 -5.9471523875e-02 -7.6712709635e-01 6.8015843386e-02 -8.5821833172e-02 -1.6273968655e-01 2.1319421669e-01 -2.5612028282e-01 6.0854237442e-04 -9.4317507952e-02 -1.1128188372e-01 -1.7952265392e-01 -8.8001183905e-03 -6.7268815374e-02 -2.0716413319e-01 -1.9126932342e-01 -3.5651032819e-01 -5.0157400599e-02 4.8608934740e-01 3.0125578148e-02 -7.1239096579e-02 1.5440214502e-02 -4.4343426907e-02 -2.7109422745e-01 2.1317949550e-01 -5.3246309607e-02 -5.1704435143e-01 1.2690131285e-01 3.8848363026e-01 -2.8392955596e-01 2.0583395923e-01 1.6454044889e-01 4.1222334604e-01 2.2213195646e-02 -1.6923884172e-01 -3.2065858686e-02 4.4331364740e-01 -2.0619637918e-01 2.0855704695e-01 -3.3331371351e-01 2.1257336038e-01 -2.2509147412e-01 3.8817481971e-01 5.1553418847e-01 3.3117852186e-02 1.9062402922e-01 -1.9729307434e-01 -7.7034099022e-02 -8.0065035798e-02 5.2367639375e-01 4.2472087833e-04 6.7485417390e-03 -1.2257299137e-01 6.9311070505e-02 3.5063119269e-01 -2.7469451735e-02 -2.3925047169e-01 2.3363936028e-01 3.0999190377e-01 2.9344518018e-01 3.1577689263e-01 7.0341497065e-02 4.0359922053e-01 1.3186630002e-01 3.2998001009e-01 5.3888311547e-01 -1.6303911383e-01 -2.3200856119e-01 8.9880531041e-02 5.8798667449e-02 3.4338247210e-01 -1.2514167399e-02 -3.9849441054e-01 6.0942783849e-01 2.9991998906e-01 -4.2389377539e-01 2.6405957659e-01 2.7068784253e-01 -4.5643618214e-01 -1.7174414257e-01 -8.4548050497e-02 5.8255522346e-01 2.3141610356e-02 -1.0711111624e-01 3.7151352421e-02 -2.3042680897e-01 5.3371518784e-02 -7.8480791003e-02 7.0992586676e-02 -7.3865437367e-02 -2.0094945202e-01 2.9757294987e-01 -7.1291316697e-02 2.6073413369e-01 1.4609231174e-01 2.3438671802e-01 -7.0776806733e-02 -2.3620372607e-01 -4.2255237410e-02 4.7502363360e-02 -3.0412409209e-01
-2.9143881283e-01 1.7651278908e-01 -1.1397459511e-01 -4.5555245418e-01 -1.1293311935e-01 4.0199118380e-01 -3.0138941072e-01 -1.1182616423e-01 3.0498098407e-01 3.7596644994e-02 -3.4967226304e-01 1.7938081280e-01 1.3757680010e-02 -1.0879222139e-01 -1.2397346359e-02 7.5209884029e-01 6.5818488984e-02 -4.9426016360e-01 -4.4195028905e-01 -2.7276819770e-01 6.3041143145e-02 2.7621686481e-01 3.6411501088e-01 -2.5384024357e-01 -3.8236113677e-01 -3.0249627087e-01 1.2785261422e-01 2.1368981436e-01 -4.8620625673e-01 1.5580987449e-01 -6.9400378767e-02 -5.1314541075e-01 1.0426477171e-01 2.6267862530e-02 -3.2633496897e-01 1.7471052052e-01 -1.9224665656e-01 -4.1978317668e-01 2.0651950587e-02 1.9814325527e-01 -1.2950213216e-01 5.9758089269e-01 -1.3470416323e-01 5.8136781174e-01 -7.5660302910e-01 -1.2871699555e-01 -1.9623428087e-01 -5.6948078739e-01 -1.1925543620e-01 8.3319955446e-02 -2.2754878351e-01 2.9225748597e-02 -2.7560873461e-01 -1.5783123740e-01 -1.6038695244e-01 2.4383983598e-02 3.8873006635e-01 6.1586729645e-01 -1.1511355257e-01 2.7017505724e-02 2.8465972507e-01 1.5387987691e-01 -1.7865578169e-02 5.6303573043e-01 2.3199565444e-02 -4.7656269604e-01 4.4341902326e-01 2.0936015824e-01 5.0530670260e-01 -2.3217307711e-01 -6.7065909746e-02 -8.3713206518e-02 8.4887749718e-02 1.5916813124e-01 -2.0667215303e-02 -2.7296435850e-01 2.6527648450e-01 5.4704425736e-01 -8.1414799894e-02 -1.9673112543e-02 3.6910640454e-01 -2.4803897727e-02 3.3170246822e-01 -3.8271060328e-01 1.6015418306e-01 4.0446188016e-01 -7.9166352921e-02 1.6776099016e-01 -5.0249346211e-02 -7.9520669512e-02 2.0814562891e-01 -2.7170569253e-01 5.3118747985e-02 -1.8737996873e-01 -1.2895761032e-01 -7.0244827235e-02 -2.1657061754e-01 -1.7748082495e-01 -8.3017368506e-02 -2.0869452566e-01 -4.8943047982e-01 3.0786976782e-01 2.4854204398e-01 1.4600063824e-01 -2.5037127508e-02 -4.7567592768e-02 5.9271661708e-01 -5.4566570026e-02 -1.6825606939e-02 -4.7323218505e-01 9.2552772923e-03 -1.0587322473e-01 -4.9502479482e-01 -5.4809778872e-01 2.6331150292e-02 5.3125469484e-03 3.2198225393e-01 -6.2110272488e-01 -2.6227150266e-01 -2.4254655626e-01 -5.4350192005e-02 -5.0759010263e-01 2.3021904250e-02 2.4770025374e-01 4.2162982030e-02 1.0220329146e-01 -3.6319773297e-01 -1.1045667131e-01 -8.5186083779e-03 1.6454767005e-01 1.3142871808e-02 2.0218161298e-01 5.5299497686e-01 2.9738905800e-02 -1.3589411353e-01 1.7197613878e-01 -1.4811772369e-01 -1.3464280717e-01 -1.4490084616e-01 1.4120937633e-02 2.1814738867e-01 5.2996577341e-01 -6.8039471397e-01 5.0747674948e-02 -2.4532199468e-01 -5.0671555168e-03 -4.9906598394e-01 1.8976560534e-01 -6.9650127366e-01 1.6516704319e-02 -7.1990384465e-01 1.8858582030e-01 1.8329961873e-01 -2.1495599744e-02 -5.7972553630e-02 8.6400885492e-01 -2.7706926004e-01 -1.8749541067e-02 3.8571919642e-01 1.8863212408e-01 2.5772722872e-01 1.1236951864e-01
-2.5335672121e-03 -4.7233679744e-02 -8.6931724587e-02 9.4183856248e-02 5.2137523255e-02 -7.0708216451e-02 -1.5424046531e-01 -1.3230583229e-02 3.3745254361e-02 -2.0853647003e-01 2.0175505749e-02 2.0989226058e-03 -3.3294074072e-01 1.6030040119e-01 2.9912418980e-01 1.0986799438e-02 1.0086645058e-01 -6.3453684118e-04 -9.2398761326e-02 -3.2961377462e-02 1.1893641968e-01 2.2515076372e-02 -9.6921510642e-02 9.7858260210e-02 -8.9138749883e-02 7.0634360704e-03 -3.8081345933e-02 2.5386193091e-02 1.2433494887e-02 2.6815119783e-02 4.3706877022e-05 5.0799275391e-02 3.1295393634e-01 -3.7597979132e-01 -1.1245408517e-01 1.4040176728e-01 1.0435156167e-01 4.1570335776e-02 -3.5101381247e-01 -4.0900609339e-02 4.6687971447e-02 -4.2892756168e-02 8.7916609357e-02 9.3577270132e-02 -2.2481068468e-02 -2.1494708628e-02 3.1039248754e-02 5.6295269336e-02 1.1134185124e-01 1.4307438439e-01 1.2267538669e-01 -5.4925760690e-02 -3.9420686485e-02 2.2794808708e-01 -8.8535139131e-03 1.4686874338e-02 -1.2590495115e-01 1.4374267654e-01 2.4392778106e-02 -3.6975228428e-01 1.1669661118e-01 1.2412787856e-02 3.5048241683e-01 -1.0266704026e-01 -3.5716587207e-01 -6.1643097249e-02 -2.6218178318e-02 3.4019489531e-02 -1.8373833683e-01 -1.1375681962e-01 3.8078115346e-01 3.5540470761e-01 -7.0022050638e-02 1.2192161398e-01 3.7804484175e-01 5.6641133981e-02 1.1142070216e-01 2.7338304514e-02 1.1988223581e-01 1.0661281504e-01 3.7545606675e-02 3.7772879646e-01 -5.9214534246e-02 -1.0701391166e-01 3.5112214186e-02 4.5383261589e-02 -3.6990728724e-02 -2.0456779911e-02 3.1319341561e-02 6.6586654250e-02 -1.0667089956e-01 -2.0187610648e-02 -2.7561589813e-02 1.1942445156e-02 -3.8385926362e-02 1.8289456970e-02 -1.1107352504e-01 1.3040603060e-02 -8.9175919513e-02 -7.0366165916e-02 -2.4685935550e-02 9.5778386684e-03 3.2862104464e-02 3.1699228846e-02 7.8218033235e-02 -6.2303034247e-02 3.2937290076e-02 4.2437411559e-02 3.7758465052e-01 -3.6207191085e-02 1.5079419485e-01 -1.0329729761e-01 -1.1291852227e-02 8.3431338434e-02 -3.8053048623e-01 -2.8406283592e-02 -5.2821608421e-02 9.5841428086e-02 -1.2905210019e-01 -1.6352888982e-02 1.4649637173e-01 -7.9474360245e-02 -3.6068332075e-01 -9.1006379331e-02 -5.8947533073e-02 1.8465153898e-01 -2.0613668417e-01 -5.2268043178e-02 -6.6898911116e-02 -2.9829095198e-02 -3.3571820159e-01 -1.7879881069e-01 2.0593820439e-01 -3.0537169426e-02 2.9868462842e-03 -2.6143824912e-02 -4.3596756334e-02 8.9144180267e-03 8.0000270429e-02 -3.7495540112e-02 4.3089545547e-02 3.3281922376e-02 8.0979060383e-02 1.6801752165e-02 1.9849811183e-01 7.0506568569e-02 8.9515294602e-02 8.5953714842e-02 -3.7520257376e-02 -3.7243486272e-01 -1.8816967846e-02 -2.7074333806e-03 3.9178948323e-02 3.7579005018e-01 5.1844283447e-02 9.2216119693e-02 1.6729810720e-01 3.5593536064e-01 -6.1914647252e-02 1.0180024527e-01 5.3786266880e-02 -1.4259404256e-01
1.0177439420e-01 -4.9683567700e-02 1.7101897652e-01 -1.6970285168e-01 1.7532782217e-01 3.1807595035e-01 -1.8181154644e-01 -3.0146719484e-01 -1.5278440668e-02 -5.4534427550e-01 -3.4311077369e-01 5.1019529913e-01 -2.7254044028e-02 -2.3903803287e-02 1.8443132969e-02 -2.2660005603e-01 -4.6471318470e-01 -1.9539718583e-01 -2.7681314473e-01 -1.1409296100e-01 -3.8005212713e-01 3.9988142971e-01 1.5261215928e-01 -3.0414869858e-01 -2.4704590061e-02 1.0595112775e-01 5.0154127150e-01 4.1715631401e-02 2.7643102474e-01 -1.2817830373e-01 2.3532377196e-01 1.6260910594e-01 -1.5173067259e-01 -4.1443803300e-02 -5.4105087221e-01 -4.7937974832e-01 5.9412602634e-02 3.9082684711e-01 -3.7362383404e-02 -2.2145698724e-01 7.0563001686e-01 -1.1913488125e-01 2.3323048218e-01 6.7052528656e-01 9.8055400083e-02 3.3298330107e-01 -8.6842442240e-02 1.0849199713e-01 -6.3386135185e-02 2.2123238271e-01 3.7675704752e-01 3.0531857308e-01 1.7776981990e-01 5.7667292400e-02 2.3820889841e-01 2.9443497706e-01 -4.0451555291e-01 1.9203535155e-01 2.7074688240e-01 -4.0342538673e-02 3.9344389972e-01 3.6642112430e-01 3.8903133622e-02 1.3419538213e-01 -3.4068725160e-02 6.6624262548e-01 8.1475499509e-02 -7.8310540212e-02 1.7767728488e-01 -3.2459233334e-01 8.0999731108e-02 1.4595632119e-01 2.8429062356e-01 5.1455966833e-01 4.9453971129e-02 4.0375207928e-01 4.9632695791e-02 1.3429632118e-01 -8.5866783597e-03 -1.1472555964e+00 9.9620577188e-02 3.8211781511e-02 5.5377717230e-02 -3.2584477232e-01 -2.1744970885e-01 -2.9131484383e-01 2.3114615978e-01 -1.8934469605e-02 1.2963178130e-01 -1.6391005442e-01 1.5053937426e-02 -6.0156845875e-02 1.4623530398e-02 2.2382231748e-02 2.7883364775e-01 -9.9834474718e-02 -1.6518572739e-01 1.2131740399e-01 -5.0360704097e-01 2.0868694491e-01 -1.8079904181e-01 3.1631845576e-01 -6.7647278877e-02 -4.3470064812e-01 1.4009857509e-01 -1.1812161537e-01 -8.8141652742e-02 1.2365263107e-01 4.7404952469e-02 1.5629688765e-01 1.3486590062e-01 -1.0973459427e-01 6.4199023884e-01 1.7518440840e-01 -5.0655293238e-02 -5.0590690798e-01 3.8768475228e-01 5.2136504862e-01 2.3404995225e-01 3.1582573848e-01 -6.3100546999e-02 -1.0434025964e-02 -3.6602016270e-02 -2.3221747266e-01 -1.8614755389e-01 -5.6021027348e-01 4.1777265616e-01 -3.0525268403e-01 -1.4084894008e-01 -2.6476621224e-01 -3.0071548824e-02 -8.1694947439e-01 -1.3311554889e-02 1.8329671101e-02 -1.8577660292e-02 -4.2564972179e-02 1.3952568359e-02 2.6725058193e-01 -2.2129250446e-01 2.9062908872e-01 -5.0285523374e-01 1.8405930958e-01 3.6922878068e-01 3.0001031732e-01 1.9148068363e-01 -1.7685055589e-01 3.3961301464e-01 1.1553689543e+00 -4.5289114701e-01 -4.3165337945e-02 -3.4109981872e-01 -1.9174786884e-01 -2.2885797205e-01 4.1812072330e-02 5.6364024710e-02 8.0197131561e-01 8.2166102149e-02 3.8626489155e-02 2.4281599087e-01 3.2758708502e-01 3.1179242793e-01 9.5367770910e-02
-3.3440364183e-02 2.7085054754e-02 1.2716051775e-01 -1.6145416800e-01 6.5657321792e-01 -5.0749170105e-02 -1.3587558495e-01 1.9959753151e-01 1.1436246060e-01 3.5768889132e-01 -1.1426698550e-01 -2.4072041090e-01 8.0199496677e-02 8.5249744880e-02 -5.9717648772e-02 4.0053826226e-01 3.0280228456e-01 -5.0848132830e-01 1.8079514805e-01 -4.5982456278e-01 6.2883590563e-02 2.7635924753e-02 -3.8100538332e-01 1.6850229973e-01 5.5730227969e-02 2.3937892010e-01 -1.1978288728e-02 1.2609974546e-02 -8.6021182090e-03 -1.9799447481e-01 -1.1855891402e-01 -1.6931211233e-01 5.2095429412e-01 9.8147696093e-02 2.4941106947e-01 -1.1421915986e-01 4.2746937520e-01 1.1999562309e-02 8.5714649699e-02 -5.1049292236e-01 3.7754749687e-01 -9.7392946713e-02 -8.6015348541e-02 5.6705399302e-02 -4.3295286299e-01 3.8762244982e-01 -2.8494507035e-01 1.7318005470e-01 -1.4400137918e-01 -3.6027468442e-01 -1.6443206314e-01 -1.9197328829e-01 2.2078044403e-01 -8.7812524063e-02 -3.4609487044e-01 2.7290835534e-01 -4.5476993657e-01 1.5254663254e-01 -3.9072540134e-01 1.1734787842e-01 6.0143909374e-02 2.2476290933e-01 -8.9629538043e-02 -4.0760764237e-01 8.6839274113e-02 3.0383064325e-02 7.2960641997e-02 -7.1205963687e-01 -1.0000054765e+00 -1.2983683480e-01 -1.4990571119e-01 -1.8214141410e-01 4.4719460128e-02 3.7889360337e-01 -1.3823217981e-01 -1.8006226044e-01 7.8325226762e-01 -1.3762893003e-01 -5.3673669680e-01 1.0432028922e+00 -3.0716727771e-02 -1.0785731211e-01 -2.2590658205e-01 -2.4567170154e-01 5.9288355559e-02 -3.1867059472e-02 -2.7927785230e-01 -7.2586372965e-02 -1.6282508688e-01 9.7287252462e-02 1.8695896318e-01 3.1533767464e-01 -2.8535393628e-01 -9.1168591966e-02 1.1300248715e-01 1.9455659924e-01 -3.7559486021e-01 -4.9291476555e-01 -4.1119504529e-01 1.1648586871e-01 5.4084498716e-02 2.2439861429e-01 2.3430196609e-01 -4.3276518944e-02 2.5569092404e-01 8.0113478300e-01 6.4272636067e-02 5.7029041572e-01 -9.5307355042e-02 -1.0184720271e-01 1.0327705394e-01 1.9772036541e-01 1.1968554571e-03 -1.9132997941e-01 1.0735217737e-01 2.7632456661e-01 3.5025617077e-01 1.6032839085e+00 -4.5921885639e-01 -1.8826835345e-02 -4.2857979853e-01 8.2851698776e-01 9.0360084500e-02 1.6788451948e-01 4.0146633461e-01 -7.5098069469e-01 1.3328955540e-01 -1.6239010312e-01 -1.2928166086e-01 2.4378541529e-01 7.1037002324e-02 3.9640539476e-01 -3.0896058481e-03 2.0483518451e-02 -2.2695345325e-01 -6.9961548932e-02 4.4126626161e-01 2.2747103503e-01 -1.1576628789e-01 -8.8714955940e-02 2.5861451257e-01 -2.1720382376e-01 4.0793513664e-01 -5.8121217841e-03 -2.6647312942e-02 1.5035535295e-01 3.7778014530e-02 1.9002811620e-01 -4.7704159531e-02 1.0524985989e-01 -7.0808277700e-02 1.5002200803e-01 1.9337880669e-01 -9.8562987555e-02 -2.9971306565e-02 3.8887152721e-01 5.3527846893e-02 -8.6266771270e-02 1.2710004618e-01 2.8060839739e-01 2.6205676319e-01 -4.5576406339e-01
-2.3799319883e-01 -2.3351888226e-02 -1.0776639272e-01 2.2698676515e-01 3.9985964663e-01 -2.9328908369e-01 -1.4480649996e-01 3.6291208620e-01 4.5023050663e-02 -2.2845714045e-01 -6.2908985423e-02 -1.6650977022e-01 -4.2850349161e-02 1.5613926141e-01 3.6426438425e-02 -2.7135991064e-01 -1.4213997490e-01 1.5329699125e-01 2.3732475300e-01 3.1596988244e-01 -2.4003342794e-01 -3.5869638421e-01 1.9268953252e-01 -6.2920960748e-02 -2.6766940512e-01 -3.3908085712e-01 5.4401894819e-01 -1.4144650324e-01 -6.9351762142e-02 1.8898710472e-01 2.6403772924e-01 1.7632483461e-01 -1.6139053301e-01 -5.4008028690e-02 4.6150150719e-01 -6.7070692886e-01 1.3793394683e-01 -6.1119647859e-01 -5.8135021742e-02 5.0302942751e-01 4.6770921178e-01 3.0249387939e-01 -2.4144110214e-02 3.3010177164e-02 5.0097189145e-01 5.6982673780e-02 -5.5055102738e-01 6.4565387761e-01 1.1605173184e-01 2.3082359824e-01 2.5127934921e-01 -5.6847772020e-02 -4.4654511515e-01 2.2462407756e-01 9.6368629769e-02 -1.4023507859e-01 -2.0093864243e-01 -1.0840778611e-01 -5.4197345263e-01 -5.4341690507e-02 -2.3041689884e-02 -3.2755422662e-01 4.7398130695e-02 6.7821835711e-01 -4.7499565908e-02 -9.3046657055e-02 -2.1651442973e-01 1.4141981949e-01 9.1795099082e-02 3.7795624534e-02 4.7199277821e-02 7.2883569074e-02 1.3491054490e-01 3.2135906577e-01 6.6620892081e-02 -1.4793579510e-01 2.3011125539e-01 6.4723839771e-02 -1.1063590561e-01 -3.8995505362e-01 1.1091264744e-01 6.2870552230e-02 4.5089746151e-01 2.6928165207e-01 -1.8197498541e-01 1.7041951393e-02 -3.4212570391e-01 3.3212925369e-01 -3.8489441887e-01 -2.8458664343e-01 4.6910436471e-01 -9.6971534215e-02 -2.0851389046e-01 -5.4634082691e-01 -2.8435075073e-03 -5.1029398253e-01 -6.1265383177e-01 1.1398361974e-01 -1.5128691689e-02 -1.0797278192e-01 2.3228702427e-01 2.1636791893e-01 -4.3411422432e-01 -2.9005604323e-01 -2.9919220799e-01 -1.3544788939e-01 2.4111126746e-01 2.5716671757e-01 5.1935525458e-02 2.4000670653e-01 5.6393765027e-02 -3.4942469510e-01 1.7145335987e-01 -2.2795025475e-01 -6.3952363509e-02 -2.8197027518e-01 -1.6798755033e-01 4.0150139911e-03 2.2149399723e-02 3.0656554228e-01 -5.4779424509e-01 -7.5182897007e-02 -5.0736230647e-02 1.3983267084e-01 5.6162329467e-02 4.8994495848e-01 -2.4067936036e-01 -2.3794084787e-01 6.3420678139e-03 6.6828191380e-01 -4.5365413533e-02 -2.5777191120e-01 -2.4736492149e-01 -1.2297668672e-01 4.8373332619e-01 2.6178612619e-02 1.2851054058e-01 -3.9899892704e-01 -4.2875935218e-01 5.1251218893e-02 -3.2265396023e-01 3.4576076079e-01 -2.2734996263e-01 -2.7860398593e-01 1.3174555248e-01 3.0839104573e-01 -2.1286540720e-01 -7.3180696634e-01 -6.1751401858e-02 -6.5965901863e-02 4.9224028528e-01 -3.9598591235e-01 -2.0608628988e-01 5.8994576827e-02 4.8837100372e-02 -9.4593994825e-02 -2.3648844961e-01 4.7724822065e-02 7.2059379515e-02 -2.6615925233e-01 -1.7268738216e-01 -5.7957943145e-03
1.1997679853e-01 2.2512484597e-01 -4.5745330403e-01 2.8856262218e-01 1.6795608678e-01 -3.0564713138e-02 -1.6683265328e-01 3.3331639707e-01 -4.9463148279e-01 1.2777526710e-01 -1.9685018475e-01 3.8426269004e-01 8.5015228558e-03 5.4246840704e-01 -1.3456886050e-02 4.7351094944e-01 3.4427142726e-03 -1.6799313930e-01 -3.9966578862e-01 -3.7998873832e-01 1.6276420160e-01 1.5902906317e-01 -3.4385317700e-01 -3.3409953115e-01 -3.9317517594e-01 4.9167246353e-01 2.7099894367e-01 -2.0720652432e-01 -3.7225900160e-01 -1.7754438907e-01 -3.4764059832e-01 -3.1959476860e-01 1.6719794170e-01 2.1981276978e-02 -3.4645492991e-01 -7.9829090250e-02 -1.8997683545e-01 4.4815983421e-01 1.8272424560e-02 3.1032569597e-01 -2.7740158677e-01 4.7406225202e-02 1.4294198491e-01 7.5085472746e-02 -3.3336960015e-01 -1.7349126275e-02 2.4625784205e-01 -2.6582198686e-01 -4.6179334364e-01 -2.8174030669e-01 2.5915227694e-01 -2.0473495318e-01 -2.9688357930e-01 -2.4914748643e-02 6.3766045182e-02 -2.9376619633e-01 -1.4591796224e-01 3.7609703653e-01 -2.0486883088e-01 1.7395873317e-02 6.0021714519e-03 -3.8310543113e-01 -4.4287765849e-03 1.9718655855e-02 1.4349486418e-02 2.4424541033e-01 -3.8450546429e-01 1.7187362939e-01 2.0225041838e-01 -5.8788646015e-02 -2.4815940304e-02 -7.7270268043e-02 2.2507290114e-01 2.8586974791e-01 -2.3177802767e-02 -1.1848513407e-01 8.4999672438e-02 2.3481991538e-01 -2.9874739817e-02 -1.7280698587e-02 7.2058969698e-02 -2.6755503129e-02 -3.3626394645e-01 9.7925355563e-02 -7.5592714627e-02 -1.6197248685e-01 -4.1167855370e-01 1.1928611844e-01 -1.5117417815e-01 1.5145097625e-01 -4.7657317796e-01 -1.9193089760e-01 -2.0018292715e-01 2.4929224934e-02 -1.1800187497e-02 1.4054151363e-01 -8.0649075739e-02 -2.7647706482e-01 -2.1751253753e-01 -2.4303521913e-01 5.9447630911e-02 1.6933083670e-01 -1.8297400072e-01 -3.3543790727e-01 -2.2424583337e-01 1.1957825460e-01 -1.0121899987e-01 5.4559674758e-01 -1.6807327241e-02 6.3272563265e-01 -2.7400590227e-01 9.4194768995e-02 1.6142233530e-01 3.3300616513e-01 1.3027480405e-02 2.6658263985e-01 -5.5496635389e-01 3.7828313934e-01 1.8584611325e-01 -2.7416461995e-01 -3.2983452676e-01 -3.3950910458e-02 1.7034198304e-02 5.2587393457e-01 -4.0251876249e-01 3.3403600629e-01 -6.7359260499e-02 1.1269311796e-01 -7.7172004553e-01 -1.1123095178e-01 1.4653337837e-02 -1.9476085908e-01 2.5227001902e-01 4.7130249056e-02 3.9794127726e-01 -2.9596838181e-03 -5.9993155375e-01 2.3490512176e-01 -3.2716833017e-01 -1.7191687667e-01 2.7169341250e-01 -7.5228011814e-02 -3.7015596599e-02 -1.9388198186e-01 3.0669765054e-01 -3.5005139988e-01 2.4057872072e-01 2.4877875400e-01 -2.6148347265e-01 2.4194212765e-02 3.0991633301e-01 5.7368512893e-01 4.4053810452e-01 -2.0260292440e-02 -2.2333942640e-01 3.2383103700e-01 -1.0142760195e-01 -1.2374665162e-02 -1.0448274633e-01 2.7175221036e-02 -2.1344208423e-01 5.3317905689e-01
-2.7045439732e-02 -8.1390101116e-02 -5.4830475229e-01 5.1290115929e-02 3.6847413311e-03 1.8502269021e-01 2.6692446131e-01 -4.0949804130e-02 -9.7721414545e-01 1.7113762270e-01 -2.3564242043e-01 -1.9983659698e-01 1.3653709437e-02 1.8898593533e-01 -1.3778614760e-02 1.2008967215e+00 -6.5119799023e-01 2.2891533994e-01 2.3847356246e-01 -8.5437522688e-01 1.4106242301e-01 -7.2947933695e-01 1.3069199218e-01 -1.4036635399e-03 -1.5441765034e-01 -2.4558746076e-01 -3.6829425797e-01 6.5965291847e-02 -3.1303680727e-01 7.2364436092e-01 6.9964863784e-02 1.9819854783e-01 7.0391358709e-01 7.3007230559e-03 3.3525579171e-01 -2.8586391159e-02 -3.9220222145e-01 2.2961601484e-01 1.4122749683e-02 -5.6548304164e-01 4.7662904187e-02 2.9351348014e-01 9.2937643967e-02 1.3374331087e-01 7.2849701038e-02 -3.8878764387e-01 -5.2372788480e-01 3.6749712127e-01 1.8800270869e-01 1.9273503166e-01 1.7254531050e-01 -3.4051717287e-01 -2.8812700473e-01 -7.3610611191e-02 -1.4993080751e-01 6.2326350522e-02 -5.9221283753e-01 -2.8295622873e-01 2.3459315265e-01 3.4363040522e-02 -1.4507825257e-01 2.7597894669e-01 -1.2292611247e-02 -7.6751873714e-02 1.3957207804e-02 4.2942448219e-02 1.1111077588e-01 -8.6610009433e-02 -6.8879070891e-03 -4.1186474333e-02 -3.5967997290e-03 -8.3169715912e-03 -2.8622587283e-01 -1.7669775304e-01 1.2847800653e-02 -2.3646809017e-01 -1.6932054790e-01 -2.2990862492e-03 -6.7626609080e-01 -5.0920987379e-01 8.9201053812e-01 -8.0723159274e-03 3.6897919236e-01 -2.3970120489e-01 6.9187363584e-02 -3.2171133958e-01 5.0089894877e-01 1.1901808770e-01 -3.7783973432e-02 3.0923236905e-01 -1.6896292364e-01 9.7132799704e-02 2.9516005113e-01 2.9835500540e-01 -4.8217425958e-01 2.9721180896e-02 -1.8139935621e-01 2.8279042245e-01 -4.4957321707e-01 4.5942299935e-02 -9.7323253043e-02 -1.3988215711e-01 -2.7435374902e-01 -1.6827931506e-01 1.5233865877e-01 1.6433532787e-01 3.9112299271e-01 4.1953880769e-01 2.7893938705e-03 8.9817477325e-02 -5.0579379347e-02 2.6626600982e-01 6.3613807811e-02 2.2015424513e-01 1.1088066835e-02 -4.5252458435e-01 2.6466542199e-01 -1.5015692410e-01 -1.7545392556e-01 5.3449656449e-01 -4.4343553013e-01 -1.7070955107e-02 1.1445918359e-02 2.4523066532e-01 -4.6622548718e-01 4.3289149966e-01 -1.9660439104e-01 1.9474580247e-01 -7.1497314771e-01 -9.1568101734e-02 1.3721003809e-02 3.0282807596e-02 -4.6373255778e-02 -2.0446865328e-03 -8.9688777491e-02 2.6752623461e-01 2.1871545212e-01 6.1172278389e-02 -3.7457620385e-01 -3.8715351793e-02 -3.9992944860e-01 -2.8033095224e-01 3.2969876888e-02 -2.5354610855e-01 -1.8122638888e-01 7.3188875925e-02 -4.1644622186e-01 2.4914549052e-01 5.4296174855e-01 6.4294534536e-03 -4.7722805822e-01 2.4770578611e-01 5.2601119072e-02 -4.5404019760e-03 2.7847591407e-01 3.3815766964e-01 1.5477451553e-01 -1.6710810467e-02 -2.3855794408e-01 5.7093025526e-01 2.5711558399e-01 -5.1009481359e-01
-2.6943822166e-01 2.3588786574e-01 -5.8059808907e-01 2.5710741499e-01 -3.2963740669e-01 -4.6386897026e-01 -3.1489403267e-01 -4.6316893099e-01 -1.7099733656e-01 -5.3049025293e-01 9.6843710139e-02 2.4146860063e-01 2.8585246272e-02 -3.2252618740e-01 -1.4824290844e-02 2.1584104373e-01 -2.0953670032e-01 1.1388650921e-01 3.1749089983e-01 9.4978316381e-02 2.9819800431e-01 -3.4904978000e-01 -1.5754518205e-01 -4.1437097448e-01 -2.9511823536e-01 2.1202051645e-01 3.0615010041e-02 1.3739681399e-01 4.1170420814e-02 1.7344109927e-02 5.7423277003e-01 -7.9456814414e-01 4.4309029114e-01 4.1252822880e-02 2.9076082570e-01 5.7892733225e-01 -4.9568837359e-02 5.8822145291e-02 3.3958446869e-02 4.7501114152e-01 1.4287420579e-01 -6.2009490333e-01 -4.7528896074e-01 -9.4273368986e-02 -2.6002850237e-01 -1.6992635253e-02 -7.0616965594e-02 4.6891661458e-01 -3.8213709563e-01 1.7041651924e-01 3.5153012323e-01 -1.1537567193e-01 4.4070321833e-01 -4.4157034069e-01 3.4492340948e-02 -6.0259694739e-03 -1.1638917562e-01 3.3224331235e-01 1.7053120711e-01 6.0864643458e-02 -1.1262034789e-01 -2.0872576200e-01 -3.0167178254e-02 1.3194727979e-01 3.6231904928e-02 -5.2463668391e-01 -2.2515871926e-01 -7.2734800701e-02 -2.0723090046e-01 -2.7445396512e-01 -8.2567839599e-02 -1.0645676524e-01 -1.4968777352e-01 1.2787753002e-01 -7.0240214821e-02 7.5302646227e-02 2.7820214696e-02 2.9843280265e-02 -2.7493245921e-01 -6.2215809856e-01 -2.9090121905e-01 -4.9733087764e-02 3.0245871832e-01 -3.7769503524e-01 -8.6916957311e-02 5.8457080611e-02 -4.1594770564e-01 -2.7179174578e-01 1.9972821288e-01 1.9642051273e-01 -8.3175635962e-02 -4.2050973908e-01 -2.3308723508e-01 -1.3178630035e-01 -4.1104677402e-02 -5.8030801857e-02 -4.8554039752e-01 4.9884409454e-01 -2.2310910315e-02 4.1141966308e-01 1.3415291021e-02 1.2123849137e-01 -3.7822271182e-01 -1.2787187783e-01 1.1403124082e-01 -1.0396170395e-01 -8.3418510083e-01 -4.7506773905e-01 -3.5784221474e-02 -1.8589182345e-01 4.0693601308e-01 -4.4373482793e-02 -5.7420256958e-02 -1.2363840607e-01 4.6127442778e-02 3.1104530640e-01 -2.4742346463e-01 2.4464400181e-01 -5.1186640680e-01 -3.1623769540e-03 2.1221873444e-02 -8.8196356836e-02 3.6836584908e-02 1.3949344467e-02 -7.0036171953e-02 -3.5036194455e-01 -7.2246712232e-02 9.9350062282e-02 9.0789375143e-02 -2.1850321107e-01 2.5990362627e-02 -1.4919379643e-01 1.3247103912e-01 6.2316688637e-02 -1.8235699999e-01 1.1416908188e-01 -5.8861867768e-03 -3.1451245279e-01 -5.0933150407e-03 -1.4124174569e-01 -3.2994783612e-02 1.6201989904e-02 3.1769540752e-01 8.3780022860e-02 1.0256236304e-01 2.3246264407e-01 1.0657739778e-01 5.3372285980e-01 2.7461459431e-01 5.5554938557e-02 -9.0213625236e-02 -6.5920826831e-02 -3.5787721633e-02 -3.7838707838e-02 1.5455302205e-01 2.0726626485e-01 -3.8571468908e-01 -3.5755277084e-02 3.0001634576e-02 3.8109721330e-02 5.3032021911e-02 -1.3328721048e-01
-9.8988560141e-02 1.4701866300e-01 6.0821355743e-03 -1.4012611584e-01 -2.8011580734e-01 3.4981426178e-01 2.8279867067e-01 4.6451464438e-01 3.2275255519e-01 -4.4674424062e-02 2.2061038535e-01 -4.3714622720e-01 -1.9423653607e-02 4.0968343638e-01 1.3557510971e-02 2.9900642295e-01 -4.6933308290e-02 5.1672370228e-02 4.2053871709e-01 -4.5579469947e-01 1.4760897174e-01 -2.8839156487e-01 3.3422300819e-01 -4.2170883872e-01 3.6978417056e-01 1.3229896318e-01 1.8019873715e-01 -1.7972703146e-01 1.1973746732e-01 -2.5669556207e-01 -2.7831516273e-01 -8.4101934817e-03 -3.0392891624e-01 -1.7842926766e-02 -3.3939090714e-01 1.5582279887e-01 3.2526402076e-02 -1.9810324787e+00 -9.3053736738e-03 3.5159561585e-01 6.1416807992e-02 3.3716556147e-01 -5.7805762434e-02 1.1098435871e-01 -3.2492945310e-02 -3.4915868858e-01 -4.9808287800e-01 4.2539930643e-02 -1.1111495640e-02 -9.8780522789e-02 7.6858404976e-02 1.5419370480e-01 -1.5723463578e-01 5.9056225115e-02 4.1652987122e-02 1.5602713372e-01 6.1308635573e-01 -6.3926658732e-01 -2.4043828937e-01 -1.1158436404e-02 -5.5935227202e-01 3.4166025618e-01 2.3788805582e-02 5.9362882786e-01 -1.7244459451e-02 1.4435568722e-01 1.3094119836e-01 -1.2632843122e-02 -2.7063823170e-01 3.5386634113e-02 9.0509173650e-03 -3.8449804803e-02 3.3569828396e-02 -1.6505350967e-01 7.9928673044e-03 3.3748814481e-01 -6.9216064388e-02 -2.9095338493e-02 -2.2787531503e-02 -2.8510263321e-01 -4.5064895986e-01 1.5789432160e-02 6.7505781059e-01 -1.8710578270e-01 -1.5082334553e-01 -1.8743085212e-01 -2.3573116496e-01 -3.3592731354e-01 3.1042092183e-01 -1.8472144413e-01 6.8888739771e-02 -6.6919207336e-01 1.0513389392e-01 3.1421612815e-01 -4.0022969005e-01 2.2980047211e-01 -1.6835848298e-01 8.4533153195e-02 -7.7302768855e-02 2.3890868179e-02 -2.1057659423e-02 -2.8880859649e-02 -7.3291920052e-02 -1.8562748027e-01 -4.3140842212e-01 -1.1931091396e-01 1.4871085194e-01 7.1343495476e-01 2.1924581486e-02 -6.5564938651e-01 -8.4908497585e-02 -1.5269403798e-02 -8.8656955411e-02 2.1366317617e-01 -2.1349130686e-02 2.9889633448e-01 -5.2301705194e-02 2.4998320210e-01 4.1904927588e-01 8.2891292127e-03 1.7800776571e-01 2.2818088435e-01 -1.6627183757e-02 1.7257105405e-01 -1.6261769422e-01 1.7636392337e-01 2.6963889169e-01 -1.7846043330e-01 -5.8176710734e-02 6.0501666055e-02 -1.0470323987e-02 3.6674663272e-01 2.0424309760e-01 2.7648585258e-01 -4.7834953265e-02 -2.5332554297e-01 -2.3082481902e-02 -4.5892674322e-01 1.2015703912e-02 -3.8619518708e-01 3.1248469580e-02 3.2967695212e-01 6.9528962501e-01 -1.5869822965e-01 -4.3597353957e-02 -1.4731561609e-01 6.2554147929e-02 9.5548397718e-01 -8.9835356139e-02 -1.5727575788e-02 1.1881844142e-01 7.2323588052e-02 2.3886214081e-02 2.0094614241e-02 -8.0346856291e-02 -1.6917511540e-01 1.4833746673e-01 1.3383251317e-02 -4.6797219671e-02 -1.0438590000e-01 1.4896111607e-01 -2.2566475759e-01
7.9073814733e-02 2.6053840726e-01 5.7595292452e-01 -4.2739592288e-01 1.5407821864e-01 8.5115164912e-02 -9.3459917538e-03 -1.0899358533e-02 1.2851399419e-01 -2.2577641902e-01 -4.9330167600e-02 -1.3786336331e+00 -8.5456485434e-02 3.4928132195e-01 7.9054613986e-02 2.9046444974e-01 -6.8480764455e-02 1.8250715786e-02 -1.1025226965e-01 -9.0777744243e-02 2.7053049589e-01 -3.1900676703e-02 -3.5382748171e-01 7.1952369532e-02 -1.9187350640e-01 -2.7357556925e-02 7.5116053412e-02 2.9996873039e-01 8.9626593660e-02 -1.8778793179e-02 1.4558568151e-02 -1.0453149931e-01 3.7318416426e-01 -1.1084776374e-01 4.2154498830e-02 1.8666343089e-01 7.5359543127e-03 -1.1253046037e-01 -9.6463166460e-02 -1.6141395104e-01 -1.7782294419e-01 -1.2426675774e-01 3.2439774438e-01 -6.6778549841e-04 3.8656478223e-01 1.1733869706e-01 9.4079005958e-02 4.4536068481e-01 9.6537973068e-02 1.5560800542e-01 5.8625337548e-02 2.0313061669e-01 1.0496634771e-01 2.1245507676e-01 -4.3505288030e-02 9.8849602600e-02 -2.5347626320e-01 -2.0606636848e-02 5.8277359290e-02 -1.2054773150e-01 1.5558020310e-01 -5.6244103696e-02 8.9876445753e-02 -2.6267810483e-01 -9.6659434629e-02 -1.0932917761e-01 -1.5115932027e-01 -2.8760295452e-01 1.6549857871e-01 -1.4554059562e-01 1.3460713448e-01 1.6607836329e-01 3.8915503119e-02 -1.4886748708e-01 1.3767985831e-01 8.6012032246e-03 1.1102121210e-01 -9.2458083878e-02 1.4694952265e-01 -3.1044517807e-01 -2.6674644022e-01 1.1746761685e-01 -8.0007968570e-03 3.4318259500e-01 1.7308217448e-01 -1.7362046504e-02 -1.3897155639e-01 -1.0243254289e-01 -2.0491078793e-01 3.5303872081e-02 -1.4856884667e-01 3.2794436231e-01 4.6806052795e-01 -1.5098028024e-01 2.8761980400e-03 3.5052682062e-01 -5.4978208597e-01 5.0973823533e-02 1.7482958529e-01 -3.5123561118e-03 -5.4251546446e-01 -3.1349058107e-02 -2.1894948472e-01 4.0307606045e-01 1.5617692136e-01 -5.8941394647e-01 4.4718112560e-03 1.2795190504e-01 1.1696905348e-01 1.0862113774e-01 2.5957971094e-01 4.8201548021e-02 7.1026853595e-02 3.0851901067e-01 -1.1066708952e-01 9.2400858968e-02 -3.9004275518e-02 -5.0248472823e-01 -1.3972327207e-01 -7.9346761141e-02 1.2599542179e-02 -5.0079655396e-01 -9.6580700395e-02 -7.0248500300e-02 -2.0474660604e-01 2.4487485352e-01 5.7461540520e-02 -1.0182024398e-01 -9.6562554431e-02 -1.5140659988e-01 -8.6140963821e-02 -4.8168909499e-01 1.3542608364e-01 -1.2317865797e-01 1.0150769335e-03 5.8453090781e-02 9.6610391933e-02 2.1933591609e-01 -7.7053550537e-02 1.1309706092e-02 -8.6559882982e-02 -1.4996584651e-01 -3.5248608139e-02 3.3028915139e-01 3.1405180696e-01 -1.6891082688e-01 1.8904373851e-01 2.9850214365e-01 -1.8443238673e-01 -1.1271607073e-01 1.7864340849e-02 5.6348016038e-02 1.8980558036e-01 1.0578953443e-01 1.6487941272e-01 2.4286691442e-02 -7.6299671284e-02 9.7215903238e-02 6.8825989537e-02 2.7575695908e-01 -9.8626467043e-02 4.5566108190e-02
1.3395243210e-01 -6.2852401399e-02 3.0734135121e-01 -9.3618145483e-03 2.8976815676e-02 -4.6765579123e-01 7.2433619613e-01 3.1862748450e-02 8.6274058337e-02 7.8653283848e-02 -1.6543847356e-01 -3.1775438025e-01 -6.1454082971e-02 -3.1963946398e-01 4.4323394080e-02 -2.5822511092e-02 6.4666015131e-01 1.6823224566e-01 -3.3888959396e-01 2.7236052079e-01 -2.9871287181e-01 -7.7579600679e-01 5.7754780244e-01 1.0702950582e-01 1.5491938188e-01 4.5527668308e-01 -2.7175032684e-02 4.5008317711e-01 -4.7063160124e-01 3.9830696281e-01 3.6890387063e-01 -2.1953861675e-01 -8.3593123406e-02 -8.0366099944e-02 1.3215837959e-03 -3.9480484012e-01 1.3054885684e-02 -1.2901396319e+00 -7.0617258915e-02 6.0746272113e-02 1.1428756718e-01 1.2112075881e-01 4.5755251160e-01 2.3775651728e-01 4.0828228085e-01 1.5153799179e-01 2.5739516989e-02 2.3542144563e-01 6.0644586134e-02 1.5397061978e-01 3.0014733554e-01 8.4116802263e-02 2.2307879525e-01 -2.9340588755e-01 6.4054323601e-02 1.0260310986e-01 5.4925428512e-01 -1.7193824360e-01 3.6588709795e-02 -7.3503317116e-02 -2.3267916585e-01 -1.7820407479e-01 7.9855087043e-02 -6.5357665395e-01 -7.2717454618e-02 1.8380619831e-01 -4.0230303622e-01 2.8713205234e-01 -2.4793047559e-01 -3.0630395528e-01 1.1664327519e-01 1.2271387059e-01 5.9342558811e-01 -1.7074269022e-01 1.0332116101e-01 1.3163615207e-01 -1.1620427961e-02 1.7481209010e-02 -2.8852778736e-01 -5.7202732375e-01 4.6198562342e-01 7.4260014003e-02 2.6108060520e-01 -7.2232308180e-03 -4.7235440296e-01 -2.8814426792e-01 1.7193205236e-01 -2.4498058728e-01 8.5959597550e-02 3.1921384776e-01 -1.2121889951e-01 -1.1521660441e-01 -3.5960639087e-01 -2.9229364829e-01 -6.5762981853e-01 -2.4899325927e-01 1.5558937998e-01 -3.4599967128e-01 9.7535206471e-02 -1.0800848380e-01 1.8185439973e-01 1.7970523660e-01 1.9776919061e-01 -1.0057616354e-01 1.4264867801e-01 5.1161247830e-02 -6.2404830904e-02 -1.0692018881e+00 8.3366960232e-02 -8.8230266962e-01 -4.6971531764e-01 -2.9488855795e-02 -4.2391269991e-01 5.1809544345e-02 -9.0916614023e-02 7.8843864998e-01 6.4181852756e-01 -1.4442492898e-02 -1.2106429095e-01 1.4180269987e-01 1.0186262051e-01 3.5757933095e-01 -7.3228977358e-02 -8.5571532427e-02 -1.8742138203e-01 -2.5572338406e-01 -1.1542484072e-01 2.6256479328e-01 5.5373182964e-01 -5.3307416935e-02 -5.8481290360e-02 1.5329929865e-01 -1.7285732571e-01 -4.8818829699e-02 2.1747216818e-01 2.1144703333e-01 -1.1104086031e-02 3.7648929847e-01 1.9204284266e-01 7.4045527838e-03 1.9280886962e-01 -6.6618223752e-02 -9.7599496861e-01 1.1301238527e-01 -1.8819049030e-01 -7.5853181032e-02 -1.5417741428e-01 -5.7100554905e-01 -5.3191581757e-02 -6.5192104479e-02 -3.5933582482e-02 2.3767229697e-01 2.4375879644e-01 7.6170757244e-02 -2.6941257254e-01 -6.4893832187e-01 -1.3898035390e-01 7.2289166543e-02 2.9144629187e-01 9.6843648429e-02 2.6103017216e-01 6.1526219199e-01
7.7405343535e-02 3.5699031213e-01 2.4611913940e-01 1.6236537919e-02 -1.2459694626e-01 1.2498611606e-02 4.6452884627e-01 -1.1068972670e-01 -2.6020342611e-01 1.9367740022e-01 2.9433078877e-01 9.2948776131e-02 -1.0929141530e-01 6.0389480066e-01 9.1523842988e-02 -2.2762820610e-01 -4.5830585583e-01 -1.4234262101e-01 -1.6047141001e-01 2.8747927289e-01 5.5708546967e-02 1.7206879966e-01 2.6910732925e-01 -4.9728109339e-01 2.3354355987e-01 3.1715074065e-01 1.0478054102e+00 1.4615036656e-01 1.7502599759e-01 3.4176761265e-02 2.0908591600e-03 -9.5368845576e-03 1.5915677353e-03 -1.5631723445e-01 -3.4386617291e-01 4.0943507540e-02 -5.1737396090e-01 -1.0595809567e-01 -1.2442274143e-01 -9.8063035861e-02 3.5547985222e-01 -1.3845090120e+00 -4.6116412468e-01 -3.0834390005e-02 6.1375931316e-01 2.2262659881e-01 -6.8835182978e-02 3.1094582265e-01 1.2335487587e-01 -2.6478348691e-01 3.4636076873e-01 -2.0594763701e-01 1.9168046043e-01 -2.2259171096e-01 -5.8349723287e-02 -1.8995970910e-01 -5.6277147767e-01 1.9076093728e-02 1.0518593398e-01 -1.1911934141e-01 -8.5358930305e-02 2.2697253953e-01 1.3668639621e-01 -1.1376454163e+00 -1.3610229567e-01 -1.5746387341e-01 1.0719154646e-01 -1.9537670099e-01 4.2237523686e-01 -1.1909478342e-01 1.7712450172e-01 2.0385624737e-01 -1.9399221882e-01 5.3365469035e-02 1.4858281720e-01 -7.4997723812e-02 -3.5722615489e-01 -2.4823863482e-01 1.1275624002e-02 -3.0779915186e-01 -5.1758896222e-01 1.5120348226e-01 1.4386370035e-01 1.3916325174e-01 -1.2172410405e-01 3.7746595973e-01 5.5551910310e-01 -1.9290120473e-01 -3.7819217242e-01 -5.2274637068e-01 8.5271659051e-02 6.4646108532e-02 6.5860326971e-01 -9.5806771766e-03 3.3604033228e-01 -1.7785345443e-01 -2.5875416860e-01 4.8278561465e-01 1.8011348021e-01 -2.2422430027e-01 4.3339377578e-03 -3.1751970873e-01 4.8816634572e-01 1.6330848894e-01 2.2778382666e-01 -1.1541152037e-01 3.2808439840e-01 -3.2988354487e-02 1.5792582690e-01 5.3198572759e-02 -1.8210641594e-01 3.6996485284e-02 -6.4425077750e-02 -1.5646957728e-01 -1.6331005766e-01 -3.9924544658e-01 3.5485607885e-01 -2.9842082486e-01 9.7898063035e-03 8.1485993149e-02 -6.0932413776e-01 -1.0136943931e-01 -1.4365440937e-01 6.8607616581e-02 2.8118577800e-02 -3.4136884962e-01 1.2630035799e-01 -4.8475351901e-01 1.5182395028e-01 1.2806028317e-01 -1.3252815221e-01 1.1893350109e-01 2.2738614402e-01 -6.0306546374e-01 -1.6784162414e-01 1.0188188314e-01 -6.0728964264e-02 2.7587347637e-01 -5.5073906047e-01 -2.8040397291e-01 4.0636041307e-01 -1.6453445057e-01 -2.7627226234e-01 9.9688618680e-03 4.0955482627e-01 3.2976827791e-01 2.6488640153e-01 -1.3931929351e-01 2.7414643007e-01 -1.3744730173e-01 -9.4571151824e-03 -2.1116731093e-01 4.4387919601e-01 1.5623464371e-01 -7.5505485516e-01 -4.7550565413e-01 8.1955504588e-02 1.3489824141e-01 2.7953978109e-01 -4.8410712073e-01 -2.9690492353e-02 -1.1882687126e+00
-2.0339663356e-01 -2.9163942159e-01 -1.3466243218e-01 -7.6933310723e-02 6.6041865207e-01 2.4953612462e-01 1.3456737367e-02 9.2804782327e-03 2.6032646070e-01 -1.6731532027e-01 2.0371126755e-01 -3.4769336407e-01 -8.3008743703e-02 -2.9683968144e-01 6.8287328519e-02 -1.0057885470e+00 -3.3648357431e-01 1.7829594310e-01 7.7768186766e-02 9.0255999311e-01 3.7746135900e-01 2.8104239904e-01 1.8149122425e-01 1.4819327325e-01 7.7373195057e-02 -9.5477422790e-02 3.2065655517e-01 3.3327647646e-01 -8.1817516782e-02 -1.1690462038e-01 -2.0697019291e-02 1.6001190779e-01 4.4315805261e-01 -1.1452859185e-01 4.1442483481e-02 7.7098154307e-01 1.9882329740e-01 6.3983954471e-01 -9.0062081172e-02 3.0104096516e-01 -2.1648770942e-01 3.1719448021e-02 3.4114092367e-02 2.0475801802e-01 1.8146857523e-01 3.7988750035e-02 -5.7919450530e-01 -2.8820586508e-01 -5.1943599336e-01 1.3952970188e-01 -9.5623156156e-03 -2.5755070074e-01 2.1139661320e-01 -1.1968868407e-01 6.9150815544e-01 -2.3483193875e-01 1.8156316923e-01 -7.6722510725e-02 3.4829143925e-02 -1.0205405502e-01 2.1588097977e-01 -1.4360192224e-02 9.6143749519e-02 -1.1348969992e-01 -9.2183896867e-02 3.1951817040e-01 3.8562406374e-01 3.3612265058e-03 -3.9587087872e-01 2.6102350470e-02 1.3970591295e-01 1.4585943417e-01 1.6328662789e-01 -7.0879870095e-02 1.0365531316e-01 3.7496754100e-01 -1.6506643014e-01 1.2935354823e-01 -9.5628185209e-02 -6.4011088544e-01 2.1264794115e-01 1.0864592923e-01 1.5608407579e-01 -1.1396150722e-01 -1.4181425278e-01 -2.5575714976e-01 -3.8588287704e-01 -4.0097493994e-01 -2.5487146796e-02 -2.7094279481e-02 2.4127183923e-01 3.1922640670e-01 6.9771965028e-02 9.7133211227e-02 5.3227116160e-01 -2.7455625694e-02 -1.0798307630e-02 -1.0930447883e-03 -3.3551271488e-01 1.3953932791e-01 1.8816439066e-01 -2.6059948868e-01 3.4772061376e-01 -5.9931549171e-01 1.9158846016e-02 -9.0001646635e-02 4.7388300540e-01 -7.1377567718e-01 1.1405625864e-01 4.1453840038e-01 -1.7656979194e-01 -5.9134723561e-02 -4.3869447739e-01 6.8468832254e-02 -1.0783458285e-01 -3.2237951575e-02 -4.8725305623e-02 6.0939815718e-02 1.8781495044e-01 4.7947057510e-01 3.8668105300e-02 3.1142974323e-01 -9.7962683174e-02 -2.5142984465e-02 -1.6559815034e-01 -2.2154607703e-02 -8.3390518387e-03 1.5290763437e-01 -1.3568290378e-01 1.7256335345e-01 -8.4098872971e-02 -1.4637871369e-01 3.7784503608e-01 3.0031814973e-01 -7.5904924767e-02 4.0970434027e-01 -4.6201132252e-01 -2.0651510233e-01 2.3316891460e-01 6.0862440234e-04 1.4551718155e-01 -1.9911816432e-01 2.8265597037e-01 -4.5199154882e-01 1.8825058786e-01 -1.9949915914e-01 -8.2636978271e-02 -2.0575586199e-02 2.7671647042e-01 -1.0404951712e-01 -8.2909813305e-03 -1.0226564662e-01 2.9188070810e-01 1.0974889070e-01 2.1071287648e-01 2.4850349719e-01 -8.6729563795e-02 8.9950542630e-02 2.7157281053e-02 5.9786126795e-01 -2.7221710617e-01 6.1933566102e-01
-2.1601153238e-01 -8.2802685804e-03 2.6079823853e-01 3.4070812221e-01 -2.1402371928e-01 3.1735351997e-01 -4.6788582079e-01 -5.6694168815e-02 -1.8852289790e-01 -3.1397238514e-01 -2.3623335453e-01 1.6353738777e-01 1.1115891330e-01 2.4490568784e-01 -8.1950230417e-02 1.2974975236e-01 6.2673968444e-01 -7.1258428716e-02 3.4956041927e-01 -3.3069616097e-01 -5.1062657822e-01 -7.7386950410e-01 -5.4532913512e-02 4.7296983167e-01 5.1813057368e-02 -2.5865285473e-01 -1.1301986590e-02 -4.2249123492e-02 6.7311211422e-02 2.0888369502e-01 -6.6950735916e-03 -1.2362849708e-01 7.6577739097e-02 1.1591965501e-01 1.7084432632e-01 2.4285784738e-01 9.6755626820e-04 7.1553389902e-01 1.0870504223e-01 -2.8958694774e-01 -7.1073839780e-02 2.1854139877e-01 1.0814055667e-01 1.9038630767e-01 -1.8885834536e-01 -5.7499268847e-01 1.2468340937e-01 1.4947679308e-01 2.5063475244e-01 -3.1403708694e-01 6.6653614444e-03 2.7493858752e-01 -2.3201423350e-01 9.1344178271e-02 9.1452511257e-02 3.3924058190e-01 2.5009915610e-01 -3.0686909228e-01 -6.9496481456e-01 1.4922142465e-01 -1.9851368566e-01 2.9356473710e-01 -1.2072247066e-01 -1.1876462043e-01 1.1272778551e-01 9.4487469997e-02 2.3250132154e-01 3.3950268219e-01 -9.5932191057e-03 -4.3109637790e-01 -1.5508365916e-01 -1.5812926630e-01 9.6570965698e-02 2.4799004582e-01 -1.3814894223e-01 2.9864563889e-01 -3.3379155726e-01 -2.5295153709e-01 -3.1595056842e-02 2.8548885396e-01 -1.1649148411e+00 -1.2001187669e-01 -1.2519529960e-01 -2.1962575192e-01 1.2695570180e-02 -1.9160765255e-01 2.3162351357e-01 -6.7045515731e-01 -6.2786468343e-01 6.0646735131e-02 -1.4345512091e-01 2.1171738959e-01 -2.5540772657e-01 3.2406182195e-01 -2.7727205244e-01 3.0065481788e-02 2.2618041365e-01 -3.4600189700e-01 -1.0246776773e-02 -8.0831742974e-02 2.2082495653e-01 3.1463949716e-01 -6.0396504201e-02 1.5828163005e-01 5.5717980934e-02 -8.8645120660e-02 7.1594250360e-02 3.8136615961e-01 -1.1698781714e-01 -1.8597755503e-02 1.9413920834e-01 -1.6446930769e-01 -1.8512913036e-01 -3.5082375442e-01 1.2539921002e-01 4.9001178505e-01 1.1669364990e-01 -2.5921399738e-01 -1.5961338441e-01 -4.9498445596e-02 4.5048411319e-02 -2.9676449487e-01 1.0961486929e-01 2.3985016996e-01 6.3054354107e-01 -3.1927598226e-01 4.7581027320e-01 6.6674182919e-01 -2.1857648459e-01 5.7609965444e-01 9.6762018800e-02 -9.8272578377e-02 -1.9808647205e-01 1.1080606469e-02 -1.3431193719e-01 5.1138460566e-01 -2.7815940284e-01 2.4330854218e-01 2.6011671238e-01 -2.5765024998e-01 -1.6538431833e-01 -2.8084467665e-02 2.8056549901e-01 1.4115132542e-02 8.3019690475e-01 3.3319740951e-02 3.8671718552e-02 5.1289508549e-01 8.1340917038e-02 1.1457941209e-01 9.6924822391e-02 -6.8473099152e-03 7.2278939861e-03 -1.1633083217e-01 1.2074410183e-01 2.0034592572e-01 -8.0010582456e-01 -1.1084972663e-01 -3.4492626360e-02 6.7676676814e-01 -2.8030271785e-01 -2.2577064409e-01
7.5140242327e-02 4.5106712051e-02 -4.7185722558e-02 4.8618838688e-01 -1.4899730385e-01 -3.5263619953e-02 -1.4414136520e-01 3.6496517607e-01 4.6942662050e-01 -1.7339017063e-01 -1.4399336550e-01 1.4916866002e-02 -1.4165262401e-01 -3.4539926956e-01 1.2690330861e-01 8.5632403316e-01 4.8776657239e-02 -3.0983966996e-01 -2.1100146576e-01 -1.0541503176e-01 2.3248195977e-01 -1.7146209456e-01 -6.0564124015e-02 1.3876268560e-01 -9.3581055425e-02 2.6640214773e-02 1.2926781452e-03 2.1651980684e-01 1.5206541358e-02 4.9750806164e-03 -1.6644722484e-01 -5.1007696739e-02 -8.9439918381e-01 -1.8056171143e-01 -2.2090629152e-01 4.3811922650e-03 -1.2372190983e-01 -2.3265677140e-01 -1.5717416524e-01 -9.0863717057e-02 -1.3978016555e-01 2.7910118949e-01 -8.0567263381e-02 -1.1323665138e-01 7.1791856654e-01 1.0893870711e-01 -3.3114155602e-01 -2.9853931568e-02 6.8842853491e-02 -8.3363277865e-02 2.6532827811e-01 1.5965581476e-01 2.5200661695e-02 4.0403471273e-01 -1.8031187297e-01 2.1106612538e-01 2.6845949153e-01 -3.4944135156e-01 1.9408449389e-02 -1.7198037112e-01 -9.3482443826e-02 -7.6283515856e-02 1.5690639418e-01 -8.2775408548e-04 -1.5990605635e-01 7.4158429008e-02 -1.9786571917e-01 9.9625937183e-02 -1.9886169144e-01 -1.2582411859e-01 2.3237035492e-01 2.9288569138e-01 2.6129776473e-02 3.7469227970e-01 2.0331271500e-01 1.9684333281e-01 -1.5405618479e-01 -2.4040481950e-01 1.4129412440e-01 2.2828508504e-01 1.3263598897e-01 1.7871541924e-01 -1.2518643084e-01 1.7483873770e-02 1.7994548990e-02 3.7506235429e-01 -1.4358955006e-01 -1.4428966519e-01 -6.5262379643e-02 -7.2726678288e-03 -2.4294668731e-01 2.0519326375e-01 1.2647016424e-02 -1.6462149740e-01 -1.7965418556e-01 -2.0304920415e-01 -6.4621095037e-02 -3.1434691232e-01 -1.3009817605e-01 -2.5444658009e-01 -2.1827510580e-01 -1.5332919560e-01 -7.6481363439e-02 1.4687423647e-03 1.0313843520e-01 7.6382840361e-02 2.4654801612e-01 -2.3329446362e-01 1.8007771511e-01 1.7055915245e-01 2.6958909648e-01 6.8040606857e-03 1.7143422194e-01 -1.5471487909e-01 -1.8043864799e-01 -2.8591551302e-01 -9.7369396254e-02 2.1257374014e-01 2.6380574831e-02 2.3927660409e-01 3.8646809376e-02 2.3074921109e-01 -1.6495657449e-01 -2.8539753734e-01 5.6578094704e-02 3.0067885697e-01 -5.1418270458e-01 -2.6064722998e-01 -1.6837465270e-01 -9.7001625020e-02 -1.4880145501e-01 2.1998824670e-02 3.0312488511e-01 -3.1494204446e-01 -2.2839328804e-01 3.2801666629e-01 6.3468025787e-02 -7.7607205279e-02 8.8292603605e-03 -1.5329566498e-01 -8.3889992873e-03 -1.2723969652e-01 -1.7680352930e-01 -1.2083215654e-01 1.4042794248e-01 9.7937651225e-03 5.6940864543e-02 3.0816711697e-01 1.8358595950e-01 -1.7047543931e-01 1.2859055959e-01 2.6484354936e-01 -2.2868524910e-01 1.7591262426e-01 -8.7611476141e-02 3.6675047803e-01 2.1080933550e-02 1.6249007305e-01 8.3513358125e-02 2.5171357451e-01 4.5322835416e-01 2.7101520560e-01
-1.9277493135e-02 1.9728833350e-01 -4.4021118387e-01 2.0428069193e-01 5.8992556503e-02 3.0022802353e-05 2.9685866354e-01 4.3350525315e-02 -2.6340137029e-01 -1.3003650734e-01 5.7620285401e-01 -5.1500361226e-02 1.0174567255e-02 -1.4858771427e-01 -1.4226057430e-02 -2.2496263827e-01 2.6939203249e-02 9.3741013410e-02 -1.3285114976e-01 2.1581569198e-02 -3.1510990796e-01 8.6520680639e-01 -6.7218745466e-02 -1.0773395409e-01 -4.7204278903e-02 1.1915167017e-01 1.1980956911e-01 6.2350302886e-01 5.0548448630e-02 4.2325981957e-01 -1.1941038293e-01 7.4998551401e-02 3.7627900257e-01 -2.2238745222e-03 -2.2612327282e-01 -4.6811827030e-02 1.0836442830e-01 3.4568033676e-01 -9.6365169112e-04 -1.4666040524e-01 -5.2768037698e-02 -6.7760430233e-01 2.6453996888e-01 4.1933032831e-02 5.8414307939e-01 -2.3946962904e-01 -2.3666913598e-01 1.5299849557e-01 5.6214235248e-02 -2.7734321587e-01 -5.0604603176e-01 6.9063871944e-02 2.9087773079e-01 -3.2380805503e-01 -3.6901288660e-01 3.5669227060e-01 2.6789176732e-03 2.4930137860e-02 9.6014366257e-02 -1.1756685955e-02 2.1382308907e-01 5.4726710961e-01 -1.1116572562e-02 -3.8075237143e-01 8.5335523618e-04 3.4090130518e-01 -7.6703194027e-02 7.0872303481e-01 -2.4546889908e-01 2.2129204480e-01 4.9195504303e-02 8.8265842903e-02 -1.0094945806e-01 1.3055939261e-01 1.5836633713e-02 -1.8602146140e-01 -7.7770094251e-02 -2.2704322890e-01 1.4991770101e-01 -4.4519141260e-01 -2.1808130588e+00 2.9997705853e-03 5.0279902281e-01 2.0189929615e-01 2.9523068673e-02 -1.3461361857e-01 -1.9785602148e-01 2.8373304841e-01 -5.4207271561e-01 2.7795051020e-01 -2.9400156825e-01 6.1098555974e-01 6.9012293102e-02 1.8284519798e-01 6.6668817629e-01 1.5741363735e-02 -1.7205150919e-01 -3.0687775397e-02 -5.2699800028e-01 -1.6228653451e-01 -2.0009644272e-01 1.0168542671e-01 -3.3702743662e-01 -7.8748274290e-03 2.0726331949e-01 -2.8608785101e-01 -6.9721548550e-02 -2.8620436481e-02 -4.0253970786e-03 -6.6326486024e-01 8.8971275912e-02 1.6458715355e-01 9.4171231900e-03 -2.3520923777e-01 -9.0762742203e-03 3.3061196232e-01 -3.5654576763e-02 3.7906907536e-01 -1.6676702550e-01 1.3261593473e-01 8.9921683160e-03 3.3950880331e-01 5.3428859843e-03 1.4548743779e-02 1.8631986970e-02 3.0767066018e-01 -3.6379091261e-01 -2.7615988832e-02 -2.3186253905e-01 -2.9666927974e-01 8.5552664803e-03 -1.4599051478e-01 -2.2942348426e-01 1.8290211449e-01 -9.4228253329e-02 -5.1082133793e-01 1.0542471768e-01 -4.8273101800e-01 1.1812163381e-01 -5.2805312963e-01 1.6691115280e-01 -5.8317852676e-02 -4.7877938896e-01 -2.2079789008e-01 -3.5012318618e-02 2.0278507334e-01 -2.9351048424e-01 -2.6679979605e-01 -9.1502601860e-02 -6.3164161322e-03 6.9777375397e-02 2.6899995312e-01 5.2887755848e-02 -5.7593810811e-03 1.4131151906e-01 3.0645568554e-01 2.9611241412e-01 1.3079612818e-04 1.9942649150e-01 5.9205640246e-01 -1.2145983373e-01 -1.4823907556e-01
2.3065628598e-01 3.8819803002e-01 1.2659461711e-01 4.2625693705e-01 3.6272101586e-01 -5.3666977714e-01 2.5018073307e-01 -2.2698257988e-01 -3.5396850578e-03 3.4628669689e-01 -3.7574283108e-01 1.0756207973e-01 -1.3548498473e-02 -2.8877544955e-01 6.0222552402e-03 -4.9109481593e-01 2.7627986013e-01 2.0608290952e-01 4.1748656334e-01 3.6472089543e-01 -1.1227960089e-01 -4.1726434736e-02 1.0913057241e-01 1.1882426322e-01 8.2287092484e-02 -1.7121817329e-01 -1.9454757284e-01 -1.3745902159e-01 4.0377119891e-02 -5.1695736633e-02 -6.2172093486e-01 6.9286541102e-02 -1.9445442137e-01 -1.9760261650e-02 1.3586324696e-01 -7.1580672729e-02 -6.4038621154e-02 -2.4202668455e-01 -1.1326237703e-02 2.4623880370e-02 7.4548510944e-01 5.8789692212e-01 -2.1439416792e-02 4.1323416365e-01 2.2331451833e-01 -1.9763633286e-01 -1.7499138784e-01 -5.4172278573e-01 -3.5306488153e-01 -5.0276478580e-01 -9.0449305180e-02 1.3618126752e-01 1.8514959173e-01 -1.1535242539e-01 -7.3438733203e-02 1.3690996283e-02 5.7305406620e-01 3.1004819314e-01 -1.6960455460e-01 -1.8138895979e-02 5.8296485866e-02 -1.2749244254e-01 1.2644937464e-02 -3.4638776939e-01 -1.2466664188e-02 -5.9707781389e-01 -1.8045309790e-02 6.3849337934e-02 1.7153319176e-01 -7.3819621668e-02 9.0950426678e-03 6.6793840338e-03 -4.3118735711e-01 -1.8444147593e-01 2.3906476936e-02 -1.0755627849e-01 2.6815886285e-01 8.7358556158e-02 -4.8999508436e-02 -3.1134614172e-02 4.4182628071e-01 2.3550406163e-02 5.2901854489e-01 8.1780101827e-02 2.7013290368e-01 -3.0744540023e-01 1.1145382387e-01 -2.0871548461e-02 -4.3929471428e-01 -4.5663218670e-01 -4.6584235213e-01 4.2586799958e-01 3.8467520427e-01 -4.7697915030e-01 -3.5122281995e-01 -4.0223532667e-01 -8.6322545570e-02 2.0673980001e-01 2.1114831738e-01 1.1009371565e-01 -1.7779887959e-01 -2.4263807616e-01 -1.6394833758e-01 -2.7007491221e-01 2.6492961396e-02 -3.5037015939e-01 -5.0914950975e-02 -5.8623174357e-01 2.2225046797e-02 -1.3391332210e-01 4.3724103257e-02 2.4628545070e-01 1.8260000853e-01 4.9928945432e-01 -2.3616430767e-02 -1.7581018331e-01 1.5034695201e-01 -4.5943931420e-01 2.6036334528e-01 -6.6057519344e-02 7.3909279415e-01 -1.4804248468e-01 -1.4712876333e-02 -3.4880866369e-01 1.7875374905e-01 -2.2472011263e-01 1.7160398682e-01 6.8260141981e-03 -1.9455721874e-01 -2.9497743495e-01 -1.7883663571e-02 7.3466484770e-01 6.8727081882e-02 3.6198494379e-01 -4.2476418623e-02 3.6857309861e-01 1.7354987493e-01 9.0151338868e-02 9.9961418711e-01 -3.9931382341e-01 1.3749180057e-01 -3.7658499826e-04 -1.2469658803e-01 -2.8267352160e-01 1.6301096198e-01 -2.0656525138e-01 -2.1824371921e-02 3.3146273480e-01 -3.9708929963e-01 -2.6640046701e-02 -5.0531907366e-02 -1.2671935699e-01 3.0884249232e-01 1.9878222245e-02 -1.6878536543e-01 4.8751549321e-01 -1.1975530813e-02 1.7901288102e-02 -2.3171807909e-03 3.6353109323e-01 -1.4703882727e-01 -1.9629143903e-01
1.0095220410e-01 -7.8809707639e-02 -2.1153352831e-02 -3.0356510696e-01 -2.2179270311e-01 -1.4125357715e-01 -1.6428873922e-01 1.6053645640e-01 3.0893789956e-01 -1.2958400837e-01 -2.9024700515e-01 -9.3398070877e-02 -1.4900005645e-02 -3.5690508812e-01 1.4858411966e-02 -7.3263721415e-02 -4.3909742979e-01 5.4207312242e-02 5.6926337169e-01 -2.9722295354e-02 -2.2770788534e-01 -2.1784338099e-01 3.6991120482e-01 -5.3074166704e-01 -7.5238511211e-02 1.5218695226e-02 1.5268527944e-01 2.0983975396e-01 6.7517539605e-02 -1.3412293370e-01 3.1082549796e-01 2.5403187506e-01 -3.2217401622e-01 -1.1845022887e-02 -7.7420595438e-02 -3.3637462660e-01 -2.5693528551e-01 5.7813984062e-01 -3.6190521695e-03 1.6161159343e-01 1.1217721480e-01 3.2086057295e-01 -9.6598457321e-02 6.7167984522e-02 -3.2301797403e-01 -1.7927864542e-02 4.2254265465e-01 -5.9700989723e-02 -1.5422405743e-01 -1.3056065003e-01 -1.7886925011e-01 -5.2123140889e-01 -2.5640511913e-02 -4.6612516742e-03 -2.2565537399e-01 -4.2831564886e-01 5.0529068033e-01 -3.7308186914e-01 -2.1594503559e-01 -3.5243129823e-03 3.7429553132e-01 -1.3331719750e-01 1.3069265679e-02 -7.6053278241e-01 -8.9467437683e-03 7.2837267749e-02 8.4504654572e-03 1.2406846827e-02 -1.5530038185e-01 -3.1765208725e-01 8.6598041199e-04 -9.6331766245e-03 -1.0632278814e-01 -4.8603417175e-01 -1.0954425094e-02 1.8791568520e-01 2.3124774994e-01 7.8449317967e-02 -7.0762289080e-02 -1.7749895187e-01 -1.3351479188e-01 1.1325593051e-02 3.6968058579e-01 1.4721511284e-01 6.5204039034e-01 -1.9722198805e-01 9.8081293127e-02 -2.8502549714e-01 6.0843253985e-01 3.1460867830e-01 -4.7367561000e-01 6.0100658271e-01 5.0204117899e-01 8.6242024124e-02 1.0612588813e-01 5.1644244425e-01 9.0855429761e-02 -1.2845891963e+00 3.3230438969e-01 -1.1721065251e+00 -1.3049878733e-01 1.8833355615e-01 -4.4183878326e-01 -4.0941525501e-02 1.4263181588e-01 -4.0478882946e-02 -3.5855315277e-02 -2.5871533305e-01 1.6233596202e-02 3.2958500449e-01 -1.2516914182e-01 -2.4847366077e-01 3.5764644538e-02 -1.1604044332e-01 -3.9584512833e-03 -6.3902699678e-01 5.3476665371e-01 -2.0038695144e-01 5.6854841992e-04 -3.0003283033e-01 -6.3772689834e-01 9.8380255623e-02 -1.4098318678e-02 -4.2772548587e-01 1.3532911245e-01 -5.6120268258e-02 -1.2791407726e-01 2.1877036383e-01 1.7660036911e-01 -8.4620323438e-03 -1.9624553131e-02 1.5044576485e-02 -1.1009855230e-01 1.0386544548e-01 -2.7069607867e-01 -1.7934808770e-01 -7.4164904956e-02 -1.6449724277e-01 -1.1780896713e+00 2.5281614962e-01 -9.3574911280e-02 1.9961039842e-01 5.3447253065e-01 -4.5762755386e-02 -1.0896932741e-01 1.9477941505e-01 -5.1304880919e-02 5.2938557644e-01 5.7599924604e-02 -1.5622906998e-02 8.1742531429e-02 -9.9337212531e-02 6.2879144165e-01 1.4175899065e-02 -8.4215307027e-02 -1.5785988861e-01 4.9029677063e-02 8.5179752661e-03 5.3627462655e-02 2.0099421764e-01 -1.3575489705e-01 3.7680584916e-01
4.7502287735e-01 -8.8184477797e-03 -8.6144425571e-01 -7.3687813185e-02 -3.5511544047e-01 -2.7154969488e-01 -1.7798100361e-01 5.7555921404e-02 2.0009591916e-01 2.3037435689e-01 -8.7468623499e-02 -3.3304768292e-01 1.3043729079e-02 1.4231738457e-01 -1.6684301678e-02 -3.0862260750e-01 1.6255270436e-03 -3.1220843729e-01 1.2866399981e-01 4.0829142975e-01 2.6759013895e-01 1.5153316800e-01 1.1635380893e-01 2.4711597428e-02 6.5758270576e-02 1.9838840030e-01 -1.6575199735e-01 -3.7643833376e-01 -2.6902511156e-02 -2.2572783028e-01 4.4813781102e-02 1.6476507352e-01 1.8518197648e-01 8.3185526000e-03 6.5979226917e-02 4.2805060969e-02 -2.2444873476e-01 5.1449451586e-02 1.4517437704e-02 -6.1349378006e-01 7.1746494032e-02 -6.0172555926e-01 4.7326603313e-02 2.5939007821e-02 -2.5786496667e-01 1.9250558655e-01 1.7126396995e-01 -3.1261945878e-01 3.3486497439e-02 1.3056639256e-01 3.6591760041e-02 3.4877629195e-01 -3.8473742647e-01 -5.5306845435e-02 -4.3568174510e-01 3.8899656983e-01 4.6103187095e-02 5.2775278383e-01 -1.5012012331e-01 1.2067240144e-02 5.7780473280e-01 4.1933107967e-01 -4.2282650601e-03 -4.9455327237e-01 6.2754678419e-03 -6.3250531266e-02 -1.7989571595e-01 -4.9942734425e-01 4.0630329052e-01 1.2545620393e-01 -1.0533271659e-02 -3.0454100829e-02 2.2743856785e-01 2.9949767243e-01 -1.1440083150e-02 1.0437408591e-01 -1.7215305585e-01 -3.9321633027e-01 2.7930809976e-01 -4.7723248288e-01 -5.7286348649e-01 -1.3745839271e-02 -4.9699254242e-01 -4.7536915137e-01 3.3684328398e-02 -2.0798199660e-01 5.4062436251e-01 -1.7772789528e-02 -2.3832660440e-01 7.7020798379e-02 1.2758660492e-01 -9.5935194668e-03 -9.1525677717e-02 -1.8051925366e-01 -2.2819918200e-02 -6.5578199970e-01 -3.8432565223e-01 -1.1741220633e-01 1.1723307548e-01 -7.6450793293e-02 1.3970884935e-01 1.7478804883e-01 -1.5525310241e-01 -2.6973564514e-01 2.0224365431e-01 1.9961008307e-01 2.0328820555e-01 1.8394658710e-01 -5.1562020548e-03 6.7027774085e-02 1.2392850439e-01 -1.1082493818e-01 2.0330680602e-01 5.3382410603e-03 6.2145377462e-03 3.6755072843e-01 2.4656975825e-01 -3.5489663083e-01 1.6828928512e-01 -1.7987399190e-01 -3.8705112871e-01 6.6978204746e-02 9.8385301002e-03 -1.6674325182e-01 2.4634264636e-02 9.6920615038e-01 -8.0739144468e-02 3.8762962393e-01 1.5986519774e-01 -1.3383452395e-01 7.9456529873e-03 1.4969886563e-01 6.5105183439e-02 1.9682000942e-01 1.3577194277e-01 -1.2500274411e-01 -2.0877907854e-01 -3.5434209848e-01 -5.2426446286e-01 -2.5359852141e-01 1.0746765865e-01 -1.2022479019e-01 1.0688201476e-01 -1.8648530682e-01 -5.5760630768e-01 -2.7378897820e-01 1.2290110890e-01 -4.8104102763e-01 3.6194692041e-01 1.2547947725e-02 -1.4976952625e-01 1.2329932894e-01 1.2374989103e-01 -7.7552235283e-03 4.2226971140e-01 4.0803890369e-01 -3.3305498607e-01 -5.3277698748e-03 5.4929613561e-01 2.3177866463e-01 -4.1556911731e-01 4.5502603727e-01
-4.4869278799e-01 6.1926787065e-01 -3.1805867359e-01 9.5509033535e-02 3.2929604712e-01 7.6718602877e-02 -2.4052213087e-01 -1.3038195941e-01 2.2134464997e-01 -2.3039192040e-01 3.5365749403e-01 -1.8873261320e-02 -4.3138874954e-05 -4.5045082075e-01 -3.6899384438e-03 -1.7684137138e-01 5.5043220003e-01 4.0634468406e-01 -1.1692654507e-01 7.3235714109e-03 -2.1558205478e-01 -7.9801028527e-01 -2.5567576322e-01 1.0159206137e-01 -9.5467703396e-02 1.6270462166e-01 -1.9707937435e-01 -5.1734086167e-02 1.1391505976e-01 -3.2118511506e-01 -2.0335446051e-01 4.7964221784e-01 -1.3396462741e-01 -1.3793550031e-02 8.1387563770e-02 -6.3909425070e-01 2.9814383395e-01 3.3225758203e-01 -5.3102914790e-03 -6.7925051267e-02 5.7763449056e-02 6.2838923004e-01 -2.8132008222e-01 -3.3204861080e-01 -2.5212181258e-01 -2.1601030654e-01 7.2221158947e-02 2.4490063834e-01 2.1397276005e-01 -3.4820122616e-01 2.2861181246e-01 2.6466148060e-01 -2.0227503790e-01 -7.2720607582e-02 -2.2053633693e-01 -4.1132434899e-02 -3.2456618764e-01 -3.9002954747e-01 5.3822997271e-01 -9.3632209691e-03 -1.7730590339e-01 1.3814810427e-01 -2.3726116704e-03 -2.7726081482e-01 2.0240675676e-03 -2.5881573419e-01 2.6873053644e-01 -2.0503995855e-01 8.7225949512e-02 -3.6937646690e-01 2.2340413416e-02 8.6819131638e-02 6.4460788687e-01 2.6000681778e-01 4.2116084472e-03 -8.4857593651e-01 4.9428243073e-01 -9.5717401230e-02 2.0853579830e-02 -4.0940432924e-01 -9.9354937159e-02 1.2014984453e-02 3.1158638986e-01 -3.7686051631e-01 5.8872253514e-01 3.2859342600e-01 1.7586763933e-01 1.1602133687e-02 3.2417380741e-01 -1.9911607757e-01 1.8215151255e-01 7.4319289907e-02 1.4807796436e-01 2.7555217584e-01 8.7732511593e-02 -8.6330775553e-02 1.8459139808e-01 7.1667367943e-02 9.7999791570e-02 -6.4064687275e-02 -4.8568153378e-01 2.5035776480e-01 5.3954037456e-02 -1.5633153286e-01 2.9591278215e-02 -1.1877294541e-01 7.7728651966e-02 -2.5620669759e-01 9.0334946171e-03 -2.1097532985e-01 -1.7020728062e-01 -5.6857244631e-02 -3.2386163693e-01 2.9023112166e-01 -9.0853417752e-03 7.4522563984e-01 6.5178710127e-02 1.4598905543e-01 4.7262972221e-01 2.1593853216e-01 8.2994852805e-02 -3.1259950638e-01 -2.9139128850e-03 -6.5709009744e-02 8.2580584640e-02 -7.7885499934e-02 -2.0322142875e-01 3.0741608418e-01 2.1699286598e-02 -2.1550500425e-01 -6.1414936691e-03 -5.7109449462e-01 7.3654409039e-01 -3.3715383603e-03 1.6637325602e-01 -9.0856491090e-02 -5.8493740613e-01 -1.4127946386e-01 2.3037521014e-01 3.5443712109e-01 -2.7313440485e-01 -3.0125587732e-02 5.0783102693e-01 -1.2398806481e-01 2.2065665613e-01 2.4577054774e-01 -2.0675010595e-01 5.0433547124e-01 4.9706769425e-01 -1.9429276753e-02 2.8845355247e-01 2.9726792438e-02 1.9447197716e-01 1.0316303614e-02 -2.2801906885e-01 -2.2122699205e-02 3.6089881587e-02 2.0388550917e-03 -2.4125321991e-01 3.4581773610e-01 -3.5063906101e-01 -7.1631671849e-02
-6.4732667452e-02 -2.4900676560e-01 7.2581974197e-01 8.1223747633e-02 1.8243121167e-01 -2.9884617297e-01 -7.5789470811e-03 3.0121566548e-01 -2.5774167005e-01 7.7712000650e-02 -2.9913985596e-01 4.4183351908e-02 -4.3705485548e-02 -1.6308013364e-01 3.1170811094e-02 -5.9151683823e-02 5.5243631646e-02 -3.4266522554e-01 -3.6305082493e-01 -1.9958836676e-01 1.7768463998e-01 1.7373964547e-01 1.3916874898e-01 5.2335318330e-02 -1.8924272364e-01 -2.0819206583e-02 4.0609944297e-01 -6.5932951797e-01 -6.9407604027e-02 -2.2186125707e-03 -1.7806069395e-02 -3.7000034891e-01 -4.6473037176e-01 -3.8022364651e-02 1.4432320286e-01 9.2933646630e-02 6.7427794736e-01 -9.3555468184e-02 -3.9692985576e-02 -1.2435258886e-01 -3.3578600273e-01 -1.2524594967e-02 -1.9908209619e-01 3.4337510883e-02 -2.0941366104e-01 6.8811339130e-01 1.2810048903e-02 -1.1582233993e-01 -3.3357535869e-01 4.3635388580e-02 2.6490842867e-01 2.2729555301e-01 1.5075437257e-02 5.0384876994e-02 4.8735649646e-01 1.7668422879e-01 8.8738790030e-04 5.5923876181e-04 -1.1364648175e-01 -5.1923360637e-02 -5.9506235485e-02 4.8148161430e-01 4.4836255176e-02 -8.0822971543e-01 -3.7814136425e-02 1.2160815987e-01 7.7867395822e-02 -7.6565932372e-02 2.7333632255e-01 -2.0469941244e-01 5.1977749681e-02 3.5579633318e-02 -2.4567619288e-01 -4.9292643415e-01 4.5965022111e-02 1.3686506927e-01 -3.9098495553e-02 -1.8783074411e-02 2.2802867484e-01 -2.9750230660e-01 -1.2498062423e-01 4.1442901461e-02 5.4183278986e-01 -1.4798099520e-01 2.6867020155e-01 -8.7714975523e-02 1.4243698282e-01 7.2781563165e-02 3.1056780846e-01 -2.4403828982e-01 -3.8286116153e-02 3.2862588156e-01 4.1407736066e-01 3.5391902837e-02 3.4449797709e-01 9.8556354026e-03 -2.0397939714e-01 1.2352431838e-01 1.1718082889e-01 -2.8029688355e-01 1.4745863572e-01 -4.8100348038e-02 -2.3243275480e-01 1.4603652522e-01 2.2445930415e-01 3.8838260971e-01 1.6665740142e-01 1.0043804329e-01 4.0272872554e-02 -1.1615752859e-01 7.5158662035e-01 -1.0243545867e-01 1.7336031698e-02 2.9708351691e-01 -4.7073116152e-02 -3.7156820868e-01 6.2207110942e-01 -7.6622604188e-01 -3.9322629397e-01 2.5179443909e-01 2.2175255468e-01 6.9364432784e-02 -3.8968370543e-02 1.6269848684e-01 -1.7715814911e-01 -2.5655219036e-01 9.9847531480e-02 1.9945133964e-01 5.0741279568e-01 -1.3363771348e-02 -3.8722394232e-02 1.8635296563e-01 8.2977612826e-02 -1.8931256565e-01 1.3590146357e-01 -2.0710196469e-01 -2.2834269779e-01 -1.2511627559e-01 3.3551854635e-01 1.4973671303e-01 -4.0419694042e-02 1.4385512922e-01 -3.8943736163e-01 -2.7556795291e-02 1.3438670009e-01 -2.2134596419e-01 -1.6967825514e-01 -6.1683784583e-01 2.0676175962e-02 -4.3978082437e-02 1.4187146292e-02 2.8856983014e-01 4.4949909195e-01 3.9603976575e-02 -3.8577837523e-01 -6.7566103242e-01 -1.5273207822e-01 3.5563686913e-02 -5.4003788676e-01 -4.9443428365e-01 2.5327029849e-02 6.3056137265e-02
-7.3975399600e-03 -7.9138582463e-02 -2.8717497032e-01 2.0377361047e-01 2.3545632362e-01 3.1449439725e-01 6.9754163915e-01 -4.6659747907e-02 -3.3758896260e-01 4.2853623715e-01 -8.1355180716e-02 -2.2543512793e-01 -5.7728497388e-02 7.6460588007e-02 5.6815537360e-02 -4.3526953652e-02 -4.6546384310e-01 -4.3629117728e-01 -3.1408739999e-01 2.5202511864e-01 2.0441128327e-01 -6.6353068329e-02 3.3993796492e-01 -1.1021151423e-01 9.9203887131e-02 1.5534669613e-01 1.6260278160e-01 1.7373827676e-01 3.8997990442e-01 2.6267242510e-01 3.0600396761e-01 2.3650652628e-02 1.7668933455e-01 -7.7285736997e-02 -1.2436394198e-01 1.1946122608e-01 3.6218472832e-01 -8.2846986636e-01 -6.2623034480e-02 2.2353422309e-01 -6.0642787257e-02 7.8556112795e-01 2.6256946601e-01 8.0546780462e-02 2.4549396178e-01 -2.3516463306e-01 -1.1777277192e-01 -4.8825270084e-02 2.8643320341e-01 5.0069939630e-02 -1.7418547880e-01 -1.7484077151e-01 -1.3325306984e-03 2.2258075262e-01 -1.8642595161e-02 2.4174034950e-01 -2.8044529709e-01 2.2360136023e-01 -1.1018317313e-01 -5.7574075303e-02 -1.9696076376e-01 -4.0686316294e-01 6.9263093344e-02 3.9733200049e-01 -7.3786830054e-02 4.0146645679e-02 -4.6673380928e-01 5.9740230436e-02 2.0463473360e-01 -3.0500376195e-01 9.5695034729e-02 9.4243910881e-02 -4.0906724732e-02 -4.0034474637e-02 6.9643965997e-02 6.7783444152e-02 8.7814020309e-02 -7.9624650925e-02 -9.8288742547e-02 3.7124318636e-01 3.9087979863e-01 8.1092089015e-02 4.8817590218e-01 -1.5703695247e-01 3.9766874214e-01 5.7463010484e-01 5.1506350898e-01 3.8209048023e-01 -2.5906448840e-01 4.3144003350e-01 3.0055277362e-02 2.3492365243e-01 4.3178101999e-01 7.4039123157e-02 -6.7395444061e-03 -4.6584332996e-01 3.5683182243e-01 6.0114652825e-01 1.7153258798e-01 2.1748057385e-01 -1.5353134568e-01 6.1092756812e-02 -7.1741000651e-02 2.0185187951e-01 -5.0341750359e-01 -2.4554919659e-02 -3.9505968988e-01 -6.2138601820e-02 8.5464492769e-02 1.1378831428e-01 5.1650695895e-02 1.8626914787e-01 1.0913465936e-01 -2.9105134074e-01 -7.7895781988e-02 -6.9985601429e-01 4.6785896533e-01 2.4152079199e-01 6.8871563082e-02 -2.4552952253e-01 -2.8319649522e-02 6.1624780850e-01 -7.2542078148e-02 5.4259994828e-03 -1.7532241612e-01 -1.0923389452e+00 2.6723822664e-02 5.0300844843e-01 6.9496116460e-02 1.9242539286e-02 -6.7085438953e-02 -6.3643603363e-04 -7.5555813767e-02 4.5543962283e-01 -3.3369180908e-01 1.6509342310e-01 -6.3299681828e-01 -4.1645562978e-01 -1.6361467073e-01 6.7764156298e-02 -3.3321559634e-01 -1.2752677057e-01 -3.1969345644e-01 1.4315699396e-01 2.4304465554e-01 2.9341290269e-01 4.8905793032e-01 -2.0853779058e-01 -9.5257786544e-02 -8.1376631060e-02 1.5689521862e-01 8.1004916716e-02 1.6286069690e-01 7.7384609368e-02 1.5525016984e-01 7.6817052745e-01 1.0119663895e-02 7.3913708918e-02 -1.7643667387e-01 5.2403965702e-01 -8.4252974398e-02 -3.7494823164e-01
