2.2471430559e-01 9.0462541239e-02 -5.4622506124e-02 9.5042024214e-02 2.9062072048e-01 -1.7013397604e-01 2.1493310907e-01 3.6995456857e-02 6.5858803743e-02 9.1525874271e-02 9.4325656643e-03 3.8035657130e-01 7.5313857769e-02 1.4635853844e-01 1.9013814966e-01 -2.6785369521e-02 6.1837204183e-02 -9.2303419589e-02 -3.0201446495e-01 -3.4499404143e-01 -2.0777841708e-01 2.7557881503e-03 -6.7361503606e-02 2.6294868683e-01 1.9502375597e-01 5.3184959828e-02 -4.2159508882e-02 3.0056680212e-01 -3.0680699740e-02 -3.2453618255e-01 9.4800410288e-02 -1.3190660610e-01 4.9796468315e-02 9.2359850304e-02 1.3088200679e-01 1.7925351147e-01 2.3998895475e-01 -1.4688139719e-01 2.0654174053e-01 -5.9145660250e-02 1.7267371813e-01 1.2412259210e-01 2.4388445347e-01 -2.1955497642e-01 -7.5540064528e-03 -1.1938027001e-01 -1.0021673665e-01 7.2716279391e-02 1.3359734597e-01 -7.8586998621e-02 -1.0438056967e-01 1.9735689135e-02 -5.0120861586e-02 -1.8957982404e-03 -1.4055033072e-01 -2.5648670187e-02 2.1947447677e-01 9.6662852953e-02 1.6328367657e-01 5.8136005511e-02 1.7808462475e-01 1.9974144218e-01 9.0987430562e-03 2.3700147483e-01 -1.9071384826e-02 2.5878292230e-02 -8.9333531132e-02 -1.5188484845e-03 -1.1228051995e-01 6.5837654357e-02 1.7706940954e-02 -3.9631231776e-02 -1.8671434880e-01 3.5171751780e-01 7.7419599326e-02 -2.0379055739e-01 -2.1890736332e-01 -3.8162031596e-03 6.3645063459e-03 -1.1013667832e-01 6.4728130890e-02 4.7664241991e-03 -3.6728356268e-01 -2.5388054577e-01 2.0680205614e-01 2.0441528319e-01 9.9581583378e-02 -2.0305823769e-02 2.8885556442e-01 -5.0034845345e-02 3.2865363761e-01 -3.1770197204e-01 1.7818458966e-01 2.1430635837e-01 1.1800061874e-01 2.5365835089e-01 -5.6396210155e-02 -1.1429633974e-01 1.2211514212e-01 -1.3236436379e-01 9.2706155977e-02 7.7583213198e-02 9.4036621224e-02 -3.4456213695e-02 3.4030209370e-02 9.1736981993e-02 3.2658856586e-01 5.7617064083e-02 -1.1376655439e-01 5.7937933576e-02 2.9214970925e-02 4.5438555881e-02 7.4465950085e-02 -1.0974380141e-01 8.2311291052e-02 2.2256299473e-01 -1.0604220752e-01 2.0911238747e-01 1.9012996599e-01 -1.4352481115e-01 -4.5490538675e-02 1.7103122223e-01 -1.6722493803e-01 -9.2910124992e-03 2.1244556085e-01 1.7898088960e-01 -1.2949276111e-01 2.0876614015e-01 2.6071950254e-01 2.1963565297e-01 2.6540758744e-01 2.0592537513e-01 -9.9080257947e-02 3.3029023006e-01 -1.3710058995e-01 -1.4765465854e-01 -6.5371874020e-02 -1.1832434690e-01 1.1542861001e-01 1.5059469463e-01 1.6176279691e-01 -1.0091793379e-01 -9.3023422762e-02 -8.4693921493e-02 -1.5421026465e-01 -1.7345905525e-02 2.1517253127e-01 -5.9318150702e-02 -2.5298960741e-01 2.0592962332e-01 -9.4003030790e-02 -7.1929839935e-02 -3.1556146763e-01 -6.7107318080e-03 1.0250945706e-01 5.1024849888e-02 -1.2318901875e-01 1.4647363621e-01 1.4773498888e-01 3.5932857823e-02 3.5860753772e-01 2.3059196596e-01 3.3824346794e-02 2.0031565724e-01
2.1260281238e-01 -9.3583712780e-02 -6.3420357224e-02 1.4828677237e-03 1.7332924729e-01 -6.4412451062e-02 2.0667550815e-01 6.4058906570e-02 3.8080552161e-03 1.3396787485e-01 1.5837823072e-01 4.9343974288e-02 1.3626368159e-01 -9.9315032226e-02 -4.9489329401e-02 1.3240695538e-01 7.2463519183e-02 8.8038398852e-02 -1.7247099575e-01 1.7605979567e-02 1.9735282778e-01 -2.2864596273e-01 2.8194175563e-01 6.4175237884e-02 -3.9373535881e-02 -4.8781003490e-02 4.7857630528e-02 7.3269363486e-02 -1.5806845692e-02 -6.1442034027e-02 -1.1242847658e-02 -6.8786464100e-02 9.9088258439e-02 1.7885614348e-02 1.8702986944e-02 4.6343292114e-03 1.2487763842e-01 -1.0006591898e-01 2.3715932001e-01 8.3917488398e-02 2.6615266775e-02 3.1517391518e-01 -7.0541638473e-02 1.7077469189e-01 -5.3672568129e-02 1.4485164854e-01 -1.3209791203e-01 7.9687688658e-02 -1.0879293079e-01 2.4433153363e-04 -3.6439560823e-02 4.2252584166e-02 3.1575346405e-01 1.7307796563e-01 1.4232637634e-01 9.5716783750e-02 -5.1232240663e-02 -2.2954159021e-02 -2.3687952983e-01 1.4684466556e-01 -2.0575012740e-01 2.3504475211e-02 2.2388357146e-02 -1.1389282740e-01 2.2467215223e-01 3.0461763594e-01 -1.4099327734e-01 3.4049218264e-02 2.3114645177e-01 2.4243722757e-01 5.0276076864e-02 8.8734766947e-02 -9.3616407067e-02 2.1695659147e-01 1.1333626266e-01 -5.0103055259e-03 1.7424663964e-01 -5.2639899341e-03 8.7725153090e-02 -1.3837004039e-01 1.9441436168e-01 2.3668454190e-03 -8.2739543291e-02 3.3685163349e-01 8.9660576982e-02 -2.9298934131e-01 -1.9122392528e-01 -7.1362264633e-02 3.7394339013e-01 8.5905023227e-02 -1.7899682767e-01 -1.9837034454e-02 4.6749999901e-02 1.4135559583e-01 -3.5205531862e-02 3.4621874456e-01 -1.6032692808e-01 2.1045085756e-01 8.1762043575e-02 2.5106969574e-02 -3.7633722599e-01 4.5341314282e-02 4.7422326178e-02 1.9397735645e-01 1.7287485777e-01 1.6623479873e-01 1.0022283436e-01 1.0117411827e-01 -1.1136905676e-01 -7.2648510122e-02 7.7099220437e-02 -1.4058041532e-01 -7.3962014281e-02 -3.4303196191e-01 1.2215839348e-01 1.9574243210e-01 9.7381459340e-02 6.1576787059e-02 -1.1156539377e-01 2.0679770675e-01 -1.0814060020e-01 8.7299263034e-02 -1.3670192918e-02 9.8391928156e-02 2.1293726297e-03 -2.4080148386e-02 -1.4707703712e-02 7.4316133483e-02 2.5015439913e-01 -1.7486170287e-01 -3.0292822561e-02 2.3307441271e-03 -1.1780286475e-01 -6.5818959544e-03 -1.6272759029e-01 2.4288256720e-01 -1.1349753284e-01 2.5138730610e-01 -9.3486686174e-02 2.1572618651e-01 -1.5345270958e-03 3.1236572186e-02 5.3639956074e-02 -4.5179040706e-02 3.6174148064e-01 -3.7549346956e-01 -1.1368253543e-02 -7.7148770240e-02 5.9742851944e-02 5.6905635577e-02 -3.9944641223e-02 -6.9520917349e-02 -7.7747820407e-02 -1.0166655033e-01 1.3743682316e-01 -1.3371249261e-01 2.7930597499e-01 1.6142638239e-01 -1.0213036681e-01 3.2354797969e-02 -1.0223941166e-02 -3.9935416827e-02 1.7533691136e-01 -1.8795557706e-01
-1.0142351937e-01 3.3790472252e-02 -8.3821348584e-03 3.8546462714e-01 -8.1667882930e-02 -2.7095335559e-01 3.2756109345e-01 2.2584545339e-01 1.5821745615e-02 -2.3514428960e-01 2.9523258118e-01 1.4451145854e-01 7.0460019963e-02 4.6121597352e-02 -1.2091104062e-01 -5.0464194956e-02 -6.6114790420e-02 2.4006286001e-01 1.4630912367e-01 3.9789690643e-01 -2.0634875029e-02 2.6163543529e-01 2.0070928000e-01 1.5129789825e-01 1.3871963411e-01 1.3904490346e-01 1.8093343321e-01 3.3532030961e-01 -1.4935528798e-01 -1.0459125012e-01 3.7785050658e-01 -7.8795664318e-02 4.3787671385e-02 2.3599890735e-02 2.0383524411e-01 1.4460869427e-01 -2.0016500855e-01 1.9836610079e-01 1.8084396492e-01 6.3994110272e-02 6.7289447353e-02 1.8946737811e-01 2.9979610486e-01 -5.2800208073e-04 9.9894591553e-02 2.9480493219e-01 -7.8419860432e-02 -4.7883225966e-02 1.1334380607e-01 -6.8954022410e-02 -5.8444426725e-02 1.1092162702e-01 3.1531713060e-01 7.3865332203e-02 4.4110559425e-01 -1.2104674224e-01 3.3299329492e-01 3.2151954743e-01 -7.6010137245e-02 -1.9341665041e-01 1.0680891210e-02 -9.0101716929e-02 1.3073134903e-01 -3.2114049187e-01 -8.3401976331e-02 7.6113483161e-02 9.9365805977e-02 3.6816009586e-01 -5.7938738417e-02 -7.0069979234e-02 2.5326703457e-02 4.6314246446e-02 -9.5038400000e-02 4.8102135887e-01 -1.2978196716e-01 2.6539652315e-01 1.2728943279e-01 1.0156643013e-01 1.6847737648e-01 3.6586266970e-01 -1.0937183401e-01 -2.5211894206e-02 1.6240623682e-01 2.6995613745e-01 -1.3945056570e-01 4.1365816522e-01 -8.2535018251e-02 1.2862878784e-01 2.0064536585e-02 -6.0735955259e-02 -2.3765005174e-03 -1.5062806363e-01 -6.7853075703e-02 -1.5260433512e-02 4.6904082774e-02 -1.7292884010e-01 8.1971137761e-03 -2.8342652634e-01 5.3979055895e-01 -4.1903392811e-01 -2.4183085529e-01 1.8097985487e-02 2.0708644915e-02 -2.4717255561e-01 2.5367391762e-01 1.4188701625e-01 7.2540999185e-02 5.1090495400e-03 3.6544813242e-01 2.2670636662e-02 1.7275171269e-01 -7.6109068321e-03 1.4278674617e-01 -9.6486477406e-02 -5.5940107997e-02 -4.4782226815e-01 1.0893543382e-01 1.7931967652e-01 3.1220274445e-01 1.7975988158e-01 7.9887299607e-02 5.9154003146e-01 1.7709336375e-01 -5.6301651665e-02 9.2455179632e-02 -1.2991942060e-01 8.0405839407e-02 -6.8227398194e-02 -2.4307596531e-01 -3.2371626345e-02 2.2495558710e-01 6.2871378967e-03 2.5157127704e-01 3.1592657710e-02 -2.6564577316e-02 3.7183213551e-01 -8.6418641723e-02 -2.3614635676e-01 1.0040504869e-01 5.2136451780e-01 -1.1056919787e-02 -1.9003960476e-01 -1.6964952242e-01 2.0615387041e-01 2.8631981251e-02 3.6061492895e-01 -6.4585641891e-02 2.8738123233e-01 -9.7860183359e-02 -1.9403797167e-01 6.0792078922e-01 -7.4297993954e-02 1.3771108854e-01 -1.4080762098e-01 2.5772660961e-01 6.3881202117e-02 2.0599781192e-01 3.1618304822e-01 3.7866147817e-01 -5.7753837374e-01 -6.9632883311e-02 1.6852905898e-01 -2.3597837398e-01 3.2866334127e-01
-3.1516174571e-01 -1.1479576160e-01 -6.9645579737e-02 -1.7040419149e-01 -1.1283003511e-01 2.3842834150e-02 2.2500627905e-02 -3.5510174532e-02 3.1250457231e-02 1.1286231037e-01 -7.9372718461e-02 4.4663028561e-03 6.9132622636e-02 -1.8405619816e-02 1.0981065376e-01 1.0286526058e-01 -1.8554472858e-01 1.7782257901e-01 -3.3389621183e-01 9.6883575439e-03 -1.5234666038e-01 -1.9487570418e-01 7.4986750827e-02 3.9088221218e-03 -1.6994741491e-01 -5.0637395063e-03 2.5618803534e-01 -1.1397229566e-01 -4.7718170606e-02 2.8301691393e-02 -1.5719954130e-01 -6.0483946897e-02 1.4946960239e-02 -4.9510905995e-02 6.2586137121e-02 -1.0489384787e-01 2.2728376084e-01 2.6532483829e-02 -1.1999231795e-01 -7.4521992271e-03 2.7794506191e-01 4.8621078058e-02 2.4131614454e-01 -8.3757663213e-02 9.3911894235e-02 2.2952281122e-01 -2.4667851618e-01 -5.8869138750e-02 2.0067230401e-01 -1.2079086345e-02 -9.8020414451e-02 -8.6471136885e-02 2.6134116118e-01 1.9419764891e-01 9.9038521050e-02 -1.3466599360e-01 1.3571014049e-01 -2.0527007374e-01 -7.8315717865e-02 1.6418659687e-01 6.2074949028e-03 2.1742000742e-02 2.7993839347e-01 7.2052902002e-02 -1.1761233797e-02 -6.3994486662e-02 -1.1229536009e-01 1.3062381999e-02 1.2221969462e-01 -3.2061606242e-01 -2.8946337942e-03 -4.8412347258e-02 -9.7215300242e-03 -6.2300305893e-02 1.2085897937e-01 9.4085179683e-03 3.5555865477e-01 -2.2921553979e-03 5.9129236251e-02 -3.0451973959e-01 1.7089483702e-02 1.0279725410e-02 1.3488855694e-01 -3.2677541422e-01 2.1904839045e-01 -1.5107327906e-01 -8.1750183425e-02 5.0640758634e-04 -8.2356489800e-02 1.5175159869e-02 -7.3380279149e-02 1.2385860735e-01 1.7228435480e-01 9.3863486735e-02 -6.3626561350e-03 8.4455882652e-02 1.6227204204e-01 2.9997272384e-02 1.2804433878e-01 -1.1157728572e-01 2.0477783280e-01 2.6749255765e-01 2.4469176066e-01 1.1899096955e-01 3.9082136252e-03 2.2512229073e-01 3.6180222628e-02 2.4446159146e-01 1.5155478781e-01 -5.0715325512e-02 1.1669286178e-01 -6.8354664790e-02 1.0200841600e-02 9.2280492941e-02 1.6216825168e-01 -3.2944178358e-01 7.8451684337e-02 -9.1176097839e-02 1.8357808878e-01 -1.0561057961e-01 1.3264160428e-01 -2.1781845290e-02 3.9617945244e-02 1.3169315697e-01 8.0056066569e-02 6.7056057855e-03 -5.2422439812e-02 -6.3655467232e-02 -1.3206730831e-02 9.4940227934e-02 6.6667615230e-02 -7.8458348279e-03 -1.1438502272e-01 -3.1091560049e-02 1.9531477945e-02 -2.2167015314e-01 3.6055734786e-02 1.4678893962e-02 2.6814494406e-01 9.6694373717e-02 -1.6956033064e-01 2.5662332565e-01 2.2332719804e-01 1.9117028682e-01 1.0416347273e-01 -1.3506998173e-01 1.4887076514e-01 -1.0972586974e-01 -2.0027986224e-01 -2.2748586147e-01 9.2653584520e-02 -6.2989607265e-02 1.4486789871e-01 1.5026103879e-01 8.0498189673e-02 9.3645838551e-02 -1.1345549079e-01 6.2052836316e-02 -2.6830836816e-01 -1.6609743896e-01 1.2811518223e-01 -1.6884150208e-01 3.2749628163e-01 -1.3062193869e-01
-2.6192647467e-01 9.0948545717e-02 -2.2365519655e-02 -1.9341885825e-02 2.7848933041e-01 1.8210029116e-01 8.8508443005e-02 2.0697655515e-01 -6.2407827501e-02 -1.0119275481e-01 2.5856588329e-01 6.3706157360e-02 -8.4073596574e-02 6.5716676703e-02 3.6772072577e-01 1.3367585751e-01 -5.8997466470e-02 8.8748681354e-02 2.5646033641e-01 2.1077753521e-02 -5.6111595383e-02 -1.0086296045e-01 -3.5914788718e-02 -3.8797864793e-03 6.6757429607e-02 -1.0453044678e-01 -5.2483316892e-02 4.5732673305e-02 2.2303703321e-02 1.2981230258e-02 1.8636053546e-01 -4.0583011112e-01 4.1528823307e-01 5.4936616290e-02 1.9902416654e-02 -2.7856081691e-01 -2.3795940128e-01 1.5678608591e-01 -3.4766733356e-02 1.0190693251e-01 9.6747230919e-03 -4.8262247705e-02 2.0443714903e-02 -2.1491920862e-02 -3.4055515899e-03 -4.0345077962e-02 9.0549718785e-02 1.4185630024e-01 -3.6451883580e-02 3.1322455436e-02 3.7833144597e-01 -2.9559399719e-01 -4.0352957012e-02 1.2738253903e-01 7.3646374607e-02 -6.2991420280e-02 5.2920066782e-02 -2.7907847207e-02 6.2848169497e-02 -9.9268536046e-02 1.7202355588e-01 -5.6628077100e-02 -2.1429093921e-01 -1.9114420872e-01 1.6124536743e-01 5.4899188432e-02 -1.8790900016e-01 1.6137628314e-02 2.6620184793e-01 -1.4496530515e-01 -8.8008213335e-02 4.8246046641e-02 -1.2807478907e-01 -5.5761499291e-02 7.1159479418e-02 -2.4193957335e-01 -8.8048845621e-02 -1.2910599867e-01 1.9871691591e-01 3.2568418522e-01 3.1360656465e-02 4.2676360603e-02 1.4478238116e-01 1.6985006183e-01 -7.8351497008e-02 -9.9609882410e-02 -3.2870758215e-02 8.8382058067e-02 -6.1624207530e-02 8.8411093382e-02 -4.4391498171e-02 7.4489112601e-02 3.3464573891e-01 -1.2326963577e-01 7.6066110340e-02 1.0883898050e-01 -4.1646363336e-03 2.7046074384e-01 1.5701575145e-01 -2.0604205733e-01 1.2791479904e-01 -4.7905680329e-02 -3.0438424633e-01 5.2244090914e-02 -7.5673574086e-02 1.3511806227e-01 -3.4594814845e-02 3.1566789390e-01 1.1139656554e-01 -9.5014601849e-02 -3.6219938181e-01 5.8638487632e-04 1.0725950737e-01 3.2464873314e-02 -2.4880111154e-01 1.5854019933e-01 1.6881481542e-01 3.7329507346e-02 -1.9266984400e-02 5.4726522241e-02 -1.1284064390e-01 2.0587148059e-01 -1.6673961187e-01 -1.2381866872e-01 5.5468959678e-02 1.6530088626e-01 -6.7569064852e-02 6.5603729319e-02 -1.5619964382e-02 1.0565435373e-01 1.3794950092e-01 -7.9089129900e-02 8.1979684227e-02 -7.4157897470e-02 1.4414294016e-01 -1.9410666224e-01 -6.6968954313e-02 1.4837510536e-01 2.5336237332e-02 2.0618919599e-01 -1.4111707664e-01 -1.8815738786e-01 2.4772820267e-01 -1.9016005691e-01 1.6705780695e-01 -4.1555942681e-03 -1.5038955494e-02 -1.3759772344e-01 -1.5732215904e-01 -2.9571704009e-01 -5.1697642304e-02 3.6067591544e-02 8.1516609652e-02 2.2332492061e-01 -2.1187052435e-01 2.8904577279e-01 -1.8948322901e-01 2.4351314858e-01 1.5461944168e-01 1.3851515908e-01 -4.5707548868e-02 1.7561587418e-01 9.6172532063e-02 1.3017781137e-01
-1.6546492198e-02 1.3260288251e-01 -4.7410588384e-02 1.0396116694e-01 -1.5066284000e-01 -1.6403569842e-01 -1.7802260744e-02 -1.0757124235e-01 1.3033483945e-02 2.4428007964e-01 -3.6253190208e-02 -2.4396008512e-02 7.0907666564e-02 -5.5367499752e-02 7.9657813249e-02 1.1269402008e-02 -1.2671303615e-01 1.5399229394e-01 5.9628306062e-02 -1.5406577860e-03 -1.3814621073e-02 -1.3774794820e-01 7.3506739896e-03 -4.3338438095e-02 -3.5806424423e-01 -1.2988663401e-01 9.9447386363e-02 5.8993260254e-02 -7.0115025687e-02 -2.2843218883e-01 2.3882596149e-01 1.1031929203e-01 5.8265356808e-02 -4.5926017899e-02 6.4154974011e-02 -2.8165799877e-01 -2.0766881730e-02 1.7881745827e-01 -7.2485635661e-02 -1.2116945051e-01 1.3864430532e-01 1.5134440638e-01 -1.0828119287e-01 -6.4197118908e-02 -4.4501837414e-02 6.6684612082e-02 -6.5789041294e-02 1.4829693922e-02 9.8689111338e-02 2.2919875147e-01 5.0848677298e-02 2.2099703648e-01 -3.3936733518e-02 1.1387207757e-01 -6.0848353157e-02 2.3277925930e-01 -3.3081745714e-02 1.7185991573e-02 1.5865140590e-01 -1.6764986002e-01 1.1616260961e-01 -8.7482329653e-03 -1.0277239959e-01 -8.0999178880e-02 -4.9038625282e-02 4.0306017671e-01 2.1836639835e-01 -1.8726745257e-01 -5.4457484263e-02 1.9980084643e-01 3.3692435271e-03 -3.3112404638e-02 1.1361548102e-01 2.0062684004e-01 -2.2385125690e-01 1.6789889727e-01 -1.5100214749e-01 1.0913838699e-01 1.6734137282e-01 -8.6464940658e-03 -2.4577951044e-02 -3.6130156649e-02 5.8313346480e-02 4.6520657527e-02 -2.3468990993e-03 -8.1650225016e-02 1.9849383879e-01 -1.2727916160e-01 1.0084356138e-01 1.6186704094e-01 2.6736480012e-01 9.9042884740e-02 1.0039989926e-01 1.7811719478e-02 5.7585363161e-01 2.5523207251e-02 1.1671993045e-01 -1.6211728653e-01 7.7487333376e-02 -1.8507484478e-03 -1.4392079325e-01 -1.9265804480e-03 4.5444876048e-02 -1.1240574002e-01 2.8286592092e-02 3.8745508496e-01 9.9902964853e-02 9.0957018989e-02 6.1295456875e-01 -1.1874091959e-02 6.3960755698e-03 7.2855115848e-02 -1.7435706926e-01 -1.2421146805e-01 2.9359787011e-02 5.4195025536e-03 7.0982390835e-02 1.8015943069e-01 2.2513239831e-01 -1.4285774613e-01 1.3820065714e-01 -9.0788639362e-02 -4.4793131500e-02 2.3323469947e-01 1.3252233862e-01 5.8451369820e-02 2.4276351372e-01 -6.5216321856e-02 3.8097574247e-02 -5.2231853918e-02 -1.8220924959e-01 1.5602084620e-01 8.1069819560e-02 1.0631769205e-01 -2.3487358428e-02 -2.1274753871e-02 -2.5727668094e-02 -1.6600419028e-01 1.2271711352e-01 -2.5235140820e-01 1.3959094986e-01 -1.0784575619e-01 -1.2848674937e-01 -1.5681035087e-01 1.8204813129e-01 -1.9010909767e-01 1.8260567333e-01 1.0112035267e-02 3.8127148827e-01 3.2215419257e-01 1.7600920884e-01 -1.5911090983e-02 -1.9167077229e-01 1.0836190247e-01 -3.0623685265e-01 2.5450322608e-01 -9.6718442010e-02 -2.7019839452e-01 2.4808948766e-02 -2.3467880989e-01 -9.8828636261e-02 -2.4665839666e-02 3.6290665996e-02 -1.7229887553e-01
-9.1462659503e-02 8.8226184374e-02 -4.4390200867e-02 -5.0022321472e-02 3.6210194622e-03 2.4947908997e-01 -1.0514695879e-01 -5.4810344742e-04 6.4429246948e-02 -8.3638091353e-02 -1.1423186193e-01 3.5427325209e-02 4.9518610644e-02 2.5995786706e-01 -4.4228985986e-02 -4.2917555275e-02 4.6014878666e-01 -3.3887422188e-02 2.6238964687e-01 -2.7132211262e-01 2.6397805397e-01 2.1280807274e-02 -1.3817791547e-01 4.5120091586e-02 4.0092164633e-01 -1.9624147142e-03 6.5804845022e-02 3.8970390626e-02 1.8200822866e-02 6.8689101981e-02 1.1805359881e-01 1.7205523521e-01 -1.4023723053e-01 5.4824708731e-02 -3.9325157450e-02 3.0306687188e-01 8.3595709210e-02 -3.9597539316e-02 -1.7142920192e-01 1.8354842489e-01 -6.0688459057e-02 9.9183608697e-02 -3.9302598097e-02 2.3037634651e-02 4.5193729361e-02 3.0687966513e-01 -1.0015420627e-01 4.0298314515e-01 1.5105831133e-01 4.2734608134e-01 -3.5554384688e-01 -1.2426295978e-01 1.3414865358e-01 8.1054915046e-03 4.4973623324e-01 2.0459072123e-01 2.5110074457e-01 -3.0662473748e-01 1.3554554147e-01 -6.7353892172e-02 -3.6557303941e-02 -4.7005389861e-01 -7.8913116695e-02 -2.0205739346e-01 -1.5786635708e-02 1.1109347024e-01 2.9880740509e-02 1.3558764458e-01 5.0185163614e-02 -1.1137946129e-01 -4.8071376319e-02 -3.1333750763e-02 -4.0212019860e-02 -1.3323577888e-01 2.7443084119e-01 -4.2460367486e-02 -2.3405307321e-01 -1.0951559493e-01 7.9962866752e-02 8.9872211511e-02 -3.4344911039e-01 3.7086642379e-03 3.9496402648e-01 -4.8147532172e-03 -9.8349803774e-02 9.3926050577e-02 2.1899552080e-02 2.7497780573e-01 -1.4296772748e-01 -4.8081270263e-02 9.8890142885e-02 7.3140923042e-02 -1.5595684438e-01 -3.5919922428e-02 9.2003091604e-02 -2.0799369441e-01 3.0663532770e-02 -2.0650641420e-01 -6.4315399686e-02 -2.7077736199e-02 -1.9068159008e-01 -1.7796148497e-01 2.4911375437e-02 -1.2373050497e-01 4.7329761513e-02 8.9122173879e-02 -4.8007921416e-02 8.2917041029e-02 7.0953467050e-02 6.2731823526e-02 3.9794077605e-02 -3.9062229557e-02 -7.0817479242e-02 3.3744900577e-02 -2.7942980639e-02 2.1836902114e-01 -1.6695200912e-01 -2.4323039162e-01 -1.8179833983e-01 5.8857206969e-03 -1.0105628812e-01 -1.1919423473e-01 -9.6765010723e-02 2.7961465010e-01 -6.3186139213e-02 8.2705150610e-02 1.0372142891e-02 -1.3464913999e-01 1.0349962289e-01 -2.5675154253e-02 5.2216253907e-02 5.0684813140e-02 -1.4168644647e-01 1.5602849664e-01 3.1908477665e-02 -2.4888384758e-01 1.3983090198e-01 1.8932888937e-01 -2.7099802899e-01 -2.9430493340e-02 -2.8644451670e-01 2.7984419643e-04 -2.4957877982e-02 -9.2485768851e-02 -1.4296284491e-01 -4.2248880535e-02 3.2652821640e-01 -3.1973026016e-01 2.2640198644e-02 -4.6782930758e-02 6.8199925932e-02 -4.2971795219e-03 2.1399272216e-01 -3.9060511759e-03 1.5741281801e-01 -2.8879588515e-03 -1.4112967732e-01 -1.0192450024e-01 -2.9479112412e-01 2.0628676414e-01 2.6652495373e-02 2.8297752693e-01 2.8223587478e-01 -5.8851948283e-02
-2.2625387792e-02 -5.4575460143e-02 -6.3017477809e-02 2.7852945906e-01 -6.8002778737e-02 -4.0917563931e-02 2.8882827658e-02 -6.3210203509e-02 -6.9493211267e-02 1.5624232486e-01 6.0812916818e-02 1.7105134051e-01 1.6103020519e-01 -1.9072821374e-01 -1.6253011057e-02 2.1830990647e-01 -6.2524625653e-02 -6.4265340140e-02 -1.6317310149e-01 -1.5019482893e-02 2.3859378978e-01 -9.4200677906e-02 3.4087206797e-01 -6.5063435972e-02 3.3960230821e-01 3.9915887501e-03 -2.1979259065e-01 1.0034176427e-01 7.3753370133e-02 -1.1905815136e-01 1.1706183764e-01 1.6680513056e-01 2.1754216464e-01 -1.3851297763e-01 3.4650909897e-01 -1.2852737684e-01 9.0614745909e-02 1.0800660274e-01 1.4180043356e-01 3.8860154099e-01 1.4577147235e-01 -1.6231826677e-01 9.2573025541e-02 -1.6269788153e-01 -5.9651081687e-02 1.0656539868e-01 -1.5052336680e-01 8.3765867917e-02 1.7918180214e-01 1.4960165463e-01 6.9328078918e-03 2.7049594229e-02 -2.0405891565e-02 -1.0679017378e-01 2.1291296223e-01 -1.4244632233e-02 -5.9434412933e-03 -1.7643104725e-01 -5.8035709294e-02 6.5178228126e-02 -1.0982980288e-01 5.0706378124e-02 3.6932086098e-02 6.9174162182e-02 -3.2914974303e-02 2.7522191974e-02 1.4881336359e-01 4.4278859441e-02 2.3908046333e-01 -2.0075776823e-02 1.7422693960e-02 -6.4041366574e-03 -1.4660223058e-01 1.6382544266e-01 1.7806913163e-01 1.5344347224e-01 2.6925733828e-01 3.2849731800e-02 -1.3916195068e-01 1.8307703287e-01 -1.3408155212e-01 -8.8371745898e-02 2.4851863707e-02 -1.5177865999e-01 -9.0898477061e-02 2.0177997718e-02 2.1465642388e-01 8.9683880428e-02 -1.0008926851e-01 2.8815192121e-01 -9.7662806160e-03 4.2223705247e-02 -4.8731449481e-02 1.4421755330e-01 -1.2401808351e-01 -1.2187904337e-01 -1.1158161294e-01 2.7918353570e-02 2.7766640838e-02 2.8124841076e-01 1.0535731009e-01 -2.2833256112e-01 -3.7005807125e-02 -1.7193748323e-01 1.0281214086e-01 -2.2217986423e-01 1.0157690558e-01 6.9784959692e-03 6.0596232221e-02 -3.0163354297e-02 -9.2176220687e-02 7.9386865745e-02 1.5277385668e-01 7.4416518765e-02 -7.2471922502e-02 2.3842774244e-02 3.6206248681e-02 -4.2530008146e-02 2.7174908897e-01 -1.8917487253e-01 -1.2279511168e-02 -3.5948772139e-01 -6.9959041478e-02 1.6729278202e-01 2.5018318071e-01 -1.7571917511e-01 -1.3359715191e-01 1.7401769395e-01 -1.3950515690e-01 -7.0113509430e-02 -1.4530609710e-01 -1.4431005680e-01 1.9941866911e-01 -4.9050935387e-02 1.4481883101e-01 1.7681664675e-01 -2.6003368751e-02 -3.2363962321e-02 3.1677785059e-01 -7.4106262274e-02 -1.9509453456e-02 -8.7290852372e-02 3.4655981420e-01 9.4278782024e-02 -4.3938143872e-02 -1.8124251997e-01 -3.0818504822e-02 -5.3205276031e-02 -1.0772560198e-01 2.6317345927e-01 -1.4191965307e-01 6.8020177544e-02 -6.1669930852e-02 -4.3149892450e-02 -9.1378864831e-02 3.6639749916e-02 1.9404032162e-01 1.2599196914e-01 2.6100686884e-01 -1.4771518221e-01 -2.0050502499e-01 4.6984293162e-02 -1.4176159257e-01 8.4072927786e-02
5.1882982128e-02 -4.0108050521e-02 8.0641593044e-02 -1.6046885007e-01 7.8492912155e-02 2.4573249578e-02 -1.8211604530e-02 4.7440206851e-02 9.3246471743e-03 1.3466167923e-01 2.8972120597e-01 4.5308307440e-02 -3.2003393802e-02 2.1803602887e-01 -2.5331626855e-01 -5.8473220813e-02 -1.1692973917e-02 3.2359426509e-01 -6.3096022231e-02 -1.3779351755e-01 1.0055485542e-01 1.5294877903e-01 1.0853449650e-01 -1.3016396947e-02 3.2910107370e-02 -6.4803225215e-02 9.2382104459e-02 -1.6180390736e-01 -1.1838376477e-02 5.8720003780e-02 1.8912128797e-02 -1.7862703732e-02 -3.0621686642e-02 1.5650382480e-02 -4.2225112217e-04 -1.4658321135e-01 -1.4562788282e-01 1.7853665371e-01 -9.6316523792e-02 2.1392147374e-02 4.9101468400e-02 -1.6320277134e-01 -3.0114956604e-02 1.3713661983e-01 -2.4998541713e-03 4.8634712305e-02 -4.4673942207e-02 1.9162591119e-03 2.1377967051e-01 -2.3799165217e-02 -1.7122688104e-01 -2.8175432059e-02 1.5116117579e-01 1.4797819823e-01 -6.4967258407e-02 3.0451275876e-01 1.9685764274e-01 1.5205658311e-01 1.4407438808e-01 -1.1117502742e-01 -7.3639386918e-02 -1.6198029059e-01 5.7665371676e-02 4.0901305885e-02 9.5089609825e-02 -2.4309133358e-02 -1.2761631418e-01 1.8835477403e-01 1.1879768867e-01 5.9959984964e-02 1.7447796101e-02 -4.4258920795e-02 1.3915060723e-03 -1.5645932730e-01 1.7227263458e-01 -1.1458215360e-01 -2.0806075152e-01 -1.4190270552e-01 -1.2370360608e-01 -2.5432604312e-01 -4.5052784952e-02 4.1951055805e-02 -7.3020778834e-02 2.0438766394e-01 -1.1297427125e-02 -1.0854350681e-01 2.8198009826e-01 -8.6287012962e-02 1.5510581638e-01 2.2282080329e-02 -7.7393018299e-02 1.9084651712e-01 2.2712568941e-01 2.1369385946e-01 -1.5683452274e-01 5.4756318640e-02 -4.2063894149e-01 2.6888736270e-01 -1.3803897909e-02 5.5492137786e-02 -2.5696400647e-02 2.6858770245e-02 -7.6785902043e-02 1.2773839494e-01 -1.2946303002e-01 8.1849743402e-02 -6.0602414468e-02 3.5871982802e-02 -1.0670315775e-01 3.3020363348e-04 1.4749440091e-02 8.3120811974e-02 5.6715705014e-02 4.6809787152e-01 -1.0866853658e-01 -7.1504120763e-02 -3.3929427764e-02 3.0469790411e-02 1.7311545010e-01 -5.1730564601e-02 1.6297373796e-01 1.5596649016e-02 -8.6837105527e-02 -1.2891840826e-01 -1.8087706253e-01 1.2883011687e-01 5.0407104420e-02 1.0802464304e-01 5.7784761885e-02 9.7107339828e-02 -4.0108714677e-01 1.0177987225e-01 9.2923497661e-02 -2.2548256794e-02 -3.8929508973e-01 -4.3947178338e-02 5.5079610600e-02 -1.6934398671e-01 2.3710122790e-01 8.4661774719e-02 -1.2661330566e-01 2.9414138887e-01 -5.8069695406e-03 -1.6671592780e-01 -3.3190774268e-01 2.7861319844e-01 -1.1943833322e-01 7.5175668044e-02 1.2656524204e-01 -1.6609522934e-01 3.6661543763e-01 -1.1222179303e-02 1.5830268781e-01 -3.2583982062e-01 6.4123889314e-02 3.3407738541e-02 3.9713962984e-02 -3.3704282260e-01 3.1278208313e-01 -1.2551376425e-01 1.6905399177e-01 -5.1028267693e-02 -2.0176735816e-01 -7.4631907350e-02
-2.5250109330e-02 1.3834734948e-01 -1.9719247144e-02 1.3401294049e-01 2.9054820622e-02 2.0474120434e-01 -3.8647474739e-01 1.1099985769e-01 3.0001736286e-03 2.9602588913e-01 6.2764792583e-04 -1.0120664609e-01 -2.1637845694e-02 -3.7286793077e-02 -1.1951108019e-01 2.3128065976e-01 -1.9611536496e-02 -2.2826246808e-01 -1.6905025548e-01 3.0671450539e-01 5.0468975196e-02 -1.2214826150e-02 -4.2141779582e-02 -1.1639255213e-02 3.4496930844e-03 1.8557454419e-01 1.0287160712e-01 6.7856576846e-02 7.8222108330e-02 1.6507286875e-01 2.0818649956e-01 2.3269416209e-02 1.3775210787e-01 -2.0349303967e-01 -1.7048222425e-02 -9.7880151860e-02 -1.6228410865e-01 -2.1049396882e-01 -8.9217568146e-02 -4.5254435009e-02 2.3641357582e-01 6.4781294850e-02 2.5568470696e-01 2.3702619915e-03 -7.4668067805e-02 3.6318086330e-01 -3.1911470386e-02 1.4482787224e-01 -9.9042592463e-03 -6.1507220327e-02 1.0973222076e-01 1.2092336469e-01 2.1238882670e-02 1.3156727518e-01 2.0392132487e-02 1.4506197451e-01 1.3577268036e-01 1.1526229926e-01 4.1082104048e-02 2.2034773180e-01 -2.0020274171e-01 3.1355786530e-01 -1.3164612344e-01 -1.3385753267e-01 -6.4647580112e-03 -4.7455164926e-03 7.7790795152e-02 -6.0343750380e-02 -2.9586545321e-01 1.3492443804e-01 -1.4043751730e-01 5.3656157917e-02 9.5016090809e-02 1.3879169126e-01 -2.0981167457e-01 8.4840766358e-03 -1.4594069882e-01 -3.3346340120e-02 9.8811735082e-02 -2.8804328113e-02 3.9307239502e-02 -4.6109701050e-02 -2.8697743293e-02 -5.7542348169e-01 3.1008891259e-01 -8.9123952415e-02 5.9544827438e-02 1.6401707374e-01 1.7543350971e-01 1.0990018370e-01 -1.7213460173e-01 -9.5311465602e-02 -1.1563692898e-01 -1.8787593318e-01 1.1697339892e-01 2.4719890268e-01 -2.1851939007e-01 1.9652089561e-02 1.6997502951e-02 -6.0495510318e-02 -7.0236544760e-02 -3.3600624225e-01 4.9801521457e-02 4.3652682867e-02 -1.6136907208e-01 5.5355125947e-02 7.5242554017e-02 2.4013925660e-01 -2.2734150276e-02 1.0753421188e-01 -2.2409230997e-01 -8.1568400324e-02 -9.4842548399e-02 -4.8435936512e-02 -5.0408923858e-02 4.8791985299e-02 -1.2179506738e-01 3.5059370042e-02 -1.8856896640e-01 -1.8859838118e-02 1.0187468509e-01 -1.3941676131e-01 4.0924783503e-01 -1.2474095102e-01 2.2753540338e-01 -1.9820603921e-01 -4.5131335137e-01 -3.2916027847e-02 -5.0665893999e-02 -9.4284352386e-03 4.9734974733e-03 5.6266756034e-03 2.9761921630e-01 -8.5951867523e-02 8.6385652885e-02 7.4697730683e-02 -1.4605003077e-02 7.4990102915e-02 -7.8124604988e-02 1.2300751504e-01 2.0010631302e-01 1.7060124356e-01 -2.4692052468e-02 -2.3223708137e-01 1.1978649439e-01 3.3199886728e-01 -8.5543316135e-02 3.7225386958e-01 -4.9716235053e-02 -2.0455573391e-01 1.6166729741e-01 1.2061181710e-01 5.3366037799e-02 -2.3106984004e-01 -2.2234500716e-01 -2.2401003171e-01 7.0814203911e-02 6.7018084707e-02 -5.5999273873e-02 2.7187501668e-01 2.7348724784e-01 3.0843237471e-01 2.6498535348e-02 -1.5681023922e-01
-3.0839365228e-01 -2.0194518411e-02 1.0274883023e-01 -3.1500087553e-02 -6.3768632859e-02 -3.8601760828e-02 -4.0283539499e-02 -2.2319658566e-02 2.9112146728e-02 4.9909265289e-02 3.3828048161e-01 2.1458067817e-01 9.1646628621e-02 -9.6160225675e-02 1.2311142333e-01 3.0507597804e-01 -3.2234368970e-02 1.0638952798e-01 2.4206504916e-01 3.5430092057e-01 1.3289106091e-01 -1.4340228360e-01 -1.5569422309e-01 -1.8796582764e-02 -5.1666551879e-02 -9.3981451832e-02 -1.4462232679e-01 -3.5893059993e-02 -8.4938309748e-02 -1.4161616036e-01 -1.2527539247e-01 1.2341137708e-01 -1.6352078450e-01 1.8663238664e-02 1.1018570822e-01 3.9097738925e-01 -1.1644436265e-01 -1.4222604201e-01 -3.1833830031e-02 1.3008353430e-01 1.8924238821e-01 -3.3536493262e-02 3.8217532662e-02 -5.0935520265e-02 -8.9890538137e-03 7.8631847200e-02 1.9401371974e-01 2.4680431967e-01 1.0717208326e-01 1.0488758418e-01 -1.7934207605e-01 8.7643774828e-02 5.7843185571e-02 2.3172486501e-02 -1.0228113806e-01 1.0434033444e-01 1.9932332090e-02 -1.8611838341e-01 8.1949756077e-02 -4.9112895590e-02 -4.0450567064e-02 1.7080582963e-01 1.3620127948e-01 -8.4431579099e-02 2.3062777185e-01 -2.2647544856e-02 7.2158549070e-02 -6.4830937471e-02 -2.3388728521e-01 1.6872406220e-01 -4.0078069751e-02 4.2587530984e-02 -1.2501168846e-01 -2.6406155544e-01 5.4064090876e-02 -1.6039815106e-01 1.1118642081e-01 -1.9349074854e-01 5.6249639984e-02 -3.4299695929e-01 -8.9774661987e-02 3.1302316336e-02 -1.0883720991e-01 -3.2927727549e-01 1.4983605380e-02 1.6738618391e-01 1.7553932019e-01 -1.2201054590e-01 -9.5535414227e-03 -1.1616209640e-01 8.0571484480e-02 -8.7704424562e-02 1.7681234267e-01 -1.7931685244e-02 -6.8158174900e-02 1.0813036616e-02 -2.4437926028e-01 2.6952847202e-01 -2.4190112319e-01 7.0062172473e-02 -1.2652036018e-01 1.6954302304e-02 3.1213008223e-01 5.3092184300e-02 4.8493333257e-02 8.2056619543e-02 9.9771807552e-02 -2.8040087605e-01 8.7358900520e-02 3.1283829723e-03 2.2797370300e-01 2.0690183070e-02 1.7005918659e-01 -1.8380404121e-02 -1.0090500764e-01 -8.3681581130e-02 9.4849780805e-02 3.7042985494e-02 8.0433360537e-02 2.9641966655e-01 -1.1805200520e-02 6.1816132392e-02 -6.2094882660e-02 7.2025874931e-02 5.4971699853e-02 1.9472916963e-01 1.1814292143e-01 -4.1198667916e-03 1.4661927518e-01 1.9989077096e-01 1.5522737765e-01 2.4381463482e-01 8.6302689064e-02 -1.4819044142e-01 -1.5423808487e-01 4.1171819935e-02 1.7133194027e-02 3.1847568211e-01 8.5550613779e-02 8.5570547905e-02 1.7474108271e-01 -2.6343080357e-01 1.0291525493e-01 -1.2783703486e-01 1.0094579955e-01 7.9189022295e-02 -8.3489905520e-04 9.8488780750e-03 1.9865156267e-01 4.7099711984e-01 -2.8551444708e-01 3.8546653709e-02 -6.5467678947e-02 -6.7105414153e-02 -9.4815100169e-02 8.7072232777e-02 -1.6481263003e-01 4.1223086947e-03 2.1576965825e-01 -7.0913358427e-02 -2.3098334973e-03 3.0816870031e-04 -2.3766298033e-02 4.9986781488e-02
-1.6091013406e-01 -2.5147178208e-01 2.7497482656e-02 6.4973062909e-03 -4.1063122809e-02 1.9059681478e-01 1.4881252760e-01 -3.1029452746e-03 6.4562879580e-03 -7.1669243182e-02 1.5733643244e-01 6.9090386261e-02 -1.3750850531e-01 -1.7841793822e-01 -8.0109533424e-02 5.3828271071e-02 -2.6815332772e-01 9.9750814597e-02 -2.1686652141e-01 -1.8148791040e-01 -6.4310116661e-02 2.2727593262e-01 -4.3848579014e-01 -1.2406854298e-01 6.0746116221e-02 -2.2174224732e-02 2.4316118611e-01 1.2667570556e-01 -2.6373248314e-02 1.3461502828e-01 -2.2863846473e-01 4.0424744536e-01 9.4350110959e-03 2.9637623956e-02 -5.7661953831e-02 -6.8814803486e-02 1.0885223561e-01 -2.6275858544e-01 1.0307607759e-01 5.0273272736e-02 1.3317506406e-01 1.1740283267e-01 9.0581684854e-02 9.1628488253e-02 5.9369290414e-02 -1.1516830940e-01 3.5138268883e-01 -1.2733581192e-01 -3.5019462781e-02 5.9375117420e-02 8.5013480640e-02 5.5709972113e-03 -2.4865875076e-01 -3.4297617016e-01 9.9701384922e-02 -6.4491735248e-03 -2.9036283374e-01 2.3684102068e-01 1.9152832749e-01 -1.5662439521e-01 1.9198413506e-01 -1.5128446977e-01 1.4462402125e-01 -1.1371262328e-02 -1.8257899476e-02 1.5597170550e-01 2.3691380984e-01 -4.6649887959e-02 8.1378056065e-02 9.0658005395e-02 1.1972848698e-02 -4.1228186406e-02 -1.1138292155e-01 -1.7447257397e-01 6.8364898234e-02 -1.2254667386e-01 2.6525854298e-03 -5.3357857271e-02 1.6558498287e-01 8.4951414319e-02 -8.7751806296e-02 -1.6052606589e-01 2.8257909459e-01 -1.0408625920e-01 7.2274561315e-02 1.5565779610e-01 2.5011681922e-02 2.5364955996e-01 6.3193806788e-02 1.3831639634e-01 3.5015472655e-02 -1.2680827187e-01 1.8628385248e-02 1.5495749997e-01 2.7938987592e-02 -1.5761203262e-01 2.5469988651e-01 3.8245912199e-02 -1.3988990160e-02 -1.1566014721e-01 -3.0103485954e-01 -1.8918524625e-01 -1.1653776329e-01 2.1483574245e-01 1.2166897913e-01 3.2888385627e-02 -1.6134305993e-01 -8.2228995767e-02 -2.1870238062e-02 2.7470014327e-02 8.9560853750e-02 2.5723848072e-02 -1.6882998295e-01 1.5462354686e-01 -1.1489328557e-02 -1.5443690292e-02 1.3077145370e-01 -3.1462159150e-02 -1.1940789136e-01 -2.1040584823e-01 -1.2459009180e-02 -1.2487620465e-01 1.6223484997e-01 -1.4835712707e-01 -9.4700147095e-02 8.4514690226e-03 -1.8863773935e-01 3.5657987755e-02 -1.6265109446e-01 -1.1567838764e-01 -1.4732059167e-01 1.5038241095e-01 1.6369869908e-02 2.8260496247e-01 -1.3052426888e-01 -6.1594648813e-02 -1.1843384593e-02 9.8364297561e-02 2.3504266490e-02 9.2835714885e-02 2.4952447216e-01 6.9368555802e-02 1.9045612743e-01 1.6544757135e-01 6.6202870880e-02 1.2546840322e-01 -2.5704022439e-01 4.3396187430e-02 6.1016833486e-02 -6.1165406039e-02 -7.1430159984e-02 -7.3553441773e-02 -1.6656610277e-01 -2.7570797009e-01 -3.7515663589e-02 2.4126947850e-02 4.8196688104e-02 1.0096157636e-01 -1.9990497634e-01 2.2334368818e-01 3.1307185517e-01 -1.4135750115e-01 -1.2714357563e-01 3.1362313254e-01
-1.3446691612e-01 1.5578187088e-02 6.4405340513e-02 3.3760517009e-01 -1.1762236516e-01 8.3616830719e-03 -1.9789892831e-01 1.2011939625e-01 7.2924833621e-02 -3.5486098044e-01 -1.1942295354e-01 6.3283417949e-02 3.6786581071e-02 -2.1066284460e-01 -1.0295650085e-01 2.5944090922e-01 -8.2628617734e-02 1.3123813723e-02 -1.7367346468e-01 -2.4248076445e-02 5.6384438386e-03 -4.6197424313e-02 -1.1908749654e-01 1.2176013216e-01 -4.3782014031e-02 -2.1651159510e-02 4.7998634066e-02 8.2568487818e-02 4.7039283090e-02 2.1566022108e-02 -5.2369619044e-02 -3.4013142071e-02 1.2638501375e-01 -3.6665975239e-03 1.2856752411e-01 -1.0039744409e-01 1.9232196181e-01 2.6276468092e-01 -3.8783826250e-01 2.4208327550e-02 1.3878941739e-01 2.6627439177e-02 -8.0998951924e-02 1.6606227232e-01 -1.2168289824e-01 -8.8407179722e-02 2.0338189623e-01 8.0114626921e-02 -3.2516374292e-02 -1.2600048636e-01 7.7313505129e-02 -3.5521533762e-02 1.0637798346e-01 4.5134150910e-02 2.0729165165e-01 -1.0896218942e-01 -1.1767990553e-01 -1.5616187598e-01 2.3699915634e-01 -1.6054520514e-01 4.4946677982e-02 1.8874323916e-02 9.0366530109e-02 2.6307241963e-01 1.6538614621e-01 -1.6641599009e-01 -8.0209497266e-03 3.8929665852e-01 -1.3704742152e-01 -3.0653864496e-01 1.6057488812e-02 -5.1221633364e-02 -7.7364736658e-02 8.9576134322e-02 7.7945545335e-02 8.1452495941e-02 -2.3635669357e-01 1.9510468701e-01 -3.3181273183e-01 -2.2577262073e-03 2.2701203553e-01 -7.0937527709e-02 -4.8219250239e-02 3.5677938693e-03 6.4099407569e-02 -1.4395094548e-01 6.9030535336e-03 1.0973013440e-01 1.8248015446e-01 -1.1101169452e-01 4.9650817307e-02 6.7502529286e-02 7.0678919652e-02 -1.8143361430e-01 6.8559810231e-02 2.5700263385e-01 -5.9116531047e-02 2.7476411610e-01 -1.4726291383e-01 -2.3259403388e-03 -8.6743110597e-02 -4.2190942399e-04 2.0092994687e-01 -1.1799115181e-02 1.4203524226e-01 -3.7201528378e-02 1.4945547120e-01 5.7322483321e-03 1.9152360728e-02 8.7823073614e-02 4.3614111633e-02 -7.5225021114e-02 -1.1731976160e-01 -1.7081019049e-01 9.1069232757e-02 -8.9374768467e-02 8.7171610886e-02 -3.8749341642e-01 -6.6891989318e-02 1.5868165222e-01 -5.2521860034e-03 -6.9427660764e-02 1.8486933296e-02 -1.0913797961e-01 1.5891036414e-02 4.0418462380e-01 7.5144855390e-02 -1.0986494290e-02 -2.7712489024e-01 6.2017926775e-02 -1.8309694213e-01 -1.0632669690e-01 -3.5702679455e-01 9.3494078882e-02 3.2984302229e-01 5.7210419573e-02 1.8158830545e-02 1.2900613929e-01 1.6910660366e-01 3.7516176616e-01 -5.6295543177e-02 5.2159069544e-02 -1.6534542815e-01 -5.1545320011e-02 5.7787215938e-02 2.6065429676e-01 -6.9407383104e-02 -9.5323308403e-03 1.6084169363e-01 5.1112500179e-02 -1.1526752836e-01 9.9211860991e-02 -4.4175902349e-02 5.9188089707e-02 -8.3909951833e-03 1.3394989920e-01 9.8515914810e-02 -8.0281944645e-02 -2.7532549359e-03 -7.9203004922e-02 -2.9670676508e-01 3.9557672034e-01 5.5812881448e-03 -8.7698038287e-02
-8.4581351644e-02 1.2869605062e-01 4.5043884039e-02 -1.1019379984e-01 -1.3892384101e-01 -9.5161680066e-02 5.9667547730e-02 -2.4193099749e-01 3.8920946120e-02 1.5335218577e-01 2.2530009464e-01 -9.0108729287e-02 -1.6529896474e-01 1.1729452712e-01 -1.4076791675e-01 -3.9643022155e-03 -4.7153985364e-02 6.1002721783e-02 -1.7095179698e-01 7.6202767380e-02 1.2852571313e-01 1.5326486709e-02 4.8414589414e-02 -2.6898678546e-01 8.0363884872e-02 -1.0444913512e-02 -2.3869021979e-01 1.8100857381e-01 -3.9437968631e-02 -2.2435874705e-01 1.8234203643e-01 -1.7566939105e-01 -1.4545182798e-01 -4.4887236063e-02 -2.7166751465e-02 1.7569748749e-01 6.3945148364e-02 -5.9790877388e-02 1.7966072352e-02 -1.1600551981e-01 9.8038907908e-02 -7.7326334595e-02 -8.1839052480e-02 -1.6142482688e-01 -1.7815017415e-02 9.6988550263e-03 1.9634222257e-01 1.2934668776e-01 2.9620445543e-01 -1.6707199491e-01 1.3616550260e-01 7.4400003060e-02 -9.8541608678e-02 -3.4807458611e-02 2.9054840554e-01 1.8500097707e-01 2.3240973682e-01 2.0959982036e-01 4.0756448739e-01 1.3332688770e-01 -3.7342234583e-02 -9.1329023211e-02 5.4489005349e-02 1.1082997170e-02 -1.9256237052e-01 -1.9345145184e-01 -9.0808164959e-02 -1.4882484585e-01 4.0679710189e-01 1.1937609118e-01 -5.8201660131e-02 2.7553148790e-02 -1.6216576536e-02 -9.9279589594e-02 4.9148661852e-02 2.2421321809e-01 7.8797017553e-02 -1.1054040681e-02 -9.2272631647e-02 1.6402473897e-01 1.1454517088e-01 -1.1620656466e-01 2.0298150260e-01 1.5766078522e-01 -7.7502267482e-02 2.1574505625e-01 -1.1127442395e-01 -1.4041785490e-02 -3.0239327534e-02 -1.9403632254e-01 1.7237318262e-01 1.8070659210e-01 7.0302439593e-02 7.9371110405e-02 1.9444946428e-01 9.7960788222e-02 1.8020324746e-01 1.2560091903e-01 -2.3738391557e-01 4.7131663529e-02 1.8443115051e-01 1.2473122320e-01 3.3985816946e-02 4.8558781921e-02 -3.7984549450e-01 -1.6368653834e-01 2.1124737383e-02 -6.3440106304e-02 -1.4313458414e-01 -1.3038315150e-01 -6.9944663555e-02 -4.6921329783e-02 9.4475986190e-02 -2.0000020146e-01 3.7156033360e-01 1.2734472671e-01 5.8766975729e-03 2.3791764693e-01 3.0049500154e-02 3.6205332756e-02 -1.4719227779e-01 -1.3157331842e-01 5.4880388695e-02 8.1034215774e-02 -2.9906596623e-02 2.0298421457e-01 -6.9913740527e-02 -2.5515288306e-02 -1.7665936064e-01 -9.6502703849e-02 5.4939057646e-02 1.0129681046e-01 1.2471257004e-01 -5.1032774411e-02 -1.6727985952e-01 2.1789238552e-01 -2.9889286121e-02 5.7941980654e-02 -6.0029042237e-02 2.2990380656e-01 6.4091552795e-02 1.7882819583e-01 -2.5388746669e-01 3.2888245323e-01 2.3586294914e-02 -1.0120315200e-02 -2.0146358173e-01 6.7300684151e-02 9.4262854518e-02 -5.4677454832e-02 1.5358252876e-01 2.0823843589e-03 -4.5550907422e-04 1.8240251223e-01 -2.3967184036e-01 -5.2754798870e-02 -1.6297714730e-01 1.7920967218e-01 -1.4875601505e-01 2.4722498145e-03 -1.9742049416e-02 -1.5888063299e-01 -2.6221124077e-01 -1.0225725215e-01
-8.9995239030e-02 1.0376179888e-01 1.1208923201e-02 1.6470807656e-02 -5.0276837904e-02 -1.1671273518e-01 -1.2455645490e-01 3.2472110575e-02 -2.1043660243e-02 -2.9592444463e-02 1.1599201040e-01 -2.2428669017e-01 -1.7320878751e-01 7.5525965701e-02 1.0186705082e-01 1.9080918906e-01 -1.2164651529e-02 -1.3059939043e-01 8.5920139074e-02 -1.7579055619e-01 -1.6760868478e-01 1.0365507468e-02 2.2928001402e-03 -2.2360310567e-01 2.4060923287e-01 1.3174531805e-02 -2.0149003960e-01 -2.1988429944e-01 -1.1753443054e-02 1.4737027648e-01 -2.9098514915e-01 1.3319009190e-01 8.2967657590e-02 7.9253707732e-02 -1.5771015412e-01 -2.1272105337e-02 -2.3353518463e-01 3.4466939567e-01 -1.9115843090e-01 1.0037875005e-01 3.1025362992e-02 4.8428321617e-02 -7.3927103701e-02 2.1629515175e-01 -3.2284496161e-02 1.0562985723e-01 1.1130845275e-01 -1.4408859757e-01 -3.5318271478e-01 -2.4569533098e-01 -1.7567333548e-01 -5.8974642675e-02 -8.8376517721e-02 -2.7121282404e-03 -6.8268061109e-02 -1.8938479824e-02 1.9623297415e-01 4.1421589812e-02 1.4831573131e-01 4.3359590409e-02 -1.9165621325e-01 1.9296053707e-02 2.6218106935e-01 2.0917159639e-02 -6.6072296135e-02 1.8423241951e-01 2.5982780824e-01 8.2037087169e-02 -3.5036009516e-02 2.3234769910e-02 8.2626136016e-03 5.1373089294e-03 -3.6311691109e-01 2.5901288707e-01 1.2641407538e-01 -1.5505219601e-02 -6.7557770986e-02 -1.9094227963e-01 1.4622038430e-01 1.5024042411e-01 2.2945467901e-01 4.0842010554e-02 -1.0622894908e-03 -5.9288682701e-02 -5.5752496018e-02 -1.3858459912e-01 6.7751475093e-02 -1.4411643641e-01 -6.0211954172e-02 -2.2136063007e-01 1.9827733975e-01 8.1765601422e-02 -2.1866815961e-01 7.5370612384e-03 -9.7728743343e-02 -1.1315630508e-01 1.0138356473e-01 2.2964364512e-02 -4.1528327405e-02 5.6912111608e-03 -1.9107388765e-01 -2.2388968392e-02 -3.0069828957e-02 2.6163515197e-01 -3.7475962027e-01 2.0489736096e-02 -2.1485080221e-01 1.6002977826e-01 1.3390785343e-01 -1.1597643565e-02 1.1219376696e-01 5.6549870869e-02 1.2326852438e-01 -1.8272401341e-01 2.3787534883e-01 -1.1234622686e-01 -1.9744396621e-01 2.1781734576e-01 1.0533501289e-01 2.7643002913e-01 -1.4759074454e-01 -1.8756720331e-01 -5.9596868582e-02 -1.9568030171e-01 -1.2676579336e-01 -1.9744100773e-01 2.1687732778e-01 1.3125557593e-01 -3.5248669064e-01 2.0139382578e-01 -1.0415254531e-01 -2.4880601165e-01 -1.5364573521e-01 -7.8155571872e-02 -1.7209114355e-01 -1.6133797516e-01 7.1126734413e-02 -1.1527010667e-01 -1.3905191968e-01 -1.6176420489e-02 1.1912121982e-01 1.5796264109e-01 1.9686954688e-01 1.6530867118e-01 1.0797305721e-01 -9.7033962875e-02 -2.6214346807e-01 1.0468620561e-01 -2.4694530303e-01 1.3575577872e-01 -1.0713060719e-01 -1.0671614097e-01 5.7812489908e-02 -2.3164103773e-01 2.7514954608e-01 -8.5357855031e-02 7.9484264133e-02 9.8285942942e-02 5.3267158727e-02 1.1377641286e-01 8.1349714641e-02 1.1480932569e-01 2.1422596434e-01 -1.3657936913e-02
4.3602219338e-02 -6.8424112410e-02 3.0563264065e-02 -2.7213829066e-01 4.8197301314e-02 -4.9366988540e-03 -1.1404344528e-01 -8.7134781308e-02 -1.8292145493e-02 4.3007985435e-02 -1.4707719443e-01 -6.2402389965e-02 -2.7972437328e-01 -1.5968937775e-02 -2.9645350132e-01 -2.0516858267e-02 9.7908121296e-02 9.3433401197e-02 5.8806898454e-02 -8.7555096082e-02 1.1079610942e-02 3.2162257695e-02 7.4650647897e-04 -1.8740311415e-01 -1.0566243940e-01 -1.6051471919e-02 1.3249163993e-02 4.1203774495e-02 1.4968532258e-02 -3.7944721232e-02 -1.4384598180e-02 2.0586610783e-01 6.7516051233e-02 -3.1344291624e-02 1.9141826571e-01 1.1231010519e-01 -2.2335031307e-01 -1.2893021927e-01 -8.7169797972e-02 3.3848637103e-03 -3.3131752355e-03 -1.6417573685e-01 4.7245778272e-02 -1.9073941344e-01 -9.5604949626e-03 2.7245316064e-01 -9.4663497808e-02 -2.7592562963e-01 -8.0361978055e-02 6.5758652912e-02 9.9420055675e-02 -1.6730645755e-01 -2.6425500541e-01 6.5064010247e-03 -2.1935177279e-01 -1.4768186939e-01 1.1152099753e-01 -2.4945181529e-01 1.1453294053e-01 6.4249184521e-01 5.6264444660e-03 -5.2580859172e-01 -3.7216958866e-02 3.3626253091e-01 -1.0592086407e-02 2.2452599728e-01 5.9016865013e-02 1.5056375945e-01 -1.2856956470e-02 3.0039669535e-01 3.9552533223e-02 -7.0529353464e-02 2.6394675681e-02 2.7818061401e-01 -5.8811991460e-03 -1.2831734877e-01 -5.4344086346e-02 1.8811364622e-01 1.6122327850e-01 8.8699286698e-02 -5.8727330531e-02 -2.8023370189e-02 2.4602331921e-02 1.8259070963e-02 2.0007680948e-01 -1.1439871555e-01 -3.4752172804e-02 -1.0987604895e-01 1.4638796978e-01 -1.4019309545e-01 2.7814464638e-02 1.5718389366e-01 -1.3434031055e-01 2.3123129249e-04 9.3193206530e-03 6.9869450785e-03 -1.0478277524e-01 1.4796943873e-02 -3.2143365333e-01 6.9553251502e-02 1.2843494513e-01 6.5000243055e-02 -1.1988744451e-01 -1.4445762376e-01 8.3438488805e-02 5.7188194873e-04 9.7393176525e-02 4.6010185101e-02 1.0976845465e-01 -3.2503361515e-02 4.5442388094e-02 2.1148724164e-02 4.2937370175e-01 1.8947986461e-02 -2.5083645716e-01 2.6385331476e-03 3.5893665451e-01 -9.7111000188e-02 4.0899759607e-02 2.6262777348e-01 1.2564104163e-01 4.3673226886e-01 7.9651019238e-02 6.0659775759e-02 1.2637842574e-01 -8.0740072319e-02 -1.5233266323e-01 1.6909332537e-01 -2.6860018750e-02 1.3779093886e-02 -1.4143400900e-01 -5.7609401366e-02 2.7605541006e-01 4.5473297795e-01 8.7413434801e-02 3.5951418368e-01 -2.3330064063e-02 2.0206095377e-02 -2.7532304731e-01 2.1107999606e-01 -4.5022346814e-01 -5.5393111331e-02 -8.7407040471e-02 -1.0423751506e-01 1.7220862730e-01 5.0361819967e-02 1.5651716816e-01 3.6159975433e-01 1.8744107958e-01 1.0759660595e-01 -1.3985698627e-02 -4.3844420903e-03 -7.1141805833e-02 -7.1782432401e-02 9.4519581618e-02 9.0670378652e-02 -1.0475719253e-01 2.5474701715e-02 1.7292027821e-01 -4.1727417467e-01 9.5513019435e-02 -3.4645900532e-02 3.6789516018e-04 1.3962218375e-01
1.9641237290e-01 -9.9306181451e-02 -5.1601237660e-02 1.9592730013e-01 2.4796642505e-02 8.1012103196e-02 1.1169782521e-01 -3.5203918794e-02 4.8598056509e-02 -1.8175748264e-01 1.0629099776e-01 -2.1139607807e-01 -1.2816784343e-01 -3.1068185566e-01 5.2217224854e-02 1.1083102927e-01 1.9224282841e-02 3.1105672035e-01 -8.0392667935e-02 3.3111137716e-01 3.0488864609e-01 -2.2549754806e-01 -1.8625172823e-01 1.5026698669e-01 6.6656776678e-02 3.6690017948e-03 5.4428556583e-02 7.2498481903e-02 -7.7404721552e-02 -3.0210369732e-02 4.7358694971e-02 7.1193656568e-02 -1.3241130330e-01 -8.2845746225e-02 -8.9878464135e-02 -1.0866319554e-01 2.8486844445e-02 -8.9313727344e-02 1.8292620911e-01 1.4181833285e-03 -1.6813786350e-01 -1.4520846292e-01 2.0868814111e-01 -1.4643205343e-01 -4.6718485370e-02 -5.6328375743e-02 -1.3969485003e-01 3.1146540498e-01 2.8364214609e-01 -2.0179099422e-01 -1.8473210613e-01 -5.4431341263e-01 1.1011522581e-01 1.7878553225e-01 -1.6426277865e-01 4.3892032087e-02 -2.2950566538e-01 -1.3369870765e-01 3.3014599998e-02 2.5555698731e-01 -8.1124194332e-02 3.6175558871e-01 -4.0457256376e-02 3.8145050145e-01 5.6597729433e-02 -9.3918976276e-02 -7.3448446189e-02 -1.9187952959e-01 8.5178400005e-02 -1.7670981144e-02 3.2335611707e-03 -2.7467103484e-02 -1.3516419770e-01 5.5615160375e-02 -7.1241145100e-02 1.3582377245e-01 3.4900185589e-02 9.8269670612e-02 2.7001612214e-01 -1.7637631051e-01 -3.6016966655e-02 -2.7640137879e-02 1.3560909509e-01 -8.5062624547e-02 4.4840664658e-02 2.7118045993e-01 5.0655787934e-02 3.7661027626e-02 8.7652333755e-03 2.5903612579e-01 -2.3550419077e-02 2.1196862635e-01 -1.1208739361e-01 1.8401301527e-01 -3.5772056565e-02 6.3575740007e-02 1.8810733365e-01 1.3030285511e-01 -1.5405196653e-01 8.4341009412e-02 -1.3890478531e-01 -1.2588822968e-01 -2.3467380784e-01 8.9942430479e-03 -2.1710798156e-02 -3.8202239161e-02 -7.0143171661e-02 1.8340681306e-01 -6.7240882604e-02 -8.0463355362e-02 -1.7518009603e-02 -2.6493392485e-02 -1.9414357217e-01 -3.8439709549e-02 9.7181205977e-02 -1.5440857171e-01 -1.3345989177e-01 -2.3091661863e-01 9.3372068676e-02 1.6687861791e-01 -7.7444286332e-02 9.4561022745e-02 -5.7077399072e-02 -5.9406762574e-02 -7.0978406490e-02 -1.8949036796e-01 1.9453028599e-01 -2.4843236330e-01 -7.2985702662e-02 -2.5817189093e-01 5.3076077525e-02 -6.1823666708e-02 -3.8215298481e-02 5.0831486024e-02 -1.1584616989e-01 -1.6791522762e-01 2.3478154021e-02 1.3850093021e-01 -1.2972367750e-01 -2.6834861195e-01 -9.3751103023e-02 -3.5461424188e-02 -3.0383662496e-02 -6.5634987217e-03 -1.8089026402e-01 -1.4835335392e-01 1.1498495966e-01 5.9446196211e-01 -2.9525411591e-01 9.6977016240e-02 3.4243747527e-02 1.2701982372e-02 -3.7400893396e-02 1.9623117645e-01 -1.1597668800e-01 4.3627183753e-01 1.7331414865e-01 6.2358194747e-02 1.4585605792e-01 5.2483410623e-02 1.8110066910e-01 -4.4734143722e-02 -3.5781628798e-02 1.0468985558e-01
-3.9865767683e-02 -1.3226106751e-01 -5.3722811361e-02 -4.5512148750e-01 -5.0767544600e-02 1.4307275554e-01 8.9072469694e-02 2.2082901917e-01 -1.7968678171e-02 9.4332204212e-03 -2.5738129203e-01 -6.1410808811e-02 1.7460214641e-01 -9.3977268744e-02 2.7482528910e-01 4.7069562258e-01 4.8609330714e-02 8.9349622853e-02 1.8456123257e-01 -1.6450489167e-01 -1.8328545300e-01 -3.8932276408e-02 1.7335865887e-03 2.1899037037e-01 -8.2300619665e-03 7.6047813850e-02 -1.1441111684e-02 3.6977266965e-01 -3.2798021827e-02 3.5491009446e-02 1.1940925732e-01 2.5019714828e-01 -3.0191586477e-02 -8.1874563449e-02 2.2299188756e-01 -1.4271583063e-01 -1.3728166043e-01 8.5658511195e-02 6.6574731196e-02 4.6102720735e-03 1.0345227882e-01 -5.0938017503e-02 -2.0219323959e-01 1.8735460924e-01 4.8694008496e-02 -1.0458643118e-01 1.8177891898e-01 2.4478763872e-02 2.1461379388e-01 1.6721855620e-01 1.3016725083e-01 2.0043808631e-01 2.8282048846e-01 1.7199921138e-01 1.8542269764e-01 -2.1796659066e-02 1.0630058489e-01 9.3488577929e-02 4.8382968530e-02 1.9022712964e-01 1.2164889147e-01 -5.5364045993e-02 -4.6299354063e-02 -2.1274430704e-02 -1.1810289915e-01 -1.7559514753e-01 5.0511466310e-02 9.1106895985e-02 -2.1554134122e-01 -9.2835402472e-02 1.0066097656e-01 8.0002769274e-04 1.6904384494e-02 -1.5928252907e-02 -1.8309194707e-01 9.0256146776e-02 -2.2164347668e-01 -5.6711194716e-02 1.7976595971e-01 -2.2499989171e-01 2.5636008466e-01 -4.9063560597e-02 -3.2862695912e-02 4.9022082147e-02 -1.9951602470e-02 -1.0003871791e-02 -8.0863649844e-02 -8.0655439796e-03 -1.5494040250e-01 -2.6787565159e-01 -1.6354198803e-01 -2.3358464666e-01 -1.7493123147e-01 1.6966253835e-01 3.1861762690e-02 1.7915407573e-01 -1.1292392449e-01 7.5291923529e-02 3.3837756896e-02 -2.5122448169e-02 -1.3730763971e-01 1.6966677048e-01 8.3851179492e-02 -1.0381364709e-02 -3.4384731404e-02 -2.6962267186e-02 6.4206020386e-02 -1.5694157093e-02 9.2173110037e-02 -5.7527836614e-02 3.1304132207e-02 5.9118113568e-02 1.0458737415e-01 -3.2840118598e-02 -5.9411242679e-02 1.3307334434e-01 1.2282001279e-01 -2.7688211820e-01 -6.5276457971e-02 -1.9483779961e-01 -2.4309300766e-01 1.4626251387e-01 -1.9683557589e-01 2.3920062191e-01 1.4328944818e-01 -2.8705430430e-01 -2.7260852145e-01 1.3610709640e-01 -2.1950399699e-01 -2.6173379430e-01 1.1960719733e-01 -9.5399081600e-02 4.2393763463e-02 -7.5960655075e-02 -2.5540582501e-01 1.9453956154e-01 -9.2165271036e-02 1.4741265755e-01 6.5060758502e-02 -1.7985364443e-01 2.4850248699e-01 1.2453338554e-01 1.1762303860e-01 -7.0415016275e-02 -3.3729662308e-01 6.3443071569e-02 -1.9077600948e-01 2.4029500612e-01 1.4954988072e-02 -1.6058665057e-04 1.6754336025e-01 1.7524732394e-02 1.0593117385e-02 2.5055124248e-01 -1.7220516060e-02 -1.4460689082e-01 -1.7750400732e-01 -1.7732022127e-01 1.6119659422e-01 -7.4080625527e-02 1.1495623696e-03 -4.5650521979e-02 7.2673581060e-02 3.7201255062e-02
5.8371416202e-02 6.5321656312e-02 -7.9330679909e-02 7.5661474348e-02 -1.7465091583e-03 1.1241355754e-01 2.2021077595e-01 -4.7483494857e-02 1.9442584307e-02 -7.0936244583e-02 -7.1502330485e-02 -1.0090638072e-01 3.2302392356e-02 -4.4826734683e-02 -5.1449944172e-02 -8.9062274331e-02 -3.5560344410e-02 3.9044146474e-01 -1.8969985157e-01 -2.1563809343e-01 1.1732047458e-01 -2.2155949032e-02 2.1518549209e-01 -7.3058534111e-02 -3.0995588698e-01 -1.1136966751e-01 3.5293298592e-02 1.7161611286e-01 7.1537675077e-02 1.7948891969e-01 1.6090368214e-01 -1.2193150435e-01 6.0806291491e-02 -6.3468087811e-02 8.2725449287e-02 3.8738308447e-01 -1.3337456701e-01 8.0494864690e-02 8.5212643432e-02 5.8227700307e-02 2.6059545695e-01 8.0093981663e-02 -2.2160182273e-01 2.0794363787e-02 3.2718234003e-02 -2.5458658435e-01 1.8731398428e-01 -3.0816947601e-01 -2.0414903411e-01 1.6180678695e-01 -1.7677281419e-01 -8.9920828339e-02 -2.2450187121e-01 1.0788796321e-01 -4.9892038092e-02 1.7853307562e-01 5.9826958741e-02 -8.9152293434e-03 1.6488416126e-01 9.1083867139e-02 -1.8595223679e-02 -1.4813212086e-02 -1.0261168515e-01 -1.2008820485e-01 -6.3501863361e-02 2.3682857743e-02 3.2869982159e-01 3.7775333921e-02 1.2689797441e-01 5.1098266899e-02 5.0365010630e-02 -2.6748367225e-02 1.9016314974e-01 -2.6569656936e-01 1.2754548318e-02 3.8591342487e-03 -1.2112164358e-02 -9.7058738402e-02 3.2582526958e-01 -1.3920100175e-01 -4.2152071104e-02 7.5916723379e-02 -9.9202057240e-03 -3.5510201201e-02 -1.3499945756e-01 8.9745837548e-02 -3.7286692087e-02 2.3036848701e-01 6.1042361831e-02 -6.7682743206e-02 -1.4528466192e-01 -1.8160063758e-02 2.7583909859e-01 -2.1404291112e-03 9.5855253527e-03 1.9575220417e-01 -8.2195118522e-02 -1.1225711188e-01 2.1305846157e-01 2.2622750110e-01 1.7310813752e-01 -1.1073081902e-01 -1.2779576673e-01 -9.1694590618e-02 2.3468108758e-03 -5.7345312182e-02 2.8092070350e-01 -2.2603731557e-01 8.3478609752e-02 3.0035696530e-02 6.8618233422e-02 3.5737717402e-02 5.6351326551e-02 6.9184101869e-02 1.1320201167e-01 -1.3647996602e-02 -2.1952255783e-01 1.2583740719e-01 -6.1467419645e-02 -1.1479352718e-01 1.1408373794e-01 -8.9581031518e-02 2.3487641819e-01 -8.6293989229e-02 3.1436422139e-01 1.1110121721e-01 -5.1592328517e-02 1.1253100239e-01 1.2785153510e-01 3.0090370854e-01 2.0219193088e-01 -1.2744147118e-01 -1.9025331847e-01 -3.0136556020e-01 1.4072477409e-01 -1.0644917778e-01 -3.6029309370e-02 4.1784818282e-01 1.3391571591e-01 2.3101358665e-01 -1.4734922303e-01 -9.4886579413e-02 -1.4787987066e-02 2.2539912714e-01 6.5387930634e-02 1.3134263769e-01 2.0153548602e-01 2.4459769900e-01 -3.5962764598e-01 1.3843836197e-01 1.7523936702e-01 1.0062607621e-02 9.2951883608e-02 8.8469098323e-02 9.1786472181e-02 -1.5542522230e-02 1.6183915663e-01 -1.6788466217e-01 1.7767135973e-01 -2.3802379854e-01 -1.7689126659e-01 -1.1631198580e-02 -1.1146887778e-01 -3.5256797835e-02
-4.3822132860e-02 1.2710724394e-01 -3.5035012969e-02 -5.3890408287e-02 -2.1564968383e-01 8.6019726290e-02 -1.5044754612e-01 1.4503910254e-01 -4.0608919053e-03 1.5583334332e-01 1.8554170765e-01 2.6554739998e-01 -1.4331707971e-01 4.0733678962e-01 2.0473821147e-02 1.2706312181e-01 1.6591161766e-01 -2.2917594266e-02 7.9831541241e-02 2.0194603500e-01 -1.3878757108e-01 -9.4425616837e-02 5.5609674523e-02 -1.6413585673e-02 -2.5356610777e-01 7.4096842973e-03 -7.1104722863e-02 1.8040649778e-01 6.8354936790e-02 4.6869835620e-02 9.7299660326e-03 -1.0649671831e-02 -2.1750586088e-01 -1.7112475722e-02 1.9230067374e-01 2.8257629273e-02 1.5357743741e-01 -3.5365050515e-02 1.8687943510e-01 3.7071420382e-01 5.5504333737e-01 -1.8363527718e-01 1.5784670830e-01 4.1386202053e-02 -2.5437218246e-02 -2.2911568194e-02 -6.5479770451e-02 -1.2290642918e-01 -1.7799333566e-01 1.4530025821e-01 1.5250589827e-03 -5.2671782058e-02 -3.0180100483e-02 6.0553841083e-02 4.7627370517e-02 2.0967365020e-03 -2.1146965785e-02 6.8074308498e-02 1.6853303775e-01 9.0256376575e-02 -1.9257815773e-01 -1.5530612913e-01 -2.1967515099e-01 8.4472142080e-02 1.8557462073e-01 2.8757735330e-01 1.7001486896e-01 -1.1106117530e-02 -7.4588062679e-02 -7.6877472558e-02 -5.1187893995e-02 4.7005501760e-02 9.3664570706e-02 -1.1444241999e-01 -1.1836139144e-01 2.9045060802e-01 2.4003997787e-02 -3.5266348741e-02 3.3379370544e-02 -7.6058624137e-02 3.2369317982e-02 3.2442452419e-02 -1.2503505346e-01 1.5669292497e-01 -9.6521876956e-03 8.0559038954e-02 -3.0086960983e-02 -9.4837487392e-02 2.6980507251e-02 -3.7238019104e-02 -4.4181806178e-02 -2.5889188597e-01 -2.4489143781e-02 6.5785137792e-02 -5.6099981777e-02 1.6578431568e-03 2.0703677426e-01 1.2895202774e-01 1.3650090334e-01 2.5278363509e-01 3.4266115509e-02 -1.6341279704e-01 -1.8897389946e-01 2.1806620423e-01 2.1706423238e-01 -6.1948439748e-02 -1.5194307707e-01 1.5705814454e-01 -1.7571639606e-01 1.4497139163e-02 2.2008039667e-01 -1.0454605043e-01 9.7822440259e-02 1.8770678292e-01 -1.1110435680e-01 1.0748354431e-01 -1.1757273093e-01 -1.2301088955e-01 3.9567416434e-02 1.1960469109e-01 2.6767663644e-03 1.3893173880e-01 1.0504974690e-01 -3.7002653891e-02 -2.5384514746e-02 4.2104600583e-02 -3.3096278004e-02 -2.1203005421e-01 9.0424267612e-02 4.4915983278e-02 -6.4348845056e-02 -1.7592644620e-01 -1.7849533277e-01 6.5012473233e-02 -1.1114674957e-01 -7.2691528085e-02 -7.1476625974e-02 -4.1516597150e-01 -3.8940462818e-02 -6.6270608361e-02 2.9069241016e-02 -1.1089831231e-01 6.3642521458e-02 3.0183302396e-01 7.7773406474e-02 -8.9973317391e-03 1.4449439666e-02 -1.7696505101e-01 1.6685061141e-01 -4.4340007109e-02 1.5543569722e-01 7.9628849405e-02 -1.3992232880e-01 1.6456176133e-01 -2.6190879347e-01 -6.0046150214e-02 7.7411944312e-02 -2.3569976143e-02 -1.8119534385e-01 -1.2027787809e-01 -1.8725683510e-01 1.7149674128e-01 2.9826269719e-02 9.2557755723e-02
1.7616457922e-01 8.0584176022e-03 1.2670829138e-02 6.2761900172e-02 2.8466549674e-01 1.0398871054e-01 -6.9045780837e-02 1.3944520556e-01 -3.1258790166e-02 -1.9981614630e-01 -1.2971290710e-01 -2.6658366944e-01 4.2761846279e-02 -6.8963392372e-02 -4.4243909872e-02 -1.3767953628e-01 4.5118410278e-02 2.3430345863e-01 3.6772251592e-01 1.8630284754e-01 2.5099218671e-01 -3.8507440671e-02 -1.0091555583e-01 -5.5340414339e-02 2.0652484454e-01 6.2492829396e-03 -1.6527158768e-02 3.1725948224e-02 -3.3423935412e-02 2.5583883227e-01 8.8430176078e-02 -6.1468292184e-02 3.0646147885e-02 6.9093891716e-02 -2.3749745524e-02 -2.0011276676e-02 1.4001951711e-01 -1.8657954893e-01 2.8450548723e-01 -5.0053150891e-02 6.3237153612e-02 1.3371161593e-01 1.2141154817e-01 -3.0229819109e-02 -1.8225727438e-02 2.2933928988e-01 2.8196233284e-01 3.3997676649e-02 5.4315869877e-02 1.2164345465e-01 -1.6907472818e-01 2.4879246947e-01 -2.9825790423e-02 9.9652097339e-02 9.2522275745e-02 -1.9421766627e-02 -8.9071269889e-02 6.9207923976e-02 -3.0823939963e-02 -2.7054821391e-01 -6.4917317019e-02 5.2220668788e-01 1.9063602355e-02 4.0399939862e-01 -1.3006547380e-01 1.0199487768e-01 6.2834367491e-02 9.6594782428e-02 -5.1676342494e-02 -2.2559064403e-01 -1.2662437445e-01 -1.3436164587e-03 -8.7070730463e-02 1.6424357808e-01 1.8786872802e-01 -4.9773809494e-04 -2.4399479252e-01 -2.1713410111e-01 1.8075424424e-01 9.8069697533e-02 -1.0747350557e-01 5.1610847002e-02 -1.6955627905e-01 -3.5110774770e-03 1.0789984834e-01 -1.8861373607e-02 1.2348470829e-01 -2.1627902327e-02 3.4367883155e-02 -9.1522867270e-02 -3.8463318877e-01 -1.3101805160e-02 2.5527244106e-01 -1.6445442423e-01 6.7348493777e-02 -8.0401954798e-02 3.5749354209e-02 -4.0869702205e-01 1.0706399417e-01 -2.2693671048e-02 8.8342701189e-02 1.6080740172e-01 -5.3825751967e-02 -8.1692692145e-03 -6.7429002549e-02 5.2127814843e-02 -1.2426649411e-01 -1.0050751848e-01 -8.3773337390e-02 -6.1963178170e-02 -7.8914183661e-02 3.1890209594e-02 2.0302039697e-01 3.1820616257e-01 1.1422033441e-01 -1.7062279939e-01 3.6663582952e-02 -1.2431038116e-02 -2.6050160885e-03 -1.7931937624e-01 -5.9160889064e-02 5.7241039982e-02 -3.0916169611e-02 2.6076718499e-01 -1.0951678056e-01 9.7119526414e-02 -8.5326158470e-02 1.7857367881e-01 1.6022924647e-01 2.3203651852e-01 5.5149304186e-02 6.7780997291e-02 -7.1256309379e-03 4.4780857804e-02 2.8640486047e-02 2.3424157798e-01 -2.5688786229e-02 -7.2401759774e-02 -1.1024001183e-01 -1.7297098166e-01 -2.9696797823e-01 9.0827491828e-02 2.1242153311e-01 -1.3491418932e-02 6.1352377688e-01 -9.3559447083e-02 2.1308638373e-02 -9.9613070024e-02 1.3175938953e-01 -6.7727529366e-02 2.7475472303e-01 -3.6878698627e-02 -1.6088652681e-02 -2.0864904073e-01 -1.3778748681e-01 -1.2806927355e-01 -1.6014040451e-01 -1.2298817385e-01 -2.1545650668e-01 -1.5700785224e-01 -1.4799077459e-01 -5.5775774412e-02 -2.2287449536e-01 1.8246545683e-01
7.3197764165e-02 1.4406564389e-01 8.6012020985e-02 -1.6925071039e-01 1.2360102628e-01 -2.4326774200e-01 1.7344881281e-02 -6.4331138286e-03 2.1331467153e-02 2.7099662268e-01 -1.8470646095e-02 -8.8881012534e-02 1.6572681433e-01 -1.1769120704e-03 1.1267390978e-01 -2.0833414617e-01 1.1941972135e-03 1.1861251715e-01 -2.7756127567e-01 1.4382338679e-01 7.5237586823e-02 1.3605697147e-01 3.8134216149e-01 5.3471495818e-02 1.0299065095e-01 1.7390276953e-02 1.6603655909e-01 2.8938481260e-02 -6.8809093928e-02 2.9246184769e-02 -1.6377810183e-01 -9.6473041129e-02 6.8640018742e-02 -7.0755066756e-02 -3.0430369161e-01 -2.6028555724e-01 3.8501787116e-01 2.1578272780e-01 1.4857697891e-01 -2.0885276449e-01 -2.4146532909e-02 9.4485274538e-02 3.6684919809e-02 -2.8431432387e-01 -1.0735966722e-01 2.7449264038e-01 2.7362417752e-01 1.7666619105e-01 -1.4746325782e-01 -1.3914853238e-01 1.9406587748e-01 1.8158663937e-01 -5.2255778610e-03 -1.1710502735e-01 -1.4773037985e-01 -7.0768311499e-02 1.2657507283e-01 4.5283405559e-01 1.6563003428e-01 1.3234182150e-01 1.5011145047e-01 -1.2134345806e-01 3.5246506931e-02 2.6078506215e-01 -7.2303400865e-02 1.7284886620e-01 -2.8266828038e-02 5.1610271161e-02 -2.2944772449e-01 -2.5564522632e-01 5.8803756444e-02 1.0423388060e-01 -2.0898698725e-02 -7.9996941738e-02 -1.7381287751e-04 -4.7092532891e-02 6.5547705399e-03 -5.8534139316e-02 -4.9610781978e-02 -8.9563499754e-02 -1.0723665596e-01 -4.0450723455e-04 1.1025760797e-01 -1.4565315619e-01 -1.0792737727e-02 -1.0235465564e-01 -1.5869767833e-01 2.1750815796e-01 -2.3883624480e-01 -7.0790003048e-02 -1.8833998695e-01 1.1442312029e-01 9.0273604213e-03 -1.5238552473e-01 -5.2567576585e-02 -2.0942963786e-01 -1.4099456677e-01 -2.9462539064e-02 3.6359638830e-02 6.2757574967e-04 -3.2212281780e-02 -2.0713115394e-02 2.4668965913e-02 -3.3516739786e-02 7.2260980916e-02 -1.1666726194e-01 -1.1201764853e-01 5.9635331071e-02 -4.4042130193e-02 9.4785340664e-02 8.8322220277e-02 4.9621342228e-02 -2.3850294159e-01 1.4991296145e-01 -1.8971127434e-01 1.9509073412e-01 1.3040029337e-01 -4.3678618243e-02 4.3622255639e-02 2.7865335764e-01 -8.2096263984e-02 -1.7306231842e-01 -1.7387820300e-01 2.3888886712e-01 9.0029545120e-02 -1.2131316339e-01 1.2925836716e-01 -1.1589389354e-01 1.7932215472e-01 -9.4665187374e-02 -6.1038770557e-03 -2.5958190475e-02 -1.0127120210e-01 9.4975533325e-02 1.2401115548e-01 -1.1866582897e-01 5.7448754708e-02 -2.7008395038e-02 3.1439747334e-01 2.1741061593e-01 -1.2468950197e-01 -1.9177046744e-01 -1.7543118186e-01 2.0899742319e-01 -1.5213239017e-01 -8.0877488909e-02 1.4590859539e-02 2.1901354412e-01 1.4670973779e-01 1.1699851880e-01 -7.7582500247e-02 -1.0569390191e-01 5.0023901040e-02 7.3589926484e-02 2.5353597454e-01 -7.5750491638e-02 -3.6398152643e-02 1.9489715836e-01 1.2783452150e-01 2.8727051368e-04 -2.2662516834e-02 1.5152042340e-01 -9.6594061018e-03 -1.2915439888e-01
3.3521410776e-01 1.4424274826e-01 -1.1605767296e-02 8.0715826568e-02 -1.4265823917e-02 3.0462093188e-01 8.6960187266e-02 -8.3094606568e-03 -2.9576716720e-02 -6.8168435399e-02 2.7055141622e-02 -9.8282381349e-02 -1.5121414994e-01 -2.3445235926e-01 -1.6304530371e-01 -1.8671611481e-01 -1.7257510163e-01 -1.4306798527e-01 -4.2754866666e-02 -7.8726393275e-02 -1.7278151501e-02 -6.8356743661e-02 -1.2552998604e-01 -1.0475757609e-01 -1.6983146820e-01 -2.5159484577e-02 1.2509265902e-01 9.9067596581e-02 -6.0730214252e-02 1.6535349383e-01 -6.0582443453e-02 5.5641156962e-02 -5.4828874674e-03 -8.7772174039e-02 -2.3680029374e-02 -7.2948915707e-02 -2.2747543560e-01 2.2254176694e-01 1.3179873387e-01 -3.5194328916e-02 3.6648521980e-02 -2.6358015611e-01 1.4720378460e-01 9.3399270059e-02 -2.2932213038e-02 -3.0211200339e-02 1.8733298292e-01 1.0359173129e-01 3.1738407466e-02 -3.3493580594e-01 1.3392611362e-03 -2.3141125756e-01 7.8695333447e-02 8.6538524309e-03 1.1503341972e-01 1.3354849495e-01 1.0947171073e-01 -6.6939125781e-02 1.6986871830e-01 1.1945158519e-01 1.6993834742e-01 -7.9044913737e-02 1.1176638479e-01 -2.9471320178e-01 -1.9321883199e-01 1.3142061229e-01 1.8562086081e-01 -2.2297039524e-02 -4.8027186021e-02 -1.3579178271e-01 6.9198270876e-02 -2.2091329933e-03 -1.1902761466e-01 -5.9046306711e-02 -8.5785093982e-02 1.6887999125e-01 -3.8457919919e-02 3.9090422260e-01 -1.0874972270e-01 6.4079492685e-02 4.0587101823e-02 4.9617279948e-03 -2.8758704139e-01 7.7179776019e-02 2.6302227818e-01 2.1900839094e-01 1.2764549198e-01 -2.1729807419e-01 1.1834467576e-01 -1.0258173263e-02 -1.5384101770e-01 3.9626426905e-02 1.6706832893e-01 -9.3914428743e-02 -2.6110470002e-01 -1.1392794453e-01 -3.4257805963e-02 1.0106891278e-01 -2.6365145176e-01 2.5101915804e-01 -2.1828114833e-01 1.0909712923e-01 3.4628710120e-01 8.6175487346e-02 3.9681753319e-02 9.8100361793e-02 7.0937375927e-02 1.3437827387e-01 -2.0068673960e-02 -8.4183322816e-02 -9.2474158154e-02 -3.8380328262e-03 2.6256106383e-02 -7.1736766860e-02 -1.6957468458e-01 1.4896587237e-01 -4.4311649768e-02 -3.2036465614e-02 1.6034251607e-01 -2.3133284789e-01 -1.1697896420e-01 1.3529035810e-01 -7.1902232830e-02 5.3381229904e-02 -1.6885573962e-01 -2.7558713588e-02 -1.5508703262e-01 -3.3048387592e-01 3.2303229692e-02 7.6394892582e-02 1.2244499663e-01 -6.6563746343e-02 1.5864101599e-01 1.5542527473e-01 3.0078613494e-01 -7.4060015168e-02 1.2987190175e-02 1.2917194847e-01 1.1605407166e-01 -3.1670069161e-02 -5.7177142609e-02 1.2792395900e-03 -1.2218293990e-01 1.6518850722e-01 -1.0150254110e-01 -1.2892470223e-01 -1.0371398179e-01 -1.4471502366e-01 2.3639797647e-02 -1.0923865746e-02 2.5851145167e-01 2.3096885606e-02 -2.0854171639e-02 1.8228389216e-02 -3.5676817189e-02 3.7266153481e-02 8.4414367647e-02 -1.9083957078e-02 -7.9701314485e-02 -1.3061075151e-01 -1.0336578992e-01 -2.5460846062e-02 -1.4651356172e-02 1.1981068805e-01
-1.4312270378e-01 -1.1544046049e-01 4.1058072391e-02 -9.7850571023e-02 -3.4343428957e-01 -2.1619743374e-01 -3.2136970186e-02 -1.6629460564e-01 1.6165992358e-02 -8.0234870141e-04 -3.2650983369e-02 1.1656237010e-01 -4.0401419099e-02 4.2659963625e-02 -2.3036928202e-01 -1.2684623182e-01 2.4910072755e-02 1.2314669907e-01 9.6154585937e-02 1.2608287554e-01 -2.0999446116e-02 1.1552591248e-01 4.3573338949e-03 9.7662706343e-02 1.1556205656e-01 -2.6412507297e-02 1.4435574231e-01 -3.1723064078e-02 -1.1755913232e-01 2.0899574297e-01 3.3519695033e-01 3.0153257597e-01 8.5619324306e-02 -2.1912000952e-02 1.3298537572e-01 6.9145330114e-02 6.4991758474e-02 1.3809756592e-01 1.4268435920e-01 -3.9530864314e-02 -2.5576093592e-01 1.4894332063e-01 -1.4954371898e-01 1.1167014657e-01 -3.3189721916e-02 -1.3582306442e-01 4.8862873902e-02 -6.4089849897e-02 -1.2004587889e-01 -1.8230569487e-01 1.2875814097e-01 4.2133222805e-01 2.5475290317e-01 2.0128615225e-01 -1.7936002458e-01 -8.6182226596e-02 2.3349353087e-01 -1.8011788318e-01 6.2169735110e-02 -1.0677538225e-01 2.1910494071e-01 4.4599528875e-02 -2.4778662241e-02 1.5250240955e-01 -6.7099046678e-02 1.8177244975e-01 2.9546363652e-01 -1.3196871431e-01 3.1086627857e-01 3.4662114928e-01 -1.0345692478e-01 -4.3390691061e-02 7.0901455315e-02 -1.4725986816e-01 2.9855331780e-01 2.0067408935e-01 -1.5963012391e-01 -2.5642004674e-02 -2.5917486313e-03 4.0838110315e-01 -6.8987188876e-02 -6.7017921222e-02 -2.5940545745e-02 -1.3081679270e-01 9.9556639686e-03 5.4671808162e-02 6.0910367235e-02 1.4651356416e-01 -6.3007401711e-02 1.7754452590e-01 -1.2443151812e-01 -1.4021892888e-01 3.4487632689e-02 4.6750481554e-02 3.2647642708e-02 1.7227463847e-01 1.5005883357e-01 1.2269782715e-01 7.5738382885e-02 1.7726199876e-01 4.9496179017e-02 3.5470696971e-02 1.0308131081e-01 -1.0100294265e-01 -1.4446546608e-01 -4.2218186454e-01 4.0710113317e-02 -1.2670643578e-01 -5.7400460517e-02 4.3425609808e-02 -6.9285922651e-02 4.0928386565e-02 -3.7285392314e-02 -1.8910630285e-01 -1.6870760257e-02 -2.3774198864e-01 1.4997722589e-01 2.2362206522e-01 1.4018732521e-01 1.2308941647e-01 -1.7916584276e-01 2.0882758853e-01 -1.4122326418e-01 -2.0299359384e-01 -4.5205355969e-02 -1.0841594226e-01 -4.5975943980e-02 1.5243185859e-01 3.6508584902e-01 -5.9759464658e-02 8.0497914533e-02 -6.9088607345e-02 -8.3494316772e-02 -4.1761820431e-02 1.8697137797e-01 -1.9837433778e-02 -3.0468816848e-02 9.4980284015e-02 1.2388812812e-01 -1.3157391696e-01 -2.3719959294e-01 -1.0263798345e-01 1.3445505239e-01 9.6361714874e-02 4.6726419933e-02 5.6785690538e-02 -2.6172398398e-01 -1.8120771850e-01 1.4832368653e-02 -1.6039073115e-01 -4.3546628152e-02 -3.5359808926e-02 -8.4151236127e-02 4.5780692681e-02 2.2033136624e-01 1.6007506901e-01 -3.0202627365e-02 -1.8059433715e-01 1.0827094604e-01 2.0166750797e-01 6.9742972566e-02 -1.1085627805e-02 1.9441043423e-01 -2.0626161121e-01
-1.3139904231e-02 4.4089308859e-02 -9.7411909181e-03 -6.3978260661e-02 -7.9564151370e-02 -4.2865507864e-02 1.1201930054e-01 2.1309713107e-01 -4.2559073902e-02 -1.9665073643e-02 -2.9498282026e-01 -8.0867594124e-03 2.7956213860e-01 2.0348007456e-01 -9.5755288509e-02 1.4013936463e-01 -6.9246082057e-02 -1.8733204773e-01 -1.5486758133e-04 2.0620645854e-01 -2.0051867141e-01 5.1423051314e-03 3.3727037449e-01 3.5776686393e-01 -3.9838133580e-02 -5.3228760074e-02 -7.9064371452e-03 -2.5921804057e-01 -5.0369588220e-02 6.9266246911e-02 1.1001735395e-01 1.4176012142e-02 -7.9817838053e-02 1.2885743702e-02 -1.8615216604e-01 -1.7745839277e-01 1.1391736689e-01 -1.7535296073e-01 6.9094934047e-03 -3.1882569776e-01 3.7966395852e-02 -2.0887958379e-01 -1.7180850413e-01 3.9394078137e-01 -3.2221932362e-02 7.8775172299e-02 -1.5468360554e-01 1.4566274694e-01 -1.1888601905e-02 1.4532046155e-01 -2.5846293167e-01 1.4490273195e-01 -3.4013253579e-01 1.2722129136e-01 9.4418475588e-02 -2.1496249981e-01 5.4092598037e-02 -8.4160311760e-02 -1.0840287939e-01 -3.4012755270e-01 7.5821504600e-03 3.1377460419e-02 -2.1885356065e-01 4.8686995715e-02 -1.1582846222e-01 -1.0446853045e-02 -1.0006937207e-01 2.1392569074e-01 1.4539484400e-01 1.5316487044e-01 6.1188465655e-03 -7.0168952302e-02 -7.4217865899e-02 1.4109710746e-01 -2.7228081665e-01 3.2021545957e-01 3.2035918109e-02 2.0298819492e-01 9.8807854183e-02 -2.7338523100e-03 2.0880269541e-02 8.6162335088e-02 -6.5607875418e-02 -1.7664093300e-02 1.1142628651e-01 2.4591707696e-02 -8.8196248673e-03 5.2939716896e-02 -1.6041980611e-01 9.1304020952e-02 9.5353513173e-02 2.4459832177e-02 2.4793367430e-03 -5.6262043125e-02 -1.7887221004e-01 -3.6067693228e-02 1.1160376214e-01 3.5639157879e-01 -3.2842363970e-02 2.8212127543e-01 1.5142437811e-01 5.3960281406e-02 -1.1470040865e-01 -1.2523756765e-01 2.0999147898e-02 9.5959833125e-02 1.6856898122e-01 -5.6632041803e-02 1.3963242799e-01 -1.4410457798e-02 -5.8975523262e-03 -6.8745071560e-02 7.0841342534e-02 1.3660646236e-01 -3.4685777393e-02 9.5377834436e-02 9.9952785387e-03 5.2097580795e-02 1.0235329625e-01 1.5746172685e-01 4.1629247265e-02 3.7408764798e-02 -8.5939057139e-02 -1.2464562013e-01 6.1320627334e-02 1.9293009346e-01 -1.0407195617e-01 2.0432931281e-01 3.2093393227e-02 5.9221856038e-02 9.8911407344e-02 2.1307588122e-01 -3.9446892836e-02 1.6179420531e-02 -1.3500833496e-01 -1.4503771210e-02 4.7115947006e-02 9.3953666521e-02 -4.0708662219e-01 1.1226699644e-01 5.1517547295e-02 -1.5608580073e-01 7.4646270898e-02 -1.0329710176e-02 1.3825308104e-02 3.6553428355e-02 1.3672980297e-02 9.8400380476e-02 9.4738206337e-02 1.1450261483e-01 9.3103389555e-02 3.1462076920e-02 -1.0678497172e-01 1.9222608360e-01 1.9858654679e-01 1.0749532487e-01 2.7618598316e-01 2.4895442981e-01 6.0963544098e-02 4.5652656301e-02 3.1929328849e-01 -1.1711108496e-02 -2.5193509941e-01 6.4583280050e-02
-9.3563616966e-02 -1.6332923357e-01 2.3483433052e-02 2.5323428898e-01 8.3462794721e-02 1.9617242854e-02 9.3525291010e-02 -6.7559432995e-02 -2.5798375289e-02 -1.5122039552e-01 -3.1906421594e-01 4.4748417490e-02 -1.8795142201e-01 2.8056848507e-01 6.4021488391e-02 1.0221714583e-01 2.0455511489e-01 3.7946164695e-01 2.0100098957e-01 -1.5340595692e-01 9.5609442314e-02 1.2777771516e-01 2.7994959408e-02 -9.8555253366e-03 4.7578005033e-02 -1.2735842159e-02 8.9718605855e-02 1.0013967047e-01 -3.0246573822e-02 -1.2438238856e-01 -3.2908363126e-02 5.6858081482e-02 3.2205217016e-02 -1.8611019779e-01 1.0987386157e-01 6.3041366520e-02 2.9481071282e-01 -5.4288551418e-02 -2.8453414973e-01 -2.2493763359e-01 1.0885739855e-01 1.5951974837e-01 1.1094517868e-01 -3.7504667811e-02 4.0365267322e-02 3.2346919547e-01 2.9817789285e-01 1.2432480027e-01 4.9480647791e-02 -2.1199347494e-01 9.5949754650e-02 1.9183993267e-01 1.3890766821e-01 -5.8825434926e-02 -2.6474208534e-01 -2.8573023838e-02 -1.0205841187e-01 -5.4683816679e-02 1.3734156770e-02 1.5900670630e-02 -3.4803818210e-01 -7.0050333906e-02 -6.3576814212e-02 -9.2315104715e-02 2.7437166844e-01 2.5927776300e-02 -8.9852667933e-02 1.0792135845e-02 1.6487182473e-01 2.1937600239e-02 -8.5096060542e-02 -5.3806737400e-02 -1.3383010026e-01 5.7227120768e-02 1.0211028412e-01 5.1460483323e-02 1.3907022887e-01 2.2478580585e-01 6.1199268294e-02 -1.6339716386e-02 1.1585525572e-02 -4.4892336375e-02 1.8692903357e-01 -3.2836481143e-02 1.4820876958e-02 -2.9161199507e-02 -1.0243806716e-01 -1.6150553996e-01 -1.6863901704e-01 7.6510906906e-02 7.3713088007e-02 2.6442739934e-01 1.1350630277e-01 1.2231003761e-01 -1.4624735189e-01 -1.2365648478e-01 1.0500132597e-01 5.3231151137e-02 1.3819300426e-01 8.5517029281e-02 1.7138919455e-01 2.4829127717e-01 7.3450895343e-02 2.6917327078e-03 -8.4139283949e-03 1.9276595572e-01 1.6758369809e-01 1.8596958985e-01 -1.0092610996e-02 9.2120926615e-02 2.4559899481e-01 -8.5176179704e-02 -9.2865776674e-04 -1.3175542316e-01 -2.2089085703e-02 1.5286723273e-01 -1.8000964439e-01 -7.7007517211e-03 9.3957903846e-02 -8.9276453282e-02 8.5660058671e-02 -6.4574851216e-02 -2.3259297889e-01 -7.2941265804e-02 1.6112431476e-03 -2.2126460483e-01 -5.2484827076e-03 1.0017938561e-02 2.6687458879e-01 1.1015801695e-01 1.7762124052e-01 1.6524461926e-02 1.2030731636e-01 8.6125237633e-02 7.9450378450e-02 1.1016250642e-01 -6.1687783843e-02 -1.6210940206e-01 -2.7859642172e-02 -7.9548912117e-02 1.0676873141e-01 2.0961765860e-01 3.7104998025e-02 -3.7058962765e-02 5.3557340956e-02 3.1781751953e-01 -8.3588787736e-02 1.5730679111e-01 1.0447721924e-02 1.3191314233e-01 -5.5034404168e-02 4.6359163132e-02 4.6650280384e-02 1.0178536294e-01 -3.2751100512e-01 -6.6254721861e-02 9.5651228140e-02 -2.9853114296e-02 6.6992170221e-02 7.7238281067e-02 -2.8094973935e-02 1.0951447372e-01 -7.6502713660e-02 -1.5173887984e-02
-8.8116680258e-02 1.7822206332e-02 -2.5785679418e-02 1.0844535765e-02 -7.0394001006e-02 -7.5837841205e-02 -5.6070446930e-02 9.1837655683e-02 1.0409866904e-01 -1.3913270543e-02 6.0938091612e-02 -6.0639743268e-02 -5.6467706153e-02 5.5623874956e-02 -8.0424940318e-03 -6.2827349185e-02 -5.4504903081e-03 9.0628299504e-02 8.7667567983e-02 5.1240749719e-02 1.7688687433e-02 -4.5669705624e-02 -3.1765371927e-02 7.7045496382e-02 -3.8645384424e-02 -7.3637693037e-02 -5.5689372909e-02 -1.9161516333e-03 3.8217860910e-02 -7.5128206051e-02 -6.0103326271e-02 7.3897566566e-02 1.4353417662e-01 -7.4564063581e-02 -5.9015126910e-02 -5.4878200663e-02 -9.3842226455e-03 1.4467775740e-02 -6.6148751547e-02 -7.1098005265e-02 5.0481760373e-02 2.3990888649e-02 -1.8191626947e-02 -9.8487419541e-02 -6.9102964994e-02 -3.3753686980e-02 -5.6958962853e-04 6.5576586361e-02 5.5828753051e-02 2.0576058820e-02 1.2260907308e-01 -3.5874337926e-02 -4.4689968015e-02 3.5178586297e-02 -4.4470918447e-02 -2.3262112599e-02 3.1566554931e-02 2.5415044643e-02 -2.3124384009e-04 -1.0829055376e-02 8.0330767848e-02 7.4213827135e-02 6.3499279385e-02 6.3817199723e-02 -4.1660925950e-02 1.2234683423e-02 -1.5075776860e-02 -8.8558271685e-02 7.6204831174e-02 -2.8827519841e-02 -4.7018926444e-02 -5.0039246577e-02 3.1372733431e-02 -9.3953698485e-02 -3.8386959227e-02 1.3956537864e-02 -5.4196802205e-02 -1.8204616338e-02 8.6356843652e-02 7.8774811892e-04 -3.5049136905e-02 -2.0941272227e-02 8.6185339893e-02 2.0382748182e-02 -6.6245253995e-03 7.8509515925e-02 -6.9114096514e-02 -7.9072153493e-02 -1.1944032829e-01 -8.2020632779e-03 4.8504752673e-02 4.7730556180e-02 -9.5361918261e-03 5.3649092795e-02 -7.0590239485e-02 7.0491768915e-03 -8.5276617485e-02 1.1073438339e-01 -6.8508489874e-02 3.6738871894e-02 4.8396671068e-02 6.6243445524e-02 -4.7944524954e-02 1.0287176297e-02 2.4354606114e-02 -4.9249989822e-03 1.0489887150e-03 -3.0514018598e-02 1.4286456068e-01 -3.0101832940e-02 3.5303425427e-02 1.6159517529e-02 1.5092767582e-02 2.8428046353e-02 6.2771591297e-02 -1.1666512082e-01 7.6257054835e-02 -5.7404864105e-03 -1.1587628039e-01 -4.7967926452e-02 -9.2363348921e-02 -2.9310519739e-02 5.4460061867e-03 -4.0855592246e-02 -1.2239924713e-02 -8.0442596402e-02 -5.7958410691e-02 -4.8391064029e-02 4.5628453931e-02 3.4501539079e-02 -1.4627006185e-02 9.2400754618e-02 1.0237247540e-02 4.8346094238e-04 -7.8384968519e-02 -4.2131904745e-02 2.4154202609e-02 1.2276758881e-01 -4.7491769149e-02 6.2380043468e-02 6.5734645082e-02 -7.2270801002e-02 -3.2290254682e-04 1.0031541496e-01 -6.9948542488e-02 3.1291003609e-02 8.2203599643e-02 -6.8017913770e-02 -3.9024266923e-04 6.1892359098e-03 -3.5762429470e-02 -3.7313223908e-02 1.6596547062e-02 7.3353411706e-02 2.8553162992e-02 -3.8129074158e-03 -5.6903452349e-03 -1.2612574862e-02 1.8058120126e-02 -3.1028274559e-02 6.9931002734e-02 -2.7396785704e-02 1.6850311028e-02 -9.3657882915e-02
6.3376148399e-02 3.1456042982e-01 3.6504657920e-02 4.0627186064e-02 -7.2882852252e-02 3.2847766890e-01 -1.1934150684e-01 -4.0355860074e-02 -4.7990208373e-02 -1.5992572173e-01 1.6676114930e-01 -6.1137163785e-02 -1.3233226043e-01 1.0446296581e-01 -3.5262965839e-02 7.6677979762e-02 1.7872470703e-01 5.4591416429e-02 9.9031017988e-02 -1.0571133506e-01 3.9286776933e-01 1.9876739518e-01 -9.6882658862e-02 -3.0345347281e-02 4.4790233031e-02 -4.7675886217e-02 3.1689902927e-01 -2.6283595568e-01 -5.2326603315e-02 -3.0005359711e-01 2.1867022866e-03 -1.2878354226e-01 -1.0912790329e-01 3.5152460309e-02 -7.5897308130e-02 -4.5496806318e-02 -1.3784662410e-01 -1.7397428812e-01 5.8780994596e-02 -1.9804430198e-02 7.2954020356e-02 -1.4515751059e-01 -2.5817008241e-01 -3.2520992694e-01 3.5728163355e-02 -9.8800108012e-02 2.1561395599e-01 -2.0326168994e-01 1.4638532224e-02 4.1979808899e-02 -1.7990465314e-01 1.7103429125e-01 1.7459047955e-01 -5.6745313309e-03 3.8180700694e-04 2.0997223297e-01 -1.6950736084e-01 3.4905126186e-01 -3.8097128374e-01 6.8760919252e-02 -7.9228441912e-02 -3.4995432837e-02 -1.8985463356e-02 -2.9741995232e-02 -1.6963160393e-01 -2.4341539348e-01 -1.0362926023e-01 -2.3663884746e-01 -1.9861597220e-01 -1.8894975125e-01 1.4989983168e-02 1.0175856699e-02 1.3758191330e-01 -2.0241555961e-02 -3.6095508301e-02 -3.0549129279e-01 -3.0458317431e-01 3.0793468414e-01 -8.5471485225e-02 1.4494939582e-01 9.3421875802e-02 -5.9554928917e-02 -9.0643122524e-02 -8.8955470219e-02 1.9955670820e-01 -1.6866280650e-01 -7.5426338743e-02 -3.9679278137e-02 -3.0227640412e-02 8.8982523874e-02 -6.6468968913e-02 -1.6549073346e-02 -1.6850243232e-01 -1.8018018224e-01 -4.1605676147e-02 6.8194117288e-02 3.0277750767e-01 1.7697248711e-01 7.5805627264e-02 7.4401126857e-02 -1.3742511961e-02 -2.6342351131e-01 -1.2270854586e-02 -5.4396776010e-02 2.4900331102e-01 2.2191452200e-01 3.1122039146e-01 7.5872629455e-02 1.0493923230e-01 5.3355008690e-02 2.3211888124e-02 3.1211381832e-02 1.2888636503e-01 -3.5244372439e-02 -3.3836898574e-03 -1.2151194390e-01 8.3411055444e-02 -1.0023208615e-01 3.3290308139e-03 -2.0693372241e-01 -1.7131384409e-01 1.5815359700e-01 -5.6686858079e-03 4.5145339380e-02 1.2903434130e-01 -1.6187857066e-01 2.3323857519e-01 1.4009534729e-01 -1.3727431271e-01 -2.3529525090e-01 -5.6443205890e-02 1.4575892984e-01 -9.3138105102e-02 -2.4452888125e-01 -1.2491520773e-01 -8.0906751780e-02 -3.0443546544e-02 -6.3789645564e-02 -2.9601841014e-01 -2.8794138077e-02 -1.0895340834e-01 1.0460632081e-01 7.0383402077e-02 1.8175816007e-01 -5.8274287264e-02 3.5609896224e-02 -2.0254985334e-01 -2.4795611775e-01 5.3972831530e-02 -4.6082676451e-02 -1.2627367228e-01 6.8118827054e-02 2.5524358332e-01 5.6487457054e-02 -6.1639054555e-02 3.3958133615e-02 4.3829989276e-03 1.0466039571e-01 -3.7411796511e-02 1.7553274254e-01 3.4521153593e-01 1.1803794001e-01 -4.1629196045e-03 -4.5696716955e-02
1.9298849235e-01 1.8145455665e-01 -5.3370170155e-02 2.4185626297e-01 1.3127541847e-02 -2.7584614653e-01 1.3996781212e-01 -6.8995815431e-02 -4.4974037355e-02 2.0483919293e-02 5.9392875649e-02 3.4592846334e-01 1.8900499424e-01 8.2523216209e-02 -7.9419362995e-02 2.0110009499e-01 -1.4985270776e-02 -2.2733838879e-03 -4.4677121328e-03 1.8223513807e-01 -3.4069400161e-01 3.5591676824e-01 2.0680581194e-01 3.7064809041e-02 1.8047228820e-01 -1.3602897418e-01 -2.0400525409e-01 -3.5192234491e-02 -2.6586222856e-02 -1.8745256227e-02 -1.1343886671e-02 -1.6863631086e-01 -6.7687790380e-02 -5.9910116393e-02 1.2587241333e-01 2.0394745185e-01 3.0709669612e-01 2.0094715774e-01 1.0016684826e-01 9.4560278635e-02 -1.3025506835e-01 4.4514322198e-01 2.2942152565e-01 -2.7466350581e-02 1.1312124679e-02 1.3963826898e-01 1.0462049588e-01 -2.1396414858e-02 1.2835262427e-01 1.5274459400e-01 4.3529433237e-01 -2.3341205499e-01 -2.8678669920e-02 1.7434394928e-01 2.0141537259e-01 2.6037335522e-01 3.4974514880e-02 1.5212817446e-01 1.0135799438e-01 7.7261559141e-02 -4.3685851825e-02 -1.8977343240e-02 2.3328819547e-02 -1.4327400012e-01 1.8798499680e-01 -2.3016699218e-01 -5.0281453665e-02 -3.3394126260e-02 -1.8435475069e-01 1.2608667269e-01 -9.0557442258e-03 5.4455249594e-02 9.7850165001e-02 1.3362696841e-01 1.9453553213e-02 -1.1609848064e-01 1.5091273028e-01 -1.1796042921e-01 3.3184041553e-01 -6.1926595562e-02 1.1173178281e-01 -3.8837446087e-02 6.1180209323e-02 6.9623022366e-02 7.4240006522e-02 -5.7776464371e-02 1.2700604051e-01 1.9151175355e-01 1.4801930123e-01 9.9846302745e-02 -9.8550769181e-02 -1.0382314542e-02 -6.1816072532e-02 -3.2656923018e-02 -9.5273255760e-02 1.0142773032e-01 8.5342474988e-03 7.5413158573e-02 -4.6715914107e-02 -1.3222429016e-02 1.2911798616e-01 1.6468841107e-02 1.2714516812e-01 6.0865662867e-02 -1.5359764011e-01 -3.6204922271e-01 9.9974237278e-02 -1.9829603261e-01 8.6615497686e-02 -1.0128688671e-01 -9.7425387939e-02 -2.8620452420e-02 -5.4396943910e-02 2.5794956558e-01 1.3886624082e-01 -4.7252833267e-02 -4.8859509138e-03 4.6928653429e-02 -1.6071433363e-01 -2.1729743593e-01 -5.7515606815e-02 2.1499017358e-01 9.8193493512e-02 -1.6505782155e-01 -3.0826703732e-01 -1.2175480601e-02 4.2977001387e-02 6.2211393424e-02 2.4996426059e-03 2.4628239915e-01 -1.1074274360e-01 9.7437418753e-02 -1.6592251270e-01 1.7333138769e-01 2.8083352880e-01 4.1815262163e-02 5.2041384568e-02 -1.7873760274e-01 1.0585126299e-01 -4.4844048211e-01 -1.8639906924e-01 -1.0947817600e-01 -2.2023119055e-01 6.9775387876e-02 1.1528796389e-01 -1.5834601718e-01 -1.9740454455e-02 1.0486486697e-01 2.0995687032e-01 1.1811634006e-01 1.4013146493e-01 -1.4645386956e-02 -2.8065888234e-02 1.0277793434e-01 1.3883739815e-01 1.4180295926e-01 -1.5620336194e-01 -1.0972718402e-01 8.0454809483e-02 -1.2332260051e-01 1.6098339230e-01 4.6780943736e-02 1.6407052977e-01 4.4580741886e-03
3.3177188244e-01 2.4695846447e-02 -2.9118454031e-02 -1.3180044740e-01 3.2425593708e-03 5.2742450859e-02 -2.1928627438e-02 -1.8609007264e-01 1.1032327790e-01 1.6029193168e-01 2.5831759340e-01 -3.2286898107e-02 1.4113589437e-01 1.6457174253e-02 2.6864345635e-01 -5.8119584592e-02 8.7664642425e-02 -2.0034951158e-01 -3.9457912707e-03 -3.3435059796e-01 2.3919729103e-01 -1.3483461937e-01 1.1998570357e-01 -2.1782122677e-02 -6.7405455507e-02 3.0059701675e-02 -3.8943839739e-02 -7.6882435122e-02 -2.5168334620e-02 6.2443511082e-02 2.3551119244e-01 -4.9668932243e-02 -2.8773725292e-01 -2.6585455598e-02 1.5160476726e-01 1.9971930107e-01 2.0597366621e-01 -1.7324403938e-01 -8.3383144577e-02 4.9757890026e-02 3.5167855189e-02 9.0076508864e-02 -9.7102702963e-02 1.2038748986e-01 -5.1717385315e-02 5.2125689496e-02 -2.9210130157e-01 1.5732405225e-01 1.6025484591e-01 -1.0757953552e-01 1.9088354668e-01 -4.8819998945e-03 -2.9955877344e-01 -1.0380461574e-01 -2.9867546581e-01 -8.1594845753e-03 5.2781998713e-02 -1.1161729411e-01 -1.1472816386e-01 -1.6289242065e-01 -1.6516093843e-01 2.5267893396e-01 6.1827207853e-02 1.1045385234e-01 1.7125349700e-01 -1.4781569868e-01 3.0737619972e-01 4.4123270986e-02 5.0678215305e-02 -3.4793261534e-01 2.1143896198e-02 5.2813096329e-02 -4.4454738600e-03 7.6446573292e-02 1.3595432905e-01 9.6591102637e-02 1.4010883330e-01 -1.9286579797e-01 -3.6920666153e-02 9.7648222219e-02 -1.8450660959e-01 -1.0964307708e-02 -6.8436574699e-02 5.5925417502e-02 -1.0610490885e-01 -1.7436205475e-01 8.6789441355e-02 2.9165489658e-01 -5.3031186792e-02 -9.6653736814e-02 4.4895698049e-03 2.0805269109e-01 -1.8097569468e-01 8.9788776025e-02 3.0887511380e-01 -1.5884095480e-01 -2.5463849799e-03 2.2609168694e-01 2.3197145550e-01 -1.0008762046e-01 -8.8956443688e-02 -3.3839481392e-02 2.1012815702e-01 -3.0729395868e-02 5.9859220512e-02 1.1281004026e-01 -2.3510732627e-02 -1.4244477579e-01 4.2151727818e-03 -5.8198669489e-02 -9.0169148036e-03 6.9444648955e-02 2.3607914856e-01 6.3835716371e-04 4.8608914858e-02 1.5203055670e-01 2.6469261843e-01 1.7137384037e-01 2.4175982458e-01 -5.7289282825e-02 -2.4686043333e-02 1.9475909036e-01 4.5554101391e-03 -2.4569424409e-01 -2.4972243513e-01 -1.0572282919e-01 -1.8522730356e-01 -9.0361118530e-02 1.8185346099e-03 2.4169121034e-01 -8.5770159591e-02 7.7399854453e-03 2.2419751049e-01 2.7787107802e-02 1.5799320747e-01 -1.1252764308e-02 -6.1131273250e-02 1.3377645478e-01 -8.8173091982e-02 -4.8846884703e-02 -6.6145455075e-02 9.9049244823e-02 1.9161590734e-01 1.3103900456e-01 4.1237556918e-02 -1.8053156143e-02 -4.4759554409e-02 3.2039218290e-01 3.2344305019e-01 -9.2607501581e-02 8.8806660756e-02 3.6341522152e-02 -8.0378664421e-02 2.5148006756e-01 -5.3607985009e-02 8.2458441319e-02 3.4913554244e-01 2.5734956594e-01 -2.5231830658e-02 -5.2909501237e-02 5.0564155812e-02 -5.4549888561e-02 2.8442630845e-01 1.2518760023e-02
-1.4821521209e-01 1.3714174030e-01 -1.4449590093e-01 1.5212036575e-01 -7.3639366995e-02 2.2932041989e-01 4.0854508552e-02 2.6520760673e-01 -2.6928194636e-03 -2.0453370062e-02 1.6267876994e-01 1.9352885463e-01 1.2890206890e-01 1.7231299925e-01 -2.3008968432e-01 -2.0182665729e-01 -4.7684502598e-02 -6.0852451510e-02 -1.2742065769e-01 -1.4348703047e-01 1.1357738807e-01 5.1727276416e-02 -1.4297671964e-01 -1.6715350251e-01 9.9365408740e-03 9.1455984007e-02 -2.1815036198e-01 -1.6640735805e-01 8.7167823693e-02 2.9935380384e-01 5.8621609013e-02 5.1904824560e-02 -8.6017825883e-02 4.4490447547e-02 -1.9682841601e-01 -8.8381032766e-02 -5.5871490665e-02 4.5245265809e-02 4.7409436968e-01 -2.2910259209e-02 2.6163668051e-02 4.4977211154e-02 2.5869721740e-01 -8.6269995870e-02 -5.6851655781e-02 -1.3497638926e-01 -4.6054638689e-02 3.6967793679e-01 -2.4806621635e-01 1.4050080420e-01 6.9973853442e-02 3.2542788322e-02 1.1823864278e-01 -6.8181797384e-02 -1.0876431676e-03 1.3425767098e-02 -3.6797294669e-01 1.9155257080e-01 -2.6217430079e-02 2.3613727047e-02 -2.8769749692e-01 1.4370886091e-01 3.5366973864e-02 -4.9652625390e-02 -5.7098522414e-02 -1.1886587187e-01 -9.9408107971e-02 4.3908439476e-02 8.6881444624e-02 -1.3188669871e-02 6.0444712065e-03 -8.3540535193e-02 1.0831415653e-01 -7.0593322548e-03 2.0747185396e-01 2.5191378801e-01 -9.4960424292e-02 5.4794605990e-02 -5.5465956112e-02 -1.7139126716e-01 2.3457083774e-01 3.0467521744e-02 1.3886306072e-01 -4.1351174291e-02 -1.1374713255e-01 4.4471110085e-02 -3.0947137563e-01 7.0708465397e-02 2.5220606347e-01 7.8045717219e-02 3.0772582819e-01 -2.7581307123e-02 1.2623664115e-01 -6.3313464127e-02 -8.0084361149e-02 -2.3322915621e-01 -3.4809279587e-02 -2.0815344514e-01 -8.0841730960e-02 2.8151577665e-01 3.1801696246e-01 2.0342934201e-01 1.1069826754e-01 1.0553478759e-01 -2.4144792707e-01 2.1101671633e-01 5.1368559549e-03 1.2840357305e-01 4.8266829513e-02 2.1321907603e-02 1.1264394958e-01 -5.6576109144e-02 2.0372761187e-02 8.9835723749e-02 4.0461826640e-02 -2.9365658105e-01 3.1594701259e-01 -6.3549606227e-02 -4.9136191480e-02 3.4920013278e-02 -8.6048007741e-02 7.3472945249e-02 -2.2907252187e-01 -3.1079022815e-02 -1.5002910190e-01 -2.6992674678e-01 -2.7659253698e-03 2.7805552787e-01 -1.1238052671e-01 -6.9852061715e-02 -1.1703111069e-01 -1.4739255270e-01 9.7007059697e-02 1.0770789832e-01 -2.4425579267e-02 -3.7525076762e-02 -3.8259061604e-02 4.1816360484e-01 -3.0437890330e-01 2.7027935402e-02 5.1069029967e-02 -1.9805560497e-01 3.0762442883e-01 -2.0683067411e-01 -2.5844560162e-01 1.6738985419e-02 1.2648136182e-01 -6.0194647114e-02 -8.2582089802e-02 1.7727693657e-01 2.3813453133e-01 8.9682906060e-03 2.1282079130e-02 5.8346177584e-02 -1.0270277909e-01 -9.5571385498e-03 -2.1497145497e-01 -5.6581883881e-02 3.0516110460e-02 3.3780334008e-01 -1.9608938019e-01 1.1027476226e-01 1.2348129645e-01 -1.3167280185e-02
1.1281345841e-01 5.1721688596e-02 7.2736487548e-02 1.8400693769e-01 2.5750815138e-01 9.1722730136e-02 2.1702151189e-01 -1.1665042875e-01 -4.6029989360e-02 -6.0804227540e-03 7.2638041568e-02 7.1799773885e-02 6.1289008476e-02 9.2788042349e-03 2.8045275033e-01 -1.3909093207e-01 -6.3743966427e-02 4.4550411040e-02 -4.5310850180e-02 8.4128062257e-02 -1.8304311296e-02 2.1289811918e-01 -1.2324328087e-01 2.0047173413e-01 -1.1865366158e-01 -3.1350203723e-02 1.6797729756e-02 -2.3455203389e-01 -1.3235361281e-01 2.3229493118e-01 5.0154412855e-02 1.4263943718e-01 1.1054678592e-01 -6.9061746692e-02 2.9908004874e-01 8.2799968909e-02 -4.1707574653e-02 -4.2921612873e-02 1.5884009686e-01 1.7742747662e-01 -2.0037375605e-01 -6.4726940509e-02 8.4643302308e-03 2.3231683282e-01 -4.2387636203e-02 2.4265462270e-02 8.5124504208e-02 -1.4545477054e-01 -8.1811232486e-02 -7.9922841109e-02 -1.6265706309e-01 -1.0703829421e-02 6.6376543103e-02 -1.6286802202e-01 1.2077962484e-01 -3.5501931079e-02 1.3838739646e-01 5.0774094004e-02 -2.1123159868e-01 1.1092159338e-01 -1.8079760699e-01 -1.2544248836e-01 1.9024940850e-01 1.7806916572e-01 -1.4402776264e-01 -1.2606023040e-01 -1.0496616176e-01 -1.0052844141e-01 2.7528056950e-03 1.3480788973e-01 -3.2221860118e-02 1.2136078257e-01 2.8359770298e-01 1.4206064771e-02 -6.7535426390e-02 2.2331392814e-01 -3.9907367626e-02 -2.7754430654e-01 -1.6760732650e-01 2.4417569132e-01 -6.4400554591e-02 1.3705622739e-02 2.1202438727e-01 -9.6332803268e-02 1.6635033542e-01 -1.3358803241e-01 -5.9982919800e-02 2.7402444966e-02 2.9044424880e-02 -4.5828197345e-02 1.9679230007e-01 -1.7113026216e-03 -9.4894226568e-02 -1.3053605247e-01 1.4305358174e-01 4.9465216341e-02 -1.9480376168e-02 -7.6641435078e-03 2.4605394598e-01 -1.1240032465e-01 -1.6511336486e-03 1.3663522928e-01 1.6339277447e-01 1.3235393236e-01 9.1732177231e-02 2.3131285324e-01 1.5090224058e-01 -2.2309480768e-03 3.3574265946e-02 -7.0479523793e-02 4.9658835189e-02 -1.2768442019e-01 9.3844325570e-02 2.6099160548e-01 1.2426485912e-02 2.9542244486e-01 -1.6734443418e-01 -2.0365883952e-01 -8.7213057218e-02 2.0484583998e-01 -1.2046672592e-02 -6.9595971025e-02 2.0167103087e-01 -2.7648794400e-01 -2.7479302121e-01 -5.3091062179e-02 -1.4012588282e-01 -8.1902533846e-02 1.2745514938e-01 -3.8687452904e-02 4.5072912491e-01 1.1373097606e-01 -3.6823775857e-02 -8.4186141295e-02 5.0320751370e-02 -2.9845696318e-02 -7.1155768429e-02 -4.9938944749e-02 1.3824481487e-01 8.8493755968e-02 1.6567977864e-01 3.8322226303e-01 1.8509374887e-03 -3.1896961417e-01 -4.0167174236e-02 -1.5793532156e-01 6.3439792586e-02 -2.0969050101e-01 2.3853126136e-01 1.2499827079e-01 1.8713204074e-01 -3.8420390656e-02 4.2459313787e-02 1.3587233484e-01 -1.4933138737e-02 2.3768262425e-01 -1.8301286142e-01 1.9422280707e-01 1.4838750458e-01 -2.3589233710e-01 -3.1221056440e-01 1.0840052670e-01 -2.4757994835e-01 -1.0008525966e-01
9.0146169896e-02 1.0013220824e-01 1.4076164726e-02 2.9908903306e-02 8.6182139778e-02 1.9788130470e-02 -3.3058664723e-02 4.8435938450e-02 -6.6500663904e-02 1.3327214815e-02 1.8969684603e-01 -1.8316349621e-01 -5.3584576463e-02 3.6064904333e-02 -1.4346763609e-01 -2.6659093909e-01 1.9755419095e-01 -1.7614734984e-02 7.3753193974e-02 1.0301749209e-01 -2.4285782583e-01 6.5088883391e-03 -1.3502980460e-01 1.8395412022e-01 -4.6125403637e-02 -3.1327675207e-02 -1.3652414262e-01 2.4949088420e-01 -4.6406316080e-02 -1.8819023002e-01 -1.3400995363e-01 2.1258786552e-01 -5.3198972226e-02 2.4168213300e-02 1.1782860774e-01 3.6733063761e-02 1.7636171031e-01 -2.2373091870e-01 1.1948592160e-01 -8.1449057997e-02 -2.9344855355e-01 -2.1214803260e-01 -3.3904406282e-01 -3.9843677904e-02 -2.3439044330e-02 7.1643724137e-02 -2.4347743625e-01 -3.0489613903e-01 1.4253979521e-01 -1.0702564344e-01 1.5007555218e-01 3.9087896673e-01 1.4330633217e-04 -5.4444019032e-02 3.3941901494e-01 -2.2701581215e-01 -2.5052623491e-01 -5.9739138286e-02 2.0423658556e-01 -2.8772914820e-01 1.1084457822e-01 2.4740441089e-01 2.3752545992e-01 -3.1117255436e-02 7.8637092573e-02 1.4575037530e-01 -1.3966558604e-02 -5.0419538046e-02 2.0220219234e-01 1.0017282665e-01 -7.7717810275e-03 5.7656985986e-03 -6.8599543957e-02 -2.2665323352e-01 1.3791833186e-01 4.2415294382e-02 1.6222170182e-01 -3.0289180074e-02 1.7472692956e-01 -8.4884576484e-02 7.7790052068e-02 -5.1427522598e-03 -1.9573375248e-01 1.0996501037e-02 9.2724407260e-02 -2.5774566664e-02 8.8227241655e-02 -1.5033148367e-01 3.2416578874e-02 7.5705283464e-02 -6.7431125693e-03 1.8889371427e-01 1.5736312426e-01 6.7462991323e-02 3.4038968068e-01 1.0362555714e-01 -2.0991762223e-01 -1.6830665065e-01 2.4672139828e-02 -6.4061775437e-02 2.2847495896e-01 1.4501918462e-01 5.5412094942e-02 1.2768557599e-01 -1.2097598338e-02 -3.3968992789e-02 8.2146757583e-02 1.9720512938e-02 2.5035395366e-01 -7.1487690529e-02 -9.1172642211e-02 -4.3353154385e-02 3.2971182886e-01 9.9556443743e-02 1.2088245842e-01 -2.5792000278e-02 -1.4117090311e-01 -5.7557446838e-02 -4.7265169478e-01 3.7559581682e-02 4.7052186306e-02 1.0125714611e-01 5.3338294606e-02 1.7856647705e-02 -7.5742577886e-02 -2.6412966110e-01 2.2871697949e-01 -1.8561602372e-01 -2.3127391363e-02 7.7007164530e-02 -1.6327244093e-01 -3.5302965650e-01 1.1241864190e-01 -1.8849366813e-01 -1.0574217885e-02 -4.0077113783e-01 -8.5794766499e-02 3.8295217428e-02 -8.0057062942e-02 2.4697271135e-01 2.4794691093e-01 5.9689059112e-03 -1.4980844558e-01 -9.4714354257e-02 -2.0136003308e-01 -6.9605386831e-02 -1.5283675589e-01 1.3655910433e-01 2.1629540464e-02 1.6513427618e-01 1.9635131701e-02 -7.7792340383e-02 -2.7130263594e-02 4.2801604689e-02 1.1023929061e-01 -8.7126572297e-02 1.2064793564e-01 1.9162348540e-01 -1.4851409252e-01 -2.4694498521e-02 1.1254991469e-01 4.2533680515e-01 1.8151482951e-01 8.2689360040e-02
1.7556535324e-01 -4.2977718735e-02 -1.0112297196e-01 -2.6062570008e-01 9.5753724150e-02 -1.6973511713e-02 -2.1658317489e-01 1.7578628999e-02 -1.4466306667e-02 -2.4265487660e-01 2.2693684097e-01 -1.5819052167e-01 -2.2690600254e-01 3.2690273173e-01 -4.7598525019e-03 -1.7242017144e-01 7.4314624405e-02 1.0496112412e-01 -2.4095846631e-01 1.1733186423e-01 2.5559665522e-02 -9.0934673869e-02 -2.3102629522e-02 3.3776569415e-02 8.3759141321e-02 -2.1216929147e-03 -2.4634922133e-01 -1.8444060475e-01 -1.5564088433e-01 1.3477144759e-01 -5.8214261179e-03 -1.6751045198e-01 -1.0510006245e-01 -6.1671371272e-02 5.5431686610e-02 1.1493594745e-02 3.1677978754e-01 -1.2834821020e-01 8.1569208893e-02 2.2692553135e-01 4.8566634429e-03 2.1085734101e-01 -1.0964232795e-01 3.7611748890e-01 6.7712031347e-02 -3.5731919905e-01 1.5848631968e-01 2.0109014645e-01 1.6269061952e-01 -1.0342943512e-01 -3.1558255439e-02 -1.9323489131e-05 -4.0861732977e-02 -1.7005083577e-01 1.1808497560e-01 -1.9177892872e-01 5.4982549112e-02 -4.7956127132e-02 1.1664247291e-01 2.0369418051e-01 1.6890188558e-02 -1.0295609034e-01 1.8390865068e-01 -1.1793832296e-01 2.7832439874e-01 6.3458253894e-02 -1.6736435830e-01 -1.2898611580e-01 -2.3871370859e-01 -5.6036175148e-02 1.0009821770e-02 -4.6273053063e-02 1.7124423832e-01 2.4701570088e-01 3.2623521577e-01 -5.3561174679e-02 -4.1982269808e-02 9.4081677116e-02 2.3754726943e-02 -8.3471510051e-02 -1.0106407071e-03 7.5496369602e-02 1.1899251659e-01 -1.5953677212e-01 -2.4273688622e-01 -4.2424178964e-02 4.0043768624e-02 -9.3601317208e-02 -2.0732434826e-01 -1.8898742730e-01 1.9754869667e-02 -2.1313840425e-01 1.9587128643e-01 1.7311510904e-02 -2.7214843888e-02 7.6689290801e-02 -4.9243726514e-02 -8.6580195734e-02 8.0774952115e-02 8.8757761186e-02 -6.7662277689e-02 -1.0549710056e-01 3.4230559721e-01 9.1682678928e-02 2.2710222347e-01 -3.2139830491e-02 -1.1490067315e-01 3.9325098532e-02 3.6213679960e-01 2.9304922076e-02 -2.9329089828e-01 6.1078096001e-02 -8.9919032713e-02 1.3845509459e-03 7.8109355566e-02 -5.7243155805e-03 -9.0408172161e-02 6.2213531159e-02 4.7443094450e-02 1.1116107637e-02 8.7697990955e-02 -1.8020809716e-02 2.4004222009e-01 1.2304839506e-01 3.6245599897e-01 9.2254602497e-02 1.1809397654e-01 7.8531989380e-02 6.1988220965e-02 -2.3952351715e-01 7.2784786198e-02 -1.5988979246e-01 2.1495275278e-02 3.4682270972e-01 2.9292057605e-01 1.6999526211e-01 -4.7260441536e-02 -1.7580306855e-01 -1.0532355513e-01 -7.2267534410e-02 2.5121298169e-01 -2.2708546276e-01 1.8781183363e-01 -2.0486727654e-02 -1.9134945602e-02 -3.8307539621e-02 5.6533136662e-02 1.5474779623e-01 -8.1027665141e-02 -4.1438699075e-02 3.0421138019e-01 3.6642799357e-02 1.8128246478e-01 8.2249818089e-02 -1.4380476644e-02 1.3530479855e-01 2.1460474449e-02 3.1359310473e-01 1.5998546290e-01 5.2368687299e-02 -2.2837886681e-02 -3.0598416363e-01 5.9426522280e-02 -2.1232154890e-01
1.3844574873e-01 5.2837749761e-02 -4.9065705253e-02 -1.0018724897e-03 1.2895024258e-01 -2.4025742254e-01 1.5274866431e-01 1.2091317608e-01 -9.8939060996e-03 -9.7114629645e-02 8.5810255524e-02 3.0150198660e-02 -1.4995069079e-02 6.5624541566e-02 -5.8425706918e-03 2.9139582596e-01 4.3819222189e-02 9.8169680680e-02 -6.0230803821e-02 -7.4331503458e-02 -1.6144673003e-02 -2.0670128433e-02 -1.1818285053e-01 2.0908910362e-01 -1.4218105572e-01 1.3757937953e-02 8.4382111487e-02 1.7809384413e-01 1.6785407405e-02 3.3933551179e-01 3.5541170061e-01 -3.3772211705e-01 8.3217519542e-02 -5.4025493736e-03 -1.2963907126e-01 8.3535432835e-02 1.7920688623e-01 -6.3471107013e-02 4.6506717392e-02 2.4186080590e-02 -2.7578606166e-01 -1.6087348169e-01 2.1226926404e-01 4.8861916427e-02 2.4332352935e-02 2.0604322789e-01 -9.3206214336e-03 -9.5049533928e-02 -6.8801943994e-02 -9.9971628810e-02 -2.2730403978e-02 -1.2503339646e-02 4.8617173930e-02 1.7062261097e-01 -1.0399040161e-01 -2.0066134792e-01 1.0920482880e-01 3.0810494952e-01 -3.4769903443e-02 1.5102165660e-01 4.2135079808e-01 3.5424132457e-02 -4.3487387195e-01 -2.0127694583e-02 2.6925009628e-01 3.2699740348e-02 2.0085759530e-01 1.6744198717e-01 -9.0917537458e-02 9.0886655693e-03 5.3512683142e-03 -1.0999150245e-02 -1.3037041553e-02 -4.1792983477e-03 -1.3825030184e-01 1.5755899289e-01 1.5475111132e-01 -9.9339726709e-02 -1.1438477110e-01 -1.7418784193e-02 1.4671289122e-01 -1.7881185694e-02 1.7899480561e-01 4.6947573085e-03 -1.3009355087e-02 2.1838442965e-01 2.3343577859e-01 4.3630823347e-02 4.1060133567e-02 5.8244308932e-02 1.5547967976e-01 -8.4189180239e-02 -3.2714574810e-01 -5.8747650170e-03 2.0518750130e-02 8.4965731495e-02 3.1983515238e-02 -2.8594583468e-02 -9.2464433531e-02 -1.8649736965e-01 1.0580424492e-01 2.1399421771e-01 2.0213068041e-01 -5.6660648401e-02 -1.2962167496e-02 -2.2658641210e-01 1.4405235003e-01 -1.9885871644e-01 -3.1244899987e-02 4.9695282412e-02 -1.2311257990e-01 -6.3820774806e-02 -3.9082789944e-02 2.6919669961e-01 1.7089257146e-01 8.4533317920e-02 -1.3520725532e-01 9.1845569541e-03 3.2601594387e-01 -2.2650363492e-03 -2.4086164954e-02 -1.8110822616e-01 -7.6760482920e-02 1.3855876282e-01 -9.8925015915e-02 1.4635483046e-02 2.2520167482e-01 -1.1071784013e-01 -1.4495612269e-01 -1.6356908991e-02 -3.5079867125e-01 3.0160553630e-01 2.8993512897e-01 -6.3200022653e-03 -1.9086112780e-01 -1.9471624268e-04 -2.5418655274e-02 1.7436014564e-01 -3.1568425555e-01 1.3918599588e-01 1.4501726118e-01 -7.2463694212e-02 8.3049504311e-02 -4.2538286649e-02 1.2646674191e-01 8.0050445347e-02 1.2430198980e-01 -2.3134954352e-01 2.9375771889e-02 2.0407816530e-01 -8.2762609442e-02 -4.7228758779e-02 -9.4376097209e-02 -2.2740494959e-01 -4.3078638149e-02 -3.5288205657e-02 -1.5324959759e-02 1.7965724592e-01 8.1219466820e-02 3.4092487771e-01 -6.4237983183e-02 -1.5955308387e-01 7.0174646763e-02 -4.3216054397e-02
-3.1999526400e-02 8.2409194041e-02 3.4998394151e-02 5.3700032472e-02 8.7964710014e-02 1.0414009689e-01 -4.2278129585e-02 6.4323735443e-03 -1.1951547878e-01 3.6471736844e-02 6.9510326357e-02 -1.3000036617e-02 -1.1144831544e-01 5.1945855532e-02 -2.6753214425e-02 8.9832370367e-02 -7.6689515999e-02 6.2779708755e-02 3.4831257911e-03 -1.5304185507e-02 1.4367062694e-01 -1.3119680127e-02 3.2675047099e-02 3.5655929631e-02 5.5962022419e-02 3.7722173597e-03 3.6971847391e-02 3.7868796566e-02 3.6753266267e-03 4.6492005175e-02 -2.3264325171e-02 3.3709112403e-02 8.3020663800e-02 1.4506393135e-02 4.4839804026e-02 3.5852178935e-03 4.4139195420e-02 -1.0761875246e-01 -9.8490488875e-02 -8.5592543258e-04 7.0673746667e-02 -1.5629534182e-02 -4.2497673718e-02 2.4218266967e-02 3.6665446435e-02 -2.8492416423e-02 2.6132360382e-02 3.6888545998e-02 1.5461604135e-02 2.6872129766e-02 -3.8843989403e-02 -3.6610351645e-02 -8.0142886911e-02 6.4407571947e-02 1.2451327646e-01 1.0596926022e-02 -5.0505332785e-02 3.9140987949e-02 -7.3678349676e-02 9.5670154358e-03 -6.3697532121e-03 -2.4448154198e-02 -4.7987164666e-02 2.0896882067e-02 8.2965685358e-02 -3.9256343871e-02 8.6028277701e-02 1.8531000081e-02 3.2635429175e-02 -5.9170570645e-03 -8.4176320643e-02 -2.1291827776e-02 -3.5729907011e-02 -6.3475515394e-02 2.1829928156e-02 5.8629155089e-02 -8.1989154197e-03 1.1173419541e-01 5.6787823299e-02 -2.7753212898e-02 5.5060155292e-02 3.3215382887e-02 -2.4310969998e-02 -1.1350899338e-01 -1.2792578271e-02 -1.0790723591e-01 -2.0805445663e-04 7.5503657710e-02 1.3765060002e-02 -5.0815081698e-02 -1.5907833797e-02 2.1614295067e-02 -3.4704685429e-02 3.1421486065e-02 -7.1716937270e-02 7.4999027940e-02 2.0636999746e-02 -2.8396461783e-02 -1.1300175437e-01 1.0325188502e-02 -2.5053748427e-02 -8.8760157821e-03 -5.4769282684e-03 9.9218735153e-02 9.8807808637e-03 3.6420712493e-02 -3.0015320865e-02 7.3667282496e-03 2.9882301104e-02 8.9369799885e-02 4.2114535287e-02 5.2444551698e-02 -2.2687825520e-02 7.6877280096e-02 2.7184970295e-02 1.9637293849e-02 -4.8547033994e-02 -4.9705815556e-03 -5.4978175621e-02 -1.7362231821e-02 7.9303800531e-03 8.2352592918e-03 5.4039057627e-04 -3.9016925076e-02 1.6436968298e-02 9.5164893790e-03 5.6397970425e-02 5.0208088045e-02 7.0345575888e-02 -9.6730332335e-02 9.0285708263e-02 -9.7268705642e-02 -9.5240399942e-02 4.7207995049e-02 -1.5289493164e-02 -1.0090259114e-01 -9.9509226825e-02 -5.5612580676e-02 -3.5368452585e-02 1.6699540495e-02 -2.8941862346e-02 -1.4471974684e-02 -6.5729497490e-02 7.1046877554e-02 1.4570866730e-02 2.4296290810e-02 1.9987859426e-02 1.3950499603e-01 7.1961948734e-04 -1.1060609871e-02 -8.9414580605e-02 9.1979651812e-02 -1.4280370758e-01 2.0134056632e-02 6.6418163308e-03 3.9880237142e-02 1.8222796620e-03 8.9555814154e-02 -2.5445672623e-02 2.9703870982e-02 -1.6831997707e-02 5.5236013387e-02 4.4438475535e-03 -4.3114731609e-02
1.5204811677e-01 -2.8054727298e-01 6.3591497694e-02 4.4656760625e-02 1.2898367679e-01 1.0414952593e-02 -3.6105365039e-01 1.2741201465e-01 -8.5049965436e-02 2.5767524574e-01 -1.9794247762e-01 1.3923629671e-01 5.7860014533e-02 -3.2906811264e-02 -6.3930174584e-03 3.5224621657e-02 1.8258475820e-01 -9.2810270405e-02 -1.1699653895e-01 2.7512679589e-01 -1.1643800076e-01 2.8091380188e-02 -2.2304776561e-01 -1.5969708438e-01 1.7315820178e-01 -1.5134776237e-01 2.8370473785e-01 9.5062812874e-02 -8.9033070957e-02 1.7380257002e-01 6.3996287698e-02 4.8819779468e-02 -2.1249873521e-01 5.8379074176e-02 -1.1172661224e-01 1.0500040569e-01 -1.4633567318e-01 6.5815075742e-02 -4.8637681121e-02 -1.3843910776e-01 -1.7775365945e-01 2.8515192274e-02 3.0063387433e-02 -2.7434918585e-01 7.8922140037e-02 -1.0006117248e-01 1.7683427080e-01 -1.6064917475e-01 -3.4531268046e-02 -1.0565059180e-01 -1.3053602438e-01 5.2834014511e-02 -2.2219067377e-01 1.3065223793e-01 -1.1272239249e-01 -1.5793019069e-02 -3.1701533211e-01 2.1240425533e-01 1.3623733268e-01 1.2365179896e-01 1.3217541521e-01 -1.0576708129e-01 -1.1811595416e-01 -3.7883919540e-01 -3.7585782634e-01 -2.9566321930e-02 1.9312460607e-02 -1.0900362716e-02 7.7046451189e-02 -1.9515714786e-01 -6.1690541318e-02 -5.8030888153e-02 5.7148640856e-02 2.0781841023e-01 1.7645523112e-01 1.2974949928e-01 2.1012889401e-01 -6.5204641067e-02 -2.2120239106e-01 2.3378816184e-02 1.2704651691e-02 6.3553329851e-03 -8.4141620216e-02 -2.9620245324e-02 1.1194420367e-02 -7.5494397631e-02 1.9289861093e-01 3.6992463971e-01 3.6990706189e-02 -9.6479233982e-02 1.1295457347e-01 -3.3159294831e-01 1.7449803605e-01 4.1519349459e-01 -5.4752086123e-02 -2.3913475836e-01 7.7393204752e-03 1.7645612271e-01 2.6638977885e-02 3.6332061755e-02 -1.5900455380e-01 1.8396364589e-01 -2.2136746512e-01 -3.4410565797e-02 -1.3425357603e-02 -1.0013913075e-01 4.4998116897e-02 7.0059547608e-02 4.1012967847e-02 -3.6479128961e-04 -1.1099396013e-02 7.1119981653e-02 7.7315563150e-02 1.3384894249e-01 2.1967780326e-01 3.5184613278e-02 3.8685112846e-02 -2.3511539448e-01 -1.7884574409e-02 -1.6152219579e-01 1.4738342468e-01 2.0410647823e-01 5.7390780144e-02 1.2628870906e-01 1.9779926588e-02 5.3253375861e-02 2.5923883576e-01 -7.1896329546e-02 1.0894374280e-01 1.6122660691e-02 8.7238929591e-02 1.7254568362e-02 -3.6008514891e-01 -4.9849908674e-02 -2.3011614280e-01 2.0226924498e-01 5.7664170659e-02 3.2218006167e-02 -4.4076547501e-02 2.2654735327e-01 7.4348272693e-02 1.1698372181e-01 1.6797689707e-01 -5.7689643605e-02 -4.6791885822e-02 -1.5333710202e-02 -6.0167349048e-03 1.7112518377e-01 -1.7598059336e-02 6.8935664759e-03 -8.2937127752e-02 1.0462168439e-01 1.0815636970e-01 3.7160338270e-02 -1.1223761982e-01 3.8337842855e-02 -2.1419285380e-01 9.8134918453e-02 9.5718791203e-02 1.7807704967e-01 -3.6997612907e-01 9.0120898027e-03 -2.4530569300e-02 -1.4184909281e-01
1.1342769864e-01 1.2700330450e-01 9.6250989159e-02 2.3488791231e-01 7.2669559680e-02 8.2612712715e-03 -2.2552443826e-01 2.7299143044e-01 8.4923281015e-03 -9.5530868149e-03 9.1086286203e-02 -1.3484924506e-01 2.4675124904e-01 1.4981135628e-01 6.3648570068e-02 -9.2115908851e-03 -2.3268973757e-01 -7.0475388329e-02 1.0495459668e-03 -4.1096039172e-02 -5.7166430362e-02 5.7225979220e-02 -9.2851753201e-02 1.0621940409e-01 3.3821488311e-02 -1.8879376080e-02 -2.0932115196e-01 2.0815902860e-01 1.1664384681e-01 -1.0117339396e-01 -1.7491003283e-02 -8.4197965483e-03 -2.3833087795e-01 -3.4478129855e-02 -9.7235615391e-02 4.7569935993e-02 -2.8103492732e-01 -5.5736164198e-02 9.4942364506e-02 -1.5991924190e-01 -2.2179090935e-02 1.5578272006e-01 -1.1610583441e-01 1.6303585559e-02 5.1099559808e-02 4.1768636885e-02 1.6743604824e-02 -1.3930616987e-01 2.9897890917e-01 -1.6754720092e-01 -1.4616633120e-02 1.9983695414e-01 -1.1066702249e-01 -1.9311368543e-01 -3.1912565115e-01 -2.2255257789e-02 2.2520299946e-01 -5.7592718578e-02 9.0836932779e-02 -1.0626087992e-02 -2.6764177649e-02 -1.4616174169e-01 1.3525299893e-01 2.8518710049e-01 -5.2928795894e-02 -4.5048574930e-02 -6.3491524195e-02 4.5516716739e-02 1.3018914274e-02 -1.2494290765e-01 -4.0237544948e-03 8.1097301388e-02 4.7329480649e-02 -1.9089606231e-01 5.3896653252e-02 -2.8211730276e-01 -2.0395506719e-01 1.8387202559e-02 2.8125966461e-01 4.9663547590e-02 3.1205630532e-01 -3.6520183570e-02 1.6646057116e-01 2.6120436961e-01 -1.2583552138e-01 3.8652327639e-02 4.0357040503e-01 -3.4590861494e-01 2.5817271439e-02 7.2193068547e-02 1.9078064926e-01 -1.6382351413e-01 -1.6632072699e-01 -3.0839749597e-01 -7.2284198010e-02 6.1416361780e-02 1.9502400660e-02 7.1148832678e-02 8.9044131574e-02 9.8125517001e-02 -1.3096012361e-01 8.7274010376e-02 -3.6078317776e-01 1.6932954037e-01 -1.1240194082e-01 -8.9895273575e-02 -1.2181272175e-01 1.8030392775e-01 -1.4927223211e-01 -9.5900213489e-03 1.5099647984e-01 -1.0736719503e-01 -2.2983774224e-02 4.2863052016e-02 -2.6611878972e-02 -2.2530641816e-01 -6.7985845520e-02 -2.2078084971e-01 -2.4627430923e-03 -2.7715692906e-01 2.0445828147e-01 -2.3160294397e-01 -7.0606427366e-02 -3.9527063207e-01 1.3831020742e-01 4.8844784214e-02 -3.9020834063e-02 -3.6498670711e-01 2.1814009140e-01 -1.5450687719e-01 9.4135388493e-02 8.7750899826e-02 9.9634364348e-03 2.2939463012e-02 1.4848469705e-01 2.6988739518e-01 1.2809049833e-02 1.6966561436e-01 -1.9697576309e-02 -4.9566382613e-02 -4.5216932362e-02 -2.0607581559e-01 1.8490405702e-01 -6.5757938893e-02 -1.7676977395e-01 2.7753335817e-01 2.1685629117e-01 -2.3211814665e-01 -5.4489137518e-02 1.1826274328e-01 -2.2773151268e-01 -2.6439771039e-02 1.9183590598e-01 -1.0893873107e-02 2.9655774129e-01 -2.3007029446e-01 -3.5432516645e-03 2.0518529315e-01 -3.7051201346e-01 1.7499390168e-01 -1.4257575354e-01 4.0210280476e-02 1.6374133163e-01 -5.0520597945e-02
-7.3234599723e-03 -5.3095459424e-02 -5.8845080958e-04 -7.0970471242e-02 -9.9116038347e-02 1.2627709984e-02 1.2735876301e-01 -1.7191509012e-01 -7.8289941531e-02 -9.0915554926e-02 9.8540315630e-02 -1.1418071027e-01 -9.1726264435e-02 -2.7570137003e-02 -4.8350873798e-02 -5.8464924554e-02 1.7444060346e-02 -1.4650125117e-01 2.9051899840e-01 -1.0979131417e-01 1.9298642306e-01 -3.1051397397e-02 1.2067526041e-01 2.7792972417e-01 6.4976742920e-02 -4.5350695889e-02 2.1687357767e-01 -5.0799722975e-02 5.0481519457e-03 -2.0885603752e-01 -1.0037670758e-01 2.4223998036e-02 1.6959894016e-01 1.2485094611e-01 1.1373473486e-01 -7.5904650376e-02 2.1909996459e-01 1.7703576940e-01 1.2550391880e-01 1.4533261509e-01 2.0061951116e-01 -5.2784241188e-02 -6.5198376773e-02 -1.5837974824e-01 -4.9971851347e-02 6.0510202724e-02 1.2780050676e-02 2.2449348538e-01 5.7878609247e-02 1.8090086652e-01 5.7005636021e-02 2.0134957365e-01 -1.2378998374e-01 -4.0572072112e-03 -2.5795523695e-02 -1.3374520987e-01 9.4823018575e-03 2.6457682197e-01 1.1195145108e-01 -9.5061873019e-02 -1.9145513137e-02 -1.7242522130e-02 3.4571658498e-01 -5.7264416184e-02 1.4170010493e-01 -1.1904082229e-01 -4.7304356926e-01 3.8368025401e-02 -5.8105891091e-02 8.2296065259e-02 2.2152865706e-03 -7.0730638573e-02 1.2366368519e-01 -3.6383882187e-02 -3.1679785126e-01 4.5589579490e-02 -3.9046862272e-03 8.0783617271e-03 1.3765317425e-01 7.9828631310e-02 2.8406705013e-01 3.3394437495e-02 -7.8275741837e-02 5.7337939648e-02 2.1107913058e-01 6.0239873809e-02 8.1774539541e-02 2.8334437332e-01 3.6468216867e-01 -5.6492125459e-02 2.2704385395e-01 -1.2643963263e-01 -2.1891138194e-01 4.0327599897e-01 -7.8470236531e-02 2.4406699874e-02 4.1550856233e-02 -1.3225232022e-01 -2.0076966469e-01 6.1629547609e-02 4.4073346482e-02 1.3957325777e-01 -1.0063188214e-01 3.0323447106e-01 -1.1386927289e-01 2.5968566196e-02 -3.3480661916e-01 1.1119914186e-01 1.4186006643e-01 7.0796050104e-02 1.0349541337e-01 -3.9048388457e-02 -2.4836412072e-01 -8.5198791026e-02 2.9505805032e-03 1.7664854586e-01 4.9722842141e-02 5.4095557893e-02 -5.6031879530e-02 3.6947602964e-02 8.7184573208e-02 -1.6902679893e-02 9.9654342127e-02 1.7302327215e-01 4.4361785178e-02 2.9078950633e-02 -1.2189523107e-01 -1.5155406838e-01 7.8519768861e-02 1.3597926429e-01 5.2915900460e-02 -2.2890449427e-02 1.5539832013e-01 -1.0188871591e-01 1.1782363219e-01 -6.7216486984e-02 -7.0707176075e-02 4.3571437900e-02 4.7244939261e-02 -3.6594685562e-02 -2.5834413368e-01 -3.0572091472e-02 1.8824653518e-02 2.2343621156e-01 1.3625448904e-01 1.6435626735e-01 -1.8376467910e-02 -3.2049461063e-02 3.9067487210e-02 2.8500575507e-01 4.6767178628e-02 -2.7621163387e-03 1.4529440494e-01 1.8825033961e-02 1.5159992542e-01 1.7929541755e-01 2.3938842914e-02 -8.7476958107e-02 -4.5323746255e-03 -2.6135116887e-01 -2.0165713005e-01 -1.6330764030e-01 -1.1115979616e-01 1.4485872053e-01
-1.2788278947e-01 -3.6249422035e-02 -1.2043940890e-01 1.6920229987e-01 1.5162066227e-01 2.6725690756e-01 4.2565125891e-02 2.5743979371e-01 5.6181734145e-02 5.4602422685e-02 2.2757457293e-01 -1.2265023968e-01 4.9484622240e-02 -1.9158918716e-01 -4.7718800854e-02 1.2530787810e-01 -1.8976078479e-01 -6.3087138124e-02 1.5114564117e-01 -1.3332603371e-01 -1.3375277774e-01 1.2398269938e-01 -4.1499671899e-02 8.0673121823e-02 -1.5767744842e-01 -3.4816558392e-02 -1.0626618219e-04 -2.1256726200e-02 -7.8912794274e-02 -1.7243242095e-01 -2.2202575293e-01 1.6168920775e-01 3.3601684927e-02 -1.5130017618e-03 9.7345696401e-02 2.2189712678e-01 -7.3817066289e-02 -9.2808153681e-02 4.4628930820e-02 -1.8232865926e-01 2.3078005004e-01 1.7197840510e-01 -3.7390513453e-02 1.2431927802e-01 -4.3456579247e-02 1.6356823417e-02 -1.3725138266e-01 -1.6043884976e-01 -9.1672955565e-02 1.6720939861e-02 1.6878181542e-01 -9.3544698831e-02 3.7413849864e-02 1.5906093230e-01 -6.9307246974e-02 8.0989467277e-03 2.0090429412e-02 -7.7601240365e-02 -8.3859184018e-02 2.6169260851e-02 -1.0308416343e-02 9.3968300633e-02 -1.1629576227e-01 4.1329385065e-02 -2.1650830342e-01 -3.1992536878e-02 -8.9215048922e-02 7.7462805119e-02 -5.1554080050e-02 -2.5194196672e-02 -1.8284217027e-01 -1.9288591838e-02 1.9056612117e-01 -1.7815140446e-01 4.0391090984e-01 2.2102371999e-01 1.4719801661e-01 -8.1160859889e-02 7.7015211663e-02 -6.0995090291e-02 -3.5958470631e-01 8.8761090541e-03 -1.6808112670e-01 2.1895110978e-02 5.1368539949e-01 1.2457462935e-01 -2.8169165238e-02 1.1877644369e-01 -2.6670545538e-01 2.7843105081e-01 -2.3631563069e-02 8.9989736176e-02 -4.2421342867e-02 1.3955718625e-01 -5.2121377475e-02 -9.0624146877e-02 -4.5948923822e-02 1.1510960597e-01 7.7607268048e-02 8.6896562177e-02 6.3479614646e-02 1.8936725052e-01 5.5242351588e-02 9.6644581234e-03 4.8313903274e-02 1.1494063963e-01 -2.2306380196e-01 1.7748702313e-01 -1.4449050388e-01 -1.0899310002e-02 -1.9620888551e-01 3.9732973295e-02 -1.3985576071e-01 -2.0890348297e-01 2.0118269654e-02 1.4550013356e-01 -4.7451847153e-02 1.7383830650e-01 -3.0917785727e-01 -2.7185351675e-02 -2.5621736878e-02 -1.3968521486e-01 8.3583759203e-02 9.4509927185e-02 3.0114706579e-01 2.7513346733e-01 2.7757615047e-01 4.9937785066e-02 -2.5165657314e-01 1.1029729366e-01 -1.2939084702e-02 -9.2529053044e-02 5.7569821733e-02 1.9155921748e-01 9.5600828343e-02 1.6909174379e-01 -5.0401965286e-02 -6.0333728079e-02 -1.1410231662e-01 -1.8655783340e-01 -8.6982171248e-02 -1.0775527613e-01 6.2304359272e-02 -4.5345994950e-02 -6.9888183231e-02 -1.3476581530e-01 1.9707763423e-01 -2.6605829994e-01 2.1445420075e-01 -1.0247844740e-01 1.2021842841e-01 -6.9105371614e-02 9.3989075168e-02 -2.5484141336e-02 4.7949744389e-02 -1.4238586659e-01 2.4314610895e-02 1.0795370211e-01 3.3122753956e-01 -1.0287598073e-01 1.2018577121e-01 9.9803089667e-02 1.8085350950e-02 3.6814674157e-02
-2.1495766149e-01 1.6672751016e-02 -4.3979852292e-02 1.1938393420e-01 -1.5472299426e-01 -1.1005127406e-01 -1.6260134569e-01 -1.3925958410e-01 -6.6999158981e-02 4.1012425523e-02 -8.9773337685e-02 -1.4284391653e-02 1.1142812635e-01 3.2599471889e-02 3.5773843710e-02 -7.2518916357e-03 2.2319803385e-02 -1.5648671251e-01 8.6121290684e-02 -1.9494894626e-01 -6.9453539333e-02 -2.2738516183e-02 2.7138973433e-01 -1.2168696524e-01 -8.3308161964e-02 3.6574102488e-02 -1.3235191464e-01 2.5368926815e-02 1.6731134025e-02 2.4612846085e-02 -1.3255032164e-01 -9.2328520835e-02 2.6254549993e-01 3.2495969180e-03 3.8477428956e-01 -7.6858177068e-02 -9.7654318977e-02 6.8110859952e-02 2.3705709810e-01 -1.9303790048e-01 1.0461091828e-01 1.1795169218e-01 4.5150019079e-02 -9.7250681333e-02 -1.9681712142e-02 -7.0878789794e-03 -2.5350609522e-02 2.6501596592e-01 -4.2221270939e-02 -9.6485095707e-02 -1.5153302509e-01 -1.6807188755e-01 -2.0642243602e-01 4.9907213184e-02 4.4755484349e-01 5.3033230860e-02 1.0776002615e-01 1.3310846397e-01 8.7607306666e-02 2.1515946686e-01 2.8145565502e-01 3.4163005946e-01 -1.4666434132e-01 3.6896823161e-01 5.9019587003e-01 1.6952562771e-01 5.3888619439e-03 -1.6154466149e-01 7.9414424135e-02 3.0643286428e-01 -2.2893148238e-02 -3.3050305534e-02 1.5265188725e-01 1.3047428226e-01 -1.1021176881e-02 -4.1993704063e-02 1.0279044122e-01 2.6979806953e-01 -5.1315401438e-02 -2.1394672071e-02 -8.0754619190e-02 4.9551698420e-02 -1.7702843895e-02 3.7366734559e-02 -5.0341553382e-02 3.9387499185e-02 2.2816317862e-01 -6.6878788838e-02 -1.9580277173e-01 1.1430907202e-01 1.7778035156e-01 -1.5558195648e-01 -1.1480518765e-01 3.1215476712e-01 -9.9445727856e-02 -2.3339098898e-01 -1.4496498443e-02 -1.9587962522e-01 -3.5634676825e-03 -1.7254218570e-01 -1.7286040724e-01 9.3476042488e-03 1.1636419195e-01 2.8357325846e-02 1.4012308469e-01 -3.2188470221e-02 -2.2358882678e-02 -6.5815493948e-02 -4.9854236061e-02 -1.2113581369e-02 3.8017616572e-01 1.2529455226e-02 -2.2063375187e-03 3.2738259359e-01 8.7404401327e-02 3.1547839969e-02 1.4927531782e-01 4.2343621554e-03 -2.6666163780e-02 -6.0206304090e-02 -1.9669701935e-01 4.1006399796e-01 1.1511704998e-01 -1.4467226940e-01 -8.8147935390e-02 -1.3781366700e-01 3.0613983740e-01 1.6384919807e-01 1.1203727490e-01 2.0411959384e-01 1.2414954725e-01 9.0178106834e-02 3.3502986115e-03 -2.1867103866e-01 -5.1914808137e-02 -4.1286319470e-02 -1.6284826264e-02 8.1433669035e-02 9.7406521622e-02 1.7492727702e-01 3.2256651672e-01 6.0105572280e-02 -1.5003932438e-01 -4.1857842300e-01 2.9128144747e-01 2.5434696146e-02 -1.6395187770e-01 6.7744842291e-02 -3.5778408725e-02 -2.8219960664e-01 -1.6621306151e-02 4.0350970053e-04 4.6104621018e-01 3.6122161777e-01 -3.5474791709e-02 -7.4731039508e-02 -8.0155575810e-02 -1.7881766778e-01 9.9533547033e-02 -7.6147952465e-02 -1.9973181877e-02 4.1248809575e-02 9.4444139101e-02 -8.1232709155e-02
2.2726208962e-02 6.5229121230e-02 -3.3571711265e-03 -1.3830968033e-01 -3.1011847616e-02 -2.1127947426e-02 -6.4728098034e-02 -3.0425554746e-02 -1.1083691512e-02 2.7941385443e-02 -1.1049081174e-01 3.0834601661e-02 -8.4618502206e-02 2.4877892192e-02 1.3012501951e-02 -7.4464615204e-02 -3.3590552148e-01 1.2699657428e-01 1.8976570609e-01 1.8057994711e-01 -8.1501263172e-02 -1.9717507340e-01 -1.3012277567e-03 2.7742123645e-02 -5.2483490179e-02 -4.5700131112e-03 6.3016937810e-03 4.0560852432e-01 -2.8205772498e-02 8.5450011104e-02 6.9498942008e-02 1.1193542328e-01 2.7513075789e-01 1.0010834855e-02 -1.4330799250e-01 5.4408569631e-02 2.4660212468e-01 1.2342477479e-01 6.8950378563e-02 3.4951287652e-02 -1.6945433591e-01 7.8843619742e-02 2.7145278367e-01 -1.4468788107e-01 2.1585673549e-02 -3.6669092159e-02 -7.0545566559e-02 1.7690671512e-01 1.7352899551e-03 -3.3342257819e-02 1.6696306839e-01 -3.5193859669e-01 -6.8990324408e-02 -1.5316063232e-01 -2.2064592552e-02 -2.5502975511e-01 2.5227308420e-01 -7.6461144545e-02 3.0190367845e-02 -3.2193021166e-03 -9.3314718931e-02 9.2784516207e-02 2.6264988897e-01 -2.5222202425e-01 -3.0915841883e-01 -2.1264591805e-01 2.4164330945e-01 3.0053881778e-02 1.3809046893e-01 1.5318689074e-01 -7.4831935765e-02 -5.6937645233e-02 1.6742429612e-01 -1.5917084326e-01 -4.9833490375e-02 -1.4650414844e-01 -3.0339802872e-01 -7.2601174973e-02 -2.6694830299e-01 -1.1013320724e-01 3.5541977279e-01 9.1847991535e-02 -2.5460574843e-01 2.5845531640e-01 -3.8778287455e-02 -2.9013806716e-01 3.6625949558e-01 1.3465186060e-01 -3.9522429309e-02 1.4089309373e-01 3.1956739415e-01 2.9757969205e-01 -3.8753047673e-02 -2.0241478551e-01 -5.8524847149e-02 1.9504382096e-01 3.7089751983e-01 -1.0874306902e-01 5.8694483790e-02 -9.9226285440e-02 7.5182396076e-02 -1.2254891135e-01 -7.4444205893e-02 -3.0466982932e-01 3.4062677707e-01 2.4712265180e-01 2.9754418754e-02 -1.1753830561e-01 -8.7789568652e-02 -4.1701147340e-02 -6.7211653701e-03 9.1196585611e-03 -8.8849552396e-03 3.9665593219e-02 1.9276996982e-01 2.0855127835e-01 6.6572440684e-02 -6.9215354093e-02 -6.8682360783e-02 2.3261648066e-02 1.3723654196e-01 3.0618593457e-02 7.4286753980e-02 1.0973240488e-01 2.4694035951e-02 -3.3715739858e-01 1.2561973702e-01 1.5394716997e-01 1.0264992382e-01 1.4279526851e-01 9.9641260850e-02 2.5619201528e-01 1.0613522938e-01 1.3245387833e-01 -2.6881492081e-01 4.2882123396e-02 1.0017858684e-01 4.3496417527e-02 1.3757774993e-01 -7.0134229054e-02 3.6250003976e-02 -4.8348342808e-02 9.7648260851e-02 -1.2337933066e-01 1.3391372226e-01 1.8472730078e-01 -1.7103297078e-02 7.2264135523e-02 -1.3716085675e-02 2.0205240804e-01 3.7846803834e-02 -6.2047315398e-02 1.6652132573e-01 4.7535479849e-02 1.0574604255e-01 -6.2885098983e-02 1.5095987626e-01 1.6399043777e-01 6.1285365501e-02 -1.5192726757e-01 3.9719759146e-02 -6.1247042223e-02 -6.5598671140e-02 -3.1372362687e-02
2.4255536660e-01 -2.0763082600e-01 9.3235686497e-02 2.0737400427e-01 -1.5546274724e-01 2.1071982698e-02 7.9240594953e-02 -7.8755214247e-02 -2.4663986928e-02 2.0288413492e-01 6.4034731691e-02 4.6774815171e-02 3.6530020239e-01 3.1045282560e-01 7.5936905549e-02 8.6624106114e-02 1.2975824507e-01 -7.5131130759e-02 1.8252356322e-01 2.7568790495e-01 8.6154543776e-02 1.4862568458e-01 6.3416642695e-02 -2.3533995135e-01 1.9942485311e-01 -5.6827661733e-02 -1.4631709009e-01 3.4135650346e-02 3.0933598786e-02 -2.1475004238e-03 -4.5530355487e-02 1.3560750068e-01 2.0127191977e-01 -9.4758187541e-03 3.7499438157e-02 -1.1662111465e-01 -2.9593177792e-02 -2.3706401683e-01 3.3824162824e-02 -1.1620992228e-01 6.4381554597e-02 -1.0592823488e-01 -3.2464075413e-01 1.0015907560e-01 3.9265510527e-02 -7.0279248325e-02 -5.0507825489e-03 1.5106652367e-01 -1.0150584325e-01 1.0987983150e-01 5.8795463165e-02 -2.4602124997e-01 2.7508640964e-01 2.0252942633e-01 3.0697474545e-02 6.4968856790e-02 -1.7998314864e-01 -1.3290254914e-01 9.1547585720e-02 2.3988459391e-01 2.8112099579e-01 -1.9039847170e-01 4.2329126666e-02 3.4458918883e-01 -2.7115366607e-02 7.0758611078e-04 2.3042945562e-02 1.7259491027e-01 1.2348356802e-01 2.3538698421e-02 -2.6800054274e-02 -6.1919911368e-02 2.5274678788e-02 2.6302981707e-02 -1.2045959310e-01 -1.9158980852e-02 1.0010916637e-01 -3.5548212035e-02 3.0225108971e-01 1.0505549891e-01 1.1351841660e-01 -4.1490538864e-02 -1.6872525541e-01 6.9892788896e-02 -4.0772399620e-02 -2.1802599836e-02 -1.9662597827e-01 2.6234690671e-01 8.2298412353e-02 -3.5235231554e-01 2.1957026192e-02 8.5843100859e-02 -7.2025095103e-02 -1.1257678079e-01 1.4509496392e-02 -2.1816426758e-01 1.3354949908e-01 -1.5971938975e-01 1.5501734017e-01 -1.7482522350e-01 1.2780355427e-01 8.0843205360e-02 -6.6426919625e-02 1.7144460313e-01 1.5837724897e-01 1.5206795644e-02 3.5207591169e-01 1.7863596057e-01 -1.5220517790e-01 -2.6427486746e-02 -2.3660215593e-03 6.2954753309e-02 1.1320587662e-01 -3.1106509326e-01 1.2423536234e-01 -2.2758047867e-03 -1.0949467169e-01 1.1789996001e-01 4.3602049377e-03 1.0013438727e-01 1.9652669689e-01 -2.9449581354e-02 1.2317434009e-01 -1.5041097118e-02 5.5011301073e-02 -6.3513632269e-02 7.0706177483e-02 -1.0184939642e-02 -5.3057983456e-04 -1.7500868534e-01 -1.2962256139e-01 1.2546607412e-01 3.4736169157e-01 2.4094781683e-01 1.1136676945e-01 -3.2626903595e-01 7.3436789100e-02 1.0652867885e-01 -9.9971776398e-04 -1.7223033889e-01 3.5055640240e-01 8.4557681291e-02 -4.0568462418e-02 2.8893920410e-01 2.4772218656e-01 2.8378418824e-01 -1.4044378634e-01 -1.4146872401e-01 1.3409305751e-01 -1.5359202643e-01 2.5396684565e-02 1.4734442139e-02 1.0067991524e-01 -2.3570788286e-02 -2.7061995247e-02 1.7017725546e-01 2.0406614604e-02 -1.9991499732e-01 2.0970195744e-01 -5.4019974191e-02 -1.1797545155e-01 -1.1620345320e-01 1.0762974090e-01 -3.4646822773e-02
-2.6522241276e-01 3.7652387994e-01 -7.7979865982e-02 -1.5578745509e-01 1.1310861451e-02 -8.6956833340e-02 -6.4856745184e-02 1.3689836353e-01 5.6827480206e-02 5.5745731044e-02 1.7800417200e-01 -9.7014109951e-02 1.1026933080e-01 -7.4664021837e-02 1.1678461132e-01 2.0060866586e-01 1.7705597918e-01 1.2782071783e-01 -1.3910713560e-01 3.2681787286e-02 -4.4494807200e-02 -1.6010165923e-01 1.6526518781e-01 8.1085491930e-02 3.1211092934e-01 -3.1742004750e-02 1.3082335583e-01 -1.7809800980e-01 2.9905597099e-02 -2.6128839226e-01 1.9933962400e-02 1.2825927693e-01 -7.6706720882e-02 -4.7702441138e-03 1.0549125737e-01 1.4286641839e-01 1.1219742118e-01 3.1430527352e-01 1.8654582663e-01 2.0436358208e-01 -2.2040361019e-01 8.9675365298e-02 -8.1369173449e-02 1.5882881341e-01 4.7582490508e-02 -2.3888470452e-01 -1.8130748083e-02 -8.4014347922e-03 -5.7421479970e-02 -1.7454201200e-01 -1.4496684050e-01 1.5061959403e-01 -4.5323509462e-02 6.1136628114e-02 6.6509336356e-02 4.9557918773e-03 -2.3558090587e-01 3.1763039665e-03 -2.3530249017e-01 1.7656405191e-01 9.0409452117e-02 2.3999229622e-01 -3.1404180533e-03 5.5539948482e-02 -1.8137011275e-01 1.9558074310e-01 -1.3618030125e-02 5.0814697937e-02 -1.3649386585e-01 -4.7733062590e-03 -9.9212620534e-03 1.5761361881e-02 -1.4840924313e-01 3.1635461238e-02 -8.2540411870e-02 -1.9476933822e-01 1.4096176068e-01 3.7445437314e-01 2.9592403207e-02 3.2660026238e-01 7.9993214768e-02 -2.3099321348e-02 2.8111405252e-01 1.2005199329e-01 4.5002270945e-03 -1.0891918020e-01 -1.1042918990e-01 8.4751250294e-02 9.1940415008e-02 -1.0976671249e-02 2.9362935715e-01 3.9382168124e-02 3.0318757789e-02 -9.1319804010e-02 -2.6869919083e-01 -1.1072463531e-01 2.4902952311e-01 4.1285198906e-02 -9.9017230110e-02 -3.1041000298e-01 1.2322796497e-01 -2.1222935600e-02 -3.9835014512e-03 -1.1540321505e-01 6.3579106927e-02 1.3696013244e-01 -8.0836908069e-02 2.2768458448e-01 1.1716927090e-01 -3.0364089488e-03 -4.0141548324e-02 3.1180614655e-02 1.4940572755e-01 1.9752621359e-01 1.1100350356e-01 7.9581699239e-02 -4.5673160264e-01 1.0102945216e-01 2.9518625276e-02 3.3359111304e-02 3.5940714283e-02 1.4542415883e-01 -9.3763589735e-02 1.4190532970e-01 -1.2574314729e-01 2.9382365709e-01 -2.2042215439e-01 -6.6787246373e-02 2.3452884546e-02 2.5555806008e-01 1.4224351927e-01 6.2201537362e-02 2.1173400579e-01 -2.7548292445e-02 1.6511562054e-01 1.1891345242e-01 5.6302537332e-02 4.6099781224e-02 3.4489613412e-01 4.2338778617e-03 -9.2452948056e-02 -1.4733147808e-02 5.8673898671e-02 3.5242651711e-02 -7.0753141127e-02 1.3574343134e-01 6.9163282140e-02 5.6851157335e-02 2.3950301495e-01 -1.9055118210e-01 -1.3525241959e-01 1.7876298672e-02 -2.1025957206e-01 -6.2632683113e-02 5.0798528468e-02 -2.2394757847e-01 7.9618762945e-02 -3.1554670669e-01 5.5835324126e-02 5.3375449530e-02 -8.1789567232e-02 -6.9382038824e-02 -5.3663666210e-02 -3.0059040879e-02
-5.4631346224e-02 2.6084737542e-01 3.7653515254e-03 -1.5424289089e-01 -1.2462743807e-01 4.9447192187e-02 2.2551405949e-01 -2.4497396683e-02 -1.3003685196e-01 7.3184331998e-02 3.9579423916e-01 -2.0958040900e-01 -9.3066014447e-02 1.1444805410e-01 1.4358452391e-01 -5.4900487996e-02 2.0148381917e-01 -3.4643121047e-02 -6.4906423244e-02 9.7518628680e-02 1.0326997445e-02 1.0656270190e-01 6.1371087276e-03 -6.2380534992e-02 -1.5095520901e-01 -5.5626576712e-02 -6.9234423630e-02 2.6651181314e-02 1.0091720810e-01 1.2830684902e-01 1.8000965078e-01 -1.0975134045e-01 9.9521095355e-02 -2.5876117503e-03 -2.2921053520e-01 5.5842862524e-02 -1.6538689937e-02 -1.0880530969e-01 -4.0305652615e-01 7.5875891856e-03 3.8162279337e-03 -2.6331171649e-01 6.7150602401e-02 -1.7391817657e-01 -1.0078840521e-01 -9.5728707579e-02 1.1696106554e-01 -1.8038331158e-01 -9.7107961807e-02 1.9637569723e-01 2.4805897538e-01 2.7082247046e-01 -1.0172287995e-01 -2.4522437472e-01 2.5944137893e-01 1.3530708898e-02 2.8347452022e-01 -1.3018470978e-01 -1.9268894832e-02 5.3080692154e-02 4.9467069554e-02 1.7954631178e-01 6.9694417487e-02 1.8817165599e-03 -1.2567148808e-01 -3.5927855689e-02 7.9567497151e-02 -1.6092560803e-01 4.0087757531e-02 3.7843122186e-01 -3.5043858853e-02 -7.3217733887e-03 -1.3639773600e-01 9.1241811367e-02 1.3063174045e-02 -3.4316821607e-02 2.3530165629e-01 -1.0878322711e-01 -2.2282706367e-01 9.0831223249e-02 -7.2668908792e-02 -3.6196891080e-02 -3.7576562465e-02 -1.2128947773e-01 -1.6174803161e-02 -1.0217950914e-01 4.5233396425e-02 3.8256791375e-02 1.7947544100e-01 -2.4841175869e-02 -1.8771925687e-01 1.7562726739e-01 2.6640521340e-02 -5.4875212345e-05 -2.0687644907e-01 -6.2574756277e-02 2.6221863302e-01 -1.8753585363e-01 2.7354971435e-01 -1.5910855585e-01 -1.3904123907e-01 2.6276536200e-01 6.4297768415e-02 1.2015308945e-01 -1.3108509556e-02 1.9480001888e-02 -2.8768243018e-01 1.3139487794e-01 -1.3283960056e-01 3.5687769457e-02 4.3777716436e-02 3.0324198571e-02 3.9715037606e-02 -2.2365546728e-01 -1.4904275558e-01 -1.2611164183e-01 6.7377511639e-02 -7.5512492448e-02 -1.8513146928e-02 -2.6713446907e-01 6.3792206599e-02 1.8962192974e-01 -2.6266190512e-01 1.6083031913e-01 2.5202928018e-02 6.4575597457e-02 5.5669460126e-02 4.7525722160e-02 1.2179371225e-01 5.6849487810e-02 2.7367284272e-02 2.6973891368e-01 -2.6162215439e-01 5.7490965652e-02 9.5177764886e-02 3.0322330304e-01 2.1668043950e-03 1.7886046226e-01 -1.7280077642e-01 -2.6679168875e-01 2.3801622436e-01 1.3995352308e-02 -3.2199902925e-02 -1.0361442470e-01 -2.6602337289e-01 -3.5521099616e-02 1.4151869991e-01 2.0273739082e-01 -5.8384351382e-03 -6.1807237996e-02 -9.8160651800e-02 9.4827799428e-03 -6.1276352743e-02 -1.7649510236e-01 -1.3974788477e-01 2.9133885892e-01 5.5607101782e-01 -3.0024168874e-01 2.2008864022e-02 1.3223468890e-01 -1.7339662891e-01 4.1162210480e-01 1.4683380457e-01 1.3802273934e-01
3.9109525162e-02 -5.9267280407e-02 1.9768421014e-02 -1.6960087322e-01 -9.8502586859e-02 4.3429829296e-03 -3.8798208303e-02 -5.3211194075e-02 -3.7966030464e-03 3.5021679790e-02 -1.0543195802e-01 -3.3189711269e-02 -2.0595933066e-01 9.3151696744e-02 1.0268654863e-01 3.6819735045e-03 -1.2660240359e-01 -1.5470903387e-01 4.9560439175e-02 1.3677477767e-01 -1.3246428948e-01 3.5358307601e-01 -1.4920092878e-02 6.6387020800e-02 2.0046948464e-01 -7.1595216323e-02 -1.0458223539e-01 -1.0522295068e-01 -2.3349344583e-02 -7.2043997641e-02 5.4933713754e-03 1.0226110943e-01 -3.3757491227e-01 -9.2684391148e-03 1.1245213298e-01 -5.0410340857e-02 -7.9288377931e-02 9.9162589029e-02 -7.1752905156e-02 4.3756477726e-02 -1.3041993646e-01 -2.8674851203e-01 4.1671867387e-03 2.5833811569e-01 -7.0787597118e-02 3.3554753548e-02 2.8220085199e-01 -1.6788369172e-01 1.1808801443e-01 -7.0211120219e-03 -8.0633041576e-02 1.4177412271e-01 2.8969238702e-01 -1.3779441501e-01 -1.3735091604e-01 2.7894862451e-02 1.4212445844e-01 8.9345120480e-03 -6.6304957296e-03 2.9255645838e-01 -1.9436261927e-01 4.8416848245e-02 -7.6802503671e-03 -6.3536759484e-02 1.6924660167e-01 -1.2664082411e-01 1.7359237009e-01 -7.5934919400e-02 2.2403784879e-01 -3.2462662273e-02 -5.3404089386e-02 -1.1018602459e-01 -3.3975757882e-01 -6.6861881879e-02 -7.1473659464e-02 -4.5600901664e-02 2.2846569071e-01 3.4248651936e-01 2.2765906896e-01 -1.4403455882e-01 -2.4300747742e-02 -2.4392954360e-02 -7.6547625395e-02 2.9191450493e-01 1.0574112709e-01 6.1495060376e-02 3.2536612692e-02 2.3743783960e-01 4.0282037873e-02 1.3153132544e-01 1.5059849610e-01 -1.0996016470e-01 1.2193521603e-03 -1.1801885429e-01 1.4355958411e-02 1.3953738965e-01 -4.1700111760e-01 -4.9670322792e-01 6.6372877841e-02 -7.9402358351e-02 7.0837305575e-02 1.5187292326e-01 -1.1735811163e-01 1.0017504315e-01 2.2638252293e-01 3.7931219307e-02 -7.8882294353e-03 1.6571070470e-02 -1.5317471872e-03 -4.0336845622e-02 1.4723431004e-01 3.3301868292e-02 -3.2980342034e-01 9.1665641242e-02 -2.4290329800e-01 2.8804693486e-01 2.0415325119e-01 -8.0894209247e-02 2.6044297618e-01 -1.4963479388e-01 9.0393810737e-02 -1.1425143017e-01 1.6943952860e-02 -7.0049867766e-02 1.3430774080e-01 3.3096182285e-01 2.8000871598e-01 2.3926409200e-01 -8.0079558626e-02 1.8176714573e-01 1.9355667421e-01 -2.9371739058e-02 -3.9477188315e-02 -1.6171635193e-01 -4.4401862191e-02 -3.0960595569e-01 3.5037101098e-02 9.8280180185e-02 1.8207518290e-02 -8.9766470570e-02 1.1296561010e-01 -8.1275313713e-02 2.6604322006e-02 -2.9556919591e-02 1.6386358346e-01 -9.2882394634e-02 1.0027846104e-01 1.2526520488e-01 1.3773481872e-01 -1.5429593093e-01 2.5753836359e-02 4.2632634470e-02 -1.1858270412e-01 5.5665359803e-02 2.1074841631e-01 5.6835682308e-02 -2.3486422742e-03 3.1923352404e-02 -1.2888431674e-01 1.2764721659e-01 8.4617655723e-03 2.0680116343e-01 -6.9937173325e-02 1.0530064731e-02
4.8187499147e-02 -4.2030769733e-02 -3.2381751977e-02 8.8332608139e-02 -1.0846075029e-01 -7.1036643196e-03 5.0106134069e-02 -1.0930240087e-01 -3.3705944870e-02 2.9380481457e-01 -4.3961072461e-03 -1.2182399829e-02 -1.0248448265e-01 -2.9343049654e-02 6.2548923501e-02 2.1800864933e-02 -6.3740648114e-02 -1.7029874377e-03 7.4039779614e-02 9.6827740634e-02 3.2405864523e-03 -1.6120712564e-02 6.9556458897e-02 1.7609573186e-02 3.1510102839e-02 4.3388339129e-02 7.0184856201e-02 1.2272122019e-01 2.3403576149e-03 1.8462664777e-01 9.7934317918e-03 -1.1816369999e-01 -2.9169919725e-01 -5.0554930395e-02 -1.1067539675e-02 1.7008335358e-01 6.9032130227e-02 -6.8828908332e-02 -2.6074774087e-01 -7.9512240424e-02 5.5977910165e-02 2.8813786964e-03 -1.0484931363e-01 2.4550283022e-03 -5.3076054607e-02 -1.3989727356e-01 9.0887457122e-02 4.7636421187e-02 -1.6333655893e-01 -1.5198728168e-01 -6.9295924522e-02 -9.0121115617e-02 8.5966726770e-02 4.1957183525e-01 4.0532144842e-01 2.2717123072e-01 2.0743365784e-02 6.5864623601e-02 -2.5767538738e-01 4.9854607997e-02 1.7867279476e-01 6.0665103853e-02 2.8901994130e-02 -1.6394993132e-02 1.5647242089e-01 9.2439831484e-02 -6.7346144016e-02 5.0735713722e-02 -3.4529596348e-02 -1.4156483765e-01 5.2232369085e-02 8.3222962555e-02 -1.5664136219e-01 -7.1046700657e-02 -6.1976187040e-03 1.0934634329e-01 1.0922546487e-01 4.2080805228e-02 -1.7080470588e-01 3.8311796308e-01 -6.0287513044e-02 5.5268036756e-02 7.8244586630e-02 -1.0995193320e-01 -1.2900717830e-02 -9.4170031865e-02 -3.3832206777e-02 -1.4640639438e-01 1.9989687262e-01 1.0961302067e-01 1.4810507246e-01 -1.5831171053e-02 8.9546260356e-02 1.0839678209e-01 -4.3412731224e-03 3.3358542928e-01 4.5062423197e-02 -1.2015062296e-01 6.0532250856e-02 -1.0081847697e-01 2.2312062214e-01 -2.3874344956e-01 -1.4830017237e-01 1.7112172519e-01 2.1165173970e-01 -1.2280723151e-02 -1.1132858190e-01 -1.2931816532e-02 4.5458982730e-02 -4.8996921186e-02 -2.5457407167e-02 -7.0465665101e-03 -1.2721335950e-01 2.0151073752e-01 -1.8803581639e-01 1.6325886764e-02 2.1472755477e-01 2.4593062168e-01 -2.8219525561e-01 -2.2531981453e-02 -2.0333850829e-01 -5.0069161447e-01 -2.8431545775e-01 -1.4333082141e-01 -1.9293130979e-01 -2.1781425253e-01 2.2777772416e-01 -9.6458443093e-02 -7.1023719251e-02 1.4641154797e-01 1.7950281898e-01 -2.2969854560e-01 7.8072892814e-02 1.8745070374e-01 3.1751276199e-03 2.7127888769e-01 1.1830420895e-01 -1.2274948684e-01 -2.0263741716e-01 1.5348666801e-01 7.2619373573e-02 1.6753584309e-02 1.1126879414e-01 -6.7004421579e-02 -1.1074048122e-01 5.8975963042e-02 2.8537219941e-01 3.6536661710e-02 -1.2812703806e-02 1.6521743239e-01 9.9577959266e-02 4.3141795970e-02 -1.0493073782e-01 -2.2707986204e-02 1.0900456774e-01 -2.7193420546e-02 1.2728825895e-02 -1.1821907429e-01 1.0300349714e-01 1.8739774180e-01 3.4443453677e-02 -3.8628553710e-01 3.7880503696e-01 1.8444888972e-01
-1.7605134868e-02 -2.8784350414e-01 -4.5555871080e-02 -1.1721956582e-01 4.5760402646e-01 -2.9281655764e-01 9.8236210453e-03 2.5752668130e-01 3.1696389198e-02 -1.6548231667e-01 1.2598026402e-01 1.2038232368e-01 1.3695629368e-01 -2.4099904637e-02 4.3163864711e-01 -1.0425932992e-01 1.9130077722e-02 6.0470251116e-02 1.4683266038e-01 -1.1623875155e-01 8.8796609961e-02 -1.1004974985e-01 9.6335008721e-02 1.5070823773e-02 5.9743476425e-02 1.3758801520e-02 9.9167583572e-02 -5.4362978691e-02 1.1095868230e-01 -1.2925112432e-02 3.0400887012e-01 -2.0249116826e-01 8.2141368928e-04 -6.9647567784e-02 -4.5846933452e-02 1.5566863787e-01 4.9455883341e-02 1.2191652144e-01 -1.2543795063e-02 5.0445423406e-02 1.3591854767e-03 -1.6189811203e-02 3.4111166222e-02 1.6913465121e-01 1.0524613310e-02 3.3724584381e-02 8.9780530007e-02 7.6338042608e-02 1.0035665258e-01 2.2623186364e-01 -4.1478269978e-02 -1.7165404727e-01 3.0516392130e-02 7.8923051745e-03 -9.9961881692e-02 -1.7367930735e-01 5.1145036743e-02 1.2517679471e-01 4.3987870601e-02 4.0492464063e-02 1.2071950610e-01 -7.3422990750e-02 -2.8415688101e-02 -8.0586394940e-02 -1.3831013411e-01 1.2785192495e-01 5.0897975734e-02 -1.6681641530e-01 -1.0636204422e-01 1.3108949435e-01 -2.5927962670e-03 -5.5954338721e-02 -4.4265993794e-02 -7.9968370236e-02 -1.1664337018e-01 -1.0209814493e-01 1.5871090705e-01 2.4859830696e-01 -3.9395502179e-01 2.6256203567e-01 -6.0574945834e-02 -3.7163128490e-02 -1.1144620797e-01 -3.7964544628e-02 2.5719759111e-01 1.4030072713e-01 -1.2803070061e-01 -1.9433288868e-02 -1.7756668140e-02 -1.5394251815e-01 8.6230174428e-02 -2.4589770319e-01 1.7348708653e-03 -3.9333916761e-02 1.9790632413e-01 7.8617709310e-02 8.0838780906e-02 2.4986824093e-02 -8.5270018628e-02 -2.6697080280e-02 1.8060197756e-01 -1.2184615672e-01 1.2478755367e-01 4.8854179840e-02 -1.8286374099e-01 1.9637603193e-02 -9.8500191636e-02 1.5602528001e-01 -9.8829475596e-02 -2.3807592408e-02 1.8789659073e-01 -1.2908223496e-02 2.5195020253e-01 -1.9725780013e-01 1.6951097729e-01 -2.4616059336e-01 1.0573453528e-02 1.9931184209e-02 -1.0394605995e-01 -5.0136426035e-02 1.7556259742e-01 -1.1635476689e-01 1.0698740575e-01 -2.8790518852e-01 -1.2906320263e-01 -1.0383844283e-01 1.0828083773e-01 6.6692974480e-02 4.0490799127e-02 -8.1287215602e-02 -1.8175891284e-01 -1.4334525685e-02 -1.9767428972e-01 -2.7877405303e-01 2.2098209296e-01 -4.2607081276e-02 -1.1037295100e-01 -1.5023284298e-02 1.1898434151e-01 -1.4027609531e-01 -5.4881737329e-03 -3.3933602064e-01 -3.3372043123e-01 1.8384598003e-02 5.0961928718e-02 -7.5379675445e-02 7.0348636792e-02 2.1754307052e-01 1.5709354504e-01 -2.7913539393e-02 8.9642723879e-02 -1.4391580210e-01 3.7931644454e-01 -1.4510643954e-01 1.8373345862e-01 -1.1044732429e-01 -9.9878608679e-02 2.1935233043e-01 -2.4264456790e-01 9.3841004936e-02 2.4627293964e-01 -2.2776926205e-02 1.3381873804e-01 7.6279476082e-02
-1.4609814760e-01 -1.8447214871e-01 3.6346045550e-02 -1.1364450589e-01 -1.2111954446e-01 -2.4495308908e-01 2.6319696405e-01 5.4959879372e-02 -1.8832331485e-02 6.5411319529e-02 -1.5591151319e-01 4.2995002976e-01 -3.6106047048e-02 -3.0083055076e-01 1.9732846692e-02 -1.0128058969e-01 3.0190429742e-01 1.3202911460e-02 3.3244748825e-02 2.5081974551e-02 2.3965958352e-02 1.7571582665e-01 -1.9974754228e-02 1.5761892634e-01 -5.5504227189e-03 -1.2154882833e-01 -1.8307713199e-01 -2.4209080156e-01 3.2984660235e-03 1.3341406038e-01 -5.1030346753e-02 3.0804396178e-01 1.0703039739e-01 5.4469099829e-03 2.0056178198e-01 -1.2157978103e-01 4.4971640839e-02 7.6975241743e-02 3.7208237840e-02 9.4142411953e-02 -1.5439870636e-02 -6.6130064003e-03 -2.8594182827e-01 5.9211322611e-02 -4.5527484167e-02 5.5878838314e-02 6.4098930969e-02 2.2462146171e-01 -1.0526345352e-01 1.7143839226e-01 1.1239724159e-01 8.3772265743e-02 -1.3510362466e-01 1.2875369057e-01 -2.4490653579e-01 7.9724639171e-02 2.3775484889e-01 5.0493887240e-02 -4.1846948361e-02 -4.0417924801e-02 1.6262082773e-01 2.9659380527e-01 -3.4827902530e-02 -6.6554968073e-02 2.8972026408e-01 1.5072301222e-02 -7.6632437556e-02 1.4543466986e-02 1.6965202687e-01 -2.2881738204e-01 -8.9754822879e-02 1.0699011418e-03 2.5572989282e-01 1.0816279976e-01 -1.3693155313e-01 -2.0030403424e-01 -1.7910923023e-02 5.6814618774e-02 1.8503249553e-01 1.3918294483e-02 -1.9204903643e-02 -3.7095265104e-02 5.8478585232e-02 2.2780300451e-01 7.6321305702e-02 8.1138911379e-02 -1.6146803056e-01 -2.1574721114e-01 -6.3917408392e-02 6.8203401882e-02 -9.7402671795e-02 1.3615786653e-01 7.3455873890e-02 -2.5085622680e-02 1.0239902454e-01 2.9757963397e-02 -7.9616992062e-03 2.3286849215e-01 -1.3480234308e-01 -2.4860868156e-02 1.4025302373e-01 -2.3435678999e-01 1.1817944734e-01 -7.0137357074e-02 1.7996320744e-02 -1.7570598694e-01 -2.3765159651e-01 6.1031696856e-02 7.8559211260e-02 1.1676471443e-02 -6.9947125649e-02 -6.0126821894e-02 4.6883909207e-01 -7.1763215427e-02 2.0641702148e-01 -4.5986571695e-02 -3.5632501825e-02 2.0675228375e-02 7.9061787800e-02 -7.8623292077e-02 -1.0702751808e-02 -6.5570430998e-02 3.5161853127e-01 1.3539759620e-01 -5.4790895338e-03 -1.9466766121e-01 2.0569156410e-01 -7.7182283900e-02 -2.4341564327e-02 7.8488220897e-02 1.6989110139e-01 1.0299629852e-01 -1.3915776522e-01 3.1888844123e-01 -4.6676283192e-02 1.1591792333e-01 -5.4561925232e-02 -1.6434347315e-02 1.0158120097e-01 9.5697453802e-02 1.9998841869e-01 1.0017571132e-01 -2.3340381996e-02 5.3246214737e-02 -5.3359719488e-02 -7.8019526268e-02 4.6382606066e-01 -1.5658765364e-01 -2.9966389133e-02 -4.2424648743e-02 1.0221557155e-01 -1.2273084269e-02 -9.6722286212e-02 -1.6486863381e-01 9.1220853066e-02 1.5985951592e-01 2.2735999972e-01 -5.5699980843e-03 2.3318018682e-02 1.0728797640e-01 -4.0785975405e-03 1.3555016439e-01 -3.0833990998e-01 1.2224518466e-01
-3.1052284944e-02 -1.1413823526e-01 -9.8002340270e-03 1.9006484202e-02 -2.8449141511e-02 -1.1154004704e-01 -4.8379187982e-02 1.6026137765e-01 3.6801122581e-02 2.8596249685e-02 -1.1125070119e-01 -2.2677080899e-01 -1.3263743708e-01 -2.6202272473e-02 2.4923056318e-01 7.9328808100e-03 1.4786247143e-01 -1.0638930839e-01 -2.4574339549e-01 1.1238176282e-02 -3.6938564851e-02 3.1847831938e-01 2.6577515281e-01 2.0376296232e-01 -2.1328995241e-03 -2.2905350414e-02 3.1745682112e-01 1.3844649455e-01 1.6149796366e-02 5.4372464996e-02 3.1164233105e-02 2.0607438732e-01 2.0425614217e-02 2.8166886631e-02 2.4842511055e-01 -8.6302828285e-02 3.9655788501e-02 -2.6467694896e-01 -1.8667761069e-01 -1.3925157343e-01 -8.2211859923e-02 -3.0302800654e-02 2.4729904278e-01 3.5339382850e-02 -7.3728473725e-02 1.2338349465e-01 5.9269515517e-02 9.2840792383e-02 3.1217593406e-01 1.4189475357e-01 2.5309408616e-01 -3.1980946075e-01 8.0735187005e-02 9.8177843897e-02 -7.6948213837e-02 2.5621425087e-01 -1.5717149760e-01 2.9731329053e-01 -2.5407503616e-01 -2.0439743416e-01 -6.4228241639e-02 1.5180051346e-01 -1.7004601849e-01 9.2769078681e-02 8.4756845263e-02 3.8577816603e-02 -6.2885330594e-02 -1.6626565300e-01 3.8932537616e-03 5.1133285559e-01 -3.4817707749e-02 3.0604625194e-02 2.0601336827e-03 -1.7595048622e-01 7.1586464431e-02 -1.1278708276e-01 -1.2506973853e-02 4.0753900369e-02 -1.0842714604e-01 4.8559972373e-02 1.4247188388e-01 4.0234108552e-02 -1.3862257709e-01 1.5107026696e-01 -1.3510670302e-01 2.4808446275e-01 -1.6860902532e-01 -2.3699751334e-02 -3.1828077073e-02 -1.9173796393e-01 3.2596348445e-02 8.2161359107e-02 -3.3233016237e-02 -1.1587238316e-01 1.3746255767e-01 -1.7642371026e-01 -8.1328892038e-03 9.4093181182e-02 3.4775578657e-01 1.4767508790e-01 -1.4822703134e-01 -1.9522276710e-01 1.3766137226e-01 1.3337164388e-01 1.3789434566e-01 1.3276251228e-01 -1.3764999254e-01 -3.7992693744e-01 9.3962554138e-02 6.9029758943e-02 -4.8458375106e-02 -4.2736248041e-02 1.6224108611e-01 -1.5604788924e-01 -9.8292488304e-02 -1.0594860064e-01 -1.6624627520e-01 -4.8682881894e-02 2.4356049202e-01 2.6902772530e-01 1.3812917445e-01 -3.5110920447e-02 -3.2170043594e-02 1.0824304339e-02 2.1186387243e-02 8.7897828295e-02 9.3029112035e-02 -8.4174127434e-02 -5.6899815753e-02 1.2905704559e-01 -6.2580929436e-02 1.8556394875e-01 8.1997189718e-02 3.7493036145e-01 6.7871705974e-02 -2.0950489183e-02 -3.8489116051e-02 1.0877733397e-01 3.4665608752e-02 1.0977447481e-01 -1.4861506985e-01 -4.7866993210e-03 2.6089247367e-01 -1.6362794534e-01 -6.0397961522e-02 -4.5867543069e-02 -7.3964313833e-02 -7.0109021599e-02 -1.6701940401e-01 2.9610776814e-02 -2.9980006144e-02 -7.4700153692e-02 1.3452217056e-01 1.6963950033e-01 3.2705468037e-01 -2.4758040022e-01 -1.8602540627e-01 -4.7040918934e-03 8.0835319033e-02 3.3586317638e-03 -2.5505041276e-01 6.9080151074e-02 5.9293401889e-02 8.0415338115e-02
1.5246014662e-02 -1.5523932689e-01 5.8101573174e-03 2.3554702301e-01 2.9844396355e-01 6.9569642020e-02 -1.8940934623e-01 -1.2957425090e-01 -2.0397772547e-02 1.5282733448e-01 1.7635547524e-01 -5.1812101945e-02 2.6766468928e-01 3.1510939255e-02 -1.8363665370e-01 -6.7193912791e-02 -1.2703190893e-01 7.4244850612e-02 1.1038428514e-01 2.4185783737e-02 -3.9202994732e-02 3.3173620972e-02 -2.2475819605e-01 4.4180962342e-02 -1.1692861592e-01 -9.5399524147e-03 -1.1119617076e-01 -2.3711027369e-01 4.5264102182e-02 1.0453249823e-01 7.2817767164e-02 -5.1584053466e-02 -1.3296977698e-01 -3.1043689506e-02 1.0647750924e-01 -2.0292597134e-01 8.6387241938e-02 5.0130979608e-02 3.1947347748e-01 1.5774023318e-01 8.7936406236e-02 -4.2643318667e-02 1.3633552627e-01 4.6621783961e-01 -3.9182050776e-02 2.2199992389e-01 9.4290409159e-02 -1.2274703209e-01 1.3366798961e-01 -1.6464741389e-02 1.1149075512e-01 -2.2161113480e-02 1.9573964603e-01 -1.7177846349e-02 1.0970848936e-02 1.2128929550e-01 6.4923525778e-02 -4.4385523521e-03 -2.0054159216e-01 2.1884977318e-02 1.7780078767e-01 -2.9503132940e-02 -1.0953889333e-01 -1.0315617464e-01 2.4611780931e-02 -4.2165371645e-02 2.5673226350e-01 1.4940012879e-01 -3.4263531967e-02 -8.1297808161e-02 3.7752937330e-02 -8.7016720998e-03 1.4127467874e-01 -2.6798822295e-02 -1.1982284257e-01 7.7546625547e-02 -1.6067820466e-01 5.6796285284e-02 -1.9679399423e-01 -7.5441271072e-02 -7.4837248521e-02 -4.7268299188e-02 -5.4823237291e-02 -4.6683498762e-02 -2.5267855056e-01 -1.1168334746e-01 1.4888060741e-02 1.2557756840e-01 6.6870120099e-02 -1.7089128566e-01 -1.7029550313e-01 -3.6748398514e-02 1.8823732375e-01 3.9650581085e-01 -2.4741886981e-01 -2.9471692471e-01 3.8236497662e-01 -8.9209038100e-02 -4.9177183754e-04 -3.3899218634e-02 1.7150456336e-01 -7.0246247000e-02 -2.1659104403e-01 6.3429919472e-03 -1.1728379598e-02 -1.2350603217e-01 2.2120963657e-02 -2.0444282943e-01 7.7260641305e-02 -1.8430005212e-02 -9.0141925039e-03 -5.0961478043e-03 5.6913033516e-03 -3.0030727564e-01 1.0916920046e-02 2.8602228497e-01 2.1184847210e-01 1.3381778593e-01 3.5347671805e-02 2.3201329432e-01 2.7413171726e-01 1.9962728510e-01 1.9430189964e-01 1.0310249180e-01 -4.7358107297e-02 1.0265887203e-04 1.2154747419e-01 -7.2641916253e-02 7.8302522214e-02 2.5172440236e-01 1.2299831527e-01 3.4233704946e-02 7.3097953062e-02 -2.2648266099e-01 1.1759118688e-01 3.6474885442e-01 -3.4446670463e-02 1.6050524609e-01 1.8820998574e-01 3.4888180685e-03 -1.3913164986e-02 1.1781155817e-01 -1.5139651809e-01 6.8584032872e-02 -3.2707666018e-01 1.0082934566e-02 8.8157671261e-02 -2.5475570678e-01 -3.2991961795e-01 8.0638462302e-02 -2.1105677929e-01 -1.2574707286e-02 1.9556574795e-02 3.3413829243e-02 -9.6617100462e-02 8.4175485609e-02 5.9526559540e-02 -2.4424300436e-02 -1.5319998617e-01 -1.8322122274e-03 5.3418650619e-01 1.6273040208e-01 1.4274949644e-01 -2.0876141488e-02
4.6340785197e-02 2.6886612643e-01 -5.2822978900e-02 1.8961500275e-01 8.3753187560e-02 -1.4116318790e-02 -2.1472884849e-02 3.0204027267e-01 2.2870787888e-02 -1.4429717037e-01 -3.5769478054e-01 -7.5230488238e-02 6.8100771906e-02 -1.0391670482e-02 -1.2168784150e-01 -1.1461794015e-01 2.2894140952e-01 8.8098877662e-02 3.4651102728e-02 -1.1641396479e-01 -2.6898940501e-01 1.9340112709e-01 -4.4505387242e-02 -1.6557135105e-01 -8.0049452003e-02 -5.6710696877e-02 1.1617042226e-01 2.3840050292e-01 1.2031466713e-02 -7.6172501017e-02 -2.4843168372e-01 -2.3843635960e-01 -1.5490511329e-01 -4.1142607579e-02 -1.8485422144e-01 1.7124147615e-01 -4.3150869304e-02 2.0581194483e-01 -1.7134519268e-01 -2.3649710703e-01 1.2843096181e-03 -1.6190111371e-02 -2.9160297556e-01 -8.9361640152e-03 2.2373351564e-02 -2.6999798308e-01 -1.6118262338e-01 2.9530250439e-01 -8.8831988598e-02 -8.0414605238e-02 1.6292416324e-01 2.1050108622e-01 2.3142007174e-01 -2.0649979337e-01 1.2983544750e-01 8.0867830557e-02 -6.6944305356e-03 -8.2366289907e-02 -7.0413192712e-02 1.1437935043e-01 -4.8506882222e-02 1.8524385075e-01 2.0555158771e-01 -9.7711349120e-02 -5.2161497471e-02 1.9499490231e-01 -4.7577963604e-02 -1.6393026613e-01 8.9884129334e-02 3.4061465718e-02 4.4918059863e-02 -3.8211527179e-02 9.8572785995e-02 3.7289333645e-02 1.4168589356e-01 1.0462375584e-01 8.1764568386e-02 -6.1662861540e-02 -4.4096740130e-02 -4.7008935977e-02 1.8708714479e-01 -2.7438553757e-02 -8.9278250797e-02 -1.6455905533e-01 -2.1097587568e-02 -6.7394450068e-02 8.8648230065e-02 9.2616006672e-02 -2.0164162691e-01 -1.0976358527e-02 8.9748347923e-02 -3.7685012894e-02 9.2043275935e-03 -2.5103921452e-02 -6.1365908057e-02 1.1848260705e-02 -1.7376685709e-02 -1.7967947501e-02 5.3333235795e-02 -4.8750941912e-02 1.1666320298e-01 -2.3012260411e-01 -9.2433190007e-02 2.1345589816e-02 1.2836127060e-01 -2.3643283001e-02 -1.8730276244e-02 5.7261392624e-02 -3.6832564447e-02 5.0290657733e-02 3.1816306850e-01 -8.3875663483e-03 1.2321519090e-01 1.5479194086e-01 -7.1344131328e-02 -5.2953313577e-02 5.8964212796e-02 1.0409965821e-02 3.6295103635e-01 2.0598035225e-01 8.6560381262e-02 -8.2954236845e-02 2.9482793105e-01 1.8396245045e-01 -1.7395059438e-01 2.4117392971e-01 -2.1506432825e-01 2.8018337180e-02 2.2319005777e-01 -3.9742126757e-01 -1.8653696095e-01 9.8505099681e-02 4.8883791175e-02 6.5098221310e-02 4.9412211212e-03 1.3484066597e-01 -1.4638557994e-02 7.8245374393e-03 6.4198863149e-02 -1.9924769683e-01 -1.8480463490e-01 1.8115430963e-01 -2.2977484769e-02 -2.7632006503e-02 6.4940087613e-02 -1.6351911775e-01 5.1344238756e-02 1.6141689116e-01 -8.7177356656e-02 -3.4505809527e-02 -5.4107960338e-02 1.2954275503e-02 3.7960473331e-02 -4.1886472981e-02 -4.7989609399e-02 2.4025846390e-01 -2.7460813347e-01 1.0182604913e-01 6.2083314415e-02 3.3244520830e-02 1.3665172861e-01 -4.5919107120e-02 -1.0867511110e-01 3.5528469263e-01
1.7583931925e-01 2.2910644470e-03 -1.0639686306e-01 9.7309154361e-02 -1.8581719208e-01 -1.7472936376e-01 1.2159939493e-01 -1.8993358376e-02 -9.6508590035e-04 -3.8619719624e-02 1.0085879489e-01 -2.4436805939e-01 9.5643070019e-02 -2.6252695164e-03 -7.3379718233e-02 1.0238571958e-01 -4.4569012180e-01 -1.3122266511e-01 6.5681189949e-02 -4.7754644629e-02 7.3572872935e-02 4.8185376371e-02 -1.1235604914e-01 -8.6285605263e-02 7.1581762086e-02 -1.0868046598e-03 5.5201145565e-02 4.9219900540e-02 -3.2516576475e-02 -7.8352679084e-02 4.3402025153e-02 -1.0755749109e-01 -2.0200861698e-02 -5.2730678344e-02 -1.5830817411e-01 2.5087353467e-02 -6.7863122509e-02 9.8046880411e-02 -1.2449673667e-01 1.0227291912e-01 1.6319290329e-01 9.3757654553e-03 -2.6066363104e-02 -6.0396955413e-02 1.2343524836e-02 6.0629828608e-02 -2.2811436429e-03 -2.0091478149e-01 -1.5912958587e-01 1.7091893062e-01 6.2698735898e-02 1.2011920595e-01 2.0265697365e-01 1.1496225330e-01 -2.0020124148e-01 1.6623107468e-01 -2.6154355497e-01 -4.4804647409e-02 -1.2345686702e-01 -2.1712287378e-01 2.4787126242e-01 -6.1390555172e-02 2.4979586983e-01 -5.6025475806e-02 2.9440145967e-01 -4.4315285127e-02 -1.5152301074e-01 3.0804715489e-01 -1.5350442018e-01 5.8662849261e-01 -7.3778148890e-02 -4.8090793945e-02 4.4076847220e-02 3.5820890936e-02 1.1545653805e-01 1.7815174922e-01 -2.2990094664e-03 -6.5663950061e-02 -2.3320953501e-01 1.9913049371e-01 -1.0112055970e-01 1.6157129738e-02 7.7767803852e-02 1.9360216276e-01 -1.7506769188e-01 1.1447103002e-01 2.4670880491e-01 1.0415766085e-02 1.2130433028e-02 -1.8313856991e-01 -2.8207269280e-01 -3.4633593943e-02 4.4795431499e-02 -2.0014758887e-02 -1.2421297513e-01 8.2396371297e-03 1.4187611941e-01 -2.4279568533e-01 -2.7591217824e-01 5.3675055464e-02 -1.2677168992e-02 -2.2492280095e-02 7.4637583035e-03 -9.9740200785e-02 -1.4226147654e-01 -1.4483680020e-01 7.5249376853e-02 5.8382514236e-02 -6.8472412981e-03 3.3498111288e-02 4.4741956707e-02 -2.0182911042e-02 1.9363736463e-01 4.1513661521e-01 7.2715510478e-02 3.1701891937e-02 -9.2762791176e-03 1.9289245532e-01 -5.7821283492e-02 -2.1728298980e-01 1.4811110934e-02 -3.4928532082e-02 1.3266692111e-01 1.0143539568e-01 1.8508323858e-01 -1.2675561990e-01 -1.2242775773e-01 -2.0979128597e-01 -1.3108475078e-01 -1.8004575371e-01 3.1843920073e-01 1.8077110911e-01 -1.5156463487e-01 1.7266827469e-01 1.4291940847e-01 -7.9373159342e-02 -3.8364931289e-02 -1.6373156874e-01 -3.4471671353e-02 4.2424496071e-02 2.1145888166e-02 -5.1978609712e-02 1.0140601651e-01 5.5119707538e-02 8.9706467334e-02 -2.4972956141e-01 9.6721950037e-02 1.6808958005e-01 3.7918989097e-02 -8.4007797416e-02 -2.1511659078e-01 -3.3521722397e-02 -2.4430960527e-02 1.1870424691e-01 -1.5115636985e-02 -1.5198893694e-01 -1.6946267359e-01 5.6641883696e-02 8.1319644200e-03 1.0117767874e-01 1.4628332575e-01 1.4036177357e-01 -1.1535205066e-02 -3.6432620403e-01
-1.4092512998e-01 3.7126022089e-01 9.6698542934e-03 -2.9183549813e-02 -8.8012458213e-02 -1.9962857162e-01 -1.4204729832e-01 1.0415618275e-01 2.8757704518e-02 1.3257025595e-01 -3.0234974477e-01 2.8600657754e-01 -1.0819412278e-01 -2.7037544121e-01 2.5559979976e-03 -9.7746975827e-02 1.8161112003e-01 -1.3742519930e-01 -4.9881845076e-02 -1.9771211660e-01 1.8710300120e-01 2.9933849967e-01 9.5003179832e-02 3.2669256931e-02 9.4269901340e-02 1.2486543505e-02 -2.5754033311e-01 -1.0293990696e-01 -6.8039990303e-02 -4.8859660384e-02 5.8950065493e-02 9.4615402752e-02 5.7483973323e-03 -1.4919493586e-02 -1.3387931350e-01 -1.2120077958e-02 8.0268509162e-02 -1.0276272719e-01 1.0005770243e-01 2.2904651247e-02 7.6602387714e-02 7.3521505377e-02 3.7677804094e-01 -6.0083621005e-02 -1.4162654659e-01 -8.9340975299e-02 1.3727869414e-01 -1.8040270144e-01 2.4664750667e-01 1.6327777656e-01 -1.6336923233e-02 8.3296021451e-02 1.5630378732e-01 1.1517870400e-01 1.2536392196e-01 -3.1759856277e-01 -1.8358848452e-01 -1.2227714288e-01 1.6082752437e-02 4.0831920607e-01 1.2636031093e-01 5.9196164282e-02 6.0128352461e-02 -4.3951806378e-03 1.6482864725e-01 1.7551760704e-01 1.1964932759e-01 1.7027082013e-01 2.4393372180e-01 -1.6016707758e-01 7.6583613881e-02 -7.3836111512e-02 1.7827955510e-01 -2.9660522430e-02 -3.0145929031e-02 1.1962983119e-01 1.1016444075e-01 -2.7653763091e-01 -5.6580717213e-02 4.9551248856e-02 -8.4216820719e-02 -4.7116848215e-02 1.4405493878e-01 2.7793636071e-01 4.2522590208e-02 1.8638188360e-02 8.6456438367e-03 9.1468055353e-02 -6.8346548542e-02 1.0006990304e-01 -8.6269266472e-02 8.2093783477e-02 1.4114311459e-01 -1.9955740619e-01 1.6073564400e-01 2.7305832260e-01 2.3743752274e-01 1.4073057659e-02 -8.7606083322e-02 4.9140112648e-02 -5.0976344504e-02 1.8380629970e-01 6.1506664371e-02 -2.4171796801e-01 4.4721804088e-02 3.4500646491e-01 -2.1513821834e-01 -7.0079357166e-02 1.3971185602e-01 -3.0439279185e-02 -1.2918494211e-01 -4.8699412801e-02 -2.0946670296e-01 9.0368817429e-02 -2.4638142460e-01 2.1739036109e-02 3.4747152550e-02 4.9314380382e-01 -1.2483557898e-01 2.6382406807e-01 1.2587747406e-01 1.6342882231e-01 1.1633568552e-01 -2.0723424384e-01 1.2791850013e-01 1.8373831964e-01 -2.1254088171e-02 -2.2454612657e-01 9.3065866580e-02 -2.8288055923e-01 -2.2920548022e-02 -2.7860894561e-02 -2.3325518119e-02 -2.5214077930e-01 -1.0582615376e-01 2.1982827831e-02 8.2535403417e-03 -2.0754969323e-01 -2.2301381578e-01 -1.8931814909e-01 2.3334632860e-01 1.8058744298e-02 -8.1035250165e-02 1.3235248810e-01 -6.7453123399e-02 2.7634142232e-01 -1.2998381575e-01 2.2886904487e-01 -1.5811447865e-01 3.3998212361e-01 -2.0318465689e-02 5.3035683876e-03 -7.9240407260e-02 -7.3525255106e-02 2.5238210871e-01 -3.8070304329e-02 -8.8970127296e-02 -2.1444163642e-01 -4.0988910274e-02 -1.0675608420e-01 -2.5744994013e-02 9.7122659727e-02 -2.3374001654e-01 -4.7077724116e-02
1.4339650419e-01 1.2576189443e-01 -1.4857260851e-02 9.9284468994e-02 8.4889318977e-03 -2.7700593037e-02 -7.9465245902e-02 1.7995450791e-01 2.2902970173e-02 -5.2321443066e-01 -8.5945143547e-03 -6.8640980910e-02 -7.8886491669e-02 -1.1868911716e-02 3.5950803092e-02 -1.9664166345e-01 5.1592945365e-02 -1.0422059212e-01 1.2976263913e-02 3.8076992213e-02 -1.5539275415e-01 -1.9370420497e-01 1.6466846065e-01 1.0953449442e-01 -7.1506614358e-02 -2.2047579229e-02 6.6129634785e-02 -4.1215418354e-01 -9.1879292513e-02 1.8216617234e-01 -5.3347208741e-02 1.3834560425e-01 4.4008732453e-01 3.0895885925e-02 -1.5454761789e-01 1.7070755020e-01 -6.3376118641e-02 -4.2585273595e-02 7.4441406985e-02 2.9173994123e-01 -8.4071642445e-02 1.1028886649e-02 4.8100560864e-02 -3.4873216985e-01 -7.1828299885e-02 1.3331677224e-01 -1.4792243324e-01 2.4994377584e-01 8.9221624810e-02 1.5374085302e-02 3.5153108152e-02 2.5402610594e-01 -1.9200898191e-02 2.4316889013e-02 1.7142771120e-01 2.4903198806e-01 -1.8532437535e-01 2.1374441486e-02 -1.0673376114e-01 1.9645783313e-02 -7.4049302503e-02 -5.6170952343e-02 -4.1566006044e-02 -1.5793856622e-04 -3.6378291949e-01 1.3998540862e-01 7.7312159328e-02 2.6674450339e-01 1.1001104207e-01 -3.4454746672e-02 6.1463873040e-02 -3.5660822541e-02 7.6287284897e-02 2.6764877885e-02 -5.8154425494e-02 1.7247777908e-02 -3.2059195873e-02 2.3064762412e-01 3.4179337972e-01 -1.1949902594e-01 2.0110378927e-01 5.2965801206e-02 1.3472256167e-01 -1.5028247822e-02 -9.1711561001e-02 1.1851998069e-01 -2.6741379528e-01 -5.5251305546e-03 6.6175999988e-02 1.3393078539e-01 1.5731654683e-02 2.7173601066e-01 -2.5300520553e-01 1.1328521033e-01 9.3898765146e-02 1.7679052246e-01 -1.1362737786e-01 1.0267774098e-02 8.2933837987e-02 -8.2152189118e-02 -1.4545899773e-01 1.4333326903e-01 1.5463916423e-01 -3.3543138923e-02 1.8965180578e-02 -8.3181067203e-02 -4.4959177972e-02 -1.6226145508e-01 -2.2978413313e-01 7.5401085002e-02 5.4013649258e-02 -1.2099740382e-02 2.2397800209e-01 3.9357145295e-01 -3.3205639022e-02 2.2882125002e-01 4.9399079587e-01 1.4341515878e-01 1.9383834169e-01 -3.9089737813e-02 2.4179495444e-01 -2.4983576866e-01 -4.2253767683e-02 -2.3141736676e-01 4.6109354404e-02 3.3895891739e-01 1.5877140657e-01 -2.1333310050e-01 2.6290837858e-02 -1.4724694961e-02 1.1903927186e-01 -1.6635331811e-01 -2.5078096523e-01 1.2034673983e-01 1.3765260961e-02 -7.9644794576e-02 -8.0766039704e-02 -1.9311209394e-01 8.4668273035e-02 -1.2934581967e-01 -1.1180629877e-02 -1.0542223286e-02 -1.5422706827e-01 3.3735830291e-02 -5.4356513843e-02 3.6991109388e-02 -1.7418962161e-01 -2.3143285392e-02 -2.2405434183e-01 -6.8959787032e-03 -1.0541593343e-01 -8.6947650660e-02 -5.3263524160e-02 -3.0630270382e-02 -1.9574550844e-01 -1.6517499178e-01 2.1244613118e-01 4.0373851621e-03 5.5000191806e-02 1.2224479424e-01 1.2040547594e-01 -2.9390874351e-01 1.6052635669e-01 -1.0129056310e-01
2.7247965235e-01 1.1674028994e-01 1.7894243360e-02 -9.1030818505e-04 1.2499724766e-01 -2.6074542865e-01 -2.3651227620e-02 1.9983457883e-01 -4.8408471750e-02 -6.4571144064e-02 -1.5917343490e-01 7.2602278397e-02 -2.4426815624e-01 2.3769925554e-02 2.4664664317e-01 -1.5255632709e-01 1.2863169864e-01 -7.4902901219e-02 4.5222989979e-02 5.9075597581e-03 -1.2216551555e-01 -8.9872730108e-02 2.7875330625e-01 -1.8716686726e-02 -5.7417107818e-02 -1.1051639881e-01 1.3161556261e-01 2.6506741233e-01 -3.4292476313e-02 1.2218263109e-02 -1.4554129218e-02 2.7161543687e-01 -1.3002786512e-01 -2.9545476859e-02 -7.5276421363e-02 1.3840966761e-01 -1.4956690516e-01 1.0242856633e-01 -1.5872167111e-01 2.7010949295e-02 2.4404089198e-02 -3.7222821008e-01 5.5998023147e-02 7.9467671784e-02 -4.6795834103e-03 7.9473751754e-02 -3.0714404356e-01 -8.9959473353e-02 -2.3932043203e-01 4.9936624204e-02 -5.0385598143e-02 1.8925486871e-01 5.1744741401e-02 1.6226987274e-01 -2.5087936593e-01 2.7973366903e-01 -4.8197847671e-02 9.4791912979e-02 -1.8124368208e-01 -1.0630062847e-01 7.4635317005e-02 6.6438163951e-02 1.6604881866e-01 1.4805729954e-01 1.4381181817e-01 -1.6546356832e-01 -1.0727095369e-01 8.2861009613e-02 4.7256459043e-02 3.9362149882e-02 2.3993175311e-02 9.5116157555e-03 -1.5007205012e-01 1.8483790219e-01 -1.9842615995e-01 -3.1327739362e-01 1.0290384234e-01 2.8157770883e-02 3.5699359062e-02 -1.2517068125e-01 -3.5062527860e-02 -1.0340580810e-01 3.9852029954e-01 -5.8967391974e-02 -3.5875682546e-02 -1.2656355267e-01 1.3414486241e-01 8.5233966189e-02 -8.7961033760e-02 -1.5454457193e-01 2.8967868652e-01 2.9988242301e-02 1.8931823524e-01 -1.7317814186e-02 1.1056684032e-01 -2.2885216276e-01 2.0815043777e-01 2.7354739701e-01 2.2072599830e-02 3.2871433677e-01 -1.1382001353e-01 5.4615591273e-02 -9.4183442071e-03 -5.4695184759e-02 3.7742209236e-02 1.5099510958e-01 3.6340473930e-02 -2.4268700695e-01 2.2023490052e-02 -1.3389010307e-01 -1.0257334999e-01 -9.8289693801e-02 -3.8243650580e-01 5.1275824418e-02 2.4548097733e-01 -1.2412775294e-02 1.4280231349e-01 -1.1893337574e-01 -2.3070801925e-01 -7.9116042317e-02 -3.3836867448e-01 4.8144186866e-02 6.6328047430e-02 6.6654120508e-02 -3.7330888921e-02 -1.5279075896e-04 -5.7705327294e-02 1.3560036442e-01 -1.8818673553e-01 -8.7681742546e-02 6.3560203737e-03 2.0642127242e-01 -1.7384764912e-02 -1.6024194230e-01 1.8731231181e-01 1.9534573510e-01 -3.0831500131e-02 1.0170552687e-01 2.9302285897e-01 -2.9720551423e-02 2.4279876245e-01 -7.9935651898e-02 -1.4067747143e-01 8.8167738998e-02 2.2070050077e-01 6.0535108634e-02 -3.6317409055e-02 -1.8741458825e-01 -1.3459892308e-01 1.1694630603e-01 2.4458554408e-01 -7.3194849034e-02 1.4861842064e-01 -6.5800633638e-02 2.7332586706e-01 -5.6711315697e-02 -5.2859927317e-02 4.2034654302e-03 1.8681152815e-01 -4.8791909406e-02 6.9128416956e-02 -7.3306514393e-02 -1.8030593524e-01 1.0358759993e-01
4.2605592557e-02 2.8692314591e-01 1.4841984219e-02 -2.3343706457e-02 6.0607236966e-02 -1.9791768308e-02 -3.5737607928e-02 -3.1210167948e-01 -3.2029334351e-02 -1.3110680159e-01 3.0128605890e-02 2.6936157898e-01 -1.4069092436e-01 1.7609984781e-01 9.9272196942e-02 -1.0454882641e-01 -5.4120399669e-02 -5.8953670508e-02 6.5990544094e-02 1.2910888049e-01 -1.1636065838e-01 -4.1688759320e-02 2.5239664219e-03 3.3382784503e-01 3.8768906758e-02 -3.2632721697e-02 3.0278014527e-01 2.5755013341e-02 -3.1052135444e-02 6.2780663120e-02 -1.9341978241e-01 1.1274736695e-02 1.5210256564e-01 9.5716002918e-02 -1.1602672864e-02 1.2039031020e-01 -1.7604063120e-01 2.3922218442e-01 4.2908782791e-02 -4.6753051882e-01 -1.3424671946e-01 2.1211016390e-01 8.5581068867e-02 1.5808106725e-01 -4.1581467792e-03 -1.5139283752e-01 1.9652738772e-02 -2.9064577869e-02 1.9917393560e-01 1.7758194751e-01 5.6985833585e-02 -1.5862813672e-01 -2.9636964399e-02 -6.3340684130e-02 2.9044384915e-03 -9.8660957522e-02 -6.4034409342e-02 -3.6633884554e-02 -2.2535867380e-02 -1.3684794192e-02 -8.6868484504e-02 2.3628029445e-02 1.0628887581e-01 4.9289083330e-02 1.9346556161e-01 1.3696151109e-02 3.4107032080e-03 2.3984314658e-01 -9.4769749131e-02 2.6957507010e-02 -9.5389937227e-02 -7.0963723470e-02 8.0444008403e-02 -2.1172304780e-02 -1.5800159132e-01 -8.6849187009e-02 -1.0928916763e-01 1.6013986081e-01 -1.7332695007e-02 2.8653736530e-02 1.0718002199e-02 -1.0175168105e-01 -2.9826283308e-02 -1.1942711306e-01 -2.7603788236e-01 8.2203047487e-02 2.3405433501e-03 2.5708043017e-01 -1.3129589380e-01 1.4747449457e-01 -2.0709607215e-01 -2.5463659174e-01 -1.1946298693e-02 5.3252006373e-02 2.8377906430e-01 -1.2207658348e-01 -1.9409937407e-01 8.8846803614e-02 4.1766603007e-02 3.6457745427e-01 2.5080709245e-01 4.1013502363e-02 -1.1286366326e-01 3.0877548193e-01 -6.1816662287e-02 1.4366158634e-01 9.9002250632e-02 2.5458219158e-02 -1.5800494709e-01 -1.1636746514e-01 -1.6587385156e-01 3.8160110849e-02 1.5498083177e-01 -2.0539821931e-01 -3.1635054587e-02 -1.3031979442e-01 -2.7190061166e-03 1.8938679675e-01 1.9243734651e-01 -2.1496289394e-02 -1.5998594962e-01 -7.2237572562e-03 -2.6290980363e-01 -2.2651803810e-02 -2.0025034689e-02 6.4254541955e-02 -3.0557362228e-02 -3.6792589197e-02 -1.4534750405e-01 -1.3957832888e-01 3.5203340551e-02 -1.5153127984e-01 1.4645799769e-01 6.0872503634e-02 -5.9509583120e-02 8.3038673169e-02 -2.4825707797e-03 -5.5314866534e-02 1.4434265721e-01 1.0347413750e-01 1.9926852664e-01 4.2499066486e-01 -8.2365187940e-02 1.4276671841e-01 -8.9781410860e-02 -1.6037904832e-01 1.6846151006e-01 -2.9770807340e-02 7.0289345284e-02 1.5638464338e-01 -1.1112550675e-01 4.6594752596e-02 4.8111254412e-01 -3.4900562883e-01 -2.1798283577e-01 -1.5927552839e-01 3.1540749211e-01 -3.8773163669e-02 -1.7484934384e-01 5.6327319850e-03 -8.2235242338e-03 1.5384553644e-01 8.1786633202e-03 -2.1805664030e-01
3.1174565112e-03 1.2637949596e-01 -1.0467537824e-01 -3.8777013501e-02 1.8934842733e-01 -1.0460002752e-01 4.6387323356e-02 -2.9766646859e-01 -6.1544463105e-02 1.3136926204e-01 -1.7154684721e-01 1.3743720557e-01 6.0188844245e-02 -7.2086266264e-02 -1.9163066506e-01 -1.2064272670e-02 2.0433567384e-01 -9.1160113700e-02 2.1153630702e-01 3.5752137188e-02 -6.3459776530e-04 -2.5513920632e-01 1.4154860115e-01 7.4065963112e-02 2.1671154663e-01 4.6530497629e-02 1.3500672328e-01 -1.4254527283e-02 1.6373221389e-02 3.9973562587e-02 -2.9219297258e-01 -5.4340892986e-02 -1.5722827838e-01 -6.3810778802e-02 1.3058859148e-01 -1.1463795162e-01 -1.6051828755e-01 6.5256772402e-02 2.0889364833e-01 1.4579665504e-01 7.6318345411e-02 2.3488274941e-02 1.6643114752e-01 -7.5819920903e-02 -9.9140665036e-03 1.3331790541e-01 3.5731816727e-02 -4.5062906591e-02 1.6914609045e-01 1.3218709987e-02 2.6078613824e-01 -2.2393229523e-02 -2.3492502130e-01 2.4269835271e-02 -1.1102969552e-01 8.1383349229e-02 -1.0789897522e-01 6.6651850859e-02 -1.0696756659e-01 -3.0524930626e-01 1.8595343128e-01 -3.7950685297e-01 1.3292438705e-01 2.1431425786e-02 3.4337444055e-01 -1.2054143576e-01 2.7656713273e-01 -4.0608102725e-01 -9.4123659184e-02 -3.2439300419e-02 -5.7002623238e-02 -9.1701378198e-02 -1.4443558897e-01 -1.5962197566e-01 1.4681443169e-01 1.3003516260e-01 3.4975114343e-02 3.5022013341e-02 -5.4511017779e-02 1.0922140168e-01 1.8940115771e-01 -1.5746739324e-01 6.5036160013e-02 -2.9216800256e-02 -5.2909843445e-02 -8.4895406591e-02 7.9221984530e-03 -2.3390908836e-01 1.9546158228e-01 3.5397229865e-01 -9.9196988634e-02 -9.8398721578e-02 -7.5496436987e-02 -3.2880351105e-01 -1.8787664819e-01 3.0610554805e-01 4.9386222489e-03 -1.0479333533e-01 3.0696170068e-01 -1.2617174933e-01 -4.7377246577e-02 6.9755498486e-02 -1.9462461492e-02 2.1752089482e-01 8.3571402843e-02 5.1699597122e-03 2.0812906714e-01 2.2324412132e-01 -7.7508494500e-02 7.3705134315e-02 3.7062741252e-01 -8.5815716710e-02 2.7305529357e-02 -3.4814295408e-02 2.6308498094e-01 -7.5041647676e-02 -2.9174146607e-01 1.9882107836e-01 5.1729823454e-02 1.3693774696e-01 8.8554365760e-02 8.0378103125e-03 -5.8633998709e-02 2.2830991239e-01 2.3989771954e-01 2.2643465860e-01 -7.0492757211e-02 1.0289734899e-01 -1.6666999269e-01 -1.5140061313e-01 -7.9017171006e-02 -1.0035464603e-01 -1.2936886103e-01 -3.3007022754e-02 -2.7031506351e-02 4.4215371393e-02 -8.4270626485e-02 1.8823848596e-01 3.1565834054e-02 1.4059184512e-01 1.4982150677e-01 6.7347825182e-02 -8.9463690212e-02 -1.8949424599e-01 3.7792689842e-02 -1.1107663098e-02 -1.4023393141e-01 1.7044560092e-01 -5.9389007556e-02 -4.3842698339e-02 2.9991740046e-01 -3.0325564018e-02 -2.9666057388e-03 3.8192760421e-02 3.8650379204e-02 -3.0021430981e-03 2.4957316806e-02 -3.9504656692e-02 1.3194076159e-01 1.6123214221e-01 9.5241722668e-02 -1.5660894070e-01 2.4110193637e-01 2.9017475955e-01
-1.1213361407e-01 -6.7840796653e-03 7.6805993860e-02 5.1112265635e-02 2.9555279009e-03 -5.5198469764e-04 -6.6719183937e-02 -1.6437737886e-01 3.6323919248e-03 -1.9475043450e-02 -9.0472001725e-02 -1.1644494723e-03 2.4151506496e-01 -9.6651670898e-02 2.6150240520e-01 -9.4280147110e-02 -8.7600337708e-02 2.6262991327e-02 9.3391209175e-02 -5.1798045188e-02 -2.1482532095e-01 1.1715653317e-02 -8.0608869286e-02 -2.0596542295e-01 1.6836516073e-01 1.6107087204e-02 -4.8666213841e-02 -2.5424569584e-02 -5.3979178480e-02 4.7813748385e-02 1.2793577891e-01 2.6884179518e-01 1.0192203506e-02 7.0521115061e-02 1.5419477612e-01 5.2486128805e-02 -2.1800685994e-02 -2.5408141583e-02 -2.4536968130e-02 1.2086780249e-01 2.1604826747e-01 1.2348811500e-01 -2.4625015170e-01 -6.1760780210e-02 2.0863756170e-02 -9.9578285941e-02 2.5471434497e-02 1.8544058706e-01 3.8210279372e-02 -2.7513104738e-01 6.3684826155e-02 1.4531167984e-01 2.2983312197e-01 1.1948498936e-02 -7.9246526432e-02 -2.4872318553e-01 8.9022330369e-02 3.6055864275e-02 5.4176820083e-02 -1.9547303056e-02 -9.0564690205e-02 -1.3094968012e-01 2.9209369474e-02 -7.4562618990e-02 -1.1060727670e-01 -2.0358051927e-01 -1.0737634813e-01 1.5491554471e-02 -1.3374926994e-01 1.4759381358e-01 8.0785547314e-03 9.0221303042e-02 -1.3838402887e-02 1.1565719712e-01 -3.2454879102e-02 1.6479735288e-01 2.2088563318e-01 1.9378115647e-01 -6.5531290145e-02 9.5983523899e-02 -2.6227247259e-01 -7.8097747814e-02 2.0511063285e-02 2.0590269811e-01 -1.0850867196e-01 1.0570235929e-01 2.4049547828e-01 -1.8840739648e-01 1.2317117003e-01 6.6743219992e-02 -2.4089792708e-01 2.1828682646e-01 -2.2540496300e-01 -1.6151641300e-01 1.7869722792e-01 7.8200355801e-02 9.7794951497e-02 -2.0198730529e-02 2.2835680986e-02 2.0542205936e-01 -3.2257002175e-02 -7.7363827119e-02 2.2470153156e-01 3.0946571807e-01 3.0724160247e-02 1.1047152822e-01 1.9832340488e-01 -6.3963700481e-02 -5.8524887978e-02 -4.8111528124e-02 -2.9511324141e-01 6.0248789455e-02 -1.8816574413e-01 3.3565903364e-01 -1.1317836489e-01 -1.7100935970e-02 -6.1412412505e-02 5.2061059259e-02 -1.8324306959e-01 1.2980497751e-01 -1.3289282441e-01 1.8513811459e-01 -2.5570313114e-02 2.1288848614e-01 -1.0013999756e-01 7.7241309682e-02 1.8399027629e-01 1.6970423207e-01 1.6409236402e-01 1.2417060990e-01 -1.9012551118e-01 1.0356034475e-01 -8.6858604001e-02 -1.2928759416e-01 -1.0322287035e-01 -4.2340965901e-02 3.2508765296e-02 3.2668731690e-02 2.9697053067e-02 1.2262583891e-01 -5.3874069882e-02 1.0426247686e-02 3.9618368471e-01 2.1162906561e-01 3.7433855776e-02 -8.8716065061e-02 3.1385348430e-01 7.5440513081e-02 -1.5217019049e-01 -1.8372718795e-02 -5.4229787693e-02 -6.4941716974e-02 1.5597297646e-01 -7.4793402946e-02 -3.8038307794e-02 -4.7836195352e-02 1.6494949341e-01 6.5019908879e-02 -1.4389527748e-01 4.5751391006e-02 9.6154938699e-02 -1.3237301375e-01 -8.6803843434e-02 5.0362683812e-01
2.1618077533e-01 -2.1919197549e-01 8.2633584164e-02 4.0381446935e-02 1.0022728041e-01 -2.2780059484e-02 6.5512183559e-02 1.4756070346e-01 3.4121189155e-02 1.2877195579e-01 -6.0044784358e-02 2.4367725867e-01 7.0315924411e-03 -8.8471069953e-02 1.1089569895e-01 -2.8758727897e-01 1.9889501359e-01 6.8500647865e-02 -9.8710245673e-02 -8.1855247192e-02 -7.9141138611e-02 -1.1602345337e-01 -8.3095142551e-02 5.5224782286e-03 4.6122668575e-02 7.8248066126e-02 1.4988144400e-01 6.7176069280e-02 -5.5611533503e-02 -2.5428959793e-02 7.0364359632e-02 -2.1829495644e-02 1.2471155793e-02 -2.4722171165e-02 -3.2824713387e-01 -1.7149731956e-01 -2.3144513618e-02 2.5473300697e-01 -2.5570095539e-01 1.9935981073e-01 9.7745468828e-02 -1.1884869312e-01 3.6924214466e-01 4.5480959663e-02 -2.0186381716e-02 -1.7781443872e-01 1.6703754985e-01 4.5463267351e-02 -2.2826407358e-01 -1.0452652597e-01 1.3117075903e-02 4.2990664710e-02 -1.2174202676e-01 1.1269779134e-01 4.9493266004e-01 -1.0525682865e-02 -8.3612353997e-02 -1.2385982551e-02 9.5381063715e-02 5.9750469860e-02 5.0204503195e-02 4.1211623333e-02 1.9497988388e-01 7.9504648642e-02 1.5373408513e-02 -1.8986809737e-01 -1.8095595257e-02 1.5008900865e-01 5.7361076538e-03 -2.2528447898e-02 1.1601322908e-02 6.5823675648e-02 1.4899800596e-01 -8.4772975730e-02 -2.7128545254e-02 -3.0300052168e-01 7.0077743822e-02 -1.3884956941e-01 1.3930157687e-01 1.6402082744e-01 -2.1705896022e-02 2.4014667807e-02 -1.5102272467e-01 4.4308741970e-02 1.1056682866e-02 3.0701355859e-01 1.0936815138e-01 -2.3736932764e-01 -1.3905558710e-01 1.7006564211e-01 -2.4778673593e-01 2.0843963622e-01 -2.0940159664e-01 2.2978390135e-01 3.0204160814e-01 -6.5977811036e-02 -3.0630822333e-01 -1.9856088923e-01 -3.5805429749e-02 2.6436794826e-01 -1.8323084982e-02 1.0637569641e-01 -5.7206703233e-02 -1.6785917974e-01 -1.0427362111e-01 2.1380523429e-02 -8.8525283214e-02 1.0279358098e-01 9.8387937953e-02 -9.8765948739e-02 1.8027736355e-01 -1.4039325381e-02 -3.8721092491e-02 -1.9517663525e-02 1.0086611634e-01 -6.1219360270e-02 -1.0910870910e-01 9.3017165485e-02 6.0301134786e-02 3.2821705459e-01 1.4778288988e-01 3.7931389880e-02 4.7773490328e-02 -8.9311493669e-02 2.4204853690e-01 7.6998426398e-03 -7.8165215939e-02 1.3126537343e-01 6.9833583678e-02 8.8914644544e-02 3.0418431136e-02 6.2518077734e-02 2.3215023464e-01 -2.0339762599e-01 1.4158839023e-01 2.1461890230e-01 -5.1031060509e-02 1.3205034744e-01 -1.0748137417e-01 -1.8295733243e-01 2.6171920634e-02 1.8461253670e-02 2.2838018121e-01 1.1207229089e-01 6.2756474533e-02 -9.5266542694e-02 -1.1462939066e-01 -5.2372513050e-02 3.0635466317e-01 -2.0398316521e-01 -1.9162425968e-01 -1.4993292338e-02 8.8104504287e-03 9.6204158677e-02 7.1125454269e-02 1.6990171203e-01 1.6601847992e-01 2.5813310521e-01 -5.3416254260e-02 -1.1836888472e-01 8.7210243259e-02 -7.7945248620e-02 -9.6406035367e-02 3.4586385823e-03
5.7799893413e-02 7.6703938137e-03 -4.4596450760e-02 1.4637608936e-01 -9.3676561909e-02 -8.0388170122e-02 3.0821176187e-01 -2.8627295265e-01 2.2668769998e-02 1.2561935875e-01 -7.7354486525e-02 -2.2153309873e-01 1.4772692184e-01 7.8810447529e-02 4.2232988499e-02 1.7673347979e-01 1.2884838663e-01 1.4802580797e-01 3.5902926286e-02 -3.9970802154e-02 1.4253162642e-01 1.1823686934e-01 2.2671790421e-01 3.8890899902e-01 1.2675677177e-01 -5.4253933391e-03 -6.3965217258e-02 -7.8125698136e-02 1.0649664929e-02 -3.0441186073e-02 1.4983062076e-01 -3.3138034321e-02 -1.1363715588e-01 2.0134081986e-02 -2.3030716407e-02 -3.6937327499e-02 -3.1429829733e-01 3.0765206836e-01 -1.4877756737e-01 3.3113954163e-01 -5.3170444060e-02 -2.2114398766e-01 1.5639451343e-01 3.5005960166e-02 5.0541406666e-02 6.0779961542e-02 -5.9558128626e-02 1.1899342077e-01 4.4339104886e-02 2.4265890427e-03 -6.4658910895e-02 -2.5540467635e-01 1.6710026111e-01 -3.9478749490e-01 -2.1640219062e-02 -1.0394757150e-01 -8.6425921824e-02 -9.9347231414e-02 1.6658864777e-01 -2.7726949561e-01 2.4174819869e-01 7.7896218448e-03 -6.2885990452e-02 -2.5696451204e-01 -2.3249860447e-01 3.6937264605e-01 1.6158775486e-02 -1.5120430035e-01 5.2338473462e-03 -1.0410166906e-01 -1.0606125949e-01 3.3432810340e-03 3.2686871349e-01 5.0174671795e-02 1.8217314794e-01 3.7614661017e-02 3.9687241458e-02 -1.4835025483e-01 1.9489512722e-01 -5.5793622127e-03 9.7177987569e-02 5.5905274379e-02 9.5949428237e-02 4.5885600635e-02 4.4367606463e-03 3.0475774646e-02 -2.0796513730e-02 -1.9721927870e-01 3.1045239105e-02 1.5433765679e-02 1.5451804656e-02 -2.0296642890e-01 1.1301511875e-01 -5.3382797982e-02 1.3929130643e-01 -3.0396664562e-02 -1.2750675003e-01 -3.4247947362e-02 -2.8378789361e-02 -2.2896578814e-02 2.7489451377e-01 -1.1094507981e-02 4.1406541651e-02 -9.0590292739e-02 1.1297665455e-02 -2.2651605929e-01 1.2215410663e-01 -3.3236220092e-02 -2.6321313561e-01 -7.7309695355e-02 -1.5030879402e-02 -3.3310652241e-02 -1.8478876316e-01 1.3647509661e-02 2.0694827789e-01 -1.0716276190e-01 2.2326687306e-01 -2.6266459866e-02 -1.1677163379e-01 2.2238681228e-01 -1.8038118079e-01 2.0389181458e-01 2.9628516727e-01 -1.8168177115e-01 2.0077599065e-01 -5.7116252531e-02 -2.3909635650e-02 3.1999170479e-01 1.9893212414e-01 2.0819920697e-01 1.1284000381e-02 -1.9793701933e-02 1.2310543052e-01 2.9207073092e-01 -5.9117754145e-02 5.0302270372e-02 7.4131201406e-02 -1.3676527735e-01 2.0365201902e-01 4.1051421236e-02 2.1312421324e-01 1.2920745534e-01 -1.4230380642e-01 7.3338841947e-02 -1.4832981008e-02 1.4323989492e-01 2.3607815226e-01 8.4819386086e-02 2.2901044638e-01 1.8703713820e-01 -1.7130842312e-01 -1.4460041606e-02 5.0948756200e-02 1.0450216819e-01 -1.8777317322e-01 -3.2230349776e-01 1.8809131422e-01 9.1413226590e-02 5.8503378585e-02 -5.4148745602e-02 -6.0075743918e-02 6.9006453082e-02 2.6058808049e-01 1.4286138883e-01
3.3585616964e-01 -2.4658035665e-01 2.4604425267e-02 -1.7462047969e-01 -1.6744712214e-01 3.1666468740e-01 -8.8450924809e-02 2.3299558008e-01 -3.1401717717e-02 9.7528545442e-02 1.6788829411e-01 -6.0320174693e-02 -1.4186141557e-02 1.1543113695e-01 -2.5080706208e-02 5.1616321280e-02 -7.7653154503e-02 1.2385317134e-01 -5.6694777990e-02 -4.1974278960e-02 -3.0089569440e-02 -1.9507647242e-02 2.6504809265e-02 -3.6118000793e-02 -2.7618743657e-04 3.3431266277e-02 4.2093547675e-01 3.8454978698e-01 -1.4502042960e-02 5.7665704488e-02 -2.1561624445e-01 1.3481598147e-01 2.7964495595e-01 -2.0868478441e-02 3.6338096675e-02 8.6902748158e-02 -2.1811721451e-02 -2.4357279070e-01 8.2789866678e-02 3.3349172845e-01 -1.4797908593e-02 1.3626026645e-01 7.8783421711e-02 1.7354410634e-01 7.1923460396e-03 -1.2155052683e-01 4.9713184431e-02 4.2310696612e-02 -9.5509741092e-03 -3.2537053210e-02 -1.9430015590e-01 1.3640039668e-01 -1.9373170072e-01 -6.4083873634e-02 4.0998245540e-02 1.2771028086e-01 -1.7599758185e-02 -2.8186038197e-01 -2.9124811346e-01 -1.3084768170e-01 -3.1400066117e-02 1.4793794563e-01 2.3852050889e-01 2.4298512497e-02 1.2329435979e-01 -2.0579447275e-01 1.6291032850e-01 -2.9175763461e-01 -5.8817458316e-02 -1.9827851491e-01 2.1363332253e-02 1.4947628674e-02 3.0538040508e-01 2.3999539961e-01 -1.6121112074e-01 2.1051427772e-01 -7.4517829328e-02 1.7285966102e-01 -1.6373948207e-01 2.3399009569e-02 -2.8169667758e-01 -1.5645626794e-02 1.1633571767e-01 2.2785496061e-01 1.4976815567e-01 6.8052328779e-02 -3.1897681059e-01 1.2743811126e-02 1.3142656287e-03 -7.9277319032e-02 1.7394120313e-01 -2.6955450928e-02 5.2084746281e-03 -2.2120499354e-01 -6.7142556555e-02 2.4551435846e-01 -1.4440374360e-01 2.1238773198e-01 -1.6049180671e-01 1.5410830129e-02 5.6343094966e-02 5.5989627195e-02 -3.0714155151e-01 1.4479437040e-01 -2.4247402434e-01 -2.4978903513e-02 3.1882095421e-01 2.2459818600e-01 -6.9392272852e-03 1.1181330456e-02 -1.2412973661e-01 -2.2662494190e-02 2.3184181585e-02 4.7599986270e-02 -2.8371432800e-01 -1.4117194900e-01 1.1249874622e-01 1.4537003290e-01 -1.2466113441e-01 1.9140417037e-01 -1.5018373349e-02 -9.3243382442e-02 -3.6807337474e-02 1.3647379224e-01 -1.8097564373e-01 1.1835847904e-01 3.1382769104e-01 9.5298521926e-03 -6.5887459502e-02 2.2797746140e-01 -2.4238767527e-02 3.0886828396e-01 1.5963008142e-01 -3.5740558568e-02 -8.4680604203e-02 1.3706904772e-02 -1.8919453908e-02 -4.4170068003e-02 4.5181761111e-02 -2.5857969191e-01 -1.2716796209e-01 -7.8312352604e-02 -1.7278419581e-01 -1.1608297325e-02 8.8913957767e-02 2.1257791809e-02 -1.2972763165e-01 1.3258797243e-01 -1.2696638034e-01 -1.2521951048e-01 -8.3548211081e-02 1.0210469259e-02 -2.3585325713e-01 -1.6019541231e-01 5.0012216939e-02 -8.0549321929e-02 -8.3193470072e-02 1.1837001199e-01 -1.6307287122e-01 -2.2234841361e-01 -9.6898660540e-02 2.5185010535e-01 1.1346529447e-01 -1.8052383335e-01
-8.4052193079e-02 -2.2486161745e-01 2.6186109325e-03 2.4238299628e-02 6.9270492105e-02 -4.6534823634e-02 1.1779560102e-01 2.0946396564e-01 -1.1974755196e-01 -1.6352992425e-01 9.4549455799e-02 5.3963036756e-02 6.1905981137e-02 2.5872098469e-02 -4.8693411032e-04 -2.6446319359e-02 -4.9568084659e-02 -2.1660277188e-01 2.4722206400e-01 7.7511775111e-02 2.0782332828e-01 3.6818782286e-01 1.3883368798e-01 -1.6633998485e-01 2.5576528840e-01 -2.7059454260e-02 5.8800530538e-04 -1.4425347979e-01 -3.1405258801e-02 -7.8714502596e-02 2.5184467961e-01 -4.4090474182e-02 2.7694285781e-01 -6.3516888587e-02 -1.6559015049e-01 2.5509856435e-02 -4.3934355241e-02 2.9465718183e-01 2.2602566109e-01 6.0277890468e-02 -1.8524717730e-01 1.7243576987e-01 1.4655818156e-02 1.1780857379e-01 -3.8132632291e-02 -1.3002438460e-01 -2.8467230681e-01 -3.8691730601e-01 8.9975753951e-02 1.8105079585e-01 -9.1310888721e-02 6.2728463775e-02 -5.6682145943e-02 -8.6852132539e-02 -1.7274652007e-02 9.1855680910e-02 -2.0420515631e-01 -6.7338805771e-02 2.1166141590e-01 3.5258119068e-02 9.7699049582e-02 -4.6854898637e-02 -2.1369072466e-02 9.5568214526e-04 4.0200790288e-02 -1.7480213873e-01 2.3043764072e-01 -4.9001155571e-02 -1.5187917442e-01 6.9883562822e-02 -3.0081254570e-02 -1.4320517056e-02 -7.2808173477e-03 1.7156646486e-02 7.7979954776e-02 1.6925576415e-01 2.5428939429e-01 6.9876309425e-02 -1.8955160305e-02 -2.8878803301e-01 3.4611233656e-01 -3.8978140267e-02 -8.6402832788e-02 -9.7343046517e-02 3.5603304062e-03 1.5413733869e-01 2.0796365061e-01 -2.6319446196e-01 -1.4091827308e-01 -7.6563617439e-02 8.9916860230e-02 2.7637700002e-01 1.4416492784e-01 2.7679563238e-01 -2.7554813890e-02 1.5243130640e-01 -1.6648633948e-01 2.2480658920e-01 3.5719391999e-01 -1.3789874267e-01 -2.2273334389e-02 -1.6244511002e-01 -6.3614475944e-02 -3.7519257457e-01 1.2739642794e-01 -6.1901786480e-02 -7.3302571044e-02 8.9883674369e-02 3.7854885727e-02 -5.5674012652e-02 1.9229949907e-02 -4.4686913895e-02 -9.2381413263e-02 -1.2677187902e-02 -2.2754987119e-01 3.9205647460e-03 -4.3742588589e-02 -1.7853542511e-01 7.5931606140e-02 -6.4698115451e-02 -3.4439489610e-01 -1.2774144398e-01 -1.1800889132e-01 4.6819431450e-01 -6.5248129325e-02 1.5123625160e-01 -9.8126553755e-02 -7.6969494715e-03 8.8062021636e-02 -1.6319227793e-02 -3.9196478048e-02 1.0909057526e-01 1.0067640582e-01 3.3229533721e-01 1.0729468752e-01 -3.8481591275e-02 1.2183744162e-01 -7.4293398719e-02 -2.9297196705e-02 2.2173959858e-01 -7.3989482319e-02 2.3886257150e-01 -2.5895856827e-01 -1.3687699911e-03 1.8795857015e-01 4.3733100573e-01 -1.1422366674e-02 -3.9119452424e-03 9.5037137503e-02 2.6605102442e-01 1.8514023555e-02 -6.1292020066e-02 6.0614909246e-02 3.1958127058e-01 9.0659588314e-02 -4.6066198443e-02 1.1338729366e-01 1.5208536338e-01 -2.7497265713e-01 1.0148843127e-01 1.0451445428e-01 3.1652562836e-02 1.8108476923e-01 9.7201135830e-02
2.3306799025e-01 1.1465867608e-01 2.0949248177e-03 -2.6934843251e-01 2.0402615066e-01 1.9320317386e-01 -2.2312469837e-01 6.8430842046e-02 3.2748962278e-02 4.8384336071e-02 -7.4061752789e-02 -9.6715733264e-02 9.2150530490e-02 2.3613505586e-01 1.5364693166e-01 2.3027480436e-01 -3.8504294594e-02 -1.3106000584e-01 2.7830389882e-01 1.6501734619e-02 1.2333935209e-01 -1.6564864587e-01 5.9343691703e-02 -1.9810052909e-01 -2.2989152615e-01 5.2400883662e-02 3.7550983551e-02 2.0607447657e-02 -9.4943792016e-02 -4.8184490981e-03 -4.5425521421e-02 3.3349852235e-02 1.6187742751e-01 -6.3917934637e-02 2.6800489636e-01 -1.3367832748e-01 2.1920930716e-03 1.6936109364e-02 -7.9041902016e-02 7.6127277897e-02 -3.0601027433e-01 2.5190744839e-01 5.0290815436e-02 7.2168576930e-02 -1.7333701432e-02 5.2055486234e-02 -6.8801002522e-02 -9.1053125083e-02 -1.6118279629e-01 1.2052504357e-01 1.2482995581e-02 -7.9763201663e-02 -8.9114855069e-02 -3.2397087785e-01 -1.9967706201e-02 9.5765146131e-02 -1.8193383371e-01 2.8599410116e-01 2.2487478971e-01 1.4524444122e-01 -4.8084258805e-02 3.0027561998e-01 -6.4269395186e-02 -2.3100819268e-01 1.3406661363e-01 -1.5163618523e-01 -2.8777016204e-01 2.4873676070e-01 2.5980215751e-01 1.1596427108e-01 4.1330445884e-02 -4.2995741448e-02 8.5531524280e-02 4.2055449215e-02 1.0882181900e-01 8.3561356568e-02 -3.3197145605e-01 5.9875152247e-02 1.3668802899e-01 9.4787794395e-02 -1.2147969499e-01 -5.0439373129e-02 2.9108039947e-02 -1.1992522642e-01 2.2015610423e-01 2.6105644931e-01 -2.9518279117e-01 -2.4785096516e-01 1.7861902171e-01 1.7589235213e-01 3.6129584743e-02 -3.6058374576e-02 1.0629132186e-01 -9.0957692482e-02 5.7523903002e-03 -1.6546548542e-01 2.5356671799e-01 -1.7756335985e-01 3.4485980232e-02 9.0641315998e-02 -1.3975211146e-02 7.6104005151e-02 1.8685535628e-02 -1.4076062028e-01 1.5021769964e-01 -1.3219872316e-01 1.5322751355e-01 -2.3097617257e-01 -6.5916396282e-02 -5.1142433544e-02 1.5477904605e-01 1.0078619673e-01 -1.0092393353e-01 6.0187040681e-02 -2.2414864266e-02 -1.2651157604e-01 6.2200307473e-03 -1.6950414151e-01 4.0144197316e-02 -1.3960650750e-02 4.6541606530e-02 -7.5828764246e-02 6.6119526772e-02 -2.6406488328e-02 -8.8256308928e-02 1.5980198194e-01 -4.1875256938e-02 1.5478379304e-01 8.8649201163e-02 -1.8496807020e-01 -1.4295028976e-01 -1.5957186031e-02 2.8621399833e-02 -1.9895815082e-01 -1.0066179188e-01 -1.4690005410e-01 -7.8512771481e-02 -1.9750662546e-01 2.2304420428e-01 2.0282226252e-01 -1.2222420143e-02 1.7572071309e-01 1.3840029360e-01 4.5220236245e-01 -2.5976210325e-01 9.9464084153e-02 1.2330338264e-04 9.5604523814e-02 9.5066490974e-02 -7.0468088767e-02 -1.5283412697e-01 -9.5081979872e-03 -2.2178234472e-01 -9.4455566779e-02 2.6443785150e-01 2.1608718761e-01 1.8384738898e-01 -1.5964561270e-02 1.2934939942e-01 -3.4988292989e-02 1.5964686880e-02 8.5375547436e-02 8.7460366058e-02 5.8744049204e-02
-4.9825313423e-02 -1.3066766037e-02 -6.5084321724e-02 -3.9113872556e-02 -7.4711565652e-03 5.3768556079e-02 -6.9841383170e-02 -1.8703850826e-02 5.9081969491e-02 3.1401512386e-02 -2.0211857898e-02 1.0854277313e-01 -1.4850958233e-02 1.1127886570e-02 -1.5244781414e-02 -6.5098283382e-02 -5.5328452898e-03 6.1224703103e-03 8.6229119426e-02 6.8066739625e-02 -1.9652010086e-02 5.9167352620e-02 3.7486062468e-02 3.7925754582e-03 -5.4026489596e-03 5.4450469312e-02 -2.3179322546e-02 -5.0880776597e-03 6.4391075427e-03 -3.4300227369e-03 1.0874202376e-01 -2.8649386261e-02 5.0127740197e-02 -3.2156299174e-03 -3.8554142506e-02 2.4849866660e-02 -2.9140873390e-02 -2.7950292651e-02 3.8337552162e-03 4.9360190951e-03 -3.8577517104e-02 5.3444613230e-02 9.3986342078e-02 -8.2447963267e-02 -5.0003151290e-02 2.1366591011e-02 3.1261370887e-02 9.0589761894e-03 -7.1117439569e-02 -2.7357725054e-02 1.2525419047e-03 7.9320262705e-03 5.1762406237e-02 3.1350167132e-02 3.9452550618e-02 9.9687814752e-02 3.0777628193e-02 3.6001613952e-02 -4.9029968833e-02 3.8551553066e-02 -1.5941158976e-02 1.3429819066e-02 -9.2666382535e-02 -9.8241218959e-03 9.9619914239e-02 -2.1926769820e-02 2.7997975104e-02 -2.4615233385e-02 1.0256581707e-02 -6.4558952013e-02 1.3729319117e-01 9.2158516801e-02 9.2664609699e-02 -7.8331495771e-02 -1.3689916404e-01 -2.0901024682e-02 6.0035990147e-02 -5.9148223486e-02 4.9943362711e-02 6.1030099012e-02 1.6622030547e-02 -1.1850480764e-01 1.3449065882e-02 2.3451306091e-02 -4.1364143625e-02 -1.0291645182e-01 -1.4637405941e-01 -7.6960542538e-02 5.3357544088e-02 -6.4822737593e-02 -3.7330206216e-02 5.4871411053e-02 1.7953046033e-02 -1.7665753070e-02 -2.7285325354e-02 -3.5601432267e-02 3.5584249865e-02 -1.2998701736e-02 -3.9616656743e-02 1.6768784376e-02 2.5926456035e-02 -1.7920202969e-02 1.3464308406e-02 4.8443724232e-02 2.1631937832e-03 -1.1413974275e-02 3.5437479011e-02 7.7071751680e-02 -6.8493827759e-02 -1.1785372915e-01 8.5027343524e-02 8.7439092866e-02 -2.0401860949e-02 -3.0520693761e-02 -5.8029093954e-02 -3.6524749470e-02 2.9862273158e-02 9.6810306624e-02 8.5506718936e-02 -2.2129808986e-02 3.6448287306e-03 3.7178804638e-03 4.5715900549e-02 -1.8921274211e-02 8.9831070141e-02 -6.2107435475e-02 -3.3320657136e-02 1.0371397969e-02 -9.7745368586e-02 -7.0368323253e-02 -4.3840453162e-02 8.4407036117e-03 -2.0439890713e-02 1.1792458420e-01 -1.0127712382e-01 1.3258323520e-02 -5.5219423692e-02 -4.7004459330e-02 3.0296682084e-03 -5.0925413877e-02 1.2325163031e-01 2.6992465022e-02 -1.5162168311e-02 8.7805352977e-02 -9.0609358950e-02 -8.7431978359e-02 -1.9806681175e-02 3.6956615692e-03 -5.7115697841e-02 7.4127301712e-02 1.0325493327e-01 -2.1958333007e-02 4.9955289777e-04 1.0368022808e-01 6.1758623029e-02 -8.5314580224e-02 -1.4868915591e-01 -4.2398879275e-02 -1.0399351935e-01 9.6222850375e-02 -2.2005994844e-02 3.0670242126e-02 1.1311751725e-01 -8.6945267631e-02
1.5897900598e-01 -8.9949287382e-02 -7.0557032713e-02 1.2025098967e-01 8.6043648339e-02 3.0689208066e-01 4.8746832759e-01 3.0807330912e-02 -6.3910931717e-03 -1.3123818950e-01 -5.2677198072e-02 -7.9709594657e-03 -2.0935836668e-01 -1.8194840578e-01 -7.5168848545e-02 -5.0867995092e-02 -3.4168896908e-02 -9.9659142562e-02 -1.3850616577e-01 2.6466029395e-01 3.4829590603e-01 -3.8707769977e-02 2.1343989468e-02 -1.8905522652e-01 5.9980321165e-03 1.8731465565e-02 -2.0763878670e-01 -5.4032275440e-02 3.7120125276e-02 8.5903789972e-02 1.3167669760e-01 -1.0120613671e-02 1.1502598594e-02 7.6462202143e-02 -2.4297069167e-02 -8.3042123810e-02 2.6458501781e-01 -3.7909331902e-02 -9.4550992150e-02 -2.0374289023e-01 2.7426585438e-02 1.2940593821e-01 -1.8937229111e-02 2.0454314171e-01 3.9620754810e-02 -8.7669462465e-02 1.2259693396e-01 -2.2954721247e-01 -3.1326378093e-02 1.6605970744e-01 -2.5631831580e-01 2.9478909564e-01 -3.3395248191e-01 1.7703384204e-01 2.1624623641e-02 -2.3334120221e-02 3.8852306269e-01 1.0022369602e-02 1.8171451442e-03 2.2724681591e-03 -7.8839862421e-02 1.9488773041e-01 7.2952389972e-02 -1.2798021853e-01 5.9175386036e-02 9.9454080245e-02 9.0538506776e-02 -5.3156546035e-02 -2.1597226541e-01 -6.2287270592e-02 -6.6178472558e-02 3.8506097865e-02 6.6306150706e-03 5.4289227028e-02 5.2667030562e-02 -2.0583998675e-01 -2.4396131085e-02 -6.6111789732e-03 -1.6324684653e-01 1.7433177642e-01 -1.8939420707e-01 -1.6589294169e-02 -1.4209424233e-02 1.2655597425e-01 -1.3195427148e-01 -2.1656153747e-01 -2.8900286810e-02 1.7320005850e-01 4.3471000311e-02 2.5452107407e-01 1.2927313773e-01 1.7235711844e-01 -2.4371739352e-01 4.0298340161e-02 8.1727505054e-02 2.6268535389e-02 6.3511590196e-02 1.0949241280e-01 -9.9933389002e-02 7.2563592273e-03 -1.3875341002e-01 1.8734002548e-01 4.4689691355e-02 -9.1158556472e-02 -1.2898104391e-01 1.6440120404e-01 1.5827196236e-01 -6.5306576810e-02 -2.7257181685e-01 -1.0858614222e-01 7.1588762788e-02 1.5752732341e-02 -1.0540214607e-01 7.8970675355e-02 -4.3341738478e-02 -1.4086984483e-01 9.8392872610e-02 -2.2075235987e-01 -7.6920166490e-02 9.0933202969e-02 2.6963450317e-01 4.3110375624e-01 8.4776868165e-02 7.1798976093e-02 5.3744744523e-02 1.9236121130e-01 -1.3476797199e-01 8.8930105196e-02 -3.0415825886e-01 -1.0621309005e-01 -1.2740716784e-01 -2.3430396387e-01 3.3738939409e-01 3.2132410633e-02 1.6763946029e-01 -5.0690784249e-01 -6.7842499061e-02 -2.2687663562e-01 -1.1920274695e-02 -3.5941001515e-02 1.1812245703e-01 1.8942241540e-01 2.2582056816e-03 1.5623056582e-01 -2.2814524991e-01 -2.3222796717e-02 4.6822398109e-02 -3.5244064101e-01 -1.0035637712e-01 4.3226269639e-02 -1.4239046840e-01 -4.0959921956e-02 -1.0641192143e-01 1.5602635229e-02 9.3472293502e-03 -2.4136832048e-01 -3.7932464407e-01 2.4304301485e-02 4.6300952616e-04 5.0589440997e-02 -1.5155899920e-01 -2.7726412078e-01 1.3894544773e-01 9.4851525032e-02
