-8.7190322034e-02 1.3447379531e-01 -2.8896331721e-01 3.1175131258e-01 6.1396896857e-01 -3.9620636762e-01 -1.6601984839e-01 -1.3774941944e-01 -2.1737255270e-01 5.4004058451e-01 3.2942137452e-01 -3.0289046780e-01 -6.1242757388e-01 1.6010792681e-01 3.0779733995e-01 -4.0155687256e-01 -1.0114261823e-01 -2.6555714869e-01 -4.9255730636e-01 -1.6377503962e-01 -7.4209207402e-02 -3.6821510131e-02 6.1232113704e-01 -3.8275376065e-02 -1.0665025986e-01 3.6628690430e-02 7.0230251192e-03 -2.4622274838e-02 2.4498047967e-01 -1.1312278886e-01 -1.8158706881e-01 3.5898926790e-01 1.0235498331e-01 8.0725128649e-02 3.0828327806e-02 2.4658331391e-02 -1.1838412137e-01 -6.2907224579e-02 3.7172176079e-01 -1.9785758093e-01 6.4496861344e-02 -7.5121071712e-02 2.2126249964e-01 -2.4955202893e-01 -3.9062083153e-01 -1.7169513488e-01 1.7925078735e-01 -2.8730832313e-01 1.9122597338e-01 -5.8106861331e-02 -4.5561699236e-01 -1.6711310040e-02 4.1106282813e-01 5.7199539927e-01 2.5890966820e-02 3.0136087759e-01 5.4691374364e-01 -2.3172289607e-01 3.8831965019e-01 2.3921223252e-01 -6.8095302504e-02 -2.8527517541e-01 -3.6259788125e-01 -1.8049015577e-01 -4.5348906782e-03 -1.3602392479e-01
2.6915363339e-01 -3.5357484388e-02 -1.8663439103e-01 -2.2255457897e-02 3.2379987283e-01 4.2493652557e-01 3.4504815902e-01 -1.6692592491e-01 -2.6404739313e-01 3.5533380156e-01 -2.7751993630e-01 3.4584813054e-02 1.8411780338e-01 -1.2517082252e-02 1.8983544411e-01 -2.8319685868e-01 2.8340010643e-01 1.6094034188e-01 -7.3850146958e-02 2.3749882773e-01 1.2897095570e-01 4.1597172592e-02 3.1108651381e-01 -6.2891825095e-03 2.5086654226e-01 1.2857358317e-01 -3.3159358238e-02 1.1677648418e-01 4.1218975719e-01 -1.5684566520e-02 -1.9970728965e-01 2.9485580431e-01 -2.4265082821e-01 -2.5077949403e-02 3.1601394615e-01 -4.2557887364e-02 2.9652263864e-01 2.7673259562e-02 -1.7474973203e-01 2.6216082131e-01 7.5727395018e-02 1.6854536087e-01 -5.9514432437e-02 6.9009358298e-02 1.9033128262e-01 -2.1859281258e-01 -3.7083959763e-01 5.3928249311e-01 8.5098811290e-02 1.7302126137e-01 3.3618395375e-01 1.8320959120e-01 6.5405230524e-01 6.4485806630e-02 7.3339229536e-02 2.4158240195e-01 -4.0583285151e-01 2.2632784738e-02 -4.2331296695e-02 -2.8286324555e-01 -6.7806633042e-03 4.4726062345e-02 -2.1816398946e-02 -2.9688952750e-01 -4.6045289566e-02 -4.4491787249e-02
-1.4909885431e-01 -6.0362725021e-01 3.6301898229e-02 -7.5447407690e-02 -1.3116961863e-01 -4.8189682184e-02 -6.2660944310e-02 1.1460840534e-01 -2.4090045590e-01 1.8072319414e-01 4.3057479314e-01 2.3544609734e-01 2.8603479316e-01 -2.9520631977e-01 2.1122821379e-01 2.7350441421e-02 -3.3134585432e-01 5.8866238943e-01 -3.6159867633e-01 5.1042827564e-02 6.9486007126e-01 3.1128829088e-01 -4.9415958581e-01 4.3924615261e-02 2.6826127827e-01 1.6629466499e-02 -3.0743053753e-02 -1.2787131078e-01 4.1141517358e-01 -6.1018915100e-02 9.0216177932e-02 -1.1212233145e-01 -8.0000876015e-03 3.5155629852e-01 1.8500075979e-01 -1.7440971913e-02 -7.8993759807e-01 -2.3478584058e-01 3.2088030510e-01 7.8766529494e-02 -1.5177753162e-01 1.9757212641e-01 1.9573408753e-01 6.0475591166e-01 -5.7958864583e-01 -2.6045833740e-01 6.6800694561e-01 1.9996159919e-01 -2.0887444647e-01 3.2008348701e-01 3.0947985894e-01 7.2063495273e-01 5.0288995004e-02 4.0820338737e-01 -5.0254974715e-01 7.3961586139e-02 8.2848889645e-02 2.5517916287e-01 -2.3582272991e-01 2.3144820905e-01 2.6498120954e-01 7.8199120028e-02 -1.5039357289e-01 1.8188090470e-01 4.4146102198e-03 4.6010819850e-01
-1.2406898772e-01 -2.0128890709e-01 -3.9182573060e-01 -5.6907487412e-02 -1.5163763678e-01 1.4368441671e-01 2.1299303428e-01 -2.3385337110e-01 -4.9827755163e-01 1.0773766530e-01 -3.5531994421e-02 -3.8672523218e-01 2.2091286799e-01 -4.3220221710e-03 3.7993973134e-01 1.7664983449e-01 1.2527794400e-01 5.4344330726e-02 2.7928622137e-01 1.8685635160e-01 -3.2289658117e-02 5.5207656836e-03 5.5297450696e-02 -9.5127366986e-02 1.7746239322e-01 -2.0018530651e-01 -1.7926179865e-02 4.1267795766e-01 2.4702464423e-01 -4.6328808888e-02 3.5612063951e-02 -1.0912051089e-01 -4.3634600688e-02 -9.5854170819e-03 2.3082849790e-01 -1.6789681367e-02 2.1130142048e-01 -2.6047031642e-01 9.8665492304e-02 9.9145604455e-02 3.4643147160e-02 -1.4960521014e-01 -1.4724499570e-02 3.2278182855e-01 -2.4681166198e-02 1.6747205130e-01 3.1476592651e-01 -1.5975685080e-01 3.6469449688e-01 3.2754473839e-01 8.3805724162e-02 2.0874094231e-01 -1.1572018831e-01 -2.2155794139e-01 2.0252402254e-02 -2.4896342032e-01 1.7149629794e-01 -5.5279409458e-02 3.1071924588e-01 3.7226864856e-01 1.9128209928e-01 -1.6641863074e-01 1.1297952767e-01 -2.4427713391e-02 -1.1728908006e-02 -1.2167877806e-01
-1.9940238665e-01 -2.7661923261e-01 -1.5624483321e-01 1.6453646743e-03 -3.4981649641e-01 1.0044685782e-01 -1.8576035141e-01 -3.8953357485e-02 8.2507449427e-04 -2.4686961920e-01 1.5130312582e-01 1.7159359977e-01 7.7723928752e-02 -3.1387654435e-01 6.0416908197e-01 -8.1999834517e-02 -1.7643602329e-02 -3.9249660135e-01 -1.5957830755e-01 1.9009507677e-02 1.8865708908e-01 5.5191978786e-02 1.1640329223e-01 -2.0378523567e-01 -2.0929103050e-01 -1.4663536048e-01 3.5624582662e-02 -3.9165937648e-02 7.2660300148e-02 -2.9992250739e-02 -3.4382354258e-01 -1.3032703732e-02 9.4081224756e-02 -2.0882149530e-01 -1.1668966753e-01 1.9614043843e-02 -1.1473043656e-01 -1.6520494767e-01 1.1404681366e-01 -6.6662939621e-02 -2.3046439759e-01 4.0594509484e-02 -7.6412355482e-02 -2.7504315306e-01 1.3596681297e-01 -2.0647411988e-01 -1.4028073508e-01 -4.6291841516e-02 8.0235497198e-02 -2.8864841278e-01 -1.8035421395e-01 1.2345548084e-01 -3.1287567792e-01 -7.2512644323e-02 6.7722321237e-02 2.3155437498e-01 -8.4519830190e-02 -2.1559067710e-01 -1.2162051911e-01 -2.0026884589e-01 6.7210676061e-02 -7.3966143391e-03 3.5580459271e-01 -1.4021824443e-01 -4.1026671032e-02 -1.0069781474e-01
-4.2143029900e-01 -2.9545775500e-01 1.0352291144e-01 8.2064290088e-02 1.8898589137e-01 2.4178150152e-01 -5.2503821424e-01 -7.8288949331e-02 -3.9816049066e-01 8.7602034055e-02 3.4928568996e-01 3.0100233533e-01 -4.7587845307e-01 -3.7600626089e-01 -1.9468090145e-01 3.5943658029e-01 -2.9514436869e-01 -9.2170107649e-01 -2.7376380056e-02 -2.3133553437e-01 -7.1668116251e-01 4.5201843137e-01 -4.3368064480e-01 -8.2096665376e-02 2.8924792236e-01 2.8431719560e-01 5.1222598324e-02 1.0222304176e-01 4.3650594442e-01 -1.4462796668e-01 -2.7645726310e-01 -3.3511298190e-02 1.2876942370e-01 7.0495675399e-02 1.1962539102e-01 -1.7140202288e-02 4.7992447838e-01 -9.6507287815e-04 -4.1619715302e-01 -3.4684769402e-01 -4.4606052528e-01 1.4825194320e-01 6.5191608739e-01 -5.1089655385e-02 2.1406499809e-01 -3.0255456505e-01 -4.4866281510e-01 -2.4915996583e-01 2.3303547169e-01 -3.0972023846e-01 -1.1645419118e-02 -2.0879245456e-01 -3.4276990986e-01 -7.3568989700e-01 1.3486765696e-01 -1.2018733046e-02 -1.8590798578e-01 -1.1130396400e-02 -9.7124054479e-02 5.0510455009e-02 -2.0112470696e-01 -1.2908360368e-01 -8.0890340763e-01 -3.0348382745e-01 -1.5378630155e-02 -2.4906088484e-02
3.7544026620e-01 -3.1268882345e-01 1.4433854524e-01 -1.7949065401e-01 7.1448437555e-01 -5.2141348977e-02 2.1129271755e-01 3.0271962539e-01 3.7180888140e-01 2.7003827360e-01 2.3939706405e-01 3.1660820536e-01 1.1355975234e-01 1.4658187394e-01 3.8696321692e-01 5.7544511724e-01 -3.9276587987e-01 -2.6323369600e-01 1.0419028570e-01 2.3944386374e-01 4.9899461780e-01 -3.9693985089e-01 -3.0706276079e-02 1.0606153517e-01 1.6845395359e-01 1.9212032517e-01 1.3096011464e-02 -1.1682560350e-01 2.5589815321e-01 2.9833765485e-01 1.4179030908e-02 -5.9625100183e-03 3.8917817587e-01 -5.7784139918e-02 1.1637231602e-01 -5.7965141827e-02 -1.1505584529e-01 -1.2401518587e-01 -6.8472034327e-01 1.4268918107e-01 1.5252667613e-01 -1.0853267840e-01 2.2469343590e-01 1.5381780667e-01 3.3058555956e-01 1.2234434860e-01 -2.7441448187e-02 3.3911702148e-01 3.5939442918e-01 -4.3681616965e-01 -1.3244500968e-01 -1.0494717524e-01 -1.7745038966e-01 1.8682680945e-01 -9.5344747364e-02 -2.7443748541e-01 -5.4175681836e-02 1.5423354652e-01 8.7452028983e-02 3.9695471541e-01 4.5875422313e-01 1.8997661876e-01 -3.2583537098e-01 -3.7919704483e-01 -4.1285968053e-02 2.6942421916e-01
-2.2149783938e-01 -1.8703930130e-01 5.4389368310e-02 7.2250675593e-02 -1.9416660530e-01 -2.4420306481e-02 3.1162598854e-02 8.5984988657e-02 -4.9821389999e-02 -4.1080080798e-01 9.8583010607e-02 2.7953771873e-02 -1.3170071499e-01 -1.7574623882e-01 -2.5095316758e-01 -5.7642670839e-01 -1.2200450196e-02 -2.0729771834e-01 1.2543184334e-01 2.8185867243e-01 -1.8433394854e-01 -3.0383769128e-01 -2.7964023398e-01 -2.8627916432e-01 1.4361163196e-01 -2.0265837364e-01 -9.5786711587e-03 -3.7417928629e-01 -1.4471566218e-02 -6.8314587026e-02 -7.6449482393e-02 3.4523049232e-01 -1.9242922421e-01 2.7332951806e-01 -9.6854341181e-02 2.7065205678e-02 3.4431671343e-02 -4.1191418465e-01 -2.6409408251e-01 3.1861481112e-01 1.0715820363e-01 -3.0886127218e-01 -1.3416978334e-01 -2.3964170419e-01 -2.0521474911e-01 4.7690202849e-01 3.6258842060e-01 -2.0118508535e-01 1.8493003249e-01 1.8228727801e-02 -1.5672548110e-01 -2.4051893101e-01 -2.7174854347e-01 1.9794962519e-01 -1.8074208156e-01 3.0054798433e-01 -5.5327779886e-01 -2.6577628976e-01 4.4955082729e-01 -1.5087274452e-01 -3.2590721746e-03 -6.1739488244e-02 5.2316867490e-02 -3.6595502551e-01 -2.3132334732e-02 2.2274608687e-01
-1.3470725319e-01 1.4748745129e-01 2.2162885712e-01 2.1284536894e-03 -4.9906868675e-02 -5.0812007879e-02 4.1907990593e-02 -3.2749566569e-01 -2.5948954327e-01 -4.4041658157e-01 1.8502258232e-02 -3.9715728991e-02 4.3437093505e-03 -1.1387913869e-01 -2.9477403249e-01 4.3735947051e-01 -3.7927848574e-01 -1.3470984198e-01 -5.3319009137e-02 4.6423138651e-01 1.1454960827e-01 -2.8990314691e-01 -3.3433793827e-02 7.3705565484e-02 -1.7951186679e-01 -1.6983641905e-01 2.4515674866e-02 -2.1924345785e-02 8.9002370272e-02 -2.8694781550e-01 -6.6365496940e-02 2.0369053338e-01 1.3040486823e-01 -2.3000079014e-01 -2.7001388422e-01 2.7559014556e-02 -2.4927922360e-01 2.0634643910e-01 2.3655800898e-02 5.3008136174e-02 -5.8581735045e-02 7.2892322509e-03 2.1642558785e-01 -2.8231231648e-01 -1.8358241528e-01 2.9314755993e-01 -2.9847397105e-01 3.1863549703e-04 -6.5322129449e-02 -4.3063799518e-01 -4.4551201259e-01 1.7099688563e-01 -5.6373534692e-03 -7.8589826408e-02 -2.6669830122e-01 -3.9601192335e-03 -1.2401146917e-01 3.6117187200e-01 -1.2503628335e-02 1.7544813489e-02 -2.5877041410e-01 -3.1967549186e-01 5.3190604233e-02 -1.0476260647e-01 1.2977795497e-02 -9.8357406425e-02
-2.7304188690e-01 1.5078289953e-01 5.4059312745e-02 1.6473017656e-01 9.8116835604e-02 1.4464853868e-01 2.5684803415e-01 8.7012979196e-02 2.7555735219e-01 -1.3501500362e-01 5.4133889019e-02 -3.5638046059e-02 -1.6427789427e-01 8.6051065857e-02 -1.3161434071e-01 1.0637919502e-02 1.9430169263e-01 1.5740219546e-01 1.4257914836e-01 -3.1404281247e-02 6.0421659038e-02 4.7442803869e-02 2.9586410725e-02 1.8540557283e-01 2.3717445176e-01 1.5169076240e-01 6.5935021519e-02 1.2730036012e-01 3.8472108987e-01 8.4992714025e-02 -5.9806531226e-02 2.4536071773e-01 -1.1268646405e-01 -5.2560079779e-02 -2.3179230601e-01 2.7585554390e-02 -1.4625071502e-02 -4.9757737130e-01 9.9887446733e-02 1.5067737862e-01 2.0468334864e-01 -1.4071685344e-02 1.2440365682e-01 -6.4480981255e-02 1.8278040695e-01 1.2981337011e-01 8.8847344434e-02 -1.0328162320e-01 6.3328750704e-02 1.9037321765e-01 1.2919593607e-01 8.0686865236e-02 -1.8972306549e-01 3.0578953217e-01 4.3292037231e-02 4.0379904741e-01 -2.2648086200e-01 1.8839580747e-02 9.5049802603e-02 1.1435251205e-01 -1.5350439162e-01 -7.7315785857e-02 -3.3124668067e-02 1.8059716031e-01 -4.8958307953e-02 3.8487790616e-01
-4.4958657041e-01 2.1317995092e-01 -1.8604940284e-01 -2.2919452871e-01 4.2624544268e-02 -4.7755252258e-02 -2.5951829133e-01 1.2403081112e-01 -2.1459947736e-01 -3.4919230072e-01 3.4501712972e-01 1.4668317568e-01 -3.0018096640e-01 -1.9217422231e-01 2.7320246912e-01 2.9499618060e-01 3.3924059447e-01 -3.4773045786e-01 -1.5060909203e-01 6.1616772690e-02 -9.3307256622e-02 -5.3542949443e-01 6.2239229991e-02 4.9524395326e-01 3.8720207609e-02 -1.6546070634e-01 7.4878394562e-03 -4.8636844107e-01 2.0972226786e-02 1.9447708724e-01 -6.9523250188e-02 -5.0577112398e-01 1.9036453590e-01 1.4320146546e-01 -3.3422401388e-01 -2.8264565817e-02 -3.7279809683e-01 -1.3019872106e-01 -2.6904896100e-01 3.3019223039e-01 1.6361138659e-01 -1.9584146368e-01 -1.5160307767e-02 -2.7810548112e-01 2.8235729236e-01 -2.5011356332e-01 2.4176333689e-01 -1.9133102317e-01 1.0251416505e-01 8.2505334844e-02 1.9374344868e-01 -3.3255743479e-01 3.3628890442e-01 -3.5895097223e-01 2.8195595655e-01 -4.7398802316e-01 -2.7393744687e-01 8.5727766286e-02 1.0949207744e-01 5.7934924256e-02 -1.1629822994e-01 1.4298915229e-01 -3.3704920917e-01 -1.0066536302e-01 1.9177293129e-02 -4.0388514260e-01
1.9604567664e-01 5.9987470111e-02 1.1873567874e-02 -2.2155644732e-02 -3.7938518854e-01 -3.8356545238e-01 1.6329886883e-01 -1.1542174050e-01 1.4245327261e-02 2.2079820766e-01 -4.5805918794e-01 1.3507441505e-01 -2.1658699736e-01 -3.7278974897e-01 1.3432487968e-01 8.9903166181e-02 -1.2661519403e-02 -3.1169145052e-03 5.7486769212e-02 -3.0179147737e-01 -6.8850542817e-02 -3.8177671539e-02 -9.8098909637e-02 2.0117634616e-01 -2.4905502900e-01 1.8547805593e-01 -1.2935780862e-02 -2.8327321711e-02 -1.5916858009e-01 -3.1805135577e-01 -7.3623524026e-02 6.0561650026e-02 -2.8813278455e-01 -2.8050798592e-01 -3.9554914236e-02 -1.0124573731e-02 -1.2418213188e-01 -1.7576040386e-01 -4.2613103405e-01 -4.8305099049e-02 6.7950718298e-02 -2.5260656877e-01 -1.5009301544e-02 -4.8432473685e-01 8.4358140746e-02 -1.2142939483e-02 -8.0591867057e-02 -3.4872018917e-02 -3.3546477210e-01 8.1277471045e-02 -2.9522810647e-02 8.8068392295e-02 -5.7433540302e-02 1.4214446201e-01 -1.2779306273e-02 2.5700787288e-03 -3.1125766856e-01 -3.3829479333e-02 -1.1652438880e-01 2.3856670386e-01 3.0515836397e-02 -2.8390141981e-02 -3.1590107870e-02 7.8587812491e-02 5.4013722018e-03 -3.7609492920e-01
-4.9345806242e-02 -1.5911945185e-01 1.2777039787e-01 -4.4152141011e-02 -3.0647426032e-02 -7.4973903835e-02 -9.8954036651e-02 1.7940996821e-01 4.5151033317e-01 3.1061569407e-01 -2.0492426176e-01 -2.0834064973e-01 -1.0583663742e-01 -2.2709586087e-02 2.3216834131e-01 -1.8099003518e-01 -3.8378110938e-03 -3.2606781670e-01 1.1228415460e-01 2.0360215157e-01 6.1618150686e-02 4.0003967621e-01 1.3384046059e-02 1.7115995240e-01 -5.7669731927e-02 1.3565485896e-01 -8.4520098372e-02 3.6964030852e-02 -6.6124524609e-03 -3.1136195377e-01 -9.3881925412e-02 3.3949473461e-02 -2.9773490555e-02 3.0127051958e-02 2.9684075344e-01 -3.0587151771e-03 2.9329350961e-01 -6.4586875338e-01 3.1169074240e-01 5.1544030742e-02 1.1657588153e-01 9.2422067798e-02 -2.9040554510e-01 -3.2214750129e-01 3.7163507521e-02 4.0388929843e-01 2.5395052653e-01 3.0916438883e-01 2.2848845685e-01 3.6668548915e-01 7.7168778752e-03 3.8799816260e-01 -2.2873642789e-01 1.4413547547e-01 4.1450353853e-01 -5.9564285900e-03 -5.6070489488e-02 -2.0535221529e-01 4.9045156233e-01 -1.5102571500e-01 4.9321495302e-01 4.6116091777e-01 -7.2058819817e-02 -3.7006449086e-01 -2.0401290649e-02 4.1959865187e-01
3.1214674235e-01 -3.0341008079e-01 -6.3838274965e-02 2.4733742596e-01 6.4238998751e-02 -2.2754078491e-01 2.4135835149e-01 -1.8348118594e-01 2.2169726786e-01 -2.5997563585e-01 -2.1532039736e-01 2.6754171603e-01 -2.5686881198e-01 2.3019259845e-01 -1.1127951146e-01 2.8284086031e-01 4.6550963283e-01 4.6295768575e-01 -5.5812670224e-01 -4.6430913044e-01 -1.4264954193e-01 -2.8783948262e-01 -4.2466921829e-01 -4.9059087108e-01 5.2116222295e-01 2.1413309194e-01 7.6887606918e-02 3.6698845527e-01 -3.7930967577e-01 -1.2237836596e-01 -4.8357296579e-01 2.9838660727e-02 6.8652066060e-01 1.0732441331e-01 3.3836043538e-01 1.2295313186e-02 -1.6914256331e-01 2.5921877307e-01 2.2285874180e-01 3.0826601853e-01 -4.6546135739e-01 6.1050547620e-01 -3.4913750534e-01 -1.0914151390e+00 -1.8251355983e-01 -2.5607325935e-01 -5.3269225970e-02 -3.5583926805e-01 6.9305540763e-01 3.0307120014e-01 -5.0364593355e-02 -1.7045090653e-01 5.1770025527e-01 -9.5017816032e-02 -5.9530173860e-02 5.7633257705e-02 2.3126372929e-01 1.6190283869e-02 5.7559091988e-01 -3.0593138726e-01 6.5525305385e-01 -5.5110130013e-01 9.7672652928e-02 1.8595671533e-01 1.7332454770e-02 2.8399804614e-01
2.9630442793e-01 3.4781099756e-01 -5.0491088441e-01 -1.1750532338e-02 -1.6280063160e-01 3.0635633570e-01 -6.2985228442e-02 2.4380424148e-02 1.4625611864e-01 -1.8919685050e-01 6.5017205446e-01 7.5366036275e-02 -2.4736378962e-01 -1.7244656301e-01 1.6670476674e-01 -4.9146500490e-01 -3.1419665540e-01 -2.5438167493e-01 2.8686585378e-02 -5.5072036468e-02 -1.7698401287e-01 -7.6361139653e-01 2.5769391068e-01 -2.3767245719e-01 -3.5911598953e-01 -2.1545803345e-01 -5.1402054654e-02 -1.7838209159e-01 -1.7669739604e-01 -3.9940237928e-01 5.9625503474e-02 2.5418140045e-01 -7.4370492936e-01 1.3133673499e-01 2.3560687458e-01 2.6314879344e-02 -1.7214337476e-01 -2.2294782669e-01 -6.7267635226e-02 1.3347524841e-01 -1.0495289804e+00 2.4528566405e-01 3.3827834756e-01 5.6049404187e-02 -2.1115279828e-01 1.9785458933e-01 -1.4385596451e-03 -3.6074619790e-01 7.0255169606e-01 3.6869262093e-01 -4.7655020223e-02 6.5998401577e-01 -4.4474402005e-01 3.3333850725e-01 -2.1797156838e-01 -1.7142290982e-01 -3.3169578860e-01 -1.4776744283e-01 -6.1438077066e-01 4.3314967553e-01 1.2150344100e-04 2.1190006514e-01 3.3415515779e-01 5.1092131185e-01 2.9300997353e-02 -2.2068966252e-02
3.5416118980e-01 1.5130253958e-01 4.7756414085e-01 -9.5701246096e-03 -3.5572709898e-01 9.4634033892e-02 -1.1722226812e-01 3.1734153468e-02 1.3322678494e-01 -7.7851730564e-02 -4.0294461630e-03 2.6204000073e-01 -9.4219715169e-02 1.3804857718e-01 -1.4066807467e-02 -2.0956812865e-01 6.8469778720e-02 -1.6108330002e-01 1.3236152896e-01 -4.4586730916e-02 2.4853987623e-01 1.1417941127e-01 -1.4710432062e-01 -2.4048959547e-02 4.4737300925e-02 -4.4128843856e-02 -3.2245856223e-04 2.6731439467e-01 -5.0597324535e-02 7.8473334835e-01 4.0266037550e-01 1.2051067937e-01 3.9999205052e-01 -1.3948269750e-01 1.4500851450e-01 -1.8351128571e-02 -3.0620747739e-01 -3.1507310274e-01 3.0426387619e-01 1.8555980862e-01 -2.4688202481e-01 1.8987654640e-01 -6.2231586363e-01 5.2222998298e-01 2.9664855326e-01 -3.8814740381e-02 2.5603501614e-03 -1.8447141221e-01 -2.5420999779e-01 -8.0885251426e-02 4.2362686338e-01 -1.9350573869e-01 1.4041673557e-01 3.1003798822e-01 -4.7973772474e-01 3.2185922918e-01 3.4931915006e-02 1.4706947178e-01 1.1903138078e-01 8.6075895113e-02 1.8066558687e-02 1.6477464114e-01 -2.1596070551e-01 4.5660918781e-01 -4.7090249590e-02 2.0412614087e-01
3.9659338700e-02 3.7388110664e-01 -2.9216336210e-01 1.0548911182e-01 4.6913518395e-02 1.0855155407e-01 1.3389018694e-01 -1.0821086960e-01 -6.6372709734e-02 -1.2125442474e-02 -1.2922346693e-01 1.4121509898e-01 1.9401913148e-01 1.9990724466e-01 -9.4930420859e-03 2.4353272759e-01 1.0330889573e-01 -2.4437080685e-02 2.1745719878e-01 5.5485780828e-02 3.0212944587e-01 1.3282741552e-01 1.8808003620e-01 8.3758868786e-02 1.5228929715e-01 1.7503118347e-01 4.6669259451e-02 2.8898633514e-01 1.3694203283e-01 7.9730223817e-02 -1.3885455992e-01 1.6088188770e-01 -1.4041242367e-01 -2.4708115864e-01 7.0616148376e-02 -7.4748869180e-03 1.3900896547e-01 -7.7047789333e-02 2.0454857619e-02 -1.5439348538e-02 5.4599196420e-03 -1.4140197875e-01 -4.7949885623e-03 2.3791708585e-01 4.6870618536e-02 7.7538201165e-02 1.7841000233e-01 9.9551702022e-02 2.7061066839e-01 -1.0505562349e-01 -1.2420429195e-02 -1.2219502704e-01 3.6327453928e-02 1.6443408596e-01 -1.3740782315e-01 -1.9382053083e-01 -2.1076609261e-02 2.1539211853e-01 3.3835300021e-01 -1.7130663306e-02 2.7769802682e-03 -1.4038967964e-01 1.2290106397e-01 2.7274257374e-01 4.8613697556e-02 1.5556556015e-01
4.7482567222e-02 4.1678202431e-01 2.5746213838e-01 2.6199757144e-01 4.0093755833e-02 -4.1190412464e-01 -8.3504477200e-02 2.6767412241e-01 -1.5749747956e-01 -2.6108377214e-02 3.0488940997e-02 2.7928520423e-01 2.5489715990e-02 -2.9688923954e-01 -2.1275466046e-01 1.3445738635e-01 -6.9851467812e-02 3.3133463726e-01 -1.2333313207e-01 2.2201213606e-01 3.1066194802e-01 -1.0485010622e+00 1.0272954657e-01 3.1545463753e-02 2.1661912767e-01 -2.2643378164e-01 -2.1677038719e-02 5.0646729705e-01 1.8860651567e-01 4.1597054396e-01 1.8685179555e-01 3.0354073914e-01 -3.9224055530e-01 -4.1463286422e-01 -2.3535836801e-01 -2.2979926127e-03 2.2918224497e-01 -3.6368127615e-02 3.1945664234e-01 -5.5040388121e-01 -5.4800258241e-01 -1.6996799766e-01 -2.1413748115e-01 1.0895408597e-01 -2.1075267976e-01 1.3351924075e-01 -1.6970234404e-01 -3.7528831577e-01 -6.3137537562e-01 3.2005196940e-01 -5.6381479977e-02 -2.1474199280e-01 -9.7612129953e-02 -5.4365331621e-01 2.4223711792e-01 -1.6286583949e-01 -7.8866055556e-02 -4.8865851466e-01 -4.5142199002e-01 1.6152532737e-01 3.3253189426e-01 -3.6168286280e-02 -1.1871388484e-01 -1.0839038165e+00 6.4112240029e-02 4.1943323197e-01
-1.1485479126e-01 -2.6665165776e-02 -4.4368547433e-02 4.2897682738e-01 4.8031152783e-02 -1.3328719895e-02 2.0988274488e-01 -6.6977906392e-03 2.4658334057e-01 9.9466676574e-02 -2.2938251183e-01 2.0356498931e-01 -8.8258128839e-02 -2.0061742845e-01 1.2316307930e-01 2.1266561094e-01 9.0836402035e-02 4.9280591959e-03 -2.7384478871e-01 1.3006144047e-01 2.3247874220e-01 -5.6160246979e-02 2.7526735922e-01 4.5285667151e-02 -2.3750080477e-02 1.8799632636e-01 -2.9433953286e-02 4.4175621056e-01 -1.9215614612e-01 1.3849508960e-01 5.0384853392e-01 6.0189085023e-03 2.4947685265e-01 3.2972676939e-01 -2.3346356963e-01 3.6833458568e-03 2.3005656159e-03 -2.1362107378e-01 -4.9687279470e-02 5.2091645847e-04 -2.8280948691e-01 -1.1466753358e-02 -5.2251225744e-02 -2.3626727693e-01 1.0920434422e-01 1.4708704297e-01 -2.6438064362e-01 1.0420925315e-01 3.2099015929e-01 -3.5768366906e-01 -1.1975574235e-02 1.3449155596e-01 -3.4109699490e-01 5.3439979295e-01 5.1095538130e-01 -1.9882952293e-01 2.3312242760e-01 -2.4383653113e-01 2.1535741214e-01 2.9205174581e-01 7.3166360435e-02 1.6648223216e-01 -1.9594787370e-01 3.0428925595e-01 5.6001323552e-02 4.9180936857e-01
-2.3969870717e-01 -2.2297359713e-01 2.9392772997e-01 -2.1199343350e-01 -3.6885962670e-01 -1.0591190098e-01 -4.1980129228e-01 -7.4890971636e-01 4.8200921358e-02 -1.6891089894e-01 -1.9906527474e-01 2.2494733614e-01 -5.5798301501e-01 -2.8702211313e-01 -5.9929491385e-01 -1.7048129273e-01 -3.6560155255e-01 -4.2482890408e-01 -2.4052885267e-01 2.8134357821e-01 4.4760075095e-02 8.5491129842e-02 2.5145856484e-01 -3.4813733258e-01 -5.3712445892e-01 3.1356792944e-01 -9.5028389831e-03 1.1220645264e-02 -1.9912417188e-01 1.5367533771e-01 1.5321361376e-01 2.2540626542e-01 9.1285451604e-02 -1.6817876113e-01 -3.3041801731e-01 2.3751090717e-02 -1.0850530236e-01 1.0175996282e-01 -2.7205609541e-01 -1.4935643859e-01 -5.1620082844e-02 1.8479367507e-01 1.8614200150e-02 3.4052798248e-01 -5.3087763887e-01 -1.1354088086e-01 9.3200818274e-02 1.0143782548e-01 5.3820391932e-01 1.9652589898e-01 1.0321402611e-01 -2.1136708867e-01 -1.9846929921e-01 -3.3734182265e-01 -1.4991850789e-01 -3.5429388027e-01 3.5887701491e-01 1.7858539377e-01 5.2502203913e-01 1.2063337897e-01 4.3597056083e-01 -7.4464517312e-02 1.4386992721e-01 -3.4297773636e-01 -1.6705710526e-02 3.9307518048e-01
-4.4296591501e-01 -2.0203251099e-01 -2.0293135461e-02 1.7755597335e-01 -1.9704965925e-01 -5.1292932547e-02 4.9935732353e-02 1.2355170267e-02 -9.9610076076e-02 4.6806664478e-01 2.7282622638e-01 -5.9439081252e-03 2.2493994778e-01 -5.0525127561e-01 -1.8051314483e-01 5.2542103474e-02 -8.1373146301e-02 -2.3158642040e-02 7.7179739051e-02 -4.5591687242e-01 -4.8978391333e-01 -2.6467854646e-01 1.6844458853e-01 -1.5905902453e-01 -4.8630512813e-01 -6.4529363200e-01 -1.2067597668e-02 -2.7646426400e-01 -7.3611007763e-01 1.6732258901e-01 4.9743998381e-03 -5.5300016957e-03 -3.8994894729e-02 -2.1423676061e-01 8.5876532195e-02 6.8239645087e-02 1.3276548582e-01 -1.2914984614e-01 4.4084049781e-01 -6.2622335365e-01 -6.1497285655e-02 -2.8751659975e-01 -2.1558195089e-01 4.4565467457e-01 1.3475645296e-02 -1.6755294299e-02 2.0758440249e-01 1.8628945838e-01 3.5849261575e-01 3.1036104264e-01 5.4613248601e-01 -7.0341839558e-02 -1.5963090139e-02 8.6377135528e-02 4.3770524559e-01 -3.3037300175e-01 -3.3534955497e-01 2.2413472440e-01 3.8063854425e-02 -3.1622690718e-01 -1.1956010620e-01 -3.5221391583e-01 -2.8985644689e-02 6.1843108923e-04 -8.7578231542e-05 -8.7657585547e-02
-1.9105138650e-01 -2.4775193771e-01 4.9636487858e-02 -1.7455215987e-01 -2.3235821214e-02 -2.4583033562e-01 3.4388268582e-01 2.1433560374e-01 1.6663261424e-01 4.8320950383e-02 -7.4450466576e-02 -7.2885354213e-02 2.7465598175e-01 5.7407301553e-02 3.3859584139e-01 2.8533478509e-01 3.3028013245e-01 -6.6747660311e-02 3.8243163336e-01 -5.6191277037e-01 8.5347041572e-02 -7.4793673925e-02 3.4021133949e-01 1.3630146753e-01 1.3901587733e-01 1.7773304466e-01 4.5209721691e-02 -1.1731099644e-01 -4.1996133086e-02 2.9890039124e-01 5.5480331247e-02 2.2697910123e-01 -1.1377942052e-01 5.3201013395e-01 2.4992604546e-01 -2.2265189052e-03 3.3899981783e-01 2.3414812106e-01 -2.0035298950e-01 -2.0786555215e-01 5.7093122380e-02 5.0958588414e-02 3.6395100230e-01 3.0557493979e-01 -4.4423930835e-01 -3.6344660782e-01 -1.5147272718e-01 -3.3557256323e-01 4.2057762077e-01 -1.7874353266e-01 4.5356967920e-01 2.6797906416e-01 7.7497928957e-01 -2.7013529887e-01 -1.7842726358e-01 -2.0454530533e-02 -2.4416558217e-01 -3.8634236080e-01 3.0111083124e-01 9.4720054694e-02 2.8941941898e-02 2.4913413017e-01 3.3588373111e-01 5.9403123467e-01 2.3181823399e-03 3.6159412774e-01
-1.9710912829e-01 -2.6857863969e-01 -2.3646847112e-01 -2.2374022146e-01 -2.7758375111e-01 -2.6258576945e-01 -1.1983296725e-01 -1.7453338361e-01 -7.8685041852e-04 -4.4001421304e-02 -1.3854745761e-01 4.5477958709e-02 -7.5157541108e-02 -6.2359606823e-02 -9.3908065071e-02 3.8557506975e-02 -9.8628053862e-02 -1.5843920947e-02 -1.2307110465e-01 -1.3110592766e-01 -2.1904959978e-01 -9.1121104708e-02 -5.5231812043e-02 -1.4223205101e-01 -1.1649402102e-01 -1.3967350562e-01 8.7556910558e-02 -8.6837651704e-02 -2.3445457130e-01 -2.3824920256e-01 3.8676329724e-02 1.4654436040e-02 -7.8738257362e-02 -1.2707636596e-01 -2.5461006057e-01 3.5032529171e-02 -1.1960992496e-01 -5.4467184697e-02 -5.2692991526e-02 5.1267418030e-03 -2.2037888663e-01 -2.4878249247e-01 -1.8337602733e-01 -1.7344039117e-01 -1.1400791886e-01 -5.7064220081e-02 -1.6321861021e-01 -2.1626783699e-01 1.8099369360e-02 -2.2903074916e-01 -1.5965861475e-01 2.6850121772e-02 -1.0706331923e-01 -6.5279816166e-02 -9.0026638270e-02 -2.1145183749e-01 -1.6584168827e-01 -2.2966119606e-01 -1.6815090871e-01 -1.0051711165e-01 -3.4787774164e-01 -1.6979937644e-01 -3.0835432375e-01 -1.8079205005e-01 -2.0703672698e-02 1.4873923046e-03
7.8636619604e-02 -1.3278500272e-01 2.2165372132e-01 -2.3151486896e-01 1.2174233592e-01 -1.4504374653e-01 5.8017367032e-02 1.6688570244e-01 2.6393713029e-01 -5.0566274490e-02 1.0698478067e-01 2.6729973720e-01 1.9492900769e-01 5.9883358465e-01 7.4490310714e-02 -8.6587795083e-02 -1.1572889770e-01 7.9076481757e-02 1.3266602600e-01 7.5837646161e-01 -4.4173788527e-01 -1.7241896727e-01 2.8332952043e-01 -1.2644999428e-01 -1.5099675825e-01 -2.4004865955e-01 5.2824775647e-02 -2.1657576804e-02 -5.6340243529e-02 -2.3471172691e-02 2.1001320998e-01 5.6395969152e-03 -5.4971875134e-02 9.8461162448e-02 1.0752608179e-01 -5.5065081502e-02 2.8670830996e-01 -3.3908653391e-01 -3.5204853041e-01 -1.0507971057e-01 4.6597272799e-02 -1.3531642027e-01 5.1994227694e-01 -1.3743563395e-01 5.2116800264e-03 1.2621888410e-02 -2.1525263304e-01 -4.8692701931e-01 -2.7377073449e-01 -3.6918312537e-01 5.2422716634e-01 -3.4368076904e-01 -5.0170049781e-01 1.3562412939e-02 -4.6401332728e-01 -7.6013573602e-01 -9.2987993707e-02 1.4582996365e-01 -4.0946170336e-01 -1.4903249364e-01 3.0687531145e-01 -2.6332875913e-01 3.7660740307e-01 1.2467812286e-01 -2.7489026637e-02 9.0907515998e-02
8.3010886592e-02 1.3410600800e-01 -4.7733526085e-01 -1.9250300502e-01 1.1722814143e-01 2.1392318538e-01 -1.4454994944e-02 1.1200771069e-01 -2.3596740330e-01 1.9501753107e-01 -2.8224241873e-01 -2.4548255736e-01 -1.8060420943e-01 2.9001828705e-03 1.5542522359e-01 -1.3599665122e-01 -2.0393102006e-01 -1.3006285759e-01 -1.6689467240e-01 -2.4987228651e-02 -2.0466165886e-01 -2.9257555424e-01 4.2069169661e-02 -1.9473442328e-01 -6.2256372728e-02 2.3799965029e-01 1.2035427585e-02 -5.2084485961e-02 -1.4166307733e-01 8.1272096313e-02 7.2829461953e-02 2.1403348512e-01 5.9826234089e-02 -5.2945432733e-02 1.7915073482e-02 3.0452426850e-02 -1.8994399976e-01 -1.2154520959e-01 -1.2684236475e-01 -4.7648889921e-01 -4.6355954304e-02 -1.3931757384e-01 -2.7928023683e-01 1.6957782514e-01 -4.0252399171e-01 1.9325803669e-01 -2.9101045526e-01 2.9257461993e-01 -2.8607474747e-01 -3.4094739606e-02 1.6373646305e-01 -3.3618919752e-02 4.0509574185e-02 -9.4019759756e-02 -2.9161562124e-01 4.3402346500e-01 -2.8960214554e-01 6.1809119713e-02 -2.7937283386e-01 -7.7573801825e-02 2.7850180538e-02 -7.8114718102e-02 1.0390739139e-01 -3.6401330661e-01 2.6306595161e-02 3.7830867750e-02
2.5781954155e-01 -7.3921366616e-01 -9.1771691080e-02 2.0209884694e-01 -7.7431117155e-02 2.5649557219e-01 2.4911513805e-02 4.2833197516e-01 -3.3883672480e-01 2.3148736183e-01 6.3796095417e-01 -3.0149154335e-01 3.3572104486e-02 1.2791637727e-01 -1.4924366344e-01 -9.4029598289e-02 -4.9422248559e-02 2.9185321649e-01 2.7437782590e-01 5.7555519026e-01 -1.9685039005e-01 2.1113317487e-01 -2.7096470360e-02 -1.4809766014e-01 -2.3596271074e-01 -2.3055180234e-01 -2.9001612247e-02 4.7099258432e-01 -5.8862297613e-02 2.6721265215e-01 3.4596530163e-01 -3.9201640404e-02 5.9852080587e-01 -4.8937454076e-03 -2.6604851541e-01 2.9922243973e-02 4.1926316648e-01 4.2405593914e-01 3.2039247397e-01 -1.8634182094e-01 -6.8119026412e-02 -5.9348695622e-01 6.8452450059e-02 -1.3611116973e-01 -3.3921546476e-01 4.9253915305e-02 -1.6698505145e-01 2.3958401094e-01 3.2878356261e-01 -2.8656140354e-01 -7.8971097354e-02 -1.7101361746e-02 -4.6168395083e-01 1.3553541490e-01 4.5485183594e-01 1.6143795551e-01 -9.5236372112e-01 6.3277385244e-02 8.4553768469e-01 -3.7507473916e-01 3.6039874327e-01 -6.1132809823e-01 -2.0295349273e-02 -2.1999967317e-01 4.3697508484e-02 -5.9434745464e-02
2.5467206883e-02 3.7961749514e-01 -4.8176826367e-02 -9.1853252742e-02 -1.8483826005e-02 1.8718309124e-01 2.1271936441e-01 2.1263983134e-01 2.2936006077e-01 -4.1771284911e-02 2.2299276878e-01 -1.5588280261e-01 2.4542148535e-01 2.0778226392e-01 2.4778194163e-01 -1.3382822680e-01 2.3267073566e-01 5.1365366478e-02 -1.6280274095e-02 8.6774636703e-02 8.4330443741e-02 2.0552266087e-02 -9.4806449366e-02 -5.7058678800e-02 -1.3831717076e-01 -1.1778716483e-02 7.0214117531e-02 1.4993785419e-01 -8.3265429494e-02 -2.1684964184e-01 4.7438842020e-02 -6.4981182400e-02 1.7371968671e-01 -1.4245856975e-01 1.0046537485e-02 2.5200945915e-03 7.9976364618e-02 2.1090819959e-01 1.9279849989e-01 1.5642025731e-01 1.5735382749e-01 1.8079427489e-01 -4.7417664310e-02 2.8735370597e-02 8.4496063004e-03 -1.9568134540e-02 2.7956019607e-01 2.5201033250e-01 2.1298635884e-01 1.4902941776e-01 1.3603432623e-01 1.4185191966e-01 -1.9056591541e-01 1.9922600199e-01 4.7085249663e-02 6.7936814776e-02 -5.9027916067e-02 -1.5556871737e-01 1.4093873387e-01 3.1189626627e-01 2.1897052908e-01 2.2241081357e-01 2.8302703757e-01 3.7122464035e-01 -2.9948829098e-02 1.8580741955e-01
-1.7006697166e-01 -5.3571093967e-02 6.2962207209e-02 -6.8415166125e-01 -3.9135194740e-01 -4.3877986667e-01 3.6872374487e-01 6.5096887925e-01 -1.2128203332e+00 -1.0870619744e-01 1.5252091712e-01 -3.3515656212e-01 2.2516964084e-01 3.0881749975e-01 -5.6220858455e-01 8.3978267664e-02 -5.2207170295e-01 -4.2187860781e-01 2.7615950068e-01 -2.3564085847e-01 -1.9046080450e-01 2.7054158701e-01 9.1880181792e-01 -2.1558690072e-01 -9.7684375598e-02 1.4740045712e-01 -4.1042497060e-02 2.6747003288e-02 -3.4949738071e-01 9.6936439318e-02 3.1575427459e-01 6.2601728105e-02 2.0116303654e-01 -2.5024212973e-01 -1.3593911200e-01 -1.8907573832e-03 -1.9202175416e-02 -5.5340615165e-01 9.7432883141e-02 -6.9098212480e-02 -4.8405489181e-03 -4.8917433108e-01 1.2778051661e-01 -1.3364783569e-01 1.0093803997e-01 4.5349146904e-01 -6.3388074412e-02 3.4744309225e-02 -3.4194171094e-01 1.3417754225e-01 2.0007951669e-01 3.2894869972e-01 2.8115105459e-01 -2.6087357615e-01 3.8787797938e-02 7.2295793627e-01 6.2894089839e-01 1.6871771082e-01 6.7491939778e-02 6.9578517670e-02 5.1972037076e-01 2.2120777314e-01 -2.2291044491e-01 4.9352070298e-01 -5.7188842369e-03 2.1630072359e-01
1.9103377683e-01 5.0640276068e-01 3.0797669139e-01 1.0559571993e-03 1.6277396776e-01 1.6068118956e-01 -1.3425323132e-01 3.6318266647e-01 7.3986333082e-02 4.5241384185e-03 2.0290590530e-01 8.7786244744e-02 -1.2314594277e-01 3.4883410642e-01 2.3900275506e-01 -7.8550611598e-02 -1.3722334185e-02 -5.1619506048e-02 3.0581786049e-01 7.3879883440e-02 -6.4415460025e-02 2.3936723520e-01 2.6606627733e-01 -8.4359216887e-02 5.7696743542e-02 -1.4704035530e-01 -4.6926178023e-02 7.0755587553e-02 1.9369585196e-01 -5.0153412073e-02 2.3954426844e-01 2.0739128606e-01 -1.1166712211e-01 1.8711528793e-01 2.6644432656e-02 -1.3808889008e-02 -3.6931505411e-02 -8.2210641054e-02 -7.1089353297e-02 3.0438021383e-01 1.1352850507e-01 6.6451273582e-02 1.4880548011e-02 -2.9354411919e-03 1.9554875962e-01 -6.5754892773e-02 3.6203475911e-01 6.4740899467e-02 -1.1716399336e-02 1.3857669801e-01 3.8441462763e-01 -4.0590831345e-02 4.2437493262e-01 2.6678536764e-02 -1.9587962860e-01 -5.3640017809e-02 1.0645833171e-02 1.7975487124e-01 1.8880488691e-01 3.0089959261e-01 1.6662312060e-01 -5.3513585460e-01 1.6366574031e-02 2.7952973082e-01 5.7056732920e-02 -1.2206303542e-01
1.0124564060e-01 1.7407169294e-01 1.6230391651e-01 -4.7104246648e-01 -3.1458972154e-01 -7.5477112962e-02 -2.1320446507e-01 4.5309507565e-01 3.5614313639e-01 -1.8379808249e-01 4.0820641994e-01 3.7171660106e-01 4.6018587975e-01 1.9858847838e-01 -2.4888246141e-02 7.5473406495e-03 5.2659944399e-01 -8.5775186881e-02 1.1615819816e-01 -5.2326291624e-01 -7.8794175568e-02 -3.8650281767e-01 -2.8837278793e-01 1.3172396322e-01 1.2617490243e-01 -2.7663296520e-01 -9.2718171899e-03 2.0625939126e-02 3.4959341763e-01 -4.0189762127e-01 -1.7710835129e-01 9.4552918267e-01 7.5315242585e-02 3.3330100058e-02 -1.1390132612e-02 1.7650954696e-02 -1.3709777388e-01 2.1146119107e-02 -3.9597786073e-01 -4.1242891951e-04 -9.8851463062e-02 -3.5385409881e-01 -4.3668854456e-01 -6.2974587079e-01 -2.7274044313e-01 -2.1423669922e-02 1.4214663128e-02 8.5402159520e-01 -5.7999299903e-01 4.4686193510e-02 4.1747962864e-01 1.6347013328e-01 4.9912457169e-01 2.1955924435e-01 5.3559516649e-01 -9.8695328419e-02 -9.0363524431e-02 8.6860634287e-01 -2.5386307271e-02 5.3693381654e-01 5.8519310390e-02 -4.9536649239e-02 -2.5296156030e-01 -1.8918648097e-01 3.7339658244e-02 -4.0062627465e-01
1.4520621083e-01 -1.7241021805e-01 -9.7031054572e-02 -5.0992272712e-02 2.8260684452e-01 -5.0783241651e-01 2.0255366760e-01 -2.0213439072e-01 8.8396624705e-02 -6.5535870125e-03 -2.1993757244e-02 3.4935406009e-01 1.5265723833e-01 -3.5871218075e-01 1.0041196659e-01 -5.0831850082e-01 -4.1956336632e-01 -1.8255404581e-01 2.4607286044e-01 3.6032070110e-01 -1.1896945988e-02 6.8149774569e-02 8.1789006991e-02 7.8143747314e-02 -1.0860705348e-01 -2.0487876176e-01 -1.2631249671e-02 7.4737972925e-02 2.4061133847e-01 -3.9335714308e-01 1.3649573619e-01 3.1434306629e-01 6.4158741087e-02 -5.7157776878e-02 2.7133309178e-01 2.2609839147e-02 -2.1619351289e-01 3.4328613604e-01 -3.3844330784e-01 4.7395251388e-01 -2.1640580087e-01 -2.7598783512e-01 -1.8251759184e-02 3.0223581482e-02 -3.0036853202e-01 -7.2678100798e-02 2.6262108166e-01 6.4920640678e-01 2.4207326854e-01 2.2730219581e-01 4.6152769201e-01 -1.9017435042e-01 3.0037375776e-01 -1.1920307027e-01 2.4569700986e-01 -3.1767723998e-02 5.0865292638e-01 1.2861334839e-01 2.7589838052e-02 -2.5300135438e-01 3.9090653543e-01 3.3119689259e-01 3.5455167024e-01 2.7783859066e-01 1.2188921831e-02 -3.1739443043e-02
2.0722877442e-01 -2.0249922485e-01 9.1247046439e-02 -1.4491327106e-01 -1.5254110838e-01 2.9523632780e-02 -1.6557549210e-01 3.2936758278e-02 -1.5163750336e-03 -4.7479654491e-01 1.1245339416e-03 -1.8294125436e-02 -3.6410904590e-01 -2.1405137015e-01 -2.3041155502e-01 -2.3375642341e-01 -1.3697557452e-01 -3.5452762379e-01 3.4768945179e-02 -1.7500477815e-01 9.0886639782e-02 6.6207749380e-02 -2.1185713406e-01 -1.3911134027e-01 -2.7636266279e-01 -1.1829531420e-01 -3.7804756624e-02 -5.5870736796e-01 3.7921566990e-01 -4.1268731870e-01 -1.2015461547e-01 -3.9041420836e-01 -1.3154874728e-01 -7.4519792190e-02 -8.5655533156e-02 -9.0445207806e-02 3.0286928142e-01 -1.8095793279e-01 3.9960269228e-03 -3.4837806598e-01 2.1867302173e-01 1.4112571702e-01 -3.7212019080e-01 1.0821083708e-01 3.7581395385e-02 7.8868724247e-03 2.2717357314e-05 1.1528478230e-01 -7.9626326885e-02 -8.5807262345e-02 -1.3199043333e-01 3.2894086325e-01 2.4841806335e-01 -2.2045721646e-01 6.4442075485e-02 -1.0070409714e-01 -1.7733136698e-01 -2.0199976839e-01 -2.0298081866e-01 -1.9113017685e-01 2.7942930863e-01 -5.0191564950e-01 -2.0939129710e-01 -1.0077409354e-01 -1.7918808589e-02 -4.8535619793e-01
6.6055484879e-01 1.7230713956e-01 2.6524787610e-01 3.0218809399e-02 1.5592720212e-01 -1.8061130275e-01 -5.4551479924e-02 -4.5015089464e-02 2.9254781278e-01 2.0487930733e-01 -3.1278766787e-01 -2.4059351332e-01 5.6483249799e-02 -5.6727320568e-01 -1.6659861485e-01 5.9911502651e-02 -5.2727775378e-01 -9.6110265709e-02 4.7793544531e-01 1.7566624970e-01 -6.8985561190e-02 5.6090195457e-02 1.8102484618e-01 1.1947252732e-01 3.1931610003e-01 -9.6213864668e-02 -7.2166102971e-03 -8.7246053738e-02 -9.6749143210e-02 -4.6975920833e-01 6.4966594715e-02 1.7421753586e-01 1.7451973698e-01 7.9320667585e-02 1.1829342182e-01 -1.5984465845e-02 1.4357529922e-01 -4.1697329074e-01 5.4318812142e-01 -3.8020155781e-01 -6.5338581461e-01 -9.0000729415e-02 -7.0250770829e-02 -4.1988491350e-03 -4.5841361129e-02 -1.0553482866e+00 -1.8719078046e-01 4.6834165910e-03 1.0031687523e-01 -2.1716584904e-01 -2.3270456810e-01 -2.5625795288e-01 5.9191144999e-02 2.5397535628e-01 -1.3029174427e-01 2.5154546501e-01 4.1772437669e-01 8.8206930441e-02 4.8630607280e-01 2.9639052243e-01 -3.7141678500e-01 9.8115735608e-02 5.9604551059e-01 -1.4204901218e-01 -7.7989290349e-03 -4.5963603239e-01
-9.3084759106e-03 -5.0136758713e-02 -4.9646244256e-01 -2.1987022143e-01 2.9626201201e-01 -2.4972458353e-01 2.5908754526e-01 4.7973556273e-03 -5.8075634116e-02 -4.1306907779e-01 3.3910761646e-01 1.0061033522e-02 1.2944247260e-01 5.1351620191e-02 2.8952691795e-01 1.4136529526e-02 -1.4168336807e-01 6.9002903045e-02 -5.5647407682e-02 -4.0728891042e-01 2.4086244512e-01 1.5152265896e-01 1.1997374402e-01 3.3855678150e-01 4.5783039619e-02 2.8294323187e-01 -2.3107807283e-02 -5.5753630372e-02 1.0353160659e-01 -5.7216498011e-02 -1.7214782679e-01 2.5691902944e-01 1.5238331008e-01 -2.1466904047e-01 -6.1334003301e-02 3.2747974531e-03 -8.0978452717e-02 -5.3965246639e-01 1.1410525605e-01 -3.1871819916e-01 -2.2685404972e-01 2.7262182793e-01 -5.4028006890e-02 1.2385710042e-01 1.7889541194e-01 -1.4510729363e-01 -2.5248061748e-01 -2.0475362235e-01 1.9276068500e-01 -1.4831849243e-01 2.9897940135e-01 -1.1400536690e-01 -1.2659726439e-01 5.0192742766e-01 5.1431845335e-01 1.4319884434e-01 -2.0625076855e-01 3.6968312601e-01 -2.5387073787e-02 -2.2581027072e-01 -7.5174855423e-02 2.5740736265e-01 6.0899155012e-02 -5.6991362791e-02 3.3773308073e-03 -1.2858257979e-01
-1.8692076582e-02 3.4728948198e-01 -2.8940525136e-01 -7.1193934612e-01 -4.1833523579e-01 1.9586112428e-01 6.0190894528e-02 -2.6524196803e-01 9.5729164249e-02 -3.6072011468e-01 -2.5846513885e-01 1.0499864574e-01 -4.0454611817e-01 -1.2882603298e-01 -5.4935143332e-02 3.4121549072e-02 -1.9995031010e-01 -7.9496992725e-02 2.5725220105e-01 -3.4821768652e-01 -1.2214432648e-02 -1.5634350990e-01 -5.5181899523e-01 5.2936708202e-01 -2.2451219526e-01 1.0308383960e-01 1.1484175802e-02 2.9502029439e-01 4.2080274483e-01 2.3388699438e-01 -4.2021199803e-02 -6.8244558581e-02 3.8432452419e-01 1.5335664380e-01 4.5309352072e-01 2.2563946069e-02 2.4631915914e-01 3.7074927843e-01 2.8815339434e-01 3.7265054253e-01 1.2543785045e-01 -4.0152701864e-01 1.5338942935e-02 1.0895251186e-01 -1.6800187927e-01 -3.7564734447e-02 -1.2332119698e-01 -8.5825884788e-02 -1.6098785816e-01 -4.0844994802e-01 2.8009060868e-01 4.6739579810e-01 -1.6603459492e-01 1.4986181129e-02 1.4542346704e-01 1.0728792494e-01 1.2374688761e-01 -7.3922732653e-02 1.4480868168e-01 3.7937022101e-01 -2.1356186948e-01 -6.1428730017e-01 1.3208240180e-02 -2.6247413933e-01 7.3988296564e-02 1.1156107097e-01
2.0919911963e-01 -5.9245919555e-01 3.9312428613e-01 4.0163240861e-01 -3.4096171966e-01 3.1280669231e-01 -3.4846438569e-02 -2.3387220780e-01 -1.6637865982e-01 7.7465859545e-02 2.7242038719e-01 -4.6891993862e-01 -3.2087663901e-01 5.2009156183e-01 4.5604184740e-01 9.1704770014e-02 1.9519313240e-01 6.1237944503e-01 1.6418205123e-01 -5.8964273268e-01 1.6803345986e-01 -9.4031768921e-02 8.2987477516e-01 -4.0625146337e-01 4.7649426422e-01 -1.0114581190e-01 -4.6968297285e-02 3.9170206917e-02 5.2626497111e-01 -1.5314312640e-01 1.9088131622e-01 -4.9814919607e-01 2.9378598636e-01 -1.0933120818e-01 -3.7869768774e-02 4.5682425333e-02 -4.5308585111e-02 -6.5046757648e-02 -3.8866029095e-01 5.3838252353e-01 -2.7721432686e-01 4.2889710275e-02 1.4880563421e-02 1.5547799234e-01 -4.2132720017e-01 1.6220464191e-01 6.9764952060e-02 -4.0280032592e-01 -1.1789027344e-01 -3.7814718050e-02 2.7234066420e-01 -1.0171830095e-01 -1.2733395210e-01 1.1248399115e-02 1.1923683520e-01 -3.3301797529e-01 1.0037056477e-01 7.9702555856e-01 -3.6724595792e-01 -3.8239525953e-02 2.2411130847e-02 2.9696831799e-01 2.1591448527e-01 -6.2308959681e-02 1.4258658559e-03 1.3765797088e-01
-1.9480561557e-01 6.6830360986e-01 -1.2643986387e-01 -2.0894767895e-01 -3.3113537588e-01 3.9833442000e-01 -2.0996442984e-01 1.5880501132e-01 1.8357086875e-01 -1.1074285002e-01 -3.3210199530e-01 -2.6522301153e-01 4.9241139702e-01 -2.6634679386e-01 3.8441589365e-01 5.9118584625e-01 -2.0858331189e-02 -6.4167577174e-02 -3.9061023120e-01 6.0843511593e-03 -2.2883565127e-01 -2.5943363061e-01 1.7736497577e-01 3.9008745784e-01 -6.3303199753e-01 -8.8672663773e-01 -2.2642518648e-02 -3.7561975948e-01 -2.8842166586e-02 8.1072536911e-02 5.4159834879e-01 -2.3413449470e-01 -6.6511385983e-02 3.3329477715e-01 2.1084696969e-01 -6.4175020622e-02 -4.6077186925e-01 -2.3766009032e-01 -1.2767961838e-01 2.4894523790e-01 -4.3673768469e-02 -6.1516595127e-02 2.4243201865e-01 1.7901853331e-01 1.9697006120e-01 1.4018796364e-03 -1.7734244256e-01 -2.7059882641e-02 3.3998204629e-01 -6.3204063993e-02 2.6864897645e-01 3.7539220942e-01 1.4012935019e-01 8.1892621740e-02 3.3053605921e-01 4.7065536450e-01 2.8334665581e-01 2.9851747815e-01 1.7189940349e-03 -3.2466993540e-01 1.7648010561e-01 -7.9938643819e-02 -1.8744803002e-01 -4.2628650020e-02 5.2073651237e-02 2.2480826376e-01
-1.6367384324e-02 3.1984449068e-01 -2.1956320953e-01 -6.3535018036e-01 -2.4383071051e-01 -2.5118803697e-01 -1.6228973490e-01 -2.9479591198e-01 -2.8444626841e-01 -2.3554861778e-01 1.1121770149e-01 2.6648796268e-02 8.9944103987e-02 3.6838827890e-02 -5.4790735286e-02 -1.5771752032e-01 -2.9655143282e-02 1.6101933678e-01 -1.7864459951e-01 -1.6546249483e-01 3.1054764066e-01 1.3383887804e-01 -4.4374266753e-02 6.7640024144e-02 -2.0994890342e-01 1.1966127324e-01 4.6233571714e-02 -9.6297266804e-02 5.1800356899e-03 -3.2202658890e-01 -4.8242467700e-02 4.0128247722e-01 -1.3878022714e-01 1.5162249217e-01 -9.9672030411e-02 1.8957014813e-02 -1.4412140388e-01 -3.5547020795e-01 1.2428209441e-01 -2.7356729416e-01 -3.5972847614e-01 -2.2127243312e-01 -3.4771570852e-02 -4.1671285650e-02 1.1562716771e-01 -2.1408878175e-01 -2.4859194991e-02 -1.8205174599e-01 2.7247452869e-01 -1.4500300521e-01 -1.9809592092e-01 -6.5951668124e-02 -3.4407662009e-01 -1.9049585610e-01 -1.5000202150e-02 -6.7647585391e-02 -1.7972045379e-01 9.4177463024e-02 -7.2153592182e-02 -2.2224357643e-01 1.0954119393e-01 -4.3727406306e-02 -8.0962665402e-02 -1.7953206861e-01 -3.3351791706e-02 -1.6524925491e-01
4.4269015219e-01 1.4077884825e-01 -8.5597762877e-02 -1.3649125748e-01 -4.3238927676e-01 -1.6029311912e-02 -3.8393494412e-01 -6.4457388687e-02 3.1864989597e-01 -9.3661071456e-02 3.9058110065e-02 3.1849515437e-02 -1.8911167790e-02 -2.2208243623e-01 -3.6882426240e-01 -2.4970726720e-01 -7.2913226822e-02 -3.7043358306e-01 5.0424584574e-01 1.4733045547e-01 -2.2868471659e-01 -2.9922691179e-01 2.2150167452e-02 6.9947054168e-03 4.4848109045e-01 2.1557811557e-01 -2.1337994162e-02 4.9158124852e-01 -4.3397293144e-01 -1.6167015996e-01 2.0263270902e-01 -2.8521528621e-01 2.8660524251e-01 -2.8972175533e-01 -1.4727291810e-01 -5.4616310464e-02 -2.1081540656e-01 1.4591712999e-01 1.1273223127e-01 -1.8956229750e-01 -2.9264305954e-02 -5.7117881157e-02 -1.6270864862e-01 1.7000349489e-01 1.0870296504e-03 -2.9110200609e-01 1.7969618657e-01 -1.7648864400e-02 2.3838777560e-02 -1.9746456414e-01 -7.0422109718e-02 2.9486384881e-01 -3.0106428784e-02 2.4622617212e-01 -1.5654178375e-01 -1.2671203012e-01 -6.1855645425e-01 1.7334177428e-01 9.0509254311e-03 -5.4442498335e-01 -1.2328224069e-01 3.1022816577e-02 -4.3600243746e-01 8.5508688987e-02 -2.9524030554e-02 2.2498224235e-01
2.6177463437e-01 8.0522821267e-02 -1.6217953659e-02 -9.5697937767e-02 -3.1462267382e-01 -1.6870929574e-01 -6.7909707715e-01 -1.2695007606e-02 -1.3307082607e-01 4.1313889196e-01 -4.2962755156e-02 6.7588745350e-02 -3.8889555328e-01 1.1750764985e-01 -3.7995617988e-01 6.0990942985e-01 4.5178395962e-01 7.4486945568e-02 1.0741050645e-01 1.6372256397e-01 -2.0884128415e-01 3.1354621592e-01 1.7636707476e-01 -4.1792622806e-01 -1.5794600378e-01 1.8594020340e-01 -2.0993828552e-02 -3.5524400862e-01 -3.0071875258e-01 2.0641692680e-01 -2.2471856088e-01 -2.1338376772e-01 1.5762539187e-01 -8.3513375771e-02 -2.6591381958e-01 2.2115540746e-03 -2.3751379232e-01 -3.9236051747e-01 -2.2762881700e-01 -2.1173820356e-01 3.3039858536e-01 3.6496883003e-01 -1.4269765608e-01 -2.2692880939e-01 5.8254895219e-01 -1.6127881176e-02 1.0650258878e-02 -3.2310869280e-01 -3.0613122436e-01 -9.8620601311e-02 -4.5580152123e-01 3.4772028440e-01 -3.7351877438e-01 4.6434145520e-01 -1.4921365633e-01 -1.5934870581e-01 -2.3246766009e-01 1.8390788993e-01 -1.9097008413e-01 1.7456171668e-01 -3.9837934176e-01 5.2798866280e-02 1.0764806495e-01 -2.5855434645e-01 -2.3834199664e-02 -7.9585802749e-01
7.9582614328e-02 -5.3239203778e-02 -7.2414184497e-02 -2.8958885641e-01 -2.1692165033e-01 -1.6041128795e-01 -2.5767329494e-02 -1.9745867540e-01 1.5771895690e-01 -3.9587701601e-01 1.4744202839e-01 -1.8798316040e-01 -1.5648640252e-01 -4.0087311910e-01 -2.2931317691e-01 4.0371606824e-01 -3.6734653340e-01 -3.5151169543e-02 -2.2159379201e-01 -6.9480630028e-02 -1.9438331049e-01 7.2467689905e-02 -9.5399239220e-02 -1.2565359317e-01 1.2713441003e-01 -7.8441668181e-02 8.2825109643e-02 -2.2512429325e-01 -9.3467829588e-02 -5.5239388010e-02 -2.2762565933e-01 -1.0750892367e-01 -3.4909729905e-01 -2.0327173938e-01 -1.3062364504e-02 -5.2891555118e-02 4.9717134987e-03 2.3958958336e-01 -3.1107384640e-01 -4.5787300188e-02 2.6592458803e-02 -4.9222438717e-02 -2.2095848933e-01 -1.2387131325e-01 -5.7393040678e-02 -1.1248218756e-01 -1.8557166108e-01 -2.5362013118e-01 3.4488638325e-02 -1.0791190266e-01 -1.2672773218e-01 -2.1407739310e-01 -2.5820184893e-01 3.9006057469e-02 -4.2417000733e-03 -2.2473587202e-01 -1.1094088924e-01 -1.4245893261e-01 -1.0772478660e-01 -1.1714746334e-01 -8.6325732831e-02 -1.8657062058e-01 1.6257421769e-02 -3.2453864528e-02 8.8634306777e-03 1.2144809530e-01
1.0947864413e-01 -3.8669715644e-01 -3.3375475879e-01 -1.8020840202e-01 -5.9444565126e-01 -3.6498346577e-01 2.1184545609e-01 3.9851178838e-01 -4.1400532766e-01 -3.2852636405e-01 -1.6743328358e-01 5.8117243637e-02 -1.7389908481e-01 -3.4411007814e-01 -6.5354744565e-02 -1.3903437810e-01 2.4703435770e-01 -3.6700312422e-01 2.6660900412e-01 5.7436453758e-01 6.0728599107e-02 3.1774068375e-01 -1.4640944479e-01 -2.8940860711e-02 3.1575171179e-01 -3.0331147129e-01 1.3216181888e-02 -2.0546262709e-01 7.8010970545e-02 5.9572869819e-01 -3.8723862542e-01 -4.8799774397e-01 -2.2055149014e-01 -1.7175496675e-01 -5.6018694465e-03 2.0130260905e-02 3.9279658286e-01 -3.4812199705e-01 3.1879444739e-01 -3.3458126225e-01 2.2612431557e-01 3.0642526965e-02 1.3757920602e-01 -6.6434569238e-01 -3.4272473157e-01 2.4777289592e-03 3.1570861925e-01 -2.8762681998e-04 1.5945613490e-01 1.5833824519e-01 1.3845953661e-01 1.0956876243e-01 -4.1412496825e-01 1.2508013251e-01 -6.9086632461e-01 1.4093848816e-01 5.1543863825e-01 8.5705218357e-02 -6.2996609746e-01 7.1053063039e-02 -5.0135790205e-01 6.6324668516e-01 -1.2046882323e-01 -1.5613815952e-01 -2.2683510291e-02 -2.6278050370e-01
-5.8665440417e-03 -5.7704016314e-01 -1.1582533904e-01 -4.5429928363e-02 -4.7738089687e-01 1.8382436962e-03 -1.7903998036e-01 2.7561774828e-01 4.5781671462e-02 -4.5555877436e-02 -1.8903063814e-01 3.8384187319e-01 -3.7870692978e-02 2.4064510811e-01 3.1308814667e-01 -1.1532227690e-01 -1.4423482643e-01 5.0008364315e-02 4.6542719099e-02 -2.0799850321e-02 -2.0485904693e-01 1.8732267884e-01 3.0249338471e-01 2.9013816039e-01 1.6316916181e-01 3.1520929190e-01 -1.7909879625e-02 7.9280248429e-02 2.7524763356e-02 2.1854619253e-01 -7.6344637729e-01 1.3904012613e-01 9.9842953858e-02 -1.2222812670e-01 -2.5551726828e-01 -2.2109856526e-02 -1.7726938888e-01 9.5099185313e-02 1.7602553883e-01 1.8040141218e-01 -2.3089172313e-01 -2.0360988083e-01 1.0838929775e-01 4.3021004807e-01 3.5517577947e-01 3.3338269206e-01 -2.2797714605e-01 -3.0700724704e-01 3.6811641403e-02 -6.9199791402e-02 1.9139392695e-02 5.6385491837e-02 3.9952304960e-01 1.4263487270e-02 2.5965401248e-01 2.2194791196e-01 1.7189739024e-01 -1.7103031916e-03 -7.4626644918e-02 7.1010786365e-02 -2.7092727424e-02 -6.9037847326e-02 4.3018649360e-01 1.8398537808e-02 3.6443700088e-02 9.7082131643e-02
-1.2461763281e-01 6.3959571581e-03 -1.8883099948e-01 -3.5198215607e-02 -3.2854887103e-01 -3.0624133297e-01 -1.8537223388e-01 2.0301125348e-01 4.8232136943e-01 1.8903908047e-01 -4.4735162021e-01 -3.3154796333e-01 5.2575434610e-01 1.2684641327e-01 1.6890487361e-01 3.4443341371e-01 -1.1039489049e-01 3.1252816059e-02 -5.1305246912e-02 -1.3597954773e-01 -1.4349615180e-02 4.3040577133e-01 3.5791707042e-02 -1.5198225106e-02 3.2333667177e-01 -4.1448344787e-01 -6.7612661608e-02 2.0124242481e-01 -3.9135242071e-01 4.4574201882e-03 1.6672016360e-01 5.7672104830e-01 2.1610276425e-01 -2.1943156891e-01 -2.0544236948e-01 -6.6129494491e-03 7.1227118131e-02 -3.8871596022e-01 -5.2166585693e-01 1.7021271285e-01 -3.6934406506e-01 2.5471389712e-01 1.0803198990e-01 4.0272024370e-01 -3.8455587551e-01 3.1690866618e-01 4.5202141552e-01 5.0371185450e-01 -3.6895995415e-02 -3.9699754921e-01 -2.1570312447e-01 1.2880192379e-01 2.2375124031e-01 5.6949370193e-02 -2.9677638750e-01 2.5010758889e-01 2.4490065653e-03 -4.7857679738e-01 -3.5853745563e-01 -2.5237324125e-01 1.6643620467e-02 -7.2085164941e-01 -3.8145369801e-01 1.7711456923e-01 -3.4139248787e-02 -1.5876483937e-01
1.0823681584e-01 3.0095780982e-01 -7.9232134528e-02 2.1793510510e-01 4.1335189915e-03 -2.8995687692e-02 -7.4405644382e-02 -9.0011548228e-02 -1.7732855746e-01 -1.7193885172e-02 -1.3924657407e-02 8.9671811856e-02 -1.5498711478e-01 2.5033635510e-01 9.8580065294e-02 -1.6623127453e-01 2.4552963772e-01 2.3327621389e-02 4.1605216134e-02 3.4270470779e-02 2.3115431351e-01 -1.7681531768e-01 2.3187476841e-01 2.4960153297e-02 -3.5805472931e-01 1.3714664189e-01 -3.4137526478e-02 1.4700023502e-01 -2.0698013591e-01 1.1658353711e-01 -3.6160012602e-01 2.0871366969e-01 -1.1365337673e-02 2.2766182614e-01 -6.6654019472e-02 -5.1253022973e-02 3.7186152312e-01 1.1847666124e-01 2.0937507788e-02 3.1654859005e-02 3.6584512588e-01 6.6791271025e-03 -9.6650899155e-02 1.4297507121e-01 1.2883608605e-01 -4.7125932019e-02 2.2384367395e-01 3.8559917025e-01 -1.6768382384e-01 -4.1391779159e-02 3.3746132112e-01 -1.5385296703e-01 7.0266657121e-02 1.1636692038e-01 -1.4737668630e-01 2.2734596446e-01 3.1309299015e-01 1.4660741733e-01 4.2136505960e-04 1.2264506513e-01 1.7263472403e-01 -7.3991584703e-02 2.1285262098e-02 1.5377085629e-01 -2.8147929338e-02 4.1256557598e-01
1.1696230299e-01 1.9357702297e-01 -1.3092377369e-02 4.5741116984e-01 1.8634895897e-01 -1.3047684697e-02 -5.3936963929e-01 1.8300746545e-01 1.2311059181e-01 -7.3884939610e-02 1.2796918250e-02 -3.3187741805e-01 2.2566992620e-01 -5.8251460457e-01 2.7090270246e-01 -2.5922978899e-02 3.8564032889e-02 -6.8063018526e-02 -7.9259925104e-02 -2.2520867454e-01 -4.2894708839e-01 -9.2037657450e-02 -3.0653684545e-01 -3.3368344116e-01 9.7355554591e-02 1.1003600613e-01 1.5495041909e-02 -2.1108960235e-01 -3.8362430162e-01 -4.0506664842e-02 1.1526687351e-01 -8.2225383330e-02 6.0974599620e-02 -2.0500851798e-02 -5.2537793154e-02 3.3431161906e-02 -3.8919790559e-01 -3.1796715399e-01 -2.5432930296e-01 -2.2860241965e-02 2.8100353910e-01 -4.6895920402e-02 2.9634868919e-03 2.0497061458e-03 -4.5206976773e-02 -5.7638674276e-02 -2.7864752618e-01 4.8194086020e-02 4.2624861848e-01 -3.3843038562e-02 -4.0685157217e-01 -1.7127501244e-01 -5.4192500158e-01 -2.9270380406e-01 4.6490575093e-02 -8.7014171222e-03 4.3993774168e-01 3.0843147143e-01 -2.0718731239e-01 1.1166885011e-01 5.9323674292e-01 -1.2035924914e-01 2.2827201059e-01 1.6689946407e-01 -2.5795176038e-03 1.4612965919e-01
4.7377708739e-02 1.6581054800e-01 1.0632312992e-01 1.8870972757e-02 -2.3161275406e-01 -3.9120433732e-01 -2.1286528488e-01 1.0900352192e-01 -3.9301505340e-01 9.4085539990e-03 -3.6692907025e-01 -2.8251710825e-01 -1.3505187967e-01 -3.6621737322e-02 -1.1763368318e-01 -2.6073837815e-03 -1.0785139469e-01 3.6804669434e-01 -2.7112416315e-01 1.2363911905e-01 5.3281517551e-03 -8.6223821894e-02 -2.3659298123e-01 -9.2491185627e-02 1.9814951664e-01 -2.8272021480e-01 3.2713131490e-02 2.1488895881e-02 1.7727109491e-01 2.6817340325e-02 -9.4017194563e-02 -2.0578477608e-01 -3.1516005643e-02 -1.0263517029e-01 -1.8807048769e-01 -2.2293687454e-03 1.2879214435e-01 -2.7673900267e-01 -4.4406623129e-01 -1.8888325326e-01 8.2259555193e-02 -3.1712823458e-01 -7.3110542927e-02 4.7089132889e-01 -2.4172385853e-01 -2.3783374052e-01 -6.9868056876e-02 -1.6202148548e-01 -7.8226052152e-02 -5.0354151917e-01 6.5648794917e-02 1.7872024352e-01 9.7665822896e-02 -8.0654802655e-02 5.6635512253e-02 -2.8790425066e-02 -3.4239024908e-01 -3.1831841727e-01 1.4946896569e-01 -3.1972877385e-01 -3.5477229921e-02 4.6203337867e-01 6.9876904455e-02 1.8987722979e-01 -1.4085152022e-02 -5.8870779040e-02
-4.7021808018e-02 -2.5259606954e-02 -1.5779709781e-01 -2.4096721876e-01 -2.2408310871e-02 -2.6489575544e-01 2.7496336898e-01 -3.0475121388e-01 2.7356392759e-02 -3.0000314406e-01 -1.8738503775e-02 -1.2377070023e-01 4.9782750602e-02 -5.8588765774e-01 -1.0734496125e-01 7.5472855864e-02 -2.4944217997e-01 -7.3581535016e-02 -2.4241516749e-01 1.6330322836e-02 -2.0531105331e-01 -3.6613902731e-02 -3.1338602115e-02 -1.4689932518e-01 3.0277327233e-01 -1.7309398339e-01 2.5490862284e-02 1.3078354879e-01 -1.1562938603e-01 -2.0577539678e-01 5.3458515292e-02 -1.5796110033e-01 5.5435742888e-02 -9.2289103989e-02 -5.7259154684e-02 6.3741040237e-02 -2.5836486822e-02 2.2198261170e-01 7.2891030577e-02 -1.4003091451e-01 1.2962489914e-01 -2.4481077747e-03 2.5674807335e-02 -1.0167198159e-01 -9.7660229799e-02 2.7510288321e-01 -3.3274324077e-01 -2.2765911552e-01 -3.9106338671e-02 -8.4776501313e-02 -4.1389271627e-01 1.8840374617e-01 -1.7471174963e-01 -1.5446804238e-01 -1.0497812524e-01 -1.4387069251e-01 -2.8948367699e-01 -1.4507042853e-02 2.3010626427e-02 -1.1265601096e-01 -3.9609717235e-02 -2.3069133000e-01 4.3147882731e-02 -1.6088605311e-01 1.8311173029e-02 -2.1468144979e-01
-8.8396901330e-02 2.8730951997e-01 1.1516545809e-01 2.0472367024e-02 7.5672273830e-02 1.5146075174e-01 5.6499306670e-02 2.5724537698e-01 1.0230289832e-01 4.8380867778e-02 -6.5918946017e-02 5.2816977520e-03 1.8441222726e-01 8.7107167722e-03 2.9243795857e-01 1.6532196687e-01 1.4289209874e-01 1.5891733843e-02 1.4300026994e-01 5.6149154035e-02 1.9774801602e-03 3.7523790870e-01 1.0844799338e-01 1.1345133956e-01 5.0595210995e-02 8.5325568562e-02 -3.6060450157e-02 4.9920878252e-02 1.7582942492e-01 2.4410423887e-02 3.6066968555e-01 2.7784747635e-01 1.4389191563e-01 3.7372838292e-01 -1.3698637437e-01 -3.0518551674e-02 2.8182980241e-01 2.3658015975e-01 1.2532650420e-01 5.4158097997e-02 1.1225890370e-01 2.9435175828e-01 -5.1742917257e-02 1.6283126918e-01 1.7865959840e-01 3.2807445162e-01 4.1079195665e-02 9.5364612165e-02 4.2015028611e-01 1.5208685079e-01 2.7588216424e-01 -5.6727311764e-03 1.8480255652e-01 1.9261853320e-01 -1.6392181387e-01 2.5667565386e-01 -1.1371470183e-01 1.0900325879e-01 -4.1936798813e-01 -3.7231197930e-02 -1.5737310420e-01 3.2460257125e-01 2.3753897760e-01 5.4841023805e-02 4.7926152317e-03 1.4570911754e-01
-8.8410824535e-02 -8.3600899105e-02 1.4585512992e-01 1.3605199239e-01 3.6115008095e-03 -3.0201490779e-03 3.2950387028e-01 -3.6576708383e-01 3.1373299999e-01 1.2789525975e-01 -5.8894173958e-02 2.2138672825e-01 1.5942738009e-01 3.0485015998e-01 -1.3560610850e-01 1.4421295468e-01 3.6778627727e-01 4.8426958294e-02 -6.1443545236e-02 -1.4115435732e-01 9.6395985361e-02 -8.2346845432e-02 3.4927524510e-01 5.0086725221e-01 1.8843946082e-01 7.7160895153e-02 -3.4051560453e-02 1.8250617404e-01 1.6357366570e-01 1.5374370401e-01 8.2005943893e-02 -1.1240525852e-01 3.0101690100e-02 -6.5391834214e-02 3.9799955527e-01 -2.3924783545e-02 1.4794319793e-01 -6.6017264977e-02 2.5638302779e-03 3.1161436332e-01 1.7448630344e-01 1.5658451926e-01 2.7748035254e-01 -1.5010560877e-02 2.0817745431e-01 2.7833450639e-01 1.2071330596e-01 -1.0399583336e-01 5.0767080225e-01 -7.4835545641e-02 2.4645886226e-01 -1.3447272356e-02 7.9370255365e-02 3.2443709102e-02 7.5873983714e-03 2.6450390596e-02 -1.3822736876e-01 3.3047607054e-01 -5.4608674400e-03 9.7067042811e-02 1.6647564781e-01 1.2353525973e-01 1.0896383144e-01 3.8793486811e-01 7.9286630963e-03 5.3822025137e-02
4.1322861054e-01 -2.3951352721e-01 1.1509660739e-01 -5.9443689560e-02 1.7686351896e-01 4.1373567106e-01 -1.3872485559e-01 -2.1239912853e-01 3.3498706828e-01 -2.2110154736e-02 -8.9297682701e-02 -1.5054290536e-01 3.4377977815e-02 6.5439275758e-01 -2.0655112744e-01 -2.4425021137e-01 4.6914018521e-01 2.5578990461e-01 -1.4169179155e-02 -3.1094223675e-01 5.2302397088e-01 1.2537172564e-01 -1.3239485506e-02 -4.4700073695e-02 1.1344513988e-01 -2.4062365333e-01 -1.3680356853e-02 7.2595184024e-01 3.7705919177e-02 1.9987112751e-01 1.5005568147e-02 9.7315506947e-02 -1.0608558388e-01 2.2900807994e-01 -6.6713393057e-02 3.7084006216e-02 7.1627680101e-02 2.4314192984e-01 4.2248499620e-01 1.0859257725e-01 8.2098318559e-02 1.1990524721e-02 4.2283865196e-01 1.6767028758e-01 1.1795824909e-01 3.1396819901e-02 4.0934550484e-02 5.2262218806e-01 3.4921013839e-01 6.5108499482e-02 2.0409618814e-02 5.9546396977e-02 -3.2523070974e-02 8.7673977753e-02 5.3878791306e-01 1.3753063095e-01 4.7453021792e-01 3.5415152409e-01 -2.8440432141e-01 -2.9366520845e-01 2.3005493345e-01 -1.5456885080e-01 3.3274168924e-01 -3.1955201003e-01 2.8498871050e-02 5.6257309004e-02
-7.4154504202e-02 3.7956035216e-02 -4.6513106999e-01 -9.9919151878e-02 2.7858219270e-01 -5.2996879794e-01 -2.6141986103e-01 -1.5311937406e-01 2.4730420280e-01 3.3813797504e-01 -4.2954784946e-01 4.5240289506e-01 2.9212176199e-01 4.0260956499e-01 -2.1915107878e-01 2.3421717936e-01 1.0243094683e-01 -3.2443771880e-02 7.2959603568e-01 -4.7241260192e-02 -1.3077331550e-01 -3.4925153583e-01 2.9899187541e-01 -2.0217620843e-01 1.5863240126e-01 -2.3803102993e-01 3.3683562918e-02 3.0316506827e-01 7.3465791916e-01 -2.9457045856e-01 -7.2182177063e-01 -4.8175550020e-01 -2.2812371980e-01 6.5875237792e-01 -7.8405755407e-01 5.1749142561e-02 -3.5746035128e-01 -5.3778774742e-02 8.8947731261e-02 -4.6791971872e-01 1.1626928710e-02 -3.8322251462e-01 -8.4712484842e-01 -1.1289358596e-01 1.0697421219e-01 6.3254222879e-02 -1.2554595192e-01 6.7994062987e-01 3.5423369329e-02 1.4844483498e-01 -2.3208798995e-02 -4.6004116998e-02 -4.7386741862e-01 -8.0675499889e-02 -6.1706139137e-01 3.4169547923e-01 -1.7317610770e-01 -1.7233838006e-01 -1.6747011272e-01 7.0706095799e-02 -2.8048036850e-02 -2.4976640464e-01 -1.3816514607e-02 4.9831017341e-01 -6.4320876142e-03 3.2287714660e-01
-4.8868887946e-02 -2.1245266279e-01 -4.2813133659e-02 -2.1555508350e-01 -8.2351692374e-02 -2.7305765115e-01 -1.5542800178e-02 -1.8300265449e-01 -1.5606235231e-01 -1.9901203133e-01 -2.7542630916e-01 -3.7803782921e-02 -1.1161772468e-02 -1.8422673716e-01 -1.5407518469e-01 -1.4568438516e-01 -3.4299915690e-01 -8.2695055474e-02 -2.1474419491e-01 -2.3948736898e-01 -1.5127947781e-01 9.8505538718e-03 -1.5040012836e-01 -8.9179806738e-02 -1.5293573635e-01 -3.3342975045e-01 6.3731657807e-02 -4.7711430260e-02 -5.6837558964e-02 9.3030956627e-03 -6.7687457939e-02 -1.3970685637e-02 -3.2516018125e-02 -1.4221690991e-01 -2.3244755508e-01 1.5874337238e-02 -1.6232364967e-01 4.2719662990e-02 -1.3992071373e-01 -4.9264320870e-02 -3.2303286041e-01 -1.7230068592e-01 -2.0157561008e-01 -1.0027181222e-01 -2.2695089359e-01 -2.8836191415e-01 -1.9312430990e-01 -1.2509386409e-01 -1.0733467294e-01 -1.5307445182e-01 5.4106873284e-03 -3.4084599185e-01 -1.4689969075e-01 -2.5998583691e-01 8.2876228238e-02 -1.4113064172e-01 1.6851812696e-02 -1.6711134354e-01 -2.1705874842e-01 -1.1710456110e-01 -6.7647055008e-02 -3.6961385443e-02 -1.4176731233e-01 -2.0657248186e-01 1.6174124118e-02 -8.4257242420e-02
2.4998176081e-01 5.7784151488e-03 3.8936469998e-02 3.3985005005e-02 -6.3539291108e-01 -5.0774617826e-02 -6.0186882720e-01 3.1340506587e-01 -2.6060266147e-02 2.0609126038e-01 1.7694343643e-02 3.8316335130e-01 -3.5983956889e-01 -4.2146241973e-02 -2.3528961363e-01 -9.7998793641e-02 -1.6522344666e-01 -4.6535992050e-01 5.5609292904e-02 -8.5637411939e-02 2.1968000137e-01 2.2123360185e-01 -3.8875313079e-02 -3.6896464468e-01 -1.5490440897e-01 -1.1610060604e-02 -3.8516004943e-02 8.2322628099e-02 2.2520883628e-01 3.8618856845e-01 4.0114304181e-02 -8.4186087327e-02 -4.0211291178e-01 -2.1245543104e-01 2.0509102859e-02 1.8986031561e-02 -2.2157578084e-01 -1.4366567428e-01 2.3979299628e-01 1.2307784001e-02 1.5242599729e-01 3.2762432789e-01 -1.6471453550e-01 -2.9716116671e-01 -3.8298639420e-01 -3.7636825398e-01 -2.3931744053e-01 -2.8304317302e-02 -3.3110431248e-02 -1.2384754314e-01 4.7796741065e-01 -7.2168491372e-01 1.4100659932e-02 -9.9247201043e-02 -7.0069431488e-02 2.4232256148e-01 7.2178510829e-02 -2.1543759935e-01 -4.9111834845e-02 -4.4055649775e-02 -3.1127568568e-03 1.9821628873e-01 -4.6752241153e-01 1.4707192739e-01 -8.3799749810e-03 1.5329493006e-01
8.5613729400e-02 -5.5229948857e-02 -1.9023575066e-02 1.0558251098e-02 3.1196002769e-01 3.1111305849e-01 3.9483450872e-01 2.1279079867e-01 1.0681116480e-01 2.6387361970e-01 -1.5587795430e-01 4.8795613692e-01 -3.3081617949e-01 1.2513237532e-01 2.2300571079e-01 -4.9151290375e-01 -7.8646973100e-01 6.0591643157e-01 5.0216844154e-01 -1.0170881164e-01 -5.4392695382e-01 6.7465061243e-02 2.0220278595e-02 5.7984067960e-03 5.5479988547e-01 -4.5088310017e-01 -2.5961348012e-02 3.7694609734e-02 3.8480308701e-02 1.6731659885e-01 -1.1067076916e-01 4.4341835107e-01 3.7222789652e-01 1.6282932187e-02 -2.6624635102e-01 -4.8386394905e-02 1.5818873055e-01 -1.8363446196e-01 6.7464336207e-02 2.8710302897e-01 -1.6085836974e-01 3.1584539494e-01 5.4102122259e-01 1.8005355431e-02 2.2014830135e-02 5.1439862886e-01 2.1346703157e-01 1.1637310911e-01 -1.3516155772e-01 1.4831869889e-01 -3.2340328769e-01 4.5864304269e-02 1.1010298554e-01 -9.8066989318e-02 -2.9637141036e-02 -5.8104190709e-01 1.5229067156e-01 4.7621417237e-01 4.0811412723e-02 1.2671261310e-01 -7.1730795967e-02 1.3832624748e-01 -1.6521548203e-01 5.3781647345e-02 5.6652547645e-04 -3.3254219607e-02
-1.2459398838e-01 -9.7129495509e-02 4.4401733190e-01 3.9402272822e-01 -9.5593129181e-02 6.9413479141e-02 4.8376661285e-01 -1.8978713927e-01 -1.3969639935e-02 4.6237184773e-01 -3.0284005894e-01 -2.5117059482e-01 -1.8744215296e-01 -9.3410357408e-02 2.9809671523e-01 2.9588696601e-01 7.7861463218e-02 -3.5523311106e-01 3.5616012281e-01 3.6101205207e-01 4.4612411777e-01 -3.0151407140e-01 2.5484407994e-01 -5.0597835927e-01 5.2742393201e-01 -1.1754333490e-01 3.0766260547e-04 8.1418071148e-02 1.7721410195e-01 -8.9242981305e-02 6.2013206550e-01 -2.4349849308e-01 4.8385727827e-01 7.0766447284e-01 1.6014752068e-01 -2.2819800784e-02 -2.4057525223e-01 -1.0426959078e-01 -5.1927149822e-01 -1.8076564489e-01 -2.1349050263e-01 -2.0013342114e-02 -4.4645485482e-01 -2.4145702822e-01 9.8961834184e-01 1.0255281821e-01 2.8220811581e-02 -8.2712571875e-02 7.6786474051e-02 4.1843961303e-01 3.5721212668e-02 1.0505982497e-01 4.3645728693e-01 5.3298577536e-01 -1.2589351282e-02 3.8100358338e-01 -1.2886056121e-01 2.3066970921e-01 -1.5980569726e-01 9.8966377002e-02 3.5941815925e-01 -2.2207661492e-01 3.1163534412e-01 -3.5499687861e-01 2.5342977141e-02 -1.0957975629e-01
-2.0879158605e-01 2.5675894022e-01 3.1579195286e-01 2.5014176245e-01 4.2705185514e-01 1.2837463747e-01 -1.9048815015e-02 -1.1972136371e-02 -2.3381096488e-01 -3.0587849819e-03 1.8397838113e-02 2.0369636031e-01 1.0537119597e-02 3.6928543958e-01 1.0893361916e-01 -1.5681050698e-02 -7.3018557915e-01 -7.2129826428e-02 2.4152639798e-01 -3.0028626644e-02 7.4184088204e-02 1.8091767507e-01 -2.7089148423e-01 4.0891695172e-01 5.2115670385e-02 -3.0725962451e-01 7.8021055869e-03 3.0731612378e-03 -1.9475153480e-01 -2.3240822502e-01 7.2846304289e-02 -6.6210421088e-01 -4.4164382760e-01 -8.7697830486e-02 -5.2611092732e-02 1.1721623178e-02 1.4957016803e-01 9.3012384550e-02 -2.9707614240e-02 9.0742183066e-01 2.0718844814e-01 8.4767660007e-01 -9.9299553609e-02 -1.0356569152e-01 -2.9542116641e-01 -6.1175534615e-03 -3.7044743875e-01 8.1769560875e-02 -2.2566872080e-01 1.5662210043e-01 -1.8723769440e-01 2.3453105153e-01 -3.5213032880e-01 1.7605236819e-01 2.5917883852e-01 -1.5224359519e-01 2.8212917049e-01 -8.3606332528e-02 -2.3656644799e-01 -6.5292960836e-01 -4.7144786841e-01 8.3455005558e-02 1.9806382779e-02 -5.0303601353e-01 -1.1386441219e-02 3.8197674100e-01
1.9049282067e-01 -3.3535676755e-01 -4.8415908654e-03 2.1638063233e-01 3.4031278570e-01 -4.6904264828e-01 -3.0941483803e-01 2.2053911467e-01 1.1758560100e-01 -4.2817475457e-01 2.1507979667e-02 4.6755679460e-02 -6.2396900760e-01 -6.1532578013e-01 4.8104625197e-01 4.4847603114e-01 1.0386658968e-01 3.0215573110e-01 4.3170498957e-01 1.2510189335e-01 1.4050285706e-01 -3.4959432246e-01 2.0579595037e-01 1.5567884316e-01 -8.4319686260e-02 3.8512032579e-01 6.3579843639e-03 5.3622505987e-02 -2.2765623490e-01 3.6370669908e-01 1.2801680308e-01 -1.1698186914e-01 1.6177078869e-01 -3.4661740995e-02 -1.3652389197e-01 4.0236269562e-02 6.6872176813e-01 -7.9432212747e-02 3.6762030269e-01 1.8068524455e-01 -3.0527982997e-02 1.3539944487e-01 2.2800482632e-01 1.2762685738e-01 -1.6996404736e-01 1.2425317841e-02 2.0868613982e-01 8.4138206850e-01 2.9078489654e-01 4.7092354795e-01 -1.9987665238e-01 6.4471859644e-02 8.9326154768e-01 6.7048634515e-01 2.4700882954e-01 -2.0316536259e-01 -5.3415650620e-02 -3.1622257926e-02 -2.6542418121e-01 -6.8426231886e-01 5.4547643469e-01 2.1295908084e-01 -1.0824104199e-01 8.8909194361e-02 5.9170608222e-03 3.6511046471e-01
-1.7799374975e-01 2.2155682376e-01 -3.5170677667e-01 4.0258203167e-03 5.2190238006e-01 1.6097554970e-01 -1.3541707068e-01 -4.1242085036e-01 -4.4701915510e-01 -4.8157639529e-01 2.8514133597e-02 5.5079118221e-01 1.0005260795e-01 -2.5169383041e-01 -3.7372244473e-01 -3.8697301946e-02 -1.6171057454e-01 9.2629557178e-03 -1.9568461080e-01 1.8038426282e-02 3.9886340831e-01 1.1987935831e+00 -2.7505809326e-01 -1.8210078652e-03 -5.7872929911e-02 -5.3087695359e-01 2.0782381986e-02 3.2708298020e-01 -4.9115146725e-01 3.7459148639e-01 3.6839029456e-03 -1.8323674279e-01 7.2705259627e-02 1.9763468187e-01 -5.6410215070e-02 2.3995023635e-02 1.6011318169e-01 -2.2187870588e-01 -1.8264142989e-01 -6.4425583719e-01 -3.3178677340e-01 -1.9785298952e-01 -1.6347894655e-01 -3.6216903085e-01 -2.5070778710e-01 3.1659687914e-01 -2.5635155299e-01 -4.4894902283e-01 4.3542788773e-02 1.8531174544e-01 -5.2327874800e-02 -2.8272404775e-01 6.1262243837e-01 1.8835546578e-01 -5.9669379108e-02 -2.6209564465e-01 -3.0645689835e-01 3.6555903126e-01 -3.3776227451e-01 5.1611562480e-01 -1.5919298176e-02 4.3954470745e-01 -2.8593974808e-01 5.1146320457e-02 -3.7015219143e-02 -9.9689257661e-02
-3.2289046098e-01 5.2469247091e-01 -1.8049219177e-01 -5.0607031224e-01 3.9355385599e-01 -4.3141622485e-01 2.0136250169e-03 8.9283672024e-02 -1.8678073168e-01 -1.3591746030e-01 -1.0989765774e-01 1.7021550743e-01 -3.3515642551e-01 -9.4163317887e-02 -2.3529037112e-01 -1.9177565412e-01 3.9156687658e-01 -1.5284568528e-01 1.3928497290e-02 1.7833222768e-01 -1.2823530878e-01 2.8940447225e-01 3.1410049148e-01 -2.7327334659e-01 2.1691342415e-01 -1.4243442743e-01 -1.1899288828e-02 -4.7010575142e-01 1.4525361871e-02 3.8371780506e-02 -1.4045746736e-01 -3.6859345442e-02 1.8121117946e-01 -4.1647292612e-01 -4.5991375266e-01 -4.0522953742e-02 -3.0342689900e-01 4.1595850364e-01 -3.9018310251e-01 7.1796469743e-02 1.6214585016e-01 2.0074261422e-01 -1.0379696526e-01 3.8355438658e-02 -3.4001728160e-01 -7.8829582805e-01 -1.0502878443e-01 -1.0301086205e-01 -2.3942655922e-01 -2.8341923689e-01 -3.7038416548e-01 7.7643370054e-01 -2.8052306943e-01 3.6093473459e-01 -2.9282517820e-01 -1.5560741852e-02 -1.8224813182e-01 5.7662040198e-02 6.9218613501e-02 -6.1977874077e-01 -7.0270938079e-02 -3.7548941562e-02 -2.0624995854e-02 4.0314850917e-02 1.3684774102e-02 4.3369776513e-01
-7.4415387561e-03 2.1954236306e-02 -5.7658201174e-02 2.4965627829e-01 -2.3652468406e-01 -1.3558071984e-01 1.4207740539e-01 -6.7516976246e-01 5.2332362555e-02 6.1350925625e-01 8.7625465632e-02 1.5080056422e-01 2.3084372746e-01 -2.0809150187e-01 3.3292053486e-01 -1.1702790138e-01 -4.1674266269e-01 1.1493108095e-01 2.2469722766e-01 -4.6199732276e-01 -8.7257725913e-02 2.8962179872e-01 3.5731600658e-01 1.0919993557e-01 -2.2986171710e-01 -3.1366192969e-01 -7.1136452922e-03 -2.9675217541e-01 4.2598227360e-01 2.9574546242e-01 4.7900972453e-01 7.3311737352e-02 7.1681289786e-03 -2.2231404398e-01 -4.3712396969e-01 -3.2079997563e-02 -1.3748653720e-01 4.6850067412e-01 -5.8710910385e-02 1.9499637412e-01 1.3566637467e-01 2.2955148883e-01 4.3515770017e-01 -1.2557851779e-01 4.7059783251e-01 4.3516668503e-04 3.1412240446e-02 -2.1687398830e-01 -1.6474358088e-02 2.3857594426e-01 3.8742012318e-01 -2.7324474199e-01 -1.3946814042e-01 2.2930799506e-01 8.6437278420e-02 5.8062396406e-01 -3.4866594670e-01 -8.6749487422e-02 7.8466239420e-02 1.0986280408e-01 2.6727400861e-01 1.0512485028e-01 3.8139710267e-02 -1.5469745422e-01 2.9902396736e-02 1.5172624437e-01
3.1957604298e-01 1.9862458283e-02 4.0723148399e-02 -5.9620514267e-03 1.1639820507e-01 -5.6647976806e-01 5.1461589959e-01 2.5264321625e-01 3.8910558781e-01 3.8471474064e-01 6.4721816039e-02 1.2752338629e-01 5.3083325619e-01 -1.8973720737e-01 -3.6418833277e-01 -1.1268651407e-01 -7.3668193618e-01 -2.8302927435e-01 -5.2857480503e-01 3.0521085768e-02 6.6919975799e-02 1.0645176878e-01 7.0087484460e-02 -1.0299643427e+00 -1.6164377280e-01 4.3641141943e-01 -4.0297854853e-02 -7.3073844048e-02 7.1172481427e-02 4.6653858075e-01 -3.7117350446e-01 -1.3807676234e-01 1.7963214586e-02 -3.9264702656e-01 1.1301568416e-01 -4.5038069410e-02 3.5209631583e-01 -1.3142046243e-01 3.0615064096e-01 3.3944697139e-01 4.9543016908e-01 -2.3953500427e-01 -2.6936969848e-01 -5.4126076768e-01 -1.3859569209e-01 -1.1517158734e-01 9.4522535028e-02 -3.8213753161e-01 2.2014893931e-01 -1.9334828068e-01 2.4630555180e-01 4.6998554825e-01 2.4055077723e-01 -5.8412986034e-02 3.2223695988e-01 -2.3088035090e-01 -3.1068236442e-01 3.7053452348e-01 -6.8091356042e-01 -1.8472416849e-01 -3.8016241395e-01 -4.4282696782e-01 -2.5621669668e-01 -3.5825374259e-02 2.5493131509e-02 5.6446547669e-02
2.2047800018e-01 3.4111424386e-01 -2.0939965551e-02 8.3024073832e-01 -2.9069678516e-01 -2.0541848266e-01 2.5991904442e-02 -1.0429332160e+00 -4.4227121696e-01 -3.2892764779e-01 3.7209676085e-01 3.1225156806e-01 1.7344439293e-02 6.7122934894e-02 1.3203962450e-01 4.2159813649e-02 -2.4229857063e-02 -2.5766346223e-01 -1.9821952971e-01 -3.4909984378e-01 -2.4417845531e-01 2.5606760954e-02 -1.7598778482e-01 4.5467329481e-02 5.2030729876e-01 2.1260071056e-01 4.6295243799e-03 -2.3227804050e-01 -9.3600280025e-02 1.1252910147e-01 -4.1114534520e-01 -1.3957467071e-01 -2.7227039509e-01 4.0657558102e-01 -3.5984773641e-01 -5.8094032997e-02 -6.5478657995e-02 1.8456832801e-01 -1.4519885492e-01 -2.5455408380e-01 4.0324237004e-02 -3.9306931043e-01 -3.4877702230e-02 -2.7240592597e-01 -3.0993706439e-01 3.7913225331e-01 4.4885866526e-01 -2.2838239268e-01 7.8126032397e-02 -4.8124273494e-01 4.8112099470e-01 -5.6774057671e-02 -5.6263101616e-01 -1.0535864347e-01 -2.2599766705e-01 4.6442971163e-01 4.8944255799e-01 -8.3476935860e-02 1.2116274986e-01 -8.4848486688e-01 -4.8017465158e-02 5.3297968547e-02 -6.5499552287e-02 -5.5427274057e-01 4.2226049015e-02 1.1649997038e-01
3.5084581497e-02 4.5301687506e-01 3.5917180272e-01 1.5155669121e-01 3.8807268182e-01 -3.5851859468e-01 -6.0787120278e-01 -3.8228329880e-01 -9.5040539775e-02 4.3755686945e-01 -5.2638023796e-01 -2.3167900399e-01 2.0420352185e-01 -3.4864008274e-01 -2.1520702518e-01 -1.3271948619e-01 -2.1810028961e-01 3.7583153871e-02 6.1137493058e-02 -1.9754423805e-02 -3.2294909823e-01 -3.4981115073e-01 -1.4386521079e-01 -3.8725223573e-02 -1.1418065615e-01 1.3970074920e-01 -8.1460098107e-04 4.7951127224e-01 4.3817920343e-01 7.0776307582e-01 -2.2748158182e-01 -7.2055780124e-01 -3.6922390401e-01 3.6952385708e-01 3.5449442216e-01 8.1889249113e-05 8.8708872471e-02 1.0621588560e-01 4.2847119479e-02 3.7977867858e-01 -1.5913254939e-01 -1.6235847883e-01 -2.4938400587e-02 5.3986972880e-02 -2.1759520298e-01 3.9516677476e-01 3.6172720458e-04 -6.7263923605e-02 1.2472488975e-01 -3.5800509613e-01 2.8954900415e-01 2.7384030498e-01 1.3429953959e-01 -1.2819829545e-01 2.5260457805e-02 -4.4896679385e-02 -3.8206027187e-01 -5.5478373846e-01 -8.6090032288e-02 2.6442473953e-02 2.0826442591e-01 2.4018799381e-01 3.2818713041e-02 8.5979218719e-01 -5.1365184192e-04 -2.6292436721e-01
6.7978431638e-01 -3.6392336269e-01 1.2140982865e-01 1.1092648619e-02 5.7783772041e-01 -2.2953363817e-01 -2.8861132160e-01 -1.2300219782e-01 1.9711635678e-01 -5.3314443227e-01 -1.1063752252e-01 -1.6924874822e-01 -2.5459271222e-01 3.0413783409e-01 -3.2070017567e-01 2.2996505130e-01 1.1361874298e-01 -5.0644238988e-01 -4.2212709955e-01 -3.0189108924e-01 -3.1759576645e-01 3.0618996792e-01 6.1354608800e-01 -2.1443754331e-01 2.4968517565e-02 -3.0017729524e-01 -2.2062531611e-04 -9.1795170778e-02 3.5128215286e-01 -4.5577072505e-01 2.6882356008e-01 -3.3921999543e-02 1.5301952700e-01 -1.5801475478e-01 2.2508947204e-01 7.1445839793e-02 -6.8205502161e-01 -1.4170670377e-01 5.8807317751e-01 7.0748889724e-02 3.0852620985e-01 -2.0867026290e-01 -1.7469186263e-01 1.8398877526e-01 1.9861061920e-01 1.8738522979e-01 1.8829616745e-01 1.9360389376e-01 1.5737760051e-01 -5.4710162144e-01 -1.0401687749e-01 9.5139160678e-02 -2.5458785712e-01 -4.9596563406e-01 1.4370109538e-01 -1.1330742505e-01 -2.4549543968e-01 -3.2912507615e-01 -7.4393580285e-01 2.5493264963e-01 -1.9588082172e-01 5.5496673305e-01 -2.2027829140e-01 -2.7187710712e-01 3.8009086068e-02 3.6378273142e-01
3.8261635910e-01 1.9940405142e-01 7.3121855458e-02 7.7666944935e-02 3.3707014364e-01 1.9091784164e-01 1.1060046169e-01 3.3251776287e-02 2.5514513406e-01 -1.5551782630e-01 3.3109400116e-02 5.2845713038e-02 2.5162374182e-01 3.0631781700e-01 2.2500052884e-01 1.6030299019e-01 1.3385290483e-01 -8.9519088972e-02 3.4511956887e-02 2.6179249710e-01 9.7065944435e-02 -7.1000038647e-02 4.3943735324e-01 7.2988736606e-02 7.2637378706e-02 -4.3066773493e-02 -3.8899509424e-02 -9.8560667260e-02 1.1358395345e-01 2.0706802032e-01 3.2003074583e-01 1.2603170505e-01 -9.7699239984e-02 9.1991877356e-02 6.2747230059e-02 -2.1526175330e-03 -4.9996743146e-02 2.0811047718e-01 3.7841228112e-01 -6.3670825379e-02 9.9898804625e-02 1.4505639074e-01 -3.8777023808e-02 3.8655039379e-01 1.1539967599e-01 -4.6432152614e-02 -5.9257834674e-02 2.5059789787e-01 1.5395267984e-01 9.0152140382e-02 -7.8954621840e-03 7.3598172541e-02 2.1164021521e-01 5.9992447590e-02 2.4096331619e-01 2.1873179016e-02 3.5037702127e-01 -4.9928025720e-03 -1.6261505794e-03 1.2522157517e-01 -1.2009672722e-01 3.8894089673e-01 1.7983758956e-01 -4.4919818834e-03 4.3264498784e-02 5.1842263197e-02
-1.9669458422e-02 -7.3927748184e-02 -2.3312385485e-01 1.4067604770e-01 -2.4198654873e-01 3.0781185962e-01 -3.7228070241e-02 2.1526595588e-01 3.2357270850e-01 9.5489027329e-02 -4.2552652338e-01 2.6682901086e-01 -8.8754982831e-02 1.7857552025e-03 2.1852958180e-01 -1.7440501917e-01 2.2531238118e-01 2.5651206112e-01 -3.0813624119e-01 -1.6744439802e-01 2.8009958315e-01 -6.4865712282e-02 2.3670191393e-01 -1.6289171844e-02 2.4805547767e-01 1.4317253434e-01 -3.3151420323e-02 -2.4497490079e-01 1.7937292545e-01 -3.8986353211e-01 -2.1636592456e-01 8.0878113572e-02 -5.8640436300e-03 -3.4279011973e-01 -2.7499662433e-01 -4.8319180754e-02 1.4755301504e-01 -1.8072451520e-01 -1.9960926653e-01 2.4460355511e-01 3.1677963795e-02 -2.2601735270e-01 1.7507624261e-01 4.6362402216e-01 1.6730843625e-01 -9.3458756926e-02 -1.7263414722e-01 -3.3395472138e-01 -5.5990990086e-03 2.8096961211e-01 3.7008240801e-01 5.6004894319e-02 3.2093827860e-01 2.7974257711e-01 -1.1115525539e-01 -1.9547316912e-01 3.5448476407e-01 3.9770582184e-01 3.1460392539e-01 -9.9891769910e-02 2.4894257093e-01 -7.3789672437e-02 -5.6286179349e-02 -4.6583085030e-01 -4.8346449655e-02 2.4902851176e-01
-6.6613998765e-02 -5.9289139752e-02 -4.5860520667e-02 -1.8651338421e-01 -2.5025933436e-01 -2.3533078803e-01 4.8028661612e-02 -1.5150924632e-01 -2.2242946456e-01 -2.8718612849e-01 1.6817385596e-02 2.1636817865e-01 -1.6390450368e-01 1.6377020681e-02 -7.1655534408e-03 -2.4737211372e-01 -1.7808077679e-01 -6.8626577256e-02 -2.0614449759e-01 -2.0665776348e-01 -1.6997554836e-01 -1.5169319925e-01 -9.9831393719e-02 -1.0749844693e-01 -2.1669358852e-02 -3.6422575419e-01 3.0264305570e-02 -1.9813324590e-01 -1.9562864274e-02 -9.7898440624e-02 -6.8987077220e-03 -3.7444402563e-01 -2.0690897723e-02 -1.9337795576e-01 1.6188343436e-01 -6.5111446323e-03 -7.7246341832e-02 1.0363101740e-01 -7.8842599322e-02 -9.0855199611e-02 -3.2120949462e-01 -2.4812263393e-01 -3.5430376584e-01 -7.7148931390e-02 6.0619201052e-02 6.7837500610e-02 -1.2982599101e-01 -5.5565208132e-03 -2.5985857597e-02 -3.5725651700e-01 -1.8912272497e-01 7.9607394704e-02 -6.2095439392e-02 -2.2589353962e-01 -1.5761780901e-02 -1.8768179724e-01 -3.1697442184e-02 9.3360728496e-02 5.6044450693e-02 -6.4581013288e-03 -1.9594659818e-02 -8.7483318989e-02 1.3815646121e-01 -4.9856489793e-02 -2.7636075140e-02 -2.4737131150e-02
-2.7491497228e-01 3.2870737695e-01 -3.4088896212e-01 4.8031032214e-02 8.7266946426e-02 -2.6440952848e-01 -7.5131599026e-02 1.6698052710e-01 2.2752967240e-02 6.2503457856e-05 1.2251211471e-01 -2.6191673440e-01 -1.6766611949e-01 6.2806547661e-01 -1.0961173597e-01 -5.8684420742e-02 -6.0198521955e-02 -8.6542213589e-03 5.0471856282e-01 -4.6354133832e-01 -7.9805776364e-02 4.9635766094e-01 -4.6150719652e-01 -6.5872772322e-01 -1.4245750135e-01 1.5634796017e-01 6.5929051983e-02 -1.2650061984e-01 -2.1267123889e-01 3.2757528817e-01 2.0432944364e-01 -1.0492345438e+00 -1.6292501004e-01 -1.0795581214e+00 -6.9139755516e-02 1.3422173216e-02 -8.2883502360e-02 1.8421008104e-01 1.9488465110e-01 9.4802315651e-02 -5.7173279150e-01 -2.5050720380e-01 1.7817505341e-01 7.3432563275e-01 4.2081736402e-01 -3.7084820298e-01 3.8781965634e-01 5.2798565849e-02 1.7374369065e-01 1.1381193807e-01 -1.6811188720e-01 -2.5182214038e-01 -8.0722270115e-02 -8.5109025147e-02 4.9612956289e-02 -9.4698062344e-02 -6.9741773003e-02 -4.5111275229e-03 1.0986578707e-01 8.1633713246e-01 -1.0956183925e-01 -1.6520037445e-01 9.1853336912e-02 -3.3382239355e-01 5.8208936440e-02 -1.2701741175e-01
-1.4244188332e-02 2.1594042620e-01 -2.8665686701e-02 3.1901531964e-01 -6.5450669944e-02 3.0431689030e-01 -1.2692164377e-01 3.7524904497e-01 -3.3466710316e-01 1.7093264725e-01 2.4390640317e-01 4.4290880818e-02 1.8103049085e-01 4.7712859116e-01 1.5195905426e-02 9.8504131263e-02 1.8492789344e-01 -2.6760796081e-02 2.7519483624e-01 3.2906224529e-01 3.6319734501e-01 -2.8263398134e-01 3.3673395191e-01 -6.4489267814e-02 8.4454865794e-02 -8.4169369546e-02 3.8954320925e-02 -8.0334410749e-01 -6.6165520098e-01 3.6445803402e-02 -1.6745311293e-01 -4.6028574340e-03 -9.4518071433e-02 3.5055677029e-01 7.2936846971e-01 5.8349182988e-02 -8.2577756621e-02 2.8672907946e-01 4.8274704449e-01 -8.5429534663e-02 -2.5601214115e-01 2.7252523688e-01 -2.8800726015e-01 -9.2088287751e-02 1.9625356684e-01 1.7450176181e-01 9.3270713155e-02 -2.8772292247e-01 -2.5464511812e-01 -5.5804470286e-01 -4.2309712043e-02 4.4568495222e-02 1.9940558364e-01 -9.8284553928e-02 2.7236266398e-02 1.1482660140e-01 1.2994600375e-01 1.2045036849e-01 2.3475564936e-01 -1.9465534400e-02 8.3934838062e-01 1.0979803073e-01 -2.9632011334e-01 3.0689117826e-01 -3.8111396255e-03 1.7898963288e-01
2.6227714671e-01 1.9920227248e-01 -3.9975714056e-02 1.9480191014e-01 -4.1639187681e-02 5.7357103425e-01 8.1054066984e-02 3.8213281809e-01 -1.0532200531e-01 2.1014181445e-02 -9.1453738353e-02 2.2947967365e-01 6.9709661089e-02 1.1089742086e-01 3.6641168351e-01 1.2183252535e-01 -1.7595889766e-01 1.3519187638e-01 -1.0245008443e-01 1.7608766540e-01 1.7731290071e-01 -1.4011749564e-01 9.1541794166e-03 4.8114622431e-02 1.7088588290e-01 4.4166865999e-01 4.2539375475e-03 5.3309156104e-02 -5.2256657637e-01 -5.6634869298e-02 2.7864557471e-01 2.7975884445e-01 -6.6730783617e-02 -3.8192423635e-02 2.3609236666e-01 3.3461007820e-06 2.4756578449e-01 4.3403440284e-01 1.2491995487e-01 -2.0095374084e-01 1.0421674041e-01 -1.3177657190e-03 3.0621610683e-01 -2.1906253107e-02 -9.5940541839e-02 3.4037998717e-01 4.6857101808e-01 3.1617605069e-02 -4.1491855140e-02 -9.3963990929e-02 2.2737850731e-01 1.2629442000e-01 1.6798853714e-01 -1.7643043303e-01 2.3153718630e-01 7.9225732331e-02 -6.5552763231e-03 -8.0380943174e-02 9.4415833038e-02 1.2779166891e-01 3.5969943121e-01 2.5447130894e-01 -5.2279890739e-02 -2.3557454879e-01 2.2199778303e-02 7.9305545341e-02
1.8932203634e-02 3.0498475294e-01 1.6606742885e-01 1.6088995240e-01 1.7325661723e-01 1.6025348636e-01 2.2660841222e-01 1.0579539517e-01 -2.2292922439e-02 -1.8221418580e-01 6.3387691542e-02 4.5102077444e-02 1.5696469232e-01 2.8435545930e-01 1.3431206334e-01 3.4319932296e-02 -7.3353158859e-02 7.3869218934e-02 9.4853622624e-02 2.7141146025e-01 9.1127815656e-02 8.3871164072e-02 5.6543001197e-02 7.8257898435e-02 1.9992513405e-01 1.2802719442e-01 1.8949485417e-02 1.2405425765e-01 1.3702109880e-01 -5.7753236984e-02 3.4711037165e-02 3.2970711483e-02 3.0398712541e-01 1.2187021866e-01 4.8729055763e-02 2.6616166204e-02 1.9954574264e-01 1.6750467132e-01 2.0202543446e-01 1.0667124665e-01 -1.1083410959e-02 1.5446265999e-01 5.0735618223e-02 5.5095058380e-02 1.9464746826e-01 1.5465872349e-01 1.3935063555e-01 2.7066278387e-01 -3.4376544992e-02 1.8832984604e-01 1.7751253135e-01 2.3212627665e-01 3.5441116653e-02 2.0412632799e-01 2.2233622978e-01 3.2918034443e-01 1.5087628591e-01 1.2256204425e-01 1.9774742095e-01 3.0738288837e-01 -7.4707832633e-02 6.5084469467e-02 2.5766894937e-01 7.1240017050e-03 2.7061405962e-02 6.8498620457e-02
-3.9899161101e-03 -1.0718749854e-01 -1.3605370622e-02 -3.9721560679e-01 -2.0311670608e-01 2.5722321927e-01 8.1127902221e-02 -3.7886649305e-01 -1.7775156661e-01 1.3617399132e-01 6.5574311745e-02 3.7320933005e-01 -2.7239502055e-01 3.9500016431e-01 2.3482789548e-01 2.8850672245e-01 -2.8254797834e-02 1.6097235284e-01 -1.6592561759e-01 3.1026689495e-01 -1.6214256600e-01 -2.5313998012e-01 -1.7350558131e-02 1.5141754826e-01 2.0188524864e-02 -4.3768010614e-01 1.5113291766e-02 2.4060861694e-01 4.5846304870e-01 -2.5993792867e-01 2.7343423994e-01 -1.5191257957e-02 -2.2980309768e-01 2.8006493066e-01 7.4380009103e-01 -3.5756230374e-02 2.7150249267e-01 -1.5484615021e-02 5.8000087566e-02 -2.1066933746e-01 -5.7818455171e-02 8.8824097980e-02 4.8397529724e-02 -2.2597971002e-01 1.5913336105e-01 1.5516913027e-01 1.3219832045e-01 4.8551855598e-01 2.4790995343e-02 -2.8887220458e-02 -9.3814315558e-02 -2.0653178608e-01 7.8290372993e-01 6.2994543627e-01 -2.1117121523e-01 1.4152092288e-01 -2.7464215029e-01 1.0035161832e-01 8.0642611985e-02 -8.8575362863e-02 -4.3051977084e-01 2.5301769898e-02 -2.7719612861e-01 -1.0068169086e-01 2.1043375700e-02 4.7765200499e-01
-6.8126859746e-03 -1.8085051401e-01 -1.1632897269e-01 2.6675028162e-01 5.0208934550e-02 -1.1604955599e-02 -4.4522073538e-02 -8.1175648991e-01 5.9430437019e-02 -3.4570329456e-01 4.9201513626e-03 -2.1225091516e-02 2.6117884548e-01 1.7201276198e-02 -4.0646024778e-01 1.5702966330e-01 -9.8689469937e-02 -1.2881193752e-01 -1.0292604425e-01 -7.0995139147e-02 7.6532492628e-02 3.0258474509e-01 6.3104784049e-01 -3.2044896461e-01 -1.8174383805e-01 3.6317546582e-02 -4.1458360821e-02 8.8509257265e-02 -2.3012919283e-01 1.0309985812e-01 -4.0389141509e-02 -8.4026971993e-02 -5.6730106078e-01 -2.3386732988e-01 1.3544336820e-01 6.3875048201e-02 2.4488403855e-01 8.4222803029e-02 -3.9483718703e-01 4.7406065902e-01 3.6291865463e-01 2.1876961558e-01 -2.9581198399e-01 2.1606972224e-01 -2.8369213307e-01 1.0807946716e-01 -4.8691392939e-01 2.1204033583e-02 -2.1602104156e-01 4.4098038769e-02 -3.6171875259e-01 -6.2856178166e-01 9.6011095941e-02 3.8302077031e-01 -3.6943330573e-01 4.3219783998e-01 -1.5611610201e-01 2.7000437805e-01 -1.4414973826e-02 6.2607536549e-01 4.7315286234e-01 -9.9385371327e-02 9.8877655929e-02 8.2549911552e-02 -6.0267360142e-02 -6.2810124426e-01
-8.2016837271e-01 1.0152673554e-01 -6.3149959807e-02 -3.7642967492e-01 -2.8865503053e-01 2.0527806399e-01 1.8911292675e-01 6.8482266091e-02 2.6246037530e-01 5.1018718288e-01 -3.1646151488e-01 2.5323463857e-01 -4.8180397882e-01 -2.0223297325e-01 -1.7025813373e-01 1.5882358763e-02 1.3813150650e-02 -4.0938841190e-01 -4.8135048731e-02 3.5506198276e-02 5.1487696828e-02 2.3680312168e-02 4.1295582403e-01 -6.4605685463e-03 1.6840293155e-01 8.8837359827e-01 -2.7613538860e-02 -1.7232635249e-01 3.7452023943e-01 3.8118039160e-01 3.2013111009e-01 2.0501983268e-01 -2.5297944977e-01 2.6444934670e-01 2.5011545398e-01 1.8841711231e-02 -7.0398230722e-01 1.2743335321e-01 4.5962215948e-01 -3.8457805012e-01 -2.2438532138e-01 -6.1010464062e-02 -1.9896708197e-01 1.1588691054e-01 -7.9047005303e-01 6.6370735504e-01 -6.0215239857e-01 3.4557410900e-01 3.6923624204e-01 -1.8897077658e-01 -4.2059757092e-01 -5.8277834108e-01 -7.5343173420e-02 1.1917921040e-01 4.4133694158e-01 -7.6128736439e-02 1.8219074152e-02 1.6533501791e-01 -4.8999431386e-01 -2.6461915606e-02 -3.3603939118e-01 6.7260849600e-02 5.3550561666e-01 -8.3880419967e-02 -3.2858811841e-02 -7.7286258413e-01
8.7526590702e-02 -1.3817138629e-01 -3.2882602098e-01 -1.9259668395e-01 2.0514057251e-01 2.8038250478e-02 -1.2073282940e-01 1.1743965070e-02 -3.1013929986e-01 -9.0208768471e-02 2.8937265429e-02 -2.1280348472e-02 -3.3914956830e-01 -1.9953798496e-01 -3.7418304980e-01 -2.2276529745e-01 -1.5114929299e-01 -3.6752636444e-01 -3.9337158619e-01 4.6286668892e-03 -2.4561713480e-01 -4.9030872552e-01 9.0466718430e-02 -5.0976055132e-01 1.3962466205e-01 -1.5694532911e-01 -5.4379443946e-03 -2.8957381973e-01 -3.3276450753e-01 2.9455817115e-01 -1.5292353773e-01 -2.4750367250e-01 1.7211556747e-03 2.0022359164e-01 -4.6295431195e-01 2.7119023495e-03 -3.6191941901e-01 -3.2342606707e-02 -3.8083517967e-02 6.5276240322e-01 3.5134958963e-02 -4.2592156457e-01 -1.0470464055e-01 2.1765151790e-01 -1.9434900191e-01 -1.2964062861e-01 2.5143918024e-01 -2.8210784324e-01 3.4463984925e-01 -3.3669705918e-01 -2.6385092374e-01 -6.1648091107e-01 1.3357131833e-01 1.5067769731e-01 -1.2755562229e-01 -4.2430918532e-02 -5.8919601436e-01 -4.3842835647e-01 3.1898766026e-01 3.6759763879e-01 -2.9146078279e-01 -3.2527450177e-01 -4.4729633854e-01 -4.4456798957e-01 -1.1112805952e-02 -5.5023166315e-01
8.1009807514e-02 2.6663438308e-01 2.8193411704e-01 -2.8759170005e-01 -2.2137942555e-01 -1.7481694133e-01 -4.8537547539e-01 8.0354523082e-01 -6.2501599013e-01 -4.5016198447e-01 -3.2907905531e-01 -5.4155344243e-01 -1.0976540992e-01 -5.0069440688e-01 3.9177567661e-01 4.0492603695e-02 8.1679906845e-02 6.4270034503e-01 -1.5573110485e-01 -3.0178057731e-01 -5.6330698990e-02 4.9764798339e-01 3.8703723812e-01 -2.0325639556e-01 -4.8544294273e-01 1.0881758788e-01 2.1358454413e-02 3.6024164217e-01 2.5062748096e-02 -2.5139371952e-01 -5.1597347166e-01 4.6785547956e-01 3.9473249475e-01 3.4480268026e-01 -3.2799853353e-01 -1.9123922231e-02 -4.9049309157e-03 4.3461579983e-01 1.5994256933e-01 3.0504108879e-01 -2.4593721767e-01 1.1361592943e-01 2.5360070674e-01 -5.0329102628e-01 5.9178659385e-01 4.3176567200e-01 3.6617525454e-01 2.1173018796e-01 2.5968575473e-01 1.6358958375e-01 7.1792396910e-02 -4.8169285047e-01 -3.9798408767e-01 7.6129527598e-02 -2.1731805870e-01 -1.8855429057e-01 -2.2538776607e-01 -2.7454081416e-01 -4.6351095269e-01 1.0484414533e-01 1.1405260153e-02 -2.2264821219e-01 5.4509946233e-01 4.9061032044e-02 1.2318439170e-02 6.5707091493e-03
4.1735674278e-02 7.1649497486e-03 -1.3126622797e-01 3.4672849568e-01 -5.5203727975e-02 2.5826276951e-01 8.6507585778e-02 7.1377457500e-02 1.4964588150e-01 -9.3604218589e-02 1.3322347677e-01 2.9757902477e-01 6.4402588505e-02 3.9296911917e-01 1.9938618735e-01 4.4327780248e-02 2.7937300725e-02 -7.2333354758e-02 2.3991246761e-01 2.0576806602e-01 -9.9769193187e-02 1.5695258620e-01 8.7108205635e-02 5.4563449971e-02 1.4140551612e-01 1.1580517889e-01 -4.3446047226e-02 1.3932618795e-01 6.4189243258e-02 1.8197966848e-01 2.4155082542e-01 1.7659979190e-01 4.7233303511e-05 2.1661262116e-01 1.5665943298e-01 -3.4474316688e-02 2.1037757695e-01 5.7137111092e-03 -4.5222565891e-02 3.2473405015e-01 -1.6870094112e-01 2.2591331842e-02 3.0580938009e-01 1.4731869591e-01 2.4742580960e-01 -7.0526509413e-02 1.4723131874e-01 3.5593011729e-01 4.5572066402e-02 3.9020695960e-01 -2.1044729436e-01 3.1113561836e-01 7.2715107091e-02 2.3027768225e-02 5.2641554618e-02 3.6435206118e-02 -7.2006750692e-02 1.3480451098e-01 4.0555740730e-02 -3.5748239124e-02 5.8460731853e-02 1.9605419480e-01 1.2164954681e-01 3.6439267247e-01 -4.8755407278e-02 -1.4489795003e-02
3.3830469980e-02 8.9927337735e-02 3.2754276494e-02 -4.0091633966e-01 3.7124012686e-01 -2.5638170708e-01 9.4658752733e-02 3.6969445914e-01 1.5387531961e-01 3.7686337433e-02 2.9571895506e-01 -2.5132484360e-01 -1.8302489948e-01 1.3757677930e-01 -2.2900607824e-01 -1.5973258959e-01 2.8652132541e-01 1.4274504876e-01 5.9756999958e-02 -1.7217986215e-01 3.1410577599e-01 1.2710438583e-01 -3.0138284482e-01 -3.1058996310e-01 9.0247148259e-02 5.4502332496e-01 -2.7248427141e-02 1.4521781872e-01 9.0881445527e-02 -6.3776971662e-01 1.9703754888e-01 -5.6265345643e-01 -4.0876063374e-01 1.5292224303e-01 2.0246078986e-01 -2.7164543801e-02 -1.0887351815e-01 1.1026919684e-01 8.8424029252e-03 2.9714438833e-01 -3.8089184944e-01 -2.7107825041e-01 5.5471645853e-01 1.8389708098e-01 -1.5935996870e-01 6.0710980618e-01 -6.1064160410e-01 -3.1935811087e-01 -2.1771368572e-01 -1.9852391957e-01 4.1459987107e-01 -1.6427570334e-01 8.6058574256e-01 3.3798386582e-01 -2.8188613995e-01 1.7494848955e-01 1.7791720039e-01 -1.2862831429e-01 7.2758476793e-01 2.2393172292e-01 1.6480354448e-01 4.4964657820e-01 1.4143551853e-01 -1.9123458266e-01 -1.2067901237e-02 1.6044963710e-01
2.0019206504e-01 3.5729714676e-01 3.5739019583e-01 4.4126208452e-01 5.5717401609e-01 4.0057736349e-01 7.8299447927e-02 7.1038136569e-01 -9.1303473121e-02 1.1953545590e-01 2.7842586223e-01 3.7930698386e-01 1.5142238835e-01 -5.8974963997e-03 2.8477252026e-01 3.9935370450e-02 -6.6738462307e-02 -1.3204219160e-01 2.5504695762e-01 -2.4238734325e-01 -1.1496514726e-01 5.3377107376e-01 4.0868951645e-01 1.5498736392e-01 -4.5407647774e-01 9.3208787860e-03 6.4944310250e-02 4.1025601528e-01 -1.7931518697e-01 2.5614142527e-01 -3.8429128937e-01 -4.1872721876e-01 -5.1844915574e-02 -4.3125606028e-01 4.8061334890e-01 -2.2445075170e-02 -3.1696296917e-01 -3.6527204895e-01 -1.0122642586e-01 1.3872968219e-01 -2.4165383817e-01 -1.9143070562e-01 -2.2395449756e-01 -3.5214901917e-01 -3.0760468340e-01 5.8270233122e-01 2.5037904519e-02 2.2648762703e-01 3.0655887014e-01 -3.1869542316e-01 1.4000912052e-01 6.6487172340e-01 1.9981589634e-01 -7.9398543276e-02 -2.3957134861e-01 1.7179662165e-01 -4.5879384201e-02 9.6586590976e-02 3.1485740759e-01 -3.9849590299e-02 -2.0309906253e-01 -4.7471918658e-01 4.8254943969e-01 -2.7911531823e-01 3.6548632175e-02 -6.6702320241e-02
3.8301912421e-01 5.8759908719e-02 -5.5674155572e-02 4.3972488828e-02 -1.1900501569e-01 2.2114669290e-01 -5.6627345986e-01 -3.3606880475e-01 2.4130549162e-01 -8.4597527780e-02 3.8266632075e-01 1.3676119682e-01 -1.2173684381e-03 -2.1869058504e-01 5.7186815263e-02 -4.7188640095e-01 4.0051374928e-01 1.2360939957e-01 4.8852139518e-01 1.5932379888e-01 -1.8577520329e-04 -5.1551775980e-01 2.4322057106e-01 -4.2420916946e-02 2.5312853971e-01 -2.8447934494e-02 3.7375717484e-02 3.7174345371e-01 -1.7439475366e-01 -7.1577012515e-01 2.7032708661e-01 6.9360274378e-03 7.2377464224e-02 -9.5234440243e-02 -7.1523565549e-02 2.2224092355e-02 3.0012430337e-01 -4.3618000522e-02 1.2823213671e-01 3.7160242546e-02 1.0403087339e-01 -4.7425563417e-02 -1.1298217023e-01 4.9161852183e-01 5.2333949599e-02 2.5627043911e-01 -1.3363486890e-01 -3.8976251283e-01 -3.4701070130e-02 -1.2796524823e-01 8.3696439084e-02 4.2094028721e-03 5.2044415830e-02 1.3766709708e-02 4.0974151096e-02 1.3943526305e-01 5.0055321426e-02 3.8193559711e-01 7.8007998518e-02 -3.2875575142e-01 -1.9407453652e-01 3.8963182030e-01 -4.9240463007e-01 4.3441665758e-01 6.2192335725e-03 -3.0356061704e-01
2.3407820760e-01 1.3190985059e-01 2.2473106687e-01 1.9171437712e-01 1.7488896688e-01 2.3660180524e-01 1.1044489016e-01 2.1087961007e-01 7.9174778536e-02 -1.2900140784e-03 7.5433218830e-02 1.2477564379e-01 1.8918271577e-01 1.6876157443e-01 1.8409672452e-01 7.4186178191e-02 1.8052053025e-01 3.6370914677e-02 9.8499043673e-02 1.6510244483e-01 1.2386051778e-01 1.2796129226e-01 2.1143979092e-01 1.9736603285e-01 -1.0837934406e-02 1.3434758238e-01 1.8674353557e-02 3.8894724224e-02 1.2591802095e-01 1.5098891037e-01 1.1712510340e-01 1.5866877555e-01 1.5214856722e-01 3.1369260997e-02 2.6850355415e-01 -1.4652187580e-02 -1.4053226474e-02 7.4515785190e-02 1.2368656935e-01 1.7410394719e-02 6.3072329194e-02 2.2654013576e-01 4.7781183426e-02 2.3736509116e-02 2.6739209430e-01 1.3811871967e-01 1.8754133045e-01 1.0403580922e-01 3.2930097032e-01 3.3081142107e-01 2.9983114507e-01 4.6937366483e-02 -4.8287688285e-02 1.8756396009e-01 4.8790715264e-02 3.4324631108e-01 2.5430174661e-01 1.7064293402e-01 1.2112305111e-01 2.2717599007e-02 1.2382204855e-01 1.5235918420e-01 1.3861966583e-01 1.5205060725e-01 3.5945221221e-02 1.2738126039e-01
-2.9999590779e-01 1.3221835580e-01 -5.8790169953e-02 -4.7473367988e-01 2.8044028617e-01 8.0758553413e-01 -2.6914649916e-01 -4.8997300851e-01 6.3077846994e-01 -5.6354972918e-01 3.9189565385e-01 -2.2721832312e-01 1.4277885639e-01 1.5021029791e-01 3.0051498109e-01 -1.1226434039e-01 7.8925071126e-02 2.8355849405e-01 6.1474183604e-01 -7.8686411768e-02 -2.9908846660e-01 -1.4099631648e-02 -9.8880611177e-02 -8.9794108985e-01 -3.3041491453e-01 4.2366829031e-01 -6.2740515081e-02 -1.8482627034e-01 2.7189177229e-01 7.3006133985e-01 2.8098558058e-01 3.7701283800e-01 -1.5083181329e-01 -4.2326822400e-01 3.2195477799e-01 2.5636430291e-02 -9.7359343485e-02 1.5664869297e-01 -2.1175443521e-01 -9.2021119833e-01 -1.6275604180e-01 -2.6165760967e-01 -1.8089470480e-01 -6.9153775036e-01 1.7834557665e-01 -2.0395663681e-01 5.4684485836e-01 -7.4960338195e-02 -1.0990520768e-01 -2.9476483666e-01 3.4916392552e-01 -7.9664756055e-02 4.1681921870e-01 4.0044763051e-01 -3.9301002611e-01 -2.9548804190e-01 5.4967185621e-01 -4.2843589635e-01 7.4021319852e-02 -6.0734878969e-01 2.2131250197e-01 2.1433702504e-01 2.2532874274e-01 -5.6423470190e-02 4.6706591247e-02 -1.7596753273e-02
2.2559100430e-02 -1.5372062879e-01 -5.4239464021e-02 -8.3119553622e-02 -6.4428083153e-02 1.0461217808e-01 9.8589983734e-02 3.7196785228e-02 -1.2169561468e-01 -3.1646837900e-01 -2.5732624923e-01 -1.7031804362e-01 -2.0532989381e-01 2.1180941790e-01 -1.8448053223e-01 9.5935511678e-03 6.8825088380e-02 -1.0481024516e-01 2.6815694835e-01 -2.7623539258e-01 -1.5641983940e-01 4.3229670385e-02 -1.9068259261e-01 9.0142570242e-03 -1.2481342591e-01 1.8465440072e-02 -3.3716766058e-02 -1.6008684959e-01 7.3048444049e-02 1.1274245152e-01 8.1295403343e-03 -6.9936724156e-02 -7.4758155842e-02 4.8696680881e-02 4.6224268938e-02 2.1765581392e-02 -1.3483809986e-01 1.9419887308e-02 -2.7238783362e-01 -1.5867027359e-01 -2.4123373709e-01 1.5751622848e-01 -8.1711599086e-02 -1.9134401855e-01 -4.3008380565e-02 -9.0753868834e-02 -1.7423905883e-01 1.3656663712e-01 3.1419072495e-02 -1.3962870988e-01 -3.3186790891e-02 -5.1960635840e-02 -1.5127580473e-02 1.4129212771e-02 1.2741961372e-01 -2.2270145599e-01 -2.9098986321e-01 -3.3482536137e-02 -9.4276194534e-02 -7.7445114130e-02 2.9753388516e-01 -1.7011032998e-01 1.8138833936e-01 -1.0424096662e-01 -8.7587129400e-02 7.7564687333e-02
-3.8326202037e-03 1.4134640969e-01 -4.2911062711e-02 1.4170066833e-01 -2.7922400552e-01 -1.8500296563e-01 1.4549005907e-01 3.3303030808e-01 -6.4116208218e-02 -3.0191431302e-01 2.0572192020e-01 -1.1252350191e-02 -5.5887237161e-01 4.2283446647e-01 -1.2228470512e-01 4.1408243662e-01 -4.1677724925e-01 2.2174989734e-01 -3.6505417075e-01 1.4387088738e-02 -1.4262245857e-01 -5.7601437661e-02 3.1636870304e-01 -1.8274859719e-01 4.5252112756e-01 -4.6707460732e-01 -1.5180652174e-02 2.2632463721e-01 1.7144840098e-01 -1.7020075737e-01 -5.1427029293e-02 2.3504323367e-01 -5.6814931513e-01 1.7426602359e-01 -1.0885343126e-01 -1.9436908427e-02 -1.5443568681e-01 -1.4337334043e-02 1.6359380989e-01 -4.2793023609e-01 -1.7246933182e-04 5.5825198254e-01 -1.4253952220e-01 -2.5629324030e-01 1.9261314213e-01 1.8615247792e-01 -1.5921217803e-01 2.8460221214e-01 1.0543898907e-01 1.2339296784e-02 5.8742987697e-01 -5.7094474612e-02 -1.7408055142e-01 -1.0825629411e-01 8.9996803437e-02 -1.1170495019e-01 5.7000375713e-02 3.1635039448e-02 4.0031926003e-01 2.2677700770e-01 -6.8486005946e-02 -1.8885793857e-01 1.7227375389e-01 2.3179204023e-01 -1.3368496707e-02 4.0769662985e-02
-7.7228785597e-02 4.9076836616e-01 3.4782764195e-02 8.7899410507e-02 -1.8096684858e-02 -3.9868383176e-01 2.9814517818e-01 -6.1409694889e-01 -1.6579076119e-01 -5.4341217312e-02 9.3643466934e-02 1.7647018638e-01 -7.8220324231e-01 -4.4299029901e-01 -1.0094109457e-02 -3.8699109469e-01 3.7089748841e-01 1.1271171297e-01 7.4394054246e-01 -6.2309192428e-02 -4.2358040889e-01 4.9159438206e-01 -1.8735557739e-01 -5.9714578712e-01 -6.4595364646e-02 -4.4657128784e-01 1.0540447556e-02 -9.3439390483e-02 -3.0410749920e-01 -1.1305422567e-01 -4.0292226544e-01 2.3879605459e-01 -3.6198547250e-02 2.5807108467e-01 -7.9322216046e-02 -1.7917330231e-02 -4.5924133420e-01 -5.7939543521e-01 -2.5935562466e-01 -1.0398955470e-01 2.8125141811e-01 2.7924658039e-02 -1.9605157468e-01 6.1622987656e-01 6.4183631093e-02 2.6389109459e-01 -6.3338006917e-01 -1.7112904076e-01 1.6619705528e-01 -4.5324301430e-01 -3.0623726972e-01 2.5218467893e-01 4.5155725136e-01 -3.3818398517e-01 3.1719109409e-01 -1.9735308279e-01 2.4960131414e-01 -1.5002436116e-01 -3.1544140492e-01 -1.8569013274e-01 5.6455868647e-02 -1.6795046055e-01 1.1056107237e-01 -3.0555223727e-01 3.8480542353e-03 4.4257501772e-01
3.2709322636e-01 -4.0797222332e-01 3.5552554947e-01 -1.4395141905e-01 -2.4823980631e-01 -5.0103179175e-01 1.3604721429e-01 -1.7756256681e-01 -9.2907492588e-02 1.5511981930e-01 -7.3207049490e-02 -3.0077196668e-01 -2.8875276219e-01 2.7418593083e-02 -2.1822374840e-01 -3.5964428727e-01 3.0024740769e-01 -3.7234795468e-02 -2.9757545815e-01 1.1612701054e-01 -8.4629260675e-01 -2.5114601202e-01 -2.3357299200e-01 4.9984432423e-01 -3.9862568457e-01 2.1742609221e-01 -1.0490290281e-02 2.9506370272e-02 -3.9710992094e-01 2.9167321960e-01 -3.2145781045e-02 -3.9926872277e-02 -5.8005491541e-01 1.2580304281e-01 -2.0932039805e-01 1.7894455975e-02 -1.5704940281e-01 -2.0203997114e-01 -1.1312432201e-01 -5.0091904127e-02 -2.3628061811e-01 6.5775597064e-02 1.1063293459e-01 -1.8145562581e-01 7.2357952106e-02 -3.8012629847e-01 1.5458254091e-01 -2.8388147313e-01 -1.5044577168e-01 -2.4414714617e-01 -3.6959346880e-02 3.0621935255e-02 3.3437200417e-02 1.0303627154e-01 9.8701026026e-02 1.0625921255e-01 -4.5340893675e-01 3.2889858514e-01 3.4066488612e-01 -1.6116518898e-02 -2.0924886417e-01 3.6520520850e-01 1.5585704274e-01 -1.0283492291e-01 2.4436965823e-03 -5.9514480980e-03
1.5989127505e-01 -2.8952535819e-01 2.1216141813e-01 2.3207837476e-01 3.5549315202e-01 3.7303939629e-01 -2.0330358016e-02 -8.8861356553e-02 -6.7476145793e-01 -2.6563534471e-01 -1.8095705443e-02 -2.9886283968e-01 -1.2854919706e-02 -2.7627915210e-01 5.8240406004e-02 7.2473055294e-02 4.7741298678e-01 -2.8477882195e-01 -4.6397131003e-02 4.0984309728e-01 1.2045454727e-01 3.6158017302e-01 -4.0067058293e-02 7.2348891283e-02 5.9999125399e-01 2.1214813346e-01 -1.8226341878e-02 -6.2302318046e-02 -3.8279549436e-01 5.0816605257e-03 6.8300501727e-01 5.4241783293e-02 -5.9106578193e-01 1.0605211859e-02 -5.0863937216e-01 1.6958084022e-02 2.4790353453e-01 3.1579931875e-01 -2.1683132811e-01 4.2559091089e-01 -3.8797870427e-01 -5.0586797974e-01 -2.3139123052e-01 -2.4463920996e-01 1.0742504074e-01 7.4536015646e-02 -4.4901565617e-01 7.9260096500e-01 -3.1385463428e-01 2.9321909066e-01 5.6511775393e-01 4.1326278239e-01 -2.9466030815e-01 4.5258366998e-01 -1.9084302060e-02 -4.0330373504e-01 4.0270501344e-01 1.6953714385e-01 -2.6403096177e-01 3.6425288642e-01 2.0566722158e-01 -3.9305224111e-01 1.3769471231e-01 2.2875870680e-01 -2.4407867966e-03 2.2314898465e-01
2.1808872125e-01 -4.4992179741e-02 -3.8744690232e-01 3.4149219197e-01 -6.7297476199e-02 4.3059739087e-01 -5.5992783938e-02 -1.6582279307e-01 -4.4821824390e-01 1.1741042482e-01 3.1001530265e-01 -2.3345703446e-01 -1.2985635336e-01 -6.5354749264e-01 -2.5351700102e-01 2.1151652325e-01 4.1085739798e-02 5.0227097337e-01 1.0457432703e-01 -6.7021070441e-01 2.4286966752e-01 -2.4407957484e-01 2.3499148757e-01 4.1998829963e-01 1.4560238610e-01 4.6330204185e-01 -5.4257037314e-02 1.9681102144e-03 3.6349902467e-01 8.8623898259e-02 -3.4027227342e-02 1.2244387999e-02 3.3626700656e-02 -4.3318318181e-01 -3.9752322933e-01 3.3597298722e-02 -1.4077377737e-01 2.3682840444e-01 -1.5258051487e-01 -5.3920950786e-02 -5.0956439001e-02 4.6264279060e-01 -3.8689845742e-01 -3.3746465834e-01 -9.6510654301e-03 2.8314308365e-02 7.8825193449e-01 2.9529687022e-01 -4.8056282801e-02 1.7253363785e-02 -5.1662098179e-01 5.3081518037e-01 3.0420771807e-01 -3.8865628529e-01 4.3379189355e-01 4.4741010201e-02 -1.1068805086e-02 -1.1618610521e-01 2.9603570008e-01 5.5971830867e-01 -2.4990318600e-01 2.8553740055e-01 -4.2693803373e-02 4.6214357712e-01 6.6597679917e-03 2.4954521791e-01
1.6582661974e-01 -1.0380055433e-01 9.6214770787e-03 -1.1297302214e-01 7.8437538414e-02 -6.9864088426e-02 -4.6052461049e-01 -1.6198587930e-01 -5.0983933104e-01 7.4652562552e-02 -1.0880409119e-01 -3.6182004928e-01 2.4322202373e-02 4.2911367075e-01 -1.6323645076e-01 -3.0479711152e-01 -1.5050146450e-01 -1.8251917807e-01 2.9788474182e-01 -5.2212513618e-01 -8.6847855066e-02 -2.2647968773e-01 -2.0920637562e-01 6.4929598520e-01 5.2005239384e-01 -1.9677968143e-01 -1.6540952583e-02 -2.1098623147e-01 -2.8651137403e-01 2.7855165516e-01 1.6234070414e-01 2.1772497645e-01 7.0497235526e-01 -7.4912383184e-02 7.9792238964e-02 -1.9996472013e-03 1.4133762773e-02 -1.9214135175e-04 -3.3624089237e-01 -1.4746809711e-01 -2.2482356896e-01 3.3763251059e-01 1.3385711739e-01 -3.6016364278e-01 2.5887498564e-01 -3.4310455527e-02 -2.9172320170e-01 1.2066486168e-01 6.7807136818e-02 -2.4382215111e-01 1.0398935484e-01 2.9313042830e-03 -4.3381695873e-02 1.5166195188e-01 -1.0132005195e-01 -6.7992716031e-02 -6.8651010346e-03 -6.1627650097e-01 8.7926768533e-02 5.2219719920e-02 -5.3890201817e-02 4.7229383215e-02 -1.3605452710e-01 2.0500777232e-01 -2.5762467515e-02 3.4296719447e-02
-1.4701873849e-01 -7.2921500059e-02 2.3130030530e-01 1.0882018905e-01 1.8930572999e-01 1.4251477457e-01 -1.2380011172e-01 -3.3809463973e-01 -1.2840677519e-01 -5.0036947844e-01 -3.5834308657e-01 -1.7208128902e-01 5.2449015307e-03 -1.8133330814e-01 -1.4187008842e-01 5.2359490700e-01 -3.6794755196e-01 1.2102355479e-01 3.0950683552e-01 4.9696706473e-01 1.6462194779e-01 -5.0448344537e-01 1.6232931941e-01 -8.1912621360e-02 -3.6406351238e-01 -2.9490691454e-02 3.5009440767e-02 -3.0338118287e-01 1.5049460708e-01 -3.6132116414e-03 -4.5898161729e-01 3.4137336423e-01 4.9669452881e-01 -5.6922985341e-01 -7.5993744048e-01 -2.6723896864e-02 -2.1870587182e-01 1.6793046598e-01 3.9452348522e-01 2.4080410421e-01 1.9267242802e-02 1.1804846659e-01 2.9410554528e-01 -2.9577005175e-01 -5.2733894970e-01 1.6173860071e-01 -5.4290414903e-01 7.9605643489e-02 -2.1570910419e-01 -7.5113527041e-02 -1.5273245993e-01 1.2278627613e-01 -8.2335795749e-02 6.9735002718e-02 -2.5432723534e-01 -6.6075266176e-04 -2.8969371576e-01 3.9645538432e-01 2.3058489352e-01 -9.4327215577e-02 2.6643614667e-01 1.9340497675e-01 -2.8961424735e-03 6.0539289611e-02 5.0370070559e-02 -2.4309696258e-01
4.0879354002e-01 4.0233661412e-01 9.6910485367e-03 3.2670244208e-01 5.9210753511e-02 2.9708066530e-01 -1.2331055904e-01 4.7787680031e-01 2.8224752067e-02 -2.8235172712e-02 -1.0707348225e-01 4.7015225363e-01 -1.2382276625e-01 3.0341093747e-01 5.4297146695e-01 1.3632406930e-01 1.2232022181e-01 -1.3604679753e-01 2.8277159859e-03 8.5601583054e-02 -8.0703934202e-02 3.4828022640e-01 1.2187363793e-01 -9.3714286469e-03 -3.4696884203e-01 2.3795998159e-01 5.3862599312e-02 4.3613728714e-01 1.5014636314e-01 -4.1083786221e-01 -9.2921456279e-02 -3.2805049530e-01 1.8621537519e-01 3.2801614788e-02 -1.8497384097e-01 -6.6296456979e-03 -2.8731051649e-01 -1.1986638571e-02 -5.4389296934e-01 -1.5507745844e-01 9.7330256420e-02 6.0353379544e-03 -5.5152273365e-02 1.7580391624e-01 -6.2418105706e-01 1.4036833930e-01 -1.1210200779e-01 -2.2666069908e-01 -2.5630076576e-01 5.6747029165e-01 5.5746591528e-01 -1.0537314180e-01 -2.8076653723e-01 3.5771129518e-01 6.7972957022e-01 -1.3869831200e-01 1.9602142134e-01 -5.9621954193e-01 2.9134236621e-01 -8.5755378170e-02 5.1567641994e-01 6.5391693849e-02 -3.3619956207e-01 3.2104499452e-01 -2.5500313663e-02 -4.4761465211e-01
-1.5752574086e-01 -5.6879615700e-02 6.1955117326e-01 -2.5806703420e-01 3.8788871339e-02 1.4135691983e-02 -1.5291962029e-01 -2.3324057352e-01 9.6923968237e-02 1.2287056537e-02 -3.2062141179e-01 -9.5648604688e-02 -1.3261066023e-01 -2.3794186587e-01 -2.5469359064e-01 -2.8153583733e-02 -2.4811365883e-01 -1.5747388771e-01 -5.3959464820e-02 -1.9029833819e-01 1.7212333967e-02 2.1527029552e-03 -1.0251162929e-01 1.6208125909e-02 5.5357889795e-02 -2.4870332835e-01 5.5401537847e-02 -1.8594705981e-01 -1.4971896167e-01 -2.5605885013e-02 -2.0099317254e-01 3.7603510557e-02 -2.6536821990e-02 -5.2113159442e-02 -9.7142891611e-02 2.6012549125e-02 -9.5245852936e-02 -4.3100254510e-02 -1.7633347620e-01 -2.1625189358e-01 3.2809052205e-02 -1.4426024124e-01 1.1192937857e-01 1.6749000676e-02 -4.7194800421e-02 -1.2028936885e-01 -3.9920496183e-02 -8.5613791442e-02 5.9437716217e-02 -8.0224705032e-02 -2.2455470412e-01 -1.6638831185e-01 -6.2956083918e-02 -1.6201066090e-01 -1.5066192785e-01 -1.5285290909e-01 -1.0741263266e-01 -8.4133099621e-02 -1.4662483232e-01 -5.8947993252e-02 -1.2036771144e-01 -1.2413809264e-02 -2.5517552172e-01 8.2600799626e-02 -7.1167408650e-03 -6.4714698228e-02
1.2131362813e-01 1.4465191483e-01 -2.2844097996e-01 2.6071827274e-01 2.5591196577e-02 -2.3974678673e-02 5.9020523410e-02 2.2767409715e-02 3.3148131529e-01 -1.3154384327e-01 3.1164010038e-01 2.0879288884e-01 9.0117342854e-02 7.6152582533e-02 1.6708593348e-01 6.6166605496e-02 1.1052107688e-02 7.5188874133e-02 -5.5208007516e-03 8.2779898376e-02 -2.3300422770e-01 3.8179826143e-01 4.3160333747e-02 2.5060894774e-01 1.5940745971e-02 4.2891119816e-02 -4.8491835867e-02 2.8531000689e-01 2.1799327753e-02 2.5822225957e-01 -2.4282534846e-02 9.1241564325e-02 -2.6623580948e-01 1.8581506503e-01 6.1242133836e-02 2.8578986229e-02 -7.0161312415e-02 5.4077108540e-02 7.6802181894e-02 -6.3751708326e-02 1.2641188111e-01 4.8141363488e-01 1.5555351718e-01 1.3506203417e-01 1.3297847652e-01 3.9577930550e-01 7.2841096575e-02 2.8045600311e-01 2.7153187639e-02 8.4846124002e-02 2.2765570301e-01 -9.6904700238e-03 6.7820100746e-02 6.6447627089e-03 -3.7890085972e-02 4.4471898700e-02 -5.3953377333e-02 7.8949812726e-02 5.4405084081e-01 2.7731632402e-02 1.5899381510e-01 3.2044991568e-01 -6.8789757161e-02 2.6031007649e-01 -1.6748908042e-02 6.3196960800e-02
-1.1348209416e-01 -2.4455548647e-01 -3.0935793716e-01 -2.0930214163e-01 -2.1566025520e-01 -1.1377631178e-01 1.2119825594e-02 -3.2273346256e-01 -8.6152152483e-02 -1.8131932644e-01 -2.3318206832e-01 -1.4753108990e-01 -1.9263329727e-01 -2.2540360409e-01 -7.3894118939e-02 -6.4636023757e-02 -1.2570264588e-01 -1.7898516661e-01 -1.8230404718e-01 -2.3827508105e-01 -1.9989155011e-01 -5.4236527710e-02 -3.9911893262e-03 -2.9325657448e-01 -1.8294109010e-01 -3.7395079304e-02 3.0042527185e-02 8.0547000299e-03 -2.0098657792e-01 3.1027270899e-03 -1.1384233679e-01 -1.0179402934e-01 -5.1462125002e-02 -1.2084396368e-01 -5.8564138050e-02 3.1697109851e-02 9.1260983134e-03 -1.5711008902e-02 -2.3003481886e-01 2.4852926583e-02 -1.2610775799e-01 -1.1226859109e-01 -7.7297001002e-02 -1.0215454372e-01 -2.0606552677e-01 -2.2896025961e-01 -1.7206829547e-01 -1.1956417673e-01 -1.8760254638e-01 -2.9209187283e-01 -2.0461457614e-01 5.2170000336e-02 -1.1702828942e-01 -1.2044049542e-01 -1.9645413750e-01 -4.9581291095e-02 -1.2730494528e-01 -2.4731352521e-01 -1.3507761611e-01 -1.6626343695e-01 -1.5000952511e-01 -1.7128361103e-01 -3.0448948476e-01 -6.5008188175e-02 1.4332046502e-02 -1.9587612788e-01
-5.0627586143e-02 -9.8986073867e-02 -2.1364642995e-01 -8.6826211740e-02 5.9514093260e-04 -2.7108756544e-01 -5.6836541998e-02 -2.6704666495e-01 -1.7272658736e-01 -1.1289062149e-01 -1.6734233847e-01 -1.2332865320e-01 -1.5482114976e-01 -1.5316464312e-01 1.2903959640e-01 -3.6992528466e-01 -7.8716120038e-02 -1.4535864488e-01 -2.7390560741e-01 -2.6317064225e-01 -1.6412205940e-01 -4.9803222201e-02 3.8325341776e-02 -1.0863239512e-01 -3.4904050738e-01 -4.1958062214e-02 -4.1117575369e-02 3.5049784113e-03 -1.9945242804e-01 2.0635032501e-03 -5.4263034116e-02 -1.2345328785e-01 8.8764915844e-02 -1.7638139397e-02 -2.1150628726e-01 3.4740573406e-02 9.5912991729e-02 -1.1801652707e-01 -2.0031812156e-01 -3.6336669081e-01 4.1032338939e-03 -3.8149652536e-02 -1.8463817788e-01 3.9858422761e-02 1.4777862476e-01 1.3170204997e-02 -1.1564935515e-01 1.2094490693e-01 -3.5752442016e-01 -2.4640479653e-01 1.3832150934e-02 1.6203749731e-01 -3.9053526651e-01 -2.5002246673e-01 -2.9403935144e-01 -2.2758553919e-01 -1.6006985169e-01 1.6201066081e-01 3.9727946015e-02 -1.5739427801e-02 4.1912994787e-02 -5.7604211417e-02 -1.5987963294e-01 -2.3615926068e-01 4.8667017959e-02 -2.1449066932e-01
-2.3578110574e-01 -2.1705159676e-01 -1.4274325959e-02 -7.2267802417e-02 -2.7917127277e-01 -2.7923474717e-01 -4.6672559233e-02 -1.7675652576e-01 -1.5956281062e-01 -2.1524166216e-01 -1.0342912561e-01 -9.0141554256e-02 -3.3786211560e-01 -3.2013751481e-02 1.5130939080e-01 -1.9670466621e-01 -1.4227574266e-01 -1.3147117135e-01 -2.0790576265e-01 -1.1960348173e-01 -1.5393931695e-01 -1.0695498643e-01 -2.4226830925e-02 -2.0764764307e-01 -1.8024680470e-01 -7.6513308452e-02 1.8555586972e-02 8.8673467885e-02 -3.5645797362e-01 -9.0212939564e-02 -5.0601189020e-02 -1.8853936842e-01 -1.2519361471e-01 -7.0763202061e-02 -1.0926683360e-01 4.9568951605e-02 -2.8372645359e-01 -9.8894685117e-02 5.0983925315e-02 -1.4938316136e-01 -1.1071910607e-01 -1.7963158271e-01 -5.9590940339e-02 -2.0740254429e-01 -1.4887898847e-01 -1.3397034577e-01 -1.4376737412e-01 -2.1992423490e-01 -1.9918980441e-01 -2.3484483273e-01 -1.0403362970e-01 -2.2722684443e-03 -2.2260398868e-01 -2.1604009184e-01 -1.1549438951e-01 1.6707580915e-01 -1.3259022782e-01 -3.2969680520e-01 -1.7121798512e-01 -1.1480491585e-01 -3.8692566318e-01 5.4104224999e-02 -2.4223908725e-01 -2.1638053646e-01 -4.9726131401e-02 -1.1060414599e-01
6.5336850545e-01 3.3676779722e-01 -3.2680860524e-01 -4.4946225842e-01 3.2205254458e-01 4.1323650189e-02 1.3478668221e-01 -6.5264894748e-03 -4.7846291671e-01 1.1250229077e-01 -3.4318672025e-01 3.5759058125e-01 3.7507335748e-01 -2.1101463532e-03 2.7260783558e-02 -1.2984565182e-01 2.3617889994e-01 -1.6173414682e-01 1.9771875141e-01 6.6540244498e-02 4.0253365397e-02 -2.9775476538e-01 3.5437877097e-01 1.0438406395e-01 -5.7985010623e-01 7.0088493393e-01 -5.8785175860e-02 1.3868901238e-01 1.7289095483e-01 -5.6619520878e-02 3.9126896260e-01 2.0774004913e-01 1.1620149270e-01 -4.6642165074e-02 -1.4404753858e-01 5.0717677508e-02 8.0675297320e-01 -3.2451713840e-01 -3.4074541387e-01 3.9332888270e-01 -3.9007827454e-02 2.7711443036e-01 1.6338618533e-01 4.5882285828e-04 -2.3882783776e-01 -3.8836125877e-02 8.7289930055e-02 -2.0150213542e-01 1.3590466542e-01 -1.4375296921e-01 -3.7330614146e-01 -4.3050815624e-01 3.7503270639e-02 3.3783999131e-02 -2.3223726137e-01 -9.0097571162e-03 6.3514799328e-01 -1.7046331577e-03 -1.8551151577e-01 2.4809993496e-01 -1.0709801313e-01 -2.3345411068e-01 -8.4756981731e-02 -7.7392201949e-02 2.4716574495e-02 1.8348356594e-01
1.5187870241e-01 -2.4653552731e-01 -3.1417353812e-01 4.1041828980e-01 2.8553780742e-01 3.5733336674e-01 -1.4943331221e-01 2.2793300188e-01 8.5706094266e-02 6.7721216337e-01 6.8314163173e-01 6.1063493700e-01 -4.6708084763e-01 -8.4838949984e-02 -4.4308541921e-02 3.9054992766e-01 1.0516080115e-01 9.5040888687e-02 -8.7882166348e-02 -3.2858640747e-01 -4.9231366413e-01 -8.5978931720e-02 1.7577787729e-01 5.5370548513e-01 -4.6096038998e-01 8.0717220162e-02 -5.6283035723e-03 -1.8359253409e-01 -1.9243293881e-01 3.5052516141e-02 6.2629481899e-01 3.7609200396e-01 5.6933477924e-01 1.8095045314e-01 -4.0150264643e-02 -2.4090763686e-02 -5.6792147292e-02 -1.7141522629e-02 1.1551471742e-01 4.1419635284e-02 2.6722566928e-01 -2.7983840409e-01 -3.8742451353e-01 2.0185264970e-01 -1.8833923224e-01 3.2484592643e-02 -3.4099268930e-01 8.6322123357e-02 -5.1259503657e-02 5.3369464122e-01 2.3514250177e-01 1.4302742772e-02 2.5496632077e-01 1.2217221547e-01 -6.8885984532e-01 1.7534362946e-02 2.0573638348e-01 -1.6915310721e-01 -2.5561836877e-01 -4.3291805665e-02 -2.8811747437e-01 -3.7889706152e-01 4.5362003016e-01 1.2807465720e-01 -1.4151274183e-02 3.7421231516e-01
-1.3055205879e-01 -8.1564118762e-02 -1.9667999735e-01 -1.4251033713e-01 1.6201836898e-01 -4.8530984280e-01 7.1545866099e-01 -3.5015979208e-01 -3.5127430174e-01 -2.3828096546e-04 7.0665679897e-02 -3.3213139227e-01 -3.1170119616e-01 -4.2278031192e-01 -8.4081514856e-02 7.9528209458e-01 3.3960338633e-01 -1.3789104088e-01 3.9356556753e-01 2.6534066228e-02 -5.3896427624e-01 -1.2107750396e-01 -2.2627534846e-01 4.2097428056e-02 -6.3341388683e-01 -8.4583989516e-02 3.9350210280e-02 8.9533358257e-02 -5.1403030068e-02 -2.5815786036e-01 -2.8963587076e-01 3.1166664248e-01 2.4389368907e-01 -6.0472676712e-02 4.5101663625e-01 -6.0905437329e-04 -4.2324855881e-01 1.0093356430e-01 5.0142942929e-01 5.1764186896e-01 -2.1201849304e-01 3.4787992298e-01 -2.5151374040e-02 2.8449952918e-01 -2.9397703222e-01 -3.2524050646e-01 1.1359413661e-01 -4.1486717842e-01 -8.8509232172e-01 -1.6556061971e-01 2.3233907829e-01 -2.9534221206e-02 -2.3915752261e-01 6.0481897051e-02 -9.5125703165e-02 -7.3263102169e-02 3.5826669110e-01 -1.5638833432e-01 -1.7968916236e-01 -9.6347730742e-02 1.0896574223e-01 -8.5290846134e-02 -4.9282228428e-01 5.1511483564e-02 1.4292088506e-02 -2.5257872741e-01
-1.9605511320e-01 -2.0601846834e-01 -6.2611779437e-02 -9.7856739983e-02 -1.8556290967e-01 1.7014406868e-01 -2.1939804040e-01 -1.2323228468e-01 -6.9422931741e-02 -1.2322097131e-01 1.2095132673e-01 -2.2801052596e-01 2.1456253245e-01 -2.9401044600e-01 -1.6048928845e-01 1.6044102076e-01 2.6485012809e-01 -2.6348407454e-01 -1.7048326313e-02 -1.3392722366e-01 -4.4617187117e-02 5.6277994652e-03 -5.5995098370e-02 -1.9627170489e-01 -6.6280044191e-02 7.7976901548e-02 -3.7547605613e-02 -1.1923827010e-01 -1.4265248868e-01 -8.8817604066e-02 -3.7133970804e-01 -8.5897773820e-02 -1.3533483309e-01 1.4679131842e-01 -1.1371044585e-01 1.4732987774e-02 8.8809523096e-03 -2.6621432254e-01 -2.0992071996e-01 -2.0458822609e-01 -6.1232126009e-02 -1.2569862088e-01 1.0743663882e-01 -1.3198054811e-02 -2.5619041936e-01 -7.3362231527e-02 -1.7275053736e-01 -2.4683992800e-01 -2.0854079070e-01 -3.1466878813e-01 -3.2381664245e-01 8.0566507729e-03 -1.7268382422e-01 -7.9904807769e-02 -2.1834954860e-01 -5.1902069372e-02 -3.2312212345e-01 -2.8357408003e-01 -8.5030273673e-02 -7.3197812701e-02 -1.6851790757e-01 -3.1830128491e-01 -5.3391018464e-02 -1.6454135251e-01 3.2350379867e-02 1.8130207892e-01
4.2539833181e-01 1.3119087918e-01 4.2941800028e-02 2.2789515854e-01 -1.3994334818e-01 -1.4759916511e-01 -2.1329931638e-01 -4.9404370970e-02 5.4594444841e-02 5.7304776910e-01 2.9558579229e-02 1.5514738350e-01 7.5705515403e-01 -1.4791443163e-01 2.1347048810e-02 6.0550340069e-02 2.0408731274e-01 -1.5222404924e-01 2.8713734057e-01 1.3668071973e-01 7.3009155517e-02 4.3452593656e-01 3.3403859527e-01 -1.8093625164e-01 7.6981981692e-02 -2.3069935821e-01 5.3651777378e-03 -3.9040988043e-01 2.8751690046e-01 -2.1477825999e-01 -2.7328479929e-01 -1.5295121051e-02 3.7567153663e-01 3.6596978398e-01 2.7139842944e-01 2.1393417900e-02 2.7299888086e-01 3.0717209690e-01 -1.5573074092e-01 4.4478698490e-01 -4.6714561549e-01 1.6246001368e-01 -3.6921977194e-01 -1.0960462214e-01 -1.1071308495e-04 3.9570562111e-01 1.7043039633e-01 1.7660830480e-01 -1.5147883834e-01 -5.1387122964e-04 -1.7851495071e-02 4.3280625148e-02 -7.2988120792e-02 1.5171250484e-01 6.3550594218e-02 -2.2682599952e-01 6.5687714655e-03 3.4567017609e-01 7.6608378115e-02 2.8761461292e-01 7.4244221474e-02 4.1275424293e-01 1.4324623682e-01 -1.3464900921e-01 -4.9546685665e-02 7.2681145276e-02
9.8642294194e-02 -5.1778358555e-02 -7.7066366024e-02 -8.2791339374e-02 -3.2785913549e-02 -1.0532869909e-01 -3.4542621457e-01 -2.4873353909e-01 1.0767975309e-01 -3.5814295993e-01 -1.2591849796e-01 -1.7817646835e-01 -2.8763897644e-01 -3.6969942921e-03 -3.4923175463e-01 1.3083912121e-01 1.5950451592e-01 -3.4205444528e-01 -3.5476968509e-01 -4.9370847550e-01 -2.5944747487e-01 1.7435462091e-02 1.3394203293e-01 1.9087090943e-02 -2.6210761856e-01 -1.5374270724e-01 -3.1180683326e-02 -5.4541033764e-02 -1.3715161353e-01 -1.9923654682e-01 -7.2798822997e-02 -4.9913109250e-03 -5.3857931458e-04 -3.8369669130e-01 1.6970743825e-01 -3.5123452690e-02 6.1248969716e-02 -3.2735317622e-01 6.4829442280e-02 2.1611075470e-01 2.7771765046e-02 -4.1570998596e-01 2.5698839851e-01 -9.4724341616e-02 -1.7122932755e-01 2.8158286292e-01 2.9831799780e-02 -5.5978554677e-03 -1.8683663692e-01 -2.5652264036e-01 -1.4256974345e-01 -6.9058163283e-02 -2.1449402740e-01 -2.4460283813e-01 -5.7233803312e-04 -1.9208916938e-01 -3.6935885206e-01 -2.3420135216e-01 -1.9480423484e-01 -1.2785023911e-01 -6.6997130187e-02 3.2975904057e-02 -7.3815908434e-02 -4.2341587046e-01 -7.6259153972e-02 1.0772111999e-01
-1.3382176945e-01 -4.1404214563e-01 -1.9441740228e-01 5.7180544921e-01 -5.5423740842e-01 -2.8033000028e-01 -4.8381951752e-01 1.1387306384e-01 -6.4730627027e-01 -5.2563254425e-01 3.2873687098e-02 3.0033205494e-01 3.0399044147e-01 -2.0406328636e-02 6.5342806116e-02 -4.5695322001e-02 -2.1568448729e-01 2.7492511300e-01 3.5861219621e-01 2.7788608498e-01 -1.6824194665e-01 -1.1776604502e-01 -1.9909553600e-01 -8.6230169693e-02 2.3773022406e-01 4.5235050267e-01 -3.6894102835e-02 1.6182757961e-03 2.1374982378e-01 -1.6141551495e-01 6.1257957574e-01 8.6858774788e-02 -2.7036891794e-01 -1.4307896678e-01 4.8691583630e-01 6.6076115662e-03 -3.4597482895e-01 -2.3368262271e-01 -4.1320718745e-01 -7.4289847413e-02 5.7618139333e-01 2.3684349833e-01 7.8641132991e-02 1.9419495581e-02 -1.0812484160e-01 -1.9889353988e-01 -9.2206501551e-02 -2.6350977444e-02 -6.6041604101e-02 -2.7388121741e-02 -4.8096251395e-01 -1.8888542904e-01 2.2350091784e-01 -7.6644646522e-03 5.2189281514e-01 3.6080922803e-02 2.1930176166e-01 -1.9653649365e-01 2.5455912761e-02 3.7890459080e-01 1.1291102876e-01 -2.1161202147e-01 4.2661408352e-01 -1.3531803620e-03 9.1159428339e-03 -1.1629501451e-01
3.8082799904e-01 -2.6038152890e-01 -4.7089788881e-01 -4.5259340245e-01 2.0980512078e-01 3.8112100520e-01 -4.0082185524e-01 -3.6125794749e-01 1.3053136445e-01 3.0082129019e-01 1.8596244774e-01 3.6683969507e-02 -2.9096469592e-01 1.1012893145e-01 2.9515062622e-01 3.2620064573e-01 -3.9012052142e-01 -4.1685701299e-01 3.5292360976e-01 4.0209397573e-01 4.3673379660e-01 1.7692350936e-01 6.6527591320e-01 2.5814753274e-02 3.2999417019e-01 1.7605299945e-01 6.9052537263e-04 4.0129702191e-01 -6.9295638489e-01 8.5003337089e-02 -4.7037944354e-01 3.5987192781e-02 -4.4076182949e-01 5.9120784811e-01 -6.8417378257e-02 -6.2662097796e-02 -3.7114439207e-01 -3.7294695041e-01 -1.8849767775e-01 3.7089873256e-01 -8.8166069896e-02 -1.6151361617e-01 3.8226901974e-01 -1.7201881577e-01 -1.5422711065e-01 -5.8595704287e-01 5.7575769625e-01 1.8462240732e-01 -1.0864998145e+00 1.1351383510e-01 2.8687575626e-01 -4.4289636848e-01 -2.0723526711e-01 -1.9513649811e-01 5.4612040272e-01 -2.1716615993e-01 -5.0528005520e-01 -1.1321839624e-01 1.6069419554e-01 -2.2121539186e-01 -2.6307163441e-01 -3.3513619833e-01 7.2536479463e-01 1.5831618671e-02 -2.4956420163e-02 3.3172908450e-02
-5.9511557598e-02 -1.1084272326e-01 6.4589390901e-02 -1.3003343581e-01 2.6062358508e-02 -1.6286591223e-01 -3.6216125013e-01 1.5252033911e-01 -3.3162053403e-01 3.5511831442e-02 -1.0129035435e-01 4.2535293815e-01 -1.3591476268e-01 -1.2194682594e-01 4.6571477065e-01 -7.6737525779e-02 3.2928796961e-01 -2.0408131638e-01 -1.8827878943e-01 1.3640881590e-01 3.1113286737e-01 -8.4201890272e-02 2.5737531712e-02 -2.6180282714e-01 1.0974324334e-01 -1.8159364802e-01 -9.3833407876e-04 4.1856624348e-02 1.7609226042e-01 2.3103125904e-01 3.4776978684e-01 1.1138507723e-01 2.0807834233e-01 -1.6827669123e-01 5.8811048621e-01 5.3864081630e-02 -4.8943151428e-02 1.2869145188e-01 1.8458670399e-01 4.2355978121e-02 3.6313645400e-01 2.4556522352e-01 4.1728219489e-02 1.7083581036e-01 -5.1109513268e-02 -1.4023560831e-01 5.9959425714e-02 3.9497013961e-02 5.4042641773e-02 6.3682308909e-02 -1.4601300232e-01 -8.2187992719e-02 -1.1209947010e-01 1.6921029974e-01 1.9161301325e-01 1.3371387454e-01 -3.0262888030e-01 5.1908864456e-01 9.7004907210e-02 3.3435519835e-01 -1.4849171989e-02 -2.9405706890e-01 2.4373658811e-01 3.8116290552e-01 -3.4283886612e-02 6.7012411668e-01
3.5022990915e-01 -2.6680929359e-01 2.4131362206e-01 -5.2814482141e-02 3.0423900820e-02 5.3291307955e-01 8.0571131293e-01 -1.5679014584e-01 -1.8207671095e-01 2.8589772204e-01 -3.5499479404e-01 5.1040442992e-01 -1.0016496017e-01 -3.4504969258e-01 1.9123456374e-01 3.3179652906e-01 -3.6608555363e-02 1.3102049925e-01 -4.5506097718e-02 -5.2246320195e-01 2.0588942187e-01 2.7137140800e-01 -2.8306152325e-01 -3.8339843768e-01 -1.1554552752e-01 -2.2093192425e-01 -4.2098213481e-02 3.5615705213e-01 -4.1997533204e-01 -2.7665688680e-01 3.1148376680e-01 1.7848134107e-01 -3.4765785197e-01 -2.9363132483e-03 -2.8978868996e-01 -4.9364474596e-02 -6.3243779507e-01 -1.8809011942e-01 2.0685854063e-02 -3.3179336066e-01 5.1740053160e-01 -4.4204197008e-01 3.7992168840e-01 -1.9518927249e-01 1.4112226947e-01 -5.6310627977e-01 2.2602919788e-01 -9.3014731873e-02 6.8862417238e-02 -3.1076709831e-01 -2.0554563010e-01 2.2077522215e-01 -1.1326060423e-01 -4.1144692881e-01 9.6873199011e-02 2.0789428816e-01 1.0225742237e-01 -3.2544968267e-01 -1.0663491602e-01 2.1856879599e-01 3.5887173471e-01 3.9562544780e-01 -2.4776963415e-01 -3.2238123793e-01 -3.1248992859e-04 -2.2597974178e-01
-1.1750927060e-02 3.5147151285e-01 -1.1380412428e-01 -3.7886555624e-03 1.8372298262e-01 2.8487745078e-02 -1.1272822576e-02 5.1890182011e-02 1.1309048713e-01 2.2197653839e-01 4.1841521885e-01 1.9360653722e-01 3.2605636258e-01 1.5037825571e-01 4.5676122775e-02 -1.3637854936e-01 4.7927736779e-02 1.9305256478e-01 3.7723750787e-01 1.4226733239e-01 -7.8834233190e-03 7.1823623166e-02 2.5322263952e-01 2.7520579652e-01 -1.9754435429e-02 -1.7631832531e-01 -3.7579223215e-03 2.2562756078e-01 2.8226561989e-01 4.3003884511e-01 1.9651502710e-01 1.4375656895e-01 -1.1423416639e-01 -1.2076580443e-02 -1.2388563149e-01 1.1726860387e-02 1.1218704338e-01 2.2831620161e-01 -1.2021631000e-01 -6.2528806843e-02 2.3111758387e-01 1.0688841589e-02 2.9747308307e-01 -5.1451238258e-02 1.1155567420e-01 1.3359510239e-01 7.7294841981e-02 -8.6102131329e-02 -2.3808165992e-01 1.3167851193e-01 -1.6721586750e-01 4.7746538721e-01 1.0791116389e-01 1.6744109306e-01 6.1820697647e-01 3.6356976752e-01 1.1085085373e-01 7.4496749797e-02 -6.4401224117e-02 1.6962689802e-01 2.0438551331e-01 8.8126573114e-02 3.0801809832e-02 -5.3072436047e-02 -1.2496461385e-02 4.1082060457e-01
-1.3896058910e-01 1.2356401362e-01 -4.2574387815e-01 6.5930398860e-01 -2.2862657527e-01 2.3208869600e-01 -4.1466051927e-01 -2.7998022944e-01 -3.1577737224e-01 4.8624695104e-02 -9.0900131143e-01 -1.3360329098e-02 -5.7832611176e-02 2.8216082091e-01 4.6036564275e-01 1.3525492111e-02 -2.2130165011e-01 -2.8333975795e-01 1.4271665850e-01 -6.0405709958e-03 -5.5723676655e-02 -9.2240634683e-02 -5.0489542969e-02 2.0738628481e-01 1.3860466606e-01 2.6450427627e-01 -5.2311100378e-02 -3.9532018764e-01 -1.1322753430e-01 -1.5955106321e-01 -9.4785014726e-02 2.6432659900e-02 -1.3558714619e-01 -3.1519360264e-02 1.3646346805e-02 7.8328483669e-03 6.0715744076e-02 -4.2263502226e-01 9.9473688061e-01 -1.0485840312e-01 1.5765407671e-01 -3.4347598685e-01 -6.0057927488e-02 -2.3331437044e-01 -9.7385221817e-03 -2.1141036324e-01 -3.2849434904e-01 1.7738510558e-01 -3.7767147440e-01 -4.5448327537e-01 -4.2949516839e-02 2.2706315248e-01 3.5682582100e-03 -6.0224304676e-01 -5.9324090455e-01 -8.3197310334e-01 -4.7105114288e-01 1.9155530202e-01 -2.2159582715e-02 6.8858978222e-02 2.7159654254e-01 3.0781630466e-01 -1.4098006972e-01 -1.3514883403e-02 2.8275636246e-02 7.6758193685e-02
-1.2524292457e-01 -2.4763230844e-01 -1.2353824831e-01 -3.3657649077e-01 1.4992427101e-01 9.9736600533e-02 -7.2548498026e-01 3.8441662298e-01 2.9215226687e-02 4.8999558235e-01 1.6790280859e-01 -1.6511896179e-01 1.2696557114e-01 5.7613559915e-02 -2.2665173416e-01 1.5681454906e-01 -1.1582895672e-01 2.5599667529e-01 -5.8297246553e-01 6.2310369439e-01 -6.4211669925e-01 9.5432511693e-02 -2.5122092161e-01 -1.3844063955e-02 1.4894487415e-01 2.8936292801e-01 -2.6679279256e-02 5.1379097139e-01 -9.5166206681e-02 8.8265663006e-02 -4.0250152636e-01 3.3877525617e-01 -2.9189587180e-01 -1.8579204970e-01 3.2167635336e-02 -5.8084473144e-03 -1.3744549400e-01 2.2918298765e-01 -1.6209384781e-01 3.2589465075e-02 8.8717184051e-02 -4.6190791100e-01 -4.6002059927e-01 1.9399467400e-01 4.9257025657e-01 2.5204477193e-01 -4.3424760214e-01 -2.7643550709e-01 -3.2819539192e-02 -7.6555747450e-02 -5.6033985629e-01 6.5241510392e-01 1.7606166246e-01 3.7564037035e-01 1.7115690760e-01 -2.4706753211e-01 9.2176475641e-01 1.7045450277e-01 3.9956567025e-01 2.9888018397e-01 1.6821192152e-01 2.8688633567e-01 -1.9546829736e-01 2.6999964248e-02 -1.6069170143e-02 1.4423440396e-01
-4.9490184521e-01 2.0229552800e-01 -3.5516041533e-02 -2.0063440786e-01 -2.3906821012e-01 1.3237766609e-01 2.2006621200e-01 -3.2010673929e-01 2.1429802118e-02 2.6443255048e-01 -1.7343430809e-01 -6.3586329822e-01 -3.2964117865e-01 -1.0334952143e-01 6.1215535657e-02 -1.3944995231e-01 -1.8451865736e-02 -5.5839368778e-01 -8.5154685427e-02 1.6093415769e-01 1.4104172137e-02 1.2549428225e-01 -2.9628009240e-01 -2.5662894398e-01 2.1141535066e-01 7.5666202489e-02 3.1531260107e-02 2.1143788289e-02 6.9546161950e-02 -5.0202843478e-03 -1.5408629042e-01 4.0565042953e-01 1.1563751003e-01 -1.3620422875e-01 1.2669061996e-01 -3.4264016735e-02 -2.8375904915e-01 -1.1808148445e-02 1.3288062301e-02 9.7031816407e-03 -1.0112119484e-01 1.1289362987e-01 4.7652185971e-02 2.7761624676e-01 2.8339619568e-01 4.0104785435e-01 2.3760478448e-01 -1.4917023245e-01 -5.9134059036e-01 -1.0879169035e-01 2.6770676713e-02 -3.8962926715e-01 8.3415385883e-02 2.8825836159e-01 6.6814741278e-01 -3.4750663622e-01 8.2417345622e-02 -1.6809480443e-01 -3.3039749626e-01 -3.7668982079e-01 2.4366224543e-01 -2.0580732757e-02 -2.7182967882e-01 2.2847921377e-01 4.5373508248e-02 5.6393075440e-02
2.2297761181e-01 -1.7059140356e-01 -2.0688521759e-01 4.8762438665e-02 9.1761013414e-02 -2.4853010780e-01 -3.5352373280e-01 2.0077251129e-01 5.4536854254e-01 -2.8457251926e-01 -1.1323976123e-01 -1.7046923458e-01 -4.8145975888e-02 -1.9161425870e-01 4.0630557978e-01 1.3195417310e-01 -1.0305310959e-01 8.2453120766e-02 2.3847544401e-01 1.7776398923e-01 -4.7982811059e-02 4.1633510361e-03 -1.7839477535e-01 -4.6763974540e-01 -5.1681167918e-01 1.6818281758e-01 -2.1048577914e-03 2.4328693755e-01 9.9860932435e-02 -4.8882654193e-02 1.8752387574e-01 -6.6970312604e-02 9.2660741452e-02 2.6552197739e-01 -3.5666937142e-02 -5.8825594194e-02 -1.2379450106e-01 2.7710663030e-02 -1.0205526702e-01 3.7296185417e-01 -7.5342375068e-02 -2.2652907642e-01 2.4009601684e-01 -3.2115128264e-01 2.5201699137e-01 1.6596134871e-01 -3.1361871347e-01 -1.9031717471e-02 -2.9749622621e-01 2.5185571280e-01 4.0530516175e-03 -1.1637359214e-01 2.8441303336e-01 -4.0912871690e-01 -1.3320545997e-01 2.8089275496e-01 -2.0041741360e-01 -1.8335579128e-01 1.8512548248e-02 3.4209088939e-02 -2.9901764147e-01 1.5085934543e-01 -8.5611280848e-02 -3.9260407762e-02 -3.0280174648e-02 2.4050282771e-01
-8.1017167018e-02 1.7943726984e-01 1.8063042881e-01 -1.3807448117e-01 1.6040815114e-01 2.5663674934e-01 1.5785987659e-01 -3.0098403717e-02 -1.5101022594e-01 4.2492777355e-02 2.5250578710e-02 -2.4337099186e-01 -1.1568057052e-01 -7.1076072702e-02 6.2389767961e-01 -6.6918596749e-02 2.8036691106e-01 -5.2862460928e-02 -1.8334105746e-01 5.8408755977e-02 -2.3956474783e-01 -1.6986462095e-02 -8.3040591602e-03 3.1789347178e-02 7.9871114579e-02 -8.4748723601e-02 1.6429293028e-02 4.4296081161e-01 2.3413195090e-01 2.0038571897e-01 1.7455898743e-01 -3.6731416051e-01 -2.4648467722e-01 -2.3191442304e-01 -3.6208458333e-01 -5.1609295510e-02 6.8360551247e-01 -1.5587738086e-01 2.5710799987e-01 1.1878400678e-03 -8.0057309358e-02 3.3705716727e-01 -4.6298782602e-01 -3.2259543054e-01 -9.2403940294e-02 7.8718459671e-02 3.4523332029e-01 -3.2876660506e-01 1.7734018233e-02 -3.7281430999e-01 -1.0605615891e-02 -2.0599797279e-01 1.0873008144e-01 2.3688532416e-01 -1.3055526071e-01 6.3645632405e-02 5.2823038087e-02 6.3494316816e-02 -6.2030225100e-02 4.2604322500e-01 6.7739173677e-02 -1.4206754986e-01 -2.0330783162e-02 -1.8733090246e-01 2.2224594064e-02 4.2675136684e-02
-1.8153643476e-01 -3.7690898776e-01 -6.7804672796e-02 2.5271427757e-02 4.9244676120e-02 -1.4732994963e-01 -1.4294544345e-01 -2.2262297840e-01 -3.9818509817e-01 2.0789971511e-01 8.5578186859e-02 -3.5325975435e-01 -6.7256404628e-02 1.7935486445e-01 2.1801450729e-01 -5.3611096234e-02 3.2904418159e-01 2.1890888016e-01 3.0472878235e-01 4.1673909483e-01 -4.6860552209e-02 4.0246652613e-01 -3.5172874177e-01 1.0812427897e-01 -3.1113298617e-01 -9.4299216135e-02 1.2179281324e-02 -7.1670835357e-02 -3.8828017791e-02 1.8997706632e-01 2.0030090178e-01 2.7926747203e-01 -1.5495781101e-01 -5.4885817015e-01 3.2042350482e-01 -2.1746289128e-02 -5.2303505116e-01 -1.5541302720e-01 -3.5406054615e-01 2.5968312570e-01 -8.0928550504e-02 -7.0849225511e-02 -2.9153330447e-01 -5.1216532155e-01 -1.7845085292e-01 2.8389092095e-02 -2.0354449580e-01 -1.1083518136e-01 2.2584292461e-01 -1.2906709479e-01 1.9801053480e-01 2.1613937053e-01 1.2578640687e-01 -4.3837439945e-01 5.6320256971e-02 -2.8121961202e-01 -5.7082934723e-02 -1.2776254757e-01 9.3125735931e-02 -4.3501180866e-02 -4.3190936545e-01 4.0331731128e-02 1.5032600216e-01 -1.1730932135e-01 2.5769276009e-02 8.4424975589e-02
9.7054135788e-02 9.0968698577e-02 1.2458483523e-01 -8.7214134516e-02 -1.7439889960e-01 -3.9578461900e-02 -6.7746809854e-01 -1.6617406661e-02 9.8771929494e-03 -1.4977259805e-01 1.0184043572e-01 -4.2381339353e-01 2.5390946421e-01 7.2349088286e-02 4.0168452989e-01 -8.8060336577e-02 -3.1702063892e-02 -5.7935358833e-02 -3.6976990509e-01 -5.4783929294e-02 -5.7110739482e-01 1.7608034800e-01 -4.5323295012e-01 1.0412410527e-01 2.7445622145e-01 3.2751052045e-02 2.1732593863e-02 -4.4040413605e-01 7.8062379515e-02 -2.0240040510e-01 -5.1226996515e-01 -2.3101736012e-01 -2.4422667467e-01 -1.8283890019e-01 2.3376870642e-01 3.0429426575e-02 -2.5416759426e-01 1.9569382843e-02 -2.8033474226e-01 -4.9344363670e-01 1.3201589768e-01 -2.1860042078e-01 3.0504647511e-01 1.3680285112e-01 -4.2160110097e-01 -5.0523884073e-02 -1.2432294547e-01 3.0345143285e-01 2.6739148419e-01 2.5025740545e-01 -5.2597408150e-02 -3.0228301414e-01 1.5475535883e-01 5.6619931163e-02 -1.4173156955e-01 3.8144766356e-01 1.6456879649e-01 3.3161694289e-01 -1.4108915950e-01 -6.6047617813e-02 4.7717476601e-02 -2.9384105681e-01 -1.4038609403e-01 -3.0168874312e-01 5.9098750003e-02 -2.6352028460e-01
-7.7226032730e-02 -6.6702816508e-02 -1.1292563253e-01 2.5056415449e-01 8.3933230718e-02 -2.1754231915e-02 -3.9899326537e-02 2.9204023038e-02 -2.1649322390e-02 1.4489885696e-01 1.7020224540e-01 2.2940742638e-01 6.0036792502e-01 1.1743047872e-01 1.8926025300e-01 -1.5292911705e-01 9.3160556877e-02 3.1139537731e-01 -2.3968818322e-01 1.5564197024e-01 4.2951168504e-02 1.3866446490e-01 1.6338629028e-01 3.4145255443e-02 4.2378119191e-02 4.2469419539e-02 -1.5738617218e-02 -2.1651667982e-01 1.2057095312e-01 -1.4402481390e-01 2.3292408016e-01 3.6009073621e-01 3.8373094630e-01 3.1599270859e-02 1.0767536870e-01 7.3760595921e-03 2.7167309702e-01 -4.0612391487e-02 1.5128800004e-01 8.5366247399e-02 6.6441054992e-01 -5.1635092691e-02 1.6132177409e-01 -2.1553372469e-01 3.9088951451e-01 2.7371053562e-01 -1.6171577054e-01 1.0673377606e-01 -3.0244908170e-03 2.9592459133e-01 4.3054476378e-02 -1.1010495158e-01 3.2708212240e-01 -1.5591846612e-01 -4.0408698353e-03 8.0500433799e-02 3.0043472885e-01 -4.6678479098e-01 1.8659399321e-01 -2.0098787676e-02 -1.8431529454e-01 -8.4035146130e-02 5.5561696278e-02 3.4528746101e-01 -1.5050168759e-02 -1.4601501130e-01
-1.8764712431e-02 -2.3393371050e-01 -2.5818886426e-01 -9.3098074428e-01 2.2548053737e-01 6.4482759386e-02 -4.0924867426e-01 -1.0429095511e-01 1.0449144753e-01 4.1165324727e-01 1.3939607369e-01 -3.4494134717e-01 -4.3107886817e-03 -6.8571576983e-01 -5.1225310712e-02 -1.6977984213e-01 -1.2038707412e-01 5.0087358442e-01 3.5202719814e-01 -6.7304307351e-02 6.9864837221e-01 2.6940844287e-02 2.3139451628e-01 3.4086550807e-01 4.6050451694e-01 -4.1953751839e-01 -3.2082592210e-02 -1.8582866674e-01 -4.0893738039e-01 -1.2943594743e-01 6.5483963876e-02 -5.4351046169e-01 -5.0805722234e-02 -2.1423454204e-01 1.1457759991e-02 -1.7106905412e-02 -1.9702354299e-01 6.0096108700e-02 1.7427563645e-01 7.9729299811e-02 6.5122187506e-01 2.2953561331e-01 -2.5267784141e-01 -3.1937308227e-01 -1.1389186761e-01 6.2347769267e-01 -4.0235348749e-01 -2.9903905878e-01 -9.2774964734e-04 -3.1149607860e-01 6.0872713297e-01 -5.5731053469e-01 -2.6930870972e-01 1.8112676358e-01 1.1333219806e-01 -1.2877245157e-01 2.1067500012e-01 -1.8481708125e-01 3.6504490642e-01 2.3834871362e-01 -8.8049826513e-02 -2.1674773011e-01 3.2020351836e-01 -3.3500807211e-01 2.2923070588e-02 -2.6535001218e-02
8.6115296634e-02 2.7198443591e-02 -1.5829650955e-01 1.2677252325e-01 -5.1111881777e-02 1.9534184882e-01 1.4029123993e-01 2.9604045313e-01 -4.2179830742e-02 -1.6650793891e-01 -4.7762503190e-01 -1.9216897811e-01 1.8117904176e-01 -2.4368746468e-02 -1.9733015510e-01 7.9439527142e-02 -5.5554815856e-01 -1.3065180497e-01 -1.4073547308e-01 -3.0080671354e-01 -7.7843373551e-01 4.4602417604e-01 -1.4251838395e-02 3.8656159734e-02 4.8727672114e-01 1.0167413414e-01 -8.9036402408e-02 1.6243203919e-01 -8.9794882803e-02 -1.2585371061e-01 -2.3331404456e-02 1.4087798417e-01 -2.4109396094e-01 -3.6766592490e-02 -2.2696543860e-01 2.5121168077e-02 -1.2041223549e-01 2.0943753397e-01 4.5070763846e-02 3.2836749320e-02 3.2619759429e-01 -2.6614162959e-01 -2.3487353690e-01 -9.6381711238e-02 -7.2373284355e-02 -4.2882470973e-01 -1.5746797382e-01 -3.9229352797e-02 8.2113907555e-02 -1.3587454221e-01 -1.6880977682e-01 -9.5652804730e-01 2.4686593637e-01 4.3699817463e-01 2.1960141834e-01 -3.5058361822e-02 -1.1796451242e-01 4.1349776379e-01 -9.8840670975e-02 -2.3284286705e-02 2.0503860408e-01 1.1562865371e-01 2.3691673948e-01 2.9741284703e-01 3.7986462851e-02 7.8860977090e-01
-9.2753911362e-02 2.0710625292e-01 -2.1751041249e-02 5.7343408976e-02 -8.2703066394e-02 7.6787678496e-02 4.0672231123e-02 9.6468683982e-02 2.8749917673e-01 6.1575489796e-02 6.4983243017e-02 1.5594392248e-02 5.2052983784e-02 -2.4228645968e-03 1.7637760532e-01 8.3092439865e-02 1.7621108824e-01 -7.4114873746e-03 -4.8492199478e-02 8.5826460667e-02 1.2769872912e-01 3.2872673133e-02 2.3162058735e-02 4.2124392161e-02 8.2145693585e-02 2.0524013179e-01 3.7099437768e-04 4.7379679749e-02 -2.9868465247e-01 6.6725602863e-02 -1.5514142992e-01 -1.5764300640e-02 9.5783260322e-02 3.8006097279e-02 3.1623865559e-01 7.5224971996e-03 3.9806915009e-02 5.8714208863e-02 -1.9567551478e-02 1.8359055579e-01 1.4523981085e-02 -3.1214990237e-02 1.7785687379e-01 1.9511375012e-01 1.9936838685e-01 3.3816317653e-02 -3.3101535883e-02 2.7986472411e-01 1.1887805867e-01 2.9681966458e-01 5.0326905591e-02 9.5128825423e-03 9.5909381555e-02 6.5574336948e-02 1.6330855884e-02 2.8185027812e-01 8.0996434657e-02 1.2341419928e-01 2.2458994546e-01 -2.1618328705e-01 -2.2887946619e-02 2.0218337916e-01 3.2856559041e-02 1.4106127218e-02 -1.8922864415e-02 1.1116096874e-01
-2.7828816742e-02 9.4762114449e-04 5.1921021294e-02 -2.9646976581e-01 8.8546571712e-05 4.2277341509e-01 2.3611328432e-01 -1.0349640666e-01 -5.3855443525e-02 -4.2821541970e-02 7.6188754417e-02 5.1956318804e-01 2.1181835163e-01 1.9985410644e-01 3.3270260973e-01 3.3046213327e-01 -2.3157490304e-01 2.3246474316e-01 1.9263327391e-01 9.0327349241e-03 -3.3230920879e-01 1.2253950832e-01 -2.0731180492e-01 6.0102164337e-02 -1.6198429848e-02 -2.8189727494e-01 -1.3527539420e-02 1.3125659509e-01 -1.2629882360e-01 -1.1199862732e-01 -2.9324042011e-01 -3.7113900799e-01 4.7318409777e-01 1.0171835584e-01 -6.0608385900e-02 -2.4792927669e-02 -7.3824534117e-02 -2.3131533175e-01 3.4680412643e-01 5.9129644494e-02 1.0459552378e-01 -1.2851370010e-02 -7.0987592543e-02 1.9532053917e-01 9.5702884991e-02 1.7134137075e-01 1.9550041929e-01 2.4431046995e-01 3.4774126520e-02 -4.7751350630e-02 -2.8584718503e-01 -3.1380233853e-01 1.5906813248e-01 4.4096799750e-01 5.4485256866e-02 3.5945618179e-01 -1.1837322003e-03 -1.7418148599e-01 -1.3221028023e-01 1.5456652463e-01 4.1647137439e-01 3.8214452713e-01 2.8941728554e-01 4.1331556948e-01 -6.1075280278e-03 1.5839660586e-01
6.5298381481e-01 4.0441028174e-01 -1.0933162100e-01 2.6803658091e-01 -3.3744137486e-01 5.6515761852e-01 1.9301309589e-01 -8.6326590330e-02 -1.3599783585e-01 -1.3744096386e-01 3.3140707937e-01 -7.9685890377e-02 -2.9928917068e-01 -3.3055871891e-01 -2.2347288860e-01 -5.0976119199e-01 -2.8855615985e-01 -1.6926573946e-01 -1.4992001582e-01 1.0832573132e-01 6.0107409487e-02 -5.6495232394e-02 -5.5840111748e-01 1.1756990331e-01 -3.9413411884e-01 2.4559045615e-01 2.2346737422e-02 -1.4255233183e-01 3.4145202170e-01 2.1431713442e-01 2.6130180053e-02 -1.0332326756e-01 5.2716734466e-01 -2.4979337743e-03 1.7558917741e-04 1.2983574819e-02 -4.4114548641e-01 4.0533364572e-02 2.1670738711e-01 5.5239819980e-02 -7.1850205924e-02 -3.6014641576e-01 -2.2265857320e-01 -2.8937597708e-01 2.2791390095e-01 2.6221888143e-01 -7.9511084844e-02 -3.5064650370e-01 -2.9332013998e-01 3.4901857358e-02 -1.6697879764e-01 -4.5254142640e-01 -5.1959092888e-03 1.0549355600e-01 -2.4194372748e-01 -6.9543188764e-01 1.6653808635e-01 3.4609643907e-01 -1.2382018781e-01 -3.2847809845e-01 -4.5700145917e-01 -8.2258058778e-02 2.1041982316e-01 1.7135572159e-01 1.1081290940e-02 3.7096196407e-01
3.5600535534e-01 1.8694015422e-01 -2.1023354826e-01 2.9563019525e-01 2.1888020852e-01 -9.8570841735e-02 2.6640786095e-01 1.1648106058e-01 -1.5443390992e-01 2.4905943394e-01 4.6828130517e-01 3.2018174880e-01 4.8029956489e-01 -1.6188751341e-01 1.6567428408e-01 3.7804561208e-02 2.8416449979e-01 -4.2194777641e-02 6.5342389481e-02 -5.8936482424e-02 -1.5598557156e-02 -2.9726639662e-02 -3.3175970411e-01 -3.9601344948e-02 2.9508538873e-01 3.4901469683e-01 2.0051615252e-02 -5.7367612203e-03 1.9266856810e-01 7.9627501701e-02 2.6539152001e-01 -1.2500993609e-02 -9.3795393234e-02 -2.8699522066e-01 6.2417451585e-04 3.4880767805e-02 -5.4345399652e-02 -8.0667705225e-02 2.8979402825e-01 3.8117964544e-01 -4.0223109720e-01 6.3445601109e-02 3.0955875396e-01 4.4093319755e-02 5.1829301019e-01 -9.6010189380e-02 -2.5120805114e-01 5.3557043783e-01 6.4677850491e-02 -3.9759544462e-01 1.1380775095e-01 -2.0067903601e-01 -2.4381899863e-01 1.5354175823e-01 2.9077466487e-01 4.2573572028e-01 1.4496287920e-01 -1.6787481652e-02 2.8363974948e-02 -4.6585252606e-01 2.3303452518e-01 3.8785739407e-02 1.5230572765e-01 5.0875372678e-02 -2.3259993664e-02 -8.5430928008e-02
-1.3571332088e-01 -2.7522121529e-02 6.5146192610e-03 6.5693633884e-02 -9.4984380535e-02 -2.7579729237e-01 1.4180090520e-01 1.7943859395e-01 -6.3528890834e-02 -4.7563604279e-01 -2.5595442246e-02 -3.8847029189e-02 -5.4909871404e-02 -1.8559704309e-01 2.5843822443e-02 -3.5757451573e-01 -2.9004972744e-02 -2.0353347881e-01 -6.4472843014e-03 5.5406781127e-03 1.3224464687e-01 -4.1512766030e-01 -5.3849227623e-03 -3.8194452766e-03 1.6155299040e-01 -3.5857615918e-01 5.6638504981e-02 -2.3213711492e-01 -4.9647601230e-02 3.4599418266e-01 -3.5527614591e-02 1.3123349496e-01 -1.6847362337e-01 3.7950021181e-02 -9.9058910550e-02 8.7795514167e-03 -3.7124831263e-01 -3.4935992046e-03 -5.4969463062e-02 3.4647952924e-01 1.6459326359e-01 -3.9076127210e-01 -3.6368578453e-01 6.4609741751e-05 1.2472335852e-02 2.7751176194e-02 1.7932636742e-01 -1.3995412401e-01 3.6427357607e-01 -2.2760413495e-02 -2.7747444193e-01 -2.4325748765e-01 9.7889199286e-02 1.6628192535e-01 3.8480816596e-02 -4.1953664716e-03 -1.4352926619e-01 -2.8134757023e-01 9.6491763556e-02 1.0161780640e-01 -2.4107162571e-01 2.7009591739e-01 -2.7743147064e-01 -5.7044771268e-01 1.2980230172e-02 -1.0014849094e-01
-3.8493308104e-01 2.2505185960e-01 -1.1694525271e-01 2.3255151601e-01 1.3064876450e-01 -3.9697093752e-01 -2.4120712896e-01 -3.5954289444e-01 3.1162388367e-02 -1.1396248820e-01 -2.3255299345e-01 -2.1289889904e-01 -3.0080498488e-01 2.1882635660e-02 5.1445147637e-02 -2.6724340310e-01 -1.3218275783e-01 -2.0752749268e-02 -1.8172141504e-01 3.2430687479e-02 4.7543546465e-02 -3.1300870900e-02 -1.8602912313e-01 -1.0629420998e-01 -9.9083151271e-02 -3.8703871794e-01 2.8542658632e-02 -2.3297473062e-02 -1.7981707370e-01 -6.5857267148e-02 -3.4536364382e-02 -4.5023776585e-02 2.1889267827e-02 -6.2890231167e-02 -1.1570772852e-02 1.7112146334e-02 -1.6586498836e-01 -1.2351584805e-01 -1.7369918956e-01 -2.3087436313e-01 -1.1728323987e-01 -3.8454363103e-01 5.2031602482e-02 -1.7985654910e-01 -3.0269064105e-01 -2.3734249626e-01 -4.4959415914e-02 1.6447178054e-01 1.3736419745e-02 1.1558938284e-02 -1.2338964057e-01 -2.0846280017e-01 -3.1641869037e-01 -1.9316630437e-01 -1.2112863904e-01 -1.9874485655e-01 -2.5834924827e-01 -2.0455473947e-01 3.0889119109e-02 1.5640772431e-01 -2.7498443102e-01 -1.7399825075e-01 -3.4702572607e-01 -2.3877086850e-01 -2.1076048055e-02 -1.4181372170e-01
-2.3499086935e-01 -5.8345541896e-02 -1.6491444658e-01 -1.4361912252e-01 -1.2571808566e-01 4.2715467776e-03 -1.4630582267e-01 -2.2487671779e-01 -1.8834187839e-01 -2.1167602105e-02 -1.1048237030e-01 -1.5479584328e-01 -1.0639811584e-01 -3.4039553477e-01 -1.8083665920e-01 -1.4192967436e-01 -2.2533189365e-01 -1.9499121367e-01 -9.2201852936e-02 -3.1060481496e-01 -9.8765404103e-03 4.0228405774e-02 -2.0836777707e-01 -1.0885397094e-01 -2.3556713391e-01 -4.1428844588e-02 3.6987875119e-02 7.7087354335e-02 -1.9860206487e-02 -3.0749913218e-02 -1.1329827931e-01 -1.7707234249e-01 -8.8640457647e-02 -1.3016429581e-01 -1.8453350355e-01 2.6207668493e-02 -7.0222640422e-03 -1.3273671989e-01 -6.4699297847e-02 -2.3431705878e-01 -3.0141850110e-01 -2.3263387660e-01 -4.3122064148e-02 -2.2586459387e-01 -1.8709291126e-01 -9.5825237819e-02 -2.8054114519e-01 -3.3007684366e-02 -1.5827375739e-01 -3.7517154421e-01 -2.7570629827e-01 -1.0323977854e-01 -4.4585192589e-02 -2.1265978622e-01 -3.3573020086e-01 -1.1944843532e-02 -1.3333552763e-01 -1.2716822349e-02 -8.3341545121e-03 -8.2552955812e-02 -6.4041456972e-02 -1.1934816421e-01 -1.6255600282e-01 -2.1212166840e-01 6.2283505953e-03 -3.2555823300e-01
-8.7154934239e-02 -6.2110891413e-02 5.3401224568e-02 2.6577421137e-02 4.7970091745e-01 -6.1216598663e-02 1.6109818744e-01 -2.6218821773e-02 8.2711354432e-02 -3.9435242848e-01 1.0710797474e-01 8.6747447859e-02 3.5386063404e-01 1.0984254700e-01 3.2185933320e-01 -1.7489775958e-02 -9.5150949399e-02 2.1826649921e-01 -3.4826556648e-03 -3.8117575455e-02 -4.9212339096e-02 1.5382454841e-01 9.5256129254e-02 2.6911681680e-01 4.3954219541e-02 3.7147898040e-01 2.2542002276e-03 1.5641347126e-01 5.7698014685e-02 2.0274973675e-01 1.8329345517e-01 6.8456969785e-02 1.9560512494e-01 1.0695543161e-01 6.7842841870e-03 3.3399241859e-02 -2.7098404431e-02 1.2800427622e-01 4.1433592854e-02 -2.4151712887e-02 -2.0689163200e-02 2.2643729791e-01 -3.1300597924e-02 3.2166492013e-01 1.4145294847e-01 5.3907282442e-01 1.5685076718e-01 1.4507261033e-01 -3.2329679112e-01 1.2198266550e-01 6.1302609840e-02 2.9366414621e-01 -3.3481568897e-02 1.7041158177e-01 -8.2093262183e-02 -3.5323067334e-02 -3.5902453804e-01 2.6474134609e-01 6.5626144200e-01 -8.2849047255e-02 3.9288774035e-02 1.8380751445e-01 1.4101074702e-01 2.2836445151e-01 3.2490519424e-02 -1.4962061546e-01
-3.1869669768e-02 -2.2177096828e-01 -2.0246037816e-01 -4.2260753984e-01 1.8605749899e-03 3.5047113821e-01 -1.2394757252e-01 -8.3262870660e-02 2.2638483106e-01 -6.3904213253e-03 1.4459090773e-01 -1.2613894383e-01 -3.3198994215e-01 -4.7806326895e-01 6.2445111837e-02 -2.7204235986e-01 2.7507187217e-01 1.8235179206e-01 -4.3823292290e-01 1.2254004893e-01 -4.3905623256e-02 7.8803236616e-01 3.6888404410e-01 1.1063271473e-02 3.8388876167e-01 -4.5226760741e-01 2.0320656220e-02 -3.7203080422e-01 3.8000800286e-01 4.9391243214e-01 5.1666467225e-01 -7.0466615452e-02 -4.4280367846e-01 -4.6661700523e-02 -3.0376132822e-01 9.6432473634e-03 1.1987451900e-01 -3.7972419037e-01 3.3824931647e-01 7.4021509794e-01 -4.6332525968e-01 -7.0932669951e-01 -3.0692079796e-01 -5.0287002165e-01 9.8534856983e-02 -3.3158049456e-01 -3.6836832672e-01 8.1228331056e-02 -4.9124999611e-01 2.4884864327e-01 -5.9990225261e-01 -1.9431412485e-02 -5.9684594544e-02 -6.2914644510e-01 -6.9705326707e-02 3.6240004120e-01 9.5847868728e-02 5.9935820331e-03 2.0151521644e-01 -4.4505676316e-01 2.6687141023e-01 -3.2588108408e-01 -4.8569425719e-01 6.5817973924e-01 1.7248143612e-02 -4.1499926460e-01
-2.4672761532e-01 3.7411927003e-02 -5.4009338166e-01 -9.6694095555e-02 -3.7710656170e-01 6.9243509085e-02 2.3304358532e-01 1.9838300502e-02 1.0709652555e-01 2.1737865834e-02 1.4283782069e-01 -4.5469581378e-01 -2.9295864088e-01 -8.1036133476e-02 -3.3943671541e-01 -9.4003942510e-02 -2.3896619980e-01 4.8094363271e-02 -2.6298064012e-02 1.9499962475e-01 -3.6840714702e-01 -3.0422181943e-01 -8.6086222470e-02 -1.5158304286e-01 -1.5999991949e-02 -3.7849939145e-01 -4.8470165025e-02 -1.0891002319e-01 -3.2244619465e-02 -2.0588532147e-01 -1.8780119208e-01 -2.0731741550e-01 -6.2268096648e-02 -5.5054231490e-02 -2.0869715746e-01 4.1397607593e-02 5.9134139880e-02 1.5839762348e-01 -1.1107967362e-01 -1.1330244207e-01 -1.7762831757e-02 -3.6977000608e-01 2.0829167743e-01 -3.1064090906e-01 2.5074620491e-01 -2.9105929190e-01 -1.8892840164e-01 -1.1346813372e-01 1.2321007536e-01 -2.4822039996e-01 -1.0719220935e-01 9.3640835460e-02 -4.3942628736e-02 -1.9702375947e-01 -5.0481353928e-03 -2.3925683035e-01 1.3543835097e-01 -1.8049650193e-01 -3.4560874383e-01 1.4029216928e-01 -4.1816890147e-03 -4.7614663350e-02 -1.0679209368e-01 -3.2265977736e-01 3.7300935375e-03 -8.2552413923e-02
-3.0599706230e-01 2.8400583558e-01 3.5979962980e-01 -1.4248298143e-01 -2.9599460379e-01 -1.0471309719e-01 -2.5054970354e-01 -2.9705354282e-01 -9.9914550940e-02 -2.7669297194e-01 3.3656570068e-01 3.3858869954e-01 7.5802160857e-01 -4.5398875300e-01 1.6935603152e-01 1.7260988505e-01 3.0133951083e-01 2.3025568790e-01 2.7768657782e-01 9.4286299673e-02 -4.2646465982e-01 4.6560489191e-01 3.8971597126e-01 -4.5008529154e-02 -1.9419653617e-02 5.6344041444e-01 4.6032935347e-02 2.8949157522e-01 -1.7725763955e-01 7.1002289186e-02 -8.9680893507e-02 -1.7705283746e-01 -6.1055438200e-02 5.9922414824e-01 -5.3162485484e-01 3.7033074561e-03 1.0184073237e-01 -4.2556878946e-02 4.2165522108e-01 1.9848040534e-01 -2.2642320689e-02 -1.1614686478e-01 -1.7357420301e-01 9.3005436878e-02 -2.0715479417e-02 -1.8181837267e-01 1.5891614742e-02 3.2470871629e-02 4.1386972260e-01 -2.8687753610e-01 1.8667786001e-01 2.9591753301e-01 4.4192879493e-01 -1.4639430602e-01 2.5808797971e-01 -5.1875429188e-01 -9.4727002830e-02 3.4993797951e-01 -2.6454227619e-01 3.1319263796e-01 -3.2004532481e-01 3.0733280909e-02 -1.9251873353e-01 -5.4035186615e-01 -6.7552133873e-02 -1.4697983565e-01
4.7791502082e-01 -6.1338517493e-01 -2.7394679765e-01 7.3931813150e-02 2.2861080588e-02 -5.3736279670e-02 2.0206167399e-01 -1.7309993993e-02 -2.5330783346e-01 -2.2294896662e-01 -1.2043039959e-01 -4.7182982604e-02 -1.4257534888e-01 1.9002742828e-01 -3.0130218939e-01 -2.2944464943e-01 -8.6391408791e-03 6.7417517538e-04 2.1277416114e-01 -1.1986280135e-02 -1.8097677471e-01 1.3979054793e-01 -2.5457999331e-02 1.7209772291e-02 -4.2256078886e-01 -6.7926334013e-02 -2.4165039518e-02 -3.9189271872e-01 5.1295949556e-01 -3.5220363277e-01 3.8401457802e-01 -9.9220879021e-02 -2.0022971196e-01 2.2618265718e-01 -1.3968716835e-01 -1.5942088728e-03 1.6494931794e-01 -1.5564683722e-01 3.0684558091e-01 -2.1941770093e-01 4.0382205363e-01 1.8835239863e-01 -2.5639697037e-01 -4.6701990317e-02 -8.2380944172e-02 1.6947573209e-01 6.9729244496e-02 -1.9847006906e-01 1.6705662083e-02 -4.4869567343e-01 1.3180193872e-02 3.2608916777e-01 -2.5823842947e-02 2.7492976291e-01 4.1522776256e-01 -2.7142160471e-01 -2.0269204061e-01 -5.8690661534e-02 -2.8870900433e-01 7.9918151851e-02 4.9191519722e-01 -5.5236956703e-01 -3.7466126676e-02 3.9531208176e-01 1.9762521363e-02 -2.7817201432e-01
2.1697747377e-01 -2.4487460811e-01 -3.3216506657e-02 8.0364836366e-02 -3.1156363894e-01 -2.9218661552e-01 -8.5743305726e-02 -6.1711701125e-01 -7.3767910228e-02 -4.1493999221e-01 3.0538137336e-02 -4.7433355418e-01 5.2726957563e-01 3.9387675982e-01 -2.3552319409e-01 1.1280566710e-01 -2.6760793661e-01 -6.1095386090e-01 -6.7450825157e-02 -3.8207527270e-01 -2.5660481383e-01 2.1700733750e-01 2.3746272277e-01 2.1537149666e-01 1.0762038438e-01 2.2369838231e-01 5.5213943317e-02 -1.9273708829e-01 2.8876823555e-01 1.9774720932e-01 1.3257133032e-02 -2.2388776894e-01 2.4729905585e-01 7.2595362111e-02 -1.7083180313e-01 -5.7663173455e-02 -4.8994487628e-01 -1.0338443038e-01 5.1281785883e-02 -3.8712087692e-01 -3.8970164833e-01 -2.6234419261e-01 -1.6930420526e-01 -2.2420612473e-01 2.0022754020e-01 -1.3417737988e-01 -1.2552846119e-01 -4.3077926458e-01 -2.5719020934e-01 1.0375466976e+00 -4.0464120419e-02 3.8825902180e-01 3.8683848473e-01 3.5018222610e-01 -2.1713004474e-01 -5.4975898013e-01 1.3522749918e-01 -6.7755774665e-01 2.8996401572e-01 -3.8655961976e-02 1.0789355259e-01 -1.6566511240e-01 -2.0828327234e-01 -4.5088931423e-01 7.3253435999e-03 5.7302994825e-04
-5.2086231111e-02 -9.2897666338e-02 -2.2242798411e-01 -1.5231860031e-01 -9.0582553773e-02 6.3522991233e-02 -2.7412285832e-01 -2.7179171272e-01 -2.1117193837e-01 -1.5671133015e-01 -1.8020968429e-01 -2.2355898944e-01 9.3738028791e-03 -9.7823211915e-02 -2.0565135344e-01 5.8078835034e-02 -2.1747486861e-01 -5.8877489158e-02 -2.5726855214e-02 -2.5922156480e-02 -1.7537293184e-01 -7.7879630939e-02 -3.0425772309e-01 2.5275015566e-02 -1.9616759032e-01 1.1383822949e-02 -1.6064549646e-02 2.1043176396e-02 -2.6416728268e-01 -1.8723005994e-01 -1.1556887390e-02 -3.4130416619e-01 -2.6310869397e-01 1.9725534575e-02 -9.2510850195e-02 1.1074992201e-02 -6.3976295944e-02 -1.0008217572e-01 -3.2135592074e-01 1.6225287979e-02 3.0547924505e-02 -2.7466726393e-01 -2.2335111168e-01 -5.9246191322e-02 1.3640319834e-01 -2.0958743601e-01 1.1098037283e-01 -1.5457637336e-01 -1.3444068360e-01 -2.6645433310e-01 -1.6859567774e-01 -2.1610842095e-01 -7.2902085720e-02 1.4702672961e-01 -1.3486470923e-01 -9.9773204075e-02 1.4778934434e-02 -1.1374226201e-01 -2.2000189964e-01 -1.7647735792e-01 -2.4720242234e-01 -1.8982397175e-01 -5.2529853083e-02 -1.8956043065e-01 -4.3027405576e-02 -1.0383349966e-03
-4.7791586340e-02 3.5903961326e-01 1.1148066089e-01 2.8896135419e-01 1.3652563596e-02 -6.3452588641e-01 -3.4136906144e-01 7.7720289352e-02 -5.2909827137e-02 1.3562245413e-01 2.8349848169e-01 1.6715935952e-01 -1.4161231992e-01 -2.4570130544e-01 2.3528698652e-01 3.0726285475e-01 1.6130922086e-02 -4.1161447049e-01 2.9142330567e-01 -6.0288781619e-01 3.1806649826e-01 9.5142399744e-02 2.2686333032e-01 1.0743922379e-01 2.8219250869e-01 -3.1329295371e-01 2.0698026966e-02 7.6822686593e-01 1.1431144877e-01 8.3218460503e-02 2.2893621895e-01 5.1345864827e-01 -3.9991338873e-01 -1.3940629845e-02 4.9867513707e-01 -2.1998975999e-03 2.5637899863e-01 3.2727311645e-01 4.3118578933e-01 1.9389731257e-01 3.5206612656e-01 -3.7886317027e-01 4.0303897994e-01 -2.4339411850e-01 2.2876931625e-01 5.7231540412e-02 4.5754592837e-03 -2.1270095136e-01 -2.2108820644e-01 3.0468247415e-02 -4.2684251946e-01 2.2785073342e-01 -4.3797006471e-02 5.7900047480e-01 -5.4224430482e-01 -5.4088260387e-01 5.0857737818e-02 8.5666759786e-02 6.0859481858e-02 -3.4358902230e-01 4.1060621027e-01 -1.0938704718e-01 2.2139258890e-01 2.8921422747e-02 1.8311812414e-02 -2.2795259020e-01
1.0612662472e-01 5.2708435652e-01 3.6173185335e-01 3.2020413343e-02 -5.0137538207e-01 -7.9288208737e-02 3.3947462708e-01 -5.3781814992e-01 4.9354172768e-01 -1.6160411220e-01 2.9577914443e-01 2.9373040055e-01 -2.7825053131e-01 -2.0993038713e-01 -2.5371254994e-01 -1.7149024997e-01 -4.8586047317e-02 7.6153627953e-01 -9.2979535112e-02 1.0479247570e-02 -3.5577296224e-01 -3.6746813775e-02 6.5901379509e-01 3.9468868190e-01 3.9203503233e-01 8.2302442700e-01 -4.1685826724e-02 -7.2158942939e-01 -4.4941221042e-01 2.6720013545e-01 -3.2074060546e-01 -6.6717426791e-01 1.2746659400e-01 9.8698494064e-02 4.8612040399e-01 -5.4766646092e-02 2.8975312022e-01 -6.7518269589e-01 1.4589801328e-01 2.8246396825e-01 -1.2476242317e-01 -4.3907359714e-01 3.0674456971e-01 -2.4209910026e-01 -2.8302742955e-01 -4.2382776141e-02 -4.9524359068e-01 4.8012300409e-01 -6.3997456633e-01 9.1087172953e-02 -2.5642856032e-01 1.4188433941e-01 -2.6017067981e-01 -1.5893767828e-02 1.1257844440e-01 1.3803377161e-01 -2.1166077371e-02 -3.6872884650e-01 -4.2917425806e-01 7.1673043795e-01 3.1294978740e-01 -5.0352254382e-01 1.2518252616e-01 -5.0130980470e-03 1.8651096164e-02 3.3832167925e-01
1.2354737586e-02 -1.2872034937e-01 2.7865682284e-01 2.4800792818e-01 8.0273405318e-02 8.0780707301e-02 1.5108568677e-02 1.5836563740e-01 3.9659211666e-02 -6.2895416201e-01 1.2481299993e-01 -5.9101219990e-01 5.5770345443e-01 -5.6641334800e-02 -2.8068695483e-02 4.2888724284e-02 -1.4099462687e-01 1.8439389763e-01 8.7046393461e-02 -2.3700963342e-01 1.3662476135e-01 1.3293543319e-01 3.0188455661e-01 -1.6303838201e-01 3.2685006182e-02 -2.7922654807e-01 3.7935933568e-02 -3.8863081309e-01 1.7919988855e-01 -1.4510306727e-01 -1.6511876729e-01 6.0640803980e-01 -2.7306827691e-01 2.1146336337e-01 5.5797300402e-02 3.1258535509e-02 -2.1624065752e-01 -3.2328613281e-01 3.3318079135e-01 3.0825757589e-02 -3.8473088594e-01 1.9069782360e-01 -2.4938873553e-01 3.7885764531e-01 -4.3506289709e-01 -1.3225463208e-01 -3.4908177273e-02 -1.4066148791e-01 -3.9443117416e-01 -1.6815266363e-01 -2.5213084368e-01 -3.0995423562e-01 -2.0500190556e-01 3.4395304757e-01 1.4719318235e-01 1.3733467351e-01 -2.4337456408e-02 -5.2469968735e-01 -1.9966024036e-01 1.5689238370e-01 -3.2552482426e-01 2.0393823604e-02 -7.1793706748e-02 -2.5244413753e-02 4.7529989164e-02 6.6998323355e-01
1.0512138840e-04 -1.6449704260e-01 4.0845814533e-01 1.3055781233e-01 4.0850304341e-01 3.1559073631e-01 2.2854434277e-01 5.3631154554e-02 3.2593529021e-02 -6.5161212161e-02 -1.9402299656e-01 2.7884384964e-01 5.5619224025e-03 8.2606474509e-02 3.8230573092e-01 4.5996346425e-01 5.5206172923e-02 -1.9267847677e-01 2.7444507580e-01 3.3084112170e-02 -2.8680632243e-01 -2.1748972088e-02 8.0448112218e-02 1.1488455669e-01 2.9117304323e-01 2.5619389349e-01 -1.2457288800e-02 -2.9238848397e-01 6.3498896456e-02 -1.1213874176e-01 7.2384142534e-02 7.2404457696e-01 -1.3272143091e-01 -9.1431044602e-02 2.9349165573e-01 -3.3487181323e-03 5.9156738803e-01 5.4623887681e-01 1.0761692880e-01 3.2240888937e-01 2.5831751776e-01 -6.0001556581e-01 -6.8375533377e-01 4.7820258422e-01 2.4009209796e-02 -4.3186030224e-02 2.1690607352e-01 -3.6361453762e-01 2.8684776384e-02 3.8509143374e-01 3.1286015104e-01 2.0486979367e-01 -2.6194438809e-01 -5.4073534493e-02 9.6016235923e-02 4.0894079982e-01 1.1677925316e-01 7.9209914473e-02 2.6967434849e-01 2.1271199281e-01 1.1329243526e-02 4.1946899524e-01 5.4094284469e-01 1.7828690233e-01 5.8409601805e-02 1.0624139338e-01
5.4629362067e-03 -3.7217530874e-02 -3.7214252514e-01 5.4405806289e-01 -6.7969753956e-02 4.1928930138e-01 6.7551006017e-02 2.5893785354e-01 5.1932495631e-01 9.9802195011e-02 2.3482289618e-01 -1.1867634138e-01 2.4676057045e-01 -2.4888299908e-01 -3.9957407259e-01 1.3674899641e-02 6.9605630383e-01 -7.1075921136e-01 1.1080015775e-01 -2.9471009582e-01 1.3989420681e-01 1.5138976657e-02 -9.9814189470e-03 9.2816027675e-02 -1.9436108555e-01 -9.7209853025e-01 -2.1109182344e-02 2.3952370173e-01 9.6201072181e-02 2.9493985805e-01 -5.4056531614e-01 6.2018479455e-02 5.2505603085e-01 -3.4868622959e-02 -3.5919472395e-02 -6.9355005692e-02 3.1854424754e-01 2.0366189597e-01 -3.8110671539e-01 -1.3682079994e-01 1.4264421712e-01 1.0474695456e-02 4.5024596481e-01 -1.6258518963e-01 -4.7949010708e-01 1.8199087848e-01 -2.2440120494e-01 -1.2112539076e-01 -3.6275748493e-01 2.4988415361e-01 -1.2405610667e-01 2.3876592268e-01 3.7424083477e-01 2.8646925811e-01 2.1413802158e-01 2.4465539433e-01 1.9056421462e-01 3.6476778327e-01 7.0180777093e-03 7.1988675078e-01 2.0203369377e-01 8.7916200762e-01 6.5802337349e-01 -7.2465179281e-02 2.7436038496e-02 2.5997125327e-01
-3.3340096721e-01 -3.7615076845e-01 -9.3620122471e-02 -2.5190302273e-01 -2.9763385458e-01 -8.2436189706e-02 -7.7717782608e-02 -2.5760819644e-01 -1.2642611236e-01 -1.8124578286e-01 -1.3491599134e-01 1.8570926483e-01 -7.0734632628e-02 -1.7252104655e-01 -1.1511427959e-01 -6.0872671472e-02 -2.1683305952e-01 -2.0737922383e-01 -9.6238651861e-02 -1.3923824988e-01 -1.7075730292e-01 -1.6749352856e-01 1.5762766438e-01 -1.4363761535e-01 -2.6976470076e-01 -1.5518385077e-02 2.5807565174e-02 -9.5333241445e-02 -1.1448039632e-02 -1.3977673474e-02 -2.2166641621e-01 -2.7529982761e-01 -9.8598029945e-02 -1.9750874603e-01 -1.7749608991e-01 -3.9687286194e-02 1.0309039660e-01 -7.9590802945e-02 -1.0436927589e-01 -1.8457903500e-01 -1.4881547124e-01 -1.6638851313e-01 -5.7435480048e-02 -1.8673974409e-01 -2.1567697344e-01 -1.2993247802e-01 -1.7270421010e-01 -1.0048763204e-01 -1.8903842266e-01 -2.9059888067e-01 -1.3192762099e-01 -1.3565790999e-01 -9.4538726055e-03 -9.3570520289e-02 -1.1057859793e-01 5.2726565229e-02 -6.3771511923e-02 -2.6442736453e-01 -2.1387243885e-01 -1.1944161948e-01 -5.3666332538e-02 5.3811308996e-02 -1.3244192745e-01 -1.9635708979e-01 7.2974666780e-04 8.9314320298e-02
5.9390172809e-02 2.3631559901e-01 -1.6441277457e-01 2.3046148868e-01 -7.9926740459e-02 6.8077820452e-03 2.4336882992e-01 2.3063990688e-01 5.5522949332e-01 -6.4343916804e-02 -3.4184482307e-03 -5.1402317192e-01 -1.3426404351e-01 -6.1821157408e-01 2.6288540151e-01 -3.8038914799e-01 -2.2771923367e-01 2.3473271775e-01 1.2011987378e-02 -1.1036564044e-01 2.1344471373e-02 3.0988062459e-01 5.0253527969e-01 -1.6232702387e-01 1.2459194808e-01 2.8160691900e-01 -2.1237977726e-02 -5.0782031246e-02 4.1628772840e-02 -4.4143193316e-02 6.1491143475e-02 -5.7250791870e-03 -4.1738476551e-02 1.1756491662e-01 4.4930514715e-01 1.5541511850e-02 1.1108001288e-01 1.2325907943e-01 -1.9662494700e-01 -2.7523903400e-01 2.3552646364e-02 1.4733193379e-01 -3.1047893451e-03 -2.2469876089e-01 -1.1554809310e-01 -5.6898966475e-01 -3.1280906653e-01 -1.8581825666e-01 -1.0868636964e-01 -1.9634318136e-01 1.9313798344e-01 1.4895622426e-01 -4.0458876681e-01 8.4239365569e-02 6.2055416671e-02 -1.1569076839e-01 -1.3397014720e-01 -2.3531429081e-02 5.4755671671e-02 4.5643886405e-01 -2.6742549952e-01 1.3350821833e-01 -5.0621182860e-01 1.2429300487e-01 8.5055014882e-02 1.6890417561e-01
4.1194048929e-02 1.0723827954e-01 -2.7631896638e-01 4.7391439367e-02 -1.9137822012e-01 1.2389539721e-01 -2.3867395471e-01 2.3739323671e-01 -1.0567889047e-01 1.9895710398e-01 -3.9905549185e-01 2.5532480053e-01 3.0125560006e-01 5.4767333855e-01 -1.5481400311e-01 2.6930057842e-01 -1.9275027549e-01 5.1576228263e-01 6.6084102555e-01 -5.9932957210e-01 1.8132323221e-01 3.4466429136e-02 -3.6001374298e-01 -5.3551147855e-01 -2.9350231636e-01 2.4442534928e-01 7.3640361202e-02 -3.1708024791e-01 -2.3619768352e-01 1.0036973897e-01 2.3562017740e-01 3.4561171490e-01 -2.8151371489e-01 6.5331541096e-01 2.7215887182e-01 -2.4259088021e-02 2.2048850346e-01 2.3851412856e-01 2.6774793939e-01 3.5588197059e-01 -8.2362026975e-02 2.4414128028e-01 -2.3293214420e-01 -2.1853697544e-01 -2.8065507020e-02 1.9502312636e-01 -2.6976694979e-01 -8.0112272443e-02 8.5214112090e-02 4.2313131874e-01 -2.0458913770e-02 3.7729313828e-01 -5.7086012903e-01 4.8178305197e-01 3.3337816944e-01 1.0783393724e-01 -9.4797511872e-02 3.8162540763e-01 4.4051746119e-01 -7.1935101934e-02 -2.0432669285e-01 1.3533005461e-01 -4.3325130783e-01 -2.5974971136e-01 -2.0599058531e-02 3.9378831481e-01
-3.5842722166e-01 2.8831684086e-01 -3.1055351096e-01 7.6941119653e-03 -1.4542755312e-01 2.1291437531e-01 -3.4857363870e-01 -9.0614732456e-02 -3.2981485372e-01 -4.1367709708e-02 -3.8908743311e-01 5.2609391425e-01 4.4321562613e-02 -2.6230438938e-01 -9.0087922187e-01 8.2387815072e-02 7.4288599258e-02 7.9607175750e-01 -4.8752608522e-01 -1.1768203768e-01 -4.5019282886e-01 3.9510952336e-02 5.1308742814e-01 -5.8170128119e-01 1.9096333137e-01 -2.8724979057e-01 -1.4649610752e-02 1.6263555105e-01 3.2309569430e-01 3.3495861155e-01 5.1778020040e-01 4.8401986202e-04 6.1808761117e-01 -3.7739054063e-02 6.6428423740e-01 -7.0575816612e-03 1.3822207543e-01 -1.1876666339e-01 -1.0271235168e-01 3.0552796456e-01 7.3059691100e-02 -8.9891690425e-02 3.3710311427e-01 2.4075296317e-02 7.2244959774e-02 -2.7051956663e-01 2.6741049462e-01 2.2153447569e-01 -1.1648876162e-01 -2.4333421423e-01 3.4219808489e-01 2.3405600526e-01 -4.1581703519e-01 4.9932618094e-01 -2.8625977735e-02 -2.1255970859e-01 -1.0608260623e-01 -4.2541198324e-01 4.1843339772e-01 -2.6514174111e-01 7.4708072258e-02 9.0105414452e-01 3.7923155504e-01 -7.6519278753e-01 -1.3868878772e-02 -5.6561740736e-01
2.7487972946e-01 5.8778423806e-01 -3.4062530170e-03 -3.6609798585e-01 -3.6467093094e-01 -3.6583984044e-01 3.1655153484e-02 2.0732903967e-01 -2.2037641484e-01 2.2288700923e-01 6.6154806194e-01 -4.7875199281e-01 -3.8161367404e-01 3.8062996739e-01 3.9683148789e-01 6.5536641422e-01 -3.8409153275e-01 -2.2928689075e-02 -4.4283248658e-01 -3.0058114705e-01 1.2009596165e-01 7.5691834186e-03 -2.3710712910e-01 -3.2846089322e-01 -2.6205052186e-01 -3.8712619969e-01 2.6341507943e-02 -1.9776558820e-01 3.3691701970e-01 1.3774089711e-01 1.8162508861e-01 -2.9358120798e-02 1.5629181706e-01 3.6534401877e-01 -3.1027409333e-01 -3.2865332644e-03 9.0141608968e-01 -4.8809857372e-01 -2.2560605422e-01 2.8978130825e-01 -8.9897993607e-02 -2.5177728221e-01 -6.3256921891e-01 1.9453089774e-01 -3.1136779416e-01 -6.2125506800e-02 -5.2144138635e-01 2.2971340002e-01 -9.9671301837e-02 2.2491410694e-01 -3.6965150212e-01 -2.9126277267e-01 -1.5385828130e-01 -1.7180826303e-01 3.2436902553e-01 -2.1561292254e-01 2.7716115906e-01 2.2286313740e-01 4.8665307615e-01 -3.4527365246e-01 -1.1176992796e-01 3.9390234796e-01 3.1099788740e-01 2.4711931396e-01 9.7643571625e-02 -1.5499075264e-01
1.9542411907e-02 3.1490388918e-01 -1.8770843952e-01 3.8605590867e-02 -3.1749694916e-01 -4.9148336115e-02 2.9096894513e-02 1.4246429170e-01 -5.6233551424e-02 -2.5216408716e-01 -3.2013658727e-01 7.8163638857e-02 7.4744018239e-02 -9.4654270666e-03 -3.9515618822e-01 5.9624193464e-02 2.5689176963e-01 -1.3222370428e-01 1.1195084144e-01 1.1517927286e-01 -2.7124100209e-01 8.3440729930e-03 6.9561800691e-02 -2.0683868829e-02 4.0266503639e-01 -2.2744816703e-01 3.6667458115e-02 -2.8543619863e-02 -3.0213098327e-01 -2.4078247370e-01 6.0890096853e-02 -2.6812494197e-01 6.2529389842e-02 -4.3774897363e-02 1.1889949890e-01 3.5301256168e-02 -1.2456234080e-01 1.4942838679e-01 1.4953733632e-01 -1.6556983571e-01 -2.0943334859e-01 3.8162878586e-02 2.2896054052e-02 -3.3162229938e-01 -7.6872856925e-01 -3.3465879011e-02 -4.8978071136e-02 -4.2165599282e-01 -1.2696925512e-03 3.5936623326e-01 5.5443903706e-03 1.0410096626e-01 7.3570205302e-02 -1.8107615199e-02 4.6495566553e-01 6.6032551349e-02 3.0342479181e-02 -2.9335628156e-01 -2.1944892912e-01 -5.9490944036e-01 -3.9588583383e-01 -2.6045747543e-01 3.1292842260e-01 1.9936895530e-01 4.9839407113e-02 -2.4679272657e-01
-3.5593779598e-01 8.0506875676e-03 5.7665385956e-01 -3.3023757111e-01 2.4749427350e-02 1.1262285645e-01 4.8195010098e-02 -5.4596453343e-01 -6.7410519112e-01 1.5712185947e-01 3.2302396932e-02 -2.6912478557e-01 2.0878537186e-02 1.9425269381e-01 3.6516078516e-02 -7.2971840934e-02 -1.1422904077e-01 -3.0252814097e-01 -6.6935883565e-02 -4.5492132596e-01 -4.4815955443e-02 -4.6473882785e-01 -6.3292534263e-02 -9.0213299785e-01 5.8439611501e-03 2.4891560009e-02 -4.5976399490e-02 -2.1891066452e-01 -4.6788006873e-01 -6.7070230324e-01 -1.9417041917e-01 -5.9256392645e-02 -2.2646420524e-01 -5.3357667935e-01 -3.3878344080e-01 1.0577941388e-02 -1.0685203063e-02 -2.0749494100e-01 2.9181702634e-01 -3.1432857145e-01 3.4024373720e-01 -3.6624846783e-01 5.2520516474e-01 -4.8689675672e-01 -1.8309420477e-01 -6.6687734680e-02 -2.4993543813e-01 5.2502635281e-01 6.2014752176e-04 -6.0502815981e-02 4.5557771414e-02 1.8173850247e-01 -1.3297728224e-03 4.1669283496e-01 2.0832211803e-01 -1.6573896887e-01 -9.4266252544e-02 -3.2120932632e-01 2.1411552138e-01 1.6188405753e-01 -7.2492257738e-01 1.5363990622e-03 1.2058257074e-01 5.9599378150e-01 2.7287633835e-02 1.5504220600e-01
-2.2917470283e-01 -1.2812827353e-01 2.1934157906e-01 6.4983817108e-02 5.9454663851e-01 2.4093845559e-02 -5.1508364352e-01 -3.7118085759e-01 -3.9551948204e-01 -5.9226902000e-02 2.0705588540e-01 -1.6445382894e-02 -2.1445363794e-01 2.1806195448e-01 7.4637048467e-02 -1.8487887420e-01 -2.3166156175e-01 6.2791950681e-01 3.1070465335e-02 3.6559876110e-01 4.3680974122e-01 2.2597297260e-01 2.1325537049e-01 4.2730907863e-01 -2.7439612370e-01 1.0435812191e-01 4.7336266766e-02 1.3454087506e-01 -8.5070417715e-02 -1.2175961312e-01 -5.6424093798e-01 1.0968098315e-01 4.4356569688e-01 -2.0249689958e-02 3.7219376343e-01 -1.2627369424e-02 1.2995612548e-01 1.5763361492e-01 -1.6483389293e-01 1.5724689078e-01 -1.8495519531e-01 -8.2190692377e-01 -1.1131584906e-01 -2.5039419469e-01 6.8568798046e-02 -5.6512267494e-01 -1.5849179665e-01 -5.5577190419e-01 3.9218238208e-01 1.9153790564e-01 8.3413772455e-02 -2.9825163763e-02 -2.2614251445e-01 3.2233190777e-01 3.9445959163e-01 5.4026287508e-01 -6.1164786059e-01 4.9452903291e-03 -8.2768268827e-01 1.4219070777e-01 2.7960349493e-01 2.1179100800e-01 -1.9888183646e-01 3.4621546270e-01 -1.7011951955e-02 -2.1332532255e-02
2.1092747877e-01 5.4314817648e-02 -3.5563976646e-01 5.5790958104e-02 1.2857762630e-02 4.3915344725e-02 6.4108854691e-02 2.6996633429e-02 7.6516237491e-02 1.8326124003e-01 2.4975887213e-01 8.7833837326e-02 -6.8873947979e-03 7.3770840858e-02 2.4452857067e-01 2.2207719750e-01 3.9827952357e-02 3.5036741312e-02 1.0583155013e-01 3.8183892853e-01 -8.6125241360e-02 4.0618952048e-02 2.0685401231e-02 7.1217855443e-02 2.8484174766e-01 -1.9524735205e-02 -3.3027469817e-02 -1.3955054048e-02 1.4665074284e-01 1.1793709460e-01 1.9886347227e-01 1.6450403892e-01 1.3785488129e-01 2.8725888847e-01 9.2517717924e-02 6.0944251856e-02 2.7444466863e-01 7.5512414593e-02 2.0137342572e-01 6.1259399474e-02 2.1972864923e-01 2.2566168742e-01 1.0734678854e-01 4.2434471201e-02 5.3245293992e-02 1.2054820353e-01 8.7351870324e-02 1.5549455843e-01 5.8671304878e-02 1.3459234177e-01 2.3759342678e-01 1.0472666051e-01 1.5292317416e-01 1.2915314930e-02 8.7395814335e-02 9.0469433628e-02 2.3827281641e-01 1.1144453743e-01 1.0240495348e-01 1.9436982685e-01 2.4104830702e-01 6.9418379444e-02 1.1729964824e-01 5.2522899197e-02 -5.6231839750e-02 8.8631384110e-02
-4.5331063274e-01 3.4658327420e-01 1.8461534157e-01 3.3840632717e-01 2.6132930477e-01 9.6419165586e-02 -1.2401819364e-01 3.9386057438e-01 -1.6263714301e-02 -2.1676385467e-02 -4.5818617203e-01 3.8444483409e-02 2.6474447487e-01 9.2410605563e-02 -1.6531936789e-01 -4.4914573872e-01 2.4515242357e-01 2.8046795316e-01 -1.0996074239e-01 1.1496107732e-01 -3.5714985989e-01 2.1508356685e-01 2.2704380310e-01 2.9604595050e-01 -1.5786508740e-01 -1.3212981390e-01 -1.2872701734e-02 -2.0089653816e-02 3.1736106351e-01 -5.2925624870e-01 1.8205338519e-01 -2.1881063684e-01 -1.7178234145e-01 4.2809797258e-01 -3.2135550632e-01 1.5176048825e-02 -3.9809386754e-01 1.4746023839e-01 7.5776057324e-01 -1.3946588841e-01 -3.1877084201e-03 9.7918649110e-02 4.7077024058e-01 -3.6829394147e-01 -8.5481863227e-02 -3.0332942570e-01 2.0337871092e-01 -2.3576261182e-01 -3.3704852585e-01 -2.1066359230e-01 -1.0262146995e-01 -3.9238328260e-01 3.9311110436e-01 9.7354165874e-02 7.5883775650e-02 -1.0096256940e-01 -1.1250998705e-02 4.9989660675e-01 3.8815070480e-01 -3.4234677990e-02 2.3378203728e-01 3.8121648998e-02 2.8542242739e-01 -4.6095812042e-02 6.5184634690e-02 -7.7944925972e-02
8.0921482391e-01 2.3803790525e-01 -1.2361663030e-01 3.8036610391e-01 -7.0000613537e-02 -2.4019874923e-01 4.6318315404e-02 -3.4238951547e-01 1.4571747419e-01 2.1050859121e-01 -5.6386709015e-01 2.5386885252e-01 -5.0919830211e-01 -2.5817002992e-02 -3.3475867028e-02 5.4248985575e-01 4.2248014785e-03 4.5648893897e-01 -2.0549731259e-01 3.8990700706e-01 1.9606156220e-01 5.1926656097e-01 -2.1909631704e-02 -5.4190901826e-03 -2.9200128105e-01 -3.8318186991e-01 2.4660939517e-02 -7.4286859547e-01 4.3954240266e-02 6.2184524937e-02 -2.0694706456e-01 1.8194486204e-01 -3.2635366141e-01 -4.7070204838e-01 1.6355737126e-02 -2.9146695820e-02 3.1953510433e-01 4.0822307156e-01 -2.7050160570e-01 -5.0870525586e-01 -5.1523600271e-01 -2.1886453924e-01 4.2145305646e-01 7.9585537239e-02 7.3397432363e-02 5.6973221387e-01 3.3435057340e-01 -1.2161695167e-01 2.9932030538e-02 -3.9883657155e-01 2.2414447123e-02 3.6838502346e-02 2.9630276771e-01 3.8987247210e-01 2.5529270366e-01 2.3694195098e-01 -1.0604235943e-01 -1.3748907994e-01 1.3484413597e-01 -3.2720750901e-02 -4.6115124586e-01 -3.3834546781e-01 8.0531143110e-02 2.2940832163e-01 -1.2603136859e-02 1.3716883994e-02
-1.2634673600e-01 -3.2883551103e-01 -2.5155082779e-01 9.8814115689e-02 7.1736754285e-01 -1.6577333087e-01 -4.8778730188e-01 -2.0588069885e-01 3.7115334780e-01 -2.8477099189e-01 -4.5083428896e-01 7.2666622905e-02 5.8335994100e-02 -1.1207354848e-01 -1.0479984855e-02 -7.9500671379e-02 -3.0964809922e-01 -6.8677669418e-02 -2.4403779688e-01 -3.4828362286e-01 1.1274718069e-01 -4.9092138527e-01 -9.3457764805e-01 -5.8978031843e-01 2.5357687417e-01 -2.5078694280e-01 1.0487776527e-02 -3.6648576379e-01 -2.1144510280e-01 4.0830083906e-01 9.3119200396e-02 2.9749532747e-01 5.5169551198e-02 4.5139414001e-01 -5.7051743228e-01 -4.2636926226e-02 1.9722129963e-01 -5.1729062870e-01 3.5857890120e-01 1.0342615957e-01 1.0651308370e-02 1.2064718869e-01 1.8760034889e-01 -1.3014759400e-01 2.9526495841e-02 1.7733124203e-02 2.7081571921e-01 -5.2161291415e-01 -2.5350441116e-01 -2.9908092765e-01 6.0549588348e-01 5.5319216185e-01 1.7690739570e-01 8.9829885707e-02 3.5121450416e-01 3.7460301021e-01 2.6104205564e-01 2.4027469338e-01 -2.5836440539e-01 2.1817183967e-01 1.6049561039e-01 -1.1026414384e-01 5.8485863871e-01 6.1057244017e-02 5.4391799519e-02 -4.0115549978e-01
7.4585741021e-02 2.1644155130e-01 1.5645026387e-01 2.4022469408e-01 1.0889958979e-01 1.2511939822e-01 1.0046682194e-01 2.0871382749e-01 1.7402555740e-01 7.8499937665e-02 4.6931823002e-02 -9.0397999615e-02 2.5283673023e-01 2.3051717286e-01 7.6655583943e-02 1.5391701183e-01 5.9516296455e-03 1.1412159261e-01 2.8707391311e-01 1.5369452221e-01 6.2684253137e-02 3.5113492724e-02 3.8172676386e-02 2.3183114307e-01 1.9742413546e-01 7.4093609620e-02 7.4991135007e-03 2.7335557095e-02 9.0450237903e-02 3.7313165601e-02 2.1075874018e-02 1.3945620023e-01 3.4218019699e-02 1.1281671142e-01 8.0889446023e-03 -1.3395116050e-02 1.4990142937e-01 -3.2725806104e-02 1.8334938460e-01 2.3722999166e-01 6.1044950151e-02 -3.9857634535e-02 2.2086877832e-02 1.1963103791e-01 9.3761318569e-02 9.0684262161e-02 1.3774540105e-01 1.9621727705e-01 1.4524421783e-01 2.2643838828e-01 2.5882473765e-01 -1.7700026480e-02 4.6785109030e-02 9.6261942979e-02 8.8202133772e-02 9.8847436441e-02 2.0321971225e-01 1.5979290811e-01 1.3873404028e-01 5.0005671712e-02 1.9564601238e-01 1.2624934672e-01 2.9261101665e-02 1.7948602789e-01 2.1827899120e-02 1.2069261813e-01
-2.0170956215e-01 -2.6824407761e-02 -2.3597671460e-01 -8.2717473354e-02 -2.0120091370e-01 2.8047317005e-02 -8.1953368484e-02 -1.3566112850e-01 -9.0282115620e-02 -1.7519076891e-01 -1.4529088903e-01 -2.2846704662e-01 -1.8727975035e-01 -1.5727601466e-01 -1.6162618495e-01 -1.4922690711e-01 -3.2026633119e-02 -1.2363351340e-01 -3.0648002026e-01 -1.0154654949e-01 -1.2509446417e-01 -1.5046640663e-01 -8.3535552059e-02 -2.3135808706e-01 -1.9757575508e-01 2.6523402634e-02 -1.2066022473e-02 -1.9188023619e-01 -1.2935724419e-01 -1.4790353058e-01 -1.7937585199e-01 -2.5682460838e-01 -6.4515756813e-03 -2.5624805456e-01 -2.9626182565e-01 3.6071743201e-02 -4.6597851734e-02 -6.2251644144e-02 -2.5437614620e-01 -2.1347150775e-01 -1.5170524685e-01 -1.0745560370e-01 1.9872837469e-02 -1.9178234412e-01 -5.0472188750e-02 2.1112109355e-02 -1.5401457955e-01 -2.0783628760e-01 -4.0363707854e-02 -1.4828529257e-01 -1.7674077737e-01 6.5447569075e-02 -2.3111066743e-01 -1.4163048074e-01 -4.2159826082e-01 -2.1850414022e-01 -5.1142228296e-02 -2.4449417748e-02 2.4470011207e-03 -2.0640714240e-01 -5.6280541644e-02 1.0944338622e-02 -1.7019468300e-01 -1.6961037418e-01 -4.5890544711e-02 -6.7696162889e-02
-6.7478656562e-02 -9.1636351613e-02 -9.8520260311e-02 -2.2841970237e-02 2.4958668744e-01 1.6986251792e-01 -1.2303712181e-01 8.8356841457e-02 -1.0424984930e-02 -3.8794810430e-01 -3.7100711641e-01 -2.5606794619e-01 -4.2746802827e-01 -2.6317837373e-01 -4.1419310866e-01 2.8253908650e-01 -5.0564213359e-01 -1.3981510055e-01 2.8374366771e-01 6.6521775458e-02 9.5223919252e-03 -1.1085966156e-01 2.5320515741e-01 1.1553337662e-01 -1.1490237033e-01 4.1808962968e-01 3.1482057302e-02 2.8008177701e-01 -9.5386338487e-02 -3.5510009716e-01 6.0331265070e-01 -4.2896390247e-01 1.6416788437e-01 4.2191972188e-01 2.4473436090e-01 6.7390435452e-02 -1.0103388104e-01 9.9899422386e-02 -4.1760509859e-01 -1.9628063532e-01 1.0940816042e-01 -2.5037162228e-01 3.5146433407e-01 -3.8053147560e-01 -7.6428636146e-03 3.1633225639e-01 6.4194268810e-01 -2.2208000555e-01 9.9796318514e-02 -2.9629795559e-01 3.5548646623e-02 4.5249087792e-01 -4.7926650503e-02 -2.2259424211e-01 -1.6140631328e-01 6.1252510434e-01 2.9236042134e-01 9.4648515445e-01 -9.4081743291e-02 -4.2143573757e-01 -3.7284120252e-01 1.8205362667e-02 -5.8456480079e-02 3.6038161507e-02 -2.5492897286e-02 1.5238258336e-01
-1.3927897497e-01 2.5626329953e-01 -2.7708352778e-01 3.7186331260e-01 -1.0835974819e-01 -1.0744141507e-01 -1.6558131783e-01 -1.1735561848e-01 4.0541865452e-02 -1.2793694826e-01 -4.2673337268e-02 -2.3909349465e-01 -1.0586805975e-01 5.0923110806e-02 3.5596870330e-02 1.1787926279e-01 -3.1156084163e-01 -1.0708020171e-02 -1.4712319225e-01 5.4928072341e-01 -2.2900152057e-01 1.6111731448e-01 -7.2197911250e-02 -1.5968001151e-02 1.7521869148e-01 8.6299423525e-02 7.2124596376e-03 5.1172330833e-01 -1.8587040402e-01 -1.4849819994e-01 1.8989399216e-01 3.9531557774e-03 3.4779944285e-01 -4.4316527101e-01 3.1982232497e-01 2.9450614919e-02 7.0926689624e-03 -1.1407537562e-01 1.0429738440e-01 1.3869754230e-01 -1.1920981452e-02 3.0195151718e-01 -1.3631216607e-01 1.7965015700e-01 1.2609320174e-01 -1.8055440787e-01 -2.0788650167e-01 6.8306046600e-02 -6.3439144918e-02 1.0591448815e-02 6.1341322241e-01 2.8769055224e-01 4.2594252715e-01 1.8754462168e-01 1.5463494544e-02 4.2697722643e-01 -2.0363033663e-01 3.9663088598e-01 -2.0675884472e-01 2.4896874431e-01 5.9647973609e-02 -2.8320897610e-01 1.5122950067e-01 -3.4837722554e-01 -2.0933224270e-03 3.7525634335e-02
3.7103253011e-02 -2.7311407753e-01 1.2876784858e-01 6.5452790840e-02 -2.8126507795e-01 9.7321002026e-02 -2.8227216064e-01 -2.0696541826e-01 7.7468989764e-03 1.4081073913e-01 4.5078560322e-02 -2.3080463931e-01 -1.5580239250e-01 -1.2053011631e-01 -1.4956536317e-01 2.7774956884e-01 -2.3474112365e-01 1.1961428233e-01 2.6382336433e-01 2.0613284736e-01 -1.5812132173e-02 -7.2747475779e-02 -3.9112444601e-02 -2.0826311845e-01 -4.2865562051e-01 -1.4868257463e-01 5.7479616121e-02 -1.5766718638e-01 2.6370147216e-01 -1.2954192023e-01 -2.7822947099e-01 2.0986528380e-01 -2.3999410524e-01 -2.3393295558e-01 -2.6997595799e-01 -2.1690973294e-02 -2.7937987789e-01 -9.4382677551e-02 1.3857146827e-01 2.0302481128e-01 1.9010982056e-02 2.0108508479e-01 2.1460092797e-01 -3.4871849847e-01 -3.3178996480e-01 -1.3194118228e-01 -4.6043500118e-01 1.6923140806e-01 1.4346894420e-01 -9.4477578893e-02 8.5034829002e-02 -3.9449978809e-02 7.8380907741e-02 -1.2032822723e-01 -2.6965604552e-01 -7.5860562546e-02 -1.9267757370e-02 -2.9218810644e-01 -2.5244867003e-02 4.9464496909e-02 1.6054127768e-01 3.8972862441e-01 -4.6160046630e-01 -8.1579647226e-02 -4.1084845850e-02 -7.4218874896e-02
-8.3280495391e-02 3.7600822556e-02 -1.7074223393e-01 1.6426648941e-01 4.1468762737e-01 -2.1414738454e-02 4.1682867737e-01 6.4885686596e-02 9.5189907685e-02 3.1300249134e-01 2.0511038031e-01 -1.2505155567e-02 1.4446131335e-01 2.5626618874e-01 1.1737496406e-01 2.0846931598e-01 3.7388294264e-01 5.1395919541e-01 1.7559744913e-01 1.2912241696e-01 1.1155615899e-02 -3.1890167175e-01 5.1579580732e-01 -2.1434924239e-01 2.3218286169e-01 2.6167938407e-01 -3.4487198466e-02 4.3803699770e-01 -2.4008721521e-01 1.1741736531e-01 2.5784689796e-01 3.1696373552e-01 1.6600618177e-01 4.5386708139e-02 -1.4887431324e-01 9.8974602930e-03 -7.8192946379e-02 -1.0294842949e-01 -2.5330234849e-01 3.1743418486e-01 -1.5749625160e-01 1.3326294079e-01 -5.8430295969e-02 -1.9953138231e-01 9.1849857253e-04 2.4906206572e-01 -4.3948315563e-02 1.7638223727e-02 -4.5534707974e-02 1.0109628760e-01 6.6258399536e-02 -2.3159836002e-01 1.5590902044e-01 -3.5472774998e-01 4.3077944350e-02 -1.2318365309e-02 -1.9210755275e-02 3.2324530659e-01 -6.0040824219e-02 -1.2533369140e-01 2.0211796069e-01 4.2312254675e-01 2.1087533687e-01 2.4673996597e-01 -3.5401190855e-02 5.2814278097e-01
7.8355549480e-01 -1.8307993589e-01 3.1669781685e-01 -5.0180993341e-01 9.7778315441e-02 2.2225576328e-01 5.8095140992e-02 -1.3128481480e-01 -3.4331841566e-01 -4.6054200656e-01 -6.5784742285e-01 4.9458665960e-02 2.5440614990e-01 -2.3473773482e-01 4.4336683706e-01 4.6580342189e-02 2.6598822412e-01 -5.9298711827e-02 3.7033704451e-01 8.1159072740e-02 -2.9805981917e-01 -3.7739721538e-01 4.6652661906e-01 -1.9889358444e-01 -2.2633902771e-02 -5.7259051677e-01 4.6430347444e-04 -1.0122244081e-01 4.4181748326e-03 8.3045591991e-01 -5.6577980178e-01 -4.9906956053e-02 -1.0003146818e-01 -1.3008650999e-01 4.2533188772e-01 3.5481406194e-02 -4.5676718633e-01 -8.6013220660e-02 4.9517733893e-02 -4.4849477050e-01 2.3533899433e-01 -4.2109602026e-02 5.1514751353e-01 5.8722867233e-02 1.0626126552e-01 1.3247932328e-01 -6.7371834140e-01 -1.0977589706e-01 1.5716729808e-01 6.4065166289e-01 -1.6021168247e-01 -5.1233744491e-02 -3.3592424983e-01 -3.9707241031e-02 1.9364191979e-01 -1.0170621736e-02 2.2592529442e-01 4.1259027630e-01 5.8101773571e-01 -8.8991247585e-02 -2.4750295195e-01 -4.2598021078e-01 -4.6985991621e-01 1.0380688867e-02 3.2452452305e-02 -4.2736031271e-02
-5.3581386969e-01 -5.8062981226e-01 9.9156525152e-02 9.3836240924e-01 1.5913897121e-01 1.5842255197e-01 3.0961310385e-01 3.9356578746e-01 3.2623920527e-03 -4.4514361530e-01 9.7476312202e-02 1.7508706731e-02 9.6861296690e-02 -2.6275419381e-01 -9.1639734280e-02 -1.1500708619e-01 -1.8114433269e-01 2.3429932396e-01 1.9301563693e-01 9.6290518189e-02 3.1435219673e-01 -2.9825453990e-01 4.7692952193e-01 9.0995739685e-02 -3.3045350027e-01 -2.0691899075e-01 -5.3096757857e-02 3.6807280901e-01 1.4224989141e-01 3.2718620581e-01 -3.8456526473e-01 -2.3375508284e-02 8.2504205940e-02 1.7628067235e-01 4.8506729937e-01 -9.4511636754e-02 5.3823453013e-02 -1.3630681022e-01 -2.2928208307e-01 2.3229105325e-01 2.6746069476e-02 -2.3829099147e-01 -1.2405822974e-01 3.9573940552e-01 4.2042889694e-01 -1.6587680862e-01 -7.7189087025e-02 5.9675116382e-01 -3.7141669235e-01 -4.6634607265e-01 1.1349779350e-01 -2.0026799207e-01 -1.1538512125e-01 5.2525896048e-01 9.5938089870e-02 -4.6483889946e-02 8.1566200112e-01 6.6565813102e-02 2.5877955295e-01 -9.0210632154e-02 -6.2051916439e-01 -1.8810733359e-01 -1.0243103527e-01 2.5889879966e-01 -4.1114522016e-02 -2.9568902583e-01
-1.4122089355e-01 5.5232379540e-02 2.1833825257e-02 1.4929641870e-01 -1.7833258167e-01 7.6006087477e-02 3.1034467235e-02 -1.5161075221e-01 5.9768267961e-01 7.6037432881e-02 1.5570451265e-01 -2.1656273808e-01 5.4484921540e-02 4.6908310919e-01 3.7283759252e-01 1.9752522747e-01 -1.6737134888e-01 1.0892106612e-01 2.0938226083e-01 2.2784432862e-02 2.5954697863e-01 1.5918168726e-01 1.7880695607e-01 2.2432484901e-01 1.7215138775e-01 4.5972907400e-02 3.2697817750e-02 1.9410343483e-01 1.1893398953e-01 1.0717048329e-01 1.2252044175e-01 1.6170691866e-01 4.0059081843e-01 4.0597450214e-02 2.3444617055e-01 -4.7717455865e-02 1.7113537651e-01 -1.4006479910e-01 4.0085691074e-02 -7.9753387549e-02 2.9957603797e-01 1.5425431450e-01 -4.6935620330e-01 -3.3351918048e-01 -2.9693293418e-01 -5.0630954520e-02 4.4567335134e-01 8.0346552618e-02 5.9739622961e-02 -1.7957097400e-01 -1.5631531123e-01 9.9923109109e-02 1.7626031358e-01 -1.5457161594e-01 1.3139491787e-01 1.3824467246e-01 2.3802260819e-01 2.6007916472e-01 2.7773109802e-01 -1.3485095262e-01 7.2997074433e-02 1.1288237608e-01 2.9638318957e-01 7.8209792862e-03 -1.1556969829e-02 5.3375367568e-02
-6.2372260998e-02 6.1957928729e-02 -1.1298516205e-01 -1.1557506223e-01 3.6579721675e-01 -3.0641840914e-02 -2.9033813066e-01 -1.6327547006e-02 1.1311274167e-01 1.1462291468e-01 1.2642014592e-03 3.6079872808e-01 2.4329478136e-01 -3.0286291275e-01 -1.0456441997e-01 2.6829288398e-01 4.6815651156e-01 8.1179106320e-02 5.0633643405e-02 4.9506585613e-01 -9.4339994234e-02 -8.7799191782e-02 -5.8857963832e-02 -1.4214430745e-01 -3.1923245637e-02 1.0138547038e-01 6.0403899880e-03 -1.3079251230e-01 6.0164802065e-01 -3.5164823819e-01 2.6416522002e-01 -2.3526269175e-01 2.0766805621e-01 3.6523612081e-02 3.4869505815e-01 8.5467032259e-02 1.6386141655e-01 -3.2785018194e-01 2.8711557338e-01 -1.9872820661e-01 -1.7441162876e-01 1.0866431673e-01 3.1514235844e-01 -1.6284967107e-01 2.1790747955e-01 2.0681614843e-02 5.9065098627e-01 1.5085122205e-01 -3.8589769826e-01 3.0426930071e-01 2.1769361487e-01 -4.1154629298e-01 4.7685578270e-02 -8.0514760041e-02 5.0043008547e-01 2.1736954510e-01 1.2412002084e-01 1.5415661333e-01 5.9173515147e-01 1.2780721717e-01 -6.4990929877e-02 -3.0182685388e-01 1.0614913776e-01 1.8515098375e-01 -2.6759978863e-02 6.9854433478e-01
1.2876614140e-01 1.2033657519e-01 -1.1954154676e-02 3.5087095067e-02 6.2545377616e-02 1.4637059231e-01 2.5080314296e-01 1.2503264315e-01 1.9569689700e-01 3.9832530642e-02 3.4182143217e-01 -4.9957899072e-02 9.7543697269e-02 2.1450690746e-01 -2.6356015631e-02 9.4234548481e-02 3.7518142874e-01 2.2296147353e-01 1.7034846482e-01 2.5802170821e-01 -2.3954990613e-02 5.2831006098e-02 1.5267201749e-01 8.4079833931e-02 2.3396525253e-01 -9.0694336220e-02 7.3655692659e-02 5.7812573895e-02 5.3033984852e-02 1.5604822812e-01 5.5673641750e-04 2.8695239737e-01 1.2131777523e-01 3.5092460038e-01 1.2971163791e-01 -3.3140698127e-02 1.1265180210e-01 9.0671749714e-02 1.7247864662e-01 1.7431922612e-02 5.0295645973e-02 -1.6561692132e-02 1.1774643039e-01 4.5175196087e-02 1.5719539708e-01 9.1972021081e-02 2.3392434532e-01 2.8022967875e-01 1.8324876794e-01 1.8473661819e-01 2.6342577553e-01 1.8899413221e-01 7.2880244873e-02 -3.1964613732e-02 2.0686878079e-01 7.1770233691e-02 1.6950415174e-01 3.5777691920e-02 8.0483977263e-02 2.9295632812e-01 2.5015136794e-01 1.1451363147e-01 2.5831071318e-01 3.4462570538e-01 2.7684921844e-02 2.3109456316e-02
-2.7998872088e-01 -1.4608100435e-01 3.3134958057e-02 5.8533189808e-02 -2.0100288516e-01 5.5031706551e-02 4.0045935552e-02 -2.3186791782e-02 1.9102497130e-01 -2.6022021613e-01 -1.9392863387e-01 3.7099590065e-01 -1.1158700303e-01 -1.1517025544e-01 -7.4372054246e-02 -4.7429686211e-02 -8.2261773702e-02 -3.6661738276e-01 -5.9001658758e-03 1.3943706858e-01 6.0418290171e-01 4.7849297425e-01 2.2681938644e-01 1.2856615628e-01 -8.2149772681e-02 -1.4900050478e-01 6.8379289638e-03 1.3395427800e-01 -1.6684801474e-01 -5.4886494294e-02 -5.9349093342e-02 1.0565778930e-01 3.6157458675e-02 -8.6856025662e-03 -1.6706594931e-01 -1.2029041891e-02 1.7648338185e-01 7.4815866551e-02 -6.5583622155e-03 1.9972326005e-01 -1.4301314815e-01 7.6692000259e-02 1.6278901937e-01 1.8499970027e-01 3.3582636318e-01 -1.4996016433e-01 -2.1568554361e-01 -1.5476125237e-01 8.5869116744e-02 -3.2726370256e-01 7.6890154969e-02 4.3336660202e-01 2.2777565761e-01 -7.7782649436e-02 2.0179717755e-01 -1.0045093115e-01 5.4225020596e-02 -2.7468213348e-01 3.7745668846e-01 1.2473639457e-01 -8.4612653881e-02 -6.4614032684e-02 1.8882099420e-01 1.2293552733e-01 -1.6372008683e-02 3.0080622253e-01
-2.4110622451e-02 -5.4970841525e-02 -3.0684239227e-02 3.3839717315e-01 -6.0024423752e-02 -3.7411287797e-01 2.1727008038e-01 2.7114642955e-01 3.3525444394e-01 -6.2140397654e-02 1.3913007094e-01 -7.4951515070e-02 -1.5531297416e-01 2.9186733256e-01 1.4256480184e-01 2.3219915060e-01 2.0380700747e-01 2.5870445103e-01 5.4551218987e-01 3.9426653036e-02 4.2159751376e-01 2.8178853814e-01 -2.8870465534e-01 8.6655769342e-02 5.6230929974e-02 1.6880342054e-02 -7.3391636227e-03 -2.1264820857e-01 -1.0095669899e-01 -2.7900921723e-02 2.2344368160e-01 -8.0444543661e-02 1.8905747048e-01 -5.5451009077e-02 1.2755476156e-01 2.1385449719e-02 1.9492229739e-01 3.1582142652e-01 2.9178060932e-01 -2.9446131383e-01 1.8850918823e-02 -2.8741821896e-01 6.6480406494e-02 1.7693709306e-01 2.1863616876e-01 3.4215431725e-01 -1.3947781578e-03 2.0137613515e-01 1.2379994131e-03 7.4437071301e-02 -3.9004713242e-02 -4.1524787430e-01 8.8302130358e-02 -5.2741825505e-02 1.7590218192e-02 2.1953702244e-01 4.6822191873e-03 2.4553515875e-01 3.5748452846e-02 7.9710768904e-03 -3.6227251731e-03 1.8179859377e-01 4.1581103807e-02 2.7244737963e-02 -5.5868459312e-02 2.0250682542e-01
5.6969824963e-02 -1.1168377692e-01 -1.4897809650e-01 1.0364684886e-01 -1.0916424606e-01 -1.4149135085e-01 1.0435672017e-01 -1.4391207232e-01 4.4162190426e-02 -1.0581424523e-01 -1.3762879389e-01 1.0704632518e-01 -1.0567766525e-02 1.6958236820e-01 3.1896311872e-01 -1.9037084823e-03 1.9303020703e-01 3.5578250089e-03 -3.6226884984e-02 1.1068053482e-01 -1.3782403157e-01 3.1354930389e-01 -1.3326973953e-01 2.0068030466e-01 2.7402458388e-01 3.6365528291e-01 2.4749126760e-02 -7.2003361787e-02 1.2947407269e-01 1.3513557517e-01 1.1260042834e-01 -8.7186613910e-02 6.9200678042e-02 1.3027568514e-01 -6.9271577809e-02 1.4299759238e-02 1.6686850426e-02 1.0554308029e-01 2.2737466444e-01 -6.2531568073e-02 8.0306986654e-02 -3.3851424134e-01 1.8173385357e-01 -3.9330829888e-02 -4.6883416851e-01 1.9020011926e-01 4.8529881480e-02 1.8455998458e-01 2.5824609697e-01 -2.5700525659e-01 1.8877100299e-01 3.0318592099e-01 -3.1446047066e-01 6.5145001042e-01 1.1742870442e-01 -1.1179970524e-01 3.2098322808e-01 3.6036946320e-02 -7.8440694368e-02 3.2924986270e-01 -1.1521191836e-01 -1.4171517821e-01 -4.6756655310e-01 1.3473356172e-01 -1.5633988776e-02 -7.4856627391e-02
-3.6331787169e-01 4.9304448743e-02 1.5789172699e-02 -7.0914416561e-02 3.3121389572e-01 1.5885854723e-01 -1.4693506247e-01 1.5175465224e-01 2.5584602131e-01 -2.4995260508e-02 -7.2744527789e-02 1.3602630698e-01 -9.9254453547e-02 2.1346676668e-01 1.4612254253e-01 2.6761619497e-02 2.1747803984e-01 3.7905679246e-01 3.2215971368e-01 8.9236772292e-02 -2.6914402841e-01 3.5677263517e-02 3.2341834242e-01 -2.2547815869e-02 1.9458221502e-01 -1.2255575324e-01 3.4100133890e-02 -6.8837378469e-02 -2.6898899105e-02 -1.4493227516e-01 2.1642946746e-01 2.9356266654e-01 -1.5875753756e-01 -1.0472221010e-01 1.4410172358e-01 -5.1136393843e-02 4.3696054848e-01 2.6756584592e-01 1.6584443020e-01 2.1608943476e-01 -2.6979473470e-01 4.0305715010e-01 -2.1545042411e-01 9.5936883695e-02 2.3795562301e-01 1.9768128984e-01 2.1672264207e-01 1.5601004947e-01 1.0639140947e-01 2.4439916881e-01 1.9160257090e-01 -7.1677000200e-02 -2.1848361369e-01 1.0404225232e-01 2.5693101472e-01 4.2819538183e-01 4.1278498246e-01 2.4387238293e-01 1.1125326255e-01 2.9796627992e-01 1.7242296724e-01 1.2977780140e-01 -1.6176324604e-01 8.9039292856e-02 -4.0595294046e-02 -2.2588908609e-01
