-8.3598517518e-02 7.5243134910e-02 -1.9449773061e-03 7.5330753496e-02 7.6876307521e-02 -8.0178114510e-02 -3.2913476962e-02 -1.0974126165e-01 7.8472764700e-02 2.0506300264e-03 -1.5630609195e-01 -3.0168768131e-02 -5.8047689351e-02 1.8101057125e-01 -9.4488174693e-02 4.1440413368e-02 -8.1960313183e-02 1.3852298862e-01 -1.5099134506e-02 6.0599612861e-02 3.0155165950e-02 3.5147749404e-02 9.2801641301e-02 -5.5328619139e-02 -2.8131542337e-03 -1.1073181139e-02 7.0873416027e-02 1.4008727054e-01 2.7554941987e-02 2.0716257550e-02 -1.3702002026e-01 -3.9349391634e-02 6.7066702310e-02 -7.0798097760e-03 8.3648719127e-02 5.2288256042e-02 -6.9322933219e-02 1.0439397549e-01 -6.0607085376e-02 7.1345095857e-02 9.7055937953e-02 -3.4158973493e-02 -8.3103100788e-02 6.0243504223e-02 -2.7671855701e-02 2.9149104428e-02 8.2829362048e-02 5.4088303251e-02 -9.3814147330e-02 -9.8140525711e-02 1.6702699096e-01 2.8593292094e-02 6.5424962063e-02 9.2546171989e-02 -4.9087758583e-02 6.8948487199e-02 -7.2469301731e-02 -6.2015559033e-02 -1.1211565891e-02 6.0052721672e-02 2.1734835142e-03
-6.5179327813e-03 2.8240361313e-02 3.3053696800e-03 -7.4192135102e-02 -4.5089666954e-02 2.1349201843e-02 5.4849974665e-02 1.5941807720e-02 9.2091066499e-02 1.0376828239e-01 -3.0838383703e-02 -1.4931337209e-02 9.2504394137e-03 1.8018499623e-02 2.0964504174e-02 3.3663293151e-02 -4.1697811389e-03 2.6664931051e-02 4.2301506712e-02 -6.6821552633e-02 -3.1398579372e-02 4.5877832426e-02 3.6623468850e-02 -4.2402274198e-02 8.8237573332e-03 -2.3529504913e-02 5.1726486154e-02 -2.0140208259e-02 -6.3402803892e-02 2.5646372580e-02 4.1811400324e-02 2.4952474953e-02 -2.4442889748e-02 5.9279610202e-02 2.8083576797e-03 -8.5070723334e-02 -8.6372588257e-02 -3.7528731817e-02 -6.9454978526e-02 2.8277115524e-02 4.1101904055e-02 1.7902400334e-02 8.4315384681e-02 5.3009620941e-02 1.2485029885e-01 4.2142630858e-02 -5.1935654333e-02 4.9001341993e-02 3.0014499180e-02 8.2382629328e-03 1.3517119833e-02 2.3209042736e-02 -7.8937321378e-02 -3.7559452373e-02 3.4611053488e-03 1.1010490440e-02 5.5060129121e-02 -1.0046907045e-02 3.0863820616e-02 -1.2963647435e-02 -1.2495545177e-02
3.4068576272e-02 -8.1829376169e-02 4.8838994607e-02 -1.8295265038e-02 -5.7179104726e-03 3.2407689363e-02 2.3956854298e-02 -1.6244584493e-01 2.5942695740e-02 3.5103558743e-03 -1.0161743946e-01 -5.1321969908e-02 -2.5981295766e-02 -8.6930654546e-02 -2.5492637046e-02 4.3925560460e-03 4.3621113340e-02 1.7335151841e-03 -2.4244688208e-02 2.9276371260e-02 3.7919093738e-03 -1.1701945975e-02 -1.7572251087e-02 -5.5104032049e-02 -2.2921568613e-02 4.7439000855e-02 -2.6202933864e-02 3.7100468250e-02 -4.1665241669e-02 1.9063217230e-02 -6.8754347770e-03 -2.2283112128e-03 -4.2305611897e-02 -1.3469408106e-02 -5.7918351859e-02 2.6997534655e-04 -9.4842942182e-03 4.5245276245e-03 5.5418338240e-03 4.3183160683e-02 -5.8371003423e-02 -8.3546214981e-02 -4.6189078220e-02 1.8513362712e-02 -2.5045348280e-02 -5.9462660409e-02 -2.0742148108e-02 -4.7696452439e-02 5.6067597666e-03 3.0855077758e-02 1.5672246095e-02 3.9598654782e-02 -5.5596700723e-02 -2.7932271909e-02 9.7752722226e-02 3.6015399586e-02 -4.4128636725e-02 -6.1311824121e-02 8.4826691656e-02 -2.2130996531e-02 6.0908832297e-03
-9.1553304851e-02 -5.7272626242e-02 4.0470398907e-02 -6.8387905609e-02 -1.2264950950e-02 -4.8697625109e-03 4.4753373968e-02 1.8416499017e-01 6.0793745251e-02 3.3177089804e-02 -1.0110182137e-01 -2.3850662224e-02 -7.8576419624e-02 3.3542367529e-02 4.9074122524e-02 3.1512476330e-02 -1.8850213886e-02 7.4108550732e-02 3.2217646484e-02 -4.5253946368e-02 7.7780818098e-02 1.3819218834e-02 -1.1000253925e-01 7.5670345838e-02 -2.5712717765e-02 -2.6757598763e-02 -1.1284407440e-01 1.8275996845e-02 -6.7605659558e-02 -5.8622256376e-02 -2.4302065252e-02 -9.0144159410e-02 9.9735944116e-02 3.7918923662e-02 6.3329461280e-02 8.1191890772e-03 -9.3753832749e-03 -8.0138981443e-02 -7.6601426327e-02 -7.0463188114e-02 1.0025989760e-01 -3.9898592478e-02 6.4012624827e-02 -4.3190971041e-02 2.5206654581e-02 -1.0254958346e-01 -6.8254235748e-02 2.6113474696e-02 2.9530523150e-02 6.2430030827e-03 6.6504095667e-02 -1.4652662947e-01 2.1218079249e-01 -7.1247784036e-02 1.5001682637e-02 -2.8840660613e-03 -9.0453201683e-02 -5.2835126475e-02 -7.0386737787e-02 -8.1814528693e-02 -2.3549072230e-02
6.1721014715e-02 -1.4859517687e-01 3.3608930922e-02 -2.3490104382e-02 9.3772776987e-02 -5.0324946523e-02 9.7056520811e-02 4.2715075154e-02 8.3248386910e-02 2.0835804497e-02 8.4232078393e-03 -2.0311060134e-02 5.3364589042e-02 5.9652823543e-03 -9.0732783312e-02 -1.3603741803e-03 -5.4283891510e-03 -4.5729256145e-02 -7.4218734499e-03 -3.5958576242e-02 4.0649394672e-02 3.8384087979e-02 7.5869432271e-04 3.7476307601e-03 -2.5193405973e-02 2.5286358478e-02 1.2335617960e-02 2.7883427402e-02 1.5409428936e-02 -3.5881494586e-02 -4.2612156182e-03 3.5981282655e-02 -3.0667492886e-02 3.1605033942e-02 1.4988303072e-03 3.5427974564e-02 1.1694798530e-02 3.0025750775e-02 -5.1125173547e-02 -7.1890305358e-02 3.8490022643e-02 4.9538835098e-02 -8.0944637072e-03 2.4488786124e-02 -6.0960486056e-02 -1.4280144188e-02 1.4393969104e-01 6.5363836219e-02 -4.7406548427e-02 -3.0637293898e-02 6.2549245082e-03 3.8904879423e-02 8.1333548653e-03 4.9676526455e-03 6.3111484701e-03 5.9236896412e-02 1.1462003416e-01 -2.8962244235e-02 6.0947217528e-02 1.6043395036e-02 -2.0682700333e-02
-1.4654109052e-02 5.9772180299e-02 -4.2722129073e-02 -1.6486779980e-02 4.7592908717e-05 -1.6815024286e-01 7.5169339958e-03 4.4945686466e-02 7.0897011101e-04 -4.1545400217e-02 -9.7112587004e-03 -2.3615172924e-02 1.6691704651e-03 1.5941620114e-02 -2.5595088687e-02 -2.8854148973e-02 9.0565153267e-03 6.1844860729e-02 -1.4811292677e-02 -1.3862128712e-03 -5.8189116786e-02 2.4930282766e-03 -1.0788787937e-02 5.2532775807e-02 -3.3294876650e-02 -2.7106185959e-02 1.1151787860e-01 -7.2612783548e-02 -9.6736612069e-03 5.5965320700e-02 -4.7384638153e-02 2.1456230806e-02 -5.2303088708e-02 1.8089551217e-02 -7.5710145348e-02 -3.9109238435e-02 7.6699497637e-02 -1.5313144221e-01 -5.5213929214e-02 -2.8360889986e-04 3.9193944472e-03 5.0725103444e-02 9.7097119906e-02 3.2545152413e-02 -7.6346240671e-03 -3.4152445542e-02 1.7814630904e-02 3.0232459855e-02 -3.2959615439e-02 -8.0986771679e-03 1.4053858378e-02 4.6947906915e-02 -6.1404521326e-02 -4.4090496081e-02 5.2146038487e-02 -2.9282084971e-02 5.5927681837e-02 -2.6519461721e-02 -3.2476964457e-02 7.4618690822e-02 -9.3011782384e-02
9.4387367692e-02 -1.1333375205e-01 -6.3770906024e-02 3.6641599726e-02 7.2383050559e-02 2.8244509613e-02 -8.4460373488e-02 -3.9348258059e-03 -4.1891959850e-02 -6.8702767458e-02 8.1108001022e-02 6.6655884127e-03 -4.9822876011e-02 4.0730160387e-03 3.4669869139e-02 -8.8932963714e-02 1.7142009946e-02 -5.7346755541e-02 -1.8143247107e-02 1.0686711711e-01 4.4894042274e-03 -1.4261240395e-01 -8.9398402284e-02 2.4581890576e-02 -3.9109769981e-02 -2.0230802208e-02 -3.3541692974e-02 -4.3160954025e-02 2.6744149012e-02 -2.6505085627e-02 3.7847117268e-02 -4.0145952771e-02 3.1347337076e-02 -1.2505401193e-02 3.8243409868e-02 8.8215363070e-02 3.3587497728e-02 6.4281696616e-03 1.1795128061e-01 -2.4805369183e-02 1.5445741258e-02 2.3847432249e-02 -1.0600277960e-01 -6.5738764804e-02 1.0517768994e-02 -8.9864188324e-03 2.4456998107e-02 -7.0667380022e-02 -4.7229280701e-03 5.2903061496e-02 3.3915357534e-02 -8.5047346885e-02 6.9472176009e-03 5.2465549778e-02 9.5215035587e-02 1.1121169913e-01 -1.5808871157e-02 7.3454018122e-03 -7.7779065511e-02 -1.7306228860e-02 -1.6450660273e-02
-4.2212933852e-02 1.4760960732e-03 -7.0779305014e-02 -5.1189488612e-02 8.3835230764e-02 -8.3457453813e-02 -7.0448727552e-04 -7.1850979236e-02 6.3488291600e-03 -8.6498813468e-02 -7.1838167353e-02 5.7862985947e-02 9.4299842493e-02 6.9350442749e-02 6.6770315498e-02 1.4206305790e-01 3.5437703291e-02 -4.1839280122e-02 -1.8892744402e-02 -7.4610089299e-02 -9.3841989094e-02 6.0118419197e-02 -2.8731253481e-02 -9.6602547738e-04 -2.5308014382e-02 1.4260409267e-02 -4.1915898393e-02 -3.3314876358e-02 6.6320165584e-02 6.6251443802e-02 -4.1709990945e-02 -9.4915012245e-02 5.1158749284e-02 -2.3979978427e-02 5.3645123678e-02 -4.9795894239e-02 -8.3906470980e-02 -1.3878786373e-02 -2.3828731882e-02 -8.4098811769e-02 3.5292994062e-02 -7.5475344423e-02 2.9024749764e-02 1.8757892900e-02 6.1860843120e-02 1.2559836640e-03 -6.5766107643e-02 -2.5926894190e-03 -6.0355493043e-02 -2.8244101436e-03 1.5685879396e-02 1.4945283879e-01 -1.1048726642e-01 1.1353294958e-01 -4.4501061179e-02 -6.3304719158e-02 1.4842156467e-01 -9.1507827258e-03 9.9875151237e-02 -4.8884427484e-03 -2.8170202356e-02
-2.6301038567e-02 1.4552845371e-02 -6.5263593152e-02 8.5033572652e-03 3.4702893807e-03 7.0227414047e-02 -8.0653743730e-02 7.5414355202e-02 -1.2782979225e-01 -1.1736492977e-02 7.5811435251e-02 1.6319934259e-02 -5.1263657734e-03 -8.8252022534e-02 -6.9564360933e-02 1.3445779880e-01 1.4482515152e-01 -8.9427342841e-02 -1.1736325045e-01 1.0692147260e-01 7.3535136882e-02 1.3338012810e-02 -1.0174677932e-01 -9.9934915066e-03 -3.9005265732e-02 -2.4484517243e-02 -6.9091262334e-02 -5.8996453378e-03 4.0410749301e-02 4.8977116330e-02 -3.1836067903e-02 1.1164044936e-02 -2.2425299022e-02 4.7273275396e-02 2.8045694227e-02 5.5290495883e-02 -2.2014897528e-02 9.5730537095e-02 -1.6786540807e-02 2.0586049720e-01 -3.9714944890e-02 3.8954676598e-02 5.4601545997e-02 -7.0185244298e-03 -8.4296398806e-03 -8.8134381477e-02 1.5462025198e-01 -7.5546612960e-02 -1.0991038792e-01 -8.3521435347e-03 -4.5471283275e-02 -5.5830415518e-02 3.8134854674e-02 1.3622714518e-01 -1.3765999234e-02 -3.7497378991e-02 -6.5979317871e-02 2.1439684306e-02 3.1190928635e-02 -1.6972659906e-03 2.0692225631e-03
3.6431536961e-02 -8.8880971947e-02 -1.2077030272e-01 3.0450763693e-02 7.0165844354e-02 1.0056893959e-02 7.8558933357e-02 -2.0743539728e-01 -4.9482303676e-02 -6.1193406824e-02 2.6903182453e-02 5.8808658726e-02 -7.4847764860e-02 -9.0999695491e-03 3.3745048408e-02 -9.1161380045e-02 -7.3956629680e-02 -2.5944056199e-02 -6.7105465767e-02 2.7684765432e-02 7.2699330341e-02 -1.0717198719e-01 3.4661703832e-02 8.6532388386e-02 2.2826967126e-02 -1.5110449763e-01 8.2072642574e-02 -8.8272605235e-02 -4.0264213570e-02 9.1241550360e-02 -4.4932872024e-02 -3.6643169276e-02 -6.3885245352e-02 -7.9296658988e-02 -1.9910071728e-02 1.8316735794e-01 -3.4420150690e-02 1.8020670885e-01 -6.1433375991e-02 -1.1113976932e-01 1.2149170633e-02 5.9856918167e-02 -5.5912674355e-02 -3.9277251185e-02 5.6115521447e-02 -2.9141899407e-02 -1.3140730758e-01 5.8242159177e-02 8.9599207497e-02 -2.8570865249e-02 -5.1636395587e-02 7.1147848453e-02 -5.8481752843e-03 -6.6001504383e-02 -6.0738385064e-02 5.3418705942e-02 -1.2044669151e-02 4.2158929787e-02 5.0232649298e-02 -4.3516991545e-02 1.1819389938e-01
3.1208161538e-02 -1.4120365122e-02 -3.9946997337e-02 -8.1616349386e-03 1.2288849068e-04 7.6969066145e-02 -9.6022785895e-02 7.4246892335e-03 1.3935934481e-01 -1.7064853362e-02 -4.3334789662e-03 -2.7913961806e-02 -2.5151723458e-02 -5.6424815241e-02 -1.9536211964e-02 3.6076852441e-02 1.2394545092e-03 1.0498344741e-02 1.7739064386e-02 -6.7383784419e-02 -9.1563092173e-02 -8.8082228679e-04 -8.0094121293e-02 3.1835684033e-02 1.6632204654e-02 4.1994032103e-03 -4.9588237195e-03 6.1544983721e-03 2.5057006110e-02 -1.5493388283e-02 -2.8800068103e-02 4.3116387053e-02 -7.0217151937e-03 -2.0362206912e-02 -2.1921514103e-02 8.4897290335e-02 -1.3404701164e-01 -7.8038955091e-02 5.1429765605e-02 1.1879787588e-01 1.5031927801e-02 8.1306190002e-03 -6.7217337089e-02 5.4663984630e-02 -5.6339530803e-02 1.3756089848e-02 -2.2552310295e-02 8.6215484062e-02 -5.1285516660e-02 6.6106698832e-03 9.2199365332e-03 -5.3894958750e-03 -8.2453480029e-02 2.3392037516e-02 9.0522378952e-02 -6.8922075647e-03 2.7590437559e-02 3.8877172814e-02 -3.9811168451e-02 5.6480428223e-02 -2.1326426868e-02
9.2299103959e-04 6.0036248525e-02 7.1483678836e-02 1.2025714631e-02 8.4977079203e-03 -5.2062523747e-02 -2.3821572902e-01 2.1919735280e-02 4.0857617732e-02 -2.8294203487e-02 -6.4305328168e-02 1.8564388446e-02 1.7676361031e-02 2.2909902676e-02 4.4796205454e-03 5.8786741890e-02 -4.8104737695e-02 -8.4787801694e-02 7.1184996274e-03 -1.3225356706e-01 -2.4416523434e-02 -1.9195458667e-03 4.8950953658e-03 -4.1681636021e-02 -3.4148840410e-02 -6.1532702283e-02 2.5455020852e-02 6.4790702282e-03 -2.5765829889e-03 4.7177152835e-02 -1.7703713109e-02 1.4922513462e-01 1.0065005069e-02 -1.0935073946e-01 2.0358648610e-02 -1.7430359059e-02 -3.8513995440e-02 -4.8446721463e-02 -1.6457421244e-01 -1.5432335158e-01 -2.9441852713e-02 1.0690091373e-02 1.5389790247e-01 -3.6384813821e-02 1.6043476530e-03 -2.7301095507e-02 1.2706059544e-01 1.3270496450e-02 6.4774656722e-02 -8.6399079727e-02 -1.8881144074e-02 2.1397494118e-02 3.0412080880e-02 -2.4735487773e-02 -4.8688084369e-02 6.4478005504e-02 -3.2505389832e-02 -5.2590885941e-02 3.7763824298e-02 2.0371604737e-02 -6.3550551804e-02
3.0003089775e-02 6.9694527667e-02 5.7328612845e-02 5.3496685933e-02 -1.7245333555e-02 -3.7376498745e-02 -1.4093437648e-02 1.2542897699e-04 4.8309643125e-03 9.3976956105e-02 5.1754953474e-02 1.8494839465e-02 2.4054208145e-02 3.3573622186e-02 8.5805933384e-02 -5.5444011767e-02 -7.5582332548e-02 5.9948095490e-03 5.4680663449e-04 8.0516164775e-03 3.1224705661e-02 2.7895526373e-02 8.5327663555e-02 2.6915025831e-02 -2.7846408768e-02 4.4385645469e-02 -4.0601229993e-02 4.9647038147e-02 5.0983330406e-02 -8.7414204328e-03 4.6875021497e-02 -2.9530729723e-02 4.6335294881e-02 -3.4742822275e-02 2.1834265037e-02 -3.0576439461e-02 1.2409853611e-01 -8.4318551045e-03 4.1617510985e-02 -2.5525256730e-02 -1.9601920534e-02 2.8736406358e-02 6.9964779025e-02 -1.5766365253e-02 1.5498816169e-02 -3.8832043723e-02 4.0905438686e-02 1.3928748029e-02 2.9042725471e-02 1.3146828227e-02 1.7810727037e-03 6.5527075173e-02 -6.3643549710e-02 -2.9878982692e-02 -4.4805232370e-02 3.9826100830e-04 2.9226659913e-02 -9.8292389420e-02 -5.7208615833e-02 -2.5331869079e-02 5.3498508019e-02
3.5111376149e-02 -2.2477034991e-02 -1.9860948587e-02 9.2594983879e-03 -1.0495703020e-02 1.6152995452e-02 -4.1991718615e-02 3.9700479279e-02 -4.2223156421e-02 -1.6667648695e-02 5.2648174240e-02 -1.9255382194e-02 2.3008916826e-02 -2.8004511963e-02 -1.1726244902e-02 3.6409583107e-02 -2.1136580430e-02 1.0874790971e-02 2.0735668647e-02 -4.4477386517e-02 -2.3051666039e-02 -1.2842970721e-02 -6.7459176229e-02 1.1347509068e-02 4.8305105866e-02 3.8157734910e-02 3.1384729429e-03 -1.4395136865e-02 3.8080329738e-02 1.6316454857e-02 1.0377990758e-02 -3.2210734695e-04 7.9056839578e-03 4.5909109418e-03 1.0208499347e-02 2.4798230546e-02 3.8873212205e-03 -3.4917126675e-02 1.1389575474e-03 1.0017235389e-01 9.5916847290e-03 2.4717988688e-02 -2.2234195922e-02 8.7811787055e-03 -2.7476583709e-02 2.3454844240e-02 5.9780753580e-03 -6.5967651897e-03 8.7051846118e-02 8.9656577059e-03 3.3647605510e-02 8.3329226469e-02 5.5240509816e-02 7.9626257977e-03 -7.0235940253e-03 -7.3486618311e-02 1.6092433310e-02 2.9314133434e-02 2.9362878116e-02 -9.3364455352e-03 -2.6490582249e-02
5.4180552562e-02 3.8298257439e-02 -1.8476250655e-02 -7.4930872688e-02 5.8103070778e-02 -9.5571100848e-02 3.8356375220e-02 -1.4331291517e-01 1.4897440426e-02 -8.6018940897e-02 -1.0167112460e-01 1.1305089655e-02 7.0129142741e-02 -6.8224370118e-03 -9.6401475720e-02 -7.2901952852e-02 7.8945640395e-02 -2.7849167413e-02 7.2053402700e-02 -4.1140237945e-02 -5.7643971975e-02 1.6185219633e-02 -1.0019073312e-02 -6.1799220679e-02 1.4663847513e-02 1.3608390237e-02 7.2621801309e-04 7.9915969594e-03 6.5182347609e-02 -1.9822491628e-02 1.5543361261e-02 5.4747803471e-03 -7.1553529093e-02 -2.4152412034e-02 -1.8290641713e-02 9.8771364541e-02 -3.2661413273e-02 -2.6701380011e-02 5.3792570087e-02 -1.1402839936e-01 1.0413219310e-01 5.4571876074e-02 6.7780953417e-02 6.4342739281e-02 -9.3208091934e-03 3.2589506992e-02 5.5014011305e-02 9.2148865683e-02 9.9220421306e-02 -5.2788981911e-02 3.3384317074e-02 6.7012053873e-02 5.5112575802e-02 8.1472513679e-02 -1.1223186163e-02 1.3489403169e-01 5.7290671302e-02 -2.0918469472e-02 1.1098488498e-01 -6.3280360817e-02 1.9014026122e-02
-5.5280564132e-03 -4.5785873528e-02 -6.5696107626e-03 -5.9874916496e-03 3.8632673049e-02 1.1545600500e-02 -2.4715154015e-02 2.1517061471e-02 -9.3805047031e-03 5.4138808367e-02 5.1665050989e-02 -6.7331584754e-04 6.5541930535e-02 -4.0113833273e-02 3.8395351572e-02 -1.4565388963e-02 -3.3132361341e-02 -2.5124809611e-02 -6.4145495015e-02 -4.6620432133e-03 8.9953691827e-05 -2.3554586734e-02 -1.1581415585e-01 -1.8744721737e-02 -1.4784866478e-02 -3.3171657566e-02 -9.4633624366e-02 3.1712848749e-02 3.7247816592e-02 4.7026716591e-05 3.1519544008e-02 4.5468728906e-02 -8.9706915914e-02 -1.0387798528e-01 -4.2615048934e-02 1.6067810311e-02 3.0365993829e-02 6.9280585321e-02 1.4808383509e-01 1.3373909043e-01 -4.2145528510e-02 6.9623508936e-03 8.2633042226e-03 4.1875470881e-02 2.8759864072e-02 3.7689642238e-02 2.4125749089e-04 5.7052298419e-02 9.5502322988e-02 -6.0693379525e-02 1.1326313186e-01 6.2374205479e-02 -1.6498856770e-02 1.1037331638e-02 -2.9445050399e-02 8.9321201196e-02 -3.7896605041e-02 2.4468774775e-02 -4.3079070559e-02 8.3651626815e-03 -5.9951644363e-02
-4.2593839463e-02 1.9478513380e-02 2.1149682508e-02 3.0717192290e-02 1.8966167725e-03 -9.2476973964e-02 -1.7225344711e-02 2.2899043664e-02 6.1736453877e-03 9.6304036727e-02 5.9565016768e-02 -1.1516306624e-02 -3.5894856959e-02 -4.1071338456e-02 -1.2312138504e-01 1.7543717774e-02 -3.9317504130e-02 4.4219385603e-02 2.2512995236e-02 -5.6024211211e-02 4.8107774088e-02 -1.0609306680e-03 -3.9778730895e-02 -9.9033261344e-02 -8.7325828895e-02 2.8850027226e-04 6.5631423114e-02 -1.7300028947e-02 6.5234493845e-04 1.3374009539e-02 3.0980751652e-02 -4.2239073135e-04 6.9492158143e-03 2.0258280790e-02 2.1614614950e-02 -3.2183435519e-02 3.6035930467e-02 2.3760710086e-02 -9.6831758542e-03 7.9239000724e-03 2.6083372883e-02 -3.5732151466e-02 1.5268176752e-01 2.7358858412e-02 -4.8900620715e-02 -2.0890829312e-02 1.8493531579e-03 4.3618581305e-02 -2.0201361429e-02 6.9075545520e-02 7.6572708542e-02 -5.8672559120e-03 -1.7144983513e-01 -9.9857037543e-02 1.3560693203e-03 -4.7070057846e-02 1.4846025235e-02 4.9262478672e-02 4.5017636355e-02 -3.7968501535e-02 -8.5778360769e-03
-1.9137840141e-02 -6.6512829556e-03 7.2099130270e-02 -5.8183817450e-02 -5.3939020284e-02 -7.5612839262e-02 3.9095228358e-02 -1.4319981672e-02 -3.3423255388e-02 -1.7839071440e-02 1.0312366083e-01 2.1541573233e-02 -1.2982181132e-02 7.0068371571e-02 1.1403398002e-01 1.1185118821e-03 -5.4048014067e-03 -4.4221341674e-02 1.7457089424e-02 1.0454589197e-02 -5.6049697723e-02 1.4351252944e-02 -2.4774652702e-02 3.7176063832e-02 4.0390033262e-03 4.6311408891e-03 2.0236013710e-02 -6.1481434351e-02 -3.8024116158e-02 2.5059444265e-02 5.7553909627e-03 -4.6662963136e-02 3.3914309888e-02 -8.5258021712e-03 5.4420932222e-02 3.1849022219e-02 -3.8593939028e-03 -4.5887710647e-02 1.8708143549e-02 -2.3622197603e-02 7.4842895577e-03 -8.4559396067e-02 -1.4666447600e-02 -7.0957193505e-02 -8.4068289010e-03 1.2290722982e-01 3.1328381073e-02 5.3516489096e-02 -6.5116759730e-02 -4.6571785034e-02 -2.3858679028e-02 -6.6928960625e-02 1.5022904552e-02 6.1976951511e-02 -6.7903696449e-02 -2.3554548199e-02 -2.1407968663e-02 -7.8006608260e-02 -2.5119024888e-02 -1.9153531104e-02 3.7123256987e-02
-6.1539495008e-04 7.0429270298e-02 -7.9144819083e-02 2.3775665596e-03 3.3881051201e-02 3.6485730230e-03 -2.8939177586e-02 -1.0945448863e-02 -1.0280837888e-01 1.0042026973e-01 1.1436768668e-02 5.5825018586e-02 -6.3013258421e-03 1.0872346736e-02 -7.5877715649e-02 2.7727519236e-02 2.0271646138e-02 -1.2875084003e-03 1.0331933563e-01 -2.1243673761e-02 -2.9097359957e-02 4.8665629882e-02 9.9253281089e-03 9.5504117936e-02 -2.1264723267e-02 -4.8068702001e-02 7.8317118508e-02 -6.9224874152e-02 4.2472841344e-02 1.8849718779e-02 2.2386733074e-02 -1.0092924316e-01 2.0072368380e-03 1.2833771665e-01 2.4726527330e-02 -4.5171102790e-02 3.8768194495e-02 1.3586020532e-02 2.5835118410e-03 1.7727531192e-02 -6.3134075453e-02 5.3401197312e-02 -5.3354662627e-02 -3.7622330543e-02 -6.2899628156e-02 5.0748064792e-02 -6.9713155980e-04 2.3944646596e-03 3.5263337304e-02 4.1013552487e-02 4.2767318171e-03 5.8886103523e-02 -8.7740744633e-02 -5.7342239276e-02 4.1262401671e-02 1.3880022812e-01 -8.8081535061e-02 -1.9063344462e-02 1.2019060095e-01 -2.5713266628e-02 -1.7622996792e-02
-5.4937951766e-02 1.0060250011e-01 6.7681740083e-02 7.2097377033e-03 6.1981777265e-02 -1.4859034585e-01 2.9844987932e-02 1.1700037796e-02 -3.4688557869e-02 3.7489525405e-02 -1.2288101240e-01 6.2152267904e-05 -3.8282117785e-02 -1.8557729734e-02 3.0460304527e-02 5.4253746017e-02 -2.5644385682e-03 5.0397797415e-02 3.0005116430e-02 -3.0584420973e-02 8.1366988774e-03 -7.8496030266e-03 3.4686999769e-02 -2.0750673699e-02 -3.5849385003e-02 -2.0070184245e-02 3.7513458768e-02 -1.1222427485e-02 -5.1547796388e-02 -9.7323526145e-02 3.2290667911e-02 8.6309405272e-03 -2.1219586051e-02 4.1643773929e-02 -8.4811966337e-03 -1.1332915866e-01 -1.4610460439e-01 -4.0234094498e-02 -4.1892449059e-02 -1.9030004974e-02 -1.0072939566e-02 3.1187069564e-03 2.9633174918e-02 8.2179253674e-02 8.8699040529e-03 3.8192741943e-02 -5.2425030074e-02 4.7466057317e-02 4.0190686255e-02 -5.8678003681e-02 -4.5890622307e-02 7.1436051427e-02 8.2681066777e-03 2.6538395015e-02 4.3569835230e-02 -6.3878259299e-02 5.9155802965e-02 2.6042239382e-02 6.9993942974e-03 2.0246246872e-02 7.6120519830e-03
-4.5471256521e-02 -1.3158485917e-02 -9.4478745493e-02 3.5321896932e-03 1.7182020185e-01 1.1815549793e-01 1.9318645702e-01 -1.6510524191e-01 5.1739961809e-02 -5.3261237042e-02 -8.6365107510e-03 5.9921344735e-02 7.5324663513e-02 -1.1959831571e-01 2.0861767344e-03 -1.5240157103e-02 -1.9441244316e-02 8.3565657246e-02 -2.7187902484e-03 -2.4713938427e-02 -3.3990258012e-02 1.1360782497e-02 4.4067253207e-02 -1.2773401517e-01 -3.6740549786e-02 2.3329527389e-03 -5.2168599164e-02 -1.5709207601e-02 -7.0493210378e-02 -3.1011954314e-02 -7.2215856092e-02 5.0844478790e-02 -3.1265832382e-02 -3.9110065963e-02 -2.0785705076e-02 1.0177609923e-01 3.5974608002e-02 -2.5586932069e-02 -9.1072106423e-03 2.0238376848e-01 6.5700416310e-02 4.9366553259e-02 1.1822484919e-02 -2.6215076485e-02 -7.0587650550e-02 -3.0033769737e-02 -6.8660816919e-02 9.0605732878e-02 -2.3224135565e-02 -2.0334876316e-02 -5.5477433766e-02 2.9024150360e-02 -6.4279882298e-02 -6.2619674742e-02 7.8879910934e-02 -8.1603246370e-02 -1.1502527745e-01 -1.1771869432e-02 -9.3435065637e-02 -7.2788008409e-02 -1.5317435787e-01
9.8549366836e-02 -5.8119688528e-02 -1.6785648119e-02 1.9300323054e-02 1.8364362902e-02 2.2652099252e-02 -1.5933876498e-03 -1.6133354997e-01 2.7784561005e-02 2.7639853411e-02 5.3989545746e-02 6.0508254996e-02 -6.4740682845e-02 -9.8132667674e-02 4.5701922277e-02 7.6991425177e-02 2.4221218698e-02 -4.1168465304e-03 -1.0087067917e-01 -6.5999877472e-02 3.3941653356e-03 -2.7156673403e-02 -9.2977176113e-02 -7.5543135785e-03 6.7725644323e-02 3.2376696680e-02 -1.4575516947e-01 8.9988774988e-02 1.0684161536e-01 4.8808575394e-02 6.0240445224e-03 -2.0754559224e-01 -1.1386353607e-02 4.2145238358e-02 -1.0143684409e-02 -1.1108948988e-02 7.5960769865e-02 -2.0545425152e-02 -7.3271039759e-02 3.2219767758e-01 -5.7086167110e-02 -1.0098592448e-01 -4.5799277323e-02 -8.4902162128e-02 9.8601660419e-02 8.8329241362e-03 7.0616879106e-02 3.1657884017e-02 -2.1789165330e-02 2.4343167966e-02 5.4766755407e-02 4.8594699454e-02 -9.0501150438e-03 -4.0686964528e-04 -1.6488382380e-02 2.0907917129e-01 -1.2211113470e-01 4.6172183385e-03 -7.2251119883e-02 -1.3030624440e-01 7.9646978574e-02
-2.6605503319e-02 1.4966066191e-04 -4.1675213321e-02 1.4024096140e-02 -8.8662653104e-02 -1.0780034320e-01 -7.0269286719e-02 -1.5476932431e-02 8.2034484598e-02 -4.9940874188e-02 -6.1339731178e-02 -4.0497405005e-03 -5.1233010930e-02 4.1527482639e-02 -8.1058115339e-02 -1.3044496044e-01 6.0383166975e-02 -1.9810810348e-02 -9.2801285718e-02 2.8955000471e-02 2.9223870638e-02 6.8905524929e-02 2.8592205304e-02 -5.2275413553e-02 -1.0025466138e-01 -1.4091212419e-02 -6.5869349687e-02 8.9033065618e-02 -6.1784349950e-02 -2.9902667117e-03 7.6225580895e-02 1.2416284355e-01 -5.3218199058e-02 8.8717169957e-03 7.1188947465e-02 -1.1488491035e-01 -1.3254896741e-01 -9.4174136959e-02 -6.6338467744e-03 1.7650580843e-02 1.2478475876e-01 -4.7629087348e-02 8.8099497533e-02 2.3269013835e-02 -3.3664951477e-02 -3.1099257323e-02 7.0377800803e-03 -2.3308243778e-02 1.4975368038e-02 5.6772212550e-02 -1.1196807334e-02 1.2491277063e-01 5.0262538920e-02 -1.5617373688e-02 3.8757702176e-02 1.8889047398e-01 9.5239773039e-02 -9.2497992786e-03 -6.8953033897e-02 4.5205151310e-03 -4.8948600256e-02
-7.4406605146e-04 -2.8846045262e-02 1.3176694645e-02 2.3689182058e-02 -2.0284606143e-02 -8.7599473347e-03 -5.0281664539e-02 1.2832434061e-01 -4.0330369848e-02 4.6486997732e-02 -1.7350804498e-02 4.8249625301e-02 -3.8687393883e-02 -3.4664844230e-02 -6.4436039090e-03 -6.3979027900e-02 2.9928115508e-02 -2.9639461266e-02 2.1062110056e-02 -1.9272459270e-02 -1.9794855136e-02 1.0820627811e-02 -7.7570984164e-03 -6.7367623845e-02 4.3428562459e-02 3.2040343538e-02 1.3044634242e-02 -6.2595819343e-02 -9.5837421622e-02 4.9291793882e-02 4.0203477439e-02 -2.9533041161e-02 5.1785065865e-02 6.8207418293e-02 2.2176254281e-02 1.1775326206e-02 -6.4188615264e-02 2.6657730939e-02 -2.1128840873e-02 2.0947144647e-01 4.1065175319e-02 -6.3192560809e-02 -1.5921465887e-02 3.4237828412e-02 2.1658619815e-03 1.5697620056e-02 -2.6971135755e-02 8.6789253831e-02 1.1844235348e-02 -2.2327037624e-02 6.0192814566e-02 -7.1518032376e-02 -1.4519529482e-01 -2.0736418623e-01 -9.4448384814e-02 5.3880423762e-02 8.2498172220e-02 4.0299191134e-02 -8.5725238375e-02 4.4402882786e-02 -7.2039970573e-02
4.3955620667e-02 -1.7385728846e-02 6.7589139553e-02 -6.5802312685e-02 -7.6693788592e-02 -1.2109497879e-01 -2.7182034153e-02 -1.5531698138e-01 -1.7792762894e-01 -9.0491697014e-03 8.1468613273e-02 1.6076043449e-02 7.5493346711e-02 -2.5274806123e-02 -3.7042041933e-02 2.2321927880e-02 -9.7962588366e-03 -7.0547806603e-02 3.8156852957e-02 1.2556510720e-01 3.1441089640e-02 -1.8789543712e-02 5.0255761899e-02 -1.6805728572e-02 5.6187867201e-02 -1.0503122296e-03 -4.9133425117e-02 -2.4202830027e-02 -5.9828941473e-02 7.9411853750e-03 -2.7332116781e-03 -3.2167256530e-03 -3.9086597319e-02 1.7953856943e-02 -4.8898990082e-02 1.0797918187e-01 -1.3415287785e-02 5.3811027615e-02 1.0967122299e-01 -3.0871699188e-01 -3.0672908238e-02 -2.1423070533e-02 -5.5187148393e-02 -2.2442890304e-02 -9.1209309735e-02 5.3850791104e-03 -4.5121083535e-02 5.4705938494e-02 -7.9862935503e-02 4.7233840019e-02 -7.3255243737e-02 -9.3275477329e-02 5.3019480307e-03 2.2881433434e-01 -2.7195874607e-02 6.5868788551e-03 -1.1983218790e-02 2.3216645325e-02 -6.3078278965e-02 1.5113070642e-03 7.9002063774e-03
-1.6384636597e-02 -5.0536592792e-02 9.4507406797e-02 -9.7975700534e-02 4.2841506555e-02 3.2381850928e-02 2.3436168647e-02 3.4869314465e-02 -1.2897956988e-02 6.0156545372e-02 9.1621462897e-02 -2.2002112070e-02 -1.1148567996e-01 -8.6237236511e-02 -4.2322165594e-02 -2.2331093679e-02 -5.7451917661e-02 -2.5297014935e-02 -6.2275578018e-02 -1.2176558385e-02 -5.8634838448e-03 8.0833886495e-02 1.1997309655e-01 -1.1239151857e-01 -9.4202937326e-02 -5.9547784356e-02 2.5147037400e-02 1.5862312976e-01 1.1082326290e-02 7.8954216779e-02 5.3622384250e-02 -2.4090043795e-02 9.1988408681e-02 -8.5209703092e-02 -9.6659115092e-02 -7.2291031422e-02 -8.4784021364e-02 -4.7221820443e-02 -5.2463745238e-02 -1.7692943487e-02 1.0875610716e-01 4.5894379313e-02 -5.5153395666e-02 3.2192064449e-02 -1.1090217729e-01 1.0049136373e-02 8.7626351361e-02 -5.0464696209e-02 2.9255878689e-02 3.2912635655e-02 -4.8122278737e-02 1.3829117642e-02 4.4990153502e-02 1.1493914113e-01 -2.2770866541e-03 -2.8944704897e-02 -3.0847190987e-03 7.3465669909e-02 -9.1367518749e-03 -3.5470988771e-02 -5.1347351618e-02
-9.2689940846e-03 1.3674409310e-01 4.1646459655e-02 -6.0956607606e-02 3.1688872072e-02 -8.5441604140e-02 -4.9092394440e-02 2.3205797966e-01 -1.1983852366e-01 7.7117054769e-03 -5.2225449264e-02 6.4513836228e-03 -2.0826083698e-02 -7.3032532217e-03 -7.0957835860e-02 -8.4265645590e-02 9.7163330632e-03 -1.0665612039e-01 6.8840484855e-02 -1.4017738355e-01 7.9984514357e-02 2.7475193219e-02 5.7152676190e-02 -2.5477694649e-02 4.6797222416e-02 -7.6883988588e-02 3.0110685735e-03 1.1573531641e-02 -2.2930292535e-02 2.8898460809e-02 -4.0233153722e-02 4.1952228064e-03 -1.1271772795e-01 1.2753018227e-02 4.2381532027e-02 -1.0676802289e-01 3.1479867931e-02 -7.9817371004e-02 -1.0424518875e-01 4.2461141133e-02 5.5114688341e-04 -5.6566834363e-02 4.5698234413e-02 2.8804811921e-02 -1.8172972752e-02 9.2926310877e-02 1.6360324222e-02 1.1103426565e-01 -5.6903085685e-03 -7.9820176109e-02 8.3247423351e-02 -3.5832342055e-02 -5.9247198909e-02 -1.4048937826e-01 4.6397572960e-02 -1.8552362102e-01 -6.0438168543e-02 -7.7752161592e-02 -7.4622305392e-03 -9.9050410987e-02 -3.5656901266e-02
-4.3664984033e-02 -1.0351665951e-02 1.6989209445e-02 3.1409645846e-02 4.1025845613e-03 9.5242604861e-03 3.6786944994e-02 -1.9330044972e-02 1.4119173679e-01 -6.9339048148e-03 7.1959711092e-03 7.4150185206e-02 8.3190107115e-02 1.1644100714e-02 -1.0475971354e-02 -7.9259751453e-03 2.7837843264e-02 2.9920400389e-02 1.3573526378e-01 -1.0311879577e-02 1.2388257662e-01 1.0606511475e-01 -6.3299198174e-03 -9.9878125023e-02 1.2440135111e-02 -4.5585947598e-03 5.3898743428e-02 4.6856340004e-02 4.8154494316e-02 3.8251474595e-02 4.8554066015e-02 1.6005890791e-01 1.1639173214e-02 5.7769160176e-02 1.2640664513e-02 -1.2149839278e-01 6.6797721987e-02 -1.6110271065e-02 -4.6216818278e-03 4.9112521347e-03 -4.0967988334e-02 4.7478226623e-02 6.5188754026e-02 -1.0564266351e-02 -3.1935069652e-02 3.3920303207e-03 -3.3810281333e-02 1.6404423269e-02 2.3402572721e-02 -9.5620043461e-02 -9.2451990727e-03 -1.4284946895e-02 -5.7145549321e-04 -5.3829719096e-02 4.1249302608e-02 5.4226711414e-02 4.6623906968e-02 1.2236387548e-01 -4.8193386451e-02 -4.9647294971e-02 2.8120547607e-02
2.5419161213e-02 3.0290263588e-02 9.5005492579e-02 1.0705456748e-01 3.1557920608e-02 -2.2474074609e-02 -2.4014696669e-02 1.4564119433e-01 2.1805713391e-02 -5.1992950361e-02 -5.7896993734e-02 6.7141039833e-02 -2.7553026287e-02 1.0123665647e-02 5.0665292444e-02 3.3146557646e-02 -3.6656396210e-02 -1.7328959589e-01 2.5129162346e-02 -2.2517127501e-02 -8.8381594309e-02 -1.6914348225e-01 -2.6207776077e-02 -8.8716429060e-02 7.8958243152e-02 -1.6218193210e-02 6.5432140099e-02 9.2928977865e-02 -1.4595581592e-02 -1.1151505039e-01 1.6936838425e-03 5.0038311515e-02 1.1448537411e-01 2.9616484132e-02 1.1662491889e-02 8.6568113541e-02 6.6043214720e-02 -4.2276061082e-02 2.7510115368e-02 -2.1911751946e-01 1.1024762500e-02 1.1254679789e-01 -8.2104442637e-02 -1.9743853589e-02 2.4628198963e-02 -1.2621919320e-01 -4.9658641631e-02 -1.7447898204e-02 4.1239741374e-02 2.9819637388e-02 -7.1844896759e-02 2.1107015499e-01 8.5041159632e-02 -1.8181709174e-02 -8.3937034343e-02 -8.4659152792e-02 -6.2755135161e-02 9.7116535662e-02 3.0657551195e-02 -1.3912288841e-02 -5.8021464527e-02
4.7348394849e-02 -1.2891508154e-01 -6.3725255172e-02 -1.0394071090e-03 -3.7953396319e-02 3.6429936284e-02 -3.9851766297e-02 -1.4617399248e-01 -5.0689544848e-02 4.2039737182e-02 1.0829015596e-01 1.3453380463e-02 -1.5950078139e-03 -8.1629979860e-02 -1.0224554865e-02 -8.3383546696e-02 -1.1666869180e-02 -5.3814607491e-02 -1.0697276916e-01 5.9079141483e-02 -3.8874550520e-02 -1.0035278015e-02 -3.7136014290e-02 1.3427463085e-02 -3.2018991735e-02 6.3413794443e-02 1.0351656779e-02 -3.5835575737e-02 2.1191633056e-03 -6.9022507368e-03 -4.5734409398e-02 -5.7904801654e-02 -1.2035764543e-02 -6.5808473145e-02 -8.8449117732e-03 9.1683096213e-02 -4.0429531886e-02 8.2995697371e-02 7.2531917764e-02 -6.9364716571e-03 6.5633202664e-03 3.9681906307e-02 -6.8475740882e-02 -4.7033291512e-02 5.2314813027e-02 1.1207522074e-02 6.5154115128e-02 -1.8326226788e-02 -4.4801328566e-02 -7.5943295289e-04 8.0088113476e-03 -5.8781800179e-02 2.3115819192e-02 8.7999559127e-02 -4.4445990157e-02 6.7986823824e-02 -6.6887968575e-02 4.0519203507e-02 -2.6741615448e-02 1.9305947601e-02 -2.5108958428e-02
6.4728485124e-02 -1.1389970464e-01 1.0943136213e-01 -3.3744151363e-02 -2.9126378906e-02 -8.5061638313e-02 -8.3202977827e-02 -2.6370615748e-01 -4.3183452872e-02 -4.9191260276e-02 -2.5287611969e-02 -9.0860105260e-02 5.5797440417e-02 -2.5653825807e-03 -8.0889800732e-02 -8.7693176280e-03 -1.1401050736e-02 8.2003216235e-02 -6.6353193364e-02 6.3462155474e-02 -7.7434530663e-02 -1.4924584098e-01 -1.8839129673e-02 -3.3967570426e-02 4.7551816950e-02 1.1782298811e-01 -1.5825074899e-02 -5.4478620995e-02 -2.1824296561e-02 9.2279223884e-02 4.1970842905e-02 4.9485016384e-02 5.8642118959e-02 -6.9896780229e-03 6.5849832732e-02 -1.5955602425e-02 -1.1441368603e-01 8.3623283652e-03 -2.0503829631e-03 -2.0511937773e-01 -5.1029444644e-02 1.2508001082e-01 -1.0469717468e-01 7.3883808806e-02 1.3593426086e-01 -9.4024520166e-02 2.7814250996e-02 -8.2499862367e-02 8.5042297202e-02 -8.3804872921e-02 -1.6825971527e-01 -1.3198121727e-01 -9.5895835678e-02 4.3872431040e-02 -6.5461616046e-02 5.7133500996e-02 -5.8932697659e-02 1.1381620031e-02 -6.7477492612e-02 -6.3848614035e-02 -1.0425602981e-01
-6.6376689981e-02 -2.6203272876e-02 5.7866055482e-02 7.3144327905e-04 8.0641557404e-03 5.8845617078e-03 -1.5726617921e-03 2.9384163671e-02 -8.8798550936e-02 9.6138113471e-02 -3.5625758415e-02 -5.7366177686e-03 9.1651336643e-02 6.3394117077e-02 -4.3633314234e-02 -3.1309441938e-03 -5.0708690444e-02 1.6921086831e-02 -5.5777039283e-03 -3.0592926991e-02 5.0992130495e-02 -5.3383584822e-02 -2.7013593772e-02 -4.1521839297e-03 -4.0295405741e-03 -2.3898369801e-02 1.4788839360e-02 1.5535362308e-02 -3.2202633038e-02 -6.0440729536e-03 -1.3451222067e-02 7.9275664107e-02 -4.3001961566e-03 -9.8261802329e-02 7.0154400619e-03 -4.7318223287e-02 -1.4651083641e-03 4.1358377926e-02 4.0755818588e-02 -4.1637519655e-02 1.1231281696e-02 -5.3465700827e-03 -1.2579910219e-02 3.1793246772e-02 3.2984051030e-02 1.0987841586e-01 6.2298184347e-02 -5.8954533140e-02 -3.1279535448e-02 -3.3802052790e-03 5.0321734130e-03 4.8764749448e-03 4.3348717562e-02 -1.4910168981e-02 7.0348176318e-02 3.0276988782e-02 8.4946005085e-02 -2.9262153610e-03 7.1398753221e-02 -1.2361650559e-02 -5.1438632087e-02
-1.4732176262e-02 1.1079053498e-02 2.3114519367e-02 -4.1121701969e-02 4.2507700166e-02 -7.1902355475e-03 -1.8491172395e-02 2.5501295333e-02 2.0250779391e-02 3.4419807693e-02 -2.7629801247e-02 2.8919951600e-02 -2.7836015649e-02 -1.4512156171e-03 1.3803479170e-02 4.5638950239e-02 -2.5368176812e-02 -7.0323586770e-02 -7.2943587073e-02 -1.7500659283e-03 -1.6851567878e-03 5.8963203390e-02 -4.4154984369e-02 1.1053806284e-02 3.5315595491e-02 -3.0354729902e-02 -5.4765985403e-03 -3.7641552079e-03 3.4126424341e-02 1.2511084910e-02 -3.4456105654e-02 -2.9937281918e-02 5.0990258473e-02 1.7959043624e-02 -7.6821678559e-03 1.5453091805e-03 3.9564177774e-02 5.3220437057e-02 3.5165443612e-03 -1.4077701941e-01 -2.3245314086e-02 4.8694335586e-02 6.1765896326e-02 -3.7259661453e-02 5.2429790072e-02 7.5096740920e-03 8.5794852056e-02 -1.8285295426e-02 -4.0821207109e-02 2.5193303016e-02 -2.7239667633e-02 -5.1979253705e-02 -8.4903192039e-02 8.5739952836e-04 -1.3768825616e-02 1.0849689181e-01 4.2421216026e-02 4.5220817193e-02 -2.7638949299e-02 -2.0129349555e-03 4.8981277604e-02
-9.8344657106e-03 -1.6088685124e-01 -9.8738902648e-02 9.7541012366e-02 -4.4775137862e-02 4.5934859416e-02 -1.3692260316e-01 8.7082011957e-02 -2.5794021638e-02 6.8916819447e-03 9.4958100593e-03 4.9506143821e-02 2.1704318468e-02 5.3993472954e-03 -8.9406389562e-03 -1.5472962067e-01 -3.6102648507e-03 5.5067424239e-02 -1.4257321156e-02 2.7332132788e-02 -2.0994483509e-02 4.8229129076e-02 -9.3005785231e-02 4.8885744061e-02 1.4805836573e-01 5.8923631569e-02 1.0027998438e-01 1.6081405474e-01 4.3115915555e-02 -6.2187396356e-02 -6.7054113928e-02 -1.3346676314e-01 8.1835178483e-02 3.7886006669e-02 1.0499991798e-01 5.2437043934e-02 -1.7257678391e-02 7.0634963628e-02 -8.2962193691e-02 8.8639852573e-02 -1.2972242606e-01 -1.2497893417e-02 -1.8553470931e-02 6.2047791427e-02 -9.4560870664e-02 -4.8358023870e-02 1.0471794408e-01 8.8617902686e-02 -3.0025120455e-02 2.5253439146e-02 -1.6871831481e-01 4.4949802502e-02 -4.5458147780e-02 -4.1708457464e-02 -4.3957511540e-02 -3.9548451591e-02 2.9095982819e-02 2.6766219375e-03 -6.6431051765e-02 -1.2163565968e-01 -2.8153556734e-02
5.6351069089e-02 8.0076996165e-02 -4.2584413520e-03 1.4679183163e-02 -5.4644869272e-02 -3.1146670031e-02 1.0173657218e-04 9.9153470490e-02 2.4022032716e-04 -3.8542771691e-02 -2.8111506260e-02 1.9758734070e-02 -8.5228430889e-03 1.3242608225e-02 -2.3521707620e-02 -7.5186500034e-02 1.1691721099e-03 -3.9852967906e-02 -4.0657206783e-02 -5.6414154744e-02 2.1928778149e-02 5.8878122608e-02 -6.1044128688e-02 -3.8889136190e-02 -4.9156493289e-02 -1.7781559612e-02 2.9594305872e-02 1.8528620513e-03 7.2197059530e-02 -4.8612800570e-02 7.6690037725e-03 5.9292257350e-02 -1.0830595310e-02 1.0135856489e-02 5.6619638761e-03 8.5871535930e-02 -1.6607388170e-02 -2.6427637905e-02 -2.4170165342e-02 -6.2960538193e-02 1.8208349425e-02 -7.5723252375e-02 -7.2273504937e-02 -3.7293903434e-02 7.0515256953e-03 2.8471832484e-02 1.6570464655e-01 -1.5352149024e-02 4.9175526769e-02 1.0074291957e-01 -1.1896147363e-02 -2.3950268834e-02 1.4455890565e-02 1.0906980979e-02 4.8223132688e-02 9.5342045632e-02 -4.5764282993e-03 2.8634295228e-02 -2.1448965287e-02 3.0800445898e-02 4.0040476652e-02
4.8680728383e-02 1.8887558330e-03 -3.2853755368e-02 -5.3165447982e-02 5.9172586906e-02 -2.2769620169e-02 -2.2956441928e-02 7.6389968401e-02 -4.7510259281e-02 4.9491448653e-02 1.4714677677e-03 -6.2901130160e-02 -9.6692201932e-03 8.8743084118e-02 -2.0797668856e-02 4.5161092222e-02 2.3766014262e-02 4.3972471912e-02 -6.1839848855e-02 -6.5381517655e-02 1.7619712880e-02 8.2664226735e-02 -1.0824030571e-02 1.8676463824e-02 -1.3092751806e-02 2.6308580446e-02 -2.6619462740e-02 1.0885150438e-01 -2.3545977271e-02 3.1459182636e-02 1.9683417345e-03 6.9657760502e-02 7.6717753803e-02 -6.5390812100e-02 7.6002738458e-02 1.8671694618e-02 -2.2723816267e-02 -8.6976598015e-02 -9.9491175513e-03 1.9617745169e-01 -6.7063135203e-02 5.3622054252e-02 8.1472121377e-02 -4.2453629660e-02 -2.2995386892e-02 5.4203919292e-03 -4.2399466042e-02 1.3576450045e-02 -8.0384455520e-03 -4.9774077511e-03 8.1915354878e-03 2.0778171537e-02 -1.3704629111e-02 -4.8716958987e-02 -4.7017291309e-02 -5.3265915991e-02 7.6178371411e-02 7.2791039221e-03 -4.7436269998e-02 -7.3820517438e-03 6.4313139665e-02
-1.1415962248e-02 -9.6809767797e-02 -8.0769576075e-02 -7.7369745343e-03 -2.7000966007e-02 -5.9785824887e-02 -7.0360016263e-02 -1.8800835601e-01 -3.7198228786e-02 2.8760174125e-02 -9.7244224735e-03 4.7793868414e-02 -2.5192376104e-02 -1.5698732892e-02 -3.3416527681e-02 1.3608470987e-02 2.1731694127e-02 -8.2196866337e-03 5.5254859043e-02 3.9572937615e-02 1.1156354057e-02 -3.2125750278e-03 2.0268016757e-02 1.8748755041e-02 -7.5107016121e-02 1.4887416889e-02 1.0045258034e-02 -3.0778621164e-02 5.3113088548e-02 -2.4169142668e-02 1.9905346749e-02 -6.2112200471e-02 6.6121881300e-02 -2.2525400662e-03 -4.4603524381e-02 -9.1780341985e-03 -3.4747303192e-02 4.7813873370e-03 9.4914142422e-02 2.1892249897e-02 -2.5093995698e-02 2.9507207145e-02 7.9132521014e-02 -1.4165312374e-03 8.8594726405e-02 -3.6095103433e-03 -8.1814942055e-03 6.5907225056e-02 -1.4647181170e-02 1.7775126313e-02 5.4846336744e-02 -5.7138530815e-02 8.5827773759e-02 -7.9504152207e-03 3.1340906271e-04 1.6372345166e-01 4.8458890720e-02 6.7381771250e-02 9.4389339152e-03 -2.9442835272e-03 3.1945659513e-02
7.0030219270e-02 -5.5214073367e-02 -2.7205479124e-02 -3.6140609548e-02 6.8553106523e-02 -3.1625526561e-02 3.5140136104e-02 -1.9547914062e-03 -4.1465536764e-03 -1.0350102084e-01 9.1655369190e-04 -3.9445663550e-02 2.1387037426e-02 -4.1621102828e-02 4.2088016845e-02 -4.8915470807e-02 1.4107027841e-02 -4.9441900055e-02 -6.2207425295e-02 1.4998548291e-01 1.6028873320e-01 -3.7641589240e-02 4.8996352880e-02 -3.3787921669e-02 6.9564578964e-03 1.0212081012e-01 2.8021956716e-02 5.9819611026e-02 3.0044239541e-02 -3.4606419457e-02 -1.0168180976e-02 -1.6357969573e-01 -2.9790398555e-02 1.1374519274e-02 -1.4231842200e-01 2.7161026025e-02 2.4170152490e-02 1.2105079591e-01 3.7330296693e-02 7.0345903663e-02 -6.8006247676e-02 -4.8959679793e-02 -3.7406409476e-02 -2.7070378947e-02 2.7327580942e-02 -7.2675016828e-02 -1.4150844235e-02 -1.1000656633e-01 -3.2938196754e-02 5.6590382242e-02 5.5105144359e-02 -4.3355896330e-02 6.0964661453e-02 2.6786747678e-02 4.0842208952e-02 6.3588338306e-02 -1.1491809668e-01 9.9957459416e-02 -6.3906134230e-02 -2.8853075249e-02 -1.2730901392e-01
2.1126063377e-02 -2.5495956609e-02 8.0165896539e-03 4.1483667221e-02 -1.2636653743e-01 -4.0184782449e-02 8.5930325987e-02 -1.5809632966e-01 -3.6733760166e-03 -4.7628245232e-02 8.0138657080e-02 1.1779252210e-01 -1.3610955397e-01 4.5328306616e-02 -6.7370400693e-02 6.6786624390e-02 -2.2062049676e-02 -1.7139207701e-01 -1.7010556374e-02 -1.4498568831e-03 3.7006073800e-02 2.9093964849e-02 -2.5102919831e-02 1.8909101086e-01 9.6086750331e-02 1.0656358331e-01 5.0589504757e-03 1.0029043334e-01 -4.4383918029e-02 2.7673526957e-02 5.7836311334e-02 5.6014947509e-02 -1.0052156343e-01 -1.4058041348e-01 6.9529035354e-02 -8.6994775382e-02 -1.0845810760e-01 -1.1361350912e-01 -1.8987035055e-02 8.3568284509e-02 -2.9124049040e-02 -1.1517814870e-02 -7.5128920192e-02 -3.9109529241e-02 -7.2984114893e-02 -1.6054970662e-03 -9.8777626730e-02 -4.1192404436e-02 -7.6923068011e-02 -9.6537493462e-03 2.3725460756e-02 -2.1245999121e-02 -9.9799288786e-02 -7.6578178058e-02 -7.5121164106e-02 -9.0565720939e-04 -1.0727501601e-01 -7.0336924811e-02 9.0186191407e-02 -1.8067275078e-03 -4.8534389500e-02
5.4460279005e-02 4.1474107669e-02 5.8124210544e-02 -1.2402556321e-01 1.2929179896e-01 -1.5280329457e-01 -8.1279959816e-02 -1.9399639734e-01 -2.5037858454e-02 -2.0469204212e-02 8.5146304933e-02 4.8104003457e-02 -6.5700869817e-02 -1.5989710474e-02 1.0953825955e-02 3.4461958692e-02 1.9528170944e-02 1.3063050852e-01 2.4854259303e-02 1.3854900275e-02 2.4963752435e-02 -4.3294691017e-02 2.8093922089e-03 5.4691045524e-02 8.9368313744e-02 -8.5765782176e-02 4.8202931326e-02 4.4871049270e-02 -8.9754096886e-02 -1.5149448325e-02 -1.6469751183e-01 1.1980223876e-02 -5.5762791305e-02 -8.2566542304e-02 -3.7774737219e-02 -2.1318759727e-02 -1.4400471718e-01 -3.6535834491e-02 8.2846763057e-02 -2.9914496175e-01 -6.9280123220e-02 -6.1255257818e-02 -3.3188325865e-02 -7.0419957662e-02 5.6688930183e-02 -2.2850766174e-03 9.5839966612e-02 -8.3448167743e-02 9.5085501388e-02 -5.5332130179e-02 -4.2883673098e-02 5.6764431027e-02 -7.0458421646e-03 -9.0075962632e-02 3.9118116820e-02 7.9432583743e-02 -3.7389407858e-02 1.8238316992e-02 -2.5721445244e-02 8.5839744646e-02 -3.2906819594e-02
7.3438314319e-03 1.0078808602e-01 1.5328448818e-02 6.2262574350e-03 -1.9049797848e-02 8.0056858939e-03 8.1167465921e-03 2.7825735417e-01 4.5196396470e-02 1.2099535635e-01 -3.3647819313e-02 6.3541672055e-02 2.0767347207e-02 5.4630500526e-02 1.0196800334e-01 7.0457340392e-02 1.2515455869e-01 -9.6001074729e-03 -1.1085436953e-01 1.8188500117e-02 1.1007428692e-01 -5.0003113355e-02 3.4702291538e-02 7.5416339077e-02 8.6572277476e-02 1.0825246186e-01 -2.5353881601e-02 -2.3672266918e-02 4.3504291867e-02 4.1911984077e-02 -1.5190103426e-01 1.2288212830e-01 4.5746946083e-02 1.1592379674e-02 -1.3190531975e-03 8.3875455434e-02 -2.8699780535e-02 5.4301398776e-03 2.1692738515e-01 -2.4309881294e-02 5.3049635716e-02 6.6919805334e-03 -8.9872461850e-03 4.6258938030e-03 -9.9339512231e-02 -2.8044913966e-03 1.2725819118e-02 -6.2627684897e-03 3.9847933047e-02 2.4631720933e-02 -3.0939492350e-02 2.0618753522e-03 -1.1382258165e-01 -4.6673355031e-02 5.6299378755e-02 1.6011488031e-01 2.7144816962e-02 5.6973310636e-02 -5.1770096499e-02 1.2737520722e-01 5.1864241710e-02
6.4886740408e-02 -5.6880132556e-02 -8.4125008189e-02 -8.2255246751e-03 -1.2585654900e-02 -9.2125127626e-02 -2.4699506830e-02 -1.3324704649e-01 -7.0443083780e-02 2.3382522559e-03 3.6702244209e-02 -2.3253246555e-02 1.1857017953e-02 -1.8729633859e-02 1.9292690093e-02 -2.5979364392e-03 6.1617197359e-02 -1.0551768011e-02 -1.8764232474e-02 6.7635609985e-02 -3.1951436526e-02 -6.2712678217e-02 -2.6879515505e-02 3.4653600731e-02 -2.8970484181e-02 5.3832315703e-03 5.0587530904e-02 -3.3351260697e-02 7.2813382778e-03 6.6094861259e-02 -4.6417650515e-02 -5.4502495457e-02 -1.6357670808e-02 -3.6041772161e-02 -4.3529790162e-02 7.4528028934e-02 8.4104868342e-02 -2.0979700556e-02 6.3578290881e-02 -2.6499052095e-02 -1.7701181785e-02 -8.9035114738e-03 1.1185419234e-02 -3.0356576294e-02 5.4530743894e-02 -1.4279366111e-02 -1.6683964904e-02 -2.8414632726e-02 1.2714959560e-02 5.5819093786e-02 -9.0157469588e-04 -6.6251883445e-02 9.5648371898e-02 1.7260621428e-03 4.3284769112e-02 6.2642621251e-02 3.3686707409e-02 -2.4428737285e-02 -2.9550230350e-02 2.4900379987e-02 -7.8368481336e-03
7.7405353884e-03 -2.7618840305e-02 6.2241408655e-02 4.1641190606e-02 -9.5005271559e-02 -3.5920203408e-02 6.0319498487e-02 -1.4277528092e-02 6.0763901267e-02 2.3225871323e-02 -2.8371136768e-02 -5.3452757091e-02 6.1930331612e-02 7.8473661240e-03 -5.3110928677e-02 3.9756250720e-02 -2.5786184341e-02 3.3722415317e-02 1.0775376757e-02 -1.0528134186e-01 -3.9335930865e-02 5.6331489503e-02 5.1006463519e-02 -3.5653257075e-02 2.6228884724e-04 1.9660505263e-02 -9.7132918412e-03 1.1019085979e-02 -8.5731159287e-03 2.0394241340e-02 1.8665571178e-02 -5.7377766499e-02 -8.7337638475e-02 -2.6302463623e-02 2.4768600910e-02 2.5593005931e-02 7.0094870885e-03 -1.7957244708e-03 -7.0935417274e-03 1.1794734761e-01 -2.6562002043e-02 7.6632748441e-03 -6.4433933783e-02 4.6228694775e-03 5.0193940019e-03 2.7281171112e-02 -1.2181089058e-02 6.0560440896e-02 1.5667182046e-02 1.9691285180e-02 1.5579987133e-01 -5.0259343793e-03 4.1689589679e-02 1.6080497860e-02 -2.9841272676e-02 -5.7367628135e-02 -5.0238893179e-02 1.6893579470e-02 2.4667593104e-03 5.6100857569e-02 -2.1980168055e-02
-1.5590350874e-02 -1.5649606049e-02 -1.6369749429e-02 2.5584104453e-02 -1.5641262000e-02 1.2181909871e-02 6.4014653066e-02 -2.5442725548e-02 3.7460825402e-02 -2.6304851133e-03 -4.3082332598e-04 -2.6140488999e-02 3.0809832420e-02 -1.0360342707e-02 -2.1747357823e-02 4.8169958560e-02 2.4194939397e-02 -6.0106455508e-02 4.4445693802e-03 -6.2343795187e-03 2.5097353287e-02 -7.1319462300e-03 1.1103271017e-02 3.6160943450e-02 -8.1789728155e-04 3.7483732949e-02 6.0011670399e-02 7.6007984586e-02 -8.7948514029e-03 -2.0614849255e-02 1.0307067940e-02 -1.1192823094e-02 5.3674908242e-02 3.5500398080e-03 2.3285339740e-02 6.7894833014e-02 1.9838751231e-02 -7.0102534358e-02 -4.0974612797e-02 5.0371034782e-03 7.9895285396e-03 8.8680261908e-04 8.2460869870e-02 -5.6505572200e-02 2.8162456133e-02 3.1678556850e-02 3.3203289307e-02 -5.9199923816e-02 -2.9959716454e-02 2.5819897396e-02 7.3040102306e-03 -4.7502038649e-02 -7.0590139067e-02 7.4203181866e-02 4.6805964670e-02 1.6231759237e-02 -4.7823913436e-02 3.6631396267e-02 -2.6805714011e-02 -1.8862343753e-02 -3.7299261775e-02
3.1252948521e-02 -8.1901274352e-02 -6.6386364310e-02 2.7832876468e-02 3.7790731838e-02 -3.3399397377e-04 4.5896294392e-02 -1.2692396288e-01 5.6110381602e-02 3.5810611005e-02 -5.8242980618e-02 -5.0015980354e-02 1.5356622620e-01 6.3322863084e-03 -3.5561273784e-02 2.3393087472e-02 -4.2150149671e-02 -5.3428834411e-02 1.4444946901e-02 4.9438915343e-02 4.0100734909e-02 -1.9466977857e-02 2.2078372236e-02 4.2047959683e-02 1.8199294516e-02 -1.1142688831e-01 2.0595102592e-02 -5.6415386453e-02 -3.6844744892e-02 -1.0683878337e-01 -8.8057401665e-02 1.0094355618e-03 2.1726324134e-04 8.8412801701e-02 1.7640842931e-01 -2.0359701125e-01 1.0793985947e-02 -7.3766322832e-04 -8.3803125076e-02 4.1058990527e-02 1.1648865725e-02 3.8753996078e-02 9.9658828654e-02 -1.6804046841e-02 2.5865170681e-02 -6.3060400334e-02 -4.1980248676e-03 -4.4880182559e-03 -7.7828352830e-04 -5.3369753780e-03 2.5875501211e-02 4.7824136342e-02 -1.6286038913e-01 2.1021375553e-02 2.5971640275e-02 8.6472212427e-02 1.0353745566e-02 -1.1450148319e-01 -4.2955940967e-02 7.0965528182e-02 -3.0519854392e-02
-5.0612320470e-02 1.8188344376e-01 -1.4637209399e-03 -6.3381355804e-02 1.0397528021e-03 -3.9076762256e-02 6.4105975417e-02 9.2834650192e-02 1.6409740805e-02 -1.0909354371e-02 -6.6088943830e-02 -1.0303349091e-02 1.2488700053e-02 2.5046853591e-02 -7.7622396763e-02 -5.8090435681e-02 -3.8383999775e-02 4.2675135189e-03 4.0061326871e-02 -3.1404323205e-02 -7.9858985311e-02 3.2314975759e-02 2.2591819998e-02 -9.0162334886e-02 -5.1616255705e-03 3.7199134538e-02 -4.0534030848e-02 -9.0356167929e-03 4.5870436416e-02 3.6127175223e-02 -7.6749548003e-02 2.7816017989e-02 -6.5870639618e-02 2.0873902939e-02 -9.6110073799e-03 -3.2189483588e-02 -3.5196324629e-02 -4.7935399381e-02 -6.9586143541e-03 9.7132224458e-03 2.5895569348e-02 -1.3508654648e-02 1.0212076018e-01 -2.7088073178e-02 5.1699619417e-02 2.0739376276e-02 -5.2883325353e-03 -2.0380833928e-02 -1.3527662117e-02 -1.1786570132e-01 2.7124281918e-02 1.3801019187e-01 -8.6695591435e-02 -1.3820546988e-01 7.3623675685e-02 -6.9372623361e-02 2.4761103717e-02 1.2172907219e-02 -8.5516096775e-02 2.6809012671e-02 -4.5925850558e-02
1.8629349106e-02 9.6917951296e-02 9.8909392964e-02 -1.3141457222e-02 -4.1500757682e-03 -4.0508821814e-02 -3.1704258579e-02 2.5047020081e-02 -1.4336679098e-02 -3.7280615472e-02 3.8150083906e-02 3.7972773013e-02 7.0339004432e-02 4.8542624650e-02 -2.5393498266e-02 5.5194086097e-03 -4.7458105286e-02 -4.0496157810e-02 -3.5227277197e-02 -5.2798287354e-02 3.7860870457e-03 7.3283947013e-03 -5.6987440452e-02 -1.9166200424e-02 2.0316401933e-03 1.4970002174e-02 -8.5815040414e-02 4.7700278320e-02 7.8150848291e-02 -2.7223314924e-02 -1.2296021321e-02 -5.8904097697e-03 -1.1092499061e-02 -1.0554140207e-02 -6.1031461925e-02 -1.2426047539e-02 1.3676041659e-02 -2.9171298686e-02 -7.3769814725e-02 7.1827538330e-02 4.3674109984e-02 3.3737804787e-02 5.7788490477e-02 -6.1826847389e-02 -3.5863367208e-02 3.2215911709e-03 3.5026837823e-02 6.2949484734e-02 1.2588685759e-01 8.1283329393e-02 1.8056846748e-02 -1.6919030291e-02 -9.6483776108e-02 -5.2111741980e-02 1.6213407706e-02 -7.2461952974e-02 3.2578751225e-02 -5.6170365591e-04 1.0527122950e-02 6.9899349519e-02 3.5036055504e-02
-5.0041370246e-02 1.1044313725e-01 8.3062720329e-03 -2.7139012541e-02 -7.0378210939e-02 1.0065097713e-02 5.3051838242e-03 8.1783014625e-02 2.0682995953e-02 1.0602414927e-01 7.3231911964e-02 -1.4682037857e-02 -6.6806319308e-02 6.2523555648e-02 -4.8373254318e-02 -1.1509263091e-01 2.9523002306e-03 5.0848343394e-03 4.2247741704e-02 -1.6817496149e-01 -7.4210957042e-02 6.8754310892e-02 1.4573845856e-02 2.3352020518e-02 -6.3530047341e-02 4.4603441998e-02 -4.7266662509e-02 -4.6646584598e-02 3.5611062360e-02 -1.1848116172e-01 -3.3182171910e-02 4.1451935705e-02 -2.4923071221e-02 -7.0924831207e-02 3.9511862308e-02 9.2302502480e-02 -5.3499251048e-02 1.0924479884e-01 9.8887617050e-02 -1.5768839008e-01 -1.6731216871e-02 -4.5008333361e-02 1.2574386068e-01 8.5309521230e-02 5.7832075572e-02 -4.0069335529e-02 -1.0076345583e-01 -2.2814721055e-02 -2.7527787800e-02 -2.9580500503e-02 -5.7299062770e-02 7.3482959060e-02 -8.8366487898e-02 3.6887697991e-02 -6.7702747413e-02 -7.8505659217e-02 -1.5135481888e-02 -2.1579763780e-02 3.8705245081e-02 -1.3150565797e-02 -1.4487064175e-01
3.4486939942e-02 3.8089449867e-02 1.2714467121e-02 3.8337523455e-02 -1.3135312695e-02 1.6366840575e-03 5.7017275584e-02 1.6198304752e-01 -6.5594295916e-02 -1.9518023524e-02 -1.6775600013e-02 -4.4243414621e-02 -6.1820852446e-02 8.0436295790e-02 9.7930962456e-03 6.9512771632e-02 -7.8146750699e-02 4.9884653414e-02 2.7811840346e-02 -6.1969960538e-02 1.5094377235e-03 7.8015453417e-03 -2.6518796605e-02 -7.4601684411e-02 -1.3320882197e-03 -2.7720097814e-02 1.0534490709e-03 9.6232431277e-03 -2.0476543207e-03 -8.0764009563e-02 4.4086021124e-02 6.9419360213e-02 7.7099412471e-03 6.0575982741e-02 -7.0584167013e-02 -6.0717189040e-02 6.5689622607e-02 -1.2182898367e-02 -1.6593698950e-02 -6.2408126664e-05 -2.2467296626e-02 2.3202408065e-02 -4.9640037750e-03 -2.1508232025e-02 3.9607912396e-02 -6.1114044192e-03 1.1518524317e-01 7.4547590247e-02 3.4936911870e-02 -7.8837847569e-02 -2.5037338204e-02 -2.6410501169e-02 5.2655306640e-02 4.8653668573e-02 2.8353714472e-02 -3.3569084722e-02 8.4303528581e-02 -2.3865393246e-02 2.3010621838e-02 8.0045949730e-02 -5.5584268372e-02
-4.3251037984e-02 5.9147361682e-03 -3.2740525285e-02 5.6321509884e-02 2.8534599822e-02 2.8317291105e-02 -4.1633572832e-02 -7.2635601879e-02 7.3309421289e-03 3.5030340842e-02 -1.1289705454e-02 -2.9810735851e-03 -3.6454903663e-02 -1.5505248905e-02 5.6104450528e-02 -2.5437472279e-03 9.1825903745e-03 -3.9782315079e-02 2.2816355136e-02 2.8523049719e-02 -6.2871770294e-02 4.8668804817e-02 7.7677118530e-02 -5.1653561093e-02 2.1782478034e-02 1.8813579985e-02 2.7513903332e-02 4.3018900261e-03 -2.3093461250e-02 5.6272330624e-02 2.8201186765e-02 -2.5955461119e-02 1.3050917241e-02 2.1658299860e-03 5.5345432203e-02 -4.7721177977e-02 -2.8019720699e-02 -1.3011224854e-02 1.0189693107e-02 -8.0725891100e-02 5.7260427929e-03 -2.8054175018e-03 1.2249180357e-02 -3.0104301135e-02 3.6335209682e-02 -1.0203200675e-01 -4.0244068036e-02 -1.5661953305e-02 2.7601594967e-02 -1.2802672086e-01 1.4682467265e-02 3.4693067742e-03 -2.3595793925e-02 -7.8653349915e-02 6.2624061219e-03 -1.1190337520e-02 -9.8860393516e-03 4.8836097065e-02 -4.0977425149e-02 -3.8024561765e-03 2.7516530370e-02
-2.2982425650e-02 9.9928974598e-02 9.0434768479e-02 1.0588487477e-02 -1.5530975746e-01 6.6059166700e-03 1.8176042973e-02 -2.3544942661e-02 2.5436108432e-02 3.9334229356e-02 -3.2418679566e-03 -3.1217015371e-02 1.9606781856e-02 1.3551770108e-01 6.1684829641e-02 5.8086963510e-02 -8.7070109087e-02 1.0495010163e-01 2.8156543865e-03 -4.8222943057e-02 3.0158409512e-02 -9.8824932168e-03 2.1752981877e-02 -1.0463203769e-01 -2.8676182354e-02 6.0971025242e-02 4.3428847952e-02 8.7339609378e-02 1.6826959902e-02 1.0801289878e-01 -7.6324173974e-02 -8.0035321804e-02 -1.0516483796e-02 8.0309901281e-02 3.4673079621e-02 -3.5684352534e-02 4.3708784643e-02 1.3902262988e-02 3.2915192136e-02 -4.8981140890e-02 -1.8584670377e-02 -1.7814316816e-02 1.0342583948e-01 7.0008521259e-02 2.6482926755e-02 -6.0955331686e-02 -4.9413836391e-02 -5.2895416639e-02 7.4589703952e-02 -1.6121503717e-02 -8.1542156742e-02 1.0322586325e-02 7.8916641699e-02 -5.6932413036e-02 -1.9486569750e-02 -2.5989698134e-02 9.9301372545e-02 -1.0791568413e-01 1.1394757890e-01 -5.3611008159e-02 -9.2511980425e-03
9.0079731361e-02 -4.3890472810e-03 -1.6014834814e-02 3.5714303726e-02 4.9401853424e-02 2.9529020394e-02 -2.0469411330e-02 4.1307495372e-02 8.9151976048e-03 -5.2549183288e-02 8.0492283998e-02 2.1954358985e-02 -9.2357167139e-03 -1.8718555315e-02 -4.6514119405e-02 -1.2795549159e-02 3.3246855954e-02 -2.0102905101e-02 -6.7113054034e-02 9.0119337247e-03 1.1099523029e-02 1.0291365019e-03 -2.2053263900e-02 4.8092859204e-02 -1.3579536597e-02 1.5261564685e-02 -1.8412099626e-02 -4.1428319452e-02 1.9344206964e-02 -9.7704352177e-03 -1.1964418124e-02 -2.3502012513e-02 -7.1924939468e-03 8.8900225051e-02 -3.7208079608e-02 6.2411316344e-02 9.1622031274e-03 6.0731297549e-02 3.2064175659e-02 -3.7735803124e-02 -3.3788653594e-02 -1.7805921453e-02 -8.4356483444e-02 3.6960389686e-02 1.5463452620e-02 3.0923494016e-03 -3.5968129801e-02 -2.3699579275e-02 3.9674227394e-02 -2.3176395949e-02 9.1120381729e-03 -4.4806534817e-02 7.9728445977e-02 -1.6914536328e-03 -6.8062053774e-02 4.6061080779e-02 -2.8254766297e-02 -9.7258547139e-02 -8.3889612510e-02 -1.7567413684e-02 -3.8105842894e-02
-6.2617478584e-02 5.4377867613e-02 5.5027043726e-03 6.2546099727e-02 4.7528658857e-02 -4.9016671620e-02 4.0718065313e-02 5.2398877765e-02 -4.4617162021e-02 2.4657205834e-02 2.6988829589e-02 -2.2270325023e-02 1.9305505473e-02 1.0917621337e-01 -1.3369842813e-02 3.2091455971e-03 1.3886972463e-01 -6.3155849498e-02 -7.5124246800e-02 -1.3054131065e-01 -5.9145165208e-02 5.8235432184e-02 3.3625611441e-02 -4.6437622293e-02 -3.8279034654e-02 -1.9183684685e-02 9.6098652200e-03 9.3615567610e-02 -8.5821778640e-02 -1.0439323742e-01 -1.4695819990e-01 9.4910012687e-02 -9.6072329371e-02 3.1386600311e-02 -6.1210633749e-02 -4.1101258441e-03 7.1506684947e-02 2.4864242982e-02 3.2533138328e-02 6.3115945205e-02 -3.9140050080e-02 1.0729912436e-01 -2.8198211183e-02 -8.8672944000e-02 1.3778975341e-02 -3.2333966476e-02 3.7731579730e-02 1.3999593828e-01 2.0019698007e-02 4.3678409125e-02 -9.5624414558e-02 -1.9554882459e-02 -9.7397768712e-02 4.0207150470e-02 2.7253215678e-02 -8.9534306323e-02 1.3581298770e-02 -6.3681213497e-03 -4.5239500393e-02 -1.5178813917e-01 -4.4280149871e-02
-1.1535820522e-01 -1.6688538812e-02 -8.9930525571e-02 -1.0489286843e-02 -1.0320520295e-02 -6.8565119234e-02 -2.8991958667e-02 -1.6764105853e-01 1.2310025074e-01 1.0708754807e-01 1.1973621942e-02 -2.1902707633e-03 1.3320175436e-01 1.2611351978e-01 7.6915423989e-03 6.6532830076e-02 2.6232073220e-02 6.6029663288e-02 2.8005026325e-02 -2.9334640437e-02 -9.5018388757e-03 -4.3007142298e-02 9.5196782993e-03 -8.5205504267e-02 -1.4676294416e-02 9.4992219543e-02 6.3773515604e-02 2.6147758200e-03 1.9926050070e-02 -6.7209328533e-02 4.8608836110e-03 1.0522690040e-01 -6.4156289499e-02 1.9833066453e-02 -6.5434033182e-02 -2.9876686720e-02 -2.1200705650e-02 -5.5362151472e-02 -1.6045887193e-01 2.8733031418e-01 8.1200822976e-02 -6.6810109179e-02 -2.7118909342e-02 2.0920614985e-02 9.8871588863e-02 -2.4567613821e-02 2.2706075630e-02 7.5278337945e-02 -3.2105763538e-02 1.3031906526e-02 1.5548488847e-02 8.2746946991e-02 -4.6944721479e-03 -9.0770979706e-02 -1.7677210059e-03 -2.1035602440e-01 -4.0650957607e-02 -7.8785832423e-03 -2.9911119122e-02 -1.3266602886e-02 5.1673546648e-02
3.0154934010e-02 2.0425339312e-01 -4.6710026220e-03 -8.1768972636e-02 -3.8940142565e-02 5.3987020794e-02 -4.9103673959e-03 -7.1697994897e-02 -8.0448991921e-03 -5.3895636423e-02 -4.4096573103e-02 7.8124697569e-02 1.1784351579e-01 -1.0568196828e-01 4.1670027632e-02 -1.0966624105e-01 -2.0332997407e-03 1.5882171536e-02 5.6418867465e-03 -1.1635680834e-01 -1.3725321855e-01 3.4385692211e-02 -6.5025183461e-02 -5.8377646803e-03 -7.1384222081e-02 1.6707432341e-01 2.6642260636e-02 5.0428576008e-02 -1.0161429068e-01 7.3437737575e-02 2.3239369625e-02 7.8724438362e-02 2.7061446429e-02 1.9187563571e-03 4.6111997150e-02 -4.3333727890e-02 4.7129804904e-02 -2.2741281009e-03 2.3377469826e-02 1.0020375104e-01 -7.9381718081e-02 1.1667802494e-01 4.3872989092e-02 6.5324918471e-03 5.9500336253e-02 6.6123742906e-02 4.5583826095e-02 -5.8360246364e-02 -8.1265244811e-02 2.0546449997e-02 9.4867796830e-02 2.4760134710e-02 1.4388707489e-01 -8.6285442567e-02 4.9559735253e-02 -1.4085381466e-02 -2.4638084125e-02 -9.3829617393e-02 -5.7810847007e-02 -4.1506502622e-03 6.7929086412e-02
2.8198579924e-02 -5.5273269418e-02 -5.1906628096e-02 4.0372534853e-03 3.2390221173e-02 3.0690804432e-02 -6.7835110256e-02 2.5229549424e-02 -5.5074951857e-02 -1.7947523871e-02 3.1514740463e-02 6.5752969615e-02 -2.1092490239e-02 1.0703982186e-02 2.3611453974e-02 -1.3459477227e-03 1.6368314297e-02 -2.6037660791e-02 -2.0955432659e-02 -1.5108047837e-02 2.8371796070e-02 -5.8477989049e-02 3.0171531624e-02 1.9209863453e-02 -2.9441701126e-02 -9.6325103193e-03 -3.0989138446e-02 2.4721797327e-02 -4.1685655544e-02 -1.8630368937e-03 2.1076619401e-02 -6.3091033446e-02 -1.1870668390e-02 -2.0679557991e-01 2.5433986030e-03 7.3774671528e-02 4.5793846177e-02 3.4105528254e-02 4.8147802234e-02 -7.3414852486e-02 -3.6560218722e-02 1.6434772538e-05 -7.2444626919e-02 5.6955157362e-03 5.4327857662e-02 2.1428167810e-02 -5.9701496137e-03 -1.0866739252e-02 -1.2786814997e-02 4.7281932372e-02 -2.5750255484e-02 -2.3982483734e-02 9.9453162985e-02 1.0633352347e-01 -9.7646773488e-03 -1.7995883720e-02 -2.2047941088e-02 -3.3659410236e-02 -8.4400000678e-02 -6.5502495479e-03 3.8303422003e-02
-1.6627994088e-02 -1.1481307824e-01 -2.9434551670e-02 4.2146766169e-02 7.9891652523e-02 4.3141760898e-02 -6.8293193783e-02 -1.2329352977e-02 -8.3642310575e-03 5.6015366377e-02 7.0001583397e-02 1.0813736859e-02 -7.7793627636e-03 1.2083987164e-02 -3.7972257200e-02 4.9756446489e-02 -5.3646825039e-02 3.0534222277e-02 3.0572874106e-03 7.2849740091e-02 -9.3794182343e-03 -8.6211945808e-03 -4.6456461726e-02 1.4064423082e-02 4.2277567405e-02 3.0888896285e-02 4.4999757659e-03 -3.1911455285e-02 7.8432156296e-02 8.9722055968e-02 -8.7306203446e-03 8.1514511039e-02 -3.4528732315e-02 1.9189080159e-02 -6.5499604015e-02 1.4487246630e-02 3.3731456707e-02 -8.5387546633e-02 -5.4310415728e-02 2.2377522711e-02 8.2682217831e-03 5.7002089486e-02 -1.6827464679e-01 -3.5339037991e-02 -8.4641860896e-03 5.3835644718e-02 -1.3191143733e-01 2.6427789715e-02 3.6941655775e-02 8.8831520102e-02 1.5078460536e-02 8.9195192284e-02 -1.0245375276e-01 1.3963952258e-01 -3.6513220026e-02 1.4699187999e-01 -6.8972938573e-02 -2.8072760082e-02 4.4339114544e-02 -1.6877810739e-02 -6.0729047299e-02
-6.1443413011e-02 -2.5082765989e-02 1.6917708037e-02 -4.6887181043e-02 1.4578429864e-02 -4.8399626654e-02 3.4942705125e-02 -1.3762628607e-01 -2.1742469435e-02 -3.6087910660e-02 -1.3151232167e-03 -5.6076741395e-02 -1.5846026765e-02 -2.4239426758e-02 4.3357927334e-02 -1.7980614766e-02 6.5990816306e-03 -3.7649058783e-02 -8.8902458906e-02 -2.2339076299e-02 -4.1137839435e-02 4.1141685373e-02 -1.9925547927e-02 1.6967853901e-02 6.4935479171e-02 -5.1450507682e-02 7.7958933982e-02 -5.4120293571e-02 3.0933884085e-02 1.7541591960e-02 7.2310325732e-02 6.8660120128e-02 1.5687115195e-03 -5.8556070357e-03 4.0197311331e-02 5.7804671850e-02 4.6101607949e-02 -2.8671035206e-02 -3.0026705565e-02 -1.0467801230e-01 2.9579969295e-02 -7.3859414452e-02 -1.7693058072e-03 -2.2131798251e-02 8.8918128153e-03 3.8093056597e-03 1.4490884727e-02 1.6304853062e-02 -3.6248019635e-02 2.3039221856e-02 3.4197561043e-03 1.7053526522e-02 6.6044379950e-02 1.4931158563e-02 1.8751331519e-02 3.5164770486e-02 1.9335992837e-02 4.3348657178e-03 6.8029499044e-03 -5.2080989331e-02 -1.9804429692e-02
7.9388239086e-02 -7.2664612331e-02 -1.5709583628e-03 2.1827805934e-02 4.0029938173e-02 -9.3160250835e-03 -4.5000843948e-03 -5.7108622782e-02 -9.2406362857e-02 7.7679353687e-04 3.7863563825e-02 2.8765968164e-02 -4.8536193259e-03 -1.1043825822e-01 -2.0067545987e-03 -3.0939642178e-02 -3.0855030214e-02 -2.2745596601e-02 2.3918181251e-02 3.7129074435e-03 5.9149994402e-02 -4.5977833651e-02 -1.4017615322e-02 2.5733005950e-03 2.2556380985e-02 2.5867795907e-02 -7.5581940034e-03 1.3001125342e-02 1.1691467593e-02 3.7240065519e-04 1.4734452562e-02 -2.6838621004e-02 -2.8790206423e-02 3.3156123563e-02 -2.6644826477e-02 1.4358207485e-02 1.9807302476e-02 1.6891590133e-03 7.1956254555e-02 -7.4202527873e-02 -3.1350051160e-02 -1.4697129840e-02 2.8869074875e-02 4.2611006399e-02 4.8500730162e-02 -7.8133126817e-02 4.4189613544e-02 -3.9763715071e-02 6.1767367587e-02 4.9891070114e-02 3.6807318523e-02 9.3279178268e-03 -4.1631436235e-02 -9.3029668120e-03 3.4160895225e-02 -3.4807305939e-03 -1.0013124816e-01 2.4170600854e-03 1.3650762891e-03 8.1179690655e-03 -1.4204445448e-02
9.3208823644e-02 -2.9956271075e-02 -3.0937840673e-02 -1.0874792626e-01 4.1726171350e-02 3.0832390884e-02 -4.8659496154e-02 -6.2152720863e-02 -6.2744909134e-02 4.0915613050e-02 5.5253931772e-02 -3.1734165980e-02 -1.9442708558e-02 2.4205767097e-02 -3.1830143541e-02 -2.0395473478e-02 3.7724382121e-02 1.0220655341e-01 -3.2495590024e-02 -5.4131629749e-02 9.1255486186e-02 1.5638364040e-02 9.6854298611e-03 1.2216191831e-02 -6.5921872928e-02 -9.5472574321e-03 -3.5037216318e-02 -1.3923262015e-02 -5.3859407304e-02 -5.3089941101e-02 -3.7469000078e-02 6.1626002117e-03 4.3246677686e-02 -1.8567698572e-02 -1.7463632127e-03 1.0919901528e-01 1.6828203955e-02 5.1423763040e-02 2.4092133783e-05 5.2779715581e-02 5.6665520564e-03 3.4615608217e-02 7.1740255509e-02 2.3630590381e-02 -1.2134391726e-02 1.0449357863e-01 -2.6131502823e-02 -1.7576128795e-02 4.0178899908e-02 5.6203342505e-03 3.3987087153e-03 3.1478201684e-02 -3.4250211520e-02 3.9455832344e-02 -1.5959308597e-02 2.5872018698e-02 -5.1906246744e-02 -6.7657661995e-02 -2.7480231324e-02 2.1837755483e-02 -2.8032522236e-02
-2.8482289068e-02 8.6931978171e-02 -4.3611162651e-02 -9.5992375061e-02 1.0629917461e-01 -9.9228108719e-03 -6.8321075700e-02 1.6074578535e-02 9.9719805769e-02 -4.8326659967e-02 5.6546676685e-03 5.5105380699e-02 -6.3693756754e-02 1.6723846445e-02 3.4725464462e-02 -1.3258066152e-02 -6.2716080882e-03 8.1992228936e-02 -2.6577222358e-02 -1.0710616295e-02 3.3301738776e-03 2.8012892065e-02 -3.0628368669e-02 5.2448582334e-02 -3.7841638297e-02 7.1334911253e-03 -2.8087536161e-02 -2.4909199832e-03 8.7273159208e-03 3.6212860837e-02 -1.9845863854e-02 6.4821716637e-02 1.5583722275e-02 -3.0881297740e-03 3.6847617973e-02 -4.5245658603e-02 4.7223078589e-02 -3.2862370696e-02 2.1532479992e-02 1.2109300867e-03 9.0647258225e-03 -1.2840167855e-02 -2.5572577516e-03 -2.5857891589e-04 -5.2709445226e-03 -7.6060179133e-02 -4.6330495804e-03 -3.8989190600e-02 -5.3232204381e-02 -3.9120455090e-02 -1.3625122211e-01 4.0403375544e-02 5.4263909713e-02 1.0986744519e-01 8.6632213276e-02 -9.0042277167e-02 2.0453420511e-02 -4.5447412011e-02 1.0879378091e-01 -9.7056431328e-02 4.2427593673e-02
8.9760839680e-02 -1.9644379910e-02 -4.9885277517e-02 6.9874661577e-02 -2.7977335909e-02 -8.1657886144e-04 5.5972644210e-02 -1.9109835287e-02 3.4719202196e-02 -8.6680335578e-02 2.9235321591e-02 -3.5092049552e-02 -7.4027905736e-02 -3.2808184379e-03 5.8387648194e-02 1.3885251137e-02 8.0754867407e-02 6.9462699721e-02 -1.0163851161e-02 3.3571102612e-02 -9.7898598649e-02 1.2935257632e-02 8.1049464899e-02 1.8129922657e-02 -1.9468582374e-02 -1.3364806023e-02 -3.4963896181e-02 -9.7791541286e-02 -2.7206997908e-02 1.7910835548e-02 6.0120956036e-02 -3.8730123001e-02 9.5810917802e-03 6.8620331045e-02 -1.3291290758e-02 5.7520920172e-02 -1.1210531341e-01 -3.3021556086e-02 7.0180498763e-02 8.6288586415e-02 2.8719502242e-02 2.9421867853e-02 6.1330612213e-02 -3.6875666385e-02 -2.3186051183e-02 -3.8037093628e-02 -1.5522503252e-02 -3.9650027648e-02 -5.4064995416e-02 8.7178251372e-02 -2.1786514811e-02 2.6077561625e-02 9.3252991879e-02 1.0135866877e-01 -7.9048208284e-02 1.2775883938e-01 -9.9786047170e-02 -1.9423872188e-02 -6.5304541991e-02 1.0029848051e-02 4.0056313912e-02
-3.0506413957e-02 -2.4172748284e-02 -5.5305727548e-02 -2.2453800186e-02 1.0698164645e-01 -6.9401072214e-03 5.5827437377e-02 -1.9453084608e-02 5.5781106349e-02 -1.7658985642e-02 -6.5970098484e-02 2.9268127042e-03 -3.6725265114e-02 8.6049098052e-02 2.1169348408e-02 9.4627061687e-03 -2.6119382346e-02 -1.3875304561e-01 -1.5328752575e-02 -4.5137651363e-02 -1.9439894399e-02 1.1062743496e-01 -1.2494801400e-02 -5.3162623057e-02 7.0022306766e-02 -4.2098418521e-02 5.3537299208e-02 -2.2939951802e-02 5.2776354030e-02 -2.7934833785e-03 -1.3507427209e-02 4.7399780925e-02 2.0018666369e-02 -2.4011871286e-02 4.6873074611e-02 -3.9938467309e-02 3.7246237061e-02 -2.3152091668e-02 1.5073368980e-03 -6.3084531911e-04 -1.0612813464e-01 -6.4065666186e-03 8.1783484337e-02 1.0902586118e-01 -4.7118813357e-02 3.0999611744e-02 -2.9865644432e-02 3.3174503534e-02 1.9443530266e-02 -4.6499653713e-03 -8.5385728964e-03 -1.3207180292e-02 2.6211444959e-03 -2.1660864671e-02 3.3739370992e-02 -3.9604199207e-03 -4.7661256183e-02 9.6867892222e-02 -7.7299272590e-03 4.6455920080e-02 -2.3486125590e-02
4.8563416636e-02 4.8343349648e-02 -4.0478117874e-03 -2.2637640344e-02 -6.0346583284e-02 -3.3831583446e-02 -1.7213555677e-02 1.6075581502e-02 -6.4419926757e-03 -4.5674748384e-02 -2.9424514938e-02 -3.6216840151e-04 5.3011093405e-02 9.2704121449e-02 1.5687940779e-02 4.4255064279e-02 -1.0990404873e-01 1.2377703740e-01 -5.6165838160e-02 -9.3689300315e-02 1.4191835742e-02 1.2462022776e-01 5.6282735757e-02 4.3465340982e-03 -9.2523696975e-03 4.7986173187e-02 -8.5371167129e-03 5.1972408378e-02 -5.4098086683e-02 5.5337170091e-02 -5.3753351375e-02 3.2562354299e-02 -4.7623346937e-02 1.9063619210e-03 4.6300162634e-02 -9.0098838298e-02 -3.1765969298e-02 -3.6666173585e-02 -2.0157201208e-02 5.1337028036e-02 -3.3783836628e-02 1.1394376982e-02 3.8945217980e-02 4.2399371543e-05 2.1434900277e-03 -1.6827075649e-02 -1.1788500546e-02 7.2630698368e-02 7.8781994601e-03 4.5911005364e-02 5.5704716011e-02 5.3139195343e-02 -1.1678130447e-02 -1.5462055137e-02 8.4613000568e-02 -2.1735366401e-02 4.9282723247e-02 6.7991376695e-02 3.0391479891e-02 -7.5283992111e-02 -1.5493131400e-02
-1.2005985922e-02 -9.3359419514e-02 -1.0772288173e-01 -1.7736839946e-02 -2.8490426609e-02 -1.1436410473e-02 1.0773906778e-03 -2.0986413019e-02 -3.4214009479e-02 -5.2491556750e-02 7.3447276691e-02 3.4072998389e-02 -2.6353253548e-02 -4.8985302255e-02 5.5460809425e-02 -5.7954775529e-02 3.4632577828e-02 -5.1893838409e-02 -8.6019545005e-02 1.2446898996e-01 9.9321530455e-03 -7.1968694507e-02 3.5697012900e-03 2.7686699748e-02 -5.9530220447e-02 4.6920904342e-02 5.8374053995e-02 -2.4162008549e-02 1.7351148442e-02 1.5443211607e-02 -1.5702622100e-02 -5.5554578101e-02 -7.8521329247e-04 6.0391983408e-02 -2.2441199219e-02 8.7924549989e-02 -6.7235127097e-02 7.6636375633e-02 1.2636305913e-01 1.7995157903e-02 -2.5197829681e-02 4.2830208393e-02 -1.1240256197e-01 -1.9584693806e-02 6.7779118106e-02 4.7752746791e-02 4.0362696615e-02 -2.1255114508e-02 3.2931475249e-05 6.2051199953e-04 -5.7145023746e-02 -3.0516100404e-02 7.9243392714e-02 6.3542741218e-02 2.1417209541e-02 1.1599372896e-01 -6.6609559828e-02 -4.8894989048e-02 4.1293812512e-02 -6.1591284412e-02 3.4870464097e-03
8.3973828852e-03 -1.1685181510e-01 -4.1633170447e-02 -1.6380125595e-01 -1.2963689490e-01 4.0887955009e-02 5.5334455544e-02 1.0281060058e-01 8.4564887636e-02 -7.5749360733e-02 -2.5137670961e-02 -4.1335561671e-02 -7.8580755754e-03 -3.0519597622e-02 4.7204966370e-02 3.6272994320e-02 7.9034580532e-02 4.1515733967e-02 1.2777777489e-01 4.9140041542e-02 -6.4116333199e-02 3.5239578146e-02 -9.9727059374e-03 1.5193345933e-02 -7.8207531633e-03 1.9645340940e-02 1.0005540274e-01 2.7349855381e-02 -5.8510334322e-03 -3.2621163957e-02 8.3944602790e-02 9.9742390537e-02 1.3014092098e-02 -4.7859672582e-02 5.6474980870e-02 -1.7815425430e-02 5.3259986626e-02 8.8892018208e-02 -1.2783881519e-01 2.0179686558e-01 6.2759000901e-02 4.9808989975e-02 -3.3116296817e-02 -2.9411470994e-02 1.0849250925e-02 5.8811849580e-03 -7.2943050613e-02 1.2018213920e-01 2.5794222344e-02 -9.6895307507e-03 -3.3041781569e-02 4.7064487143e-02 3.7643447654e-02 -9.6708243972e-02 4.3799465853e-02 4.2561386168e-02 4.9490982469e-02 9.1350133877e-02 -6.4480730589e-03 3.4861653501e-02 4.8971190268e-02
7.1862663774e-02 -8.8403430474e-02 5.9001001081e-02 -4.5388111423e-02 4.8759104631e-02 -8.2693976861e-03 -5.4169752672e-02 -1.8391065960e-01 1.5323171644e-03 -1.1451557043e-01 5.2219326888e-02 2.6933423666e-02 1.8728240133e-02 1.3014160522e-02 7.9776579397e-02 -1.0880289908e-01 -1.0143221144e-01 -3.0631293265e-02 2.5743128261e-02 5.0526547494e-02 -3.2320598382e-02 -6.3979942530e-03 -6.0123643810e-02 -1.2575608998e-01 1.2845574157e-02 8.0611267455e-02 7.1975392591e-02 -4.2781201615e-02 4.1339714991e-03 -2.3685691304e-02 -1.1445818697e-01 6.5260107073e-02 -1.4797033816e-02 -9.6822286571e-02 1.1406752842e-02 -1.1052287432e-01 5.4269690023e-02 1.6367071091e-02 6.5718973357e-02 1.6622447616e-01 6.5813969423e-02 -4.5675220586e-02 4.2231233600e-02 1.8735347138e-02 -1.6599834300e-01 -6.2406063319e-02 -1.7840291308e-01 7.1436190544e-02 -1.2072379377e-01 -7.2573483812e-02 -6.8865267543e-03 -1.6501217219e-01 2.4745906619e-02 7.6594123999e-02 -5.9745891031e-02 2.0221034148e-01 -1.2021522309e-01 -7.6556953686e-02 -7.0483549586e-03 1.0721273316e-01 3.9599713372e-02
8.7318317558e-02 -1.5121272129e-01 -1.4903960367e-02 -2.6881787041e-02 4.5000355264e-02 3.9427894679e-02 -2.4313098854e-02 1.4051377527e-02 -1.0429729231e-02 1.8307589784e-02 8.3082469853e-02 1.8491507023e-02 9.5659782881e-03 -4.3638059497e-02 2.4235392262e-02 -9.3219263096e-02 -1.3849237793e-03 -4.1572026507e-02 -9.5700960731e-02 -4.0506086026e-03 4.6784159343e-03 -7.1212560348e-02 2.9789357435e-04 2.7600474993e-02 -8.9547766608e-02 2.1972063924e-02 -2.1569535905e-02 -3.5563701494e-02 3.9063128223e-02 4.7647939244e-03 -5.2417009432e-02 -1.0476894964e-01 3.9569633745e-02 -6.4480682980e-02 -1.5422355009e-03 1.0247566322e-01 -6.9329684870e-02 -9.3889576901e-02 8.7891094900e-02 4.8972365181e-02 -3.3805859701e-02 5.1431867028e-02 -7.3273781770e-02 -1.1814128909e-01 3.0775762428e-02 -4.9563527585e-02 1.8235941158e-02 -7.2255265991e-02 -2.3488952530e-02 -6.9984021355e-02 1.2614182743e-02 -6.3856615960e-02 1.5592410406e-01 1.6453291209e-01 7.3994505089e-02 -9.9604210633e-02 -1.0789165032e-01 5.9988193938e-02 3.3610121012e-02 7.6176566256e-02 8.8326038228e-02
-6.9342605759e-02 1.4132902517e-01 3.9232630522e-02 -7.5848248811e-03 -1.7134665532e-02 -4.3086609732e-02 -3.6606304556e-03 6.0230694991e-03 -1.0540369375e-03 -1.5313773292e-02 -3.7949217792e-02 -5.8404918337e-02 -8.8494137865e-03 6.2297741268e-02 -2.5883609571e-02 -5.5792257303e-03 -1.8368215734e-02 1.2067967468e-02 3.9132285292e-02 8.9783703263e-03 1.8919827703e-03 7.6077589275e-02 -7.3529565152e-03 -3.2400424097e-02 1.4718454578e-02 -8.8540522861e-03 -5.0348932512e-03 4.8063219875e-02 -4.3522657447e-02 -5.6763887426e-02 2.8662405356e-02 7.7869966677e-02 -3.3566097900e-02 -3.6282256291e-02 -2.2338783764e-02 -1.0293755099e-01 5.1327314588e-02 4.0656191348e-02 -5.9835920988e-02 -5.4215476280e-02 2.6774787500e-02 -2.4620017014e-02 1.6103408251e-01 8.1837409180e-02 1.6816564683e-02 1.3008542103e-02 -4.0410535949e-02 7.1865901617e-02 -7.3178444501e-03 9.3987993199e-03 1.8153858976e-02 4.8217085089e-02 -3.0796332344e-02 -1.5648794148e-01 -4.5103706080e-02 -8.9588723916e-02 1.6185467451e-01 8.3446686560e-03 -2.2721248032e-02 -3.9749512838e-02 1.0425098326e-02
2.5901041847e-02 6.7821751298e-02 -1.9167997740e-02 -7.4048881663e-03 2.5858544778e-03 7.2023001156e-02 3.2558822895e-03 -3.5338998007e-02 -7.1256570617e-02 -8.5411295165e-02 1.8282098740e-02 -2.7759949446e-02 2.2079935443e-02 1.1832911175e-02 -2.2335529909e-02 2.7062014169e-02 2.4324168655e-02 -1.2276431476e-02 -5.7477193943e-03 1.3669197488e-01 9.5613795944e-03 5.4012720696e-02 1.0561425052e-01 4.7418406274e-02 6.5110046537e-02 -2.2126308863e-02 4.0339921180e-02 -6.4868128121e-02 2.9265110416e-02 -1.0007754108e-01 -7.6213931668e-02 1.4842383406e-02 -4.5252197563e-02 -1.6950211965e-02 -1.7677522979e-02 8.4389657218e-02 -5.4166838287e-03 -5.3038077470e-02 -2.9881963399e-02 -1.0214798889e-01 -7.9590963462e-02 2.2760487535e-02 -1.1761750444e-01 -7.4119792561e-02 3.3824077696e-02 5.7072885745e-02 -5.6948323796e-02 -1.3532188651e-01 4.0759183364e-02 -7.0944756189e-02 -5.0028802820e-02 -1.1888029400e-01 1.3905554483e-01 1.7251073658e-02 -1.7100461649e-02 1.2901206204e-01 7.9510641136e-02 -6.1791374796e-02 4.2232620918e-03 -7.3804889941e-03 -6.1510080394e-02
8.6757607776e-02 6.1474278479e-02 2.9864135848e-03 1.7202295705e-02 1.7317872139e-01 4.2361260876e-02 -2.3137350283e-02 6.6584040902e-02 3.2031781797e-02 7.7671885437e-03 -4.3271269668e-02 -2.5366778227e-02 2.7855955203e-02 2.3238713202e-02 -2.0036866245e-02 -1.7924178084e-02 -9.8203447301e-02 9.5200306267e-03 -8.2429631421e-03 -7.7431459164e-02 -3.6031082625e-02 8.1217849837e-02 -3.3401669025e-03 -1.0314997308e-01 5.3839946584e-02 3.1670023346e-03 2.2285258149e-02 2.9368150110e-02 4.7522917726e-02 -4.6980145470e-03 4.0612437880e-03 8.8184804057e-02 -8.1096048019e-02 8.2750967431e-03 -2.6648826441e-02 4.0529138677e-02 -4.3128152745e-02 7.2001473787e-02 1.8674758870e-02 4.1007652547e-02 1.0954719571e-01 -8.3430436481e-02 5.9524180478e-02 -7.8701184816e-02 -6.6053612325e-02 3.3670223388e-02 -1.2151994935e-01 -1.1661605120e-01 7.0598716327e-03 -4.3631216730e-02 4.0416883230e-02 -3.7653094809e-02 -3.9697297517e-02 -6.2531443480e-02 1.1340113587e-02 -4.5971354668e-02 -8.3565052354e-03 3.7540396306e-02 2.2028268448e-02 -8.1313377730e-02 3.8429494284e-02
-8.4522724310e-02 -7.2451957346e-02 1.5804413881e-01 -5.4137733899e-02 -4.6961258004e-02 -9.2878597096e-02 7.3031558641e-02 -1.1801991377e-01 7.7401540232e-02 6.3201773706e-02 -6.1545048733e-02 1.2820218490e-01 5.6894894970e-02 9.1022484387e-02 8.7985387785e-03 8.8742396598e-03 1.4077627987e-02 -5.8178298066e-03 3.8887401718e-02 -8.2241949376e-03 7.9622640843e-03 1.0505844260e-01 -8.8067142090e-02 1.0451327683e-02 -1.0392423631e-01 -3.8759717108e-03 -4.5715246519e-02 1.4633054018e-02 1.5932584158e-03 1.5476567671e-02 -2.7158833313e-02 5.6342618493e-03 1.5446666344e-03 -1.4205712960e-02 -4.9453452650e-02 4.5227653075e-02 -2.0550652829e-02 1.3890088709e-03 -7.2918406613e-02 -4.1073606662e-02 1.5727400499e-02 -6.6852288894e-03 -5.1533984344e-02 2.0014753383e-01 -2.6527462707e-02 -5.3146768049e-03 -6.2276975889e-02 1.2220163305e-03 2.1983424649e-02 -5.8150323339e-02 5.9847732446e-02 6.0938132835e-02 -5.6872817665e-02 -1.7222572971e-01 5.1929254917e-02 -3.9116394003e-02 -2.4844658968e-02 -6.2911818349e-02 7.4264911906e-03 -4.1822791676e-03 -3.0598168874e-02
-5.2565358860e-02 -8.8167566958e-02 1.1802825019e-01 -6.1942283647e-02 -1.6685088862e-02 1.2100179202e-01 -7.6023040263e-02 1.5844958149e-02 -9.1649710202e-02 1.8954426718e-03 -4.1019128753e-02 1.4204821722e-02 2.9691460569e-02 3.3200909420e-02 -3.6039934124e-02 3.6598897829e-02 -2.5659179392e-02 3.3329732304e-02 -4.7599989689e-02 3.9212054732e-02 4.2261673907e-02 6.7620481851e-02 8.1207366391e-02 -2.1869457135e-02 -3.8339421117e-03 4.8563518625e-02 7.4637895728e-02 -9.8259863556e-02 1.1549460922e-01 -1.3752783805e-01 7.7692403594e-03 -6.5872472668e-03 3.8495509796e-02 -4.4339177105e-02 -1.0631410295e-01 -2.0179564296e-02 -3.0373696099e-02 -6.7806483317e-02 -6.2530502644e-02 1.0551865270e-01 -6.6048233398e-02 6.5000153216e-02 -7.9028425103e-02 -6.8671143846e-02 -2.8823215606e-02 2.7303128403e-03 -1.1651743568e-01 -1.3969612434e-01 1.5219432617e-02 2.3316883131e-03 3.6678444692e-02 2.2967077777e-02 -9.1566770116e-02 -3.9049365752e-02 -8.0701999978e-02 -8.1091486388e-02 1.0890525496e-01 3.3026802550e-02 -4.4371475085e-02 -6.1432540523e-02 5.4156718194e-02
6.5419705412e-02 -1.1544767803e-01 -2.7019696549e-03 -5.6789281752e-02 1.8192171821e-02 -8.8359134377e-03 2.3783303103e-02 1.8107014164e-01 1.9192051770e-01 7.0485882479e-03 -1.5138646161e-02 9.6258377184e-03 8.3919924264e-02 5.0661754231e-02 1.6248526252e-02 7.4815985396e-02 -2.9585322834e-02 -1.1894554903e-01 6.4301065501e-02 5.2589289528e-02 -6.2676317789e-02 8.5769139418e-02 -4.1905449453e-02 1.1215897231e-02 -1.0153096986e-01 1.0105082521e-01 8.1811385768e-02 1.1273765768e-01 -1.3508967128e-02 1.9508803945e-02 -1.5455883270e-01 -2.6335399006e-02 -1.0100344092e-01 -7.8021886451e-03 -3.0969980837e-02 -4.3709298202e-02 1.6785042120e-03 -1.8147654899e-01 -4.1679210040e-02 -1.6341674754e-01 9.1494463585e-02 -1.0014363479e-02 9.5631575588e-02 5.7369257709e-02 1.6489465459e-01 5.9801321734e-02 2.6583383315e-02 -3.5302711984e-02 1.1504469583e-01 -3.3322746330e-02 -9.0298043682e-02 -1.7083231303e-01 -6.8331976433e-02 7.2349434529e-03 -4.5585058823e-02 -5.4105921332e-02 3.2931263327e-02 1.0016521602e-01 5.8664385479e-02 -6.1478010351e-02 -4.8298857917e-02
-7.2713254152e-02 9.7234575144e-02 1.2168333380e-01 5.1688273304e-02 -1.7411877860e-02 -7.0913866387e-03 5.3238015806e-02 4.3692432413e-02 5.5595518939e-02 -5.7420404565e-02 -4.3654043838e-02 -7.0399221960e-02 4.1552632283e-03 -4.4688603807e-02 1.7740623213e-02 1.3208305334e-01 -2.9785173361e-02 1.1084107972e-01 1.4662884177e-03 1.2728600248e-02 -1.7191877278e-03 7.7142696294e-02 -1.0030425634e-01 -2.7990124763e-02 1.4948681278e-02 7.1495799239e-03 -2.3068160458e-02 1.7411478430e-02 1.5013976550e-02 2.2887199832e-02 3.1519791041e-02 9.1416073829e-02 -4.5892092619e-02 -4.7505762405e-02 -4.4209526321e-02 -3.5803980110e-02 2.1773173707e-02 -3.4536090535e-02 -9.2949955850e-02 -1.6111999326e-02 2.5035352890e-02 -6.7619979552e-02 1.0873329410e-01 1.2559623251e-01 -1.1669679603e-02 5.5692628796e-02 -4.9756700413e-02 4.8839886536e-02 1.1043672018e-02 1.6590170179e-02 -2.9159442341e-02 7.4133409028e-02 -1.3512461079e-01 -6.1597463334e-02 -9.3000993777e-02 5.1082354077e-03 1.2017598117e-01 -2.7439115748e-03 -7.2140319371e-02 -1.1244227790e-01 -2.2390386287e-02
6.7948173211e-02 -5.4512548503e-02 -2.3530022195e-02 -5.4498339345e-03 5.3393852732e-02 6.9922255474e-02 1.1171342225e-02 -1.0012498381e-01 -1.4002246403e-02 2.1838810732e-02 1.4544907389e-01 -1.0959515175e-02 -1.6709630905e-02 -1.3093273970e-02 1.4176694821e-02 -2.5496058391e-02 -3.9108542248e-02 -6.5962953908e-02 -8.0189577662e-02 4.6698458477e-02 1.6906610346e-02 -7.0408049149e-02 -7.2086945326e-02 -3.1345664677e-02 3.2856220184e-02 3.0026633321e-02 1.9108918744e-02 -2.3703988038e-02 -1.3312241028e-02 -2.7148079343e-02 2.9102061446e-03 -8.9560908327e-02 -7.8838957288e-02 1.0544404084e-02 4.8614377975e-02 7.9289261321e-02 5.1424612686e-03 2.2605862111e-02 7.1713116815e-02 -5.4852973673e-03 -3.9893678365e-02 7.0674745373e-02 -5.5229507384e-02 -7.4788733843e-02 -8.6619448259e-03 -1.2737129764e-02 3.9815431969e-02 -4.1252490327e-02 -1.2785677583e-02 1.0137194695e-01 -2.9441837185e-03 4.5120944161e-03 -9.3365788175e-04 1.0670255346e-01 1.9404420319e-03 4.1308354592e-02 7.5460318733e-03 3.3252319525e-02 -2.0335316927e-02 -2.1136327752e-02 2.4200350746e-02
9.6258632984e-03 -5.2095079516e-02 -8.6480972545e-02 9.1616166123e-03 -1.3801321656e-02 1.4127774856e-02 3.5474148844e-02 4.4663349602e-02 -2.8363782571e-01 -5.3954133549e-02 4.3630959604e-03 7.7305908988e-02 -1.0544786669e-01 9.6987291271e-02 -5.5990886782e-02 9.4958281695e-03 3.0924351010e-02 4.1614741073e-02 1.2579006152e-02 -5.3661117693e-02 -2.9326856642e-02 1.3030818285e-02 -7.1614671591e-02 -6.8312207888e-02 -2.4554101707e-02 5.8763400238e-02 8.0165332865e-02 1.7036103504e-02 4.7901036967e-02 -1.3306683708e-02 -3.1247237353e-02 -4.7998029427e-02 -8.2266090121e-02 8.6184885917e-02 -5.5594902037e-02 -1.0794215898e-01 -4.5709973700e-02 7.7300606102e-02 -3.2138742269e-02 -8.6801842481e-02 5.7258331810e-03 -1.7768690590e-02 -1.0635897647e-01 -2.7347889858e-02 2.2355743915e-02 -4.1474623207e-02 -1.1026382391e-01 1.9238387692e-02 -5.0472086061e-02 2.9166843030e-02 -5.5595019985e-02 -1.3430997034e-01 -1.6961011061e-02 -1.4692554637e-01 1.1626527634e-02 1.2279557571e-01 4.1148765529e-02 -2.9446609939e-03 -5.9387429079e-02 5.8979421957e-03 7.0820037422e-02
-2.0157168713e-02 2.5358030379e-01 2.2304883839e-02 -1.5166587476e-02 -6.0846407202e-03 1.4004266911e-02 2.7839079766e-02 1.1145803951e-01 1.2949408093e-01 2.5596736991e-02 1.0170939668e-02 -8.4722945496e-02 8.6250529212e-02 -1.0552409540e-01 6.0889226838e-02 1.0130075095e-01 -3.1504824452e-03 -7.6331265807e-02 5.9602590082e-02 -1.4641629667e-01 1.1147089443e-02 -3.8272199385e-02 -2.6826173710e-02 -5.3140398235e-02 -7.0825842426e-02 -2.8480614118e-02 7.2037765510e-02 4.8951064335e-02 -9.1648916052e-02 3.7218317674e-02 -4.8838312800e-02 1.4961016211e-01 2.0060363325e-02 -6.0667270728e-02 -2.8416575932e-02 -1.6562752164e-01 -7.2227761475e-02 5.1597688395e-02 -1.6232250604e-01 -1.4586633925e-01 -1.2856066737e-02 3.2094885931e-02 -2.9642421344e-02 -3.3758713023e-02 -1.6703209622e-02 -7.2025680918e-02 -8.9800463898e-02 1.1637653534e-01 -3.5058850166e-02 5.8494368440e-02 6.8137987828e-03 1.4589464830e-02 -1.0113371573e-01 -4.9601192891e-02 -6.6336480996e-02 2.2090183230e-01 1.1037353369e-01 -6.4512810026e-02 4.5165160459e-02 4.1500424139e-02 -1.3775545783e-01
2.3609585297e-02 -1.8496680826e-01 -1.9898048531e-02 5.1677244109e-02 5.7523891876e-02 6.6224716340e-02 -9.5734729964e-03 -1.1516419780e-01 4.7959188805e-03 -6.2510604287e-02 1.8376173782e-02 -3.5762958412e-02 3.9927053732e-02 -3.7739623351e-02 -8.7425681839e-02 -4.4916930341e-02 7.5578476511e-02 3.9541719497e-02 2.1172103661e-03 1.6617251184e-01 9.4351561004e-03 -1.2345185811e-02 -2.2795737302e-02 1.1809782832e-02 -1.5478199041e-02 1.9651907717e-02 4.8028568271e-02 -2.7786600925e-02 7.2263898610e-03 3.3462418908e-03 9.8083471768e-02 -8.9504580719e-02 4.2861411868e-02 -5.2570349077e-02 -2.4463886659e-03 3.9093558478e-02 -1.2055895071e-02 3.7132577160e-02 8.3494725443e-02 2.4291803745e-02 -1.0329892789e-01 1.4540215392e-02 -7.9567386116e-02 -1.3821237797e-02 -8.0884620729e-03 -6.9383879838e-03 1.0631735162e-01 -3.6356890869e-02 -7.0957123757e-02 6.0021230302e-02 3.6889975659e-02 -5.7186840477e-02 1.0906285043e-02 7.5527025887e-02 4.6066544922e-04 8.0622839622e-02 -1.2873464712e-01 -6.9266646313e-02 7.3093213713e-03 2.0900326410e-02 -2.2213045185e-04
-3.3907098670e-02 2.8236911649e-02 6.5645209974e-02 -2.9828950985e-02 -3.4286373441e-02 -6.9111992460e-02 1.2971856069e-01 9.6792722794e-02 3.6718374557e-03 -4.1483146871e-02 -4.7087215714e-02 1.7608181534e-02 5.2562663312e-02 -4.3147877423e-02 -9.2209106662e-02 8.4053794506e-02 -5.5508875717e-02 3.1038322223e-02 -8.7149379654e-02 -6.9165661252e-02 2.9822942048e-02 1.0438795036e-02 1.2896530197e-02 -1.7282203349e-02 -2.5973153992e-02 1.3441323378e-02 4.1531889663e-02 8.2785779746e-02 1.1997726722e-01 -6.9216279773e-02 9.3851018336e-02 3.6907750644e-02 7.0004842022e-03 -1.1843571491e-02 5.7792917947e-02 1.2633989252e-01 -1.5010238688e-01 -2.7625261295e-02 -1.2729837416e-02 1.5571134463e-01 -5.4925338690e-02 5.1239464685e-02 1.0277886792e-01 -1.5639724480e-01 2.2801181266e-02 -8.4806328668e-02 -6.0591144427e-02 -6.3515754137e-03 -3.3527796980e-02 -1.6639443402e-01 5.0639925432e-03 -9.2412584825e-02 -1.5613011686e-02 -1.6391696698e-01 6.1542927978e-02 -2.1027285536e-02 -1.1737746148e-01 -1.2048010831e-03 5.0644068900e-02 7.9129001122e-02 -1.0193005980e-02
3.9672669819e-02 1.5657545714e-02 -5.4060589901e-02 -6.9698307298e-02 -1.0999177145e-01 -1.1512410484e-02 3.3692677100e-02 3.4117716211e-02 -1.1761619769e-01 5.9291644425e-02 7.7723519391e-03 3.7370325914e-02 2.0077182810e-02 8.9675524452e-02 1.4489636898e-03 -9.3053285380e-03 -1.3096078791e-02 -6.4797095873e-02 6.4120067763e-02 1.4855004530e-01 -1.5822403765e-02 1.3561475404e-02 -3.4645923280e-02 -6.8439664001e-02 1.1907044947e-01 -1.2770003309e-01 2.0394876580e-02 8.6673868429e-02 -5.7880738474e-02 3.4553501811e-06 -4.0713375691e-02 2.5795678749e-03 3.6437192910e-02 -9.4010657317e-03 -3.6399311215e-02 4.0542308877e-02 -6.9289186054e-02 -3.8715757568e-02 -5.4842200866e-02 1.6477850865e-01 -5.8619742722e-02 9.9890517501e-02 1.9313484611e-01 7.4785269185e-02 2.6468209819e-02 2.6406790361e-02 -2.2612576666e-02 -1.5256941091e-02 -6.8624289697e-02 5.7976500901e-02 1.0878352724e-01 -4.0628682548e-02 9.6134937765e-02 7.4671597774e-02 -4.3151840170e-03 1.4038170722e-01 -1.0267217013e-01 -1.6822815500e-02 -6.4421494490e-02 -1.1066009694e-01 2.5989161425e-03
2.5782700050e-03 6.0251272091e-02 -5.3914639588e-02 1.8545040476e-02 4.4604615829e-03 1.3111535746e-02 -1.4545193373e-02 -4.9884877751e-02 -7.3945155265e-02 -9.1336834917e-03 4.9530178035e-02 -9.5062657571e-02 2.3208875334e-02 -6.1173765127e-02 -2.7171139556e-02 -3.1065280077e-02 -9.8675206973e-03 -5.1043674956e-02 -9.1571139358e-02 2.1018305631e-01 -8.0088924859e-02 -1.1765386549e-02 3.2141619154e-02 5.4510834667e-02 4.8891024537e-02 4.0498288253e-02 -7.3699535833e-03 4.3814314107e-02 4.7258856444e-02 -4.8588791646e-02 -1.7610268251e-02 9.6867128682e-02 3.7958847243e-02 -1.4385561118e-02 -1.0025788955e-02 -4.9499352501e-02 -3.9007530084e-02 1.0027718001e-01 7.6622246639e-02 5.3350532676e-03 6.4574751120e-02 2.5852716823e-02 8.0319405762e-02 -4.5249320461e-02 7.2244680635e-02 8.8733877337e-02 5.1472282613e-02 1.0987652780e-01 4.9755600480e-04 1.3695882559e-01 3.3172164012e-02 -2.6146681420e-02 3.7136357528e-02 -1.1173639600e-01 -4.2269606203e-02 -1.1204857960e-01 -9.7117508007e-02 3.4695663233e-02 1.0287457640e-01 1.1611798565e-02 2.1866792242e-02
5.5162499377e-03 3.1829337572e-02 3.8072349400e-02 1.3634002861e-02 2.3062055756e-03 -3.7427896923e-02 5.2109598744e-02 1.6776791879e-02 8.9320887134e-02 -3.2157979029e-03 -2.7563597886e-02 -2.2371671619e-02 -1.8369646436e-02 -4.4188586711e-02 -3.0960581326e-03 -2.5033319931e-02 2.4429045677e-02 2.8538926760e-02 -5.2172867943e-02 -1.0046198426e-02 1.9153875007e-02 -3.4353648719e-03 -2.1004766647e-02 -6.8395003948e-03 -2.8795745331e-03 4.7248535540e-02 5.4495107093e-04 -1.0912228195e-02 7.4843958810e-02 -1.0306216581e-02 -5.0089840632e-03 -4.4984323576e-02 4.3913449765e-02 -7.1233123938e-02 5.2373582430e-02 5.6085669521e-02 3.0549741020e-02 -1.7917010159e-02 7.3310508147e-03 -7.3246661770e-02 -1.9527771674e-02 3.3244134775e-03 -4.8264904050e-02 -7.3837212205e-04 6.1194196680e-02 1.1425681268e-02 5.4027590175e-02 -5.6543268086e-02 -6.0732132787e-02 5.3532583666e-02 9.5099464626e-03 -1.2139690409e-02 1.6503485877e-02 2.6442378169e-02 -5.4980288172e-02 2.4465133266e-02 -1.0668088865e-01 -8.0368053855e-02 -6.5877474291e-03 6.2590778081e-02 5.0077991938e-02
5.4682186241e-02 -9.5461081039e-02 -1.5389619909e-02 -4.8395673407e-02 -1.5810460937e-03 -2.5936173119e-02 -9.0392947045e-02 1.6063634660e-03 -3.4406060292e-02 5.1044881121e-03 -4.0576231231e-03 -3.0684111111e-02 2.6420618745e-02 4.9026972543e-02 2.7862005334e-03 5.5248922897e-02 1.9891802854e-02 -1.9231701978e-02 1.6114487424e-02 -1.9680360901e-02 4.0710270611e-02 1.3479241784e-02 -3.8697994864e-02 3.7236669666e-02 5.9683818910e-02 -6.3212444299e-02 -3.2138154498e-02 4.3920382522e-02 -5.9870088040e-02 -4.5373995299e-02 2.3612152965e-02 -8.3485729000e-02 -5.5929220582e-03 -5.0385045587e-02 8.0418584035e-03 2.8183831924e-02 4.9684564455e-02 -3.1083713613e-02 1.8444668757e-02 2.8171626772e-02 2.0754188989e-02 9.2761066276e-02 -7.3972358788e-02 1.4077492533e-02 1.7186610726e-03 -4.2025363994e-02 -1.0702736892e-01 -2.6062242819e-02 -4.1251403676e-02 -3.3194964442e-02 -7.6676889225e-03 -1.0032691172e-02 1.9722021008e-02 -4.8521191675e-03 -4.8371093653e-02 4.4407213694e-02 -4.7248323770e-02 -3.7018403898e-02 1.7453288684e-02 2.2204089090e-02 -3.9169473097e-02
1.8738226707e-02 -3.6039760122e-02 -3.8824402688e-02 -1.4479388087e-01 -9.1585117666e-02 -4.5780534156e-02 5.6564260659e-02 -3.8833967247e-02 6.2975405816e-02 1.0066893136e-01 1.5347148037e-02 -1.9881804646e-02 -2.7502884624e-03 -1.2654851873e-01 7.7452817550e-03 3.4380917790e-02 -4.2661784855e-04 -5.0725553372e-02 1.7261024119e-02 1.0317402357e-01 -1.9200731068e-02 4.6565094841e-02 2.3798635240e-02 7.8270386042e-02 1.2123939539e-03 -1.0459955431e-01 2.5635184601e-02 5.4202873391e-02 8.3442280360e-02 1.0111889945e-01 2.0518891733e-02 -6.2746467516e-03 4.2375891213e-02 -4.3483765247e-02 1.7822782911e-02 -3.0154567986e-02 -7.4295690288e-02 6.6762553867e-02 2.7276371423e-02 8.2703400097e-02 -6.7798026536e-02 -6.5571916355e-02 -1.5559930730e-01 -2.5371337764e-02 -3.4689728388e-02 -7.3911329737e-02 6.5155362504e-02 2.5000744784e-02 1.0027415885e-03 5.0780156191e-02 -9.8539782743e-03 -1.0755471679e-01 -7.8423776617e-02 1.7658309189e-02 4.5977684395e-02 -3.7275954683e-02 9.0744419010e-02 -6.3260065294e-02 -6.2331766429e-02 -3.2508686018e-02 -1.6953986819e-02
7.8276690188e-03 -7.4299712640e-02 -1.4089015540e-01 3.0249718223e-02 1.6106091296e-02 -9.7671687973e-03 2.4060129077e-02 1.9117433447e-02 -4.6649147279e-02 -8.7165839832e-02 1.1596104623e-01 2.0069181952e-02 -1.0056700291e-02 -2.9280199902e-02 2.9992259981e-02 2.8778531138e-02 1.4998231140e-02 -3.9743852204e-02 -7.1163857659e-02 6.9759187471e-02 3.8548098181e-02 5.8368947170e-03 -3.3321927765e-03 7.0315169355e-02 5.8804905952e-03 -1.3449218557e-02 -1.5736999349e-01 2.4036007564e-02 -7.3041058810e-04 -3.7351838495e-02 6.2588542748e-02 -8.8673262282e-03 4.8602263284e-02 5.4407032494e-02 -4.9575845670e-02 2.9474724856e-02 -2.2540924009e-02 9.4756587505e-02 -5.4271431097e-02 9.3761136715e-03 -2.7912064407e-02 1.8497730613e-02 -8.9549555546e-02 -5.0817286541e-02 -3.2939858083e-02 -1.7758093594e-02 5.6451613584e-02 -2.7005330393e-02 -1.3816612647e-02 -1.1242230636e-01 -2.6112558735e-02 -8.5892708487e-02 3.6887041381e-02 7.0122313536e-02 7.2128174040e-02 2.3872450137e-02 -5.1318323852e-02 -6.0488633097e-02 7.8190591359e-03 1.6844357702e-02 -4.5071146648e-02
-6.7955768014e-02 7.1963193838e-02 1.5432744662e-01 7.3776212900e-04 1.3053372332e-02 2.7945558508e-02 2.8242776311e-02 9.1313342112e-02 -7.3637824343e-02 -3.4875236104e-02 1.1733860749e-02 1.6807411585e-02 -1.0731232287e-02 -4.4185292234e-02 -1.0146139206e-02 -3.2380084927e-02 1.2934803194e-02 1.0030455232e-01 -3.1184290656e-03 2.7086530715e-02 2.1716677569e-02 1.0871966912e-01 -7.5119027968e-02 7.5043516763e-02 -7.0704400496e-02 3.0531759200e-02 3.3615789601e-02 -1.6090235936e-01 -2.0449156361e-02 -9.5670898195e-03 3.5540284031e-03 -2.5641585188e-02 -4.8504055327e-03 -1.1402466331e-02 2.5645652034e-02 -3.7983036628e-02 -7.0927203549e-02 -1.3803870684e-01 -4.6966155625e-02 -1.8719814663e-01 -6.7572527555e-02 5.2847715726e-02 3.3482536644e-02 5.6146968778e-02 -1.1752263708e-02 -5.7916162006e-02 6.6335701208e-02 1.2243046052e-01 6.5017115019e-03 -2.6220451656e-02 4.9121207966e-02 8.1446568251e-02 -5.2210881032e-02 -5.6907073906e-02 2.2413918379e-02 -4.6258959065e-03 2.5862905179e-02 -5.8130758837e-02 2.8689751341e-02 -1.5212932576e-04 5.2242904184e-02
2.1477230935e-02 -7.9066416494e-02 -6.5742780340e-02 -1.2390675247e-02 4.0417267813e-04 3.8188597841e-02 -2.5493817240e-02 1.5244091980e-02 -4.6067187666e-02 -1.0374448267e-01 -2.2581997757e-02 -1.8017529442e-03 1.9063009756e-02 7.4773489081e-03 -5.1874678867e-02 2.9076377636e-02 -2.2529520200e-02 -3.6299916541e-02 -5.2838018981e-02 1.2367275773e-02 1.2487033506e-02 -1.5899517841e-01 2.3132789997e-02 3.0571700323e-02 -2.8609309628e-03 -1.4562048738e-02 -5.8549126721e-02 -3.1129806079e-02 1.0302446604e-01 -1.2305171215e-02 -3.2366887215e-02 -1.0774248465e-02 2.0260876023e-02 -1.0149315561e-02 1.0420191009e-02 -1.3971094338e-02 2.8857333735e-02 -1.5211824779e-02 4.7700948924e-02 1.8827223245e-02 -9.0175801838e-03 1.2210470476e-01 -3.8822321254e-02 5.5852315284e-03 3.4768269253e-03 5.1936507116e-02 7.1111516251e-02 1.0187699665e-02 -5.2880941000e-02 2.5398690329e-02 1.6464665914e-02 -5.1957068121e-02 -2.2485593512e-02 5.9210599906e-02 -3.6874487936e-02 -3.0438072438e-02 -1.7164108389e-02 7.5970417203e-03 -7.3387322541e-03 -2.3235299046e-02 5.3668021371e-02
-1.8483987536e-02 -4.0566152523e-02 -1.1507338823e-02 3.0412859347e-02 -3.2460351809e-03 7.6492691927e-02 2.9636256821e-02 5.4129910832e-02 -1.3250798534e-01 -2.7741587521e-02 -7.3887509220e-03 5.6653624649e-02 8.2645372072e-02 -4.6169591883e-02 -9.5102799070e-02 5.6358120990e-02 2.8301909499e-02 2.5284480613e-02 1.6720021646e-03 -5.0902508826e-03 -8.4500735307e-02 8.8732428567e-02 2.8466310212e-02 7.9835975696e-03 -4.7432703864e-02 -8.3006114179e-02 -2.0163150053e-02 9.1430258309e-02 7.6044912674e-02 3.0377932026e-02 -3.9610573319e-02 2.9630484648e-02 -7.7992203671e-02 -2.3923039021e-02 4.5286549502e-02 -3.7791320850e-02 5.1364583211e-02 -2.2909659975e-03 7.3384665521e-02 7.7708921502e-02 4.2869115517e-02 -4.4266125610e-02 6.2358847641e-02 1.1575950628e-01 4.0275708962e-02 -5.0780724462e-02 -1.8382522527e-02 -1.1536093650e-02 4.1848072259e-02 3.7053730369e-02 -1.0460035518e-01 5.8206861133e-02 -2.7990518388e-02 -1.8411282589e-02 6.7894684641e-02 -1.0923630710e-01 -2.6944296357e-02 -1.5518317676e-01 7.1244749353e-02 1.7384386388e-01 3.7215456650e-02
1.7450352015e-02 1.4131265177e-02 6.4402825583e-02 -7.3208938456e-02 3.6152307472e-02 -1.7121286760e-02 4.2642576222e-02 7.3722475687e-02 8.6686398497e-03 -1.4725271449e-02 5.1976735949e-02 5.0286944061e-02 -3.2185138380e-02 4.3662903485e-02 -3.5391257558e-02 3.1398171151e-02 2.4294655390e-02 -1.8996765279e-02 -4.3911204007e-03 6.1950584863e-03 1.2130205177e-02 -7.0559649777e-02 -7.9741940954e-02 -2.9791610103e-02 4.5847718839e-02 3.8371008501e-02 1.2609431884e-02 -6.5282544200e-03 7.2421916044e-02 -1.0909942630e-01 2.3958843771e-03 -3.3754143461e-02 -1.8740698937e-02 2.9626802345e-02 7.0117599729e-03 -5.0141197048e-02 -7.7617708117e-02 1.9556371499e-02 -8.4123107092e-02 1.6957963450e-01 -6.0661162675e-02 2.0958850587e-02 3.8371449563e-02 9.5320985790e-03 -9.1999603002e-02 -1.4766077701e-01 3.8144238539e-02 2.1018340703e-03 1.5184259057e-02 -2.8944321199e-02 1.0348420422e-01 6.2131105247e-02 -1.1061148330e-02 5.8991303461e-02 7.7354111668e-02 -4.0798352865e-02 2.8904347631e-02 -3.7391947831e-02 -1.4253916699e-02 1.7819456009e-02 -8.1379415640e-02
-6.1019492481e-02 -9.4435705759e-02 -4.0509717092e-02 2.6447560082e-02 -3.9988066899e-02 -8.8295801304e-03 -2.1566761390e-02 2.8146457443e-01 1.5466175114e-01 -5.9258520263e-02 4.6046808199e-02 8.8905422704e-02 5.0846943298e-02 3.4545258751e-02 7.3114497388e-02 -8.2441143254e-02 -4.3032544772e-02 5.0690335328e-02 -3.4413930094e-02 -3.0298408182e-02 2.3439010578e-02 -9.3325056926e-02 6.3120158210e-02 -1.3881858603e-02 1.5069962011e-02 1.8772282628e-02 -2.9711235551e-02 2.4698316986e-02 1.3958117222e-02 9.7131443308e-04 5.0776056393e-02 -1.6049398501e-02 -8.2950047698e-02 1.1585816711e-01 -6.1541311270e-02 -1.2031514106e-02 -5.3183813607e-02 -5.8789977534e-02 7.5737754938e-02 -1.7966728432e-01 -6.6350968216e-02 7.0968501802e-02 -5.2248160830e-02 2.1335233275e-02 -2.1851052914e-02 5.2789455064e-02 1.2087688723e-01 -8.8065636493e-02 -8.3462631050e-02 3.3530299727e-02 -4.0733931302e-03 8.6586364734e-03 3.3978539575e-02 5.7751997419e-02 -5.4943830368e-02 1.4474033486e-01 -3.6491462782e-02 -1.5329725546e-01 -1.4346736228e-02 -3.4575920870e-02 2.0388505656e-02
9.1695626849e-02 -4.2787990542e-02 -1.0500229118e-02 5.6745562738e-02 5.1775306995e-04 5.8473436134e-03 3.2287516371e-02 -5.6402027085e-02 2.7652735144e-02 -2.5093730190e-02 4.0666115346e-03 3.2566305844e-02 5.0054100336e-02 3.0831795192e-02 1.2492913792e-01 -7.2775447399e-02 9.1797270389e-02 6.7762507184e-02 -2.2929740543e-02 -3.8732030358e-02 1.3941046038e-01 6.5615994916e-02 -1.2006017922e-02 1.9836886204e-02 2.0260606488e-02 -5.9587314611e-02 6.8073688678e-02 9.7206538528e-02 6.2234129723e-02 -6.4849339745e-03 6.9803268834e-02 -6.3365455712e-02 7.4270198589e-02 -3.1434603351e-02 4.6671746310e-02 -2.2865180216e-02 1.3924402513e-02 1.0446810793e-01 -5.2789151939e-02 1.1097375968e-02 4.3471765929e-02 6.8907258942e-02 -5.1051421380e-02 -1.3145138641e-02 6.4074713489e-02 1.8851221970e-02 -4.6720541216e-02 2.5074552682e-02 5.1323082405e-02 2.5704540414e-02 2.8479814965e-02 -4.3822100606e-02 -6.9233036213e-02 1.7139575592e-01 1.9281784113e-02 -1.1526093123e-01 -2.0100845300e-02 -3.9637954273e-02 -1.0737927187e-02 4.8254026027e-02 -9.9150053598e-02
3.3603822928e-02 -4.6484934681e-02 -1.0935038609e-02 -5.6088460221e-03 1.9172059804e-02 3.9509094205e-02 -1.7859048497e-02 -4.3801478390e-02 3.8542368880e-02 -2.7529305933e-02 1.0812424537e-01 -1.2160802050e-02 -4.9891436166e-02 -8.2608000239e-02 2.9801008317e-02 -4.8404770696e-02 8.4281793956e-02 -1.6069251814e-02 1.5857292208e-03 3.7005823335e-04 6.3913546371e-03 -7.3680137438e-03 -2.8204396860e-02 3.0163360080e-02 2.3048740643e-02 -1.2539219485e-01 -4.0243780192e-02 4.6738592777e-02 -2.2505614311e-02 9.6872802331e-03 -4.4888693044e-02 -1.8068497098e-02 -2.3651604710e-03 1.7812392677e-02 -3.1030095554e-02 -1.0602022304e-02 4.5205359426e-02 1.7952672894e-02 2.0604137207e-02 8.6466251203e-02 -1.6416722202e-02 1.0900556377e-02 -5.4056494095e-02 -4.2165545524e-02 3.4735462155e-02 3.1436168259e-03 1.0054898611e-02 -1.4919431578e-02 3.5991327014e-02 -1.5728795649e-02 1.5143597499e-01 -4.6693661909e-02 -1.5547813459e-02 -3.2493098631e-02 -2.1967378888e-02 3.8969971055e-02 1.3816924777e-03 2.5747343085e-02 1.1616503105e-05 2.5435828244e-02 6.9208400819e-02
2.5176493474e-03 1.7159381393e-02 3.4088596868e-02 -5.3424327214e-03 9.8194687778e-02 -9.4963860518e-03 -1.9990264353e-02 2.3599136379e-02 1.8084935556e-02 1.3373818944e-02 -4.9209958891e-03 2.5272628744e-02 -4.6031142708e-02 -1.1752715543e-01 -3.5483395261e-02 -1.6438487231e-02 1.7380993032e-02 -2.7059414162e-02 8.0329786451e-02 8.2291894962e-02 1.6617199087e-02 9.0583086528e-03 7.0946532808e-02 -4.1373166835e-02 -5.1125013742e-02 -2.0574999661e-03 -3.2974949133e-02 -3.4020282636e-02 5.0673567841e-02 -8.0991798510e-02 3.1779863347e-02 -1.2230577339e-02 -7.2451021776e-02 -3.3603659824e-02 1.1069906534e-01 9.0048649252e-02 2.6166757251e-02 -9.4143542796e-03 7.8085642872e-02 -2.2541409083e-01 2.0443787868e-02 -5.6270022583e-02 3.9447339725e-02 -3.4706879515e-02 -2.9704635320e-03 -4.0405391184e-02 -1.0125781592e-02 1.8683445548e-02 -4.8755637330e-02 6.9040712172e-02 7.4575026407e-02 -7.4619643303e-02 -9.9336532550e-02 1.2555961824e-01 -9.6028847311e-03 6.2773718797e-03 2.7164358837e-02 2.5574739284e-02 7.4780352357e-02 -2.3367667225e-02 -5.7848342228e-02
2.4007122276e-02 3.4961993978e-02 -3.1832144515e-02 -4.4348483379e-02 -6.7544935808e-03 2.3454004553e-02 1.4014507387e-02 -4.6546247594e-03 -5.6317243807e-02 -3.0695076186e-02 -5.9641850105e-03 -2.0783340745e-03 3.2008034405e-03 -5.4764222631e-02 6.2801789435e-02 5.3435286365e-02 8.5517160456e-02 7.8897621616e-03 -1.4273873745e-02 -7.2250471554e-02 -2.1310190657e-02 -3.5425858003e-02 5.6638486669e-02 1.7251882026e-02 -4.8214745847e-02 -3.4038758301e-02 6.5176608287e-02 -2.0627547755e-02 -1.9864649133e-02 2.6592441657e-02 7.6923738486e-02 -1.4930114414e-01 2.7812125949e-02 -1.9839411828e-02 4.3026838411e-02 -2.6653120033e-02 1.7945647190e-02 -1.7561281841e-02 4.4808256973e-02 -4.8835102343e-02 1.3680725308e-02 -1.8533895088e-02 -4.1494742312e-02 3.7902180964e-02 -3.1867935464e-02 -2.8184817763e-02 3.3744884915e-02 -6.9843284953e-02 -1.3505301385e-02 -8.4042932102e-02 -3.1805104898e-05 -1.3837645220e-02 -4.9775814353e-03 -1.1294201555e-02 3.7565728046e-02 3.6147039472e-02 6.8582846074e-02 4.8113611289e-02 -8.1414707776e-02 -3.8642003583e-02 3.6081849876e-02
8.2156010706e-02 6.2432575518e-02 9.7341077474e-02 7.5362745814e-02 6.5657448317e-02 2.9493106626e-02 6.7772645467e-02 1.0597646913e-01 -2.1501708348e-01 -3.1441230307e-03 -4.8111272914e-02 -1.2520246088e-02 7.9256182494e-03 -8.3715587922e-02 1.0166379981e-01 1.0443309432e-02 1.8970175771e-02 1.2451620080e-01 1.1622935251e-01 1.2336208554e-01 5.2374104192e-02 2.8186618995e-02 -6.6301368241e-02 1.2485087489e-01 -8.6054745763e-02 -4.6242013406e-03 -4.0522556706e-02 4.5486026205e-02 4.1071491236e-02 -7.0177303205e-02 -6.3618105215e-02 1.4698371536e-03 -1.3608217882e-02 2.4155023337e-02 7.8453574120e-02 -1.0887400607e-01 -1.2582914527e-01 -9.0474406168e-02 4.4683532205e-02 -7.1764716109e-02 5.4931027614e-02 -1.4881077678e-02 -1.7005477519e-02 6.0345106420e-03 6.3385249276e-03 1.6658914882e-01 6.1483478519e-02 -8.5912394150e-02 -4.5124073806e-02 -1.0486202084e-01 -5.4987905044e-02 9.0338408601e-02 -5.1775015819e-04 3.3802778377e-02 -8.5240504985e-02 -1.0802359794e-01 -1.0129718445e-01 1.2512924855e-01 -5.6659774661e-02 -1.4048084670e-02 1.8028727975e-02
9.2215675056e-02 1.6457559927e-02 1.0255216721e-01 1.0328603482e-01 -2.6784169601e-02 -6.4832727256e-02 5.9591631404e-02 -4.1461566116e-02 6.2391173238e-02 -3.4664847296e-02 5.8528577952e-02 -2.7237510809e-02 -4.3868159776e-02 -7.7298236537e-03 5.5050422702e-02 -2.6875668467e-02 9.3557049370e-04 5.9383972008e-02 5.6847190140e-02 -7.0701994125e-02 -1.6582743886e-01 1.5687703107e-01 1.8674374855e-02 -1.9175553209e-02 1.3630585455e-01 -4.7927658040e-02 -6.6794575074e-02 -3.3443142698e-02 -3.7235532564e-02 1.1108483048e-02 -1.9013529080e-02 4.5263550006e-02 7.5308841609e-02 -5.5696260424e-02 -4.3554319319e-02 -4.2524442176e-02 -3.2056416553e-02 -6.6808147845e-03 -1.4717300979e-01 1.8597726537e-01 4.2862121005e-03 -2.4497169329e-02 1.1847734434e-01 5.5029139769e-02 9.4429670960e-02 -3.7911413559e-02 4.3800995799e-02 -5.3204938706e-02 -7.2594332258e-02 -6.3511950606e-02 -1.7979565214e-02 3.5017556036e-02 -1.5329878721e-01 1.0181430745e-02 1.2980166019e-01 -1.3223330372e-01 4.2321995289e-02 4.2748138514e-02 -8.2350507118e-03 1.6368746860e-01 9.1859170851e-02
-4.6080258410e-02 1.2335012785e-01 -1.4508526471e-02 -5.5470499064e-02 -5.9809186635e-02 2.1908064733e-02 -1.5585796637e-02 -1.7289879591e-01 -2.6030323275e-02 7.0550523271e-02 -4.9966801966e-02 -8.8884286235e-02 2.1983999670e-02 -9.2738412356e-03 5.3448608611e-03 -2.8665359811e-02 -2.6377732668e-03 -6.6880541104e-03 7.5261178028e-02 -8.3026027246e-03 -4.1605638513e-02 9.7604369689e-02 4.0509793207e-02 -1.9851985046e-02 6.3777442978e-02 1.2924919045e-02 -7.5933510458e-02 5.6396316190e-02 9.7156813199e-02 -3.8818757195e-02 6.8156125661e-02 1.3142632221e-02 -6.1880979067e-02 -6.1100388693e-03 -9.0190788925e-02 -8.5371700772e-02 5.3911686073e-02 -5.8340863892e-02 -7.5208884587e-02 -2.7550739814e-02 -4.3022738181e-02 3.0007301814e-02 2.1809685936e-03 -6.2365615712e-02 1.0917153262e-01 -4.2939544829e-02 -8.6651566245e-04 9.3620543681e-02 -1.3003651452e-02 -5.1061107022e-02 -1.9030712958e-02 -7.2341899815e-03 -5.9339092494e-02 -2.8386992582e-02 -5.5889979761e-02 2.3926551812e-02 8.6563209340e-02 -2.6245178878e-02 -3.5631335983e-02 9.0314170598e-02 4.7309809324e-02
-5.4872860825e-02 2.6732289181e-02 1.1787618086e-02 3.8176020126e-02 -4.0609419852e-03 3.3056272524e-02 3.7108830775e-02 -1.8695981009e-01 2.1854817291e-02 7.0608185840e-03 2.3035060401e-02 -3.1181637480e-02 -2.7760011147e-02 -3.8039680829e-02 1.4583343686e-02 -1.7040705202e-02 1.8808215917e-04 8.7169796421e-03 -5.8463819516e-02 -1.5928680417e-02 -2.4401889408e-02 -5.8500081234e-02 8.8484078587e-03 1.8929792650e-02 5.0181747242e-03 5.9555244570e-02 4.4792386184e-02 8.2020174898e-02 1.4357193203e-02 -4.3071397548e-02 -5.8074226430e-02 -4.5425072581e-02 6.1243380031e-02 -2.2528483674e-02 2.3682476968e-02 3.8915621884e-02 -2.0274460356e-02 -1.0356600152e-01 -1.4665186632e-02 1.2543221400e-01 1.8456895752e-02 -2.1373797319e-02 9.6335437786e-02 -7.0230032294e-02 -4.4680463083e-02 -5.5566747591e-02 4.1419241351e-02 1.8983980706e-02 7.4329669231e-02 -7.4185771897e-03 -1.7973490947e-04 5.9885417550e-02 -1.0815497997e-01 -4.2766539794e-02 2.2814324588e-02 7.2290974467e-02 6.6872976088e-02 -7.4289241310e-02 3.8373192697e-02 -3.3545822416e-02 -1.0827998230e-02
4.0244441886e-02 2.7928755604e-02 2.4756329376e-02 -9.8006561725e-02 3.4867189248e-02 -6.3040619829e-03 5.0536821010e-02 6.1568656416e-02 -4.9391603884e-03 1.8428108977e-02 -1.1278211638e-01 3.8838754779e-02 6.1130141616e-02 8.6472192837e-02 -5.6295352291e-02 4.9590840965e-02 -1.2119570330e-02 -1.3957179035e-02 1.1565401484e-01 -1.1931076305e-01 -1.3826294140e-02 -2.5103900513e-02 4.2511633752e-02 2.7162266805e-02 6.8465883133e-02 -2.5256442559e-02 -8.7924339638e-02 -3.5682602459e-04 -1.5661632294e-02 -2.3721107262e-02 4.5039374978e-02 3.4782249391e-03 6.6115452918e-02 2.6924393750e-02 -1.0649271445e-02 -3.3382722629e-02 -5.5091062133e-02 -7.0772183327e-02 -1.8192433989e-02 -6.2665665811e-02 -1.7852628979e-02 -7.0297055075e-04 3.8839381356e-02 5.5108035076e-03 1.4726458328e-01 -3.2566412621e-02 -2.3923207277e-02 4.4066639313e-02 4.4354348070e-02 1.3221739402e-02 2.9071331690e-03 -2.7203376632e-03 -3.0513055458e-02 -3.7666675323e-02 -1.7945452595e-02 3.8223655243e-02 -2.0842779873e-02 -3.9064506700e-02 5.9298929618e-02 -3.2352970690e-02 -1.7722449011e-02
2.9688639213e-02 -2.0281014149e-02 7.3449721358e-02 6.1963279701e-02 -8.3923821635e-03 -4.1507857646e-03 -4.5383775983e-02 1.4671903860e-01 -3.2652037451e-02 2.0864371499e-02 2.9263016342e-02 6.2820724740e-02 5.3474291239e-02 -1.3131492170e-02 4.0396268918e-02 6.4577608140e-03 7.3804994363e-02 4.0236305102e-02 -7.7611450746e-02 4.7459925711e-02 4.5245081417e-02 4.5332558784e-02 4.4510402674e-02 -3.1889447056e-02 3.1747954583e-03 2.3746883861e-03 -5.6303115335e-02 -9.6521978211e-02 -4.4144700333e-02 -7.2263210372e-02 -1.8014056775e-03 -1.2471783257e-02 -1.7142074901e-02 4.0234806518e-03 -4.2673862791e-02 -1.2370438055e-02 1.9972203527e-02 1.0725741224e-02 4.5600398317e-02 -1.5133023021e-01 -1.0175210380e-02 -5.5171077002e-02 -3.9489374558e-02 -4.7025476467e-02 1.8023895257e-02 -3.7053043302e-02 -1.1568260915e-02 7.5540505713e-03 3.1206778861e-02 5.6263055778e-02 -5.2335165784e-02 4.8416663537e-02 8.2241388927e-02 9.0803840991e-02 1.1584962707e-02 3.0116243833e-02 -1.0598070754e-01 3.0521732872e-02 2.1592764905e-02 1.9931171998e-03 -2.3018983023e-02
-5.7239651620e-02 1.0994214575e-01 2.2692721101e-02 -5.3672612113e-02 8.5715523420e-02 4.3224932153e-02 8.0389032178e-02 6.3768668673e-02 -5.3822403441e-02 -3.3547615723e-02 1.5728137565e-02 4.9510957743e-03 2.8934579957e-02 7.8262972332e-02 -8.1219638043e-02 -4.7254512772e-02 5.2429523386e-03 1.1674801486e-01 -7.8580816427e-02 -1.7151861133e-02 -4.6491258600e-02 -3.7804989082e-03 6.3019488841e-02 -8.9804930029e-02 2.5780107369e-02 3.9325042316e-02 -7.5005225443e-02 -2.2247247717e-03 -5.0976946487e-02 2.1270726085e-02 3.5259613992e-02 1.0370788556e-02 7.6582318296e-02 1.1585420576e-02 -1.8544828313e-02 -1.7098316403e-01 -1.2449092654e-01 -1.3818231425e-02 -4.7008375892e-02 1.0932850125e-01 4.8538563909e-02 -7.1595255241e-03 1.4179761211e-01 5.2007290429e-02 4.1585340996e-02 3.9536759417e-02 -1.3089394312e-01 4.1981715419e-02 1.3198259264e-01 5.3030948355e-02 6.0143198104e-02 -4.6066607013e-02 -2.1805207081e-01 -4.5093382925e-02 -9.4474463093e-03 -8.0042543088e-02 -2.1778526493e-02 -1.7587453472e-02 1.0183256064e-01 -1.6184192827e-02 2.3848734651e-02
-6.8290282605e-02 -2.0692441304e-02 -5.8281725914e-03 -4.4324580264e-03 -2.8443312091e-03 5.2143175403e-03 8.7986853933e-03 -4.6854899100e-02 -3.1828752012e-02 -7.9564868809e-03 1.5539494757e-01 1.8387017892e-02 2.7078762178e-02 -2.3958783914e-03 -1.1554626674e-02 2.2856483922e-02 3.0276306129e-02 4.6524761742e-02 -1.6239444271e-02 -5.0749190237e-02 -1.4292532618e-03 -4.1981286733e-02 -1.4422431643e-03 4.8683358243e-03 -1.2686557811e-02 -3.7132750085e-02 1.6343374744e-02 -5.7598923067e-02 9.7321746224e-02 -4.4164171340e-03 -2.7571615282e-04 6.0480828487e-02 2.1575551430e-02 2.1077386129e-02 8.5308484036e-02 -2.8671136067e-02 -1.7166915041e-02 -2.6357769590e-02 3.1516810724e-02 1.3581792361e-01 4.2809213030e-02 -4.8389709339e-02 -2.6294295402e-02 -2.0122367679e-02 3.1651027432e-02 -2.9558841253e-02 -1.0545548998e-02 2.2150157550e-02 4.3459975230e-03 -4.7298952904e-03 -5.5950763592e-02 -3.1859196099e-02 1.4530916171e-02 -8.9122784356e-03 -5.4764675069e-02 4.0465589097e-02 -1.0159099252e-02 5.4796842676e-02 -3.6653627417e-02 3.4038127363e-02 -6.0318628555e-02
6.4231668311e-03 6.3877612426e-02 -6.4361567042e-02 -3.7884319582e-02 -9.1172180502e-02 -5.1921371258e-02 6.9890364813e-03 1.9964088578e-02 -8.7303405721e-03 -1.0137698899e-01 7.1253197137e-02 5.7838678291e-02 1.9911601748e-02 1.6459249040e-03 -2.1848571649e-02 -1.3134443827e-02 -8.0029857483e-02 -2.9917791315e-02 -1.1745146071e-01 1.0800557600e-01 3.9993152857e-03 -4.7405516982e-02 -4.9487248661e-02 -4.7653789754e-02 -7.3392121866e-02 -5.3926149382e-02 -8.2871319220e-03 8.3275271480e-02 -1.8097054920e-02 -8.9161546355e-02 8.8698337406e-03 -7.0560319106e-02 -9.9839150940e-03 4.2128560484e-02 -3.0105265152e-02 8.9352704240e-02 7.3668986096e-02 -6.6083284064e-02 6.4406886162e-02 -5.4687457636e-02 -2.4499507565e-02 1.9682703844e-02 -2.2916447162e-01 2.4806142215e-02 6.9848514848e-02 -4.0599545939e-02 4.3697664615e-02 -3.5880942306e-02 -5.1651757400e-02 4.2311457115e-02 6.1289328541e-04 -1.6252323630e-02 -8.2570205403e-02 4.4945475906e-02 -3.8346734772e-02 1.0112467145e-01 -8.6870641045e-02 3.5063879439e-02 5.2940379749e-02 5.4533985532e-02 2.2740323009e-03
-6.5131467860e-02 5.1587272386e-03 8.0809035359e-02 -9.3108741485e-02 5.6552677187e-02 -9.7012801477e-03 -5.1036060168e-02 -1.2438086427e-01 8.4294776108e-02 -9.0181904973e-02 9.1410433342e-02 8.3297830125e-02 -1.9102860368e-02 -3.5471127152e-02 -4.3114595992e-02 2.5844140991e-02 5.0497253501e-02 2.7239042882e-03 6.8480091099e-02 3.4374386148e-02 -2.8645060488e-02 5.4611072075e-02 6.2281942865e-02 2.3805987350e-03 9.5550116405e-02 1.8897206107e-02 1.8349612716e-02 -1.4169963340e-02 -5.8161213023e-02 -3.4319768019e-03 1.5805192956e-02 -2.1829989841e-02 2.6827392314e-02 -1.5954817547e-02 1.9708710874e-02 -8.0470322978e-02 5.4428919691e-02 1.0954647576e-01 7.0929400666e-02 4.5402111824e-02 8.9886767810e-02 3.0169869069e-02 -1.0040378341e-01 -9.5182118406e-02 5.3233534626e-03 -9.6039061205e-02 1.4451741637e-01 -1.2409000761e-02 -8.2693540276e-02 8.9337694558e-02 1.8933351881e-03 6.8777856138e-02 5.3111112740e-02 3.8961946713e-03 -6.7049289410e-02 -6.0817983482e-03 -4.6122520889e-02 -1.1088818043e-01 -1.8114132740e-02 8.9064262520e-05 -2.2852307897e-02
6.3555690740e-02 -1.4577285046e-02 -1.0732350313e-02 1.0218615824e-01 2.2798202174e-02 -1.7484134156e-02 -2.0510279030e-02 -2.2337240283e-02 -3.2662125712e-02 7.5021617456e-02 -3.3418867022e-02 -2.5626312905e-02 -2.1732623032e-02 6.2742272677e-02 -3.5104628651e-02 4.7988716568e-02 3.1690086256e-02 1.5672145143e-02 1.6315257674e-02 4.9928644946e-02 -3.0886466826e-02 3.0051973015e-02 3.6321985253e-02 4.1611293098e-02 -1.6722964149e-02 8.1472483986e-02 1.8469585282e-02 -3.4288466211e-02 3.6349448109e-02 1.7119731199e-02 -1.2439416083e-03 1.7828005613e-03 6.3088112181e-03 -1.1476715241e-01 -6.1910620225e-03 6.0191698281e-02 3.8376981153e-02 -8.3975167150e-02 1.8201767000e-02 -1.2791964361e-02 -1.0788326942e-02 -3.1794552683e-02 -1.3044605157e-01 -1.1633820814e-02 -1.8989970682e-02 5.0190027460e-02 6.9559105843e-02 -1.1039998757e-01 1.2790646182e-02 1.0283715149e-01 -3.0015236676e-02 -5.4123421140e-02 9.7901278371e-02 -1.9183094718e-01 -2.0325910834e-04 8.7205287158e-02 4.7901478646e-02 -6.4193208584e-02 -3.1701567035e-02 -9.6228759245e-03 -1.1112304377e-01
-8.9338896246e-02 1.9056372095e-01 -8.7422419428e-03 6.2431552410e-03 7.0873100945e-02 6.1028239597e-02 7.0265338317e-02 -7.3833234200e-02 1.8162803276e-01 7.8791321018e-04 -1.4405436645e-01 -4.3331677711e-02 8.0458473637e-02 1.0340892515e-01 -1.9883579913e-02 4.8918830721e-02 -3.7753016200e-02 3.0879958206e-03 1.1794251004e-02 -1.2165930341e-01 6.4259405494e-02 1.0652081003e-01 -1.2461430387e-01 -1.5390815785e-02 -1.9848551236e-02 -1.4426842016e-02 7.3190594359e-02 -7.0619378168e-02 -9.9638890801e-02 7.3796280845e-02 3.3890684401e-02 -1.3034766392e-01 3.9556312568e-02 -4.8180896258e-02 -5.6497672716e-02 -2.7372157363e-02 -1.5651186374e-01 -3.8030941630e-02 1.7082984468e-02 -8.0423168676e-02 -8.8079288006e-02 -1.0527196260e-01 4.2429545101e-02 2.2118881861e-04 -1.2814188984e-01 6.1566859819e-02 1.6891185585e-01 8.4143055717e-02 1.1294168241e-01 -2.5337046414e-02 -1.0144857809e-01 -7.4267091255e-02 5.9781813284e-02 -2.8555233810e-02 -5.6027106686e-02 -1.0537721106e-01 -9.5268977001e-02 5.7833529616e-02 -3.0117045631e-02 5.4172208948e-02 3.0538134835e-02
5.7014493261e-02 -3.3945399072e-02 -1.8230550278e-01 -4.9902007376e-02 3.2100542557e-02 -6.6925790265e-02 2.8747617643e-02 1.6622046336e-01 1.3768905049e-02 -2.7722279381e-02 -3.3429379822e-02 9.0480584888e-02 1.3678962121e-02 -6.4740927692e-02 3.1835575059e-02 3.7138914065e-02 3.1348999419e-02 1.0699569231e-01 -5.1270398190e-02 1.0643411129e-01 -9.7648343225e-02 2.1295802813e-02 3.1167177543e-02 -2.3162648089e-02 -1.2663096102e-02 -1.2695124832e-02 -4.3166168792e-02 -4.9578584295e-02 5.9703391446e-02 5.1685629691e-02 -7.9113228107e-03 9.0362706501e-04 -5.6401502368e-02 -6.0201229048e-02 5.3614283049e-02 -1.8948949457e-02 -1.2309521826e-02 -2.9907216798e-02 -4.7945952060e-02 -6.1447616126e-02 -7.5966304584e-03 6.0717069627e-02 -1.0840240068e-02 -3.2210553057e-02 -2.3600227478e-02 1.0591039464e-02 6.0377567664e-03 -6.6563565883e-03 3.0022652427e-02 6.9899218237e-02 -3.8906961989e-02 1.2755867410e-02 2.7829992376e-02 -3.4130773917e-02 -1.4283874240e-01 4.9995354100e-02 -3.4488151427e-02 -1.1100823678e-02 2.6983773800e-04 4.2235989528e-02 -2.1835206067e-02
-1.7419282905e-01 1.8365146364e-01 -9.0581978155e-02 4.6825025900e-02 1.1493550224e-01 -9.7464897194e-02 3.0973176568e-02 9.2780635003e-02 -3.7351375253e-03 3.6447874168e-02 4.6125677462e-02 3.4961017096e-02 -1.0675730913e-01 -2.8060565992e-02 -3.6337555446e-02 -3.5666103114e-02 -1.1828161414e-01 -3.1641080319e-02 -2.7879364512e-02 -2.9917059447e-02 -1.4577595887e-02 5.9206596961e-02 1.4371037476e-02 3.1621171187e-02 6.9355361080e-02 1.9064223378e-01 -8.5495578791e-02 -1.0595508148e-02 -4.7786169904e-02 -1.4894113531e-02 1.6764597997e-02 7.3436846255e-02 -1.3569097460e-01 6.5304650576e-02 3.2527575443e-02 -1.7010688985e-02 9.8001393028e-03 -5.5891300821e-02 -1.4105839625e-01 -2.7189555281e-01 -5.7369801338e-02 1.0891507314e-01 -5.0217900450e-02 1.4431670523e-01 -3.5055924936e-02 7.7439961090e-02 -8.5847567545e-02 -1.1073659463e-01 1.4983976060e-01 -4.6982656290e-02 4.7176508148e-02 -7.1323737558e-02 3.3256517553e-02 2.4495471474e-01 8.8794872141e-02 2.5162587253e-02 2.0607871398e-02 1.2567454899e-02 -2.1099557012e-02 4.3112314400e-02 1.3886871251e-02
4.2696167989e-03 2.3146082791e-02 -4.9204604357e-02 -5.4165793139e-03 -1.8350376570e-01 -9.3222147720e-02 1.2945996197e-01 -2.5895742915e-02 2.9335368796e-02 -3.1423380588e-02 -1.8518813472e-02 -8.9354895165e-02 -1.2113714261e-01 -1.4484737371e-02 1.3657334171e-02 6.6070089127e-02 8.6853891991e-04 -3.7330422519e-02 2.4183769155e-03 3.1032347615e-02 3.8597893039e-02 4.2654547702e-02 -8.9380550618e-02 -5.7300795838e-02 -8.7448804567e-02 -1.1110222802e-02 1.0151796375e-01 -8.4171731437e-02 -1.2755437498e-01 -4.6708533361e-02 -6.5684506112e-02 -4.7642986532e-02 -9.2376946109e-02 2.7427798932e-03 5.6184941405e-02 8.2240657088e-02 -3.5942131865e-02 -3.7840759734e-02 1.4067050132e-02 -1.1046477100e-01 -1.3559109865e-02 -3.7876404835e-02 -3.2207524252e-02 -1.9138250429e-01 -5.0318023947e-02 1.5948846175e-02 1.8107629403e-02 -3.5630664250e-02 7.7046511461e-02 -3.2545780546e-02 3.8102940252e-02 1.2885568707e-01 -2.3914025491e-01 1.0701503017e-01 -1.5157429185e-02 5.3740166275e-03 3.9838943061e-02 -8.8468430043e-02 -8.4363618695e-02 -1.0246830171e-01 1.1840989134e-01
9.6246001803e-02 8.0144448692e-02 -4.7990563954e-03 -5.4570015697e-03 -4.7028278421e-02 4.6688452180e-02 4.8615908865e-02 -1.0146040813e-01 -2.9185003327e-02 -4.8340564197e-02 -3.0619060043e-02 2.1046488324e-03 -6.6721686931e-02 4.2294523242e-02 -9.2909206867e-03 1.1904419544e-01 -1.0843222181e-01 8.0329002119e-02 8.9692486515e-02 -1.6887601053e-01 2.8037757308e-02 5.6694307200e-02 3.2627829457e-03 1.1048209802e-02 4.8972769151e-02 6.8645475887e-02 -2.5675151373e-02 -4.8248294868e-02 1.6932547718e-03 1.8570258509e-02 3.1892569420e-02 2.3466784135e-02 8.4668002674e-02 -4.5406945403e-02 1.0160819233e-02 -7.8985686689e-02 1.5537808782e-02 -1.6586493906e-02 7.6577204273e-03 2.8751513702e-01 3.3699987968e-02 -1.4452433780e-01 1.0700085305e-01 4.9194704164e-02 1.9591884180e-02 -7.1330322813e-03 4.6039468761e-02 2.0780268838e-02 -7.9045166855e-02 3.5681106884e-02 7.9173868763e-02 6.6086054239e-02 5.1669153454e-02 -1.1167219302e-02 4.7992628855e-02 2.9096228271e-02 2.0203088708e-02 7.2501845739e-02 6.6872348092e-02 -4.0918126068e-02 -2.4749390100e-02
-8.0765873188e-03 -1.2538914670e-01 -8.1777062057e-02 -7.7819304737e-02 4.0256132406e-02 -1.4865429857e-02 6.6092576929e-02 -3.1867294209e-02 -3.9565901399e-02 -1.8479526969e-02 -1.0009146968e-01 4.3603225223e-02 -9.5998940649e-02 6.9942609068e-02 7.2813032571e-02 -5.1178666690e-02 -1.9442492385e-02 8.4959084754e-02 3.4216537598e-02 1.8589410215e-02 6.9256261058e-02 -6.8528963234e-02 -1.1304615844e-02 -3.7998605952e-02 1.5637077215e-02 8.7741260660e-02 -7.8831925585e-02 3.1190790968e-02 -1.5887952604e-01 6.1555274848e-02 2.9201142586e-02 1.5982903369e-01 -1.0490825318e-02 4.8775002667e-02 -1.5291563082e-02 2.9106478414e-02 3.6507800476e-03 -2.2759257256e-02 6.7948099149e-02 -2.7250023782e-01 -4.9365761993e-02 1.3637042006e-02 6.1884247202e-02 -2.2630946054e-02 -2.2623565618e-02 -3.8640219663e-02 1.5101814089e-01 8.1621818708e-02 -4.3750583914e-03 5.7984119774e-02 5.0744450887e-02 -6.7363377847e-02 -4.7220950908e-02 -5.2151812519e-02 -1.8910034188e-01 -2.1320441306e-01 1.8291766017e-01 -1.6936617953e-02 6.3504795434e-02 1.3405523893e-01 -4.5327586618e-02
-2.9897234283e-02 -9.7719357170e-02 -1.6457161475e-02 1.3640870544e-03 2.0917413968e-02 -1.5925987222e-02 -7.6576104510e-03 -1.6115103620e-01 -8.3199843678e-02 3.3544885196e-02 -7.2042211631e-02 -1.0121300200e-01 -3.2315271118e-02 -3.2207950736e-02 7.2188066573e-02 -5.8759698491e-02 -3.4618790797e-02 -1.3193592562e-02 -1.9520960589e-02 -5.3006219463e-03 -4.5261649741e-02 2.0636338890e-02 7.3405977028e-04 5.2029896952e-02 -1.4439062798e-02 -5.8860389852e-03 -6.3799147513e-02 2.4671424522e-02 1.3550167816e-02 -4.6207719644e-02 -3.4923407914e-02 -2.7831419816e-02 1.0789214607e-02 -1.0567582154e-02 -3.0347633440e-03 -2.6756196252e-02 3.3432525068e-02 2.8829845552e-02 2.3812189007e-02 -7.1838122596e-02 -1.1605776955e-02 4.7814302855e-02 -2.2272943137e-02 -5.6691450371e-02 -3.1171369753e-02 -1.6266544930e-02 4.0305688332e-02 -3.7900987453e-02 -5.1717763656e-02 5.9924962502e-02 -8.6876225316e-03 -1.6420911985e-02 2.0837735512e-02 1.0636217812e-02 -1.1415727091e-02 8.2582591317e-02 -4.4355628960e-02 4.7280368164e-02 6.2406219992e-02 2.5102843325e-02 -6.3653572000e-03
7.4702440875e-02 1.7626597035e-02 4.0561713662e-03 -6.2061111630e-02 -3.7733448159e-02 2.4968541515e-04 -9.4891708366e-03 -6.3409948314e-02 -2.6939169015e-02 1.0491960288e-01 -7.6958652134e-02 6.1356148462e-03 2.2417156407e-02 2.1763895676e-03 -1.0939377113e-02 4.0994171786e-02 1.7263422372e-02 2.0024415655e-02 -6.8672881937e-02 -6.0855104632e-02 -4.2794031584e-02 4.5655611919e-02 1.5682039431e-02 -3.5401421953e-02 8.3806043703e-04 -1.3523015381e-02 2.7095076945e-02 -5.4705952082e-02 5.1940097421e-02 -7.2748359672e-02 -6.2250950655e-03 4.3096921091e-03 -2.4895177470e-02 -5.9854933708e-04 4.9346782539e-03 -1.2340917491e-01 -6.3447580386e-02 -6.6439423242e-03 -1.7862831813e-02 9.1988391295e-02 3.2486323080e-02 -8.1367134235e-02 9.0155443086e-02 5.8287964515e-02 -3.8992549565e-02 3.4655522666e-02 4.6890314107e-03 5.7002702114e-02 4.1740027371e-02 -5.8180496442e-02 2.4797044545e-02 8.3441799357e-02 5.7451714047e-02 -2.0763641933e-02 -4.1107284165e-02 5.5993258214e-03 1.0087413600e-01 1.0606741368e-02 1.4325103338e-02 8.9880267643e-03 -1.8691988070e-02
-9.3898242825e-04 9.0955808779e-02 -4.3604011362e-03 -3.6951916865e-02 -3.8878653321e-02 4.6308713717e-02 4.1480403846e-02 -3.7407680214e-03 1.4472452063e-01 -3.9822567305e-02 4.7660922843e-02 1.2894621297e-02 -3.0672607054e-02 1.1769704308e-01 -1.1283332801e-02 -1.9622379834e-02 -4.1548840171e-02 1.3947165605e-02 1.1065155866e-01 -6.5271475667e-02 4.3291369354e-02 -1.1161168859e-02 -1.2286493186e-02 1.7370930449e-01 1.2362899637e-02 4.3324668704e-02 5.3713915381e-02 2.7215682264e-02 -3.3529262909e-03 -6.8410009717e-02 4.0692561760e-02 -5.8933288523e-03 -1.2189610245e-01 -4.6809990966e-02 -7.7188466706e-02 -5.4535699531e-02 -3.3482622534e-02 1.0381382527e-02 5.8549082287e-02 -5.1984465399e-02 2.6076826989e-02 -9.0198138611e-02 3.6228967119e-02 2.2136779478e-02 1.4197123135e-02 -3.2322628708e-02 2.5485283698e-02 6.8468471396e-02 -1.4880267197e-02 -2.8639855326e-02 -3.3781630362e-02 -1.3180916594e-02 -3.4065364747e-03 6.1141566464e-02 6.6897702634e-03 1.6057059535e-02 -4.5433968935e-02 -1.1490967487e-02 -8.2553720063e-02 -1.1827316973e-02 -7.9851339609e-04
4.2018197805e-02 5.5089223351e-02 1.6692128870e-02 -1.8410128374e-02 -4.0918860670e-02 2.7316772093e-02 -1.0212595641e-02 3.0082909273e-03 8.6631866705e-02 6.2244326020e-02 -7.7326565427e-02 -6.0804776713e-02 -3.0198725861e-02 1.2417551617e-01 -9.8796089857e-02 1.1914037323e-02 -8.8086513807e-03 -2.4337887285e-02 8.3172627153e-02 -5.7907097085e-02 -4.9142393261e-02 7.8613339791e-02 -1.9048872169e-03 2.1508216468e-02 2.5882001986e-02 5.4961569859e-02 2.4178009740e-02 -5.3458659401e-02 -1.0978949716e-02 -2.1941565822e-02 5.0117087718e-02 4.3857054440e-02 6.6305870999e-02 -6.1291924358e-03 -3.7261860224e-02 -3.0449772249e-02 -1.5185617924e-02 1.9085490921e-02 -6.6475457441e-02 4.1685996412e-02 3.7337291007e-02 6.8144013135e-03 1.1447103543e-01 3.2160719451e-02 -4.4192950626e-02 -4.7198358213e-02 3.4399636484e-02 7.2990795831e-02 2.1427300150e-02 3.4802012476e-02 3.0959761813e-02 1.1028878415e-01 -1.9382130218e-02 -5.6667320060e-03 1.1106525823e-02 -6.5491409148e-02 -6.1530285573e-04 -2.3256642059e-02 -4.2325210546e-02 -6.3028861167e-03 1.1292539568e-02
1.0828257074e-02 1.1956066518e-01 7.8874286239e-02 -8.7964645142e-02 4.2984096804e-02 -3.6682128239e-02 -4.3148857888e-02 1.5081419757e-01 5.6655328277e-04 -1.4301022345e-02 -1.6960860851e-02 -2.4678991967e-02 1.0521097661e-01 4.4725553330e-02 3.7988477704e-02 -2.6584238887e-02 -6.1019384778e-02 -9.0204963703e-03 9.1246159729e-03 -5.9761626816e-03 -3.1001859223e-02 3.2167601423e-02 7.5051599522e-02 6.5475897945e-02 3.5600527853e-02 1.8087205676e-03 8.9592146643e-02 3.3728893001e-02 3.4718363077e-02 1.2690938405e-01 8.5907874372e-02 -4.2392584725e-02 -6.7827207856e-02 6.5718977808e-02 1.0831232065e-02 6.1859415160e-02 -3.2387675255e-02 -6.1597917963e-03 1.3111049154e-03 -3.4925944879e-01 9.3436713427e-02 -4.6510342778e-02 1.7311013323e-02 6.1986577411e-02 5.9621546343e-02 -1.5498600224e-02 -1.1510503198e-01 4.6573104812e-02 -6.4128874010e-02 2.2693702081e-02 9.2117443162e-03 7.4992115273e-02 -4.3086692926e-02 -1.0425530771e-01 1.2914947175e-02 4.0173321044e-02 1.2480329694e-01 -7.1226578381e-03 -4.6167188627e-02 3.8917714718e-02 -8.3291099163e-02
-2.7148707680e-02 -5.0264287261e-03 -1.4281731643e-03 1.1106531741e-01 2.3285795511e-02 -5.0444978165e-02 4.3128426974e-02 5.0569579708e-02 8.3874670205e-02 4.2780871709e-02 -4.1830812609e-02 2.7746464038e-02 7.6530011962e-02 8.1196758760e-02 -6.9442467376e-02 -2.1544761146e-02 -1.9887508909e-02 3.7572430502e-02 -2.0666051180e-02 -4.8657072130e-02 -9.5167079712e-02 1.0758217291e-01 -2.9475691543e-02 1.2282696350e-02 1.0401425110e-01 -4.5756965449e-02 -1.2925873785e-02 -5.4000839845e-02 -2.2301661724e-03 -6.7196758309e-03 3.3803010895e-02 9.5515360888e-02 6.8643915268e-02 -5.0219860474e-02 -1.5343136999e-02 -1.1903618475e-01 -5.1554609343e-02 -5.1673891423e-02 1.1540671299e-01 -4.4173319312e-02 6.5344467683e-02 8.0058384867e-02 7.7447007195e-02 1.9034001630e-02 -1.2533936146e-03 -1.0379875518e-02 -1.6649622217e-03 -3.4082321029e-02 -4.7938779325e-02 -1.6077123800e-02 2.1438640437e-02 2.0089538301e-02 -5.6649421606e-02 -4.9865826283e-02 1.0626209631e-02 1.6285266701e-02 1.1568648374e-01 -2.1888856556e-02 5.8924719307e-02 -8.3295365607e-02 -1.4789233161e-02
3.1693867902e-02 1.6395846337e-01 5.4358644665e-02 2.1571161179e-03 -9.2868588867e-02 3.7183962791e-02 6.8541053261e-02 -2.2200962577e-01 -2.5479427558e-03 6.4635300904e-02 -1.3132166193e-02 1.0267527502e-01 -6.2196844571e-02 -9.0662775255e-03 9.8469107805e-02 -1.0064068549e-03 2.6671617941e-02 1.3253860395e-02 -1.4307374702e-02 -8.3472832399e-02 1.1498800875e-01 -1.6714354022e-02 1.4791291330e-02 5.3331554888e-02 4.3496182280e-02 -2.3701895723e-02 7.5070207657e-02 -3.4888799270e-02 -9.4623430798e-02 -2.3083907651e-02 -1.3132422580e-02 -7.7497580971e-02 -3.3724448508e-02 -7.6089409763e-03 5.4773222215e-02 -4.9126054424e-02 1.6348156127e-02 -4.7717554308e-02 -1.1554989936e-01 9.4245294587e-02 1.8884953959e-01 2.3137246468e-01 4.5024473327e-02 9.1090809035e-02 -3.3314578726e-02 2.8689399815e-02 -3.0370365781e-02 2.2039009530e-02 2.5041419149e-02 5.4436198157e-02 3.3477108905e-02 -7.9137923080e-02 1.7483553241e-02 -3.8679788612e-02 -2.0692550391e-02 -6.9096038568e-02 7.2127136822e-02 4.5227076907e-02 5.4030149549e-02 9.7719454443e-03 -1.8941746121e-02
7.2459732752e-02 -5.6764953407e-02 2.2681102522e-02 9.7981739022e-02 9.8903301506e-02 -3.8284864846e-02 -6.8552157088e-02 2.4152680459e-02 -3.6914758239e-02 1.3077570910e-02 6.1044696032e-02 -6.0000399947e-03 1.4093547816e-02 -4.9042881406e-02 1.7340678669e-02 1.4819404205e-02 -8.0097881037e-02 -7.1544982916e-02 -2.9993644897e-02 -1.0982278028e-02 5.6476882123e-02 3.3968447236e-02 5.2330597687e-02 3.1542581961e-02 -1.0150091178e-01 3.1129754955e-03 -6.6949181292e-03 2.7202853980e-02 -6.4486260667e-04 1.5411881708e-02 3.5487700103e-02 3.8647885160e-02 -9.4442235164e-02 1.1594593056e-01 -4.3079893332e-02 3.9463038558e-02 6.1797190002e-03 -6.2151119417e-02 3.2476913877e-02 1.8404422543e-02 -2.1387946044e-02 2.3006147300e-02 -4.9424689038e-03 -4.8382584406e-02 4.4341004777e-02 -1.5675858043e-02 3.0959364568e-02 -2.0969064918e-02 -1.4273224678e-01 2.5344291241e-02 -3.1051599114e-02 -2.4019026612e-02 1.6960727287e-03 -1.0248772442e-01 -6.8945689433e-02 1.2359140874e-02 -1.0300577756e-02 -2.8517536820e-03 -2.7594275178e-02 1.8830607178e-02 2.8945443423e-02
-1.0137214449e-02 -5.4852796977e-02 -6.6259190517e-02 1.6415058230e-02 3.6139142320e-02 -1.0178409488e-01 -1.0638790893e-01 6.8363556661e-02 -4.6278990777e-02 -8.0264892918e-02 -1.9804186156e-02 6.6136759653e-02 -3.2116728943e-02 -3.1078310716e-01 2.2002181643e-02 -2.0669155840e-02 4.1791904784e-02 -1.5960639366e-02 -7.5784482880e-02 -5.3638480904e-02 1.9455521533e-02 2.1206771440e-02 2.0491452084e-02 2.4121948687e-02 8.6370574586e-02 1.2763587777e-01 9.0842926432e-02 -7.5849027696e-02 5.2606765364e-03 -9.8524930679e-02 -4.4234319313e-02 -6.2167308301e-02 7.1087136466e-02 7.1971121440e-02 -5.0847147018e-04 1.1112735912e-01 3.0885219980e-02 4.7007108196e-02 1.1684852833e-01 2.7169550861e-01 -4.1306412207e-03 -3.0448094484e-02 1.3561987310e-02 2.5064770376e-02 3.7402664190e-02 1.2723054589e-02 -1.0608140493e-03 2.2122214643e-03 8.2563201962e-02 -6.0106917000e-02 3.3921254337e-02 -9.1302269113e-02 -3.2645672332e-02 7.7724300169e-02 -7.7598425485e-02 2.3264089272e-02 -2.4794935385e-02 -4.1456287228e-02 -3.3180764402e-02 -3.7989208348e-02 -1.0272449081e-01
1.3372095841e-02 -3.7970751390e-02 2.2894240685e-02 -3.8605486202e-02 -1.7216366793e-02 -4.7248503666e-02 3.5898529061e-02 -5.0161080117e-03 7.4029011440e-02 -5.6181829632e-02 1.4920349608e-03 2.8045973456e-02 3.8810562095e-02 -1.0082234676e-01 -2.1397802042e-02 4.8197952457e-02 -4.0338101180e-02 3.3168041734e-03 4.6467042042e-02 -2.8101638449e-02 -5.1941357777e-02 -5.6687890399e-03 -4.5591195779e-02 2.1394749336e-02 -1.0994415222e-01 -9.1660215501e-02 -1.0019405455e-02 6.8700494797e-02 4.6323871120e-02 -5.3125583347e-03 -7.9992172370e-03 -1.2060169025e-01 6.1462701465e-03 1.1916447885e-03 -6.0400338449e-02 2.5419904689e-02 6.1613662565e-03 1.0672507345e-01 7.3693865192e-02 5.1046702039e-02 -1.2935137509e-01 4.3778264013e-02 7.9753240374e-02 -3.3155484741e-02 -4.6832060943e-02 6.1382225630e-02 -6.4885891597e-02 -5.5303065171e-02 3.2600630961e-02 -7.4646343821e-04 -4.9006979223e-02 -6.9684011380e-02 3.7880232071e-03 -1.6372292233e-02 -5.1510285336e-02 1.4090033669e-02 3.5422129007e-02 7.2619800258e-02 3.2869408309e-02 -2.2733158496e-02 -3.9484970068e-02
1.0895890125e-02 -1.9783913434e-02 2.1561145932e-02 2.0019587355e-02 -5.8700828162e-03 3.4226554019e-02 -1.9385878614e-02 -2.1411832317e-02 1.6112838686e-02 -3.5106232425e-02 -3.9132277781e-03 6.0635569184e-02 4.9328851253e-02 -5.2289338085e-02 -6.6006759484e-02 -1.8382273800e-02 -2.5134147475e-02 -2.2640980183e-02 -8.5849520611e-02 4.5435823891e-02 -2.2926141573e-02 -1.5953210912e-02 -2.2855356129e-02 -5.1757477928e-04 1.4960774590e-02 -4.3313571797e-02 -3.0812793492e-02 4.3721527174e-02 -3.0871372057e-02 3.7548275894e-02 1.2766748988e-03 -3.4683252830e-02 -6.8982816685e-02 3.4998473564e-02 1.3175287736e-01 4.1016395963e-02 4.8639603289e-02 1.9903966629e-02 2.4155457004e-02 4.6087834045e-02 -2.9064003732e-03 1.6151088613e-02 7.9611125471e-03 -1.0625165634e-03 2.7470526142e-02 -1.1068609672e-02 -8.8300737382e-02 3.3326015947e-03 7.6152960312e-02 -4.7851265883e-02 -3.7789279001e-02 5.5352870745e-03 5.3746939577e-02 5.9426154143e-02 1.6490790149e-02 6.0140935189e-02 5.4452070578e-02 -7.5866682128e-02 -8.5791801319e-02 7.0355760870e-02 2.9096636075e-02
7.8033840588e-03 1.4338174663e-01 3.3911361474e-02 -4.9222886274e-02 3.7443590883e-02 4.4552995579e-02 3.3501630170e-02 -1.4654587761e-02 3.4089355305e-02 7.8743889460e-03 -2.1954660452e-03 -7.1562048428e-02 -1.3221499127e-02 4.5686573638e-02 -5.7697349615e-02 4.6499319477e-03 -3.8438244784e-02 -1.2842007970e-02 -3.0730817456e-02 -6.5915889991e-03 4.3282608601e-03 5.2817537594e-02 -3.0794816198e-02 1.0741235197e-02 -2.5891786394e-02 -3.1739391372e-02 2.1065659386e-02 7.4494905761e-02 -8.0135057690e-02 -4.6174470743e-02 3.7171250778e-02 5.6894980941e-02 1.7810100578e-02 2.4527852362e-02 4.7033939075e-02 -7.1409872955e-05 5.0535906997e-02 -1.7233039232e-01 1.1865585658e-01 -5.7071663731e-02 2.4283356723e-02 -5.7416199158e-02 -1.4226367673e-01 7.2970218711e-02 7.7629532680e-02 -3.9083867473e-02 6.0436632141e-03 1.1065077537e-01 -3.2178103237e-02 -5.6772561260e-02 -1.4179509394e-02 -3.5389820743e-02 -1.0808785789e-01 2.8267136190e-02 5.5074323260e-02 6.6791892936e-02 -1.9524268668e-02 8.9782206198e-03 8.9247846202e-02 -9.9581225450e-03 6.8494938261e-02
3.1228231752e-03 -1.5003753648e-02 -5.3763922797e-03 -5.6349720846e-03 -2.3939804009e-04 7.8884804919e-02 6.9736587095e-02 -1.4256541248e-02 -1.9672890971e-01 -6.5684847259e-02 4.1205675962e-02 2.3200605546e-02 4.4451957634e-02 1.9694561642e-02 -2.4057311049e-02 7.4213959763e-02 -1.3520211521e-03 -2.9028056264e-02 9.6072566007e-02 -4.8430059722e-03 -2.2603842039e-02 -1.5671103358e-02 -1.8322073733e-02 -6.1000482579e-02 2.3111884188e-02 2.2895362099e-02 8.8641034316e-02 5.9849732525e-02 -2.7813721794e-02 1.4768686182e-03 1.2774905050e-02 -6.1119134461e-02 -7.0770234065e-02 6.5254043178e-02 -6.8284745188e-02 -7.7845639552e-03 -4.9265643614e-02 -6.9728789959e-02 1.0220203967e-02 -1.2810558206e-02 3.1341772813e-02 -7.9830883070e-02 1.2753008051e-01 6.4290751624e-02 -2.2577691277e-02 -3.3207298360e-02 9.1905283227e-02 -7.4263250965e-03 6.0549219920e-02 9.4235095432e-02 -6.2828656750e-03 8.6142004958e-02 3.6373804576e-02 4.2840567309e-03 -4.2515783993e-02 -1.4049696106e-01 5.4529250678e-02 -9.1189645136e-02 7.7335570663e-03 4.9571485209e-02 -4.1879442829e-02
7.4821889075e-02 9.0103155791e-02 6.1363732503e-02 1.0887592082e-01 9.9848080499e-02 -6.0983946523e-02 3.3505663985e-02 -6.5458729032e-02 1.6307887377e-01 1.9659148239e-02 -9.5661415634e-02 2.9671009396e-02 -1.2049223127e-01 -5.2616958365e-02 7.0369742113e-02 8.8215019961e-02 4.8245869590e-02 5.4575821038e-02 -4.1860960351e-03 -2.0286346689e-02 -1.7932573822e-01 -9.4782912716e-02 2.7873105264e-02 4.4026233040e-02 2.8281399205e-02 -7.0070740268e-02 5.8473850879e-02 5.4960903106e-02 9.0679492201e-02 -1.3085775460e-01 1.6050112867e-01 -4.4408650916e-02 -1.1593075124e-02 -7.6732279753e-02 -5.3460857935e-02 -2.9698346245e-02 7.7871662830e-03 6.3541013995e-02 6.8624312069e-02 4.4675282977e-02 3.4443619778e-02 3.8108356379e-02 1.7756287737e-02 -9.4930364884e-03 -6.6079632396e-02 1.7968574543e-02 -2.7238373652e-02 1.0828747310e-01 -1.3473458018e-02 2.4082349025e-02 -1.0231699175e-02 -1.8445255511e-01 -9.5387378105e-02 4.8748295890e-02 3.6120367226e-02 -8.4940110403e-02 1.3389488068e-02 -1.5779450894e-01 -9.1572329799e-02 -1.0302745848e-01 3.2975199157e-02
3.6441550788e-04 -1.7483757295e-01 -8.7400668275e-02 -4.7913794023e-02 1.5971032636e-02 -1.3986829144e-02 -1.7959441423e-02 3.5598595809e-02 4.2383619439e-02 -7.8390058727e-02 6.4689833123e-02 1.3131124833e-02 -2.4412811440e-02 4.9308910555e-02 -1.5428596316e-02 -5.4319322269e-02 1.0115307174e-02 -3.0114298882e-02 -2.9009805962e-02 1.5751169132e-01 -1.3831066472e-02 -1.7101728645e-03 2.6844887893e-02 5.9375931248e-02 4.3962122746e-03 -3.0144676309e-03 -8.6571402611e-02 6.3847425763e-02 4.9567473356e-02 6.1789142347e-02 1.6058394419e-02 -5.6731300360e-02 1.8818225366e-02 -9.7427177234e-03 1.4785402340e-02 1.1610310052e-01 -1.5754457521e-02 4.5527164047e-02 1.4316970834e-01 -8.7426458361e-02 1.4230499367e-02 3.1145649978e-02 -1.2728747302e-01 -5.1158215471e-02 -8.9829885442e-02 -7.7173227627e-02 5.7837491726e-02 1.3692181941e-02 1.3993593865e-01 1.4875579239e-02 -1.7676402639e-03 -8.4108363609e-02 -2.6626454059e-02 1.0313787252e-01 -3.4833207197e-02 9.3908734691e-02 -8.9943963166e-02 -1.8475381906e-02 -7.9962782248e-02 -4.9390803206e-03 1.6934356327e-02
-4.8822157242e-02 4.8961567601e-02 8.7890069632e-02 -3.3184357973e-02 -9.3531663543e-02 -1.2608932854e-02 1.1524740133e-02 -1.3339125417e-01 1.4599013994e-01 -2.5347784887e-02 -5.8733300655e-02 7.3240058430e-02 -9.5243555938e-02 3.9909868405e-02 -8.3195807706e-02 -9.3179152531e-02 1.0278877393e-01 1.3341955029e-02 -6.7362086103e-02 -3.1419697393e-02 -7.6754540577e-02 -7.7320153682e-02 5.7062964768e-02 4.4032400425e-03 -5.6021589668e-02 -1.5891185585e-01 4.4096641553e-03 5.8947316445e-02 6.1173696639e-02 7.9808497549e-02 -8.3341897171e-02 1.1789396342e-01 8.4641472671e-02 1.8484601705e-02 -7.4516144098e-02 -5.3963147344e-02 3.4473078830e-02 -1.4129370273e-01 -5.2243400976e-02 2.9653544389e-01 -1.4128891061e-01 -2.3284192981e-01 1.4778762925e-01 9.4138792119e-03 1.2359313371e-02 -2.7050245828e-02 -1.2095687422e-01 -4.6755574451e-03 -6.2830063802e-02 -3.5318995712e-02 1.3636665507e-01 3.7948605735e-03 -1.4141315072e-01 7.4877446160e-02 -1.0338453712e-01 5.2339098360e-02 -5.2761634318e-02 4.0146603897e-02 -4.7068857099e-02 -1.0237210910e-02 -9.7409242880e-02
-2.1385470488e-02 8.2310816598e-02 -5.9626959221e-02 -2.7144370317e-02 -2.0856604738e-02 -2.2106875694e-02 -8.0058913612e-02 1.9283896257e-01 1.8823805719e-01 2.7544319679e-02 4.1662823459e-02 3.5277318017e-02 -3.5615920287e-02 -3.3858812124e-02 -3.3039228541e-02 -7.1758385205e-03 -1.1851157248e-01 8.7727165997e-02 2.3298846900e-02 7.2431626342e-02 1.1676302223e-01 -4.6577176484e-02 2.1400371541e-02 -3.1003667338e-02 1.9494169448e-02 6.4083715680e-02 -4.5677292322e-02 5.0148090049e-02 -3.2190346623e-02 -3.5737532376e-02 -3.9066559239e-03 -1.7588283428e-01 7.6607573434e-04 -5.5078176371e-02 -4.2102626545e-02 6.9119383381e-02 1.1199660474e-02 -6.7404323305e-02 -7.0332490612e-02 -7.6475878999e-02 -4.2790390376e-02 8.8053727843e-02 2.4028513472e-02 -2.7118211893e-02 -1.8895138244e-02 4.8773572070e-02 -1.2331196957e-01 3.9938863732e-02 -1.6663533302e-01 -5.1470862302e-02 -3.6356588723e-02 6.3382988450e-02 -8.7796978181e-04 -1.6183710581e-02 2.7803584947e-02 -6.5970284474e-03 1.8986832151e-02 -1.5970594554e-02 1.4939545716e-02 1.1092851083e-01 -1.1792107792e-02
-2.8295654902e-02 4.7296483869e-02 -2.2140213903e-02 5.1156047466e-02 1.5819705259e-02 1.5981179623e-02 1.4006615967e-02 -2.7371790058e-01 -4.9943220446e-02 -5.8041593086e-02 6.3332468352e-02 3.5500016001e-03 1.0333845255e-02 -2.3221435312e-02 1.1994188000e-02 -8.7916387012e-02 -5.3635041670e-03 -1.0811051328e-01 2.8332879724e-03 2.9453649769e-02 2.4254033206e-02 -2.6623769706e-02 -1.7489665596e-02 -6.0439814941e-02 -3.2749732138e-02 -1.5206200626e-02 -1.0116808735e-01 -1.2915852928e-03 9.0875487646e-03 -3.2081839977e-02 -1.4934212176e-02 -8.1366284847e-02 5.2459021671e-02 -1.5365666578e-02 2.2001967698e-03 6.9470095518e-02 -3.2672210226e-02 2.4983021379e-02 3.7992213177e-02 -1.2353928407e-02 -2.7710439281e-02 5.6898802051e-02 -6.5872585630e-02 -8.7656185016e-03 -1.9180590738e-02 4.4133117701e-03 1.1763678146e-01 -3.1901908223e-02 -4.0398481363e-02 -2.9223483515e-02 -3.2008453777e-02 -6.7632625153e-02 -4.9401942169e-02 -2.4914768783e-02 -1.7898696140e-02 7.7534349367e-02 2.0917492766e-02 6.4110274750e-02 -4.1959389036e-02 6.7064293091e-02 -6.4181162830e-02
4.9771219560e-02 -1.3134418434e-01 -7.1165880793e-02 -7.2548933763e-02 -7.5659963401e-02 -4.2083330850e-02 -2.5430899760e-02 1.0406513321e-01 8.7113606083e-02 3.0351794782e-02 4.6822687602e-02 1.2892692987e-02 -2.2854769265e-02 -5.7814058482e-02 3.5508696033e-02 -2.9818432431e-02 1.4195332919e-02 -4.5584838760e-02 -1.4446404365e-02 3.9817348835e-02 -6.8241482728e-02 -9.0226057506e-02 5.0841577925e-03 2.1517851254e-02 2.0552245149e-02 -5.8719046907e-02 -1.3542917821e-02 2.1838189788e-03 2.2684529889e-03 5.2858649084e-02 -1.7231684251e-02 -2.4662934003e-02 -9.5267104647e-02 3.7750607164e-03 3.2734658573e-02 6.2293101290e-02 2.2837624001e-02 1.2571282465e-01 9.0900452245e-02 -1.6645114953e-01 -3.7993989783e-02 -1.5785701230e-02 -1.6750193461e-01 -7.8565418301e-02 3.3690013790e-02 6.7784206305e-02 -6.3176493444e-02 -1.2133641647e-01 2.4627258490e-02 2.4574552944e-02 -3.8659130043e-02 -8.5209085645e-02 9.7515504284e-02 1.0995000734e-01 -1.3825603282e-02 -7.7305943942e-03 -1.7854172685e-02 -8.8550819108e-03 3.7631623499e-02 3.2001681291e-02 -5.8450476937e-02
5.5522065521e-02 -1.3045969050e-02 -7.3062494569e-04 3.8813643992e-02 -5.9307400838e-02 -1.8073090114e-02 3.5007420019e-02 -4.8831748871e-02 -4.7995566967e-02 -6.4813130717e-02 2.8616029692e-02 2.0745420411e-02 -3.0674023107e-02 -5.8033234399e-02 -4.0833782166e-03 -6.3541233532e-02 1.2225185522e-01 -1.6403396834e-02 -7.6627501301e-03 3.4269678286e-02 1.8084995092e-01 -1.7511819324e-02 -2.7405027539e-02 -3.1094945759e-02 4.0251217811e-02 4.4075190460e-02 4.5445142332e-02 6.3735875081e-02 7.6192859409e-02 4.9252751392e-02 1.8564448494e-03 1.1906483561e-03 -2.5353386532e-02 4.3794093978e-02 6.4476378398e-02 3.5564390956e-02 -3.3868549448e-02 7.4755076543e-03 6.6933717206e-02 -1.1207558380e-02 -1.5261018919e-02 5.6615738983e-02 -7.5137439907e-02 -5.8210698098e-02 1.4461618938e-02 1.9666377495e-02 -5.2432493009e-02 3.3766095223e-02 -2.6669784215e-02 -6.3693857219e-02 -3.8541497383e-02 1.3751736413e-02 -1.8084159611e-02 9.0993648414e-02 3.8899808483e-04 1.0757055473e-01 -1.8602316639e-02 7.9139815040e-03 1.6036775347e-02 8.9657413128e-03 3.9005266186e-02
1.0333700228e-02 -3.7467385080e-02 -1.1187769509e-01 -7.8719575564e-02 -6.8218463613e-02 -6.3917050753e-02 4.5306999394e-02 -1.8194913730e-02 -2.2684092724e-02 -3.3676234838e-02 1.7388581445e-01 -1.0060493706e-01 -2.0347043582e-02 -1.8891153518e-01 -1.8745739641e-02 -6.1293366113e-02 1.0416727354e-01 9.0308580118e-02 1.1263031029e-01 -1.0346906923e-01 3.5048263982e-02 -1.0295355404e-01 -1.3396073360e-02 -8.7124488231e-02 1.1080450769e-01 -5.6335006287e-02 -7.9290546234e-03 2.9247701992e-02 1.1701550317e-01 3.1946087651e-02 -8.8046666602e-02 2.7704560090e-02 -3.5539936940e-02 -1.7271797095e-02 4.2469961224e-02 2.1179268196e-01 2.6617575008e-02 -4.8352053285e-02 4.5474801677e-02 1.8721023879e-01 -1.4217194215e-02 2.2697026167e-02 -2.1062295724e-01 7.7687387181e-02 -1.0508084295e-01 -9.9010898453e-02 1.1635042762e-01 -1.8244306484e-01 -4.6135955629e-02 1.3392639654e-01 -6.9335777569e-02 -1.2261724983e-01 8.6797358753e-02 1.6084456446e-02 -1.1267173308e-01 1.8503883516e-01 -1.4631563824e-01 3.7995003193e-02 -2.1267260169e-03 3.1633556379e-02 7.9649070921e-02
-3.8534068999e-02 -6.6430009205e-02 -2.9916350977e-02 8.7356469814e-03 3.6975934803e-02 -2.3692581081e-02 -4.4839898893e-03 -8.2985253101e-02 8.4013253002e-02 -4.4886260359e-02 5.2891984079e-02 -5.0356707167e-02 5.2009321273e-02 -4.5605499563e-04 -5.1832370501e-03 3.3982377988e-02 4.6813138154e-02 1.1107939579e-01 -5.7160463034e-02 -2.6127037970e-02 5.2222211799e-02 4.0775586893e-02 -3.9017135375e-02 -5.7049604888e-02 3.9694703248e-02 -5.9098216277e-02 8.6059508169e-02 -1.8931144456e-02 -1.2176581544e-01 -5.5551033512e-02 4.1995694415e-02 5.7738693543e-03 -7.6803578400e-03 2.9922706961e-02 -8.9975342928e-02 2.2689576843e-02 -2.4029525834e-02 2.9740075124e-02 4.5573116726e-02 4.2021267764e-01 3.0007949872e-02 1.4473361686e-02 4.9856992391e-02 -3.5933973909e-02 -1.5476920161e-02 7.4672143759e-02 -1.1537969584e-02 -1.0919633949e-01 -1.4365953739e-02 -3.9176221729e-02 -8.4245849985e-03 3.3082347710e-02 7.3649023073e-02 9.8615398035e-03 -5.6532474857e-02 -2.8570202285e-02 1.5226886048e-02 -2.6346106814e-02 5.9567744303e-02 1.4730940973e-03 -9.8409760461e-03
-1.3407003273e-02 1.2627703832e-01 -5.3987351386e-02 -1.8579830398e-02 4.9096471476e-02 3.8485154568e-02 -2.6720947553e-02 3.6106260785e-03 -1.6872199472e-02 6.4030162280e-02 6.8194440887e-03 -6.1023024989e-02 7.4330755537e-02 -1.5527408220e-02 -2.7566934583e-02 8.6875547069e-02 -8.3485472181e-03 1.6411847830e-02 -6.8321816805e-02 6.9323957010e-02 -7.3158250650e-02 -3.8700758269e-02 3.9079053883e-02 1.5740214813e-02 3.0049043264e-02 -1.8361631607e-02 7.8523993680e-02 3.2293472647e-02 -3.4591745526e-02 1.6384324491e-02 3.1977742119e-02 3.7245190343e-02 -2.1694944965e-02 -2.1540833026e-03 1.9303473445e-02 2.3919620525e-02 5.2842072420e-03 -8.7426990027e-02 1.6372327078e-02 -2.4972617791e-03 4.8145608521e-02 -2.7585603600e-02 1.9218634117e-02 9.4481315599e-02 -4.2860761594e-02 -9.1947718992e-03 6.7479299172e-02 6.6300660024e-02 -1.2529728721e-02 -1.2398068196e-01 4.9172015410e-02 4.8567609142e-02 -7.0420757651e-02 -4.3896476003e-02 -8.2496007475e-03 6.2047574266e-02 -7.0298463386e-02 5.3220462672e-02 6.1001743112e-02 -1.0899711715e-01 7.5052673436e-02
-1.0303375489e-04 -5.3680919188e-03 2.6719272235e-02 2.3842273562e-03 -1.3027424940e-01 -2.6663792707e-02 -1.2392721863e-02 7.6725681651e-02 1.3762464489e-01 1.3664357248e-02 -9.0690379599e-02 7.7209550374e-02 -5.3581350570e-02 -1.4413762961e-01 -1.1385296968e-02 4.7454083763e-02 -1.0688208033e-01 2.5158931339e-02 5.6575266938e-02 6.4117272171e-02 7.5882586108e-02 5.4489640570e-02 1.3092386693e-02 -1.5908504676e-02 -2.8561811505e-02 -6.0170252249e-02 -3.2128617484e-02 -3.5864668116e-02 -8.4633730367e-02 -7.2633778738e-02 -6.7542890221e-02 1.2674334378e-01 -1.3791137089e-02 4.0476345409e-02 -3.8942756435e-02 -2.2452411571e-02 -4.0544560060e-02 3.6341098329e-02 -9.2548342972e-03 9.4870365238e-02 -3.2877002961e-02 6.0746840415e-05 4.6756000942e-02 1.4288546709e-01 5.1541464737e-02 -5.6631611196e-02 6.0063580706e-02 2.7633912192e-02 4.6879018671e-02 -4.3342199938e-02 -2.0713829472e-02 -7.5162611631e-03 4.1057255294e-02 -7.3355180745e-02 7.4887545141e-03 -4.0569247998e-02 5.0518996045e-02 -1.9366069690e-03 1.3893948613e-01 -8.0241494461e-02 7.3233070657e-02
-6.0917924671e-02 8.8377107764e-02 9.3344989045e-03 -6.8073054833e-02 5.4779986815e-02 -1.7243718371e-01 5.7243319395e-02 2.3281931537e-02 2.7827697762e-02 2.8920636883e-02 -3.8244112502e-02 -7.8379673698e-03 1.1587730543e-01 3.9635953580e-02 -9.1435209651e-02 7.6059024042e-02 1.1791375314e-02 -1.1803229430e-02 2.7914686777e-03 -8.6494844021e-02 -1.3275077806e-01 1.6966872528e-02 7.4068109275e-02 8.0346971333e-02 1.3940656586e-02 5.4038511133e-02 -2.5764791747e-02 1.2286931750e-01 -1.3657240488e-01 -1.3093947816e-01 7.3018418859e-03 -6.6202926611e-02 1.2230275873e-01 -1.0365925441e-02 1.1444647981e-02 -1.7222628421e-01 7.4999052517e-02 3.4520349597e-02 -7.7650038990e-02 8.9677658426e-03 1.9735835964e-02 -1.4823717782e-01 1.6746181317e-01 1.1069200709e-01 -1.1134638560e-01 9.2547653231e-05 -1.1952467638e-01 9.9391868221e-03 6.1596231940e-02 -5.9583443534e-02 -3.3342429386e-02 5.8380788216e-02 -6.3695789484e-03 -2.0335216617e-01 -8.6348270313e-02 1.5760611124e-02 1.0175316112e-01 5.9635443941e-02 5.8658830241e-02 4.5411054008e-02 1.3099675413e-01
9.4049466377e-03 6.3918678905e-03 8.6744614946e-02 8.6613561143e-03 -6.5914959155e-02 -2.7793076498e-02 7.4233702091e-02 -6.0063947255e-02 2.7451968986e-02 -6.0183054796e-03 -2.5858787861e-02 2.6135864117e-03 9.9287643123e-02 -5.6003549186e-02 -5.2611163331e-02 -1.1272288586e-01 -4.1316261065e-02 -4.3382722438e-03 -3.2752624340e-02 -7.9993847026e-03 4.6385516495e-02 2.7513426113e-02 1.9497077348e-02 -3.8012088686e-02 7.6976778932e-02 -6.4774941364e-02 -9.7224364142e-02 -6.8407560072e-02 -7.6589290508e-02 3.1596931861e-02 4.8978460757e-02 -1.4864302980e-01 1.1953305400e-02 -5.3862547927e-02 -3.8375336943e-02 -9.6360526652e-03 -4.5178405493e-03 -1.2124363962e-01 -1.4144691783e-01 1.1013725892e-01 4.9177876664e-02 -1.0476545260e-01 9.6756300513e-02 -2.8917247258e-02 -6.9007037015e-02 3.7202924789e-02 9.6052698484e-03 9.7700550977e-02 -3.0924142192e-03 -3.1610420928e-02 -1.7087860649e-01 -5.9694905470e-03 -1.8085785489e-01 -1.3942653069e-01 3.8598019608e-02 1.7223420073e-02 -1.0394832204e-02 8.7212473445e-04 7.8736458533e-02 3.7643491196e-02 -3.0929088362e-02
1.4456173085e-02 -4.3536547441e-02 4.9419243264e-02 7.0705495804e-02 8.9891602756e-02 1.8034106190e-02 1.9376837314e-02 -1.6187937937e-02 -1.0827677938e-01 2.2674747011e-03 1.4229420935e-01 3.4032693112e-02 8.3604812637e-02 4.9674138388e-02 1.1708299100e-01 -4.4822546855e-02 -1.9644891083e-03 7.8401670868e-02 3.5629323136e-02 5.4420364664e-02 -8.3958950759e-02 4.0187373421e-02 1.0260293101e-01 9.0903454301e-02 -1.0954014094e-01 -3.4368050140e-02 3.2426610165e-02 6.7985732866e-02 -8.8566812473e-02 -5.3884649021e-02 8.1074745022e-02 2.7117675510e-02 -3.5293043185e-02 5.5402160454e-02 6.5494238643e-02 2.2151735559e-01 -9.5137411316e-02 1.2192213292e-02 -6.2890263730e-02 -5.3323104613e-02 -2.1680908739e-01 -8.2166319133e-02 3.4847171047e-02 1.2304918152e-02 -2.2687696453e-02 -3.5688598105e-02 2.6790946096e-02 -5.5201503222e-03 -1.8344493361e-02 9.7530237607e-02 4.9322357857e-02 -1.0109827766e-01 -1.6508112222e-02 4.0135678907e-02 2.6045680193e-02 1.2172995811e-01 -4.5219819230e-04 2.3992322951e-02 5.3534882110e-02 -2.1394213216e-02 1.5925863897e-02
7.5795494647e-03 -5.1574265631e-02 -7.9502517716e-02 -2.4309789552e-02 -1.0628008757e-01 1.0436629184e-01 -1.5249552318e-02 -1.9845118851e-02 -3.9270443960e-02 -1.1042498395e-01 1.1621851521e-01 -2.4791655377e-02 -4.8201371268e-03 -3.7329571755e-02 2.3520415242e-02 5.8271001669e-02 -1.0518699588e-01 1.4964553403e-02 -5.4911688505e-02 1.0594875158e-01 -6.2605420566e-02 -3.6399891341e-02 8.1476271560e-03 3.2662703797e-02 4.2618025072e-02 -9.3545915768e-02 -3.1482222860e-03 3.8872390539e-02 4.2287913703e-02 -6.1660777963e-03 -2.8143621115e-02 -4.8162345923e-02 -9.9990078122e-03 -5.4140164743e-02 -9.0546732376e-03 1.9775196577e-02 2.9977277487e-02 4.7379345156e-02 1.9103273592e-01 1.0454994983e-01 -1.9175465872e-02 9.3360775020e-02 -6.1675169699e-02 -7.0473387530e-02 9.6359361547e-03 4.6104278367e-02 3.0423200615e-02 -6.8395991699e-02 2.2105826654e-02 7.0593825544e-02 3.4892404935e-02 -5.5300285938e-02 8.2556878833e-02 -5.6450992743e-02 5.7151449204e-02 9.0762270863e-02 -8.3674501531e-03 5.6947558536e-02 -7.4905313737e-02 8.0754412675e-03 -4.4170880274e-02
3.5030202438e-02 1.6603569978e-01 3.0331113899e-03 -1.0388284333e-02 -8.0919405401e-02 5.5877361621e-04 -3.9592059195e-03 -8.4303366621e-02 8.9696711154e-02 9.1300674263e-02 -1.2171718981e-01 -4.5334332406e-02 -3.6312021990e-02 3.6502983536e-02 -1.4806989810e-04 -1.5854245909e-02 2.5974891987e-02 6.1845468684e-02 -3.5840151483e-03 -4.6463184194e-02 -5.4919650094e-02 5.8434295121e-03 1.2137408731e-02 -6.8137583574e-02 -4.4615634015e-02 -2.5450633505e-02 8.7289027593e-02 -8.2771889971e-02 4.0171266252e-02 -2.1494637624e-02 -2.7248006332e-02 -2.6002181521e-02 -4.4782179267e-02 4.1948666597e-02 -5.7536625651e-02 -1.7076784487e-01 -1.1524729756e-01 -3.5731471196e-02 -9.0090913309e-02 9.9195519409e-03 -3.8567473390e-02 -2.9822316022e-02 1.6594932982e-01 9.7954183758e-02 7.6952035660e-03 -2.4224445965e-02 -8.6520607893e-02 5.8044219713e-02 -5.3938510827e-02 4.1763769993e-02 -1.8491691991e-02 3.0967469603e-02 -8.8245041222e-02 -4.4744456340e-02 -7.6111827207e-02 -8.5483101726e-02 8.2935113393e-02 5.0791266993e-02 2.1400676774e-02 3.1904348326e-02 1.3234833631e-02
-5.0753541219e-02 -3.5951976300e-04 -3.2168190473e-02 1.8454930539e-02 -3.3199748874e-02 -6.5222924231e-03 4.7331863159e-02 1.8796674460e-01 3.4836289374e-02 -6.9010725870e-02 1.0939387610e-01 -4.7856751206e-02 3.7416384178e-02 4.5533837114e-02 1.1667654821e-01 3.2508374616e-02 -2.8661279049e-03 -3.9469661728e-02 -3.8197730813e-02 -3.9600135675e-02 1.2251044105e-01 -8.0094834657e-02 8.8013616108e-02 -3.9491068331e-03 2.7593401941e-02 1.5751093512e-02 -2.1834881875e-02 -3.5415951298e-02 8.8737299752e-02 -3.8841593641e-02 -3.5840874957e-02 5.6384763349e-02 5.7974577306e-02 -9.9769373114e-02 -2.8992067801e-03 -4.3806517711e-02 -9.5944976117e-02 4.4161750718e-02 -5.7589180749e-02 -1.8764233377e-02 4.3529200716e-02 -3.6525088489e-02 7.6616128430e-02 5.2999148184e-02 1.0922431789e-02 4.0169203235e-03 4.1305173732e-02 1.5878749755e-02 8.6065640146e-03 -4.0132803395e-02 2.3699716383e-02 1.2778797035e-02 -3.3629203851e-02 -8.9230119785e-02 4.1115342494e-02 5.5258183189e-02 4.2356971284e-02 -9.4603259514e-02 3.5169143050e-02 -3.0493330953e-02 3.1417921055e-02
-2.6284971597e-02 4.8248595812e-02 -1.0335377495e-01 -9.2466556542e-02 -1.0121555575e-01 -3.5878646496e-02 -1.7492277986e-01 -7.5599776020e-02 1.6409869422e-02 -3.8340986098e-02 -8.5675006500e-02 4.1157632183e-02 2.5443202747e-02 5.5322182247e-02 1.5815657761e-01 9.7468264713e-02 -9.6652787128e-02 4.9468549021e-02 3.2785521533e-02 -3.3702625836e-02 4.6482314965e-02 6.8906023901e-02 8.9803591944e-02 1.5472153338e-02 -8.6668505615e-02 -3.7130624570e-02 1.9911282183e-02 -1.6225229994e-02 8.2193199330e-02 -4.7087621533e-02 7.9832843345e-02 1.4763345060e-01 -1.0823619949e-03 2.7753982814e-02 1.6952760139e-02 -1.8283338804e-02 6.3057865841e-02 -2.9397402676e-02 -1.6204919852e-02 1.4808677264e-01 -3.0637560214e-02 -2.4208531429e-02 2.8203345479e-02 9.2429565170e-02 -1.6281179559e-02 -8.7393504278e-03 1.1166166481e-01 -5.9449373141e-02 5.9696840921e-02 -8.1021735477e-03 2.4691461377e-02 6.7222246524e-03 -3.3744456496e-01 -9.5830349162e-02 4.4465205404e-02 -9.4856050979e-02 -1.2868752095e-01 -2.6128149209e-02 -3.2241913470e-02 4.0952977419e-02 -9.4917841059e-02
-2.3505283070e-02 3.6906360883e-02 -1.0315081634e-01 -7.0252781619e-02 -5.0080374677e-02 1.7686349483e-02 2.6348582048e-02 -1.5468759352e-01 -2.2634530454e-01 1.4323244786e-01 -8.7365905747e-03 6.9248071118e-02 -5.7603782110e-03 -4.7384414417e-02 4.6747060070e-02 -5.2224460246e-02 4.9792306695e-02 -4.5986013715e-02 5.4872158251e-02 8.6083523271e-02 5.9275956000e-03 -3.0374528074e-02 -1.1990037513e-01 1.5688144969e-02 9.4567267106e-03 3.0593047181e-02 1.0914478582e-02 9.0475875521e-02 -7.0493526370e-03 3.3340177166e-02 6.0828372341e-02 -4.3002602357e-02 6.3691158483e-02 -1.4014615796e-02 -7.9717491425e-02 1.1990534779e-01 4.5031424648e-02 4.1412444946e-02 1.0406453226e-02 -5.8741606859e-02 5.6134929103e-02 -2.8356233332e-03 9.8629180523e-02 -6.1610188002e-02 3.4249025413e-02 2.4686204716e-02 2.4308397401e-02 -1.3835576269e-01 -2.2306717803e-02 2.9817952633e-03 -1.1176172881e-01 -5.4965762025e-02 -7.7841037967e-02 1.0867503398e-02 -3.7827993916e-02 8.3636665799e-02 -7.0422621200e-03 -1.5743186596e-01 -4.0375839338e-02 -1.7075850891e-02 -1.0925913215e-02
-3.2725474409e-02 4.2815754623e-02 4.5200672581e-02 7.1206415782e-03 3.6504706341e-02 9.6129364299e-03 -5.8911523651e-02 -2.5298556327e-02 -2.5912475229e-02 -7.3177786234e-02 1.9145870488e-02 -1.2384384411e-02 4.5159351924e-02 -4.7275865515e-02 1.0352103368e-02 4.9072689617e-02 -5.1026828815e-03 3.8395083550e-02 3.9673558505e-02 5.3477133403e-02 2.8624953368e-02 -6.6726832378e-02 3.6220406427e-02 5.9938334371e-02 -3.1620309018e-02 1.0411253675e-02 -4.7456297971e-02 1.2716065266e-01 -7.8245097310e-02 3.8597568627e-02 -5.7756401468e-02 -3.2266003012e-02 8.4500474330e-02 3.5411764525e-02 -3.6916440959e-02 7.5749966119e-02 -4.1032577969e-02 1.6517397955e-02 -7.8915520910e-02 3.9401574371e-02 4.8215588232e-03 -6.0406503941e-02 -1.1497377547e-02 -5.5568937272e-02 5.5483889083e-02 -1.5164042866e-02 -2.2071118372e-04 4.8729003079e-02 -2.9352186349e-02 1.5989233295e-02 1.1140573524e-02 -6.7804770936e-03 3.4659701022e-02 2.6436033474e-02 1.2741546139e-02 8.8911566480e-03 7.2119223719e-02 -1.0860397235e-02 2.6229802571e-02 -5.2532670700e-03 -3.5260087421e-02
-8.6678598393e-02 -2.0023785374e-01 -7.6479548253e-02 -8.0997603941e-03 -3.1964872826e-02 1.9666747286e-02 -4.2648165478e-02 -3.0620993421e-03 -6.7290415168e-02 -1.1243930680e-02 7.4996279195e-02 4.2183152781e-02 2.6483102207e-02 -1.7040507016e-01 5.0624559661e-02 -3.0794940246e-02 -1.0190607294e-02 -4.4936206616e-02 -8.0705343015e-02 5.6841142036e-03 6.1063652050e-02 -1.4101884671e-03 -3.8655564108e-02 7.7519365959e-02 -5.8587241782e-02 7.7051846946e-02 9.2206272129e-02 1.2454848253e-02 -6.0447847626e-02 3.1278343779e-02 -1.3202629424e-02 -3.3642258937e-02 -8.4614701798e-03 2.8768510385e-02 -5.2934938017e-02 8.8513035429e-02 -5.5059662329e-03 5.5566721978e-02 7.1197167885e-02 -7.3180201327e-02 -3.4508034857e-03 3.8786116655e-02 -2.2615343040e-02 -1.4878143197e-02 -2.2834662567e-02 3.7798530900e-03 2.9851351931e-02 6.1632066356e-03 -2.0947234572e-02 5.4436469315e-02 4.9764831261e-02 -1.8669461363e-02 -3.3638982296e-02 1.0249820358e-01 -7.3372038231e-02 4.2139034021e-02 -4.7853251712e-02 2.4984183891e-02 -5.0015384748e-02 2.3769939410e-02 4.6270282048e-02
-2.6645982086e-02 -1.2840947052e-01 7.2294160639e-03 -1.2261072193e-02 5.0206901457e-02 4.9514107170e-02 5.5479860044e-02 -1.3380263267e-01 -4.7515474621e-02 2.8933131024e-02 -9.4414492085e-02 1.3689784030e-01 -5.5214467444e-02 -9.1094236907e-02 -5.0872285783e-02 2.3307421793e-02 -7.2090768199e-02 -3.1145714875e-02 -3.3031405664e-02 -4.0023080605e-02 1.1799084166e-01 -1.2358745746e-01 6.2062583950e-02 3.8542036656e-02 1.8627851841e-02 -4.4760429988e-02 3.5369218070e-02 3.9593259912e-02 -3.1118135735e-02 -5.5556007905e-02 -5.0915367228e-02 9.0419004503e-02 -1.1353583708e-03 2.1068126103e-02 9.4209103415e-02 1.2601559511e-01 6.5297844410e-03 -1.6331985824e-02 -1.7512232982e-02 -1.3916707982e-01 -8.2024485435e-02 -1.6949604666e-01 -4.8689794349e-02 -7.6586831551e-02 1.3876126272e-01 8.0406840839e-02 -1.1087846311e-02 -1.7957917919e-02 5.6187794730e-03 1.5017778501e-01 -8.9623105247e-02 -3.5597381685e-02 1.7961568608e-02 1.2429662985e-01 5.1620187130e-02 1.6156769352e-01 1.0342367349e-02 2.8098140460e-03 -1.0636768616e-01 7.8593861080e-02 2.0454048403e-02
-3.3961891105e-02 8.9980242470e-02 6.2290573858e-02 1.6432857315e-03 1.0392070807e-02 -2.9716109541e-02 -3.7189473193e-02 1.1562417300e-01 -1.3427886923e-02 -1.4219745269e-02 -2.2006709062e-02 3.0089256340e-02 1.9940873718e-02 2.2873855036e-02 7.0799227871e-02 -4.9393570724e-03 -6.3625624551e-02 2.9247602153e-02 3.6651493074e-02 -1.0359391301e-01 -1.7900999423e-02 5.1252752357e-02 -3.9959930036e-02 4.4809124243e-02 1.3536757558e-03 -1.1992310343e-02 2.8796188720e-02 -1.5598288386e-02 -1.6831896546e-02 1.6102229407e-02 6.2484983425e-02 7.4919866789e-02 -1.4123291668e-02 -6.8735097826e-02 -5.5066242400e-03 -5.2821228175e-03 5.1080454244e-02 -9.2178007055e-03 -5.3133898382e-02 3.2022564613e-02 6.2296945236e-02 4.2567312965e-02 1.2209629185e-01 2.3856905912e-03 3.1238012397e-02 -1.0121928703e-03 -7.3700367698e-02 4.0844066395e-02 1.8235466137e-02 -1.0981330314e-01 -1.8881877324e-02 6.6460009983e-02 -9.0386419677e-02 -3.4104274514e-02 -3.3241859211e-02 1.9783302772e-03 1.2815369752e-02 1.1999018192e-02 -1.9766522680e-02 -4.0550035348e-02 2.7011877176e-02
3.6187180365e-02 -3.6163688523e-02 -8.6513914564e-03 -2.5612082011e-02 -5.5613999033e-04 -2.9944905810e-02 -3.8562708618e-02 -1.8598070944e-02 -3.1141573271e-02 -1.3711543663e-03 6.5811968533e-02 3.8335115960e-02 -1.0967264031e-02 -8.5821859442e-02 -1.4421610083e-02 -6.2616317595e-03 -4.3371801354e-03 -3.1574916164e-02 -3.2955625052e-02 3.6015040014e-02 2.2511373190e-02 -5.2248124938e-02 -3.3547968957e-02 1.1634656244e-02 -1.0884471925e-02 1.6420037406e-02 -2.1736361306e-02 -2.7741571584e-02 4.1326138511e-02 1.7467523891e-02 -1.4503942191e-02 -5.7464911876e-03 6.9672840207e-02 1.5907947609e-02 1.2898634346e-03 3.9090907953e-02 8.7558512314e-03 2.3185398994e-02 3.8409142155e-02 -3.3010442580e-02 -2.1587564071e-02 1.1553654055e-02 -8.3296362171e-02 -5.5597287309e-02 8.9338326377e-03 6.6582573122e-03 -1.9296864076e-02 -2.6433903005e-02 -1.4567359740e-02 2.4879307676e-02 1.9386846734e-03 -1.0877887520e-02 3.3651480492e-02 -7.5701590072e-03 2.9027957335e-02 -3.1044792158e-02 -1.2691994190e-01 -4.5710830808e-03 2.4684485631e-02 1.4862820330e-02 7.6184278367e-03
9.4237765088e-02 2.3189511565e-02 -6.6768401505e-02 -3.0372707074e-02 -7.3456557494e-02 1.2040043924e-02 4.1348170450e-02 4.9411087276e-02 -3.0757510845e-02 2.9907064622e-02 -9.8017467049e-02 1.5903350144e-01 1.9312099838e-01 3.2462988955e-03 -4.2042069686e-02 -8.3182489268e-02 -1.0276512016e-01 1.1514854959e-01 -2.6337091062e-02 2.6251997904e-02 -5.1519463601e-02 -7.5689676807e-02 -9.6886979916e-02 3.6379841335e-02 -2.9661742950e-03 -5.1411491001e-02 7.5891133543e-03 -2.9824304483e-02 -3.9986043469e-02 -8.8250865953e-03 -5.0171743729e-02 6.6986548128e-02 -9.9863907678e-03 -2.9015065080e-02 -2.6507278558e-02 4.2212336422e-02 5.4369613554e-02 2.7801184849e-02 -1.1749451384e-01 -2.0306759545e-02 6.1895621289e-02 -1.0456097377e-01 -1.2670817659e-01 -5.8844557105e-02 -9.9745553084e-02 -1.2430172813e-01 7.1580592897e-02 1.6206077225e-03 -2.0585262532e-02 -1.1471494932e-01 1.0085539024e-01 -4.8874999750e-02 -1.1248387113e-01 1.0493483939e-01 -4.8838524043e-02 -2.1901039211e-02 8.5019217680e-02 1.0649342520e-01 -3.2608103586e-02 -2.8472216750e-02 1.3320504793e-02
-4.1017989779e-02 9.7459619693e-03 1.5095766818e-02 3.4092903251e-02 -7.0873208263e-02 2.2691747581e-02 -6.2433548252e-02 8.1704691608e-02 -2.2206292901e-02 -9.7592459308e-03 3.3341824625e-02 2.8461861121e-02 1.1390906156e-02 -3.1690067402e-02 4.2421731933e-04 1.4127177834e-02 1.8791357897e-02 1.5763594182e-02 4.8438427967e-03 5.0736980782e-02 -7.0391028843e-02 -3.3999841821e-02 1.0856798631e-02 8.0319692484e-02 2.6994605937e-02 -1.7401710751e-02 -4.1615955707e-02 4.1708885723e-02 2.4710860209e-02 1.9303355912e-02 -1.7183409765e-02 -3.2236289120e-02 3.6818758075e-04 -5.8539356098e-02 -5.9558813053e-03 2.5332551609e-02 -1.4001074924e-02 6.6131556679e-02 -1.6439652096e-02 -5.7215001159e-02 3.9269827459e-02 2.1245392996e-02 -1.1061518774e-02 -8.3715437422e-02 2.4297369923e-02 -7.2941067700e-03 3.6709802585e-02 -1.9610306763e-02 1.2479195965e-02 -2.7741016215e-02 4.4227585975e-02 -7.9670107302e-02 2.2992474865e-02 3.2771030785e-02 -7.9862780584e-04 7.4911354399e-02 2.3114664354e-02 5.3113711262e-02 1.8128695412e-02 1.3962433590e-02 -4.7580668539e-02
-2.5484783591e-02 3.0341969666e-02 3.4164917959e-02 -1.2539149654e-02 6.6375650474e-02 -9.1991274946e-02 6.5385105395e-02 9.6026787587e-02 6.1383672992e-02 2.3081675631e-02 -4.5830970014e-02 -3.2114056841e-02 -1.6750980055e-02 3.2085368012e-02 1.0985050490e-02 1.9713439559e-02 -6.9261798718e-02 5.0071614452e-02 2.8277015076e-02 1.9977812943e-02 2.6575663759e-02 6.7024337704e-02 -2.2900502065e-02 -1.7014628567e-03 5.6295056121e-02 -3.5847687222e-02 -1.4919216067e-02 -1.3463680323e-02 -3.1083315218e-02 8.2435829790e-03 -4.6775841156e-05 3.1817962203e-02 1.7285560475e-02 4.5881780705e-02 -1.4547957879e-02 -1.0128033294e-01 -1.1174153856e-01 -5.4027601117e-02 1.6250720539e-02 2.5389172822e-03 -1.9218542961e-03 -4.2208573986e-02 3.6053471288e-02 9.3529476350e-02 -4.3169734841e-02 1.4011720110e-03 3.7983922148e-02 4.6636544342e-02 6.1329585174e-02 1.9923534478e-02 -9.0631991885e-03 8.6440315981e-02 3.1068428295e-02 -4.5735072736e-02 1.2167788254e-02 -7.1203589708e-02 1.6261555893e-01 -3.3006455546e-02 2.4621802354e-02 -7.9436053572e-02 -1.6208455450e-02
3.8308143733e-02 -1.5412882977e-02 1.2732256050e-02 -9.4626479184e-03 -1.2359480775e-01 -2.1833933957e-02 4.1832204872e-02 6.2399201392e-02 -2.0046982648e-01 5.3844623056e-02 -8.3806753203e-02 -2.2794719951e-02 5.1741374758e-02 -2.8096600779e-02 1.1739583154e-02 5.2313286469e-02 -9.2225280383e-02 -2.8424153398e-02 -1.5285893729e-03 -8.3332697321e-02 3.5406849809e-02 1.8035164365e-02 4.7079911760e-02 2.3758517191e-02 -4.6280864081e-02 1.9419625026e-02 2.5015155799e-02 -3.2300991487e-03 5.3111854396e-02 2.5185945159e-02 2.8200396229e-02 1.1193627777e-01 1.6336091861e-01 -1.2144962539e-02 -4.5634955277e-02 -4.2888364184e-02 -4.9697293091e-02 3.5668520908e-02 2.7402513889e-02 8.4897479374e-02 6.4331265296e-02 -5.0793187980e-02 -1.7798483694e-02 4.4189062868e-02 -4.5884613934e-02 -7.3482416807e-03 -1.4554111101e-01 7.8682002859e-03 -1.0448302542e-02 -5.4878011522e-03 5.6181562912e-03 7.1735841763e-02 8.5655965611e-02 1.3659987078e-01 4.2721817623e-02 -7.5928112859e-04 -1.2328575918e-01 1.7345380949e-02 -6.8477212498e-02 -3.8460690815e-02 -6.7352855342e-02
-6.5066558162e-02 1.2013264597e-01 -9.0764181563e-02 7.7533729423e-02 5.7672961227e-02 -7.6269196629e-02 -7.5633180802e-02 2.2351848343e-02 -3.1118165655e-02 6.0181309263e-02 -1.6859690806e-02 -3.5903488499e-02 1.0324764478e-01 -7.1029618226e-02 2.4060864253e-02 -3.9602550431e-02 -3.4176842240e-02 -2.4279275839e-02 1.1330711051e-01 -5.6217878430e-04 8.0172392641e-02 1.4642626022e-01 -3.7879420702e-02 -9.0267137888e-02 -3.4978526250e-02 -4.0322893466e-02 1.0044618569e-02 5.0586619959e-02 1.5726310895e-02 2.4484461082e-02 -5.0876822114e-03 -1.3777301550e-02 7.6924762434e-02 -8.5308111894e-02 5.4208116953e-03 -7.7461131050e-02 -5.4969751313e-02 -2.1249231224e-01 1.0456558965e-01 4.3864693335e-02 -1.5775147297e-02 -8.7326378028e-02 -6.4852301370e-03 -2.4127126357e-02 2.0001060308e-02 -1.7303528699e-01 -2.5829688889e-01 3.9253062475e-02 7.0695317546e-02 5.2387274410e-02 8.1161162177e-02 -1.8522608619e-02 9.1659873887e-02 -5.6847604518e-02 -1.4133031101e-02 -2.3220859194e-01 1.1820714605e-01 -4.8953527227e-02 -4.8360784086e-02 -1.4071608089e-02 2.7881103497e-02
-2.6837901336e-02 -7.3149573470e-02 3.1116312769e-02 8.0687625736e-03 3.4531428825e-03 1.1196863366e-02 1.4336493850e-03 4.4677586503e-02 -1.5476736910e-04 -5.4618872734e-02 -1.7019723058e-02 3.0320145012e-02 -2.5478111627e-02 -7.4465991038e-02 9.1252596537e-02 8.5235637922e-02 -1.1357191947e-02 -3.1559162417e-02 -3.2592699074e-02 2.4683782069e-02 -3.5750918261e-02 6.3397489859e-03 1.7736513383e-02 -1.1899557552e-01 1.3262502434e-02 -2.2184544682e-02 1.0675907311e-02 9.1997077380e-03 -4.1040165233e-02 6.1818966008e-03 -1.8609301109e-02 1.8283000524e-02 9.4756887951e-02 3.3159115811e-02 4.3085253953e-02 6.3285159923e-02 9.3084088559e-03 -8.9458291499e-02 1.9925629534e-02 4.4102963480e-02 -1.9265601141e-02 6.3346670965e-03 4.4074404420e-03 -8.3760176250e-03 -6.3984230515e-02 5.6019834151e-02 -2.8257238054e-02 -1.1778245302e-03 -3.3685309794e-03 3.5884447002e-02 5.2244517213e-03 5.5966174945e-02 1.7469788566e-02 -1.0106612233e-01 7.7761936545e-02 2.5525305708e-02 3.7222447273e-02 -1.0048143748e-01 -1.2689751585e-02 -1.6702461284e-02 3.3845678323e-02
-3.2270942783e-02 -1.9723781943e-02 -1.6066533151e-02 3.2053615440e-02 1.1825784417e-02 2.8481392689e-02 -2.3175239702e-02 -1.3686917188e-01 -1.3589263102e-03 3.6227755717e-02 -1.6434023271e-02 -4.8651600672e-02 3.5373791046e-02 2.9775680942e-02 -4.1780282510e-02 -2.1294106128e-03 -5.5321459319e-02 -5.1663086608e-02 5.4829661136e-02 -1.2165799276e-01 7.1366529201e-02 -7.5628917890e-03 -1.6251656385e-02 6.9052328271e-02 2.2450809668e-02 -2.3299280355e-02 -1.0258183391e-01 3.9106813583e-02 -6.0126726700e-02 3.0197578304e-02 -2.7940200953e-02 -3.5390766265e-03 -6.6665629517e-02 1.5082063986e-02 -2.9972246786e-02 9.0576845854e-03 -8.6356186074e-02 6.7798488034e-03 6.6781176808e-02 -4.9576113853e-02 3.4397537741e-02 3.7226375309e-02 3.6378285350e-02 6.2190616776e-02 1.5370811521e-02 1.4369812864e-02 -1.1362633725e-01 -2.1019775571e-02 -3.8580363770e-02 6.1605981990e-02 -3.8101222374e-03 -2.5452827142e-02 -1.6906042108e-01 -8.2357450927e-02 -2.1415625551e-02 -1.0774015144e-02 6.1356404521e-03 2.2182484360e-02 -1.3279308968e-01 -3.2106132660e-02 7.6930415031e-02
