-4.7889589769e-02 -1.1295184122e-01 2.5501990484e-02 5.7285868389e-03 -2.0608917690e-03 -1.0175225065e-01 1.2913041118e-03 -1.2224695614e-02 5.1256742324e-02 5.3899354971e-02 -4.2683801137e-02 -5.3182642105e-02 2.0218663190e-01 -7.7809994505e-02 -1.4442299509e-03 8.3866969286e-02 -5.6148749010e-02 5.6862795579e-03 -2.2739859959e-02 -1.1097509304e-02 8.0487733715e-02 1.1035412793e-02 -5.1098545643e-02 -9.4002903193e-02 -5.4931098054e-02 -3.2486704688e-02 1.0440604920e-01 9.2452058551e-02 -3.7779380321e-02 3.7380309938e-02 9.5113420022e-02 -1.0498630774e-01 4.5178326272e-02 1.0331759440e-01 -1.4127937748e-02 -8.2715942019e-02 5.5619317212e-02 -1.6972848048e-01 1.6594187663e-02 -3.3381297063e-02 6.8008770638e-02 7.6214679955e-02 -6.4253681860e-02 3.3678229407e-02 -4.0529285691e-02 -1.9965539611e-01 1.2373599765e-01 4.7169157512e-02 -7.8385934060e-02 8.1841948816e-02 9.2240407866e-02 1.0749719005e-01 7.8463569942e-02 -3.9809944097e-02 -4.4385102630e-02 -3.3099010720e-03 -8.4684290044e-02
3.4875225550e-02 2.4357765460e-02 -1.1794935488e-01 8.7168832022e-03 1.8718083499e-02 -4.8985476818e-02 3.7305914610e-02 -3.1238272835e-02 2.4984833920e-02 -1.1434493454e-02 -1.3111930651e-02 -2.7713110431e-02 -4.3391232671e-03 -7.2097334978e-03 -1.1844178212e-02 1.4355494906e-02 4.8594857226e-03 -1.3204789687e-02 5.9227671690e-02 7.2363270353e-02 -3.2517897133e-02 5.9596862272e-02 2.3786691166e-02 4.6096096461e-02 -1.2076159450e-02 1.1993589843e-02 1.6145176030e-02 3.8554799228e-02 1.9790973298e-02 -8.1064541379e-03 4.9635704939e-02 4.8893826391e-03 4.7742731723e-02 9.5608492216e-02 -1.7645224815e-02 -7.4964927446e-03 1.3368106496e-03 6.1364073147e-02 1.3092595540e-02 -2.4372188685e-02 -3.1856734722e-02 -1.7010682286e-03 -2.2032000431e-02 -1.1006745282e-02 9.4892209745e-03 5.5934084720e-03 -4.2926199419e-03 -1.0484556518e-02 -1.3959435802e-02 -1.3457986564e-02 -1.1405961300e-02 5.8009396377e-03 6.3417195776e-02 -4.6409748392e-03 -4.5393798283e-02 -1.0581990196e-01 1.0312133290e-01
-5.8661742468e-02 1.3698112432e-02 -1.0071685367e-02 -3.9627879101e-02 -8.2503098842e-03 3.7523471486e-02 -5.1448887783e-02 -8.3672718456e-03 5.8462944320e-03 -8.0636796189e-03 2.4715438544e-02 -5.5399798019e-02 3.8257770150e-02 -3.0880983661e-02 -5.0927688421e-02 -7.6879870785e-02 2.7035219267e-02 4.2721102210e-02 -6.0220545649e-02 -9.7387406762e-02 -8.5426326948e-03 -7.1258933963e-03 -7.6420487396e-02 -6.8131780195e-02 2.3403725866e-02 5.2817170950e-02 5.1081028438e-02 1.8609555481e-02 1.4589128893e-02 -5.5926738090e-03 7.6630663214e-02 -4.0199117476e-02 -1.6005159852e-02 6.6848090512e-03 -1.0597276018e-01 2.3742232098e-02 -2.7049670820e-02 6.5417150797e-03 -3.4132795870e-02 -5.9875005939e-02 -3.8560733505e-02 -1.8584655659e-02 4.7578316246e-02 -1.3105672247e-02 -3.3475889375e-03 1.6782030700e-02 -2.4282270226e-03 2.2615101834e-02 2.2343911028e-02 -1.4277586834e-02 5.9546778287e-02 -2.7874779788e-02 -5.4231897919e-02 -2.1785746875e-02 7.1984850739e-03 -4.4946455731e-02 2.0357632942e-02
-2.2871062538e-03 4.4114112853e-02 -3.2102138593e-02 6.3418494591e-02 -4.9712203776e-02 -6.4806208662e-02 3.8797117903e-02 5.2854648833e-02 3.9297739799e-02 8.3655374179e-02 6.3430320221e-02 -1.5777725743e-02 -3.1330619321e-02 -1.3341687681e-02 1.7672035855e-03 1.1072308436e-01 1.4685188039e-02 7.9577272672e-02 -4.7192435688e-02 -7.6306936718e-04 4.1114823871e-02 4.8133927011e-03 7.6570682789e-02 -9.5828325188e-02 -4.9349247942e-02 4.0559616449e-02 6.9586166924e-02 -3.1240274116e-02 6.6782356497e-02 -4.5965917627e-02 -4.5702673844e-02 4.1096937304e-02 4.9049675931e-03 -2.5965065105e-02 2.0812209292e-02 -3.6954486779e-02 -3.0489097632e-02 -7.2438092554e-02 -4.8339301022e-03 -6.8786756196e-02 -1.8039698613e-02 -2.1653029106e-02 1.2576561476e-02 -1.0197997783e-01 3.1213412193e-02 -1.9162265519e-03 -2.7308621080e-02 -5.5663722351e-03 4.7196277975e-02 -1.6917157219e-01 -3.7326843515e-02 -1.2531255594e-02 -4.5688940047e-02 5.0999763969e-02 1.2242584716e-02 -3.7869926447e-02 -5.0328360614e-02
-5.7956903238e-02 -4.0415817337e-02 -1.9191340673e-02 -5.7333896261e-02 7.0172063966e-02 2.8198547448e-02 2.1765242161e-02 -4.0577452606e-02 1.0085118923e-02 3.2043713035e-03 -4.8821439470e-03 6.0564828489e-02 1.6296158732e-02 -8.1464082747e-02 2.9088809797e-02 6.3696401160e-02 -2.7478510925e-03 2.0915439946e-02 6.8693043837e-03 -3.3003059898e-03 6.4550618997e-02 3.1646907158e-02 3.9152996216e-02 -2.4425812258e-02 -6.1738449850e-02 -4.2835597597e-02 -1.0099320823e-01 1.0230536266e-01 1.0012544033e-02 1.5876212031e-02 -1.9507909013e-02 4.8416541395e-02 2.1001628400e-02 6.2832421640e-02 -1.2167635475e-02 -5.5676468499e-02 7.9178734555e-03 2.7236932017e-02 2.6686584075e-02 -1.9916521687e-02 5.1037700138e-02 7.7998335186e-02 7.6134858131e-02 7.2684747533e-03 2.6893572269e-02 -4.2189125052e-02 4.1901897874e-03 -1.1581973734e-02 -3.0301508321e-02 1.2879815213e-02 -5.7911299994e-02 -7.3600196721e-03 -3.8857274032e-02 4.4653982320e-02 1.0161371744e-01 2.8267036741e-02 -1.4068605499e-02
-4.5783437330e-02 -1.6970618088e-03 3.1274215210e-02 5.6489820603e-03 -8.5346028207e-03 -3.7919403206e-03 -1.8882593699e-03 1.9584343767e-02 4.9020524039e-03 6.4408923276e-02 1.5615328880e-02 -7.2123954420e-04 -1.5667526188e-02 1.8155510517e-02 1.2487495088e-02 1.0768637513e-01 -3.5547067028e-02 2.6989043367e-02 -3.3178432494e-02 -1.4992450778e-02 -9.2557255298e-02 -1.0771361645e-02 1.7691885005e-02 -5.2798176789e-02 -2.8192650495e-03 4.0961863133e-02 5.1937842322e-02 4.8816234433e-02 2.3711296312e-02 1.7727805775e-03 -1.7505781868e-02 2.4392135003e-02 2.3267943032e-02 -4.1187285421e-02 4.9413436668e-02 -2.1339683905e-02 -4.3333734263e-02 -7.7917561030e-02 -2.7658696280e-02 1.9845094221e-03 1.3936260272e-02 2.0114099672e-02 8.6939543929e-03 -2.7266407381e-02 -5.9790105505e-03 -5.3126095268e-02 6.9708334596e-03 1.8043099838e-02 2.0483339487e-02 -3.0253713586e-01 7.1646514513e-03 1.2119648283e-02 9.6621664386e-03 3.5604868470e-02 1.9836985001e-02 6.9541442537e-02 -1.7963978310e-02
1.2380369765e-02 -2.9277992583e-02 -8.3740721527e-02 -5.5768785604e-02 -7.9489080912e-02 4.7620409913e-02 -9.0780353817e-03 3.9965520847e-02 -2.3017828999e-02 6.3299127772e-02 6.2360743406e-02 -1.9857546262e-02 4.5582962692e-02 9.2982645183e-03 2.8245778059e-02 -1.0485403716e-01 -5.2700049350e-02 8.4076693096e-02 -4.9731709976e-02 -3.9103322072e-02 -6.4006276307e-02 9.3959033842e-02 -3.6661277752e-02 1.4549293240e-02 1.2679645470e-02 5.8971056151e-02 -3.4893682970e-02 -3.4682316593e-02 -8.0794127676e-02 1.3378847848e-02 -5.8541793285e-02 5.9568331611e-02 -6.4333758238e-02 -6.7042657687e-02 -1.0408674052e-02 -2.1520309226e-02 5.4683727510e-02 1.0379039278e-02 3.4534855164e-02 1.5537896236e-02 -1.2241038895e-02 8.7932447516e-02 1.5411118269e-02 1.9134278383e-02 4.3109223345e-03 -1.8058446006e-03 -7.8446021825e-02 2.7047209147e-03 3.0517421380e-02 -1.9618654963e-02 1.9637298243e-02 6.3532490045e-02 5.7377758283e-05 1.0339470089e-02 2.4270223673e-02 8.4528522707e-03 3.3184379397e-03
6.9491935961e-02 -4.4362498274e-02 3.2136708920e-02 -9.8274512242e-02 1.7280316720e-02 -3.5406591306e-02 -3.9669946464e-02 4.4810260067e-04 4.3361171157e-02 -6.5031782797e-02 -6.5567013193e-02 5.2570906689e-02 -8.7148019446e-04 -5.9673913657e-02 -5.9587068793e-02 -1.0178904684e-01 3.0431138295e-02 -5.2474896142e-02 -2.3062490418e-01 -5.1761128546e-03 -4.1314605847e-03 2.1537586987e-01 -7.0045012160e-02 -5.4948392091e-02 8.8692369382e-02 -3.3061224794e-02 3.0747536002e-02 1.0936211725e-01 2.8165180855e-02 7.3435913984e-02 -1.3087101099e-01 -6.0837720862e-02 -1.7694514156e-02 -2.5512858030e-02 -1.2274028903e-02 3.6419733953e-02 -1.0136801886e-01 6.4545161637e-02 -8.6411847026e-02 -1.7157852449e-02 -6.2254574513e-02 -6.7179409809e-02 6.1104688248e-02 -1.1787316933e-02 9.4651310662e-02 5.3049536265e-02 9.3237792076e-02 -9.5709848818e-02 -2.2652574067e-03 3.0139075284e-02 1.0580257121e-01 -3.6010846443e-03 1.0353573399e-02 -3.7244504972e-02 -4.6425633586e-02 -1.1083132808e-01 4.0686113120e-02
7.7671453195e-02 9.3777663566e-02 5.6812401477e-03 -3.3139905095e-02 -2.6161376205e-03 -3.5566174213e-02 1.9382671466e-02 -2.2493992536e-03 -8.5505217270e-03 -1.9385898849e-04 1.2504801463e-02 1.1092634714e-02 -2.6471799110e-02 -8.7565131315e-03 -2.4682819074e-02 3.6273118363e-02 3.7936547337e-03 -6.5222958102e-03 -1.6892898496e-02 -7.4291568429e-03 -2.5900020614e-02 1.7490286431e-02 1.2564802844e-01 -3.9174344674e-02 4.3479703511e-02 2.8848757028e-02 4.4816092416e-03 -3.4190709853e-02 -1.2678703531e-02 1.6275216305e-01 2.2442484169e-02 -6.7115865613e-02 -1.5407335659e-02 -2.3282186612e-02 -1.9568169842e-02 1.0217754130e-01 6.0170937857e-02 1.5100640311e-02 7.3929611908e-02 -7.7323805992e-03 3.9719866620e-02 -4.5830596117e-02 1.9173261494e-02 4.6621444977e-02 -1.1680093311e-02 -8.7852879167e-03 7.3369172643e-03 1.9034681428e-02 2.0266530626e-02 -3.4785707708e-02 2.7387128882e-02 5.5838976964e-02 -2.0020789701e-02 1.5457482067e-02 1.6530293958e-02 -2.1269756225e-02 1.5235200444e-03
-6.7012736850e-02 -1.0661112829e-01 1.5075204449e-02 -9.6597268633e-02 8.3187908017e-02 4.7007729190e-02 -2.3857968755e-02 1.5439145552e-02 -7.4168510544e-02 -8.1480335029e-02 -1.0794550889e-02 -1.3649605396e-02 -3.5913792635e-04 -1.5492670278e-02 -5.5498230549e-02 -7.8274269940e-02 -2.0769949410e-02 1.0084443748e-01 -3.5238539613e-02 -4.3530152655e-02 1.0884224260e-01 -1.2952420293e-01 4.4869844000e-03 -7.7147896205e-02 3.8621860546e-03 1.7091836237e-01 -4.1899752371e-03 -1.0270443631e-02 -2.7182513668e-02 -8.5022239250e-03 1.2644768159e-01 4.6181446193e-02 -1.7765426144e-01 2.7766009481e-02 1.3780436687e-01 3.7131701885e-02 8.7964708001e-02 -1.1547020162e-01 2.7618434696e-02 -1.4264053544e-01 4.2544225363e-02 1.0633643712e-02 8.6598484916e-02 -1.7750320262e-01 -2.8612786411e-02 4.7595814490e-02 -8.4708137520e-03 -5.2434481441e-02 9.4830872969e-02 4.0565733113e-02 5.4591910561e-02 1.2974489802e-01 -1.2610728334e-02 -2.3537129939e-02 5.9083739198e-02 1.4107554581e-01 2.3684074245e-02
-1.1819934837e-01 -4.4436480082e-02 2.5444191189e-02 -6.3780379085e-02 3.7494949962e-02 1.1867826228e-02 -1.7803638462e-02 -3.1946611706e-03 -4.3927894861e-02 6.2038406185e-03 6.1072025104e-02 -1.2076483767e-02 1.9596280955e-02 -1.2081575373e-02 3.0574076521e-02 -6.9265721961e-02 -2.5656841495e-02 6.0314893675e-02 -3.5142464046e-02 7.6081359637e-03 -2.5061116943e-02 -5.7603859511e-02 6.0850360841e-03 1.0519867136e-02 -1.6356837116e-02 9.9726311176e-02 4.2217994063e-02 1.7331180942e-02 -3.7565881854e-02 1.5808885621e-02 6.5520182310e-02 1.9902400616e-02 6.1265256078e-02 -5.1531133076e-02 -1.5251433860e-02 2.3546361905e-02 -5.9831716385e-03 -1.0625698034e-02 -1.8752648533e-02 -3.1565913735e-02 3.0213200146e-02 6.6094687761e-02 1.3450054840e-03 -5.2741010244e-02 -2.3412825905e-03 -6.7667721511e-02 3.3868399160e-03 -3.3690393130e-02 3.6920506045e-02 -2.4414548506e-02 3.6734624841e-03 3.8784788480e-03 3.6211492446e-02 2.3021778740e-02 8.8554038825e-02 1.5612819641e-01 3.8549980226e-02
-1.4913317604e-02 -1.1127036829e-01 -1.5930226201e-02 -5.9087051847e-02 8.3683476607e-03 -7.1130872288e-02 -3.2281493990e-02 1.2207940996e-03 2.3020614082e-02 -1.0023406127e-02 9.1583766530e-03 9.0433616527e-02 7.9563392029e-02 -8.6610586184e-03 5.9619211764e-02 1.3102098078e-01 -6.5419213004e-02 2.9761699661e-02 4.2496551736e-02 -6.4522159983e-02 -3.6605384086e-03 -6.6462843387e-02 -8.4817954343e-03 -4.0559629554e-02 -4.7255704263e-02 8.1011361622e-02 4.3952198249e-02 1.2445833824e-01 -4.8177365932e-02 2.8500793384e-02 4.4636446494e-03 5.3250901156e-02 -1.3623347412e-01 -2.4416095421e-02 -1.3144383753e-02 -1.6288528868e-02 -4.7501984941e-02 7.0311059586e-03 -4.5442241428e-02 1.3771595552e-03 6.4024558255e-02 1.1937545964e-02 -2.7095309730e-02 5.0008084362e-02 2.0169776003e-02 -3.4884740873e-02 1.9015212907e-02 4.0837081199e-02 4.8961758752e-02 -8.6446527147e-03 3.3017826821e-02 5.0375913763e-02 -4.2633813463e-02 4.4862432309e-03 -4.2258390638e-02 1.2689658770e-01 3.1757744984e-02
-2.8124073402e-02 -1.7023964293e-01 -3.6926480907e-02 -1.0959052742e-01 2.5962044772e-02 -8.6686503503e-03 -1.5596303379e-02 2.3058557378e-02 -4.2699669683e-02 1.2142844335e-01 -3.6175525487e-02 -8.1606819294e-02 -4.2468533919e-03 -1.9622237486e-02 1.4757735052e-01 9.8841002075e-02 9.0063918981e-02 5.6512642157e-02 3.9172666834e-02 7.1587263155e-02 2.8142394993e-02 5.7488283433e-02 3.2598414677e-02 -2.5155882408e-02 6.1761874257e-02 8.3864333668e-02 -6.2146493022e-02 -2.0507628816e-01 -1.0040635300e-02 -9.6398782894e-02 -1.1330165394e-01 1.0847519948e-01 1.4523612772e-01 5.2098207901e-02 -5.9159919704e-02 5.1578179227e-02 -9.0494243806e-03 -4.8982523437e-02 3.6208161414e-02 -1.3406169097e-01 1.2139643736e-01 -2.5033359450e-02 3.5874310364e-03 9.0245554332e-02 8.8153996065e-02 -4.0774923407e-02 4.3517714618e-02 -3.2397319137e-02 -1.5918915364e-02 -7.5711476032e-02 -2.4569887905e-02 -1.5790213759e-02 6.9418812386e-02 1.3857510422e-02 2.3812345108e-02 4.2958037532e-02 7.6211480108e-02
7.5941976905e-02 -6.5102148250e-02 -5.6538059955e-02 6.2700210090e-03 4.3210165327e-03 -2.4233132599e-02 3.4212604994e-02 -4.8943569686e-02 2.8920951096e-02 1.1653695747e-01 -4.2057397382e-02 5.7199135558e-02 -3.4104356637e-02 3.2816741711e-02 -3.7281494407e-02 2.5887000398e-02 1.9977710788e-02 1.6485205809e-03 -1.0178075504e-02 -2.6334991155e-02 9.7305508904e-03 4.0995149256e-02 -4.0718836817e-02 -4.7996547469e-02 -3.4143845795e-03 -1.0942407899e-01 1.8981420016e-02 9.2096473986e-03 4.2843569190e-03 -9.5186074748e-02 1.5314473100e-01 -6.8273781590e-02 1.2163825371e-01 1.6625410961e-02 -1.7880245624e-02 3.9992152804e-02 -4.5403194411e-02 5.6462934100e-02 5.3212658859e-02 5.2060965349e-02 2.5640864982e-02 -5.1899450668e-02 -7.6210667893e-02 3.4318872049e-03 -2.7174740679e-03 2.5686616722e-02 -8.6809131783e-02 -6.2200987824e-02 6.7021124800e-02 9.9893083757e-03 3.4482622845e-02 5.0487350423e-02 -1.9746032782e-02 3.8192156551e-02 4.4156270047e-02 1.1466146013e-02 -1.4007324561e-02
-2.4827984698e-02 -7.3171385912e-03 9.0198967423e-03 1.1273852357e-01 1.0551311775e-01 -2.2087964151e-02 6.6265009128e-02 -4.9105913095e-03 -4.3940679655e-02 -7.9508601886e-04 7.8015945250e-02 4.1072735219e-03 6.0530357660e-02 -1.4245891834e-02 -2.2903336407e-02 1.0102452025e-01 2.0243254355e-02 7.1656828990e-02 2.7112479731e-02 -9.2033518332e-02 4.5937536213e-02 3.2453207607e-02 9.0869691521e-03 9.4361891969e-03 5.0713499193e-02 -2.7878254881e-02 -2.3487440282e-02 4.4516573587e-02 -6.1175469079e-03 -1.5894434587e-03 -3.9630181287e-02 -2.3688938912e-02 -4.4076894391e-02 1.3480490932e-02 2.3047824755e-02 9.8054505705e-02 2.1508626775e-02 -2.9758742058e-02 3.0046419162e-02 -2.7349646160e-02 3.0527732364e-03 9.7911373840e-02 -5.5792641414e-02 -2.4887871148e-02 9.9823271803e-03 -3.6896123104e-02 -2.1514054637e-03 1.4842839880e-02 -1.6270917558e-03 1.5987692759e-02 1.0620763974e-01 -3.5117556013e-02 2.7361479986e-02 1.3193001019e-02 -4.9048678717e-02 -6.6112470513e-02 3.5955585372e-03
8.3065274118e-02 -3.1861814581e-02 8.5926189753e-02 4.7591643972e-02 -3.2136901919e-02 -7.1653688575e-02 -1.2600650175e-02 -3.6055868881e-03 -1.4316796562e-01 1.0202272747e-01 3.0215986057e-02 2.6789631392e-02 1.1413507233e-01 1.1647572094e-02 -9.7432589133e-02 9.7637928947e-02 -7.4320680553e-04 -1.5029607418e-02 4.2763258323e-02 5.4928924304e-02 -1.0685080490e-01 7.1348885425e-03 -1.2094380047e-02 -1.3645226565e-02 7.4265594375e-02 1.6264998816e-02 -1.0380673451e-02 7.1415270931e-02 3.3339352658e-02 9.7032523326e-03 -4.3432707172e-02 -1.7824262554e-02 2.8419721333e-02 1.4275881003e-02 -1.1589739183e-02 -3.8432381994e-02 2.7412148309e-02 3.5140002113e-02 1.6330364567e-02 4.3075380016e-02 9.7896466497e-02 -1.9828745243e-02 4.1701200482e-02 -2.9081041600e-02 5.1894861755e-02 1.9994467531e-02 1.5961891261e-02 9.1482622537e-03 -6.1488190837e-03 2.1631844510e-02 -6.3840272872e-02 2.7255760192e-02 -1.3521451092e-01 2.2416842299e-03 -6.6474766671e-02 1.5245757581e-02 1.4809955100e-02
9.4289201745e-02 -7.8325580312e-02 -9.2640345438e-02 -1.0116534397e-01 2.1035844706e-02 -9.4819201586e-02 4.1827169533e-02 2.2514675738e-02 8.6675256344e-02 -2.2748372120e-02 9.6708862371e-03 5.0025934900e-02 2.7251964566e-02 -5.4923601627e-02 -1.6708902995e-02 -8.0149451764e-02 5.7440884336e-03 -3.0518480065e-02 8.3773024842e-02 -3.0261260584e-02 6.9813340745e-02 -3.5060373554e-03 -2.2864712682e-02 1.8514605181e-02 -3.2073579628e-02 -1.0318333624e-01 2.2363392811e-02 9.0343072108e-02 -9.0708282817e-02 5.9170282254e-02 -3.4080107554e-02 1.1400352774e-01 -1.2430217414e-01 6.1324123955e-02 1.0112506420e-02 -2.1459575666e-02 -5.2732811765e-02 4.5438293130e-02 -1.9608269107e-02 -1.6393237196e-02 3.8084819648e-02 -5.3904284735e-02 1.0116275033e-02 1.7695878828e-01 -1.1679150667e-02 -7.2910967517e-03 -3.1622408595e-02 1.4793582968e-01 6.3804307172e-02 -7.8468664782e-02 -4.3240866688e-02 -5.3201193900e-02 -3.8760254829e-02 -3.7627729913e-02 -1.1237502808e-01 1.1871800077e-01 1.2280603880e-01
-3.1668475525e-02 -4.3389527688e-02 4.0604532785e-02 -6.3961807856e-02 3.1486603442e-02 3.9872806430e-02 -4.9792800878e-02 1.9049145949e-02 -2.0190111739e-02 3.7354763516e-02 4.0291612780e-02 1.1496937787e-02 2.0919925205e-02 1.0875560228e-02 1.1066804307e-01 -5.1297410392e-02 -3.4671094218e-02 2.1315074740e-02 -1.3817430544e-01 6.6977542145e-03 6.9438464683e-02 1.7604253491e-01 6.8887165449e-02 -9.0549531240e-02 -5.8174139624e-02 -1.1611622169e-01 4.1710133458e-02 -2.7381617981e-02 7.2650171645e-03 -3.9182284169e-02 7.1483431853e-02 7.0736176284e-02 -9.6919570910e-02 -5.2445315810e-02 -3.3279156745e-03 4.4326609535e-03 -4.3447915120e-02 7.5866220660e-02 -1.1418068443e-01 1.6205957127e-02 -4.6730087060e-03 -6.4440358223e-03 -5.5988695880e-02 -6.8603780662e-03 -7.1913238088e-02 6.1288599305e-02 3.2655931906e-02 6.1008587442e-02 -1.7729930085e-02 -1.1703356806e-02 2.8915208063e-02 1.0151144399e-01 5.7583039477e-02 -1.2695862721e-02 -2.4949840937e-02 -1.6885703920e-01 -5.4429849795e-02
8.0490348863e-03 -5.5664178904e-03 1.3010352762e-02 5.0433475263e-02 -3.9531892958e-03 7.4055638963e-03 -3.9548865437e-02 7.0780769069e-03 -2.2020991134e-02 1.5619651504e-02 9.6033800401e-02 -6.6813993221e-02 3.5955788156e-02 6.9571509977e-02 8.6395646374e-02 4.5898957974e-02 -4.3731935476e-02 -1.2119492398e-02 6.9366215874e-03 -5.8644788345e-02 6.2162485865e-02 2.5489334611e-02 -4.4342763767e-02 8.6320167473e-02 2.3607095839e-02 6.1776060324e-02 3.7040988198e-02 4.9507688606e-02 -4.9312031886e-02 5.1446031000e-02 2.2086521924e-02 3.2588203543e-02 -1.4610920739e-02 5.5236498817e-02 -2.8461444114e-02 2.9059042998e-02 -2.5270586238e-02 -3.2256734800e-02 -9.7036343254e-02 -4.3992469697e-02 -2.9926507757e-02 -3.8102689765e-02 -5.5086119992e-02 -1.1182226074e-02 -2.7081244313e-02 -1.0599235296e-01 -1.4043463457e-02 -2.3470715341e-02 3.1818823401e-02 -1.8992288078e-02 -1.4808987146e-02 6.5094914022e-02 1.2938600124e-02 3.8102151168e-02 5.5578146684e-02 1.0510184729e-01 -7.5603617527e-03
-8.0138411167e-04 -9.1428943743e-02 -8.7927562829e-02 7.9039425382e-02 -8.3250424165e-02 1.1199592400e-01 9.8896085185e-02 1.0368025563e-01 -8.8915638650e-02 3.7646910254e-02 5.0553337464e-02 -3.9651057419e-02 -3.3303366108e-02 1.8039782672e-02 -1.3985728149e-02 7.6193976712e-03 6.0927665456e-02 -5.9696281537e-02 -2.7731727930e-01 -1.1531675644e-04 -1.2615477494e-01 -4.1518424758e-02 -3.2790667383e-02 3.2517708203e-02 1.4950252037e-02 3.4429319793e-02 -7.1585366633e-02 1.6675852333e-01 2.6956588342e-02 7.7213350474e-02 1.0057027612e-01 2.5847029848e-02 1.7256290441e-01 -9.9180470243e-02 1.3733682273e-02 -1.6433876084e-02 1.3216183816e-01 9.6446433424e-02 -1.3957399529e-02 -9.4293094603e-02 6.8841790181e-02 1.2045638150e-01 5.6877242392e-02 9.1538780533e-02 -1.3821277546e-01 -3.1328779752e-02 1.0546826271e-01 -1.0212679279e-01 4.8376548783e-02 -3.1316140350e-02 1.7045082397e-01 -3.5092567506e-02 -6.3555374710e-02 1.9484629413e-01 6.1391665421e-02 -2.0350546867e-01 6.9243851168e-02
1.0005395731e-01 1.1581278107e-01 -1.2493090935e-01 -3.5433812651e-03 1.8851741528e-02 -9.8082149173e-02 -9.9726057916e-02 7.2664871565e-02 -6.5018059591e-02 -1.0830637997e-01 5.5670514606e-02 -7.6668305244e-02 3.0178592888e-02 -1.1570722722e-01 -2.7917713987e-02 1.5021827789e-01 7.8226005654e-02 8.3612434076e-02 -1.1469972811e-01 -7.3575460914e-02 -1.3517416453e-01 7.0304078106e-02 4.9789802850e-02 5.6208002089e-02 9.6188885008e-02 8.1043153567e-03 -1.0226785144e-01 -4.9226729376e-02 -2.9602169730e-02 -4.8193858930e-02 1.3504871375e-01 7.6088767806e-02 1.4228927923e-01 -4.0588767119e-02 -2.7972619440e-02 -1.1194927541e-01 4.0476099333e-02 -5.1463146741e-02 4.9800638746e-02 -3.5856090227e-02 -8.7505584467e-02 -1.2349589098e-01 -1.4785505855e-02 2.4446904080e-02 7.2983510085e-02 -3.9262089745e-02 -4.6290883495e-03 -7.0352903939e-02 1.5677956091e-02 -1.3361186212e-02 -6.7716166918e-02 1.5992571434e-02 3.7572349163e-03 -2.0185964727e-01 -8.4776808459e-04 1.6561082567e-01 1.4567387412e-01
-2.8641779734e-02 2.4873294446e-02 -1.3543333082e-02 -7.7095429131e-02 -5.0747152626e-02 5.3775644038e-02 -6.5010765438e-02 -2.6539524183e-02 9.1596266907e-02 7.2296529101e-02 7.4019936971e-02 -4.9004241460e-04 -5.8982817824e-02 4.0253369266e-02 -4.2928807786e-02 -3.1163892724e-02 -3.0147478829e-02 -1.4111679403e-02 1.2738070605e-01 -4.6647632058e-02 5.2857517586e-02 -1.0586915982e-01 -1.8800185224e-02 1.4132097152e-02 9.9430937975e-03 -2.0058135266e-01 1.6445721555e-02 -7.2830374754e-02 -7.0511628121e-02 5.8780381677e-02 -8.2826808850e-02 7.5552973121e-02 -7.8774236709e-02 -7.4715613815e-02 5.4262734256e-02 3.6963355169e-02 3.4604381071e-03 -1.2478376664e-02 -8.6894443411e-02 -5.6445805272e-02 3.0396186979e-02 1.3831707084e-03 4.6108725326e-02 -8.7414333962e-02 1.3436700469e-02 2.4819642514e-02 4.9061757954e-02 -2.6320033080e-02 8.5963689886e-02 1.1211506629e-02 -1.7131812479e-02 -2.5462578536e-02 2.4830629588e-02 -2.8646119776e-02 -3.7092655639e-02 -4.5576144479e-02 3.6079101625e-02
6.0450956857e-02 -3.3177420529e-02 -1.5842776671e-01 1.1110294341e-01 -8.9793890005e-02 -3.4847065231e-02 3.8123705933e-02 1.7262719512e-02 2.9776418155e-02 2.5277787659e-02 -6.3009410468e-02 -8.5855774643e-03 -3.4417175250e-02 -3.6200811256e-02 -1.1208625489e-01 -3.6784851443e-02 8.5546459964e-02 2.8473566728e-03 -2.4581360329e-02 -5.3850518645e-02 2.4220967548e-01 2.0340388056e-02 3.9498731909e-02 6.0254249608e-02 -3.0376665529e-02 4.1315854427e-02 4.8312092495e-02 -8.9287792622e-02 1.0509886512e-01 3.8925844821e-02 -5.6825810714e-02 2.1430014509e-02 4.8873810311e-02 5.5799746098e-02 -1.6794511326e-02 -3.3064057048e-02 -7.2732176840e-03 1.1821968179e-01 6.4665204446e-02 -8.7651604544e-02 3.1928180780e-02 -2.2408967276e-02 -7.0745652841e-02 -1.7239935720e-01 4.5101768912e-02 5.9209173397e-02 -1.1232316186e-02 4.8540139506e-02 -6.9878330998e-02 -1.8464170139e-02 -6.1350204403e-02 -4.3019970245e-02 -7.0125817371e-02 3.0286497387e-02 8.2363804067e-03 7.4028223937e-02 3.1456055580e-03
-4.8672038073e-02 -8.2727728353e-02 2.2268046549e-02 -1.0191758938e-01 1.2572219003e-02 -4.2920329159e-02 3.2993895000e-02 -7.4918180159e-03 3.1084342990e-02 -1.5003427310e-02 7.6669522931e-04 1.1755032174e-01 -3.1043870096e-02 -1.1440390065e-02 -3.8797399907e-02 1.1936404414e-01 -8.4344273670e-02 1.8688337114e-02 6.1211208523e-02 1.0193782189e-01 4.1464284544e-02 1.7444094198e-01 1.2471479821e-01 1.0821912756e-01 -3.0013246151e-02 -1.1064878693e-01 5.4632949875e-02 1.1205313717e-01 -1.4473440418e-02 9.4313269577e-02 -4.0264999664e-02 -6.5986396666e-02 2.1717182521e-01 -3.2201179931e-02 1.5409159010e-01 3.1077074309e-02 1.8255920984e-01 6.9242998260e-02 1.9659435513e-01 3.3792248091e-02 -5.3694072308e-02 -1.7279421602e-01 7.3201539215e-02 2.7223898747e-02 -2.9334034987e-02 -6.2162237449e-02 1.6314587285e-02 1.6757884088e-02 -8.7855282054e-03 -5.2836996370e-03 -5.1269868705e-02 -1.7390569391e-02 -4.3565708300e-02 8.6054744670e-02 1.2693695522e-01 -1.2855421469e-02 2.0941074355e-02
1.8773143516e-01 2.3871101194e-02 6.4039176133e-03 3.7701661324e-02 -1.6507533681e-02 -2.5319345925e-03 1.5522195173e-02 -1.7068527508e-01 1.9004345640e-02 6.2116325377e-02 1.4516448482e-02 -1.6250503257e-02 -3.3405606451e-02 3.4589252215e-03 -5.7397113219e-02 2.7487179286e-02 -2.1318028498e-02 -2.2318924335e-02 -9.9047245665e-02 5.2954892398e-02 -2.6659641362e-02 2.6287302159e-02 1.1039800193e-02 1.0685842289e-01 3.0398042075e-02 -1.1615741134e-01 -1.5105796414e-02 -4.3404883668e-02 -2.7107415617e-02 -9.9025056979e-02 4.0468603140e-02 3.1710686054e-02 2.3662287784e-02 1.8456052033e-02 -2.2807644651e-02 -4.8673781392e-02 -3.9556253506e-02 -2.4623379120e-02 4.6939117254e-02 -3.2106181033e-02 1.2791670535e-02 2.9806168040e-02 -7.4507728364e-02 -6.2448014255e-03 2.9124266785e-02 7.8643012048e-02 -6.7881323053e-03 -2.0583362776e-02 -1.7611134606e-02 1.5659535502e-02 -6.3569924892e-05 -1.1636268740e-02 -6.4238682682e-03 3.0069116960e-02 -9.2947679218e-03 6.3894066056e-02 3.3014178484e-02
-5.2364018857e-02 -7.2302106954e-02 3.4999827249e-02 -1.0462474573e-02 -2.0813224124e-02 -1.3526557968e-02 -3.1945817907e-02 -5.2691455990e-02 1.6951524022e-01 7.0266136244e-02 -1.6468426882e-02 3.5359182693e-02 4.6191164951e-02 -2.6404695960e-02 1.2205818150e-02 -1.3258978930e-01 -3.4530478163e-02 1.8931225829e-02 3.9716829061e-02 4.3506753540e-02 2.3566308086e-02 2.2684033353e-02 -7.1890718145e-02 3.3666815734e-02 7.7821149572e-02 1.1208636291e-01 -2.4646700986e-02 6.5609149387e-03 -4.3588195223e-02 2.8753569024e-02 -8.3994112166e-02 3.1404685512e-03 7.0462630108e-02 1.3322503150e-02 1.8142161895e-02 7.0845042354e-02 3.9827947464e-02 -4.3629186625e-02 -1.6897017313e-02 -2.9286627146e-02 1.6601025283e-02 1.5074594501e-02 3.8553625534e-02 -5.3736849060e-02 4.4251193406e-02 -9.0745970631e-03 7.8098448263e-02 -5.2414543572e-02 -7.8024528344e-03 -1.5798840299e-02 5.7089168299e-02 6.0683281674e-03 -1.2178167743e-02 1.7607241421e-02 -2.5647059080e-02 2.7611049332e-02 3.2194295900e-02
3.8654522392e-02 -4.2896077992e-02 2.3302281334e-02 1.8965144383e-02 3.7237978469e-02 3.0040097921e-02 2.9978364088e-02 3.9049308029e-02 2.9591181565e-02 -1.0814844632e-01 3.9237945389e-02 -1.0589477745e-01 3.1908756941e-02 1.1664781527e-02 9.5334807265e-02 1.2119183349e-01 -1.9004387063e-02 1.1695039689e-01 6.3108243475e-04 -3.8698426411e-02 -7.6023161759e-03 -7.0237726989e-03 -2.2675892997e-02 -3.5606855388e-02 5.6821537152e-02 -5.4788508533e-02 -7.8422643244e-02 5.3849517460e-02 -3.0867541324e-02 5.4899627073e-02 1.6994353845e-02 -3.4012414344e-03 6.3445997479e-02 1.3693192269e-02 1.3555095804e-02 -1.6517328534e-02 -9.7924290511e-02 7.7547552325e-02 -3.1624182685e-02 -4.6184381092e-02 3.2803282310e-02 -1.6330873479e-02 6.1311283582e-02 -2.9622455051e-02 -1.9969072034e-02 -9.8774078763e-02 -1.5672210738e-02 -2.0359788701e-02 2.6927260353e-02 -3.7896050223e-02 -9.2659877936e-03 8.4796077282e-02 -5.4760229571e-02 3.0711584020e-02 4.5559872151e-02 1.5963096853e-02 3.8837995758e-02
3.3372489510e-02 -3.7005846460e-02 2.8714477844e-02 -1.2248771713e-01 -8.4805921429e-02 -4.8110539285e-02 1.3605474743e-02 -1.2091575021e-02 -2.5816352748e-02 8.4673200572e-02 -1.3787093745e-02 1.9829085879e-01 5.6299183916e-02 9.1580824194e-02 9.5899026876e-02 -3.8336097966e-03 1.2495422451e-01 6.8041267170e-02 -3.4477745423e-02 -1.5463482568e-01 7.9364442189e-02 -6.5055542847e-02 -4.5531373320e-02 4.7433690420e-03 1.3544219782e-02 1.3181661789e-01 8.8610404541e-02 2.4088676017e-01 -1.1877525917e-01 -1.0185981172e-01 1.0542884562e-02 -2.2566431321e-02 -1.1853734264e-01 -7.4700954766e-02 -4.5687112420e-02 -2.8745430257e-02 1.1616214480e-01 1.2719058819e-02 1.0439931545e-02 4.7306577146e-02 -2.8187734009e-02 -2.9043446953e-02 -4.0260645939e-02 -2.7684124512e-04 1.1965913244e-01 -4.5973857314e-02 5.0513474816e-02 5.8444179188e-02 2.6163486645e-03 2.6562387021e-02 8.3593665910e-02 2.6165988133e-02 5.3570466423e-03 1.5152672856e-02 6.7480117000e-02 -1.5082460658e-01 2.7082458460e-02
-1.6232191036e-02 2.2808361571e-02 -2.9957930661e-02 1.7048007153e-02 1.1854326308e-02 7.3813294305e-02 -9.6619612467e-02 -7.7617602818e-02 -1.3214767597e-01 8.0044627454e-02 3.5430501451e-02 1.6526784788e-01 -8.2505520616e-02 -3.1306915669e-02 5.7340559756e-02 -1.6360446198e-01 -1.0219291814e-01 6.5928250830e-02 -4.8913760858e-03 1.2234803413e-01 1.0740488435e-01 -1.1724122727e-01 -7.3851877427e-02 -3.9300996994e-02 1.6943372113e-01 -1.7319582770e-02 -1.4995402155e-02 1.4913598718e-01 -8.9428602180e-02 1.3064705492e-01 1.8002150274e-01 -4.9187829066e-03 1.0613864985e-01 1.1488135151e-01 -3.7942057724e-02 4.6051530069e-02 -1.0788606408e-01 9.2326921372e-02 8.2158693766e-02 -4.0534534972e-02 2.9248083998e-02 1.1841793959e-01 -5.8340851931e-02 1.2724702498e-02 1.2068998366e-02 -1.1100971883e-01 7.5218325014e-03 6.4438383832e-02 -3.7929328534e-02 -4.2209214217e-02 5.0194433039e-02 -3.6713244036e-02 -2.9538914425e-02 -4.8924879729e-02 3.2428942474e-02 1.8066109546e-02 4.1181805702e-02
-7.0345844961e-02 6.6616651706e-02 -4.4527125884e-02 5.9241096196e-03 -3.3645393121e-02 -8.0235590305e-03 1.8786414705e-02 -3.3522377559e-02 -6.3477061147e-03 1.3224019177e-01 2.2758648269e-02 1.2164083275e-01 -5.1016941362e-02 -1.5124097575e-02 -1.2543384868e-01 5.3201621099e-03 -2.7288868879e-04 -1.1821594087e-01 3.8093708226e-02 4.8024036543e-02 1.9474612563e-02 5.0709721622e-03 2.4561839648e-03 9.7353924001e-02 -6.0417802450e-02 2.1080746554e-02 3.9678132705e-02 -2.8374914049e-02 5.3222698272e-02 -6.3986814877e-02 1.7504173472e-02 6.1196382837e-04 1.1053905093e-02 2.5491818821e-02 -5.0893112625e-03 8.8943636936e-03 8.0089666767e-02 -4.5961180674e-02 2.7268259714e-02 -1.8860723214e-02 -3.1442715582e-02 3.4842903103e-02 -1.1220198476e-02 1.0495516914e-01 1.9022023319e-02 4.1227121806e-03 7.4389708301e-03 5.7473810405e-03 -6.6625807969e-02 3.9616224607e-02 -2.8647791303e-02 -2.9749084168e-02 -1.3869973577e-03 -7.2196830380e-03 -2.3469728157e-02 3.0477545494e-02 -3.3975442920e-02
-1.9675320711e-01 1.8285124696e-02 4.3762175082e-03 4.0140440751e-03 -3.1260432499e-02 7.7530329057e-02 6.3191372587e-02 -3.6679924375e-02 5.7029780821e-02 -7.8989063962e-03 3.5140624589e-02 -5.3606928234e-02 -6.8087325045e-02 7.8068027566e-02 1.9411201143e-02 1.0314393208e-01 5.4339082671e-02 -5.3234433929e-02 1.0878166459e-01 -4.6856925130e-02 7.3568533445e-03 8.5670686063e-02 -9.8565818037e-02 -1.1713138225e-01 -2.4023362252e-02 5.9199494337e-02 -7.3692651504e-02 1.0450030062e-01 5.5135855527e-02 -1.1076791820e-02 2.0273190376e-02 6.9542794474e-03 5.8480269519e-02 1.3906867453e-03 -4.5126312195e-02 -6.5132094368e-02 1.1998145399e-02 -2.8935391175e-03 -1.2861705404e-01 2.4748089164e-02 2.9364479886e-02 -3.9564023810e-02 -2.5581862269e-02 1.2831260390e-03 5.4002781251e-03 4.6937575582e-02 1.3215693383e-02 7.4414359548e-02 -3.1129120889e-03 -6.7949823523e-02 1.2805366389e-02 4.9608940106e-02 -3.4758936414e-03 9.4319324407e-04 -6.5442793242e-02 -6.5087995279e-02 4.6213559706e-02
-6.5305544791e-03 -4.9080480103e-02 5.9724484640e-02 -2.2985172273e-02 -1.8544068881e-02 8.0582353141e-03 1.3565394010e-02 -1.4749482101e-02 -2.7299291483e-03 1.3783463416e-02 1.1000548371e-01 6.3407534234e-02 -3.7797683708e-02 -2.9937131218e-02 5.2174647078e-02 -8.6346808365e-02 -6.3535584534e-02 -2.3316501374e-03 -1.0161913500e-02 -3.5868314458e-02 -3.9429358426e-02 -7.1809125106e-02 -2.2353018317e-02 -3.7327439195e-02 3.9733899265e-02 -2.7743241809e-02 -3.6785011236e-03 -1.2746632264e-01 1.1790107118e-01 3.0515901147e-04 -2.2013407378e-02 4.9362257054e-02 5.1377344748e-02 6.7700431005e-02 2.1252084292e-02 3.0599529809e-02 8.0060276648e-03 9.3088942752e-02 3.7015488147e-02 4.5639073468e-02 2.1542900804e-02 -5.4265069812e-02 -6.0604054315e-02 5.2697546397e-03 2.7160824844e-02 -3.1074265751e-02 2.2213313516e-02 3.1795195157e-02 -5.0862114986e-02 -1.7514150036e-02 3.7608545539e-02 -4.0105262248e-02 -1.4699202882e-02 7.2355324564e-03 3.6083967686e-02 -1.5813246107e-02 1.8331239840e-02
7.7867066023e-02 -1.6524760083e-02 1.0799452327e-01 5.8282234729e-02 -1.1861386225e-01 3.3150043988e-03 9.9695196854e-04 -1.4622022631e-01 2.0495837771e-01 -6.0755245524e-02 5.3875297903e-02 7.0631816750e-02 -3.6461293724e-02 1.0817966402e-01 -7.3456800645e-02 -7.9211949710e-02 4.1369007205e-02 6.2147019306e-02 -1.4040917307e-02 1.2494323910e-01 3.3117992034e-02 7.5045831586e-02 -1.5094569757e-01 6.1128869978e-02 -7.1519302252e-02 -1.0995841852e-02 -7.7340494492e-02 -2.0806808249e-01 4.7043370800e-02 5.9467707070e-02 4.6729849935e-02 1.2124005542e-01 4.3599352636e-02 -7.0541557206e-03 5.0932793487e-02 1.2490591391e-02 1.2246410350e-01 7.7394288066e-02 -2.6644066737e-02 -2.5420397250e-02 -2.5949183606e-02 2.7389481187e-02 4.2980184449e-04 3.7747454535e-02 4.0685458674e-02 6.5988078272e-02 -1.4520961741e-01 -2.8876817800e-02 -1.8018533404e-01 4.2703385480e-02 -1.3695855286e-02 7.1110095048e-02 -3.1115121829e-02 1.0518195177e-01 -1.7073334080e-02 1.0529877745e-01 1.2009288178e-01
6.3710006766e-03 7.5134542536e-02 -4.8467489390e-02 9.6590354076e-02 -9.1510873541e-02 -3.0628426962e-02 -5.2933943987e-03 -7.0317936031e-02 -3.9302844467e-03 4.3550949227e-02 -4.4237616639e-02 -4.6892002882e-02 -4.4688668286e-02 9.3926847179e-02 9.2352275161e-03 8.3804255000e-02 5.6941563032e-02 -3.1555705999e-02 1.2208358374e-02 -8.0592472608e-02 -5.0058340096e-02 -6.9683893547e-02 2.3516972072e-02 -9.0955910061e-02 2.7126438644e-02 -6.5176041526e-02 -3.4046282646e-02 -1.1973978702e-02 1.4087946545e-02 2.9686665828e-02 8.2997668466e-03 -6.8303071781e-02 1.3237178830e-01 1.0957347627e-01 -4.3481852433e-02 6.0189629574e-03 1.5496150314e-01 -4.5314590879e-02 -6.7872126628e-02 3.8085973241e-02 -3.6143913147e-02 -1.9372053477e-02 4.3588369175e-03 4.3910756621e-02 -3.5556593349e-02 5.4415579560e-02 3.0627901809e-03 9.4032182842e-02 1.7804759801e-02 -1.5872068727e-02 3.8773085958e-02 3.0873318420e-02 2.3034718737e-02 -1.1788954481e-02 -6.3757520106e-02 4.3204005309e-02 1.8388958832e-02
5.3297475329e-02 -1.0895646628e-02 -2.1785188202e-02 -1.1278159220e-01 7.8014789336e-02 6.0335861020e-02 -1.4323540751e-01 4.0607647039e-03 5.1603940026e-03 8.0596353492e-02 -6.9309400067e-02 6.5922953258e-02 -1.2912339242e-01 8.3457091568e-02 -1.2057390779e-02 1.3258788007e-01 1.0507909825e-02 4.1391918175e-03 -7.1053767648e-02 9.5128318507e-02 -1.4025526814e-01 -2.3178869645e-01 -3.6765905150e-02 -3.9532090473e-03 -1.0518728363e-01 4.7326801536e-02 5.5120814378e-02 2.6432942242e-01 -3.7436335186e-02 1.0412164802e-01 -3.0883530061e-02 7.3578687959e-02 5.1033171547e-02 8.1031042150e-02 -1.2289679753e-01 -7.0992313140e-02 4.8582278462e-02 1.9439461236e-02 -6.1122115660e-02 7.6494871307e-02 -7.2609505081e-02 -1.3359362536e-01 4.8745648597e-02 -5.7445571392e-02 -1.1835409385e-01 1.6702821443e-01 1.9717999495e-02 -2.9477222085e-02 1.9584622931e-03 -2.3847237306e-02 -1.1833593381e-02 8.0162245529e-03 -5.4847499229e-02 7.8539879006e-02 2.0574519681e-02 5.7290690025e-02 -1.6864132742e-02
7.5112126562e-03 -9.3117772062e-04 -1.2702960714e-01 -3.4821175537e-02 1.6209492650e-02 -3.0102604744e-02 -1.5381788054e-02 -3.7742474486e-03 6.8219130660e-02 -1.3309898967e-01 2.6386711013e-02 -4.6018519874e-03 -5.5240235526e-02 7.5888540455e-03 -9.1607491613e-03 -6.2437829693e-02 -2.3263402980e-02 -2.7549804662e-02 1.0471097324e-01 -7.2627384906e-02 -4.5912412164e-02 -8.7615688169e-02 -3.9302054544e-02 9.4006297837e-02 -5.6794761369e-02 -3.7982438285e-02 -1.4492515491e-02 -3.4798781799e-02 -8.7775483667e-02 2.6114582195e-03 -5.1194089577e-03 3.1045672645e-02 8.8054939046e-02 -2.3812377881e-03 -2.5100039501e-02 7.3748152260e-02 2.0294190917e-02 -5.5285932488e-02 4.5376101045e-02 4.3745142998e-02 -2.0530238697e-02 5.7111092541e-02 -5.4422339988e-03 -4.0104502200e-02 3.2216157721e-02 -5.6349840816e-02 3.0029253246e-02 -3.0603448809e-02 2.9372269671e-02 -1.4624213585e-01 -2.4887212456e-02 -1.2565032151e-02 -7.1951839257e-02 -8.0598567025e-02 3.7975743146e-02 -8.1009019869e-02 -3.3144239409e-02
6.8657260710e-02 -5.7104126088e-02 -1.8462359507e-02 -4.7529500011e-03 -1.3566709371e-01 4.2872969778e-02 -5.2809715385e-03 -2.1072196811e-03 3.5198405782e-02 -3.4292004956e-02 1.3114802263e-01 -5.4776530442e-02 -1.3164206923e-01 1.0438465878e-02 5.1627571576e-02 1.6231163287e-01 1.2465981861e-02 -1.9271292769e-01 2.7218465442e-02 4.1139529289e-02 -5.7735452251e-02 -4.3754820824e-02 5.8161399357e-02 4.5524636023e-02 6.3217006942e-02 -5.2567940044e-02 3.6529610725e-02 1.1608670010e-03 1.3597681190e-02 -1.2938479660e-02 7.1690066486e-03 -2.0490701019e-01 4.0811362349e-02 6.4401258852e-02 1.9345560086e-03 -1.2402065171e-02 5.6974106017e-02 -1.7111809429e-03 -8.2810454073e-02 -3.5104381716e-02 -6.0975347077e-03 4.2881512982e-02 6.2313235554e-02 -2.6830414153e-02 4.4311084757e-02 6.2867289825e-02 -7.7133095126e-03 -3.8662809531e-02 -3.5839875403e-02 8.3038574897e-02 -6.2236764456e-02 -3.0725316377e-02 -5.9572243188e-03 3.5746288268e-02 -2.3186872266e-01 -2.8243124682e-02 4.0924521867e-02
1.2851408288e-01 -5.0321812575e-02 -1.2863717150e-02 -7.3458216918e-02 5.9621221994e-02 1.8835265334e-02 -1.3956213675e-02 -8.7416111541e-02 8.4043921156e-02 -5.6602957287e-02 5.5229996588e-03 -9.8344942557e-03 4.2035928097e-02 -3.5506457421e-02 -1.1274315713e-01 -7.9128934806e-02 4.8295894612e-02 -8.6960712219e-02 1.7224872190e-02 -5.4269334135e-02 -8.8680217376e-02 1.0125461302e-01 -2.3740304396e-02 -4.4278538374e-02 -1.1988294632e-01 -1.5149894619e-01 3.2401779945e-02 -5.9949198187e-02 1.1431924928e-01 -4.6550563655e-02 1.7422471319e-01 -1.8604815552e-02 -1.0939658388e-01 -8.8370634305e-02 -1.3078568744e-01 -2.0500508927e-02 3.5258131980e-02 7.9406444051e-02 3.1581383170e-02 -1.0506581759e-01 2.1512300370e-02 1.0017636706e-01 1.5585090319e-02 -1.2306433113e-02 -7.4407579848e-02 1.3630586314e-01 9.1334624142e-02 -6.5422265630e-02 -3.1110709865e-02 -5.2479677341e-02 -1.5980535387e-01 1.2898546539e-02 -8.9633186153e-02 -7.4706907878e-02 7.4548467432e-02 -6.3180297719e-02 -7.8931145282e-02
5.0895341520e-03 -1.4269513686e-01 -5.0898800697e-02 3.1383073406e-02 6.6437581497e-03 4.5095283766e-03 -6.1803686236e-02 -1.6015368603e-02 7.5778208427e-02 3.7552535354e-02 4.8011922191e-02 -5.8203053402e-03 -8.8052759116e-02 1.3489470073e-01 -5.9144653863e-02 -1.6494115823e-01 4.5311325137e-02 7.4400091098e-02 -2.7945350189e-03 -8.4858472902e-02 -7.7770638720e-02 -1.1797684468e-01 1.3841412018e-02 -4.6391951762e-02 3.4460610823e-04 -3.8993096884e-02 -3.1232486801e-02 -2.4057057888e-01 6.8416840867e-02 3.2214815991e-02 2.0317424292e-02 -4.3981942185e-02 -1.2575663179e-01 1.6592668247e-01 -4.1164620099e-02 1.9009660176e-02 4.1791471653e-02 2.5897747305e-02 7.0658933129e-02 -1.4280052176e-02 -5.0043767624e-02 -1.0529526566e-01 1.5817241721e-01 6.5593585999e-02 2.1265490449e-02 -2.8968363066e-01 -5.8628952672e-03 1.0536517959e-02 1.6971016713e-02 7.7145075332e-02 7.1516177521e-02 -5.5478628109e-02 -6.9725200537e-02 -9.7482675001e-02 8.0686487251e-02 -1.0022099045e-01 -3.9994342002e-02
7.2040420667e-02 1.1331944089e-02 1.1958248198e-02 -3.9621346139e-02 9.2099028837e-03 6.8529291899e-03 -1.0181744643e-01 -2.2499635258e-02 -2.6893526063e-05 -4.9078137101e-02 2.2242891056e-03 -6.0612572422e-02 3.5227338668e-02 1.0005755942e-02 6.1077506656e-02 -1.2553285514e-01 1.3292380854e-02 8.5017081107e-02 5.0538562056e-02 -3.5852798650e-02 1.4064944688e-02 2.0976506785e-02 -7.3110604936e-03 -1.0449965719e-01 -3.7049705780e-02 1.0255540678e-01 6.3697349604e-02 -1.0661884037e-03 -3.7317117266e-02 4.3755584728e-02 1.8570685085e-02 4.5472842255e-02 2.6448032147e-03 -5.5926731635e-02 -3.4501324174e-03 1.3333791151e-03 6.8582393848e-02 5.6048156296e-02 -1.0748367252e-01 8.1879285158e-02 3.8113852623e-02 4.4205901829e-02 -9.7243611875e-02 -4.3647428119e-02 -4.7631078158e-02 -1.8413768864e-02 -3.5343419699e-04 -7.4035565340e-04 6.6783655460e-02 -8.9024555889e-03 -7.0711011683e-03 -6.6258849307e-02 1.7127920975e-02 -4.9622669489e-02 6.5902758469e-02 7.1853597785e-02 -1.3146746775e-02
1.1903852214e-01 8.5831124097e-02 -6.4722962865e-04 6.0201498711e-02 -6.2598076988e-02 1.1135078412e-03 -1.4135416386e-03 -1.1961680463e-02 2.5717951384e-02 3.7650223529e-03 3.6241988388e-02 -3.3794401536e-02 -2.1156175956e-02 1.5215584833e-02 -9.7902549355e-02 -1.1546607888e-01 7.6177962246e-02 -2.9740430302e-02 -2.0728685517e-02 4.2360245142e-02 -7.2522988233e-03 -5.3856226544e-02 4.0399135158e-02 4.0864288589e-02 2.1284254519e-02 -6.7925004813e-02 3.3517458598e-02 -1.2110965441e-01 3.1497271872e-02 -2.2102643940e-02 2.1041072284e-02 -5.9962752285e-02 1.1356255729e-02 6.4050695255e-02 3.6160738787e-02 -1.2856877774e-02 5.1437054725e-02 4.7558812218e-02 -3.4642804595e-02 1.2081418920e-02 6.4285075672e-03 -4.5116866982e-02 -3.5094650711e-02 8.3673446117e-02 -4.3525667200e-02 1.4186323967e-01 -7.9626951029e-03 -1.2629911850e-03 -1.3399756094e-03 2.7241036629e-03 1.1676811935e-03 -1.1410787584e-01 2.2391140146e-03 3.7472779537e-03 -4.6637902649e-02 -1.9065632820e-03 -4.5036781491e-02
-9.9244610282e-03 -4.3462933969e-02 -2.0344140510e-02 3.0028292715e-02 -4.2916229630e-02 1.6964462591e-03 2.4549665334e-02 4.7732227828e-02 1.7233585467e-02 6.1359653971e-02 -8.6496515221e-03 -1.2067997996e-01 -3.3534916299e-03 2.9234726867e-02 -2.9659252201e-03 -1.8130404571e-02 2.8405733159e-03 7.1035384910e-03 8.7856696202e-02 -3.9709600544e-02 1.8588000258e-02 -4.9504959989e-02 1.3925794793e-02 3.8108086281e-03 1.2302831906e-02 -1.8562167747e-02 -9.2958816669e-03 2.7660607313e-02 -2.4060402178e-02 -8.9340610513e-02 -9.0861104266e-03 -7.1447014688e-02 -3.0664373392e-02 6.0724211046e-02 2.0742665275e-03 1.8431963021e-02 -2.6789995272e-02 1.1952550129e-02 5.9468434226e-02 1.1016443819e-02 8.6478767263e-02 -3.5376493910e-02 -4.1708794108e-02 2.6028661920e-02 2.9456707756e-02 1.0496030986e-01 4.4910367265e-02 2.7514477506e-02 6.2643937298e-03 -3.3354829351e-03 -4.8450977715e-02 -2.4982681589e-02 4.6907099762e-03 -2.1034882729e-02 5.3990864754e-02 -7.0616904254e-03 1.2799854141e-02
-6.3970279964e-02 2.7271806263e-02 3.6861786237e-02 -4.1825887774e-02 -5.8330845608e-02 -8.7669679724e-02 -3.2844123404e-02 3.8258315043e-02 2.6104112882e-02 -1.1569822589e-02 5.3247586179e-02 -3.9719109343e-02 -6.0028492511e-03 -1.3835001942e-02 -1.1755373015e-02 7.3875018314e-02 -3.6624960588e-02 4.7938342973e-02 -4.0433856513e-02 -9.4872272786e-02 -1.6120178295e-01 7.1895687390e-02 5.5860323728e-02 7.9054154820e-03 -6.7807465883e-02 -9.6333493199e-03 -5.8900452946e-02 6.7217887153e-03 4.2173563550e-03 7.7474201167e-03 1.1678325581e-02 2.0466043328e-02 5.4123384288e-02 6.5313104801e-03 1.0967368407e-01 -7.2586074433e-02 -8.5344297886e-03 -6.9922411944e-02 4.4254415229e-05 -4.4684073698e-02 3.2190886178e-02 -7.8922887495e-02 -2.6316010313e-02 -4.4928427185e-02 3.1671488414e-02 -3.9609915946e-02 3.6455723493e-03 -8.2278153875e-02 4.3800966990e-03 -5.3305934672e-02 2.5274961745e-02 -5.9091872772e-02 -9.8990723294e-03 -1.9389901326e-02 -1.9066323585e-02 -1.0431621776e-01 -4.2145420114e-02
-4.0266392124e-02 -1.0071579088e-01 -9.8950465664e-02 1.1282379538e-01 -6.3661951899e-02 3.7631853032e-03 -2.0104474172e-01 1.4965901236e-02 5.7926186393e-02 -1.9425108664e-02 2.5730472436e-02 1.2487846472e-01 5.9890044532e-02 -5.6805858601e-02 1.0242490566e-01 1.6875982752e-02 -1.0661964129e-01 -4.0988075191e-02 1.0382922924e-01 7.4811328612e-03 -2.1568654216e-01 -8.7104519177e-02 5.7050971491e-02 -2.6722650616e-01 5.3953279551e-03 1.9507746453e-03 -2.1467548722e-02 4.9798178322e-02 1.5958336306e-02 1.1386591571e-02 -3.0082755993e-02 1.5961938438e-02 -1.6044650170e-01 -1.4079662147e-01 5.1260376076e-02 -4.1495316520e-02 -5.4184736982e-02 8.1928927709e-02 1.3165707340e-02 -4.3874788333e-02 1.6776634259e-02 -5.1579930929e-02 -1.3801171058e-01 8.7160036729e-02 7.0916864293e-02 9.0789368423e-02 7.5891511627e-02 -4.9773820411e-02 9.0832916391e-02 3.1197570058e-03 1.6968580907e-01 1.6979268050e-01 5.0499307480e-02 3.3308365862e-02 1.2791862614e-01 5.6323941076e-02 1.3123500305e-02
4.0827862907e-03 2.8855101885e-02 2.8347607284e-02 3.8664467599e-02 -2.0069366196e-02 1.5927596628e-02 8.0226680815e-03 -3.1915337322e-02 7.3247448125e-02 -1.7484859853e-02 1.6881041279e-02 1.4469013714e-02 3.3643874923e-02 1.0638532205e-02 -4.3660591879e-02 -7.5627903544e-02 -1.1149911288e-02 -3.7072712917e-02 1.0021933976e-01 1.9393393855e-02 8.7605854783e-03 -2.1602350839e-02 6.1192378472e-02 -4.3393708076e-02 -1.2951697389e-02 -6.4857442678e-02 -6.3631460341e-03 -3.4839540435e-02 2.4119153515e-03 -4.1988080627e-02 4.5589814660e-02 -3.6776094669e-02 -5.4662173108e-02 3.4574949892e-02 -1.6405575354e-02 -3.6171225395e-02 -1.4761502151e-04 4.2950225734e-02 4.4133858858e-02 4.5360172382e-02 -6.8204855766e-02 -4.1850091381e-02 -1.2950602358e-02 -2.4774531483e-02 -3.2990738465e-02 4.1703856342e-02 -6.7756953487e-02 -2.4190765004e-02 -2.0831390115e-02 -2.4090049719e-02 4.9045483784e-03 3.7016275328e-02 -1.9286602190e-02 -2.4249292598e-02 -1.6497348032e-02 -3.6997571456e-02 -1.3626911745e-03
-2.4589694887e-02 -3.3706798259e-02 -8.1122388902e-03 -2.5351337706e-02 1.9968342003e-02 -6.9584294770e-03 3.6812667787e-02 -4.1822018138e-02 -1.5501798199e-02 -7.8917209124e-02 1.7423012406e-02 -6.5481552516e-02 -4.9353148202e-02 7.7286788990e-03 5.9649866548e-02 -2.7427271499e-02 -2.9804946384e-02 2.5415008402e-02 2.9962356249e-02 5.3127527377e-02 -1.1091219223e-01 -3.9781900298e-02 5.8908221205e-02 1.2146440402e-01 3.2706672040e-02 1.2981881766e-01 -2.0459003978e-03 3.0856922027e-02 4.8572595379e-04 -3.1336403675e-02 3.2673082100e-02 8.7758009127e-02 6.4855153453e-02 -4.2902364684e-02 1.5381218828e-02 -6.3282998691e-02 5.9252550389e-03 -9.5116286705e-02 3.0284255585e-02 -5.0879074284e-02 2.2028091794e-02 2.9779010750e-02 -3.5942753300e-02 -2.7348264132e-02 2.3142805706e-02 4.9248412880e-02 -1.2179530303e-02 2.3626364300e-01 9.8638434604e-03 3.7746987975e-02 -1.3482975171e-02 7.4181224234e-03 -1.5829136025e-03 5.2008138605e-03 6.0723199164e-02 -7.7854935333e-02 -4.6916358676e-02
-3.5192021224e-02 2.6723179541e-02 -2.2806792258e-02 3.2197951758e-03 -1.0388495017e-02 -2.0808506807e-04 -3.6351628860e-02 -5.0345409541e-02 9.2903915793e-02 6.6174619935e-03 2.1083043596e-05 -6.0572057709e-03 5.1862782667e-02 4.4686661924e-02 -4.5310427700e-02 -3.4656564400e-02 1.2567739201e-02 -6.3533602732e-03 6.7742383785e-02 -2.1153838083e-02 2.2815421088e-02 -3.7791108514e-02 4.3803818241e-03 1.4819991811e-02 1.1169843587e-01 -1.1468600620e-02 -5.0250294587e-02 2.8551491583e-02 -6.8118536591e-03 -6.4890076446e-03 3.9626778690e-02 -3.1869564420e-03 2.5531373634e-02 -2.2857934674e-02 6.0538506907e-02 2.0751702501e-03 1.6799829136e-02 -5.1218693161e-02 -7.1596445150e-03 5.7829029544e-02 2.4497027349e-02 -5.8682213472e-03 4.1432959876e-02 -4.0567130639e-02 2.4260498251e-02 1.5799621554e-02 3.1629696323e-02 -6.0068249300e-02 5.3838126155e-02 -5.0403617369e-02 -4.2425157245e-02 -7.5436277956e-03 -9.4821957414e-02 1.4011738165e-02 1.6191972765e-02 -6.7200176278e-02 -9.5840944276e-02
6.5400802223e-02 1.3814552414e-01 -3.6284943519e-02 -1.0097317486e-01 4.6427901352e-03 -1.6694390525e-02 4.3192882829e-02 4.5784657024e-03 -8.0317189520e-03 2.5827440722e-02 3.5569611523e-04 -1.4266176293e-02 1.2608227880e-02 3.5949903158e-02 -8.5525464533e-02 1.1126102352e-02 4.6028286007e-02 -5.9682525165e-02 4.1977386189e-03 4.1787566214e-02 1.0853185719e-02 -2.4980327875e-01 -5.0446094500e-02 7.0530913041e-02 9.3169195970e-03 -1.8561192343e-01 -5.5029291773e-02 -1.0826626747e-01 -4.6037583333e-02 -4.5551218366e-02 -1.1098189480e-01 -1.5059061501e-01 1.8033190171e-01 -8.3303948087e-02 -5.8774981936e-02 1.2492159255e-01 6.3630931407e-02 -4.5484691948e-02 1.6963770939e-02 -1.4912812793e-01 -3.5791009540e-02 -4.9342165506e-02 3.9677849796e-03 -1.3334190218e-01 -2.0146575627e-02 2.0897615699e-02 -1.2968831030e-02 -5.5137001460e-02 1.5831716787e-01 -2.1784295834e-02 8.1606026008e-02 1.4121926738e-02 7.8313561429e-02 -3.2050722126e-02 -1.6554600745e-02 -3.4356629832e-02 -3.2686821606e-02
-6.5697313845e-02 5.6257579073e-03 1.2371400127e-01 8.4991860079e-02 -1.1637713523e-01 4.0758315229e-02 1.1217689072e-01 -8.8312849534e-03 -1.7042102883e-02 7.2533370886e-02 -6.8359000557e-02 -2.6496203904e-02 -1.3699086025e-02 2.8266496147e-02 3.0732644416e-02 3.3142424546e-02 -2.4199524280e-01 4.8988452742e-02 -7.0920126293e-02 -7.1432411450e-02 5.2232681022e-02 4.6420221721e-03 -4.5890524231e-02 -7.4821570010e-02 1.5935194274e-01 5.4953243735e-02 2.0386808558e-02 -1.6573671463e-02 -1.2011976557e-01 -2.3421307256e-02 3.8301206656e-02 2.0528371109e-01 -1.7902625598e-03 -2.0025245985e-02 -1.5063477802e-01 4.5198884746e-02 1.8167432771e-02 6.8370248997e-02 7.8473887237e-02 2.2780916604e-02 -7.0725702145e-02 -7.0618936545e-02 5.7862456310e-02 1.8268419987e-02 -8.4448718827e-02 7.2736537034e-03 5.0258889666e-02 -4.9456720839e-02 5.1964293411e-02 2.4932829159e-03 -1.0319112163e-02 3.9426475686e-02 3.9286188886e-02 -4.3371772336e-02 6.9044431399e-03 2.3223436976e-01 3.1193039298e-02
-5.2184505917e-03 -6.3418254236e-02 -1.7018151711e-02 -3.9857781416e-02 -3.3515002388e-02 -1.4559118455e-02 -1.2139384176e-02 -8.0966041256e-03 -3.7847923972e-02 -7.2864070640e-02 4.9293244137e-02 3.0429377867e-02 -9.8266092203e-02 -7.1367286028e-03 -7.7969014704e-02 -1.0248824250e-01 -1.6579114496e-03 -2.4321267135e-02 5.4648350284e-03 1.6008332266e-02 9.8082517992e-02 3.7978958216e-02 -2.0559386824e-02 -6.9245682392e-02 -8.5798550440e-03 -4.8156221532e-02 1.3419403993e-02 5.0216964824e-02 -8.1301902512e-02 -2.8374786800e-02 -9.1858443912e-03 -1.8423917577e-03 7.5332570338e-02 2.8483649616e-02 2.8010436707e-02 2.2217769172e-02 1.3062844075e-02 -9.7719628431e-03 3.8902298684e-02 -7.9838129361e-02 5.5933532188e-03 -3.1646038829e-02 1.0044631861e-02 -2.8661426012e-02 -5.0457572406e-02 1.7098356936e-02 -1.0763834440e-02 9.9181229623e-02 3.2599069534e-02 -2.8999229594e-02 2.6357171177e-02 2.4781769564e-02 3.7796652378e-02 4.3096762740e-03 -3.7291948985e-03 1.0216523075e-02 -3.0911370286e-02
-2.5346762091e-02 -3.0525438563e-02 -4.2862174356e-02 -3.3572032820e-02 4.9773148491e-04 4.1145250762e-02 -8.0563469419e-03 1.6392467126e-02 2.2791321689e-02 -8.2277516674e-02 2.8664246424e-02 7.1790674022e-03 5.2598458521e-03 -1.0052722598e-02 -8.0909520714e-02 1.0533440775e-01 2.7094529634e-03 2.3287015759e-03 -9.6828168948e-02 -1.0992986108e-02 3.7464855031e-02 -4.3038567608e-03 5.2016673356e-03 -2.8501678203e-02 3.2599706624e-02 -5.9792115597e-02 9.6160468394e-02 -3.5706784964e-02 2.2207839854e-02 7.1779829627e-03 7.7726927597e-02 -2.2378640915e-02 -2.6815967807e-02 6.1583913501e-02 3.7381112060e-02 -3.5629626114e-02 5.3339335817e-02 -1.8687177521e-01 2.3138398244e-02 5.9329288122e-02 7.0658683679e-02 -1.4262951757e-02 9.9123699556e-03 -6.8391663052e-04 -3.1093304884e-02 6.5319740296e-03 1.1015838013e-02 -3.0184027064e-02 -2.8666321571e-02 1.5885623185e-02 -1.7176136914e-02 3.5457918759e-02 3.2776876010e-02 1.0694207734e-02 1.9949206814e-02 2.1179109704e-02 1.0207301269e-01
-4.3677565823e-02 4.7470328646e-02 1.1324446362e-01 4.7206356178e-02 3.2375595841e-02 9.4257243914e-02 -1.1110402220e-01 -1.9973465086e-01 1.4284814257e-02 -4.4236707127e-02 -6.8649154052e-02 -3.8899575217e-03 -2.5620554574e-02 -5.0171313252e-03 6.7229823398e-02 1.2397864771e-01 -5.4168177395e-02 1.9709267003e-02 -1.0456878101e-01 -2.7434547725e-02 -8.5571507133e-02 9.5127688231e-02 8.9692790596e-02 -1.9568516619e-02 3.8534567319e-02 1.3030826971e-01 6.9822787196e-02 1.8796863861e-01 -7.7465296162e-02 -2.6677124810e-02 -1.3602035243e-01 9.7571057400e-02 -1.2179443711e-01 3.7744582053e-02 -2.1440030048e-02 1.7603262397e-02 -1.4131747264e-02 -5.3325271144e-02 1.5826602841e-01 -7.3972020537e-02 1.9633167404e-01 6.8036873756e-02 3.1854037617e-02 9.7856102560e-02 2.4706188770e-02 -5.3562548973e-02 -5.3968497762e-02 -1.0206853092e-01 1.2588600516e-01 1.8450977109e-02 -6.0163950316e-02 5.3398834786e-02 5.9328094878e-02 -5.3785194641e-02 -2.8489063543e-02 -2.8549690470e-01 -1.4899676371e-02
2.8281301414e-02 8.5892460355e-02 -9.3751667014e-02 -6.5738687655e-02 -6.4061252985e-02 -3.3691013829e-02 -2.2534450995e-02 -8.5403815541e-02 -9.0093234977e-02 -2.7572442879e-02 1.8762825703e-01 -2.9600504636e-02 -2.2510376662e-02 4.6580308555e-02 -4.1614872155e-02 -1.2324462121e-02 9.4225862771e-02 3.6168321952e-02 8.6908410307e-02 4.6681331836e-02 7.2739031103e-02 1.5284839700e-02 7.8450740322e-02 -1.2634161360e-01 7.1491419710e-02 -1.1146504039e-01 4.7522151368e-02 2.4951326771e-02 -1.9300019842e-02 -8.6710021111e-02 -9.0928314814e-02 8.2053595623e-02 1.2266596394e-01 8.5272971271e-02 1.1040417161e-01 -7.3345920012e-02 -2.0248019560e-02 2.0594556390e-01 3.9687642759e-02 7.7744427215e-02 -1.0570597509e-02 -2.9176366167e-02 3.9385981223e-02 4.4816226999e-04 -1.6539349068e-01 -5.4591097090e-02 3.1067317786e-02 -1.0605597004e-01 -2.2559728269e-01 5.4552564745e-03 4.8775621185e-02 7.3849029284e-02 2.5384633461e-02 -1.6066527436e-02 -2.3453291318e-02 2.3965789590e-02 -4.9560546122e-02
5.6760412273e-02 9.7993780357e-02 2.8111888081e-03 3.2351884743e-03 -4.1140378102e-04 7.8068639223e-03 4.0970477895e-02 -1.4866194957e-01 4.1251603126e-02 1.3440754652e-02 1.8310910809e-02 -8.3833743762e-02 1.4707279516e-02 -4.2170381883e-02 -1.6391437843e-02 4.2452773822e-01 3.9215245962e-02 -1.0249739537e-01 -9.3582916520e-02 8.8787671633e-02 7.1989575051e-02 -2.4259832974e-02 -4.2076284390e-02 1.3599054592e-02 -1.2919598940e-02 -4.3667215508e-02 -6.8678789445e-02 -1.1955057187e-02 3.9315475465e-02 3.7690337817e-02 1.0032853671e-02 -4.3435178653e-02 -1.0693450860e-01 3.0488483321e-03 1.1697475076e-02 -6.3479574765e-02 7.2350540106e-02 -3.3797106402e-02 9.6268648703e-02 -3.7194996493e-02 2.3348897920e-02 -3.4099012402e-02 -3.0145655689e-02 -1.5351414070e-03 -1.1804957332e-02 1.3731258888e-02 -3.8569263710e-03 6.4126549438e-02 8.7858460786e-03 -4.0905359663e-02 7.0138919923e-02 -1.4436048877e-02 -5.0755242968e-02 -2.7158742794e-02 -5.2521679313e-02 1.0657442629e-01 3.2713237930e-02
5.5435936081e-02 2.7766262402e-03 -7.2233616954e-03 -3.2582818115e-02 -3.9427794947e-02 1.6403779265e-01 -7.2721337614e-02 -1.0101689770e-01 3.8977541404e-02 7.6032622351e-02 -3.3777377182e-03 1.8078818717e-02 1.2771632253e-01 1.0946497065e-02 -1.4409956739e-02 2.2056631331e-02 -2.3789216257e-03 1.4571956598e-02 -3.0169698731e-02 1.0363407902e-01 -4.8144417317e-02 1.5341322121e-02 5.9857045710e-02 6.9624374264e-02 -1.8644944365e-01 5.0541957214e-02 1.2301500760e-01 -1.1130407379e-01 -9.9708235176e-03 -5.8155007384e-02 -5.0706680703e-02 7.5167853627e-02 2.0774457318e-01 -2.9462243889e-02 -7.9186817597e-02 -6.8696070045e-02 -8.5354163417e-02 -2.3333813878e-01 -2.4649389227e-02 -5.9005776087e-02 -7.1365591692e-02 8.8976568542e-02 8.1221137625e-02 4.3479428352e-02 -4.5425797216e-02 -1.7795731015e-01 1.4021714151e-01 5.5440542039e-03 7.5949900147e-02 1.1371224317e-01 1.1509137397e-01 2.3822070549e-03 -4.6732550459e-02 -6.5950614672e-02 3.8520151242e-02 2.0718093362e-01 4.7468477643e-03
9.1911834842e-02 6.4767831240e-02 -2.5134581599e-03 3.5981362739e-02 -3.3419045911e-02 2.6098804228e-02 -3.5586224470e-02 -2.0945074926e-04 1.1819614109e-02 -2.9014790271e-02 -2.6314488268e-02 -1.8511477137e-02 -1.1189477412e-02 3.1432740030e-02 -6.6141679653e-03 -1.4118747369e-02 4.0777155526e-02 4.5084043382e-03 1.7889901637e-02 5.7796668010e-02 5.1867559227e-02 -4.3198878796e-02 -8.3243591700e-02 -1.2582475919e-03 -2.3792912171e-02 8.8758986127e-03 3.3989010782e-02 -7.2460376960e-02 2.0289518856e-02 -2.0747422047e-03 2.8115044827e-03 -8.2614280507e-02 -3.3418722170e-02 -3.6441664016e-04 2.5770816571e-01 1.9668184595e-02 -5.1495300319e-02 3.1711437741e-02 3.7486161854e-02 4.4431994364e-02 -3.9833466002e-02 -1.7412532360e-02 -3.1279711970e-02 7.0262026971e-03 -4.6099124807e-02 3.1539613340e-02 -3.0308604737e-02 3.2634689780e-02 -7.9308056358e-03 -2.7520050199e-03 4.4724186906e-02 1.3825638415e-02 -1.4353649234e-02 2.8530802570e-02 -1.4538567032e-02 -6.0525815394e-02 4.1390837517e-02
-3.2521077171e-03 -1.4247166472e-02 -2.0278070396e-02 7.7199850491e-02 -5.5883527207e-02 -2.9257881448e-02 4.0908218457e-03 -2.0892311596e-02 -3.9546130914e-02 -6.5934264132e-02 -7.0856330731e-03 5.1077171152e-02 -1.9686914966e-02 3.5790021879e-02 1.3572766935e-02 2.2682189984e-02 -2.7544988190e-02 5.4756889441e-03 4.3768731276e-02 -5.2472957488e-02 6.0449933623e-02 -9.3857060646e-04 2.1862311472e-02 5.6006914938e-02 5.4554361053e-02 6.8592132191e-02 4.0561008478e-02 5.3344753540e-03 8.1456554675e-03 2.2161330963e-02 4.2196865542e-02 -2.0830689827e-03 -2.5259743115e-02 -6.6515607392e-02 -1.3536154621e-02 -9.7039888089e-02 -3.6255212323e-02 -4.6561414495e-02 8.3109974627e-03 5.3984135136e-03 4.4843494073e-02 2.4742756236e-02 7.8870042340e-03 -3.3638621075e-03 1.2136161098e-01 3.0440818219e-02 8.5104535013e-03 6.0466179359e-02 2.3040302782e-02 1.0440888575e-02 9.0681060137e-02 2.2476143190e-02 -1.6054470281e-02 -1.7908624095e-02 1.4968565378e-01 3.8561848547e-03 -4.9898822241e-03
-2.3035099401e-02 7.7923093095e-02 -4.5638313052e-04 -2.1373918946e-02 -5.8956967970e-02 -6.1125922532e-02 -2.7323872224e-02 9.1423720518e-03 -8.7038221216e-03 -4.7439045005e-02 3.7975795989e-03 2.9192986131e-02 5.7485294259e-02 1.9686232386e-02 7.4260667049e-03 1.3072269857e-01 -1.2280409556e-01 5.0530126530e-02 -2.6540047674e-03 4.2385075374e-02 -5.3148604140e-02 9.9520776652e-02 -1.8295294755e-02 -1.8731079009e-02 1.9153888868e-02 -2.3893245919e-02 -2.3263855993e-02 -8.8190642867e-02 8.0450616600e-02 -6.3503916781e-02 -5.0853042674e-02 -1.4446802848e-02 -2.8974701009e-02 1.9958547509e-02 -1.9833180429e-02 6.2568753939e-02 -2.9283326816e-02 -6.2791272642e-02 -1.2550525333e-02 -2.8952990089e-02 5.8081742824e-03 1.0828895546e-02 -1.4999707003e-02 -1.3287857171e-02 -4.6804726026e-02 -1.2292313242e-02 2.2632231202e-02 -8.8704057727e-04 6.5331628533e-02 -9.7651064142e-03 -3.0833163655e-02 -2.8708514921e-03 1.9700946897e-02 -3.3933345569e-02 6.0141717535e-02 7.3223659256e-02 -2.3574293722e-04
-1.9806197650e-02 -6.7839759266e-03 5.3659106899e-02 -3.6005677431e-02 4.9819102996e-02 6.6489839710e-02 6.8598255890e-02 -1.8244651808e-02 2.7368358046e-03 -4.3989030199e-03 5.4541475406e-03 6.0010741942e-02 -1.7822209147e-02 2.5435852372e-02 -4.5749198181e-02 1.0767374863e-01 -6.7606097081e-02 7.5237080779e-02 5.1831392336e-02 -4.1901755839e-03 1.1467133579e-01 4.5484252848e-03 9.4088217210e-02 -1.0377651241e-02 -3.6869171844e-02 1.0511245294e-01 -2.0972785310e-02 -4.3922557413e-03 1.6118380046e-04 7.2049811420e-02 2.2706775720e-02 -6.7509320862e-02 4.8391014903e-02 -4.7675156389e-02 -2.4267163786e-02 7.3005749790e-02 -1.2603470218e-01 -6.1357532322e-02 -1.3260995523e-01 -3.9067953373e-02 1.8208600115e-02 -3.0913924253e-02 3.1239535305e-02 7.6927508134e-03 5.0194618897e-03 2.4759299416e-03 4.4287378178e-02 -1.7499915130e-02 -6.3854956209e-02 -1.1478213928e-02 1.0055299089e-02 4.6806845940e-02 4.7714710384e-03 -5.6597405992e-02 -7.2599391969e-03 -4.2185838659e-02 4.9199520113e-03
-8.9876792292e-02 -7.5171734208e-02 3.7558083474e-02 -4.9326094130e-02 -4.1717997608e-02 2.4768664748e-03 4.1918524304e-02 4.3038495683e-02 -3.6485303805e-02 4.0045859758e-03 -5.7455096880e-02 2.1384223308e-02 -5.7851352165e-02 -3.2933108054e-02 -4.3587931158e-02 1.1765394466e-01 -5.0587878445e-04 1.7794016209e-01 1.9441226085e-02 6.0718880351e-02 -6.8698973275e-02 -3.0210604264e-02 2.4881645282e-02 -4.5321961847e-02 -2.2433184242e-02 -3.8181528752e-02 -5.6226271922e-03 -1.2204961134e-01 3.2690624543e-02 -8.2493228679e-03 2.3369180909e-02 8.5043672988e-03 -6.1715802313e-02 -9.1153139149e-02 -3.0511182919e-02 9.7315976803e-03 -1.3935940698e-02 -2.2141021806e-03 7.3303029470e-02 2.5234329500e-02 1.7095906210e-02 1.3142579221e-01 -2.3432243254e-03 1.1977322646e-02 1.9959059255e-02 6.7128423347e-02 3.1241709049e-02 -2.0782517447e-02 1.3419525513e-02 2.4503204236e-02 8.0041445690e-02 9.3316228442e-03 -1.2239960301e-02 -5.0834106527e-02 -7.2836303682e-02 9.4399444520e-03 2.6477267926e-02
-1.7421599950e-02 1.5000909991e-01 -1.5061647391e-01 3.4774859335e-02 1.7484129600e-02 9.2126931625e-02 3.6633645074e-02 -5.2939491855e-02 7.9202794575e-02 7.2338886476e-02 -1.3075995876e-01 7.3073240312e-02 6.2115140954e-02 2.0766563349e-02 2.0224009788e-01 -6.9377836211e-02 -7.6997813205e-02 -1.0810831185e-02 1.1643365911e-01 -1.1508419493e-02 1.1676828709e-01 7.6103620236e-02 2.6176095972e-02 8.9150026620e-02 -3.0621942581e-02 -1.0404724255e-02 3.0398003089e-02 -3.8203865539e-02 1.3851127294e-01 7.6738567802e-03 1.1666835982e-01 -6.7216759283e-03 9.2978005921e-02 1.5511258388e-02 3.9812526878e-02 -1.6623680223e-03 -4.8264710631e-02 7.5654413478e-02 9.0121862080e-02 4.8012056533e-02 3.7559635664e-02 -1.2628274203e-01 8.2446590374e-02 -3.6160735381e-02 -3.1236454195e-02 1.1778239664e-01 3.5478968786e-02 -1.2186822360e-01 7.0785020055e-02 4.0140599682e-02 8.9057210757e-02 1.0533469087e-02 -1.2758506321e-01 -1.6173245758e-02 -2.5865675758e-01 2.7053277875e-02 1.0135175170e-01
9.7735541317e-02 5.1214689227e-02 -2.2671969343e-02 8.4978403395e-02 -1.9116855532e-02 1.5034109560e-02 5.4987128561e-02 1.5935464184e-02 4.9976835946e-02 2.8271697985e-03 -5.3726657966e-03 -1.7136630653e-02 -2.2451697693e-02 2.6113675416e-03 -6.1290959555e-02 -1.2051383553e-01 7.9860768543e-02 -5.9968469078e-02 1.9915863990e-02 2.2162589219e-02 -1.3500284592e-02 -1.4157398027e-02 1.1159266808e-02 6.0935344227e-02 1.5090400623e-02 -1.2754821707e-01 1.4470776995e-02 -1.0447698840e-01 3.5020938253e-02 -1.0398980173e-02 2.2597757219e-02 -8.3957445097e-02 -1.8859959454e-03 6.8494338434e-02 -2.0173338978e-02 9.8585417196e-04 6.3890901338e-02 -1.4628456455e-02 3.4205106564e-02 1.2986547540e-01 1.6269962072e-02 -6.4071358683e-03 1.7654047268e-02 2.3293545208e-02 -8.5446592515e-03 7.5496957143e-02 -3.0037495671e-03 1.7828261983e-02 -4.6743151793e-02 1.1049707287e-02 -4.0798782162e-02 -3.0208326303e-02 -2.3666202085e-02 -2.2298672190e-02 -1.8437945556e-02 -2.4696178206e-02 -1.8219079967e-03
1.4403715498e-01 5.7401348594e-02 -3.0998656876e-02 7.4800339377e-02 1.5108517678e-01 -3.6824637004e-02 5.2307546705e-02 -4.8065275712e-02 -6.6884847252e-03 -4.0904034454e-02 4.3395794391e-03 2.0409628552e-02 9.4324971689e-04 -3.7046788069e-02 -7.3679470970e-02 -2.7218327392e-02 -1.2793334469e-01 -4.6907292547e-02 3.0552005753e-02 3.4761776277e-02 4.8902250469e-03 -1.7284682911e-01 -2.2753500764e-02 3.9029080854e-02 3.4153513802e-02 -8.5771937744e-02 -2.6773551183e-02 -1.9023701050e-01 3.5132120170e-03 -1.1843084819e-01 -8.6993765940e-02 -1.1460370563e-01 4.5324485560e-02 5.1603565971e-02 -3.9764814486e-02 -1.2162323791e-01 1.2166365351e-01 -7.7384165727e-02 3.8013122930e-03 -2.6455027175e-02 -5.8289271665e-02 -2.8373206103e-02 -1.3340118566e-02 2.7173752709e-03 7.2211758106e-02 1.6225513690e-01 4.4273354537e-02 -3.9405932539e-02 -5.8600512709e-02 2.1739373538e-02 -7.5461638696e-02 -9.9311717001e-02 3.4488799077e-02 1.0777704875e-01 -7.3510599645e-02 -6.5105208723e-03 6.4618221649e-02
-1.0085118320e-01 -3.6656204648e-02 -4.5822591375e-03 -3.2027732586e-02 -1.1758241123e-02 3.8194278042e-02 -5.2321901374e-02 1.0768286754e-02 -9.6957892241e-03 5.0071379345e-02 3.4901503337e-02 3.5424953245e-02 -8.8444610707e-02 3.6112213100e-02 6.2410904517e-02 6.7776841530e-02 -6.5669863545e-02 8.5189230014e-02 -8.6370857264e-03 -1.1005049512e-02 -2.0979348554e-01 -2.1186434007e-02 3.0183423037e-02 9.1744466189e-02 5.7020132183e-02 -1.7699215070e-02 7.1206473022e-02 2.1288238577e-01 -8.4426596741e-02 -1.4294480963e-02 1.1046562129e-02 1.1711522391e-01 -1.1415598125e-01 -6.8565315506e-02 1.1697654513e-02 1.6475240785e-03 7.4323893534e-03 -4.6487456597e-02 -9.8498930660e-02 -4.6920597423e-02 1.7732282004e-02 -6.0521445617e-03 -2.9652429386e-02 -2.3175798264e-02 2.0967900649e-02 -6.0033325338e-02 4.4230026691e-02 -2.7097140457e-02 -2.4007926467e-02 5.7138823384e-02 -8.0343584496e-03 -1.8881254150e-02 -2.4297021201e-02 -6.3989620021e-02 3.1299690374e-02 2.5888722460e-01 -5.6931101591e-02
9.7891096900e-02 1.1266551041e-01 -2.5013317987e-02 1.0458816092e-01 -6.7985976044e-02 -1.1295914548e-02 -1.4542174377e-02 3.5444245514e-02 2.7507991565e-02 -1.6267089858e-02 4.0937967759e-02 4.5499647209e-02 -1.9510519591e-02 1.4801969115e-02 -1.2813023048e-01 -1.0838286780e-02 5.5984705061e-02 -3.0183189654e-02 -1.1863046586e-02 -2.1715757199e-02 -2.4531255506e-02 4.5997379819e-03 3.2539362221e-03 1.5803452115e-02 1.8651040906e-02 -1.0569700589e-01 5.9282504252e-03 -1.2284343385e-01 1.5145281122e-02 4.8569720094e-02 -6.6164214082e-02 -5.3368101456e-02 2.0270459742e-02 2.5396373925e-02 -1.4039318935e-03 -2.0261672696e-02 -1.2698495704e-02 1.9788665949e-02 1.8273813741e-03 2.8103329639e-02 -5.0586935928e-03 1.5200691035e-02 4.2747760435e-02 -1.7303504563e-02 4.8052763102e-02 3.0237424136e-02 1.2497094392e-02 -9.4945354700e-03 -1.8940881657e-02 3.0492723690e-02 -7.5068370646e-02 -8.7630418824e-02 8.0860024193e-03 1.0562000545e-02 -4.2399169685e-03 -7.0051478258e-02 -1.6622705469e-02
5.1242197775e-02 1.3274494406e-01 4.0448819092e-02 6.8319370156e-02 -1.8417005718e-01 -3.2473021786e-02 6.4462837601e-02 -4.8873815459e-03 -5.0991057583e-03 -1.0639074574e-01 -1.0028131865e-01 1.2365131411e-02 -2.3497635463e-03 2.6146616941e-02 -4.3634757196e-02 7.7821181013e-02 1.3940027535e-01 2.5760012863e-02 3.2220868776e-02 1.0326983735e-01 -7.3952107062e-03 5.0336991625e-02 -2.3843450920e-02 6.0876314511e-02 3.6719089917e-03 -1.4377163357e-01 9.6464146040e-03 1.2432470866e-01 1.5088373262e-01 -4.4628263220e-02 -3.7132002821e-02 2.9596488379e-02 6.2527938537e-02 1.3237651628e-01 1.3149795736e-02 9.6251038836e-02 -2.1552405238e-02 -6.5741474710e-02 -1.0081617405e-02 8.1570115139e-03 4.5125494359e-02 -8.4075751236e-02 6.8202948406e-03 9.5344720398e-03 -6.6918895057e-02 3.8468661882e-02 9.2409628767e-02 8.1768083401e-02 -1.7886309749e-02 1.7015587357e-02 5.1747130845e-03 -5.4016422178e-02 6.4776465455e-03 -6.1424234955e-02 3.1495222941e-02 -2.1112186211e-02 -1.7196028608e-02
-4.2096838418e-02 -1.0920610564e-01 -7.5301191982e-02 1.3598895408e-01 -2.0728143793e-02 5.8778121793e-02 9.6572004779e-02 -4.7079316725e-02 -2.4931302733e-02 -5.1116891804e-02 3.4250354534e-02 -4.4270206248e-02 -7.3695634707e-03 8.0164776581e-02 -7.5465528806e-02 -3.2819308810e-02 1.9907602445e-03 3.7243510660e-02 -2.0357598242e-02 5.4885995276e-02 1.3161007368e-01 -4.0586417743e-02 -1.4003834079e-02 4.5070694226e-02 -2.3745279106e-02 -3.4894378186e-02 -5.7346627297e-02 -1.3309776708e-02 -2.5726584074e-03 -1.0790699134e-01 -3.5279231431e-02 -1.1378515257e-01 6.9213382505e-02 4.4139525358e-02 5.3592918956e-02 -6.6734560241e-02 -2.9751228505e-02 9.6933180782e-02 -5.6840014288e-02 1.6514871845e-02 -2.1273507633e-02 -8.6604728998e-02 -2.0004362859e-02 2.0971521401e-02 8.9047540041e-03 1.7483588391e-01 6.7636168947e-02 7.2992847135e-03 2.8020079869e-02 -7.2532527922e-02 -7.2249993201e-02 -3.2810246441e-02 1.4492158084e-02 -9.3448154762e-02 5.0242253185e-02 -9.7665125703e-02 4.9358808182e-02
-5.8864717105e-02 1.1180645351e-01 -2.8894531579e-02 -5.3871239445e-02 -3.5522523073e-02 8.7796774458e-02 4.8145962300e-02 3.7466780788e-02 7.8739950333e-02 7.7954362238e-02 7.3220892350e-02 -2.6579189793e-02 -6.4658892136e-02 2.8371409365e-02 -3.1884436462e-02 1.8152946965e-01 1.6502430257e-03 5.1171355888e-02 -4.4570868628e-02 -1.4309920245e-01 -2.2421900593e-02 -2.1193787714e-02 -4.5501736178e-02 -4.9055065778e-02 5.8458656091e-02 -4.4644862691e-02 2.0374228636e-01 1.2175947449e-01 7.9403573986e-02 8.4297464743e-02 -5.6924946318e-03 7.0361433175e-03 -1.1711649935e-02 -4.7463476029e-02 5.6788242183e-03 -9.7923885204e-02 -8.1080650031e-02 8.6162255395e-02 -3.0874897569e-02 -5.7400091048e-02 5.9691476488e-02 1.0561934799e-01 1.2720822821e-02 -1.6606276155e-02 1.4439451053e-02 -1.1810412829e-03 -3.2218904620e-03 -1.0769786984e-02 2.3592003711e-02 5.9409165438e-02 -7.4327445225e-02 4.0147230279e-02 1.4258569698e-01 1.3025144876e-02 8.5331487874e-02 6.5851169479e-02 2.1557206933e-02
1.0944985237e-01 -5.2053825773e-02 -2.2601452202e-02 1.1775261999e-01 1.1908505740e-01 -4.2127067119e-02 3.2219711439e-02 1.1906778840e-01 8.8023285203e-02 1.1599097630e-01 -1.4765713547e-02 1.7061398442e-03 -1.2648575482e-01 9.6287851852e-02 -4.5213323909e-02 9.7625848831e-02 -3.9541471551e-02 2.7022601056e-03 3.3425884347e-02 2.9157731746e-02 6.8964571255e-02 -4.3617018438e-02 -7.5011504037e-02 2.5043648277e-02 -1.0055310774e-02 9.2986355219e-02 -5.4979568291e-02 2.7810490800e-01 1.6788130539e-02 4.3051290267e-02 1.5962441092e-02 -3.5235011737e-02 1.0211431643e-01 -2.4780298378e-01 3.8649652143e-02 -2.0266030172e-02 -2.5267101390e-02 -9.3093700155e-02 -1.0247559604e-02 -2.2970325341e-02 4.7019026228e-02 -1.0775936428e-02 3.2656426347e-02 1.1337500074e-01 -4.6098808917e-02 -1.0378614464e-01 4.6489389762e-02 -4.7800606641e-02 -4.5101304927e-02 4.1785237688e-02 -1.4681411789e-01 2.2240862333e-01 7.2598601925e-02 -1.2419664874e-01 -7.9256981719e-03 1.0245639835e-01 -1.8310850522e-02
-6.8110649806e-03 -3.9852770635e-02 7.5586160822e-03 -1.2719551949e-02 9.1564576879e-03 -5.0865186174e-02 1.4252721689e-02 -2.4013013243e-02 -6.9021190461e-02 2.6067769020e-02 7.0749849103e-02 7.5534082279e-04 4.5289612093e-02 6.3402542099e-03 -6.1297693347e-02 -3.4647663280e-02 8.1215348722e-03 2.0830734090e-02 -3.9728879126e-03 2.5486352418e-02 -3.1816919770e-02 2.0981193517e-02 -1.3944028119e-02 -5.2614918702e-02 1.0702815649e-01 9.5976842539e-02 2.3345894923e-02 -6.7762012903e-03 -3.2025523930e-04 9.8192961319e-04 6.7455699245e-02 3.8038153372e-03 5.8519041455e-03 1.9312198929e-02 2.8729902215e-02 -4.3341126297e-02 1.7788029509e-02 2.6345518988e-02 -2.1687172124e-02 1.9827035864e-02 6.4088390776e-02 1.9140106484e-02 2.0482598000e-02 -8.6314772948e-02 -3.9575476406e-02 4.5966804723e-02 2.2988635253e-02 -1.2339206594e-02 -4.9692559341e-02 1.2451432177e-03 -4.3308834779e-02 9.0201074147e-02 -7.7432803031e-03 2.6230894092e-02 -4.0261588954e-03 3.9400490561e-02 -8.9568942448e-02
1.1769141584e-02 -2.1484966314e-02 -9.1714655859e-02 4.5379790182e-02 9.3642907227e-03 5.3656128037e-02 2.7468948206e-02 -4.6214736686e-02 -3.2439129987e-02 -1.3821956041e-02 -8.3468643538e-02 8.5651632058e-03 7.0124548724e-04 -3.1203324694e-02 -2.2854915622e-02 -7.7901367059e-02 4.5133937202e-02 -2.5538349945e-02 1.3732759141e-02 6.1336040380e-02 -3.5980530476e-02 3.0371014057e-02 5.5049355339e-03 5.4973429905e-04 9.7616809448e-02 -7.7079491683e-02 1.3104298993e-01 1.7715390455e-03 -1.8307408030e-03 2.5562882429e-02 -1.0988650660e-01 9.6461404361e-03 -7.4011866212e-02 -1.1790354719e-02 -6.1854722038e-02 4.0019392823e-02 -1.3956835781e-02 1.0340378055e-01 4.1854743673e-02 3.3383005992e-02 -5.3498398688e-02 2.0910626951e-02 -5.4290181191e-02 -2.6665594200e-02 -3.9621528669e-02 -2.5254896695e-02 1.8791190269e-02 9.3538652837e-02 -4.0912857097e-02 2.8944688311e-02 -9.2519873904e-02 2.1438661707e-02 -4.5790542326e-02 -4.2601009799e-03 2.3070293059e-02 1.0733306778e-01 -8.5587670050e-03
-6.0377175665e-02 -7.1324906879e-02 1.6561344287e-02 -7.1694187074e-02 1.9281039201e-02 -1.0911819617e-02 -5.9727451637e-02 -1.0463425209e-01 -8.1846101702e-02 9.6138172304e-02 -3.9072565958e-02 1.5550631943e-02 -7.0470743134e-03 -6.8124360096e-04 -2.4143322834e-02 2.3100972566e-02 3.4971129588e-02 -1.9932468786e-02 1.0798601256e-01 -1.3000728541e-02 2.2208773222e-01 9.8304688334e-02 -1.9346330565e-03 9.4551360169e-02 2.3236653853e-02 5.0419469555e-02 -4.4546598913e-02 1.3745595022e-01 2.5570484351e-02 -9.2910854912e-02 7.4745302563e-02 2.9153728210e-02 -1.1668581692e-01 -7.0689015661e-02 7.3258651478e-03 -7.7920683624e-02 -6.7296972355e-02 3.1147789538e-02 -3.2552737641e-02 3.9518687192e-02 -6.9583085833e-02 4.6754575929e-02 7.7285300168e-02 -5.1387016062e-02 -4.0162036052e-02 -1.3229714412e-01 -4.6062504170e-02 -5.9226854293e-02 2.5809149217e-02 -3.2741981404e-03 8.2252680805e-02 -8.8779450523e-02 1.0398001903e-01 3.0661199119e-02 8.3770940142e-02 1.7825476958e-01 -3.2892231334e-03
1.7114676165e-01 4.8708976172e-02 -5.4781888567e-02 5.9384211178e-02 7.1466299161e-02 -3.4461005755e-02 2.5728911168e-02 -5.2126988746e-03 3.2038883287e-02 -1.2487777826e-03 -2.1593850527e-03 -4.4659776509e-02 -6.8072373419e-02 -6.7026108741e-03 -1.6557036019e-01 1.9047596777e-01 1.9243078249e-02 -1.9169106442e-01 5.8780502304e-02 3.9694095011e-02 -6.3558526560e-03 3.4131320711e-03 -2.3112502014e-02 3.2723409430e-02 -2.5152401295e-02 3.2847913743e-02 -1.0697805119e-01 3.2150605686e-02 3.6433410571e-02 -2.2190443378e-02 4.5354357859e-02 -4.6894281962e-02 3.0206527516e-02 8.3049408599e-02 1.8396172110e-02 2.6800573186e-02 -8.1698350859e-02 1.5313000891e-01 1.5732920617e-02 1.1745147893e-01 3.1121004742e-02 6.4607845985e-03 1.5715916377e-01 7.9375247149e-02 6.0111916270e-03 8.3653891857e-02 -4.0719265939e-03 5.0022522285e-02 8.0339637177e-02 5.7007005386e-02 8.0756156149e-02 -1.4162725130e-02 4.3950868625e-02 2.9529649251e-03 -8.1242221197e-02 6.3806559882e-02 -4.0948209771e-02
1.7561174550e-02 1.1909820728e-02 -2.3666776469e-02 6.1952967944e-02 2.0400980930e-02 -4.1728608510e-02 1.0212933706e-01 -8.5591131599e-02 2.3480372410e-02 -5.8496716292e-03 5.6436760616e-02 -1.7294048384e-02 1.6376554853e-02 -6.4613755380e-02 4.0948091127e-04 3.4626797956e-03 5.4636706440e-02 -1.2527296726e-01 -8.1190085162e-02 1.9989763333e-01 7.6759702583e-02 -2.8272453390e-02 -3.5987249967e-02 9.1139937483e-02 -8.9421266978e-03 -1.6286713584e-01 -8.7989887559e-02 -2.5619577120e-02 3.0890247672e-02 2.1261787222e-02 5.3096515848e-02 -4.3676318290e-02 -2.5273902373e-02 1.7656989713e-02 5.4331623209e-02 -1.0976939727e-01 -6.6143491843e-03 -1.9625834807e-02 6.6082372060e-02 -4.2348522320e-02 2.9677473389e-02 -5.8693531217e-02 -2.6191472035e-02 -1.0685589829e-01 -2.9131395517e-03 5.9658500250e-02 -2.3374994198e-02 5.0215195158e-02 1.7603939947e-02 -5.6798169309e-02 8.6629932092e-02 -4.0121061488e-02 -3.9039380152e-03 -3.7201460557e-02 -6.3372458190e-02 1.2616393964e-01 -4.0767909294e-03
-8.1842574452e-03 7.5920595874e-02 6.3325564374e-02 3.5821165930e-03 -1.1312969980e-02 5.7735348580e-02 6.2330542974e-03 -6.5036165557e-03 -5.5464088005e-02 1.3207529243e-01 2.9588506156e-02 -3.2865643099e-02 -2.6919380202e-03 2.6255170867e-02 -5.1333206111e-02 -3.8485775951e-02 3.2728965141e-02 -6.8296411735e-03 3.5942516191e-02 8.6161154230e-03 -1.5951696038e-02 -5.8121697450e-02 5.3258556339e-03 1.2019911032e-02 5.4111958419e-04 -2.7372429641e-02 -1.9625033003e-02 8.0178066770e-02 7.3367958294e-02 5.4400651291e-02 1.8534044139e-03 -6.7325050655e-03 -7.7237476970e-03 1.8728455928e-03 3.0519494721e-02 -6.4003007495e-02 1.0636828985e-03 1.1892122135e-01 -4.2060657481e-02 -7.5572798686e-02 5.3804789717e-03 5.0770912087e-03 3.1121938070e-02 -2.4142938318e-02 -2.8031043809e-03 2.5982207909e-02 -3.6034094401e-02 -2.2657739752e-02 4.2173799683e-03 6.0123349266e-02 -4.5637112607e-02 -2.9851838888e-02 9.2553381933e-02 2.4234389660e-02 -1.5277181427e-02 5.3520029731e-02 1.0479885522e-01
6.4805667684e-02 6.7815725975e-02 -3.7160885331e-02 1.3083074036e-02 -8.7489315369e-02 2.6914143872e-02 7.7945351394e-02 1.4936385765e-03 3.5852314701e-02 -4.8026196234e-02 -5.9567423494e-03 5.0826120128e-03 7.3288669770e-02 6.3935482848e-02 -3.2967582458e-02 -1.3252885866e-01 5.4215183351e-02 2.9497630147e-02 -1.3566993909e-02 1.7740235822e-02 -1.2058801640e-02 5.3218905993e-02 2.5081083722e-03 4.5938139932e-02 -7.0700363344e-02 -3.1401232205e-02 1.9139094983e-02 7.8109627474e-02 -1.2648366376e-02 -4.3183509231e-02 -8.9747410777e-03 2.9390645436e-02 5.7534197186e-02 -2.9589674133e-02 5.3254404508e-03 1.5837303312e-02 5.9184390471e-02 1.0892414366e-02 -3.7177940738e-03 3.4938445669e-02 2.8801271438e-02 -3.1569980503e-02 1.1704310037e-01 1.3086385874e-02 -3.9844442378e-02 9.1727971354e-02 -1.6805668274e-02 1.0374808647e-02 9.7264415335e-03 2.4779846070e-02 -1.9142583517e-02 -2.8876375649e-02 -3.7147023455e-04 5.3453555162e-02 -1.5814393832e-02 -3.6378767376e-03 1.8752354966e-02
-5.1658546878e-02 7.7943423519e-04 7.0813471872e-02 9.2650829100e-03 1.2294699735e-02 2.6593701149e-03 -4.9814407888e-03 -9.0457661946e-02 -4.5876969705e-03 -4.0714372417e-02 -2.4917835346e-02 1.5250650118e-02 -3.4247026053e-02 2.0596116441e-02 4.8537280111e-02 -9.7674404827e-03 -9.8590780975e-03 4.0992463622e-02 -3.3323684638e-02 -4.7960940510e-02 -3.4779036250e-02 9.2118152113e-04 -1.3958091493e-02 -1.4802670755e-03 1.6057283150e-02 6.8202284403e-02 4.2119627513e-02 1.0094551859e-02 -2.5000538438e-02 1.4603314052e-02 -2.2568613092e-02 4.6127016322e-02 -6.1551263650e-02 8.6653603486e-03 -1.8758031392e-02 5.7963864255e-02 -6.7189794424e-02 -3.6742625979e-02 1.2366040276e-02 -2.9107356012e-02 8.4271752368e-02 1.7569805393e-02 1.3745388808e-02 -6.5986896780e-05 3.8009411282e-02 9.4299359878e-03 -9.9652670741e-02 -3.5507330645e-02 2.3460837112e-02 4.8169493936e-03 -4.0012678941e-02 3.4707845255e-02 4.5410755190e-03 -1.8801326233e-02 2.1542115250e-03 -6.2769128664e-02 -3.2279681768e-03
2.0150815485e-03 2.7706744523e-02 -9.4080188584e-02 1.4615512587e-02 -4.2998000708e-02 -6.0784361001e-02 5.3766032036e-04 3.0908552543e-02 4.7595371950e-03 -4.8761527640e-02 -1.2422152995e-03 -3.3373377041e-02 2.7509489680e-02 -1.7964716639e-02 -1.5503557306e-02 -9.6306201216e-02 -2.4588624621e-02 -1.2699869011e-02 -4.0936431846e-03 -2.3977893992e-03 6.1862993058e-02 -3.7504534224e-02 3.2810366018e-02 -6.9009010541e-02 -5.2257196798e-02 7.3240793535e-02 -1.0080789211e-01 7.3696698193e-02 2.5966350979e-02 3.6806865159e-03 2.3033086459e-02 5.3117595173e-02 -4.0662103013e-02 1.4737447721e-02 3.7169146223e-02 1.4875524205e-02 1.6924638501e-02 -2.0233616702e-02 2.8277937806e-02 -1.0506930078e-01 1.0265874585e-02 -5.3631291449e-02 -4.3116568518e-02 -2.4108651934e-02 4.0916967464e-02 4.3882497812e-02 4.2736855068e-03 -5.6851952471e-02 3.2918285340e-02 1.7137522276e-01 1.9120335312e-02 5.5341672207e-02 3.6558622415e-02 -4.6358119373e-02 -2.0933036938e-02 1.8128455256e-02 -6.0084124667e-02
-7.7830981323e-02 8.6346838371e-02 7.5186875987e-03 -4.0934214843e-02 2.1179107026e-02 -3.3405438378e-02 8.1339073718e-02 1.2017862236e-03 4.3724755373e-03 -2.9076816452e-02 -6.9444246915e-02 -1.5977545913e-02 9.1985515025e-02 6.1175837570e-02 -5.4163128794e-02 -5.2460217080e-02 -4.0247625658e-02 -5.0916814579e-02 -6.1229842440e-02 5.7680854074e-02 5.8583968640e-02 -1.6586882717e-01 3.3023930902e-02 -1.0132768208e-01 3.4612036653e-02 -4.1392982149e-02 -4.6370908516e-03 -2.4282941122e-02 -4.3463808294e-02 -7.4583897650e-02 1.5635733234e-02 -4.0613306328e-02 6.0710464975e-02 -2.5186713341e-02 5.3044159449e-02 -1.2143945317e-02 -3.6881227861e-03 1.4110688109e-01 4.5034180430e-02 -3.0990724364e-02 4.5498544335e-02 4.2862512301e-02 4.3918001473e-02 4.0388640068e-02 4.2753116164e-02 -3.7115152332e-02 -4.8690736886e-04 3.6461599074e-02 -3.9711193945e-02 -3.0099542357e-02 3.1041531801e-03 2.5462001753e-02 -2.0864155619e-02 1.0736348848e-01 -7.0225955122e-04 -7.6376646660e-02 2.6606239964e-02
-4.7424304693e-02 -6.5443593477e-02 4.6229609568e-02 -1.8512251164e-02 -4.4222127478e-02 9.5386597389e-03 -4.9452497321e-02 -7.6676730351e-02 -5.5341432623e-02 -7.1010370411e-02 1.9095169624e-02 2.7049180546e-02 5.6367538741e-04 1.4339969234e-03 5.3408322712e-03 6.7271269343e-02 -7.1119888866e-02 4.5728750271e-02 8.2607226552e-02 4.4196444446e-03 3.1664985943e-02 -7.9923967129e-03 7.3829458089e-03 -6.5318519889e-03 4.5934699948e-02 8.3724115940e-02 -1.1356167148e-02 6.1818392641e-02 -5.2822052703e-02 -1.8914791736e-02 -4.4767030354e-02 8.2385088805e-02 -3.0866020320e-02 -5.1085752476e-02 -2.4710154631e-02 -2.0363483317e-02 -4.9808450632e-03 -8.6460652744e-03 -9.6769549232e-02 -6.2090740438e-02 -6.2141924404e-03 2.7795983531e-02 2.2725234974e-02 1.6195502146e-02 1.5484025549e-02 -3.2827702072e-02 7.6428305475e-03 -1.2725617355e-02 -5.2537981468e-02 -4.9622453867e-02 9.6187776768e-02 4.0004197526e-02 4.6274619070e-02 5.0545639251e-02 2.0131995397e-02 4.3616080746e-02 3.8238088346e-02
1.8680233895e-02 2.3193389344e-02 -3.5718496109e-02 6.1759186471e-02 6.4230183605e-02 -4.6832950305e-02 -1.4509528122e-01 -1.6919661979e-02 1.6986340523e-02 -1.6785034125e-02 1.8504228229e-02 1.0055313687e-02 -1.1957196007e-02 -1.3766872180e-02 2.0604380161e-02 -9.0403868593e-02 2.9397499801e-02 -3.0376103636e-02 4.2916977436e-02 2.1233788366e-02 3.8462778976e-03 3.9294255261e-02 2.8019166099e-02 -2.3043808978e-03 2.1683364426e-03 -4.2283325264e-02 -6.1806550816e-03 1.8699373184e-02 2.5832924095e-02 -1.3107886467e-02 -3.5280728589e-03 -4.8116115317e-02 1.1848629488e-01 -7.7798881946e-02 1.9283483039e-02 -6.8677867826e-03 1.0850299536e-02 1.5129231078e-02 6.0709093599e-02 -2.0653457608e-02 7.0933970185e-03 -7.7091384689e-02 6.2757420983e-02 4.1350189380e-02 7.5053523842e-03 1.0827314956e-01 7.0285100868e-03 -1.1766998268e-02 -5.7255563887e-02 -1.1227720924e-02 -3.6397000693e-02 1.5505725308e-03 2.2528991141e-02 2.3115822583e-02 -2.9446849646e-02 3.4265333545e-02 2.7267998699e-02
-1.0427310154e-01 -1.0686170998e-01 -5.6808206110e-02 1.5193021411e-02 1.5724350556e-02 4.3533815215e-02 5.2372330719e-02 -1.3870827133e-02 -2.1918084529e-02 -3.2793592019e-02 3.2933476378e-02 -5.2653610518e-02 7.5252158345e-02 -1.0940270894e-01 -4.1529324069e-02 5.2866923194e-02 3.3152473622e-03 -2.5056259106e-02 4.4271854962e-02 3.5821077695e-02 -1.3922792077e-01 -1.0220391392e-02 2.3608637805e-02 -7.5091495121e-02 4.0786319280e-02 2.3369647752e-02 1.4766803912e-01 1.4712341301e-01 -3.0622076472e-02 8.3669979170e-02 -1.1914986274e-01 7.7066482312e-02 -8.8153526274e-02 -7.4346571308e-02 -8.6421927736e-03 3.9368654426e-02 -1.0159720796e-01 2.0035172363e-02 -1.1472366207e-03 3.7583734172e-02 -1.1625083608e-03 -6.4164074142e-03 4.7810161812e-02 -3.7808691479e-02 -1.2628980148e-02 -3.6997478496e-02 -1.5426297248e-02 2.7201323923e-02 7.6319367971e-02 2.0046438581e-02 8.9662724834e-03 4.2408198026e-02 2.1170232707e-02 5.2466449626e-03 4.4545948827e-02 1.4774304966e-01 -6.8740138093e-02
-1.0006735542e-01 -4.5847030351e-02 5.5640995057e-04 5.1404582249e-02 4.4785934870e-02 -6.5769380144e-03 -3.3213234255e-02 7.9509116863e-02 -1.3571642622e-02 -8.2300460577e-02 -3.4713146361e-02 5.9687537181e-02 -4.7363950663e-03 1.0023595932e-02 4.3391389754e-02 -1.1602951934e-01 2.6663657662e-02 -2.1265466180e-02 -6.8990791497e-03 7.0923007713e-02 6.4938117336e-02 -3.3726714181e-02 -1.4238550560e-01 5.1847387451e-02 1.4522779441e-02 -2.8930356878e-02 5.7572467304e-02 -5.9788642543e-02 7.0603656961e-02 -8.7824170121e-02 -1.0500517657e-02 3.4438229198e-02 9.3749394021e-02 1.1157401853e-02 4.1229633719e-03 -4.4469535673e-02 -1.5812265094e-02 3.5282536092e-02 -5.9716754596e-03 -9.2140888890e-03 -4.2144348559e-02 3.1725828505e-02 3.1621852267e-02 -6.2261839072e-03 -3.6930284470e-02 -7.5274740388e-03 -7.0058679156e-02 -6.2747847883e-02 7.8528857582e-03 5.8785470983e-02 -5.0738182485e-02 -3.9745746576e-02 -5.6331458980e-04 -3.2637024706e-02 -4.6946743740e-02 -1.2374494105e-01 -3.7495692816e-03
8.4122855935e-04 -2.9420665598e-02 -8.3604694523e-02 -3.2593721686e-02 -2.2776508153e-02 -9.4555087220e-02 7.0931197666e-02 -6.2656359413e-02 -5.7290945196e-02 1.4626268513e-02 2.7676588018e-02 5.5933868959e-02 1.8699571449e-02 3.0814295417e-02 -5.4080058368e-02 -8.0314371708e-02 -2.4121185823e-02 -2.1354235912e-02 -1.0228108624e-01 -2.5770293047e-02 -7.0032645945e-02 -1.2052239421e-02 -2.8189509885e-02 6.5422612351e-02 -1.3601048695e-02 1.5651367589e-02 1.0452241448e-02 6.1980323112e-02 -2.1801578178e-02 2.8577279322e-02 -5.8733252973e-02 -6.0456310984e-02 2.1701434220e-02 4.0896913908e-02 4.7323323875e-02 1.7530207060e-02 -4.5270339358e-02 1.4047846800e-02 -6.4269298288e-02 7.1341493471e-03 8.2633396401e-02 -7.7188677418e-03 -3.3580529607e-02 -1.7374599394e-02 -5.9904051323e-03 3.8423207899e-02 -1.3590624752e-01 1.3905819550e-02 1.8371290125e-03 2.5605504352e-03 2.6714076204e-02 2.3390570991e-02 -1.0046172443e-01 -1.4752007646e-01 -2.1641364188e-02 6.8319257678e-02 5.5019221248e-02
-5.9808207868e-02 -7.3660007330e-03 9.1686302408e-03 5.7265872796e-02 -2.0327044221e-02 -2.0624267594e-02 -2.6844670571e-02 9.9787707332e-03 -2.1521894526e-03 -2.7957912236e-03 4.9197085277e-03 -2.9852911629e-02 -5.2530894623e-02 1.2557570221e-02 6.6771768528e-03 -4.0667425270e-02 -3.4628467275e-02 2.6973265360e-02 -5.5189357750e-02 4.8440546595e-02 1.9032484472e-02 4.3320065659e-02 5.2321441056e-02 -1.2224843907e-02 -3.7836747448e-02 3.4020705490e-02 3.8634484444e-02 -2.3020648321e-02 -2.6119393250e-02 -5.1580509575e-02 -4.5316644756e-03 2.1823991133e-02 -6.7198201302e-03 3.0100273195e-02 -1.9231688747e-02 5.7452302316e-02 3.7178178441e-02 -1.2037912714e-02 -1.0709873555e-02 3.1272074222e-02 -3.7005626141e-02 2.1906760405e-03 -9.5155942378e-03 -5.4576882264e-02 -1.8245388315e-03 -3.2577780467e-02 7.1160522767e-03 -1.4607792902e-02 -8.5946950928e-03 2.5363270878e-02 5.4446796045e-03 -2.0117550238e-03 -1.1276980357e-01 5.5559282176e-02 2.3217254734e-02 -1.0041353177e-02 1.0531684724e-01
-1.6450992289e-02 -1.2541326899e-02 -5.9405218655e-02 1.3324562048e-01 1.6049753689e-01 3.9405376727e-02 1.3396659924e-02 1.5874954456e-02 -4.0865294851e-04 -5.4424714995e-03 1.2381587479e-01 5.9527743720e-02 2.9844923527e-02 1.0635880912e-01 -5.9653925537e-03 1.5761849474e-01 3.1238777807e-02 1.3057973528e-01 5.5329608554e-02 -2.3128050759e-02 -5.6810463001e-02 9.1889424796e-02 -2.3545247295e-02 2.8421413118e-03 -2.0812472051e-02 -7.9233963619e-03 -1.3386285049e-02 5.1872215729e-02 -2.5918818060e-02 3.3147012427e-02 -2.0867550772e-02 1.0217121660e-02 -5.8782560018e-02 1.0281018533e-02 -3.4054010362e-02 8.1779714497e-02 -1.0749377236e-02 -7.9341195851e-02 2.9043592551e-02 -2.7581125876e-02 5.4189571683e-03 -1.4593163868e-02 -9.2416243501e-03 -3.8746005199e-02 -2.9617947242e-02 -1.6625938026e-02 2.0238549158e-02 1.1696554467e-02 -1.7047376974e-02 5.0346086524e-02 1.0099349802e-01 -9.0556735077e-02 1.8064085342e-02 7.1143694964e-03 -2.9447739830e-02 4.8592328119e-02 -9.3514232932e-03
5.4096141648e-03 1.9501451626e-02 7.3205242692e-02 5.6859201427e-02 1.1057908353e-01 3.4734000943e-02 1.7474525222e-02 -6.5686139094e-02 9.0306344264e-02 6.3194494106e-02 -8.9063687293e-02 -5.7365384541e-02 6.0005611969e-02 -1.3303806452e-01 -6.2218811541e-02 1.3874946325e-01 1.3266161951e-01 -4.6400801151e-02 -1.9846039312e-02 3.5171730359e-02 -1.4746982764e-01 -1.1440222838e-01 2.2871757562e-02 -2.4337404505e-02 4.9796927920e-02 -8.8301271353e-02 5.5200404520e-02 -5.8762150701e-02 1.5689854638e-03 8.8449041266e-03 2.7996071245e-02 -1.9144571711e-01 2.0949408755e-01 -3.0690583243e-02 2.5533453517e-02 -1.7858046131e-02 6.7678681251e-02 -6.9599118736e-03 -6.2724649692e-02 1.3609173409e-02 -1.2608445074e-03 -1.3460446833e-01 -2.1592262250e-03 4.7815965462e-02 -8.4402292577e-02 9.9804165006e-02 -1.5832909148e-01 3.1402250706e-02 -8.6985908306e-02 2.7750116959e-02 -3.7248379376e-03 -1.6659612298e-01 -2.5575714427e-02 -1.0665118207e-01 1.7773127865e-02 -1.3189865674e-02 6.4906392927e-02
9.3200045564e-02 -5.1489552891e-02 -1.2972988991e-03 4.5294972305e-02 5.9529842912e-02 2.1108966921e-02 -5.0249678727e-03 1.0577241156e-02 2.0416242825e-02 3.0633672757e-02 5.8029753245e-02 -8.3442466629e-02 5.0838226330e-02 -5.6450738772e-02 -1.3212512444e-01 -5.7268274798e-02 6.0348503257e-02 -4.9998917405e-02 -6.4977803366e-03 -7.9580462181e-02 3.7409989366e-02 6.6036716058e-02 6.0845724789e-02 9.3817020407e-02 -4.4365442176e-02 -3.0320568929e-02 4.9478348195e-02 -1.8362361600e-01 9.7690726600e-02 5.8708310365e-03 -6.6950740969e-02 1.3866291360e-01 1.5411707533e-01 2.5871996683e-02 7.8184855604e-03 -1.4739015831e-03 2.1496919984e-02 -5.8514079023e-02 3.6247166367e-02 4.5393981271e-02 2.1397433282e-02 -8.6598960147e-03 4.3659175620e-02 9.3917691297e-02 -5.0625294340e-02 8.3870599602e-02 -6.0283080210e-02 -3.2311523267e-02 5.0860671821e-02 -2.2560561013e-02 8.7459611409e-02 5.9394345213e-02 -1.6162143012e-02 -1.2684426708e-02 -1.9504898008e-02 3.1709154995e-02 -1.5575002365e-02
-3.8511066118e-02 5.4856525184e-02 -6.2445818592e-02 -4.5938553768e-02 1.1679450493e-02 9.9399450447e-03 -3.1357465812e-04 -4.8166363296e-03 -1.3399329251e-01 4.4722553814e-02 2.0727863001e-02 1.0946079153e-02 1.7586604002e-02 -2.6746420314e-04 1.1893534868e-01 1.2983210169e-03 -2.4841902309e-02 3.3713794611e-02 5.3911380361e-02 -7.7707323743e-03 6.6540015848e-02 -5.9064451632e-02 1.6583362477e-02 -2.8827843794e-03 2.5426696296e-02 5.8490685718e-04 1.3510294089e-02 1.1565508964e-02 -2.5690893789e-02 2.0981351988e-02 2.5992710607e-02 9.5364416714e-02 -5.3008908539e-03 -2.7967785939e-03 9.0959764315e-03 4.4131721054e-04 -7.5336859918e-02 -6.7189060667e-02 8.4345183314e-03 1.2059688682e-03 1.5690465366e-02 3.2787737055e-03 5.7018964568e-03 -2.9061650775e-02 -2.8989582979e-02 -1.9566228062e-03 5.6148938884e-02 -1.0544549016e-02 1.4720960847e-03 1.0113505359e-02 -1.8323193220e-02 -5.4941008277e-03 -4.3811742380e-02 -8.2702725707e-03 -8.2745328504e-02 -4.4295119369e-02 -2.7262778095e-02
-1.9307555275e-02 -3.1619957442e-02 1.1103873490e-03 -1.2917719087e-02 1.0436215593e-02 1.4051139261e-01 1.0806644381e-03 6.5804635164e-03 -3.9123830143e-02 -2.1964181980e-02 -2.6222255254e-02 -2.4070271452e-02 3.5365356340e-02 8.5034411871e-03 6.4587347818e-04 -9.3991645258e-03 1.4260871397e-01 2.7232362996e-02 1.8162950403e-02 4.6932377787e-02 1.5454780667e-02 -6.1697099821e-03 -6.9804053226e-03 -1.9275029815e-02 -9.9214686556e-03 -2.7421787632e-02 2.7333249519e-02 4.4159417957e-03 -6.3996774967e-02 3.3345063593e-02 5.5594438596e-02 7.6716187552e-02 1.3454565255e-02 7.4803793383e-03 1.3417395945e-02 5.3696032700e-02 9.0960695791e-03 -1.7209344515e-02 1.5817858631e-02 1.0071655057e-02 -3.3281497933e-02 -4.0848653129e-02 -2.4501394978e-02 -1.3513418350e-02 1.9109741247e-01 -3.0927568115e-02 1.4430791426e-02 9.2219913580e-03 -3.0016092042e-02 -5.9543081251e-02 9.5912198316e-03 5.6952939153e-02 4.0257658520e-02 -1.6925413065e-02 -5.6092004530e-02 7.3386826845e-02 -7.8375009309e-02
7.8723196801e-02 5.2040993396e-02 -6.7232479825e-02 1.0043443415e-01 -6.9202579058e-02 -5.6011050189e-02 1.5942344486e-03 4.8915300705e-03 -9.3784904106e-03 4.5948554228e-03 2.5164106762e-02 1.5762498191e-01 -7.4313629817e-03 6.9217069622e-03 -1.4164568893e-01 -1.0898573334e-02 5.2275023827e-02 -2.8119487960e-03 -7.2288134574e-02 -3.8185903617e-02 1.5351692268e-01 7.4753318586e-02 -8.3608644410e-03 -8.1232420187e-02 2.4120757690e-02 -1.4865996058e-01 2.9578738565e-02 -1.3381376800e-01 9.2010096511e-03 4.4124086231e-02 5.4259356592e-02 -8.4563758157e-02 6.4594748462e-02 -1.0902578906e-03 -8.3730427894e-03 -5.0195048249e-02 -8.2112163532e-02 9.7356017483e-02 -7.0713371825e-02 1.0496741204e-01 -4.4882961548e-02 -2.7850812420e-02 2.1021364190e-02 -3.5923328914e-02 6.9521822265e-02 -2.9744069694e-03 -8.4436642891e-03 -4.4298776462e-02 3.1770062512e-02 -2.1444511459e-03 4.0945449728e-03 -4.5588905916e-02 3.0657886629e-02 3.9798952084e-02 1.0251578793e-02 -9.1934200371e-03 -8.2271295922e-03
2.4346810396e-02 6.8444611412e-02 2.3714328457e-02 3.5720839342e-02 1.0495545227e-01 -6.4699403698e-03 5.6121068610e-02 6.6539792131e-03 4.4918241550e-04 -7.9010566340e-03 -3.8123322423e-02 6.3747838450e-02 -8.2497889827e-03 1.4309797527e-02 -4.6227397931e-02 4.3994732769e-02 -1.4141965527e-02 8.7933969927e-02 -1.6124800107e-02 -1.7684153222e-02 -2.8953355052e-02 -5.4562082727e-02 -3.5138249704e-02 2.8498810739e-02 6.9922162149e-04 2.1496170411e-02 -2.2193795384e-02 -2.8871318833e-03 -3.3082080029e-02 -2.4705350665e-02 -5.8130929228e-03 9.2032517608e-02 4.8640151653e-03 2.7303222414e-02 -4.9475664403e-03 -1.5415205483e-02 4.0758758538e-02 2.9929414360e-02 1.6459793556e-02 2.9787068184e-02 1.3766574175e-02 -1.2733816575e-01 -1.8123850513e-02 -1.5405397189e-02 -4.0091539078e-02 1.2161889914e-02 4.5857079010e-02 1.4434104491e-02 6.7634400248e-03 -4.0512218492e-03 2.2385465788e-02 -5.0851358017e-02 1.4297485797e-03 -3.0685200133e-02 5.2705263567e-02 6.8544205170e-03 1.4873425836e-02
-1.1623026220e-01 2.8834436205e-02 1.0682193145e-02 3.0583715811e-02 1.8605635877e-02 -4.5550869111e-02 1.8499946313e-02 1.4075337909e-02 2.5292990469e-02 -3.9742301628e-02 2.0186419292e-02 -2.2306268452e-02 7.1137376797e-02 8.8247423423e-02 -2.0461249301e-02 -2.1233168519e-02 -6.1094837171e-02 4.2791101686e-02 -2.7522587927e-02 3.4297980244e-02 -1.2469775724e-01 -5.0772816232e-02 5.6614217599e-02 7.8764378320e-02 6.4714767706e-02 -7.9624325263e-02 6.4634300111e-02 4.1389797589e-02 -2.1346144066e-02 -9.0320935983e-02 7.6906923439e-02 3.1552925699e-02 -1.0008820314e-01 -5.2624660256e-02 4.1782377158e-02 1.1588667973e-01 -1.2726036909e-02 1.1373239852e-01 -4.2820789920e-02 -6.8214954862e-02 5.8204725372e-02 8.4955925751e-02 4.8442528218e-02 4.5015727228e-02 4.0672350384e-02 -5.8711597232e-02 3.4284648659e-02 2.6909759596e-02 -3.1372658770e-02 -5.0994620395e-03 4.7691962292e-02 6.7466034007e-02 -6.6570348325e-03 9.9879305231e-03 -5.3401567629e-02 1.5335248705e-01 -1.2084375550e-02
-1.5299541558e-01 9.0146984059e-02 -4.0982601840e-02 3.1880661081e-02 2.7900124739e-02 6.4325018694e-02 -1.0552475715e-01 -5.2045986192e-02 -2.5016402399e-03 3.7995081969e-02 4.7506287102e-02 4.6532822449e-02 -4.5116005043e-02 -1.8075269311e-01 -3.7569700189e-02 -1.4143328933e-01 8.4132066716e-03 6.0072335560e-02 -2.1129885759e-02 -5.6530632395e-02 4.4615664949e-02 -3.2902633775e-02 -2.1711113956e-02 1.9095116783e-01 -7.4292150131e-02 5.2741079445e-02 -1.7104279906e-02 -1.3178775304e-01 -1.6820376845e-02 -6.0846851982e-02 2.3991473649e-02 -6.2943299906e-02 -1.9440873269e-01 4.2445088762e-02 -6.5827161794e-02 1.6873155501e-03 4.3897769376e-02 6.0581828634e-02 -8.0079764355e-02 1.7948502274e-02 8.9857186356e-02 -1.2597329391e-01 5.1752539765e-02 1.5244160318e-02 -3.1183622732e-02 9.1033353728e-03 1.3962085558e-02 7.3016741032e-02 -1.3005420288e-03 -3.3145631692e-05 5.1029362488e-02 1.1859545440e-01 1.9935161461e-02 3.5656053539e-02 5.3746676783e-02 -9.9385501363e-02 -5.6754795200e-02
-1.2445062399e-01 -1.2932256193e-02 -1.2836044163e-02 -7.5383556373e-03 4.2552498462e-02 -3.0649438589e-02 8.7285116930e-02 -4.8318604141e-02 3.8440063420e-02 -8.3336448597e-02 -4.6651364429e-02 9.4171329652e-03 1.6952935401e-02 -5.5195792123e-02 -5.2507244156e-02 -1.9602711229e-02 7.5163129020e-02 -8.8708373381e-02 -2.2461607872e-02 2.0637208962e-02 -3.8929666769e-02 -1.7462934697e-01 1.3472214418e-01 -1.1488131062e-01 -4.2601693541e-03 1.0719503473e-01 -1.0802634040e-03 -1.5215553831e-01 -6.5375185134e-02 4.9595300914e-02 3.9569777800e-02 9.6882370296e-03 -7.1220690923e-02 -2.8243669233e-02 -2.9384122991e-02 -3.8953047459e-03 -6.5605828963e-02 1.6742211397e-01 1.5803039720e-03 -2.0144267044e-02 5.0904197588e-02 -5.0089666860e-02 1.2730422338e-03 -5.5649549933e-03 -3.6986667787e-02 -1.0437722507e-01 4.2143939007e-02 -1.9093636532e-02 -7.8810960126e-02 4.7378043828e-02 -2.7602954628e-03 -7.6581920284e-02 3.3300878319e-02 2.4841201795e-02 -2.7247213870e-02 1.3959782096e-01 2.1039111401e-03
4.2808812715e-02 -5.6573875315e-03 1.2938589715e-02 2.4975555495e-02 9.4122418097e-02 3.0448326965e-02 2.5128779435e-02 4.0139725914e-02 1.3839474446e-02 1.0927922957e-02 -1.1082116425e-01 6.0800987082e-02 -2.9533762883e-02 -5.6972033647e-03 -4.2172956167e-02 7.8998496749e-02 -3.1038599022e-02 -1.0394978055e-01 -4.5513333671e-02 -1.1742242739e-01 -6.2444839144e-02 1.0015517993e-01 2.2529036586e-02 -1.3898801850e-02 6.6849394917e-02 -4.1481577262e-02 -1.4617792588e-02 -6.6454618032e-04 3.1832834877e-02 -5.4329602345e-02 -1.1011327305e-03 -8.3625012247e-03 -7.3600060829e-02 1.5327363457e-01 4.9492563799e-02 9.1862001900e-05 -1.9801160542e-02 -7.6795302455e-02 -3.7334710952e-02 -1.1139763034e-01 -1.1582673705e-01 3.3577268619e-02 1.3664735865e-01 -8.9826333237e-03 3.5975238313e-02 1.2601156675e-01 1.4703012533e-02 -7.0988623276e-03 -3.9750887831e-02 -3.7564608794e-05 -2.4868323176e-02 8.2965434092e-03 -2.9231239765e-02 -2.3426084017e-02 1.6164330862e-02 6.6324421986e-03 5.2176712024e-02
8.4899226994e-02 6.8642154964e-02 1.8063032370e-02 -7.8238588282e-03 1.0294385237e-02 -1.1824597408e-02 8.5567898842e-03 -2.4319071178e-02 -4.4436629724e-02 -7.2293443044e-02 4.3581579618e-02 -3.5539552692e-02 -4.7767564183e-02 3.0139196181e-02 1.9509694818e-02 1.1715256573e-02 -2.3675607722e-02 -6.2288343422e-02 4.0807373792e-02 1.0097309717e-02 -3.0644608407e-02 9.4643285087e-03 -3.0703882077e-02 -5.1758135734e-03 -8.7710437221e-02 -3.3157207457e-02 7.7241438176e-02 2.7093290212e-02 -2.2126854010e-02 -4.9702369729e-02 -6.4448425320e-02 1.3812404715e-03 -1.2122844429e-02 6.3206122985e-02 -6.5171300552e-02 -3.6822894545e-02 3.1313920863e-02 8.4180124290e-02 7.2304948394e-03 -2.7455508488e-02 4.3280873070e-02 7.2213708548e-02 1.0873726509e-02 -5.0620659074e-02 -5.3643186751e-02 6.3289072785e-02 7.3020435444e-02 -7.5440496484e-02 -1.3034622482e-01 -4.8921081125e-02 5.1764751154e-02 8.3826931478e-02 -1.5635162593e-02 -5.1543304908e-02 -3.4193834491e-02 -4.0855046732e-03 -4.4725485478e-02
3.7966913121e-02 7.3163849580e-02 -1.6036830181e-01 -2.5134775417e-02 -2.8551255479e-03 5.0736295038e-03 5.9222277837e-02 -2.9338277233e-02 -5.5193776328e-02 -1.5256652713e-01 -1.0691110700e-01 1.1684504696e-03 -4.2617528201e-02 1.0732623750e-01 -1.0529541521e-01 -1.3116570465e-01 7.9673424099e-02 6.4920645583e-02 3.8080649371e-02 1.5149078424e-01 1.3107885438e-01 1.7883026687e-01 5.1676034037e-02 -8.0967536585e-02 8.1732657511e-02 -9.5203643695e-03 3.5655296087e-02 -1.4136439972e-01 -2.1725336462e-02 3.2607388012e-02 4.2818962273e-03 -1.5798055422e-01 -7.4366218202e-02 8.3011742511e-02 -5.6566075398e-02 -7.9168007739e-02 1.4781638728e-01 -2.1824030590e-02 -8.8682903366e-02 -4.2699050209e-02 -1.6325796799e-02 -5.9625383172e-03 1.0702505460e-03 1.8090056725e-01 -9.1694310557e-03 6.7833900759e-02 -5.2854775623e-02 -3.4686549665e-02 2.3634336654e-01 -3.0253506701e-03 -1.1443728875e-01 1.8528303459e-02 -1.8802530054e-02 1.4429512828e-01 -3.0738662357e-02 1.4709495993e-01 -2.1969423849e-02
-5.1065799244e-02 1.4415046819e-01 -3.5872736450e-02 3.2694838008e-02 5.0579361922e-02 8.9186440933e-02 -4.2896544571e-02 2.7911244044e-02 -1.8816741909e-02 5.0484678848e-02 8.4194623589e-02 -7.6323722521e-03 -8.0183884073e-02 -4.6756962706e-02 -1.0621460338e-01 5.9705696100e-03 2.8647026270e-02 -1.3293911337e-01 -1.0079593278e-01 8.6637778953e-02 2.0194203902e-01 5.5105865773e-02 -7.5120240510e-02 -1.5059936383e-01 4.4202411421e-02 2.5160509449e-02 5.1831470006e-02 6.3447284730e-02 6.4631807991e-02 -9.5543545214e-02 -9.1519053273e-02 -2.3309053550e-02 -1.0463465580e-01 -3.1943159838e-02 3.4457111894e-02 8.9559716076e-02 5.4152274252e-02 -1.6847218975e-01 1.1582471628e-01 -2.4902022863e-02 -6.1319789858e-02 -8.1065983498e-02 -7.8380579038e-02 2.7824004846e-02 -4.4706538275e-02 -1.2844546156e-01 1.1692255467e-02 7.7459401869e-02 4.7666952038e-03 6.8721482247e-02 -2.1931337314e-02 3.1803175561e-03 -1.4997123354e-01 2.7834939870e-02 -4.1434796591e-02 1.1167729334e-01 3.0007909985e-02
1.4049365648e-03 1.3405430400e-02 -1.5297899459e-02 1.1846632082e-02 2.1669921961e-02 -7.4866566312e-03 -6.2395790246e-03 -2.8568519219e-02 4.9343796305e-02 -2.9925234492e-03 1.3676001268e-02 6.5756760070e-03 1.0579648955e-02 3.1221203501e-03 -3.7673890114e-02 3.9617446584e-02 -2.2106761861e-03 -1.5741217865e-02 1.9760274397e-02 5.7265301391e-02 1.5519871610e-02 -5.1062381900e-02 4.2094988650e-02 4.4828023587e-02 1.8556212345e-01 -2.5774299126e-02 7.9310269198e-03 8.9301535721e-02 1.0080247390e-01 1.0984207612e-02 1.3142582511e-02 3.9116424127e-02 2.3224913206e-02 -1.4255009625e-02 1.1216261766e-02 -1.3155146323e-02 9.6284658473e-03 -3.7966847518e-02 -2.4391437144e-02 2.9962183075e-02 2.8999830920e-03 -3.0274684776e-03 2.9507285247e-02 1.7353353500e-02 2.3681823738e-02 3.7869975454e-02 -1.9418369535e-02 3.9401044960e-02 1.6347380132e-03 1.9848568170e-02 1.4473237476e-02 -2.1602749138e-02 -2.6156483169e-03 3.0943309210e-02 9.6310293249e-03 -1.1489801443e-01 1.4104224030e-02
-1.2844165750e-03 1.6897135794e-02 9.0362272569e-03 8.2083010608e-02 -5.6322668404e-03 -3.6958110089e-02 9.2671950549e-02 4.8155239936e-02 -2.4155959972e-02 -2.9218205005e-03 4.6879625645e-02 -1.0695540352e-02 4.5990915226e-02 -1.3321697553e-02 -6.3356562315e-02 1.3536206848e-01 -1.9451743614e-02 -1.2570673484e-01 -6.5988683309e-02 2.9020286152e-02 -7.7014913735e-02 4.1289248942e-02 6.5565293122e-03 6.3929094979e-02 7.6987256525e-02 -1.1527630798e-01 9.0940880185e-03 7.8113222036e-03 1.4967465025e-03 -4.8599287153e-03 -6.4444991922e-03 -6.5746763985e-02 1.0477161150e-01 1.0150668917e-01 -3.1812870001e-02 1.3959973007e-02 -1.1407772242e-01 1.1401577317e-02 4.6494370156e-02 -1.0641118610e-01 -4.5357116208e-02 -5.4600367611e-02 5.4550500818e-02 8.7647917280e-02 4.0727269152e-02 5.6955064944e-03 -2.0282726590e-02 -3.2821043829e-02 -2.8978124279e-02 -1.9537996258e-02 -1.6366916287e-02 4.9870923629e-02 -1.9182955059e-02 6.1971789998e-02 -1.1570400545e-02 4.5061399137e-02 2.9184947775e-02
6.2424820291e-02 4.2980115725e-02 1.8612240629e-02 -8.0757901525e-02 2.4501733859e-02 -3.1293889744e-02 2.3935997814e-05 2.9239571492e-02 3.3214140597e-03 -2.9912720176e-02 5.0269869155e-02 -2.0663176399e-04 1.2946830743e-03 2.1766541367e-02 2.5441847595e-02 -6.0703590939e-02 1.3881489491e-01 2.0596107852e-02 -3.9009674564e-02 3.3347156420e-02 -2.4894449886e-03 1.1735133906e-02 2.4762898470e-02 3.1596198115e-02 1.8323244511e-02 -6.9836158576e-02 2.2483670623e-02 -6.9551091047e-03 1.7785088806e-02 -6.7025849100e-02 -3.3087998296e-02 -3.3674302900e-02 4.1777738147e-02 5.5761736363e-02 7.3605209779e-03 -1.4588990766e-02 3.3779853593e-02 8.8175223035e-03 -1.7187884907e-02 2.2393509872e-02 -2.1069172908e-02 -5.2827520124e-02 -4.0252180993e-03 -5.9513763447e-03 1.3648265834e-01 3.8109021980e-02 -4.4925972460e-03 1.1403314643e-02 -2.5286094621e-02 -1.2789009089e-02 -1.5526656324e-02 -1.5159782297e-02 9.9799282575e-04 -1.9045739681e-02 -3.6896974282e-02 4.4580629750e-02 -2.6650284943e-03
1.9642080991e-01 7.1573738740e-02 -9.7506242784e-04 6.1577654369e-02 1.8082737721e-02 3.5543857357e-02 1.8070563542e-03 2.6866307127e-03 2.9070888679e-02 -4.5938735184e-02 -3.5869209755e-02 -2.1880805744e-02 -8.7188265716e-03 -3.7387484831e-02 -1.4647325314e-02 -3.7037824042e-02 6.5239352772e-02 3.1365828063e-02 1.7696554258e-02 7.9059792205e-02 4.3257714411e-02 -7.4402639826e-02 -6.7780474252e-03 6.5486409975e-02 3.8679313090e-03 -6.1683626386e-02 4.5328116046e-02 -2.3615896470e-03 5.9368302300e-03 2.2401929370e-02 4.8801097962e-02 -9.3765176397e-02 7.1657031908e-03 1.2706000230e-01 1.4656777172e-01 -3.2198653218e-02 2.0176570821e-02 6.0166501272e-02 1.1793809997e-03 -5.1145009278e-02 -3.7688944596e-02 5.4221152236e-03 4.9763648583e-02 -4.6062032240e-03 -6.6939016267e-02 9.3606237746e-02 -4.0907087517e-02 1.1038881130e-02 1.1500482534e-02 -2.5089634810e-02 2.8946969532e-03 -1.1168967671e-01 -3.7391871134e-02 -1.5769584652e-02 3.5005893719e-02 -2.8088478949e-02 1.2034719144e-02
5.0062719303e-02 -6.1990200987e-03 -7.5945559337e-02 -1.5471119312e-02 -1.3062998109e-01 1.3022943219e-01 -8.2131429799e-02 -5.3555807665e-02 -4.4765936914e-02 -4.9897673733e-02 -1.6267501177e-01 8.4989906096e-02 4.7960127440e-02 4.3956977003e-02 -1.7091602969e-01 7.3066126826e-02 2.8422145990e-02 1.3933986798e-02 1.1559111951e-01 -1.8289252025e-01 4.4560915126e-02 -1.0798959478e-01 2.5522714538e-02 -3.8013544433e-02 3.7731300518e-02 -1.2947920293e-01 -1.5267617199e-01 -1.1838079922e-02 3.3168306701e-02 -1.3340358141e-02 -4.0595009462e-02 1.5643335341e-02 1.6150126130e-01 -3.6066949821e-02 5.0570162119e-02 -9.2369522658e-02 -1.2858282353e-01 -1.5889744905e-01 6.0624608950e-02 -5.4666442320e-02 -6.4782285183e-02 -6.5359055216e-02 9.9337558790e-03 8.0475509637e-02 -1.3489588212e-01 -3.9731626615e-02 -1.2254096618e-01 5.5885735202e-02 -9.1414239809e-02 1.0102423944e-02 -7.1756038992e-02 -2.6912121328e-02 1.8245869249e-03 1.0112243795e-01 -2.1071337361e-01 -1.1881285269e-01 -6.6921395632e-03
6.3531150954e-02 5.9315376258e-02 -4.0159960675e-02 1.0433484134e-02 8.0954090208e-02 3.7811524864e-02 3.0827743065e-02 1.5354566406e-02 2.5370782456e-03 4.0302162819e-02 2.2406328421e-02 3.5531017973e-03 1.6253932153e-02 8.5048838891e-03 -5.2545839274e-02 -5.5343272395e-02 8.6230587181e-02 -5.8535996254e-02 -3.1354527390e-02 -1.2857005941e-02 6.6015544637e-02 -4.8653361643e-02 3.8622028431e-02 7.4852947708e-02 2.7516797863e-02 -9.1270413221e-03 -2.0701225196e-02 3.5473921579e-03 -4.9188429737e-02 -2.8828563839e-02 -2.4425196078e-02 5.4566285789e-02 2.6918783895e-02 -1.5873578814e-04 1.0141029530e-02 -6.4876251307e-02 8.4102017138e-02 3.0132025384e-02 6.0424696659e-02 3.9845677981e-02 -3.0829946976e-02 -2.3432861360e-02 2.6019729713e-02 3.3697706647e-02 1.3604554031e-02 6.5923574802e-02 -2.6884045533e-02 1.0502391337e-02 -5.0059658191e-02 -8.5441707925e-03 3.5277432430e-02 1.8311312826e-02 -2.7524905064e-02 9.2087562302e-03 -3.0768736824e-02 -1.9687920592e-01 5.2744120429e-02
-7.3408637496e-02 -3.9306253875e-02 -1.5250488390e-03 1.6763527846e-02 5.0313174289e-02 4.1173851714e-02 -2.8377971145e-02 1.7643067936e-02 -3.2539173836e-02 3.1893138555e-02 5.0282777629e-03 -4.2572193692e-02 2.7230378747e-02 -2.3780670624e-02 5.6799394488e-02 3.3650305076e-03 -1.6788596427e-01 1.0975503049e-01 -1.9429079259e-02 1.8658629018e-02 1.4960101436e-01 1.0278361508e-01 -3.7566567735e-02 -5.6670009770e-02 -4.5966928896e-02 1.8124405974e-02 8.3940316405e-02 7.1622582563e-03 -6.9860431569e-02 5.4016897807e-02 2.1662945420e-02 2.9197534835e-02 -4.0270282097e-02 -6.8969045102e-02 -2.9761495436e-03 -1.7489864897e-02 6.9144996260e-02 -6.8023777275e-02 -6.5225178749e-02 2.1677216492e-02 -7.2109613547e-03 -2.9931232109e-02 4.2469605988e-02 -3.5004384348e-02 8.9501851686e-02 -1.6093384252e-02 -3.7821511142e-02 -2.8931740986e-02 -2.5599941734e-02 -3.0457726302e-02 9.7813687587e-03 -3.8303662776e-03 3.9479281304e-02 -4.2071279137e-02 2.1103415519e-02 -3.1116534013e-02 -3.1936575533e-02
9.5034865190e-03 -2.6852152406e-03 8.8189685212e-02 -3.3727527275e-03 6.2898035461e-02 -6.1231096316e-02 5.5557622547e-02 -7.1723802319e-02 -2.0743106515e-03 5.9565042428e-03 7.6810583382e-02 7.8883542171e-02 2.6441313133e-02 2.6690348286e-02 2.3362906950e-01 -1.2576817491e-01 7.3421698285e-02 7.6390683923e-02 -1.4670773196e-01 -5.7228998769e-02 2.0351710322e-01 -1.9885304171e-01 1.1994724215e-01 -6.4713284978e-02 -7.1056341523e-02 -5.7156385029e-02 9.2368294086e-03 -6.9528823588e-02 8.6732335913e-02 5.0581605401e-02 -8.9589897299e-02 -4.0089833494e-02 -1.3349448460e-01 -1.4250915695e-01 -1.3869181356e-02 -7.3599561320e-02 4.6194011234e-03 6.2161655905e-03 9.7429139246e-02 8.2937850213e-03 -9.1776098081e-02 7.4326411822e-02 1.3419829483e-01 3.8034894039e-02 1.3075496458e-02 -6.7831324573e-02 -2.8455881365e-02 -7.2164184009e-03 5.5152000653e-02 -5.8293831061e-02 -6.5651211032e-02 5.8421987667e-02 -4.8954446687e-02 -5.5047241463e-02 -6.2529768235e-02 2.1093524697e-01 -9.5163560642e-02
1.1797562000e-01 5.7537698697e-02 -7.6385175151e-02 3.6620010938e-02 -7.2184246111e-02 1.3811661122e-01 -5.7759758817e-02 7.6554741008e-02 4.8557012081e-02 1.9686685099e-02 -1.4069096198e-01 -4.7783124842e-02 6.1074521527e-02 2.8102766163e-02 -1.1339417507e-02 3.1291023239e-03 -5.0421316298e-02 -8.0416216505e-02 -1.2344229513e-01 1.5318306574e-01 -5.9412293649e-02 -5.4173825329e-02 3.8309165380e-02 -3.5979482824e-02 -9.2829002387e-02 -1.2119568250e-01 -8.6591673759e-02 3.2152906456e-03 -5.0815714116e-02 -1.8113411415e-01 -1.0948014008e-01 -7.7480587499e-02 -1.5853114893e-01 1.4063503569e-02 1.0101611310e-01 -9.6103687023e-02 5.1911516246e-02 8.3304115870e-02 -4.4492504447e-02 9.0177472925e-02 1.7554098992e-01 -1.3871159648e-03 6.8901201097e-02 -5.4003906243e-02 3.6814158225e-02 -1.8999304636e-01 -1.1346464567e-02 4.6115025759e-02 -3.6640972132e-02 -7.0752788157e-03 -9.4536874374e-02 -3.6175921552e-02 2.6578132646e-02 -3.9230921817e-02 4.2918016053e-02 4.7909958219e-02 9.8586831991e-02
8.0788994143e-02 7.6684117427e-02 -2.2521469545e-01 3.5222614637e-02 -4.3089336337e-02 -1.8448272081e-01 7.0045217489e-02 -6.2353627472e-02 -2.1951628065e-02 6.8528057305e-02 -1.5783575692e-02 -2.3880435286e-03 6.9709021491e-02 -1.4556796519e-03 -4.2661169539e-02 -4.6732261858e-02 -5.1654131804e-02 2.3083921799e-03 -6.6288381291e-02 1.7341141500e-01 -9.9485797588e-02 -5.6311152677e-02 7.5198101856e-02 -1.2273823804e-01 -7.7425310137e-02 -2.0200229892e-02 1.2062086135e-02 -9.7971662208e-03 9.5968757377e-02 -2.7454283026e-02 1.0240869795e-01 9.7817026885e-02 2.4530777913e-02 -2.0051236822e-02 -5.1465221221e-02 9.5387249231e-02 3.6660437319e-02 -5.9936635680e-02 -1.1060924642e-01 4.1099836339e-02 -1.3060912241e-01 1.5228348858e-02 1.1662165686e-01 -7.0312729346e-02 6.9451906042e-02 -8.0274972535e-02 -1.5248323997e-01 7.5814997987e-02 -1.4840912057e-01 7.4339224892e-02 -5.5068556497e-02 2.1192681901e-02 9.0638170414e-02 -1.3665946139e-02 -2.2407311931e-02 -3.0776047072e-01 -4.1433861562e-02
-3.6085507331e-02 2.9255014868e-02 3.1955845898e-02 -1.2805457040e-02 2.0227935379e-02 -7.3624483480e-02 -4.3959999721e-02 -1.1147739024e-02 8.3113435420e-02 4.1440475833e-02 -4.2783540372e-02 -8.4026354674e-02 -1.1356752019e-01 6.0954055463e-02 -1.1474383136e-01 1.4862842441e-01 -5.3991715901e-02 3.6391463262e-02 -8.1893029269e-02 4.6884327512e-02 7.5661699453e-02 -1.4113672432e-02 1.1442572042e-01 1.4153884105e-02 -5.1993095364e-02 -1.3589463656e-01 3.1905564328e-02 9.2559693861e-02 4.8663453955e-02 -5.7273868009e-02 -3.7312204902e-03 8.4401393668e-03 2.7779083033e-02 6.9707589356e-02 6.8345993714e-03 -6.0978125153e-02 4.0235384180e-02 3.4763544919e-02 -2.9716660970e-02 4.9942331882e-02 -4.0822013294e-02 1.0611726152e-01 -1.3494522756e-01 -2.3695442094e-02 4.3838086084e-02 3.9759613427e-02 3.7019361068e-02 -1.4804391062e-02 4.5289481269e-02 7.9218284658e-02 4.4182093663e-02 -6.3660572912e-02 -1.3777259089e-01 4.1697205096e-02 -5.2222207882e-02 -3.7577433193e-02 2.2705669986e-02
6.8143030138e-02 9.3811092780e-02 1.4226391660e-02 -2.4031988701e-03 -5.3961540430e-02 -5.5937230708e-03 -3.7958471189e-02 6.2050217722e-02 3.0537478246e-02 1.6001442466e-02 -4.6084023729e-02 -2.1666651613e-02 3.0312303064e-03 -5.5730973594e-02 2.6220421750e-02 -3.9857691472e-02 2.4294745917e-03 -6.0775857928e-02 5.0736939373e-02 -2.6067893549e-02 -5.4226534588e-02 -1.1805611277e-02 -6.6517008392e-02 6.4067203879e-03 3.7618706720e-02 -5.1916440136e-02 -1.7392026714e-02 -2.3390865862e-02 -3.5280772850e-03 -1.6874695913e-02 4.5778248940e-02 3.7535554992e-02 3.0286901629e-02 3.3671342624e-02 -9.6871563841e-03 9.3121876417e-03 1.4043754897e-02 -4.4487424647e-02 7.5468590375e-02 1.8372171680e-02 -1.1943515229e-02 1.4064486526e-02 -1.6305423251e-02 -5.0300089589e-02 -5.2171615930e-03 3.6553756198e-02 -5.1275345259e-02 5.4979984158e-02 -6.1100348575e-02 2.6227047162e-02 5.4403564989e-02 -2.9304049588e-02 -2.6350429212e-02 8.0821226493e-02 -1.6852882504e-02 3.6152728200e-02 2.4039738679e-02
-3.5064017633e-02 1.5232603295e-04 -1.2830451111e-01 -3.1251579608e-03 -7.8523062121e-02 -9.1415361269e-02 -1.5377805691e-01 -1.0620484911e-01 -7.4211812686e-02 5.4002924202e-02 -6.6742323266e-02 -1.2591362499e-01 -8.2037707208e-04 6.6509377440e-02 3.4796817784e-03 -7.9680157807e-02 -1.3003136286e-02 -6.2491597467e-02 -9.2456675823e-02 -7.2456859799e-02 -3.3995461657e-02 2.7165475890e-02 -9.0712453468e-02 1.1548426110e-01 3.3138835653e-03 2.7180591372e-02 -2.9082665430e-02 -1.9374731523e-01 9.2876595454e-03 1.2412382635e-01 -1.3512368372e-02 -4.1280094080e-02 -4.5826722597e-02 -9.1116334588e-02 1.4709828513e-01 1.3411045873e-01 1.6868244562e-02 4.9774922736e-02 1.4637198280e-01 6.7622641737e-03 -3.9074507640e-02 6.9740413605e-02 5.6473379302e-02 2.2731850220e-02 -4.1390336996e-02 1.2281347179e-01 1.3265395245e-01 1.5670510567e-01 -3.8829550172e-02 6.5088947114e-02 -6.0887707881e-02 -6.7048632626e-02 5.4681837989e-02 -3.2221148522e-02 2.8408983464e-02 4.4841581919e-02 -3.9819521999e-02
1.2880460791e-02 5.3906407505e-02 -3.6806532721e-02 -1.8592626224e-02 4.5997709848e-02 4.7602009557e-02 -4.0602086126e-02 1.7088120087e-02 3.9230708577e-02 3.0562540864e-02 1.8070005335e-02 6.1094135856e-02 -8.0727081273e-02 3.0361631582e-02 -3.0170190067e-02 -8.1889231487e-02 3.1256911001e-02 -3.1746726180e-03 6.6172785686e-03 -5.2885723125e-02 -1.0320984283e-02 8.8801236217e-02 4.0443830342e-04 -1.1503356398e-02 6.3249862781e-02 1.1672137749e-02 -1.0674606443e-02 -1.4977434309e-03 5.6557870733e-02 -1.0132203066e-01 7.0559940735e-02 5.7485828188e-02 -7.8838038531e-02 -6.7754308775e-02 3.7042571506e-02 4.5401804247e-02 5.5725482217e-02 8.3148619588e-02 5.7104449336e-03 -5.8994132530e-02 1.7767526097e-02 7.4506956215e-02 4.3924838863e-03 4.0470272271e-02 5.4563200921e-03 -5.6084744558e-03 2.6520156557e-02 1.9898697652e-02 -7.8860488688e-02 -1.1286660498e-02 -4.1231744948e-02 2.8386138790e-02 -7.1992175399e-02 -7.1656779902e-02 1.6912522717e-02 8.5416657461e-02 3.4193614616e-02
1.1157478249e-01 -4.1608788827e-02 -9.2393197938e-03 3.2282933503e-02 -5.5800107819e-02 6.6713038333e-03 7.7747568299e-02 2.3631179010e-02 1.7768400469e-02 -1.6280747663e-02 2.8199005314e-02 -3.1050197804e-02 -3.2909832245e-02 2.2273051069e-01 1.4701286373e-02 -8.9022014775e-03 -2.0422034769e-02 -1.4200801352e-01 -8.4114628494e-02 2.9243645859e-02 -1.8157984810e-02 -1.7780688374e-02 4.8531647238e-02 2.2339702147e-01 2.2822878278e-02 -4.5011271026e-02 7.2146941010e-02 -2.2852212698e-01 7.9284214507e-02 -1.9750736002e-03 8.9307628074e-02 -2.2917538078e-02 -1.5596568868e-01 3.2118513544e-02 -6.9853189412e-02 -3.2941350393e-02 -6.4150424072e-02 -5.4937841384e-02 9.8856984241e-02 1.4399184809e-03 -8.7281277079e-03 -1.6575804399e-01 -9.9614929436e-02 -2.2317428128e-02 -3.5528718514e-02 4.0457410128e-02 -7.6934911242e-02 -1.7963324726e-02 -4.9739812126e-02 6.2541817174e-02 1.0593705179e-02 -4.7714255381e-03 -3.1706260092e-03 2.7207774288e-02 2.3289615227e-03 -3.2238056960e-02 -6.7464603659e-02
-1.2288254676e-02 -4.1093832492e-03 -3.8311857666e-02 -1.4051356998e-01 1.0745422660e-01 2.1826660135e-02 8.1285278997e-02 -1.9286330380e-02 -3.2991802426e-02 4.4961765184e-02 -5.1094119378e-02 1.4626162721e-01 1.9686568824e-02 6.0941114765e-02 -4.3422144692e-02 -8.3648277285e-02 -4.2524662685e-02 -3.2299398471e-02 2.6748130237e-02 6.6933659297e-02 -2.2421387883e-01 1.4733114817e-01 -4.5172228063e-02 1.1102153589e-01 6.0508832292e-02 9.9619016081e-02 -1.4696686979e-01 -2.9310922580e-01 6.4682029475e-02 8.7944818380e-02 -4.7392112194e-02 4.6262166512e-02 -1.8505436735e-01 2.7525598043e-02 5.1912035588e-03 -1.6224971213e-01 1.2862175608e-01 1.1530341982e-01 -1.8846286923e-02 -3.3746737226e-02 -4.0192195591e-02 -2.0971683427e-02 -1.2967355970e-01 -1.8942407593e-02 -5.6028835034e-02 -1.6950786470e-01 9.7477877085e-02 4.3787272210e-04 2.3821544378e-02 -1.2352779913e-01 -2.0755018275e-02 -1.6481855264e-02 9.3033018800e-02 -1.0728702783e-01 -6.9838544753e-02 -7.6784376702e-02 -1.0632479807e-01
2.2278020346e-02 2.6472053907e-02 -4.8021260240e-02 2.8046233959e-02 9.2958741466e-03 -6.6788587867e-05 2.7003096599e-02 -4.2949276637e-02 4.3694407390e-02 -2.5272004577e-02 2.5502788440e-02 -6.9638443344e-03 2.1900637698e-02 -7.4938183235e-02 5.3232488521e-03 -9.6563600287e-02 5.3459421250e-03 -1.7459514009e-02 1.4717086727e-02 -2.9494897217e-02 -2.5908097028e-03 3.4921187938e-02 3.8663072033e-02 4.7950637707e-02 -2.5212170288e-03 -1.0117035339e-01 -1.4046709353e-01 8.4815658442e-02 -1.2700189005e-03 1.8639953510e-02 -2.4917751779e-02 -3.5510604022e-02 3.4031846137e-02 5.9964874169e-02 -1.1070867545e-01 -1.9138404745e-02 4.6364409329e-02 2.6226419018e-02 6.6107313712e-03 -1.7467895626e-02 4.1264890620e-02 -4.1755869649e-03 3.2898523245e-02 -3.7754450182e-02 5.4338603557e-03 1.5671882191e-02 2.1917893892e-03 9.4890670324e-03 -1.3318660797e-02 7.4254818037e-02 -5.0609090759e-02 -2.6771457847e-02 -4.0545072660e-02 4.7194958883e-02 6.4034444249e-02 2.8292595717e-02 -1.3878638860e-02
1.7220921931e-01 6.8582055071e-03 -1.1678866918e-05 1.2683483968e-01 1.2306592474e-01 -2.2979680101e-02 -8.3161326374e-03 -1.4855136721e-01 -6.7163625377e-03 -3.4664234417e-02 -7.1331025862e-02 7.0613938959e-02 -6.9922210474e-02 -4.4924053030e-02 1.5514736183e-02 -1.9014370554e-01 8.2409458459e-02 8.2744404070e-02 -1.4991576650e-01 -1.0343432340e-01 -2.0215927104e-01 -2.1877312380e-02 -1.0073064146e-02 9.6732407912e-02 8.4482986766e-03 3.1207042958e-02 3.0606808632e-02 -1.2740960782e-01 3.9241212259e-02 -1.5569311797e-01 -2.3081778440e-02 -9.9809776499e-02 2.6678478098e-01 1.4860397655e-02 1.9686065201e-02 9.5379471312e-02 -3.0305105333e-02 1.4408853396e-01 -1.2245979173e-01 3.1172389127e-02 -8.1635251865e-02 1.0320103827e-02 -1.2003897332e-01 -7.6442880710e-02 -2.4715668293e-02 -1.5946704249e-01 9.0755773045e-02 4.2924789207e-02 1.3321571716e-01 5.0447205566e-02 -1.1561781222e-01 1.1492056043e-01 2.0324902165e-02 1.9513794513e-01 -1.2991549803e-01 1.6376701966e-03 3.8616925460e-02
-7.7111390085e-02 2.0244861411e-02 4.4570120903e-02 -3.4817303060e-02 5.9731416614e-02 -6.1954119914e-02 -2.3510438251e-02 1.3583871108e-02 8.8354535433e-03 1.6764347315e-03 -5.1425256328e-02 -8.1363967375e-02 1.1353206934e-01 3.8653915608e-02 -5.6655944653e-02 -6.2727405014e-02 -7.9445170530e-02 9.5104872443e-02 -1.5044126324e-02 -2.9684094552e-02 2.1275565862e-02 6.0705647274e-02 5.2772418366e-04 1.1417793767e-01 -3.2817842202e-02 -3.9831058680e-02 8.0106035065e-02 2.4372866049e-02 7.7337705305e-03 2.0590044810e-02 -2.5514859010e-02 6.3948011288e-02 5.2548817616e-03 1.7761573708e-03 5.8902997649e-03 8.6719752539e-03 -3.9061446420e-02 3.6057234158e-02 -5.1330314804e-02 3.5616101419e-02 4.7508049682e-02 5.7533432181e-02 1.6126175982e-02 2.3639357644e-02 2.8370602940e-02 -3.7606433289e-03 -1.3781178177e-03 2.5908911212e-02 7.5919136009e-02 -8.8962065154e-03 1.1244096719e-01 1.0801417026e-01 3.5017063234e-02 6.8636791489e-03 -3.9730935521e-02 1.0574537993e-01 -6.2603277057e-02
5.0082737312e-02 6.1134792440e-02 1.6503714702e-02 7.8873598356e-02 -6.7325272943e-02 -7.1589223950e-03 2.7547465490e-02 7.9621705109e-03 -1.1857254979e-02 -4.9815001444e-02 -1.9077006675e-03 1.4127152251e-02 -4.2515067774e-03 1.1166111954e-02 -9.8360158479e-02 4.0114015804e-02 3.0892976362e-02 -4.1649104158e-02 7.9456273352e-02 -6.0423416420e-02 -2.0433069935e-02 -9.2799219574e-02 -9.5686925908e-02 3.8685565907e-02 -1.1426984232e-02 9.8076437740e-02 -2.2783263866e-02 -3.6530955443e-02 -1.4077356094e-02 5.1041646228e-02 -1.3072036303e-01 -7.3412817767e-02 5.9232581131e-03 6.2118631416e-02 -2.9655594769e-02 -3.9196877003e-02 5.7744587031e-02 -1.2474094034e-02 1.0175467930e-01 1.1880407992e-03 1.8646692523e-02 6.3144593107e-02 3.8447678981e-02 2.5516474920e-02 8.3574294197e-02 -2.4446486471e-02 2.3538525904e-02 -1.0910764388e-01 -6.8883803219e-02 -2.6611637188e-02 -2.3122196779e-02 -3.7879790244e-02 -4.3077433568e-02 -6.4206495831e-03 5.7162492913e-02 1.0245612802e-01 7.1828105771e-02
2.8436742050e-02 9.7816353560e-02 3.3413406784e-02 1.0226339988e-01 -2.5037813661e-02 2.4853965233e-02 -1.1740030999e-02 3.1466942576e-02 7.1109604359e-03 -7.0899876261e-02 6.3269744954e-02 5.5815969501e-02 3.4880440419e-02 -6.9202569931e-04 2.3999531555e-04 -6.4980103575e-04 2.2250799102e-03 -4.8118290346e-02 -8.3199618023e-02 1.0567787905e-02 1.0536787288e-01 1.6854825994e-02 8.4078329192e-02 6.8136636583e-02 -9.6437043082e-03 -3.8137005558e-02 1.2124222450e-02 -8.6320662417e-03 8.7257204836e-03 4.2460180533e-02 -4.5978508975e-03 -5.3515501340e-02 8.6999745291e-02 3.0568231202e-02 -1.6675447414e-02 -1.0424829794e-01 -4.0375340914e-02 1.6812653494e-02 -5.4561290868e-03 1.3197353329e-02 -4.7941076016e-02 3.9388756567e-02 1.5039726402e-02 -3.3070102439e-02 2.1471266313e-02 9.4169958532e-02 1.2006126921e-01 1.1421243908e-01 -2.3451212001e-02 8.1827405102e-03 -2.1352651737e-02 -2.6663442049e-02 1.8176957395e-02 -7.8640219690e-02 -5.2455093353e-02 -5.8871919885e-02 3.9553148426e-02
-1.0913491302e-01 2.1741269787e-02 -1.9595117253e-02 -1.4817734164e-01 1.6441959238e-02 3.6207474509e-02 -5.9589504113e-02 4.3159177585e-02 -3.5833325039e-02 1.0704611210e-02 3.8940257087e-02 3.3355126257e-02 1.6540443830e-01 4.0228789735e-02 2.0255574123e-02 -1.2499772498e-01 -2.1100226252e-02 1.4833861980e-02 -1.1691288492e-01 -4.2492360223e-02 4.5446410052e-02 -1.1328179623e-01 1.9281502157e-02 8.3054543070e-02 -1.0089893888e-01 2.7352020428e-02 -1.0787670469e-01 1.2363480698e-01 1.7217833423e-01 8.8035249499e-02 -7.0751275201e-02 3.3494330473e-02 -9.3410006826e-03 8.9091627551e-02 3.1554000486e-02 1.2281185691e-01 1.8783657227e-02 2.1596447751e-02 -5.7583832106e-02 4.3596368032e-02 3.0241845411e-02 7.3441355334e-02 -1.2867720108e-01 6.1451134029e-02 3.9033291973e-02 8.9827257670e-02 -4.9489579029e-02 -1.2718307630e-01 -5.4496955124e-02 1.9189266463e-02 -7.2592288399e-02 7.7295021892e-03 8.5182924047e-02 7.6921981567e-02 5.8867544899e-02 3.0797255305e-01 3.0132714523e-02
1.7962023669e-02 -1.0581616988e-02 -4.2022130111e-03 -5.3599823336e-02 8.5875882515e-02 1.8293572406e-02 -3.7307388493e-02 -3.3715573076e-02 -3.5805198581e-03 2.0274925066e-03 1.5049629196e-02 9.6571901094e-03 5.5529340893e-02 1.1777424743e-02 2.1195081310e-02 1.4217303279e-01 7.8817448485e-04 -1.1482862530e-01 2.6247584997e-02 -8.4957310419e-02 6.3269887360e-02 1.3103946991e-01 1.8793702640e-02 -1.5352177436e-01 6.5598816271e-03 1.3875102178e-01 3.0330421003e-02 3.6207733149e-02 -1.8038504946e-02 -1.7669000299e-02 3.6810963690e-02 1.0589752067e-01 2.2640808581e-02 -5.8937050153e-02 5.1703863645e-02 4.1676406101e-02 5.2123681360e-02 9.7365527957e-03 -3.7245161351e-02 -1.5771664431e-02 1.5188745548e-02 1.0254345380e-01 -7.0696240492e-02 -1.5275994769e-02 9.2814326905e-04 -6.5946333644e-02 8.3373835982e-03 -3.6763662616e-03 2.7878675911e-02 -6.9778451130e-03 -4.8627972910e-02 -9.1700583833e-02 -1.5738775769e-03 -8.1285707330e-02 7.0864502320e-02 6.4085654073e-02 1.0004699646e-03
-2.8105072223e-02 -4.9875256350e-02 -6.5779727073e-03 -6.3535594586e-02 4.6749724419e-02 2.2049163245e-02 8.5828259967e-03 -7.5966518973e-03 -9.3288086469e-04 -1.3096262939e-03 6.1148361482e-03 1.7344159373e-02 -6.5217684876e-03 1.5601488366e-02 -1.6990094005e-02 5.2791224924e-02 -1.1489965724e-02 1.5446941744e-02 -1.8747381380e-02 -2.4834504256e-02 -3.1338131582e-02 3.6986907024e-02 1.8506197384e-02 -2.9906418219e-02 7.2704644836e-02 -1.1981136154e-02 9.6480809675e-02 -1.9013299584e-01 1.2358884760e-02 2.2925619063e-02 -2.2462441039e-03 3.0121085909e-02 -7.5246290141e-02 8.4892004637e-03 9.8077445463e-03 -2.4512912985e-02 -2.2267899171e-02 -1.5330925649e-01 1.5851115129e-02 7.2672169718e-02 5.0516047591e-02 1.3300492056e-02 4.3314472790e-02 -2.7072198809e-02 -2.8754749693e-02 -3.8844370258e-02 3.7221503163e-02 1.8699037105e-02 -1.2570228613e-02 -2.4169113893e-02 -1.4798704646e-02 5.9478681884e-02 4.5411281583e-02 3.3993177020e-02 1.5784318438e-02 1.9839251285e-02 1.3529167613e-01
-1.8097590964e-02 -1.4338325713e-02 1.2976293153e-02 -4.1636255551e-02 -6.3698082010e-02 6.2258254385e-02 -2.0258057644e-02 7.8846417605e-03 2.0558242179e-02 -3.1570202085e-02 -5.2622444147e-02 5.9680497220e-02 8.1257272544e-02 3.1105179179e-02 5.5970797071e-02 7.5874916609e-02 -4.5222627857e-03 8.0473132444e-02 -4.1620693595e-03 -1.3642175248e-02 7.6414664296e-02 -4.5064318031e-02 -1.2062238460e-02 -9.4797690824e-03 -6.6099495416e-03 -9.9820701018e-02 2.9252670358e-02 3.4513277473e-02 8.4658846450e-03 4.3757955935e-02 -1.7066185003e-02 1.0212688185e-02 3.9499935345e-02 -5.9138929863e-03 1.9054815142e-02 -3.6502786891e-02 1.4157882944e-01 -1.2683323078e-01 4.2604740105e-02 -1.4671712397e-01 1.7643256696e-02 -3.4964145310e-02 -1.4332559735e-01 2.9800248915e-02 8.0117243556e-03 6.4332438672e-03 1.0362790629e-02 -3.2181412535e-02 -8.7248486790e-02 9.9976227939e-02 -3.4002676942e-02 6.5243254556e-02 -1.9054200188e-02 -2.1966260708e-02 -1.2362143877e-03 -1.0873175030e-01 1.5515912361e-02
-5.6740282700e-02 -7.1093755730e-02 -2.3917925123e-02 -5.6469694542e-02 5.0242451353e-02 3.2919850132e-02 7.4154011052e-03 -2.3077684288e-02 -5.4213476495e-02 1.5041649659e-02 -3.5776434983e-02 -3.3405956756e-02 -4.8032858352e-03 -2.5489470448e-02 7.2188570677e-02 -7.4660811892e-03 -2.1677733634e-02 9.1584944368e-03 5.5835296227e-02 2.1548192703e-02 -3.7500279871e-02 -3.4298701674e-03 6.5274711521e-03 -6.4316003531e-02 6.3450940749e-03 1.8608042946e-02 6.4303147801e-02 6.4499148211e-02 -1.1810333406e-02 -5.6982693580e-02 -3.0604115456e-02 3.3775318248e-04 -5.3174255330e-02 -7.3275205691e-02 8.1552744577e-03 1.2280341796e-02 4.2982355009e-03 -1.3810148952e-02 -6.1300234002e-02 -4.4870822260e-02 4.5407299243e-02 -3.5763350521e-02 -1.0485050619e-03 2.2546805769e-02 -2.3399640673e-06 -4.3416425085e-02 4.1039973442e-03 -9.9763101937e-02 4.1166601849e-02 2.4759912806e-03 1.5499535379e-01 6.3369977483e-02 -1.5859530249e-02 5.5636893327e-04 1.0935266007e-01 1.7107375922e-02 -2.4369906925e-02
1.3628305979e-01 1.0191392946e-01 -1.7737252107e-02 3.5259765603e-02 1.6067221210e-02 -2.9956496926e-02 7.7531515733e-03 1.1610835246e-02 2.2916563926e-02 -7.4572472072e-03 -8.3004046753e-03 1.9739657724e-02 -3.4939188207e-02 3.1974816817e-02 -1.0258176758e-01 -1.1918405450e-01 5.4202004584e-02 -3.7360708518e-02 -2.7003301761e-02 3.9239970786e-03 4.1847584605e-02 -1.0321324850e-02 1.2592921071e-02 4.9529384324e-02 2.1003304745e-02 -1.2442605768e-01 -4.1042329809e-05 -1.4057818298e-01 3.9727208929e-02 -3.1229811803e-02 1.8534964216e-03 -5.0754166039e-02 4.7974585086e-02 4.4373430381e-02 1.9791043652e-02 -4.8456542373e-02 4.5897447738e-02 8.4353225970e-02 2.3779325595e-02 1.5261347153e-02 -8.4027167233e-03 -2.3114396800e-02 -1.8006100600e-02 -1.3018556911e-02 8.5337720053e-03 8.6166013115e-02 -5.9872463506e-03 1.0720854532e-02 -1.0135790573e-02 9.4467097802e-03 -3.3730257463e-02 -2.8689182570e-02 -1.4140079709e-03 7.3845431362e-03 -2.8604666585e-02 -3.4151800013e-02 -1.0882348656e-02
1.4546264580e-01 8.9567183783e-02 1.2025135303e-02 2.8377687306e-02 1.5299118391e-02 6.8800794855e-02 2.2331340921e-02 1.7155076621e-01 5.4271234461e-02 -4.2169156021e-02 -7.6645830801e-02 5.8979479186e-02 -5.1455558478e-02 -3.6884852806e-02 -5.8520052694e-02 -1.1250828309e-01 3.5719327512e-02 -8.5952996276e-02 3.6647719999e-02 5.0432791726e-02 5.4329082369e-02 2.4909354366e-02 6.2765006170e-02 7.6783458481e-02 2.4324508064e-02 -6.1788465421e-02 -1.4729732543e-02 -6.8234986610e-02 4.8764304057e-02 -5.1338551367e-02 4.2172430908e-02 -4.4335418199e-02 -1.0714641852e-02 5.8881214758e-02 -4.0280830836e-02 2.9729767211e-02 -4.7547761743e-03 -3.0045373813e-02 -3.3780533774e-02 -2.0299323483e-02 9.8230572633e-02 -1.7530317950e-02 8.0020956674e-03 -5.2747497658e-02 -2.0654039198e-02 3.8162048421e-02 -6.1314676495e-03 -7.1281163692e-03 -1.2231943147e-02 8.1243697509e-03 -2.7993495957e-04 -6.8830558754e-02 6.7523333086e-03 2.8626411095e-02 -8.1892446198e-02 -7.2910950518e-02 2.2369948780e-03
9.0943993687e-02 -4.6007737890e-02 3.6512211278e-02 -8.5072611870e-03 -1.0652839375e-02 -1.4478126053e-02 3.9372401391e-02 1.1569449682e-02 1.1654663319e-02 -1.8098905749e-02 -5.6260408607e-02 -1.3225513571e-02 -2.3869542721e-03 6.7159022763e-02 -6.5062530921e-03 7.5220262000e-02 8.1422485392e-03 -3.9563874294e-02 -6.3594693557e-03 6.0414198331e-02 2.6520841690e-03 3.0757409863e-03 3.5748396388e-02 -5.8934881107e-02 8.9315735677e-04 -4.0112891198e-02 -2.9229013072e-03 2.9467627565e-02 1.4706029201e-02 3.4490385694e-02 1.4472684245e-02 2.1323635222e-02 8.6425636465e-02 9.1908151209e-03 -1.0548798285e-02 -3.6712800470e-02 1.0497537062e-04 -7.6025076860e-03 7.3089621063e-02 -1.1785280448e-02 -2.5861169213e-03 2.5991968113e-02 3.0897713580e-02 -2.0236187255e-02 -2.6659631289e-03 9.4445856968e-02 -1.5192037099e-02 -4.1485393215e-02 -2.7678698669e-02 2.1369938335e-03 1.6413879302e-02 -1.3723787528e-01 6.7595638023e-03 -1.4417804091e-02 -2.7334654762e-02 1.2279025879e-02 2.4746745195e-02
-9.3868187851e-02 3.6852501706e-02 2.1415446251e-02 -4.3104352680e-02 3.9222427867e-02 -2.4568728577e-02 -2.2614420384e-02 -3.3010848431e-02 -2.3749776316e-02 -1.6465529700e-02 -1.4296330289e-01 -8.7689067077e-03 5.7951992468e-04 1.9793128090e-02 -2.1607927262e-02 1.3067089741e-02 -3.4480411429e-02 1.4994226488e-02 3.2194897706e-02 -5.6575497251e-02 -2.7063958472e-02 1.3892680255e-01 -8.1618959630e-03 1.0667474430e-01 -3.9287577302e-03 -4.1644533086e-03 1.1363744512e-02 6.1783695043e-02 -2.8267074836e-02 5.1478300092e-02 2.5833145309e-02 -7.4067316658e-02 1.4688766890e-02 -6.3018813670e-03 3.9777818608e-02 -6.2893439255e-02 2.4074942806e-03 6.4574173830e-02 7.3457289450e-03 -9.4668461864e-03 -1.2124063694e-02 -3.6528230558e-03 -6.2664333736e-02 -5.7579071264e-02 9.8201977615e-03 -7.3677008434e-02 3.3146639392e-02 2.0412358681e-02 -3.9249089815e-02 -7.7729547205e-03 2.9686705668e-03 -3.9676159343e-02 7.1673355350e-03 -3.1257250720e-02 -4.5018813015e-02 -1.2763927751e-02 -4.7676762393e-02
1.2478982678e-01 3.0573133416e-02 3.0673743290e-02 -7.9788341800e-02 -1.0897726796e-02 4.8422088029e-02 1.2050317058e-04 -9.7318087492e-02 1.1184396473e-03 3.1468205690e-02 1.5099164123e-02 -4.4142027907e-02 1.4888246429e-02 -2.7208778770e-02 -9.1898367003e-02 3.7668659416e-02 -3.7606338073e-02 5.5884174532e-02 1.0971292567e-02 -2.7375784635e-02 2.4032342979e-03 2.2449767873e-03 9.0366985886e-02 -1.3428995244e-03 -3.4206676298e-02 2.8422456696e-02 -2.1018825666e-02 5.1153396404e-03 -6.0710808664e-03 -8.6922836720e-03 -2.4434671054e-02 -1.2615294181e-03 -3.0153165782e-02 -2.0720330540e-02 -1.1388244960e-02 4.8708562375e-02 -8.5470601832e-02 -6.6279254899e-02 -4.6593976933e-02 -1.2349982886e-02 -2.7957691894e-02 -1.3251614910e-02 -5.3144685596e-03 2.3862454439e-02 1.1311148321e-02 6.6593261912e-04 6.6280117496e-02 2.4987800280e-02 -7.7173446909e-02 2.0988255623e-02 -1.3034394550e-02 -8.6756228741e-03 3.4012540677e-03 4.6766102483e-02 4.5327887862e-03 -5.1235636532e-02 1.9212120927e-02
-1.7211634946e-02 2.0023115830e-02 -3.2272499114e-02 4.4425676884e-02 -1.3460259157e-02 1.3125570184e-02 -2.4492424022e-02 1.6530340349e-02 2.1014489917e-02 -2.3036187592e-02 -1.2511387393e-02 9.3327583260e-03 -1.0587730679e-01 -4.9984447467e-02 -3.4798758212e-02 -3.2308813474e-02 4.0321192929e-02 2.1667562920e-01 3.3252980452e-02 6.6270657130e-02 -6.9822698973e-02 -6.2232171777e-02 -1.5126392174e-02 3.8154427284e-02 1.3877301465e-03 -7.1738622313e-02 -7.9023063170e-02 -4.6992854960e-02 2.1250354042e-02 -9.3432184229e-03 2.2583471238e-02 -4.4082193821e-02 -7.2600674496e-03 -2.1954464668e-02 8.3834359147e-03 -1.2885424931e-02 4.3980512917e-03 9.3804889581e-03 -6.5422518720e-03 -2.1701784211e-03 3.1787946099e-02 3.7594846865e-02 3.1985714517e-02 4.3377886427e-02 2.8307781815e-03 3.7304033588e-02 -4.5334903729e-03 1.1269653436e-02 -1.4587919697e-02 -9.8447218927e-03 3.8478648982e-02 3.8217460070e-02 -4.3022453795e-02 -1.0553235768e-02 -6.3150999359e-02 3.5125180799e-02 1.5987354933e-02
-4.8103554631e-02 -7.6052600257e-02 -2.6825210746e-03 1.4152137189e-02 1.7885087102e-03 2.8302406741e-02 -6.9604455225e-02 9.1355819976e-03 -5.3484404079e-02 -1.1479700211e-01 -6.9662666345e-02 -2.6934088174e-02 1.1667000794e-02 4.2039523614e-02 -1.1777024498e-02 1.4724459548e-01 4.6156382604e-02 -3.5153734527e-02 -1.5468405721e-01 -4.3540861341e-02 5.3701556162e-02 3.2195502195e-02 3.2792388662e-02 2.4501857167e-02 1.4849969574e-02 -8.9515473534e-02 -1.8099366961e-01 -9.2797579543e-03 3.3186838829e-02 -5.4248783279e-02 -9.6143555879e-03 1.2787337293e-03 -8.5283641462e-02 -4.8977593663e-02 -4.0727762405e-02 5.7986512576e-02 -2.1283108307e-02 -4.3651220209e-02 3.7830935409e-02 1.6719778130e-01 -1.7584967344e-02 -4.4009516099e-02 -3.4268309910e-02 -6.2118892344e-02 -7.4040292539e-03 3.2708674660e-02 1.2079300887e-02 -1.8642564600e-02 -4.4147981615e-02 -4.7228262805e-02 -2.9583266767e-02 1.2639667953e-02 2.5977988958e-02 3.8048722545e-02 -4.6948041833e-02 -2.0894442165e-02 7.8850523862e-02
4.4419244286e-02 4.3890286306e-02 -7.0223811209e-02 7.1044696938e-02 1.2970816590e-01 1.5656206877e-02 -2.7340644713e-02 2.0590119230e-02 2.7181479669e-02 -3.4405984953e-03 5.2275003996e-02 2.3094097229e-02 4.7200140898e-03 1.4894730274e-01 -6.0175211107e-02 5.5547952225e-02 2.1550248462e-02 -6.1774389234e-02 9.7483021058e-03 6.8727209309e-02 -6.3943656188e-02 1.6965377969e-03 -1.2564885464e-02 -2.6003605228e-02 -2.1269048936e-02 -4.6692610772e-02 -2.5258194787e-02 -1.6928878522e-02 1.9002945229e-02 2.6505477843e-02 -7.6973368429e-02 -7.2028234502e-02 4.2386455001e-03 5.3586613929e-02 -1.5471125219e-02 -2.5303344239e-02 -3.5334143041e-02 -8.1322560652e-02 2.1910656579e-02 -9.5559369931e-03 -7.3433226054e-03 -1.7771431582e-02 -4.6536645511e-02 -4.0317710550e-03 6.4457267324e-03 3.5356963648e-02 -3.3500437518e-02 1.7650771903e-02 -3.9072561475e-02 4.5455846080e-02 3.6913617063e-03 -7.7121055516e-02 -5.2295563316e-03 1.1094444372e-01 -3.4446430691e-02 -5.0103838834e-02 -2.8951232787e-02
-2.5386835788e-03 -9.5551720120e-03 1.3771740919e-02 4.6578583691e-02 -1.2920271756e-02 1.1694370214e-01 -2.2300631774e-03 1.1500895416e-03 -3.9296658236e-02 -3.2095999391e-02 -1.4449762834e-03 -5.3535635215e-03 1.6129289731e-02 1.9965381267e-02 -3.1119569317e-02 -3.6994314805e-02 -2.3820233003e-02 -9.6636965880e-04 -1.5496924164e-02 8.4641336278e-02 -4.1441159050e-02 2.4514786560e-02 -6.2640389417e-02 -3.7505058843e-02 -4.2484057233e-02 -1.0470822157e-02 1.4946255637e-02 2.6798406628e-02 -1.2728641468e-02 4.1524661948e-02 8.7457119588e-02 7.7063777074e-02 -9.1505985103e-03 4.5309778878e-02 -6.6570052608e-03 9.3385371961e-02 1.7281915553e-02 6.5202852874e-03 -1.0864357828e-02 4.5790934135e-02 2.6558805469e-03 -2.1013050515e-02 4.1811415444e-02 4.4967514347e-03 1.8211897218e-01 -2.0257565014e-02 4.5742305935e-02 5.2674419223e-03 2.5000826616e-02 2.4906272638e-03 -1.2058476474e-02 2.4148899376e-02 4.0695192397e-02 3.2198184353e-03 -2.3762481969e-02 7.4795337405e-03 -5.8202399175e-02
-3.4460980841e-02 -3.9507752796e-03 -7.4464476938e-02 -7.0188015086e-02 -1.8048637904e-02 8.3543860698e-02 -2.6353567883e-02 2.2885453244e-02 -3.0966755920e-02 3.1664599267e-02 1.5668635679e-02 7.3479000596e-02 3.0728226304e-02 -4.3142405406e-03 9.5413642650e-03 7.7312557401e-02 -4.5063264644e-02 5.4923390484e-03 -3.6265112043e-02 7.6873510608e-03 -7.0326447018e-02 -3.1322491363e-03 1.3839158079e-02 -1.2558988710e-02 2.4238205862e-02 7.1636326147e-02 -7.8585314983e-03 5.6781976999e-02 -3.1413952952e-02 -4.1342912237e-03 -5.9947981713e-02 -1.6458874037e-02 7.8146295803e-02 3.6411311664e-02 6.6370435997e-03 8.8023949159e-03 -7.1275136570e-02 2.8632017543e-02 -3.7841294372e-02 1.7173666414e-02 1.9538815031e-02 -1.5015589828e-02 -2.4617088650e-02 -2.8907649094e-02 -1.2409611691e-02 -1.7978699641e-02 -5.1364433386e-02 3.0063346715e-02 -2.1132370110e-02 -1.0606645844e-02 7.6712138868e-02 3.8516850298e-02 -1.8384655906e-02 -9.7790457944e-02 4.2518807593e-03 1.0592378174e-01 3.4392200063e-02
-5.0615344758e-02 3.3144855838e-02 2.5660779705e-02 -4.2745493333e-02 7.9406549149e-02 -3.9326867279e-02 -8.9249075655e-02 3.6000066229e-02 -1.2282536867e-02 2.9766554059e-02 -1.0168130760e-01 -5.4638696174e-02 -2.1653404484e-02 2.2811052701e-02 -1.0705709898e-01 9.6483675898e-02 -4.1895315710e-02 6.9971115977e-02 -2.9403964008e-02 2.5879036325e-02 8.9865686272e-02 -1.9311991862e-02 -3.0720495181e-02 -4.9930379609e-02 4.0371377866e-02 3.3388216539e-02 -2.1391526493e-02 -3.1332696564e-02 -2.0187731737e-02 3.7833105993e-02 -1.4244759645e-02 9.1902106682e-02 -4.1023297637e-02 4.5855003779e-02 -3.0505210443e-02 -4.9425790934e-02 -4.0868324031e-02 -3.2899350186e-03 -2.0817382557e-02 -4.0306766432e-04 -6.5998857772e-03 7.1899325139e-02 -8.5045860406e-02 4.3341329728e-02 2.5669610243e-02 -5.0472797768e-02 4.7296908081e-03 -7.1202218812e-03 4.5273653535e-02 -4.7020831022e-02 1.5119371553e-02 1.0850847757e-01 -1.4010170036e-02 -3.4426137458e-02 5.3824748631e-02 1.0975889761e-02 -3.3926597297e-03
-3.0447413395e-03 -6.4959261184e-02 2.1089015295e-02 8.8473606716e-02 -3.0513387274e-02 -4.7042565101e-02 -1.2616218343e-01 1.0950437454e-02 2.7050003889e-02 5.6522825945e-02 4.1552029515e-02 -1.2822167134e-01 1.5077714462e-01 2.7691188146e-03 -7.9106216289e-02 1.7662926764e-01 2.1989886431e-02 1.1492023683e-01 8.6098598455e-02 1.1096863286e-01 3.7892199171e-02 -5.4732002925e-02 7.0506015279e-02 9.5825031930e-02 6.2003283522e-02 3.6849282685e-02 -4.2674391452e-03 2.3594317328e-01 1.1106207827e-02 1.3807416161e-02 2.9407066696e-02 -3.3898459191e-02 -3.2123192191e-01 4.0600033201e-02 -7.1450823654e-02 8.9575701161e-02 6.1828600493e-02 1.3235041700e-01 -6.2230888208e-03 -1.0470571793e-01 -1.4755767545e-01 -2.7893359652e-02 3.0912801032e-03 2.3613311731e-02 -7.0662798036e-02 -9.3028633324e-02 2.0217372779e-02 -5.3299794296e-02 -9.6700200770e-03 -1.1702524663e-01 -6.5984276013e-02 -1.5488869837e-02 4.0581107266e-02 3.2120500450e-03 -9.0171608550e-02 -1.3412873379e-01 1.6060892813e-01
-3.8711134806e-02 -2.9305890468e-02 5.0039523539e-02 4.9649225501e-02 -4.1166346736e-02 2.1772343484e-02 -3.3503151192e-02 2.8856570102e-02 -2.4898160831e-02 -4.7935319945e-02 9.4281730826e-03 2.2919400740e-02 6.7025190331e-02 -1.3137576139e-02 5.8841624238e-02 1.0090090851e-01 -2.9978805750e-02 3.0927331646e-02 -3.8198063445e-02 2.5877225757e-02 8.3358618484e-03 1.4496358769e-02 4.2619224871e-02 1.0907455715e-02 8.9687602021e-03 5.5958943010e-02 -1.1338973398e-01 -3.9395383040e-02 -4.6162544875e-02 -4.9245724350e-02 8.2953398347e-02 4.5390888327e-02 -6.3634719540e-02 -2.5841916344e-04 -9.8275244917e-04 3.2217625939e-02 -1.5451601351e-02 -3.3798531488e-02 -6.7937388639e-02 4.6304338849e-03 -5.4664942797e-02 -2.9356571281e-02 -6.4134157278e-02 2.5457637462e-01 -3.6534936039e-02 -3.2520063266e-02 -5.3047232620e-02 -3.4212812159e-02 -2.5918982705e-02 -8.9987292313e-02 1.6927307566e-02 -1.0671940147e-01 -5.5277000066e-02 1.7017347393e-02 -3.7579054920e-02 1.7846895212e-02 -4.1545829725e-02
-7.1048951596e-02 6.3226838146e-02 4.7288713777e-03 -2.0689507826e-01 4.5279863398e-02 5.3245627245e-02 1.3442485687e-01 -9.1686005977e-03 1.4432450249e-03 1.9773280035e-03 5.5605395804e-02 -1.4427949759e-01 -6.9602528763e-03 9.2424824115e-03 7.9865252605e-02 -1.4435355837e-01 -5.1027351364e-02 1.4278532511e-01 3.7464902211e-02 -1.5410557852e-02 -1.4574975213e-01 -5.6254669723e-02 -1.5274024951e-01 -6.1995018577e-02 -3.0634258044e-02 8.0180014607e-02 -1.9486999701e-02 3.2349771296e-03 -1.4188781950e-02 5.4522263310e-02 -3.1939498142e-02 3.7922567952e-03 -1.6100880410e-01 -7.0804407595e-02 5.7632580365e-02 -7.7403579954e-02 -2.1250896380e-01 -1.3984515828e-02 6.6178293268e-02 4.6402987292e-02 -9.0138305353e-02 -1.0585645697e-02 -1.2139371623e-02 7.4669153673e-02 1.0026104732e-01 -6.9472427230e-02 4.6066015723e-02 1.1767138474e-02 -3.4351626219e-02 6.9835865966e-02 -4.8046902343e-02 5.0820772450e-02 -1.3524779244e-01 1.0645071581e-01 7.8899584895e-02 -1.0302172448e-01 2.4209625846e-02
5.5758243714e-04 2.6265096356e-02 4.0232630220e-02 -9.5385405579e-02 5.2239321164e-02 -7.6172544616e-02 -1.8341843132e-02 1.2817437271e-02 -4.6575396323e-03 2.9434114260e-02 7.1514518168e-02 4.7863200475e-02 3.6679031373e-02 1.2052530548e-02 1.1018854545e-01 -4.3423788392e-02 -4.4914508802e-02 3.5304815346e-02 6.1834916093e-03 5.9023321959e-02 1.6038505959e-02 -2.4591341080e-03 -5.7366433977e-02 -3.9470485609e-02 -1.2167175174e-02 5.3637663597e-02 -4.1464955753e-02 -5.3197283160e-03 -3.8497677054e-02 -4.1002537410e-02 1.6686583310e-02 -4.8684734325e-02 -7.0611971737e-02 -3.9797136490e-02 -5.8507832595e-02 2.4939625037e-02 -3.3350275690e-02 -7.7086878789e-02 -3.5533630396e-02 1.5259148729e-02 -9.1927790823e-03 8.6125257100e-02 4.9665963713e-02 -3.9040982598e-03 2.1432435421e-02 -7.2020185777e-03 9.9564358888e-03 1.6797843494e-03 7.6910583563e-02 1.6008080875e-02 2.1319340362e-02 6.2334839422e-02 5.9875424389e-02 -5.3630211891e-02 8.4908055630e-02 -7.4483419861e-02 1.8717091580e-02
-6.0156562440e-02 4.3300805610e-02 4.5430146406e-02 -5.2284557718e-02 1.4486321564e-02 -4.6368239117e-02 1.3164995773e-02 -1.5283504822e-02 -5.0527987283e-03 1.3441651094e-02 7.2187449341e-02 -3.5663202135e-02 -6.5163936254e-02 -8.9481596959e-03 -6.3947781190e-03 3.9964498734e-02 -2.6249714356e-02 -1.1814740073e-02 -2.2405816055e-04 -2.9126071321e-02 -3.9602426640e-03 6.1132182612e-02 6.8903798875e-03 1.6580670628e-02 3.0152349122e-02 5.3221841222e-03 1.4944163982e-02 2.8713108386e-03 -7.5761293248e-02 4.6476499278e-03 -6.1528081089e-03 -5.8608751214e-03 2.7383396237e-02 2.3184585230e-02 3.1891239265e-02 -5.2100075694e-02 -2.8974461890e-02 3.9687351278e-03 -8.1727952184e-03 6.5662606296e-02 -5.0719633797e-04 -1.0729934717e-02 4.3086630300e-02 3.1727480679e-02 -1.5456290785e-02 -2.8673941653e-02 3.3845320563e-03 -2.7284966182e-02 7.7190591020e-03 1.0807592750e-01 4.8291483536e-02 -5.5185204919e-02 -8.5069249931e-03 1.0242726170e-03 1.4788552026e-02 -6.9119382849e-03 -7.5431448358e-03
-1.3741174196e-01 -6.7155013215e-02 -7.9496996996e-02 -4.5950298996e-02 2.9707613902e-02 7.9209478692e-03 -5.2748003891e-02 -2.8865524380e-02 -5.9080592448e-02 -1.1203331173e-01 4.1761983590e-02 3.5125494864e-02 2.3929432435e-02 -1.2715557498e-02 -1.8413961008e-02 3.3712465567e-02 -2.3811511045e-02 1.0736000135e-02 -4.2229817998e-02 -4.0165584900e-03 -1.8398592025e-03 -1.1400712234e-01 -2.5727154713e-02 5.1538806760e-02 -8.1007310580e-02 9.6404982184e-02 2.2959483585e-02 1.0832537262e-01 -2.9837611110e-02 5.6928482932e-03 1.0561290157e-01 8.2017500784e-03 -1.2491325242e-03 -4.3758869886e-02 6.1220594799e-04 9.2152008298e-02 -3.0440943870e-02 -8.7585374891e-02 1.8481834133e-03 1.2770482461e-01 -1.7645588710e-04 7.1972637036e-02 -3.3592032559e-02 -3.9274534326e-02 1.4116280332e-02 -9.2779657075e-02 2.0284896495e-02 -1.1940911406e-01 -7.1085313750e-03 -1.3431105088e-01 -1.0029733353e-02 -8.9784644526e-03 4.3054219216e-02 -1.3479078571e-04 5.2898846650e-02 3.6100654329e-03 7.9231865908e-02
7.3795134300e-02 -7.4547423442e-02 -1.1826706038e-02 -1.6475388438e-01 -2.7048347214e-02 1.4962475071e-01 4.3088927777e-02 -5.9320820424e-02 6.2141114116e-02 -9.7967588998e-02 6.2421647225e-02 -1.3471945838e-02 3.3716052379e-02 -9.0094773160e-02 -4.8044542876e-02 1.9477344650e-01 -2.3750072849e-01 7.4997723280e-02 -2.4804579115e-02 -1.3229140050e-01 -5.1761233707e-02 -8.8224584698e-02 -7.5821455629e-03 -4.9569035383e-02 2.4738094053e-02 1.2822296814e-01 5.9063806148e-02 2.9971224826e-01 1.7331850054e-01 -1.3857265516e-01 3.4692720940e-02 -6.4664182562e-02 3.1754521211e-02 -3.0802537609e-02 4.3942221093e-02 4.6364076018e-03 1.2086613618e-01 1.4191582886e-01 7.4015146509e-02 6.2726207446e-02 1.1505152720e-02 -2.2745395436e-02 7.7455687983e-02 1.2377125004e-02 1.4682658151e-02 -9.4889643303e-02 -2.5612365143e-02 7.3677772568e-02 1.1628107391e-01 -2.3103789887e-04 3.3781136871e-03 -7.5581400349e-02 6.7348615000e-02 -2.8449257401e-02 -9.2651222009e-02 1.1406566119e-01 -9.0873501958e-02
-6.6338586562e-02 3.4188538954e-02 1.1866139443e-01 1.7121681552e-02 1.2305646180e-02 4.5303181375e-02 3.3680765981e-04 -5.8879714044e-02 -1.9903764419e-01 -2.7603394836e-02 4.8967647886e-02 -4.6247947399e-02 1.1007842503e-02 5.2282305254e-02 -2.8296993676e-02 -6.6420676066e-02 -9.3353184857e-02 -1.3079692740e-01 1.7887531373e-01 -7.8738057453e-02 -3.0996336130e-02 3.6420526174e-02 8.2434447087e-03 1.7476130728e-02 -2.2091169640e-01 -8.7591444055e-02 5.6445855852e-02 -9.7319422246e-02 3.7436960568e-02 9.7373976804e-02 8.4574202830e-02 5.8551241968e-02 9.6240254942e-02 -4.9540065100e-02 1.6169100581e-02 2.1197399680e-02 3.8898540859e-02 9.2586613860e-02 -1.0077304234e-02 -9.5295458427e-03 9.6660244180e-03 -2.5213610995e-02 -7.7266697654e-03 -3.0931283901e-03 1.0383497334e-01 -1.5276940699e-01 -1.2924579458e-02 -4.3989332575e-03 1.0573949984e-01 8.0621259715e-03 -1.5258386843e-02 3.6914693419e-02 -2.7400644839e-02 -7.9464154596e-02 5.9720897523e-02 -1.0695909846e-01 1.9798376873e-01
-8.7001676491e-02 1.1167441238e-02 2.5848814117e-02 -5.7089059672e-02 -1.5407828282e-04 4.4896958416e-03 1.8072187311e-02 2.0988627104e-02 6.8061649223e-03 -4.1644261944e-02 1.3160157656e-01 -4.3209747603e-02 1.5085114806e-02 -1.8825345323e-02 -2.7062613572e-02 -9.2928687998e-02 -8.6913019962e-04 3.2886358457e-02 2.2626733069e-02 4.5975789595e-02 4.2784190266e-02 5.2433749221e-02 -4.3961156658e-02 -9.4479020671e-03 6.3005001694e-03 1.1575044790e-01 4.1995265832e-02 3.9338502579e-03 -1.9728311464e-02 1.3285723516e-02 2.6832196773e-02 8.5515957813e-03 5.3163900819e-02 -1.7235242832e-01 -1.5038712227e-01 -4.0149085683e-03 -4.0016484330e-02 8.5215087580e-02 2.3036224252e-02 6.1773090388e-03 1.0298783461e-01 -6.0255858387e-02 -1.1137756632e-01 3.0664657570e-02 4.1398602570e-03 -1.0349751079e-01 -2.3745447002e-03 -3.0393923147e-02 3.3019974854e-02 -3.6196657284e-02 8.4152299200e-03 2.1664959309e-02 -9.5367276930e-03 -1.1149985510e-02 -2.5540847335e-02 -6.0538125967e-03 8.1649778933e-03
1.1111223794e-02 6.7516620870e-02 -6.4544736408e-02 8.1045518969e-03 -1.0973431660e-02 7.7265503641e-03 4.0963720659e-02 -1.7566562780e-03 1.2192080475e-01 -3.8306895778e-03 -3.6229859868e-02 -1.4761620309e-02 -8.0239439221e-02 6.9255129413e-03 9.2994533929e-02 -9.9807815366e-02 1.9517151275e-02 2.3223371026e-02 -1.0003268823e-01 3.2579127234e-03 9.9302995898e-02 -1.2812193362e-02 -4.7604435008e-03 6.6548358600e-04 1.0392020392e-02 1.6793166576e-02 1.6943350616e-02 -2.9059131172e-02 2.6779140789e-02 -8.7697082742e-03 -2.9668282657e-02 4.2000558761e-03 5.0198260553e-02 2.4190804924e-02 -2.2064000939e-02 5.7184426761e-03 -3.1227094834e-02 3.1210398133e-02 -7.4558486371e-03 1.2307842951e-02 -3.8907492036e-02 1.9022797019e-02 -1.6963895242e-02 -2.9415741883e-03 -2.1735803692e-02 1.2672504255e-02 1.9713128244e-02 -2.0644540148e-02 -6.1598449660e-02 2.8172020610e-02 2.8796543984e-02 -5.1867660964e-02 5.4705473718e-02 4.1706423515e-02 -1.1164694678e-02 9.4062088364e-03 -4.3688548170e-02
5.0146025694e-02 4.1674850134e-02 -2.1808216055e-02 6.1522897578e-02 4.8234233192e-02 4.0251759700e-02 2.3763901127e-02 -3.1012113238e-03 -1.3438027734e-02 -4.7483515342e-02 -1.7596713997e-01 -1.2378103300e-01 -4.3589241265e-02 2.0995650191e-02 4.6325036203e-02 -4.6260032326e-02 -1.2731736297e-02 -6.3564007602e-02 6.2044831848e-02 -6.5295656154e-02 6.3631901780e-02 2.8176707758e-04 2.3038087266e-02 1.0420684329e-01 5.6338907211e-02 -7.3960490024e-02 1.4864057805e-02 3.6398486755e-02 7.0518936692e-02 -1.7979476545e-02 -1.0374492082e-01 -1.3416319030e-01 -1.2523548309e-02 -2.1867080246e-02 -7.1010390417e-02 5.8719508801e-03 9.0344487855e-02 6.8361233670e-02 1.9346753590e-02 -1.2828752645e-02 -9.1074808464e-02 6.2822934964e-02 -5.5809659517e-02 2.1703852061e-02 -8.0136470039e-03 3.6021197647e-03 -9.7728677877e-02 2.6123605077e-02 -1.8844482991e-01 -8.4625964594e-02 1.4966864633e-01 1.0494054757e-01 -3.6280081449e-02 -7.4095798781e-02 4.3073595196e-02 4.0343803854e-02 3.1172315264e-02
3.9047265856e-02 -5.6452273246e-02 -1.3280964589e-02 1.0839988498e-01 -5.1939844306e-02 3.8341917627e-02 2.0181157908e-01 -6.3973940439e-02 1.5070749496e-03 3.0177874359e-02 1.2821327404e-02 -7.0531693813e-04 -4.8990687538e-03 -1.9034851430e-01 9.9138170290e-03 -1.8123950340e-02 4.2754662777e-02 -9.4424721544e-02 4.3427273276e-02 -5.4877989518e-02 8.1239005344e-03 -1.0036704598e-01 5.9068171416e-02 1.8002696598e-02 1.0737116168e-02 -6.0235339373e-02 -6.8862743434e-02 7.7830484288e-02 -6.0724180475e-02 7.5056639444e-02 -2.8392271875e-02 1.2112974179e-01 -1.8339346013e-01 4.0865117459e-02 1.3551102973e-01 2.4287577436e-02 5.8289718978e-02 -1.1715568659e-01 -5.9123341965e-02 6.6480423686e-02 -1.5334393332e-01 2.3982492620e-02 -1.5216988181e-01 2.4437572352e-02 -8.1816235854e-02 -6.1393884044e-03 3.9455762883e-02 -1.7255975490e-01 1.0661629047e-01 6.2707933264e-02 -5.1109493612e-02 7.4930908317e-02 2.8578466581e-02 -8.0085457141e-02 3.5557537011e-02 -1.4438822781e-01 2.6076116320e-02
-1.6384588190e-01 -1.2952816667e-02 -7.2871565914e-03 -6.4785750408e-02 -3.6371594505e-02 6.4403900328e-02 -5.2273919206e-02 9.3181307706e-02 1.0055578318e-01 3.7140670188e-02 5.0530907610e-02 8.3468919314e-02 6.5355431132e-02 5.6620247573e-02 -3.6226695216e-03 -7.7044357555e-02 1.8412923485e-02 -1.2433400812e-02 3.8511608578e-02 6.9471580152e-02 -1.5623076485e-01 1.1815021674e-01 6.7622052119e-02 -3.1034723984e-02 1.3862689932e-02 1.4039032431e-01 -5.3409628800e-02 3.0938667698e-02 -7.9693827961e-02 -4.6982510689e-02 7.2979607835e-03 -6.3124130955e-02 7.0340985126e-02 6.7125755700e-02 -2.2083199635e-02 3.7344331335e-02 -9.6177203930e-02 4.9804815470e-02 1.6495134310e-01 8.6203709855e-05 -1.1878441446e-01 1.1904057347e-01 -6.7991860124e-02 -9.7760047310e-02 -6.0737667826e-02 6.8237610553e-02 -7.4195350031e-02 3.8928913347e-02 8.8594758144e-02 -4.9268747758e-02 -2.4730386705e-03 1.5895694088e-01 4.1831051492e-03 -3.3411556351e-02 4.6496508132e-02 2.4640742098e-02 4.2351565330e-02
