1.2030790588e-01 -2.0373700070e-01 -1.1858661838e-03 -6.1736633966e-03 8.0868725869e-02 -1.5856773774e-01 1.0050586170e-01 -1.4000833115e-01 -1.8256569516e-03 -4.9960063328e-02 1.8474271505e-01 -2.0334864406e-01 2.3889089539e-02 3.9991284954e-04 4.7663247320e-02 1.3521037014e-01 1.6057265302e-03 -1.0422838225e-01 -1.8612616328e-01 3.0391013780e-01 5.7096507839e-02 1.1753345190e-01 1.9041299718e-01 1.7101979619e-01 2.7962369581e-01 -2.3971106071e-01 -2.3240040247e-01 2.7943757737e-03 1.8067056402e-01 -9.0388151509e-02 -2.1216365929e-03 7.3091043505e-02 2.8100466124e-01 9.8203087112e-02 -1.2173319268e-01 3.5275675966e-01 3.4272297980e-03 1.6381135640e-01 -2.0085412394e-01 8.1984702827e-02 -2.1952321785e-01 5.3023673274e-02 -8.9930475043e-02 1.1027360431e-01 -7.9594796062e-02 -2.3270861599e-02 5.9657286131e-02 -7.5389857134e-02 -7.7022063444e-02 3.1172637575e-01 -7.9832213901e-02 -9.3342885347e-02 3.1964082006e-01 5.0983217713e-02 -8.9251241437e-02 1.5375175826e-01 5.3897247326e-02
-8.0081435059e-02 5.9831331121e-02 -2.4974455353e-03 3.4098446176e-03 -7.6703876261e-02 -5.9726601186e-02 -1.7543603840e-01 -1.0478596300e-01 -6.0628630467e-05 6.3921267410e-03 -1.2469434367e-01 6.7835293996e-02 -1.7646945233e-01 3.1599650310e-03 -1.6741979683e-01 -1.4724133631e-01 2.4843035122e-03 2.2030817589e-01 2.0574447202e-02 -1.9458836247e-01 -7.5596558758e-02 -1.4361296475e-01 -2.7901826056e-01 -1.9738523126e-01 -1.0393009456e-01 -2.1539087505e-01 8.8546711972e-02 -1.0843318313e-01 -4.0413829773e-02 -8.8942651291e-02 1.0807533062e-01 -1.6032203026e-01 -1.3826813108e-01 1.7764250710e-02 -1.6834132953e-03 -1.9742952116e-01 2.3674531218e-03 -9.6752712998e-02 1.4601974957e-01 -1.4190081005e-01 7.4071774396e-02 3.1432379086e-02 -9.4139602763e-02 -7.6679804908e-02 5.2496521265e-02 -1.5017496581e-01 1.0610394262e-02 -5.0493786890e-02 -1.2084123208e-02 -8.8069461286e-02 -1.0942030471e-01 1.2509327538e-01 -7.7493416522e-02 -2.2283691566e-01 -8.1161202613e-02 -1.7131707544e-01 5.2737131769e-02
1.8035316131e-01 1.0782856388e-01 3.8217699249e-03 2.2594654080e-03 1.1230185851e-01 -9.3089430670e-02 -8.1925336624e-03 3.5211612410e-02 -1.5823244772e-04 -1.2770082485e-01 -7.6441823388e-02 -1.1711183355e-03 -1.2258716066e-01 4.4398327192e-03 -1.1837330054e-02 -1.5175509980e-01 3.0396249220e-03 6.2955178509e-02 2.9209490091e-03 -1.6089910526e-01 -7.8868577481e-02 -1.2161330008e-01 -3.8865005232e-02 -1.5085089408e-01 1.2400482099e-01 1.6724932347e-01 -6.2020731571e-02 8.7951706832e-02 -1.4730101713e-01 -1.2210540931e-01 5.5720649271e-03 -1.9332074732e-02 -6.7626865591e-02 5.5690559671e-02 -1.6858148864e-02 1.6452665217e-01 -4.0603037806e-03 6.0295714556e-02 3.7667115015e-02 -1.6724037940e-01 1.7648854520e-01 -1.3750695877e-01 -3.1161128670e-02 -1.3654270906e-01 -1.5239166783e-01 -4.5876302288e-02 -2.0627273863e-02 4.8731962300e-02 -2.4056627531e-01 -2.0630066379e-01 6.1846191656e-02 -5.1953320982e-02 2.1570695650e-01 -1.4995860628e-01 -2.4328985510e-01 3.5064630507e-02 -4.7649290396e-02
1.8124895197e-03 1.7547576865e-01 4.5906296548e-03 7.1743457984e-04 -1.2901182860e-01 1.3851134996e-01 9.7946148928e-02 -1.6570546326e-01 3.2192346278e-03 5.3442876196e-02 2.0357506240e-02 1.0728580923e-01 3.8531713863e-01 -2.5504699976e-03 -2.3082690002e-01 1.1304459076e-01 6.6979697367e-04 -2.2478642665e-02 -8.7872934202e-02 2.4130521080e-01 2.0554696949e-02 1.4307007505e-01 1.6398622916e-02 1.5523186223e-01 -6.2905978431e-02 1.9901423760e-02 2.9004054423e-01 -4.7172215406e-02 9.6140991909e-02 1.1381955913e-01 1.3973752700e-01 -3.7036300345e-01 -1.2954482542e-01 -5.7425352228e-03 1.1976177812e-01 8.1170124730e-02 -6.4104369876e-03 5.3379645345e-02 8.7491081151e-02 9.5155895585e-02 2.1759551599e-01 -3.4386930104e-01 1.5248109477e-01 -1.7401287945e-01 -1.8071779049e-01 4.3949533754e-02 8.3158193106e-02 8.6243198826e-02 -9.4262306325e-02 2.7125872461e-02 4.2739968127e-02 -1.1931102059e-01 -1.6293346424e-02 1.2489920487e-01 2.4135232318e-01 2.7897455936e-03 2.1117722205e-01
-2.0345341552e-01 -1.4004589253e-01 4.0349211777e-03 3.4124841884e-03 -1.0990344006e-01 -4.5607530139e-02 -1.7236236436e-01 -1.3637495803e-01 1.1085961492e-03 1.3832569615e-01 -1.0261418602e-01 -2.0032155617e-01 -3.5053228480e-01 -6.6961716449e-03 -4.2086270930e-01 -1.9824852618e-01 -2.4474555659e-03 8.6417188832e-02 -2.8131408332e-01 -1.2751733046e-01 -2.0459708478e-01 2.3706815956e-01 -5.1055680034e-02 -2.7428915635e-01 -6.0779500360e-02 -1.0600090213e-01 -3.1139010453e-02 1.0091307785e-01 -2.1148804822e-03 -1.7005042743e-01 3.1683475696e-01 6.9352085418e-02 -8.0209547333e-02 -4.3213842229e-02 -3.4209676755e-02 6.6682238642e-02 -1.0904757500e-03 -9.4005197530e-02 -1.2497287853e-01 -1.3450528357e-02 -2.0350614220e-01 5.1506987497e-02 4.7299508534e-02 -1.6067151023e-01 5.2893312964e-02 -8.2660765964e-03 1.1933198681e-01 -7.0879582989e-02 -8.6277541334e-02 5.6235804232e-02 -3.0871330114e-01 -1.4736273283e-02 8.4683864289e-02 -7.0882670828e-02 -1.1448765308e-01 -9.7127531327e-02 5.3243857589e-02
2.8792256099e-02 -4.1068781288e-02 -5.4632341553e-03 2.9074231310e-03 -1.3108052593e-03 1.4739545964e-01 1.3618962592e-01 -1.9382804741e-01 -1.8156465455e-03 -2.3830572005e-02 -2.3683475651e-01 -7.3308441454e-02 4.3540028928e-03 -1.0446327368e-03 -2.1873907710e-02 -5.1412136124e-03 -1.4991466887e-03 -5.1388305652e-02 -1.3478289594e-01 -1.8787324242e-02 -9.4130239291e-03 -2.0592748773e-01 1.0556200380e-02 -3.6885493899e-02 4.2233209353e-02 -3.4749391727e-02 -1.4826551349e-01 -5.0626986554e-02 3.3827676682e-02 5.4866986148e-02 7.1403251067e-02 -3.8887345849e-01 -1.5741480357e-01 -1.4097842995e-01 -1.8255138520e-02 -8.1347486011e-02 -5.0432987703e-04 -3.8814820670e-02 -8.2564982749e-02 -3.2457415720e-03 -7.5691348171e-02 5.4388793624e-02 1.4143604375e-01 -6.2633289771e-02 1.1205280252e-01 -6.4298012884e-02 2.9433169803e-02 -3.5618030906e-02 -7.9944894972e-02 -1.2264955298e-01 -2.0156558031e-01 -2.4779169432e-01 -1.2231101470e-01 4.2829875018e-03 -1.5865226075e-01 -1.5909232615e-01 -7.3586634634e-02
-1.7720796002e-01 -9.7372630462e-02 -1.1122646151e-03 4.6767719576e-03 -4.8629759145e-02 2.5167243664e-01 2.2624653677e-01 1.6492945188e-01 5.0842803222e-03 -1.2731498683e-01 2.4091534157e-01 8.2420190110e-02 -2.0538916547e-01 1.0599558826e-03 -2.7960977030e-01 -2.9653782525e-02 1.9909286377e-04 -1.8982218439e-01 1.2713839995e-01 -2.4743488557e-01 9.9170470036e-03 -1.5136538383e-01 -2.3870697058e-01 2.3530117155e-01 -2.4710689062e-01 -1.9840902714e-01 3.3362168046e-01 -1.3073229842e-01 1.9152449434e-01 1.9489010935e-01 2.5637601101e-02 3.2033393038e-02 -1.3779180044e-01 2.2062037810e-01 2.3379309022e-01 -1.9657331413e-01 2.0024843653e-03 -2.2253651082e-01 -5.9867671088e-02 7.1638158032e-02 2.4870071160e-01 -1.3442172051e-02 -6.0830336622e-02 2.9064250962e-01 -4.3620059990e-02 3.6160989707e-01 2.7128969032e-01 -3.6775976912e-01 3.4005633616e-01 -1.2363080900e-02 1.4804072358e-01 2.8447292804e-01 -2.0615722385e-01 1.2760559602e-01 3.3134219041e-02 2.3516318678e-01 3.1269757674e-01
-1.3713781546e-01 1.9498796645e-01 -6.1965543331e-04 3.0495389486e-03 9.8083365486e-02 -1.5045438980e-01 -4.2302677017e-02 4.9994086412e-02 7.2130373325e-03 -2.4096965620e-01 -9.7658210994e-02 2.7728675634e-01 7.1002004511e-02 2.2167093285e-03 -2.6086555928e-01 -3.1033225701e-01 3.0448860060e-03 1.4012289533e-01 1.9032200535e-01 3.6145263606e-01 -1.3417723180e-03 -1.7036590285e-01 2.9874687855e-01 4.8343003039e-02 1.1892654390e-01 5.7155490326e-02 -2.1329235976e-01 -2.1774254506e-01 -8.0838523741e-02 1.1486568008e-01 3.1876648705e-01 1.2715053143e-01 1.5397732282e-01 1.3648010253e-01 1.1692396223e-01 -6.7495691834e-02 -2.6792713805e-03 -6.3903662239e-02 -1.0206379541e-01 -4.4597648203e-02 -7.8704981970e-02 2.6444611089e-01 -5.0469982655e-01 -2.0055491565e-03 2.6194755853e-01 -7.6230962720e-02 3.3636911376e-02 -3.6503563630e-02 -2.3211564019e-01 1.4674300749e-01 -1.9690876946e-04 3.3897921359e-02 3.8994681502e-02 -1.3437969060e-03 -2.4225535226e-01 1.1432937009e-01 2.9974070206e-01
3.4562066631e-01 -9.2748755330e-02 -1.6261436508e-03 1.2877040327e-03 1.3914229036e-01 -8.6734148212e-02 4.7541155462e-02 -4.5310613812e-01 -2.2149180091e-03 3.2866721153e-03 -3.2732586253e-01 2.9031066825e-01 2.5305755475e-01 1.4639223351e-04 6.0904361889e-02 -1.8052851904e-01 -5.0922023153e-03 1.7679847954e-02 1.2422114654e-01 -3.4551655021e-02 1.5471731738e-01 -2.2296933668e-01 -9.0511505954e-02 -2.1236790195e-01 -3.0761897322e-01 -2.1406154294e-01 -1.3962846959e-01 1.2721710846e-01 8.5814334750e-02 -2.7217639677e-01 -2.7036570790e-01 -1.3172122894e-02 1.0464855741e-01 -1.8255406122e-01 -7.0260005598e-02 -3.0707385109e-02 -3.4905143783e-03 1.9015460530e-01 -1.2944448200e-01 -9.2195728792e-02 -5.1832126704e-02 2.5393667307e-01 1.9029064433e-01 -3.2601694697e-01 -2.1018271490e-01 1.6140576390e-01 3.1312913609e-01 1.4446122070e-02 1.4129138640e-01 1.9428099463e-01 8.6104555718e-02 -3.5395420358e-02 -1.4399890535e-01 2.5544342990e-01 3.9459898316e-01 1.9832377592e-01 1.5646962670e-01
-1.8780616645e-01 -9.8678005277e-02 5.1484801013e-03 3.4888611881e-03 -2.1308270163e-01 -2.1155522778e-02 -3.9562296808e-02 -1.9509022870e-01 -2.5593580365e-03 3.0062982046e-02 3.0692779151e-02 7.3850726090e-02 -4.5744500326e-02 2.6162292638e-03 2.6828705085e-01 -1.9378315864e-01 -2.8994003296e-03 -1.1071958551e-01 -6.9613289159e-02 -2.0748098117e-01 -5.4980964443e-02 1.3649245217e-02 5.4539936407e-02 -2.4783465121e-01 1.8875001835e-01 -3.5893649928e-01 1.1552971843e-01 -1.3171549679e-01 -1.8514552398e-01 -8.7038651623e-02 -4.7538521598e-02 -2.2831159983e-03 -1.2992931091e-01 -6.6184271506e-03 6.8679075903e-02 -5.1002013013e-03 -1.0360509844e-03 -3.8248019371e-01 1.2396213616e-01 -1.6874051131e-01 -2.0327166919e-02 1.0726560611e-01 -2.9664173517e-01 6.7051711469e-02 5.0210697899e-02 4.5551365794e-02 -9.4811374015e-02 2.7203720189e-02 4.5114122535e-02 1.9421202602e-02 4.3706105904e-02 -1.2123167311e-01 -2.8151724138e-01 -8.6505927639e-02 -1.1080421685e-01 -3.4583558321e-02 -1.1391702957e-01
-9.1535107694e-02 -8.7786201318e-02 -3.0756617631e-03 -1.3090843411e-03 -2.9770355666e-01 -1.6610742525e-01 -6.9641453769e-02 2.6675588523e-02 6.2671470577e-04 -2.9762344738e-02 -4.3842557671e-02 -2.3627820876e-01 -1.2558860149e-01 2.8718235135e-03 4.0015691227e-01 -9.2096106873e-02 3.0808342228e-03 -3.4688823372e-02 1.4384225423e-01 4.2116483881e-02 -2.9487321490e-01 -3.8928210574e-02 5.0637219466e-02 -2.0585077731e-01 7.1196748053e-02 -1.6049935561e-01 -1.0162581734e-01 -1.1062850089e-01 2.3411567953e-01 -3.8102058993e-01 1.2822919327e-01 -1.0592494262e-01 -1.0061823720e-01 1.0283773008e-01 -9.0019361189e-02 -1.1379378964e-01 1.3960870885e-03 -2.9098633446e-02 -1.5611936684e-01 3.9623126929e-02 -1.3544882980e-01 5.8144065679e-02 -3.5171421195e-02 -1.5396583317e-01 -1.6400769172e-01 -5.2323371220e-02 3.1568616986e-01 -2.2958644618e-01 -5.0006618247e-02 -5.0272338568e-02 3.1894882378e-01 1.1468757053e-01 -1.6986545066e-01 2.0539941247e-01 -2.2356752593e-02 3.9009382084e-03 -2.7260301148e-01
-1.4537566129e-01 -1.5626203878e-01 -1.2328837003e-03 -3.7668569356e-03 -1.3440664242e-01 -1.0599879753e-01 -1.5499753237e-01 -1.3051571488e-01 -5.0020524044e-03 -8.3833157054e-02 -8.3786754311e-02 -1.0013014601e-01 -3.2672336603e-02 2.3142315028e-03 -3.5349230667e-02 -1.2601926626e-01 1.4128449656e-03 -7.4064366972e-02 -6.9951885287e-02 -2.0254251547e-01 -4.9597283629e-02 -1.7306311201e-01 -1.0901534961e-01 -2.2829131059e-02 8.7650734767e-03 6.5933850817e-03 -1.2938303534e-01 -7.4176803940e-02 3.1332844569e-02 -1.0238099724e-01 -3.7684403205e-02 -1.2469704167e-01 -1.4671123917e-01 -1.0597739330e-01 -1.1194497696e-01 -1.0692970456e-01 2.6820979274e-03 -1.1566406969e-01 -2.1171545681e-01 -9.1710323725e-02 -1.2277627809e-02 -1.7477695730e-01 -4.0599576554e-02 -1.0306626014e-01 -2.0994761174e-02 -6.4002486877e-02 -1.3274386002e-01 -1.1294803685e-01 -1.5593846052e-01 -1.2423132330e-01 2.0090811113e-02 -6.4541098150e-02 -1.3356066541e-01 -1.1458877725e-01 -6.1498175980e-02 -9.1570762453e-02 -3.1760621106e-02
-7.8105069964e-02 -3.2051645820e-03 -2.2349871046e-03 -1.9084831594e-03 -5.8401842916e-02 -9.2065554321e-02 -1.3883390556e-01 3.2063746165e-03 5.9265615120e-04 -1.0895292851e-01 -1.0067785225e-01 -1.6638180562e-01 -2.2447481732e-01 -1.6373237453e-05 -1.9782924293e-02 -1.1246985137e-02 5.3925348111e-03 3.1966287839e-02 -6.5495569769e-02 -1.2491526634e-01 -4.4886418258e-02 -2.0786112089e-03 -2.1357263533e-01 -8.3523459634e-03 -9.1605799910e-02 -7.0733900201e-02 -1.3165100792e-01 -1.3017930732e-02 -5.1425657120e-02 -4.6160718292e-02 -1.1646469290e-01 -4.8659104003e-02 -3.9440224127e-02 -1.3214599722e-01 -1.9003854093e-01 -1.1174774681e-01 5.1197704065e-04 -1.1605261434e-01 -9.1181765157e-02 -6.5177725188e-03 -5.0963678968e-02 -1.0509620349e-01 -1.0495199945e-01 -8.4623104113e-02 -4.1781189425e-02 2.1557660376e-01 -1.4549430292e-01 -7.5157222931e-02 -2.2421721015e-01 -1.1889375288e-01 6.0252664404e-03 -1.2353419733e-01 -7.5012981742e-02 5.0549475654e-02 -8.0933130320e-02 -2.6920356904e-02 -7.9740489176e-02
7.5989245307e-03 -5.7162125168e-02 7.6702945972e-04 2.2097362342e-03 -1.8771430271e-02 -1.0911526853e-01 -1.7787852220e-01 -7.0822010896e-02 -1.8352083704e-03 -4.0584097883e-01 -1.5921624082e-01 3.0501999678e-01 -2.1938354100e-02 -1.9609624846e-04 1.2501109383e-01 2.0876811775e-01 -1.5186386507e-04 -2.4625728953e-01 -8.1007976015e-02 -1.0861903148e-01 -1.7367860910e-01 1.4632507765e-02 -4.8650731979e-02 1.6746200548e-01 9.1675496088e-02 7.8414055855e-02 -2.9099279569e-01 1.0607360779e-01 1.8416808261e-01 8.6430794526e-02 -9.7913044669e-03 1.1250091024e-02 1.4604692503e-01 1.3305395166e-01 -1.0599482426e-01 -2.4739061495e-01 -4.1702905184e-04 -1.8131488972e-02 -3.5770311161e-01 -9.1879324006e-02 2.4551433321e-01 2.2226875508e-01 9.5139714691e-02 -7.5561056441e-02 2.6949358971e-01 -4.8647724437e-01 5.0620858603e-02 -4.2930358978e-02 2.7731700969e-01 -1.2699292515e-01 -1.8262638224e-01 6.2503154329e-02 1.1108859579e-01 -3.2763230819e-01 2.1887703411e-01 4.2820592841e-02 2.2554363743e-01
-8.8772647039e-02 -1.3505132137e-01 3.8499552702e-03 2.9438041713e-03 -5.5831953453e-02 -1.3375318086e-02 -5.5010596380e-02 -1.4477774594e-01 -1.5996244743e-04 4.0759490232e-02 7.3255409156e-02 2.6060679034e-02 -8.4696667476e-02 1.2826924715e-03 -1.6425784497e-01 -6.4133966327e-02 3.3332373625e-03 -8.1652345920e-02 -2.0383106127e-02 -2.3314092903e-01 1.7402455723e-01 -4.7462883199e-04 -1.7237297525e-01 1.2014218226e-01 7.1149521913e-02 -3.5669505702e-02 -1.8057886921e-01 -9.9066153828e-02 -1.7722869996e-01 -2.0388374340e-01 -1.0122569056e-01 -1.7417818909e-01 -9.7460950341e-02 -2.5306091667e-01 1.6621425677e-01 -1.2110855563e-01 5.6805008044e-03 1.4873421284e-01 -1.0461574148e-01 -2.5448865949e-02 -1.1979980307e-01 1.4460709268e-02 -2.6511597689e-02 -8.9071274668e-02 -1.4224650438e-03 6.3869292690e-02 -7.0240176284e-02 -7.7496325347e-02 -5.3406426732e-02 -1.9409481430e-01 -2.7615791073e-02 -5.7849514618e-02 -1.0752263488e-01 6.7296079913e-02 -1.9276981803e-01 -7.6262350689e-02 -2.3774606832e-01
4.4368918068e-02 1.4483609380e-01 1.5045417714e-03 4.0988088167e-03 6.4674881154e-02 -5.5611707690e-02 -6.0367856108e-02 1.8857329030e-02 2.6559678332e-03 8.5044442550e-03 1.2587027078e-01 1.9108261392e-01 -1.2398941103e-01 2.1681128410e-03 2.2976528317e-01 2.1371257437e-01 -1.6115298890e-03 -5.6969946324e-02 7.4019486749e-02 -4.7927052116e-02 2.1127782258e-01 1.7151025982e-01 7.2350357412e-03 -1.4613632971e-02 9.2851426007e-02 -1.2002236594e-01 -6.2242170978e-04 -6.4388587452e-02 -3.1185020606e-02 5.3762601988e-02 -9.4898835470e-03 -1.0584024074e-01 2.0739531195e-01 -1.2914373900e-01 2.3184406660e-02 1.1212240855e-01 2.7969321626e-03 3.5181046573e-03 1.8525787526e-01 1.2152281852e-01 -1.7604432206e-01 7.1013681507e-02 3.9846587712e-01 2.3697696091e-02 -2.2922006382e-02 1.2492117432e-01 7.5219592826e-02 -2.0543116755e-01 1.0983818421e-01 1.2565384545e-01 2.1551588067e-01 1.3645723054e-01 6.3223664944e-02 4.6537903968e-02 1.7560126204e-02 -3.4099362907e-02 3.4119209723e-01
-1.1851793711e-01 -3.1932829739e-02 -1.3984476950e-03 -2.8116678665e-03 1.6825726685e-02 -2.5169937434e-02 -6.7063737909e-02 1.2098909762e-01 3.0047328391e-04 -1.3743587729e-01 -1.1748729753e-01 -1.1615065853e-01 -1.6188736678e-01 1.4500670283e-03 -1.2987272416e-01 -3.6598807642e-02 2.1296705723e-03 3.2901042761e-03 -1.9076222083e-02 -9.1885176095e-04 -1.0432254162e-01 -1.2244238686e-01 1.2499115691e-01 4.0050117873e-02 -9.7797204259e-02 -2.4173546190e-01 -2.2777141551e-02 -8.7157255664e-02 -2.2857691092e-01 -1.3969340401e-01 -9.2165873733e-02 -1.5644176617e-01 1.6037232327e-01 2.5751866229e-02 -1.0274826120e-01 4.2795858091e-03 1.4091744042e-03 -1.4490407009e-01 -3.2174942102e-04 -2.2178418107e-01 -2.9600259823e-01 -1.0768082412e-01 -5.3518626147e-02 -8.9996382923e-02 -1.7071222993e-01 -5.7934091360e-02 -1.1577283319e-01 1.5154138272e-01 -6.8598621448e-02 -2.0929555951e-01 2.9868291636e-02 9.6660906795e-02 -9.0463998600e-02 -4.7321996527e-02 1.4356780339e-02 -1.3443171113e-01 -4.1582508885e-02
-1.7103085236e-01 -1.2612337860e-01 5.4012776560e-03 -1.9670115162e-03 3.8705901757e-02 -2.3317254718e-01 -1.8057640133e-01 -3.8911557858e-02 -6.6840499680e-04 -1.2391984305e-01 -1.5906363483e-02 -4.9301893229e-02 1.0341656187e-01 1.7474931422e-03 -1.0758321753e-01 -3.4595581308e-02 -2.8745094993e-03 -6.3876008526e-02 -3.4694690800e-02 -2.0137683028e-01 -7.6724718344e-02 4.0791063777e-02 -7.1424515904e-02 -3.4410652471e-02 -1.7825951750e-01 -6.6656244664e-02 -3.8952826227e-02 -2.0650639348e-04 1.4680587865e-01 -5.0684876102e-02 -6.1201213206e-02 -7.9841629401e-02 1.3942296327e-01 -2.1166745121e-01 1.1203614684e-01 -6.5697056744e-02 5.4624407769e-04 6.4330401279e-02 1.2339268705e-02 8.3001606342e-02 2.0212337474e-03 -1.1121729270e-01 -2.2348342752e-01 -5.3283015662e-02 -2.4566911483e-01 -8.2967746789e-02 -2.6393193027e-01 -8.7067045460e-02 -1.7378498404e-01 -1.1631911803e-01 -1.8107044187e-02 -4.8910805450e-02 -1.0683893065e-01 1.1302358114e-02 -1.5784315986e-01 4.7422808582e-02 -1.1008479245e-01
3.5502148012e-01 -2.9183828308e-01 -2.0393239953e-03 4.4832575787e-03 3.2026715214e-01 4.5718968052e-01 -2.4898675206e-01 2.3150885921e-01 -2.2716310015e-03 -1.5652174443e-01 -4.2157399306e-01 1.1643851730e-01 8.0915409004e-02 7.1019333910e-03 5.1867037599e-02 -1.2845497020e-01 5.3259917732e-03 -1.1485637826e-01 -5.0488046309e-02 -7.6474474472e-02 1.6953021146e-01 2.7874908611e-01 -1.1777744224e-01 1.2946254550e-01 3.6475328908e-01 -2.3685745300e-01 1.5073233052e-01 2.6226395101e-02 3.3794140277e-01 -2.9239023521e-01 -1.5551166354e-01 2.7751193727e-01 -1.6769721146e-01 8.7339043758e-03 -2.2976767424e-01 2.8666875442e-01 1.4625224654e-04 -2.5077280601e-02 -6.0645312455e-02 -1.7171808664e-01 1.3759929141e-01 5.9603427177e-02 1.5894161149e-01 -7.8054585149e-02 -3.9113349599e-02 -2.6442197833e-02 -2.9070510437e-01 8.9824538979e-02 -7.8036183729e-03 1.5936331631e-01 6.1926605435e-02 9.4537421808e-02 3.0377889968e-01 2.4321336159e-01 2.2803874865e-01 1.8824308277e-01 -2.5122350526e-02
-8.7143766350e-02 -6.2566447537e-02 5.4140621674e-03 -1.5655119515e-03 1.2589807424e-01 -2.3826965701e-02 -8.1435053861e-02 1.3360588030e-01 8.7583012074e-03 -7.0654746873e-02 1.4371808629e-01 1.1580505551e-01 -6.3258927302e-02 1.3975956766e-03 7.2136848867e-02 9.7133400168e-02 7.3810254717e-04 7.0583711421e-02 -2.0232702715e-02 2.1866160565e-01 7.3186939375e-02 2.2729689658e-01 -1.1273615193e-01 1.2755065528e-01 1.8293032306e-01 8.8376901359e-03 -1.8823137489e-01 2.3937799326e-01 -3.4005028300e-03 1.3855892639e-01 7.3984455986e-02 9.9990106851e-02 2.6717997539e-01 2.2760001053e-01 3.4929481530e-01 -6.7795217918e-02 3.2847523258e-03 3.5102233265e-02 7.8257138408e-02 -1.1530450701e-01 1.5743746218e-01 1.0780207977e-01 1.5990685077e-01 1.6086282665e-01 2.2155974990e-01 -1.2465120941e-01 1.6638625045e-01 1.9813595499e-01 1.8462265215e-01 -1.1375309436e-01 5.6668961393e-02 1.3792482989e-01 7.2869543111e-02 1.3350203853e-01 -7.5506580096e-02 -1.2099973697e-02 5.0268562198e-02
-4.5498439924e-01 -1.3877658712e-02 7.3625774116e-04 -2.2771233830e-03 -1.1672696949e-01 1.4857250773e-01 -3.5395224003e-01 -9.8279510980e-02 -1.0017420066e-03 6.1137382271e-02 -4.0701990789e-02 2.0378767390e-01 1.0987253008e-01 3.9005785257e-04 9.0079387264e-03 -1.9991661415e-01 3.9992265720e-03 6.7064841256e-02 3.7904494771e-02 9.7831141123e-02 -1.4159982952e-01 9.7253630136e-02 3.0417380867e-01 1.9409195452e-01 -1.1421160915e-01 -4.2858742092e-02 -1.3308805178e-01 1.3712161719e-01 -7.5004660428e-02 -4.2291821042e-01 5.0386487979e-01 1.9685338100e-02 1.9839958238e-01 -1.9384671880e-01 -2.0140677829e-01 1.1784322183e-01 -5.9161723607e-04 -5.1072649246e-02 -2.7544524419e-01 -1.2387723041e-01 1.4336695559e-01 -1.8539367397e-01 1.6276318347e-01 3.9460569363e-01 -1.7859765811e-01 2.6022801055e-01 -1.1185633418e-01 -1.8417932598e-03 1.8574853043e-01 -5.7284396816e-02 3.0405179932e-01 -6.8610617708e-02 -1.0209083420e-01 -4.7810096628e-01 -1.7553105102e-01 -1.4018628469e-01 -1.5854098500e-01
9.1574505290e-03 -6.7312388457e-02 9.9486295031e-04 -2.0147997546e-03 1.9920419085e-01 -8.9380644950e-02 2.7371123518e-01 -2.7885975537e-02 3.0171625003e-03 1.3444278749e-01 2.5566913557e-01 3.9153143020e-02 3.9385454713e-02 5.0098094203e-03 1.5682025759e-01 1.8379266331e-01 -3.0589205247e-03 -4.0826912979e-02 -2.7468222822e-03 1.8692208096e-01 1.9981219136e-01 -8.6737049036e-02 -7.8005587504e-02 -3.4901131481e-02 5.0610813824e-02 -4.5704490977e-03 8.0102111645e-02 3.1969971486e-02 1.1904071841e-01 -7.3727495346e-02 3.0264325304e-01 8.7101043538e-02 7.8735653857e-02 1.5708200602e-01 -3.2901207383e-02 -2.9647469971e-02 2.9158114039e-03 1.6398151383e-01 1.9315681468e-01 -5.1079027279e-02 7.8279541049e-02 -2.2934513211e-02 -1.2576317758e-02 -2.0940686913e-02 -7.1858830965e-02 3.0390036649e-02 -1.0989422708e-01 6.9159163282e-02 1.3841240338e-01 1.6735299987e-02 1.7508517022e-02 7.3493148998e-02 5.2923573668e-02 4.9954307268e-02 -5.1089530534e-03 -2.5236507526e-01 5.5224257752e-03
-2.2047746581e-01 7.4411554562e-02 1.8212054245e-03 1.2643716382e-03 4.4115106669e-02 6.5998443546e-02 2.3869250904e-01 -3.1971910286e-01 -8.8265381784e-04 5.9801745113e-02 1.2349778557e-01 -1.7923719285e-02 -1.3639709420e-01 -5.0633386983e-04 2.6053632151e-01 -4.5033116687e-02 5.0149745351e-03 3.6661623223e-01 1.6493625558e-01 9.0404307843e-02 2.6762045698e-01 -1.3052929870e-01 1.0269802081e-01 -2.6338159612e-02 7.0779701017e-02 -3.1000051531e-02 -1.4196116522e-01 1.2038608284e-01 -1.8834963965e-02 1.2803814049e-01 1.9018540199e-01 3.2758845940e-02 1.5914304232e-01 -1.0384341565e-01 1.9203122173e-01 5.8286860842e-02 -1.9081386177e-03 5.5019057718e-02 8.4544658778e-02 1.7338269517e-01 -4.6051227866e-02 -1.2845096996e-01 1.1395469831e-01 3.8350207906e-03 -2.5045696447e-01 1.2890730441e-01 3.4435941756e-02 1.7587160132e-02 1.1123168150e-01 1.4971324846e-01 -2.7344335899e-01 -4.7585485879e-02 3.5305425124e-01 -2.1438800690e-01 2.5441362213e-01 3.7140918523e-01 1.7130581493e-02
1.8177420890e-01 -4.7309359864e-02 1.7630811805e-03 3.5068001681e-03 5.0694153825e-01 -9.4944936583e-02 4.0165536586e-01 2.4406533308e-01 1.3384255949e-03 -4.5867795276e-02 1.8036947786e-01 1.0721790995e-01 -6.9007229740e-02 4.3354197286e-03 2.2814861672e-01 -5.8983193417e-02 -1.7413961306e-03 1.8591700117e-01 -1.3911885680e-01 4.0853455415e-01 2.6520365255e-01 -2.1699981314e-01 -1.8374379050e-01 1.3880923042e-01 -5.9687485514e-02 -5.7356273783e-02 3.2618385970e-02 2.0084804946e-01 -1.4023956357e-01 -9.4913214471e-03 -1.1605475155e-01 1.5583152473e-01 -4.7820374831e-02 -6.4597584662e-02 -3.0181214855e-02 2.9695328629e-01 8.1610164645e-04 -7.7299712640e-03 1.9822798505e-01 1.8083226765e-01 1.4438315801e-01 -1.5866086798e-01 -1.0765423506e-01 -1.5549114840e-02 6.8456671278e-01 2.6427071671e-01 -1.4175491610e-01 -5.0281241686e-02 2.7968095049e-01 2.3366034350e-01 1.0752468736e-01 -2.0786645098e-01 -1.7788464074e-01 5.4432636928e-01 1.0017501303e-01 -6.5987609720e-02 -2.2053576619e-01
-6.2999416489e-02 -6.8094669136e-02 4.0931994079e-04 -4.9942910612e-03 9.5678993460e-02 -1.3628402688e-02 -1.3355956613e-01 -1.8327890450e-01 -2.0885678008e-03 -2.8780127500e-01 -2.7674264207e-01 -6.4083126435e-02 -3.6635002688e-01 1.9688819611e-03 4.4936104961e-02 1.2161602948e-01 -1.9135010555e-03 -4.8539020924e-02 1.1859113363e-01 1.2998737530e-01 -1.1066526023e-01 -2.4007848962e-01 -3.1170145514e-02 -8.4428252614e-02 7.1486735750e-02 -1.3553382846e-01 -1.3511222703e-01 8.4395854292e-02 -2.6821818733e-01 1.2306532048e-02 -6.6707437952e-02 2.0183362010e-02 3.6235836081e-02 -2.1921198440e-01 7.4534316054e-02 2.6500998429e-02 -8.0040572506e-04 -1.3487807517e-01 2.8633764292e-02 -9.1114652179e-02 -1.9581922059e-02 -1.3151911339e-01 4.3473316220e-03 -1.3287516053e-02 -5.8342180791e-03 -1.2877444770e-01 -1.0584323730e-01 -1.9374166591e-01 5.0407577824e-02 1.1541665972e-01 2.0894899444e-01 2.1554079972e-01 6.8859138252e-02 -1.4051499470e-01 4.0261461996e-02 -1.1799498153e-01 9.4736709564e-02
1.3299560269e-01 1.0498649098e-01 -7.4167926762e-04 2.5836084890e-03 3.4582561199e-01 -1.5202561007e-01 -1.0651295579e-01 -7.7617070340e-02 -6.7360432996e-04 2.2294288578e-01 1.5255183475e-01 -4.5697377844e-02 -2.8747666082e-01 1.0138167689e-03 -6.8164844592e-02 -2.5789686443e-01 -2.9540230206e-03 -3.2844213615e-01 2.2257578540e-01 -4.0061461897e-02 4.0819750271e-02 1.5428002940e-02 1.1242247738e-02 1.4994327703e-01 8.6408962244e-02 -4.7105265239e-02 -2.0821053079e-01 -1.1198985552e-01 -5.5868728132e-02 3.7077028472e-01 6.7183896773e-02 6.7364253119e-02 1.0715325074e-01 2.4949101489e-01 -1.5182830939e-01 -4.9224852165e-02 -5.9161164590e-04 2.3564347077e-02 3.2738001243e-01 -2.1668313783e-01 -6.9448508089e-03 -1.3165590356e-01 2.7009298495e-01 -1.3509447423e-01 2.1300026833e-01 -1.7506386894e-01 -6.6438418445e-02 1.5936174578e-01 -1.4847248887e-01 3.3943574194e-02 1.1920708584e-01 1.2019182862e-01 -3.5996842123e-02 3.7455168534e-02 1.7090185399e-01 1.6685458692e-01 2.8732500115e-01
2.3240200947e-01 1.8203985890e-01 1.3948268481e-04 4.5660847348e-04 -1.3343458226e-01 -1.3308787321e-01 -4.1712299655e-02 1.4320169069e-01 1.2493680203e-03 -2.1953052201e-01 1.5313985442e-01 -3.4825280033e-02 -7.4576690008e-02 -1.7906776577e-03 -1.0014026621e-01 4.1304759317e-03 2.5034684121e-03 6.3508509088e-02 2.5678386526e-01 -1.1551417701e-01 -3.9698592372e-01 -1.6291548863e-01 1.4785419531e-02 -1.4689975805e-01 1.9434267483e-01 5.2230554554e-02 -4.3445638897e-01 -1.0610797001e-01 -3.6843554295e-02 -2.2481066646e-01 2.3219356320e-01 -3.0257753420e-01 2.3458734278e-01 -2.6520562454e-01 -2.0410228419e-01 9.2073279999e-02 -1.3222732078e-03 -6.5921632728e-02 -3.1917632709e-02 -2.0759157221e-01 1.3759397439e-01 -1.1411182059e-01 -7.0509211976e-02 9.3518107009e-02 -3.2183875625e-02 -2.1898384886e-01 -2.9896094460e-01 -2.2980080192e-01 -7.2988041486e-04 1.5499966961e-01 -9.2267024807e-02 -5.3744590060e-02 -1.3310433703e-01 5.0299462632e-02 -9.7623434844e-02 -1.7190482850e-01 2.8129085821e-02
-2.1653459633e-01 1.2851001442e-01 3.1980180712e-03 2.7752389364e-03 -1.6014383010e-02 -9.8946850076e-02 2.3420445050e-01 -1.1561633959e-02 1.5945560044e-03 1.5980895573e-01 1.0963935651e-01 5.1006751475e-02 3.8251242034e-01 -2.0875457964e-03 2.3526049881e-01 1.6494684064e-02 -1.2840456997e-03 2.1813040735e-01 -1.8122573123e-02 -2.9077118484e-01 3.5502706746e-01 -3.6371413961e-03 -1.7373160960e-01 -2.4254272487e-01 -2.3611249248e-01 2.6353793275e-02 -2.2151054476e-01 -7.6986885734e-02 3.2471607470e-01 2.3546263319e-02 2.0923464118e-01 -8.6702787956e-02 1.0994956281e-01 -2.2192968462e-02 1.1094597090e-01 2.3151188874e-01 2.2983200164e-03 5.9724722852e-02 -2.6981228007e-01 -1.8855975007e-01 1.1580842388e-01 -2.1242255211e-01 -8.8801086103e-02 2.5306570252e-01 2.5009382578e-01 1.0971083154e-01 9.9096672579e-02 -1.7933407564e-01 -2.1235410395e-01 -1.9262353610e-01 8.0198000065e-02 1.4638748494e-01 1.6363726447e-03 7.6451666711e-03 9.8687620386e-02 -2.3015505548e-01 1.8355277881e-01
1.6769458209e-01 -7.2737564816e-02 1.9054092134e-03 9.5893490238e-04 7.6382572637e-02 8.8848865162e-02 2.7420538905e-02 -7.1052144874e-02 -6.6508412451e-04 9.8655775423e-02 2.8543210197e-01 2.0033118620e-01 -1.0664745711e-01 1.0169867839e-03 1.6574561479e-02 -3.2510930223e-01 1.5562686450e-03 -1.4931418600e-01 1.3715123174e-01 1.0174575662e-01 5.1242259474e-01 3.0724974814e-01 -2.1902923438e-02 5.3320344893e-01 1.9563898524e-01 5.2474095251e-01 -9.8632498110e-02 5.9221213220e-03 -3.2806316990e-01 -3.2421838140e-01 1.4086337142e-01 1.3448175278e-03 9.8488689028e-02 -1.2519290139e-01 2.6455783946e-01 -4.9800304421e-01 -3.8374258853e-03 3.1707067655e-02 -5.2423889344e-02 -3.6006461855e-01 -2.8115397111e-01 -4.5261117926e-01 2.3112439121e-02 -3.6364033998e-01 -7.6764818585e-02 -1.2658228917e-02 2.2730676934e-01 -3.6882090499e-03 -2.8158232434e-01 9.3446059871e-02 1.3886565705e-02 4.9480456475e-03 -1.7593402808e-01 -2.2173890708e-02 -1.6972984103e-02 2.5058088556e-01 5.9236209720e-02
-1.0084908406e-01 -1.8124331919e-01 -1.7266925595e-03 2.6527013621e-03 -6.8606293677e-02 1.2813812511e-02 -3.7076293023e-01 9.3436582644e-02 -2.9179902545e-03 8.2733061010e-02 2.5865362632e-01 -1.8504721097e-01 -3.1028841920e-01 2.6084742983e-03 1.0567890436e-01 1.7879251221e-01 3.3270885092e-03 1.8174852187e-02 2.2346926254e-02 -7.2793269849e-02 6.7736813680e-02 -1.0119755272e-01 -1.3336259358e-01 8.6422275239e-03 -1.4933152062e-01 3.7061522910e-01 -3.4751054912e-02 -2.1079340002e-01 1.6151052908e-01 1.6369659222e-01 -3.3432701232e-03 -5.0326545792e-03 6.5490951473e-02 1.8672942593e-01 -1.0967106532e-01 -1.4270728541e-01 1.4007906352e-04 -2.4968028251e-01 -3.0011950838e-01 -1.9745589729e-01 8.0192472330e-02 -1.6953070279e-01 -7.7753395681e-02 -2.2721132153e-01 -8.1739843908e-02 -1.0327596369e-01 -1.5635948419e-01 -2.8343343106e-01 8.4795284453e-02 1.5190420126e-01 -1.3530644954e-01 -9.0827147654e-02 -1.9515697287e-01 1.9298951839e-02 -1.9242942421e-01 -2.2311128880e-01 -1.4168698233e-01
-8.5484567127e-02 -1.6033904988e-01 -1.2077461510e-04 2.3224150402e-03 2.3336791492e-01 -1.4078737747e-01 1.6245412784e-01 2.0488663615e-01 7.0391840012e-04 6.4729878117e-02 7.1160894879e-02 -4.3738641212e-02 5.1601595030e-02 1.3932592536e-03 -4.7741085489e-02 1.5923625699e-01 -1.5761216531e-03 3.7466916526e-02 3.6607791256e-02 1.9431219197e-01 2.4389052112e-01 1.6233233447e-01 2.1886658448e-02 1.4504849546e-01 2.1582576635e-02 7.4243108571e-02 -1.5477249207e-03 -8.3458501446e-04 1.4240499973e-01 1.0701277983e-01 1.6940193246e-01 -6.4178750347e-02 1.6075182563e-01 1.1703152966e-01 -3.9232834507e-02 2.0468343511e-02 -1.9804599185e-03 3.1374724090e-02 2.0152197057e-01 9.5430965210e-02 -7.5133122922e-03 9.0584731858e-02 -1.5328001187e-01 -7.3484020781e-02 8.3726257381e-02 -1.0663922395e-01 1.9620712303e-01 5.5415476922e-02 1.7566579821e-01 1.4086327037e-01 2.1912141435e-01 -1.3663799045e-01 1.2863846563e-01 -1.7913961174e-02 2.0213459984e-01 -1.0915677392e-01 1.7468267097e-01
-3.3161749734e-01 -2.6192243944e-02 2.8422838252e-03 -2.1170717911e-03 8.4908080155e-02 -2.2428304507e-01 1.2083087288e-01 1.5652138062e-02 4.3961327220e-03 -1.7688865852e-01 2.6906961500e-01 -5.5539847140e-02 2.2131856808e-02 -8.1533606846e-04 -4.7340863610e-01 -1.7842735136e-01 -2.5789119067e-04 -1.6086312904e-03 -2.1025382443e-01 -7.0132421769e-02 -3.4540742574e-01 9.9503981528e-02 -7.9161075872e-02 -8.0346332267e-02 -1.6356232401e-01 -3.8517281483e-01 1.7417296556e-01 2.2682897924e-01 -2.1696108674e-01 -2.0471031000e-01 3.0538391288e-01 9.1517278524e-02 -1.7119268922e-01 4.7072365707e-02 4.2572754404e-04 3.1115019227e-01 4.1745224132e-03 -1.3713861547e-01 7.4081209630e-02 -2.4276975187e-01 1.5398846677e-01 -1.9677791238e-01 -9.0254716542e-02 1.5744853452e-01 -1.1672061704e-01 1.5907561954e-02 4.1293528295e-01 -1.3862806244e-02 -4.4734813351e-02 1.1428539457e-01 -3.4834484211e-01 -1.0689361969e-01 1.8418728648e-01 4.5099320155e-01 4.6728613958e-02 -1.8987178334e-01 1.2739277519e-02
3.2235060442e-01 -1.3410915257e-01 -2.9719361975e-03 -2.3051731094e-04 5.8743616148e-02 3.4259988031e-02 -8.5339924067e-02 -1.6074541701e-01 1.7482250244e-03 -8.5635290644e-02 -3.0005927047e-01 5.1950776779e-01 -2.7839895047e-01 2.0638164406e-04 -3.1322704766e-02 -2.3658402214e-01 -3.9178437779e-04 6.4340804895e-01 -7.7438359842e-02 9.0926900998e-02 -8.9182615019e-02 -6.6014216623e-02 -2.6329688920e-01 2.1907426940e-01 -1.5468108041e-01 -1.5093961362e-01 5.1249185867e-02 8.7020901073e-02 5.7282767118e-02 2.2321348959e-01 3.7893889262e-01 5.2016508525e-01 3.6631688416e-01 -1.4353762603e-01 -1.7361723456e-02 2.5493712818e-01 1.3222435905e-03 -8.4087769308e-02 -4.6817292301e-02 3.6850707573e-01 1.2629679811e-01 -2.5980806612e-01 -2.7398054246e-01 -3.0153227675e-01 -2.2302149373e-01 -2.5694823097e-01 -1.0018545175e-01 1.9448734481e-01 6.7996609914e-02 -2.0515747466e-01 1.2341228240e-01 -3.7950243481e-02 -4.4470836859e-02 -1.0054193623e-01 -4.7583726538e-01 -9.8161556201e-02 -2.6677449428e-02
1.0724614156e-01 4.1850027594e-02 -2.1015912877e-03 4.9384927494e-03 7.7987240304e-02 6.1378824446e-02 1.9670642288e-01 2.2107621133e-02 6.2024910502e-04 1.6834375140e-01 1.0688806225e-01 1.3423291701e-01 -2.9293263666e-02 5.1092280557e-03 1.0618581076e-01 1.3644484186e-01 -7.0868457156e-04 1.4965687499e-01 7.7302335409e-02 3.1472871703e-01 1.2461247841e-01 8.8625335365e-02 -1.2946160757e-01 -2.5619284543e-03 7.9502307309e-02 1.9022193734e-02 -1.0865764893e-01 1.9285462646e-01 1.2114190160e-01 1.1412927132e-01 2.9723717001e-02 -1.9881177649e-01 1.4168924923e-01 -2.7519336847e-02 1.0125842143e-01 -3.0554731227e-02 -1.0689743094e-03 -8.8116838101e-02 4.7642735797e-02 1.3044559848e-01 1.0571527424e-01 1.6476001356e-01 9.7717311876e-02 6.9360783583e-03 -9.7053465881e-02 2.3320474358e-02 2.9374697030e-02 4.5874475674e-03 -7.3894113894e-03 1.6537646903e-01 9.0427648836e-02 2.9011738488e-01 2.6175044873e-02 -2.4736230297e-02 1.8686010184e-01 2.1864887113e-01 -6.3067666628e-02
-1.2715875186e-01 -1.2370511057e-01 6.3608450775e-03 -4.1971554130e-03 -1.5068990108e-01 -1.0334326311e-01 -8.7325060562e-02 -2.0276234235e-01 2.3643843378e-03 -1.0521545996e-01 -4.5427080667e-02 -8.9544776463e-02 -1.9172254175e-01 5.8578801044e-03 -4.4809071842e-02 -1.4997049292e-01 -1.7143974820e-03 -2.3683462898e-02 -1.2296591284e-01 -1.6344205144e-01 -1.0096119248e-01 -5.1157640497e-02 -5.6516878470e-02 -7.3586064188e-02 -9.0373753237e-02 -9.0791823436e-02 -1.9884192961e-02 -1.5472048152e-01 -7.4627776183e-02 -2.6455561225e-02 -2.3805112745e-02 -8.6190158837e-02 -7.7536023872e-02 -3.1875406049e-02 -4.4858696899e-02 -7.5510718893e-02 3.1554240703e-03 -8.5022382567e-02 -9.8632973678e-02 -8.6159506749e-02 -5.4241438535e-02 -8.9738486856e-02 -1.2180426469e-01 -2.2669329749e-01 -5.0186758527e-02 9.4842962614e-05 -4.0036103981e-02 -1.5227277008e-01 -9.1883750635e-02 -6.2985838870e-02 -2.0493309947e-02 -8.0730318274e-02 -7.8465512914e-02 -5.9480296982e-02 -8.0079426430e-02 -1.1518451232e-01 -1.3386691309e-01
1.3568804474e-01 -1.2925141360e-01 -1.3061996189e-03 -1.6550488191e-03 1.2208707125e-01 -3.6949613465e-01 -2.3509140791e-01 2.7609956831e-01 -2.4519043039e-04 5.2415517304e-01 -2.5646887741e-02 2.2810924783e-02 -5.1700801171e-02 4.8772668594e-04 -5.2830706697e-03 2.0935141212e-02 -2.5987470695e-03 1.0607527871e-01 -4.0517141200e-02 2.1739441091e-01 -4.7405190150e-03 2.5525431123e-01 1.5645035906e-01 2.0899553077e-01 -2.4464690245e-01 1.2878789703e-01 -3.5891670777e-01 -1.1451029349e-01 2.8187872662e-02 -3.4842039492e-01 2.5148112639e-02 -3.6628445887e-01 -8.0150011198e-02 -2.6767152566e-01 -1.9966533646e-01 -1.1715618156e-01 4.4350001741e-03 -5.8651363734e-01 -1.8439012141e-01 4.8722916483e-02 1.5393729690e-02 -3.6919512693e-02 -4.7387005548e-01 -2.3062940413e-03 9.4821795676e-02 -6.9566732659e-02 -4.1905626109e-02 2.3621234344e-01 -2.2907358957e-02 3.3428210373e-01 -1.6894674422e-01 2.1028520670e-01 -1.1361212802e-01 2.4068828954e-01 -1.6891818819e-01 1.3255872321e-01 -7.7865720245e-02
2.0660860385e-01 1.3599031776e-01 -4.3774891596e-03 1.5330185271e-03 1.0952324981e-01 8.5156461121e-02 -2.1105331680e-02 1.6919228421e-01 -1.8848199016e-03 -3.7884671315e-01 1.1976800808e-01 -2.4964615685e-01 1.1043138494e-01 -1.9267463983e-03 -3.0348559142e-02 2.4950473965e-02 4.6553541235e-03 -2.1816562273e-01 -1.0945048472e-01 -4.2285393170e-01 6.5890328904e-01 -8.1394692418e-02 1.0670779181e-01 -1.0202020677e-01 -2.6993485047e-01 -4.9607840542e-02 3.9669566951e-02 2.1861610088e-01 -1.6481571936e-01 -4.7216006634e-02 1.3967533161e-01 5.3099211445e-02 1.6995480007e-01 -1.1045669076e-01 1.3077829635e-01 -1.8570622522e-01 -4.6719240947e-03 -6.7754285059e-02 -5.7562180682e-02 -2.5990570355e-01 -2.9538055558e-01 2.2953620091e-01 2.6965865879e-03 2.1744765128e-01 -2.5012717432e-01 -7.3159650629e-01 1.6974311563e-01 -2.0218114735e-01 -4.1884176717e-02 -8.2023421214e-02 -1.1909581369e-01 3.1551347373e-01 9.6510290597e-02 1.2735663759e-01 -1.6470274734e-01 -2.5195948529e-01 -3.1010733392e-01
2.9993876707e-01 -5.4567969636e-02 -3.0858442850e-03 -3.1561013983e-03 1.1218507066e-01 2.5627393234e-01 -3.6553090310e-01 2.2676129866e-01 -7.4893118420e-03 -3.5464161045e-02 -1.3049801187e-01 2.1629561105e-01 -8.1999532443e-03 -2.7308986627e-03 7.0717914584e-02 2.9074783048e-02 4.5688099157e-04 -4.3621184611e-02 -2.7289227304e-01 -3.6759024239e-01 1.6397045182e-01 -6.5181306788e-02 2.8146183389e-01 -9.6143542313e-02 -3.9409130304e-01 -1.7588826371e-01 -6.1674685471e-01 1.0939066651e-01 6.3653597954e-02 -6.4835893104e-02 -2.6532552792e-02 6.5485122536e-02 1.3148599644e-01 1.6558677140e-01 -1.7898431898e-01 -1.2728135446e-01 5.4834493469e-04 3.3088258267e-01 4.3079865785e-02 8.1389152517e-02 -2.4032935028e-01 -1.1422934652e-01 -9.9200297436e-02 2.4379954631e-01 -8.3120062979e-02 2.4420742414e-01 -9.5875612795e-02 2.9246660161e-01 -5.5729153735e-02 2.1415754136e-01 -4.1405145821e-01 1.7351436093e-01 -1.9176379180e-01 5.4899884764e-02 3.5319281428e-02 -2.0991531040e-01 4.0135485587e-01
-2.1930826352e-01 -3.6979044151e-03 9.5556053351e-04 1.3988641234e-04 -2.6031473852e-01 -9.7749218889e-02 1.7433498439e-01 1.7940097988e-01 -5.1715006812e-04 3.2893984468e-02 -2.2192542903e-01 2.3058304706e-02 -7.6757870420e-02 -1.5350963031e-03 -5.1188476152e-02 1.2260382915e-02 3.9443720566e-04 -8.9585874102e-03 -1.4704149665e-01 -4.7342246895e-01 -1.0371496567e-01 9.9305289484e-03 3.2302317946e-01 -1.3598289764e-01 -2.0075931265e-02 2.3488590651e-01 2.0656000482e-01 -1.2876294842e-01 -2.1311942751e-01 2.3661495181e-01 4.2934837818e-02 1.8211033514e-01 -1.0781541576e-01 9.7353052039e-02 -4.2375306181e-03 -5.3862601092e-02 -3.8788927905e-04 2.0652212096e-01 8.9659723321e-02 -1.9002806346e-01 -8.8172335896e-02 -2.9807258965e-01 -1.2926971133e-01 -1.3088062649e-01 4.9936241231e-02 -8.9204473032e-02 1.3327427578e-02 -9.5423150511e-02 5.0820643848e-02 -2.5622425737e-01 -2.0837386002e-01 -9.2148775690e-02 -1.3780849428e-02 1.1992779854e-01 -2.9162252452e-01 -4.5639836471e-02 1.3710230929e-01
4.5126277740e-01 -6.0458226205e-02 7.1081859536e-04 -1.1264623591e-03 1.8066672945e-02 -2.6243509333e-01 -1.3099118820e-01 6.7677902658e-03 -1.0740268672e-03 -8.5154061416e-02 -1.3790003079e-01 -4.9560000924e-01 5.7907355868e-02 -8.8392639697e-03 8.8188172806e-02 -1.4098363930e-01 -2.8595423736e-03 3.2589915461e-01 5.9084129220e-02 1.8564123887e-01 7.2978326041e-02 6.1024858180e-02 -3.7134778219e-01 2.0789646353e-01 -1.3877611575e-03 -2.5678118843e-01 5.1935349159e-01 3.8272706063e-02 5.2290716866e-01 2.5710545076e-01 4.5963533810e-02 9.6068750143e-02 -3.1650196258e-04 2.9145415611e-01 3.0853201792e-01 8.0055156068e-02 -2.0704775072e-03 5.6008455212e-02 1.1227267861e-01 -3.8947374481e-01 1.0072612554e-02 -2.1499077168e-02 1.2240515591e-01 1.5591591766e-01 -2.2868061659e-01 -3.0112480261e-01 -1.4595602491e-02 1.9188007605e-01 -1.3511318999e-01 -1.1313232573e-01 -1.3665312207e-01 -3.8346396986e-02 -3.3206945112e-01 -2.4936715054e-02 1.3063759727e-01 -1.2480416731e-01 2.4360604847e-02
-7.5840991655e-02 -5.0331518048e-02 -2.6725702990e-03 -3.2222781853e-04 2.9281365486e-02 -1.8492906118e-01 2.7287354906e-02 -3.8010450069e-01 6.2803613707e-04 -2.3320428394e-01 -2.5498462988e-02 -2.9301733762e-02 6.8373432101e-04 1.0524136972e-03 -3.0878058617e-02 -2.4223631824e-01 2.7559154576e-03 3.0787233812e-01 2.4125519273e-01 -2.8077657752e-01 -1.3899894899e-01 2.1726555306e-01 7.2405033237e-02 -2.2595920557e-02 2.5292646284e-01 -3.2974925599e-02 3.3566109290e-01 6.6221296206e-02 -3.2461154062e-02 1.9044183256e-01 1.7224983685e-01 1.6350726618e-01 1.9532106804e-01 -5.3830332359e-02 -1.8087941712e-02 1.0901356274e-01 -3.5165644700e-03 9.6994169458e-02 -1.6709026743e-01 -3.5927057080e-01 -8.4701391422e-02 2.3555263592e-01 9.3516024192e-02 1.0894007968e-01 2.8891204273e-01 1.3114997277e-01 -2.5426416512e-01 -1.6839478966e-01 2.2445128137e-01 2.9463869185e-01 -5.0856615002e-02 -7.5107939775e-02 1.8704106912e-01 3.3946232645e-01 2.3373529522e-01 1.7218175962e-03 -1.5082957423e-01
2.3604179730e-02 3.4353799912e-02 7.1706261058e-04 -3.6841794447e-03 -2.8042771983e-02 6.4758334865e-02 -4.7510583723e-02 5.5197191591e-02 2.6221329419e-03 3.1978359640e-01 7.8142848705e-02 2.2822034746e-01 5.4526072503e-02 2.5814298075e-03 1.9958938126e-01 1.5189678941e-01 -2.5029639961e-03 -3.8664393513e-02 5.7062663001e-02 1.2896511007e-01 -4.7128446285e-02 2.0263165389e-01 8.5005671721e-02 1.2874590665e-01 9.6527144185e-02 1.1953851770e-02 -6.3579043755e-02 1.0377597307e-01 1.2726485140e-01 -1.9969957834e-02 5.4406551779e-02 1.2623009099e-01 4.3779430148e-02 -1.1885370036e-01 2.4206685824e-02 1.4075112698e-01 2.6382540293e-03 9.8358248665e-02 -3.8174706018e-02 1.8057850325e-02 -1.7496009852e-01 6.9235906398e-02 -1.4430876666e-01 -4.0428291274e-02 2.7716835035e-02 -7.2954706782e-02 7.5420947595e-02 2.4234910712e-01 -2.7243890929e-03 1.6163173306e-01 -1.6156562175e-01 -1.2792837705e-01 1.3449950886e-01 1.6776438317e-01 2.1098724076e-01 2.9877361443e-02 1.0135700750e-01
1.9266595127e-01 2.7483595477e-01 -3.1096641395e-03 -2.9015506307e-03 -5.1324392422e-02 7.1421614151e-02 -3.0325408345e-01 -1.3491399600e-01 2.6213280967e-03 -6.5224392324e-02 1.3359776528e-01 1.1500861969e-01 -1.0727542010e-01 2.3400540696e-03 -1.4660067854e-01 -2.0991770153e-01 -3.7488895959e-03 -4.8678368606e-02 1.0809837231e-01 -2.0297443062e-01 1.1695161202e-01 -3.9819925848e-02 1.3627014663e-01 2.3351871360e-01 2.1840880473e-01 -1.2857652500e-01 -1.8241970601e-01 1.0889658663e-01 1.5025596325e-02 7.4438471860e-02 1.8572380393e-01 -1.5937779070e-01 1.6551391084e-02 -2.9729000826e-02 -4.2565424939e-02 -3.4334730268e-03 -1.0506772315e-03 -2.2045137699e-02 -1.8809075986e-01 2.6560721501e-01 -3.6564176371e-01 -1.7335848871e-01 -2.9182839029e-01 1.5523725012e-01 -1.1200585013e-01 6.7188883768e-02 2.8100665395e-02 2.9874404230e-01 -9.3015134370e-02 -4.0098094699e-01 2.8618399547e-02 -3.7397489666e-01 -1.5070371619e-01 1.5780723317e-01 7.6845757882e-02 -2.4211115824e-01 -1.2145047217e-02
7.2602421056e-02 2.3659821315e-01 -2.0453140251e-03 2.5148689268e-03 -8.4941311329e-03 2.1358690211e-01 4.7860127569e-04 -1.5226320618e-01 2.3960719921e-03 1.5159901814e-01 -4.8421550278e-02 5.6719070251e-02 -1.6234667325e-01 -2.3328344742e-04 1.2656910050e-01 1.6555215729e-01 -4.0234684384e-03 3.0116056360e-02 -9.9105087306e-02 2.8696993055e-01 3.5518637278e-02 9.2038726199e-02 7.7629491210e-02 -5.5572062887e-02 -2.0911892540e-01 6.0329803892e-02 9.3854251054e-02 4.5560058161e-02 2.4302867957e-01 -3.1171680094e-02 1.2469681509e-01 1.3056320408e-01 -3.7809613409e-03 3.2821110403e-02 -1.8083558001e-01 2.7525034829e-03 -1.3042807165e-03 -7.2132688730e-02 1.9030011768e-01 -1.2000735466e-01 1.9382097353e-01 -1.3417417697e-01 -6.0681257741e-03 2.7141266170e-02 -1.5821175296e-03 2.1058956618e-02 2.2220294982e-01 -9.5912824459e-02 -5.8372302547e-03 2.3283532687e-01 3.8812853925e-01 -3.5615159827e-02 8.6148572370e-02 7.3309384853e-02 -2.4294961182e-01 1.2360158545e-01 2.8477411354e-01
-6.4199950307e-02 -1.3638250962e-01 -2.8443403974e-03 2.3174383856e-03 5.4970757204e-03 1.7924957300e-01 -8.5663437406e-02 -3.1242392147e-01 -1.0062076573e-03 -1.9294817765e-01 -3.5238797862e-01 -1.7404310884e-01 -2.1057105543e-01 1.1517574188e-03 8.8407727485e-02 -1.8314214401e-01 1.4032989538e-03 -2.0278981239e-01 -5.0339781472e-02 -9.7887683652e-02 -7.0892411784e-02 -6.4852535841e-02 -8.1531539695e-02 -2.7481557701e-01 1.5388137296e-01 1.2889974957e-01 4.3108885479e-01 -8.4128985212e-02 -1.2112617906e-01 7.7033500901e-03 -2.3323635459e-02 -3.2973226511e-01 9.6743290545e-02 -4.5363835176e-02 -1.3757608769e-01 -1.4316584615e-01 1.6635930221e-03 -4.9939447585e-02 -9.2363534755e-02 -1.6866574406e-02 1.3719503469e-01 -1.9497518230e-01 -2.2407574373e-01 1.3917768684e-01 -2.7969458812e-03 9.6508332771e-02 -1.0068394170e-01 1.2780925100e-01 1.2932323819e-01 -5.6037305742e-02 -2.5997030072e-01 1.6498828497e-01 -2.9503842499e-01 1.1512182729e-01 -1.1996709694e-01 2.4756732489e-01 1.4327658057e-01
1.2032851027e-01 9.8180120675e-02 3.1372933971e-03 -3.8559609871e-03 4.7785316689e-02 -9.1225999773e-02 2.3098981417e-01 2.7522767940e-01 -1.5258786725e-03 2.1549031405e-03 1.7800886172e-01 8.8716832681e-02 -7.1546569715e-02 7.5141218112e-04 2.4383040418e-02 -4.9043717691e-01 1.4447818671e-04 -5.3938558566e-01 -1.6234839712e-01 -7.6089393730e-02 -6.8707785199e-02 -1.6617290330e-02 -1.6869313527e-02 -1.8360631166e-01 9.9550833044e-03 1.5939075852e-01 -4.7246873171e-02 3.1163010350e-02 2.3355114937e-01 3.1245809596e-01 -2.1579182576e-01 -2.7767984293e-01 -1.2059593604e-01 3.2543580256e-02 -1.3287642995e-01 2.4667459882e-01 1.4204839273e-03 -6.6567750368e-02 -1.5246285017e-01 -1.9074297304e-01 -1.2199381896e-01 -2.3228648479e-02 -2.0040971574e-01 3.1862319898e-01 -2.6535073612e-01 -5.8326581062e-03 -1.6956819936e-01 -8.7472268281e-02 1.7954465204e-01 3.7093697256e-01 1.7027187036e-02 -5.1458134810e-02 1.8930835300e-01 1.2053160416e-01 -2.3310098336e-01 1.9673985542e-02 3.5963979982e-02
6.6957820257e-02 -1.4241575159e-03 1.5055265368e-03 1.9247358076e-03 7.1188332212e-02 5.4596985717e-02 -1.2864478510e-01 2.8450271079e-01 1.8570196717e-03 1.3845530090e-01 3.8378552424e-03 4.0590119950e-02 6.2558205797e-02 -3.1281265155e-03 -9.8389994320e-02 2.6534889803e-01 -7.1687423321e-04 -5.8327611894e-02 2.9141114933e-02 3.1427962623e-01 -7.9958579113e-02 -3.4070247168e-02 2.5200943769e-01 9.7088593740e-02 1.8837459551e-01 1.1878640247e-01 2.5418980597e-01 8.2840533327e-02 5.2019519503e-02 1.6811308840e-01 5.0943057065e-02 1.5232198068e-01 1.2739622968e-01 4.6513496633e-02 2.2746225644e-02 5.4812912477e-02 3.0255061712e-03 1.4269771693e-01 1.4365917206e-01 2.0801779201e-01 1.0500060046e-01 8.2309737045e-02 -1.1151660301e-02 2.8568547065e-02 1.5347681348e-01 3.3000847190e-02 1.6436789611e-01 -3.4763021959e-02 3.4736265644e-02 2.2964047316e-02 1.8984200112e-02 1.2681070858e-03 -8.6207978199e-02 6.3186503770e-02 3.0115628546e-03 1.5690338654e-01 -5.1271192451e-02
2.5519716048e-01 7.0743472010e-04 2.1705848514e-03 1.7831212669e-03 -1.2675230548e-02 1.8965963184e-01 1.6008746324e-01 1.7380416511e-01 3.9386015993e-03 -1.0064313629e-01 1.3507236244e-01 1.0638635498e-01 -1.2629428013e-01 5.9418018947e-05 3.6083089414e-02 3.8294937855e-02 -5.4638770197e-04 -1.2944700961e-01 -1.1281447824e-01 -2.0514978314e-02 3.2100863062e-02 6.6342237520e-02 1.7010485009e-01 -1.2947279627e-01 -8.7727581368e-02 2.1556701569e-01 -8.8347063241e-02 1.7056822581e-02 -1.1939517449e-01 -1.1355406121e-03 2.9385400464e-01 1.1058471752e-01 5.8277858796e-02 -5.7081219398e-03 6.3855119165e-02 -4.8122584697e-02 -3.1442555602e-03 2.1998528817e-01 -6.4367761287e-02 -1.4846208033e-01 1.2742358155e-01 3.9360586349e-01 -1.3285013017e-01 -4.5791959766e-02 2.0271489684e-02 2.5767663734e-01 -4.6459825155e-01 1.8610116302e-01 1.7399632595e-01 -3.0560383622e-02 -4.8545293669e-02 -1.5539908849e-01 2.1791981449e-01 -8.0727298323e-02 2.3986195163e-02 2.1362193071e-01 3.3861391781e-01
-1.9925393177e-01 8.2879373577e-02 2.9378112206e-04 -2.0534178397e-03 -5.5815687013e-02 1.8709661828e-01 -8.0282381209e-02 -1.1397378274e-01 -3.8019216691e-04 3.1775584871e-01 9.5841964637e-02 1.2367193076e-01 2.1808179532e-01 -5.0690577637e-03 7.7492014566e-02 1.4678826826e-01 6.1748415028e-03 -7.9573163013e-02 1.6368328812e-01 1.5778506746e-01 -2.7839806183e-02 3.0233147513e-02 -9.5330595475e-02 -5.4206651476e-02 -3.7320956356e-02 3.0833272463e-02 -8.5608407759e-02 1.3846365187e-01 2.7021928220e-02 3.1252889690e-01 -9.3122925184e-02 -7.6646617792e-02 -4.4345355814e-02 1.4538911509e-01 6.2492330654e-02 2.5258997091e-02 -3.4599589952e-04 7.0911175114e-02 2.2455383982e-01 -1.4454105056e-01 -1.7489638359e-01 1.5842428812e-01 -1.0868450394e-01 1.4732171408e-01 -2.1232344805e-02 -1.6280528439e-02 -1.4221137758e-04 7.7619798812e-02 -7.0209329587e-02 -4.5695551177e-02 5.5311868440e-02 1.2250150096e-01 1.8770924300e-01 9.5261766817e-02 7.9694823528e-02 4.1338020330e-02 2.2294076074e-01
-7.6211913709e-02 4.7024846478e-01 5.9777750409e-04 -8.8728899891e-04 2.7069240855e-02 4.5595053218e-01 2.2469405668e-01 4.1451051462e-01 -3.4459516637e-03 -2.5786160623e-01 4.5088205424e-02 3.9859155071e-02 -9.8805294197e-02 -2.0400866333e-03 8.4123787017e-02 1.2217653626e-01 -6.8138707923e-04 4.8160987573e-02 4.1302457549e-03 2.2030750772e-01 2.6414618698e-01 -7.4327552302e-02 -2.8765290785e-01 -4.3605149463e-01 3.7553715989e-01 -5.6329857613e-01 -4.0269665950e-02 -5.4993099629e-02 2.8906682233e-01 1.3757411279e-01 -1.9116520175e-02 -8.2728069633e-02 1.7231525399e-01 4.2690266853e-02 -1.7486147897e-01 -4.7106282787e-01 6.8545524602e-04 1.8252899773e-02 -1.9116699253e-01 1.5836081058e-01 -1.0329995855e-01 -3.9145294532e-01 4.8882148459e-02 1.9390151034e-01 1.6618905135e-01 3.0587191589e-01 1.1699503150e-01 1.1441436583e-01 -6.3898911484e-02 2.0805094531e-01 -1.3413508929e-01 -4.8845885020e-02 2.2693382891e-01 1.7582824727e-01 -2.8749548082e-01 -1.8312105071e-01 -7.5838667414e-03
9.3848765421e-02 1.5337725522e-01 -4.6779059807e-04 -1.7669180803e-03 4.7512646029e-02 -4.6370635858e-01 -3.5679492777e-02 2.6068235591e-01 1.7141296704e-03 -2.8386327139e-01 -2.0586601209e-01 7.2832375503e-02 -3.1805548340e-01 -5.8950107094e-04 -2.0516592701e-01 1.5593178200e-01 6.4382854638e-04 7.1125209233e-02 1.1726059049e-01 -2.5243672457e-01 1.0476657472e-01 1.8706253625e-01 1.6741461591e-01 6.9836659011e-02 -8.3077438791e-02 -6.0835373671e-02 3.3986297665e-01 -1.0694211072e-01 -9.7130319667e-03 5.9407885638e-02 9.9136604793e-02 -1.4014756736e-01 -2.2057344273e-01 1.5951217269e-01 -4.4874898831e-01 -1.2006255144e-01 -4.5050552105e-03 -1.0375382089e-02 4.4071523432e-02 3.3711003843e-02 -1.1003690298e-02 2.4371731357e-02 -1.7954612640e-01 -5.0813807384e-02 1.4317415233e-01 -1.6298095045e-01 2.1906521377e-01 1.1453315590e-01 -1.4562519527e-01 9.5786749406e-02 -9.9768697708e-02 2.9677171706e-01 6.7778936009e-03 -2.7838383983e-01 1.4964760525e-01 -3.4443949396e-01 -2.8673939379e-01
9.4157683620e-02 -4.3399000805e-02 6.3605254062e-05 1.2100917125e-03 1.9552050085e-02 4.4823982227e-02 1.4196305683e-01 1.3345202171e-01 2.7881499993e-03 1.4355790600e-01 1.2938085213e-01 -1.3558618856e-02 1.5547755771e-01 -1.2889946847e-03 1.2778176776e-01 -5.6503729619e-03 3.9778090164e-04 8.2641630281e-02 -9.3820926139e-03 1.9338019997e-01 5.4971766165e-02 2.7966108083e-01 1.7651667072e-01 5.3739196953e-02 1.5171103268e-01 -9.4152634677e-03 -4.4062729772e-02 8.5550137938e-02 -3.8459596582e-02 -2.4532903193e-05 9.9315965845e-02 3.3075946961e-01 8.1646954928e-02 -5.8471260719e-02 4.6623714741e-02 1.1964241103e-01 4.3776798174e-03 1.0568387455e-01 3.1959432777e-02 2.6952048300e-02 1.9111708320e-01 1.0495692168e-01 8.8299478208e-02 1.7733842125e-01 4.4538542556e-02 -1.0489108100e-01 2.1789070714e-01 -4.4363908978e-02 1.1826499331e-01 -6.5705637684e-02 -2.4644352212e-02 1.6052762645e-01 1.1626011962e-01 -2.8722107778e-02 9.1420287658e-02 3.3942124701e-02 1.3631369256e-01
-1.0285056612e-01 1.2281913464e-01 2.1687850615e-03 3.4472762664e-03 -1.0199298886e-01 -1.8666520039e-01 -6.4938433212e-02 -1.2319887838e-01 -5.9036273433e-04 -9.5774752043e-02 -1.1129905925e-01 -1.1329579129e-01 2.1882264398e-03 2.1357362996e-03 -2.8922296048e-01 -4.9941128686e-02 2.0264844649e-03 -7.4980801956e-02 7.4735781675e-02 6.9463902025e-02 9.1069167052e-02 -1.3818407933e-01 -1.5033068657e-01 -3.3199312757e-02 -1.8793717468e-01 1.0995673448e-01 -3.9191635998e-02 -8.5142299608e-02 6.0980540696e-02 1.1202858875e-02 -1.5458541623e-02 -9.3616738095e-02 -1.7303890897e-02 8.6233028782e-02 -1.4548672788e-01 -4.7422452836e-02 3.2511827091e-03 1.3362848290e-01 4.4312615959e-02 -1.1918722097e-01 -2.4727212744e-01 -4.4129393037e-02 -6.8675182683e-02 -2.5442656526e-01 -5.0666769597e-02 1.5735490208e-01 -2.6382381268e-02 2.2290434279e-02 -4.8665863469e-02 1.0482387155e-01 -8.9615102341e-02 -1.2209129910e-02 5.1914625302e-02 2.7986904944e-02 -8.0889433264e-02 9.2969869840e-02 -2.8278625278e-02
2.1468166895e-01 4.6430416740e-01 8.6765026367e-04 2.1141387807e-03 -2.1204817071e-01 4.9464215891e-02 -9.2562024004e-02 1.7097621193e-02 1.1942449406e-04 3.1436213167e-01 9.3191129010e-02 -3.0905450098e-01 2.8501523892e-01 6.5603149512e-04 -8.6357616880e-02 -1.8925479386e-01 -1.6238316964e-03 -1.1982780011e-02 1.3270789931e-01 -1.7246380369e-01 1.0974460619e-01 3.8778543638e-02 5.5424302842e-02 1.8966976253e-02 8.9550696826e-02 -1.9229547083e-01 -3.3893355651e-01 3.6088198774e-02 -1.7213621961e-02 -5.0165107014e-02 1.8551859174e-01 3.7281615509e-01 5.7766828926e-02 2.0566651435e-01 -1.8707231346e-01 -1.7958092893e-01 -3.2999455819e-03 2.7779644787e-01 -6.4289988363e-02 9.9607081466e-02 5.3496586796e-02 1.4403611818e-01 7.9516815172e-02 -4.4592858904e-01 5.8664027567e-01 4.8879984917e-02 -6.7255866917e-02 -2.6672454527e-01 1.4174344731e-01 3.9020397506e-03 2.0170077609e-01 1.5689253573e-01 1.8395317086e-01 3.9358969266e-02 -1.5913980448e-01 1.6066465064e-01 -2.3227178856e-01
2.3936335348e-01 1.1786589642e-01 -1.2323216997e-03 2.5373785802e-03 9.2724909412e-02 -1.7394624821e-01 -1.2108582885e-01 -2.6919497627e-01 -1.5612839496e-03 3.5827083399e-03 5.3602610836e-02 -1.3122007820e-01 1.1214227172e-01 -1.7933921737e-03 5.8365598552e-02 1.9414870937e-01 -1.8526908715e-03 -1.0411439749e-01 2.6158543328e-02 2.9256730123e-02 1.6454421525e-01 1.5254577326e-01 1.2985846897e-01 8.8095012052e-02 -1.6327585624e-01 -1.5995011405e-02 -1.0339944293e-01 6.7225425361e-02 1.9613265122e-01 1.2168282786e-01 2.4141392384e-01 1.6124654409e-01 -5.0931071743e-02 1.1131891256e-02 1.6837821314e-01 2.1909746795e-01 1.6845270668e-04 -3.9280598822e-03 1.4712976421e-02 1.1914576585e-01 1.4907541555e-01 1.6572171688e-01 7.5707055133e-02 1.2951537276e-01 -2.3577788912e-01 4.2066036751e-02 1.3167489728e-01 1.5443440652e-01 1.7097822823e-01 3.7807936445e-02 -3.4410697990e-02 1.3955260040e-01 2.2509215876e-02 4.0335126506e-02 2.0456224771e-01 3.2325577962e-02 1.9808313846e-01
1.3126137162e-01 5.0594368312e-02 3.1658218888e-04 9.5396125846e-04 1.3061281178e-02 4.1306517773e-02 -5.6428443833e-02 7.2612112341e-02 -1.7845395254e-03 1.7695093904e-01 1.9766285235e-01 -2.3615374009e-02 1.4406485167e-02 -4.7546075036e-03 2.8581249825e-02 1.3562680619e-01 2.6216241110e-03 4.5888618225e-02 2.2227205435e-01 2.7773263892e-02 2.4036306773e-01 6.8668777800e-02 1.9933664679e-01 2.5167008100e-01 5.2553176261e-02 3.2908247467e-02 1.0707643011e-01 -3.4283932775e-02 1.0699377532e-01 1.5768967330e-02 1.7496148018e-01 6.2328519737e-02 1.8252716109e-01 2.7825051676e-02 9.0529107819e-02 5.6493713732e-02 4.8098502312e-03 1.1893621766e-01 -3.5082799451e-02 1.1449749250e-02 1.9976713777e-01 6.3114423322e-02 1.4574766107e-01 1.2253049027e-01 6.2904564749e-02 2.2353475140e-01 1.4286483041e-01 4.2675238402e-02 1.9722985438e-01 9.4557522297e-02 1.3369374428e-01 -1.3525190535e-01 8.1789954989e-02 -2.0146642390e-01 1.4194270304e-01 5.8345549406e-02 1.5571219781e-02
4.9101044645e-02 1.3660473987e-02 -2.5117955190e-03 -2.5968727206e-03 1.1243165426e-01 2.8445735438e-01 7.3540819904e-02 -3.0771028445e-02 3.4323551976e-03 1.3028061404e-01 -6.5996965181e-03 1.8715400027e-01 4.1030143554e-02 -1.4904469159e-03 9.6851919060e-02 -5.3898205838e-02 2.2473633896e-03 9.3826688055e-02 1.8417249997e-01 1.5948884654e-01 8.4060148182e-02 2.1512058531e-01 3.3403311175e-02 5.5023517949e-02 8.2559873227e-02 1.7667208004e-02 -2.5986482434e-02 -1.9811008546e-01 1.2498318052e-01 1.2731752351e-01 6.1534734774e-03 2.6376428502e-01 1.7109844740e-01 -9.2022148757e-02 6.9793393861e-02 5.8590946352e-02 -3.8736746995e-04 2.1765881783e-01 5.9843310861e-02 -1.5182756418e-03 -9.9304153999e-02 1.5183545132e-02 1.4322588197e-01 2.5044838939e-01 -1.9313934588e-02 1.2422009992e-01 3.6310202268e-01 4.8150939440e-02 1.5580317844e-01 1.5665073597e-01 -1.8891447680e-01 1.0532516575e-01 -1.8701208518e-01 4.5115536298e-02 -6.3193584421e-02 4.9245250410e-03 5.5620164259e-02
-2.9627649951e-01 3.6932046595e-02 1.3701589052e-03 -1.1277286777e-03 1.1330033058e-01 2.1880472424e-01 1.5451883359e-02 -1.8950846737e-02 3.3044602345e-04 -1.0901818480e-01 -4.4118272496e-02 -1.6321315182e-01 -8.9368708544e-02 -7.1490236023e-04 -2.5993306226e-02 -1.3520883187e-01 6.2306701159e-04 -2.1206273836e-01 8.5011344953e-02 7.2938041187e-02 2.5741557794e-02 -9.5961959716e-02 1.7364529160e-01 1.5336432209e-01 6.7771940069e-02 6.1407458905e-02 2.6641449003e-02 -1.3239481773e-01 5.1527099061e-01 -5.4108925009e-02 3.6474829223e-01 2.5841837059e-01 -2.6732401368e-01 -6.3820468056e-02 -3.9723091962e-02 9.2139381956e-03 -8.4317913726e-03 -1.1491198336e-01 3.8421175670e-02 1.4792561497e-01 -3.6343661579e-02 7.0568538662e-02 -8.4814906196e-02 1.8506427190e-02 2.6311812085e-01 -1.2802039149e-01 6.1632186546e-03 1.5267991877e-01 -1.1067395574e-01 4.7437433379e-02 2.7424818500e-01 7.4758397564e-02 -2.7467861662e-01 4.6667906917e-03 3.9071744076e-01 1.5067513710e-01 7.0091115248e-02
-1.3419663251e-02 1.0227452812e-01 4.6477515892e-05 -7.9414597241e-04 1.0958416153e-02 -1.4499400166e-01 1.7129243376e-01 7.1393989580e-02 3.7740714365e-03 7.9071269909e-02 2.7137406477e-01 1.1971026603e-03 2.2156856650e-01 1.8267070854e-03 8.2666150056e-02 -1.7689210039e-02 3.6435472019e-03 -1.7031355457e-01 -5.8398434262e-02 -1.6185087137e-01 -4.0981184207e-03 2.1934126779e-01 -1.8777264460e-01 1.1279838835e-01 8.6819202731e-02 -1.5499026191e-01 -4.2576065347e-01 -7.0042529824e-03 5.1538719642e-01 5.2815271677e-01 -2.3233005543e-01 8.4543708178e-02 6.5325048797e-02 -3.7898891803e-01 9.0033330455e-02 2.1721543825e-01 -5.7766487239e-04 -1.6076000655e-01 -3.3828076768e-02 -1.7601822616e-01 3.6548260645e-02 5.5577653077e-01 8.6564718056e-03 2.1809308763e-01 -1.0072247376e-01 -1.7696928210e-01 4.2714968971e-01 2.2106763699e-01 6.5279608247e-02 -1.8045087740e-02 -2.7006565162e-02 -3.1267702234e-01 -7.4503819190e-02 1.1651440922e-01 -3.7262311337e-01 4.2418444067e-01 -3.8815111392e-01
-2.2262606726e-01 -8.4818931362e-03 8.8713139218e-04 2.0725653170e-03 -8.5901678404e-02 1.3835731433e-02 -1.6099318571e-01 5.3577552169e-01 1.2008028331e-03 4.5761620858e-03 1.3090918179e-01 2.7767637773e-01 -7.2167488896e-02 9.5783340221e-04 7.5881386400e-02 -3.9300497370e-01 3.8042238554e-03 3.5041202852e-01 -3.0040272172e-01 -9.8493651671e-02 1.3840329034e-01 -1.9297816081e-01 -6.3909480344e-01 -1.0614252338e-01 -6.8325562956e-03 2.8202805481e-02 9.6928491296e-02 1.7185356629e-01 2.6788601833e-01 3.9497652744e-02 -1.9300281875e-01 -1.2114292982e-01 -6.5006812897e-02 -3.4723563487e-01 9.8943018419e-02 -2.3384353334e-01 2.0182682448e-03 1.3270440371e-01 2.4631956914e-01 -1.9401624704e-02 -2.0529572015e-01 1.9188609869e-01 -1.5656283888e-01 -1.7863099781e-02 2.3284680744e-01 1.4207272018e-01 3.6265581569e-01 -3.8072290544e-02 1.3191080414e-01 -2.4301209534e-01 4.6149350082e-02 -1.2782838717e-03 3.9718375788e-01 -3.4409041990e-01 -3.5014686001e-02 2.6034913340e-01 2.2400354066e-01
3.7746498369e-01 -1.7562935615e-02 2.7664002402e-03 4.5978178022e-03 -1.5404321278e-01 -2.6463724497e-02 2.5976018491e-01 -1.2783016419e-01 -2.5401676968e-03 2.0969909382e-01 1.5412384640e-01 5.0876615801e-02 -4.2827464292e-02 2.3551210748e-03 -5.5598871721e-02 -7.0581756865e-03 5.9802222224e-04 -9.0364405523e-02 2.7839899519e-01 -2.2927347386e-01 -1.9264958424e-01 4.3443526584e-03 -3.7785708352e-01 -2.2933102419e-01 -1.2806034015e-01 -4.7333586662e-02 -5.4663147412e-02 1.4830618491e-01 -1.4208579468e-01 -5.2024498741e-01 -8.5143549927e-02 3.8962592505e-01 -8.4524986584e-02 3.7104481948e-01 2.9764776417e-01 5.2318378530e-03 2.4244049041e-03 -8.0379056511e-02 2.7408103984e-02 2.4097536642e-01 -1.8047174774e-01 2.4189806685e-01 -2.8449717480e-01 3.0664454930e-01 -2.5907908596e-02 -1.8051851858e-01 -4.6554345694e-02 -4.2755641568e-02 -9.7094264797e-02 1.9095623066e-01 6.5691451139e-02 -2.0389849973e-01 -3.9202476383e-01 -4.2560031085e-01 1.6675669264e-01 -3.9694293711e-01 -1.2821640126e-01
-2.3816707158e-01 -1.4168048908e-02 -1.7456671128e-03 -5.4109565693e-03 -1.2933074493e-01 4.8658217966e-02 8.8093541971e-02 -9.9407204212e-03 -2.5760440303e-04 -2.0220400206e-01 -9.5391005381e-02 -3.4084144877e-02 1.1954576658e-01 2.6405412988e-03 1.9020622569e-01 -9.2633197301e-02 -5.9191216682e-03 -1.5444734311e-03 -7.0522020468e-02 -4.0925846267e-02 1.5141731336e-01 4.4838302518e-02 -2.1001148231e-01 -3.4586002108e-01 -2.0176491289e-01 -1.5188128203e-02 -3.6405827852e-01 -1.6160099087e-01 -3.0317972883e-02 -8.4669177979e-02 -9.2403277371e-03 1.4785032079e-02 -1.8199794477e-01 1.2728634435e-01 -1.3597616155e-01 -1.5514025013e-02 2.2991451628e-03 -2.5589490401e-01 -3.6838203061e-02 2.0219635060e-01 -2.4700483406e-02 -2.4943530097e-01 3.7190568994e-02 -1.1513033795e-01 -7.6236776994e-02 -2.7280871850e-01 -2.8279494005e-01 7.7605041192e-02 1.1185586747e-02 -4.2072914302e-02 -1.8946372129e-01 8.7681129499e-02 -7.7127282529e-02 -8.1645477645e-02 7.0453152752e-02 2.9584418926e-03 -1.7214989784e-01
8.4335189856e-02 -1.0767016821e-02 1.0131433688e-03 -4.0690505089e-04 3.0747818264e-02 -5.0336590061e-02 1.1744920065e-02 2.0392878190e-02 4.0760754770e-03 1.5410936882e-01 8.1166438359e-02 1.0252428420e-01 -4.3399876940e-02 4.7622227736e-03 -9.3357208109e-02 1.0105436351e-01 -2.5781068040e-03 -2.0278510239e-01 3.3895367459e-02 1.0204630195e-01 -7.6464361727e-02 -2.3419484614e-02 1.0737751210e-01 -1.4230199433e-01 -2.5460789504e-01 1.6158024628e-02 1.0881572974e-01 -3.7394250507e-02 -4.1450858789e-02 -3.8140702610e-02 -1.6607039985e-02 -9.7004135252e-02 -5.0272791001e-03 -2.7553926440e-01 1.2065509808e-02 4.9058773140e-03 -2.0025821936e-04 2.2341743779e-01 -2.4794420538e-01 2.0809728860e-01 1.5856813250e-01 -1.4410595740e-01 2.2289910690e-01 2.6132651971e-01 2.0464380945e-01 -8.8674294308e-02 7.6680435344e-02 3.5272892273e-01 2.1407301750e-02 -3.1628740044e-03 1.3808662576e-01 2.2373625476e-01 2.0031166339e-01 2.2311988699e-01 1.7762623701e-01 -4.2731821213e-02 -1.0629880614e-01
-2.1253827198e-01 1.7952430635e-01 4.0396922653e-03 -4.1879944920e-03 1.5008412498e-01 1.3801614152e-01 1.4141199501e-02 -2.4573072333e-01 6.1889868959e-04 -9.1932217395e-02 -5.3975033661e-02 -1.3048548156e-01 1.2144068983e-02 6.9642435929e-03 2.1818483603e-01 -3.5429169155e-01 6.1366902193e-03 8.8787729297e-03 -8.5136818563e-02 -1.4624898263e-01 6.8166245147e-02 2.1846564472e-02 -2.6209985617e-01 5.4958139907e-02 -9.3205790866e-02 -1.0907354410e-01 -5.7595785707e-02 -7.9286618367e-02 -6.3463345637e-02 4.0552825829e-02 4.1916446679e-02 -2.0746616510e-01 2.7588633926e-02 -4.0314361403e-02 -1.6000147995e-01 -7.8592919927e-02 -5.0223424053e-03 -6.7012235803e-02 -3.7872573555e-02 -1.3076117950e-01 -3.4864739720e-02 3.4995974600e-02 1.5158675265e-02 -9.3702325030e-02 2.2755801517e-01 -1.4244351023e-01 -2.3275635438e-01 -8.4283029207e-02 -3.5997384037e-02 1.4195539143e-01 -1.0545557924e-02 8.9517894695e-02 8.1189214383e-02 1.8268968182e-02 1.7466461456e-01 5.7699551896e-02 -3.9613290952e-01
-2.3678214007e-01 -6.2129976310e-02 -2.2121046982e-03 -1.9611777121e-03 -5.2426054690e-02 1.0537647120e-01 1.2228578655e-01 -1.7183036324e-01 -4.3608101372e-03 3.4495464545e-01 -2.4779263578e-01 8.4471564549e-02 8.2011677592e-03 6.8796585061e-04 1.1621615603e-01 3.2446307022e-01 3.8439556536e-03 -1.3598315377e-01 -9.6546655131e-02 3.6568909052e-02 1.1255704634e-01 2.3925273203e-01 -1.0492798255e-01 1.3889346153e-01 5.9839422085e-02 2.0096710420e-01 4.4650000184e-02 6.4195461439e-02 -1.5125213260e-02 1.6891902256e-01 -1.2343255971e-01 2.5328432896e-01 2.1334459589e-02 8.8654849616e-02 -2.6589237107e-02 4.0620051612e-01 2.5956838941e-03 2.5775558044e-01 -2.3391872752e-01 -7.4382691304e-02 -1.6566274424e-01 -1.6873495938e-01 1.1747429934e-01 -2.8222640669e-02 1.5153128906e-01 -2.8791698749e-02 -7.0199798488e-02 9.6934573328e-02 -7.6399518326e-02 -3.5371701852e-02 1.2201746939e-01 3.4722564339e-02 5.2327757897e-02 -2.0603662898e-01 -2.1815532764e-01 -1.7407605978e-01 1.0940888897e-01
7.8509776324e-02 1.2018475071e-01 -1.7172494988e-03 2.5032342345e-03 1.2923568668e-01 2.0514410574e-01 -5.5991279269e-02 -9.1134382262e-03 -2.0638351667e-03 6.1837931029e-02 1.6176768020e-02 9.4749929460e-03 2.7535181371e-01 8.5410205283e-04 1.4292818470e-01 6.9137734334e-02 -5.3801200134e-05 3.0141834916e-01 1.1676968624e-01 8.7489362959e-02 5.7286204195e-02 1.5357195128e-01 8.3064735404e-02 3.9953701649e-02 4.6678615244e-02 1.9203333729e-01 1.2930975840e-01 1.2594122292e-01 1.4068117714e-01 1.3323314924e-01 1.3775257125e-02 1.1161097300e-01 -3.0393004980e-02 1.4572330329e-01 8.5931353025e-02 2.5300187727e-02 -3.0718529970e-03 2.4009239394e-01 2.2998270660e-01 7.5347162547e-02 2.2087332041e-03 -8.1023648545e-02 2.1018405380e-01 2.6768022559e-02 2.0778221441e-01 -7.8673193504e-02 1.4645739011e-02 2.6949826826e-01 2.1595045900e-03 1.8479578148e-03 -6.7208967536e-03 -7.4453887970e-03 -1.9116594454e-02 1.1731887530e-01 1.2618428744e-01 -6.0230760110e-02 -6.3380423544e-02
1.3753700754e-02 -7.8985922170e-02 1.7112029191e-04 -2.1016284825e-03 3.6451848071e-02 1.5146519167e-01 1.2579146139e-01 1.4620630318e-01 -1.6504686262e-03 -2.2891718299e-01 -9.4210816532e-02 1.6259906466e-01 -1.9271883227e-01 -2.2149579113e-03 2.0947524675e-01 8.7634393015e-03 -3.1466302055e-03 -3.1008082087e-01 2.9487798255e-01 -2.6403353048e-02 -5.8671351530e-02 -5.5793557955e-02 7.7226651371e-03 -5.8179020719e-02 1.5255474576e-01 7.9081850606e-02 -3.6826913303e-02 -6.2943619067e-02 2.6379054834e-01 4.6876646112e-02 1.6466147501e-01 4.5825622959e-02 -9.4236377993e-02 2.0069992592e-01 9.0125698084e-02 1.7899028918e-01 2.5877730064e-03 1.8514318140e-01 -5.4378752378e-02 5.0489889031e-02 4.7649995430e-02 7.3707308983e-02 -3.7953814645e-02 2.5472035218e-01 1.4710234097e-02 1.4766865009e-01 1.1329554031e-01 1.2306267009e-01 -9.5563643208e-02 6.9746676149e-02 -2.9085586594e-01 2.6081611384e-01 -1.7435413797e-01 -9.2457923650e-02 -8.7891869180e-03 1.1314789107e-02 -2.8202930874e-02
-1.3683078881e-01 -4.2531245528e-02 2.4174372466e-04 3.4193069396e-03 -7.1436658208e-02 2.2172955738e-01 -1.1458837259e-01 1.9154136254e-01 -3.6703221561e-03 1.9532222695e-01 -4.9564048177e-01 -1.3211913821e-01 2.0173251994e-01 -2.2257818546e-03 2.9967712953e-01 -2.9078735569e-01 9.7428142563e-05 3.6514273600e-01 1.3462334714e-03 -2.0461276264e-01 1.6351040547e-01 2.6534970600e-02 3.1428575523e-01 3.7192152357e-02 1.1756466167e-01 -2.2387109218e-01 7.1795606978e-02 4.6893296815e-01 -3.9818436895e-01 4.8291652509e-01 -9.3304916476e-02 -2.5846114082e-01 -2.6719864114e-01 4.0104088807e-01 -5.3280829149e-02 -1.9596342419e-01 3.5623395241e-03 -3.0659490153e-01 1.9524152245e-02 8.4304308628e-02 -2.7702240096e-01 9.1716814172e-02 -1.8477348602e-01 6.4684019628e-02 -8.4367859178e-02 1.2619362527e-01 4.5201859176e-01 -1.5063745497e-01 -1.3544915306e-01 4.7956080187e-01 1.2330372812e-01 -8.5575836923e-02 -1.6932044724e-01 -2.5313273198e-01 -2.1885989358e-01 -6.3780136215e-02 1.4010615436e-01
-6.8773563756e-02 -3.3840053423e-01 1.8584295370e-03 -1.3661273987e-04 4.6464626520e-02 -1.3165932045e-01 -1.1567332391e-02 -8.2801809863e-02 8.0311362154e-04 -1.2341028734e-01 1.5276202104e-01 -3.8729379773e-02 -1.1423982287e-01 -3.6348810444e-04 -1.4710009004e-01 7.0084562320e-03 -1.5297683119e-03 -1.6087084300e-01 8.5048239505e-02 -1.4684605190e-01 -2.2426065198e-01 -1.9368007040e-01 3.8176819588e-02 1.3044762016e-01 1.1899942750e-01 -1.4916975477e-01 4.7158101659e-02 -1.7441820943e-01 -2.0279202245e-01 7.6976573268e-02 4.9101421182e-02 7.9557314299e-02 9.7426110032e-02 -7.2019825423e-02 -1.7342995387e-01 -9.3321979961e-02 -6.4805020453e-04 -6.2057417089e-02 -2.3923021101e-02 -1.6338959708e-01 1.3557837052e-01 -7.8770629067e-02 -9.5570567795e-02 -1.1979203279e-01 7.8036811905e-02 1.3521062357e-02 1.9758718512e-01 -1.0416371566e-01 -3.0766554376e-01 -4.7152094864e-02 -2.4043262820e-02 -2.5705437762e-02 -3.7266874707e-02 -1.1303763661e-01 -4.3915956600e-02 2.0989341961e-01 -2.6639372194e-02
-2.4433543440e-01 -2.6386128332e-02 -2.7105285574e-03 -7.1113409722e-05 5.7698541976e-01 -2.3091619736e-02 6.0317176892e-02 -1.9707914713e-01 2.2849757662e-03 -1.3860254833e-01 -1.8325636047e-01 2.7950433487e-01 2.3929871250e-01 1.0033734608e-03 -3.0970079358e-01 2.4910891882e-01 2.9112273037e-03 -1.9159336856e-01 1.3904662717e-02 -3.1606863726e-01 -1.4665109812e-01 -3.2659283814e-01 1.2712891284e-01 -3.9784590151e-01 -9.1333101446e-02 2.8928677868e-01 -2.5791096062e-01 2.3988898420e-01 4.9563440715e-01 4.9222526749e-02 5.8958642578e-01 -5.6123157304e-02 -1.7171003534e-01 2.6347479170e-01 7.3687241837e-02 -1.3981167070e-01 5.9686191169e-03 5.3219608304e-02 -7.2738777308e-02 -1.2720301377e-01 -2.3713573047e-01 -4.0442820236e-02 -1.6525454782e-01 -5.2705782940e-01 -1.1427425219e-01 7.5546406955e-02 1.4464646804e-01 1.1973062445e-01 1.8090936883e-01 5.1283493787e-01 1.9570832244e-01 2.5345688705e-01 -7.2201559670e-02 -3.2246679983e-02 -1.3875142529e-01 5.6916876899e-02 -1.2917299950e-01
2.4835460645e-02 1.5436744406e-01 -3.6763214355e-03 -1.3881422403e-03 8.2471356162e-03 -1.3724988338e-02 2.5654184889e-01 7.8007748159e-02 6.1908005262e-03 1.2975685217e-01 4.4490819741e-02 -1.6507220588e-02 9.6563439241e-02 -2.8747603130e-03 2.4352715527e-01 1.3430951963e-01 5.9531454642e-03 -3.0621774080e-01 2.6156453565e-01 -3.4948062932e-02 2.9685642883e-01 1.3610718176e-01 4.9958886155e-01 -1.2834594784e-03 -1.2308223925e-01 -2.0254003365e-01 2.7507686968e-02 2.6752743567e-01 9.3347611227e-02 -8.5722657123e-02 2.3900889908e-01 9.4547113623e-02 1.8983237301e-01 1.4824760415e-02 4.0292397018e-01 1.1651117086e-01 -6.9801831957e-03 -1.5938561321e-01 2.9010724839e-01 -9.0653757110e-02 1.6807335670e-01 1.8233802752e-01 3.7041473771e-01 2.2858929917e-02 2.4149986033e-01 -1.5716743088e-02 4.9943673269e-03 4.0259513839e-01 -1.2604414937e-01 1.0314385421e-01 2.4497831734e-01 -9.3958269612e-02 -1.9140037045e-03 -2.7876679896e-02 -1.1196450193e-01 -1.4670960095e-02 3.4883245873e-01
-2.1652122169e-01 4.9706707283e-02 1.5926240886e-03 3.7075578010e-03 3.5383583541e-01 -2.4594401203e-01 1.1223509341e-01 8.2168182107e-02 2.4097902121e-04 6.4909708726e-03 1.4340299670e-01 1.6292303256e-01 1.5038812707e-01 -2.7414436166e-04 -7.8861720744e-02 6.7955245803e-02 1.6308890006e-03 4.9262124006e-02 -6.2634015961e-01 -1.4122669750e-01 -4.7316065432e-02 -2.4080480760e-01 -6.3248746816e-02 4.4599640587e-01 2.1084262241e-01 -1.7505603234e-01 -3.0688279119e-02 -3.3026492063e-02 -9.7942979441e-02 -8.9838882092e-02 1.3507343785e-01 2.9393422595e-01 -2.4963257395e-01 -3.5284048255e-02 -1.7885093199e-01 -4.3260254761e-01 -2.0789753933e-03 1.4442422768e-01 2.4591707211e-01 -3.4237718745e-01 2.9501343555e-01 -1.2825047401e-01 2.3236991139e-01 -8.6780034997e-02 -3.1484257492e-01 1.4781862857e-01 -3.0183862431e-01 -8.2535237331e-02 3.0541653184e-02 6.2965334997e-03 -1.3187364393e-01 1.9055811660e-01 -1.2282649421e-01 -4.9103089797e-02 -3.2599895422e-01 -3.3906438331e-01 -8.2571366810e-02
-1.7237153217e-01 -2.4530257686e-01 -3.2421206751e-03 1.3008212439e-03 9.0732897538e-02 1.7298152475e-01 1.1216933161e-01 -1.6922306946e-01 5.4724221753e-03 1.1822800908e-01 -3.8392348865e-01 1.3831522972e-01 -2.2220224519e-01 -2.4659161634e-03 -2.3991595943e-01 2.7250509254e-01 9.0293893105e-05 -2.3939096187e-01 1.4668435675e-01 -1.0171799731e-01 1.8189354741e-01 1.8896954228e-01 -2.2585381623e-02 -1.2567725640e-01 1.0384495649e-01 -4.1188527595e-02 -2.5446100926e-01 1.7928356338e-01 3.1655515414e-01 4.8321393483e-02 -2.4544686417e-01 -7.1581398551e-02 1.4458946408e-01 -1.9222960403e-01 2.5282201681e-01 -2.3897240434e-01 3.1095723144e-03 -1.8298218901e-02 -1.0810160519e-01 8.8553592103e-02 5.7263192987e-01 6.1247422503e-02 -1.1499151591e-01 -1.7968141333e-01 6.0176886000e-02 -2.2536593982e-01 -1.6747591067e-01 -3.6836834603e-01 -2.7977552319e-01 -9.6119184188e-02 4.6882232417e-02 -3.2861746325e-01 1.2317468353e-02 1.5829833245e-01 -1.9004000707e-02 -4.1694347048e-02 -5.0764733987e-02
-5.8512787969e-02 5.1882686876e-02 1.9367013590e-03 1.7677007714e-03 -6.6174496119e-02 -2.3233999169e-01 2.0187131138e-01 1.5172503065e-01 1.2773848320e-03 -1.8208552987e-01 -8.9588401980e-02 6.4971971843e-02 2.6269688655e-01 -1.2346516099e-04 2.2208463912e-01 3.6600631882e-01 7.3616098783e-04 1.6104659969e-01 1.0595524884e-01 2.5746643500e-02 2.9210921527e-01 7.1385421929e-02 3.5872533314e-02 1.0663922686e-01 1.5083584852e-01 1.6295823131e-01 -7.7923898491e-02 8.7791624010e-02 8.3197656873e-02 -1.1996265693e-01 -6.2349505704e-02 1.0774410635e-01 1.6748386999e-01 2.8203325658e-01 1.6284021327e-01 3.3915491362e-01 -1.4252340177e-04 9.4080625778e-02 -5.2389265220e-02 1.4084925044e-01 -1.1753252572e-01 -1.7217102264e-01 2.4537999238e-01 1.8694812608e-01 2.6271062253e-01 5.8318592830e-03 1.1665912742e-01 -2.2863786165e-01 2.9471205591e-02 1.1973866607e-01 7.1802621858e-02 5.1590350053e-02 -7.6308141309e-02 5.0802011482e-02 -9.4612394560e-02 2.2247246606e-01 4.3047342412e-02
9.5907388076e-02 7.3632349870e-03 1.7477274605e-03 -3.5372968027e-03 -1.2077497155e-01 1.7970384759e-01 2.3452658354e-02 -7.7958597670e-02 -1.5851913498e-03 -2.0608648296e-02 2.3775093487e-01 9.5747360478e-02 -3.1717093796e-02 5.6402764126e-03 -7.6979452783e-03 -9.7136292270e-02 8.7881083552e-04 -5.6064444246e-04 -4.6660030931e-02 6.9907464095e-02 1.7196904019e-01 2.3428296291e-01 -1.3224031480e-02 1.7880447749e-01 1.7836455356e-01 2.1630211044e-01 3.3249431323e-02 5.1841639761e-02 2.0281579688e-02 -6.2986303397e-02 1.9594838084e-01 -1.0563748357e-01 -1.1197010979e-01 -8.4144762874e-02 1.1889208589e-02 1.2717924859e-01 -8.6383241864e-04 4.6848166321e-02 -6.3855455197e-03 -1.1664232757e-01 6.3609715362e-02 -2.5946127399e-01 1.0459137942e-01 1.6829966770e-01 -4.5886747798e-02 3.2932928834e-02 1.3014814690e-02 1.2866149106e-01 -6.5084066379e-02 4.2564847630e-02 -5.7602634572e-02 1.9386490182e-01 -2.5732203694e-01 -4.7172613409e-02 3.4215269148e-02 1.2659748486e-01 1.2036406850e-01
-1.6501583727e-01 -1.6863979824e-01 -1.9676076363e-03 6.2312348811e-03 2.0093716581e-02 1.1637518365e-01 2.9864127866e-01 1.4561447985e-01 -9.2028264419e-04 -1.4695137059e-01 3.6716835266e-01 4.2075608630e-02 -3.2237001918e-01 4.0950352724e-04 3.5257466450e-01 1.1633061571e-01 -4.4296887396e-03 2.8513649169e-01 1.0616140059e-01 8.1683255379e-02 7.9312432396e-02 -4.4471872942e-02 8.1553282924e-02 -1.0000574971e-01 -9.0831365691e-02 2.4272638529e-01 1.6273562839e-01 1.8841253547e-01 -2.1870915948e-02 1.9927202868e-01 3.1703258021e-02 9.6110805590e-02 1.2515294284e-01 -2.6821550615e-02 -2.9556805863e-01 -8.8618466962e-02 3.2710872113e-03 -7.1897989771e-02 2.8923535166e-02 -1.0073453325e-01 -1.5886570152e-01 1.8175868061e-01 2.3386116242e-01 -1.2308259780e-01 1.2423810342e-01 -1.6910717946e-02 1.8687537116e-01 -3.1560670855e-03 -3.6865375038e-01 -2.2614287209e-02 -2.2118064507e-01 -2.0509116635e-01 3.5136523766e-02 2.1044580399e-01 3.2821032366e-01 -4.0053579941e-02 1.9662512090e-01
3.1051494139e-01 -4.8629104526e-02 -1.7799713893e-03 -2.7966071785e-03 -1.2378393272e-01 -1.6583664700e-01 3.7978819052e-01 -3.3304393393e-01 2.9669307166e-03 1.4094513369e-01 4.4311047122e-02 -1.5907657387e-01 1.3333099216e-02 -4.2414273127e-03 1.3280179601e-01 2.2094403142e-02 3.2760776025e-03 -1.7820170837e-01 -9.9175856025e-02 9.6036825022e-02 6.1734298334e-02 1.4321702567e-01 -3.5653626261e-02 -1.3167281265e-02 8.6713953850e-02 1.7501798865e-01 1.6992572566e-02 2.3721801944e-01 2.6574377405e-01 -1.0413208282e-01 1.3278879541e-01 -1.6780554171e-01 4.4538436873e-01 4.8312247886e-01 -2.4423477104e-02 -1.3378900459e-01 2.3919029676e-03 -1.6717091503e-01 4.3325078839e-01 3.9989969997e-01 2.0535541290e-02 3.4127849770e-02 -1.2212160214e-01 7.5924993109e-02 1.7573549362e-01 2.0090098580e-01 2.2526132067e-02 4.7173540274e-03 1.0717721624e-01 -1.7005275390e-01 -3.4881241710e-01 3.5861370105e-01 -8.9511141700e-02 -2.6034832678e-01 3.9335719322e-02 -4.3052724997e-02 -1.5565401060e-01
-3.5282003693e-02 -4.9311677797e-02 -3.3264943360e-04 1.5084851992e-03 -2.4697695776e-02 2.2233806753e-01 4.5521948801e-01 7.3797449131e-02 3.5327179844e-03 1.2578011216e-01 -2.1249288406e-01 -2.3787253563e-03 2.3246986948e-01 -2.0565144610e-03 3.4386856300e-02 -5.5288649812e-02 -2.0892862276e-03 -8.5779483067e-02 -1.3309997976e-03 2.8379043344e-02 -2.1865901223e-01 -9.5802973447e-03 -3.5741235726e-02 3.2698110703e-01 -2.5616465650e-01 3.4002173596e-01 1.6299929771e-01 1.0305606891e-01 2.0245481706e-01 3.7615786815e-01 -4.0312914306e-02 4.5368466343e-01 1.2761519351e-01 5.8902994279e-02 1.3075282086e-01 -1.9948133642e-01 -4.6635314504e-03 -1.9937468613e-01 -3.7104995362e-01 -5.5449597454e-02 -4.2265970474e-01 -2.7202333573e-02 -2.5282614934e-02 1.0317623668e-01 -7.5557005205e-02 2.4856068707e-01 -3.6980669973e-01 -6.8736863495e-02 -2.2174763750e-01 -2.1380843398e-01 3.4477666837e-01 1.7281929067e-01 2.6364078779e-01 7.1402399394e-02 -2.4850474961e-02 -2.0169049776e-01 -9.3435290388e-02
-6.7540292353e-03 3.1175914998e-01 4.2962912258e-04 -1.5466348962e-04 1.8873240709e-01 1.3017944992e-01 1.2031382357e-01 1.5315516492e-01 -4.1078790164e-03 2.9320051377e-02 -9.8930344318e-02 5.6539885138e-03 1.0060245286e-01 1.9687111991e-03 -3.5737464936e-01 1.5316172694e-01 -1.5177642335e-03 3.2063493605e-02 1.5626071542e-01 2.5489715961e-02 1.2282079264e-01 2.6068178180e-01 -5.7653252608e-03 -2.2352706636e-02 9.1176153388e-03 1.4241095678e-01 1.3743214575e-01 1.4812209099e-01 -8.9240057421e-03 -3.6986494779e-01 -7.8810057987e-02 2.6271454986e-02 1.4258316793e-01 4.9434012877e-02 3.6655744962e-02 1.0941196232e-02 -1.5783562216e-03 1.0231705951e-01 -9.3566691709e-02 4.0737405547e-01 -7.5687700193e-02 2.4153891200e-01 -2.0484948444e-02 2.1637774465e-01 2.3256719388e-01 -1.8904456117e-01 1.5693616744e-01 1.9721395956e-01 -2.0525561020e-01 4.8956016969e-02 -2.8030053730e-02 -4.7722128111e-02 8.1061494194e-03 1.6495671312e-01 7.3900294874e-02 3.8129703071e-01 2.8432484992e-01
1.1220110876e-01 -1.4270555880e-02 -9.0810901082e-04 -4.2485571160e-03 1.2549151449e-02 -2.5705004824e-02 -5.2056535160e-02 -6.4839449125e-04 2.4533722173e-03 1.6223159686e-01 -1.6012547062e-01 2.7123937800e-01 1.7157980002e-01 -1.0868070469e-03 3.2348611098e-01 4.5084214999e-02 -2.3190207276e-03 1.3584406483e-01 1.4983128199e-01 -7.0767076548e-02 1.7985596935e-01 7.4934107074e-02 1.6957547712e-01 1.1633527946e-01 1.6208117341e-01 7.4128010557e-02 3.0000970577e-01 9.7272728604e-02 1.0934253858e-01 2.4429834416e-02 1.2771776111e-02 2.8878263234e-02 -2.6736482968e-02 2.3949504299e-01 1.0085137706e-01 1.8422774306e-01 -2.6153897826e-03 8.9788626473e-02 -8.5770503125e-02 6.1526609769e-02 -5.4234969754e-02 -1.8752552195e-01 1.9454103810e-01 -1.2901173018e-02 8.3855903071e-03 5.7382449531e-02 4.3236921731e-02 -2.3384235328e-02 1.9597138981e-01 5.6055354873e-03 1.2275909773e-03 9.7397225615e-02 2.3800297329e-01 1.1882081835e-01 -3.0512201549e-02 5.0254375255e-02 1.5171070173e-02
9.9754581285e-02 -1.0713004244e-01 -2.8532327131e-03 -2.1155955464e-03 -3.6335185763e-01 -1.0887850160e-01 2.3035767596e-01 2.5692949264e-01 -2.9569071375e-03 -9.8480823486e-02 -1.6920890896e-01 -5.1687521833e-01 -2.6464456115e-01 -1.7327867215e-03 -2.2346370950e-01 1.0595629388e-01 -1.8267111146e-03 2.2999864753e-01 8.4537670321e-02 -7.4269712045e-02 3.3581904738e-01 -2.8702458260e-01 -2.3021513456e-01 -6.3239089026e-03 -2.6699849875e-01 4.3218187564e-02 -4.6252890523e-02 -5.6903179424e-02 -5.2925452920e-02 -9.2724843812e-02 -3.1466785529e-02 2.0753637427e-01 9.4333115802e-02 -1.7757265395e-01 4.5052647339e-02 -1.4883497053e-01 -1.0239821475e-03 -1.0687468113e-01 -7.9556620198e-02 5.9630799969e-02 1.1129996217e-01 1.0440249582e-01 1.8430043351e-01 1.1668175752e-01 -8.3575081099e-02 3.9936495248e-01 -4.1252562607e-01 6.4915936336e-01 -2.8409425903e-01 4.0218524152e-01 1.3746110911e-02 -2.7400479372e-01 9.2753707399e-02 -3.5654447440e-01 -3.9750849740e-02 3.9218876050e-02 -2.1346146775e-01
6.2283251906e-02 -1.6518126006e-01 4.1840679161e-03 4.6192527927e-04 1.0503447167e-01 2.2959239439e-02 1.8984577104e-01 1.1701746509e-01 -1.9745855636e-03 -1.4697803285e-01 -2.3653391418e-01 1.8983878616e-01 -3.0097214669e-01 4.1782770614e-03 -3.1919382788e-01 -8.1931866477e-02 -1.0733600209e-04 -2.3158906418e-02 -4.0676075237e-02 -1.8547030467e-01 5.3400338340e-02 1.7083155723e-01 2.6275418980e-01 -1.7352287035e-02 8.9715017662e-02 1.2192114193e-01 -2.5216754068e-01 8.4405582572e-03 9.4322538313e-02 -9.2002194713e-02 -1.0059338788e-01 -2.1295047030e-01 -7.0160864862e-01 -1.2708221312e-01 -2.8715551971e-01 1.4256910084e-01 -8.5771597000e-05 6.8867742516e-02 2.4434443118e-01 2.6586515844e-02 -1.6982632045e-01 1.2218463043e-01 1.7077049375e-01 1.8381872703e-01 6.7356783377e-02 1.4085858807e-01 -3.3127675506e-02 -4.7237598038e-01 -9.7575679112e-02 -2.9369113292e-01 3.9100703543e-02 -1.9023652345e-02 -9.0736002391e-02 -4.2984490705e-01 7.1113810108e-03 8.4817783073e-03 -3.6425690074e-01
1.8862094870e-01 5.5227627660e-03 -3.4105690371e-03 -2.5102175585e-03 2.1505832068e-01 -3.0059099940e-02 1.5022049678e-01 1.9456681977e-01 -3.7919502750e-04 1.5159012504e-01 7.4126489199e-02 5.0788666874e-02 7.7507112625e-02 3.9995761395e-03 -9.2891868259e-02 8.1564254707e-02 -5.9763494612e-03 9.9109742655e-02 -7.1681559440e-02 -7.7738990823e-02 -1.4431296190e-02 -7.4659747004e-03 1.7405080379e-01 7.1095256318e-02 1.6034067370e-01 -2.0835258231e-02 1.0446193100e-01 -3.3032872531e-01 1.3285035365e-01 -1.5900439283e-01 1.9466362137e-03 -8.9024054147e-02 2.8281336101e-02 4.0937027346e-02 1.3411519729e-01 4.3169450901e-02 1.1603724239e-03 -1.7738901205e-02 -6.3396365167e-02 1.5041656678e-01 8.5864550668e-02 1.4611600507e-01 1.6138281415e-01 9.7969298447e-02 1.9312281334e-01 4.2857609965e-02 5.9659938633e-02 9.7329990105e-02 8.0874728417e-02 1.5676940646e-01 5.2834298256e-02 9.1675729043e-02 1.5356252942e-01 -5.5925845424e-02 -2.1704036730e-03 -1.9670967308e-02 6.1694638587e-02
3.7263840188e-01 -1.9039989372e-01 -3.4600785871e-03 1.4911819819e-03 2.5900042930e-01 5.1953975853e-01 1.7749723500e-01 -1.3878713034e-02 -1.3071098978e-03 4.7364180358e-01 -1.3266757956e-01 -9.4949108734e-02 -2.1951126934e-01 2.1365691198e-03 2.8435302397e-02 1.7207488880e-01 1.7838017745e-03 2.2551536962e-01 5.2390271271e-02 -1.3263125309e-01 3.0557575094e-01 -3.2583121979e-01 5.4821007892e-03 -1.7701199865e-01 2.0282211834e-01 -3.9235133601e-01 -2.0092005699e-01 1.4014693983e-02 -1.5036787048e-01 -6.8675078667e-02 4.6837310700e-01 -2.2351051236e-01 3.4222005117e-02 -3.0681089633e-02 -2.9317035751e-02 -2.6957532517e-03 1.8936304578e-04 -1.2261532436e-01 5.2104943803e-03 -3.5909822061e-01 7.9336488546e-02 1.5670906895e-02 -1.5177835567e-01 1.2436150780e-01 -3.1773232081e-02 2.1989089456e-02 -2.5836961184e-03 -6.4183429702e-02 -6.3754147668e-03 -2.4825940177e-01 2.4222299566e-01 -5.5689596998e-02 2.8346483597e-01 2.2967050217e-01 9.1980481436e-02 -2.2945738234e-01 -1.9367729385e-01
-1.4246563741e-01 -8.7009822121e-02 1.0571156947e-03 4.2131009267e-03 -1.5624269488e-01 3.5362997615e-02 -3.0418047799e-01 -1.0964007175e-01 -4.2380752904e-03 6.0681471159e-02 -1.9037190653e-01 -5.7513780168e-02 -3.0886552764e-03 2.5197830183e-03 -2.8118439914e-01 -6.5052709018e-02 2.4025141447e-03 -1.2227061207e-01 -8.2052747603e-02 2.4449860978e-03 2.8480579400e-02 -2.7509616873e-01 9.4086777528e-02 -5.0607438630e-02 -8.8246824089e-02 -2.1537473344e-01 -4.3050651333e-02 -4.9847334343e-02 -1.5671269826e-01 -6.3903933157e-02 -4.0030565487e-02 -2.6871587683e-02 -6.0004514365e-04 -8.3940606657e-02 -1.6906032208e-01 -5.6164841609e-02 -5.0707739665e-03 -2.2458193975e-01 -3.9696955309e-02 2.2335356079e-02 -7.0692250433e-02 4.6862882857e-02 -1.6221111062e-01 -5.2119305190e-02 1.0084419335e-01 1.6407627027e-01 -2.4027892362e-01 -1.0704343319e-01 1.5349563714e-01 -2.4697642163e-01 -4.7851235711e-02 1.5676365742e-01 -6.0345329767e-02 7.7615406655e-03 5.3794302879e-02 1.3117352406e-01 -1.1920578575e-01
-2.1035425016e-01 4.6154592288e-03 -1.1784332393e-03 1.7879322943e-03 1.2847169309e-01 1.9125289829e-01 -9.4594071021e-02 1.4339163516e-01 3.9673785607e-03 -9.9890997394e-02 2.4842227315e-02 -4.5886590942e-01 1.3089258964e-01 -4.9990741952e-03 5.6441197923e-02 1.5561431150e-01 -6.9705728338e-04 1.2521511116e-01 9.7836798697e-02 1.2825747830e-02 1.0960737930e-01 -2.3248386419e-01 1.0331781311e-01 8.2231735397e-02 4.1157541670e-02 2.6738696469e-01 -6.1018621279e-02 6.9004794104e-02 -1.2634241255e-01 -1.2018221986e-03 -6.8211316383e-04 4.4341789077e-02 -1.5942611442e-01 -8.7428221661e-02 1.2037369393e-01 1.6807111357e-01 -1.5508473804e-03 1.0841379068e-01 2.7517307403e-02 4.5926906925e-02 1.0497837741e-01 1.9436642016e-01 1.2045892627e-01 1.2904403063e-01 1.9624149241e-02 -1.4644634461e-01 -6.8546165490e-02 -3.2336914817e-02 5.8899285507e-02 2.2385401390e-01 2.4229957035e-01 9.1582550514e-02 -1.1088880843e-01 2.3468721515e-01 -1.1670786098e-01 1.4773734919e-01 3.8345873277e-01
-4.9850440016e-02 2.9490168354e-01 1.1850996393e-03 3.8743618540e-03 3.9984081818e-01 -2.8984906843e-01 6.2763456807e-02 -1.1957588835e-01 3.5254125955e-03 2.7136327594e-01 3.0593256720e-01 -2.1000171871e-02 -4.7545277753e-02 -1.4768804910e-03 1.8947483865e-02 3.2294626869e-01 -1.2738537535e-03 1.4008065729e-01 -1.3017520071e-01 -1.7181561017e-01 -7.0482306293e-02 3.4575158523e-01 6.0778085551e-02 -2.0561024959e-01 2.0532192772e-01 -5.7640924562e-01 5.2876376738e-02 1.9630423169e-01 4.1271337094e-02 1.4047162713e-01 -5.9481750637e-01 1.0179522058e-01 8.4887472896e-02 -4.0526307613e-01 1.1122054178e-01 -1.8956617444e-01 3.1772036924e-03 1.0286782085e-01 -4.9294353315e-01 -4.8798291354e-02 2.0169243997e-03 -3.1888965099e-01 -1.5481879213e-02 -1.6838875443e-01 2.4504005196e-01 2.1891338447e-01 2.9991191823e-01 1.4156441532e-01 6.9964323670e-02 2.0937458867e-01 9.6368152385e-02 1.0302959825e-01 -3.1909604368e-01 -4.6405391235e-01 1.8033995819e-01 1.2463564942e-02 -6.3538917211e-03
7.2322115478e-02 7.9060398410e-02 -5.8331165024e-03 -1.7177464037e-03 9.2049207250e-02 1.2712920633e-01 1.2860449029e-01 2.6471350406e-02 -9.8923340530e-04 1.2979641609e-01 1.2912920556e-01 4.5503326206e-02 5.6020433287e-02 5.9498966724e-03 6.0844925900e-02 1.1560022637e-01 -2.6363890432e-03 2.1847370211e-02 9.0839186896e-02 1.3307542323e-01 8.5684591914e-02 5.8747680779e-02 -3.5115620103e-02 9.8658290746e-02 5.3849809144e-02 9.1609778603e-02 9.6158142632e-02 1.5446922912e-01 1.0662815541e-01 1.6983432147e-01 8.4540435613e-02 2.5563178054e-02 -1.0693908632e-01 4.1168737440e-02 -5.3716630824e-02 -1.1454369181e-03 -3.4795999321e-03 1.0755719367e-01 7.5384670209e-02 1.7416001323e-02 1.2376111565e-01 3.2238535081e-02 9.7181167016e-03 1.3191330738e-02 3.7282967380e-02 -1.0074090329e-01 3.2862921559e-02 7.1612046276e-02 4.4355836303e-02 -6.7120529982e-02 8.8311566107e-02 3.3153496293e-02 1.4841086426e-01 1.3060812546e-01 1.5314873027e-01 7.2992205060e-02 5.9950823820e-02
1.3005559280e-01 1.8558284439e-01 2.0886069861e-03 8.4596412531e-04 1.4542661241e-01 1.6777919912e-01 7.8652830901e-03 -1.1604252860e-01 2.5410621398e-04 -1.1238575516e-01 1.9133876739e-01 -1.1268657760e-02 2.4517001721e-01 -2.1237649087e-03 2.9021150033e-02 2.8065920730e-02 -2.5316842320e-03 3.9197899002e-01 3.2756269041e-01 2.2625108612e-02 3.2305491900e-02 6.1378108454e-02 1.3075301410e-02 2.2652922186e-01 -7.3680092656e-02 3.4123137419e-02 -1.3390256788e-01 6.0050771056e-02 1.0230564085e-01 9.1281045760e-02 -1.2966768595e-02 -4.7176883397e-02 -1.7274242779e-01 7.9609458904e-02 1.2190955188e-01 2.4663195442e-01 5.3730447809e-07 1.1182676457e-01 1.6432064358e-01 7.8077008611e-02 2.1162234002e-01 2.5210137680e-01 -1.7029196500e-01 6.3392651200e-02 -6.3439743387e-02 8.9900621614e-02 -1.4666731167e-01 -1.4725951258e-01 2.4863236535e-02 -2.2480105649e-02 2.2492655414e-01 1.6660869337e-01 -1.5711028495e-02 -2.3189022563e-02 -6.7756138751e-03 -5.6810249638e-02 2.0004108106e-01
7.8111895658e-02 1.1973107853e-01 -2.4373007571e-03 -1.9706466694e-03 2.8003113073e-01 -1.7266891923e-01 1.3356201035e-01 3.8142478719e-02 -5.6985005598e-03 9.1833275028e-02 -1.8653518420e-02 -8.3190144093e-02 8.1528300811e-03 -2.8453892472e-03 1.2751471654e-01 4.7920888112e-02 5.7852258437e-04 2.6463762628e-01 8.2794830165e-02 -6.8365630128e-02 -1.3736370542e-01 1.6174127876e-01 1.5415767067e-02 -3.4860688362e-01 1.9966588104e-01 1.8906032542e-01 -4.7864061048e-02 -8.7261675606e-02 6.1230465988e-02 -8.9729828453e-02 -2.8665917972e-02 1.1022218119e-01 -1.3807079006e-01 -1.2903665282e-01 1.6077061097e-01 3.3184106380e-02 -2.3668211595e-03 -9.0089316606e-03 -1.7986098539e-01 -2.3989392093e-01 5.7467821103e-02 -1.4572128791e-02 -4.3968104174e-02 -1.5099904456e-01 -3.9056436388e-02 5.7317975232e-02 1.1555148290e-01 2.2471369670e-01 -7.4362914483e-02 -2.2791286288e-02 2.9143997986e-01 -4.6336068364e-03 -1.2771848748e-01 -5.1457388588e-02 6.8712995782e-02 8.7126613719e-02 -9.0348197590e-02
2.7638609634e-01 4.1555558277e-02 4.6366789302e-03 -3.2180025760e-03 -1.1011364666e-01 -1.0844243005e-01 3.4191323598e-01 -5.9675499859e-02 6.0802325066e-04 -1.3702532131e-01 -1.6018489010e-01 -4.7380097141e-01 5.4510178277e-02 -2.0353074369e-03 -1.2338987781e-01 2.6745206824e-01 -2.8143263639e-03 1.1726216794e-01 3.3510691664e-02 7.8410977968e-02 1.3354555015e-01 9.3325786872e-02 3.0506677746e-02 6.2383056419e-02 3.6527066578e-01 -1.4677882160e-01 -2.1455759194e-01 1.0164061870e-01 9.3209943301e-02 -1.6023569247e-01 -1.4687198357e-01 1.8354771605e-02 -2.3115382145e-02 1.5227239642e-01 -3.2281185537e-01 -2.5861691677e-01 -9.2069554573e-04 3.4535258829e-01 1.4323188379e-01 -9.5104934008e-02 -9.8800705125e-02 -1.3173619947e-01 -2.3137644107e-01 5.3062903108e-02 -2.1367954341e-01 4.2145881824e-02 -6.8802047383e-02 -1.8770485326e-02 5.7804273720e-01 -1.8716743102e-02 1.6373079362e-02 -4.9122400462e-01 -3.5535764283e-01 2.3483491165e-01 -2.3695129883e-01 3.4385550721e-01 3.2248776576e-01
6.9633488219e-02 2.4286645315e-01 -1.0424650892e-03 -1.4990435244e-03 -7.6185021921e-02 1.1370242634e-01 -7.0438650898e-02 -2.3072415483e-01 -8.6151658579e-04 6.2072523989e-02 1.4798152868e-01 1.6702935958e-01 1.3211154794e-01 2.7881200133e-03 2.8887416958e-01 2.8204110966e-01 -2.1469119256e-04 1.0255234505e-02 1.2422798640e-02 -4.1595198086e-02 -9.2556417271e-03 8.0834182314e-02 2.9602133745e-02 4.3692958304e-02 6.6584660111e-02 1.3995362942e-03 1.8793023275e-01 -3.3019511269e-02 1.8815921094e-01 6.7962664653e-02 2.8187855397e-01 4.8841447271e-02 -5.4830643826e-02 -5.8320346338e-02 1.4119941389e-01 4.5535124225e-02 -2.3954914334e-03 3.5389418818e-02 1.6994142436e-01 2.0104618235e-01 6.2264371115e-02 1.6442761146e-01 -3.4992667016e-02 1.3165934941e-01 2.7282661186e-01 2.2267641701e-01 -2.2921149029e-01 1.1613203590e-01 -2.0380163044e-01 1.1200975227e-01 -3.2357495888e-02 6.3787786747e-02 -6.7796199068e-02 5.7076386362e-02 -1.5573984780e-01 1.6042166664e-01 -1.9756439655e-01
-1.4009596793e-01 -8.2061021802e-02 -2.7547989344e-04 -7.6687936919e-04 3.7847691689e-02 2.6349199254e-02 -4.6058540776e-01 -1.1748555583e-01 -8.8837074235e-04 -2.4111292301e-01 -3.7361886163e-02 -1.3910982709e-01 -3.1937883989e-02 1.9995546104e-03 8.7440934303e-02 -9.3478697788e-02 -1.9677667388e-03 -3.6758576987e-02 -1.3684485562e-01 8.1880831744e-02 1.6816629153e-01 -9.6714662965e-02 4.0780557386e-02 -1.7288189917e-01 -3.6868803858e-03 -3.0959427195e-01 1.6656444385e-01 -4.8627829602e-02 -9.5062118649e-02 -1.2433162460e-01 -1.0214106889e-01 2.5197743010e-02 -2.1308322355e-01 6.5014568269e-02 -3.2302554673e-02 2.3009638993e-01 -2.4539942503e-03 4.8462739738e-02 -2.2285037055e-01 -8.9732292112e-02 -1.1110399679e-01 -2.7233162624e-02 -1.4110837000e-01 -1.3519124982e-01 4.0130175173e-02 -3.3574894898e-02 -6.8890250082e-02 1.0131518252e-03 -1.0191981821e-01 5.2371327011e-02 -5.5727904929e-02 -5.3334258738e-02 4.4650268854e-02 -1.0026809360e-01 -1.7069241085e-01 -7.3416780349e-02 -2.0078768607e-02
2.8030699809e-02 1.2675642602e-01 -5.9280755330e-04 2.2150763585e-03 -4.5199708759e-01 -3.4057438839e-01 2.4366413000e-02 4.7603787594e-02 -8.1941322277e-04 -2.0419884263e-01 -2.7561579938e-01 1.5726889374e-01 4.2938841970e-01 -5.3411974285e-04 5.3424172338e-02 4.6370910885e-02 -4.1260318319e-04 -4.5243990203e-01 -3.6802095509e-02 5.7462025298e-01 5.2236726455e-01 -2.7895579502e-01 8.9530983870e-02 -2.3686807731e-01 -7.4295936248e-02 1.1720920470e-01 -6.0589638548e-02 1.7224420684e-01 6.0604437821e-03 -1.0281285028e-01 2.3975296316e-01 1.2750768190e-02 -4.0343029479e-02 -2.3283455461e-01 1.1644516241e-01 1.3179982134e-01 -1.1711831470e-03 -2.9682385623e-02 1.2528387237e-01 -4.1291981773e-01 2.6699410477e-01 5.2796441967e-02 -8.7848856844e-02 7.8122052429e-02 2.9961300059e-01 4.6774651653e-01 5.3849268168e-01 -7.1337196331e-02 -8.1587775310e-02 -6.8215629192e-02 -1.0965787540e-02 -2.8964959669e-01 -1.1727310819e-01 -1.8381220586e-01 3.8558927408e-02 -8.5409955798e-02 -1.0012528984e-01
-6.5700776818e-02 1.7386404591e-01 -8.8360000276e-03 -1.6806585207e-03 3.0350645218e-02 3.5059821523e-01 1.4491195387e-01 1.2796916848e-01 2.4117094554e-03 1.5513835776e-01 2.9622681447e-02 -5.1140039303e-03 9.2466088707e-02 9.1247013880e-04 -7.0788631472e-02 1.7916067719e-01 -2.3123352385e-03 7.1056770015e-04 1.1300379453e-01 3.5821087888e-02 1.7312782966e-01 1.3607359963e-01 3.7443583275e-02 -7.9319997739e-02 6.5174359669e-02 -2.6739742881e-01 -5.5870968996e-02 8.2159401913e-02 1.4046673859e-01 1.9256153723e-01 1.7553205839e-01 9.4480597904e-02 7.9916347158e-02 8.2349240607e-02 6.2171974888e-02 2.2737566163e-01 1.6330226879e-03 -8.0287399522e-02 -1.2160174430e-01 3.2856367301e-02 2.4785393234e-01 3.9319073134e-02 3.2284603181e-02 -2.0836667800e-02 1.5208222966e-02 2.4033495246e-01 2.8965224303e-02 3.5301477651e-02 2.1649774715e-01 -8.6975876228e-02 1.2222271445e-01 -4.4067341496e-02 6.3314406849e-02 3.3888739415e-01 1.2869248281e-01 8.2880612155e-02 4.5717195771e-02
-2.0849137977e-01 -3.1944178304e-01 2.3381138519e-03 -6.5838114889e-05 -9.0187596317e-02 -1.5571045366e-01 -2.4444367881e-02 3.2318026531e-02 -1.8387282731e-03 -1.1773496604e-01 7.8061592237e-02 3.1792639489e-02 2.2159176288e-01 1.6715505348e-03 -4.0948645722e-02 -2.2966606058e-01 -3.2425291102e-03 1.0048117608e-01 3.5731471817e-04 -1.5352264728e-01 -5.3558966141e-02 -1.4076783981e-01 -7.9888220557e-02 -3.5850537868e-01 -1.2873367610e-01 -5.7942148497e-02 -8.0627177810e-02 1.4680280499e-01 5.9860217130e-02 2.3802591253e-02 -1.2921733994e-01 1.5649783076e-02 1.1236370003e-01 -1.6524031469e-01 -1.0177292795e-01 -4.2788798239e-02 -2.4673308186e-03 -9.3050771703e-02 2.0880034915e-02 2.0373170124e-01 -3.1355183388e-02 -1.6214483699e-01 2.4357343260e-02 -1.8313687862e-01 -1.2780976341e-01 -1.1317916464e-01 -2.7284933988e-01 1.6009488583e-02 -2.4055601517e-01 -1.2189812144e-01 2.8478067118e-02 -6.6353885345e-02 -2.4694983378e-01 -1.3728003117e-02 -1.3072636329e-01 6.9705565899e-03 7.3262240294e-02
-2.9230712727e-01 2.5840165442e-01 -2.9929289249e-03 -1.3935730424e-03 -3.0252903351e-02 7.7321456185e-02 -2.5720403193e-01 -2.2407575531e-01 -1.7627342834e-03 -1.4563458408e-02 -9.7662738705e-02 -1.5861841451e-01 -1.4688457187e-01 -5.1785084726e-04 1.6293361175e-01 -1.6278648782e-01 -1.7449292624e-03 -1.0524204883e-01 -8.7464881389e-02 -4.2700005992e-01 4.6148978857e-02 -1.2236739070e-01 2.6067222378e-01 1.2368367547e-01 -7.1889963822e-02 3.0719890044e-01 1.8336680702e-01 6.2901812862e-02 3.8931942360e-01 -1.5003097338e-01 -3.3092786976e-01 -3.0191186158e-03 5.6712612489e-01 -6.6389718870e-02 -6.8208131702e-02 1.9338733978e-01 1.4659195592e-04 2.2608666516e-01 3.3709424231e-01 1.1820843323e-02 -7.2990752243e-02 -5.9619214756e-02 1.5018563941e-01 -1.1534113498e-01 3.2374636422e-01 1.4688734869e-02 -1.8575084850e-01 -2.4392619891e-01 1.4646887480e-01 1.8962842906e-02 -1.1887977294e-01 -3.9057003663e-01 6.2757118935e-02 -3.5597937389e-02 1.7426811616e-01 -3.8903194530e-01 -1.8117260883e-01
2.1285238420e-01 -1.0012065100e-02 -2.8460338691e-03 -1.5356834698e-03 -4.9690700035e-01 3.5443821867e-01 2.1900032267e-01 -9.3503464081e-02 -1.9699436670e-04 -2.5655123742e-01 4.1700156464e-02 -5.8867092188e-02 4.1838130070e-01 2.4733425176e-03 -6.8592096593e-02 1.1443523092e-02 3.1154399585e-03 -1.3054817841e-01 -1.1349793377e-01 -5.4350198135e-01 2.9826238020e-02 -4.8074594704e-02 -1.1423108496e-01 -4.5831147434e-04 2.4625364341e-01 -1.7979989501e-02 4.5629510190e-01 7.6953916293e-02 2.2435293667e-02 -1.3377785412e-01 -1.1862335357e-01 -1.4228310537e-01 4.9019649094e-01 -2.6016631396e-01 -4.9653653641e-01 3.0431438929e-01 5.6814462609e-04 -6.9911260594e-02 8.1392719248e-02 -1.0327893361e-01 9.9360729417e-02 -6.6893889664e-02 -6.6748888837e-01 -2.9694079368e-01 -2.4837518120e-02 -1.1570568860e-01 6.3124303700e-02 1.1926605634e-01 -3.0224955819e-01 2.4309549188e-01 2.6582466635e-01 5.7509174188e-01 1.6527824990e-02 -4.4944929287e-02 -4.8100121375e-03 -6.3490446192e-02 1.9605277148e-01
-1.0308916042e-01 -5.3671332644e-02 2.7907698678e-03 8.1225559723e-04 9.9838510377e-02 1.4127088781e-01 2.2098344804e-01 7.7109055057e-02 3.1338695689e-03 1.2725201368e-01 9.4173401329e-03 4.9730873773e-04 2.9069820079e-01 -4.5333752463e-03 9.0596189534e-02 1.1211168810e-01 1.1740562329e-03 -1.1932179436e-01 2.5379088403e-01 5.7271086875e-02 -5.6952499645e-02 -1.6583635652e-01 -3.0185233643e-02 2.1966082727e-01 -1.2316822537e-02 5.5296741890e-02 1.2973836389e-01 -2.3552585596e-03 4.6356611023e-02 -9.4413421355e-02 -1.1085845822e-02 2.6018907554e-01 1.4935230243e-01 7.2514312388e-02 3.0890629086e-02 9.4932162932e-02 3.5107850298e-03 2.5540758604e-01 1.2651271101e-01 1.2242335361e-01 2.5455919710e-01 3.1201532517e-01 1.2163264348e-01 -1.9070377797e-01 -6.9952655812e-02 1.1425130724e-03 3.2686176693e-01 -6.8948892557e-02 -4.6918535883e-02 1.1872125397e-01 -2.5883325187e-01 2.7443746438e-01 2.1135176034e-02 3.2441072821e-01 -6.1567653407e-02 6.2843494744e-02 -1.5888105308e-01
2.2245944342e-01 1.8868624200e-01 3.8286448327e-03 5.4319776577e-04 -1.8588638644e-01 -7.5780495071e-02 -3.2812641613e-03 -2.0848454474e-01 -2.0320853573e-03 -2.3410887661e-01 -1.4677744812e-01 -1.7575755622e-02 -3.2078378791e-01 -2.1155692388e-03 3.2090906301e-02 2.0165496812e-01 -3.4030174910e-03 -2.2035172279e-01 -2.4767172798e-01 -1.5694070224e-04 -2.8051407583e-02 -4.4930005635e-02 -1.0274059559e-01 -1.7070253093e-01 -5.8673425781e-03 -1.8761414484e-01 -8.5276577410e-02 -1.0706618038e-01 -3.3302280922e-01 1.9880460306e-01 1.4480809573e-01 2.6012143032e-01 -7.0185666688e-02 -2.7490840836e-01 2.6330860030e-01 1.0190545357e-01 -3.5825737906e-04 -1.6216917944e-01 3.5526792294e-01 7.2848717583e-02 -2.3748709719e-01 -8.2368085013e-02 -4.2577111183e-03 -1.7253174910e-01 -1.5840713687e-01 -1.8303395526e-01 -1.9177730600e-03 -1.7930269635e-01 -1.7972394886e-01 -6.5774812900e-02 4.1978475224e-02 1.5459551527e-01 -1.1854690799e-01 1.9997513786e-01 -1.2741803286e-01 1.3722392270e-01 -7.3812203777e-02
-9.1708587939e-02 -2.0297211876e-02 -6.3098402618e-03 -1.7165409827e-03 3.3161185874e-01 -7.8175268211e-02 1.0994100938e-01 -5.8282392333e-02 -4.1871028262e-03 3.6846168919e-02 1.2481372591e-01 8.0843264866e-02 -1.1088046429e-01 5.0298528586e-04 1.6049078883e-01 2.5539303702e-01 6.4900700953e-04 8.6944771037e-02 5.4053873244e-02 -8.6493720396e-02 -4.7809654270e-02 -8.6425733973e-02 7.4205072933e-02 5.0726098322e-01 -5.5509660010e-02 4.1407036574e-02 2.1737786029e-01 1.1478190487e-01 8.9642401167e-02 1.3514075751e-01 1.5873307371e-01 -1.7182339144e-01 1.9992607901e-01 -3.0560946243e-01 2.1460336942e-01 8.6251129494e-02 1.8165372895e-03 6.0250922640e-02 8.1282338238e-02 6.7493795607e-02 8.4020273127e-02 2.1076122716e-01 -1.6650149708e-01 1.3040264361e-01 -6.7346923962e-02 7.4397230700e-02 9.7734767999e-02 1.4632156034e-02 -1.1323221762e-01 9.7634130040e-02 -8.1525272898e-02 -1.2302283812e-01 1.3940519766e-01 2.2627016977e-01 6.4834105133e-02 2.8166737282e-01 -6.6526568889e-02
-3.9254569718e-02 9.9892148585e-02 1.2738821110e-03 2.0472588140e-03 8.7673378571e-02 3.4168473219e-03 -1.1926601081e-01 -1.1561209478e-01 5.9510524630e-03 -8.8503940405e-02 -3.3070848222e-01 -1.5107532378e-01 -9.0629604379e-02 1.7629164008e-03 -5.1818864173e-02 1.8042295481e-01 -1.7085866713e-03 1.3538114829e-01 5.7860120687e-02 -1.7659405187e-01 -2.1520372555e-01 -2.3374496047e-01 -9.6446052733e-02 7.9320191213e-02 -5.1950357095e-02 6.9462318276e-02 -5.9872276070e-02 5.3244250870e-02 -2.9723940964e-01 -1.7843577787e-01 -1.2179572978e-01 -1.9633043372e-01 -1.0414903903e-01 4.1962353141e-02 -8.9088162395e-02 -5.3406128334e-02 2.0920715231e-03 -3.4514883984e-02 -3.0279148580e-01 -2.1213682607e-01 -9.5486632608e-02 3.6553847218e-02 -2.6978476816e-02 -1.4165234481e-02 -2.2006261912e-02 -1.1673816824e-02 -7.4223018572e-02 2.0606964808e-03 -1.1109896655e-01 -1.9484263357e-01 -1.3705223807e-01 -9.8715973590e-02 -1.9368581554e-02 5.8325117976e-02 -1.3070486950e-01 -1.6474010606e-01 1.2962221726e-01
1.3935095128e-01 -2.6586973845e-01 -8.5637248787e-03 2.4056039987e-03 -5.0851022706e-02 -4.2164620544e-03 -2.1774171883e-02 -1.2151479457e-01 9.9333598395e-05 1.3644337177e-01 1.5708275660e-02 6.5905309253e-02 3.3775767764e-02 1.6938028152e-03 -5.7585111926e-02 1.4366233552e-01 4.0994004520e-03 -8.3881815382e-02 -2.5412232773e-01 -1.0980369105e-01 8.4553577147e-02 1.0784911677e-01 1.3580429798e-01 1.3017437928e-01 -7.2542981015e-02 -1.4186765870e-01 4.0013706422e-02 -1.3983662838e-01 1.2915853885e-01 7.1682469723e-02 1.1596595974e-01 7.3255497461e-02 1.5881940383e-01 1.4334179967e-01 1.1649018963e-01 -3.8414291834e-02 3.6849190355e-05 -4.8940075124e-02 3.7528818356e-02 1.1260959108e-01 -8.8770427437e-02 2.5927754791e-01 9.6195888791e-02 3.4333872775e-02 1.1708754140e-01 -1.1865749893e-01 5.0310583726e-02 7.9042809617e-04 1.7349354811e-01 -4.2352341397e-02 1.5464832205e-01 -1.3409358684e-01 5.7011864103e-02 2.2696252420e-01 3.3238857274e-02 4.8091410437e-02 1.6486272238e-01
5.8065276718e-02 -2.0794881205e-01 4.9380941212e-04 -5.3437310300e-03 1.9869315776e-01 3.6821910594e-01 -9.8502764584e-02 -3.1380263637e-01 -1.9671158600e-03 2.5900545069e-01 2.6168600581e-01 1.4368403260e-01 2.1069578554e-01 6.3253994775e-04 -1.1669653434e-01 5.1258999527e-02 4.2928061024e-03 2.4030613464e-01 -3.4753048846e-02 -6.6354243571e-02 1.6634897922e-01 -7.9639421210e-03 1.6078235877e-01 -3.3278962466e-01 1.0227234660e-01 1.9230818988e-01 8.4260851838e-02 1.3617313663e-01 9.0918937853e-02 -9.7217892507e-02 -2.0296084917e-01 2.3088345616e-01 -1.7134181953e-02 2.9113357928e-01 -4.5331995457e-01 5.9006301465e-02 3.6324181159e-03 -4.0600996021e-01 2.2969890416e-01 -1.3043875629e-01 2.8658048940e-01 2.3216506882e-01 2.8657836543e-01 2.4699027617e-01 -4.1313314286e-02 -4.3073177397e-02 -4.1454549796e-03 3.4389622140e-02 -1.1431171433e-01 1.5965321300e-01 -8.3433594207e-02 -3.0793490940e-01 -9.4256749704e-03 1.5915541915e-01 -1.6074973135e-01 1.6647659320e-01 6.7164706149e-03
-2.1831211026e-01 7.7636266618e-02 8.2920085615e-04 -2.1757370950e-03 1.1360782586e-02 8.1523894537e-03 2.2148783034e-01 -1.6868453603e-01 -4.2495702927e-03 5.0785506853e-02 -6.2321677193e-03 -1.1920920390e-01 1.7291606716e-01 -3.0040062734e-03 1.3452215185e-01 -6.3284415918e-02 -5.1531849748e-04 2.4127240955e-01 1.8102871337e-01 9.8626417630e-02 1.8130201656e-01 -1.1032018186e-01 3.1194972281e-01 7.1854434768e-02 2.4938019814e-01 -7.5827562685e-02 -6.8797922072e-02 4.5656456121e-02 4.6203029039e-02 -5.7106849770e-02 -7.0336186901e-04 5.2794808767e-02 2.2779135635e-02 1.3685640297e-02 7.7963989257e-02 -1.0470641436e-01 8.5843218213e-04 6.5669265675e-02 3.3189283671e-02 5.1596513780e-02 6.5866248435e-02 6.7160937273e-02 1.6069744113e-01 1.5922378147e-01 -3.6205978406e-01 -3.9380884305e-02 -3.1225578642e-02 7.8246411751e-02 7.9561671162e-02 -3.2203077857e-02 -2.9854708259e-01 6.0757482293e-02 3.1322447039e-01 -2.0872273203e-01 1.6126047765e-01 1.8950936204e-01 6.1190120678e-02
-1.5353670280e-01 -1.0205449796e-02 1.7072613756e-03 2.5866239822e-03 4.8863648211e-01 -2.5933404440e-01 6.1237885218e-02 5.5805003025e-02 -2.9260451237e-04 -2.4659176547e-01 1.5902979023e-02 -1.0871616765e-01 -1.3527108547e-02 1.0793588056e-04 3.1632837742e-01 -3.0781440168e-01 -2.7596012948e-03 1.3622156220e-01 9.8375405150e-02 -1.1609583345e-01 2.4685150120e-02 -8.6727681414e-02 6.5925514147e-01 -3.3126340344e-01 -2.5627909393e-01 -7.6826787370e-02 8.2235389065e-02 -2.6654425006e-01 -3.4174443493e-02 1.7290607290e-02 -3.2776848598e-01 2.2961163884e-01 -1.5419413091e-01 -2.5603928738e-01 -9.6569699987e-02 -2.7925249822e-01 2.8962169198e-03 4.7238751845e-02 1.1797507821e-01 1.0567744786e-01 1.1376561781e-01 -2.2574680186e-01 -5.2371403708e-01 -3.5242470897e-02 -4.1540159361e-01 -5.5634523132e-02 -5.3363191508e-02 3.3395132055e-02 1.4164289015e-01 -5.0992177358e-01 1.2231391303e-01 -4.5778683585e-02 -1.6682566491e-01 2.4043464428e-01 -3.8510138699e-02 1.0001619914e-01 -2.8737998961e-02
-2.2219286450e-02 7.7009147384e-02 -1.2378533595e-03 -8.6394944377e-05 -6.5770243665e-02 -1.3016342374e-01 -9.6207857826e-02 -4.2018800006e-01 6.2390955141e-03 -1.7377747197e-01 2.2435147213e-01 -1.3518386503e-01 -3.4855572895e-01 -4.9131603436e-03 1.4561805990e-01 6.0073702138e-02 1.2829828942e-03 9.8406031662e-02 -1.4565432208e-01 -5.8388328542e-02 -5.5457197433e-02 -2.6447255230e-01 3.0139972490e-02 1.9766769535e-01 -4.0338202327e-02 -1.5226123959e-01 -3.1997795094e-02 1.7726322847e-01 2.0761851720e-01 -2.7713015608e-01 1.0593299715e-01 -1.5773684636e-01 -3.2803637316e-01 6.5836354352e-01 2.3226421783e-02 -5.3760876620e-02 -1.7989919704e-03 -8.5174785252e-02 -1.3259086134e-01 1.9517106995e-01 -5.9115026370e-02 -9.5497710998e-02 -8.8424959724e-02 1.1356320923e-02 -1.0830976857e-01 1.0780457701e-01 2.6799952845e-01 -2.6299947420e-02 -2.0528689743e-01 -2.1261727712e-01 -9.8385500215e-02 3.6745588257e-02 3.5241236015e-01 1.3627907356e-01 -2.8624643656e-01 4.6031494223e-01 -1.5658964054e-02
-6.6702833510e-02 -1.8334451506e-01 9.9976483683e-04 2.0219199475e-03 -2.3476638231e-01 -8.1802273198e-02 1.2844809218e-01 1.2537919777e-01 -5.3272665776e-03 1.9621018743e-01 2.2722062849e-01 1.7187564804e-01 -2.3111110903e-01 3.2365800715e-04 1.5219940483e-01 -2.2539838854e-01 -2.5416374981e-03 -1.3268071879e-01 4.6994566826e-01 6.7031729360e-02 3.6356662815e-01 -9.6953562544e-02 -2.2997437027e-02 1.2506738896e-01 1.1789858378e-01 -1.5073034196e-01 -1.8347208462e-01 1.2111468042e-01 -6.0266465781e-02 -8.7903374661e-02 -1.5098888734e-02 3.3543232918e-01 -3.0178546721e-02 9.7364702261e-02 1.3984161402e-01 2.9565776334e-02 -4.1727000537e-03 3.5752469456e-01 -6.1188864445e-02 2.3076387909e-01 -1.6142270816e-02 2.4740640961e-01 2.1407692718e-02 -7.9357097726e-02 1.3705893787e-01 2.8410357724e-01 -3.5010764205e-02 -1.6614510408e-01 1.8163260708e-02 1.1970099105e-02 8.8886447971e-02 3.3723260217e-01 -2.1860867927e-02 2.2783497346e-01 -9.6556557569e-03 3.5952528124e-02 8.0757971806e-02
5.2628940506e-02 -3.6697061294e-01 -1.3584144731e-03 4.3975362650e-03 -3.8856928226e-01 -5.8285950743e-02 -2.4014467097e-01 -9.5575765812e-02 -3.7041832681e-03 1.0357263827e-01 -1.6841290024e-02 -2.1064932748e-01 -4.7408095639e-02 3.8607440834e-03 2.4496828866e-01 -1.1985901608e-01 3.2959983211e-03 1.7297532528e-01 -3.7966641219e-03 -1.6011775328e-01 1.1021094775e-01 -2.5005633617e-01 3.4275254399e-01 1.9427183506e-02 -1.4770999009e-01 6.5770841559e-02 -1.8722870787e-01 -1.9110765079e-01 -9.4971131701e-02 5.1626258509e-01 -1.2669285220e-01 -1.4408870533e-01 -1.0732722288e-01 -1.4483150968e-01 5.2099203625e-02 -1.2766355554e-01 2.2805267663e-04 -1.5027607079e-01 -3.4150566747e-01 -3.8241035617e-01 1.2851060625e-01 -2.8738724796e-01 4.4562509199e-02 -9.5947978058e-02 -7.2291788562e-02 -4.6407272434e-02 8.1580100421e-03 9.3027095255e-02 8.9629710670e-02 2.0260495836e-01 1.5435740671e-02 2.7886918052e-01 1.8313705467e-02 3.7380066099e-02 -1.1290465257e-01 -1.8979850885e-01 -2.4129755547e-01
-5.8930801030e-02 -1.6497282378e-02 -5.7080482355e-04 9.6996493105e-04 1.9668487227e-01 3.2018556714e-01 -4.0293928082e-02 -3.1762568807e-01 -5.3020453871e-03 -1.4729068199e-01 1.5827210901e-01 -1.3658059051e-01 7.7396292401e-02 -2.2392142068e-03 1.4700926745e-01 5.5571749621e-02 -1.3078226735e-03 1.8253369701e-01 -2.8116260076e-01 -3.5110870095e-02 -1.5071729323e-01 -3.0730829650e-01 -1.1587073096e-01 -7.5664806199e-02 -2.5824332603e-01 6.6802607914e-02 -1.2792530389e-01 6.9156621547e-02 -2.2901804075e-01 2.0953722920e-02 5.5885110882e-02 1.4325659207e-01 -1.4384835889e-01 -2.2831464075e-02 -3.0490483881e-01 -8.8349928565e-02 3.6755274306e-03 4.6564002371e-02 -8.4040936713e-02 -1.6955055087e-02 -1.8633490286e-01 -1.0718425091e-01 1.5046377973e-01 4.1353395209e-01 1.0393065052e-01 -3.0832327121e-01 5.3788604473e-02 -1.9643832599e-02 5.8502711386e-02 2.2473241414e-01 1.4210793571e-01 -3.2038154146e-02 -3.3484616723e-01 -4.5120122164e-01 -2.7917434875e-01 3.1059768449e-01 -2.2350627742e-01
7.0399811427e-02 3.8761291913e-02 -1.1599595387e-04 1.7135824755e-03 -5.9460354233e-03 -7.9757760021e-02 2.0624930066e-01 4.2011100214e-03 -2.4755898594e-03 5.0379712825e-02 1.2088110464e-01 1.2194849966e-01 -3.0082552787e-02 1.8734362562e-03 -1.0596194517e-01 1.7787101714e-01 -2.6060259459e-03 1.6965811225e-01 4.1218944366e-02 -6.1089210690e-03 1.6873909598e-02 -1.6165270696e-01 6.5189376960e-02 2.7231234381e-01 1.6049846177e-01 -1.0937342716e-01 -5.8974821228e-02 1.2350503160e-01 3.3738788807e-01 -1.1386931335e-01 2.3972130079e-02 -1.8597428472e-02 -1.3993523179e-01 1.7105778321e-01 1.0751188564e-01 2.1527493094e-01 3.2722404663e-04 -1.1414250771e-01 -4.6422504169e-02 9.7300617282e-02 8.1446658449e-02 -1.3137635202e-01 -4.3616115782e-02 1.1859359935e-02 2.2433743047e-01 -2.6597669886e-02 -1.0272116627e-01 7.5467228862e-02 -1.2856732923e-02 2.7755352254e-02 1.5148918446e-01 1.3449703174e-01 2.3340341809e-01 -1.0890475359e-02 -5.2516141819e-02 6.0107386576e-02 1.6126463819e-01
-8.2070996262e-02 -2.5804110348e-02 1.4883060211e-03 -2.1880701727e-03 5.7076341355e-02 1.9203373056e-01 4.5014761499e-02 1.1061250043e-01 1.0383193944e-03 1.0989008746e-01 -2.6562619710e-01 -1.1890010298e-02 7.1555275141e-02 5.1286081094e-03 -1.2318518215e-02 1.2524573234e-02 -4.6366605031e-04 1.2569453927e-01 1.2001172172e-01 8.1588748848e-02 4.0252518782e-01 2.9991355775e-01 1.5570487681e-01 -8.0156306610e-02 9.6717103881e-02 7.8211722901e-02 -3.6192154115e-02 -1.1859576466e-01 1.2083718258e-01 -7.7850562886e-02 2.0923495252e-01 3.2455614939e-02 4.9711847862e-02 -1.5891214839e-01 -4.2175115992e-02 -2.9990426204e-02 1.4633031727e-04 -1.2042508046e-02 2.3007134928e-01 -2.3644059340e-04 2.2026088801e-02 1.5842829253e-02 -1.7404927873e-01 1.9999004087e-01 -2.2467254039e-01 -1.7985105753e-02 9.4956675628e-02 -2.9129115597e-01 -2.5064887733e-01 1.0102084440e-01 1.4517971168e-01 -6.8189065749e-02 1.8312596888e-01 3.7647895933e-02 2.1936773288e-01 2.3259153108e-02 2.4021231277e-02
-2.6699682230e-01 -7.1348776503e-02 3.0433712513e-03 -4.0842424988e-03 1.8190589493e-01 2.0359262140e-01 2.3272740000e-01 -3.8744437779e-01 -3.9335784940e-03 2.2731548956e-02 -1.6487119716e-01 -1.4195209924e-01 -2.0126759042e-01 1.2283176600e-03 -1.3146747946e-01 -3.1206213581e-02 2.0175167849e-03 1.1928011312e-01 -1.0370256821e-01 1.5104417751e-01 5.5554427137e-01 -1.9475398112e-02 1.0274123621e-02 1.2416912048e-01 1.0060102421e-01 6.9915482140e-02 9.0146948739e-02 -8.1460824007e-02 1.5312311493e-01 -1.1138925490e-01 -2.9744555208e-01 3.0890834920e-01 -3.9629424150e-01 -4.1753851199e-01 3.0292728321e-01 2.9106032424e-01 1.6343446491e-03 -1.3684743745e-01 -2.9278060466e-03 -4.2618434603e-02 -1.4155532490e-01 1.1938988317e-01 -3.4722631758e-01 -1.8694594334e-01 5.0591418233e-01 -3.6425583444e-02 -9.7986012122e-02 3.0065440072e-02 8.1349632692e-02 7.3370007348e-02 -3.6014106204e-01 3.6515863086e-01 -1.7857660970e-01 -2.6429008189e-01 -2.7499335122e-01 -3.3229062292e-01 3.2339288880e-01
-2.3835974575e-01 -9.6140351895e-03 1.0004347086e-04 3.6749408108e-03 4.7795541391e-02 -1.2794825594e-01 1.9712082255e-01 3.8607338444e-01 2.7023188589e-03 1.9671904279e-01 -5.2790640410e-02 -1.7791267563e-02 2.8876213826e-01 2.3828136364e-03 2.3371390725e-02 2.0011425296e-01 -5.8874180060e-03 1.8223211416e-01 -4.1813357998e-02 1.1371991824e-01 -2.4319734291e-02 -4.8262702837e-02 4.2634593215e-02 -2.0219426425e-01 2.7253149745e-01 3.5316748841e-02 1.2254205255e-01 6.9378104756e-02 -2.2392810113e-02 -9.7791013208e-02 4.0669033346e-01 -5.8171299272e-02 2.3220735169e-01 1.9266141341e-01 2.1394720353e-01 2.4012399699e-01 3.6753045174e-03 -2.0031896846e-01 -1.8704844934e-01 -1.5530941485e-01 -5.8550195731e-01 4.1611369570e-01 3.5049783091e-02 -2.9649744532e-01 -6.5831415922e-02 5.2491529225e-02 -1.2929465971e-01 1.7774732126e-01 3.3751141610e-01 -2.9225150436e-01 8.1820083361e-02 9.3796844911e-02 -2.3357030927e-01 -6.4644138273e-02 1.8397327938e-01 1.6351115987e-01 -2.1895181829e-02
8.6209742517e-02 -3.1961511438e-02 -1.4524308908e-03 -2.5588900235e-03 2.0448187995e-01 5.0258955174e-02 -6.8576975895e-04 -3.3773213309e-02 7.9894618877e-04 1.5695482829e-01 2.8496387891e-01 7.1261986428e-02 1.4804164259e-01 3.3839263933e-04 -3.0119288100e-02 -5.2726351540e-02 3.8202839031e-03 7.9379733500e-02 2.6425650439e-01 -1.1657188403e-01 -6.9951966293e-03 1.3436354930e-01 2.1177190131e-01 2.0750059885e-01 -7.2182967623e-03 2.4113686621e-02 2.8233619770e-01 1.1719614918e-01 1.9496251482e-01 2.3402369545e-01 2.4273158436e-01 -5.1784140421e-02 2.1821552576e-01 7.2808509714e-02 -1.8939897293e-02 1.4773673622e-01 -2.2824867406e-03 1.8050525178e-01 1.7183695821e-02 1.0741076517e-01 5.6341548214e-02 1.4562419811e-01 -1.0351804327e-01 1.1042428234e-01 2.9442182098e-01 2.1647632075e-01 7.5634465249e-02 1.4737121161e-01 -6.7004518070e-02 1.3700713339e-01 2.3831095011e-01 -1.6322893389e-01 1.7432025025e-02 -6.4846006146e-02 -1.4456317892e-02 -4.5503295893e-03 1.4655186540e-02
-1.7611889878e-01 3.4714104992e-02 -7.4964157105e-04 -1.7795493347e-03 -8.7390281127e-02 1.9919750683e-01 -2.9292740968e-02 -5.8519174653e-02 7.2157234031e-04 -2.4564877013e-01 2.0015303650e-01 -2.0607942459e-02 -3.0629023180e-01 3.4735591099e-04 -2.3930795107e-01 4.5708370735e-02 1.7471398595e-03 -9.7877529987e-02 5.8432915974e-02 -7.1783525762e-02 -5.9209055853e-02 6.8493413135e-02 2.0700852286e-01 -8.3632608128e-02 1.5430106130e-01 2.4904742133e-02 1.8982821676e-01 -8.4350389943e-02 1.0889217588e-01 1.4881533432e-01 -1.3613633358e-01 -2.2079916077e-02 3.3953570359e-03 -2.8489077175e-01 -4.7386942991e-02 -1.8516219091e-01 3.6868225259e-03 -5.2107676751e-02 1.6808200982e-01 1.9545151514e-01 -6.5586291799e-02 9.3208966033e-03 -4.1922722597e-02 -1.7101841458e-01 -3.3620924933e-01 -1.7041056201e-01 -1.1438848042e-01 8.9607695123e-02 4.7233409735e-02 5.4725914511e-02 1.1739055959e-01 -9.6287302644e-02 7.2655993225e-02 -1.3334346005e-01 -2.1289103388e-01 -1.7620682662e-02 -2.2110169895e-01
-8.2905117695e-02 -1.1770704988e-01 -4.3267735088e-03 3.9249347333e-04 2.9555447056e-02 7.7875521305e-02 8.6849294601e-02 -2.2515911821e-01 8.2779471181e-04 7.9662454911e-03 2.2415561209e-01 -4.3431960936e-02 7.7722846932e-02 -7.7902830884e-04 -1.9912448093e-01 -1.0113816932e-01 3.8906398733e-03 -7.1612884372e-02 -7.9441751817e-02 -1.6714984150e-01 -1.7953954171e-01 3.3372430176e-03 7.8418681514e-02 -3.0748956354e-02 -6.2316763710e-02 1.3211732687e-01 -6.4055466545e-02 -7.9570904969e-02 -3.4001918588e-01 -2.4621236598e-01 -1.9637065610e-01 -8.4735790833e-02 -1.2089443714e-01 1.5960532454e-01 9.6544500615e-02 1.2054550441e-02 3.2579556586e-03 -1.8089163174e-01 3.6129375415e-02 -5.7869517166e-02 -1.1025755116e-01 -7.9104580720e-02 -8.7879529977e-02 -7.8356785755e-02 -1.0189632905e-01 9.2578980262e-02 -6.7041855608e-02 -7.0615674803e-02 -1.6611387050e-01 1.6786678013e-01 -1.0569254213e-01 6.9451779506e-02 -7.4410247764e-02 1.2451335080e-01 -1.4069907594e-01 -1.1681760810e-01 -1.5390865999e-01
5.6151723501e-02 5.0801299303e-03 5.2008698121e-03 1.0858194090e-03 1.5254676516e-01 -4.8426787557e-01 9.7753473864e-03 -2.2731411792e-01 -2.2419130170e-03 -2.3681105103e-01 -4.1494872614e-03 -5.1918150852e-02 1.2922017227e-01 1.6193157006e-03 5.7476815931e-01 2.1808900205e-01 4.6089283791e-05 -6.0332286763e-03 -2.5315284114e-02 -1.8034358469e-01 -9.5751870789e-02 7.6740410461e-03 -1.6282183124e-01 1.8070427378e-01 2.0336860818e-01 -1.1077300341e-02 -6.9214622369e-02 -2.0463353917e-01 -2.2641306943e-01 2.3109205958e-01 3.5604566167e-01 1.8242251127e-01 -1.0429131255e-01 -2.9848957365e-01 -5.5819227160e-01 -3.0953514659e-02 5.1439019784e-03 -1.9517960894e-01 -1.2179586540e-01 2.6905572405e-01 -2.3799683824e-02 1.3296190631e-01 8.9490187836e-02 1.8503974770e-01 1.6410456571e-01 1.7438515897e-01 -1.4246690530e-01 -1.8986268092e-01 -4.1037977346e-01 -3.0830669746e-01 -1.8048677377e-01 1.2817832213e-01 1.6224224148e-01 1.9626117684e-01 6.5787572501e-02 9.5243364177e-02 4.4102263866e-01
1.5302984795e-02 -6.3113654681e-02 -7.2322834208e-04 1.0914254206e-03 -4.3472352116e-01 3.6322305482e-01 1.1630906424e-01 4.4609888082e-02 7.3887287040e-04 1.7156984798e-01 2.1557584221e-01 2.9428580720e-01 -1.4980586168e-02 -3.2487975054e-04 2.7466287696e-01 2.8936452667e-01 1.6036622286e-04 3.9436976627e-01 2.2206887276e-01 1.9494049297e-01 -1.7081534606e-01 -2.6224426396e-01 3.3645128521e-01 -7.0362466317e-02 -3.4050203695e-03 6.3044827182e-02 -5.7281515591e-02 -2.1483979898e-01 3.3697298030e-01 -2.7480060286e-01 -1.7479836550e-01 2.3430046051e-01 2.7257516651e-02 5.0531468138e-02 2.1382787041e-01 -6.7131962011e-02 9.2859671303e-05 2.1555688387e-01 3.2036110706e-01 -3.9266591108e-01 3.0006127553e-02 -2.5705922434e-01 -2.7074154150e-01 1.5706788760e-01 4.4496391418e-01 -4.6014252157e-01 1.9572876480e-01 2.6869259135e-01 6.1694855939e-02 -5.6533468474e-02 -3.2830157458e-01 2.1264070821e-01 3.9408868491e-01 2.9122001344e-01 2.0818489778e-01 1.5852083619e-01 -1.6994449942e-01
2.2776617530e-01 -1.7469308070e-01 -7.1978013464e-03 9.3426666635e-05 -6.5293523730e-02 3.6036546266e-02 -1.2146835494e-01 1.5183409734e-02 4.9644317815e-03 4.3005750011e-03 1.6527342518e-01 1.0753569174e-01 1.1260777481e-01 -1.6093298568e-03 -1.4507966487e-01 2.5003325012e-01 -1.8921284137e-03 1.2616741286e-01 1.1150672720e-01 3.3279931827e-02 1.3545414847e-01 -7.2730455793e-02 -4.5946225491e-03 -5.9322150881e-02 2.4393144179e-01 7.4940080445e-02 1.4133236600e-01 1.8034560146e-01 6.3361313257e-02 -8.9896674301e-02 -1.4734896620e-01 1.6042828179e-01 8.1370382865e-02 -6.6900130196e-02 4.8040610104e-02 -1.0049048726e-01 -3.7658338866e-03 1.5080028915e-02 -7.9252964174e-02 3.2966008395e-02 -7.7045013378e-02 1.6142592929e-01 1.6528483127e-01 4.0543259066e-02 -7.0393097474e-02 1.6357108833e-01 1.8784985403e-01 1.5357163740e-01 1.3938424017e-01 -1.1064990264e-01 4.7491043696e-02 -2.5191532391e-02 4.4152265637e-02 3.3010828589e-02 6.4236081571e-02 -1.2791013295e-01 1.6721682901e-01
-3.9248274389e-02 1.0733861766e-01 1.9736293066e-03 9.5974157443e-04 2.9373867202e-01 1.2663182069e-01 -1.0305713775e-01 8.2320360663e-02 -4.7890274941e-03 2.9305903338e-01 -1.1980985371e-02 1.6962315500e-01 1.8968686190e-01 -3.0262695228e-03 -1.4619788357e-01 9.9834267483e-02 -2.6690576026e-03 -6.8044860167e-02 2.1020197150e-01 2.3929445697e-02 1.8929937969e-01 -1.7507865656e-01 -1.3830649276e-01 1.7891633656e-01 1.5379359724e-01 6.9670514816e-02 -8.2814289853e-02 -4.4990978527e-02 -5.1477849075e-02 2.1441165982e-01 1.4390227314e-01 1.7163771029e-01 1.3889777146e-01 9.6420178562e-02 3.7388216155e-02 1.5586527149e-01 6.8230824385e-04 -2.3276675805e-04 5.5050708479e-02 2.4228203882e-01 7.7364963408e-02 -6.5785821238e-02 1.3866391082e-01 1.1003306154e-01 4.8589568651e-02 -1.0840635719e-01 9.3026877421e-02 1.2885788201e-01 4.9591900641e-02 1.7568989125e-01 -2.5987425750e-01 -5.1301390866e-03 1.2152053243e-01 2.0831600977e-03 4.7498178629e-02 1.1434800658e-02 1.6301360488e-02
-5.2062772466e-02 4.4291536707e-02 2.7274195499e-03 -3.7676611415e-03 -6.1620415014e-02 1.0192123364e-01 1.2681685990e-02 1.6066712221e-02 -3.9206943872e-04 -4.3988809311e-01 2.8555634528e-02 -6.7412452974e-02 -4.8763290681e-01 -5.3548333462e-03 1.9361753457e-01 -2.4207234477e-02 -6.0236364892e-04 1.3917512607e-02 -3.4899309959e-01 -4.7468506649e-02 -3.0948277211e-01 7.6711524830e-02 -1.9809387646e-01 -2.5456960676e-01 -5.5545950408e-02 3.9502966456e-01 -1.1504583635e-01 -9.3495098488e-02 5.5244058044e-02 -3.4191544922e-01 7.0716599907e-02 9.2902066887e-02 1.4290556867e-01 -5.3110637862e-02 5.4177240465e-02 1.6387030441e-01 2.1457246725e-04 -1.4744250341e-01 -5.1497580771e-02 -3.0807204026e-01 -4.1859660556e-02 1.0052164223e-01 -1.5713602360e-01 -2.1659294917e-01 -2.3952431914e-01 3.7016186703e-01 -1.2208576771e-01 -7.1673990556e-02 -8.2648700480e-02 -4.4170679310e-02 2.0590776885e-01 5.7539470560e-02 -3.4587573585e-02 -2.2326145174e-01 5.7081538984e-02 1.7115503111e-01 -2.0992173460e-01
-3.4655997108e-02 3.7393620787e-03 2.6816877015e-03 -2.1127211568e-04 -6.0117860701e-02 1.0622889273e-01 -9.4624679259e-02 2.2667659691e-01 5.1596974242e-03 9.4811327598e-02 1.5810529346e-01 1.2893795776e-01 1.3878395836e-01 -1.9764099505e-03 -5.0607360705e-02 1.0496585403e-01 1.5401150698e-03 4.7792084892e-02 -1.1320285163e-01 -1.2388867730e-01 1.8008050899e-01 -5.0572647249e-02 -1.6494929330e-01 1.3838502994e-01 1.1752801148e-01 2.8185295841e-02 1.1265174984e-01 1.5191842695e-02 -8.5522348335e-02 -1.5794885897e-01 1.4010975871e-01 1.8737934626e-01 6.9460045878e-03 -1.5244971337e-01 -1.0205280037e-01 5.3523766749e-02 4.7094162445e-04 2.3695846532e-02 -2.9418174148e-02 -1.7001809435e-01 6.3129786034e-02 -3.5582897221e-02 -1.8382778653e-02 2.4290741599e-02 -2.6443299411e-02 -8.5080971742e-02 7.4078706312e-02 2.3724633520e-02 7.4545787562e-02 8.3073030870e-02 9.8787145104e-02 2.3812082354e-01 5.2443438796e-02 -8.9819189735e-02 2.4354746389e-01 2.6365521326e-01 -8.4041226626e-02
-7.1925549315e-02 2.5128578496e-01 4.4185375888e-03 -1.8064895847e-03 -1.1647417407e-01 2.4835331938e-02 6.0271198304e-02 -1.9434831257e-01 7.8979117060e-04 3.1363629640e-02 -1.0550946118e-01 -1.3529762723e-01 -1.3050421943e-01 2.7591673632e-03 5.9051617547e-02 1.4959465498e-01 -4.9333165142e-04 -2.2904406556e-01 8.6431656412e-02 3.3355048634e-02 2.1379259650e-02 4.9637279131e-02 -8.6806472359e-02 2.7933564375e-01 -1.3235186124e-01 4.0371408020e-02 -9.4768318587e-02 2.2427120777e-01 -1.0261777652e-01 5.4305927803e-02 -9.8138911658e-02 2.4091338770e-01 -9.6371043906e-02 -1.5173423121e-01 -2.6252173515e-01 -8.1867970893e-02 2.6542024803e-03 -1.4659994036e-01 -1.2433797268e-01 -2.2915771328e-01 -4.1927531685e-02 -4.1201646747e-02 -4.2846696493e-01 3.7552353223e-02 4.6669417744e-02 -4.0846272488e-02 9.6152148143e-02 1.6530292527e-01 1.8561526348e-01 -1.6679888311e-02 2.7266612088e-02 -7.1001320482e-02 2.6684581280e-02 -2.9550519362e-02 8.8114477944e-02 -1.1215579102e-02 -8.3717720636e-02
-5.1624544792e-02 -2.2400792646e-01 4.8319557708e-04 5.5202927464e-03 -1.0211743834e-02 1.4943732639e-01 1.0684437218e-01 -8.6712482073e-02 -4.9506170048e-03 -1.5383719754e-01 -1.9693067653e-01 -6.0034298317e-03 1.0035610669e-01 -9.2295360549e-05 -1.7040619480e-02 1.3052854843e-01 8.2317299894e-04 -8.7110737496e-02 -2.5715027972e-01 -8.3241004892e-02 -2.1630630402e-01 -5.1071686567e-01 2.6221226682e-03 6.8094678524e-02 9.5047421108e-02 -1.0723982810e-01 7.9504719594e-02 -1.0411619525e-01 3.0689786191e-02 -3.4877215882e-02 1.9505354420e-01 -1.4025119466e-01 2.1075155955e-02 -1.7286350795e-01 -1.3944482019e-01 -1.1081702319e-01 -4.7660688080e-03 -2.7115840618e-02 -4.9883585732e-02 -1.7842184430e-01 4.1915448704e-02 1.8101000642e-01 5.3870826700e-02 -1.0002982471e-01 1.1573687091e-01 -2.0091766349e-01 1.7656117882e-01 -6.9678797009e-02 -3.6394652611e-01 -1.3141361294e-02 -1.8468040539e-01 -7.5097301169e-02 -1.8271743544e-01 -1.0013787666e-01 -1.9209593112e-02 9.5139809439e-02 -1.4816523576e-01
-1.5578846267e-01 -1.9285764772e-01 1.9583890145e-03 -6.0050864503e-05 -9.2041798587e-02 -1.2964169063e-01 -8.2863793078e-02 9.1967522619e-02 4.7699338400e-03 -3.8187695058e-02 -2.1197209674e-02 -1.2832627512e-01 -4.3229286668e-01 4.9325111038e-03 4.5556961949e-02 1.2822896415e-02 -1.6436623810e-03 -1.7843943500e-01 6.4333948061e-02 -2.7898196590e-01 -3.7160063772e-02 -1.5620657321e-01 -1.2809988333e-02 2.7200715854e-02 -1.7854791562e-01 -1.8492086611e-01 -1.5105920738e-01 -8.7972975891e-02 -3.0474696635e-02 -5.2175628048e-02 -1.4029880886e-01 9.2352061036e-02 -1.5006035352e-02 5.4329354522e-02 -1.4752997376e-01 1.8455371251e-01 2.4285464937e-03 -1.3980434249e-01 1.8282900498e-01 -2.2099181571e-01 -1.0727631221e-01 -1.5270729777e-01 1.1585242713e-01 -1.1676526844e-01 -2.0345282185e-01 2.2213984589e-01 1.3964020821e-01 9.6568585993e-02 -1.4623102941e-01 -5.0381739090e-02 7.7188864501e-05 1.7908243310e-01 -9.1660036236e-02 1.2085664202e-01 -5.9110036833e-02 -9.5312835946e-02 -1.4621080834e-01
-1.9556157855e-01 7.7684014490e-02 -2.2543535684e-03 3.4731358607e-04 2.5991381195e-01 -2.8829981934e-01 -4.0009576306e-01 -2.9213225155e-01 -1.0401259979e-04 -2.3670222538e-02 4.9640471743e-02 2.6442986913e-01 1.8647706357e-01 -7.2594829678e-03 -3.9145526274e-01 3.3366113722e-01 4.4345446759e-03 1.6551528800e-01 2.2405940171e-01 4.0012546652e-01 2.7360450303e-01 3.7432412018e-01 -1.8296900237e-01 -2.6768303163e-01 -6.3481877892e-04 4.0284952173e-02 1.5143297105e-01 5.5928773879e-02 1.9065511471e-01 -6.6138963123e-03 -9.1096963810e-02 7.9973509503e-02 3.2399425603e-01 2.3379711133e-01 -1.6811726679e-01 -2.2678330220e-01 3.6879995261e-05 2.4419000776e-02 2.9062558379e-01 -4.4020638525e-01 -2.4065199886e-01 1.1167194910e-01 8.9656496279e-02 5.4580916391e-01 1.0243533916e-01 2.5018183309e-01 -3.0760148098e-01 -8.3142942109e-02 -2.2531277728e-01 -2.5558604687e-01 2.4096888820e-01 3.6853390988e-01 -4.1117802600e-02 2.9613149317e-01 -1.9630569355e-01 1.4200641693e-01 -2.1571583542e-01
2.5536825055e-01 -1.8204651805e-01 3.1476086294e-03 -1.1293902140e-03 -2.8137930928e-01 -4.5755090688e-01 -5.8383082629e-01 -1.0399044015e-01 -9.5422357023e-04 1.3581709391e-01 -2.2199489924e-02 -1.5438361258e-01 -1.7658617429e-02 6.4852522201e-03 -1.2443940893e-01 -3.4775514896e-02 -4.8430467501e-03 1.2208895701e-01 -4.5074028669e-03 -3.6156548674e-01 1.6852218875e-01 -2.9215442685e-01 -2.4401925970e-01 -4.1278995882e-01 2.2562632246e-01 6.2254058867e-01 4.3066082407e-02 1.0513876576e-02 1.3744385236e-01 1.8467162987e-01 2.9929651468e-01 2.5241269548e-01 -4.5203281821e-01 -3.8259471629e-01 2.4935368251e-01 -1.2654340078e-01 -2.9399591065e-03 -3.5732822809e-02 1.2754735639e-01 7.9042395059e-02 -2.5102105607e-01 -2.1346403050e-01 -8.6045583196e-02 2.1045713552e-01 2.2331399359e-02 1.3043743576e-01 1.7796857937e-01 -8.0986640186e-03 1.0486233715e-01 2.7600297837e-01 6.2788901390e-02 -1.6424046852e-01 2.3451584539e-01 2.3049546217e-01 1.5381218356e-01 2.0214961253e-01 9.4471320639e-02
-2.1328530961e-02 -1.0810788307e-01 -1.0640943414e-03 3.6928748961e-04 -1.5657123650e-01 -1.2948758762e-01 -1.2483344040e-01 -5.4470136849e-02 -1.6700060020e-03 6.8293134555e-02 -5.7009054795e-02 -2.3743058772e-01 -1.5864408560e-01 -1.3240801174e-03 -2.6735399538e-01 -1.7281687630e-01 -2.2532941054e-03 -6.0854856916e-02 1.6740127149e-01 3.2536957426e-02 2.0233212405e-01 -1.0561410445e-01 3.0273631881e-02 -4.1280296861e-02 1.6214504058e-02 -3.0491489048e-02 -1.0063248335e-01 2.3017019807e-01 2.5466738117e-01 -5.3457511480e-02 -3.6244367446e-01 -1.0167616202e-01 2.1536895765e-02 5.6607009741e-03 -5.4930297917e-02 2.4871658103e-01 3.1904017017e-03 -1.4999210431e-01 -1.4745401147e-03 -1.6101498558e-01 1.2113171070e-01 -3.8429502247e-01 -4.6830002965e-02 2.0990583851e-02 -2.9196749033e-02 -2.2010442051e-01 -1.3718069667e-01 -7.7003708519e-02 1.2819143968e-01 -2.5479111915e-01 -8.1795711775e-02 1.0417175749e-01 -2.9704287908e-03 1.4135467030e-02 -2.6777419895e-01 1.0227277638e-01 -5.1460687492e-02
6.6204925743e-02 -1.2262459672e-02 -3.8167060780e-03 -4.6137170282e-03 -1.1021429362e-01 3.0265133339e-02 1.9792709733e-01 6.6289649998e-02 4.2848907256e-03 1.9104155944e-01 1.2166134781e-02 -2.8345328291e-01 -1.1921047772e-01 -3.4617306602e-03 -1.1331338734e-01 -2.6538865174e-02 5.9000856008e-04 3.1004611761e-01 8.9591104931e-02 1.0722588263e-01 1.7154268539e-01 2.8750730893e-01 1.0739364176e-01 -7.8670114272e-02 -1.4849790731e-01 1.5680628303e-01 1.0336309593e-01 1.3929600514e-03 -8.2639142075e-02 1.4579543265e-01 2.9736384155e-01 -1.4698151949e-02 6.8760748598e-02 -2.7201232869e-01 -6.5888720530e-02 1.3756145618e-01 -4.2687826002e-03 1.7252940257e-01 -3.0557270197e-01 2.1847944723e-01 1.2060949737e-01 2.2452047574e-01 2.5942699574e-01 -6.1537844057e-02 1.6311100295e-02 -1.0226605507e-01 1.3034620882e-01 -7.3752088380e-02 1.0015044156e-01 -2.7193815433e-02 -1.4617007427e-02 3.2919285694e-01 4.2542600739e-02 7.5957700954e-02 -2.4723512284e-01 1.7273765998e-02 2.6624975056e-02
-6.7961744263e-02 -7.3081979486e-02 -1.8014839816e-03 -2.5272137715e-03 -8.5012847095e-02 -3.9131969417e-02 -1.7841573659e-02 2.2774859603e-02 -4.1211418992e-03 5.1435341509e-02 1.0225996516e-01 -5.3056310375e-02 2.0363580383e-01 -2.4196063446e-03 1.3959649778e-02 1.2479458296e-01 3.7791711163e-03 1.9244246207e-01 1.0898674823e-01 7.7254358588e-02 -2.0335561687e-01 4.9002533151e-02 -2.7086238908e-01 1.8362757824e-01 2.6385499321e-01 -1.3683743606e-02 -3.5238588383e-01 4.4590718551e-03 -1.1490970932e-02 1.8542201135e-01 -3.0694635570e-02 -3.3959861616e-02 -7.2497569763e-02 -1.6561207794e-01 -1.6062131280e-01 2.7006516695e-01 -3.0441590196e-03 3.1101301236e-01 4.6901326560e-01 1.1454977733e-01 -3.2444137947e-02 4.7984312869e-02 -3.2857178486e-01 8.4311424619e-03 -8.0007993620e-02 1.0409345905e-01 6.9962139311e-02 1.0339855326e-01 1.8796510974e-01 1.8385779295e-01 -1.6119290351e-03 6.7584547940e-02 1.4909775539e-03 -7.2445588894e-02 1.5779266189e-01 -3.7276480860e-01 1.9070196517e-01
-8.6294227805e-02 -1.0490599556e-01 5.8847237678e-03 4.5072076957e-03 -2.5280583182e-02 -2.5781239156e-02 4.2563816054e-02 3.0624864657e-01 1.0990699502e-03 2.5143461630e-01 -2.8224955539e-01 -1.7041114595e-01 -2.8538151530e-01 3.9222594790e-03 -1.5772710996e-01 -1.9083717096e-01 8.8074286713e-04 1.9465493732e-01 -4.0013244483e-01 -2.1339429705e-01 -4.2276644762e-01 -4.5390255568e-02 1.3212818298e-01 -2.0060040400e-02 -4.6048399899e-03 -1.2421478997e-01 -1.1652140960e-01 2.9608022035e-01 -1.1263752103e-01 1.7018381233e-01 1.4169995024e-01 -2.3328027722e-01 2.1151431337e-01 -1.0212516500e-01 2.9832315302e-01 9.0920048940e-02 9.4432672688e-05 3.0510516050e-01 2.8775329100e-01 -2.0430086572e-01 -1.5005275160e-01 -4.0016487021e-01 1.1266858546e-01 1.7417758248e-01 2.6820365943e-01 -2.3262553068e-01 -2.9977335163e-01 -2.1075900285e-01 -2.7387526671e-01 5.2118648791e-02 -8.6428798017e-03 4.4076752583e-02 -3.7996830530e-01 1.1800649841e-01 1.4768675261e-01 4.7466540528e-01 3.6458653045e-02
4.7919419640e-02 -8.8754862472e-02 1.1939481800e-03 -4.6538290469e-03 -4.0844291397e-02 -1.8788310775e-01 3.1029239990e-01 -1.8246964789e-01 -3.9056785829e-03 -1.0859990225e-01 6.3460206756e-02 2.7355081272e-01 -6.1632874694e-03 -9.0016840514e-04 -1.6170471650e-01 3.6806554877e-02 -6.4242427174e-03 9.5676107437e-02 2.0078150496e-01 -1.5440617712e-02 1.1613594541e-01 2.6379458620e-01 5.4128587046e-02 1.5564874564e-02 -5.9582424712e-02 -8.1658510685e-02 1.4068018293e-01 8.7187121733e-02 1.6248761310e-01 1.9639146161e-01 -5.1109598691e-02 -8.3208362314e-02 -8.5267432211e-02 1.1833941567e-02 1.7411954151e-01 5.0025837046e-02 -5.9105048765e-03 1.7224108727e-01 -1.5427426049e-01 -2.8609036693e-01 2.0993355220e-01 1.9467979272e-01 8.1950279714e-02 3.0520615989e-02 2.0692642421e-01 9.0473514174e-02 -1.9104295619e-01 2.1560296907e-01 6.0240356474e-02 2.6407504747e-01 -6.4996667278e-02 -3.5775736106e-02 2.8983790014e-01 -5.0081436667e-02 1.6298667234e-02 1.0912938364e-01 4.8917895676e-01
3.0688862963e-01 1.5027606393e-01 4.0058049429e-04 -1.2888755485e-03 1.3725357767e-01 -3.6126413078e-01 4.0084094039e-01 -3.5810599675e-01 -9.3746911994e-04 5.4890538698e-01 4.5205953964e-03 6.1662870308e-05 -1.6224806611e-02 4.4696572031e-04 -9.6501015964e-02 -1.9227611650e-01 -1.1545120787e-03 -2.6544951431e-01 7.1441869850e-02 2.5233729349e-01 -2.0775621130e-01 -4.9630359710e-01 1.4504474449e-01 -1.6127293149e-01 -4.6037059784e-02 -9.7474271852e-02 5.1081891427e-01 -3.0976533864e-02 2.3756217649e-01 -1.0586956703e-01 1.1735843093e-01 1.6497825195e-01 9.9675081609e-02 -4.6036860260e-01 -2.2467431521e-01 -2.0191422466e-01 -2.1474283925e-03 -9.8676757530e-03 -1.6307907279e-01 -7.9579761434e-02 -3.2235623688e-01 -1.2990260235e-01 1.4751079387e-01 3.2121388219e-01 -6.0966672294e-02 -3.1281524750e-01 -7.6648844595e-02 -3.2298399188e-01 2.8740237235e-02 -4.8986875062e-04 3.9641810397e-02 4.3246033960e-02 9.5345166767e-02 -3.1586192356e-01 -1.6740235121e-01 -2.2758574759e-03 3.3639070931e-01
5.6794422883e-02 1.3360730080e-01 1.1422700878e-03 -1.8065234022e-03 -5.6636661667e-02 1.4344611963e-01 1.3169078783e-01 1.5605206556e-01 -2.5748357379e-03 7.2086658747e-02 -2.1365654854e-03 2.4244394268e-01 -1.0058006798e-01 -3.3675068389e-03 -1.9564975897e-01 4.3065769280e-02 3.9864864160e-03 1.1270930420e-01 9.3723505003e-02 -1.3145010230e-02 1.6487677089e-01 -2.0144156388e-01 1.5562245582e-01 3.4872561776e-01 -3.3413366025e-01 -2.5872979877e-01 -8.3548884351e-02 -2.3212871037e-01 2.1513356331e-01 4.1793277933e-02 -2.3003539020e-01 -4.6965804183e-02 -1.0873722591e-01 -9.9982009177e-02 -2.8904539777e-01 3.8909363036e-01 -1.2282921175e-03 -1.9668636456e-02 2.8708444911e-01 -2.0781997560e-01 -2.3905303375e-01 2.4318109926e-01 2.4067055533e-01 4.6716706528e-03 4.2118886322e-02 -1.4586960202e-01 8.2184205734e-02 1.0378791877e-01 -2.7590794902e-02 -1.9422907315e-01 7.1148965599e-02 -3.0036038255e-02 -1.7175841422e-01 -1.4497067139e-01 4.1096065717e-02 2.8517956053e-01 -2.0679284334e-03
7.9414299848e-02 -3.5513125123e-01 -3.8002980313e-03 -4.3352710223e-03 3.4419199590e-01 9.4761275197e-03 -1.3159864211e-01 -3.4659926360e-02 2.3748563907e-03 -1.3256184574e-01 2.6919852930e-01 -2.1601530335e-02 1.6344021310e-01 8.0443264413e-04 1.0501608646e-01 2.1747567536e-02 1.1400881562e-03 -2.9780223392e-01 -1.2207156846e-01 2.4634786109e-01 3.2630197579e-01 -2.1515685772e-01 6.5298671983e-02 -7.8162741183e-02 -1.9355465956e-02 -1.9206637051e-01 1.6676453544e-01 -6.8304577380e-02 -2.5734385564e-01 2.3604642508e-01 2.3103625321e-02 -2.6097782622e-01 -6.6856491239e-02 3.1442457691e-01 1.6338508987e-01 1.0101326953e-01 2.1760759042e-03 6.1191887159e-01 -1.8829550974e-01 1.6264794634e-01 -8.6660844291e-02 1.2922713922e-02 -4.7120343178e-01 1.6308873812e-01 2.4566374423e-01 -1.6810547731e-01 -8.3992452325e-02 2.3142121812e-01 -1.3842472471e-01 -4.0233850684e-03 5.0592300460e-01 -1.0683900368e-01 1.9104958855e-01 -3.5257195583e-01 8.9432810128e-02 1.4073479682e-01 -2.6925896603e-01
4.0901023431e-04 -1.9830649310e-01 1.7146731488e-03 -4.9676302934e-04 -9.9120019437e-02 1.8026888979e-02 3.5973822195e-02 2.0056865677e-03 2.1317884805e-03 4.1140179345e-02 1.9240010620e-02 2.4813141582e-01 -1.3282166577e-01 2.2583435945e-03 -1.2159214756e-02 8.9221696052e-02 7.2160207287e-05 2.7216878656e-02 1.3733633046e-01 1.3343441199e-01 -1.2129903888e-02 1.3272621136e-01 -2.6528234220e-01 -1.9883767471e-01 -2.4668966330e-01 -1.6917687430e-01 7.0670563326e-02 -5.6297319247e-02 -3.2447157251e-01 2.4552510001e-01 -1.6211389587e-01 -3.4832099912e-01 -1.5972180231e-01 8.3967454172e-02 -9.2679032292e-02 1.8307143065e-01 1.7877985211e-03 3.0701067708e-03 -8.1193001631e-02 -1.9057656986e-01 1.6220444486e-02 1.1328368567e-01 -2.2726334593e-02 -1.3274642055e-01 -3.1195901812e-01 -1.6110413020e-01 3.0285395711e-02 -8.2646140991e-02 -1.8145608205e-01 -1.6463525425e-02 9.1047215837e-02 4.8084572334e-02 1.5165914312e-01 -3.3495975730e-01 -2.5385833822e-01 1.1460948816e-01 -3.5248801989e-02
-1.6995786246e-01 1.3114455685e-01 3.2268234764e-03 7.8509835495e-03 7.7824935879e-02 2.4573993289e-01 -2.7024337180e-01 2.4552437441e-03 2.6892193703e-03 -8.1047219308e-03 3.4383180629e-01 -4.5458261193e-01 -1.1989443826e-01 4.2232604774e-03 -1.8987049073e-01 -1.3674278041e-01 -2.3794741676e-03 -4.3853997111e-01 -6.0000828236e-02 3.5943536916e-02 -2.8830195850e-01 -1.6170484240e-01 -4.4625434551e-01 -5.7056939019e-02 4.0256580492e-02 -5.7419288910e-02 -1.4678531634e-01 -3.3681187747e-01 5.3265067507e-02 -4.0698417211e-01 1.8685434911e-01 -1.6740744138e-02 -1.7145355369e-01 3.8381960675e-02 1.3802766269e-01 -6.2866508771e-02 1.1763886866e-03 -7.1199511500e-02 1.2607595074e-01 -5.5865434325e-02 -7.4737810013e-02 3.7189993283e-02 9.8332312656e-02 1.0721809286e-01 -1.5967561762e-01 -3.1328374642e-01 -1.6559673686e-01 -1.1178449842e-01 -2.9161184743e-01 -1.6035719372e-01 1.7634398385e-01 -3.2460785191e-01 8.9369271610e-02 -1.8432397454e-01 -9.5266040649e-03 -1.6809763678e-01 2.8358556545e-01
7.1554375047e-02 6.1424101607e-02 -3.7089948687e-03 -1.8379039258e-03 -1.1226505448e-01 -9.0698936483e-02 -4.8790403857e-03 1.4818783851e-01 -2.4833311240e-04 1.7052373780e-01 -1.2829036291e-01 -1.4948034827e-01 3.1943346064e-01 9.1035199744e-04 1.1799848374e-01 -1.7386088625e-02 -1.5564140708e-03 -1.4154678329e-01 7.6500379388e-03 2.1656283082e-02 -1.7222066219e-02 1.2084751026e-01 1.6217872790e-01 1.6704290690e-01 2.7238131781e-01 -1.9934890823e-01 9.5844855657e-02 9.6591374618e-02 9.2438175009e-03 1.5435688414e-01 1.4851605960e-01 8.2132594284e-02 -1.6447088783e-01 -2.7773524404e-02 9.0029669540e-02 -1.7784535301e-01 -1.1452566023e-03 -6.1981904300e-02 2.5992482673e-01 -9.3827873099e-02 1.5692892157e-01 1.2370148220e-01 2.5510343963e-01 -4.1311857173e-02 -2.9550281219e-02 8.1424250330e-02 -1.5076876020e-01 2.5225872560e-01 -9.8723200112e-02 1.2508339815e-01 -2.7567736276e-02 2.7431958723e-01 1.4238865671e-01 1.1196242075e-01 -1.8078301461e-01 4.8596434981e-02 -5.7039202571e-02
1.3037800401e-01 1.5458454334e-01 1.8968899376e-03 -4.1663610841e-04 6.2894564415e-02 4.2880947883e-02 -3.4912796377e-02 2.9215281067e-01 -3.4288231473e-03 2.0671486241e-01 3.9388220798e-01 1.5574758785e-01 1.4948853570e-01 2.2472117702e-04 -3.0094892914e-01 4.6646146179e-01 -5.1259931406e-04 1.6568907252e-01 5.7210966180e-02 -7.2655398820e-02 2.7851096678e-01 -1.5043909176e-01 2.2126085559e-01 -1.5668953306e-01 8.8098343758e-02 -1.9685261172e-01 1.9770819202e-01 4.8845751874e-03 4.0083289682e-02 3.6865755994e-01 3.7309097414e-02 2.6016960792e-01 -8.7299498722e-02 5.7345953891e-02 1.2172959490e-01 2.0548654200e-01 -6.1340787634e-03 -2.1874388862e-01 -2.4429615858e-01 6.4821037880e-02 -9.4648531902e-02 -2.3259785380e-01 -1.8052431464e-01 -2.3955078331e-02 -1.5509978244e-01 -7.2051883753e-02 -4.9211207271e-01 -4.2748848728e-01 -1.1149061368e-01 1.5886238620e-01 -6.1160400573e-01 8.4586897550e-03 -6.1710585322e-02 -2.6111210278e-01 3.9216675254e-01 2.7789767330e-01 3.5660397730e-02
-4.6045676284e-02 -1.9923327949e-02 1.0486609605e-03 1.9096628134e-03 -2.4581964975e-01 9.6655908641e-02 -7.3681688785e-02 -1.2041434520e-01 4.0396838973e-04 2.5451870185e-01 3.0144513639e-01 5.5109894537e-02 -3.2792175737e-01 4.0060738612e-04 7.7272241756e-02 -6.4363939598e-02 -2.4868786330e-03 -1.4626624219e-01 1.3179252439e-01 1.5374526968e-02 8.3587276852e-02 1.9392711216e-01 -5.1154426833e-02 -3.4054419147e-01 -1.7109754876e-01 -6.8056794922e-02 1.6208086823e-01 1.9783645710e-01 4.7906469127e-02 2.5208841792e-01 5.1721167936e-01 -2.4877668155e-01 -3.5865537825e-01 -1.9134758944e-01 -4.2480469522e-01 2.7470769760e-02 -2.2043088377e-03 4.1693308176e-01 -9.3049519191e-02 3.3471259181e-03 -4.5747442960e-02 2.5656143817e-01 1.1288033990e-02 -2.4228055671e-01 6.5807353241e-03 -2.1353673373e-01 -2.3007734348e-01 1.1955405918e-01 2.0213341985e-01 -2.8658560675e-01 -2.2584514708e-01 -1.4369809187e-01 -3.6398313386e-01 1.7331116442e-01 -2.8660575411e-01 1.4871504380e-02 -1.7551041961e-01
-5.0467659260e-02 2.1566325769e-01 -3.9214865786e-03 -1.1857923151e-03 1.5950225908e-01 -7.1889830451e-03 -5.0149543463e-03 7.3297394396e-02 1.4259151486e-03 -5.9730716136e-03 -2.4605898707e-01 1.6546429136e-01 -8.1209600348e-02 -1.1233659238e-03 3.1888008308e-01 2.7496967570e-01 4.7780901378e-03 1.2153477038e-01 -1.5827845450e-01 2.2364974350e-02 8.3569435937e-02 5.3044349750e-02 -8.3194805854e-02 1.9999879267e-01 -6.5913464409e-02 6.7013950048e-02 1.4604538198e-01 8.7782750507e-02 1.4894195881e-01 -6.8469687191e-02 8.8029018931e-02 -2.8137060578e-01 1.1379620233e-02 -2.2958033542e-01 2.3833751083e-01 8.9283920468e-02 1.1535546214e-03 1.2353010213e-01 -6.9291734713e-02 -4.7926284496e-02 -7.3213141817e-02 1.8560151428e-01 -1.4894243947e-01 2.6256910000e-01 -1.6650696751e-01 1.4069230973e-02 -1.0951223359e-01 -9.9673248546e-02 1.2777474070e-01 1.1363795621e-01 -2.1643741892e-01 1.5177402602e-01 2.0178764142e-01 1.7636153102e-01 6.0583899531e-02 8.2290323765e-02 -1.7802964881e-01
3.3508189193e-01 2.5766620599e-01 1.5331607007e-03 2.5021860849e-03 8.2978955184e-02 1.8524066103e-01 -3.1798913463e-02 -2.7527333992e-01 4.1488243679e-03 -2.1220305352e-01 7.0192431325e-02 -1.9896561356e-01 -5.3052649952e-02 3.2648227186e-04 -1.8132809279e-01 -3.4640121002e-02 -3.2968148227e-03 -1.6555720713e-01 -2.8290495549e-01 -5.5810009608e-03 -7.0774961095e-02 4.4251554190e-03 7.9419158703e-02 -6.3212063508e-02 3.1445875727e-03 1.1903578268e-01 -2.3431664013e-01 -3.7733500740e-01 -2.5753088615e-01 3.5497450844e-01 -5.4027946425e-02 2.0847005322e-01 1.0575206606e-01 3.8520657969e-01 1.1366885847e-01 9.5546526328e-02 1.6316094975e-06 -4.7136659560e-02 -3.8645910405e-01 -4.1059313789e-01 1.3483006814e-01 -1.7668162443e-02 -2.2171576758e-01 -2.0813081197e-02 2.2754406770e-02 3.2957819448e-01 2.6570125992e-01 -2.0026580371e-01 -1.9828939237e-01 -3.2811433688e-01 -2.3444839241e-01 2.9304296464e-02 -1.2405973814e-01 -3.2358274523e-02 1.6414708947e-01 1.9817759320e-01 -1.2025909260e-01
3.0917770671e-01 -1.3942257594e-01 -1.3651121891e-03 1.8544566818e-03 -9.6466794384e-02 2.2336394097e-01 -2.8527870825e-01 1.9151047363e-01 -5.2871901185e-04 -1.7359198761e-01 2.6575258291e-01 -1.6257729496e-01 -7.2271677114e-02 -7.4621394881e-04 7.5784232015e-02 -1.7262904310e-01 4.3381020705e-03 6.7399967115e-02 -8.8692037969e-02 5.3948254517e-01 -2.9662099033e-01 -1.4222929099e-01 4.5009503072e-01 -1.5020700117e-01 -1.8936737874e-01 -1.8645230324e-01 -4.5406033458e-02 2.8790354297e-01 4.3742801099e-01 1.5258135901e-01 -1.9218557872e-01 -5.0756790584e-02 -1.3545673346e-01 -2.6210582927e-01 1.3795099450e-01 -9.9604193161e-02 -1.4889166499e-05 9.9526154297e-02 -1.9674094990e-01 -8.3083696351e-02 -8.4759706961e-02 1.8546652306e-01 5.0759582770e-02 -2.6497492768e-01 -3.6346351637e-02 3.5528197406e-01 -4.7980521795e-02 -3.8756457667e-01 -3.6070033629e-01 -5.9135687772e-02 -2.7079786742e-01 2.9328899431e-01 -1.3789391691e-01 -6.4897568320e-02 8.7746110826e-03 -3.7786663999e-01 2.2992457424e-02
5.2514252146e-02 3.8878583988e-01 4.0054850822e-03 3.9775146610e-03 5.3863684603e-02 -1.5276417048e-01 -1.3554800751e-01 3.8924508492e-01 -1.7268771418e-03 1.5493993868e-01 3.3756886683e-01 4.6842584072e-01 8.2002333898e-02 3.5058786587e-03 4.5650066303e-01 -5.9313231249e-02 -2.7784485712e-03 -1.2573598699e-01 2.1634616705e-01 2.1587843442e-01 2.0938404282e-01 -1.3576057801e-01 -1.9707709544e-02 8.8269869809e-02 3.2374792761e-02 -1.6118072255e-02 5.0971720266e-01 1.8983954746e-01 1.2120154768e-02 -2.7162487880e-01 5.7466753731e-02 -1.2652432056e-01 -1.8376252402e-02 1.0400857548e-02 1.0509030183e-01 1.5982351723e-01 1.5830514068e-04 -1.9096133517e-01 -2.0920616732e-01 -4.1566512922e-02 2.7101448334e-02 1.3026600392e-01 3.1054856463e-01 -3.3693972004e-01 -1.0878150226e-01 -2.5155561389e-01 -2.0780983416e-01 3.5087670012e-02 3.7985193912e-02 6.0255998183e-02 -1.3312776283e-01 -3.1411539885e-01 -2.0461217811e-01 1.1838966563e-01 -1.6960948828e-01 -1.2201696329e-02 2.0897519075e-01
1.7271011914e-01 -9.5284880189e-02 -4.8627185661e-04 1.4043734355e-03 -1.5738822873e-01 1.5626181517e-01 2.6116025442e-01 -2.2317995742e-01 -6.6518183516e-03 -5.2155337745e-01 2.8633482649e-01 1.6950078656e-01 3.1684052911e-01 -2.2315904600e-03 -3.2712399545e-01 -8.6821430176e-02 -2.2930573979e-03 2.4440630310e-01 1.2783812076e-01 7.4198058805e-02 9.6711859577e-02 -7.0349646020e-02 2.7932215350e-01 5.7565932377e-02 2.7531249052e-01 2.5005249553e-01 -2.2544390949e-01 1.0085426464e-01 -2.9724726563e-02 2.9876578741e-01 -2.4077414050e-03 -1.6018273064e-01 -4.0529848661e-02 -2.9116910704e-01 8.1911655182e-02 1.3348235037e-01 7.2811066590e-04 -4.4476937257e-01 -1.4257357982e-02 1.1334976866e-01 -3.6742782841e-01 -2.3520647170e-01 5.2411006979e-01 3.8455568132e-02 3.9101671257e-01 -6.3048367286e-02 2.8993653894e-02 2.5850606886e-01 3.3912023118e-01 -9.5071790945e-02 2.1051932157e-01 1.1756972070e-01 8.2580327738e-02 2.3044137173e-01 -3.3060026177e-02 -1.9528320517e-01 -2.3522575366e-01
3.0161032258e-03 2.2448507738e-02 1.0635416555e-04 1.0787408035e-03 -2.9014070909e-01 -1.5746380405e-01 1.5268591057e-02 1.2022739858e-01 1.9586383655e-03 -1.7547177626e-01 -1.5049835418e-01 2.2605567688e-01 1.1683730598e-02 2.6048224238e-03 -1.2448749968e-01 4.5350845494e-02 6.9949266981e-04 -6.9071312726e-02 1.0537639086e-02 4.1294089675e-02 -8.4243259201e-02 -4.4038351054e-02 3.0210509299e-02 2.7718736254e-02 -1.9848683610e-01 -2.1009526504e-01 -1.0072115901e-01 -6.0033060372e-02 -1.9837103731e-01 1.0176685441e-01 4.5476749147e-02 1.8656589667e-01 -1.1348261750e-01 -3.0041643407e-03 -2.4100158887e-02 -4.7064744620e-02 5.6345573524e-03 4.4021278914e-02 -5.8773387444e-03 -1.5885784742e-01 -5.7776164728e-03 -1.7119386348e-01 -5.3845050239e-02 -3.2076425820e-02 -1.0520446078e-01 -7.1495951650e-02 -2.3017814090e-01 -1.9428714130e-01 -1.2820168071e-01 1.5817606413e-01 -8.8122819819e-02 -3.0237127530e-01 -7.0115780399e-02 -1.8585297912e-01 3.9256748595e-03 -1.3076339706e-02 -2.5970802783e-01
6.6685275733e-02 -8.3144878709e-02 -4.0450654910e-03 -2.0520283892e-03 -3.8069950269e-01 1.0885365583e-02 -6.2678242417e-03 -1.4144170947e-01 5.4729057890e-03 -1.1361311166e-01 2.6770666397e-01 -5.4368644093e-02 6.8180228611e-02 4.2270716420e-04 3.7125888384e-02 1.1631553507e-01 4.3969439206e-03 2.4151883287e-01 -2.7421983087e-01 2.2449748517e-02 1.5364569983e-01 1.7540575611e-01 2.6895223293e-01 1.2697735852e-01 -3.2452253858e-01 -2.1653242747e-01 8.5411540699e-03 6.3233070807e-02 4.1354389816e-02 -2.4479890673e-01 -2.0780955789e-01 -1.7412359366e-01 -1.2805856518e-01 -7.2753421633e-05 1.9736492875e-02 -2.6914570157e-01 -2.3344652258e-03 2.0792987548e-02 9.9957731477e-02 -9.4901512034e-02 -8.3444781330e-02 7.3836661910e-03 -1.8603201568e-01 -7.6213310055e-02 2.0327157032e-01 -1.3719751668e-01 -2.4007308881e-01 2.1399935558e-02 -1.0506482870e-01 1.4074039317e-02 1.9648575975e-01 1.9169127614e-02 -6.0096155098e-02 -3.7803706450e-03 5.0907046125e-02 6.2493771749e-02 1.9419869958e-01
-5.1033290205e-02 -1.7723377555e-01 4.5332333438e-03 8.8309371904e-04 -1.8988936976e-01 -6.8011174434e-03 1.0100848689e-01 -2.5292143414e-02 1.7938742699e-03 -3.0946061823e-01 -1.9502457711e-01 3.1970010364e-02 -3.7781244969e-02 7.8157151670e-03 -7.8420780663e-02 -1.0886587059e-02 -2.4434200349e-03 1.2747598236e-01 1.4266077566e-01 -1.2845438379e-01 -2.9203538836e-01 4.1023530850e-02 -1.2662233737e-01 9.9124481242e-02 -1.9651741794e-01 -3.7940402804e-01 -1.5360419053e-02 -1.3656095036e-01 4.7961498232e-02 -1.1210661898e-01 1.5399823619e-01 7.1342470976e-02 -2.4843813450e-01 7.2230153133e-02 2.5350634686e-02 -3.6867639784e-01 4.3377847021e-04 1.3723338438e-01 -3.3670992491e-01 -1.8377259924e-01 -2.0672782955e-01 -1.0818471694e-01 2.4669135420e-02 -2.8260625017e-03 -5.3126486800e-02 -1.6574524141e-01 -1.2611549061e-01 -6.6402739393e-02 -8.8017683315e-03 2.7507412313e-01 2.6993306988e-02 -1.8528281535e-01 -1.2020593808e-01 1.4326481687e-01 -1.0701895462e-01 1.4720438286e-02 5.3416714397e-02
