7.6785499877e-05 -1.1391677274e-03 3.0706065752e-04 6.2975910906e-04 1.1259392860e-03 -8.0774336432e-04 -1.5959021046e-04 9.2800357189e-04 -7.2457509084e-05 -5.9668322946e-04 -9.2351975333e-04 9.2819841853e-04 8.4775006739e-05 8.1662319207e-05 1.4067894616e-04 8.5038975799e-05 4.7816577520e-04 7.1266737042e-04 1.5699456262e-04 -5.2618581876e-04 -1.3425862438e-03 -5.6750418288e-04 -6.5001395989e-04 1.6773395752e-04 2.7777507314e-05 1.7270228213e-04 -1.2963179400e-04 5.5713526683e-04 -1.0349282769e-04 4.7552107513e-04 -1.0096445843e-03 9.9023352807e-04 -7.9493952719e-04 -5.3954381530e-04 -2.1777186608e-04 -1.0147408954e-03 2.4909247794e-04 1.0821826738e-03 -6.9488351762e-04 3.1342311353e-04 4.7264375860e-05 -4.0210982907e-04 3.2577499390e-04 -5.4030119815e-04 1.2049742073e-04 1.8229996798e-04 -4.4825425719e-04 -1.0328332395e-04 -8.8346888590e-04 -1.3191062350e-03 -1.2770355297e-03 8.2993868356e-04 -1.1196166228e-03 -1.8705997851e-03 -1.4532830701e-03 -1.1451794011e-03 -1.0041024975e-04
-8.1236393058e-02 9.7591349347e-02 9.6068038491e-03 -2.0977290379e-02 1.6710312263e-02 -1.6922431774e-02 5.4654333539e-03 6.3757545225e-02 -2.6958021763e-03 -5.2468816009e-02 -3.9468149578e-02 1.4066024738e-02 -6.1735976445e-02 -3.5570507106e-02 6.0732386612e-02 -1.8409764080e-02 -6.0014920920e-02 4.7548499841e-04 1.1684445423e-01 -1.1942541710e-02 1.0704596100e-02 3.9973360807e-02 -3.7108269829e-02 1.1291820331e-03 -5.0553991338e-02 -1.8954999370e-01 -2.5426174525e-02 4.7167444067e-02 -3.8627962876e-02 -4.7269226935e-03 9.1214916375e-02 -3.0033565290e-02 7.1946351863e-02 1.4919828323e-02 4.7471115119e-02 -2.0569606301e-02 -5.7916310674e-02 -2.5132433149e-03 9.9303742341e-03 -5.7237152812e-02 2.4186338826e-02 -5.9110942736e-02 1.0301105870e-02 8.8525415306e-02 1.5879405970e-02 -4.9875855765e-02 2.4543025373e-02 8.5352417431e-03 5.1001008070e-02 2.4932017253e-02 3.6664831190e-02 -5.7174176262e-02 -7.7792406276e-02 2.0410756910e-02 -7.6812013244e-02 3.5494511277e-02 -3.7695105253e-02
-6.7630725163e-02 4.2492843172e-02 2.6896873446e-02 -2.2937536236e-03 7.0247765967e-02 -1.7479874075e-02 -2.1414334955e-02 2.7967853051e-02 -2.6938224174e-02 -1.5001117508e-01 -7.5760185811e-03 -1.2373868521e-02 -4.1346589153e-02 2.3348380070e-02 9.5165358651e-03 5.5221284313e-02 -2.4805055013e-03 1.1374714054e-01 4.1760819724e-02 1.1499735056e-01 1.3187743332e-01 -4.6206332389e-02 2.4770398182e-02 -1.0698132041e-02 3.5857233545e-02 3.2165655405e-02 -4.0363291750e-02 -7.2019289471e-02 -3.4807111883e-02 -2.1299477094e-02 -1.1480891821e-01 -5.8389186197e-03 -4.6553348057e-02 5.3885338701e-02 -2.3328671362e-02 1.2680275818e-02 9.7902060933e-03 -2.7215400633e-02 3.7106251180e-02 7.8417766962e-02 -5.8628487954e-02 -3.9098906519e-02 8.8419869170e-02 4.0986536113e-02 -3.0119313634e-02 1.7618489878e-02 -2.7878662811e-02 3.0832091804e-02 -3.1782249373e-02 2.0644985919e-02 -9.8206480681e-03 1.8498143661e-02 -3.8297234886e-02 -1.5535146849e-02 4.9097830296e-02 -1.5784039903e-03 -3.0831212384e-02
-5.7516481295e-04 -1.3902518936e-04 3.2960725460e-04 1.8602746138e-03 4.2589600642e-04 5.6593340741e-04 5.0733160883e-04 6.2611018066e-04 1.4436008162e-03 -9.5448665982e-05 -3.5959012852e-04 -3.4941892753e-04 1.3883480814e-04 8.9303458631e-05 -6.4321661866e-04 -6.4895833288e-05 1.3105049886e-04 4.5134039519e-04 -1.0610782810e-04 1.3110827616e-04 -1.1354456866e-05 -1.5080820300e-04 5.6168596387e-04 -4.4384804500e-04 1.2405913135e-03 1.7364318650e-04 3.7668393818e-04 5.6299748610e-04 5.7554818236e-04 -1.6589491486e-04 1.4455843771e-04 4.2718224402e-06 -4.6402089796e-04 -8.3403262703e-04 -3.4997140709e-04 -8.2755412330e-04 -1.1220247448e-03 -3.3741938017e-04 1.1180600443e-03 9.5849207786e-05 1.6328130572e-03 9.1857025824e-04 9.3421535141e-04 3.9902813841e-04 3.7568560887e-04 8.8285753152e-04 -1.9474207776e-03 -9.4660904088e-04 -5.2184537097e-04 1.4024111942e-04 7.1583275443e-05 7.0962036848e-05 -1.1095634615e-03 -1.9312673595e-04 -1.5551372113e-04 -3.6644880124e-05 -6.4733299161e-04
-9.4709349753e-04 -8.2025620334e-05 -5.3685471975e-04 -5.0976936990e-04 6.4440349185e-04 3.3719919465e-04 -6.5707439802e-04 -9.2159471939e-04 8.2984707564e-04 1.3091337655e-04 -1.3344922259e-04 5.3599300382e-04 5.0483371670e-05 5.8978250676e-04 -4.2752368772e-04 1.2400373894e-04 -1.1893839078e-04 -5.5458746590e-04 6.2504232249e-04 1.0829936428e-04 1.2517659124e-03 1.3952310430e-03 7.0950326102e-04 5.4283637323e-04 2.7250171356e-04 -1.6396036124e-04 -8.9221888040e-04 -9.2931583723e-04 6.2429983387e-04 1.1968885452e-03 -9.0987587636e-04 9.1961075168e-04 1.0757330248e-04 1.5846048112e-03 -7.6350551564e-05 1.0481401068e-03 1.1938993755e-03 2.7216626641e-04 9.9933106570e-04 6.4630168074e-04 -6.6522221960e-04 -4.6770890685e-04 2.0211055906e-04 -1.5378088889e-04 -1.0107814272e-03 8.0141744093e-04 1.1965831904e-03 1.0074819705e-03 8.1477862462e-04 -2.3233727083e-04 -1.1803487743e-03 6.0460371591e-04 -1.1181441464e-03 6.8578008894e-04 1.0915992082e-03 -1.5718853531e-03 -4.1340997669e-04
-9.9652716430e-04 1.2315315446e-03 2.9371439171e-04 6.6904989704e-04 2.7352155341e-04 -9.5446434251e-05 -6.5031276876e-05 -1.5442138305e-03 1.0482924403e-03 2.3977599480e-04 -8.9956222360e-04 4.9546485494e-04 9.2988667218e-04 -9.2423249417e-05 3.9319122696e-04 -1.0536191683e-03 9.8658299834e-05 2.5066705307e-04 -1.6331974232e-03 1.1620083583e-04 -1.4748063546e-05 2.9095787547e-04 5.3440396615e-04 9.3702608630e-04 -1.7764545792e-04 8.7544497165e-04 9.5564950643e-04 2.9679045238e-04 -1.4609682458e-04 -7.0698176656e-04 -4.8534714970e-04 5.6225680761e-04 -9.7836706902e-04 -1.6623458182e-03 6.3560068420e-04 -4.1391728776e-04 -4.0602907005e-04 5.3773009439e-05 3.8678041383e-04 6.6898591389e-04 6.1903098383e-04 1.4242904764e-03 9.5770381791e-04 -3.2378873286e-04 -4.9088752970e-05 -3.2130675108e-04 -1.3087844453e-04 -2.5261585569e-04 5.9659518745e-04 -3.2489154181e-06 -4.3685532620e-04 5.9117993028e-04 1.1870231615e-03 -1.3253669298e-04 -3.3997752709e-04 4.8054117525e-04 -2.6551724554e-05
8.1715523155e-02 5.4500681216e-02 1.4249243638e-02 -3.4759399932e-02 -4.7762436821e-02 -1.6736865994e-03 -2.5725845975e-02 4.1286237291e-02 3.2647510799e-02 1.7536937216e-03 2.8664954883e-03 -5.6726445410e-03 -5.0326143551e-02 1.3784825496e-02 7.9871276310e-02 8.5750774005e-02 -7.4717984797e-02 1.1856014969e-02 3.6873119193e-02 1.1874658488e-01 -1.3781744192e-02 -2.4774420317e-01 -1.0247058315e-03 4.1907642623e-02 -2.3211316458e-02 -3.0595848661e-02 -8.8141732594e-03 3.9681437955e-02 1.8808282276e-02 -2.3553133565e-02 -4.0372238648e-02 5.6305512066e-02 1.5565046874e-02 -1.1043448208e-02 4.4212365950e-02 2.7562350389e-03 -5.9574434372e-03 -2.0807392707e-02 4.2929605976e-02 3.9717678971e-03 1.5281152173e-01 1.7809582604e-01 -3.8795755611e-03 4.1997376364e-02 -5.4661597635e-02 6.3087269459e-02 2.3855511411e-03 1.8620589038e-02 -2.5876755609e-02 -2.3771273571e-02 -7.7825450076e-03 6.0219074293e-03 -4.7957551823e-02 -1.4539460703e-02 7.8027681283e-02 -5.0194759440e-02 -1.0146639546e-02
1.8375264889e-02 3.5644413581e-02 4.4719649388e-02 -1.6693962537e-03 6.1729827064e-03 -2.0233680652e-02 -5.8544632786e-04 2.3690230282e-03 5.7946256547e-02 5.9177687701e-03 2.5631940234e-02 1.8580313513e-02 -2.0536204384e-02 -2.1626699079e-03 -3.5778959862e-02 4.4186563608e-03 1.2776988794e-02 -9.9179378726e-03 3.5883998602e-02 3.6049408284e-02 -1.2374766209e-02 8.5951173112e-02 1.2919783771e-02 3.6767881556e-02 5.2397360412e-02 3.6547858120e-02 -1.7011150234e-02 5.3703261171e-02 4.5729117435e-02 7.9024224888e-02 -5.5619276683e-02 -1.9227900034e-01 -4.8574936255e-03 3.0205169152e-02 6.9681819693e-02 3.1120257987e-03 -2.9001543319e-02 1.7195678543e-02 1.0909203780e-02 -3.7705763365e-02 4.5209750023e-02 -1.3411076830e-02 -9.3023042981e-02 3.4866460570e-02 -1.7056899226e-01 1.5757560961e-02 2.5608266688e-02 1.8793781708e-02 2.3115356792e-02 1.2010344578e-02 -2.8615682836e-02 1.3383651762e-02 -3.1903451500e-02 -2.6190823494e-02 -7.5046207862e-03 6.0174965887e-04 -3.0224262496e-02
2.5500408426e-02 1.2265541469e-01 -3.6167294686e-02 -3.5891016801e-02 9.1197910880e-02 5.5167794111e-02 -2.8984033925e-02 -2.3617863143e-02 1.0079133943e-01 2.7264935285e-02 -2.1074169694e-02 3.9775100674e-02 2.3919538355e-02 -8.1255370122e-02 -4.8698783280e-02 8.3468127383e-02 3.0378774595e-02 -3.6509414031e-03 1.2245525307e-01 -1.6684870948e-01 3.9014612858e-02 3.6030388000e-02 -2.4258211621e-02 2.0152411681e-02 2.0117941848e-03 -2.3943533628e-02 7.2986854212e-03 -1.2037023904e-01 1.7770414949e-02 -3.6643913639e-02 -4.8617952019e-02 -1.5134441108e-02 -3.1112736653e-02 5.6262002787e-02 -7.3336501050e-03 -6.0350710171e-02 -6.0737201405e-03 -3.8109833004e-02 -4.4062394342e-03 5.0974863736e-02 -1.2721683481e-02 4.2950357955e-02 1.1853638110e-02 1.1005673287e-01 2.5130215835e-02 -2.1431769345e-02 1.6546830659e-01 -2.5398153104e-02 5.1069652168e-02 -1.1430948779e-03 2.0080568335e-02 -1.3716816424e-02 -1.0889727522e-01 3.8678170237e-02 -7.5921749618e-03 4.4772737818e-02 3.7225993677e-02
-1.8835560474e-02 4.6281885570e-02 -6.4272883672e-03 1.5703229102e-02 -2.1901789643e-02 -3.8733384739e-01 2.1726956660e-02 -3.5041750742e-02 -3.8252726100e-02 5.3835822608e-03 2.9855583870e-02 4.0495274854e-02 -5.0292347549e-03 -5.1210957235e-03 -5.5325901804e-02 -1.2782807627e-02 -4.6927130001e-03 -2.4803155003e-02 4.4744945027e-02 8.5545141652e-02 1.0102626923e-02 -1.5478880111e-01 -8.8336334242e-03 2.5854870165e-03 -2.1236384968e-02 -2.7337218080e-02 -2.6492739635e-03 -1.1962018992e-02 -6.0821427034e-03 1.4445317034e-02 -1.1161167279e-02 2.6427179204e-02 1.5444278255e-02 3.0037870433e-02 -5.2249356176e-03 -3.1259928914e-02 -7.9315779300e-03 -1.6688874743e-02 -1.0329461846e-02 3.7461057175e-02 -1.0867430972e-01 1.2234661645e-01 -2.0323486929e-03 4.6413542717e-02 -1.8609099862e-02 3.3447750369e-02 -1.8793405473e-02 1.2912771714e-02 1.2822860301e-02 1.1511083207e-01 -1.8359319985e-02 3.0531091791e-02 -4.3155962572e-02 1.2553199934e-02 2.1591922508e-02 4.0288581900e-02 2.3358532428e-02
-3.3454594194e-02 1.1909815919e-01 2.6153583759e-02 2.3415502420e-02 1.4242191075e-02 2.4613402316e-02 -1.9268989396e-02 3.4984917856e-02 3.5906695242e-02 4.1871552815e-03 2.0649746143e-02 8.7208791865e-02 -1.0927404351e-01 -8.5428678862e-03 -7.4966908021e-03 -3.5354179640e-02 2.3512973559e-02 -1.8981562809e-02 1.1776402252e-01 -1.0175153298e-01 -7.1000205795e-02 6.0149120393e-02 3.3642233897e-02 -3.7391937344e-02 2.7070730319e-02 6.5590062837e-02 -1.4645780362e-02 5.4291707642e-02 2.2315621015e-03 -1.6977394738e-03 5.5305153088e-02 2.3984063743e-02 -7.8748510106e-02 -1.9730263474e-02 9.3220628547e-03 -1.4030521847e-02 4.8099526083e-02 -2.8220261071e-02 -1.6211893040e-02 -4.8587532386e-02 3.0111351212e-02 2.6532750364e-02 -3.6944228554e-02 1.1787065496e-01 4.8062004242e-02 7.2012182497e-02 6.2333585837e-02 3.8378284163e-02 1.4513973094e-01 -7.1365032948e-03 -1.0314350605e-01 6.9059003838e-02 -1.0968131875e-01 -3.0130614029e-02 -2.5246497433e-02 4.8558649543e-02 3.2520767040e-02
9.1979024837e-04 1.3521938974e-03 -7.6714135168e-05 -1.0803855979e-03 3.1171521347e-04 1.1084053316e-03 -7.7865227850e-04 3.6540597710e-04 3.2289599394e-04 -8.4546340402e-04 -8.4786318977e-06 6.7455424971e-04 2.9100191308e-04 -3.3493416393e-05 3.8056403366e-05 -7.2210062473e-04 -5.2670149999e-04 -1.2468031824e-03 6.2977413960e-04 -5.3686799529e-04 1.4684731100e-03 1.3091689473e-03 1.0902778735e-04 1.8028836184e-04 -1.1272243408e-05 1.5522270856e-04 4.2748999156e-04 1.0211536159e-03 -2.2294291454e-05 -6.5564664687e-04 -9.0402659651e-04 -1.1936430117e-04 -4.6583122956e-04 2.1835963570e-04 -5.5524504978e-04 6.7257759400e-04 9.0300199345e-04 -3.9599532502e-04 -5.1713042766e-05 -1.4201885719e-03 -6.3798103410e-04 -7.3469890568e-04 -1.6856561225e-04 -1.3880506283e-04 -1.8152567629e-04 1.3384213503e-03 -1.0683861036e-03 -1.6677061035e-03 8.2087993349e-06 -2.8623547668e-04 -3.4419595781e-05 -8.9257942965e-04 7.1543975571e-04 1.1985257887e-03 -9.4841807111e-04 -1.2275349338e-03 3.8095670223e-04
1.0705802123e-04 -2.8739154735e-04 -2.2415099563e-04 -5.9143203199e-04 7.1247588736e-05 -5.9426280023e-04 1.4428436753e-03 1.2311276491e-03 -2.3981095233e-04 2.4812629314e-04 3.3259391832e-04 2.2606662687e-04 9.7866304830e-04 9.0239751195e-05 -1.2900170665e-03 -4.1210643787e-04 4.5978287452e-04 3.5682222438e-04 3.1819512931e-04 2.1141580767e-05 -1.7290283655e-03 2.8500671466e-05 -5.0823793094e-04 1.2941827896e-03 8.1281792242e-04 -7.1628540111e-04 -1.7621240378e-04 1.8463136934e-04 7.9162566895e-04 4.0948501059e-04 3.5353271004e-04 2.4553371036e-04 -1.8117811148e-04 -3.1799161843e-04 -9.2056566791e-04 -4.4564433237e-05 -1.0774736248e-03 3.2203309487e-04 9.4180517853e-04 8.5579389883e-05 -1.7234306529e-04 2.9949807808e-04 7.4401716715e-04 8.0529962912e-04 1.3066479098e-03 -1.1696059101e-03 -9.2590503442e-05 1.0252132632e-03 -1.1098799322e-03 -1.1679956035e-04 1.0683791629e-05 1.2869081077e-03 -1.7748509739e-04 -3.0374665893e-04 1.9787158776e-04 -2.9857935841e-04 7.8603064433e-04
-7.9358488132e-02 5.6352453809e-02 -2.0157954637e-02 2.7453867525e-02 5.0107365197e-02 1.7052344622e-02 2.3657568599e-02 -4.9083388570e-02 -6.5338992163e-03 -3.9355769401e-02 -2.4212857166e-02 -7.6754186068e-03 4.2808455784e-02 7.2371373414e-04 -4.0443363396e-02 -1.3795234211e-01 8.8964845298e-02 1.1313169461e-02 5.8035326028e-02 6.8439748671e-02 -1.7790005360e-02 -1.2571547081e-02 1.5995034602e-02 -8.5019508940e-02 -9.8454568315e-03 5.2538499395e-02 -2.2510840712e-02 -2.2378670336e-02 -2.4917394966e-02 3.6599934939e-02 5.2361362958e-02 -6.3164403651e-02 1.2574819185e-02 -1.2686843856e-03 -8.8398761599e-03 1.2155130231e-02 -2.7549036023e-02 6.2123633757e-03 -4.5574725188e-02 9.6597845732e-05 -1.2656958999e-01 -2.2274537214e-01 3.4662526374e-02 5.6566701608e-02 7.1536698448e-02 -3.0848219984e-02 -4.4056305685e-02 -4.6313950450e-02 2.0421295945e-02 6.3618078189e-02 -2.6035055914e-02 -1.1511125607e-05 -4.7077918293e-02 3.6382616478e-02 -5.2495916934e-02 1.3377397450e-02 7.9572710911e-03
-1.0640545507e-04 9.2276850916e-04 -1.0670524129e-03 1.2400759124e-03 3.0846604389e-04 -1.0380916860e-03 1.9944573353e-04 -1.7316567181e-03 -7.5054344030e-04 4.6516194696e-05 -1.1877299555e-03 1.0371272156e-03 -9.0804967192e-05 9.7972561852e-04 4.4957124249e-04 -8.8797771244e-04 -7.0823914728e-04 -1.4692283954e-04 -9.2872623276e-05 -3.2446678914e-04 -6.1937325669e-04 8.8293536389e-04 5.3359000210e-04 5.3399253190e-04 9.0670717105e-04 -8.2325769491e-04 6.1246739560e-04 1.1107690055e-03 -5.3313177311e-04 3.3664333675e-04 1.7337000015e-04 3.5743112775e-04 -7.3293443090e-04 -1.2784292030e-04 -1.7789211147e-04 2.6685659409e-04 -7.0716592914e-04 -1.0411370024e-04 -2.4898721736e-04 -5.4614089002e-04 -8.1069043804e-04 3.0123232895e-04 -5.7560177933e-04 -8.9831204328e-04 7.6341577523e-05 -5.6563958007e-04 -5.1003990880e-04 -1.2494891364e-03 -1.8143371047e-04 -1.9101549098e-04 7.9662730303e-04 -7.6481292805e-04 1.5201177873e-04 -2.2434305004e-04 3.3117640151e-05 -8.1096182263e-05 -7.6361372487e-04
5.3077459806e-04 1.8264619712e-04 8.0781952727e-04 -7.6434611980e-04 2.3952511542e-04 9.0112883627e-04 1.0913326008e-03 1.0603430065e-03 8.0001140671e-05 -1.3598996333e-03 1.2657399586e-06 1.4694735039e-03 7.0253571512e-04 1.2890886944e-03 -4.8556191169e-04 7.8505022861e-04 -4.6274510686e-04 -2.8648246474e-04 1.4189152927e-03 4.5872175198e-04 1.6554997461e-03 -6.1428467451e-04 4.5480829157e-04 -2.6106725937e-05 -6.3735423151e-04 1.5452463526e-03 -1.6809624580e-03 -1.4673719064e-05 -5.0585512027e-04 -7.8992672988e-04 -6.1253135801e-04 -3.3290049847e-04 3.3679498179e-05 1.0652366625e-03 -8.2098148948e-04 1.1476623829e-03 1.7305977451e-04 2.5272889584e-04 1.5493313537e-03 9.9017928350e-05 9.8793439285e-04 -3.4665645417e-04 2.0599234436e-04 -4.1936929294e-04 -4.5561782045e-04 -4.4327597837e-04 1.3707054829e-03 -1.4507246390e-03 -3.0073521229e-04 1.3539784440e-03 -3.2913116743e-04 2.2169185266e-03 -1.5349177461e-03 1.3575080368e-03 9.6810135432e-04 -1.9120060462e-04 -7.3684394176e-04
3.6132804322e-04 1.3519852456e-03 1.6612877172e-04 1.4334540166e-04 -6.9560605815e-04 1.6804574628e-04 1.7800966098e-04 7.3628905016e-04 -1.6765359675e-04 7.5917666407e-04 2.9740337693e-05 1.7355526990e-03 -5.4434201802e-04 1.0969752446e-04 -4.0927462191e-04 5.5153366891e-04 -1.6235843937e-04 8.6247181586e-04 3.0467033005e-04 -1.5193668278e-03 1.4641063323e-04 2.5216228427e-04 8.4488525799e-05 -1.2010709320e-03 5.2885711813e-04 1.1382745060e-03 7.4762097195e-04 1.0240858040e-04 1.0179629374e-03 -1.9378380216e-04 -1.4494962510e-03 2.8808749819e-04 5.9658372684e-04 1.2109600307e-04 3.5075548297e-05 7.8251698108e-04 3.3127196267e-04 9.9643623124e-04 6.7749480909e-04 -6.7892076472e-05 2.2742785726e-04 -6.0512688242e-04 9.9464872094e-04 -7.3066322655e-05 -7.5661169757e-04 1.1270951539e-03 -1.2251459095e-03 5.9330810284e-04 -2.6029030326e-04 4.0256590101e-04 -4.1001119642e-05 3.1777368337e-04 -1.3625754363e-04 -8.7956914736e-04 4.0155748976e-04 2.2634727161e-05 5.0515864483e-04
3.9491316904e-03 6.6124622124e-02 -5.1298294868e-02 4.7792659480e-02 -7.5740738282e-02 -8.3139065501e-02 -7.5394050897e-02 -1.5397446879e-02 8.1043745149e-02 -6.2481256846e-02 1.8342016169e-02 7.0632690383e-02 8.1426985843e-03 3.4928074607e-02 -5.6206084146e-02 7.2364299093e-02 7.0489560011e-02 -4.4066749565e-02 5.6074389253e-02 -7.5066794297e-03 8.2886168172e-02 -1.7689672610e-01 3.9845799447e-02 2.2358968987e-04 -1.3969609005e-02 -2.2380089935e-02 1.2271105025e-02 2.9502011507e-02 3.3282621794e-04 -1.7877228465e-02 -3.0304557425e-02 -6.7523975358e-03 6.6049876249e-02 3.8256896842e-02 -6.1246313249e-02 2.0100591446e-02 3.7780473437e-02 2.6844810324e-02 -5.3457577555e-03 -2.6657334051e-02 -4.9769176309e-02 4.5242180869e-02 5.2535811309e-02 5.6611417472e-02 2.9105257640e-02 4.9446741272e-02 -6.2599149017e-02 2.2653767152e-02 7.9640265705e-02 7.0450098883e-02 4.8714355800e-02 -3.9804677325e-02 -4.7035182482e-02 -1.8572306833e-02 5.0122187526e-02 -2.2546069921e-03 -5.1205510020e-02
-5.9482066053e-02 1.2277088837e-01 1.3903765734e-02 -5.7674090960e-02 -6.4519657001e-02 -4.4018916959e-03 1.5198605823e-02 5.6144200392e-02 4.4993495382e-02 -2.7064972459e-02 6.0533813330e-02 7.8441092848e-02 -4.6781042065e-02 -1.6030270077e-02 -1.2354188577e-02 -3.4555882432e-02 -2.1784408737e-02 -3.7742215568e-02 1.1321930043e-01 1.8764063643e-02 1.6659837704e-02 6.2567609932e-02 -2.1424482247e-02 6.6665101242e-03 -1.9200546342e-02 5.6406034338e-02 8.3003172641e-03 5.4399272749e-02 3.5388725791e-02 2.9337949948e-02 -4.3017688771e-02 -4.0733520405e-02 -1.4389043839e-02 7.7750825246e-03 9.2343959929e-02 7.4216501416e-02 1.5745922977e-02 -4.1802712109e-02 -2.9702328501e-04 -3.6326688309e-02 -8.3224497003e-04 5.7981183037e-02 8.3466594940e-03 1.1954881295e-01 7.3411130324e-02 -8.0608861620e-02 8.5253698624e-03 -9.4517490867e-02 -8.7119158296e-02 6.7385582795e-02 3.9917194166e-02 9.4009569282e-02 -1.1354118594e-01 2.3238846024e-03 -6.4112114823e-03 7.5443444293e-02 -2.2491020846e-02
-3.9090466230e-04 1.2867779408e-03 -4.4757133747e-04 -4.4224896414e-04 2.2145173031e-04 -1.9726931093e-04 5.6424678433e-04 -6.8085705569e-05 -5.1356931482e-05 1.6510539106e-04 -1.0502808172e-03 2.9604604885e-04 -7.1592737433e-05 -8.9076132487e-05 -1.1228815096e-06 -3.4131441685e-04 5.5096044948e-04 6.0776460371e-04 1.5745961847e-04 -8.1574247088e-04 9.0249830531e-05 1.3054616080e-03 1.2177316515e-03 3.2049725381e-05 1.4010873906e-03 -1.1498131048e-03 2.2964600562e-03 2.7332888892e-04 2.7091798839e-05 6.5678368310e-04 -4.4973210253e-04 6.4660395722e-04 -7.5689448166e-04 4.0526023040e-05 -4.0519660570e-04 -4.3233425142e-04 -2.5738120068e-04 -9.3880923879e-04 8.1488856652e-04 1.2812290986e-04 -1.6926114123e-03 8.8365177736e-04 6.3650069579e-04 1.5497374218e-04 -2.5257090323e-04 -1.0402464164e-03 -1.1342014222e-03 6.0601699370e-04 -2.1184367865e-04 -8.7673372631e-04 -6.3576147416e-04 -4.1907812166e-06 -1.3152383502e-03 7.7937363612e-05 6.5610286362e-04 9.9448050744e-04 -4.4922222946e-04
1.3355165433e-02 4.1141519638e-02 -1.2255119161e-02 4.7612455974e-02 6.0893916655e-02 -2.6279786326e-02 -8.6676986825e-03 6.5157973272e-02 -7.3246646861e-03 -3.2327540214e-02 -8.4357586800e-02 3.7564171239e-02 -2.8702139981e-02 1.1063528835e-03 -8.2007949746e-02 4.0835014658e-02 1.6002827492e-03 -1.1007508597e-02 4.3467661296e-02 6.3853730652e-02 -1.0259741233e-01 1.4145518340e-01 -2.1397059510e-02 8.2250778910e-04 2.7794573362e-02 1.9294894227e-03 5.8055884674e-03 1.2463814331e-02 -4.8982249536e-02 -2.0030645877e-01 3.0646510553e-03 8.4858683151e-02 -3.4354222516e-02 3.5510279150e-02 6.8801395593e-02 3.6861888214e-02 -4.6030790466e-02 9.2358945189e-03 1.0290445220e-03 5.6595627473e-03 -4.3221254087e-03 -4.1412312950e-02 -1.6592255722e-02 4.3082860695e-02 -3.5961247334e-02 -7.4935871997e-02 -5.4270824236e-02 1.8786249725e-02 8.2726628710e-03 -2.2664349255e-02 1.8025982144e-02 -2.6623082944e-02 -3.6780089583e-02 1.9126760519e-02 -4.3296066223e-02 -5.8784233750e-02 -1.1073190175e-01
-1.1925526873e-02 2.8713065281e-02 1.6015851517e-02 -1.6425679998e-02 6.5260131191e-02 3.0903067121e-02 -7.6919035914e-02 -9.8526563674e-03 -6.7844144395e-02 -5.4615571363e-02 -7.8113202624e-03 1.4394818316e-02 3.1250634153e-02 1.7375840969e-02 -4.2511335849e-02 2.3026102866e-02 8.5859382305e-02 1.2959858039e-02 2.6789865558e-02 -2.0410296344e-01 -1.8387649744e-02 1.5300743854e-01 4.8904617293e-02 -2.5047027827e-02 -7.7411823226e-02 5.7225383840e-02 -1.2063235225e-02 4.6907886165e-02 -1.0036856978e-01 5.0560624263e-02 5.9136303987e-02 -4.4076298502e-02 5.3137260827e-02 -8.7535409015e-02 -2.4907632234e-02 4.2792811841e-02 -7.2923718781e-02 -5.2795260062e-02 -3.9059985057e-02 -9.7106863281e-03 -1.0000392219e-01 2.4462115489e-02 -1.1021604587e-02 2.7713531669e-02 1.0175909566e-01 -1.3273209219e-02 -5.8944412468e-02 -7.3963186618e-02 1.0396461467e-02 5.5754174372e-02 -4.7734050025e-03 -1.4362936936e-02 -2.5172701174e-02 9.6573263276e-02 -1.0441489954e-01 -4.0808804319e-02 7.9326981619e-02
4.2077864915e-04 5.6803516617e-04 3.5670208147e-04 -2.5186753569e-04 -4.5741612062e-04 -7.7494535626e-04 -1.8124088262e-04 -2.6404677588e-04 -2.8313197896e-04 5.9306608771e-04 -1.0444137747e-03 3.2881036344e-04 -3.1964156987e-04 -4.4397013514e-04 -4.3436638417e-04 1.0344645865e-03 1.2813200169e-03 1.1355044249e-04 9.3395355189e-04 6.3701788415e-05 -4.8296956542e-04 4.5691037038e-05 -1.2050092948e-03 8.1326608056e-04 3.5641358195e-04 4.2005240079e-04 9.0635908476e-05 8.7094817364e-05 1.7475939028e-04 1.3179684279e-03 7.9388254440e-04 -1.2794441978e-04 1.1313984946e-03 5.1296545021e-06 -1.4546033787e-03 -5.6166959700e-04 9.8482211985e-04 3.3303181869e-04 5.1219133243e-04 -3.3582444375e-04 -3.6268994358e-04 -4.3868281060e-04 2.4434371981e-04 1.3459674527e-04 -7.8196253631e-04 5.7178388597e-04 -4.5687947140e-04 7.8591836826e-04 1.1957365034e-04 -1.3473830095e-04 5.3225065919e-04 -1.7224992747e-04 -2.6107836658e-04 -2.5811337095e-04 1.0406361521e-03 -3.8131283403e-04 -4.6895980783e-04
-1.6864044801e-02 2.9150906867e-02 -2.5051535125e-02 -1.2698029509e-01 -1.1088883870e-02 2.5681528020e-02 8.2865067453e-02 -4.2439417378e-02 -2.8539788573e-02 9.9042176699e-02 -7.6301694929e-03 -1.2572901691e-02 5.3764110169e-04 1.5622739815e-04 2.6648105219e-02 -5.4158785880e-02 1.0318803407e-02 5.1219455238e-02 2.6728716993e-02 3.6116598934e-02 6.8070405705e-03 -1.1618866895e-01 2.3447958855e-01 -3.4439381637e-02 6.5193064857e-02 3.0998174185e-03 7.6558423012e-02 3.9397275937e-02 -1.0807935516e-02 -3.6382282851e-02 3.0794064255e-02 1.9671548865e-02 -2.5965592896e-02 2.4504172341e-02 8.3659738368e-02 3.2113007191e-02 -1.6947055707e-02 5.5419855054e-02 -2.4689842363e-02 -2.0192297883e-02 -1.8405370010e-02 6.5394132562e-02 -7.6538493186e-03 3.0065990587e-02 -7.0470802647e-03 -2.8859621921e-04 7.4114595692e-02 1.8823734852e-02 -4.4974259058e-02 -1.0066224606e-02 8.3129363113e-02 -2.0455084030e-02 -2.6222055537e-02 -7.8767665483e-03 4.6925357267e-02 3.5721407703e-02 2.1807796472e-02
1.0940410945e-03 -1.8684449359e-04 -4.7910256923e-04 2.2162703594e-04 1.2588445224e-03 1.1888681896e-03 3.4139068085e-05 -8.8798108205e-04 -1.4196409808e-04 -3.9089875472e-04 -2.0314892896e-04 -8.1323715255e-04 1.6090548218e-04 3.2935194941e-04 -3.8349129333e-04 5.2610950382e-05 -1.3775287064e-03 -4.1884842518e-04 -2.6201110243e-04 -1.9139492139e-04 3.3534894191e-04 -8.2505920005e-05 1.9589969129e-04 1.4607402708e-04 7.5801035199e-04 4.5019666518e-04 8.0396580717e-04 -4.5011788336e-04 -8.2992153876e-05 9.5201317045e-05 5.5300394352e-04 2.5727657946e-04 8.3571753407e-04 -2.0577414773e-04 -8.9818740776e-04 6.7077599990e-04 -1.7863503143e-04 5.2967028879e-04 -2.5633134526e-04 4.4749133550e-04 -7.7883380881e-04 -9.0378246675e-04 8.1073550713e-04 1.3598219797e-03 -2.5486369962e-04 4.8754934403e-04 -4.1730757602e-04 -1.5401489358e-04 -1.1168363441e-03 1.5394284273e-03 3.0196219139e-04 4.8792176117e-04 6.7641390871e-04 -1.4904492516e-04 4.0081581466e-04 5.0600714865e-04 4.8831824313e-04
-3.6568832340e-05 -1.1283510414e-04 -5.4984785019e-04 -1.1774186127e-03 -1.6131785186e-04 -1.6473028265e-04 1.3737653306e-04 1.6404758211e-03 4.5114591785e-04 -6.6216657439e-04 -1.3793775766e-04 -9.6609102459e-04 6.1515544407e-05 2.5346740754e-03 -6.0252912688e-04 -8.1196779853e-04 1.0081992309e-03 -6.5896848878e-04 -1.5927513629e-04 -4.8211960460e-04 9.8415771925e-04 -1.3436114100e-04 -7.3804890499e-04 -8.1620561981e-04 1.0425010364e-03 3.6801290974e-04 -3.9907150368e-04 -2.1658498159e-04 -4.2159574480e-04 -6.5480553604e-04 1.0838442652e-03 5.4955328981e-04 8.7815249107e-04 -4.7844595329e-04 -1.2723613730e-03 -3.0016298831e-04 4.7671383164e-04 1.7786534083e-04 2.1328664069e-04 -1.6023577734e-04 4.4546029376e-04 -3.3019944964e-04 -2.4155121476e-04 -4.0702876544e-04 6.6799115202e-04 -6.4041937414e-04 -4.4724590146e-04 -2.1751647941e-04 2.3783897115e-04 -1.6119323591e-03 -3.5624497406e-04 1.3390417119e-03 1.2886800606e-03 -1.0859629903e-03 8.0314320578e-04 3.9549348736e-04 -4.2625725532e-05
1.1896425279e-01 2.9631830797e-02 3.4870453056e-02 1.3763249861e-02 -1.0190760100e-02 1.4882685576e-02 2.7922660744e-03 8.1729384271e-02 -1.6913149623e-02 3.1352703986e-02 5.9959154522e-02 5.6281779548e-03 -3.8298903858e-03 4.7512759579e-02 -8.2768652241e-03 -2.2572461280e-02 -6.0372621899e-03 9.6494854483e-02 3.0842845950e-02 5.5998299365e-02 -1.5900701668e-03 -1.3588005031e-01 -2.7200328354e-02 7.7075375300e-02 1.0308564090e-01 -6.8048846687e-02 -2.4155912119e-01 2.0150802991e-02 3.0815941136e-02 2.1133750058e-02 3.1376394165e-02 2.9657293442e-02 1.0335948989e-02 7.6094734450e-02 2.9438268190e-02 -2.0443670946e-03 -3.7887687908e-02 7.0239769720e-02 -8.3949332217e-02 -2.0489563459e-02 7.0428465434e-03 -3.8940122132e-02 6.7294057847e-02 2.9722199687e-02 4.5002162989e-03 2.0481330921e-02 7.2211681090e-02 -1.4085834959e-02 -1.8215121938e-02 8.8952301792e-03 -1.3685175836e-03 -3.1657733132e-02 -2.7158922316e-02 4.5072744228e-02 -3.6551146469e-02 -1.5401135413e-02 3.0698252990e-02
2.3321953093e-02 8.0979583126e-02 -8.3301817054e-03 -4.7949894740e-03 3.3348698420e-02 -2.1397095153e-02 3.5043738955e-02 -3.1498786078e-02 4.0995909217e-03 -9.8890051535e-03 2.7568350067e-03 -4.8500779174e-03 -2.1906551911e-02 3.0567252293e-02 -2.9929154574e-02 4.8601948364e-02 -3.9659476790e-03 2.5432729357e-02 8.0178252457e-02 9.2922547067e-02 2.1451872830e-02 2.1445401360e-02 -3.5746662996e-02 4.1558769398e-02 5.7222262831e-02 -1.6950771607e-03 1.4099813175e-02 1.4352263912e-02 -2.9378560504e-02 -4.2392246412e-03 -6.1820875860e-03 6.6951266062e-03 -3.1660121550e-03 1.2189929917e-02 -7.1082053021e-03 1.8754271527e-02 1.2144092674e-02 -8.7796376697e-03 1.8038956117e-03 4.8068944020e-02 2.9917373334e-01 -3.3053585786e-01 2.1123183607e-02 8.2931073453e-02 2.3652660935e-02 7.9650159298e-03 1.1686541319e-02 -1.0958878801e-02 9.7007437343e-03 5.0170488790e-02 -1.1078380577e-02 3.3193017998e-02 -7.9888357380e-02 -5.4197149810e-03 8.8230875528e-03 3.2297043968e-02 -1.4375258466e-02
5.0946075895e-04 9.5110299327e-04 -5.3775298620e-04 1.3767581371e-04 1.9576520889e-04 -2.1991522320e-04 -1.4723539179e-03 1.6195087084e-04 -1.9114714299e-04 4.7689146261e-04 -4.6364823397e-04 6.1724359491e-05 -2.3695047441e-04 -2.5234854354e-04 1.1816862756e-04 8.2630953209e-04 -2.5566566061e-04 2.3416628539e-05 4.7349761183e-04 -1.3636395706e-04 5.3147557719e-04 6.0025063917e-04 5.7918861789e-04 9.1173101533e-04 2.8050973798e-04 -7.3122155644e-04 4.2602886806e-04 8.8875992520e-04 3.3969722096e-04 7.3733265469e-04 -7.2493800058e-04 -3.3398738282e-04 -1.1916133139e-04 -3.3111308140e-05 9.4066463793e-04 -2.3265793449e-04 1.2357130290e-03 -5.8519419889e-04 9.7654376633e-04 3.2245364230e-04 2.4083475193e-04 -1.6320212345e-04 -2.0413467578e-04 7.0563417942e-04 3.6637099446e-04 4.2575176484e-04 -6.1846350011e-04 6.4375689615e-04 1.7136572705e-04 3.9182240367e-04 3.7492610445e-04 4.1862551576e-04 7.0568352461e-04 6.8344536043e-04 2.8030141098e-04 5.3001591400e-04 1.5565202695e-03
-2.6158410033e-02 1.3764521187e-01 -2.7171211909e-02 6.0192547848e-02 -4.6502560370e-02 6.5475860631e-02 5.8284076027e-02 -2.3024366767e-02 -2.9060052498e-02 -5.7732311805e-02 -1.1548957941e-02 9.4479454858e-03 -7.9248645214e-02 -1.0051962862e-01 -5.4824041412e-02 -9.2016766069e-02 -5.2590699610e-02 -3.2526024639e-02 1.4035615806e-01 8.5707167648e-02 5.7252331014e-02 5.3510041309e-02 -6.8908511259e-02 8.7093073846e-02 2.4331753793e-02 3.6569773777e-02 4.1169288219e-02 3.9891627356e-02 -1.5627934368e-02 -4.1990890246e-02 2.2146639286e-03 6.8962691794e-03 1.3858249487e-02 5.6758952307e-02 3.6355433917e-02 -1.4367391986e-02 -2.3270462963e-02 3.7612528395e-02 -6.1671868572e-03 3.3397706455e-03 -9.3873055722e-02 -9.5256970961e-02 -4.6700192373e-02 1.3967908466e-01 -2.5257817338e-02 1.1961663112e-01 -2.8266727659e-02 -5.9392903831e-02 1.2703874731e-02 1.3714113167e-02 -4.4846477133e-02 -2.5809294880e-02 -1.2697490762e-01 9.6913559627e-02 9.4339564953e-03 -6.7006859643e-02 5.4208614655e-02
9.8044123814e-04 -4.7462565417e-04 7.0667863667e-04 -3.3905628003e-04 -2.8764347660e-04 -3.4662346765e-04 -8.0527806947e-05 -9.7639691762e-04 -1.1595579634e-03 -2.0402199902e-04 -3.5179727177e-04 -1.1084530977e-03 1.7550582185e-04 6.3123337478e-04 -1.3148637781e-04 -4.1873295683e-04 4.6962602317e-04 -8.1287362414e-04 4.1436653957e-06 -3.1056403881e-04 1.2176724282e-04 -5.6997373124e-04 6.4111236060e-04 -4.0711216961e-04 -2.9794574074e-06 2.0098995473e-04 7.9176881982e-04 -6.6802578213e-05 -2.6761461018e-04 -6.1055685242e-04 4.0463173233e-05 1.2320842610e-03 -1.1028896192e-03 -3.0243423496e-04 6.7739630816e-05 1.7474761873e-04 -4.9651212862e-04 1.2024543478e-03 -2.3346445409e-04 -6.3924543081e-04 6.4708648668e-05 -2.5592071009e-04 5.5977953235e-04 -6.8412935914e-04 1.5641483070e-04 6.2721526930e-04 1.7688286424e-03 2.0527552472e-04 -3.4803013785e-05 -2.2161616288e-03 9.2135148919e-04 2.3152058526e-04 6.7765126361e-04 2.2264631022e-04 2.6211492298e-04 -1.4683983426e-03 -9.7135782470e-04
1.0358256073e-04 2.1732569962e-04 6.1970666537e-04 1.2159803273e-03 7.4313696494e-04 5.0702078643e-04 5.1320728356e-04 2.9189146660e-04 -2.3912104715e-04 -8.2484949998e-04 -4.8913890836e-04 2.3976895695e-03 5.0000974772e-04 2.0711427261e-04 -8.0189940117e-04 3.1518642898e-04 -3.2504622719e-04 3.4344136655e-04 7.7943286975e-04 1.0295836401e-04 4.6972547238e-04 4.0361591277e-04 8.7096407551e-04 -5.7316978302e-04 3.0383365214e-04 -7.4859177417e-04 1.2965662692e-04 9.4149478136e-04 3.7227619834e-04 6.8683883593e-05 1.1032033619e-03 -1.8901094746e-03 6.6802105014e-04 7.0973696105e-04 4.3135418060e-04 1.0471010263e-03 -7.2577699710e-04 1.0549641098e-03 1.7046921855e-03 4.8687185967e-04 -8.9859536442e-04 8.2401782344e-04 -3.2327641208e-05 -7.7814874635e-04 7.2407620883e-04 1.2654524310e-03 3.1436950664e-05 1.1536793604e-03 4.0816618660e-04 -1.3424288630e-03 -1.2032403382e-03 1.2285377525e-03 -6.2937437848e-04 -9.0607537179e-04 6.8779094204e-04 3.6091135711e-04 6.4429403422e-05
8.8506377464e-03 1.3695960895e-01 3.6080532709e-02 -1.0628743086e-01 -4.0676366026e-02 3.8765878069e-02 1.3388999606e-02 -5.3263281435e-02 1.2441101004e-02 -4.2540122558e-02 6.3276856296e-02 -1.1060276318e-02 -4.0413939187e-02 3.8226316720e-02 -1.6802135499e-02 5.0214262789e-02 -9.1088496852e-03 -4.2718516217e-02 1.2963895681e-01 -9.7637560392e-02 -5.4537292705e-03 -2.5613689766e-02 -5.6470691456e-02 -1.3340220964e-01 1.6532750546e-02 3.4724453936e-02 4.5946800109e-02 4.0464330430e-02 -5.9592648235e-02 9.1514293887e-02 7.1549356283e-02 -5.9945095061e-02 5.1256660998e-02 3.1469712207e-02 -1.8609343230e-02 -6.8280921004e-03 -5.0103241544e-02 1.7728550260e-02 -5.4829478816e-02 2.2573216860e-02 -2.5085395798e-04 1.9398845158e-02 5.7824719662e-02 1.3453316700e-01 -4.9782252652e-02 1.1086075261e-01 6.3421608962e-02 -3.1533400178e-02 -1.7046378130e-02 6.8196005407e-02 -5.2217958526e-02 -3.5704198309e-02 -1.2224981926e-01 -1.5989355642e-02 -3.3762292528e-02 -1.5930393433e-02 -1.9675033878e-02
1.0168847997e-03 -1.4125136972e-04 -7.0581837831e-04 7.0905851998e-05 -3.5546226194e-04 2.7049408809e-04 9.4988894215e-04 1.0650650356e-03 5.1232483018e-04 -2.7750454445e-04 3.2852027672e-04 7.2018437209e-04 -3.4844207821e-04 4.8057553781e-04 1.1363035794e-03 1.5287685279e-03 1.6758452470e-03 2.9184321756e-04 7.8018011083e-04 -1.0695604247e-04 1.5608325559e-03 6.4815587776e-04 -6.1107147739e-04 -9.6539386205e-05 -9.5350700717e-04 1.3509946984e-03 -1.5194064393e-03 7.3429204984e-04 1.0516492894e-03 3.8981434434e-04 -8.9755824131e-04 -2.0219845983e-03 -1.3248442450e-03 -6.8516495184e-05 8.7074255456e-04 1.3336541392e-03 1.3866561153e-06 4.3013037603e-04 2.9032076199e-04 1.0325270412e-03 5.1126414476e-04 1.5550538529e-03 4.9926139366e-04 -1.4055412347e-03 -5.8604811650e-04 3.2117931541e-04 -2.2703619684e-04 7.5646126752e-04 4.5154357246e-04 -3.1003151235e-04 -2.6635940455e-04 1.6286272694e-04 -4.6676597101e-04 2.7141834639e-04 8.8181003157e-04 7.8284579640e-04 3.2451765394e-06
-4.3237613841e-04 2.1960654557e-03 -8.7488372748e-05 -2.8485415932e-04 -9.4908881187e-04 9.0407754821e-05 3.5660893042e-04 1.8807126382e-04 1.7557225273e-04 2.4795539346e-04 -2.0657046153e-03 1.1115276698e-03 1.8900441968e-04 4.4307867006e-04 -4.2675070879e-04 -2.2856998921e-04 -1.0064570416e-03 9.1315348045e-04 -3.8735188282e-04 4.5449840525e-04 -5.0397144129e-04 1.2288647909e-03 -1.4503437137e-04 -9.1593469289e-04 -7.1264753660e-04 -7.4507091102e-04 6.1909287407e-04 -1.0424350604e-04 -7.9077787122e-04 1.3070187662e-03 3.2822185870e-04 8.2721506911e-04 -1.2767747908e-03 -4.1461688487e-04 -5.2152599684e-04 6.1939542032e-04 3.6155358583e-04 1.3127749374e-04 -8.4990434386e-04 8.0631874154e-06 4.8515634681e-05 2.2693365059e-04 -2.3087760323e-04 -3.3083118273e-04 1.4750271698e-03 -1.2254463675e-04 -3.3500383226e-04 3.7186971463e-05 -1.2036855127e-03 -4.4671420115e-04 -2.3130934663e-04 1.5090619194e-03 1.2041493322e-04 1.6527530960e-04 -6.6757785980e-04 -6.8034237578e-04 3.0747520877e-04
-2.3116271666e-02 1.8615001928e-02 5.4263906493e-02 -7.7066293935e-02 -6.7627461414e-02 -9.6879045185e-02 3.2470309741e-02 6.4741404428e-02 6.0535847045e-03 2.8527807472e-02 -3.0618299545e-02 5.8918382043e-03 3.7993406858e-02 -4.2263394305e-02 1.7613619724e-02 1.1146294222e-02 -6.0496232937e-03 -8.8783358231e-03 1.8917144692e-02 2.3807792497e-01 -3.2099144520e-02 -4.0193736804e-02 -4.2290448246e-02 -9.7965118082e-03 -2.9055447554e-02 -1.1689519291e-02 3.5202819283e-03 -2.3177752569e-01 8.0458279018e-03 2.8925431715e-02 -5.3498976832e-02 -5.2917930218e-02 4.3868871659e-03 5.9391095150e-02 1.2031474760e-03 -4.5920569564e-02 -9.9941702780e-02 -3.0125733159e-02 -4.8271622679e-02 1.4339700537e-01 4.9711080996e-02 -4.2467077864e-02 -2.0309944119e-02 2.1689191410e-02 2.4293891587e-02 -4.7327983992e-03 -2.2656687548e-02 -3.6164394573e-02 5.8238288664e-02 -1.1685639934e-01 -2.0288626334e-02 1.3969980856e-02 -1.8850236790e-02 7.2078371916e-03 -1.7317804155e-02 -3.6243075382e-02 4.4317283962e-02
-2.3656860251e-02 1.4770348484e-01 9.0998118452e-02 1.1597587998e-02 -7.8121709785e-02 6.4605842464e-02 7.6257019890e-02 -6.8785123302e-02 2.3570920633e-02 -1.2064001735e-02 1.1186315839e-02 9.7389214735e-02 1.7952679094e-02 5.6396435202e-02 6.8866580314e-02 -5.5666027444e-02 5.6974584736e-03 -3.5145020340e-02 1.4782788848e-01 -1.3989620979e-02 -7.2563749269e-02 3.8084788678e-02 2.0565337690e-02 -4.3488273288e-02 -4.3778550943e-02 -4.5465009864e-02 -7.1771113715e-02 5.6567236624e-02 -5.1111509117e-02 -3.1415317580e-02 -9.7611343041e-02 -2.3264381485e-02 -4.4423480407e-03 4.2621284593e-02 -2.2541609346e-02 -1.4058130325e-02 5.1280125771e-02 3.5413418381e-02 7.8202168705e-02 5.2973369598e-02 1.3612046991e-02 -6.2276179878e-02 -3.9954834555e-02 1.4811175838e-01 9.3759762256e-03 4.2079163717e-02 4.2066528499e-02 -3.3630753726e-02 -1.7088501262e-02 1.0259319338e-01 2.7996101466e-02 -5.4253788429e-02 -1.3527487503e-01 3.0150729273e-02 8.7965634192e-04 3.4781781544e-02 7.0270449975e-02
5.9024755886e-02 5.3152257895e-02 7.4412287904e-02 -1.9825272332e-02 6.3816615472e-02 1.1083710943e-02 3.7784129433e-02 1.4401329624e-02 -7.7979097036e-02 -1.9049638454e-02 6.9777488294e-03 1.6710085668e-02 -7.3633202794e-02 -2.1231615719e-02 5.2180554575e-03 2.6136288798e-02 2.3398292239e-03 2.6582473804e-02 5.4917761258e-02 1.6903605214e-02 4.4113258457e-02 2.8239546610e-02 -1.5553004411e-02 -3.6526404623e-02 -8.1770323925e-02 -6.5760734409e-03 1.0440310821e-01 -7.0765815715e-02 1.9582701512e-02 -5.5438238741e-02 6.8471655131e-02 -6.2008784338e-03 4.6992225752e-03 6.6722509003e-02 1.2642493632e-01 -8.7165474382e-02 -1.6750595248e-02 4.5845511189e-02 -3.5870216001e-02 -1.6845072478e-02 -1.0048083893e-01 8.6568727856e-03 -1.9239607469e-02 5.3206582293e-02 2.4364828093e-02 -1.5282508790e-02 5.2840007642e-02 2.0086502544e-02 -1.5367737304e-01 1.2673126328e-02 -1.0333050499e-01 -7.3619282591e-03 -5.1445686894e-02 -3.5303435529e-02 3.0496375571e-02 6.5292574802e-02 1.8280946820e-02
1.9185210747e-02 1.4110861381e-01 -3.1445659245e-02 4.2147780598e-02 1.1653812972e-02 -5.5295053380e-02 3.9179767240e-02 -3.6572505709e-02 -3.4855005296e-02 -7.1486217289e-02 1.0288961633e-02 -3.4955089304e-02 -4.8939041211e-02 4.7425010593e-02 -1.5914895871e-03 -6.9249241174e-02 7.9366411640e-02 1.5535723100e-02 1.1508214876e-01 -5.3686836531e-01 -2.5328682742e-02 1.1779145351e-01 2.3646785140e-02 1.2263125521e-01 4.1790779377e-02 1.3568670279e-02 1.1874101832e-01 2.6456927025e-02 -4.5276694813e-02 2.4145272949e-02 -2.0085135778e-02 3.1637765125e-02 1.9728335923e-02 -2.0619508260e-02 -3.3581312839e-02 -5.6891008079e-03 -7.9700589435e-03 -1.0707869183e-02 1.6956650444e-02 2.0308103753e-02 -2.7854342847e-02 8.9665518502e-02 4.7442491366e-02 1.3532038920e-01 -1.8064709939e-02 -3.5500997820e-03 1.1704101257e-01 -2.4223253765e-02 -3.5119356164e-02 -5.3350560906e-02 9.7654022984e-02 -6.4458116497e-03 -1.2097290507e-01 -6.8914737684e-02 -9.3954841951e-02 2.4578792233e-02 4.3663107994e-02
-1.6334568539e-02 1.0646817835e-01 -6.7180450362e-02 -3.3768026114e-02 -2.9847999262e-04 3.6083712920e-02 -6.8813670793e-03 2.0820279865e-02 4.2745084956e-02 -1.0326660122e-01 5.3231808827e-02 -1.1730313511e-01 -1.1777366305e-02 5.4244422420e-02 -1.9280568315e-02 -9.3682513174e-03 -5.3973397018e-02 6.3878175318e-02 1.2262535527e-01 1.6465882410e-03 -3.5850788553e-02 2.0928639514e-03 -6.9107143292e-02 9.9912394850e-03 -8.3428698656e-02 -2.4007183745e-02 -1.6057624541e-02 7.7761422033e-03 -6.8885764503e-03 -4.1502638752e-02 3.1894741456e-02 -1.9889636081e-02 -4.8004495520e-02 -3.0226192238e-02 -4.4768021855e-02 3.5102792890e-03 8.2642621927e-02 5.0687696881e-02 -7.4249797865e-02 3.8578038156e-02 2.8259165032e-02 9.9512490820e-02 -3.9866593234e-02 9.5947412869e-02 1.0441444055e-01 4.0103193471e-02 -2.3721529297e-02 2.8620829304e-02 -4.2232146646e-02 -1.3401459333e-03 1.3672393054e-02 -7.9451330620e-03 -9.0537958009e-02 2.2044127762e-02 2.2749988067e-02 5.6880048420e-02 6.8289934026e-02
-3.5737501294e-02 5.0240905661e-03 -9.5546514573e-03 -5.7575312282e-02 8.8673395445e-02 -1.7323075726e-02 -4.4075780398e-02 -3.1334610977e-02 4.3772073722e-02 3.2954721470e-02 -4.3128325849e-02 -5.9307629300e-03 7.3314234287e-03 -6.8588041471e-02 -6.8720459387e-02 4.6295367559e-02 3.8699531584e-03 5.6224287845e-03 3.5261839714e-03 6.1393229320e-02 9.7544303385e-02 -1.8608105741e-01 6.2019664306e-02 -4.9045326022e-02 1.4809077822e-02 -3.1388886347e-01 3.8714145132e-02 -3.9896418190e-03 6.2527144879e-02 8.2677533878e-02 -9.6335619186e-02 2.8643399806e-02 6.9668753294e-02 8.8568834273e-03 5.3581990110e-02 8.9321950131e-02 5.2105013609e-03 -4.8200262372e-02 -9.0140922051e-02 -9.6445385343e-03 -1.2090558718e-01 -1.0565345799e-01 -6.6002683509e-02 6.8886620288e-03 2.7536398643e-02 -2.5084171147e-02 -3.2062249521e-03 -1.5665811413e-02 1.0672589055e-02 -2.8738835174e-02 -2.2285469478e-02 -3.1516997298e-02 -5.4920841773e-03 3.2375272184e-02 2.8152476519e-02 9.6663396796e-03 -1.0479643955e-01
1.6966197606e-02 1.2386621619e-01 9.2927101801e-03 4.4519379989e-02 1.0286318536e-03 -1.0843931392e-03 5.3370225294e-02 -1.0056519103e-01 6.4120816156e-02 -2.3177219750e-02 8.4268723065e-02 -2.7098327131e-02 -1.2460059743e-03 3.8660783521e-02 6.4158344425e-02 1.1864895964e-02 -1.7672956152e-02 -3.8197833966e-02 1.0867696606e-01 4.7302770362e-02 3.1838772134e-02 5.7689302257e-02 4.5857231387e-02 2.3600037188e-03 1.9148660909e-03 3.1201484758e-02 -6.1594025245e-02 -1.1581634197e-02 6.2268608490e-02 -1.2982529497e-02 1.2413519763e-01 1.3513581415e-02 -1.7981172156e-02 1.5283016049e-01 2.0931665201e-02 2.8505811147e-02 -1.1688947700e-01 3.9674289460e-02 2.1016883703e-02 2.7468580530e-02 -1.5992400915e-02 -2.3032875029e-02 -1.3687284171e-01 1.2403105101e-01 2.0745509748e-02 -1.6052896730e-02 1.3317961290e-02 8.2656490419e-03 6.1943716095e-03 1.3522065448e-02 4.6228993129e-02 7.0770529221e-02 -1.1966444879e-01 -1.7724375835e-02 -2.9460177238e-03 2.6520521423e-02 -2.3601176562e-02
-7.1341256513e-05 -8.2757688209e-04 3.3655764985e-04 -7.4928764575e-04 8.1710462716e-04 9.1179541866e-04 7.6192673115e-04 -2.1630723668e-03 -2.6051543402e-04 -7.9933655816e-04 -1.5613225707e-03 1.0394496532e-03 -7.0479242989e-04 4.6708351120e-04 -2.1874017215e-04 9.3884886426e-04 -1.7244009011e-04 -1.1866035412e-03 8.7608986766e-04 -1.1069487813e-03 7.5572531951e-04 1.1015844375e-03 4.4442860227e-05 6.2078491479e-04 -5.0376144279e-04 1.8849666650e-04 3.8043950321e-04 5.7659030390e-05 1.8004379764e-03 -1.3803473230e-03 -9.0830066510e-04 7.3218851826e-04 -1.9679806301e-03 1.9232412469e-04 -2.4809723480e-04 -2.5872746885e-04 4.3143646424e-04 9.3355996711e-05 2.1229242186e-04 9.6199295119e-04 -6.0359751965e-04 5.1878802131e-04 2.3954567685e-05 -4.7951583850e-04 -2.9453916203e-05 1.4503407798e-03 -2.2408041789e-04 -1.6117530046e-03 1.8653507994e-04 -8.8822947650e-04 1.4290858078e-03 -1.2531904617e-03 4.0829343304e-04 7.1601715764e-04 4.5707331535e-05 -1.2607012250e-03 -6.9347178796e-04
-2.3593542785e-02 7.2091179543e-02 -4.2507921121e-02 2.4193766469e-02 -1.0668942255e-02 2.6880582012e-02 -4.9585916878e-02 3.6159448038e-02 -6.7807493306e-02 1.5838431516e-02 1.8216307376e-02 2.2450957840e-02 -3.2837377103e-02 4.5884464363e-02 3.0279475606e-02 -1.3418794071e-02 4.7852120160e-02 4.4148312169e-02 6.5093525635e-02 -2.3804595812e-01 1.8323315137e-03 9.1630288160e-02 -6.0503149856e-03 6.4775657829e-03 1.5518308027e-01 5.2192660796e-03 -6.3424614393e-02 -4.7795976662e-03 6.9892909161e-02 4.3316486139e-02 1.4179524504e-02 2.3254953354e-02 -5.7171708552e-02 -4.1191988669e-03 1.0285529014e-02 -8.5949944638e-02 3.3145477218e-02 1.2394236770e-01 -1.0211912757e-02 4.3877187832e-02 3.3849830297e-02 5.6123071663e-02 1.9794513641e-02 6.8230782203e-02 -5.1845862404e-02 -3.4822930332e-02 1.1920797890e-03 -3.5711836470e-02 -1.1455862132e-02 8.9520479744e-02 -1.3075199808e-02 -2.8042708924e-02 -5.6722212583e-02 5.2095988322e-02 2.8133559852e-02 4.1412864293e-02 -1.3067907378e-01
-1.8564289531e-02 1.3099492225e-01 4.2419968144e-02 -9.7353870901e-03 -3.1558347143e-02 -2.1231198153e-02 1.1954920999e-01 1.2498741467e-02 3.3341077185e-02 -7.5201221248e-02 -1.0136290264e-01 -4.3913108352e-02 -4.0967484408e-02 -5.4752145502e-03 -1.1869170289e-02 1.7267731172e-03 1.4421493808e-01 -9.1831564840e-02 1.2393189279e-01 -1.3231111280e-02 -2.6774262554e-02 9.6997135304e-02 -4.4930061914e-02 -5.7889269892e-02 -1.5632354219e-02 -1.8832957303e-02 4.1149143637e-02 -1.9879015048e-02 4.9542998887e-02 9.3919843091e-03 4.0923387006e-02 2.6577640578e-03 -3.5843382295e-02 2.1688985876e-02 -3.9601409737e-02 -3.7940449420e-02 8.9037038325e-04 -3.4524659843e-02 3.3398795034e-02 2.0926935753e-04 -1.4307420729e-02 8.3619844626e-03 -2.8579026760e-02 1.3008732828e-01 -2.8049437231e-02 4.6643253438e-02 -4.1080432997e-02 5.2811278723e-04 -5.7052211401e-02 -4.5356174709e-02 8.9737617468e-03 -4.6897549866e-03 -1.2064933578e-01 7.1056745612e-02 4.9742613873e-02 7.0370920102e-02 -4.9329235810e-02
-4.0265836098e-02 8.7761928867e-02 -4.7357984853e-03 3.6779091018e-02 1.1668854882e-01 -5.8536587851e-02 -1.2434054849e-02 -4.4530841471e-03 1.4074628605e-02 1.1867793181e-02 6.5523685406e-02 9.7663684571e-02 -1.5053756081e-02 -2.8432883214e-02 6.5255909951e-02 8.0432823481e-02 -3.2378901549e-03 3.1965689726e-02 7.5374200750e-02 -2.1251998700e-01 -4.8524507190e-03 1.0895359167e-01 5.3846672337e-03 7.2592269441e-03 4.9353392116e-02 -2.4102184130e-02 -6.1723520835e-03 -6.5136281701e-02 -7.6622657296e-02 2.9957781006e-02 1.8969623864e-02 -9.1794390902e-02 -3.7120131678e-02 2.7513281622e-02 -1.4179831889e-02 6.6527021844e-02 5.3693894933e-02 1.2304602800e-02 6.6668924680e-03 -1.6185141574e-02 -4.7771961692e-02 -2.3388147931e-03 -1.2559366312e-02 8.2696354978e-02 -1.0916390659e-01 3.7356546530e-02 -1.0359383966e-01 4.7776399577e-02 -6.1060477709e-02 -3.7052929451e-02 6.9930924929e-05 3.7062384353e-03 -7.1791013146e-02 5.6812558413e-02 -6.4231197259e-02 2.9349284829e-02 6.8672839968e-02
-2.8300119319e-04 -8.7584837715e-04 2.6511383213e-04 1.4944058427e-04 -2.2386910002e-04 2.0316647077e-04 9.3127148784e-04 5.8178779062e-04 3.1330002385e-04 -6.4949951448e-04 -4.1781051795e-04 -6.8503393758e-04 -2.4798880517e-04 6.7928214444e-04 -1.1031006339e-04 6.6270224106e-04 2.4131239093e-04 -8.6883913481e-04 -5.9431247846e-04 -7.8982819612e-06 -1.1677284135e-03 9.9589532744e-04 9.9756938687e-04 -8.9197721465e-04 1.6423318340e-04 1.6814324447e-03 -2.7842350331e-05 -2.9465815223e-04 4.6649832766e-04 1.0511927762e-03 6.2410287377e-05 -4.9597499221e-04 -1.4938939740e-04 -3.2677939500e-04 -3.1414081202e-04 -1.0641358132e-03 -8.8795951410e-04 -6.9507988072e-04 -1.1632906269e-04 -2.2235363307e-04 3.4671606266e-05 -1.7676384471e-05 -3.2678553855e-04 -7.3830827738e-04 8.6364520296e-04 1.5341612568e-04 2.9719140800e-04 -2.1828282637e-04 4.2993427639e-04 -1.6116191215e-04 2.2071291837e-05 1.0197871633e-03 7.1874187237e-04 -1.1936715590e-03 2.2444888380e-04 1.0834206532e-04 -3.8513513923e-04
7.8957009697e-02 8.9597345814e-02 3.6587383877e-02 -7.9060320502e-02 2.2089081543e-02 2.5637233124e-03 -4.8217808944e-03 6.4369745179e-03 1.0750818015e-02 -3.7902241974e-02 1.0456834877e-02 2.3225533154e-03 -6.1589681624e-02 1.8632143524e-02 6.3630836217e-02 1.0777639171e-01 4.9271685072e-02 6.4186141232e-03 8.8129361778e-02 4.2885663055e-02 -2.0080599101e-02 3.2104305466e-02 -4.3431726518e-02 1.5803653610e-03 1.2084168586e-01 -2.0012321483e-02 1.2690201831e-02 7.7702662041e-02 -2.1636639573e-02 -4.5402286938e-02 1.2833289370e-02 -6.7176173883e-02 -3.5068159951e-02 -1.7092760606e-02 3.5244176501e-02 1.4480233911e-03 2.4134189794e-02 1.5612330921e-02 4.1421278324e-02 5.0084009356e-02 -2.5000053851e-01 -1.3341572928e-01 -2.1340850146e-02 8.5447787337e-02 1.0167650846e-01 -1.8448849927e-02 -5.6815821793e-03 -3.5674223501e-02 2.3205070646e-02 -7.2333233147e-02 2.5882220154e-02 -8.3831643170e-03 -8.0193870852e-02 -7.6511271512e-03 4.7131362004e-02 -1.0613525212e-01 -2.2277458349e-02
-8.7416109557e-04 1.2226765994e-03 -2.3599682062e-03 4.5461299954e-04 -1.0012575465e-03 -5.3966334055e-04 -2.3407498513e-04 1.7581075446e-04 5.7604620788e-04 -6.2048527298e-04 3.3987856383e-04 1.0175655167e-03 -2.2328744497e-04 -6.3057910892e-04 -7.1760291219e-04 1.7580006584e-04 -5.9511967998e-04 4.0715885042e-04 -1.2375630318e-03 1.7695990267e-04 1.4660400624e-04 -5.7851588291e-04 -1.3408321570e-04 -6.8639993150e-04 1.5385674221e-03 -1.2190117507e-03 1.6607275053e-04 -6.4510135389e-05 6.9586987067e-04 1.5791196357e-03 1.0570151776e-03 -7.7028148215e-04 3.2879675479e-04 -5.6424274607e-05 6.5551256280e-04 2.6193202083e-04 -6.8729465219e-05 7.3410733103e-04 -9.7732081915e-04 -5.6115677189e-04 9.1230254370e-04 -2.5243495589e-04 -7.0114252492e-04 -1.0968042138e-03 -1.7192963340e-04 1.6099708307e-03 -1.2502108006e-03 6.4371701697e-04 -6.4932702474e-05 -2.5911197574e-04 -7.7739627478e-04 -6.3286616930e-05 -1.9027271644e-04 -1.1958883138e-05 -3.8818596149e-04 7.3017132993e-04 -7.8199247041e-04
-1.1840924013e-01 1.3039234636e-01 9.9386591993e-03 7.6931785314e-03 -3.2257459999e-02 4.5221445044e-02 -8.7423652119e-03 -8.3646918106e-02 -1.0398375909e-02 1.0859228340e-02 9.5400001118e-02 -3.7078653849e-02 2.6024431939e-02 4.1103052233e-02 1.5204572487e-02 5.0309298810e-03 6.9924452306e-02 -5.0686189318e-03 1.1750435397e-01 2.2030929494e-02 -2.1093346432e-02 -9.7046850581e-02 -7.8464308358e-02 6.2217504802e-02 -3.8371917491e-02 -4.4642282728e-02 6.2299154049e-02 5.9596025126e-03 -1.9724776372e-02 -1.3346539163e-02 -3.1435077144e-02 -6.7175127408e-02 -1.0493564962e-01 -2.2513362202e-02 6.5495637635e-02 -4.2653599490e-02 -9.3769043106e-02 -1.0111722347e-02 2.3073561542e-02 -1.0289062860e-02 4.6393404576e-02 3.4715304751e-02 3.6834045884e-02 1.2761007543e-01 -1.1840972625e-02 -1.1720094373e-02 -9.1302117098e-02 -3.8882871109e-02 1.0716464673e-01 -7.7764590040e-03 -3.5670587121e-02 3.4663183087e-02 -1.3054706754e-01 -5.1458761361e-02 5.4207871884e-02 -7.7194311768e-03 4.7729020833e-02
4.8111205448e-04 1.7687112056e-04 -3.9870109524e-04 -2.5308634359e-04 1.1099079517e-03 -1.3137079479e-03 -2.3473121428e-04 1.7995685701e-03 4.1563866410e-04 3.0933755928e-05 9.8676563099e-05 -4.5784288815e-04 1.0756559117e-03 1.3744236431e-04 -5.7002794734e-04 5.6111882663e-04 1.2681645778e-03 6.3248724751e-04 1.5764458039e-04 -2.2886000230e-04 -7.1934418104e-04 8.1271784292e-04 -8.6551874711e-04 -8.1921642702e-05 -6.3254426915e-04 1.8383057537e-04 6.3860238131e-04 5.9798899566e-04 1.1634893388e-03 -1.6811574050e-04 4.8028518414e-04 -7.4809388215e-04 -3.9145515443e-04 7.7910158843e-04 -6.0248788726e-04 4.7514576207e-04 1.2408794574e-03 -2.0386045317e-04 -5.4998084622e-04 1.0396851709e-03 -2.0191144216e-04 -6.1620514179e-04 -4.5887798182e-04 -1.3358704037e-03 -1.9743283290e-04 7.0982790664e-05 -2.9997315304e-04 -5.0250833416e-04 3.9073761115e-04 2.9771258106e-04 -5.4287368569e-04 5.3872569980e-04 3.5407754172e-05 1.2885097655e-03 -1.8775720191e-04 -4.4040169627e-04 -6.4030374707e-04
-6.1890058169e-04 7.1618330080e-04 -1.2206333912e-03 -6.0776632141e-05 1.3287506829e-03 2.1740348589e-04 1.4043430318e-03 -2.0864809728e-04 -3.6854883738e-04 -5.8282511605e-04 -7.0248808234e-04 9.0591244570e-04 -2.3428439669e-04 -6.0475046052e-04 6.7646273406e-04 1.7700260241e-04 1.8690308708e-04 -7.7536466112e-04 -8.0582597770e-04 -3.9908864283e-05 8.5442370467e-04 -8.6867059296e-04 -7.8084393583e-05 3.1370260128e-04 5.0005239120e-04 1.7909752282e-04 1.2819668414e-03 1.2371112769e-03 8.1956101597e-04 -1.2321674662e-03 7.5272860066e-04 -8.1626423052e-05 -4.6145431898e-04 7.3666723745e-04 -6.7308303364e-04 4.5011433110e-04 3.2320846934e-04 -7.3425395055e-04 -7.3415765723e-05 -1.8782970481e-03 -2.2786876474e-04 -3.7862697651e-04 -1.0560855252e-03 6.7686693491e-04 -1.6942919368e-03 -7.8075253519e-05 7.0661787772e-05 -1.5212019655e-03 2.6766255064e-04 -7.3688346471e-06 8.9888561497e-05 -9.3617580837e-04 -3.8003585290e-04 5.7539474065e-04 3.4665919576e-04 6.3095709135e-04 1.6314869514e-04
-1.3588205596e-03 -2.5762821788e-04 1.0693689964e-04 9.1003790408e-04 1.0428303887e-04 4.1155626308e-04 3.7225453204e-04 1.6621604640e-04 -5.0137075225e-04 1.1896783841e-04 2.8630438704e-04 9.8736661221e-04 3.0602071046e-04 -9.9908855725e-04 -3.6790418650e-04 1.2630661967e-04 -1.0992094302e-03 -8.3428293080e-04 -4.3594458709e-04 7.5453057565e-04 -1.0817923144e-03 -8.0987780322e-04 7.2373656224e-04 -3.1172208234e-04 5.4931778100e-04 -7.9693509791e-04 6.3719573555e-04 -1.4936411419e-03 -6.9421948096e-04 -2.5999570159e-04 6.9677902125e-04 1.0491760678e-04 -3.7723245872e-04 -5.8218775449e-04 -3.8958520700e-04 3.3989817350e-04 -4.0667727517e-04 -1.1639772196e-03 1.7871925709e-04 1.3247209686e-03 2.4797665968e-04 -9.0067886386e-05 -1.0239218933e-03 -7.5160825404e-04 -5.1934927835e-04 8.6108299624e-04 6.5974181809e-04 -1.1952129645e-03 -1.2564189060e-04 2.7879991008e-04 1.3625071579e-03 -4.0531289177e-04 1.0391877497e-04 -4.1780563347e-06 3.0460045808e-04 7.5614968696e-04 1.2286641191e-04
-5.3087515864e-02 1.6541671412e-03 -6.0968620708e-02 5.3730696986e-02 -1.2227741820e-02 -1.1065151456e-02 -1.0855105787e-01 6.2520226686e-02 -3.8497253722e-02 3.7805444347e-03 -1.5426856541e-02 9.2697143839e-03 4.4760131891e-02 1.0568453373e-01 -1.2344576743e-03 7.1555331107e-02 3.1932840199e-02 -1.5829259724e-02 2.0718034761e-03 1.8141083688e-01 -2.7983515183e-03 -2.3162732124e-01 7.5857873125e-02 1.9814370378e-01 -8.6029980827e-02 -8.4170903057e-03 1.3143985378e-01 -4.6001396463e-03 -4.6025028916e-03 -3.3654709887e-02 2.1624199697e-02 1.2185080400e-02 1.0784210293e-01 1.0007753266e-01 8.7847494659e-02 8.6911189208e-02 -3.0786192906e-02 -1.0895269148e-01 9.2996836191e-02 1.8111277438e-02 2.1692152770e-01 8.7428378414e-02 -4.9553109207e-02 1.8709984041e-03 7.8774626745e-02 3.2225506693e-02 2.9064791327e-03 6.1321825393e-02 1.0047661224e-02 -8.5945273804e-02 -9.9054801390e-02 1.1202922880e-02 -2.9711675648e-03 -8.3221734418e-03 -2.2024072034e-02 2.1090026701e-01 -3.3567373928e-02
-2.5429126426e-04 -2.6144977152e-05 7.5121148446e-04 -2.5332229509e-04 4.6090537661e-04 -3.8641477628e-04 4.1117008600e-04 9.7266657457e-04 2.5012118871e-04 8.1511964384e-04 1.1563804210e-04 -9.3438183521e-04 -4.5792440216e-06 5.1587630985e-04 5.2698814997e-04 1.3220517129e-03 -8.7460380094e-04 1.1530085487e-04 1.9912238777e-04 5.1362604585e-04 1.0737860382e-03 9.8802477927e-04 5.4499818403e-05 -6.3587025917e-05 -5.0673834494e-04 -8.6662105082e-04 8.0880956661e-04 2.5078736849e-04 -2.1255676859e-06 3.9749363245e-04 9.1862105497e-04 -2.3921267171e-04 -1.0746016138e-03 -2.0909501520e-04 -1.2287406998e-03 -7.8839753525e-04 -1.0273909255e-04 -4.0894713970e-04 -3.8923503972e-04 -3.5581005887e-04 1.4656410087e-03 -2.6525283428e-04 -6.1915121483e-04 -2.2798001246e-04 3.3680316472e-04 4.1538045834e-04 2.1805247791e-05 -8.4848077525e-04 -2.8488216970e-04 5.9385422593e-04 4.5749861456e-04 4.2119261163e-04 -4.1464901536e-04 4.1379057040e-04 -4.5682905110e-04 -6.1866733180e-04 4.8156557364e-04
-6.7759312355e-02 1.1357879862e-01 -5.0602245193e-02 -9.5059166926e-02 1.9831433590e-02 3.5370306054e-02 -4.0253893695e-02 -4.3203142536e-02 -8.9235694638e-02 -1.9792835831e-02 6.5723692314e-03 1.5603356552e-02 -8.1731359850e-03 -1.7637935899e-02 -4.3431870606e-03 -2.8978505261e-02 -6.0493530757e-02 -4.1521583760e-02 9.6716356641e-02 -9.7334114857e-02 -2.4952534283e-02 4.3269673178e-02 1.2984904463e-02 1.3921089859e-02 1.1264240030e-01 2.7985250726e-02 -9.0900047343e-04 -1.3794285733e-02 -8.7474801078e-02 7.2649240197e-03 -3.6784921307e-02 2.6826910593e-02 7.7493929579e-02 3.3189939858e-02 -9.4724747163e-02 -2.5192840470e-02 -3.8066201895e-02 -5.8078844482e-02 -2.1288709420e-04 4.8919928925e-02 -2.7431829783e-02 8.7807596001e-02 -1.0163339951e-01 1.0656477857e-01 4.5868888178e-02 -7.0461092375e-02 -5.4193901831e-02 7.2247204260e-02 2.7373266053e-02 2.6176934113e-02 -2.4411836539e-03 -1.5384699477e-02 -1.0374810239e-01 5.1464442756e-03 5.8767629982e-02 2.7145385459e-02 -7.0774740184e-03
-1.4418764868e-04 9.8823013006e-05 -1.5166633350e-03 -6.6190462027e-04 3.0245154011e-04 7.9008423642e-04 -1.1070908041e-04 3.6868844997e-04 -2.7054520258e-04 -2.3464060648e-04 -1.2680589353e-03 2.6159805748e-04 9.8984001912e-04 2.5255540210e-04 -2.1092929014e-04 -1.7756581692e-04 -2.8205016274e-04 4.8375136213e-04 2.2560616678e-03 1.2215070769e-04 -8.7375908995e-04 3.6926874978e-05 -4.8413957922e-04 5.1240090879e-04 -1.0316073532e-03 8.2676731735e-05 8.8712089769e-04 -9.3745634662e-04 4.7637973028e-04 1.6858754775e-04 -6.6773918875e-05 -1.4297900530e-03 -1.1013267428e-03 5.6204957876e-04 6.9191218660e-05 6.0998287835e-05 5.2210836775e-04 -1.3685987454e-03 2.6571678993e-05 7.9524394640e-04 -1.7861494464e-04 -5.3491394623e-04 1.1073369276e-03 -7.2729542848e-04 1.7397973296e-03 -2.3419414167e-04 -1.1390497636e-03 -7.7673417742e-04 7.1059004543e-04 6.2237879088e-04 -3.3892417382e-04 -1.3443548387e-04 -9.3837585352e-04 5.3421678069e-04 9.2796809640e-04 8.7007425398e-04 -1.6434595854e-04
-3.0322787629e-02 1.3407654527e-01 -8.7256080424e-03 2.5253407973e-02 3.9431653406e-02 6.0410508700e-02 1.8876759734e-02 7.0977022740e-02 3.0212463391e-02 -3.4386799150e-02 -5.4842587472e-02 -3.0429997081e-04 2.3765613621e-02 4.7709500052e-02 7.9304769528e-02 2.3731098664e-02 -5.3217605147e-02 3.3233246945e-02 1.3582183920e-01 2.6764848552e-02 -5.0259887087e-02 -4.5387254352e-02 7.1797662124e-03 2.7147941153e-02 -4.9345376959e-02 5.7239471509e-02 -1.2580358398e-02 3.3440486066e-02 -7.9352169646e-02 3.4368955195e-02 7.1493023182e-02 1.3172477682e-02 -3.7132863808e-03 2.2629053580e-02 -6.4845059604e-02 3.7498156562e-02 -3.9757198071e-02 -3.4544543561e-02 -9.7365353862e-03 3.3851685639e-02 -8.6948238435e-02 -4.6069418278e-02 1.9869101679e-02 1.3379926440e-01 -6.1588189520e-02 2.8157090868e-02 7.3576886773e-03 -1.2315273966e-01 7.2648056521e-02 -8.2809675405e-03 7.2579873176e-02 4.7999366117e-02 -1.2224110077e-01 6.7848656714e-02 9.8766868129e-02 2.5010180270e-02 -3.6335315384e-02
-3.9288368417e-02 9.3036470600e-02 7.0200308184e-04 2.2505207352e-02 -1.7021628991e-02 -1.2459099234e-03 -3.4193282563e-02 -5.0363946177e-02 5.8197399188e-02 -6.2487354573e-02 -6.7529774477e-02 -1.4069221519e-03 3.5315642162e-02 1.6912548945e-02 -5.4909379278e-02 -1.1347189834e-01 -1.2415030315e-01 -3.9629335900e-02 9.0950758206e-02 -4.5077289176e-02 -6.4292300441e-02 8.1586690590e-02 5.5391738243e-03 3.6242315050e-03 5.5600474037e-02 3.7545785346e-02 3.3592533238e-02 -5.1622447793e-02 -1.1409367686e-02 6.6717963677e-02 1.5062928313e-02 -9.0277080506e-02 -5.5775243925e-02 2.4845841631e-02 7.8832992793e-02 5.0948331843e-02 2.5114030878e-02 2.3831085691e-02 7.3496811913e-02 3.9992103338e-02 2.1755138435e-02 3.3306740649e-03 4.6526396960e-02 8.8391628831e-02 4.4221294993e-02 3.0804640706e-02 3.5754184815e-02 3.1353636185e-02 2.9706637583e-03 -5.8202627067e-02 -8.6988046882e-03 -3.5829400074e-02 -7.7348803048e-02 -3.8748970061e-02 -4.5891028076e-03 -4.9110919666e-02 -9.5582142626e-02
-8.7048050483e-03 1.7308352442e-03 2.6154443601e-02 -1.3322300704e-02 3.4067979960e-03 1.7120481305e-03 -2.9410394315e-03 1.1298394054e-02 -5.3561308097e-03 -5.3779172241e-03 1.2751294655e-02 -1.1399405594e-03 -3.5531121767e-03 -2.0412005058e-02 -7.5795740395e-03 -6.3372332476e-04 -2.8713699885e-03 -7.4853061589e-03 -4.2097523797e-04 5.6709342592e-04 2.4277176312e-02 5.2979441320e-03 1.0950311405e-02 -6.6199318961e-03 1.1712557046e-02 8.8068838484e-03 -5.7840256015e-03 1.7524355038e-02 1.3942164563e-02 1.8717604261e-02 -1.1215537110e-03 -1.8884909805e-02 5.9300477436e-03 4.4861821686e-03 1.2553633053e-02 1.4177823449e-02 -1.2776385623e-02 -3.4138010044e-03 1.2586687212e-02 -1.6804550534e-02 9.9845857865e-03 3.3969032293e-05 -2.7221463824e-03 -4.1805738328e-04 1.1789221339e-02 -1.1894431298e-02 -1.2164597500e-02 -1.9351320100e-02 -1.3337018376e-02 -2.9167780476e-02 -4.8998732141e-03 1.0859422270e-02 -3.8129996946e-04 -2.6727833001e-03 8.6904135810e-03 -2.2194273064e-02 1.0368357353e-02
-1.0634366321e-03 5.5794065155e-04 -1.7831737007e-03 7.8772836876e-04 -1.3527964873e-04 1.7484836410e-04 -6.8949173070e-04 7.0279488258e-04 2.2630586209e-04 7.7408889176e-04 9.8954489473e-04 1.0892738945e-03 2.8927973114e-04 -2.6202452266e-04 5.8274744940e-04 7.0208311186e-04 -1.1624278527e-04 -3.4045681098e-04 3.2048874554e-04 -2.0525129874e-03 1.3658413621e-03 1.1080473452e-03 -5.6677469579e-04 2.2973651673e-04 8.4992385567e-04 4.7791216468e-04 5.6517147374e-04 -1.4844654508e-04 1.0687326836e-03 1.0644376716e-04 -1.5259279587e-03 -2.4604841349e-04 4.6024486629e-04 4.7939510401e-04 -9.7022739029e-04 -5.1523626705e-04 4.6613443616e-04 8.5350461815e-04 -4.0006443946e-04 3.6456692555e-04 -1.2765107729e-04 9.5767834208e-05 -1.2411526127e-04 7.6118738868e-05 -7.7796909343e-04 -5.2388655574e-05 5.4198221722e-04 -7.1369535793e-04 -4.4153948442e-04 2.6142742167e-04 -1.5757172836e-03 -4.3433545753e-04 1.5528185920e-05 -6.3230876549e-04 1.6720659170e-03 -1.0219597832e-03 -4.2881082241e-04
-1.5237850149e-02 7.5201708178e-02 4.2265399754e-02 4.3587577847e-02 -3.2568711047e-02 -3.4685698396e-02 3.2911860079e-02 1.3977766875e-02 -3.1896067210e-02 9.4150659984e-02 -9.0045128641e-02 4.8218367939e-02 1.4505120946e-03 9.7690618735e-03 1.3058739002e-03 2.3443299936e-02 -2.5643510666e-02 5.9459825253e-03 8.3600746867e-02 -1.2209943637e-01 -1.8785957525e-02 3.4459800773e-02 -7.8821963379e-02 -5.5219971901e-02 6.4373801215e-02 4.2763393963e-02 5.3993837682e-02 -2.9713604943e-03 -7.3077405173e-03 -7.1943587436e-02 -6.9278193659e-03 -4.1785550960e-02 -3.5839598005e-02 7.2282716014e-02 -2.6079800943e-02 -9.0401692443e-03 -1.2146942466e-02 2.2871018392e-02 -1.1188083787e-01 -5.9149905277e-02 3.9401547539e-02 -3.5672271137e-02 -3.1741274568e-02 6.4601436576e-02 -5.5243069528e-03 3.3234589140e-04 3.1968373173e-03 -6.2574155107e-04 -1.5425045455e-02 1.1922015097e-02 1.1304746065e-01 -5.4308937422e-03 -6.0841826970e-02 -1.1412842699e-01 8.9724350031e-03 -7.0060759654e-04 2.4196862924e-02
-1.1856682168e-03 1.6698703690e-03 1.9007807327e-04 1.0277804063e-04 1.0289025357e-03 2.4242221187e-04 -7.7774428243e-04 2.0079553779e-04 -9.5777359153e-04 -9.9453489469e-04 -3.6168965860e-04 -1.7471299775e-03 -5.0482828063e-04 -1.4520513686e-03 7.2781086201e-04 -1.7583279325e-04 6.3194010550e-04 -6.5527500299e-05 -5.8074141025e-05 -4.3898780394e-04 6.8436901278e-04 -1.3895677633e-04 -2.8778019226e-04 -1.0904660893e-03 2.9056699645e-04 -5.8637281854e-04 1.4355375109e-04 1.1768584640e-03 -2.1638793043e-04 8.6623364156e-04 1.3041007923e-04 -4.7432207771e-04 1.9039696485e-04 -2.4509613902e-04 3.8522068779e-04 6.0371124476e-04 -3.7656188252e-04 -2.1439925761e-05 1.5465721724e-04 -8.9504326399e-04 -2.0387151447e-04 -1.1299714445e-04 2.3306836278e-03 5.4299008100e-05 2.3791470051e-04 6.7381968839e-05 -1.1133948713e-03 -1.3375134894e-03 -5.5077600482e-04 8.5724669629e-05 3.1739642273e-04 9.8748729702e-04 -4.6566192362e-04 -4.4317619936e-04 1.7958094243e-03 4.2119811382e-04 7.3048560277e-05
-1.6443833910e-02 1.0475398097e-01 3.2860809072e-04 -3.1076153005e-02 3.1335509607e-02 -5.2188684663e-02 9.8700285443e-02 -5.5103302754e-02 3.2042425199e-02 -1.3934908038e-02 4.7836572347e-02 -4.2909088994e-02 2.2207486187e-02 -1.0853353541e-01 -1.6207585544e-02 1.2788028590e-02 -3.9131699106e-03 1.5627417457e-02 1.0410120689e-01 -5.6350306648e-02 -6.9085510422e-02 1.9310358079e-02 -6.7463802511e-02 -7.0817822139e-03 -2.3487135768e-02 2.1923427209e-02 -5.5098113322e-02 4.8368458231e-02 2.0997724103e-03 -4.2205898042e-02 -1.5386542571e-02 4.1917749090e-02 2.8162413379e-02 3.0147139834e-02 -9.7741183199e-02 2.1492979623e-02 4.3853050133e-02 6.0289407005e-02 4.6950141376e-02 -2.9311365817e-02 -5.6171389679e-02 1.5487162173e-02 -3.9118517277e-03 9.6894180357e-02 -2.4676468468e-02 -6.0890665903e-02 -5.4895038406e-03 -7.2929352254e-02 4.2353790459e-02 -2.8405867025e-02 -6.8920476685e-02 1.4469115782e-02 -8.3999738932e-02 -8.7892851196e-02 -5.2438233016e-02 1.7440114982e-02 -8.5437295490e-02
-1.0474441061e-01 1.2027777185e-01 9.0719702705e-02 -2.6988049345e-03 -7.6714361467e-02 2.4403249247e-02 -4.3408025201e-02 -5.8936896133e-02 -3.6088556873e-02 -4.6623193739e-02 2.7407922828e-02 -2.3869993175e-02 -3.0274886711e-02 4.1579471036e-02 -8.8043313704e-02 3.0979506282e-02 -4.3506711597e-02 -2.8575801083e-02 1.0777261436e-01 5.7542413663e-03 6.8734332952e-02 -8.5628840102e-02 -5.8439046471e-02 3.4962300619e-02 -6.7224993692e-03 -1.9141764123e-02 -1.3018146746e-01 1.5769733894e-02 2.1474166676e-02 6.6118836531e-02 -3.0422753538e-03 2.4085305191e-02 -5.0598833029e-02 -1.0076815930e-02 -3.7584787431e-02 -2.9135242824e-02 5.5410983244e-02 -5.7315073082e-02 -1.3824742125e-02 1.2214340192e-02 -1.3684579395e-01 -1.6100247309e-01 -2.4385766536e-02 1.1697692966e-01 -5.1804103878e-02 7.2898757240e-03 3.7982069460e-02 3.0364731756e-03 1.2906393638e-02 -8.1783415825e-02 5.4076301442e-02 4.4346034850e-02 -1.0603923277e-01 -2.9516849272e-02 6.3394067196e-03 2.7125801036e-02 -1.9392993889e-02
1.5161497257e-02 1.0192540702e-01 -7.1741868249e-02 -5.6448753502e-02 -4.5532163578e-02 -4.5442026799e-02 1.3448435205e-02 -3.1964256545e-02 -5.3883239741e-03 1.1405952802e-01 2.1518891507e-02 -5.1044233032e-02 5.7638766289e-02 1.3601620454e-02 -1.9149047616e-02 3.6558738953e-02 -3.5584057995e-03 -1.0847121727e-01 7.2494783106e-02 -9.8299788192e-02 -4.0444613366e-02 -2.8382861340e-02 1.8858850166e-02 2.7555404935e-03 6.5732658689e-02 3.2084978130e-03 -1.3838145810e-02 3.5856767512e-02 1.9545222264e-02 -9.3745727246e-03 2.4419611818e-02 1.3942876486e-03 1.2239312667e-02 -7.4191667810e-02 5.4384538126e-02 -1.0159639909e-02 3.0236738683e-02 2.9927469266e-03 -3.8928906921e-02 -1.5961201870e-02 1.1505942446e-02 -3.0573870108e-02 -3.4336007102e-02 8.8922757469e-02 -1.6211773048e-02 -8.5944849233e-03 1.4907976573e-02 -9.9192960396e-03 3.8861002525e-02 -8.4015787713e-03 7.0220122296e-02 1.4191777204e-02 -8.5269822631e-02 1.3685809652e-01 -8.3610614848e-02 -2.8221048319e-02 3.9899423050e-02
2.0827457683e-04 -1.8464267888e-04 -6.4961247203e-04 5.2325786435e-04 8.1052159967e-04 8.1984166961e-04 4.0382410599e-05 1.9030592089e-04 5.8920797699e-04 -2.7044125787e-04 -1.3101722876e-04 7.5157299141e-05 -7.3274828557e-05 -1.3715102933e-04 9.1460503950e-04 -2.0359050400e-05 -2.8747840388e-04 2.8525634728e-04 5.2319771213e-04 -1.5872472686e-04 5.9484245470e-04 -1.1890729193e-03 2.5101740969e-04 -8.2504237059e-04 -1.4877032471e-04 9.0184872754e-04 3.0674377603e-04 -7.3852879728e-04 3.5216855046e-04 -6.5483737290e-04 -7.5272224195e-04 -7.5315202792e-04 4.1944655696e-04 -1.3093899206e-04 1.4220551097e-03 1.0139281945e-03 4.7803546945e-04 7.4892924330e-04 5.5661169975e-04 6.1708546411e-04 5.3928386183e-04 -2.1916361467e-04 7.2099218569e-04 -1.2170949305e-03 -2.8700857182e-04 -2.2176812663e-04 1.0417196979e-03 3.0948924944e-04 3.4278170096e-04 9.8371225221e-05 9.6743346032e-04 -6.0362544689e-04 7.8143967815e-04 6.6353604178e-04 -6.8491798139e-04 8.2499003598e-04 8.8304898354e-04
6.7133847949e-03 3.8600055027e-02 3.0027311295e-02 2.7857543013e-03 3.2732332162e-03 1.7298387463e-02 -8.4504439086e-02 4.1313312097e-02 -2.3693120773e-02 5.3842543692e-02 -4.8406846644e-02 4.0104554237e-02 3.7285802039e-02 -9.0619297163e-03 -2.6049638186e-02 3.7499677906e-02 1.0814279064e-01 -1.0709567718e-02 3.9407218685e-02 1.2125279708e-01 7.8993157982e-03 5.9792481724e-02 4.3231819684e-02 5.2280498399e-02 -1.4147140191e-02 1.8697134346e-02 -2.0717125873e-02 9.9583256765e-02 2.4414688692e-02 4.0891260864e-02 -5.3094514239e-02 5.2516043218e-02 2.8082920747e-02 2.9420824514e-02 -1.0475787689e-01 -3.4390786834e-02 -8.3094645243e-02 -1.7731734778e-02 7.5405546912e-03 -2.0122564522e-02 1.0100731725e-01 3.1883539491e-02 1.3409098054e-02 3.6605680002e-02 1.2796479201e-03 1.6741621552e-02 3.4959074949e-02 -3.7095824418e-02 2.1542736331e-04 -1.3151910224e-03 -4.8976218040e-02 -2.9750122544e-02 -3.5967781384e-02 -1.7077207051e-01 -9.2978904767e-03 -8.1719282723e-04 4.3699005603e-03
-1.5689326399e-02 2.8449623397e-02 4.0068178088e-03 -1.3682033777e-01 -2.8519621569e-02 1.7145158783e-02 3.0733062593e-03 -6.3775985931e-02 -2.9846356437e-02 4.3229918596e-02 -1.8080750048e-01 8.3593015647e-03 2.3616699328e-02 -3.8335409129e-02 5.3505510296e-03 2.7097249809e-02 -1.4383347532e-02 2.6860942656e-03 2.1408221907e-02 2.3613109363e-02 1.3476266824e-02 -3.1077627768e-01 -9.4986952216e-02 -4.8363444518e-02 6.8499350026e-03 3.7497552005e-03 -8.3786577295e-02 9.1543424078e-03 -9.3871049953e-03 5.7287667723e-03 -3.2821542979e-02 2.6789395633e-02 5.7078470893e-02 6.0942374981e-02 1.0332817647e-02 2.6824546390e-02 2.1818773201e-02 2.7545096671e-02 6.3730172831e-03 -6.9988946305e-02 -7.5624671027e-03 7.5906894016e-02 -3.1215836472e-02 2.8756847068e-02 6.3310636955e-03 -5.0435294281e-02 1.2978556457e-02 4.3646412202e-02 -3.1454080698e-02 1.3474537668e-01 -3.2077088107e-02 9.2082429207e-02 -2.7367655408e-02 6.1510004417e-03 -2.3461621328e-02 4.1028137721e-02 5.0316504243e-02
2.3219548830e-04 -4.6493727194e-04 -6.9220049419e-04 -3.9556964132e-04 3.0122406606e-04 1.3443726381e-03 1.4184319870e-04 -6.2190194091e-04 -1.1578056649e-03 -3.9120629771e-04 -1.1723918733e-03 -1.4532922838e-04 -1.1873595359e-03 -5.3896280160e-04 -5.8947505310e-04 -3.8648513680e-04 -3.0450219527e-05 -1.3315585327e-04 -1.2319278256e-03 -1.2335595074e-03 -8.5829355145e-05 -1.6036391860e-04 3.3541007957e-04 -4.5734521662e-04 -1.4495996601e-04 6.7229401223e-04 1.0814010796e-03 2.4347638351e-03 4.7745250268e-04 8.6089800913e-04 -6.5840870032e-04 2.8734280435e-04 -7.1973011264e-04 -8.5144261717e-04 7.7865914793e-04 2.5423511438e-04 1.2398531780e-04 -8.4197366857e-05 8.6583892915e-04 4.2615422315e-04 5.5199635067e-04 2.2126533440e-04 -1.8554089777e-04 8.3251836077e-05 4.7521550519e-04 5.0107422401e-04 -1.0137449629e-03 -1.3650638233e-03 4.8280791169e-04 3.2094999425e-04 3.8845815475e-05 7.8298392156e-04 -1.0419075164e-03 4.7946509111e-04 1.1369360410e-03 -1.8980586921e-05 5.3945997923e-05
9.5358807396e-03 7.1966330473e-02 1.1031473962e-02 6.3860390505e-02 6.1164288709e-02 6.9517881773e-02 -7.9388141365e-02 3.3393895280e-02 1.4380014828e-02 9.1026612051e-03 -5.2632623366e-02 2.3062388320e-02 7.4893581038e-02 5.0967724861e-02 -3.6654643985e-02 8.2843518085e-02 -5.3383812463e-02 -6.3880714934e-02 6.9959737555e-02 -1.3752953934e-01 8.3340729689e-03 8.1714504978e-04 -3.7941283577e-02 1.0658686327e-02 -2.0486867704e-03 -1.7825723067e-02 5.3350190986e-02 8.1659271284e-02 3.2649766801e-02 -2.4050255254e-03 4.5126427357e-02 6.1253123311e-02 -2.3804293624e-02 2.3660965790e-02 -4.3014869908e-02 -6.5441868858e-02 1.3085609493e-03 -1.6958887410e-02 4.1447575149e-02 4.9375923206e-03 -4.3354752208e-02 -2.7220422020e-05 2.2456214742e-02 6.5193760522e-02 2.2561225433e-02 -3.0976768192e-02 -5.2067824796e-02 -9.5394194249e-03 -1.0339347392e-01 2.4444156845e-02 -6.9933155636e-02 4.1805112405e-02 -5.4246477108e-02 -2.4069930047e-02 -6.2645682615e-02 -1.4079939011e-02 3.9405409978e-02
-1.4535977039e-02 1.2483400245e-01 4.9477283114e-02 2.0073211888e-02 2.8354926721e-02 -6.5591394415e-03 1.0083957760e-01 -3.2208921507e-02 -2.5444020778e-02 7.4329825144e-02 5.7691565169e-02 -2.8344954177e-02 -8.6272864220e-03 4.3014389312e-02 -1.0789816692e-01 2.7042735337e-02 -6.6852969526e-02 2.5214611884e-02 1.0551638716e-01 -2.2089767726e-01 4.4671691779e-02 -7.1750519377e-03 9.6439013482e-03 -4.0518291539e-02 3.0901538928e-02 5.1838258711e-02 4.8917688098e-03 3.8529056797e-02 -2.1848840087e-02 -1.1031195993e-01 4.2149563714e-02 -4.2609755537e-02 -1.5913582928e-04 -3.3314025307e-02 -2.5496107059e-02 1.7371910042e-02 -2.6564498228e-02 -7.0242983434e-02 7.1132282530e-02 -4.3316582489e-02 -4.3766143790e-02 3.1284163322e-02 7.2852360763e-02 1.1801158086e-01 3.7190681095e-03 -1.9040598019e-02 5.4049398667e-02 1.4196797410e-02 -2.4659927267e-03 1.3622128037e-02 -9.9403662741e-03 -7.3166472666e-02 -1.1545535150e-01 8.3353925914e-02 4.6220209596e-02 7.4268892142e-02 -1.5486831547e-02
8.4605859634e-02 1.4170237458e-01 1.0056324904e-01 5.4692643800e-02 5.5360184113e-02 -1.4045497753e-02 -1.3155858679e-02 -6.7718295952e-03 1.3854855804e-02 -9.8168459509e-02 -1.7799784876e-02 -6.0448579936e-02 4.8335926622e-02 -4.4335007777e-02 -1.1888864475e-02 1.4047087571e-02 3.0178987533e-02 -1.5610081229e-02 1.5612818464e-01 -2.4947596303e-01 -4.4053854632e-02 -8.7287649361e-02 -2.6017032858e-02 -2.5918396766e-02 6.4128551346e-02 2.3924684553e-02 -1.4460843082e-01 4.7391794441e-02 -6.3640012979e-02 3.9864498117e-02 -5.8470153726e-03 4.2385078060e-02 3.5085683533e-02 1.7929495144e-02 9.2115310168e-02 -2.9694018021e-02 -3.7226674337e-02 3.1475977144e-02 -3.7204785618e-02 -1.9826936594e-02 4.6663955551e-02 7.3233434961e-02 7.4169791617e-02 1.4384488100e-01 1.3562468050e-02 -2.9538632810e-02 -2.9336445271e-02 3.6982533883e-02 1.1675189335e-02 -3.0906912236e-02 9.2425299390e-03 -8.6701725479e-03 -1.3312708660e-01 3.3382907099e-02 5.4683451124e-02 3.4507192454e-02 7.4361972055e-02
1.8614895526e-02 7.5574535703e-04 -4.9234900583e-02 -4.0645833883e-02 3.2022154264e-02 -1.5823626577e-02 2.2029801516e-02 4.8971833594e-02 6.5410130314e-02 -7.9672307815e-02 -6.5296521317e-02 1.1772998576e-02 -2.9432231229e-02 -3.4444994077e-02 -1.6275774111e-03 -7.5053746797e-02 2.8599269225e-02 9.3476890952e-02 -7.9787230484e-04 4.6877675670e-02 -6.7207594989e-02 -4.8821704812e-02 -4.4634329891e-02 -3.6090307315e-02 -4.4291586100e-02 -5.9112148538e-02 6.4685009464e-02 -3.0831810992e-02 -6.0055351209e-02 7.4666633896e-02 -3.1924799791e-03 2.1505677070e-02 7.6256221974e-02 -6.0379445915e-02 -4.3722769988e-02 5.4635336299e-02 -4.4558923272e-02 -5.9584498558e-02 6.2990165812e-02 -4.4354470759e-02 -7.0875851820e-02 6.4676343042e-02 5.7790719193e-02 7.9059385366e-04 -3.5752875759e-02 7.4357143264e-02 5.6667451565e-02 3.8330001308e-02 4.5068010628e-02 5.1832238816e-02 6.2639740577e-02 2.0579305653e-02 -4.6053550322e-04 -4.9389155204e-02 4.2018232831e-02 -9.8745479901e-02 3.8025821374e-02
-3.3393674095e-02 5.7338412431e-02 2.7280031979e-02 -1.7217449508e-02 -8.7194603634e-02 -1.2652009756e-02 -3.4447141061e-02 -3.7011246578e-02 -4.6456296856e-02 5.2888376061e-02 -8.3102420177e-03 -1.6286213465e-02 -2.3437700995e-02 -2.2415082778e-02 1.2557106882e-01 4.0803360340e-02 -3.3714322247e-02 6.6416424054e-03 5.3234574942e-02 -9.1412634202e-02 4.0756025979e-02 1.5428494679e-01 1.9276077014e-02 -6.7117897718e-02 -4.6603578344e-03 3.2698598720e-02 6.1049654334e-02 -4.9835990793e-02 1.0567891520e-02 1.8821997126e-02 6.1484463264e-03 1.4167297918e-01 -2.0301557230e-02 6.8370398315e-02 -6.7108378615e-03 2.0731146339e-02 3.3773497935e-02 3.6227960667e-02 3.8068843014e-02 -1.0966565557e-02 3.9431137007e-02 -2.3753394831e-02 1.0051133377e-01 5.4203027930e-02 7.1284923220e-02 1.0994408813e-03 -3.8128358116e-02 -4.1904127575e-02 1.4878910566e-02 -8.8600924647e-02 1.3848412606e-02 -2.8082343596e-02 -3.7973505365e-02 4.0018808656e-02 -2.6494291282e-02 1.0516961273e-02 6.9116446604e-02
4.7502407570e-02 9.9758598488e-04 -4.4248297526e-02 2.4457060731e-02 -4.2851239329e-02 2.0485054327e-02 -3.5633789947e-02 -2.7517375887e-03 -5.9631978006e-02 -3.7503852528e-02 -4.0928523581e-02 5.4255391433e-02 4.7133689116e-02 6.8241141114e-02 1.6281628691e-02 -2.2792996688e-02 -3.6555288045e-02 -3.7288636202e-02 3.2308626101e-04 -1.3563286796e-03 3.0685978765e-02 1.0499044809e-02 -2.7802912035e-02 -7.6883316834e-03 -3.2436157143e-02 3.9621910350e-02 8.0645848371e-04 -1.6681758999e-02 -6.4863731969e-02 7.2984768575e-03 6.8974209699e-02 3.7328801804e-02 2.9740737244e-02 2.9789582170e-02 2.4665468661e-02 -4.7001867483e-02 2.3508966095e-02 -2.0421165605e-02 3.2075301097e-02 4.8960328634e-02 -6.8295910118e-02 -3.6250172699e-02 3.4867674195e-02 1.0550987906e-04 5.7398016978e-02 -1.1914741979e-02 3.4095323321e-02 3.6903655825e-02 2.1884220394e-02 4.9223548312e-02 -2.3363012380e-03 6.5192669489e-02 3.8471612977e-04 -2.2089359907e-02 2.7765132949e-02 -6.3816717582e-02 1.3223917450e-02
-1.8517223753e-04 5.3021359874e-04 1.0252758591e-03 -2.4627835775e-04 -1.1007796048e-04 4.9037089255e-04 -1.3215753475e-03 -6.8130249380e-04 1.4744445427e-03 -7.0448685793e-04 2.7160183071e-04 7.0164918366e-04 -9.5011565401e-05 1.6475517001e-03 -5.4386085286e-04 -7.3077025376e-04 -4.3085535249e-04 1.7751950253e-03 -5.7061628455e-04 -7.0040991787e-04 4.1213007249e-04 -9.3721111797e-05 1.1322552713e-03 -1.4389375188e-04 9.6361031436e-05 7.5734340234e-04 -8.8540904038e-04 -8.7320391061e-04 2.3750437365e-04 -2.1593449508e-04 -1.2931280798e-03 -7.6585972165e-04 7.5383354922e-04 -6.4140977512e-04 3.1514710192e-04 -1.7151482797e-03 5.4675682024e-04 -6.4985848145e-04 -7.6415354924e-05 9.9066887321e-04 -8.3337516916e-04 -1.4935712788e-03 3.9419633093e-04 -7.8312717181e-04 6.1141275703e-04 2.3944861268e-04 6.3375817022e-04 2.3300144308e-04 -1.6033138528e-04 -3.6948756296e-05 -1.1922790937e-03 -2.1707814925e-04 8.6906205958e-04 2.0406896769e-03 6.3338402414e-04 5.8300044344e-04 -1.8799652722e-04
5.1950335952e-04 9.3797324907e-04 -9.0310932225e-04 1.0710314101e-03 -1.2759128306e-04 -1.5221953342e-03 8.5538329197e-04 1.8165242709e-04 9.0247393810e-04 9.4980594349e-04 -2.9212486590e-06 -3.2990438761e-04 3.8838281624e-04 1.0416762971e-03 2.1648444176e-04 1.0413244890e-03 -9.4967666821e-04 -2.0518430291e-04 -7.7547952364e-04 -1.3046264352e-04 -4.6269277805e-04 1.7595120476e-04 8.7780214939e-05 -4.4761752051e-04 1.1061210482e-03 5.3430232075e-04 2.0446822369e-04 3.6813866754e-04 1.5404310364e-03 5.3362517931e-04 -3.1989226000e-05 9.4822475867e-04 8.3246776528e-05 -5.3807886155e-04 -6.3220079140e-04 -1.6745760209e-04 1.5690458318e-04 1.8388194741e-04 4.2053697697e-04 5.6395790169e-04 -6.6912434223e-04 -8.3534029238e-04 7.9984815984e-04 1.0395498976e-03 4.7143862500e-04 6.4868362029e-05 -1.8976121366e-03 9.7141953656e-04 7.7976212491e-05 3.4158733359e-04 -8.2168651697e-04 1.7701444388e-04 -2.0530681290e-03 5.4130863774e-05 -1.0966529691e-03 4.3395768326e-04 -1.1719921005e-03
9.2595819423e-05 1.4185983073e-03 -5.7217918974e-04 -1.0948591173e-03 3.7047769366e-05 9.2788810741e-04 -4.0219692279e-05 -1.6248728933e-04 3.5160189929e-04 1.2185699181e-03 -1.6980167776e-04 3.9993631952e-04 5.0745480130e-04 2.4813175552e-04 -1.4537640375e-03 1.0573380950e-03 -1.0315882643e-03 -2.9248463197e-04 5.9662720068e-04 1.0730144074e-03 -4.6413459058e-04 6.6913496821e-04 -7.1538382658e-04 1.0188011638e-03 -7.2891301468e-04 -3.1044022443e-04 -7.6859767354e-05 5.1221457769e-04 2.1810427552e-04 2.3345264111e-04 -1.3856867915e-03 -5.7549498437e-04 2.7430033541e-04 1.1592209565e-03 5.9058192944e-05 5.7235693787e-04 4.4129449023e-04 1.2950751350e-03 5.5508886507e-04 3.0165069347e-04 7.0679431985e-04 -4.0256923580e-04 1.5674098402e-03 -2.6756386155e-04 -3.4712057842e-04 -2.3821532033e-04 6.4466793721e-05 1.9383142053e-04 -3.3199330252e-04 1.3911500195e-03 5.1809771009e-04 4.6005208326e-04 -2.2673019120e-04 1.5350807890e-04 2.0567861842e-03 -3.6878236731e-04 -7.8459414346e-05
-1.6091781855e-02 9.9500614888e-02 6.8816851019e-02 1.6101709736e-02 6.7520224966e-03 4.6973184808e-02 -6.8706952452e-02 2.0653971068e-02 -8.2802288432e-02 -4.0494745516e-02 7.0269586102e-02 4.4880466110e-02 2.3346866128e-02 1.0671134416e-02 4.8514138033e-02 3.1656854495e-02 5.7140829265e-03 -2.9132921210e-02 9.6885797815e-02 -3.8880498521e-02 -5.3765504684e-02 3.5777545526e-02 -7.2927211306e-03 6.2635906505e-02 -7.4041250173e-02 7.3476189005e-02 2.1704646336e-02 -5.5097078106e-02 7.8051036989e-02 -3.1942322087e-02 1.3869352494e-02 -1.1367490987e-01 1.4347187324e-01 -9.6560594152e-04 -4.3015944808e-02 -4.8346049268e-02 2.4706973138e-03 4.5607486896e-02 1.9138565627e-02 -3.8058175852e-02 5.9206123868e-02 -7.7579802098e-02 2.6985056240e-03 9.6200913738e-02 3.5294388168e-02 2.4325007941e-02 4.8340068620e-02 9.7806658334e-03 -3.9592008573e-03 -6.3941570008e-02 8.2112019280e-03 4.0113661421e-02 -8.8089646870e-02 6.2653300392e-02 5.1413098614e-03 9.2777841102e-03 -4.2233475049e-02
-5.7036558778e-02 1.0277162147e-01 3.1653489215e-02 3.7189395233e-02 4.5486856299e-02 6.0360581386e-03 4.2508421747e-02 -3.2646987172e-02 -5.3996759127e-02 -1.1809655420e-01 5.6419192001e-02 1.4981150156e-02 3.3353335071e-02 4.7469000867e-02 2.0863315355e-02 4.7982622467e-02 1.2583096557e-02 -3.4449798938e-02 9.2835993213e-02 -9.0691543702e-02 2.9408718975e-02 1.3578834266e-01 1.7167368139e-02 -2.8947986150e-02 2.2823197778e-02 -2.9527897387e-02 -3.0086972193e-02 -4.6464576078e-02 -4.5476246992e-02 -4.5987420513e-02 -1.6567753402e-02 4.5882217435e-02 -4.5503287999e-02 4.3750148419e-03 3.6180265922e-02 1.6655043440e-02 3.7287704925e-02 -8.4539625764e-02 -4.8142517726e-02 -2.7839500008e-02 1.0650578668e-01 7.6058485130e-02 -7.9594265940e-02 9.8698424407e-02 1.1749958806e-02 3.0276027658e-02 3.3800801705e-02 -1.1508797129e-01 -7.9446026518e-03 -5.9619906928e-03 -5.0068928297e-02 -5.1916818610e-02 -7.7740754718e-02 1.1971740148e-02 -2.2355884211e-02 -1.1094329335e-01 -7.3028210358e-02
9.3345147288e-03 1.3176146742e-01 -2.5896012083e-02 8.9128963368e-03 -5.0213266011e-02 8.1821679526e-03 2.3334286436e-02 -1.4756112388e-01 -2.6777384696e-02 -1.1223442030e-02 -9.1286774515e-02 8.2139264259e-02 -9.1192682242e-02 4.1668930800e-02 -2.3862959341e-02 2.1770938693e-02 -2.5995265962e-02 4.2419549967e-03 1.2893702581e-01 -7.8511836754e-02 -8.0457691516e-03 1.4260749386e-01 4.0241922945e-02 -2.6851572202e-02 -4.2803215492e-02 -2.7573605195e-02 -1.1014848360e-01 8.5643324305e-03 3.8162370078e-02 -3.8972621208e-02 2.3617162805e-02 -9.3153790616e-02 1.4531309311e-02 -4.3924153135e-02 -1.4353414769e-02 -2.0865778578e-02 -5.1200834319e-02 1.2123443067e-02 -2.2915307016e-02 5.5432842722e-02 -2.4436225615e-03 8.9893949991e-02 2.7773818628e-02 1.2987097577e-01 6.9288977072e-03 5.6015525776e-04 -4.5349414521e-02 -8.3782896538e-02 -7.3157798533e-03 -8.1681356620e-02 -4.7358148112e-02 7.4361998131e-02 -1.1590635916e-01 8.6782934560e-03 -2.4150332231e-03 9.3895514688e-03 6.9059130525e-03
-6.7127416358e-03 8.1832322875e-04 -4.8529904975e-03 -4.6153964460e-03 6.2848412933e-03 4.3600079276e-03 -5.4860616755e-03 -4.1892673785e-03 4.7618655336e-03 -1.8048436966e-03 -2.9310650640e-03 -4.5428172444e-03 2.2429401221e-03 -5.9825402774e-03 -3.3456893185e-03 5.7669064194e-03 -5.7229294770e-03 -7.1159206186e-03 4.2770388478e-04 8.0753294209e-05 -4.5334647186e-03 -1.9274922195e-03 -4.9936225850e-03 -5.5793511547e-03 2.5124408098e-03 1.2084035888e-03 6.4844004051e-03 4.8981712744e-03 -4.8283084407e-03 1.3616422737e-03 4.8625061366e-03 -4.2554376802e-03 -4.9268961963e-03 -1.4744555635e-03 5.1130497872e-03 -4.5733842652e-03 -5.0541671131e-03 -2.1513280765e-03 -6.2176927352e-03 -5.8812307353e-03 -1.6733708865e-04 9.0443520851e-04 5.2115950442e-04 4.6330222982e-04 4.9419319784e-03 -8.4668064234e-04 -5.9812772948e-03 -5.7396425959e-03 1.4632106165e-03 6.5291546531e-03 5.4224285277e-03 5.3013105092e-03 -4.6406212087e-04 -4.6348668265e-03 5.6200011642e-03 -5.7767864595e-03 4.2726358253e-03
2.6373213805e-04 1.4449440469e-03 -7.5037747318e-05 -3.1571196149e-06 6.3077258988e-04 -4.8557663734e-04 -3.8880954148e-04 1.0576581659e-03 -2.7244605064e-04 -1.2072835199e-03 7.3187174900e-04 1.2833799109e-03 2.0198347404e-04 1.3573853717e-05 1.6310342401e-03 -4.1030862546e-04 2.4627081675e-04 2.5780896377e-04 -2.3956991941e-04 -9.9846848028e-05 4.1668622720e-04 -1.6453446940e-04 3.1817537682e-04 6.6418788956e-05 -3.4572313766e-04 -3.2846660060e-05 -5.9245347310e-04 8.8705761519e-04 1.1429593546e-04 -4.7073701807e-04 -3.4280074320e-04 -2.4860495277e-05 7.3143284303e-04 1.8288252779e-03 6.3456623357e-04 4.3727588074e-04 1.9563375556e-03 -3.7971628171e-04 9.7071238818e-05 4.8057378174e-04 -2.2820571422e-04 -1.3351126911e-03 -9.2550272018e-04 -6.3157313459e-04 9.6480563257e-04 -2.3359845363e-04 -1.4663333243e-03 4.1470886530e-04 4.1433794419e-04 2.2681513989e-04 6.6859086488e-05 2.1615755907e-04 -1.4931196089e-05 1.6925871415e-04 1.5180438979e-03 6.9423967595e-04 1.3258610695e-04
4.0826949888e-04 -1.1811794785e-03 4.5586120444e-04 5.8990825046e-04 -3.4427602657e-04 -8.3493123677e-04 1.7063384073e-03 -1.9942463438e-04 -6.4266348596e-04 -9.3782260451e-04 1.2981710027e-04 1.1958176834e-03 -1.9037917371e-04 -2.5860311712e-04 -2.7164479794e-04 -3.1875796971e-04 1.4898156493e-04 -8.9554135963e-04 -4.3249946843e-04 4.4713773091e-04 -4.7063817012e-05 1.4691662993e-03 9.0770267985e-04 -2.1720332440e-04 5.8446776559e-04 -1.9673050789e-04 -1.1780121128e-03 1.1214357067e-05 5.1849656983e-04 1.0489277932e-03 5.5150785628e-04 -3.5785503892e-04 -8.6785574666e-04 3.4240735872e-04 -1.6837633840e-05 -6.5352595999e-04 1.4606829555e-04 8.1722822634e-04 -7.3520672498e-04 5.1852023181e-04 -7.2865590090e-04 7.5376791348e-04 -6.2920368659e-04 -5.0942659525e-04 -3.1742565917e-04 4.5727955434e-04 -3.6308376438e-04 -1.2293038664e-03 4.7462643025e-04 8.4857200757e-04 1.4294303983e-03 -4.0288038734e-04 4.9136987466e-04 8.7575529587e-05 -3.3329908084e-05 -3.2349898452e-04 -6.3024399013e-04
-3.4620716042e-02 2.7848540019e-02 -4.3443985815e-02 1.6208536808e-03 1.1808578849e-02 -1.1028484602e-01 2.0174739277e-02 -4.4521481130e-02 1.0984748804e-02 5.6789817485e-02 7.9972774222e-02 2.1909762133e-02 -1.0239827470e-02 -4.1948227981e-02 -1.7177224245e-02 -1.2695231795e-02 -1.4055143218e-02 -2.1653784882e-02 2.5792501791e-02 5.8508200784e-02 -3.2116530134e-02 2.1793367090e-04 1.1250959125e-02 -2.7532891803e-02 -3.9709845421e-02 1.8721689491e-03 -8.3762631865e-02 5.8569213712e-02 3.1260481851e-02 -8.3887796778e-03 -3.8195110673e-02 7.8723205723e-02 2.8753060253e-02 -3.7216712474e-02 4.9675384418e-03 -7.4206154654e-02 7.5668625827e-03 3.4541591780e-02 2.8324246611e-03 1.9057480789e-01 -1.2545696652e-01 -8.6499429489e-02 -7.2419526760e-02 2.8212431999e-02 -4.7981864080e-02 4.6390576661e-02 1.4020727561e-02 2.7033433165e-02 -3.9895706264e-02 1.4275553867e-01 1.9398905420e-02 1.8628745336e-02 -2.4580793470e-02 -1.4053774937e-02 -4.1116863195e-02 8.7744380911e-02 3.2104460881e-02
5.2952926440e-03 1.5699896376e-01 -4.7723865951e-02 -5.5802088093e-02 -4.0330872405e-02 4.5381365835e-03 6.5651081978e-02 -3.2897271747e-02 -4.9376527040e-02 -5.0077128730e-02 -3.9957338061e-02 1.0320083394e-01 -1.7706213284e-02 7.6705685685e-02 -9.5888401061e-02 2.6933144881e-02 5.6644997278e-02 5.3580076655e-02 1.6034417525e-01 3.9064374083e-02 -2.0055002255e-02 1.1226561108e-01 -1.1947459142e-01 -3.7903552052e-02 -4.6185389405e-02 4.0661678719e-02 -8.1601597496e-02 -2.1309878335e-02 -3.2016965067e-02 4.0627378478e-02 6.2401984412e-02 2.0752304214e-02 -1.8748282041e-03 4.6482402397e-02 2.2217868877e-02 4.3169941463e-03 -1.9035680220e-02 7.0451673994e-04 1.1077386460e-01 -4.5477438117e-02 5.4022348479e-02 5.5368066619e-02 -5.4656644187e-02 1.5480845320e-01 4.7495476183e-03 1.2338383428e-02 2.1983624121e-02 4.8180907031e-03 3.3463444195e-02 3.5618114991e-03 5.8413821115e-02 2.5675943681e-02 -1.3819771363e-01 5.2333204002e-02 1.0674245980e-02 -7.6134754202e-02 1.8981114046e-02
3.7683952598e-04 2.4405322987e-04 -6.0717765989e-04 -3.8750835433e-04 -1.5894518624e-05 -4.9017908132e-04 -9.9397062639e-04 -2.5017158371e-04 -1.2883708604e-03 5.9623977626e-04 -7.7895400406e-04 -1.2673182337e-04 5.1711384814e-04 -4.5231806939e-04 4.6109807809e-04 1.6861236408e-04 -1.1584151713e-03 2.0820592494e-04 2.5285910465e-04 1.0925449440e-03 -5.1448304874e-04 6.4953544859e-06 -1.3491136515e-03 -7.4225288466e-04 4.1921230745e-04 6.5892995399e-04 9.4930188339e-04 6.8201324164e-04 -8.5118213178e-05 1.4162153258e-03 -6.1629556549e-05 6.8032969395e-04 -6.4643275026e-04 -1.6049587959e-04 -6.2807524732e-04 6.3763332133e-04 5.3836469677e-04 -1.1649449344e-04 -2.4858855264e-04 1.2659193814e-03 -9.3231435789e-04 -5.1869124716e-04 -5.3274095806e-04 7.1733662651e-04 -1.1552586057e-03 -6.3306453857e-04 -7.2677118233e-04 -8.3616175980e-04 -1.4380974009e-04 -8.4581455478e-05 -3.6419340322e-04 6.3716558947e-04 1.8357286622e-05 4.3528397674e-04 2.0206590468e-04 -7.2588127197e-04 5.1068236717e-04
3.0224338555e-04 -8.0615058367e-04 1.2370788168e-03 6.8943874449e-04 -9.1164597531e-04 6.6469744423e-04 5.7196229528e-04 -9.4489867100e-05 1.3436089449e-03 2.8882303050e-04 -2.3717134707e-04 9.1784881573e-04 3.3925649896e-04 -9.7923913712e-04 -3.1691837930e-04 -1.0075799723e-03 -2.4241860745e-04 -3.8238501061e-04 1.4857061663e-03 -4.1372786637e-04 7.1326880194e-04 1.8024078638e-04 -3.7437735208e-04 -6.2669596128e-05 -1.3136104013e-04 1.4386290897e-03 4.4609871426e-04 7.1685580941e-04 -4.7305286841e-04 -8.2318754949e-04 -5.0164091718e-04 8.2734661168e-04 7.7958209037e-04 3.0150722638e-04 4.7768096127e-04 2.3110229577e-04 -7.3182144289e-04 1.5289799488e-03 1.0198839233e-03 -7.9904806892e-05 1.7626532159e-03 8.2065168974e-04 -7.9719799152e-05 6.6171871571e-04 1.3408523760e-03 -4.5308460637e-04 4.5416723931e-04 7.5589285982e-04 -8.4710294300e-04 9.1593410055e-05 -2.8976571682e-05 -1.3274189474e-03 4.9102572100e-05 -9.1381906568e-05 -4.2429132297e-04 3.7478629187e-05 2.9787736540e-04
3.6098939723e-02 3.3698931615e-02 1.7829465928e-02 -3.0235326724e-02 6.7013365632e-02 -1.5962270951e-02 -1.4760164883e-02 1.0828731524e-02 -8.9477290758e-03 1.6981575357e-01 1.6805656730e-02 -1.7884024222e-02 -1.9515958381e-02 4.5358728705e-02 5.2737129860e-02 3.3807212228e-02 -1.5843411487e-02 2.7944974582e-03 2.9415396801e-02 1.3341956080e-01 4.6642764960e-02 -4.6452626538e-02 -1.7903700260e-02 -4.0088068305e-02 -9.5985733165e-02 6.8013866587e-02 4.3753573653e-02 -1.9230321859e-02 -5.3640709247e-02 1.6446935187e-03 -3.6677287670e-02 4.8487661129e-03 -8.8468022559e-02 -3.7992911480e-02 -5.0431766588e-02 4.9087503827e-02 4.0424721623e-02 7.2599417943e-02 -4.7208490159e-03 -2.6302483023e-02 -3.7817210111e-02 -3.1998156027e-02 -9.1511563497e-04 3.3515859727e-02 3.2440437181e-02 1.5896651644e-01 -1.8004319174e-02 2.4641442403e-02 4.2841105646e-02 -2.7087399209e-02 -4.9540162662e-02 1.3183031517e-02 -2.8365825555e-02 -8.4361304214e-03 -4.3933535362e-02 -7.6339244711e-03 -9.5706641010e-02
3.1790771686e-02 1.0264824673e-01 6.1012714751e-02 -8.0721902926e-03 -3.1470121758e-02 6.4761271787e-02 4.6942274580e-02 -1.1014107410e-01 -9.3093622114e-03 4.2872290296e-03 -9.8354295609e-03 4.2355215402e-02 -4.1681511535e-03 2.3768891831e-03 -3.9723707700e-02 -7.7723433936e-03 9.6097343928e-03 1.2742650416e-02 1.0146640195e-01 -1.2121347368e-02 -7.2880625238e-02 -5.3048022364e-02 -1.9639976470e-02 6.3778929367e-02 2.9121337035e-02 -7.7909992986e-02 4.8606356960e-02 -1.0236835163e-01 -6.3850422892e-02 -4.3060693689e-02 1.0045558147e-01 8.4673073027e-02 5.0683194583e-02 -3.0915337598e-02 3.7114826489e-02 2.3218766369e-02 5.1255680767e-02 -2.3172828799e-03 -1.6057152432e-02 -2.6027786130e-02 -5.9512455366e-02 -1.1696328330e-02 5.3910177849e-02 9.9896698181e-02 2.3171855611e-02 4.1681777232e-02 -1.4901581688e-02 8.9170846820e-03 -1.5484493512e-02 1.1339805997e-01 1.6076964504e-02 1.3342484514e-01 -8.7149236618e-02 -1.3168855359e-02 4.2830839010e-02 -1.2649014918e-02 -6.2834537482e-02
-3.4263751490e-02 -3.1133074060e-03 -6.6564299252e-02 8.0110528333e-02 -1.7653201786e-02 2.4778327667e-01 -2.3337377191e-02 6.4460976299e-02 -2.2160342418e-02 3.0895948511e-02 -7.1751182127e-02 -6.9717616931e-02 3.2810770234e-02 -6.0914781701e-02 7.2029492163e-02 -3.6144972165e-02 -1.5439613309e-02 -3.8000104347e-02 -2.1780676809e-03 2.8382626353e-01 -1.2117370250e-02 -8.0917576090e-01 -1.2145100097e-02 2.8418755517e-02 -2.3856699748e-02 -1.2078918375e-01 7.7113294796e-02 2.2657592935e-01 1.0523777894e-01 2.1431122232e-02 4.9926923885e-02 9.5173114480e-03 -9.1127312360e-02 -9.1802986486e-02 1.8410136266e-03 7.2696842925e-02 4.2981925084e-02 8.1802662986e-02 1.8028444385e-02 8.8122863923e-02 5.9368606718e-02 2.5119883630e-01 2.2406653214e-04 2.1041535450e-04 -3.5295017632e-02 -1.9081801309e-02 2.8027643314e-02 1.1122745448e-01 -3.2492673378e-02 -1.2322691737e-01 -2.1480213842e-02 9.9133495913e-02 -7.4435719183e-04 3.5086531151e-02 -9.2334673009e-03 -3.5248564091e-02 9.1934207943e-02
7.6206829722e-04 5.9039046596e-05 7.8814716446e-04 -6.5036144357e-04 -5.1883250895e-04 -1.1028464344e-03 -9.2594045711e-04 9.7809123801e-04 -2.5151580409e-04 2.7427312629e-04 -6.6919020985e-04 3.6893102086e-04 -1.1270087967e-03 7.0051670739e-04 -5.6149107137e-04 -4.4254569636e-04 -1.6876273137e-04 -5.8731690566e-04 -4.1437966066e-04 -8.1323946290e-04 -5.3508586023e-04 -4.2901959905e-04 -1.5353252767e-03 -6.3546437538e-04 -7.7537554504e-04 6.9145665251e-04 -3.7300928688e-04 6.5408981187e-04 -3.1040167630e-04 -1.2697796651e-04 5.1998312474e-04 -3.3916608091e-04 1.0463083642e-04 5.5540323690e-04 -3.5108952396e-04 -1.0060047312e-03 -3.7323942683e-06 3.5264229927e-04 1.2046632540e-03 -1.1092213316e-03 5.9684642141e-07 3.3306534703e-04 -3.5108942809e-04 -1.0243450920e-04 1.9340972937e-04 7.4348248118e-04 6.4198424636e-04 -1.2487283507e-04 7.7742643937e-04 -2.9242733981e-04 3.0848640084e-04 1.1557223656e-03 -4.4763877977e-04 -1.9865537058e-04 -1.0979254419e-03 1.2607402749e-04 -2.1804280672e-04
-2.4120207591e-02 6.4337438174e-02 1.1985578047e-02 -8.8817531709e-04 -5.2202901841e-03 -9.6889713980e-02 -1.6037633556e-02 -1.7499804161e-02 -1.0520101053e-02 -4.9021659424e-02 -7.6271422230e-03 -5.0591021699e-02 -1.8669381056e-02 1.9254540746e-02 1.1451136466e-03 6.7107451237e-02 -9.1991561765e-03 -1.8320874264e-02 4.9993007689e-02 1.1798117560e-01 -1.2267388485e-01 -3.8912478591e-02 8.5004003816e-04 2.6644994742e-02 4.4402673340e-02 -9.4396900375e-03 -7.9835348209e-02 -1.6652794294e-01 5.9251540024e-02 5.1664434941e-04 -4.5641450843e-02 2.4823628644e-04 -3.9059843312e-02 -5.6744162441e-03 -7.9521564871e-02 3.6043727113e-02 2.0195434732e-02 -2.7946785451e-02 -5.5834460082e-02 -9.0916074298e-02 -1.7994024856e-02 3.5244309607e-02 6.5080280708e-03 6.0013948999e-02 3.6253478283e-02 4.7233013299e-02 5.7935396402e-02 -6.6557972976e-02 5.5833276032e-02 1.4391012213e-02 6.6507623613e-04 -9.9747466971e-02 -6.3576190289e-02 1.4358675654e-02 4.9787892053e-02 6.4525734623e-02 -2.2739624297e-02
7.5501435065e-04 4.0501105792e-04 5.5220849992e-04 -2.9393660152e-04 2.2420008003e-04 -5.9723537807e-04 2.5020518721e-04 8.3505855616e-05 1.4733619672e-04 8.1308709982e-04 -5.8158113547e-04 -1.5093247461e-04 -6.0917446515e-04 2.9520771009e-04 1.0423565007e-03 -8.8224993611e-04 2.2833725268e-04 3.7389005640e-04 3.6826904596e-04 7.3193056993e-04 1.4276245503e-04 1.9171354189e-03 -2.6608943098e-04 -2.6205142405e-04 8.2820917699e-04 2.9892749387e-04 9.9506396149e-05 -4.9737786399e-04 -4.7326402956e-04 8.3446246414e-04 -3.8989132682e-05 -1.0065029962e-03 -6.4717580602e-04 -2.2983115326e-04 -3.6170848855e-04 -5.0711176162e-04 -2.5449755948e-04 -3.2834400496e-04 6.5106060360e-04 -6.3801268756e-04 -8.3733200278e-04 -5.2860086688e-04 -3.3353174072e-04 -1.0269920099e-03 2.4922516640e-04 -3.6603413149e-04 -2.5976261526e-04 -1.1920360068e-03 -2.1287156487e-03 -1.0810488792e-04 -3.1899984791e-04 -4.1351185338e-04 -1.0317032237e-03 -5.0106209168e-04 1.0435259992e-04 1.2975335875e-03 1.4358601985e-03
-4.4765267032e-02 1.1438715057e-01 5.6666266734e-02 -1.5208835952e-02 1.6857424903e-01 2.1581789245e-02 1.2594580819e-01 -2.2766056729e-03 -5.8411828498e-03 9.4959448260e-02 -2.9782041927e-03 -3.5499104280e-02 -1.1294638112e-01 9.5300135344e-02 -8.5300711001e-03 -1.4692248397e-02 1.1307364250e-02 -8.4643342917e-02 1.0056215927e-01 4.8051588989e-02 1.6145019598e-02 4.2101834252e-02 -8.5264105751e-03 7.5208378858e-02 -1.0059568097e-01 4.0844184304e-02 -7.5389701900e-02 -1.9657722326e-02 -3.0492801829e-03 4.9141556719e-02 -1.4150207021e-02 5.1085885207e-03 4.6786418553e-02 6.8728210137e-02 4.1853675608e-02 -1.4832319948e-02 4.6679794734e-02 2.0808931661e-02 -1.7785460588e-02 3.7860611775e-03 -3.7312671867e-02 4.7165345634e-02 2.7709457289e-02 1.1178846665e-01 4.2444173613e-02 -1.1703232780e-02 -4.7966835772e-02 4.9193610519e-03 3.2304849827e-02 5.5267074834e-02 6.2377207217e-03 -2.1424422505e-02 -1.0904031619e-01 -1.3932067306e-02 3.7341871498e-03 -6.2951950324e-02 -9.6441015239e-03
-8.0778521884e-04 7.1691436092e-04 1.1715366089e-04 5.0332749076e-04 1.1287782019e-03 -1.1763359430e-04 9.5338341645e-04 -3.8109957401e-04 -5.7431007378e-04 -5.3691323703e-05 -3.2993800664e-05 6.5049849019e-04 -1.8849245326e-03 -6.9557022252e-05 -1.3777041975e-03 -4.5732399024e-04 -6.0245482653e-04 -6.5725947751e-04 1.2767110951e-04 -6.4654421962e-04 4.4129073328e-04 -4.3491872722e-04 9.0967958339e-04 3.2119315177e-05 5.1891673406e-04 -1.1981235957e-04 1.1011696056e-04 7.4472408220e-04 1.3044304743e-03 1.2559698479e-03 1.0244413149e-04 -1.4362203965e-04 -7.0411169380e-06 7.7911168309e-05 3.7251211012e-04 4.2451403756e-04 -4.1325637127e-04 6.1271559400e-04 5.6345765536e-05 3.2282952609e-04 -4.7375283058e-04 1.3299294317e-03 -1.6357913525e-04 7.9759021185e-04 1.9308261838e-03 8.4480282430e-04 9.7413485412e-04 6.2455232429e-04 -4.3868555721e-04 4.0695052669e-04 3.8855609426e-04 5.5011311310e-04 4.5034454122e-04 5.8058708956e-04 -1.0820037070e-03 3.9306891461e-04 -8.4800472368e-04
-1.2668193632e-01 9.3425562382e-02 9.9470877834e-03 -1.6806532100e-02 -1.0941001664e-02 7.4180104849e-02 1.0268068425e-01 8.6855859397e-03 8.9637961532e-02 4.0393712460e-02 2.2924420646e-02 4.7018541332e-02 -1.8977343626e-04 -2.9054073455e-02 -6.8563497453e-02 9.2151845201e-02 2.3137996596e-02 4.7090782771e-02 9.0885308680e-02 -2.9696082083e-02 -1.2864601173e-02 2.1563302798e-02 5.5416328216e-02 3.3674983033e-02 6.3622359811e-03 4.7730779918e-03 -2.0835092444e-02 3.0718284136e-02 -8.3104408694e-02 4.7708643597e-02 -3.8854695011e-02 5.3154818194e-02 1.5489900517e-03 -2.1024590963e-02 1.2832539573e-02 -5.7326619124e-02 -8.4391310926e-02 5.5797614650e-02 -3.6737672727e-03 -9.6664570725e-03 2.4171449580e-02 -2.8622894538e-02 -2.7414590027e-02 9.1745753500e-02 7.2732739637e-02 8.5933475872e-02 -1.2986616865e-02 9.1767762127e-03 -6.5967547572e-02 -7.7405497088e-02 3.8768701064e-02 2.4544887920e-02 -7.9520982363e-02 3.0402023367e-02 -1.7975969942e-02 -2.5969393982e-02 -7.8163169381e-02
6.6357571123e-04 4.3343513640e-04 -5.0374157071e-04 6.1533402475e-05 1.8127457447e-04 -2.5923045998e-04 -9.4742913941e-04 4.7977489344e-04 -9.3301599301e-04 4.8803549913e-04 4.0550639061e-04 -2.8681141880e-04 1.0576716531e-03 8.4759984502e-04 -2.3859610003e-04 4.6184766419e-04 3.2982951896e-04 -1.6002697323e-05 -1.5530876548e-04 9.2212632854e-04 3.9374823342e-04 3.0316501727e-04 -4.2378718676e-04 4.3784689930e-04 1.0561389212e-03 -9.3806240162e-04 -2.2868807906e-04 6.4341680415e-04 -1.5771278451e-03 4.0590559771e-05 5.4613438842e-04 -6.3412763154e-05 -8.4768848227e-04 5.1869055075e-05 -7.3091073367e-04 -2.9859102591e-04 -7.9301435636e-04 1.1858894196e-03 5.1373924135e-04 7.9194507925e-05 1.0554159458e-04 -4.9663851959e-04 -8.3879639868e-04 8.3836888740e-04 1.1810313672e-03 4.2301165542e-04 -2.4957505915e-04 3.3789263101e-04 -9.2693767405e-06 8.0066773636e-04 1.4984633222e-03 6.2606063621e-04 1.4401682747e-03 3.3119690351e-04 5.9494660426e-04 -5.5843041010e-04 1.1593219677e-03
9.1993761412e-05 -7.8291905471e-04 1.2852501991e-03 -3.9955107130e-05 8.5714471890e-04 6.4936954675e-04 -3.2730940574e-04 4.3198786867e-04 -2.2321132311e-04 3.8306573985e-04 1.1928466980e-03 1.6258657000e-03 1.0153933219e-03 1.2988174768e-05 -5.9447109911e-04 2.9453397758e-04 2.7707011903e-04 4.8922502857e-04 7.5016334095e-04 1.1995792239e-04 5.4381639873e-04 9.9923421068e-04 -2.7895220809e-04 -4.8413216934e-04 1.9331420592e-04 -1.2247335155e-03 -1.1946066366e-04 4.5454702443e-04 4.5507363458e-04 -4.6247442137e-04 -3.7561046761e-04 6.7525290235e-04 5.0722124615e-04 -1.1871316692e-03 -3.3558422642e-04 2.0567565869e-04 4.5207095451e-04 9.9928837565e-04 -1.0257056940e-03 5.9016456330e-04 6.1234742714e-04 -1.3449364737e-04 2.2884766705e-04 8.1297426559e-04 6.1736334895e-04 -6.5572419148e-05 -3.0968854053e-04 -7.7687917563e-04 -1.1783912608e-03 -1.5220269571e-04 -8.6296767885e-04 -8.2037574557e-04 2.9046385010e-04 -8.4290598864e-05 1.7724759291e-04 -7.6481518533e-04 -3.7963901451e-04
-4.0017927371e-04 1.3262605914e-04 -1.0654219559e-03 2.0268108084e-04 -1.1377540869e-03 2.3750284309e-05 1.5431745403e-04 -6.4097608168e-04 2.9421669964e-04 1.6320103466e-04 -1.3398114494e-03 -4.4790743669e-04 -1.2859010895e-04 -3.9467472586e-04 1.3096994749e-03 -3.9120318392e-04 -3.6445372072e-04 3.4275305297e-04 -6.3954449634e-04 -4.3006253343e-04 2.3995376020e-04 1.1738032719e-03 -5.8581272573e-04 -1.4839243278e-03 5.0243232045e-04 -3.2269760459e-04 2.4822384905e-04 6.9361839608e-05 2.5616741851e-04 1.7758045365e-04 3.4472867535e-04 9.1644698108e-04 -6.5414199664e-04 3.5419925876e-04 5.9447687017e-04 1.3989322512e-03 1.8695827885e-04 8.5833506176e-04 9.1691007113e-04 -1.1939690878e-03 -4.6768539434e-04 -6.8097184801e-04 6.4691655408e-04 -3.0448594255e-04 3.6747552986e-04 -1.1388747142e-03 3.4730785790e-05 -7.1630304369e-04 -8.8811747603e-04 -5.0498253868e-04 -7.0168341018e-04 -5.6022701768e-04 -6.8284249997e-04 1.4857763511e-04 8.2523342019e-04 -1.4606012335e-04 7.5316696950e-04
1.2031145210e-02 1.0597930807e-01 -5.6724534495e-02 6.3363123144e-02 -4.8492213812e-02 -8.3459174362e-02 1.7259245040e-01 2.0748084584e-02 -7.7203438133e-02 -7.7053275299e-03 6.6469364759e-02 1.0941497977e-01 3.0714992599e-02 -2.3984913508e-02 1.0078088132e-02 4.2733319346e-02 -5.4809381534e-02 -4.4402387405e-02 1.0207719476e-01 2.1711542710e-02 -3.6072619576e-02 6.8773977437e-02 -2.3952565494e-02 5.0502188015e-03 -7.3718816501e-02 -1.4961851880e-02 -2.6333223946e-02 -5.5833272110e-03 -4.9211317189e-02 8.4430116578e-02 8.0760333600e-02 -2.8670452808e-02 -3.6738183827e-02 -1.7697911431e-02 1.6748139896e-02 -7.8508840951e-02 2.9623633475e-03 -1.7601009977e-02 -1.5012548670e-03 5.7834954591e-02 -6.6861600802e-02 -5.0618519883e-02 3.3506028313e-03 1.0388355278e-01 7.2789691640e-02 -1.1096071533e-02 3.7930644506e-02 -5.7919992294e-03 -8.8098674432e-03 -2.3333377433e-03 -3.3281249155e-02 -2.1685208580e-02 -9.1978880231e-02 -1.9766822908e-02 8.8664502538e-02 3.6521638442e-03 3.0056932733e-03
-5.8259661953e-04 -6.5093709032e-04 2.0654182299e-04 3.9298658264e-04 8.6914534287e-04 2.0061223814e-04 1.2650369310e-03 -9.9144060584e-04 -8.5950450856e-04 4.5122850600e-04 -7.4559875145e-04 2.5297824609e-04 3.0261760572e-04 -1.6655285633e-03 8.4228575471e-04 -9.9495483931e-04 2.6206272381e-04 -2.4806887803e-05 -2.9189491834e-04 -3.9041299445e-04 -1.6558441845e-03 1.3473389860e-03 8.0594998488e-04 1.5502901045e-05 5.0205184640e-04 -1.9438723290e-04 -7.0861811696e-04 -4.6227666727e-04 -2.9963449401e-04 5.1786247647e-04 -7.1498726875e-04 -6.0299490450e-04 -3.1851552529e-04 6.4898036609e-04 1.1715283842e-03 4.4846212407e-04 7.6368670669e-04 -5.1858128268e-04 1.0502576340e-03 1.6657446638e-03 1.2925329378e-04 1.1223704597e-03 -6.0882190324e-04 -1.2152877544e-03 -9.7307795253e-04 -6.3481701517e-04 -1.5261989549e-05 -7.7568699036e-05 -9.9165791007e-04 -3.8853721070e-04 -1.7189483146e-05 2.6107694197e-04 -1.3759869544e-03 8.0751002850e-04 -8.1479772435e-05 7.3883025674e-04 4.0185844745e-04
6.0938652289e-02 1.2892877352e-01 -3.9695421167e-04 -3.2924244663e-02 -8.9974786742e-02 -2.6577184751e-02 -6.4168186770e-02 4.5001151759e-02 4.5715856800e-02 4.3776722933e-02 -1.3235784874e-02 -1.6272526075e-02 -8.3988267860e-03 2.1993547850e-02 7.3700307758e-02 -9.6920170180e-02 4.8021288264e-02 -3.1287658890e-02 1.0762650241e-01 -6.9107853244e-01 7.2414427835e-02 3.4442667540e-02 -3.6893709593e-02 6.9102359402e-02 -4.4243954346e-02 6.6580137596e-02 -9.7809919945e-02 -6.2428478891e-02 -1.6921090880e-01 -6.3119439208e-02 7.9963730202e-03 7.3220205494e-04 -2.9161297093e-02 -4.3361641253e-02 1.8122466939e-02 -3.4068614254e-02 -1.5262552047e-02 1.7838208224e-04 3.4543803179e-03 -3.1385177368e-03 3.0636926592e-03 -2.8423769341e-02 -1.2070031053e-02 1.1841125881e-01 -1.3471211435e-02 -1.3427514321e-02 1.8768389995e-02 5.5067650705e-03 -5.2436770959e-02 -2.2186371894e-02 -6.2152956729e-02 -6.2042499797e-03 -8.8157275150e-02 -6.6280522920e-03 -3.5924641424e-02 3.1457313507e-02 -6.3122331172e-02
-4.9458705545e-04 1.9403632839e-04 4.7408011668e-04 -1.7032245916e-04 -4.5911552575e-04 5.4979554488e-04 4.2169752839e-04 -1.5884011567e-03 7.8884265835e-04 1.1674727622e-04 -1.1067063877e-03 9.8971867482e-04 -8.5741490068e-04 1.4942987877e-03 2.6038920122e-04 -5.6660971844e-04 5.5331129670e-04 3.6970828055e-04 -4.0220362004e-04 -2.6241317551e-04 -3.0230840709e-05 6.0624244623e-04 -1.2949425519e-03 1.3712535730e-04 -7.9136045609e-04 -3.6418396767e-04 2.9401556878e-04 2.2595312780e-04 -4.5183583018e-05 8.9618517684e-04 7.2653240146e-04 -4.5059278563e-04 -5.2171502886e-04 7.3680853239e-04 -9.1506720722e-04 -1.2654125077e-03 2.9634205194e-04 3.0896345419e-04 3.1602871391e-04 1.2986111769e-03 1.4161707500e-03 -2.1871092097e-04 -1.1126616864e-03 8.1409626670e-04 6.8561066986e-04 1.0672679464e-04 7.3350030288e-04 4.0131252894e-04 1.4067179531e-03 -5.2776577760e-04 -7.2295796633e-04 -5.8841979221e-04 4.2368144136e-04 -6.2795136094e-04 6.0675768099e-04 2.8699861457e-04 -3.0153102229e-04
-4.2055206241e-04 -1.3162536874e-03 1.7358710912e-03 1.0846995478e-03 5.7363022879e-04 -3.3594827368e-04 -5.1484670333e-04 -5.0099481727e-04 -4.2498916260e-04 2.6734916031e-04 -9.8086334505e-04 5.9020721564e-04 -1.1437301051e-03 2.1589500607e-04 -4.0865774822e-04 3.2416099046e-04 -3.0506762931e-04 9.2521987365e-04 1.3925027829e-03 -1.3937631190e-03 7.6998992337e-04 1.2766078069e-03 7.2597127485e-04 1.0504436917e-03 -1.2348896833e-04 -7.6484929336e-06 1.4656518882e-03 -3.6081834030e-04 -5.8113570115e-04 -1.1059445252e-03 -8.8157203465e-05 1.2992601292e-03 9.0896127341e-04 -2.6594782614e-04 -1.3180875374e-03 5.1774594083e-04 1.3488939163e-03 1.0250141358e-03 -1.1150214743e-04 -9.1388910979e-04 9.2419293992e-05 8.3275716226e-04 -3.8856439519e-05 -2.9387243562e-05 2.9056515785e-04 1.0474105716e-03 -1.1486616718e-03 3.2004358942e-05 -8.7231902726e-04 7.7502436461e-04 -5.8818102627e-04 5.2728844338e-05 -4.9837534557e-04 7.8741900449e-05 8.7871808180e-04 2.3942443339e-04 9.2406655071e-05
1.7676153356e-04 -1.3915288787e-03 -1.5994121198e-04 -6.3714034168e-04 1.1700390796e-03 4.4841793179e-05 6.3306146325e-06 9.9139577848e-04 1.0042696523e-03 -1.5582740156e-03 2.3347086847e-04 4.7578994693e-05 -4.3599473577e-04 4.9398854179e-04 -1.2826035755e-03 7.2355898669e-04 -8.4046532006e-04 4.0928000781e-04 2.2138488127e-05 4.0554062336e-04 4.0503933562e-04 -8.8940786003e-05 8.4949710438e-04 9.9701934229e-04 -1.1699023078e-03 -7.6275559511e-04 -1.2736451754e-04 4.7093645875e-05 1.2264081442e-03 -1.4587274955e-03 2.6036912839e-04 -8.9817870940e-04 1.0062118268e-03 -2.8200765201e-04 -5.1990524821e-04 6.2690162421e-05 -5.3874089879e-04 2.6679539535e-04 -8.9418075507e-04 1.7276611001e-03 -3.1435531097e-04 -1.6625518589e-03 -1.7568824919e-04 3.9194948089e-04 1.2354926755e-03 1.1529781084e-03 9.3005346487e-04 6.0822637748e-04 5.3698539624e-04 4.6932942911e-04 1.2675249620e-04 -1.5382767769e-04 -5.3508271993e-04 -2.8223003455e-04 1.1151606970e-03 -5.8442040292e-04 -5.5497880813e-04
-8.1794749370e-04 -1.0613396823e-03 -1.0154859010e-03 3.0335621075e-04 -2.5824180610e-04 -8.6832638163e-04 7.2381796141e-04 -9.4259523266e-05 -7.3021392546e-04 -8.5636347085e-04 -7.9445031068e-05 5.7451084493e-04 1.4127947423e-03 -7.6707751039e-06 8.9423698270e-04 1.9743941128e-04 5.3327927213e-04 -2.5498918382e-04 -2.1038942466e-04 4.4589865605e-04 2.0020114500e-03 7.9169842857e-04 -2.7854218616e-04 2.8270714913e-04 5.9349034503e-04 5.0300382922e-04 3.8141776438e-04 -3.9175115077e-04 1.0032152848e-03 7.5524544977e-05 -5.3045152163e-04 5.0294904133e-04 -9.3221142756e-04 1.0771848869e-03 8.0890395100e-04 6.7479206293e-04 6.7395707027e-05 -9.8206076276e-04 2.2691580377e-04 -4.9001715009e-04 -1.2639239434e-03 7.9208820308e-04 -2.3621665808e-04 4.6923477630e-04 5.2632974898e-04 5.4409251965e-04 1.7871201239e-04 1.9366554025e-03 -1.2272834185e-04 -2.5702737050e-04 2.1054595892e-04 -3.1722856230e-04 6.3643555362e-04 1.2612909084e-03 -1.5741181764e-04 -3.5887259601e-04 -4.8970707177e-04
-3.8978178760e-02 1.2495319043e-01 1.1974454731e-02 -1.5383580431e-02 -6.1654998580e-02 1.6712262521e-02 -2.1576629743e-03 2.3128753189e-03 -2.1084012931e-02 1.4442923173e-02 -3.4882420554e-03 2.7545671919e-02 -2.3337178819e-02 7.5417722473e-02 -1.3074552804e-01 4.8861369963e-02 3.1405609337e-02 -1.7892938175e-02 1.1807885878e-01 -1.6553604452e-03 -1.8475351943e-02 -3.2779683191e-02 1.7746179900e-02 -4.7670526248e-03 -4.7826239005e-02 -2.8195999910e-02 7.2745287369e-02 8.3946279578e-03 -9.6368437889e-02 5.6702612826e-03 3.5129810897e-02 5.9380610606e-03 7.3035927691e-02 7.0189167692e-02 7.7189567045e-02 3.6692693703e-02 5.3052749068e-02 9.8696785094e-02 -1.2465306992e-02 1.7070032579e-02 -2.4864311784e-02 -5.5484617550e-02 -1.1093883998e-01 1.2075092681e-01 -4.2396801069e-02 -7.0848898064e-02 3.2938893460e-02 -6.4356985253e-02 3.4766242398e-02 -8.4332647830e-02 -8.2548500534e-02 -3.0268130618e-02 -1.0767439063e-01 -9.9843180684e-04 7.9284017775e-02 7.4276696215e-02 2.5076259346e-02
5.1724179942e-04 -5.4084257045e-04 3.2293436942e-04 -1.6666532403e-04 1.0848201265e-03 9.8542458488e-05 4.7403324123e-04 -3.7873794934e-04 -6.6010701856e-04 1.0662861382e-03 -3.7190729537e-04 -6.9587532610e-05 -1.1804739231e-03 6.1597751204e-05 -7.4847333018e-04 -8.5452873398e-04 -2.5245616592e-04 2.0049610208e-04 8.6204178204e-04 9.0738143037e-04 7.1055607098e-04 1.4047062881e-03 -1.6451948830e-03 -1.8191882043e-03 6.5443889316e-04 3.9066764291e-04 2.2560172823e-04 7.5183608885e-04 1.0803355566e-03 -4.9601300548e-04 -1.1844131665e-03 -1.7311366660e-04 1.0694380017e-03 4.4488914148e-04 -5.1954229123e-04 7.3607062475e-04 -5.5890004570e-04 -5.4604072454e-04 -3.2583616602e-04 -8.8627068996e-04 8.4335795757e-04 4.7112397979e-04 -1.1143323005e-04 2.0100660605e-04 1.0875571218e-03 -4.2116350330e-04 -1.9515191127e-04 4.2834228071e-04 -5.9160596316e-04 -1.6284144099e-04 -6.6400753599e-04 -7.8426505571e-04 5.7419724714e-05 -8.9304690011e-04 -9.9664743800e-04 1.7240243049e-03 6.7207005798e-04
-1.4031121208e-03 9.5895431306e-05 1.2501135824e-04 4.3769053497e-04 -5.5617230124e-04 3.0518224039e-04 9.2972549309e-04 4.9610090729e-04 7.2507127099e-05 1.3085350198e-03 -1.2409329084e-03 -4.2862933589e-04 -8.5548839733e-04 9.0044285168e-04 -9.9700174021e-04 3.0363328710e-04 6.9415883902e-05 6.6020444294e-04 4.8336198160e-04 -2.0679559571e-03 2.8576045752e-04 -1.0407530940e-03 1.0925836382e-03 -1.3407331579e-03 6.6610852587e-04 -8.5554762785e-04 -1.2882423767e-03 7.3592241992e-04 1.8745620956e-04 7.4759627242e-04 -1.1741826649e-03 -9.1157803721e-05 -4.2592295653e-04 1.3199695674e-03 5.8552637271e-04 1.3388157545e-03 -1.8240130992e-04 6.7710002142e-04 -2.0482328682e-04 -7.6337636692e-04 6.2394153322e-04 9.5161334540e-04 3.8199361311e-04 1.3743127771e-04 3.6417152813e-04 1.0664881844e-03 -8.1223641417e-04 4.9511576986e-04 3.9005850036e-04 8.5003952877e-05 -1.2497961001e-03 1.3258761260e-04 -8.3921019696e-04 -4.1491466956e-04 2.4746644255e-04 4.9400728014e-04 2.3583148017e-04
-1.2771087944e-01 3.8619055943e-02 1.0379732121e-01 2.7354053109e-02 -7.3248398107e-02 5.3030638773e-02 -3.5469388193e-02 7.7356406648e-04 -3.4828442148e-02 1.1223183557e-02 1.2155036903e-02 7.5626360418e-03 4.2042649262e-03 -3.7449873309e-02 6.1809698836e-02 -2.8257849883e-02 3.3337062690e-02 -2.5722068469e-02 4.2086471923e-02 -3.3923188437e-02 -1.6259369712e-02 9.7591751238e-03 -2.7190191984e-02 -2.9836330457e-04 -5.4377542813e-02 -2.6716764812e-02 2.5743992171e-02 -3.9741149222e-02 -1.2357003915e-02 2.8284781759e-02 4.1185534689e-03 2.3721111797e-02 -4.8590609867e-02 -1.1407163846e-02 1.5663138509e-02 7.1950637834e-03 -5.8875567846e-03 5.1994455713e-02 3.0043158990e-02 4.5951398378e-02 -7.8070744889e-02 4.9490432810e-02 -7.5911370376e-02 3.7657257867e-02 -1.4401949306e-02 -5.1410087279e-02 9.8783072200e-02 2.0783872104e-02 7.4507309040e-03 1.5472817508e-01 5.6745180801e-02 -4.4164069776e-02 -3.1898199002e-02 7.9744430860e-03 9.7451673583e-02 -1.1495858774e-01 1.0625464066e-02
-8.6166219802e-03 6.2509777932e-04 -1.5447576652e-04 -3.0427544213e-03 6.8660454878e-03 5.5196365978e-03 -3.8371320753e-03 -7.5711662654e-04 1.7903529726e-03 -9.5824020404e-04 3.9874868841e-04 -3.2158426394e-03 4.4027605322e-03 1.1144629563e-03 -3.7888969698e-03 6.2675866821e-03 -8.2538294596e-03 -6.2282490887e-03 -1.1228200374e-04 -1.3325859419e-03 -6.8484836047e-03 -2.3350169171e-03 5.2813094394e-05 2.0719050038e-03 2.1816993306e-03 2.8606196927e-03 6.1411804845e-03 -1.1360161613e-03 -5.4058504599e-03 1.5804469262e-04 3.2848578503e-03 -3.7019737067e-03 -3.6993340702e-03 3.7662387864e-03 4.5154352715e-03 -5.6438477412e-03 9.3469912681e-04 -3.2408579027e-03 -8.3741730780e-03 -4.9864903868e-03 -1.2691460704e-03 -2.9913510171e-04 2.7403516990e-03 -6.0431469817e-04 7.5693247705e-04 2.7086917132e-03 -4.0994186443e-03 -4.1373207193e-03 1.4452475615e-03 8.4566695534e-03 4.3969649389e-03 4.7292447352e-03 -1.4843474856e-03 -6.1611322170e-03 8.6502343334e-04 -5.5105623048e-03 -8.1911144221e-04
5.0850245130e-02 7.6063955576e-02 -3.4093245212e-03 4.1224414152e-03 1.2095181183e-01 -1.7037472838e-02 3.6919808819e-02 -1.8264487459e-03 1.0303356420e-03 3.5442909129e-02 -5.0552510920e-02 -1.0154309723e-02 6.0835263393e-02 -6.9147343300e-03 4.1779226465e-02 -5.5479055713e-02 -3.5620565041e-02 2.3039947790e-02 5.1733500919e-02 -1.2111260072e+00 9.8997497749e-02 6.9445244084e-02 -5.0130555902e-03 -4.3844353795e-02 5.6776719334e-02 -3.1358369326e-02 5.0467398249e-02 -1.5973070627e-02 1.6675160631e-02 6.4989496240e-02 -3.3033083568e-02 -2.4601544560e-02 6.2565864198e-02 -1.2708388495e-01 3.0877988524e-02 -2.9528192143e-02 2.3659257518e-02 3.9204843336e-02 5.3341634374e-02 -6.5677296765e-02 -3.7378543367e-04 -2.3705121771e-03 -9.7430977663e-02 6.4664793501e-02 1.4852726255e-02 6.8307989350e-02 -1.8542165450e-03 -4.1012605139e-02 3.2320049867e-02 2.0987841262e-02 -8.0045561976e-03 3.2001255188e-02 -4.6220113395e-02 -5.6823221419e-02 3.8275638237e-02 4.8566787765e-02 1.5011248368e-02
4.9851000550e-03 8.8525284806e-02 5.7118395225e-02 3.9701163795e-02 -5.4457503292e-02 -1.3523248880e-02 3.6424592075e-02 5.7313899393e-02 -2.8190988277e-02 3.0090068396e-02 4.5428334809e-02 -4.1835096391e-02 1.2828861422e-02 7.0761538917e-04 -8.3791935427e-03 -6.3243653143e-02 4.1954872725e-03 5.4169833169e-02 8.0588023154e-02 -2.3464145307e-01 1.9326496208e-02 1.3600245852e-01 -1.8091196631e-02 -1.4019772529e-01 -2.7245711137e-02 -2.2610429266e-02 4.1211122275e-02 1.9408910433e-02 -1.7230760918e-02 -3.3976994983e-02 -5.8415898906e-02 -7.3806751399e-03 7.7833457214e-02 1.3147574604e-02 4.3070724679e-02 -1.6293103293e-02 4.6550388406e-02 -4.9860530863e-02 -5.6149580262e-04 1.2334906886e-01 1.5464040201e-02 4.4001457173e-02 -9.5743498638e-03 8.5787592976e-02 -1.5520699758e-02 1.5922540096e-02 -1.1804807254e-02 2.6058100793e-02 3.9647594639e-02 -3.3657584645e-02 3.6116134603e-02 1.4667940789e-01 -7.6014332502e-02 3.4347722127e-02 -2.9515127890e-02 -5.4054477810e-02 -5.1157467299e-02
-1.2972698892e-05 -6.1772086378e-04 -1.6197225836e-03 1.3884682131e-03 -2.6454449325e-04 -5.4149453421e-04 -7.9814448077e-04 -9.3598335901e-04 -5.3533351324e-04 -4.8958382502e-07 1.2212626888e-03 5.0944793980e-05 1.0725339048e-03 9.9932443250e-04 3.1711416432e-04 -1.2383275158e-04 -2.2385910834e-04 -7.6062611472e-05 -8.6891613260e-04 -3.5449442384e-04 -5.1600193684e-04 1.3426536408e-03 7.8907607365e-04 4.0514322665e-04 1.2991500573e-04 -1.4711581425e-03 7.3410321150e-04 7.0763466543e-04 -2.2748849405e-04 6.8127179029e-04 -2.8426858364e-04 -5.8136585905e-04 -6.7276456046e-04 -1.1011231309e-03 7.1023559385e-06 -2.5663272801e-04 -1.2527993980e-04 -1.2869101444e-03 2.4098361126e-05 -3.0225088112e-04 -1.1191973713e-03 1.1118981592e-03 1.1715985066e-04 -6.8214552971e-04 -7.1371961593e-04 3.5774492167e-04 7.7923141758e-05 -4.9234036161e-04 1.2604156801e-04 1.8073307625e-04 -3.6761693857e-04 1.3336804649e-04 -5.1430474485e-04 -8.9927638599e-04 2.4817274502e-04 2.0337565399e-04 -1.0624327369e-04
-3.1840334812e-02 3.6349415123e-02 -2.5270349384e-02 9.2691941309e-03 -1.3449259277e-01 -2.2645446662e-02 4.1797947957e-02 5.7036205964e-03 2.6730620110e-02 -5.4149247468e-02 -7.3413180992e-02 -3.8914429748e-02 1.6416848299e-02 2.8685489416e-01 1.2765786965e-02 3.3162958680e-02 -2.1327654361e-02 1.0241055548e-02 3.6274221771e-02 -1.1627893125e-01 8.1608627138e-03 1.5440976246e-01 -7.5066890300e-03 -5.4061687295e-02 -2.2259313844e-02 -2.3785899838e-02 5.0909551145e-02 3.7685186986e-02 2.4149348295e-02 -8.8843042319e-03 3.4230959541e-02 -6.1882915442e-02 -3.1210418952e-02 -2.7841801836e-02 -4.1995482581e-02 3.2389635937e-03 -7.4423040547e-02 2.4636617045e-02 1.0367122210e-02 2.2953417364e-02 -8.9167282232e-02 -7.0374153447e-02 -4.9745888245e-02 3.6442423712e-02 2.0630645959e-02 -2.9691327210e-02 4.4771499819e-02 3.7938728004e-02 -1.7358199967e-02 6.9177964647e-03 -4.3871667858e-02 -9.2495370602e-03 -3.1967523794e-02 -2.0000437640e-03 -4.4736096781e-02 3.8343377163e-02 -3.4233490005e-02
-5.2519975771e-04 2.3756478592e-04 -7.5124308928e-04 -8.1760048488e-05 -1.2219154575e-04 7.0101007039e-04 1.0012752174e-03 -1.5077019971e-04 5.2927686618e-04 -8.8814878058e-05 1.7332699804e-05 -3.2589602915e-04 -1.2010192583e-03 -1.4675482509e-03 1.5115783929e-03 3.1837114654e-04 -1.3068139424e-03 -1.1085660596e-03 1.0330277088e-04 -3.2262806739e-04 3.1266535315e-04 -1.9537934669e-04 8.8606961919e-04 8.2474591862e-05 1.9313029839e-03 -9.4106893448e-04 -6.3804447262e-05 6.3511469880e-04 3.3867846888e-04 8.5816250957e-08 7.5177572835e-04 -4.8982072126e-04 -5.7061468869e-04 -6.0165779717e-04 5.4530937095e-04 1.2893917622e-03 2.5969109931e-04 4.3607695258e-04 4.7041762366e-04 4.5777109653e-04 5.8766603956e-05 1.8093366330e-04 2.5680150492e-04 -6.1559451720e-04 1.7842371248e-03 2.9331248277e-04 -1.2307570869e-03 4.9109630729e-04 1.4096156244e-04 2.3266654142e-04 -8.2211353304e-05 2.6221061232e-04 -4.2054055268e-04 -5.8372540236e-04 1.0501672617e-03 -6.9743356147e-04 -9.5800768039e-04
1.2812831701e-04 4.4830173001e-04 4.3880292473e-04 -3.9021305041e-04 9.9350065780e-04 -1.0264543577e-03 6.4247504972e-04 5.6828433840e-04 -1.4843063987e-04 1.2836911999e-03 -5.5541679044e-04 -9.7783784798e-05 4.0481283081e-04 1.6606539800e-03 4.0261940367e-04 4.6145243193e-04 -9.9065184739e-04 -6.4393983572e-04 -2.1823890460e-04 -1.2249850164e-03 -3.2514719334e-04 1.1285250796e-04 1.3650312332e-03 1.1493098000e-03 4.8018576128e-04 -1.7733658858e-03 3.5780411737e-04 5.4328545981e-04 4.9691906661e-04 -5.1221065884e-04 -1.0293250081e-03 -1.5080277408e-03 -2.4502792079e-04 -2.8817352571e-05 -1.5226590399e-03 3.5065842192e-04 5.7863284666e-04 -1.1347387038e-04 7.7840017247e-05 9.0017619322e-04 6.3110338196e-04 3.2367349732e-04 2.6338476228e-03 -3.1735921371e-04 1.7337093290e-04 9.9000480517e-04 -1.1501672944e-03 -9.1010044941e-05 -1.1790510037e-03 -9.7814153356e-06 -2.0427816293e-04 -1.0868168511e-03 -3.0373375969e-05 8.8416862903e-04 -4.5708801279e-04 1.2380056119e-03 -8.0316126251e-04
-1.2295148445e-02 5.0758649987e-02 -5.4587826031e-02 -2.3563874062e-03 -5.7595058911e-02 6.1420536589e-03 -1.1668236299e-02 -3.2127210161e-03 2.8741639634e-02 1.2387431027e-02 2.5092469639e-02 2.3485289347e-03 3.7642607781e-02 -3.5531076803e-02 -1.0797959708e-01 5.5695712442e-02 -4.6201546240e-03 3.4348278945e-03 4.7565744639e-02 1.1166184415e-01 1.7638837304e-02 8.4891743621e-02 2.2703439267e-02 -5.1495381162e-02 -1.0256554658e-01 -2.7182524947e-02 -5.7639821997e-02 -4.2916851979e-02 3.9881625844e-02 -1.9557633420e-02 -2.0915425579e-02 -1.1285045275e-02 -1.9118598104e-02 -9.1248983047e-04 6.9332566123e-02 -3.0070837484e-02 -8.4081507280e-03 1.3064438600e-02 -3.9319486891e-02 -4.9598977976e-02 -8.2546411303e-02 8.0712666242e-02 1.2450987723e-01 5.3709931210e-02 -3.8452201444e-02 -4.8375895356e-04 1.4573843129e-01 -4.0911973814e-02 3.6588474934e-03 -4.4222163197e-04 2.4555447169e-03 1.0729657421e-02 -4.9192831233e-02 2.8696765584e-02 -5.1852425622e-02 -1.2842307922e-01 6.4874856567e-02
-3.0603729484e-04 2.7882241848e-04 -1.4789171869e-03 5.3140991078e-04 1.3090754613e-04 1.1715616436e-03 1.1100391157e-04 8.8304432546e-04 -2.1684070521e-06 9.9768519986e-04 -1.2048662783e-03 -7.6657658611e-04 -6.7196598761e-04 -9.6945899973e-05 3.0802029183e-05 8.7558756334e-05 -6.0389847598e-04 7.7620794483e-04 6.5717927794e-04 -1.6039171159e-03 -5.5191897406e-04 4.9968427219e-04 -4.2070169920e-04 4.8563353009e-04 -4.0654867860e-04 7.8244943167e-04 6.5194174262e-04 3.8352227570e-04 -2.9163189852e-05 -1.4781082202e-04 -1.4374082709e-03 1.7759779391e-03 1.9675133427e-04 1.5791887070e-03 1.3443196057e-04 8.7895665454e-04 8.3686199483e-04 -5.5060440512e-04 7.6442382556e-04 9.9479667157e-04 4.7043063887e-04 -1.0003170950e-03 4.8098593274e-04 2.2971814529e-04 1.3152754600e-03 1.0444956335e-03 7.0168510151e-04 -1.8502644562e-04 -1.0962651296e-03 -6.0308165651e-04 -2.0875809590e-04 1.0821262646e-03 -5.8397913362e-04 1.7931519984e-04 -5.9998806408e-04 -1.1813633719e-04 -4.8088940963e-04
-4.3800046153e-04 -7.5601460586e-04 -6.7641383234e-04 4.2915073157e-04 1.5340691820e-03 -1.9637975093e-03 -2.9732015315e-05 7.9633095455e-04 -1.2065257078e-04 2.1649516920e-04 8.3234827604e-05 1.5462261060e-03 -1.1088052689e-03 -8.6698973908e-04 -1.0112716191e-03 8.1298461010e-04 2.7042195023e-04 -1.4420287821e-03 -1.0391875790e-03 -1.1915097438e-04 1.5031722711e-03 1.5393152092e-05 1.7080461962e-04 -9.7611012473e-04 -7.4290187870e-04 2.1515540892e-04 6.3435268926e-04 4.4263130428e-04 1.3796603329e-04 -4.2789380465e-04 6.9351857956e-04 -2.6738918663e-04 -1.0905020219e-03 2.6079950495e-04 -1.3281186043e-04 -1.3350286644e-03 1.4562146328e-03 8.6827875907e-04 1.9831764259e-04 3.1401731794e-04 -9.3381311346e-04 4.6488730941e-04 7.5628791750e-04 -2.2637210841e-04 3.3251079061e-04 -1.0860272950e-03 -6.9961780867e-04 -1.9350352852e-04 -4.1809038823e-04 5.8462309125e-04 1.0499043124e-03 -5.7034076535e-04 8.6740651693e-04 -1.5544346206e-04 7.3100378908e-05 -7.2520897326e-05 3.2498876004e-04
1.0693200474e-03 -4.5489896136e-04 6.9978340606e-04 2.3866644521e-04 2.7748087222e-04 9.0812304748e-04 -2.0689740665e-06 -8.4877558334e-04 1.8292155748e-04 2.3737095269e-04 3.4829247229e-04 1.5901709600e-05 -4.4930252658e-04 2.7270703895e-04 -9.3228090452e-05 7.9162090124e-05 -8.3057293161e-04 -7.8211533493e-05 -5.1007636964e-04 2.8875248461e-04 -1.5365109896e-04 3.9975329034e-04 -1.3236460729e-03 7.0195330071e-04 1.1849092233e-03 -1.8720355067e-03 1.0240936899e-03 -4.4569798256e-04 1.1581675578e-03 3.6001839495e-04 8.3422279506e-04 4.6992671284e-04 -7.8798194367e-04 1.0890729450e-03 1.4584716690e-03 -1.6029194552e-04 -6.4288988872e-04 3.3885396992e-05 1.5356090822e-04 3.8108704738e-04 3.4619889536e-04 4.5624168604e-04 4.0107949003e-04 -1.5145047646e-04 -8.0682452621e-04 -1.1022494857e-04 6.0606420944e-04 -4.4195160989e-04 -8.4183497192e-04 -7.0496277629e-04 1.1199288989e-04 3.6376526216e-04 -1.7803318447e-04 8.1734003747e-04 -4.1058220190e-04 -2.7924023689e-04 3.2269855190e-04
-1.0446140393e-02 8.3408278123e-02 -1.3530421408e-01 2.4344516832e-02 -2.1348672079e-02 1.5565851821e-01 8.7809853144e-02 -6.7475867358e-02 -1.0166471548e-02 -3.5782093067e-02 8.5241932018e-03 -1.2190669474e-02 -5.8396279051e-03 -2.6701443975e-03 6.3909685643e-02 1.5226515372e-02 2.9162334536e-02 -1.5015152125e-02 7.7501886648e-02 -6.3113999068e-02 7.8160988218e-03 -8.6876786505e-02 2.6522451325e-02 -4.8723492660e-02 -3.5952643954e-02 2.0522395203e-02 -2.4644810478e-02 3.1080180223e-02 -1.6269437712e-02 1.2304817450e-02 -4.3017282028e-02 -3.8126464857e-02 3.0731584883e-02 1.0047660415e-02 3.7206279111e-02 -9.6119860983e-03 4.5687190059e-02 -5.0351858725e-02 -3.6642912442e-02 -5.6272058043e-02 -9.8822107467e-03 -1.0259383601e-01 2.8316353675e-02 7.8687000224e-02 -4.7413640969e-02 -7.7453477654e-02 2.2746716623e-02 5.3886386047e-02 -1.8965542846e-02 -4.3795110981e-02 2.9027855842e-03 -1.3069736450e-02 -7.0974286512e-02 -5.0059630775e-02 5.4599183255e-02 -1.3210817062e-02 -4.1035887216e-02
2.0177933227e-04 4.4760046130e-04 -9.6843507049e-04 -5.2695471979e-04 2.5257925357e-04 -6.3695094977e-04 6.1519536256e-04 1.2871679910e-03 -3.9533936602e-04 1.0136708312e-03 -9.3696747407e-04 -4.9803546307e-04 -1.9692533489e-04 -5.4517437666e-04 -3.9047693116e-04 -1.3801243720e-04 -5.1328748050e-04 -2.2217718721e-04 -1.5150475864e-04 -9.7909876456e-04 -3.6233745542e-04 7.9336555191e-04 -6.2055911450e-04 -4.7842467130e-05 3.0398872583e-04 -2.4652821743e-04 4.1994809821e-04 1.0817301102e-03 5.5700536820e-04 4.8720676566e-04 -1.5471547824e-04 -1.6383964245e-03 7.0869805791e-04 -1.1510597031e-03 -1.8990660109e-03 -8.3875890781e-04 1.0150826277e-04 5.0958728105e-04 -1.1447921167e-04 5.6427282988e-04 4.6667774415e-04 6.4955393367e-04 1.0649544723e-03 2.5586073696e-04 6.7531820305e-04 7.5971796414e-05 5.8270597824e-05 1.7737330411e-04 -4.0116489321e-04 7.0995158753e-04 -1.6508297251e-03 -3.3808761752e-04 1.3823302974e-04 8.3604468907e-04 6.3749077333e-04 1.5399162362e-03 1.5620586496e-04
4.2321954981e-04 -4.6665939894e-04 -4.6730871584e-04 4.4216318173e-04 1.1814865226e-03 5.6412199891e-04 4.5634824144e-04 5.2351843890e-04 -1.1798558135e-03 -8.9962802043e-04 -9.0504551304e-04 -5.9834712417e-04 -4.3535431555e-05 -6.9726673585e-04 5.3570926092e-04 -3.4940663702e-04 4.9917242754e-04 -2.2926242166e-04 4.0920778205e-04 4.0903160554e-04 -2.7038604443e-04 -6.8233722649e-04 7.7064564025e-04 1.0335111625e-04 -2.4088370296e-04 -7.2688153397e-04 9.3686494621e-04 4.9279794825e-04 2.6611645086e-04 2.4805794090e-04 -1.0076573553e-03 -8.3181468723e-04 1.3006572496e-04 -1.0712818961e-03 -1.4003973662e-03 1.2713602964e-03 -1.6952757033e-03 4.8337775545e-04 3.0494909881e-04 1.4465297028e-03 -1.3105332587e-03 -2.9216198771e-04 -1.0553703123e-04 -6.0801671516e-04 -1.1800082036e-03 -9.5454159232e-04 -1.6847862957e-04 -5.5487351877e-04 -3.3988988457e-05 1.0983047396e-04 5.2115987846e-04 2.7500123021e-04 1.0049032998e-03 1.2785942875e-04 -6.9297999708e-04 1.4502695189e-03 3.7728847716e-04
-8.3491857047e-04 7.6634669724e-04 -6.2062999802e-04 -3.4028139864e-04 9.6622986511e-04 -2.1738644735e-04 9.6340696148e-04 -6.2466077978e-05 1.4972156241e-04 -1.5939199015e-04 -8.1761234105e-04 -1.7770413068e-04 -3.2177438160e-04 -1.0559088930e-03 -6.9990038086e-04 1.9649463938e-04 -8.4566905546e-04 1.1187233423e-03 7.3485134715e-04 -5.7927251277e-04 4.7009299812e-04 1.1989970802e-03 5.4525908282e-04 -7.3148220664e-04 7.7194871196e-04 5.7668550143e-04 -7.8342935462e-05 -1.1234102027e-04 7.1904586667e-04 1.8526560764e-04 3.0801422227e-04 1.2335109229e-03 -4.6338819585e-04 -1.6426837418e-06 1.3215634523e-04 2.3069064644e-03 7.4456725544e-04 9.2962960231e-05 -6.3949568486e-04 3.1435578279e-04 5.2324706209e-04 3.2621254328e-05 1.0757850623e-03 6.3100760907e-05 8.3194470474e-04 6.5214217296e-04 1.3306608624e-04 1.1129573515e-03 -3.3799028278e-04 6.0418675136e-04 4.9816658693e-05 -4.2780305603e-04 1.3757155062e-03 -3.1900044440e-04 5.4622483405e-04 -1.8438231082e-04 -3.5953859215e-06
-2.8404820049e-04 9.4993665482e-04 -5.2293390122e-04 1.2004180553e-04 4.0978016001e-05 6.9395327995e-04 -4.1148255218e-05 1.4167250649e-06 1.2540838891e-05 9.7025812137e-04 -1.4258316413e-03 6.5993583126e-05 -9.3922295488e-04 -5.0664593557e-04 2.5877449187e-04 -7.1217054637e-04 6.4347835298e-04 -3.1020576233e-05 1.2111703664e-03 -7.8234760650e-04 3.6293749926e-04 1.8784855193e-04 1.3034981969e-03 -1.4761113008e-03 7.2170351443e-04 -2.5128615224e-04 1.0781772048e-03 -4.3107345172e-04 1.5358643808e-03 4.5299922532e-04 3.3033306265e-05 -6.2168124710e-04 1.1353537035e-03 -1.5700630179e-04 -3.3662097008e-05 9.8507859959e-04 6.7716286934e-04 4.7064144904e-04 7.6500655509e-04 -8.9877707111e-04 6.7621748983e-04 1.7360380936e-03 1.9992528816e-04 -4.7924556803e-04 2.4851566813e-04 8.7328969881e-04 -5.3512303164e-04 -3.5872635078e-04 3.1057119753e-04 -7.5217984329e-04 7.9085096303e-04 -4.0787115022e-04 -3.7480077297e-05 4.4441688862e-04 4.9536337089e-04 4.7803483118e-04 -1.0862793222e-03
-2.4751069042e-02 1.3046547083e-01 3.7999413048e-02 -1.4008814415e-01 2.2371447943e-03 3.0844839870e-02 1.2833919316e-01 1.7651834291e-02 -5.6364141308e-02 -1.2105933921e-01 -1.2921993408e-02 8.1838567487e-02 9.0980154602e-02 1.6705659213e-02 -3.7727096516e-02 -3.1209913776e-02 4.8473286834e-03 -3.0610382622e-02 1.2905692110e-01 3.9845279344e-02 5.7880117840e-02 -1.3720441523e-02 7.5709643624e-02 5.1155332506e-02 -4.2822756139e-02 1.7467597303e-02 4.8597744963e-04 3.5894412418e-02 -3.2672562799e-04 -5.4239664086e-02 6.7193463378e-02 -6.5932791961e-03 -1.0462700882e-01 1.4908906450e-02 1.6489461404e-02 -3.1408496354e-02 4.2661287446e-02 7.2542502496e-02 -6.5491895344e-03 2.9569622554e-02 8.3592228805e-03 1.0299452690e-02 2.2290503822e-02 1.3031051648e-01 -3.8391992665e-02 -2.4730102159e-03 -3.3677367964e-02 -7.5365694267e-03 5.9933702818e-02 -2.0688136583e-02 1.7253818675e-02 3.2438685133e-02 -1.1770175526e-01 -2.5641137568e-02 3.6874887258e-03 -2.1924100491e-02 2.4814606477e-02
1.7888024729e-02 6.0019393424e-02 1.8344309190e-02 -2.2064038584e-02 -9.6821123702e-02 2.1126751721e-02 -5.6748516053e-03 -1.5108507559e-02 -4.3980904053e-02 -3.5740291175e-02 2.1537608337e-02 -1.2872377837e-02 -1.6097834692e-02 -2.9347015343e-02 -2.6241208256e-03 -2.0521056862e-02 -1.9656511332e-02 -3.5229022803e-02 6.0460915158e-02 6.8088729577e-02 -5.9816786108e-02 -9.7876911167e-03 2.5426849343e-02 -6.4718045611e-02 -4.7860019997e-02 -1.9084921257e-02 -9.6859382249e-02 -6.1640607597e-02 4.0790758126e-02 -2.1909019295e-02 -3.9428878271e-02 2.8027324455e-02 -1.6369757130e-03 -8.3599828946e-02 -4.1445271342e-03 -1.9938446115e-02 -1.9018308045e-02 4.7124975437e-02 1.9598701438e-02 -2.8583599592e-01 -1.5867549216e-01 -1.4113684397e-01 -8.2552121952e-02 5.7531055375e-02 -1.5427051905e-03 4.5442288423e-02 -3.2049555889e-02 1.9810918278e-02 -2.0237060384e-02 -4.1191117312e-02 5.4500285011e-02 -2.5539578321e-03 -5.2575629196e-02 -9.8995156899e-03 -6.8927334886e-03 3.2152890708e-02 1.2399211812e-02
-1.0545186540e-01 1.0033559155e-01 2.9543830014e-03 -4.4500464390e-02 -2.2859133117e-03 -3.7040869100e-02 6.6683710990e-02 2.9905126428e-02 1.2105295215e-01 -4.1614240109e-02 3.9811768067e-02 1.0046835031e-01 -2.2019751637e-03 9.8713425560e-02 2.4926973180e-02 -1.1536909976e-01 -3.7436656241e-03 1.4666281997e-02 1.0095338785e-01 -2.8678482506e-02 -1.7145864130e-02 -9.9485111026e-02 -3.7306035585e-02 -1.1700299513e-02 7.5319706128e-02 4.6218554256e-03 -2.0422935386e-02 -3.3184343149e-02 7.0976838907e-02 -2.9163767380e-02 4.9517301329e-03 6.0099862950e-02 9.4057953604e-02 -5.2316499908e-02 -1.1954721365e-02 -7.0159145222e-03 -3.5174033833e-02 5.2029659349e-03 -2.3834285057e-02 1.2102818263e-03 -4.3967064097e-02 -8.3115378594e-02 2.3447447306e-02 9.8776334002e-02 -2.5343211912e-02 -4.2016814195e-02 1.6057837717e-02 -5.4294524462e-03 -1.7162455367e-02 -3.6698164354e-02 -6.7828941195e-02 -1.9600811496e-02 -9.0186181635e-02 2.1401847273e-03 6.2398414803e-02 -7.5091189487e-02 7.3862491579e-02
-2.2117765509e-04 4.3150930233e-04 -1.2201263022e-03 -1.0626661461e-03 5.8395433158e-04 4.3205343214e-04 9.9097065840e-04 -3.7278375075e-04 4.0427760048e-04 3.6799177625e-04 6.7774086984e-04 -2.3317698889e-04 -5.9825511736e-04 5.0476090748e-04 -1.4134216153e-03 8.0925489503e-04 7.1098320972e-04 -5.7574378679e-04 4.5180473424e-04 -2.9309861905e-05 9.0715306547e-04 5.9098461239e-04 5.1297773573e-05 -2.1415817815e-04 -1.1959071083e-04 -3.4347486564e-04 2.3500751919e-04 -1.0959617832e-03 -3.7449224347e-04 -2.0542721835e-04 -5.5491896767e-04 9.5717280625e-04 6.1478014394e-04 -1.2350997011e-04 8.9867315784e-04 -3.2557690495e-04 1.7321717136e-03 -4.5417955104e-04 1.2607499047e-03 4.9772359796e-04 1.9319438123e-04 9.8290100159e-04 -7.2952752304e-04 7.5416509106e-04 -1.3391185882e-04 -2.8054447644e-04 4.7426579282e-04 6.9354502499e-04 -9.8797101131e-04 -7.4818928579e-04 2.7916423911e-04 7.3945030809e-04 1.8278840948e-04 1.6771833951e-03 7.5129506127e-04 5.7248968420e-04 8.8965713669e-06
5.9518329549e-04 -6.2840711325e-04 -9.0613158312e-04 -3.0063479761e-04 4.6969806804e-04 -4.8010833379e-04 -5.8074389250e-04 5.8773660685e-04 4.4339122111e-05 3.5629829826e-04 -2.1277900119e-04 -1.1233391977e-03 7.9104163989e-04 -5.0090545614e-05 -7.2035060545e-04 4.9618479764e-04 9.1502625657e-06 -1.2730342730e-03 -1.7748050968e-04 -8.2117381713e-04 2.7853005376e-04 -8.3670057038e-04 4.6394436232e-04 -7.2235704882e-04 1.9447232344e-03 -8.2541318011e-04 -1.0471573268e-04 -5.9967373226e-05 1.9960470880e-04 7.2360550915e-06 -3.8856384727e-04 1.8918276290e-03 7.6395037538e-04 -1.5969661133e-04 1.3542635214e-03 -6.6647441466e-06 -7.8456885251e-04 -5.0860467550e-04 3.8762519879e-04 -7.6345019533e-04 2.9036786689e-04 -3.5479739364e-04 5.3895765575e-04 -3.7352175931e-04 -1.3207743248e-03 3.2444576132e-05 5.8428339835e-04 -3.2868739641e-04 6.9357815805e-04 -3.7983959650e-04 -1.5866528281e-04 1.2049298893e-04 -7.7689462379e-04 1.4279919676e-03 5.9485686656e-05 -5.3696449640e-04 -8.4167068769e-04
-1.5609807308e-01 1.2270254833e-01 8.4542348566e-03 2.8487210103e-03 -3.8697388310e-02 5.9369895719e-03 3.2757893328e-02 -1.9081661751e-02 -1.9697889520e-02 4.4930444319e-03 -5.4790941051e-02 -1.6495644119e-02 1.6078764475e-02 -5.0262154000e-02 4.1117323831e-02 9.6957224272e-02 6.0318564045e-02 1.6535426261e-02 1.1803165569e-01 -9.7718127450e-03 -1.1964024266e-03 1.1031492049e-01 -1.9678467419e-02 3.7027893984e-02 1.2257072996e-02 5.6502488784e-02 -8.5253299939e-02 2.7861956186e-02 1.9817871851e-02 -3.9726433956e-02 1.2065009388e-01 -1.5145181873e-02 7.6639849395e-02 -6.2395795386e-02 8.0467001653e-02 4.7074883504e-02 4.0726762805e-02 -1.1720997744e-02 1.1161551502e-02 8.3417179456e-02 2.4036761310e-02 2.1372930065e-02 -2.8265742117e-02 1.2231286952e-01 1.2764890359e-03 6.7977076325e-02 2.9051331032e-02 3.8554064724e-03 -6.2081328368e-03 4.7577838660e-02 -1.6483539737e-02 -3.1360033987e-02 -1.0834600881e-01 -9.1458498026e-02 8.4765698042e-03 1.7384204617e-03 4.3742043709e-02
-9.4999454574e-04 -9.7786621467e-04 -2.7104359879e-03 1.5514739156e-04 2.5983238060e-04 3.3600858787e-04 1.3690941114e-04 1.5459494998e-05 5.4460656614e-05 2.4841458944e-04 -7.7741211011e-05 1.2636752011e-03 -7.9959818609e-05 3.5232334192e-04 -1.8471865587e-05 2.3892478956e-04 -3.8761829834e-04 3.3208359514e-04 -4.1115661128e-04 -2.6511186903e-04 -6.7468488253e-04 2.9744313635e-04 -2.0410475059e-05 -1.2161215123e-03 -1.2032177117e-04 -2.9133439101e-04 -1.1567061617e-03 7.4694190575e-04 1.2649828246e-03 1.0783457201e-03 -6.5486238082e-04 -1.5732245738e-04 1.1274208552e-03 6.2521444171e-04 -5.9279741117e-04 -3.0019196690e-04 -1.0752633242e-03 7.0258528743e-04 1.4260406617e-04 -3.5533885510e-04 -4.8048821445e-04 1.7082446671e-03 -1.2491716954e-04 2.2804161481e-04 9.8040995026e-04 -1.1175399720e-03 -1.8084536542e-03 7.0368554513e-05 1.1713522507e-03 -1.4703565776e-04 2.7319316213e-04 -3.5283189321e-04 -1.3617017808e-03 9.0741366034e-05 1.2038386175e-03 1.3138494684e-04 -4.8523494403e-04
2.0892445154e-04 5.4124634341e-04 -1.3850102563e-03 1.0225829975e-03 -2.5301969071e-05 2.5226635660e-04 6.8085185865e-05 8.1425507146e-04 -3.9898865500e-04 4.6258606195e-04 -4.7124389222e-04 8.4109428186e-04 3.1421428247e-04 2.8355102365e-04 5.9307137676e-04 -1.7134764818e-04 -3.7130002495e-04 -8.4003220449e-04 -5.5358383021e-04 1.1096722265e-04 7.1239144811e-04 -1.6742944166e-05 -4.2692026733e-05 -1.5094061468e-03 -9.3703611710e-05 5.8080738933e-05 -9.9912515961e-05 2.5847065487e-04 9.7600167443e-04 -2.3491788211e-04 1.0410701219e-05 1.4636046581e-04 1.4985442626e-03 5.8703662932e-04 -3.8924255173e-04 8.5251504605e-04 3.9236069719e-05 -4.1373958897e-04 -7.6643069190e-04 3.9653427998e-04 -1.9985609041e-04 1.0845734224e-03 3.4282956289e-04 9.6415106822e-04 1.4740372853e-03 3.1532765777e-04 -8.7177009302e-04 4.1880005609e-05 -2.3011096812e-04 4.4836827790e-04 2.4711800996e-04 8.4839439587e-04 -2.0272316266e-04 -1.1015012882e-03 -1.4540583635e-05 -8.5142128615e-05 -6.3302413582e-04
1.6484293031e-03 -9.4895111058e-05 -4.7221721498e-04 2.1483538989e-04 -1.1226943633e-03 6.8685271384e-04 -5.9902236972e-05 4.7448045414e-04 1.0785467868e-03 -8.1805032380e-04 -3.8324601261e-04 1.1536842128e-03 -4.4826762268e-06 9.9959118071e-04 -4.3271726421e-05 3.5412260061e-04 -4.4612494234e-04 -1.6435279814e-03 -1.7282925612e-04 -1.9334753111e-04 -1.8166927476e-04 5.2201766916e-04 2.6515995842e-04 1.1085306382e-03 -1.0029257109e-03 6.9300553296e-05 2.5598982824e-04 1.4417055890e-03 -1.9107294493e-04 -5.2017049799e-04 -5.3193227231e-04 2.4114308884e-04 9.7641299264e-04 -7.8253569957e-04 -6.8075275496e-04 -3.5458899106e-04 -2.4961829851e-04 1.9611294336e-03 4.7166596549e-04 1.1878223713e-03 -6.2447976360e-04 4.1478015728e-04 -4.8757196450e-04 8.4227754794e-04 -5.1299185322e-04 4.5436083859e-04 -9.3085760195e-04 1.0490140593e-03 -1.4608872572e-03 6.4798111890e-04 -1.4468240003e-04 1.9080312729e-04 -5.2290644517e-04 9.2242600656e-04 1.6240549507e-04 9.2480865081e-04 -4.5006687799e-04
3.9418734612e-02 1.1800445888e-01 -4.8752301004e-03 -1.2732420109e-02 -2.8058426131e-03 -1.5597595786e-02 -6.7294602628e-02 2.7974661378e-02 5.1606443874e-02 2.3356835539e-02 3.9095231336e-02 -5.8267095609e-02 -6.8151988404e-02 -3.5756174184e-02 -6.2269422401e-02 -1.0047315504e-02 -1.7005686124e-02 1.7618955146e-02 1.1180221860e-01 -4.7980595204e-01 -4.0219292289e-02 1.2124151069e-01 6.8429045094e-02 -5.3559803584e-02 -4.4552948320e-02 2.6927618043e-02 1.6772548824e-02 -5.6983328029e-02 1.4836807356e-02 -9.8640920828e-03 6.6693533630e-02 8.6791825903e-03 -1.0461426373e-02 -3.0638184629e-02 -2.0299702026e-03 -8.3472510630e-02 2.2690035498e-02 -2.4191380362e-02 5.9695039916e-02 1.9075846723e-02 7.8914890478e-02 -6.6622959239e-02 -1.5957663652e-02 1.0835436389e-01 -5.9951680146e-02 -3.5392019029e-02 -6.4850267465e-02 -5.6148487997e-02 -3.3562374870e-02 4.7717630853e-02 8.3403514152e-02 -4.5777809516e-02 -7.7159273658e-02 -6.6213565969e-02 3.4231282447e-03 -7.8561727698e-02 4.5603060709e-02
-7.9106115811e-02 1.1810491292e-01 4.8341566736e-02 6.9766741256e-03 6.8789903427e-02 -8.8255413125e-02 -5.5991761208e-02 -1.2313676368e-01 1.0587415352e-02 -1.8627457935e-02 -3.3880821989e-02 2.5541585217e-02 -3.9598921418e-02 -4.1883643308e-02 1.7175802533e-02 -4.6595977147e-04 1.7555528305e-02 2.5504899460e-03 1.1208309797e-01 -3.0083151892e-01 1.2209854552e-02 3.3452845677e-02 -1.6402238481e-02 -3.2324301742e-02 -9.7774546040e-02 2.2340759030e-02 4.5111870542e-02 1.0283396975e-01 -4.4511199453e-02 1.0649920838e-02 3.9183630452e-02 1.0991423138e-02 -4.0427586105e-02 -4.4100159535e-02 -4.0668631768e-02 2.0454421816e-03 1.1042195878e-02 7.5416362269e-02 -2.7179647005e-02 -1.0556933459e-02 4.3316164690e-02 -2.0624302430e-02 -2.7759809251e-02 1.1268339471e-01 7.7270933662e-04 -7.7662629376e-02 1.0936348400e-01 2.9061862717e-02 -3.8273182879e-02 2.5184466958e-02 3.3225144622e-03 5.3454950297e-02 -1.0219661019e-01 8.9145018431e-02 8.7003605398e-02 -9.7255966314e-02 -2.4186122309e-02
-1.0643818910e-03 -2.2931359386e-04 5.9195697431e-04 4.1784157059e-04 1.1595708564e-03 1.8316370884e-04 -7.1109335176e-04 -3.3869301922e-04 -8.0750749027e-06 -5.9559157703e-05 3.7270681204e-04 4.5533733194e-04 3.0192388100e-04 -1.7183338632e-04 2.5972128246e-05 -1.7093589741e-03 1.0157944451e-03 3.2409968115e-05 7.3691016627e-04 1.7620260578e-03 1.9788632930e-03 -7.6437734906e-04 1.0177843093e-03 2.4134615758e-04 -5.4015395180e-04 4.5962535098e-04 -2.5932457354e-04 -1.0464744039e-03 -6.3566234299e-04 1.0969641196e-04 -1.0139051108e-03 -3.8510789178e-04 -2.3457490087e-04 -1.1187957634e-04 2.3598367180e-04 -4.0540558787e-04 6.6539343431e-04 2.6167983832e-04 -4.6732434885e-04 2.6783593343e-04 -1.3322352107e-04 4.8484992361e-04 -2.0003518081e-04 6.9317487131e-04 -4.0033104925e-04 -3.5224382899e-05 1.2839740068e-03 -1.6287528489e-04 1.0612382121e-05 -8.1056850817e-04 -9.4174856103e-04 -1.3967445512e-03 -2.8562125522e-04 1.7611624169e-04 -2.5936657345e-04 -8.9963823331e-04 -1.8402863267e-04
9.7507908738e-03 1.3006246901e-01 9.4316859001e-02 5.9256491236e-02 -1.2024530464e-01 6.6928300300e-02 1.2260099424e-01 -1.2715145743e-03 2.9251450580e-02 -9.9592735767e-02 -2.8904700937e-02 3.4208342440e-02 -4.1184175728e-02 9.3588589656e-03 -3.2856849448e-04 1.0452677063e-01 -3.4307514251e-02 -1.0945537558e-02 1.2357575718e-01 2.8293270597e-03 2.0695165773e-02 3.6910704018e-02 -1.6051458243e-02 1.9949894037e-02 -1.8371934268e-02 6.2160225911e-02 3.9935762983e-02 -5.8177452722e-02 -1.0921147363e-02 4.9813233458e-02 -3.8773017401e-03 -2.9828822921e-03 -1.1281844575e-02 -1.1365835871e-01 -3.6221993170e-02 2.8376606307e-02 -2.5300766595e-02 5.0135138100e-02 -1.0551387396e-02 3.4786192069e-02 -6.8510715119e-03 1.6586531014e-02 -5.3107311711e-02 1.2898905867e-01 -1.3643298245e-03 -1.3821897683e-01 -2.5482442870e-02 9.3932788938e-03 8.4675726132e-02 4.7928937903e-02 -2.4769848194e-03 -2.3898078907e-02 -1.1711998677e-01 2.9868843778e-02 -5.7852838714e-02 -1.0270905597e-02 1.2248411839e-02
-3.8779142936e-05 -3.7354550639e-04 4.0521249786e-04 6.6303267326e-04 3.1464658297e-04 4.7292323312e-04 -5.8044505685e-04 7.3822204684e-04 8.3314760827e-04 2.7344591039e-04 -3.0530894599e-04 -1.2669336331e-03 2.0344453303e-04 8.0127005219e-04 -1.0782414800e-03 8.2102848164e-04 -8.0712723193e-04 -8.0843826958e-05 -7.6198307428e-04 1.7567149371e-04 1.0060985622e-03 1.1874817089e-03 8.6428661019e-04 -7.3659014028e-04 -1.5628042518e-04 -8.0091663009e-04 -9.1364917772e-04 8.9206765947e-05 -6.2591647844e-04 4.6890327736e-04 -7.9023316039e-05 6.7318955298e-04 6.2858699483e-04 8.4446140940e-05 -7.5114310501e-04 1.7427499525e-04 -7.1114611202e-04 -4.4423578364e-04 4.8170916879e-04 -8.4798606390e-04 -8.7959323907e-06 7.2879070409e-04 3.7028056301e-04 3.2239266975e-04 -1.3826974913e-03 -1.2266138861e-03 6.1705811242e-04 -1.0368372423e-03 -7.2792324231e-04 -4.9343053527e-04 -6.1500914642e-04 -4.3620990387e-04 1.1242181003e-03 1.5833438556e-03 -8.2551230091e-04 -8.1922641888e-04 1.6027892345e-03
-4.5159937074e-02 1.2613635001e-01 4.6877111013e-02 -1.2796857145e-02 -1.3260399426e-01 -3.1213320313e-02 6.6740640164e-02 -2.3645926229e-02 2.5143812859e-02 1.2741722899e-02 -5.4129049358e-02 -7.3131220794e-02 1.6679676285e-02 2.8305418057e-02 8.5910393764e-03 1.5855505682e-02 1.4651004594e-02 7.1507881290e-02 1.1589154831e-01 1.4330225607e-03 -1.0412922061e-02 -1.0373746224e-02 4.9341649601e-02 7.5349851946e-02 4.9901935618e-02 7.0083882903e-03 -1.7519610611e-02 1.3865355915e-02 -1.1031357583e-02 4.8765110774e-02 3.6665056295e-02 -9.6681635247e-02 1.7159964546e-02 1.2293038561e-01 -3.1207132030e-02 -7.2919613932e-02 5.8666544600e-02 -5.9693894638e-02 -3.1761970452e-05 -5.6385532735e-02 -1.5885655682e-02 2.2602117874e-02 -3.3020004662e-02 1.2161199152e-01 2.8681214274e-02 -3.4059137755e-02 1.0702813660e-02 -2.9861934446e-02 -1.1592945858e-02 5.3141732339e-02 -9.0922039457e-02 4.2310343953e-02 -1.1597594364e-01 5.1242180943e-02 7.7146198799e-03 -6.8268531730e-02 4.5224895033e-02
-1.3251053538e-03 -1.3049658260e-03 1.3987742544e-03 7.2910562909e-04 6.8278480367e-06 -6.2090712449e-04 5.1979381024e-04 4.4665943860e-04 8.8689633627e-04 -8.1332584796e-04 9.8601942783e-04 -3.0635859301e-05 -2.7177343311e-04 1.8672642238e-04 6.9106859291e-04 9.6436961836e-04 6.3179190309e-04 -2.9478628082e-04 3.0233996221e-05 -1.3087054906e-03 9.5530035615e-06 4.9996778056e-04 1.2114076704e-03 -1.7878411616e-04 -7.5800660307e-04 -4.4687845538e-04 1.2830161898e-03 1.0523053847e-03 1.8691838747e-03 -1.7913420268e-04 -1.0433744747e-03 5.5182539971e-05 1.5509031505e-03 7.2229508893e-04 -1.4617271769e-04 -5.9255844847e-05 8.6360738544e-04 -4.5670584712e-04 4.4651399780e-04 4.9057492566e-04 8.1615148384e-05 -6.6376170981e-04 1.4534451190e-03 3.8805892572e-04 1.2587567924e-03 -4.1294813443e-04 -1.9671466317e-03 -3.0801552355e-05 -9.8245297815e-04 9.9134187221e-04 -9.8548080574e-04 -2.8090492314e-04 -3.0421872545e-04 1.2308386631e-04 1.3193256269e-03 -8.7905428543e-04 -2.1440922980e-04
1.6388983994e-02 9.5678476510e-02 5.2750886627e-02 2.7676531724e-03 -2.6383470245e-02 8.0449171098e-02 2.9578615599e-02 3.8949345724e-02 -1.9915893625e-02 8.8459136472e-02 5.5986203536e-02 2.1630918495e-02 -1.2690347303e-02 -4.3246576847e-02 -5.4527795161e-02 -9.7414706437e-02 6.5348048395e-02 -4.0477461954e-02 9.1676199501e-02 -6.6392283939e-02 3.7094224850e-02 1.6988140537e-01 -3.2440269803e-03 1.3637162200e-02 3.9615001773e-02 -8.6416661233e-02 -4.4915454237e-02 9.7725926287e-03 5.6628863480e-03 3.4701309936e-02 8.7072458158e-02 -6.0110153705e-02 -3.2381004369e-02 2.9570863383e-03 -1.2535677994e-01 1.0336851493e-01 -1.4614557919e-02 2.2684880768e-02 -1.4116311577e-03 2.0396403407e-02 1.0524155389e-01 7.0742888784e-02 -6.3662555889e-03 9.3344166647e-02 4.0860710108e-02 -1.4272506291e-02 2.2960154327e-02 -1.8004471869e-02 -2.0707675721e-02 -4.8981791955e-02 4.0355092568e-03 -6.1505275497e-03 -7.8848347906e-02 -2.6912468595e-02 4.8422345470e-02 -7.2579676348e-02 2.6861998039e-02
-5.3784440205e-04 1.1013453110e-03 -9.6604416439e-04 -1.6832355166e-04 1.6763643358e-03 4.9997571857e-04 1.2723862319e-03 -8.9948357920e-04 -5.8161460200e-04 1.8050733740e-04 7.1534133410e-04 1.6541097478e-03 1.2430586194e-04 7.6363454152e-06 7.2148533720e-04 -4.4237230983e-04 -5.5708270276e-04 2.1784116877e-04 3.6696430607e-04 -2.7262500527e-05 -1.5057174554e-03 3.0926023259e-04 6.2354854690e-04 -4.1870606752e-04 -9.6272224717e-04 3.5821469026e-04 9.8505142007e-04 4.2543815295e-05 1.2925485909e-04 6.7487098777e-04 -1.5088320420e-03 1.2356266860e-03 1.2798010420e-03 -2.2516995766e-04 4.2922589193e-04 5.5621289913e-04 5.5655396307e-04 -2.1692509658e-05 4.4148743873e-04 4.7474018551e-04 -9.5216624242e-04 -7.9759337785e-04 8.9318379326e-04 1.4029092599e-03 3.3001473600e-04 1.5630996410e-03 4.0105027923e-04 1.0275856055e-03 -1.0050205033e-03 2.7548237460e-04 -1.9965006314e-04 -1.0330642947e-04 -8.7818514862e-04 -8.7043098587e-04 -8.5203861358e-05 -8.7825315252e-04 -7.5981770562e-04
-9.6050256841e-02 1.3949077851e-01 -5.8870620016e-02 2.2734940936e-02 -3.2593172415e-02 1.1799816738e-02 7.2311190920e-02 6.0677138021e-02 -3.2113430441e-02 -7.9020897894e-02 -1.2972782329e-02 -6.0848279309e-02 -3.9620585023e-02 3.2147682629e-02 -3.0550795438e-02 7.0029605341e-02 -1.1285083038e-02 -9.2078936529e-02 1.3665133990e-01 -2.4681049656e-02 -8.1237970313e-03 3.3306164629e-02 1.8508777820e-02 -5.7568866949e-02 5.6655014732e-02 -1.8918441037e-02 -6.8032747047e-02 -6.0766564966e-02 -7.5580394597e-02 -3.8972824666e-02 -1.4859313926e-02 -4.4562182621e-02 -1.1088423871e-02 5.5773101448e-03 -2.8984334260e-02 2.1958173842e-02 -3.0570908183e-02 9.1340789299e-02 5.9465380028e-02 -1.8716164605e-02 -2.2904778129e-02 -6.1813976797e-02 2.8586938644e-02 1.3682162508e-01 7.3411148968e-03 3.3578181422e-03 7.9148803126e-02 -2.0602368364e-02 -1.3842651496e-02 5.7101266404e-02 -2.6880136235e-02 1.5098944888e-01 -1.2624559006e-01 -2.2104330811e-02 3.7818668246e-02 -3.8984645860e-02 7.4758930262e-02
-1.1119832819e-04 1.5546578598e-04 -8.4087234306e-04 1.6209764278e-03 -6.8373528758e-04 1.0292666058e-03 -1.1053785098e-03 2.0903732151e-05 -2.8725539677e-04 5.9692324990e-05 -7.4726213118e-05 -1.7204090602e-04 7.9161018556e-04 -5.9504192241e-04 2.9119729845e-04 -1.5095843162e-05 6.9786741615e-04 9.9975624965e-04 2.4317254737e-04 7.8621047709e-04 1.0887951234e-03 -4.3075505484e-04 6.2287294278e-04 1.4524111866e-03 -1.4567248080e-03 -2.0785114991e-04 -1.1753628177e-03 4.3976354766e-04 2.0951685309e-04 -3.3806914189e-04 -7.8955812946e-04 3.6136093308e-04 -1.6115011626e-04 -1.3770082398e-03 1.7085300991e-03 9.1564771594e-04 -7.6745294893e-04 -1.2668027989e-04 -9.7760099867e-04 -6.6509403423e-04 -7.7207996405e-04 1.0934761140e-03 -7.9811090049e-04 -1.8709233177e-03 2.9842191849e-04 -1.6230636922e-03 4.8991392555e-04 1.1858712774e-04 6.2959439434e-04 1.0357098042e-03 -5.2135217451e-04 3.4880048493e-04 9.0774869272e-05 -2.1392604603e-04 6.4388551072e-04 3.1139088667e-04 1.4399266433e-04
-9.9447934747e-05 -1.4893958157e-04 -1.5783581347e-04 7.2293563530e-04 -5.5249394093e-04 -2.0878230974e-04 1.0300051837e-03 1.0233350658e-04 9.0697717514e-04 -1.9538818083e-04 1.3309752967e-03 -3.2264712722e-04 9.4320569031e-04 4.5383647163e-04 -1.5061093587e-03 1.9710706921e-04 3.1580259445e-04 -1.2684003465e-04 1.9362414452e-03 -5.3807867867e-04 4.7490352658e-04 1.9185123521e-04 -1.6387543755e-04 6.4549720498e-04 -3.2295959177e-04 1.2436988196e-03 8.6840502060e-04 7.1312798045e-04 -5.8885416033e-04 -4.6090666775e-04 -9.3142890241e-04 -6.7620983803e-04 -2.6862151066e-04 -9.3694839463e-05 -7.6867263848e-04 -1.2511787228e-03 -5.1037763642e-04 8.1896063349e-04 7.1020160322e-04 3.3306552209e-04 -1.0255825156e-03 -4.8492912236e-04 2.0852750826e-04 1.0122797655e-04 2.8540754925e-04 1.1518937888e-04 -4.5721105942e-04 -4.7318509726e-04 3.3991252238e-04 -8.3138435885e-04 5.3493975747e-04 -1.0004113794e-03 1.7897886087e-03 -2.0250263014e-03 3.0047825860e-04 -2.7510605390e-04 -1.0274756934e-03
