-1.6796141851e-04 8.2254334588e-04 -6.4159162384e-04 -8.8080544246e-05 -1.0024945029e-03 -2.4812697254e-04 7.4787160516e-04 -5.1236344693e-04 1.2938876575e-03 -7.8862036315e-04 7.2373442676e-04 5.7905314983e-04 5.0715348702e-04 -1.5420427397e-03 -2.4643291844e-03 1.4613057556e-03 1.6273359860e-04 4.5695710983e-04 1.0439395064e-03 -2.6940045114e-04 2.3511371467e-05 4.8251830092e-05 4.5625304757e-04 3.0081708007e-04 -9.8860917886e-04 1.0893204518e-03 6.1137448053e-04 4.2074527308e-04 -6.7949069802e-05 5.1486206598e-04 1.1636772570e-03 -3.9737902103e-04 3.1853790710e-04 3.2087070737e-04 6.7604363991e-04 7.9400324882e-04 8.3201327458e-04 9.8444183911e-04 -1.8658848495e-04 2.3225794524e-05 4.5459834277e-04 8.1892818528e-04 6.9295991088e-05 -8.0770998978e-04 1.3491324119e-04 -1.9106808785e-03 -5.2067799652e-04 1.1382535388e-03 -2.7208579218e-04 7.5728074563e-04 1.8333274583e-03 4.5203337468e-04 1.7003391557e-05 6.2377930604e-04 -2.7566028510e-04 4.0419516101e-04 1.0077887126e-03
2.7189724887e-04 -2.6675993784e-04 5.2580784795e-04 -4.2275357758e-04 -2.0829660810e-04 -1.0858411997e-05 5.7658784956e-04 9.3315196802e-05 -8.1148306300e-04 -6.5085512518e-04 1.7670075144e-04 -1.0445220032e-03 2.2753346918e-04 1.2559045178e-03 6.0242169517e-04 -1.1525603524e-04 1.6933316715e-04 -5.2695805351e-04 3.3298158090e-04 -4.0067593720e-04 3.2555462578e-04 -9.7879218045e-04 -3.4883858745e-04 5.8946005111e-04 -7.7165866948e-04 4.7967668408e-04 2.3604322694e-04 4.7111842566e-04 -1.0261869202e-03 -7.9466512039e-04 -9.0139763052e-04 -6.4108484050e-04 3.1444733992e-04 6.4045568030e-04 3.3333152623e-04 -2.9628408305e-04 1.2445810185e-04 1.3057776679e-03 8.8633503639e-05 -1.3080524473e-04 -4.1164017757e-04 -2.2822414949e-05 -1.0253070491e-03 -1.7555690722e-04 -8.1959167561e-05 3.8663669170e-04 3.6616701226e-04 -6.8965142058e-04 -3.7230861093e-04 1.0594621360e-03 -5.2427053410e-04 -1.3275091570e-04 -5.1752569518e-05 -8.2811872084e-04 1.5776344698e-04 1.2200791101e-03 -2.9928624397e-04
-3.9139280801e-02 1.1875637668e-02 8.6221201422e-02 -7.7450627151e-02 -4.2918026096e-02 1.2620260173e-02 6.1797515351e-02 -2.1840669983e-02 2.0406469431e-02 -1.1946788653e-01 -4.0869392848e-02 3.4196735281e-02 5.7250514468e-02 -1.1490622976e-01 5.8725471051e-02 -6.6407511804e-02 -3.0442836410e-03 -7.3115770264e-02 1.2412493852e-01 1.8307863737e-02 6.4265180092e-02 2.4684409468e-03 -1.5766599154e-03 -6.0006429484e-03 -2.8888021214e-01 5.5029953528e-02 -1.8678361126e-02 -1.2218238207e-01 5.4749489171e-02 2.9532420476e-01 2.7626702526e-02 3.4032261716e-02 -8.7339950582e-02 7.1057900286e-02 -8.2159636579e-02 6.2840677298e-02 -2.7630189550e-02 7.6148118738e-03 -4.4143205040e-02 -2.4496734502e-02 5.5083262515e-02 1.0536461499e-02 -2.2117897536e-02 -4.1529798629e-02 -1.6720718407e-02 -2.1988112137e-03 1.1004459807e-01 2.1499851406e-01 2.7381557923e-03 -1.1454037534e-02 -5.4277196204e-02 1.5880690855e-02 -3.0612389632e-02 9.8197021598e-02 8.6035973617e-02 9.9429279202e-03 1.3072649458e-03
-2.0812029732e-02 -6.3753886083e-02 -6.5982629057e-02 2.5921502723e-02 5.1731711619e-02 5.7952468039e-02 -1.0739567407e-01 4.6913023856e-02 -1.8570050679e-02 3.8307532698e-02 -2.0206994791e-02 1.0560903365e-02 -8.3849030445e-02 7.7209477773e-02 -4.3260773380e-03 -8.5011649574e-02 -3.4740692850e-02 -5.7534299945e-02 -6.6964323600e-02 5.5784604306e-02 -9.9026826278e-02 3.9718243109e-02 1.1719192978e-02 1.3335889774e-02 2.7151594459e-02 -4.7081706991e-03 -1.6505034023e-02 -5.2000072897e-03 -1.2881452049e-02 -4.8288391803e-02 5.2469899797e-02 -3.3770827913e-03 8.3430791305e-02 -2.1893680525e-02 4.1286340975e-02 -5.7519046357e-02 -3.9105129744e-02 -2.3869012160e-03 -3.5289337118e-02 3.7017671208e-02 1.6609263881e-02 -6.9784134327e-02 -2.5871767574e-02 -2.8748089807e-03 -1.7114718139e-02 -3.1235891563e-02 -4.2341568663e-02 -3.4672172574e-02 1.8145645848e-02 2.9122362547e-02 6.2299259210e-02 -2.4717726967e-02 -2.9043612363e-02 -7.9579234181e-02 8.3250288831e-02 2.8917486128e-02 -7.4136732190e-02
1.0263733865e-03 3.6486235929e-04 4.7126031628e-04 6.3317838336e-04 4.8598169487e-05 -7.5021700529e-04 2.7807075532e-04 4.4259883532e-05 -3.5995486577e-04 -4.9186572590e-04 1.2740217780e-03 -4.4318903693e-04 -9.7388781980e-04 8.6159731167e-04 3.8632583049e-04 -1.0611346805e-03 -2.8541880789e-04 6.0430384656e-04 3.9430142563e-04 -4.4486798833e-04 -1.3254629974e-03 4.4711496289e-04 3.4835822844e-04 1.1608500704e-04 1.3294956267e-03 -7.5542662939e-04 3.5238828416e-05 5.4296664512e-04 -4.5132286033e-04 -3.4139562088e-04 -5.2934641769e-04 -6.0065692080e-04 -4.7438173073e-04 3.9880906253e-04 1.1177348760e-03 -6.4857123852e-04 -6.9053139817e-04 3.5965047260e-04 5.5302385701e-04 -1.2201143648e-03 4.3649046860e-04 -2.6057429373e-05 4.5241040822e-04 5.2317003683e-04 4.8663678136e-05 4.6789799273e-04 9.3614884632e-04 3.0952256254e-04 -1.0451623418e-03 2.4003137850e-04 6.2613941156e-04 5.1841191200e-04 4.8518225550e-04 1.6986716969e-05 -1.2510174896e-03 7.4170449107e-04 5.1455592517e-04
-2.8009412802e-03 -5.7821120845e-02 4.1935032238e-02 -8.2267923036e-03 1.4220671129e-01 3.9310372130e-02 8.4397056920e-02 -1.2259773982e-02 4.3461897173e-02 -2.0109816266e-02 2.8850382204e-02 8.6459331641e-02 -2.6721342704e-02 4.1039380418e-02 -5.3895990769e-03 -2.0185269189e-01 3.3563445995e-02 3.4295504717e-02 2.4571442492e-02 5.3333934198e-03 -1.8912016576e-02 -4.2604761400e-03 5.4941981202e-02 -1.5762879556e-02 -1.2215947304e-02 5.8952854942e-02 3.9706073461e-02 -6.4834991250e-02 1.3390476611e-02 4.8230058817e-02 -7.9626462490e-02 8.5307400859e-03 2.0279012996e-02 -4.7718875550e-02 2.5755074974e-02 8.0567481680e-02 -5.3532120218e-03 7.0205476986e-02 2.7950660981e-02 4.2286849247e-02 1.1033232198e-02 1.8327010841e-02 -3.1386335767e-02 4.0380890907e-02 5.3492681871e-02 1.3208505717e-02 1.3944605186e-02 -2.4247549979e-02 3.2711207879e-03 5.3450818187e-03 -2.3635354042e-02 -9.1030648667e-03 -9.3887170554e-02 2.4326146457e-02 1.6715451130e-02 1.7996210812e-02 -2.1176191769e-02
7.6967080919e-02 -1.7523687565e-02 3.5107802955e-02 9.8898824238e-03 4.1069870578e-03 5.8925893137e-02 1.9086709420e-02 -3.0689507302e-03 -3.7525930661e-02 -2.7342843721e-02 -6.8938557340e-03 4.2976063391e-02 7.2017248507e-02 -3.6312587574e-02 4.0263519018e-02 5.8508838019e-02 8.3106955126e-02 -1.2310362469e-02 -2.3476280320e-03 -7.9453089015e-02 -3.2843688084e-02 -4.8722920737e-03 -2.6372812148e-02 -1.0627165140e-01 7.8501962347e-03 -3.0740998248e-02 6.4866803236e-02 -2.4179905367e-02 -2.8777543025e-04 9.3229839373e-03 1.4994676642e-02 -1.3543691740e-01 -1.3316492030e-02 -1.3336639968e-01 4.1270747082e-02 3.4277692805e-02 -2.8596396389e-02 9.6494349128e-02 1.6147652366e-02 5.6998730315e-03 9.6645428396e-02 3.2603099402e-02 5.4159628064e-03 1.6310922812e-02 -7.9590703726e-02 -4.3214045779e-02 -3.2965434647e-02 -5.0613190300e-02 -3.3022936620e-02 3.3303052324e-02 -4.6490888144e-02 4.6375077247e-02 1.3435481316e-02 -2.5985763489e-02 3.0866590374e-02 1.3242739915e-03 -4.6018941220e-02
-4.0973210798e-03 -1.5074269879e-02 -1.8633920056e-03 1.1546178713e-02 -1.5750574705e-02 -1.4425940997e-02 -1.3301608577e-02 -2.6644423855e-02 -1.5414020214e-02 1.3528480847e-02 -2.3696398176e-02 2.4614660223e-02 -1.6283499246e-02 1.2745243400e-02 -2.9579823930e-02 -8.1220327211e-03 -1.8305154925e-02 1.8048631431e-02 -1.4085311408e-03 -1.7361600611e-02 2.9411660394e-02 -4.5930896931e-03 2.2622295959e-02 -1.2485072010e-02 1.6242849163e-02 -1.0381307893e-02 -5.4642656577e-03 -1.6896816042e-02 2.6537410816e-02 3.2822573480e-02 -1.4712246951e-02 2.3733689400e-02 -7.9001480399e-04 -9.0623258982e-04 -1.2932618194e-02 7.0930943303e-03 3.7374949743e-02 1.1432984543e-02 -2.2528524039e-02 -1.1884748445e-02 1.4228330264e-02 4.9143837801e-03 1.5778597267e-02 1.5707731900e-02 -2.5507812078e-02 -2.1176497313e-02 5.7282446135e-04 8.8389081169e-03 -1.0623443840e-02 -1.9170859666e-02 2.1871152757e-02 5.8899811898e-03 5.3160968718e-03 1.5757767920e-02 9.0283074976e-03 1.4997449314e-02 -1.1560660839e-02
2.4761784044e-04 1.0455399826e-03 3.0127283641e-04 5.5668866898e-04 2.9671418218e-04 -9.1885553443e-05 -2.8360893920e-05 8.8216049902e-04 1.1608105997e-04 -1.7537610919e-04 -2.1544427306e-04 9.4910413898e-04 8.6004825338e-04 1.6162471884e-03 2.7835948756e-04 4.8981560382e-04 -2.0722240009e-04 -1.3714407119e-03 6.2823863690e-06 -2.3161000783e-04 6.0918610916e-04 1.8349741700e-04 -6.8661507409e-05 -9.4247310189e-04 -9.4362185389e-05 4.4825040253e-04 -6.0383375078e-04 2.3135397562e-04 -1.0860589582e-03 -2.6231117747e-04 -2.9084734759e-04 7.2122757469e-04 -9.1747808692e-05 5.0900167781e-05 -8.8411623989e-04 2.9202046431e-04 -1.9815008276e-04 1.1132701854e-03 -1.1997897517e-03 2.2919977547e-04 9.0584051749e-04 3.5022964711e-04 5.1907695709e-04 7.5106176188e-04 2.1416722431e-04 8.0367002844e-04 -1.0519101464e-04 -1.4130647212e-04 -2.6856571700e-04 -2.4087688546e-04 -2.9863798760e-04 2.8571143880e-04 -1.2625069103e-03 -1.4826370975e-04 1.7879377936e-04 4.9146483333e-04 5.2773575558e-05
2.5222786054e-02 2.2247734959e-03 5.5651710811e-02 -1.6993292233e-01 -2.9415337497e-02 9.6521788858e-02 1.8552432017e-02 7.2360142783e-03 6.8273486823e-03 2.0230548361e-03 3.0207602443e-02 4.0650397840e-02 -2.6552431187e-02 -7.2948252323e-02 1.6712579391e-02 -7.3668031966e-02 -2.0605146591e-02 4.4502577501e-02 1.4241579944e-02 4.1143444527e-02 7.6793793070e-03 -9.3850184915e-02 -3.0354909437e-03 5.2050281972e-02 9.0894795774e-02 -5.7739144359e-02 -2.0382558862e-02 -2.9350494327e-02 -3.7768555309e-02 -5.9386483479e-02 3.0341728198e-02 -3.9466961683e-02 -5.0074742426e-03 5.8008066746e-02 3.5356413767e-02 -8.2991433814e-02 -7.6977400242e-03 -2.2658925815e-02 1.8657858015e-02 -4.2501080821e-02 7.5025966811e-04 -7.2775891717e-02 5.1612010384e-02 -2.5591593195e-02 -3.3953123138e-03 4.5896465149e-02 -4.4614167309e-02 -3.0526895635e-02 3.5163050947e-02 5.1982760520e-02 -4.4981013769e-02 3.7431132295e-02 -4.8638458853e-02 -1.8214939063e-02 4.1523017051e-02 -3.3977139207e-02 -2.3360927422e-02
3.5152314311e-02 -4.7630579299e-02 -1.4309769890e-01 -3.7007957770e-02 -9.4887432825e-03 3.0946238606e-02 9.7454785051e-03 -2.5900713890e-02 1.5271225097e-02 5.6912115946e-03 -2.3864885200e-02 -4.8179864903e-02 1.4933317298e-02 -6.2823384146e-02 -1.1475225939e-02 -2.5147809083e-02 -5.8152031509e-02 1.5380745465e-03 -2.5229104929e-02 6.4512545186e-02 -1.2078981695e-02 -8.4791372477e-03 -8.0120350694e-03 4.0074283640e-02 -1.5316857786e-02 1.4552914418e-02 -3.2048785083e-02 -6.7938349576e-02 -7.8221041217e-02 6.1218327596e-02 5.3129054297e-02 -1.1905404323e-02 -2.3933975427e-02 -2.9755710335e-02 3.3072560159e-02 -2.5867244387e-02 1.1987873487e-01 -3.4415000496e-02 -5.3338210034e-03 5.4430938770e-02 -1.9672559373e-01 4.3187265021e-02 -4.8487646608e-02 -4.0412969359e-03 1.3161988384e-02 -1.6183816972e-02 6.0025553702e-02 6.6695045164e-02 -3.3552015493e-02 -8.8896323804e-02 -5.9547899100e-02 -6.0832057166e-03 -1.3724050369e-01 -1.5652395781e-02 -4.8664825052e-02 1.8026643580e-02 -5.0500729971e-02
2.1446798320e-02 4.0669835334e-02 8.2274919092e-02 3.7766522936e-02 2.4655381626e-03 3.4755552065e-03 -1.8484487023e-02 1.0447170714e-02 4.9820314707e-02 9.5338252809e-02 4.2241678581e-03 8.0926473449e-03 3.7525864265e-02 -1.2571277752e-02 6.4835710702e-03 -6.1906049414e-02 -3.8441524028e-02 -4.3619895553e-02 2.4289181011e-02 -4.9297938727e-03 1.9044031604e-02 -7.5383682900e-02 7.6252517385e-02 -1.6545578259e-03 -1.6982978578e-02 5.2652211221e-02 5.1470198085e-02 1.2554535386e-02 3.4812255669e-02 1.1444337519e-01 9.6246629089e-03 6.2392299464e-02 7.7426433812e-02 -1.8021847723e-02 -6.0092187988e-02 5.9891489504e-03 1.2599456917e-02 -1.1408718439e-01 5.1861364337e-02 -1.7216601245e-03 -2.2329712197e-01 1.1739199096e-01 3.9163752107e-02 3.0178166573e-02 -3.8087396656e-02 1.8952382596e-03 -2.8399695331e-02 2.5989740881e-02 4.4859983736e-02 7.7924659470e-02 8.1729063030e-02 7.8283838765e-02 2.3786627504e-02 -4.9119403755e-02 -1.6655021075e-02 3.9611470934e-03 -2.9247739118e-02
7.9733061504e-04 7.4089306617e-04 8.3446500032e-04 3.1699537418e-04 7.0758018651e-04 1.2387693917e-03 -3.3703514822e-04 -8.5742059184e-04 -4.7311909994e-04 -9.0894054623e-04 8.4690526058e-05 7.0927908879e-04 1.1984352498e-04 1.0164319480e-06 -3.9180124327e-04 7.0993685418e-04 -1.9608580819e-06 -1.0126927113e-03 -1.3220796037e-04 -5.3904103052e-04 2.6436906017e-05 -7.3618544960e-04 3.1268179603e-05 4.8018717504e-04 -6.1661647181e-04 -6.6566832754e-04 1.2826912172e-04 1.3888629775e-03 -9.3892211297e-05 -5.5611093526e-04 5.9117114164e-04 9.7382333293e-04 -4.5797526875e-05 1.4503513497e-03 -4.7454748687e-04 -3.7479089040e-04 5.1238523962e-04 -1.1617248863e-03 -1.0200362791e-04 9.1373220334e-04 4.6545559199e-04 1.6980349032e-03 -6.3601531965e-05 9.8380534334e-04 -4.8482336615e-04 -5.7273143173e-04 4.6209467894e-05 -5.9357698122e-04 2.3070199335e-05 -6.6868446953e-05 -7.3741349530e-04 -1.1366488812e-03 -6.3236701811e-04 9.5021941903e-04 -6.3354466713e-04 -1.7912709057e-04 1.1304588916e-03
-4.1607086292e-02 -1.7627967817e-02 -5.7767740422e-02 1.1450437542e-02 5.6166463492e-02 6.1856052110e-02 -1.2917464957e-02 2.9014576005e-02 -6.2013174506e-02 3.6420673946e-02 -5.1261202197e-03 -9.0485475555e-03 -8.5075721603e-02 2.2685003713e-02 2.6300136374e-02 -1.1598951771e-01 -1.6768831329e-03 -1.1767284560e-02 -3.1047947640e-02 7.1873030509e-02 -7.4589333461e-02 3.1715260099e-02 4.9527425478e-02 1.7699318919e-02 7.7069798208e-03 -6.8222552832e-02 3.4443993254e-02 1.7181130829e-02 1.1824512065e-01 1.3237741297e-01 -1.4701179795e-01 -9.7833357900e-03 4.0888469814e-03 2.5476651660e-02 6.7563617542e-02 -1.7503394755e-02 -6.5904861478e-03 -2.8025382425e-03 2.4770883092e-03 9.5891481901e-02 5.6152402785e-03 -4.1803175830e-02 1.9728371700e-03 -4.5171863160e-03 -1.1036312235e-01 6.6841813342e-02 -5.1982852252e-03 -6.4408003785e-02 4.5125526429e-02 7.4641526911e-02 4.4070393148e-02 5.2399523195e-02 -5.8986801711e-02 2.7953591285e-02 6.2234475077e-02 -5.1632474121e-03 -5.3371002718e-02
2.9821056880e-04 6.4445343646e-04 -5.6430717809e-04 -1.0457390345e-03 -4.9347452892e-04 -5.3307380709e-04 -1.0434972065e-03 -5.8321758352e-04 -2.8828506148e-04 -4.7720649602e-04 5.3004827193e-04 -5.8426373933e-06 3.6938403619e-04 -3.6265996698e-04 -6.6184325109e-05 -4.7043374231e-04 3.0915436521e-04 3.7635113196e-04 2.4444073531e-04 1.3044883192e-03 5.6111527135e-04 -3.2771801707e-04 -2.7885404094e-04 -2.4084807252e-04 7.0442101613e-04 -4.8764587208e-04 -7.4294699286e-04 6.4621373439e-05 -3.5044952438e-04 -1.4774437028e-04 -2.8366523938e-05 7.1542103186e-04 -4.1787589163e-04 -2.9018407008e-05 -1.3103232043e-03 -9.5545212683e-04 3.8722058668e-04 7.3500355753e-05 1.6164677630e-04 -4.6473988088e-04 -5.0626873850e-05 3.0528144005e-04 2.8400205960e-04 -8.8721063095e-04 -4.1833258571e-04 -6.0988611117e-04 9.6776726345e-04 -1.1531332348e-03 -3.7542598026e-05 -3.1881099855e-05 1.0615725914e-03 -9.3309372178e-06 1.1883474820e-04 -2.2826373126e-04 -6.7885416624e-04 -5.4612869020e-04 -2.0796027065e-04
5.0379750716e-03 -5.6943633785e-03 -1.4463585124e-02 -8.5261116938e-03 -5.7232143751e-03 -8.8319420839e-03 3.1115671147e-02 4.5274991106e-03 6.8514666122e-03 2.4587103076e-02 -1.1369557530e-02 9.0725145704e-02 -9.1100912381e-04 -2.7368416000e-02 1.2153191396e-01 1.1377388880e-02 5.6330926371e-02 1.8514009741e-02 -3.3710998467e-02 1.0310572014e-01 2.3065518232e-02 1.2374989059e-02 2.4014556890e-02 -1.6858318994e-02 1.7934447403e-02 -2.6088503374e-02 -3.2442933667e-01 -4.4243985682e-02 9.5191851258e-04 2.9805358452e-01 8.6332324851e-06 -2.1791381941e-02 2.5848272152e-02 1.0857585141e-02 9.9926334057e-02 3.8705777696e-02 -6.7961254888e-03 2.3998511424e-02 -1.8173501559e-02 1.1775699484e-03 -6.0119377285e-03 1.6297848892e-02 1.1268539145e-02 3.7111852521e-02 -1.0322205253e-03 -2.5342991293e-02 -1.4003705525e-02 -3.8623457428e-01 -5.2403379005e-03 -8.1420675276e-02 5.7966138133e-03 3.3010562986e-02 4.6573240475e-02 -4.2369838185e-02 -3.1847674192e-02 -4.5216538579e-02 -2.6525393799e-02
-5.8402361247e-02 -2.4080544491e-02 -9.1249286416e-03 9.6070288652e-02 -2.2139071733e-02 7.5659527775e-02 4.7148532812e-02 2.2178734545e-02 2.0218883874e-04 5.3904135816e-02 -6.7684700654e-02 1.9003100975e-01 7.7402873136e-02 -7.1784342415e-02 5.9104685902e-03 -1.0086970018e-02 -5.3675003368e-02 -3.3372756118e-02 -1.3474718402e-02 2.9991482830e-02 -9.4035713149e-03 -2.2131216124e-02 4.8963021517e-02 -9.0533022410e-03 -3.5396827461e-02 -5.8220824058e-02 -2.1742518458e-03 2.9989333754e-02 2.7347238805e-02 -4.1157258296e-01 6.9635552234e-03 -3.3850125051e-02 -2.2333805278e-03 -5.4079814446e-02 4.8908394788e-02 1.9741500849e-02 -2.4101978746e-02 -7.2930077531e-02 3.5725776011e-02 -1.7343333833e-02 1.0866769131e-01 -8.2682715296e-02 4.2431854082e-03 -2.6024855104e-02 3.4935774360e-02 3.2134381277e-02 -8.8894669093e-03 1.2876913534e-01 -6.1274719763e-02 -2.3566963315e-02 -2.0185991122e-02 -4.8706837216e-02 7.2577466094e-02 -1.9369427501e-02 -3.6557997236e-02 -1.3970237738e-03 2.5520024713e-02
-2.0402101400e-04 -3.9369080055e-04 2.3608218504e-04 7.4997784008e-04 6.0479309522e-04 -5.3290620984e-04 1.8082249253e-03 -5.8084895504e-04 7.8076800162e-04 -6.8734018710e-05 3.2612924002e-05 6.2208503496e-04 8.4665222172e-04 7.8953303688e-04 -3.1930509171e-04 3.8205576564e-04 -7.9473335410e-04 -8.7181816087e-04 -2.5827232598e-04 1.9872090269e-04 2.0218395366e-04 -1.3091770839e-04 3.5400498690e-04 9.3695949155e-04 1.0301914517e-03 7.7771611668e-05 -8.4031779250e-04 6.6665445657e-04 6.9829014644e-05 -1.0278187172e-03 4.7504983179e-04 4.2062546539e-04 4.2353341509e-04 1.7293915112e-04 -2.4219733031e-04 -3.9063099752e-05 -5.3231529890e-04 8.3132662795e-04 -4.9142617132e-04 -9.9293896933e-04 3.4054208690e-04 -3.9941274641e-05 -3.7562606706e-04 -4.6860792589e-04 1.8162289029e-05 1.6680065226e-03 2.9139561979e-04 -6.5603166402e-04 -2.5936272001e-05 -6.0724195455e-04 3.1847277286e-04 2.8161088856e-04 7.2924251693e-05 -1.5772775052e-05 5.4189366251e-04 5.1129776202e-04 -2.6381537711e-04
2.0205306044e-02 8.3333683862e-03 2.0711812653e-02 -4.2407397159e-02 1.1169462312e-01 -6.4973212504e-02 3.6788659613e-02 -5.6462591004e-02 5.8982858489e-02 1.4753390093e-02 -5.1527953006e-02 7.0526502504e-02 2.0526579125e-02 -8.9225262978e-03 -7.1683959586e-02 4.1736420358e-02 -6.9956060333e-05 3.2680328589e-02 -4.5592481065e-02 1.8558359017e-02 -6.5102644965e-03 5.1302509246e-02 -4.4389750525e-02 -6.8479457131e-02 3.3632656409e-02 -8.8723076829e-02 5.9434856382e-03 1.0125796557e-01 8.2596870349e-03 -5.0109888538e-03 8.7203679550e-02 -1.5406584460e-02 2.1783524516e-02 2.3707289880e-02 9.8525109710e-02 2.1075996652e-02 5.9094920516e-02 5.4150142232e-03 -1.2813976514e-02 -1.4156965090e-03 -6.2901399491e-02 3.4521080035e-02 2.7508586625e-02 2.4298431976e-02 -3.1348177640e-03 -8.5738274238e-03 -9.9493364095e-03 -2.8439554503e-02 -6.2065158744e-02 5.0611911901e-02 -3.6935710647e-03 7.4605232546e-02 -4.6743098190e-02 -6.5429093729e-02 5.3091029455e-02 6.1809905587e-02 -2.2811145088e-02
5.1145051484e-02 6.7224104221e-03 -8.1591996589e-02 5.6380558269e-03 -2.2788758294e-03 -3.1430434192e-02 -7.2690021382e-03 -7.4165757506e-02 -3.2175011538e-02 1.6834038457e-02 2.0961753915e-02 -4.1877148296e-02 2.5763016187e-02 -1.6775793709e-02 -1.0281534651e-01 6.2760909536e-04 -5.2238583621e-02 -3.0592441500e-02 -3.7816967312e-03 8.4530480220e-02 -6.4337976424e-03 4.3082278705e-02 4.0183867091e-02 3.7591102374e-03 3.5199087707e-02 -7.2476423345e-03 1.0787493874e-01 -1.0009748670e-02 1.0949016052e-03 1.1455888215e-01 -3.5046227054e-02 4.1783469553e-02 1.8457787797e-02 -6.0142532803e-02 3.3040972301e-02 -1.2062731730e-02 -6.3244932329e-02 1.7815726199e-02 8.4367732654e-02 8.7328812943e-02 8.2367040127e-02 -7.2242880554e-02 4.7406889884e-02 -1.3133978835e-02 1.8664185131e-03 1.4383833942e-02 4.3578276748e-02 -9.5000852764e-02 3.0398720725e-02 7.9811710009e-02 -7.8274996203e-02 4.5395219132e-02 2.1359037723e-02 1.0432782989e-04 8.7782494645e-02 1.5030232618e-02 8.8142509987e-02
-2.6725480820e-04 1.3409430347e-04 -4.0385717419e-04 -1.6652787731e-04 -3.0015002787e-04 -5.6807338138e-04 -8.5715805934e-04 -5.3155485213e-04 -1.1375270515e-04 3.0534065528e-04 -7.7921497626e-04 2.0581069556e-04 1.3189272579e-03 -7.1284901768e-04 -2.1172508318e-05 -4.5580686023e-04 -3.7829368252e-04 7.8875378343e-04 1.2622581564e-03 -1.0881830068e-03 -8.8122677867e-04 6.6983218458e-04 -8.9810054683e-04 -2.5431214605e-05 -2.0669627748e-05 -2.5389723555e-04 -3.9316391412e-04 -1.4280325814e-04 -1.1427178478e-03 -1.0105241641e-04 2.3515158727e-04 -3.6686949826e-04 8.9729514055e-04 6.6597967054e-05 1.0990439920e-04 -4.0845800976e-04 1.5615219669e-04 -2.6452802409e-04 -8.4932788413e-04 1.3342517033e-05 1.6899430944e-04 -3.2805048971e-04 -3.9456354652e-05 -1.1359431130e-03 1.1896399365e-03 2.4167512255e-04 -4.2744092768e-04 1.4739584929e-04 2.4794191124e-04 3.2636981953e-04 7.5591692166e-04 -1.5660115511e-04 1.8342263391e-04 1.5978562368e-04 -1.5911296545e-03 -8.4959305907e-05 -6.1641885806e-04
1.5167441894e-03 8.6763799222e-04 6.5963177408e-04 8.5716318556e-04 9.6404309340e-04 1.1570523080e-04 -9.6688619814e-05 7.5114685329e-04 -9.6034796464e-05 -1.2161256978e-04 4.9175014523e-04 -7.6722437294e-04 7.9387887303e-04 -5.5965670706e-04 -1.5990662700e-04 2.1787539268e-04 4.1113514991e-04 -1.2016126016e-03 -5.7233695550e-04 1.9784327285e-04 8.7925267078e-04 2.3551415584e-04 -6.2581924540e-04 -3.4292457876e-04 -6.8772746082e-04 6.4669530240e-04 5.1998541686e-05 2.0122286768e-04 -3.4778899512e-04 -8.6036643510e-04 4.9872158895e-04 1.7597829413e-04 -1.0460864158e-04 2.8727330988e-04 -3.0659349392e-04 9.1501711813e-04 1.7409891780e-04 -6.0655760382e-04 2.4175450253e-04 -1.0895794014e-03 1.4153482236e-04 9.6573938182e-04 3.9977591436e-04 5.3244303846e-05 2.6015110128e-04 -3.8747769261e-04 5.8528243898e-04 2.4676396944e-04 -1.7109947908e-03 -7.5108175671e-04 4.1126369549e-04 1.5348206133e-03 -4.6863460375e-05 -4.5218872688e-04 -1.6372351941e-04 -2.6388331932e-04 -1.6391417110e-04
-1.2526679887e-01 -1.0023808959e-02 -1.5044023696e-02 -4.0258475349e-03 7.4375201975e-02 1.6870232688e-02 3.2200723114e-02 -8.9986798645e-03 -3.5408851424e-02 2.8743116836e-02 -1.6291503806e-02 -1.0987540671e-03 -5.6680543178e-02 -1.2105387476e-01 2.1272197202e-02 4.7457330981e-03 -1.4251510938e-01 -2.1808395637e-02 1.5021803157e-02 -1.4278933671e-01 1.3438060977e-02 7.2065119425e-02 5.0191360203e-03 4.5224829225e-02 -4.7459565292e-02 2.7166137305e-02 -2.2866671242e-02 -1.3106185200e-03 -4.1316510022e-02 -9.7305723105e-03 -2.8488267830e-02 -1.1600276315e-02 3.9122455668e-02 4.4553719760e-03 4.7060897157e-03 -3.3925800025e-02 -3.7315456862e-02 -2.6374165441e-02 -5.9029300283e-02 4.7109124668e-02 -1.7654207988e-02 6.7958197882e-02 -4.1903423973e-03 -1.9731106161e-02 6.9149571601e-02 -4.5429626453e-02 -9.9667673292e-03 -2.8451651124e-02 2.9478031135e-02 9.9820474757e-02 9.2649756850e-02 2.4084494271e-02 1.1332898372e-01 2.8138984566e-02 -5.9553266001e-02 1.8699466602e-02 5.4000191358e-02
-1.1187367954e-04 -1.0572926781e-04 -4.9338489832e-04 1.1978433352e-03 -1.1077767544e-03 -3.1811292366e-04 2.2212998652e-04 -5.1565789482e-04 4.9818752251e-04 3.4026452101e-04 -1.2661817250e-03 -7.4815091756e-04 -5.7180741929e-04 -7.2629160927e-05 3.4370005304e-04 -5.8410188512e-04 1.0910340264e-03 -8.7412854327e-04 1.2688754250e-03 6.5132097480e-04 -2.8111075004e-04 -2.7485854601e-04 -3.2288941130e-04 -3.3789591275e-04 -4.9556294245e-04 -1.4460519822e-03 1.0886025753e-03 -2.8628410045e-05 -1.1100610616e-05 1.0041219707e-05 1.5590684999e-03 -8.9032107977e-05 1.1298429789e-04 -4.4587083873e-04 1.1680615266e-04 -1.5839462106e-04 -1.3245130649e-04 -1.0399530945e-03 4.8580563683e-04 8.4442707193e-04 6.2088829688e-04 -3.9336651240e-04 -7.0205510930e-04 -4.8227869455e-04 -1.1924241154e-03 3.0013348704e-04 -5.8742662403e-04 8.9866647914e-04 -3.9830477102e-04 -6.3414077961e-04 1.0316590793e-04 1.5446635122e-04 -3.4742357218e-05 4.8877226164e-04 -3.8150745885e-04 -6.9250010176e-04 5.6812713257e-04
-6.0666679280e-03 1.0082130577e-02 -8.1838789712e-03 -8.5810223732e-03 -6.5840325071e-03 1.0847299879e-02 -6.2643015006e-03 -7.9800840807e-03 -6.4439388871e-03 6.6195061625e-03 -1.0771081513e-02 -9.0349754934e-03 7.9940555457e-03 8.3334501721e-03 6.0103963111e-03 -8.2016861996e-03 -6.0879801558e-03 9.2200306547e-03 -1.0295984737e-02 7.7311312284e-03 4.0577772738e-03 2.2930072540e-03 9.0337086594e-03 7.1083221333e-03 -9.3264549291e-03 9.3662414128e-03 -7.6885141320e-03 -6.4357332806e-03 -6.3058834753e-03 -1.4172223881e-04 1.0672002083e-02 2.7908028221e-03 -5.9647222652e-03 -1.0165843251e-02 -8.6183500040e-03 7.4504124902e-03 7.3911659779e-03 5.2604853338e-03 -3.4045596727e-03 -9.4461278280e-03 -4.8684413428e-03 8.4684631006e-03 -7.9774851469e-03 -9.3614520495e-03 1.1753070603e-02 -7.9327689599e-03 7.7769169969e-03 -8.5183478549e-03 -7.2952662557e-03 -8.9439012072e-03 8.7880623712e-03 5.9841124921e-03 -1.0975532105e-02 6.4239923459e-03 -8.7991315838e-03 -8.5169765824e-03 -6.9522091609e-03
2.5768154593e-02 1.0604224758e-02 -1.6292607109e-02 1.1875908966e-01 1.0551265169e-01 -5.8119054475e-03 7.0345461035e-02 3.4530299960e-02 3.5572338981e-02 -9.4747143698e-03 4.3369365902e-03 -7.6288820077e-02 -5.1160163141e-02 -5.8650676339e-02 1.0356447836e-02 1.4974113357e-02 8.3873800231e-02 -3.6321450918e-03 2.9004854561e-02 -3.6032207333e-02 -2.6232118435e-02 -6.1654918381e-02 2.2715735102e-02 9.5522702613e-02 1.6416186541e-03 -1.0039479768e-01 1.2129324445e-01 1.8282417017e-02 -5.6366866663e-02 -1.8003092752e-01 -1.7246924938e-02 -1.3439131942e-02 -7.4310641531e-03 2.9494782746e-02 7.4135035044e-02 -5.0718597714e-02 -4.0200337299e-02 -4.2584306244e-02 7.5476269905e-03 4.3476416451e-02 -9.6300680133e-02 -2.0541277219e-02 -2.9406983375e-02 -4.1062002857e-03 -3.8972233177e-02 -7.2014603047e-02 -1.3305102393e-02 1.1630012444e-03 -9.9187697985e-03 -3.1385524064e-02 2.0235834327e-02 -4.0157307485e-02 -2.8545647357e-02 -2.0628192202e-02 -4.7428632536e-02 -2.7392632047e-02 2.8670851597e-02
2.9652955824e-04 5.0869251107e-04 -3.0122126609e-05 -8.0464827895e-05 1.0657241858e-04 -7.1969257670e-04 1.4319291603e-03 4.7357010079e-04 -2.4317361455e-04 -8.2645854132e-04 -9.9476362503e-04 1.2595746234e-03 -1.0140623220e-04 -2.2977763103e-04 3.4381322762e-04 7.6173388042e-04 2.6476806935e-04 -9.1177136880e-04 3.3469278282e-04 2.8459064705e-04 3.3327489454e-04 -2.3990871858e-04 -1.1308024091e-03 3.1985943643e-04 -2.9747243593e-04 9.9974414119e-05 4.6324787467e-04 6.6816517562e-04 -1.0442403626e-03 -1.2569730820e-04 -4.0535069072e-04 -5.0730223460e-04 4.6825295733e-05 3.2717207030e-04 -3.8006147887e-04 -5.5324193166e-05 -4.1669800231e-04 -1.1464109898e-03 2.9764555175e-04 5.4246539409e-04 5.3243027886e-04 8.4717451235e-04 -3.2618916229e-04 -2.7898268767e-04 -8.9817032228e-04 -2.1899804305e-06 -4.4588338060e-05 -2.4636635995e-04 3.7430793425e-04 -5.5021970848e-05 -2.1329091609e-04 6.0665885914e-04 1.6150566933e-03 8.9544553235e-05 -1.8587640785e-03 6.1318655264e-04 4.7778808243e-04
1.2724349014e-02 -2.8538274919e-02 -2.2816323723e-03 4.6856522187e-02 1.3196373909e-02 -2.5030427700e-02 7.6889647490e-02 -2.4696731079e-02 3.6616616969e-02 -1.1006341502e-01 2.6099774284e-03 -8.8297101372e-02 3.1912847891e-02 2.1026916138e-03 -1.6597577653e-02 2.0772412287e-02 -4.0594361044e-02 1.9093498326e-02 2.2961576837e-02 -4.5999664246e-02 4.4416077512e-03 -1.6200139026e-02 2.3992101646e-02 -3.6403837740e-02 -3.6601998157e-02 8.2605541001e-02 -1.6410707325e-02 -1.2644533057e-02 -2.4683912141e-01 6.5765653107e-02 -6.0005141547e-03 3.0826611985e-03 -7.8454895849e-03 2.4692720907e-02 -5.6215609928e-02 -2.8664882579e-02 -7.4059085165e-02 -1.6146285535e-02 1.5816521425e-02 -3.8727538735e-02 7.7932708102e-03 -4.0666779480e-02 3.2976421078e-02 1.3072287739e-02 3.5361668456e-02 1.2051789031e-01 -4.5748462713e-02 7.5533166984e-02 1.3005665888e-02 1.8359626287e-02 -5.6987106841e-02 2.7675709664e-02 7.2055564646e-02 -2.2907753622e-02 3.0744505214e-02 5.6207659867e-02 2.7714783243e-03
-3.4957601410e-02 -1.2329588860e-02 -1.2692738768e-01 8.6491511478e-03 -1.8310412147e-02 5.3925289679e-03 8.0723129907e-03 -2.2259387231e-04 1.1392270166e-02 -1.8713644397e-03 2.9747677693e-02 -1.2572796880e-02 -1.5448047716e-02 2.6757454353e-02 6.6186995536e-02 4.2601656262e-02 -5.8275124528e-02 -1.8403502623e-02 1.9606243937e-02 -1.0470804359e-01 -3.4981584535e-02 3.0297382086e-02 6.5488751369e-02 -7.9594827482e-02 -1.6274388521e-02 -1.7259618972e-02 -9.4913879643e-03 -5.2133994871e-03 1.1458403165e-01 -4.4901998661e-02 1.4940866589e-02 -7.1430563153e-03 2.0314675501e-02 5.4343584477e-02 8.8758816738e-02 5.2279321555e-02 -3.0786792012e-03 1.6531232862e-02 4.3573280933e-02 -4.2645268276e-02 -2.3186960806e-01 -2.3955709177e-02 1.0681332624e-01 1.1006805566e-02 -6.2376360873e-03 5.4660722773e-02 3.6997312680e-02 -1.8583424931e-01 4.7656591834e-02 -1.9476859294e-02 4.8694567466e-02 -8.0765815573e-03 7.4100022256e-02 -1.0302300625e-01 -4.9679403681e-02 -4.2935837854e-02 -1.1351715522e-01
4.4115634438e-04 8.1872923717e-04 -4.9286596044e-04 3.0355308021e-04 7.7751593761e-04 7.4960991039e-07 -1.2954553035e-03 4.3112159874e-04 1.0326133843e-04 -2.5451011486e-04 -1.0609495725e-04 1.3425147035e-03 4.8342527857e-04 2.2026596756e-04 -2.5008284748e-05 3.6031051952e-05 7.7030621130e-05 8.0233588701e-04 -3.9717888795e-04 -4.1787999116e-04 -4.8308441800e-05 -1.3185772370e-04 -3.5831820105e-04 1.0898613102e-04 -6.6303428355e-04 -1.1892906060e-03 2.1964538379e-04 1.0600453608e-04 -1.5721513065e-04 3.1737402957e-04 -2.0731938256e-04 2.0201010932e-04 -7.7579721768e-04 2.7394252161e-04 -4.9078394997e-05 6.3546828072e-04 -8.2129028791e-04 9.3881300559e-04 8.2210434281e-04 -1.4487459569e-04 1.3211799060e-04 3.4317425297e-04 2.8794421570e-04 -4.4084246815e-04 -8.6005282272e-05 1.1405443375e-03 -7.9196939980e-04 -2.1646557011e-04 -2.6355757032e-04 -4.1265354060e-04 8.0572725086e-04 5.1328275867e-04 -1.1646089513e-03 4.4760449095e-04 -1.4092369232e-04 7.2975262763e-04 -4.9130662479e-04
1.2109276240e-01 -1.7573109507e-02 -2.6648275601e-02 2.2121474150e-02 3.9570142302e-02 1.0452309961e-02 3.9314892057e-02 7.3377136055e-02 1.5316952869e-02 5.7102730094e-02 -5.7136354742e-02 3.8606866057e-02 5.3636563248e-02 7.4534183021e-02 -1.1017177613e-01 6.7335052097e-02 -1.0952132536e-04 4.4168985684e-03 4.8008033459e-03 -4.9843385211e-03 2.1070981534e-02 6.4092219626e-03 -3.6647447949e-02 1.0628484984e-02 -8.7650251565e-05 4.1078907239e-02 -4.1371960693e-02 -8.4327461890e-02 2.2349684123e-02 5.5316348793e-03 1.4209691242e-02 -5.1414544465e-02 -2.0114182226e-02 -2.2599759958e-02 4.1916199125e-02 -5.2177584083e-02 -3.9705197296e-02 6.7250410044e-03 -2.7653584846e-02 7.4908453891e-02 -4.8501720103e-02 2.1438840537e-02 5.3541396195e-02 -2.2727146485e-02 9.9614868879e-02 1.6950601438e-03 -1.2338122955e-01 2.7782117431e-02 4.2584142344e-02 -1.5455417895e-02 -1.6461333552e-02 5.2692444850e-02 3.0020348279e-02 4.2693269902e-02 -4.0542014634e-02 -4.3318493279e-02 -2.0844349385e-02
-9.7590045459e-02 4.5098263968e-03 -3.1637499100e-03 -5.6537487746e-02 2.0253481076e-02 -4.1386394843e-02 -3.6962647436e-03 4.0709538489e-03 5.8492597444e-03 -6.9903637486e-03 -1.9693597902e-01 3.9788847550e-02 -1.2054420852e-01 1.8615838669e-02 2.0789926104e-02 2.3654998681e-02 -8.5394584455e-03 8.4906604400e-02 3.8890522886e-03 -2.6045578819e-03 1.3848741786e-02 -1.6112713482e-02 2.1220994817e-02 -4.6776276771e-02 -1.3230010131e-02 8.7256714756e-02 8.8442086992e-03 2.7401053470e-02 8.4659225135e-03 8.7142425006e-02 -3.7944481556e-02 -3.3046264619e-02 -5.9677697737e-02 1.6661304296e-02 9.1081119944e-02 3.4268152563e-02 -3.4664167971e-02 -1.0146054562e-02 2.2736461071e-02 -1.6328528228e-02 1.0038764890e-01 1.7984556529e-02 2.6462416421e-02 -1.2968235982e-02 -5.1463227423e-02 -3.6364913435e-02 -1.3492452136e-02 4.1962325415e-02 2.9120639305e-02 1.6538346436e-02 -9.8204839741e-02 -9.8474863793e-02 -4.7233351436e-02 1.7142736187e-02 5.2640376755e-02 -2.9639746246e-02 -3.9147839245e-02
2.5282382537e-02 3.7443999647e-02 1.7494328328e-02 -6.3276886447e-03 1.8325315095e-02 -1.8755516528e-03 -3.9712627198e-02 -8.7392521972e-02 -9.7253187191e-04 3.0582721358e-02 -4.4939889190e-02 2.9357342596e-03 5.5324533711e-02 4.0580399709e-02 -1.1759511268e-02 -3.8989077938e-02 -1.3822622939e-02 3.5469496028e-02 -7.3542160442e-02 -1.7282389806e-02 6.9416515708e-03 1.5614512396e-02 5.1119117117e-02 -2.4270802201e-02 2.5267172664e-02 1.6303365780e-02 -2.2223323151e-02 7.5702722502e-02 -2.6822529475e-03 5.1579895816e-02 -5.1339744575e-02 -9.5379931871e-02 -1.9550990818e-02 3.5016098314e-02 -1.2880096068e-02 -2.9497479947e-02 5.3962604128e-03 -9.2717919948e-02 -1.2628454178e-02 8.2692585976e-02 6.5177630712e-02 2.5049569230e-02 -5.0715027369e-02 -1.6526261121e-02 -6.7693585723e-02 5.8089530435e-03 7.8962848094e-04 -6.5555570659e-03 8.6057061771e-02 3.6427305085e-02 1.4068814922e-02 -1.2520719574e-01 -1.4243845889e-02 1.0409669698e-01 6.8298845023e-03 2.3630456775e-02 -2.3231849321e-02
3.2889168813e-04 -8.4727999281e-04 -9.3058044914e-04 1.3217238404e-04 -1.8261970625e-04 2.5099782160e-04 3.5754874611e-04 -4.0304813771e-04 7.0285854029e-04 -1.1475599632e-03 -1.0100228333e-03 2.2263613492e-04 1.5866921161e-03 -8.2119372775e-04 3.5096944418e-04 1.9781939141e-04 1.6182943053e-03 1.0413214308e-04 -4.5539319242e-05 5.5247868818e-04 -2.1615070601e-04 1.1820147062e-03 -8.0126059140e-04 8.0116931043e-04 6.9856406156e-05 7.8629686078e-04 3.3155126988e-05 -1.8712668331e-04 -5.3477697259e-04 4.4387480624e-04 -8.2216099539e-06 8.7569127749e-05 -4.9754685254e-04 7.6907243825e-05 6.5847710729e-04 1.2026474670e-03 -2.6198951092e-04 1.2075399232e-03 1.4346756966e-04 -3.1319987382e-04 -1.0580368091e-03 1.0044374652e-03 7.1254761188e-04 2.9963256065e-04 -5.3903054829e-04 -8.9336818190e-04 3.5038623138e-05 -5.1040603623e-04 -7.4504735109e-05 -1.9050299216e-04 2.1394844361e-04 -6.0434405889e-04 4.5728211044e-04 8.4948971768e-04 -8.1387821633e-04 -5.0702019090e-05 -3.7295072207e-04
2.2143249250e-04 -3.7390973644e-04 -1.5872543856e-04 5.1720724489e-04 4.7699033551e-04 -5.7373703976e-04 1.1619305705e-05 -1.8476750312e-05 -4.9846987228e-04 -5.9932206752e-04 6.4534949339e-04 -6.5827128717e-04 -6.7670499367e-04 -2.4945310609e-04 7.0928586049e-04 9.0175002282e-04 5.6202587646e-04 -2.7335010672e-04 -2.7459279250e-04 1.0977497384e-03 -3.9895375602e-05 -3.1523310897e-04 8.5572005531e-04 -1.1033198099e-03 -8.2182429205e-04 2.3014527625e-04 5.3076710514e-04 4.8477152107e-04 2.7178764985e-05 1.2938608667e-04 4.9746620598e-05 7.6752117699e-05 4.1410395285e-05 6.0730921662e-04 9.9983349225e-05 -1.4102347588e-05 5.2046421384e-04 1.1060944353e-04 1.6411354700e-04 -3.1999018748e-04 -8.2912073945e-05 5.4087175566e-04 -5.8207124204e-04 -3.5341207079e-04 3.5398325975e-04 6.4013525148e-04 8.7033533592e-05 9.8214945086e-04 -6.7504586772e-04 -1.1775514707e-03 1.5421387180e-04 1.1172972272e-04 -6.7682437364e-04 6.4819786855e-04 1.2983157562e-04 -1.6463259187e-04 1.1793708884e-03
7.8401637870e-05 8.1880483486e-04 3.7958166223e-04 -5.3094885434e-04 -9.7453095466e-04 -8.5557539943e-04 -1.9547595854e-04 1.0036852958e-03 3.0524234687e-04 -8.2446591101e-04 2.4665915411e-04 1.1658516019e-03 8.0141668664e-04 6.2468864525e-04 9.8984725796e-04 -5.3516113000e-04 -7.4803058797e-04 -1.1043216579e-03 7.8559329156e-04 1.1989049866e-03 -9.8079172711e-05 3.9559156073e-05 2.9405856814e-04 8.1394940231e-04 -3.2217565723e-04 4.4172054573e-04 -3.3606022490e-04 2.8887330966e-04 -6.8660804065e-04 -8.7958515854e-04 -4.3054050933e-04 2.4190319070e-04 3.9594111225e-04 6.6292697976e-04 5.6083204237e-04 1.8657071849e-03 -1.1892726019e-03 -3.7473423188e-06 -8.5580692680e-05 -6.8229459686e-05 5.8960308637e-04 9.4700168196e-04 1.0318044153e-03 4.8668712302e-04 -5.8831066473e-04 9.4285598183e-04 4.9872673335e-04 1.3799338916e-03 -4.1269824793e-04 -6.2729465113e-04 7.2329928099e-04 2.1234237829e-04 -6.7514268283e-04 -6.8592983833e-04 2.1110982834e-04 1.0508951145e-03 -1.2064393600e-03
4.3385945215e-04 -7.4352042818e-04 3.2366121501e-04 -4.5992411822e-04 -1.6999668701e-04 1.1223389982e-04 8.5614972578e-05 2.8539106530e-04 -2.8514104876e-04 -2.0844838358e-04 1.0958244579e-03 1.1412829092e-03 3.3197404562e-04 -4.7465197609e-05 6.2608542868e-04 1.0576409030e-04 -1.1950658405e-03 -3.0761439684e-04 7.0723087869e-04 7.6545436395e-04 8.2620760595e-04 1.2666359958e-03 2.8363789995e-04 -6.4236737792e-04 -6.7785588686e-04 1.0626792859e-04 7.3493633725e-04 -2.1051024293e-05 -4.9026642022e-04 -1.0542606867e-03 1.1390550842e-03 -4.2878907932e-05 1.8692137171e-04 1.1738307176e-04 -2.4777868497e-04 3.0655189579e-04 6.9315230394e-04 2.9299816932e-04 -1.7990566637e-04 2.3774567655e-06 4.5614472859e-04 -9.4900873377e-04 1.4612346041e-04 2.1497048597e-04 1.7683717963e-04 -2.1397977203e-04 9.3798897320e-04 -3.3014500178e-04 -4.8074871991e-04 3.2199157510e-04 5.6774943908e-04 4.5910939572e-04 1.0493214334e-03 -8.6467399940e-04 3.7856459355e-04 -2.6831929331e-04 5.3746941124e-04
-6.4806801098e-03 2.3557183613e-03 -2.4876564028e-02 1.9311831556e-02 -3.8574569841e-02 4.2370786198e-02 -2.0711239871e-02 2.0563733947e-02 -2.1729464972e-03 5.5357976553e-03 -4.1206371188e-03 3.8106504017e-02 -9.9431441965e-03 -5.1073756483e-02 -1.7051493615e-02 1.7954054995e-03 9.5419094152e-02 -5.2218036741e-02 5.6210006128e-02 -8.1714401565e-02 7.9056344485e-03 1.0987456298e-02 -7.0623502088e-02 -5.2575374952e-02 9.0126339507e-02 8.5017273519e-02 6.6951321321e-02 5.4657613684e-02 1.2744263448e-02 1.1426947958e-01 2.0611459144e-02 -5.1491759069e-02 5.9207025742e-02 6.3370200760e-02 7.5621951430e-02 -3.1559866579e-02 1.9126533858e-02 2.9626124585e-02 6.2383509376e-02 2.6727773561e-02 7.6937886366e-02 1.5684860025e-03 -3.8576335216e-02 1.2793871574e-01 2.0508642163e-03 -2.4617991655e-02 4.1543103766e-02 6.4215893962e-02 9.2886943260e-03 -1.2730654168e-01 -1.0855504251e-02 4.8634685121e-02 -1.5583301504e-02 3.6514320214e-02 6.3915315112e-02 -1.2819660999e-02 -6.9907414932e-02
-3.7414230419e-02 3.0549305802e-02 4.9990617478e-02 4.5735086072e-02 2.3018409486e-02 4.7167724650e-02 -2.8448065856e-02 -7.9775509977e-02 -5.5002716460e-02 -1.9688746855e-02 6.2325958461e-02 5.9280708021e-02 1.5876169327e-02 3.5526517075e-02 1.5411709916e-02 -2.1852041332e-02 9.1012969306e-03 -8.8881230864e-02 -3.9467831232e-02 -1.4039789231e-02 -2.3547902397e-02 -1.3343716823e-02 -1.6611153738e-02 3.5235132828e-02 2.3829325479e-02 1.0018973730e-01 3.4395898973e-03 2.1408066390e-02 1.5231716267e-02 3.0557853972e-01 4.0037837800e-02 1.4269913491e-01 4.5893316602e-02 1.4605643261e-02 8.9083557995e-02 -1.0529965577e-02 7.3398813202e-02 2.1616311763e-01 -3.9196626023e-02 -5.5542125827e-02 -1.4133807987e-01 -7.0317146185e-02 3.1464821885e-02 -1.1841682184e-02 -5.2179116771e-02 2.2860205851e-03 -7.8157116016e-03 -6.4708842645e-02 2.0040387788e-02 -2.1511600658e-02 -1.2214559419e-01 7.0632285535e-03 3.0554351211e-02 2.9917035036e-02 -1.4768694433e-02 -1.6514842964e-02 1.0967900828e-02
2.1347282797e-04 -5.2492889448e-04 7.6564242253e-04 7.4824365820e-04 1.8283144584e-03 2.6131410130e-04 1.0991464644e-04 3.6813259435e-04 1.3725749524e-03 -6.1952809817e-04 2.4663213035e-04 2.6792700369e-05 -3.5866952533e-04 6.0782648528e-04 6.3991806641e-04 1.4632427887e-03 1.2773040780e-04 -1.8148443792e-04 5.5356477338e-04 7.3386299025e-04 -5.5433598607e-04 2.7906655713e-04 -3.1593236827e-04 -5.4500277756e-04 1.9201895089e-04 6.6868563289e-04 6.1723925002e-04 3.3611192288e-04 -6.6076075211e-04 1.3687375820e-04 3.8949242373e-04 -1.0243345699e-04 -5.3570198879e-04 5.4087289826e-04 -3.3617044439e-04 -4.8555425218e-04 9.7144187037e-04 9.1082009283e-04 6.4076824449e-04 -7.9717165816e-04 8.9751322737e-04 -4.9686704174e-04 5.4590515919e-04 1.0798801127e-03 3.3447205951e-04 6.8711972227e-04 -2.1166606098e-04 -3.7987483844e-04 5.3472390320e-04 -3.5410469368e-04 2.3383890388e-04 4.9696189895e-04 6.2681660456e-04 5.9292083059e-04 1.0027486935e-03 7.1169112962e-04 -1.0485629293e-04
7.9678072981e-04 9.7221213014e-04 4.5749999799e-04 1.4145435921e-04 -3.5748425510e-04 1.6526812589e-04 -5.3199145579e-04 3.8447591199e-04 -2.5919579493e-04 -8.2873423371e-04 5.0063629457e-04 2.7579399417e-04 -5.4688551458e-04 4.1399530963e-04 5.7274344306e-04 5.7443346229e-04 1.5189686408e-04 -5.5799685306e-05 -2.2489426272e-04 2.3014201377e-04 -2.4232797492e-05 -1.1568495563e-03 5.5333916897e-04 6.2620987845e-04 -4.7936240892e-04 2.8683825317e-04 -4.2526617616e-04 3.4224127406e-04 -9.0013100083e-04 3.4008335317e-04 -1.4890680239e-03 -9.1711262368e-04 -1.1608378876e-03 1.6787124464e-04 -1.2940943205e-04 6.9596583405e-04 4.2193960216e-04 8.3314203642e-04 -1.5104327102e-05 -3.4336869232e-04 7.1422804129e-04 5.3625650658e-04 -9.2636447992e-04 -7.0671603904e-04 -5.4217937874e-04 5.9532857390e-04 8.6827109417e-04 -3.9469819456e-04 -3.3194502212e-04 2.1037192625e-04 3.2452926441e-04 4.3567011487e-04 -5.9616873810e-05 -5.6847959104e-04 1.6736889010e-04 -1.2518993113e-03 -8.9605129239e-04
7.3466381427e-02 -2.9872734543e-02 5.9770053484e-02 -3.8978758061e-02 7.2968633302e-03 6.0818854568e-03 6.0231187772e-02 8.8473124843e-02 -6.7644820459e-02 5.8927441287e-03 2.7646999440e-02 -3.2091096592e-02 -1.1636809673e-01 1.1643674513e-01 -4.8108468799e-02 9.2481411885e-02 -5.7228569455e-02 -6.1030758376e-03 -1.2081323503e-03 1.0031484927e-03 -2.3269020087e-02 -5.9700225423e-02 -4.5036765621e-03 -5.0551800731e-02 -6.3494611408e-02 8.4219870212e-02 4.3547250115e-03 1.0691363399e-02 -1.1632819216e-03 4.5317523852e-03 1.7334791909e-01 4.5284810915e-03 1.9648584482e-02 -2.0599345228e-03 1.5073780246e-02 2.0660700500e-02 -2.5708210701e-02 -2.6532353977e-02 -2.2106491934e-02 3.8840747700e-02 1.0018159368e-01 -1.6455565602e-02 -2.6105453301e-02 -1.2335356876e-02 4.1929056864e-02 9.9596670581e-03 -7.3098942016e-03 -2.1254610537e-02 3.6963462237e-04 -1.2167789637e-02 -6.5129843302e-03 5.2378911122e-02 1.0979469606e-02 3.2642042027e-02 -7.5713768649e-03 2.3835525874e-02 1.0680876976e-02
1.2978469860e-02 -2.4937497461e-02 -6.2121430338e-02 1.8668854738e-02 6.0711740491e-02 8.7824191190e-03 3.3777060659e-02 1.6613773567e-02 2.7711653381e-02 -9.9072804960e-03 -5.0954500837e-02 -3.5228834776e-02 -1.6979622223e-02 -2.9928131460e-02 9.1325541772e-02 -6.9500069258e-02 -5.9816866220e-02 -1.4012174087e-02 -1.0277682584e-01 -4.2009050156e-02 6.6411622644e-02 -3.0771455663e-03 -7.9517840834e-02 4.0513530381e-03 7.6210936568e-03 7.7687377010e-02 2.9616164513e-02 -3.5983493547e-03 9.7113321423e-02 -1.8363293031e-03 1.3236879519e-02 4.0025091031e-02 -3.1052124408e-04 1.5420965059e-02 8.7200839501e-02 -1.2789498423e-02 -7.0829778355e-03 -6.1448093750e-02 3.7758752109e-02 6.2592582485e-02 -6.3347389884e-02 -5.4762614330e-02 1.4894492784e-01 1.1712629671e-02 3.3125958942e-02 4.0881856918e-04 2.5420748674e-02 -1.0012008107e-02 -1.4711004267e-03 3.3175797831e-02 3.0538469345e-02 -4.8113402038e-02 -3.3798933853e-02 -1.2511601589e-02 2.3981200842e-02 -3.4694682845e-02 -6.5213453459e-02
7.8611145904e-05 2.0645248919e-04 -5.6583143128e-05 3.8815923861e-04 4.4695404875e-04 1.2310691526e-04 -6.1942983938e-04 -4.2251762191e-04 2.7331508422e-04 -6.0695588358e-04 -1.1444425999e-03 5.2362149193e-04 3.8564632974e-04 1.7046614363e-04 -9.8980227190e-04 5.0515663171e-04 5.6030397116e-04 1.4695346670e-05 -1.7110939571e-03 3.5402579234e-04 6.0952190850e-05 -8.7120287170e-05 6.2166080121e-04 -3.7164223749e-04 -8.1837237210e-04 -1.6526615620e-04 6.7838754345e-04 5.4063399092e-04 5.3293715554e-04 7.7730899552e-04 4.5827391421e-04 7.3009443548e-04 -3.0685856223e-05 9.2484744254e-04 4.2743816989e-04 9.8029885433e-04 -5.6834447834e-04 1.6940405092e-04 -4.8183000954e-04 9.0430543763e-04 2.0048415030e-03 1.1453389296e-04 -3.4744801945e-04 3.4138483247e-04 -1.1367443200e-04 3.2976987374e-04 5.6632245076e-05 -6.1672600918e-04 -1.1354077533e-03 9.1575767910e-04 -5.2732408145e-04 2.7668425806e-04 7.9675117681e-04 9.1700024753e-04 -6.4257221056e-04 3.8073069683e-04 1.9431398903e-03
3.8206290952e-04 -2.0874412790e-04 -3.9719913558e-05 -1.3104516229e-03 -5.7274536040e-04 9.5425392368e-05 -1.7379951151e-04 -4.2088392706e-04 1.0602358193e-03 -8.3102097185e-05 1.1943690786e-04 -5.1587586246e-04 -5.8535867209e-04 -4.6673359996e-04 -6.4963090961e-04 5.1640218394e-04 7.7887518128e-04 1.6658146231e-04 8.1554780081e-04 -9.9811078241e-04 1.1895049953e-03 -6.9771737399e-04 1.5030296734e-04 2.8253703455e-04 -4.3543077670e-04 -1.8094890540e-04 -5.0974752768e-04 8.8943167796e-04 8.2324694986e-04 -1.1092620332e-03 5.5882875765e-04 -3.2731424928e-04 -1.4459075027e-04 6.1132825887e-04 3.6951152272e-04 -1.0643219078e-04 1.0950619095e-03 2.0453852643e-04 -7.0361068061e-05 -1.5245880330e-04 2.4795561000e-04 -4.1991562313e-04 7.2383232790e-04 -3.6586810328e-04 -5.7606825886e-04 -9.7910506671e-04 -1.0781021773e-04 5.8577654644e-04 3.0333784307e-04 8.9942537141e-04 -6.1095787651e-04 -2.8777232036e-04 1.1433403961e-03 -9.7395118243e-04 -1.2413585150e-04 6.3640023804e-04 2.1503635744e-04
9.3928418112e-04 6.6601608402e-04 -5.7207578728e-04 -2.0052154322e-05 4.5225416986e-05 -2.7540395124e-04 -4.0437971272e-04 -2.5613547657e-04 -3.3600262827e-04 -5.6226478949e-04 -5.4319862492e-04 3.2369088862e-05 -8.2916875407e-05 1.2246397789e-03 5.6485238596e-04 -9.9845672789e-05 5.7676954394e-04 -1.2685297725e-03 -7.5512952020e-04 -1.9165905488e-05 -5.4632009759e-04 2.1836325568e-04 -1.1442556360e-03 -1.0594194734e-04 -4.0094575511e-04 6.7201817284e-05 -7.1881615392e-04 7.7491737800e-05 2.6373001101e-04 -1.2910130335e-03 5.1432100510e-04 -8.5475067401e-05 -2.3740469259e-04 4.6945808549e-04 2.1528302447e-04 -1.4161851311e-03 3.2907153292e-04 1.1500219354e-04 -4.0379516080e-04 4.2986191776e-04 -7.0666168428e-05 2.6033588995e-05 1.0367109731e-03 -3.5356000850e-04 -1.1886460350e-03 -1.8572271026e-04 -1.0392908012e-03 3.2884132983e-04 -4.2260167562e-05 -1.0242862745e-03 2.3190941575e-04 1.5380388969e-04 8.3444557254e-04 6.0936203941e-04 9.6504040150e-04 -3.4291443300e-04 1.8801066680e-04
-2.3817042844e-02 1.0284483428e-02 -3.0713354605e-02 6.6194907193e-02 -7.4988239253e-02 -5.2536811726e-02 2.6923251288e-02 -5.6666426581e-02 4.6028710555e-02 -1.5038010027e-02 4.9998194857e-02 8.9011472024e-02 -9.6558868753e-03 7.2284192605e-02 -1.2828435737e-02 -1.1759066992e-01 -6.4681370558e-02 -2.8852852880e-02 -2.1885065879e-02 -7.8015229577e-03 2.7232151136e-02 -3.6348375723e-02 -2.1093199081e-02 7.6406964601e-02 -3.3393242207e-02 -1.0353731702e-01 -5.0837087118e-02 3.2946862440e-02 1.9508710574e-02 6.2967082034e-03 1.9670773329e-02 2.0514528589e-02 -5.9583190931e-03 2.6670795194e-02 -5.5772987330e-02 -8.4075718789e-02 4.1809049447e-02 1.0206122591e-01 1.3843496634e-02 5.1821701834e-02 1.5751561214e-02 -8.5952574458e-03 6.5004862504e-02 8.3385433194e-02 -2.7491765421e-03 -5.4721248423e-02 1.1878340390e-02 -3.6513918282e-03 3.0312806048e-02 -4.7154421093e-02 3.7610485353e-02 6.4805831048e-02 -2.1152651795e-02 4.0621017982e-02 -4.5000689028e-02 4.0327063588e-02 -8.2457325579e-03
-4.1709947797e-02 -7.3369048119e-02 -1.7972893555e-02 3.7652896835e-02 -3.7705919976e-02 9.8483937540e-03 -2.7117254915e-02 3.9601660654e-03 5.6325830704e-02 3.7050613461e-02 3.7051421271e-02 -3.4549804806e-02 -7.2437347785e-02 -1.5870483235e-02 6.2153591650e-03 4.9002918261e-02 -2.4321591776e-02 5.0250200137e-02 -1.8809253684e-02 -7.3575264402e-02 1.0576394747e-01 -9.0455836865e-03 1.8468511832e-03 6.3095351841e-02 -1.9053197972e-02 1.2704131923e-02 6.5521232845e-02 -1.2291619021e-02 2.0314853973e-03 -1.6803593950e-01 -5.3735294231e-02 -4.4058625885e-02 7.3794210821e-04 -9.3181943297e-02 3.6731747808e-02 4.9667033233e-02 4.5971858493e-02 6.5099224139e-03 -1.2170948396e-01 -4.9750862109e-02 -3.6458171553e-02 -1.6226613505e-02 -1.0673219678e-02 2.0580268412e-02 -6.7852249208e-03 -3.8276858184e-02 -9.2410415412e-03 -7.7565059917e-02 -7.1020419197e-04 -7.1572664578e-03 -3.2951284143e-02 2.6802201935e-02 1.1864073907e-01 3.9761731930e-02 6.7935040748e-02 2.5404085957e-02 -6.1903748671e-02
-7.5377418009e-03 1.3238681852e-02 -7.2428188126e-03 1.0768388421e-02 8.5314302560e-03 8.4414715001e-03 5.4695954606e-03 -1.5091722345e-02 -8.6387616198e-03 1.1807411538e-02 6.2567421192e-03 1.5416819135e-02 9.4116453133e-03 -1.1489772969e-02 1.1266979639e-02 -3.2585724722e-03 5.3627657025e-03 -2.4500269855e-03 9.3811593123e-03 1.2372900901e-02 -6.4971042516e-03 -7.6143504648e-03 7.7127390196e-04 -3.7075354465e-03 4.3217107921e-03 -5.4070074692e-03 8.5036594296e-03 -1.3589290632e-02 -9.5184223314e-03 -1.5595710410e-03 6.0659048065e-03 -6.9326776960e-03 -1.2276185691e-02 1.0442836321e-02 -3.0659663580e-03 -8.6470563093e-03 4.3037710522e-03 -8.0305853502e-03 -7.9521100414e-03 7.3001765249e-03 1.4104683016e-02 9.5846258945e-03 -9.3657021918e-03 -8.6070300347e-03 1.0028403184e-02 -9.0658033455e-03 9.0985722222e-03 1.5187250500e-02 1.0194810606e-02 -2.1696580099e-04 -7.7440024097e-03 -6.1049346528e-03 1.1083783285e-02 1.3775607978e-02 -8.7217380371e-03 4.4541429251e-03 5.3352283703e-03
-6.1095813953e-02 3.3755243583e-02 4.2331872750e-03 -9.9443752201e-03 4.2063875624e-03 6.3036201417e-02 2.6779345253e-02 -3.2920590757e-02 -4.2404139749e-02 7.1770143389e-02 6.1814796922e-02 -1.3656251713e-03 -1.8486654236e-02 4.2638519225e-02 6.1551779356e-02 1.1127101058e-01 -2.5182592185e-02 7.9632771775e-02 2.8320936513e-03 -1.0505657095e-01 -8.9769904283e-02 3.2420043929e-02 -1.8906514182e-02 9.2144976431e-02 2.5076692578e-03 8.2498320666e-03 -1.8424734808e-02 -2.7202729580e-02 -1.6574155348e-02 -1.1701323377e-01 1.8102443287e-02 -9.3661272478e-03 5.5837682853e-02 -1.0758186401e-02 7.0417156013e-02 4.3849502554e-02 2.7172261403e-03 -2.6923743785e-02 8.1849094281e-02 7.7251902586e-02 -7.7350797226e-02 1.0500752622e-02 7.0484137428e-02 9.7449312470e-03 2.1271172926e-02 3.6619198450e-02 2.2347728120e-02 1.2760883434e-02 1.6697449810e-02 -1.0602105084e-02 -6.7394182554e-03 -3.7729543616e-02 -5.6384497325e-02 -4.6320234663e-02 -1.1674015806e-02 6.7669080406e-02 -2.1694156793e-02
7.9576933555e-02 -3.0929787192e-03 -6.8035844601e-02 -2.7558441164e-02 -9.5118238124e-03 1.0193636891e-02 -2.3786677521e-03 1.3607923351e-02 -6.5401536507e-03 5.5785228494e-02 -2.8114445663e-02 2.0231892070e-02 5.9269795391e-02 1.8447276399e-02 1.6312484680e-01 -6.6900261977e-02 4.0508835680e-02 8.7895564125e-03 -3.1593983334e-04 -7.1775722838e-02 2.1088572845e-02 4.4436053839e-02 4.5680607549e-02 -6.2029868181e-03 -1.0702005404e-01 -3.5094182032e-02 -1.6509372554e-02 2.2133171416e-02 -1.9524769731e-02 -9.2922926774e-03 -8.4302448987e-03 -2.5930680498e-03 2.8038565497e-02 2.0154478591e-02 3.7853854958e-02 -6.0682783240e-02 -1.2887190877e-01 7.5885396379e-03 3.2185360128e-02 1.7507425097e-02 4.4395197652e-03 1.3757836379e-02 4.5873984253e-03 5.6015255518e-03 7.5220187047e-02 -7.7684182911e-02 -1.2109983872e-02 -9.7371372717e-02 -4.5770286638e-03 1.0347417682e-01 -9.2734255665e-02 -7.8900131739e-04 -8.9248360376e-02 -4.2715437231e-02 7.2385430599e-02 1.7092073716e-02 -5.5705086477e-02
1.6328673397e-01 -1.0164461077e-02 8.0844069000e-02 -8.7302194097e-02 4.2669705222e-02 3.9803878708e-03 -3.0007230135e-02 -8.5655085807e-02 -2.6988256709e-03 -5.9654526904e-02 -9.0037417199e-03 -8.6438634284e-03 -1.3305948826e-05 1.4381684701e-01 -6.8475271880e-02 -8.2786661707e-02 7.5797620055e-04 -1.6220713570e-02 2.9596201511e-02 1.5265591358e-02 -3.1226004673e-03 9.1070559365e-02 1.9961631697e-02 1.3486542020e-01 1.3609560076e-02 1.7821200563e-02 1.1151024540e-02 4.5313401349e-02 -2.1989335509e-02 2.5616856516e-01 2.0862783341e-03 -4.0221944436e-02 -3.0645784645e-02 -3.0939675650e-02 4.1237862149e-02 -4.9793622445e-02 2.1641297711e-02 4.4911668111e-03 5.7408724396e-02 -1.6924286214e-02 1.1788524530e-01 4.0888253543e-02 -7.1484101232e-04 1.4297497430e-02 -1.0903047016e-02 -9.5806586498e-03 3.3813981934e-02 -9.5452868728e-02 -1.8424588491e-02 -1.2560308626e-01 1.0837256258e-01 4.0739786216e-02 1.7174490421e-01 4.1087974891e-03 9.1533645919e-03 -3.7864974483e-02 -4.6439065793e-02
2.7261930800e-02 4.5642687279e-02 -4.0735545578e-04 1.2774945494e-02 -3.9108648052e-03 -1.8612292993e-02 -5.8973865442e-02 1.8597209695e-02 8.0133525595e-02 -1.4323088357e-02 -1.1110572269e-02 4.6456618731e-03 1.5918432585e-02 2.7278880422e-02 3.9435656252e-02 -7.7293374965e-02 -1.3241043816e-02 -6.0789871426e-02 -2.9726533360e-02 -1.3024087574e-01 -4.4850349870e-02 1.9051119888e-03 -2.2033089568e-02 8.5482596436e-04 2.0393183800e-02 -2.6646829296e-02 -3.9224695349e-02 -3.5322511552e-02 -4.8690194299e-03 5.7754617409e-02 2.8803040390e-02 -3.1986895772e-02 -3.2432826617e-02 3.7913527188e-02 -4.0148871709e-03 1.4245715419e-01 -2.2147898503e-02 -9.5457147910e-02 -3.4419534950e-02 7.3600097595e-02 -7.7180005633e-02 -7.3623251810e-02 -1.4934228335e-02 3.1477644118e-02 1.1250812901e-02 2.5167864278e-02 -2.1302701254e-02 -3.5330589062e-02 6.1272890437e-02 1.1708776168e-02 -4.7211816196e-02 4.6786593006e-02 -4.9117040422e-02 -5.2247063643e-02 2.6887912443e-02 -1.6058181613e-02 7.0091542141e-02
5.0874083414e-04 -4.0858738763e-04 -1.0131726628e-03 -6.7101084147e-04 -4.4071231031e-04 -4.6273594228e-04 3.0884026319e-04 4.0532481275e-04 6.6165730594e-05 -5.3603154138e-04 1.4756465397e-04 -1.0665402572e-03 8.3392420995e-04 2.3429672762e-04 -7.6548263635e-04 -3.2425422665e-04 -8.5237943873e-04 2.4274893867e-04 5.6891242722e-05 8.6127348473e-04 -1.2410639754e-03 5.6355410259e-04 -8.6565165730e-04 -1.8687916223e-04 4.2755620540e-04 -2.0772815126e-04 6.1657986723e-05 -8.1406465639e-04 -4.6362462814e-04 -1.9863556518e-04 -8.1272438926e-04 6.3733779028e-04 -1.9477313102e-04 -8.2327046785e-04 2.7768123380e-04 -1.1672627237e-04 5.3902029946e-04 -1.8301088817e-04 -2.4965839313e-04 -6.3175464133e-04 1.0033595796e-04 6.7056000570e-04 5.0708891781e-04 -5.4779060840e-04 2.2986743726e-04 -4.1412204354e-04 -4.8460046883e-05 -9.5492395894e-07 1.2095294552e-04 7.2333294557e-05 -7.8865779933e-05 -2.1523729745e-05 6.7365598488e-04 2.7702373926e-04 8.3527091683e-05 4.7962605939e-04 3.6648140864e-04
-2.5077271404e-02 -1.2224074466e-01 8.3369703970e-02 -8.3907106454e-02 3.7674356043e-02 -2.3599241764e-02 2.5775030302e-03 8.3524913226e-03 2.2347198103e-02 3.4566275052e-02 -3.8430523451e-03 -7.2882696990e-02 9.8049871140e-03 2.8941077712e-02 5.1929856849e-02 7.9102902289e-03 -9.2975659927e-02 -2.4185722047e-02 -4.2511493151e-02 -5.9603407658e-02 3.2781995243e-02 1.0680424501e-02 6.3723939549e-03 -9.5637779649e-03 -1.4782500868e-02 -5.1902898857e-02 -4.5927880024e-03 9.6170747513e-03 -1.9783135828e-02 -1.7240418022e-01 7.2789395989e-02 1.3415372217e-02 -3.0190968738e-02 -3.9553430156e-02 4.9745468470e-02 -4.1742123793e-02 -1.1838988215e-01 -3.4286272213e-02 1.3754258551e-01 4.1451386884e-02 -1.0561078164e-02 -4.0351778284e-02 -1.2878668034e-01 6.1452560262e-02 2.6764057632e-02 3.9202330786e-02 1.0907940401e-02 -3.7875000770e-02 -2.5351872758e-02 -4.1337392484e-02 4.5965797268e-02 6.6927874628e-02 2.3849268832e-02 3.6288249595e-02 -1.6590957849e-02 2.2719034381e-03 2.5326711950e-04
-2.3234647210e-03 4.8195768170e-02 -5.0385414983e-02 -7.6053078267e-02 -2.9443478390e-02 9.5414722106e-02 1.0772266231e-02 -2.9168778617e-02 1.6685031066e-02 -2.2577963995e-02 -6.3661227846e-02 -9.2301809191e-03 -2.8083904959e-02 7.8755304771e-02 -9.3021912978e-03 -4.6942981008e-03 -3.2655013799e-02 3.2470683223e-02 -1.7363603395e-02 2.2852469783e-02 -1.1164903859e-03 -3.8056345431e-02 -7.1745988620e-02 1.9590888597e-02 -3.0162715701e-02 -8.1677092239e-03 1.0328893536e-01 8.2411867788e-02 8.7295445378e-02 -1.4910268859e-02 5.6051928065e-02 4.3886360929e-02 5.4532262915e-02 2.6937592475e-03 3.2159728913e-02 3.9393262476e-02 -1.4633479854e-01 2.4741439713e-02 -5.9130218925e-02 -4.2372947095e-02 6.8185818153e-03 2.2052833260e-02 -4.6414671471e-02 -1.4629027809e-03 1.3745266516e-03 -1.0774058780e-03 1.2645259610e-02 -6.6297210824e-03 6.1380407131e-02 -4.4396469704e-02 -2.9657503961e-02 -1.1812158319e-02 -5.6008531622e-02 4.8815173089e-03 -6.2713396679e-02 -2.7755783879e-02 2.3876008356e-02
-5.8134971923e-02 8.6716744419e-03 4.1411734310e-02 1.0080154724e-02 1.0473326661e-02 -2.7814665020e-02 5.5652934979e-02 6.7802743818e-02 -2.2711582288e-02 -5.6812479778e-02 1.8925252108e-02 2.1604709237e-02 -5.0926162892e-02 2.6737229228e-02 -7.4663840259e-02 3.2854431435e-02 8.3314749804e-02 1.1104431971e-02 2.5522950661e-02 -7.7238869251e-02 8.9913755600e-03 9.6362265951e-02 -2.3381541068e-02 1.5804562646e-02 -2.5116223441e-02 -3.3960100343e-02 2.0716150009e-02 1.6314027489e-02 -1.2770836646e-03 1.3391276953e-01 -9.2554955843e-02 -7.5695283216e-02 8.8130582081e-03 -1.6071162642e-02 -7.9694836598e-03 -6.2524316510e-02 2.0669210018e-02 1.9091126748e-02 -1.8670147669e-02 -6.2997771920e-03 2.8547707464e-02 -9.2702640237e-02 5.7804387398e-02 -1.4285447300e-02 1.3911236315e-01 -2.1344317723e-02 1.6347188168e-04 -2.6694673643e-02 -6.9524794754e-03 8.4390395768e-02 2.9254693966e-02 -2.6696303293e-02 2.5116567775e-02 8.4606171685e-03 5.5499624756e-02 -1.8461321947e-02 1.1565245968e-01
-6.5330102312e-02 -2.3090319598e-02 -5.9141974593e-02 -1.2144142065e-01 3.6166664509e-03 -5.0723772739e-02 -2.6957070938e-02 -1.1266108570e-02 -1.8500815084e-02 1.7371604104e-02 6.0701385930e-03 5.3235788361e-02 -2.7099337353e-02 -2.2272552789e-02 -5.5678318588e-03 -1.7777208973e-02 -1.6732417387e-02 -2.9564534804e-02 -9.6285269875e-03 3.0998156031e-02 -7.8873127050e-02 -1.9877398055e-02 -9.8770184056e-02 3.9548625096e-03 -2.2322493029e-02 -1.6921611088e-02 4.6139875137e-02 -3.7731013401e-02 -1.4607414875e-02 -6.0059467136e-02 -5.0744107012e-02 1.9798131130e-02 -3.9933484334e-02 3.0669595522e-02 1.0408478438e-01 9.4774100020e-02 -6.0031072417e-02 -5.2427424460e-02 8.1094560440e-02 5.4410672784e-03 2.7708233624e-02 3.0310173915e-02 2.3531763958e-02 3.3926491162e-02 2.2531854640e-02 -1.1850541221e-01 -8.7971555801e-02 6.1465773166e-02 8.7521364944e-03 1.0946713538e-01 3.0469370556e-02 -2.5167329015e-02 9.3219520178e-03 7.4688501191e-02 4.8462578550e-03 -4.9823555567e-03 -3.6250669343e-02
3.7179389343e-02 6.6004376649e-03 -8.3558302406e-03 -3.7844028902e-02 -2.0617525922e-02 -4.7534676458e-03 1.6814280567e-01 -8.8834576269e-03 2.5209507702e-02 3.0274969886e-02 -3.9157115671e-02 -9.4147177464e-02 7.0284336734e-03 2.3726365471e-03 4.4483507841e-02 -3.7433034331e-02 4.7079291463e-02 -1.9731531066e-02 2.6519616684e-02 6.6303182289e-02 3.8657241634e-03 1.2904807252e-02 1.1249564604e-02 4.5749728553e-02 5.7959344424e-02 -3.4725059431e-02 -1.3656552974e-01 -8.7195402653e-03 8.5125788815e-03 2.8568228438e-02 7.9655870241e-03 1.7035323768e-02 3.9112434429e-02 -6.8813065522e-03 8.2463053234e-02 7.3031930196e-02 -9.9792350893e-02 8.7174086045e-02 -1.7017556837e-02 8.4266683124e-02 -2.1293296328e-02 -4.8253499088e-03 -2.0184387748e-02 2.1964748879e-02 -3.8647846692e-02 -3.5116164884e-02 2.8462979934e-02 2.2852667123e-01 1.9250468737e-02 8.1065152936e-02 3.8827140062e-02 -1.9671391582e-02 9.3428858058e-02 -2.1195163426e-02 4.8154486527e-02 -3.1787502773e-02 -5.2398225772e-02
2.6110530912e-02 3.1927216990e-02 9.4139320754e-02 9.4718080232e-03 2.6894141218e-02 -2.5360856412e-02 5.4301930201e-02 3.0838626564e-02 7.5035036899e-03 -3.5257847002e-02 2.0972635694e-02 3.7893948746e-05 -2.6782095088e-04 5.8811948666e-02 1.2611839811e-03 -1.5961788292e-02 9.2689594830e-03 2.9808844572e-03 -3.0474360458e-02 -2.9015551764e-02 3.2568848564e-02 4.9888842453e-02 1.0547383198e-02 -7.9611946270e-03 -1.6442502519e-02 2.0531861180e-02 1.0189865359e-02 9.1326993312e-02 4.5056767201e-02 -4.9471766484e-02 -7.2013025860e-02 -6.6551377737e-02 2.2196428334e-02 -1.8136124239e-02 5.8582165069e-02 -1.1867856791e-02 -1.2877542451e-01 8.5964608348e-02 3.4569310844e-02 -2.7410384887e-02 -1.1012868984e-01 -2.0498354908e-01 4.4166173781e-02 -1.3326836887e-02 2.1058812083e-03 1.1686241298e-02 -1.1881637416e-03 -9.1405241339e-02 4.0998664697e-02 -3.1957977076e-02 1.0898734985e-01 1.2774288422e-02 -1.2964866782e-01 -6.3214798441e-03 -3.6806715598e-02 1.4069897758e-02 2.3229959065e-02
6.8372399865e-02 -4.8299195065e-03 4.8709237333e-02 1.1918090003e-02 -2.2702319125e-02 2.4076059996e-02 1.2407294252e-02 6.6614823584e-02 1.3124240129e-01 -3.0961075274e-02 3.7527206773e-02 9.9668840629e-04 -9.5074809817e-03 -5.1903285937e-02 7.4660026051e-03 -1.4319167318e-01 3.4056344925e-04 -8.4438526248e-02 -7.1460384294e-02 -2.5868466746e-02 -2.9810130801e-02 -8.9967054555e-02 -1.5680103338e-02 -1.4071059968e-02 1.1729969076e-02 3.0461568303e-02 -3.9138072098e-02 5.0208617082e-02 -3.1446790452e-02 2.6445517945e-02 3.1376996533e-02 -7.6427708436e-02 3.4476776207e-03 -6.2031644844e-03 -7.5190830330e-03 4.7601377210e-03 9.1545064919e-02 -4.4444235838e-03 -1.5071992393e-02 9.2423576167e-02 -1.5335581045e-01 3.3051599937e-02 6.0071892404e-02 -3.7573856743e-02 6.8059301433e-02 3.6637340095e-02 5.4080648001e-02 -9.1235200168e-02 1.5331696898e-01 2.6339016711e-02 -1.9845070825e-02 -8.6213425964e-02 6.9722540853e-02 6.0505899686e-02 5.5761272118e-02 -6.7171120350e-02 -3.7325740120e-03
-1.5278163888e-02 5.5949196469e-02 -1.9796904142e-02 -2.0885457200e-03 4.5642819345e-02 4.2496625161e-02 -3.3802670713e-03 -3.7003412251e-02 3.5414270952e-02 8.9667508858e-02 5.9782293537e-04 3.0635865855e-02 -1.4995471348e-02 6.0436145916e-02 1.2106168474e-01 3.2518938212e-02 8.9120684034e-02 -3.9830843303e-02 -4.0983459660e-02 4.6872924499e-02 1.1393323148e-01 5.3930007927e-02 -4.4764242327e-02 -6.6855676734e-02 3.3024914462e-02 -2.0793737237e-02 3.8309581471e-02 -6.9366419904e-02 -8.7654355992e-02 -1.3309189736e-01 3.4177930369e-02 3.5642419308e-02 5.7189576786e-02 1.8878356293e-02 -1.0409214164e-01 -1.9457455647e-03 2.6062765398e-02 2.7370984774e-02 -2.6782906957e-03 2.0609223535e-02 -3.7599131164e-02 -6.3717939227e-02 1.0624211385e-03 2.7983266266e-02 -1.4642765355e-02 7.6724623453e-03 -2.9056009515e-02 5.1926857547e-02 -3.8706340396e-02 6.5778931962e-02 1.7037109428e-02 4.2727316810e-03 -2.0421411178e-02 8.8883975045e-02 -4.3178340627e-02 -5.5256436821e-03 2.1708089180e-02
9.2011014549e-04 -5.0364010335e-05 3.7424817600e-04 3.7461520687e-04 5.5694501067e-04 2.0088380726e-04 -1.0822130869e-03 8.8861211450e-04 1.9938844632e-04 8.8475917080e-04 -9.4795607131e-05 6.6812394902e-04 8.8742750334e-04 3.8435253056e-04 -1.4775222671e-04 -2.6621637080e-04 -5.5906969880e-04 -6.8666944047e-04 4.3823829819e-04 -9.3310868407e-05 1.1386294465e-04 -1.1627256920e-03 5.8642268955e-04 -1.0587307459e-03 -4.0934125980e-04 3.3031500743e-04 1.1369219745e-03 7.1060651748e-04 2.1932041813e-04 7.2594826373e-04 1.4319890232e-03 9.5717055720e-05 -4.6666568122e-04 -3.2353431737e-04 -5.0401611456e-05 4.4197804583e-05 9.4682682786e-04 -4.2073421339e-04 -3.9030928197e-04 2.9137836410e-04 1.1369394671e-03 7.7423475656e-04 -2.9641755362e-05 -6.5835513694e-04 -5.1565095155e-04 -1.4702531039e-03 -1.7250708175e-04 -2.9454562602e-05 9.9888259927e-04 -8.9279372208e-05 -1.4235098100e-04 -2.5441141753e-04 1.5065881260e-04 1.5366161748e-04 -2.5242161867e-04 5.0179373028e-04 4.0579720372e-04
-5.0276000682e-03 6.4636078989e-03 -3.2626106629e-03 4.2500194138e-03 -9.1749062695e-05 6.0137014461e-03 3.7497241268e-03 -2.1204164679e-03 4.9551684197e-03 5.3561328070e-03 -5.3568420800e-03 -4.8860603780e-03 -3.4377904447e-03 7.7321529427e-03 -8.9659055057e-04 -2.1710222786e-03 9.8892194202e-03 7.8561282509e-03 -1.5438906991e-02 -8.4692632172e-03 7.0095147757e-04 -3.3967406225e-04 -7.0922638358e-03 1.3287889509e-02 -3.4857124552e-03 -1.0664991978e-02 -4.6167844618e-03 5.2560539807e-03 6.0957703271e-03 -1.8541447857e-04 -7.6507002790e-03 8.9598289379e-03 -2.0432267803e-03 -7.0476446011e-03 -1.5691034564e-04 6.8840182262e-03 -6.2871017228e-03 3.1702731264e-03 -7.0421544899e-03 -2.7404188067e-03 1.6032521493e-06 -5.0186320736e-03 1.7942380559e-03 5.5013788833e-03 -4.2960043378e-03 8.4256354259e-05 -7.6414956704e-03 -6.9923464462e-04 -7.4705824917e-04 -4.9688484639e-03 8.3582347063e-03 3.1948402872e-03 -7.0336706191e-03 1.8809860769e-03 5.8676485470e-04 1.1850125229e-02 1.7557450255e-02
1.1500685354e-03 1.7615378016e-03 -2.0431252020e-05 -6.4544603176e-06 -4.3881009730e-04 9.8791031838e-05 -1.1551124445e-04 6.3351579116e-04 -3.6572063448e-04 -3.4210402288e-04 7.9958868880e-04 1.6349881284e-03 9.9650265288e-04 -9.5715828400e-04 3.5505359706e-04 -3.8199374120e-05 -5.2298313365e-04 -5.5575465269e-04 2.9403353831e-04 3.5065076287e-04 4.5248249043e-04 -8.7059544982e-07 1.6282219754e-04 -1.1604496865e-03 -8.8865176371e-04 -5.1620271766e-04 -2.3830036742e-04 -9.1051360607e-05 6.6044174748e-04 -2.4422108262e-05 1.0487535229e-03 -2.7385998764e-04 -4.9000113153e-04 -4.0157548613e-04 -8.6059099437e-04 -3.7728808226e-04 -4.6808829245e-04 -9.9352767148e-04 -5.5607343776e-04 6.2583883823e-04 1.7251173855e-03 1.0546142116e-03 9.2773344988e-04 -5.1237076278e-04 -7.1296739975e-04 -2.5645900258e-04 4.3523506779e-04 -4.5663761996e-04 -5.5315865044e-04 -7.6966597399e-04 1.3431024077e-04 1.0064580220e-03 8.1798215486e-04 7.5990959474e-04 1.6666497778e-04 -4.2136302606e-04 5.4860769758e-04
-6.9188427065e-04 -1.1003601356e-04 -1.3665078620e-03 -6.0634560258e-04 -9.2128863017e-04 -9.0770097858e-04 1.9055462137e-04 -8.7804957947e-04 1.4346954156e-03 -3.6577143617e-06 6.8483440664e-04 -2.9997333558e-05 9.8564962661e-04 1.6805708457e-04 3.5391551970e-04 3.1782648521e-04 -4.9336914755e-04 1.9115425831e-04 8.2399975727e-04 5.4336425057e-04 -1.2824791552e-03 -4.8647973970e-04 2.1004030054e-05 3.3806563407e-04 1.2795920186e-04 -3.4585955464e-04 2.2368943008e-04 1.0479404647e-03 -3.6001287653e-04 -7.5843429178e-04 5.7910341371e-04 -5.8024456502e-04 4.0629578627e-04 9.0372378875e-04 5.7770463387e-04 3.4854311663e-05 -4.7975006575e-04 9.5020351573e-04 3.4445715198e-04 -5.1139977239e-04 -2.5092550544e-04 1.7760438956e-04 -1.2133192029e-04 -1.4506457908e-03 1.7303617009e-04 -2.8510870383e-04 9.0715533660e-04 -3.1039166439e-04 -2.8911218822e-04 -2.0210207816e-04 -2.4469224234e-04 -4.1603295195e-04 -2.5370493152e-04 8.5631519311e-04 9.6308626953e-04 2.5218920068e-05 -1.9057243241e-04
1.4072862952e-03 3.2567104116e-04 3.4002912308e-04 -4.0673652714e-04 -1.6638735198e-04 -1.4104289796e-03 4.1821254350e-04 -4.5746823295e-04 1.1413717500e-03 4.5451519785e-04 3.6506859707e-04 3.3610231627e-04 1.1124735749e-03 3.8731431898e-04 6.7637578503e-04 6.0268725213e-04 1.4135782057e-03 -2.6438777798e-04 3.8196937483e-04 -2.2501271725e-04 3.6941375797e-04 2.4544935249e-04 -5.8038487269e-04 -5.4834526278e-05 -1.3209133124e-03 -1.0245670550e-04 -5.4301830043e-04 1.4505956195e-03 -1.0340465128e-04 -1.0915217644e-03 1.1384297079e-03 -8.5072106896e-04 -9.6269050755e-04 1.4590107985e-03 4.2176308133e-04 3.7487537756e-04 -2.9446091196e-04 -3.6542621987e-04 8.0349792732e-04 -8.8231771965e-04 -1.3150653207e-03 1.9071398620e-04 -6.9601289542e-04 3.4657543163e-04 -6.5904052912e-04 -5.0271815414e-04 -2.9419384295e-05 1.1124506068e-03 -8.5833439161e-04 -2.7021729751e-04 5.5462808634e-04 2.5849461275e-04 -9.4841267746e-04 -2.8689791257e-04 -4.1004768903e-04 1.0699525566e-03 1.6079524247e-04
-1.9620539566e-03 1.5098891155e-02 1.1229994196e-02 5.4372025928e-02 3.4896706989e-03 -4.1027209254e-02 3.9458078446e-03 -2.1324941596e-02 -1.1912239400e-02 -1.7681003764e-02 4.6784368285e-02 9.6453333936e-02 -2.2767559232e-02 -8.3532735879e-02 5.2792398651e-02 2.4751153598e-02 -4.1007339852e-02 1.8250027731e-02 -6.7363557499e-02 -3.4357501784e-02 -1.7569359311e-02 -1.8416009023e-02 2.5993439457e-02 -1.3875905366e-02 7.0826902634e-03 8.6189486103e-02 5.3274135300e-02 -5.4712056646e-02 7.2119763723e-02 -1.2271332331e-01 1.0697884196e-01 -3.5608759955e-03 -5.1794522763e-02 3.2146876202e-02 1.0353802538e-02 -2.6049769868e-02 -8.0665973476e-02 1.4237348173e-01 -2.4120805157e-02 5.8127880971e-02 -2.0073360234e-01 2.5834428235e-02 -8.8133540355e-02 -8.4272137065e-03 -4.5701944770e-02 1.5119338584e-02 -6.6200571582e-02 4.0814932453e-02 4.9806275095e-03 7.2913734109e-02 1.1152092338e-02 -2.3168390918e-02 -2.9885572410e-02 -2.2708715710e-02 5.1778267676e-02 -2.1052841977e-02 3.4390412914e-02
4.0229529161e-04 -4.9720255489e-04 1.0222483182e-04 6.3254005741e-05 2.6505095986e-04 -5.9839936375e-04 6.6926708165e-04 -2.9435720972e-04 -5.1240029997e-04 7.1603601546e-04 9.0803423400e-04 2.7376185582e-04 -8.5886958087e-04 3.4147888851e-05 -2.3412810661e-04 -6.6494186765e-04 -3.3438755152e-04 7.0253449587e-04 6.7129911112e-05 -2.0118268866e-04 5.7960012271e-04 -1.9619011085e-04 -8.7522819468e-04 5.8011372605e-04 4.7476799564e-04 7.5494228213e-05 -5.3955352031e-04 -8.1776637343e-04 -9.2511525793e-05 9.5056965927e-04 2.3451619499e-04 -3.6624127171e-04 9.3630860466e-04 1.1780650377e-03 1.2265431412e-03 -6.4667911585e-04 -5.3325846188e-05 2.2200228437e-04 2.9509238102e-04 2.6117377626e-05 5.8295030885e-05 -9.7604339189e-04 2.2908251400e-04 -1.8083359080e-04 2.6299363833e-04 1.3315576280e-04 5.5584510473e-04 -2.9238389465e-05 4.3978959337e-04 -8.0153685583e-04 1.1836746707e-03 2.1019400704e-04 5.0917904918e-04 -3.1108644005e-04 -1.9654832879e-04 -2.0956397288e-04 -9.5439116170e-04
3.4773594669e-02 -5.5592717287e-02 -1.1431898614e-01 -5.8029498945e-02 5.1039132907e-02 4.8686644769e-02 6.8003000347e-05 1.0701980117e-02 9.9400032893e-03 4.4660735021e-02 1.1189042315e-01 -7.7848845697e-03 -1.5623801025e-02 -5.9485178641e-02 -3.9506420117e-02 -2.9296121271e-02 -5.1807551883e-02 1.1364598775e-02 -4.3232236832e-02 1.2900955858e-02 5.9213385039e-02 9.3818081866e-02 1.6915250324e-02 -3.4747463234e-02 -2.8553221601e-02 -2.8338828009e-03 6.2816925289e-03 4.4178355214e-02 -1.4174387020e-02 -5.4892950600e-02 -3.2386750949e-02 -4.2084257277e-02 -4.5114113774e-02 6.9447622240e-02 -7.7733315001e-02 3.3332500336e-02 -2.4210913677e-02 2.8217403782e-02 1.3165982250e-02 2.5353476432e-03 -6.2314245452e-03 3.7579405386e-02 1.2702132707e-02 7.9107482246e-02 2.7428267964e-02 -1.0850490968e-03 -4.7582657357e-03 1.0442160117e-01 8.1285383312e-02 1.2974643101e-02 2.8697328016e-02 -2.3029454241e-02 1.0795139280e-02 -1.1047990140e-01 -7.4832595903e-02 -4.8217109048e-02 2.1847477634e-02
7.5884604732e-02 9.9103485249e-02 4.9855653981e-02 4.7263686342e-02 -3.9808724387e-02 4.7184536810e-02 6.6546863988e-02 -2.2024613469e-02 -1.0843049770e-02 -4.9975327159e-02 -4.8632932547e-02 4.7441610077e-02 3.6069564852e-02 -5.9345281852e-02 -4.5665150150e-02 -6.9301593115e-03 -1.0388744913e-02 3.5508264824e-04 5.6056156948e-02 -3.1787488585e-02 -6.0592165091e-02 -1.1698689230e-02 -1.2891623093e-02 8.4144857716e-03 -1.4948182451e-02 -1.0793416289e-02 -2.4265300236e-02 -1.2747365246e-02 1.8837210376e-02 1.0068760507e-01 -1.5491770903e-02 -2.3148596794e-02 7.1835973912e-03 -1.0170229315e-01 -3.6188826768e-02 4.0894052224e-02 3.3234996923e-02 -1.4794862158e-01 -4.4229395079e-02 -3.0743257017e-03 -3.3098302968e-02 -1.6465064580e-03 7.0282599175e-02 -4.3341261198e-03 -7.9406829059e-02 -6.2767032659e-02 -5.1109052828e-03 -4.2159691541e-02 -5.5356295343e-03 -4.7532314142e-03 -7.3038889633e-02 5.9588203596e-03 -5.3369163195e-02 -3.6765086623e-02 -8.8321377805e-03 4.2711147950e-02 -5.1280271399e-02
-4.4507286135e-02 -5.6877333999e-02 8.0485278492e-02 -6.3382868669e-02 2.9736101900e-02 3.7275583452e-02 4.0649835298e-02 -1.1555732472e-01 4.0316829150e-02 -1.9982136919e-04 -7.1001084692e-03 -9.0307667514e-02 -7.0620981722e-02 2.1785799226e-02 -2.1260810730e-02 -1.8332379731e-02 2.9668455527e-02 -5.4979654425e-02 -4.4992840098e-02 5.1593543922e-03 6.8500186890e-02 -5.4645399565e-02 -9.4330392565e-03 -2.3954368807e-02 3.7267080354e-02 1.8125428526e-03 1.0544521112e-02 -5.7310477517e-02 3.1112787516e-02 -1.0356527117e-01 -1.7350482282e-02 2.3588577769e-02 -8.0712987326e-04 -7.9574388782e-03 -2.1753144605e-01 -3.8997942962e-02 -8.7676795993e-02 -6.5045464087e-02 -1.9792846373e-03 1.2418001083e-02 -2.5432856680e-02 1.0685346908e-02 5.6187588505e-02 9.7945468213e-03 4.3940917376e-02 -4.5262800323e-02 3.5812806141e-03 1.1361063283e-02 -8.9298677309e-02 5.2953410798e-02 -4.1226865067e-02 -1.0116796087e-02 3.3192580957e-02 -7.3387969297e-02 -3.6312854963e-02 5.7713659163e-02 4.6284530787e-02
1.7924610226e-02 -5.8063564375e-02 -1.1307572612e-01 -1.6892333325e-02 1.1252069682e-02 9.6571993039e-03 2.0861576267e-03 -4.8494996440e-02 -8.8781334717e-02 -1.5667718738e-02 2.2957792910e-02 2.2884818275e-02 1.0238683904e-02 5.8201206037e-03 2.3939001051e-02 -3.2992421601e-02 9.0961377569e-02 3.5495247085e-03 -4.0056186254e-02 -6.2282391936e-02 5.0860128848e-02 -9.0841973353e-02 4.2759980295e-02 -6.2913253675e-02 -2.6200767575e-02 -1.3041127016e-05 -2.4743174768e-03 9.2823207646e-03 -7.1254210041e-02 -2.8489521946e-02 6.3385648117e-02 -6.1877035191e-03 2.7715249891e-02 -3.7232155506e-03 4.8932591358e-02 3.8810932031e-02 -2.1322275403e-02 -7.1535147796e-03 1.0320790773e-02 2.6076126172e-02 2.2126796871e-02 2.4932258068e-02 5.5859611683e-02 -1.3850034156e-01 4.9608875413e-02 -1.0102795381e-02 4.1706441260e-02 4.3621297473e-02 6.6225802174e-02 -5.5511522350e-02 1.0738261883e-01 5.6517705501e-02 5.1291632886e-03 7.2205967196e-03 8.5516293403e-02 2.0683654452e-02 4.7314027294e-02
1.3916408533e-03 -7.5766887927e-06 2.2166216905e-04 -3.1299334228e-04 9.1632663504e-05 4.7512698092e-04 -1.0096866406e-04 -9.8770322777e-04 1.5909236509e-06 -8.7071589161e-05 -3.5135905368e-04 3.2416498609e-04 -5.1699703555e-04 2.7372544580e-04 1.8898032559e-04 -1.1142020029e-03 3.7930342919e-04 6.8096672205e-04 2.2938667284e-04 2.0616283188e-04 3.9162032357e-04 -5.6152465856e-04 2.4547423007e-04 -6.4447347121e-04 3.4269193321e-04 3.3713399318e-04 6.4559100040e-04 1.4322012371e-03 -3.3961326464e-04 -3.7224873708e-04 -4.7808913956e-04 3.5664711094e-05 4.2265600459e-04 8.0881033150e-05 3.8802706057e-05 4.7298115407e-05 6.0875006439e-04 -3.2064295072e-04 2.7519810215e-04 7.3912566441e-04 1.6801398375e-04 4.1255374323e-04 8.9327160403e-04 2.7901597711e-04 3.9808825079e-04 4.9733375731e-04 -9.5452746709e-04 3.4127768028e-04 -1.4623050244e-04 -1.1377165319e-03 4.9951870632e-04 -5.3408481907e-06 -1.0571072729e-04 1.3865888559e-03 -8.1850872217e-05 -2.6857226347e-04 4.4235458533e-04
-4.3801494091e-03 -1.6871297803e-02 -2.7659021550e-02 1.9893762864e-02 -7.1214546183e-02 -3.4789205908e-02 4.0746449572e-02 7.4695248550e-02 3.2858465137e-02 -4.0542450656e-03 -1.6802085492e-02 6.4904408612e-02 -9.1323583199e-02 2.4035007887e-02 1.0666489690e-02 6.5395296469e-02 5.6536316981e-03 1.9692467210e-02 -8.1070952680e-03 7.5555186229e-02 8.6371005513e-03 1.1039293014e-02 1.2438628924e-01 -2.9898228450e-03 8.5028089858e-02 7.2796827982e-02 -9.7569796928e-03 3.5234804485e-02 -6.7745589927e-02 7.3213157860e-02 4.6718392878e-02 1.6190000828e-02 -4.0585177612e-02 -1.0227976475e-02 3.1191548780e-03 4.4325492677e-02 -9.1950131727e-02 -6.2280981956e-02 2.4783097255e-03 6.2158003635e-04 -2.1500002679e-02 -1.8318118783e-03 4.5340640820e-02 8.4744186254e-02 4.3826744540e-02 -6.5045604482e-03 6.8751729498e-02 -4.3557153972e-02 2.4952570516e-02 5.6741038650e-02 5.3627827990e-02 -3.0138290823e-02 -1.4495215031e-01 3.2516339675e-02 -3.7115405712e-03 1.4248711947e-02 -4.8103330098e-03
-3.2563922309e-04 2.8963296553e-04 -6.1635007084e-04 -1.0731280699e-04 -5.1426849379e-04 -4.3635247967e-04 -4.0552738363e-04 8.1263532478e-04 -6.2823269358e-05 1.0206753614e-03 2.4842167960e-04 -2.2975153453e-04 -1.7662205724e-04 1.1664741379e-03 6.8938684182e-05 -4.9089885918e-04 3.3546190980e-04 -1.7091163997e-03 7.3407794865e-04 -6.1048079188e-04 9.2888701065e-04 3.8324963032e-04 -1.4983723230e-03 5.3809481590e-04 -4.9959346595e-04 1.9343594381e-03 -1.7494739899e-04 2.4502579683e-05 4.0650431638e-04 -7.0059047930e-04 -1.0812205092e-03 -2.8129255568e-04 1.2164171501e-03 -7.1810249381e-04 -4.7225126525e-04 9.8103821187e-04 -3.1450707750e-05 -4.2080227583e-05 1.1009149555e-04 3.2974621704e-04 9.8080782583e-04 -5.1306750582e-05 -1.5729643614e-04 -5.7650730158e-04 9.4160494124e-04 -6.3920155965e-04 -5.1317086357e-04 7.9785482716e-05 1.5426873304e-04 8.8339818987e-04 3.1888938224e-04 -2.1643473634e-04 -5.9098698260e-04 1.3306015005e-04 6.3540816915e-04 1.3247447170e-03 8.0488922368e-05
-8.1255424678e-03 7.5580555414e-03 -8.1421199235e-02 -4.2535998832e-03 -5.1640366872e-02 -8.0222481610e-02 7.0724543436e-02 3.1581326856e-02 4.3087785106e-02 3.1627875380e-02 9.5037790591e-02 -4.7459115900e-02 -4.2788697733e-02 -3.0947317083e-03 -2.3100050219e-03 -1.0682946605e-01 -7.4840634024e-02 3.1329115048e-02 -4.0737769508e-03 -2.1326622462e-02 -3.8629789090e-02 -1.8953048016e-02 -4.3304670202e-02 -1.2169392595e-01 2.0524422332e-02 2.6627485511e-03 -3.4785197548e-02 -3.2612567302e-05 -4.4218891211e-03 4.8959415685e-03 -5.3149609522e-03 -4.7389424069e-02 1.1554130196e-01 4.9803857121e-02 5.4228864727e-02 -5.0681806759e-02 -7.1159222475e-02 -5.4231096575e-02 -3.9281263313e-02 -1.0928482001e-02 -1.4290669392e-01 3.0261086766e-02 3.4354433364e-03 -3.4184932728e-02 1.9437195002e-02 2.2312973815e-02 -1.0378211713e-02 -2.5278240905e-02 -7.1495818057e-02 1.3963154933e-04 -3.2645759122e-02 -4.9717276495e-02 -2.2777189083e-03 5.4587944045e-02 -9.6225432410e-04 -5.2734440166e-03 6.9221078585e-02
7.5707643431e-02 -3.4811563627e-03 -1.1618101982e-03 -7.0222728686e-02 -5.5239288961e-02 1.3351909171e-02 5.3210539950e-02 4.0425066713e-02 -1.6080264534e-02 6.8567937461e-02 -8.8963507576e-02 -3.6443994279e-02 -3.4569817124e-02 3.0826669105e-02 -7.6964363162e-05 -4.1868623262e-02 -5.6856777844e-02 -2.4926712065e-02 -4.2428832819e-04 -8.4408512441e-02 -4.0845265150e-02 -5.4906048723e-02 -4.3605812701e-03 -5.2606807741e-02 -8.0880191576e-03 -3.1325477825e-02 9.0784657425e-02 -1.8367217379e-02 -3.7556597636e-02 4.2608431761e-02 -1.2036414059e-02 -6.7699229573e-02 -1.7141343979e-02 8.5041427381e-03 7.7142013314e-03 1.8792197085e-02 1.1208032524e-01 1.4075923965e-01 1.8554309023e-03 2.6496172755e-02 2.5395554631e-02 -3.4294103982e-02 -9.5667271043e-03 1.6575237679e-02 2.8994313928e-02 3.6716135070e-04 9.4241184780e-02 -7.9384216815e-02 -2.8842088145e-02 1.4691783466e-01 7.0591068572e-02 -2.2315619487e-02 -1.3460807587e-02 -2.5740759241e-02 -3.2715399319e-02 -1.8952371204e-03 4.0653870997e-03
-4.0045956180e-02 -5.3011597599e-02 -2.1502041357e-02 -8.1395476204e-03 -1.8457345088e-02 -4.2092230547e-02 4.1369539688e-02 3.4625160493e-02 -6.3435226079e-02 1.5627973281e-02 -4.2794872491e-04 -9.3498441320e-02 7.1522049920e-02 2.0949291167e-02 8.0785779184e-02 -3.8231035066e-02 -1.6809437257e-03 9.1587351299e-03 6.7320030948e-02 6.3452732170e-02 1.3410164915e-02 -4.7355730838e-03 1.5751789226e-02 -5.3504492019e-02 6.0127426822e-02 -6.5613022444e-02 5.4275920622e-02 4.6944217432e-03 1.2892084404e-01 -1.9780569802e-02 4.1186711003e-02 4.6902072238e-03 -1.8780021438e-02 -8.6922453934e-03 -1.0497233489e-01 3.1786773780e-02 6.7780629159e-02 6.7893743240e-03 -1.0338530144e-02 5.4209621255e-02 -2.9203772661e-02 -2.5389869036e-02 4.5066627798e-04 3.0022931275e-02 7.3821441134e-02 6.3481576560e-05 -1.0966003662e-01 -1.0515286285e-01 5.0359392501e-02 -4.1440628648e-02 2.5928889803e-02 -4.9274826846e-02 -6.7014589279e-02 -1.1918859658e-02 2.6653936878e-02 7.2320047678e-02 -3.2133583566e-02
3.6741459747e-03 4.6268966871e-03 -1.9596013716e-02 2.8271446157e-02 1.3018513185e-02 -3.2840520879e-04 2.1205052315e-02 4.7545144694e-03 9.8484276707e-03 7.1100394845e-02 1.6574651612e-02 -4.9360912070e-02 -7.6388600331e-02 -5.5863656069e-02 4.4734564839e-03 -4.7114076659e-02 1.0723093502e-02 -7.9368105669e-03 3.1514170503e-02 -2.1290952276e-02 2.5694458800e-02 -2.3849139553e-03 2.6278113335e-02 8.6389673921e-02 -3.3600784697e-02 -4.9396431382e-02 6.4323797201e-03 9.3925079504e-03 2.7837972547e-02 -3.1741997940e-02 1.1180028099e-01 1.1424976219e-03 4.7687467758e-03 -1.4896148757e-02 3.3462520019e-02 3.8926953253e-02 2.4189346840e-02 2.7292217596e-02 -2.6518563905e-02 1.6854717828e-02 1.8178995683e-01 1.2900108069e-01 9.9066121352e-02 8.2471483941e-03 -5.7788694532e-02 -6.9877004501e-03 -7.5348120735e-02 -9.6039830658e-02 -6.7953415079e-02 2.7833691685e-02 5.7536652742e-02 -3.2386063608e-02 -2.1536709197e-01 -4.0636416943e-02 1.9130893419e-02 -4.7079701654e-02 1.9401666931e-02
1.1211200121e-01 1.4605264406e-02 -5.7078125104e-02 -6.2061774470e-02 -4.5169741609e-04 6.5693252776e-03 -8.6838225900e-03 3.3102724595e-02 2.9660181400e-04 2.3705562729e-02 1.3913510036e-03 2.0383874510e-02 -3.6524620510e-02 -4.5539050086e-02 -2.0638248566e-02 -9.9200101380e-02 5.1869819931e-02 -2.5177408982e-02 -2.2429083094e-03 -8.7309001728e-02 7.6905988395e-03 6.2952357920e-02 2.8660634217e-03 4.5123574621e-02 1.1273098717e-02 -2.4734875173e-03 2.4544881676e-02 -1.3945399426e-02 1.6892761321e-02 -7.3681777430e-02 2.2585453863e-02 1.0202343094e-01 -2.8411495791e-02 3.4763401616e-02 1.3115554112e-01 -1.3712152224e-02 -3.5831152166e-02 -7.5219404596e-03 -1.1124966269e-02 -1.7430308826e-03 2.0870770136e-02 6.4281311296e-03 8.5096855615e-03 6.6094214293e-03 1.0948295084e-02 7.9552053322e-02 -3.6167645540e-02 -6.1702701056e-03 -2.3971623591e-02 2.2159188007e-02 3.2948734257e-02 -5.9240570316e-02 5.0909539622e-02 5.3641128418e-02 -3.6867292144e-02 1.6835391981e-01 -1.2420376651e-02
8.7202684416e-03 -3.1676356811e-01 -2.6951157087e-02 -5.7693611969e-02 1.7523623231e-02 1.0698714236e-02 5.2665879158e-03 -1.3264265743e-02 -4.2248979883e-02 -3.5846234228e-03 -1.2153428734e-02 1.1949207494e-01 2.0533742218e-02 -5.6372783891e-03 -3.2947075526e-02 9.8271447169e-03 -4.9644962086e-03 -1.9723728127e-02 -8.0813292926e-03 1.4634693793e-02 -2.3112170535e-02 1.4021175070e-02 -1.3879890385e-03 3.0514720521e-02 1.2344651576e-02 2.2218217025e-02 -2.2134723984e-02 8.5928033123e-03 5.2625116065e-04 -4.0676241064e-01 -1.6590682140e-03 2.5470766598e-02 -2.5530557979e-03 8.3621774605e-05 -3.6685038153e-02 1.4447550338e-02 -3.7765477662e-02 1.4523035817e-04 -1.8251546260e-02 1.7205392765e-02 -6.4137732387e-03 1.7550921539e-02 -3.5511415159e-03 1.8072435694e-03 -3.3926510271e-03 -1.4695010954e-02 -6.6206533299e-03 -7.5983332025e-02 -6.1287247309e-03 -1.8059917661e-02 2.8459703518e-03 -1.9740414003e-02 -2.8565096818e-02 -8.1694462537e-03 -2.7805061296e-03 -1.3832496683e-02 3.2539798412e-02
-7.8597236469e-04 8.0429341104e-04 7.3875120337e-04 1.2302685568e-04 -2.5608177444e-04 -9.1034632173e-04 -1.1682891579e-03 7.0731332499e-04 -2.8919423670e-04 2.9344982543e-04 -1.0464258971e-04 2.9091117224e-04 5.8534641368e-04 -4.7169265751e-04 7.4741001629e-04 1.5593958164e-03 -8.8380804682e-05 8.7287309808e-04 5.1189859273e-04 -2.0076593815e-04 -8.9178539720e-05 2.5580424846e-04 -8.2163453138e-06 9.7356887485e-04 -5.4595629312e-04 1.7042281524e-04 -9.3101186709e-04 1.6015316733e-04 -2.9623137403e-04 -3.7856007903e-04 8.4993926617e-04 1.0081863088e-03 8.3078727236e-04 -7.5505341153e-04 -4.2557752660e-04 -2.0001876006e-04 2.2188011997e-04 3.0633691467e-04 7.1778272290e-04 2.2417150167e-04 1.7360407225e-04 1.8812885695e-04 -1.3793995727e-04 1.1110235789e-03 -1.0372571070e-04 -2.6531820515e-03 1.1018944189e-03 3.8748096815e-04 -1.4491740480e-04 4.0283382499e-04 -3.9000755471e-04 -1.2056904718e-03 3.3359510813e-04 -4.7814496866e-04 -1.6485382409e-04 1.6028849810e-04 1.1414972428e-03
2.7287378094e-02 1.0891166154e-01 -5.9120188505e-02 -1.4565834805e-02 -3.2819787744e-02 1.9366104786e-02 9.3177774889e-03 1.1457425965e-02 3.4213367897e-02 1.4959873949e-02 -2.4508993189e-02 1.0511287640e-01 2.5500923792e-02 2.3254614433e-02 2.8579763530e-02 -2.2871533444e-03 3.1448003848e-02 -7.4032854868e-03 3.7511267200e-02 -8.7070081051e-03 1.1841008030e-01 1.7056877493e-02 2.5384121468e-02 -4.9805857548e-03 -4.2941535495e-02 -3.1763130684e-03 7.5332818972e-02 -1.9904567061e-02 4.8439407129e-03 -1.0230745594e-01 2.8492229993e-02 1.9177679462e-02 2.9673585532e-02 -5.4940611904e-02 9.9908950512e-03 -4.6048712134e-02 -6.8454965392e-02 3.8702643687e-02 3.1896655522e-03 2.1040565305e-01 -1.3065486367e-01 -1.1516790219e-02 3.4087640967e-03 5.8809764798e-02 2.0204423319e-02 3.8520805669e-02 1.8884933241e-03 -6.7901271576e-02 -2.0800250799e-02 4.2863426558e-02 -4.5869194661e-02 1.9545296036e-02 4.6553980801e-02 -4.6086631116e-02 2.4461358695e-02 -1.8224517457e-02 -5.3813499217e-02
5.5681055930e-02 -3.7541339279e-02 -7.1016847385e-03 -7.3068102697e-03 3.9095388903e-03 4.1629823720e-02 2.3875363783e-04 2.1376577537e-02 2.2631762308e-02 1.8768343108e-02 9.8977112673e-02 8.2192267852e-03 1.3416201400e-01 -1.3765345441e-02 5.0486187668e-02 -3.4236186955e-02 5.1766944875e-02 -5.1845757907e-03 -1.7709928853e-02 -1.3066753988e-02 -9.9746759063e-02 4.1349189271e-02 -1.0812868319e-01 -2.8535138969e-03 4.4661944506e-02 3.3183507156e-02 -1.4734592422e-02 2.4138089472e-02 1.7743574293e-02 -8.3930689615e-02 2.2638889606e-02 2.0706907742e-02 -6.6108547262e-02 -1.3824634638e-01 1.3821415212e-02 -3.8829151359e-02 -2.3089981672e-02 -4.3150996967e-02 -5.4221975522e-02 1.2757249274e-02 -6.2749924268e-02 1.4704853063e-02 1.7763980519e-02 2.9975673998e-02 -4.4533291680e-02 -2.5177377292e-02 5.0180567474e-02 -8.3231054986e-02 -1.2544830743e-02 5.0782117675e-02 9.3978394365e-02 1.2853171237e-02 -5.3070216115e-02 4.2578263889e-02 -1.3125062111e-03 -3.2154404623e-02 2.8719407363e-02
-4.4352970022e-05 5.3951839235e-04 -7.2711866548e-05 6.5262601087e-05 -4.2650373905e-04 5.5820631706e-05 -2.8265253621e-04 -1.5201239597e-04 -1.3452285700e-03 5.2221119605e-04 4.2717195770e-04 2.0056713038e-04 5.8537175135e-06 -4.3278317368e-04 -6.2362601437e-04 8.7350433820e-04 4.7912030196e-04 1.3095096592e-03 -8.8005978148e-04 1.1220938604e-03 9.4635521658e-04 9.1633610586e-04 -7.1549486272e-04 -5.4236976558e-04 -4.6576015625e-04 8.3025816006e-04 -6.7020180857e-04 -1.5651863741e-04 -2.0813878330e-04 5.5193581643e-04 9.1203389296e-05 8.6319934181e-04 2.2987003913e-04 6.0294647906e-04 5.1050593018e-04 1.9633514126e-03 2.0824310843e-04 5.3214061410e-04 9.1058581116e-04 -1.4261702862e-04 4.5628067306e-04 3.3641904741e-04 -5.4283189955e-04 -9.6062031669e-04 2.0998856924e-04 3.2967062549e-04 -6.4683481469e-05 5.8720528853e-05 4.0929070095e-04 -8.1985318439e-04 6.9097223157e-04 -7.4580884153e-04 1.8610113460e-03 -8.2201581834e-05 -9.1758050559e-05 2.1995045998e-05 1.5943435260e-04
-9.3094666143e-04 -5.6674955845e-04 1.0520478026e-03 4.5069791481e-04 -8.7963001906e-04 -2.4821777247e-04 2.9249456623e-04 -7.4965687308e-04 6.5042731474e-04 -8.3730081368e-05 -2.1090694346e-04 2.8913969940e-04 -4.8385248220e-04 -1.0996988898e-03 -5.7315843735e-04 -4.9488642493e-04 -6.8594727580e-04 -1.7224417088e-04 2.2995802995e-04 3.1733449566e-04 -8.0316701827e-05 -4.8808781483e-04 1.1076930885e-03 3.1207999508e-04 6.4804979887e-04 -1.2969582922e-04 -2.0172325313e-04 1.7332248075e-04 3.5102160858e-04 3.4446534674e-04 5.2669673435e-04 -9.3154065231e-06 2.3470334463e-04 1.7726629994e-03 -1.0530605146e-03 9.6330845965e-04 7.2965875653e-05 3.0253483380e-04 1.4692314610e-03 1.4416505071e-03 -6.6112793093e-04 7.7613732064e-05 1.8513997230e-04 -7.3134325297e-04 -2.3679204757e-04 -1.7323306944e-03 -4.1942712365e-04 -7.0089848100e-04 -6.1611777556e-04 6.8756100078e-04 1.4998282106e-03 -6.3962015445e-04 2.2408450492e-04 -3.7022716875e-04 -1.1117712344e-03 -2.1427923620e-04 4.7654572258e-04
1.9632826419e-04 -2.0362564282e-04 -9.9078634769e-04 1.4506595318e-03 1.4032621730e-04 -3.1646312314e-04 -1.0253873859e-03 -1.1016020967e-03 -3.9880939232e-04 -4.1531472739e-04 5.4849763324e-04 4.8741701864e-04 8.4409449092e-05 6.4365938808e-04 7.9067322638e-04 -1.1572017093e-05 -5.2253462520e-05 5.5212377021e-04 -5.8052158132e-04 -7.4691446802e-04 -3.6155568033e-04 -2.7919400873e-04 -1.4225152037e-04 4.9965106195e-04 -6.5726874959e-04 -7.2403995394e-04 1.4594200823e-03 1.2396785178e-05 3.1030029627e-04 3.5421162760e-04 3.9642766417e-04 4.8128144423e-04 5.3708926888e-04 2.7125052437e-05 -5.0229213104e-04 -1.1273426070e-04 1.1792064430e-03 2.9666069847e-04 7.3115151196e-04 2.5058625592e-04 3.6672207768e-04 -9.9176630645e-05 -8.5736081766e-04 1.4468777514e-03 -1.6112838777e-03 7.0408872582e-04 -1.6408010452e-04 5.8440775716e-04 8.6533572049e-04 -2.3785752353e-04 -7.6022321926e-04 -4.6452940779e-04 6.6420687254e-04 1.1939795826e-03 8.3807653363e-05 -3.2220524332e-05 6.7567525422e-04
4.0403601920e-02 5.6499476114e-02 3.9015170818e-02 -4.0271395736e-02 -4.9680052708e-02 -5.0703358325e-02 -1.6965914189e-04 -5.1648843187e-02 5.0807203570e-02 -3.5841784649e-02 4.0144651530e-02 2.3668319393e-03 -2.7985465363e-02 -4.1724189286e-02 -6.7108505236e-03 2.5239928302e-02 -4.8514324988e-02 4.4766357680e-02 1.7678106091e-02 -1.8363291730e-02 4.7662891194e-02 5.1161901773e-02 5.3288303090e-02 4.6721496779e-02 4.0038657532e-02 1.5168638225e-02 -4.5662822394e-02 -3.3167415980e-02 4.4403576806e-02 9.8427253621e-03 -1.2856757810e-02 3.6932326885e-02 4.8656404241e-02 -1.1487363798e-02 -1.8080658610e-02 -4.4606140773e-02 4.9144301381e-02 -5.0598769612e-02 5.5674422875e-02 4.8900730487e-02 -8.6521731653e-04 -5.1756763904e-02 3.9812502987e-02 -4.3152268727e-02 -6.6010289740e-03 -4.7375362366e-02 2.8615784567e-02 -1.5533854712e-02 6.2811299339e-02 2.6408204525e-02 5.2325666241e-02 -4.7909400221e-02 -3.8190974700e-02 1.9461690071e-02 2.0088074462e-02 -3.1111599390e-02 4.9595484071e-02
1.4883817108e-01 -1.7517312115e-02 1.0088721865e-01 1.0311283608e-02 6.4608283673e-03 3.4817475475e-02 2.5409287084e-02 -4.9107636721e-02 -5.5355751965e-02 4.4017772632e-02 3.5266776364e-02 -2.7566756815e-02 -2.8907937614e-02 2.1685173740e-02 3.6448626173e-02 -5.0923370486e-03 -2.7116050811e-02 -2.0650295827e-02 -7.5643665435e-02 4.4005407986e-02 -2.3243226832e-02 -4.1994424161e-02 1.5584581983e-05 6.7295820415e-03 -5.1495693442e-02 4.4828705239e-02 -1.7914573196e-02 -1.2836114748e-02 2.7052394229e-02 -1.5960945496e-01 2.5648429880e-02 -2.0374160273e-02 -3.1022730302e-03 4.2205203242e-02 7.8226893523e-02 2.5440811309e-02 1.9824928756e-02 -4.2512977111e-02 -6.2060451554e-03 -1.8457801917e-02 1.2131270497e-02 -3.2947394053e-02 4.0088675567e-02 1.7136715181e-01 4.9262413864e-02 -8.0677678880e-02 -2.5660182957e-02 1.1762043927e-02 -2.5899887378e-02 -5.5864746753e-02 1.4112423065e-03 -5.9113748454e-02 2.1810213903e-03 -8.5565419315e-03 6.5063688854e-02 4.5081501438e-02 1.0033844897e-01
1.1463934482e-01 2.1748180158e-02 4.2458897551e-02 -7.3247613136e-02 3.6134258655e-02 3.8265586635e-02 6.0447699811e-02 3.9873608728e-02 -4.4986885070e-02 2.4242418849e-02 -8.5982838793e-02 -6.5149812089e-02 3.0854605608e-02 -7.8954976428e-02 4.4821862431e-02 3.2328629501e-02 4.7295149565e-02 -4.9264599949e-02 -1.8716863489e-02 1.3444662176e-02 -1.4763319366e-02 3.1761835718e-02 3.3394141561e-02 -1.3733389061e-02 2.1834050935e-02 3.4743356774e-02 -2.8020036055e-02 -1.6761581506e-02 5.5714492825e-02 -7.0353487820e-02 -4.2502432227e-02 2.5619525489e-02 1.7236235815e-02 3.5328260846e-02 9.1279016515e-02 4.7092379686e-02 -1.9344726564e-02 -2.4682630213e-02 -1.2909127870e-03 2.4877037327e-02 3.2010036129e-02 3.2272764303e-02 -5.0444021466e-02 4.6487302359e-02 1.7637642810e-02 2.2873035259e-02 -6.4523631027e-03 -2.2902455222e-01 6.3538924033e-03 -6.6807095291e-02 2.0198149404e-02 -8.5530743239e-02 -3.4452054887e-02 -2.8225167858e-02 -4.9454799378e-02 -1.9884586061e-02 5.6662901297e-02
-2.6689842190e-02 -4.9943538029e-03 -3.3475977886e-02 -6.0925921317e-03 2.9193125287e-03 1.4910103125e-01 -4.1636056757e-03 -9.2792768231e-02 6.0379011128e-02 3.8038674605e-02 -1.6775626481e-02 -8.2106867609e-03 -4.1745792059e-02 6.3211853203e-02 7.9888828371e-02 6.7221278277e-03 5.3787420185e-02 2.5722053975e-02 8.0905196130e-02 1.4639482362e-01 -3.1523016192e-02 1.9078376479e-02 1.8527757915e-02 -4.7198170357e-02 -2.0624356515e-02 -2.5802000641e-02 2.7251909586e-02 1.0452166150e-02 2.0050228975e-02 -9.7993188566e-02 6.6303774064e-02 4.3406388119e-02 2.9479200016e-02 -1.8645097151e-02 2.7124744659e-01 1.2203109418e-02 -4.2378114824e-02 -1.0577667348e-02 -6.8570859962e-03 8.7571471530e-03 -3.4281449874e-01 -1.4132165954e-02 -3.6712650406e-02 -7.0618692602e-04 8.2004960511e-02 8.1416292659e-03 -4.4302891041e-03 -1.6329838486e-01 5.4000094344e-02 -2.5909176729e-02 4.5991898694e-02 1.6951510856e-02 1.1432785822e-03 4.0305994403e-02 6.8578764284e-03 1.2426628371e-02 1.7949001653e-02
-9.4149663131e-04 4.6501866746e-04 7.1111034789e-04 7.8057665859e-05 -1.9336618294e-04 -9.5946497318e-04 7.9131095795e-04 -5.7135053872e-04 -5.1239996401e-05 -9.4210071405e-05 -2.0236683894e-04 -3.1511049225e-04 -5.7386584262e-04 -2.5697355315e-05 -2.3285115467e-04 1.3382940166e-03 8.3533329903e-06 7.6849325801e-04 -6.5104494233e-04 -1.4063055803e-04 8.7904437854e-04 -1.4304603162e-04 -4.3763799282e-04 -9.8514986158e-04 7.0698144378e-04 6.4884139184e-04 3.3557330856e-04 -3.8866470330e-04 6.0309042182e-04 1.9105695051e-04 1.6577129261e-04 -2.8081125882e-04 -2.6840257569e-04 3.2590467537e-05 4.6260755179e-04 6.2126083799e-04 6.0425010004e-04 -6.9748960145e-05 4.1738620176e-04 8.8142876356e-04 -4.9096299519e-04 1.1754605438e-03 -4.1230924898e-04 -9.9923369354e-04 -6.4823339638e-05 8.2546969975e-04 -4.4012019602e-04 1.3017431731e-04 4.8895657811e-04 -1.2533945653e-03 -1.7231407638e-04 1.8179931471e-04 -5.4598265619e-04 2.3703911647e-04 -3.9559571729e-05 -1.0571080301e-03 -2.1388340085e-04
-2.5050919038e-02 1.1547698078e-01 5.1506683172e-02 -1.2454926006e-02 1.2139261445e-02 -5.0403632047e-02 5.6423800790e-04 3.3316665941e-02 -2.4971120889e-02 2.4665684190e-02 1.3150480368e-02 9.9980197726e-03 2.2545785989e-02 -3.7366260154e-02 -6.3455680350e-02 -8.7723149055e-02 1.7321930378e-02 6.8124198611e-02 1.1530904378e-02 4.7029795656e-02 3.8047550723e-02 3.0918469278e-03 -5.2557938328e-02 -1.7170091238e-02 -3.8678225962e-02 5.8945855688e-02 -6.3362428843e-03 -7.1193610364e-02 -1.4155110548e-02 -3.1473105375e-01 8.7429023523e-02 1.7553603862e-02 -5.1441710126e-03 -1.0278170420e-02 6.4049094480e-03 -7.8990270156e-03 -1.4708397832e-02 -4.6095736603e-02 1.7559270552e-02 -1.2617789507e-02 1.3798463649e-01 -9.6432167003e-02 -5.2503942305e-02 -2.8578214289e-02 2.8021465477e-02 -8.0053454909e-02 7.8514282044e-02 -3.0271223906e-02 5.9182221484e-02 -2.1350386322e-02 2.6907625143e-02 -1.1334170573e-02 5.4239611089e-02 -7.3139634231e-02 -9.1771205958e-03 3.8527312544e-02 -5.1880998444e-02
1.0894822661e-02 1.0839382465e-01 -1.3841871013e-01 1.5919557110e-02 5.3389837692e-02 3.4026434189e-02 6.9716083562e-03 -2.4271256646e-02 3.2426202915e-02 -1.8295767981e-02 -2.9022391654e-02 -9.2832039893e-02 -4.3114968335e-02 -3.4916373925e-02 9.3986484122e-02 -7.3095180005e-02 -2.0898284544e-02 -2.5795288270e-03 -1.8407840177e-02 4.6798966060e-02 -4.0376831829e-02 -2.2607112116e-02 3.8611175019e-02 2.8641749873e-02 -5.1825026844e-03 8.0370814238e-02 -2.9692345788e-02 3.7637574714e-02 3.3670150682e-02 -4.0865980564e-02 3.4413056723e-02 -1.2293910242e-01 -2.9159270523e-02 -3.9724027789e-02 -1.4757467361e-02 1.1836845501e-02 -2.6744566862e-02 1.8947486498e-02 6.6431109806e-02 -2.6018170931e-02 -2.7631905875e-02 -3.0013590776e-02 -5.5482355800e-03 2.8938828855e-02 6.8352594621e-02 6.7203691249e-03 -4.6846475373e-02 4.4713259508e-03 -4.1426318538e-02 4.1734876142e-02 5.0055209650e-02 8.0336150876e-02 2.3834090846e-02 3.2798036943e-02 -3.4931174947e-02 7.2068920397e-02 1.0310658133e-02
6.5084660519e-05 3.2662317999e-04 -5.9640342565e-04 -2.5571107307e-04 2.4630457186e-04 -9.9565806976e-05 5.5061117007e-04 -6.2469217722e-04 4.8720657512e-04 -2.0576335998e-05 1.3975951664e-05 4.2986200258e-04 -9.7847624947e-05 -4.9421612337e-04 -4.9162748516e-04 1.7449906145e-04 -6.6450478842e-04 -8.4937869173e-04 -1.9326183029e-05 -2.5794594684e-04 1.3490029194e-03 -6.1542634552e-05 -5.1112312182e-05 7.9210986592e-04 4.9431228133e-04 1.1834275845e-04 1.0378445203e-03 6.9837401789e-04 5.2795819305e-04 6.0886099055e-04 -1.1830756318e-03 9.3033955169e-05 1.0014897068e-03 4.4482215182e-04 9.0791014787e-04 5.9578828313e-04 -2.1663020182e-04 -2.7671732056e-04 3.7886846276e-04 -3.1748874046e-04 -1.6065542737e-04 1.2274379339e-04 6.8230736291e-04 7.8668131170e-04 -8.9930198079e-04 -2.9394486856e-04 3.8248937546e-04 6.2330054062e-04 -7.2953299063e-04 -6.3696399693e-04 2.7531246781e-04 9.0178653074e-04 4.6252166167e-05 3.2682951307e-04 -1.4721327479e-04 3.9932068996e-04 -5.4190878909e-04
3.3091442247e-02 -1.3826141520e-02 -2.1672225773e-02 5.1330688442e-02 -2.5396429689e-02 7.7701515402e-02 1.1736408215e-02 2.0933305107e-02 -4.4162147674e-02 2.2243688061e-03 2.9151001897e-02 -2.8971749042e-02 -1.9734940289e-02 3.4263017371e-02 -4.6390077654e-02 -4.3956626373e-02 -1.8259256501e-02 8.1816271346e-02 1.9683421338e-02 -2.0872994010e-02 2.1297762115e-02 -1.5430587479e-02 -1.2376956425e-02 -7.8500018819e-03 -1.0402621548e-02 5.8839000872e-02 -5.8671146820e-02 1.0995682784e-01 -2.2082197281e-02 -2.1576380287e-03 -1.2528913863e-03 9.1730673433e-02 -3.3317081531e-02 4.7088220897e-02 -9.4450212660e-03 4.8236753198e-02 5.9258299164e-02 -2.3820603411e-02 4.5054339035e-02 6.4266417375e-02 -1.7496969791e-02 -8.7973211198e-02 -5.1951427501e-02 -2.9899392896e-02 -1.9772392493e-02 -4.9205519786e-02 -6.6632248371e-02 -3.4159950009e-02 -9.0537055949e-02 9.5784932766e-02 1.2329864945e-02 3.9047184600e-02 -3.2929562710e-02 5.4665188863e-03 9.9062935294e-03 -4.3561744712e-02 -2.5519178163e-03
1.9531068191e-02 -5.5476143731e-02 -6.0118247279e-02 1.3476540276e-03 5.6281772573e-02 -1.1080227290e-02 -1.7028188138e-02 -8.1425961185e-03 8.1350853330e-02 -1.1445489110e-02 1.1193830180e-02 1.0183483842e-02 4.1565077919e-03 6.1786548801e-02 3.7331001679e-02 5.3612533790e-02 2.9153179706e-02 3.5809798037e-02 5.6975613093e-02 -1.7686176856e-02 -8.6341830942e-02 -9.3400803058e-02 1.5776020055e-02 -9.7696087292e-02 -4.2492749243e-02 1.8783500970e-02 -5.0059842507e-03 1.3071567482e-02 -1.9150927795e-02 -2.0068836057e-01 3.8123043117e-02 4.8435424918e-02 -4.7098430415e-02 1.4194211838e-02 -6.0694123011e-02 -3.9716233959e-02 1.8120276273e-03 3.3441088596e-02 7.9240184535e-03 1.4438730770e-02 2.3545115085e-01 -4.0850557425e-02 6.5259494715e-02 7.2117307200e-02 -3.6617767537e-02 3.5523277881e-02 1.9851575127e-02 -4.8771070496e-02 3.2288968587e-02 9.8083100673e-03 -6.9990032672e-02 -5.1236786505e-02 1.6013819791e-01 -1.2446956497e-02 -1.9957367037e-02 -8.0616766444e-03 -3.7049407790e-02
1.0764607944e-02 -3.9190446821e-02 -5.2723309729e-02 6.7866731690e-02 -7.5554418967e-02 -9.6901441485e-03 -2.7615610858e-02 -4.5738930448e-02 4.4349722143e-02 -2.5788683161e-03 -5.1172721596e-05 -3.9489267935e-02 3.1910764628e-02 5.1803580223e-02 -7.5745544798e-02 7.5427091862e-03 1.0545153375e-01 2.2575855502e-02 -4.0945103384e-02 2.4451492556e-02 5.7594664715e-03 -2.7840994816e-02 -3.8512745500e-02 2.3100754391e-02 -4.7442511530e-02 -2.8224080872e-02 9.6494788784e-03 -9.9196604211e-02 7.1749716142e-02 -7.9520699789e-02 -4.1889605559e-02 -4.6181333083e-02 -2.6181342932e-02 3.0283439090e-02 -9.4347528975e-03 7.1812437072e-03 -6.2391798863e-02 3.1607671168e-03 8.0446046703e-02 -4.5462415150e-02 9.7892040257e-02 -1.6765974697e-04 -2.4049466970e-02 3.4798641821e-02 -2.6896370195e-02 5.9654149518e-02 -2.0178517078e-02 4.0882474015e-02 -7.5365504812e-02 3.2640430521e-02 8.2010882711e-02 -1.8681088112e-02 -8.2187833291e-02 -6.5421535095e-02 3.1779321301e-02 -1.6907068304e-03 -3.8877038932e-02
6.8918772334e-04 8.2745295031e-04 1.1913134217e-04 -2.4729844153e-04 1.7521007691e-04 1.1768205040e-03 4.5298703619e-04 -4.5349965804e-04 -1.1823952583e-03 3.6126568544e-04 -8.1296956473e-04 -1.7820768389e-04 1.4337121223e-03 1.8410737957e-03 -3.6066451939e-05 2.6379958377e-04 9.5013861279e-04 -5.7252120658e-04 5.1611920685e-04 -1.1541378098e-04 -4.3652058803e-04 -1.8259114543e-04 1.6392727634e-03 -2.2986448422e-04 -1.0451195011e-03 1.3604228704e-04 1.4873646832e-03 -6.3406529585e-04 -2.4999951885e-04 6.0217327457e-04 -3.5108566602e-05 -4.8008309742e-04 1.2615205949e-03 4.3241974958e-04 -7.4645451579e-04 4.2926286774e-05 1.3678958910e-03 -3.5862259628e-04 -4.7627464019e-05 -6.0954364474e-04 2.2728096117e-04 -1.2569435645e-03 -8.9165875047e-04 5.6562571996e-04 1.5345700328e-04 2.7601342393e-04 1.9699669261e-04 -1.6234714464e-04 -1.9019499732e-04 -6.6486685696e-04 -1.0629547378e-03 -4.4721379884e-04 -2.0522753671e-04 -3.3929360420e-04 -8.4824021141e-04 -3.6209115824e-04 -1.4640914298e-04
-4.3014760020e-02 -9.0705316977e-02 -3.2489301419e-02 -2.4422023397e-02 -8.1268515797e-03 -3.8556119640e-02 -1.6693314086e-02 -6.6182726662e-02 3.7169882741e-02 7.9167782837e-02 -8.6323497947e-02 -4.0085364658e-02 7.4985106696e-02 -2.0188383786e-02 1.6987108600e-02 -1.9788271322e-02 2.1035367124e-02 3.4805183537e-02 -1.4070024729e-02 -5.4925955498e-02 -9.4917919462e-02 5.9982605766e-02 7.0886335898e-02 7.1562551564e-02 3.9805080044e-02 7.1280062919e-02 -4.3410287986e-03 -3.1852742384e-03 1.0498723515e-02 -1.9953300817e-01 -7.4012734309e-03 7.3738321431e-02 1.1561146436e-02 7.2449633930e-02 -6.1805364011e-03 -2.3295652607e-02 5.1584429211e-02 3.7112935477e-02 -2.8795839942e-02 -7.2517899308e-02 4.9827571602e-02 -4.1664742732e-02 9.1933340838e-03 -2.0900760004e-02 7.2582443538e-02 -4.2546850415e-02 -1.6625336638e-02 -1.0774562598e-02 2.1466099793e-02 -3.2193770713e-02 2.9952928960e-02 4.5368204340e-02 3.1662115588e-03 1.4999416806e-02 -7.7927907746e-03 -4.8652180239e-02 6.2639139743e-02
3.5495044220e-02 -2.5908006242e-03 1.4960538195e-02 6.1449928629e-02 -4.1284428963e-02 -5.3287135396e-04 4.9176773345e-02 1.2287424156e-02 -3.6122182258e-02 -6.3871340481e-03 2.0116487209e-02 3.8406167246e-02 1.2707752917e-04 -2.1615626307e-02 -2.2345335275e-02 4.3031452300e-02 -4.6703225310e-02 1.9499764677e-02 1.6676160241e-02 1.0474222959e-01 -6.5757477842e-02 2.9455054282e-02 1.5189578047e-03 -2.3697120417e-02 1.5206563794e-02 2.4389419878e-02 1.1754767022e-02 -2.9555463727e-02 1.8673380312e-02 -2.3733362081e-01 -2.4722147066e-02 1.4330471111e-02 -2.2654214358e-02 -5.2018174486e-02 -2.0016190578e-03 -2.6693676322e-01 1.7591143807e-02 6.5232645918e-02 3.4741126641e-02 -4.6465321613e-03 1.9929701196e-02 1.7030135338e-01 1.0860999429e-02 7.2877340651e-03 5.5185970035e-03 -1.7302416507e-02 5.8762799243e-03 -4.0602093260e-02 -9.9394193517e-03 1.1760265391e-02 5.7170242152e-02 -2.4107331330e-02 -2.3253987282e-02 -3.2518228533e-03 1.7940668043e-02 -1.0632438824e-02 -3.9580372339e-02
-1.2726565745e-02 -3.0888762224e-02 -8.5225821389e-03 -1.1286350260e-02 1.7870803322e-02 -7.2682951048e-02 -8.2834447053e-02 -2.6727597571e-02 -4.7917579046e-02 -2.5056215578e-02 2.7636969345e-02 -7.9615304262e-02 2.9557146375e-02 -6.6659198031e-02 3.4770480759e-02 6.4828504646e-02 7.4634951349e-02 -5.6248197123e-02 1.0255192185e-02 7.0624403859e-02 1.7915443131e-02 9.7273132965e-03 6.1581166808e-02 8.0911977866e-02 1.2795269823e-02 -5.7603689674e-02 -1.7411933550e-02 6.6506703208e-02 -1.1323853610e-02 -1.3608445210e-01 3.8702505070e-02 -1.2746529001e-02 -1.0685688426e-01 6.9647700020e-02 1.7280130543e-02 -7.3760153333e-02 -3.9646067661e-02 -5.2196691725e-03 1.5716225141e-03 3.7082648924e-02 1.0456287255e-01 -4.2662436103e-02 -2.1944504373e-02 -2.2777829833e-03 -1.1168467584e-02 -4.8417544596e-03 -6.2781428805e-03 1.3275135852e-02 6.1778491531e-02 9.1822203310e-02 -3.4245134064e-02 -4.6613785639e-02 -1.8805250710e-03 -9.3458080146e-02 -1.9961411922e-02 7.0134686265e-02 -7.4055907934e-02
8.4112171537e-02 -7.1198562006e-02 -5.8144403015e-02 -3.1054906958e-02 2.7131480716e-02 2.1215286127e-02 -9.7358445067e-03 8.6881569102e-03 1.5576583948e-03 -3.0690335920e-02 -2.0784478627e-02 4.4348979380e-02 -8.6731470470e-02 -4.8018298353e-02 4.8374025184e-02 2.0738243866e-02 -2.0792397668e-02 5.4918432852e-02 2.8118539085e-02 -3.2286424960e-03 -1.4038655623e-02 6.5769200336e-02 5.7148069431e-02 -2.4557917294e-02 -4.4401445597e-02 -4.9187439752e-02 -2.4710594038e-02 -7.7598505590e-02 1.6837350795e-01 1.9329182687e-02 3.5137503631e-02 -1.4638100310e-02 5.9543553656e-02 4.1315201616e-02 -4.0898859617e-02 -9.1891675997e-03 1.1733013246e-02 -7.0572965102e-02 1.3290963290e-02 3.1185067319e-02 -9.3210587854e-03 -4.5196258309e-02 1.0818622430e-03 1.8623617149e-02 -6.2365176824e-02 -5.6013045809e-02 5.1842281109e-02 6.9272768473e-02 1.6227536224e-02 5.4361010817e-02 3.3005137899e-02 6.8004683570e-02 -4.1299771920e-02 8.3196748632e-02 -2.4273679007e-02 9.5276220013e-03 1.6233246596e-02
4.0300147821e-02 4.4796921829e-02 -1.0465827729e-01 3.1527606672e-02 7.2785840674e-02 -3.2634081833e-02 4.3456773674e-02 -5.8068617035e-02 -5.2946787935e-02 1.1029311145e-02 -5.1332777713e-03 4.1581728270e-02 -6.9044120833e-02 1.1614051764e-02 2.3814602465e-02 -1.9433328743e-02 -3.8762900106e-02 -3.5342181802e-02 8.7171370891e-02 -4.0906527498e-02 3.0720199162e-02 -1.1264301787e-02 -5.2826016929e-02 5.8912973097e-02 2.6820989572e-03 -4.6337656108e-02 -8.2720139164e-02 1.1870495390e-02 1.1756985314e-02 3.8067173723e-03 2.3954142581e-02 3.7190592680e-02 -6.2332521947e-03 -5.4327777426e-02 -1.6409203027e-02 -2.3329591173e-02 5.3717385194e-02 -6.2202015306e-02 1.6077974420e-02 -7.5050116646e-02 -6.4014065338e-02 4.8092657184e-03 -7.3963336595e-02 7.9278667626e-02 6.1641500259e-02 8.2161702689e-02 1.9112067523e-02 -4.0428474005e-02 4.0272685812e-02 7.0729607976e-02 1.5700634865e-02 -6.1862354887e-02 -2.9140258622e-02 2.1625397621e-03 9.0856746247e-02 -9.0007975738e-02 4.8470680093e-03
7.4470608752e-05 -3.5602573832e-04 -4.5601160163e-04 8.8584183136e-05 7.4767202705e-04 -1.2780512986e-03 3.5839100121e-04 2.1361893663e-04 1.3353630031e-04 -4.0212021220e-04 1.4007788177e-04 9.1494072150e-04 4.4597725615e-04 7.8014896268e-04 2.1774652244e-04 -4.8048670169e-04 9.2882921747e-05 -3.4293918714e-05 -1.5812493934e-04 -1.4773475904e-04 -7.3971694381e-04 2.6548626103e-04 2.6714791690e-04 -3.3297278081e-04 4.8585655214e-04 5.7284252294e-04 1.0560718527e-04 9.1897454856e-05 -1.9698812738e-04 3.3670494054e-04 8.2491050337e-05 -6.1479920106e-04 6.2000506699e-05 -2.2602952706e-04 -6.8200602639e-04 9.8070603132e-06 -4.7806358317e-04 1.8138457958e-04 1.2463121169e-03 3.7258955416e-04 -9.7899830706e-04 -3.2656680153e-04 -2.8244851503e-04 -6.8857491306e-05 4.7831757820e-05 1.0683118949e-03 -2.2534731468e-04 8.0652818409e-04 3.8414981905e-05 4.9074864907e-05 1.7815890595e-04 3.5529330466e-04 -1.8002844587e-04 2.0574617192e-04 -6.7568496894e-04 7.3079258865e-05 -2.6578354669e-04
-1.8230073545e-02 2.7114263264e-02 2.0406740278e-02 2.5296883386e-02 2.3603021003e-02 1.4062930556e-02 2.1720216947e-02 -2.9544174160e-02 -1.5021308625e-02 -2.5757288303e-02 8.8441201855e-03 3.0579628196e-02 -2.2109284665e-02 -3.1434908423e-02 -2.1836954918e-02 1.6213437178e-02 -2.1921464376e-02 -2.0666485951e-02 1.9496741920e-02 1.0810893578e-02 -1.1186045842e-02 1.5107385643e-02 2.6415917278e-02 -1.0222177677e-02 -2.0861971664e-02 3.1954697922e-02 -2.4192188233e-02 2.2962348412e-02 2.0061895536e-02 2.0968611519e-02 -1.3710954203e-02 -1.3611093511e-02 -1.3420645986e-02 -1.1483420664e-02 1.7305695321e-02 -2.1402468133e-02 -1.9308155890e-02 1.5937346123e-02 -1.1829784450e-02 -1.4323892603e-02 -2.3003926215e-02 2.0840992258e-02 2.9355410851e-02 7.1301578852e-03 2.3926028585e-02 -2.1884184868e-02 1.9083613764e-02 -2.6652689401e-02 2.4591123315e-02 1.6599896576e-02 2.2072919055e-02 -3.0949566275e-02 1.8666383534e-02 -2.6933534203e-02 2.4357050135e-02 -2.0896478288e-02 3.1359271563e-02
4.9859493854e-04 -1.3559489711e-04 -3.7428315454e-04 6.6735763032e-04 2.8874916320e-04 2.5507660748e-04 -9.3651766126e-04 1.3746321941e-04 2.5886576558e-04 -2.2765244160e-04 1.2885000564e-03 -1.1360584023e-03 6.0094127323e-04 4.6142634884e-04 -6.2974756709e-04 -2.9501396463e-04 -4.7419220562e-04 9.3866045180e-04 5.5388756669e-04 2.7672105971e-04 -1.9080344674e-04 -1.4920238514e-03 -4.3785307753e-04 3.2010252030e-04 9.8938603446e-04 4.9111806930e-04 3.9602338266e-04 6.5925235723e-04 -2.7189479927e-04 1.7301106497e-04 -1.7595949145e-04 -2.0357858036e-04 6.2168655607e-04 -3.8755219809e-04 4.9578343205e-04 3.7603198330e-04 8.2686789460e-04 -8.9123158140e-04 -1.7833833821e-04 4.4367573760e-04 4.0779854820e-04 -2.3405492525e-04 2.0240467370e-05 -4.5631866269e-04 -7.8912271915e-04 -7.2726985782e-05 1.5132241691e-03 -6.4144880114e-04 5.6787786776e-04 4.5844808139e-04 7.7808702755e-04 -6.7377980525e-04 -1.2035951167e-03 5.8179488062e-04 1.0736064886e-03 1.8382728620e-05 2.6250530266e-04
4.4019822730e-04 -3.3837432886e-04 -2.6508582907e-04 1.1469474284e-03 1.2512334714e-03 3.9275870362e-04 -7.4868563866e-04 2.3186778311e-04 1.1828665009e-03 -5.8343635861e-04 -2.9200362433e-04 -7.1538892215e-04 1.4004042341e-06 -3.7990922003e-04 -1.5353962553e-04 -3.9516730435e-04 3.5052029707e-04 4.5186146914e-04 2.0242239173e-04 -4.6023769847e-04 8.7157592218e-04 -7.9625443135e-05 -6.2972483557e-07 4.4499776619e-05 -1.2268613639e-04 -6.8200273141e-04 1.2093853828e-03 -1.9875293972e-04 2.7443455014e-04 -3.6250931369e-04 -2.9012898858e-05 -1.1340704820e-03 2.1935063711e-04 1.0761089269e-03 -5.0436609630e-04 -9.9616203656e-04 -1.1978674937e-04 1.0084848607e-03 -4.5773190293e-04 -7.2386985732e-04 9.1169717189e-04 -4.4631078363e-04 -3.3640808270e-04 -8.4597856716e-04 -3.4692798223e-04 -2.2783993788e-04 -7.8739023264e-04 -9.9790409143e-06 1.3203626523e-03 -2.8501900317e-04 8.5892335120e-05 1.3767823802e-04 1.2828546081e-03 -9.8930503515e-05 5.3589637150e-04 -3.3710524543e-05 3.5516801010e-04
-4.9104877971e-04 -1.8989545923e-04 1.0662300122e-04 -3.7173478032e-04 -5.3896722840e-04 9.3187750094e-04 8.3953745593e-04 4.3234944809e-04 -5.4783673817e-04 5.2996767982e-04 -2.9113147983e-04 -4.5175020611e-04 1.5396878608e-03 1.1215791991e-04 -6.8759089975e-04 1.1402875319e-03 -2.5840930854e-04 9.6437860342e-04 -8.7654373485e-04 2.6740854812e-04 -6.4895337135e-04 1.0577481548e-03 -1.1123448617e-03 -5.6290617010e-04 -4.8807192938e-04 -1.0056612662e-04 -1.0118689830e-03 8.3463047006e-04 -1.3170355076e-03 -5.3716091878e-04 4.6308651537e-04 -6.9414948716e-04 2.6240183725e-05 9.2972147922e-04 1.3635818311e-03 -4.0260472464e-04 -2.4207511275e-04 1.5158217998e-03 1.5814933166e-04 -9.4318662020e-05 -1.4246686725e-04 5.3158162391e-04 -1.0794793689e-03 -3.1846840924e-05 1.8583806649e-04 -1.6738114928e-04 3.6512880140e-04 -2.5970246859e-04 -1.1349771914e-03 -9.3426107239e-04 1.1912707044e-04 9.2367436514e-04 -1.1614557087e-03 -3.3015369954e-04 -2.5411507699e-04 8.7739701191e-04 -7.0396436493e-04
-4.6193315404e-04 -2.2981335955e-04 -3.4780022344e-04 8.4905690299e-04 -2.3609629373e-04 -2.1750367133e-04 3.5442014211e-04 -2.8261591678e-06 7.1550757993e-05 -8.9172633865e-04 -6.9540296201e-04 -1.8019874369e-04 -5.5063955999e-04 -3.3562249843e-04 -3.4847860602e-04 1.7681501138e-04 4.5364044965e-04 -8.0479673677e-04 9.8738767004e-06 -6.5881004238e-04 2.2829508867e-04 6.8695604716e-04 -1.1863612635e-03 3.6458728398e-04 -9.1647962320e-04 2.2246172646e-05 -1.4143737121e-03 1.9601444285e-04 -5.8226374319e-04 3.6817109253e-04 -1.2846499339e-03 -1.2474892599e-04 -8.8229527623e-05 -2.7424206104e-04 7.6615564932e-04 9.3911512332e-04 1.1734504997e-04 -2.2255202015e-04 3.7675355603e-04 -1.1369594543e-03 3.6437512321e-04 1.1553686217e-03 3.6136580739e-04 -9.3012150584e-04 -7.3118226799e-04 7.7538612519e-04 -2.0815584512e-04 1.0706456559e-03 -1.3911359363e-04 -6.5509700564e-05 1.1015653091e-03 6.1059826144e-04 -8.3658754358e-04 3.9186641277e-04 -9.5735995025e-04 -8.4603128058e-04 2.8754694865e-04
3.7892609903e-02 4.8268310314e-03 5.0454320822e-02 9.1509132634e-03 -3.2287066408e-01 3.3425246604e-02 -5.8584395152e-02 -5.4984023374e-03 -2.7207372794e-02 4.6808743522e-03 -4.9275488887e-02 -1.0899128975e-01 -9.7813434466e-02 -2.1972420631e-02 2.3681738187e-02 3.6714026926e-03 -2.3024595742e-03 -4.5263500136e-02 5.1468289392e-03 -3.3547529248e-02 -3.3397207467e-02 2.2738773190e-02 -3.1507068842e-02 1.4292598045e-02 1.0624271401e-02 -3.7555652477e-03 2.4746213688e-03 -1.3503083553e-02 -1.8818339012e-02 -2.3653821266e-01 -6.7600820566e-02 6.8709829288e-04 1.8130217417e-02 5.1004003838e-02 3.0996797522e-03 1.7296412224e-02 -6.7311244761e-02 4.2660448770e-02 -1.5069421100e-02 2.1910106593e-02 -9.2846257847e-02 -5.1516698827e-03 -5.0205036132e-02 -2.4067115993e-03 3.1169056156e-02 -3.8799570267e-02 -1.2923785149e-02 3.7053438391e-02 3.4094888604e-03 -7.4468266259e-02 -2.5775398190e-02 -2.5954174037e-02 1.4943462173e-03 1.0216658185e-02 -5.3057932837e-02 2.9594382459e-03 3.3250105899e-02
2.7379521031e-02 5.1495145688e-02 -2.6360615979e-02 -1.3017141717e-01 5.1592133465e-02 -2.4485217894e-02 -5.1125769659e-02 3.6051221874e-02 1.2775570318e-03 -1.3427493781e-04 1.0626179648e-01 7.1031154203e-03 3.3087052127e-02 5.6470987940e-02 -4.6142573437e-02 2.7408190982e-02 7.6296039140e-03 -6.0543097304e-02 -1.8571791783e-02 -5.6965724366e-02 2.0528750100e-02 -1.8402388612e-02 1.3671889292e-01 4.7490885566e-02 1.7294370221e-02 -2.6188943734e-03 -4.7825168888e-03 1.8739719929e-02 6.5396536196e-02 1.1139919263e-01 5.4964845042e-02 -8.1938703601e-03 1.8945623562e-02 -4.9973259492e-02 -6.9072209996e-03 2.5538618648e-02 4.1256529499e-02 2.5997460266e-02 3.0057521580e-02 -1.0965670840e-03 -3.2492184722e-02 -2.8115529594e-02 2.5236422567e-02 -4.4208839448e-02 9.9524461512e-03 -6.2095505569e-02 9.0878328297e-03 1.0249911353e-01 -8.9364172165e-02 -1.6747853194e-02 -3.3133030186e-02 -8.2567632581e-02 -1.6950579210e-02 1.8426696391e-02 -9.4759735914e-03 -5.9442830925e-02 -2.9660802210e-02
1.0587405234e-04 9.2902269609e-04 -3.4010511277e-04 -3.6583791693e-06 -3.1115177334e-04 8.8167155279e-04 -1.2256520216e-03 2.4288463468e-04 -3.1863609465e-04 -2.0278941999e-04 3.4554938957e-04 1.0800494474e-03 2.6880106886e-05 1.2227844880e-03 4.8795640357e-04 -6.1272488318e-04 2.9631531129e-04 1.3787891606e-05 -4.5605821319e-04 -6.6542463809e-04 -4.3221595919e-05 3.9336990411e-04 8.5920411948e-05 -7.5488232541e-04 -1.0374649153e-03 1.0821966335e-03 -1.4527466252e-06 -1.9927059481e-04 1.3841508931e-04 1.1247298324e-04 -1.2920621203e-04 -5.7532062779e-04 5.4531492750e-04 -9.7728892078e-05 -5.1206802845e-04 4.6155265759e-04 4.9197666051e-04 -5.8480803875e-05 3.5584153635e-04 2.2758060785e-04 1.2810567292e-04 1.4627254835e-03 -1.5906520178e-04 -1.3026059089e-04 -1.1512294143e-03 -6.8816026098e-04 -6.5715360218e-04 1.0545757819e-03 -1.6104077268e-03 -2.4503533685e-04 1.1698265952e-03 7.9534557695e-04 7.0776435687e-04 3.7239016777e-04 -8.8789476218e-04 3.6258624408e-04 1.9415268780e-04
-5.3692636547e-04 -9.1637947652e-04 -3.6955924014e-04 3.6445028368e-04 -1.0201582519e-03 -7.3064244011e-04 -3.8200337905e-04 1.4809598233e-03 -3.9696773297e-04 2.1372688402e-04 1.4218382420e-04 -7.9439411392e-04 -3.5928737846e-05 1.0441283263e-03 6.6893636237e-04 3.6969040652e-04 7.3582593078e-04 3.6095697083e-04 -2.6210787880e-04 -8.1996962628e-04 -6.8036770686e-05 8.7440923107e-04 5.5706003629e-04 1.5694412676e-03 -5.3743119727e-04 -6.1896171772e-04 5.2106111169e-05 4.9693866522e-05 -1.2600630740e-04 -3.5891044002e-04 1.3957365456e-04 9.2446910254e-05 1.5728931350e-04 1.9075869996e-04 2.1343446163e-05 -8.1832764320e-04 4.2512275994e-04 1.6002525780e-03 -7.4801001913e-04 8.1699929339e-04 5.0443276805e-04 -7.7868473994e-04 2.0714548806e-04 1.2596415455e-03 4.9321664894e-04 -7.2971950469e-04 -2.7642991407e-04 5.9434605968e-05 1.9075441653e-04 -4.1277218491e-04 1.5802119592e-05 8.4916008814e-04 -5.4308361820e-04 5.7517276615e-04 8.3115158362e-04 2.6019647718e-04 2.9804200784e-05
-4.3828276019e-05 -1.1012112411e-03 -3.2823890834e-04 8.5887349333e-04 6.2016524663e-06 2.2272989643e-04 -1.4549947806e-04 2.3313728691e-04 3.1910684554e-04 -7.2701667579e-04 -3.3295440279e-04 -6.3247039929e-04 -2.7178585932e-04 8.3862890432e-04 9.6261507416e-04 -1.9445655781e-03 5.8679929799e-04 1.0982274092e-04 1.1991224827e-04 4.7115151231e-04 -8.9329509102e-04 6.5668822375e-04 -3.4986086983e-04 4.1809488241e-04 8.7698516916e-05 3.8701849129e-04 6.0542039446e-04 -1.9743144693e-04 -8.5511134269e-04 -5.3645715318e-05 1.3221239561e-03 7.3211687116e-04 -5.0849863482e-04 3.2195114253e-05 -4.9346476716e-04 7.4447452120e-04 6.5324926289e-04 2.8610843947e-04 4.6419715396e-04 -2.7362592685e-04 1.1729447409e-04 -4.0350540999e-04 -1.0427747971e-04 -1.4486985253e-04 2.1456282323e-04 3.7173892145e-06 -3.2800440425e-04 1.1123913111e-03 -1.1284728922e-03 1.0088105835e-03 -3.0484259212e-05 -1.9846965020e-04 -4.4107332878e-04 5.9344131026e-04 7.5821502738e-04 6.6212161897e-04 -1.4247530989e-04
6.8039628214e-05 -1.0188924216e-03 -5.2709073929e-04 1.6282988371e-04 -1.0032988526e-03 -8.2415877380e-04 -1.7670832833e-06 -4.0817360571e-04 5.2055562453e-04 6.6434127775e-04 -3.7728228817e-05 1.2321859864e-03 -6.1024582432e-04 1.3893851646e-03 1.3478695648e-03 2.7723898686e-04 -6.2471785273e-04 -1.0209575964e-03 1.0808316140e-05 -1.0810416194e-03 -7.4965169578e-04 2.0772023456e-04 -5.1272112683e-04 2.5172411666e-04 4.5503411565e-04 1.5138082677e-03 -1.3597034246e-04 1.2149561680e-03 4.0713451992e-04 7.0320840519e-04 -7.1209468319e-04 8.6358581193e-04 -1.0897869135e-03 4.2014734118e-04 3.3696599026e-04 9.3769494271e-04 6.8115332780e-05 -1.7122596952e-04 1.8338662720e-04 -1.1440333867e-03 -7.3969612426e-04 1.2732622102e-03 4.5504206005e-04 -1.0861871565e-03 3.5016059380e-04 -5.3825132214e-04 -4.1158006994e-05 4.2631395854e-04 4.4985953787e-04 -3.0701427942e-04 1.6389247398e-03 1.1210955205e-03 3.8690954255e-04 1.3994108727e-03 -9.9793589310e-04 -4.4592888230e-04 3.2049779094e-04
6.5475960209e-04 2.0360744625e-04 4.6710273647e-05 1.1348800791e-03 1.6431586617e-04 -4.3293526409e-04 -1.3567021977e-03 2.3956493182e-04 8.3826045956e-04 -8.6604690393e-04 -2.6164824165e-04 -3.9133151883e-04 1.8370153233e-03 2.2010971224e-04 -2.5709929575e-05 3.6990247918e-04 -6.5909419666e-04 -2.6268416761e-04 -4.8294746478e-04 -8.2109419228e-04 6.2817525101e-04 -7.1498134211e-04 1.8756907936e-04 -2.3877436479e-05 3.3252318209e-04 -2.2748938451e-04 1.0895826458e-03 1.6512051822e-04 3.0146188321e-04 3.3876056397e-04 -1.2407116035e-03 -1.5449755607e-04 7.5452997260e-04 -8.8995368262e-05 -5.2348304844e-04 5.8445262459e-04 -1.4325156430e-03 -2.5533779970e-04 -9.3139436765e-04 4.4757292307e-04 -1.2548702086e-03 -1.4756834535e-04 -1.3264836754e-03 -7.9539496005e-04 2.1880171994e-04 -9.1936718057e-04 3.1004202150e-04 -2.7319814882e-04 -8.6508831193e-04 -1.6366067960e-04 -8.6391336392e-04 8.8705241193e-05 -5.7152753695e-04 2.5990664785e-04 8.3163748651e-04 1.6635328962e-04 9.7521463825e-05
1.1156627388e-01 -2.7685547103e-02 -4.6655501023e-02 -1.5379431379e-01 5.3546735105e-02 2.4430687576e-02 -9.4341638874e-02 4.3345350964e-02 2.3088784919e-02 4.1145009362e-02 -6.2931422360e-02 -5.5120779259e-02 -3.4149683118e-02 1.4280252792e-01 -6.1357200154e-02 1.9474362908e-01 -1.0331999950e-01 2.7652054682e-02 1.6272480243e-01 1.2461932016e-01 -2.0548115663e-02 7.5583449687e-02 1.1629559892e-01 8.4971382843e-03 -9.4722098631e-02 1.6324944931e-01 -7.4494999000e-03 -1.1549666809e-01 6.3719612445e-02 -5.8774199014e-02 1.0336314398e-01 -7.3427321624e-02 -6.5233763713e-02 4.6716019218e-02 1.7993858488e-02 8.4547656298e-03 -2.6787708240e-03 -6.0047707845e-03 1.4903755616e-01 -2.5239187393e-02 -2.2696922996e-01 -1.1561286176e-01 5.0045572701e-02 -6.3825390892e-02 -1.2674230429e-01 1.0079859745e-01 -6.9195128211e-02 -8.1000869479e-02 2.0937638058e-02 5.3047845330e-02 3.3319945284e-02 5.0860119919e-02 8.1069700452e-02 1.6253891180e-01 5.1731352507e-02 -9.2073532482e-02 -1.4732617266e-01
-5.3904370384e-02 5.3886808549e-02 -9.9014596931e-03 6.6765333127e-02 4.9297945940e-02 5.6701014700e-02 3.0404787613e-02 5.7331358188e-02 -9.9413549424e-02 8.5659091510e-03 1.3039338735e-02 -5.7199501589e-02 5.3934907801e-02 4.2911257969e-02 -3.4887913478e-02 -1.0388126069e-02 -6.4383248196e-03 -3.1435369862e-02 -9.4950632525e-02 -2.0678117597e-02 -1.5658748228e-02 -3.3932649150e-02 4.0049198938e-02 -3.1106834190e-02 3.6840925253e-02 -8.3689199867e-02 -4.6932741517e-02 -3.8954024540e-02 4.6851074680e-02 7.0164917209e-02 -3.3690147512e-02 2.9352852667e-02 -4.2081659972e-02 9.6860130082e-02 -1.2785461835e-02 -7.4326743260e-03 -4.5773329638e-02 -9.4836675927e-03 -3.9742019377e-02 -3.9762976421e-02 5.9173221105e-02 5.3003574563e-02 8.5526056839e-03 5.8333020229e-02 3.0748154556e-02 -8.9473472055e-05 7.4707824636e-02 -5.0678790798e-02 -9.1422178518e-03 5.6556691716e-02 -4.7606486993e-02 7.5228229829e-02 -3.1685914792e-02 4.3432059566e-02 4.6156447535e-03 1.8064701214e-02 -4.5379492610e-02
8.3008758990e-02 9.6461290681e-03 -1.5729632855e-02 -2.2706420734e-02 3.0446786986e-02 -4.2604661643e-02 6.7549998459e-02 -9.8036866119e-03 -3.7588710092e-02 7.6802792553e-02 2.7551647460e-02 5.5712103753e-02 -4.1091482659e-02 2.4899393204e-02 9.5646061970e-02 -3.4925009143e-02 -4.3285271108e-02 -2.8310956996e-02 9.8067367166e-03 6.8697644033e-02 -5.0479034953e-02 4.8260445697e-02 -1.2583074256e-02 4.3320975017e-02 -2.6985909959e-02 2.0724787995e-02 9.2473251066e-02 2.4138702984e-02 -9.4276899552e-03 -6.8151066127e-02 -1.4963707949e-02 -2.0504846726e-02 -3.6188709702e-02 7.5103099237e-02 -1.5972175023e-01 4.7380838024e-02 -7.5561233215e-02 -2.7440942125e-02 -2.5031595897e-02 2.3615791814e-02 2.3177598181e-02 -1.6739917839e-02 1.8976075477e-02 -8.7036325360e-02 -2.3461239051e-02 3.6414445136e-02 3.9532144617e-02 -5.3440420546e-02 -5.8094721315e-02 -8.9083181210e-02 1.9574568917e-02 5.5306435923e-02 2.5483350122e-02 1.2573727486e-02 5.3739204720e-02 -2.8696128476e-02 -8.1469803137e-02
-3.8593001053e-02 -5.0342410133e-02 4.6795105986e-03 3.6001589783e-02 -6.3899921042e-02 1.1780824506e-02 -8.8197048341e-04 3.2880993688e-03 -5.3864912286e-02 -2.4789307640e-02 3.3584756360e-02 1.3032945108e-01 8.0374842084e-03 2.4089915657e-02 -2.3283242384e-02 -8.7972237933e-03 -3.7595119762e-02 -3.1746182586e-02 8.5448287166e-03 1.1930012358e-01 1.2763441385e-01 -2.9266212864e-02 -3.3906894524e-02 2.7307534894e-02 1.8323141187e-02 -1.4439273141e-02 -2.1570638770e-02 2.2779975156e-02 8.8656006011e-03 3.9436266503e-02 -1.7437488118e-02 1.9141482233e-02 -2.7330535598e-02 -4.2833081306e-02 1.1086751878e-01 4.5558342830e-02 8.7695474001e-02 -7.7470040977e-02 1.4109636531e-02 -1.2686023034e-01 -6.9888942127e-02 -1.7148661638e-02 1.1718167825e-03 -2.9233163501e-02 -7.6592552588e-02 5.8083831778e-02 1.8713644920e-02 -3.5501128720e-02 2.1195717829e-02 8.9013235939e-03 1.0066825645e-01 -7.3038949685e-02 3.1931641545e-02 -2.3080755038e-03 -1.2052779085e-02 -2.1429404400e-03 4.0339682277e-02
-5.7828217392e-04 -2.5645652724e-04 2.6290487240e-04 -5.6729220433e-04 -4.9970721577e-04 7.4912250601e-04 -1.5783357170e-05 5.9374949721e-04 -4.0676306706e-04 -4.0373803781e-04 -1.5147744766e-03 -5.7700223214e-04 1.0148183175e-03 -7.3428767044e-04 -1.0675742528e-04 9.2385988265e-04 3.2182436911e-04 2.4990391247e-04 5.2893433867e-04 1.1255922227e-03 1.1406394953e-03 -4.8647875452e-04 -5.4162097767e-04 -3.8431055686e-05 -4.3305858367e-04 -1.4770482703e-03 3.7068889446e-05 6.0742053836e-05 2.2486878080e-04 3.5725092047e-04 -4.4155803727e-04 -3.7666338660e-04 3.2636076677e-04 9.5305572228e-04 -3.4758384697e-04 2.8010790444e-04 1.8905889428e-04 2.0190503305e-04 1.2054386983e-04 5.5642613003e-04 -1.2412550842e-03 1.3633423905e-03 7.9886718435e-04 -3.1099794195e-04 -7.2747492256e-04 4.7578640812e-04 -1.9999488384e-04 2.0137687738e-04 1.1565008628e-03 1.1350296912e-04 5.6476739384e-04 4.2589475712e-05 -4.9768749448e-04 3.9521602043e-04 -5.6756705519e-04 -4.8901545357e-04 -5.2001552826e-04
3.3117735820e-02 4.9990024630e-02 -3.5341865062e-02 -5.3425188983e-02 1.3167403938e-02 6.2817674755e-02 5.9536152901e-02 5.2468055225e-03 1.3228415641e-01 3.4810255027e-03 6.0047757222e-02 1.5168062161e-02 -5.9390038119e-03 -9.3652328472e-03 2.9048257300e-02 8.6907942401e-02 -4.5412893820e-02 -6.1749569598e-02 -8.5521649276e-03 1.8617049632e-02 -1.4932175927e-02 -9.8002694868e-03 3.5405213331e-03 -3.0113104489e-02 -3.2451942043e-02 2.3483572272e-03 -1.7734836905e-02 -8.9019015767e-03 5.4331987884e-02 -2.6552331971e-02 -5.9651661473e-02 6.3065113136e-02 -1.6821586002e-02 6.2642287233e-02 4.8700480030e-02 -3.1283960614e-02 3.1768303006e-02 -1.7996710790e-02 1.4851720686e-02 5.3608607277e-02 1.1840567291e-01 -2.7188274735e-02 -6.1943565158e-02 -8.7876343320e-02 1.0729293903e-01 -3.0437195946e-02 1.8735072300e-02 -5.4219175775e-02 2.8862515252e-02 -1.8315357326e-03 7.3954861151e-02 -1.4026429317e-02 -2.9344709408e-02 -1.1388985510e-02 9.9487469398e-02 4.9033769143e-02 -2.2161397812e-02
3.6164755359e-04 3.5978391853e-04 -5.9158871565e-04 -8.6233723691e-04 -6.9329807770e-04 8.3881412397e-05 2.8175881196e-04 -7.2864012868e-04 2.5923730440e-04 2.4135360628e-04 -4.0373594312e-04 3.9736667441e-04 2.0377291604e-04 -6.3091869893e-05 -9.4275137934e-04 -7.1942165591e-04 -7.3889807397e-05 -3.9154460645e-04 2.5238251961e-04 -1.9006106320e-04 1.1578054660e-03 8.2471876404e-04 9.1763576780e-04 5.5899949323e-04 4.1705508858e-04 3.6908091293e-05 1.3911196069e-03 -1.0962200646e-03 -3.5780323907e-04 -3.6665271594e-06 -1.0275888815e-03 2.2713438346e-04 3.7645207104e-04 4.1558875876e-04 -6.2043668531e-04 -7.8651823565e-04 -1.0290523325e-03 -2.2481424928e-04 -3.6569774948e-04 3.0622489518e-04 4.3435487535e-04 -2.7437199370e-04 -5.2753732208e-04 -4.5934439952e-04 -9.5662822857e-04 1.9380785993e-04 2.7950090290e-04 5.0449632123e-04 -1.3067690421e-03 8.4458328306e-04 -1.1467770605e-03 2.1561960766e-04 4.5731341257e-04 4.2755542340e-04 1.3508900098e-04 5.2452365701e-04 -1.7026080236e-03
3.4576635354e-02 2.3464560689e-02 4.9482246377e-02 -2.3849888256e-02 -5.2767997286e-02 -1.1238962884e-02 2.9167435557e-02 5.5550171145e-02 1.8690416121e-03 -6.3407118491e-02 1.4354365739e-02 -1.2276878597e-02 -3.6167599764e-02 -6.2212981443e-02 3.1077426794e-02 -1.2659034518e-02 9.5498169041e-02 2.9175248869e-02 -1.4610497342e-01 5.2780641981e-02 -6.7637116652e-02 3.2347645136e-02 9.3918354816e-03 2.5241681845e-02 -6.5351569263e-02 -4.3140994181e-02 3.9937285072e-02 1.8023220018e-02 1.5311098892e-03 1.8918689548e-01 3.0971868740e-02 3.8330733294e-02 7.1565625641e-02 -4.0754263555e-02 -9.6586654885e-02 -8.4193131825e-04 1.0225003714e-01 5.5013532752e-03 5.6527222059e-02 2.9597869962e-02 1.1753338346e-01 2.4844855725e-02 -3.2110595562e-02 3.8802036529e-02 6.6225192427e-02 6.4934577794e-02 -2.8446377244e-02 -4.8092341205e-02 3.0787140675e-02 1.8544755912e-02 -3.0835118782e-02 5.4732893135e-03 5.3972667526e-02 2.4787516367e-02 2.7224641393e-02 -5.3650333394e-02 -2.2639505346e-02
-5.1043424991e-04 2.8868615187e-04 -1.8103548789e-03 -6.9252588299e-04 -9.6473335253e-04 7.4727948043e-04 -1.1721969083e-03 6.3729916678e-05 3.7681578577e-05 -8.6499387626e-04 -4.4167463932e-04 7.7703648517e-04 -9.9646387716e-05 1.0981176538e-05 -1.9015562217e-04 -4.1888500205e-05 4.7289539358e-04 -5.8174969113e-04 9.7056874011e-04 9.0442772502e-04 -2.1161854802e-04 -1.1945248637e-05 1.4649177688e-04 -8.7427347674e-04 -6.3983132308e-04 -2.1707862490e-04 8.2474360033e-04 1.2621074441e-03 2.1406994837e-04 4.7127945490e-04 2.5450754496e-04 -1.8660091380e-04 -1.1631873874e-03 -7.5021652819e-04 1.0002170868e-04 -5.7712870264e-04 -3.5159263374e-04 7.0959459663e-04 -1.2414776250e-03 5.7773507843e-04 3.4517691950e-04 9.0318674152e-05 8.6772710471e-05 -8.4738323955e-04 2.7407040244e-04 -5.2616832565e-04 -9.1173022092e-04 4.2392168767e-04 6.2918835106e-04 1.2893247106e-04 2.7698162160e-05 1.3813106011e-05 4.1565621412e-04 -2.2732793269e-04 2.1510743432e-04 5.1822212570e-04 -4.0717453044e-04
-7.2685203544e-04 -3.0033621006e-04 1.9410982436e-04 -8.9926502393e-04 -1.1763740368e-03 -7.0335369961e-04 -1.3330588062e-04 2.9850324992e-04 -1.5957814987e-04 3.4706800632e-04 -9.4920112273e-05 -7.7440924465e-04 6.2647984302e-04 3.6479862398e-04 -1.2173307491e-04 -5.6717488506e-04 -4.9717116184e-04 7.4724278229e-04 2.1058253768e-04 2.3175606768e-04 -1.1621054439e-04 -4.0933418706e-05 3.0152724828e-04 -1.2775469914e-03 -7.2391739750e-04 -5.4529410301e-04 -4.5215167485e-04 -5.0131135354e-04 5.9162040676e-04 -2.9204455704e-04 -2.1940398213e-04 6.5925699494e-04 -4.1051409398e-04 7.1395698648e-04 9.5036383166e-04 -1.2563375195e-03 -8.6634068489e-04 -9.8779808654e-05 -8.3248235294e-04 -2.0068561404e-05 9.8571813242e-04 -5.9398470478e-04 2.4802280826e-04 1.8711306882e-04 -7.0597203563e-04 -4.6271271757e-04 2.3730862003e-04 2.2714729528e-04 -1.4765819347e-05 -1.7775674915e-04 6.5314125870e-04 1.1967946335e-03 -1.9032918538e-04 -3.4994104863e-04 1.7962410734e-05 5.3391923399e-04 -2.6390509067e-04
1.4661321551e-02 -5.8177569580e-02 7.3049032715e-02 9.7801306596e-02 3.9431433299e-02 -5.6143668301e-04 -1.4676334462e-01 3.5571200622e-02 3.9289517468e-02 6.9736745941e-02 1.7042430636e-02 -3.8018774589e-02 -1.8715416531e-02 -4.8314826062e-02 3.1461936425e-03 -3.1718072758e-02 5.0675556821e-03 -8.3825380067e-03 4.8752119513e-02 7.4081667019e-02 -1.8517676443e-03 -1.1409449359e-02 -7.4271990398e-02 4.2081124912e-02 -1.2137600782e-02 -2.2799729654e-02 -3.5862109503e-02 3.7874025689e-02 2.3481227602e-02 -1.0497662499e-02 3.9391395116e-02 -2.7938945934e-02 -1.0884851981e-02 4.1399207804e-02 -1.4936186964e-02 6.0472303974e-02 -2.5617556204e-02 9.6131055153e-02 3.5697168208e-02 6.5399912539e-03 5.9504320309e-02 5.1316260927e-02 3.0108560298e-02 -8.8000104876e-02 9.6477887337e-02 2.9307652000e-02 7.0084798995e-02 6.3100648426e-02 3.3329550982e-03 2.8947014689e-02 -2.8689725851e-02 -4.4103431163e-02 -3.2506609316e-02 7.4623063958e-02 1.7732288293e-02 2.4807780608e-03 1.7212013536e-02
7.4664311502e-04 3.4530457446e-05 5.7904086437e-04 6.8539847148e-04 1.2047907278e-03 -1.3115968960e-04 -2.9740582034e-04 4.5045587472e-05 1.3939468628e-04 6.5859630745e-05 6.9806153455e-04 8.9146045637e-04 -3.9312955439e-04 -6.0797543096e-04 -1.3160634965e-04 3.2388561194e-04 1.4389746081e-03 4.3507166588e-04 6.8493429867e-04 -5.0529364459e-04 -3.3088899920e-04 -4.3776512970e-05 1.3126984837e-04 -5.2910613267e-04 -8.2655140583e-04 -5.8439901794e-04 -2.4331514360e-04 1.5184106053e-03 -6.2374944576e-05 -7.2928368621e-04 -6.5045219278e-04 4.0085989694e-04 -5.3693644431e-04 2.9356200494e-04 -2.6997120977e-04 -1.8024446820e-04 -3.6016023761e-04 6.9531316774e-04 3.4588625521e-04 -7.8256119948e-06 -8.3058206921e-04 4.2420350822e-04 8.9029038255e-04 -2.4525583646e-04 -8.7157945293e-04 -1.3663399741e-04 2.2977986689e-04 4.2533200109e-04 -3.3354771505e-04 8.4793594116e-04 2.7472099051e-06 1.0843855812e-04 5.2133084270e-05 3.0196920833e-04 -2.0049772442e-04 8.2383204501e-04 2.4688416562e-04
-1.0498716122e-04 -7.3942956503e-04 -4.4355078424e-04 5.4975139119e-04 7.4951068971e-04 -1.0208111252e-03 1.9931419232e-04 8.9664729257e-05 7.7118947302e-04 1.0718133335e-04 4.5124688680e-04 1.2883904350e-04 -9.0370179790e-05 6.6562330206e-04 1.4275188055e-03 -6.7543392799e-04 3.4057734826e-04 -6.6382288694e-04 2.4045698050e-04 -8.8000755340e-04 -1.3130201085e-04 -5.2097567166e-04 -4.9653758935e-04 6.7991739445e-04 9.0840796677e-06 1.1031503241e-03 -5.4857771715e-04 -4.9860720261e-04 1.4255329332e-03 -5.8608188132e-04 1.0315719902e-04 -8.8009534382e-05 2.5720392374e-04 9.9299871092e-04 2.0147487016e-04 6.4287635135e-05 -6.8925833977e-04 1.2052606440e-04 3.6928771775e-05 -2.6927087803e-04 9.8644124994e-04 -1.9299981500e-04 4.8956349940e-04 -2.3638341035e-04 -1.5828771694e-04 2.5907866589e-04 -4.0247132152e-04 -1.0532489185e-05 -7.4213905235e-04 6.4762662043e-04 4.2634867082e-04 5.4608785773e-04 -3.8263050671e-04 -1.9058686964e-04 -1.8171857410e-03 1.0244848827e-03 5.0643787338e-04
-9.2605288837e-04 5.0482649590e-04 -6.3999751054e-04 -2.1963274083e-04 4.7993953129e-04 -1.1185013227e-06 9.8470847163e-04 4.3645630951e-06 7.2234684770e-04 -2.1137588740e-04 2.7981118709e-04 8.0406962943e-04 -1.8289564837e-04 9.3178240193e-05 1.1582539545e-04 3.8006999700e-04 3.7114470177e-05 1.2492488098e-03 4.5602798062e-04 5.4835641469e-04 -4.5027716221e-04 5.2903707823e-04 6.6927321704e-05 1.0422037460e-04 -3.4244941691e-04 -1.6030572186e-04 -8.2242904091e-05 4.0045755792e-04 2.5824529728e-05 9.3558482091e-04 -5.1198099781e-04 -2.1584898418e-04 2.0629161075e-04 4.4657220106e-04 5.2268163532e-04 4.3034083831e-04 1.0953336140e-03 -8.3314889829e-04 -3.6659578449e-04 2.5407395118e-05 -5.6004162797e-04 -3.7579571309e-04 -4.9586573577e-04 -5.8097157076e-04 3.2472487605e-04 9.4516301890e-05 -3.5344527892e-04 -2.2595342805e-04 -1.7120885385e-04 -2.3058534566e-04 -2.9434574957e-04 8.7237784288e-05 1.7344395167e-03 -7.1167698722e-05 -3.1574127191e-04 -3.3675579569e-04 -5.1350988005e-04
-1.6271287897e-04 4.8454005148e-04 9.1916714061e-04 -9.0636877355e-04 -1.2853043034e-03 4.8980192197e-04 -3.0809919113e-05 1.8164229070e-04 -4.7526363154e-04 -6.0765957581e-04 4.5158228614e-05 2.9666996439e-04 6.0565204229e-04 2.8874748772e-04 -3.9480496371e-04 -2.6224968883e-04 -3.6318691996e-04 -6.3992024351e-04 5.7102034114e-04 -2.2065711782e-04 -1.2814530614e-03 -1.3877225535e-03 1.0669526225e-03 5.5484915047e-04 1.2642476782e-04 -1.5357094175e-04 4.4139770128e-05 -3.2578723931e-04 -1.0274863465e-03 8.6549939617e-04 -1.0295676881e-03 -1.0572000153e-03 -6.2651832283e-04 1.8847329046e-04 -6.8864723328e-04 1.6001738436e-05 1.5562497729e-03 -1.3576447410e-04 9.4450271248e-04 -1.7210987107e-04 -5.7006817201e-05 -7.0154049875e-04 -2.2734575538e-04 -2.1782491975e-04 -9.4022231428e-05 7.4528616444e-06 6.1589445480e-04 -4.3939615147e-04 3.3445669001e-04 -1.1740520090e-04 2.0259914185e-04 7.8479638412e-04 -7.4031977605e-04 -5.0619950938e-04 4.4519152328e-05 -4.0254406855e-04 -5.6343828919e-04
-4.0620425543e-02 2.5833365346e-02 1.2122920375e-02 1.8585047087e-02 4.7825717214e-02 -2.8749473597e-02 -7.1530344541e-02 -5.7040194995e-03 -2.5908501633e-02 -1.5297098577e-01 4.4104563817e-02 3.2441578448e-02 -2.9700522933e-02 2.5004702535e-02 5.1389318590e-02 -8.5504117683e-03 -2.7691165792e-02 -9.0630952947e-03 8.8219562733e-04 3.9630897755e-02 -8.0957477145e-02 -1.8537770504e-02 -9.5901568936e-02 -4.6505872100e-02 3.0832968475e-02 -6.8166938081e-02 1.3780613668e-02 -2.3233992137e-02 -3.4768350633e-02 2.1253359979e-01 3.1909072405e-03 8.1746584326e-03 -4.1816342708e-02 3.3181977486e-02 8.9814565307e-02 5.3219830742e-02 3.0193191477e-02 2.9171181231e-03 8.5593103121e-02 5.2594309282e-02 8.3123793303e-03 1.9277358343e-02 4.3742544833e-03 -7.0480297624e-02 -5.8168021554e-02 -3.3347990817e-02 -3.4862079447e-02 -2.9719269054e-02 -2.6415552948e-02 -4.0856477039e-02 6.3094962108e-02 -9.3588224860e-03 -7.2793396930e-04 -5.4633037502e-03 -1.0046996316e-01 -2.8875736294e-02 7.4891268473e-02
-7.1762125244e-05 3.1126152535e-04 -4.2702939403e-04 -2.7646597624e-04 -8.0191760585e-04 -1.0341562601e-05 1.4615773388e-03 -2.3716258421e-04 2.1777815090e-04 -2.5125520157e-04 -1.2578547351e-04 -9.2396020779e-04 4.4150838922e-04 -7.0673221022e-04 5.8741896404e-04 6.2205122347e-04 -1.8528940779e-06 -5.7087883684e-04 7.1474637171e-04 -2.0533902150e-04 1.0349504074e-03 5.2971119166e-04 -7.3371247086e-04 4.1028202652e-04 -2.3164487122e-04 2.2144234498e-04 1.9366471456e-03 -6.4843956512e-06 2.0813413364e-04 -4.4336420019e-04 6.5409615604e-04 4.1837644742e-04 6.2393931031e-04 4.3652404583e-04 1.9049685422e-04 6.4278725950e-04 7.5760686172e-04 -8.0594981085e-04 2.0170332259e-04 -4.3899728860e-04 5.2909435942e-04 -8.7855915045e-04 3.2807943926e-04 -4.7359048895e-04 2.4440307682e-05 1.0302583760e-04 -8.5895328049e-04 5.9980999401e-04 -4.8321791609e-04 -2.8384467251e-04 -1.0144858593e-04 3.3080123041e-04 -3.8193868392e-04 3.0161630556e-04 -4.1473253103e-04 -2.6367809155e-05 -7.0893628618e-04
7.5041451862e-02 6.6856164444e-02 2.9585335619e-03 6.6299576747e-03 3.0963514360e-02 3.4666507828e-02 -3.6716965948e-02 5.6362188138e-02 4.6122634296e-03 -3.5698224596e-02 -5.3381527574e-02 -2.6091153063e-02 -4.0517234723e-03 -3.0216443637e-02 4.1816567361e-02 2.1452239153e-02 -9.5089916554e-02 5.6783198468e-02 -1.8476076088e-02 -4.2711471517e-02 -1.8891165437e-03 2.1042078344e-02 2.1236470680e-03 -4.1022035665e-02 5.5431530958e-02 -8.6325516108e-02 -2.6967569477e-02 -1.9850355153e-02 -4.6052751109e-02 -3.9957490322e-02 -6.1602804997e-02 5.9287686583e-02 -7.8355930317e-03 -5.7562834029e-02 -1.3673088068e-01 2.7348221715e-02 -7.3487166894e-02 8.6005019438e-02 5.9155408534e-02 -4.9418061290e-02 2.7197346536e-02 2.8014112835e-02 2.8289144833e-02 -1.0938085601e-02 -3.1847390319e-02 -4.7620083368e-02 -2.6698034169e-02 7.0484636799e-02 1.0802688231e-02 -1.2532595284e-01 3.7036784440e-02 -3.0887614931e-02 -1.9063131957e-02 1.3430857036e-02 7.3190607734e-02 2.1147555771e-02 2.6437768222e-02
-5.9490023969e-02 -2.3753862730e-02 2.4488590213e-02 -2.9396190936e-02 -3.3953040829e-03 -7.6793076277e-03 5.5095364236e-02 -6.2066933789e-02 -2.1283599657e-02 1.2905628492e-02 -4.6483230759e-02 4.5249571883e-02 -4.8681310555e-02 -1.2790194632e-01 -1.3193920279e-01 -4.0624522068e-03 5.9134768223e-02 -1.4335311450e-02 -8.2057888160e-02 -7.0824495251e-02 -1.3714367798e-02 -3.7057578914e-02 -2.2649708362e-03 -1.5183490817e-02 1.4223851200e-02 -5.2894474038e-02 -1.9800900687e-02 8.8292391810e-03 -8.5090184192e-03 -1.8895428472e-01 2.6978190135e-02 1.1803885767e-03 1.6992406943e-02 1.2127902164e-02 -1.9156476021e-01 4.4248712470e-02 -1.0211843840e-01 1.1310264201e-02 -3.1287703068e-02 7.3139627817e-02 -1.0190694601e-01 -7.7702029486e-03 -6.8785933615e-03 1.4256304285e-02 2.3986123721e-02 -1.4421895717e-02 -1.3454972985e-02 -2.2542651638e-01 -8.9306319943e-02 -1.3751387468e-01 6.3080662252e-04 -5.1021074109e-02 5.3003067586e-03 4.7690668775e-02 -3.7384775421e-02 -3.2473149298e-02 -9.3484497447e-02
3.0166104174e-04 -9.8336123240e-04 -1.0160275377e-03 4.3015461935e-04 1.1188598250e-03 -5.0183198433e-04 5.0954834804e-04 5.0175855546e-04 -7.5431971032e-05 -1.7113750162e-04 3.5302714770e-07 -9.3785356109e-04 2.6737287625e-04 -4.2735537564e-04 -1.0885864770e-03 1.2993944994e-04 3.6682637088e-04 -4.1692785898e-04 2.6842189980e-04 -1.4622295983e-04 -5.6644621769e-04 1.3716984750e-03 2.7915965729e-05 -6.6753334012e-04 -6.7928087538e-04 2.3314710129e-04 1.5426133685e-04 2.7654196821e-04 -7.5420712794e-05 8.8732698202e-04 6.9968034172e-05 9.1958362214e-05 -2.9359944329e-04 -5.3570350670e-04 -1.3990836093e-04 5.0040810932e-05 5.1631530787e-04 -1.4849889232e-04 -1.0732619091e-03 7.3898249020e-04 3.9413972349e-04 2.4444682456e-04 5.5281316405e-04 2.1371441783e-04 1.1980182343e-04 7.0237435843e-05 3.3267485710e-04 8.1286420292e-04 1.2428807247e-04 -1.3080100703e-04 -2.8139373045e-04 -4.6049007527e-04 3.1453292097e-04 1.4884914934e-03 1.0709780613e-04 1.4949297659e-04 5.4334077238e-04
5.7985879497e-04 6.8640178260e-04 -3.9256604521e-04 -4.4724031915e-06 -5.5098553061e-04 5.8992934401e-04 -1.3390842205e-04 3.2345731375e-04 1.6159750759e-04 -6.4159325436e-04 1.1668299234e-03 9.4296631928e-05 2.2916164562e-04 6.0217996299e-04 1.1976248707e-03 -1.9950145786e-04 6.5875872357e-04 6.1321277894e-04 5.8751516302e-04 -2.2946460075e-04 -6.5050599260e-04 2.4540640595e-04 1.5267244631e-03 6.5910395100e-04 9.8512789785e-04 9.0478406822e-04 -5.8183278617e-04 1.3746395243e-03 -4.7168340970e-04 -1.0232213536e-04 5.9489216296e-05 -1.7425047927e-05 2.7553240367e-04 -1.2515800284e-04 6.3349307822e-04 5.8415421170e-04 -1.2890919109e-04 1.7221865536e-04 -1.3511424758e-04 2.3685628891e-04 -2.9289294825e-05 -3.3261801464e-04 8.8457413648e-04 -7.9913662935e-04 2.4158442588e-04 -4.7264338526e-04 -4.2000698722e-04 6.9747080793e-04 -3.5830710853e-04 1.4878881709e-04 -2.3030912735e-04 8.4700178197e-04 -1.9638572095e-04 3.8266404131e-04 3.0267736795e-04 7.8965218259e-04 -2.2411957902e-04
1.1194214537e-01 -3.5147173716e-02 3.1759545050e-02 1.0297768510e-01 -5.5443964126e-03 -1.1436235296e-02 1.2730932791e-02 -8.7270180855e-02 -3.8387180823e-03 -8.0798724913e-02 4.8020156525e-02 -1.9750595354e-02 4.8472525195e-02 -3.1929190502e-02 2.0284618182e-02 3.3820229405e-02 -6.8734568723e-02 -4.0453423412e-02 -6.2479638471e-03 -1.3472419070e-02 -3.5716352588e-02 1.6300349927e-02 1.1509201573e-02 -2.0565245654e-02 3.8856672730e-02 1.2919772480e-03 2.4124255981e-02 -1.2920750799e-02 -5.6860174215e-02 8.3363737849e-02 1.1392322266e-02 1.6680472724e-02 8.5255379147e-02 1.1220080340e-02 2.6535009417e-02 6.0632478951e-02 -3.7525450946e-02 1.3205969658e-03 -9.3352113587e-03 -4.8213710599e-02 1.0224092183e-01 -7.2420475422e-02 -1.0747028699e-02 -2.6334930191e-02 5.6655031182e-02 -1.7007953635e-03 -2.8606629565e-02 -4.9916729913e-02 3.6896276155e-02 7.3491395651e-02 2.1692266733e-02 -1.2582641901e-02 -4.1327183957e-02 2.6663118300e-02 -8.9594633350e-02 4.1595346764e-03 -1.3422170404e-01
5.1292579762e-03 -7.7167248583e-02 -2.4705385114e-02 1.4688653332e-02 4.9939355986e-03 2.5614586473e-02 8.8372107990e-02 6.2512427317e-02 2.5209201730e-02 -8.9245509762e-02 -1.2577266936e-02 3.9922564907e-02 6.1420693123e-02 9.3020645524e-02 3.5688602305e-02 -9.7813348425e-04 -1.9255382367e-02 -2.3734958291e-02 -2.3208061297e-02 -9.7390170846e-03 4.1073643110e-02 3.0474060428e-02 -5.3571847065e-02 9.1667668265e-02 4.3216387358e-02 5.7067271379e-02 1.3110155826e-02 -6.6943313290e-03 -3.6307554487e-03 7.9484048315e-02 5.0714992851e-02 -4.5498023322e-02 4.2319550381e-02 5.8092928962e-02 -1.0436427639e-01 7.5404420410e-03 3.6844433080e-02 -8.2736769792e-03 6.9134822748e-02 -5.1826469508e-02 -2.2209544443e-03 5.4711422029e-02 -3.5850250484e-02 -5.6350328917e-02 -5.5216486801e-02 -4.4460040782e-02 1.1700805117e-02 -5.9362952132e-02 7.3535825781e-03 7.5004678260e-02 -4.1831374218e-02 -2.6249146561e-02 7.0908191498e-02 -2.5927806865e-02 2.9210931417e-02 6.6990672831e-02 5.2144046924e-02
2.1106450813e-04 -1.9660907189e-04 -6.2302820783e-04 -1.7603454738e-03 -2.5791688476e-05 -6.1870394526e-04 -6.3887742105e-04 4.6988158022e-04 4.8334136015e-04 2.5387460810e-04 -1.4792142723e-05 1.8250775258e-04 -1.0390607976e-03 -5.2205759019e-04 4.3136366211e-05 -2.2979455500e-04 1.3991001813e-04 -6.8182751152e-04 1.5011483050e-04 -5.2250067825e-04 7.5634997690e-04 -2.3225970185e-04 9.0616422571e-05 8.8157272289e-04 -5.6144886217e-04 1.0666207590e-03 3.3296168269e-04 9.1125366670e-04 -5.8719244189e-04 -1.1384715248e-04 -1.4038248665e-04 2.5008090688e-04 7.7408709490e-04 -4.4057733548e-05 -3.7479269427e-04 7.6132135874e-04 3.9219484280e-04 -2.8716774558e-04 6.4554144451e-04 -2.6249519663e-05 6.8162034843e-04 -1.8031280878e-04 -4.9968664156e-04 -4.7359932467e-05 -1.3109556569e-03 9.2119073351e-04 -7.1654760996e-04 6.8833442088e-04 -7.4726097273e-04 2.2106529815e-04 -3.6282049995e-04 7.9959429225e-05 -5.4515660964e-04 7.0886510891e-04 -6.5333869767e-04 4.3664539050e-04 -2.5483168646e-04
3.5816160035e-04 3.6975115062e-04 -8.0341311345e-04 -3.7466395033e-04 3.6511914753e-04 4.4737341208e-05 -1.0746047455e-03 -2.7107072714e-04 -1.1315587196e-03 -1.3448493275e-03 2.4194432605e-04 -4.3155573942e-04 1.1435179656e-04 -1.7616839073e-04 2.9287662059e-04 -2.5809396718e-05 -1.0152502756e-04 -5.8686707311e-04 -1.7520099397e-04 -4.4805542530e-04 -6.2230128410e-04 -1.1846921373e-04 2.2980490389e-04 -4.7050363437e-04 7.6599067630e-04 -1.7009951688e-05 2.5139106165e-04 1.0357715801e-04 -6.3521443697e-04 1.0083540657e-03 -3.9117883168e-04 1.0892475173e-03 -1.4506515402e-04 -2.5654908799e-04 -6.2930226340e-05 -7.4401328623e-04 6.0524821534e-05 -1.1070741510e-03 3.0032041605e-05 4.3321774326e-05 7.7658175132e-04 -4.5602322170e-05 -7.4585156423e-04 -2.5223550884e-04 -7.6622393877e-04 -8.6668528209e-04 -3.8791664733e-04 -2.8234393287e-04 -2.5385915604e-05 -5.6077441886e-04 -4.6071530907e-04 2.4065762637e-04 -1.9623533255e-04 6.7336145450e-04 -4.9586984297e-04 -1.4888891842e-05 1.4923350955e-04
4.0214683755e-02 -1.9371021727e-02 2.8277977277e-02 3.1478108812e-03 -3.4995374582e-02 -4.0499774870e-02 -4.1390082755e-02 -3.7225913882e-02 -3.5878677286e-02 -4.4335244389e-03 1.4173339387e-03 5.0412666526e-02 -1.2175414953e-01 3.1009264661e-02 7.0042310938e-02 -4.3999044553e-04 5.2080679376e-02 -8.1286598316e-03 -1.9925027951e-02 -1.6956346826e-02 1.4779015913e-03 -6.7220205036e-03 -3.1991145117e-02 -4.3432711432e-02 1.0416760623e-01 8.5049347720e-04 -3.3753636003e-02 1.2011911583e-02 5.1080018402e-02 -3.3087041611e-01 -1.0533281529e-01 9.6410123915e-03 -1.8872046320e-02 -5.6848082923e-02 1.3406309094e-02 -3.5398954192e-02 2.2471051533e-02 -1.7291398220e-02 1.2254883342e-02 1.3760557088e-02 1.7144360785e-01 5.3169696746e-02 -4.4531270837e-02 -8.2605657694e-02 5.0341299653e-02 -2.1889428957e-02 5.7155945734e-03 6.0027375332e-02 -2.8964544212e-02 -2.5574178887e-02 -4.8312028182e-02 2.9204809805e-02 3.7249295052e-02 -9.5419349390e-02 -8.7076329272e-02 -6.4816939293e-03 1.0341334069e-02
-1.3567405959e-04 1.4886357859e-04 -6.3946531938e-04 2.1864582817e-03 1.5602234653e-05 -1.4925697297e-03 -1.6050312105e-05 1.0047719699e-03 -7.4697803482e-04 -9.9262655289e-04 1.3322970707e-03 4.6995084970e-04 -3.7129333677e-04 1.5781706392e-04 1.1894251183e-03 1.0675375783e-03 -6.3056218444e-04 -1.3654902760e-04 -9.1217776576e-04 1.1337570838e-03 4.1602395773e-04 -3.8323652046e-04 1.0916512319e-04 1.2988073210e-04 6.3527310827e-05 9.5716944115e-05 1.5000511771e-04 -2.1841447060e-04 1.0294234585e-03 -1.3982969635e-04 -8.1543995494e-04 -5.5363890898e-04 -5.6331738877e-04 -4.8804766013e-04 -2.0093972790e-03 3.7122771965e-04 -4.7604239681e-04 1.3744402955e-03 4.7334364121e-04 -6.7974570821e-05 1.0901402418e-03 -4.1395298428e-05 -4.5223878066e-04 2.6221309441e-04 3.4889733111e-04 2.5706321710e-04 6.4062988645e-04 4.4741580415e-04 -5.8071414949e-04 -2.7760840575e-04 7.6279220030e-04 1.8290563957e-03 7.4840069438e-04 6.7464026303e-04 5.2080227295e-04 -3.5997112549e-04 5.8016335406e-04
1.5848196658e-02 -3.1729768177e-02 -2.5842204142e-02 -6.5330089843e-02 6.3447323042e-02 -8.2134664641e-02 -4.7639675391e-04 5.4195850256e-02 -1.9099311723e-02 4.9405175902e-02 -7.4970035530e-04 1.6809023820e-02 3.4020582077e-02 -5.1910459793e-02 3.3399855744e-02 7.4922170357e-02 1.6762875379e-02 -2.3679226814e-02 -3.2105497635e-02 4.4051351398e-02 1.9018269707e-02 -8.8240976284e-02 -3.6307122926e-02 5.1080124710e-02 -3.9175306056e-02 7.4195649873e-02 -7.5652117094e-02 5.2127821289e-02 2.3396883687e-02 1.3845457195e-01 -1.0517212856e-01 5.1123281870e-03 7.0259907965e-02 -1.5179834187e-02 1.9773839018e-03 1.3446009252e-02 -2.6427879024e-02 6.4380554965e-02 -3.7508659700e-03 -1.1250021659e-02 9.2433613234e-03 -8.2707741438e-02 -3.7411948774e-03 2.4741524669e-02 -6.0495831773e-02 3.1863543470e-02 -1.1637174120e-02 -9.4400296419e-02 3.8101546081e-02 7.6116115912e-03 -9.7549483507e-04 1.7287177319e-02 -1.0580596502e-01 -1.6060033137e-03 -3.3880275490e-02 6.4007462321e-02 1.8230710725e-02
3.2211731147e-02 7.4310153663e-03 -6.8432199615e-02 5.8733619867e-03 1.0523277501e-02 5.9731176443e-02 -9.5415839742e-02 2.7418569200e-04 1.3673116181e-02 5.1740161091e-02 -2.3569285073e-02 4.4163715205e-03 -1.8611419902e-02 -3.9618532411e-02 -1.8836959630e-01 1.5587885351e-02 3.7693906837e-02 -5.5904438799e-02 7.3336133004e-03 -3.8563411531e-02 2.7311358652e-02 1.4671432101e-02 4.9193437221e-02 -3.6247854199e-02 3.2275663307e-02 2.7266626387e-02 -7.7148751703e-02 -1.9049813262e-02 1.5917953857e-02 -3.3424874802e-02 1.3244179414e-02 2.3534246212e-03 4.4476263610e-02 2.7377485262e-02 -1.0189552004e-01 2.7327505816e-02 -3.6515695528e-02 4.4747102602e-04 1.2447396932e-01 4.9810060490e-02 1.4059503317e-01 2.4869979720e-02 -6.0178010561e-03 2.2116273261e-03 -1.1205605550e-02 -4.1016260005e-02 2.2392198596e-04 -3.9103431258e-01 9.1015048705e-03 3.7658351641e-02 -3.2483561971e-02 -7.2219579384e-03 -1.0857587457e-02 2.4014057006e-02 -1.2779291114e-02 1.2226491799e-03 3.5099078807e-02
-4.6459256198e-04 -6.2583672160e-04 -1.9726996044e-04 -5.2050772406e-04 -3.8191464228e-04 8.5821738012e-04 -4.5663498510e-04 1.2821340917e-03 9.9060304769e-04 -1.7916065861e-04 6.0232614923e-04 5.6101237598e-04 1.9910793394e-04 -7.8826642757e-05 -1.4460647873e-04 -5.4713939226e-04 1.2619707373e-03 -5.5532245308e-04 -5.3145699810e-04 5.2461275142e-04 5.1576590673e-04 -2.1533516717e-05 -5.9880151934e-04 6.0265748121e-05 -3.2976572509e-04 2.2927217009e-04 5.7264858125e-04 6.1024701478e-04 2.6308203332e-05 -5.2331957881e-04 -6.5250025223e-04 -1.4528977689e-04 -7.9849945572e-04 6.7431842653e-04 9.6155076319e-04 7.7542842373e-04 -9.7439452869e-04 -8.5028235946e-04 1.4603541674e-04 -4.6853207697e-04 3.9186587425e-04 -1.1895065326e-03 -9.0258764304e-04 1.7890844058e-05 -1.0628481475e-03 5.4378108105e-04 1.3157145712e-05 -6.6523593859e-04 3.7913427230e-04 -7.0143707057e-04 -6.9810380261e-04 1.0130575089e-03 1.2067810170e-04 -2.4807483129e-05 -5.9429409715e-04 2.4271115502e-04 -5.0966419502e-04
-5.6740284524e-03 1.2628980393e-02 -2.3718986067e-02 -7.1550492002e-02 2.3420781728e-02 -6.6063231622e-03 -1.1321187978e-01 4.4880618982e-03 -3.0407257511e-02 -9.3746655114e-02 -3.0577722401e-02 3.6760762922e-02 9.0675635836e-02 -8.6980511265e-03 2.9962068363e-02 2.7587550804e-02 -6.0413910155e-02 3.3833010007e-02 5.6605516543e-02 4.8509436860e-02 3.6952395487e-02 -2.8383365317e-02 3.4999939861e-03 6.8495960552e-02 1.4928898580e-02 1.1949149157e-02 1.9311955700e-02 -1.7704078594e-02 -1.3581185067e-02 4.1153264583e-02 -4.2231272289e-02 -6.3135985900e-03 6.3508854577e-02 4.5853734845e-02 4.4268789027e-03 -8.6662003627e-03 -3.0994262373e-02 -6.6632384612e-03 -8.9831401884e-02 8.9289774934e-02 7.3083215030e-02 2.7533221624e-02 7.6722705828e-03 1.1346875443e-01 8.0695741115e-02 2.0914364893e-02 4.7013393638e-02 -1.2289413283e-02 -9.6964919389e-02 3.0909950256e-02 8.0837930655e-02 4.2058910259e-03 5.9385468397e-02 -3.5951153875e-02 1.4864460938e-02 -6.3844477354e-03 2.1324849158e-02
