1.2852203791e-02 4.7493252345e-01 -2.7626336919e-02 -8.9409169220e-01 -4.3686403916e-02 6.3636572282e-02 2.9841719543e-01 8.8887808183e-01 2.0096786147e-01 -6.0131951934e-01 3.5806709180e-01 3.6423343480e-01 -3.6860205641e-02 -1.7149832243e-01 -1.2052329663e-01 2.6815428744e-01 8.3001214999e-02 4.6625981226e-02 -4.5537981826e-01 8.5386927725e-02 1.8973139612e-01 -7.4393687857e-03 2.5261537447e-01 -3.4395510550e-02 -1.1788207266e-02 -4.2100796513e-01 -5.3706042307e-02 2.1207059843e-01 2.6937711875e-01 3.7873709623e-01 5.0059307062e-02 -5.8659782666e-02 2.2791248953e-02 1.1429688862e-01 1.7822715422e-01 -2.6389114069e-01 -5.6664203558e-01 -3.6939878179e-01 -3.0939825049e-01 1.9048435557e-01 -1.4017217469e-01 -1.5678435302e-01 -2.1116740047e-01 1.8804471260e-01 1.5414038940e-01 4.3603820448e-01 3.1501223451e-01 3.6641713506e-01 8.9226331586e-02 -3.8460558150e-01 -5.1123646324e-01 -4.6306445661e-02 -2.4502581150e-02 3.9542834705e-01 6.9744441463e-01 8.3263845414e-02 -2.4627501859e-02 3.5606747671e-02 2.4146849931e-01 3.1425486151e-01 -4.3310774092e-01 -9.1848796508e-02 6.4825985068e-02 3.4622333397e-01 -2.8772952661e-01 -1.8806252590e-01 -8.7816642626e-01 -8.3599828124e-02 5.6491334018e-02 2.8786309837e-01 1.3946037123e-01 5.9184010482e-01 2.8808102001e-01 -9.3461273250e-02 -1.1547864897e-02 6.5318356113e-02 -1.0074476084e-01 4.0292332764e-01 -3.8418405922e-01 -6.5048837152e-02 -2.9238763222e-01 -2.7338503662e-01 3.3722511821e-01 -1.3582028934e-01 -6.9184440852e-01 4.7011461183e-01 8.4684502098e-02 -8.0237146586e-01 2.4112214988e-01 8.8454481009e-02 4.9006815225e-02 -4.0673011386e-02 3.8979830546e-01 8.6790620931e-02 -5.4440238379e-02 1.6313518679e-01 -3.8916774669e-01 6.9280116186e-01 2.6861677702e-01 1.7059499607e-01 1.9138792722e-02 -1.5018954570e-02 2.2310221220e-01 -5.8416449320e-02 1.8375388370e-01 -1.3040916884e-01 2.3544526759e-02 4.7292351284e-02 -6.8009806179e-01 2.2952976039e-01 -1.9791644661e-01 -2.6085858730e-02 -4.2822466011e-01 -2.7678137083e-01 -2.5260689211e-01 5.9331061865e-02 -3.8839762715e-01 -9.8960900703e-02 1.1643984408e-01 2.0004608973e-01 1.8380840415e-02 5.4613683021e-02 1.1032222515e-01 1.6789905914e-01 6.9805442593e-01 2.2426347775e-01 -7.7292109531e-01 -3.1810295959e-01 2.2268349163e-01 -2.0370024657e-01 1.0457036366e-01 -1.3195623402e-01 2.0274964627e-01 2.0249693830e-01 -2.3688519447e-01 -1.2613655104e-01 1.6006689984e-01 1.2712405884e-01 3.5827275275e-01 -6.8378320411e-01 -1.1605169095e-01 4.4757040058e-01 -2.1282322293e-01 -4.1990560499e-01 -2.5016213905e-01 1.0124375772e-01 1.5200935073e-01 2.0715951004e-01 2.1311237274e-01
-1.4667193636e-01 -8.8655657945e-02 -2.8976349517e-01 -1.0472127174e-01 2.7420340211e-02 1.5179916534e-01 -3.4272992115e-02 -1.1228198005e-01 1.4225138650e-01 -3.4245009252e-02 3.8322935835e-02 -4.2920539015e-01 9.9248730475e-02 -2.3965316935e-01 -7.8512885429e-02 4.6971737050e-02 4.7314235938e-01 -8.9037263731e-02 1.9207930389e-01 2.7895253317e-01 2.6859733524e-01 -9.8211110845e-01 1.4454493345e-01 1.0193174720e-01 6.3295543639e-02 -2.8472797261e-02 -2.2793588924e-02 1.6326166946e-02 5.8955619807e-02 -7.7627245766e-01 -1.7985548046e-01 -1.5793555698e-02 -9.3055423923e-02 1.8236001288e-01 4.3263764423e-02 -7.7336978658e-02 6.4809288435e-01 -8.3379200226e-02 2.0711126737e-01 -1.4256130262e-01 1.8467282205e-01 1.0647806007e+00 -2.9246080245e-01 -1.2938955306e-02 1.1610715394e-01 6.9846566045e-01 -4.9528997450e-01 3.0268512488e-01 -5.3921647445e-02 1.9241468893e-02 -4.6640238226e-01 -2.0364261488e-01 5.3349329282e-03 -1.6128369667e-01 1.1588631306e-01 -1.4740646029e-01 1.3042114802e-02 6.3867406208e-03 1.9864085296e-01 3.6569236142e-02 -5.1510759889e-01 1.6480618450e-01 -8.1603589353e-02 -1.7398279295e-01 1.2531554365e-01 1.3092610756e-01 -2.6530925481e-01 -4.0468187900e-01 -8.4268903300e-01 2.6416104844e-01 -6.1686391466e-01 -8.0079312892e-02 5.1936280676e-01 1.5335392265e-01 -1.6899284792e-01 4.8463421745e-02 -4.3867986419e-02 2.1485684067e-02 -1.5861454077e-01 3.0381961443e-01 7.6309665761e-01 -2.1248327705e-01 3.8114030874e-01 6.5996582796e-02 -2.5360141541e-02 1.5350887090e-01 -3.7255412092e-01 -1.2271736195e-02 2.3711891435e-01 4.6753419230e-01 -9.8464154278e-02 5.6158131178e-01 3.3316376470e-02 9.7980011701e-02 -5.5773427310e-02 -1.8867234290e-01 -1.1762730027e-01 -8.4006205058e-02 1.4373657095e-01 1.7974282758e-01 8.2477071372e-02 -1.7471578569e-01 -6.8073140846e-02 -2.1291061363e-01 -3.9076974783e-01 -1.1160061805e-01 1.6679341627e-01 2.2812099321e-02 -1.5978471262e-01 -4.0168003859e-02 3.2035279667e-01 3.8829304018e-01 1.2181521335e+00 4.7170801706e-01 4.6100198007e-01 -3.4448504552e-02 -4.2570343822e-01 -1.1221339442e-01 5.2226563366e-01 1.6316783861e-01 -9.9288707371e-02 -1.8416603753e-01 5.3229404895e-02 1.9502077732e-01 -5.0766786017e-01 -2.0624736967e-01 7.9505630890e-02 -4.1388327638e-02 -3.0745589717e-02 -1.5110317879e-01 -2.7297964567e-02 5.6747371124e-02 1.4409450105e-01 3.8543048680e-01 -7.2639163127e-02 1.6916895384e-01 2.4365219989e-01 -3.2224642120e-01 6.2873599003e-01 1.3137447788e-01 -1.0006388563e+00 -1.7893084420e+00 3.2372985790e-01 -2.3564218385e-01 -3.0214549239e-01 1.5058358150e-01 -7.8025292913e-02 -1.5548998111e-01 2.4054802253e-01
-5.0685202772e-02 -3.2121230177e-01 5.4449751553e-01 3.4621492637e-01 -1.6957229232e-01 2.3432749557e-01 -2.3134361442e-01 -3.6288018447e-01 3.5973622044e-01 -1.4893214039e-01 -1.9912345299e-01 -1.0001990825e-01 -1.2985278269e-01 -1.0492604666e-01 -8.8474753264e-02 1.2571271601e-02 -6.8749209694e-02 -4.9133408186e-02 -2.5215255472e-01 1.3581333728e-01 3.2486850217e-01 4.6424177573e-02 6.9221201824e-01 2.1422835010e-02 7.3592818628e-02 7.4787294857e-02 -7.6547879609e-01 1.7026780894e-01 -3.3476243745e-02 3.3775162575e-02 2.4976560355e-01 1.4964997599e-01 -3.6139905308e-02 -5.8987336098e-02 1.3572046240e-02 8.8996802935e-03 2.3336502107e-01 1.0953447467e-01 4.5365971632e-03 3.1140232969e-01 -2.2890689629e-01 1.5038265247e-03 2.5342324139e-01 3.0690261113e-02 -4.2622501671e-02 2.6768519959e-01 -7.9455909312e-03 -7.7164381488e-01 -1.5984058726e-02 6.9733718079e-03 1.3367209107e-01 7.9228071856e-02 1.4204211229e-01 8.6748426588e-02 3.1853572813e-01 -2.1024605233e-01 1.1703271545e-01 -6.7873477048e-01 -3.9166491589e-01 3.9163451768e-01 -1.2629979669e-02 5.3631385278e-03 -7.5858128838e-02 -4.1816668814e-02 -6.1180855087e-02 -2.2793911617e-02 1.0464363913e-01 2.9711132228e-01 2.1142319849e-01 9.3301698448e-02 -3.5129642155e-01 5.5222645581e-01 9.0901690566e-01 -2.1405938223e-01 3.0325339886e-01 -1.7585718766e-01 5.2827448864e-01 -2.4340287350e-02 3.3959049792e-01 1.6775338528e-01 1.9896442324e-01 3.7852251365e-02 1.4043195772e-01 1.1594151306e-01 2.9081822345e-01 -1.8724709193e-02 2.7817199697e-02 -2.9838016686e-01 -2.7659662397e-01 -1.9693439591e-01 -8.7591608887e-02 3.2611966031e-01 -3.1765871382e-01 -4.8972538123e-01 2.9182056614e-01 1.1717420388e-01 -1.4408251027e-01 4.0215870226e-02 -2.2988516918e-01 2.8903699559e-01 5.4450913690e-01 -6.4303421939e-01 -5.5363026070e-01 -1.8792002573e-01 -2.1302344528e-01 2.5486496588e-01 6.0156991473e-02 3.9192998770e-01 3.8595753424e-01 2.7419775692e-01 -5.1971262809e-01 2.2311300472e-01 -3.8945776641e-01 3.9785139115e-01 4.3289759716e-01 -1.7507077918e-01 1.0144229349e-01 -2.3623159594e-01 -4.5057245282e-01 3.5897842398e-01 6.2976710624e-01 -2.9079514562e-01 -1.6772947962e-01 -1.2955609808e-02 -1.5775254678e-01 3.5433529404e-01 2.0489350324e-01 -2.4434186828e-01 7.2250155342e-02 -1.0104901217e-01 6.7276340016e-03 3.3865861621e-02 6.0776422599e-02 -3.4937451041e-01 5.9549773689e-02 -1.2559218776e-01 4.0363417816e-01 2.0271932920e-01 8.2064072032e-01 2.3692592504e-01 7.8371865722e-02 1.6000548151e-01 2.3214018196e-01 1.4212922111e-01 1.3126635649e-01 -1.8877360224e-01 -1.0934930227e-01 -1.1411665053e-01 3.5898922093e-02
1.2210439142e-01 5.8944420461e-02 3.6113966888e-01 -5.9247858361e-02 1.7980509074e-01 7.3687830076e-01 2.9039075933e-01 1.2079075432e+00 4.0643999692e-02 -8.2365873781e-02 -3.7258370029e-01 8.5727096288e-02 -3.4141805001e-01 2.2660478247e-01 2.2518433069e-01 2.1692359915e-02 -2.2595890112e-01 -7.5386886759e-02 1.6373636374e-01 4.4185732507e-01 -5.2047941966e-02 1.5474390237e-01 -8.1338524606e-02 7.2246604503e-02 -1.9753001961e-01 -6.5374468792e-01 -4.5385965400e-02 2.5799204050e-02 -1.9930506776e-01 1.9639601480e-01 1.1592207150e-01 7.1168387990e-02 -7.9724306911e-02 -4.5375374873e-01 -1.8163689078e-01 2.4271226297e-01 1.3335532365e-01 -1.5882936512e-01 4.2153876895e-01 -4.2103711200e-02 2.3841403234e-01 1.9250674829e-01 -2.2864371648e-01 2.0688166763e-01 -3.8181232210e-01 -3.3774532584e-01 -1.3036099421e-01 8.1449531123e-01 -4.4119321169e-01 -4.5962905358e-01 -1.3128628791e-01 -2.4428724025e-01 1.4171870186e-01 -4.1337783084e-03 5.3028552667e-01 9.8349004545e-02 7.5545813287e-02 -1.0706070280e-02 1.1355203400e-01 3.5436679029e-01 -7.7270874742e-02 1.1480968620e-01 4.7579958518e-02 -3.1889449522e-01 -2.6092351096e-01 -2.0295130714e-01 -3.5914533549e-01 -2.5994508920e-01 -3.4428341055e-01 -1.6093380010e-02 -3.4831867263e-01 1.9691015524e-02 -2.3163661806e-01 5.6497360815e-03 -5.1518585501e-02 8.3497961883e-02 -8.0737698322e-01 1.5621678688e-01 2.6106982385e-01 -4.0270900741e-01 -2.0107318692e-01 -2.2566413985e-01 -3.3485822317e-01 1.7690087251e-01 -2.4754128956e-01 -4.4928976555e-02 2.9086159424e-01 5.0120845229e-01 -5.7077566542e-01 1.8155482190e-01 2.5706257451e-01 -2.6837846036e-01 3.8804747170e-02 2.3754605411e-01 -1.5186075178e-01 6.1958074554e-02 8.0697937729e-02 -3.0969117123e-01 -3.7510670478e-01 -2.7026458915e-01 2.3137392329e-01 -2.7439401560e-02 2.9710145453e-01 1.5828183257e-01 -1.5240526929e-01 -1.4091368148e-01 -1.9061775491e-01 -1.6971022101e-01 -3.9792768875e-01 7.1255152264e-02 -1.2062246878e-01 -2.3982691941e-02 -4.1858839397e-01 -4.8431351157e-01 4.0463948220e-01 2.3752764005e-01 2.2412202888e-01 1.3764387424e-01 3.3259085097e-01 5.4630585526e-02 -2.9188833086e-01 -1.0172262062e-01 -3.1242202480e-01 -2.0446223506e-01 -3.0025608987e-01 1.3863932214e-01 -3.5510602361e-01 4.8562931126e-01 -1.1443297949e-01 -5.2480174176e-02 4.0845162314e-01 -2.0664656693e-01 1.7849972981e-01 4.1635073114e-02 -1.9582940359e-01 5.6008649929e-01 -2.1848822737e-01 -4.6612382259e-02 1.0740583438e+00 -1.5664445808e-01 3.5430978617e-01 -4.0131601440e-02 -1.6267761208e-01 -3.5253125762e-01 -6.5937826211e-01 -2.8088095496e-01 2.4979840745e-01 6.4833625466e-01 -6.4811030487e-02
2.1852021449e-01 4.0216668818e-01 -1.6794646416e-01 -2.6609606887e-01 4.9188742218e-02 6.1884512840e-01 1.8626588091e-01 6.0031638395e-01 -1.8644596718e-01 4.9302129299e-02 4.9833659192e-01 2.8879149481e-01 -1.4493223937e-02 9.1994704403e-02 2.2599361178e-01 1.4643055754e-01 3.7787671818e-02 1.0749195720e-01 -4.6605583551e-01 4.2373540471e-01 -3.2019187534e-01 5.4928256649e-01 -6.8962617103e-02 -5.0206111709e-02 -2.9829802375e-01 1.7775460343e-01 -2.2681660646e-01 -7.1200202667e-02 -1.2317490591e-01 9.7397038207e-01 2.9711147191e-02 -2.7770124265e-01 5.3726252681e-02 -1.2716689012e-01 -8.7301285417e-02 4.8477429421e-01 4.6901438125e-01 -1.1223638918e-01 2.3416161555e-01 5.7755424133e-02 -1.8011096489e-01 5.7513990667e-01 4.1635649050e-01 -1.3090982213e-01 -4.1868192121e-01 -3.3750226353e-01 -5.0979515269e-01 4.0252407580e-01 3.1562548911e-01 1.7724817576e-01 1.9652705262e-01 7.9746504989e-02 1.8061236782e-01 -4.2304121356e-01 -1.4275646999e-01 -2.2388385401e-01 2.1254227965e-01 -3.7235118494e-03 -1.5527810806e-01 -1.0455632129e+00 8.8029899158e-02 -5.8539704380e-02 -1.1381184916e-01 -1.2274310491e-02 3.9364882423e-02 -3.4047466622e-01 2.8226082604e-01 4.0314235460e-01 -3.6787453714e-01 4.3236833450e-01 -9.2125526054e-02 -1.3352681848e-02 4.2933592196e-01 3.1252004544e-02 2.5510097208e-01 2.3171884916e-01 -2.8315230920e-01 -2.7816826256e-01 1.8356656437e-01 6.1637287177e-02 3.7503303981e-01 8.2478788943e-02 3.4128631481e-01 -1.1538280506e-01 -2.0300336459e-01 -1.6740501310e-01 -1.9754629141e-01 -1.7822024073e-01 -2.1074904839e-01 -5.9247597156e-02 -1.9968739183e-01 3.5752328188e-01 -6.0029164197e-02 -1.6753482589e-01 -8.8281596952e-02 -9.8097156723e-02 -1.8867774270e-01 4.2453028358e-02 7.7925710664e-02 3.2078386939e-02 -3.0224846226e-01 -1.5352060232e-01 -1.6685756562e-01 1.9094613361e-01 -2.3617119731e-01 2.6297852785e-01 -5.4433780934e-03 -1.7674412693e+00 3.9630643093e-01 -3.4594147386e-01 -3.8066256376e-01 3.5961602135e-02 -7.4404046233e-01 2.8857736621e-02 5.3038739656e-01 -1.5208576699e-01 1.9192337718e-01 2.6879499776e-02 -3.3473873180e-01 2.2688713703e-01 1.6453618701e-01 2.2996693665e-01 7.4345301558e-02 -1.1259630670e-01 -4.1085621473e-02 3.0152426807e-01 -8.6820072935e-01 2.9070676547e-01 -1.6068866645e-01 -2.8056405842e-01 5.2146320086e-02 -3.1106931433e-01 3.1948293273e-01 -1.4520652449e-01 1.0875995000e-03 2.2320331832e-01 1.5215166886e-01 3.3129988756e-02 8.8451828641e-02 2.1970912222e-02 -4.6677043589e-01 -8.9440006297e-01 2.3018441687e-01 -5.6163034637e-01 -1.7205907316e-01 5.2152928821e-02 1.6152981837e-01 3.4685003529e-03 -2.9726689074e-01
1.5010435576e-01 -3.7146867852e-01 -1.5188378233e-01 4.8612216383e-01 -2.3946210499e-01 -1.1384187718e-01 2.1447391325e-01 -3.0265128576e-01 7.9664902283e-02 2.1695037584e-01 1.7510490060e-02 7.7319062834e-02 -3.8372338131e-01 4.6105611350e-02 -5.8785353356e-01 2.4742464859e-01 -3.3173174010e-01 -4.0236025499e-02 -7.4466176319e-02 -4.6370553438e-01 -2.1598008919e-01 -2.9562852967e-02 3.5950483134e-02 6.4094320564e-02 -3.7481762092e-01 -1.8714003183e-02 -4.0005750479e-02 1.4675317670e-02 2.8606699741e-01 1.1858625915e-01 -1.8305666341e-01 -1.9204416642e-01 -4.7333056791e-02 -4.6468722152e-02 -1.5670476502e-01 -2.6905474578e-01 5.3351414155e-01 7.8244528223e-02 -2.4262579492e-02 -3.4133919473e-02 -4.8669026126e-01 3.5980407017e-01 3.2268988912e-02 7.5855704367e-03 1.2464264868e-01 5.0312270383e-01 -1.4212239537e-01 7.6132190797e-02 -1.5100093112e-01 4.0490904323e-01 -1.8034853066e-01 6.2302525676e-01 2.2183676100e-02 -7.0402671377e-01 1.8845946114e-01 2.4609841099e-01 1.6217370441e-02 2.1558546379e-01 2.9097672264e-01 2.8868660911e-02 2.0549256279e-01 8.1624669065e-02 1.8540164317e-01 -6.2104050318e-02 1.7770226636e-01 1.0530612521e-01 -1.2091632530e-02 -9.6359360400e-02 4.2506175106e-01 1.4087339611e-01 1.6310356872e-01 3.7576200067e-01 6.5849073229e-01 3.6899878888e-01 -2.6971327246e-01 -2.2689081521e-01 -1.3073108872e-01 4.7207324625e-01 -1.2884144415e-01 -1.4831298772e-01 1.6938542967e-01 1.1836988283e+00 -4.2485023805e-02 -1.9114752292e-01 1.3384181655e-01 -3.3383259413e-01 2.8591850438e-01 -1.7956654677e-02 3.5309759062e-01 5.0041951230e-01 -1.0086418286e-01 -1.0460855098e-01 -3.4877372311e-01 8.6273752817e-02 1.8685059759e-01 -4.6345249205e-01 -3.7413259408e-01 3.2398341879e-02 -2.4321843907e-01 -4.8735692551e-01 2.6855429939e-01 6.0569131769e-01 1.8701523244e-01 1.0616612771e-01 -4.6887546534e-01 8.3021428674e-01 -3.2494390818e-02 2.6630116367e-01 -4.2357339439e-01 6.7180591405e-02 -2.2090363453e-01 7.6150122773e-01 -6.9697665011e-01 1.2352077579e-01 -2.7433634422e-01 2.6117517461e-01 -3.2053311691e-01 3.1133498605e-01 -1.5522393096e-01 -2.4663367676e-02 -1.0094247247e-01 -4.8261082255e-02 -2.4795550567e-01 -2.4024457273e-01 -2.4038136345e-01 2.4081589645e-01 -3.9217187039e-01 -1.1745836400e-01 -4.7851964577e-01 -7.5993268059e-02 2.1333208058e-01 -8.4604846091e-02 -5.2314571377e-01 -1.7234650886e-03 -3.1656437753e-01 -2.2609923482e-01 -3.5972353847e-01 -1.0510975988e+00 5.4263430894e-01 -1.4952209775e-01 -2.8334417790e-02 -2.6638468538e-01 1.2885607592e-01 3.4368379545e-01 -4.5421188016e-02 -3.6157747155e-02 -3.3592144616e-01 1.1137112839e-01 1.9630522459e-02
-8.1834080378e-02 1.2816672366e-01 2.6463306626e-01 5.3480409844e-01 1.8292634202e-01 -4.7875331429e-02 1.4630062492e-01 -5.9962703995e-01 2.7139091878e-01 2.8860190891e-01 -2.9636282776e-01 -3.3053750463e-01 -3.3021800656e-01 6.9248439931e-02 -1.2241630234e-01 6.4113915019e-02 -7.2325711692e-03 -6.6306566085e-02 -5.3247310022e-01 -1.8863417871e-01 -1.1691500706e-01 1.0595777348e-01 -1.1249470905e-01 7.3210542722e-02 5.1137944959e-02 -9.6298908990e-02 -3.8267113394e-01 -3.6726180777e-02 5.9482429190e-01 -2.5947201886e-01 3.9503733840e-01 -2.0512605366e-01 -7.4056486433e-02 -5.1438463007e-01 -7.0231337010e-02 -5.2046504587e-01 -2.1333215643e-01 8.2488214071e-02 7.1250676389e-02 8.8229255413e-02 1.1709329042e-01 2.6474841444e-01 1.7284556182e-01 6.4016333807e-01 2.5384299277e-01 -9.0262015264e-03 -1.5366516480e-01 2.8130065137e-01 -2.0827892893e-01 6.1799944665e-02 3.0201162440e-01 9.5463523393e-01 -4.2124248402e-02 7.4557593573e-01 3.4995829090e-02 -7.4616645253e-03 -1.5193615284e-01 -1.6980480880e-01 1.1450381920e-01 2.1581203065e-01 1.4737088503e-01 1.0895171565e-01 3.6102291056e-01 1.0977055167e-02 -2.0102789730e-01 1.8938459961e-01 1.8404729551e-01 -1.8766262082e-01 -5.2976167275e-02 -6.3441054529e-02 1.2079264610e-01 -9.5895848948e-02 2.6571674256e-01 2.7738823922e-02 -2.7321805191e-02 -2.9809575265e-01 -3.9989380035e-01 -1.2948073989e-01 -3.3562646539e-01 -2.2067031677e-01 2.5813458279e-01 6.0941965173e-02 -3.7788627920e-01 2.8318831817e-01 1.2810803743e+00 -1.6769158246e-01 1.2533104250e-01 1.0137337211e-01 7.3074464166e-02 4.1692973494e-02 -2.6758147343e-02 -3.2195964602e-01 2.0411640543e-01 2.7715416345e-01 1.2562985086e-01 4.6315376969e-02 3.6460212205e-01 5.6380649506e-01 -7.4608091702e-02 -1.6495847780e-01 3.7491914848e-01 8.9740572797e-02 -5.0908594201e-01 -2.2410464301e-02 -9.9586763555e-02 8.0285930247e-02 -1.6485725086e-01 -7.4080910282e-01 3.2148690986e-01 -3.1049438489e-01 1.5362752744e-01 -1.1781418415e-01 -5.9361929209e-02 -2.6972446710e-01 -2.2715040646e-01 -4.8481150415e-02 -4.9364293086e-02 1.3946261891e-02 -5.3511592048e-01 -1.6152297545e-01 -4.5487644277e-01 2.3378002403e-01 4.8174720842e-02 -4.2542970427e-03 -5.0046982218e-01 3.8305693032e-02 -4.4471955002e-01 3.0731563509e-01 -2.2554564705e-02 -5.0535614317e-01 -2.7822289501e-01 7.0797919346e-02 3.7355820838e-01 6.9384097687e-02 -5.4556092898e-02 2.8295138827e-01 9.5602003181e-02 4.1043578281e-01 -6.2117218318e-02 9.1261153839e-01 -1.6987992176e-01 -5.4894360375e-01 -8.0781842741e-02 -6.3130387614e-03 3.0057772428e-01 -3.9862414823e-02 1.1024366351e-01 -2.4094355762e+00 -1.7346741903e-01
-1.0760226785e-01 -1.3200338420e-01 -3.7050684566e-01 -1.4230306023e+00 6.4362819064e-01 -1.7583507999e-01 5.6250339261e-02 -2.5848972018e-01 2.3829708432e-01 -7.3430974337e-02 4.5063261373e-01 3.3211579072e-02 -7.6213195482e-02 3.6297165491e-01 -4.6402853364e-01 -3.0123163146e-02 3.1217310773e-01 3.4308290148e-02 6.9415388788e-02 -1.8767614263e-01 8.0007445794e-02 -7.2111707801e-02 3.2407178571e-01 -3.0539824745e-02 7.5038637225e-01 3.1119065638e-01 1.6497840561e-01 5.8861236697e-02 2.6538277737e-01 1.1889596015e-01 2.7256252815e-01 -3.2656553668e-01 1.3750606766e-02 5.2209655484e-02 -3.8584611999e-01 2.5393515846e-02 -3.8798541616e-01 -3.7678613848e-01 -1.7506563121e-01 -5.0437594493e-02 2.3910685525e-01 6.1438980103e-02 -3.0859489180e-01 6.7351970180e-01 3.9007944088e-01 -4.8072423849e-01 -1.0999894105e-01 -5.0552078123e-01 -3.8127106295e-01 2.7284514444e-01 4.1267800524e-02 -2.9330440070e-01 7.0007042809e-02 -1.4484074454e-01 2.5128679075e-02 -2.2672852436e-01 1.9417094487e-01 -2.3598651537e-02 1.5723075639e-01 -2.4583557600e-01 1.0411327713e-01 -5.3108065239e-02 5.3036632573e-01 -6.9429670771e-01 1.5329579388e-01 -1.2300383854e-01 -6.5189552642e-02 -7.0605534641e-02 -9.3667915066e-02 -1.6519442462e-01 -4.4350040100e-01 -5.4402317717e-01 -6.1824449006e-01 -3.6028810610e-01 -1.9581287028e-01 1.5594340640e-01 1.9251180025e-02 -1.5901439137e-03 -8.4933359515e-02 1.9029566486e-01 -3.2371179978e-01 -7.1977836974e-01 -1.6904993321e-01 -3.4259772240e-01 -5.2350336678e-01 2.7643329898e-01 1.3265412547e-01 8.2640656964e-01 6.2018153687e-02 -6.9168615517e-01 5.7585597094e-01 2.9101447502e-01 1.6831745097e-01 -3.4850554650e-01 6.9944550139e-01 -4.6515664100e-03 -2.8846451916e-03 5.0116851859e-01 3.1603238147e-03 -1.8800792414e-01 3.5236147563e-01 2.2094733712e-01 -3.9396114760e-01 7.5089245068e-01 5.1667194162e-01 -1.2626512516e-01 4.2316396421e-01 4.7835700766e-02 1.9298193388e-01 7.4531138087e-02 -1.6412133019e-01 3.4466529717e-01 -6.4605331063e-02 5.6954322699e-02 -3.8100144361e-03 6.3992112967e-02 3.7260957403e-01 6.9827546449e-02 8.1362763756e-01 1.3795548625e-01 3.4197430148e-01 -4.3076435143e-01 -1.4730543296e-01 9.2266157892e-02 1.2609251290e-01 5.7124858586e-01 -8.9352892616e-02 -1.3745399067e-01 1.2727579842e-01 -1.4369347621e-01 -7.3021030249e-02 1.3193573569e-01 -5.0956633347e-02 5.8578000800e-02 -5.3414456230e-02 1.7292699809e-01 -5.4393162163e-02 2.0000575696e-01 -7.4263012881e-02 -4.6024312612e-01 5.8002448387e-02 -2.9876817685e-03 -3.5505668400e-01 2.7879245669e-01 2.4401051959e-02 -4.5959161300e-02 2.0211202038e-01 5.2551751831e-02 -1.2967244523e-01
3.4493822808e-01 -3.2256885231e-02 -2.8613365353e-01 6.5977096204e-01 1.4714371046e-01 -8.1502191367e-02 -3.6985678781e-01 7.2625678632e-01 -1.1832922713e-02 -6.0979604178e-01 -8.9894082940e-02 -1.8222052822e-01 5.4151917677e-01 3.2181275925e-01 1.5510830198e-01 1.9263501459e-01 -1.0973985087e-01 4.5898685596e-02 -1.9364302120e-01 9.8822323127e-01 1.5464217917e-01 -5.2834577023e-01 -3.1963977306e-01 -5.8523243486e-02 -2.1698109516e-01 2.6915642916e-01 3.0471702980e-01 -3.7055274778e-01 -4.1143345087e-01 9.3562144756e-01 -1.4418243338e-01 -2.2675360500e-02 6.2162549978e-02 -1.4302434545e+00 -1.1630237382e-01 -1.2826247366e-01 -4.1017912035e-01 4.1983598859e-01 -6.7690716457e-01 -1.8569288087e-01 -7.0290427644e-01 -6.2803627854e-01 -3.1993359579e-01 1.9344439717e-01 -2.7316280006e-01 6.7921470312e-01 -2.7779563969e-01 -7.4939287282e-01 -1.1271191450e-01 1.7411069604e-02 3.4316439588e-01 8.8331893459e-01 -2.1406893293e-01 -1.0270060290e-01 -1.3731472212e-01 -4.1403421028e-01 -3.5000138306e-01 -5.0722899429e-01 -5.0831297327e-01 -7.5137433343e-02 5.3384076157e-02 -2.7698967184e-02 -3.1765606248e-01 1.1716578535e-01 -1.1238893388e-01 -3.1536334601e-01 1.4503403016e-01 -4.1174916822e-01 1.9369494663e-01 -2.5579238984e-01 -2.8522705115e-01 -1.1871901457e-01 -7.6971736696e-01 2.6590961376e-01 2.8905858731e-01 9.7721488937e-03 -2.9936750565e-01 1.2581597496e-01 -2.2567672603e-01 -3.4494397621e-01 -2.7460696639e-02 4.9273020723e-01 -5.9477869386e-01 -1.8547073382e-01 -7.3690347141e-01 -6.7035712754e-02 -6.5574887399e-01 1.4054486468e-02 1.6427823043e-01 -1.9851305703e-01 9.3756319536e-02 2.5955196631e-01 4.0157618328e-01 2.7069008085e-02 3.4999484631e-01 9.5413794244e-02 -6.8261441881e-02 -7.7730146466e-03 -1.7587493623e-01 6.5655293474e-01 -8.1070755646e-03 1.4911744563e-01 4.8339531292e-03 -4.7425149141e-01 4.4951165684e-01 7.5239239463e-01 1.6969937867e-01 -2.0453368734e-02 -2.7590755693e-01 6.2926614384e-01 5.3361706156e-01 -3.7178092222e-01 -1.0581623254e-01 -3.5503693501e-01 -1.7020669066e-01 9.5764482148e-02 -3.8136531060e-01 -1.6496332784e-01 2.5565003638e-01 -1.5472582998e-01 4.1592759825e-01 2.4514121583e-01 6.5110387358e-01 -2.1115036182e-01 1.6659952718e-01 -2.5074630767e-02 -1.1330341453e-01 4.6808318609e-02 1.5433818818e-01 2.0242094659e-01 -1.9419829621e-01 5.9843687715e-02 3.7123495912e-01 2.4269435123e-01 -4.6112464607e-01 4.2260590285e-02 5.9167802368e-02 -1.0866321581e-01 6.9341421351e-01 -5.8570048393e-01 -5.5543647412e-03 1.1028470693e-01 -2.1899721775e-01 -6.0951860329e-01 -2.8685710310e-01 -3.9476939645e-01 4.7074967962e-04 3.5652944004e-01 8.2245303620e-02
4.2743250242e-01 -1.7050865272e-01 -9.5303096585e-02 3.8645133616e-01 2.4661425021e-01 -5.7179901240e-01 -5.7048467193e-01 1.5862378700e-01 -1.3863535708e-02 -5.8015418229e-01 3.2774854827e-01 -1.3248350341e-01 5.2691704884e-02 1.2927420746e-01 2.1928508942e-02 -8.4975173481e-02 1.2112535151e-01 1.3357739337e-01 -1.2327109914e-01 3.3484278102e-01 -8.4899939140e-02 -1.1612458045e-01 -3.3637290626e-01 -1.1442056659e-01 7.7955725043e-02 1.8483597574e-03 1.1921466166e-01 3.5572499172e-01 4.0570075581e-01 -4.8503016704e-02 -1.2079397138e-01 2.1326447217e-01 9.9984247284e-02 -1.8958404731e-01 1.6168942908e-01 7.7781986586e-02 -2.6412278615e-02 5.2567839712e-01 -3.2587422252e-01 4.8507649613e-01 5.4340878129e-01 -3.3125145088e-01 7.9208460022e-01 -4.0567484205e-01 -1.1185905377e-01 -1.7090838403e-01 -3.3564106609e-01 8.7477686538e-01 1.1599463244e-01 3.5076011808e-01 6.2513720814e-01 -1.0819787538e-01 9.5303662959e-02 1.3276953847e-01 1.0981683644e-01 2.2687166877e-02 4.1701593740e-01 -7.8756118804e-02 5.4824168075e-01 -1.6621850503e-01 3.0073729037e-01 -1.2311986062e-01 -1.4818783441e-01 -4.0641318746e-01 -1.2863150066e-01 2.7258941852e-02 -2.0176278540e-01 -3.7383928506e-02 -8.7761837790e-02 1.4033009206e-01 -4.3004584471e-02 -1.0793419268e-01 -7.0596623717e-01 -2.0923806409e-01 -2.8017007813e-01 6.0485456940e-01 -2.2270853247e-02 5.3450703225e-01 -2.5600586867e-01 -6.7887537306e-01 -3.6058538319e-01 5.1090130375e-01 -4.4286081421e-02 8.7113413769e-01 3.1383821621e-01 3.3216732214e-01 8.5414614501e-02 4.1058306332e-01 1.8146458571e-01 1.4011353255e-01 -7.7394060275e-02 -1.6909850640e-01 -1.7545837817e-01 1.4129603118e-01 2.4702449244e-02 3.9287475314e-01 2.1684565439e-01 4.6584328480e-01 1.9447270083e-01 9.7818230939e-01 -2.2000427552e-01 -1.0546061460e-01 5.1816281545e-01 -3.2942543495e-01 -4.2394975271e-02 -3.6031033142e-02 -2.5180744050e-01 2.4723386088e-02 -4.9956206062e-01 -3.2863879936e-01 -5.4591878870e-01 4.0424169748e-01 1.5345987325e-01 3.0365862184e-01 -7.9969202991e-02 -1.9440922711e-01 -2.6034896025e-01 -4.4637050326e-02 5.3807854897e-01 5.1467591550e-01 2.8360164834e-01 -3.8163185691e-01 -1.2854563572e-01 -3.3576553574e-02 2.4651244173e-01 -3.7109927877e-01 -4.4014635330e-01 4.6633474239e-01 -2.4969920299e-01 2.6916031494e-01 4.5802965042e-01 -5.9435416407e-03 -3.7160986918e-01 -8.0151149643e-02 1.9828657646e-01 1.9187816696e-01 5.3049749446e-02 -2.7741448216e-01 -2.0112829612e-01 1.0781236603e-01 1.5634594333e-01 1.2938128463e-02 4.0213696024e-01 -1.3287555152e-01 -1.0655764027e-01 -1.6704744514e-01 -4.1352720581e-01 7.1799942708e-02 3.7700068536e-01
-1.3305379011e-01 -3.4253962234e-01 2.9819346694e-01 8.2470981672e-02 1.9118559650e-01 -2.2845052817e-01 -1.5701929318e-01 -3.6958997860e-01 -3.5593936921e-01 1.0523755849e-01 5.1016184288e-01 -2.0243871227e-01 -8.5136749586e-02 7.4545436268e-02 4.2326731518e-02 -2.0207197854e-01 -2.0223025242e-01 9.0023893103e-02 1.0333685614e-01 -3.5310210953e-01 5.0759343874e-01 -1.8904189189e-01 4.1294463134e-01 -7.9353788231e-02 -2.9554849220e-02 -2.8293519246e-01 -1.0919621884e-01 6.7387919400e-01 -5.8224020838e-01 -1.3848540552e-01 -2.1561255073e-01 -3.3859064180e-02 7.9109152669e-02 1.1072153790e-01 2.4309111177e-01 -1.4162705361e-01 2.5546983827e-01 5.0319749740e-01 2.9097644219e-02 6.7270617938e-01 2.2860377907e-01 9.6004717523e-02 1.0086381191e-01 -4.0442541817e-02 -5.5547660145e-01 -8.8719937481e-01 -1.5753201020e-01 2.1388046280e-01 -4.6556242990e-01 8.6844952527e-02 -2.4775789762e-01 -3.1595730069e-01 -1.9707113719e-01 -8.5502162865e-02 -3.1129710401e-01 1.8160697974e-01 -2.7830177820e-01 -2.4210452712e-01 -2.0363767040e-01 -2.5684988502e-01 4.9448645906e-02 -5.6435039276e-02 -1.2270571404e-01 3.6965308057e-01 -1.1518863644e-01 -5.3533570658e-01 1.5661193074e-01 1.8336111228e-02 2.3512788669e-01 -3.5691998113e-01 -3.3886314893e-01 -2.4758432808e-03 -2.0762112705e-01 2.8159611248e-01 -1.2299852564e-01 1.0877704028e-01 2.7386379715e-01 -2.4901361166e-01 -1.6494844192e-01 4.1356513115e-02 -9.3638427778e-02 -1.9091280342e-01 4.8564427130e-02 9.1853002824e-02 -2.9104434507e-01 -7.8928657625e-01 2.5399353113e-01 1.1474647016e-01 1.3332738965e-01 -4.4786823486e-02 1.1454534013e-01 -3.2686651040e-02 3.8951152562e-01 -2.3572766510e-01 -2.3196235773e-01 -5.5415335070e-02 -7.5071596509e-02 4.4033110327e-01 -1.3833860040e-01 2.6016890991e-01 -8.3301606766e-02 -1.0679836415e-01 -3.2703972437e-01 -3.2005893440e-02 -3.3621641172e-01 4.5180483535e-02 -5.3926519982e-01 -4.9075509106e-02 -3.3461586924e-02 3.8925218140e-01 -5.3266779062e-02 8.7366110854e-02 1.5073166831e-01 -4.0148832352e-01 -4.0075352736e-01 -4.3903532404e-01 3.1038269597e-01 8.7891552847e-01 1.8726932489e-01 -3.2439957338e-01 1.0747047075e-01 2.2518969829e-01 2.0977230251e-01 3.5969321005e-01 -1.4447171878e-01 -3.8470210332e-02 2.6984258428e-01 3.2748277007e-01 6.2003177361e-02 -8.1873202153e-03 -3.5809425959e-01 -2.3156680655e-01 2.2426445667e-01 -1.5552613314e-01 2.4305150100e-01 -8.4979647543e-02 -5.5199951889e-02 4.4098934785e-02 1.9287294368e-01 -4.1031365257e-01 -3.3671411314e-02 -6.8475817163e-02 -9.6111328876e-02 7.8373597369e-01 1.6733643270e-01 2.2595437443e-01 -1.1919355722e+00 -3.9773952434e-02 -1.7951065947e-01
-4.3796731490e-01 -7.5215819206e-02 2.6262385112e-01 1.1132400619e-02 3.7794601034e-02 -7.3042986235e-01 -1.8779300576e-01 1.9434985671e+00 2.7107866661e-01 5.7894485931e-01 1.7643158203e-01 1.3678501215e-01 -1.4022297075e-01 -1.7212970325e-01 -2.4925825310e-01 -9.6510155394e-02 3.1225215357e-01 -2.2183871794e-02 3.0065928064e-01 -8.2491138427e-02 2.3061892638e-01 3.3737567045e-01 5.0377548611e-01 -3.1288964716e-04 -2.5251306428e-02 3.9424422281e-01 -4.4356198846e-02 2.3171659449e-01 -8.0468584869e-01 4.0478418635e-01 -8.3860575158e-02 -1.6864839837e-01 -1.9523608990e-02 -3.0436421983e-01 -2.2772099566e-01 6.3233033019e-02 3.8403434253e-03 -3.6985915893e-01 1.2230451352e-01 1.1203521062e-01 -4.7478077971e-01 4.4749246100e-01 4.0231802989e-01 1.7381174546e-02 -3.0695101614e-01 -5.1858823781e-01 -6.7306378953e-02 -3.5680585255e-01 2.0694374371e-02 -2.4034791687e-01 2.6811248356e-01 -3.1510623405e-01 3.1704646793e-01 5.7742226140e-01 3.7124908665e-01 -7.7887783136e-02 -1.7748736875e-01 1.1371661897e-01 2.2142709134e-02 -1.2866663150e-01 4.2891362266e-01 -2.6166758362e-02 -1.9207088664e-01 -1.5059892117e-01 1.1009122913e-01 4.0183739152e-01 -3.9336936024e-01 -2.7116646501e-01 2.4039821127e-01 2.8159134800e-02 2.7669232541e-01 1.7401156312e-01 4.0619013509e-01 2.6310502275e-02 -3.1767504431e-01 1.0736598479e-01 4.0010816139e-01 -1.0471153520e-01 1.8453482564e-01 -2.1194182378e-01 2.2268605416e-01 -6.9285759397e-02 -4.7269337201e-01 -1.0991528326e-01 5.4819897484e-01 -7.2020913447e-02 -2.8304993707e-01 6.9458467005e-02 3.2490643062e-02 3.1907972960e-01 2.6414384743e-02 -4.0595350453e-01 2.6958673187e-01 2.1280312310e-01 1.2699311936e-01 8.5121294949e-02 -4.6690317153e-01 -1.5975110446e-01 -3.5375721762e-01 3.2000187571e-01 1.9758882235e-01 1.0777345633e-01 -1.5036957330e-02 2.3078059661e-01 -2.7937288101e-01 -2.4380106937e-02 -3.5666993462e-01 -2.0177115269e+00 -5.4628355918e-02 6.6650814332e-02 3.2995937885e-01 2.0498942641e-01 -6.5996442915e-02 6.5368077124e-01 -6.8839165820e-01 -1.8334614717e-02 7.3912742368e-01 -2.6312194639e-01 1.4376065367e-01 1.8158280592e-01 2.5117783886e-01 1.1390215696e-01 -1.4007003769e-01 1.4027181850e-01 -1.2515405510e-01 -3.7860140817e-01 2.0146827440e-01 -2.1717209221e-02 7.8972847489e-02 -2.1523542107e-01 -1.0450641025e-01 5.6456981343e-01 -1.6460342580e-01 3.4541290418e-01 4.8345217318e-02 8.7897669804e-02 4.0494116780e-01 -4.6688316323e-01 -1.6218262447e-01 4.3690313232e-01 -1.8700410814e-01 -5.4123205118e-01 -5.7495670798e-01 7.9175848337e-02 -1.3919518890e-01 8.4358445910e-02 -6.3482540527e-02 4.2838010915e-01 6.1264985466e-01
-1.7871953545e-01 1.4773667260e-01 4.2060398808e-02 -4.5081833197e-01 -6.5149238374e-01 -2.3721610349e-01 1.2474841651e-01 -8.2809535611e-01 -1.7026299658e-01 2.5281229145e-01 1.4154457885e-02 -1.3073448628e-01 3.8299967242e-01 4.1049439876e-02 6.0568642903e-01 -5.9690555092e-02 1.1844817303e-01 1.0027016713e-02 6.4749230507e-03 5.7707440519e-01 2.5852112995e-01 2.7911661712e-01 -3.9641065184e-01 -1.1140858197e-02 -4.4197838708e-02 2.2721269420e-02 -1.2225086621e-01 -2.3791228926e-01 2.6035307121e-01 4.4702251177e-01 1.7592225835e-03 -9.3060952684e-02 7.6250668300e-03 -4.5111942089e-01 2.9410664524e-01 -6.2561002526e-01 -2.7083646964e-01 -1.6605465484e-01 1.1756008057e-01 -2.5733981955e-01 7.0127767452e-01 4.1873762709e-01 -3.5426427518e-01 -6.3777360497e-01 1.5701910637e-02 -2.7479398823e-01 -2.1226573793e-02 -5.7566959275e-01 -2.2044110076e-01 4.6774835509e-02 7.1229630828e-01 -8.8572733527e-01 1.1145177569e-01 -1.9105542871e-01 3.3799924378e-01 1.0562335274e-02 1.9344451016e-01 1.2114961776e-01 3.2952230374e-02 -3.0108070248e-01 1.2391722972e-01 -4.3137135776e-02 1.0488165848e-02 8.4948502414e-02 1.5452683277e-01 -2.5490880144e-01 -3.6763779829e-01 -1.1501171087e-01 1.2629605906e-01 1.0754931338e-01 4.9005550198e-02 2.0289859547e-01 -1.2732423060e-01 1.4731602844e-01 -7.2924437057e-02 1.5266897930e-01 -5.1330144223e-01 -5.9912753200e-02 1.3299717262e-01 3.7276119607e-01 8.2833033253e-03 -2.1907992330e-02 1.0364257034e-01 1.1441499842e-01 -3.2204484680e-02 3.1133836363e-01 -9.1275540387e-02 4.3506589746e-05 2.3340197560e-01 1.4403303102e-01 5.3637125867e-02 -4.9627350455e-02 -3.7416479832e-01 3.0991222885e-01 6.2813268714e-01 -3.1425738990e-01 2.7097675608e-01 -2.3547975745e-01 -2.2315413154e-02 -4.1414335779e-02 1.4245209977e-01 1.1024115324e-01 1.5342330896e-01 -5.3434682723e-02 8.1666974599e-03 -2.4952090436e-01 -3.2651079373e-01 -4.7191883315e-01 -3.0203048948e-01 3.1495963822e-01 -3.9955197952e-01 -7.6046968181e-02 -8.1803678309e-01 3.6495166185e-01 1.6335145238e-01 -3.2516963010e-02 1.6704178415e-01 3.4714222538e-01 3.7060826596e-01 3.9076270723e-02 -2.6846300665e-01 -1.1378511712e-01 3.6558359255e-01 5.9512096588e-02 4.4651977777e-01 7.2632110309e-02 4.6193094526e-01 -2.0707738813e-01 1.9914701308e-01 -1.3842404889e-02 -6.9364368026e-03 -7.8116518265e-02 -5.8347122597e-02 2.6242489494e-01 -2.0046735263e-01 4.5993037266e-02 -1.7869119097e-01 4.9620500883e-01 2.6199900354e-01 -2.3353787955e-01 7.1069073935e-02 -6.2948545890e-01 -5.9362055971e-01 -2.3589113844e-01 4.6373713723e-01 1.5746257173e-02 1.0411026582e-02 -5.1736649668e-01 1.8754068414e-01
2.2589836116e-01 -9.2137024000e-02 -1.2305915836e-01 1.5557244873e-01 1.0042850012e-01 -1.2676016957e-01 1.1075784984e-01 -1.9581174696e-01 3.5072400650e-02 -1.4821904913e-01 -1.0885717546e-02 -1.1667992040e-01 6.6423438404e-02 2.2546232796e-01 -1.4026715612e-01 2.8571593923e-01 1.0287418609e-01 2.6107551196e-02 3.0917924778e-01 4.5553003908e-02 1.0669711232e-01 -2.4606029745e-01 2.0232885558e-01 3.7386631207e-03 -6.2280504126e-01 6.6003220439e-01 -2.3879879632e-01 -2.9386218363e-01 1.0267739371e-01 1.7627567641e-01 -2.6629779167e-01 -2.6357196298e-01 4.1091533938e-03 -5.8394192110e-01 4.6040432287e-01 1.3561045068e-01 -2.0679972727e-01 2.4190073195e-01 5.9105485120e-02 -5.1351070935e-01 4.9594629834e-01 -2.2331734001e-01 -4.0418331941e-01 3.5443075305e-01 -1.5251930371e-01 8.2565571039e-02 1.6901757063e-01 -1.8895979622e-01 3.1001067052e-02 -7.8203856291e-01 -8.9532917308e-02 4.1385043152e-01 -6.5871051790e-02 3.6001065210e-01 -3.1392273534e-01 2.0836644556e-01 1.2345676574e-01 -1.9694248634e-01 7.8009647708e-02 -2.5092177092e-01 2.9038811278e-01 1.1230403642e-04 2.6464747326e-01 9.4050754414e-01 9.5511543417e-02 -1.0075272257e-01 -9.2698247261e-02 1.2767204638e-01 1.6180921200e-01 3.6391343030e-01 -3.0341464335e-01 2.5670736675e-01 -1.0140291682e+00 -2.2676282080e-01 -9.9099065765e-02 1.1885370262e-01 -4.8564975412e-02 -9.3842699678e-02 -7.2919009568e-02 -1.5001303942e-01 -3.1647145480e-01 4.3112744235e-02 9.8698487161e-02 1.9433858376e-01 -8.2836491850e-01 -1.4647141746e-01 1.7255321181e-01 -8.9875386206e-01 -4.8391739501e-01 2.6653330144e-01 -2.5089100721e-02 2.2058392495e-01 -1.6952089341e-01 -2.6266484384e-01 2.6485358675e-01 -9.6551160744e-02 2.2264210707e-01 3.0572345893e-01 4.0103076062e-01 1.9549898675e-01 1.4958276003e-01 -2.8166788412e-01 -1.7406788217e-01 3.7033567030e-01 -8.3730020177e-02 -2.6990259549e-02 -3.6949089341e-01 2.6660687744e-02 3.4840055504e-01 -7.7624741703e-02 -7.7405449057e-03 3.5282418815e-01 2.0985538386e-01 4.9250930842e-01 -4.0588073728e-01 2.3859211593e-01 6.3348640260e-02 -2.0967708151e-01 -6.5570199202e-02 3.8328033157e-01 2.6752079007e-02 4.5558201494e-02 -4.6437318605e-01 8.8660704108e-02 4.6217153131e-01 -3.2393713545e-01 4.1153422074e-01 1.6808410852e-01 -5.3120094600e-01 -1.6664682420e-01 -1.3510002644e-01 3.1648158280e-01 -5.8694549374e-02 5.4904598181e-01 5.8674583208e-02 2.5101977573e-01 5.0502829064e-02 1.2605357102e-01 3.0131683584e-01 -9.8099917604e-01 1.1510183508e-01 9.4939816798e-02 6.8317504300e-02 2.1423029152e-01 -1.6168565532e-01 3.1012220283e-01 1.4293716319e-01 -3.9317086674e-02 -5.7238085754e-01
-1.4645377260e-02 2.1320484237e-01 3.4751931589e-01 4.2480748673e-01 -2.4588134795e-01 -2.6387794202e-01 -1.1439892382e-01 1.5830945657e-01 -3.2284352811e-01 -2.8163375326e-01 1.5020500838e-02 -1.5458410375e-02 2.3862576956e-01 -3.7747557163e-01 9.3191132340e-02 -3.1225419001e-01 -1.1297476397e-01 1.0710804708e-01 -2.2771501390e-01 -1.0117119014e-01 -1.0100542388e-01 -2.3148352665e-01 -1.7990911338e-01 -1.0243046572e-01 -1.0406229036e-01 -1.1406270236e-01 6.4182102949e-01 1.4552049590e-01 7.8019785932e-02 6.5331813179e-02 -3.6256452662e-01 -3.6544345659e-01 8.9097574629e-02 2.9213629814e-02 -2.6500299103e-01 -1.2089265362e-03 -5.8549964940e-02 4.8271085026e-01 1.8712452861e-01 1.2053271575e-01 1.9585085362e-01 -1.6457770271e-01 -7.2853425909e-01 2.2757041865e+00 8.6156009173e-01 -1.2086397274e-01 2.9270861540e-01 -4.3664625269e-02 1.2366972229e-01 1.4231529275e-01 -1.6366496646e-01 2.0861948045e-01 1.2197132894e-01 -1.7206204269e-02 1.0963060515e-02 2.6026895114e-01 1.7683999352e-01 3.0799476350e-02 2.1835419886e-01 7.0450614344e-02 1.5416029701e-01 -1.4912669099e-01 -1.7449740166e-01 -9.2060792168e-02 -2.1179900640e-01 3.9550588310e-01 4.4989384498e-02 -1.8740331821e-01 3.0460498021e-02 1.9458312943e-01 9.1916534868e-02 -1.5668043490e-01 -8.5649484643e-02 1.1505943065e-01 1.4523122839e-01 1.5888776819e-01 5.9442088481e-01 -6.8052965256e-01 5.0812317584e-01 -2.8663083658e-02 -1.3341679517e-02 2.9363503626e-01 -3.8317344312e-02 -2.9352451004e-01 -5.7095464917e-01 -1.0882852530e-02 2.0985597354e-01 2.7914987895e-01 -5.7187127977e-01 -3.1869247852e-01 -2.2328093503e-01 2.7840377207e-01 -2.3375356236e-01 1.0254214686e-01 1.8168083840e-01 1.0635630124e-01 3.1867237828e-01 2.7151757098e-01 -9.1383359401e-02 8.1875240995e-02 -6.1742809971e-02 1.9778261528e-01 2.6425830920e-01 -2.4233118490e-01 -8.9499924573e-02 2.0660575303e-01 1.9482920319e-01 2.2301510116e-01 -2.6342769463e-01 4.2499565522e-01 -2.9216194376e-01 1.7915000938e-01 -4.5587084898e-02 1.3409367799e-01 -2.1636263952e-01 -3.1934981705e-01 4.2247258440e-01 -1.4074914921e-01 -2.0111580244e-01 -1.0722598285e-01 -8.4642676047e-02 -7.5293529931e-02 -1.7038839395e-01 2.3969860996e-02 -4.5428511582e-02 -1.7495224546e-01 3.0353696004e-01 -1.5704964636e-01 2.3736169192e-01 -3.6096670506e-01 2.5715671769e-02 1.6231721769e-02 -1.2619980122e-01 1.6590248542e-01 -1.9210369194e-01 2.7761485018e-01 -1.8842583805e-01 8.6165540504e-01 -1.9703998878e-01 -1.0688136647e+00 -5.3711337628e-01 -4.4402041532e-02 1.2122604656e-01 5.7667070986e-02 -8.7113720133e-01 -3.6944214534e-02 3.6378885797e-02 -5.9759211468e-03 2.2191363576e-01
-1.1533243872e-02 8.9165169336e-02 -4.5010103508e-01 -3.1290376813e-01 -3.9562233202e-01 -4.1761789549e-01 2.0663402824e-01 -4.1405054326e-02 -1.2485372694e-01 1.3273917180e-01 -8.1017106978e-02 1.4034138470e-01 2.2952037865e-01 1.6049233085e-01 -1.7927034130e-02 2.0358767199e-01 3.7504062737e-01 4.7151713413e-02 -5.7368785172e-02 5.8153563009e-02 -2.3997131864e-01 -2.2523835514e-01 2.1754634876e-01 -2.7551333713e-02 9.1148483772e-02 6.5877191281e-02 2.3606130324e-01 -2.4678364670e-01 6.3334523976e-02 -9.4042010888e-02 2.3658943079e-01 -3.2131747860e-01 3.3570497186e-02 1.6736926331e+00 -5.0890194315e-01 -7.5819997186e-02 -1.9277749277e-01 -4.6962987464e-01 -2.0332992598e-01 7.6364439774e-04 5.3678160943e-02 -1.7337791980e-01 -6.2167559820e-01 2.9306959454e-01 4.6538010407e-01 -4.4221010681e-01 -9.3029624437e-02 -1.6939308785e-01 -1.0483707524e-01 2.2001193396e-01 -1.2074647274e-01 -3.3906376093e-01 -5.6706821131e-02 -4.0851521887e-02 8.3851830126e-02 -4.6925910996e-01 -6.0958638010e-02 1.2015425680e-01 1.1037410655e-01 -1.4419401291e-01 -2.1001498295e-01 -2.3512454105e-02 -2.4208224362e-01 -1.8194014712e-01 -2.1341865558e-01 5.9242709758e-01 2.4897977074e-02 -1.0444918208e-02 3.7596517381e-01 -1.3197558618e-02 -2.8918082926e-01 3.4084059465e-01 2.0403165005e-02 7.9785672116e-02 -1.6613921920e-01 8.8757355496e-02 -4.3155087776e-02 -1.7195000246e-01 -1.2940820739e-01 -3.0846267988e-03 2.6182983857e-01 1.3471800966e-01 3.0326785609e-01 2.5462191101e-01 3.5127434618e-02 -4.7781669518e-01 4.7973056340e-02 3.7628394705e-01 -4.4102170100e-02 1.8834405024e-02 1.8720732762e-02 -1.2741200762e-01 1.5198309831e-02 -2.2241330335e-01 -2.1539250550e-02 -1.2037561734e-01 -7.1471216077e-02 3.6276000464e-01 -1.3576133630e-01 1.0659836102e+00 2.7883492596e-01 3.0140267965e-02 -1.8141990257e-01 -5.4660943489e-01 9.4853180166e-02 -9.4937091356e-03 -3.3067310517e-01 2.8681204927e-01 2.4663873083e-01 -1.1790830091e-01 -6.5491015227e-02 -7.4645680158e-01 -6.1387749351e-01 -3.7703301599e-02 -2.3099663391e-01 -4.7807089222e-02 2.9483396031e-01 -1.3507255854e-01 1.6657253733e-01 -4.7798203030e-02 5.4525319844e-02 2.6119402511e-01 -8.9605531968e-02 -3.5239898322e-01 -8.1383197596e-02 -3.2983607096e-01 -8.7240582329e-03 1.4673901669e-02 -3.3988276276e-01 2.0397309014e-01 2.0511322214e-01 4.0807288120e-01 -2.9105214854e-02 -2.2591899946e-01 2.2169325560e-01 5.1223178689e-01 -3.4834287924e-02 -2.6692201900e-02 5.0528728546e-01 -1.0816396719e-01 -6.3716756055e-02 9.1922156783e-02 -3.3109054352e-01 3.2882316840e-01 2.4295400450e-01 3.6313216020e-02 1.2819465301e-02 2.2093109047e-01 1.4918167784e-01
-1.3119144387e-01 6.7428650026e-03 -1.4696890850e-01 4.8938520766e-01 1.8069977403e-01 6.0723179123e-01 -4.3155420571e-01 -3.8285348873e-01 -2.0498799106e-01 -1.4339456340e-01 -3.9065498977e-01 2.4159891202e-01 -2.3361663359e-01 2.9453837849e-01 4.3645331523e-01 -1.6246825665e-01 4.8018614962e-02 -5.4573216004e-02 3.7566198171e-02 5.2558987887e-05 -4.3734058583e-01 -2.6003711966e-02 2.2997162290e-01 3.6127182383e-02 -2.2121373123e-01 6.9844971918e-03 -1.4252663583e-01 4.0736584123e-01 3.1104843396e-01 -8.4828931470e-02 -3.0325549634e-01 1.5788277129e-01 -4.3304596281e-02 1.4356505928e-01 -2.5284551160e-01 -1.5364324190e-01 -4.3752167539e-01 -2.7203122706e-01 9.7886520404e-02 -2.9123597006e-01 -4.4000616795e-01 4.1384207016e-01 -7.8756515381e-01 1.7988339860e-01 6.2299854440e-01 -1.5715543540e-01 2.3779707233e-01 2.7839549072e-01 2.0803654236e-01 -5.7338615132e-01 -1.7882202847e-01 -1.7753841467e-01 -1.2907678506e-01 -4.4414674926e-01 -5.9292230594e-01 1.9539046142e-02 3.1297208371e-01 -1.9196541620e-01 -7.1807484167e-02 -9.6596159527e-02 3.0971113609e-01 1.6575623091e-02 -4.4981400958e-01 -8.4215353172e-02 5.8791792823e-02 1.9045932451e-01 4.5080419207e-02 1.7392418377e-01 -9.2126713584e-03 3.5822083083e-02 -8.9500169059e-02 -1.5919105672e-02 -1.4045941442e+00 7.0317310238e-02 -2.6627562794e-01 -5.8843055211e-02 -8.8791746313e-01 1.6517371396e-01 9.8493926156e-02 -1.8257022334e-01 -4.8304373509e-01 2.6347134695e-01 -1.6623048785e-01 2.8237238836e-02 6.8067828139e-01 6.7412302451e-02 -1.7343604891e-02 1.7879857094e-02 3.7614905213e-01 -4.5492464647e-01 -1.6841560510e-01 -1.9802535796e-01 1.2756344818e-01 -2.4555245075e-01 -5.6140196098e-01 8.7626228634e-02 1.3540172573e-02 1.7917905131e-01 -1.4428304778e-01 4.0510199251e-01 -5.2412941118e-03 -1.1274338983e-01 -6.0630328503e-01 7.8220107846e-03 2.6585687392e-01 -2.5975887107e-03 2.5761142124e-01 2.9733039309e-02 5.4909214282e-01 6.1599494377e-01 -3.7227672615e-01 -1.0323178498e-02 -7.8934339593e-01 3.6628579089e-03 7.3633910263e-03 1.6116173009e-01 2.5927457782e-03 -1.5723941274e-01 -2.6959653229e-01 4.9283075616e-02 -9.0537976245e-02 -2.8888033543e-01 -6.8033748184e-02 2.9031305393e-01 2.8331348744e-01 4.0246969820e-01 -2.2153168693e-01 -3.3238432625e-02 -2.2492042681e-01 -1.4020542534e-01 -6.8630062868e-02 -5.5898732776e-02 1.8891711440e-01 6.0813287524e-01 1.8606365936e-01 -2.1884750513e-01 8.8160089172e-03 -4.7262637066e-01 9.6180914728e-01 5.3009361757e-01 -1.7264173364e-01 -4.3982214597e-01 -1.9158193774e-01 -1.7620730891e-01 3.7897885411e-01 4.0189006419e-01 2.7979243307e-01 -3.1090364516e-01 2.1299876895e-01
-2.4267208227e-01 -1.8945699622e-01 -3.3495986208e-02 3.4218437999e-01 2.5826490656e-01 -3.4738174472e-01 2.8431129137e-01 -1.3974769442e-03 -5.4298803972e-02 -1.3184968888e+00 -1.9908170541e-01 3.6430730905e-01 -2.3042114221e-02 2.7049405327e-01 -1.0830447283e-01 9.2091431624e-03 9.4027851947e-02 1.2034165744e-01 -2.1240396817e-01 6.7065786006e-02 3.8035383553e-01 7.7988943154e-02 -3.2542772979e-01 -1.1467393659e-01 -2.3112034134e-01 -2.2627222068e-01 1.3797921956e-02 -3.6044306051e-01 -4.5064733248e-01 -1.6721196952e-01 -3.1710734658e-01 -7.2726388310e-02 1.1401962463e-01 -4.2945951110e-01 3.5189841354e-01 -2.6261777257e-02 -6.2449579384e-01 -1.3988647720e-01 1.1866114755e-01 -1.8738413949e-01 1.5064549628e-01 -1.0619760195e-01 -3.9633707435e-01 5.7618177786e-01 -1.0513652386e-01 -4.9685414415e-01 4.4442973548e-01 7.9060119329e-01 -7.0214802901e-01 3.7049594648e-01 -8.7973435455e-02 -7.7089444265e-02 -3.3098815118e-02 -1.8783692516e-01 -4.5151728964e-02 4.9893269062e-02 -6.5307007183e-01 -5.1213440492e-02 7.4883659734e-02 4.2941055987e-02 -1.5718024254e-01 -1.3509136799e-01 1.5042448722e-01 -8.3441612131e-02 2.3051739412e-01 -1.8129375047e-01 4.2771247471e-01 -4.6515396984e-01 2.7583315353e-02 -4.5881396222e-01 5.5031040544e-01 2.9613801650e-01 -3.0616449696e-01 -3.4124502061e-01 1.2562425283e-01 3.0489304763e-01 3.4713751852e-01 -1.4529054839e-01 6.0770045766e-02 8.2921706044e-02 -5.4852190114e-01 5.5598899650e-01 -1.8553877395e-02 2.2648053040e-01 1.6442799239e-01 -3.4685129013e-01 -2.1494454655e-01 -5.6147910866e-02 2.6572366448e-01 4.3463398434e-01 -3.6321307473e-01 -3.0691196182e-01 1.5914105259e-01 -4.9763893196e-01 -3.1917630559e-02 -1.8084654657e-01 -6.6261933681e-03 -1.3693308507e-01 5.6992314429e-01 -5.1992293596e-01 -1.7080884714e-01 -1.0681473613e-01 -5.1079357643e-02 -1.0132786001e-01 6.9739931343e-01 -9.9782874038e-02 5.5110822976e-01 -4.2954874597e-03 5.6677914203e-02 -3.1829751507e-01 -2.3245196886e-01 4.8038772789e-02 1.2044085034e-01 -1.8076731622e-01 1.4816413096e-01 -1.3841336410e-01 7.3833969576e-01 -2.5715409071e-01 6.9085017457e-01 9.1533787887e-02 3.3022616220e-01 -4.4204058984e-01 -9.9079277981e-01 -3.2971939471e-01 2.9561856596e-01 3.1632575936e-01 4.3755980418e-01 9.3382785668e-01 -4.4588435990e-01 -6.0490174270e-01 -2.1801612885e-01 -5.6973521168e-02 4.3359057404e-01 -2.3874144677e-01 2.8588410435e-01 2.3981420895e-01 1.4316133829e-01 4.3131609768e-01 -3.0941816114e-01 -2.9561177637e-02 -2.5444267711e-02 -9.0944622329e-02 9.3231941734e-02 -4.3884607921e-02 1.0813871772e-02 -2.4025508145e-01 3.9043195871e-02 1.4162305786e-01 8.6070155427e-01
-4.5237047702e-01 -9.5123460943e-02 -3.4598819481e-01 -8.6878045243e-02 2.8482256932e-01 -4.8583684697e-02 9.2851011983e-02 4.9595733688e-01 -2.7454954796e-01 3.8102745681e-01 2.6793973804e-01 -1.5955394878e-01 3.0221676780e-02 -9.2410178968e-01 3.9449870502e-01 -3.3598309570e-01 9.3318972937e-02 -1.6536056033e-01 1.3539262102e-01 1.3189231531e-01 -2.7393358411e-01 -8.7968188299e-03 -4.4834335175e-02 1.5654890032e-01 -4.7460071611e-01 3.0430094032e-01 -1.1784023812e-01 -9.2639572702e-02 4.0854705848e-01 4.4916660650e-02 2.6833073603e-01 2.2243310372e-01 -1.6087009650e-01 -9.5639722139e-02 1.1406032627e-01 -1.0739692019e-01 7.6507027899e-02 6.3721936202e-02 1.5067268484e-01 8.5583701328e-01 -2.7711595836e-01 1.2417492805e-01 -1.5852980718e-01 -2.8222220158e-01 4.6688005053e-01 -1.2363727366e-01 5.0749069290e-02 4.6241774667e-02 -2.1284449655e-01 1.4546417888e-01 -2.6894123419e-02 -1.6132198529e-01 5.5239023756e-02 2.7042936790e-01 -5.8515548596e-01 -2.8843374372e-01 -2.0186904964e-02 3.5807646758e-01 -2.5918031195e-02 3.2606357175e-01 2.5864730396e-01 2.1560424947e-01 -2.5655210424e-01 2.1363930452e-01 -1.4696989647e-01 -2.1620348190e-01 9.9756888475e-02 -5.1184773641e-02 6.2198321739e-02 -4.7944889274e-01 -3.1021568727e-01 3.1829674075e-02 4.1939144990e-01 -1.7913385220e-01 2.2617777736e-01 -3.5457545998e-01 4.0959973975e-01 6.0840592920e-01 -2.6823669190e-01 1.4701729798e-01 3.1708156892e-02 1.0379986575e+00 -1.9834102314e-01 2.2525361292e-01 -9.0434788787e-01 1.1500812912e-01 5.4453358047e-01 -2.4127840010e-01 -1.5430794100e-01 -1.3097124849e-01 -2.0849963280e-01 -3.1409412336e-01 -6.5518264531e-01 -2.1382757360e-01 2.4622965269e-01 -4.5611951048e-02 -1.6146367567e-01 -1.0747967566e-01 9.5358558885e-03 -1.5157545650e-01 4.7906389643e-03 -2.2600970671e-01 -2.0097484675e-01 3.2076291686e-01 1.7719904348e-01 -1.2398075882e-01 2.1468666262e-01 -1.3139599256e-01 1.7797015183e-01 -6.3720770882e-02 5.9874670045e-01 -4.7425333566e-01 1.4746240009e-02 -3.4235559007e-01 9.3955695738e-02 -1.9300375687e-01 -2.6962528762e-01 -4.5493582800e-02 -1.5679899401e-01 -3.2204776551e-01 -2.6612193673e-01 -2.2785601540e-01 3.2914451882e-01 -3.4688251638e-02 -4.2775762891e-01 2.6422709237e-01 -3.7565696344e-01 -1.9356547303e-01 -3.4135378924e-01 -2.4363905462e-02 -3.4446918986e-01 -2.0819211130e-01 -3.4049175091e-01 1.6412589944e-01 1.7319660367e-01 3.3791852920e-01 5.5950846563e-02 5.3892155309e-01 7.2597081323e-02 -9.6945800348e-01 -1.0521152171e-01 -2.1744074341e-02 -4.0332345371e-01 -3.8588551760e-01 -1.2666906027e-01 2.4309394625e-01 2.0425592678e-01 -9.3809112316e-02 3.1373691696e-01
1.8222330343e-01 2.0798843639e-01 -2.4999966268e-01 1.7449558777e-03 -1.7673780898e-01 -3.5769058848e-01 -7.3765103046e-01 2.3585796799e-01 1.3143641765e-01 5.7602830261e-02 -2.1762650249e-02 2.4716405203e-01 -3.6984182874e-01 3.0046446412e-01 1.9016198665e-01 3.7805619999e-01 2.7516073074e-02 3.9254302331e-02 2.4994044844e-01 1.4847332983e-02 -5.2121859823e-01 1.9818287404e-01 2.6927965411e-01 -3.2267316386e-02 -1.0213861245e-01 -3.2348200430e-01 -1.7962515114e-01 -1.9901033181e-01 -5.4705285908e-02 -1.2178170496e-01 -1.2510712872e-01 -1.2487974574e-02 2.3232546896e-02 4.2955256875e-01 2.4254562959e-01 -2.8321172212e-01 -2.5700678672e-01 -7.6609207770e-01 -2.4439314828e-01 1.2198074424e-01 1.4291080736e+00 1.3874190595e-01 -2.6209349416e-01 8.1247309347e-01 -2.6542902611e-01 4.5514679553e-01 2.9937676177e-02 -8.7049405870e-01 -2.2246048445e-01 -2.6822094823e-01 -4.9574569089e-01 -2.0002813757e-01 1.5575869170e-01 -1.8706752651e-01 8.7767037709e-02 -2.2823388486e-01 1.1595155802e-01 1.9192321092e-01 2.1330019173e-01 -2.4409050029e-01 -6.4703328094e-02 -5.3046848598e-02 -1.7732270369e-01 -8.6142241357e-01 2.2656003003e-01 -4.0746998413e-01 -1.1434531015e-01 2.2086494224e-01 1.3474968415e-01 7.5699121461e-02 -2.6926512531e-01 -7.1985644237e-02 -6.6232922264e-02 -3.4973886592e-01 2.9529974167e-01 8.0552775472e-04 6.4649620509e-01 -2.7608704580e-01 -2.3124629145e-01 3.8463597126e-01 -5.5820970630e-03 2.0253457833e-01 -4.3829603604e-01 1.1296924279e-01 -1.3883550041e-01 -8.1078673768e-02 5.6875423989e-02 2.0543610095e-01 -1.5154933514e-01 5.2292493221e-02 -2.7812982252e-02 -7.8311147492e-01 -8.1658487839e-02 1.3436206957e-01 1.0727840142e-01 -1.7159599060e-01 -1.6014948307e-01 -1.2004704139e-01 1.2760972813e-01 -1.8009474969e-01 3.2556857680e-01 2.6500450318e-01 1.7210168526e-01 8.0060079111e-02 1.5998326230e-01 1.8592943940e-01 2.0700135537e-01 -4.7118757245e-01 -3.8961720992e-02 -3.4418559485e-01 1.9492584433e-01 -2.0596195367e-01 3.1820714874e-01 6.1947408467e-02 -3.9676817304e-01 -2.5107864398e-01 -5.1096800196e-01 6.5290295497e-02 -5.0452066065e-01 3.2815589574e-01 -2.8334815903e-02 1.2485293344e-02 5.1973309385e-01 5.2148916790e-01 3.5503176196e-01 -3.5010575841e-01 5.9867929673e-02 -1.7333182650e-01 2.9788181798e-02 -1.4742547712e-01 4.7141930438e-02 -6.3688759149e-02 -9.3573358900e-03 -7.8057468865e-02 2.6000649314e-02 -6.6982594228e-01 2.0416059649e-01 2.1347018376e-01 2.2719505188e-01 -4.1096839576e-01 -1.6461702966e-01 1.8792480819e-01 1.7108335147e-01 6.5391640415e-02 -8.7102526773e-02 -3.3148773265e-01 -3.8446690794e-02 -3.3323398102e-02 1.8972457785e-02
1.5366472688e-01 2.0242494372e-01 1.1015505321e-01 2.0478866814e-01 -4.3198911376e-01 2.4873329207e-01 7.9721850517e-02 1.3188122314e-01 3.2149250965e-02 -3.2773426828e-01 -1.9402280312e-01 -8.0560079149e-02 7.6465057427e-02 8.5190801422e-02 8.1918551467e-02 2.5402716367e-01 -3.1689153120e-02 -2.9529184899e-02 4.8876043499e-01 -1.5650822799e-01 -7.3092502037e-02 -4.3996835364e-01 4.9419382292e-01 5.4657769881e-03 3.7839215841e-02 -1.8235649644e-01 4.9294192693e-01 -9.0310079276e-02 3.7664101464e-01 -6.0074504948e-01 -1.7153292485e-01 9.5459508939e-02 9.0499475821e-03 2.1821516626e-01 -2.5363260498e-01 2.2529851617e-01 3.3760802038e-01 2.7585143250e-01 1.6619825815e-01 3.2503359639e-01 2.1368031543e-01 3.7807269556e-01 5.9918737551e-01 1.2526126361e-01 -2.5058795223e-01 1.0121825930e+00 4.6213998140e-01 9.6890596193e-02 1.3399590689e-01 2.9615134119e-01 1.9329701840e-01 6.1248824690e-01 2.7341507710e-01 5.2825530461e-01 -4.0707445839e-01 2.6592973130e-01 6.9513276105e-02 -3.4329903841e-01 1.3396341343e-01 -4.4679242105e-01 6.0358927547e-01 4.5083855355e-02 7.8647731406e-02 -1.4448673530e-01 -1.8862586321e-01 -8.3230197546e-01 1.8032070728e-01 9.3691163299e-02 7.5668472570e-02 3.0964663051e-01 -3.4005639745e-01 4.8047656758e-01 1.5940262426e-01 -2.0558410913e-02 1.3718435806e-01 -4.6759854672e-01 -1.1610552058e-01 -1.7931003291e-01 1.0817480210e-01 -1.2757199793e-01 -2.6043738859e-01 -4.7169255615e-01 -1.2601384899e-01 -1.7038624515e-01 2.7193900148e-01 1.8258455439e-01 -1.8791504025e-01 1.3782550591e-01 1.1121070783e-01 2.1348529261e-02 4.7452284962e-01 -1.6994812326e-01 2.2123723107e-01 -2.0920726274e-01 -3.9153469069e-01 -6.8941949225e-01 -5.0922264330e-01 -4.9062634184e-02 1.5663369782e-01 3.9468554248e-01 2.1967563566e-01 -1.1881766126e-02 -2.9459783059e-01 -1.7456066410e-01 2.9627005810e-01 -2.4160297776e-01 3.5246109704e-01 -7.3250026934e-01 3.5524629616e-01 3.1365160717e-01 -1.8052829880e-01 -1.4601354378e-01 5.7832410943e-01 -4.4107043748e-01 -8.9477247893e-01 -1.9311221827e-01 3.6326303666e-01 1.8065198009e-01 3.8144401918e-02 1.6119447196e-01 8.6716123690e-02 -1.2709640311e-01 6.4135542608e-02 -4.7713887197e-01 -7.6669402781e-02 2.0106282203e-01 -1.0295612566e-01 -1.5424006791e-01 5.7061152412e-02 -6.0469156013e-02 2.4223369978e-01 -1.2454741291e-01 -4.3188513760e-01 -1.0544977224e-01 -9.3272744099e-02 2.5875632830e-01 -1.9109563277e-01 -5.0298288243e-01 -6.0440783552e-01 1.2663222469e-01 -5.8431641674e-02 -2.2486951561e-01 4.6507507799e-01 1.9969123477e-01 3.1875677038e-01 3.0349785536e-01 6.9856995830e-01 7.7651977973e-02 1.0727900882e-01
-2.1705582725e-02 2.1532192181e-01 -2.9590753084e-01 -3.5769919245e-01 1.2499801053e-01 -2.3839773393e-01 -9.5095973857e-02 -2.8824005427e-01 1.0181704369e-01 -8.1220313175e-02 4.8768332480e-03 -9.6031290395e-04 4.2437006560e-01 -2.2189566413e-01 2.8430548288e-02 4.7772185074e-01 -1.8883783270e-01 2.1961387960e-02 -5.3472582748e-02 3.5059172989e-01 -3.3999681658e-01 7.8021415429e-02 2.5612724084e-01 4.9652609741e-03 -1.1632792029e-01 3.0050052127e-01 -6.7923396192e-01 3.6392954328e-01 5.1490785666e-01 1.7803939171e-02 -3.4065022813e-01 6.3300264688e-02 -2.3412109205e-02 -2.1902915260e-02 -1.7971553165e-01 2.0105808728e-01 3.8941968698e-01 6.2453953693e-01 3.1904901339e-01 2.0668549002e-02 4.8308725359e-02 -2.4382853370e-01 -4.1985432419e-01 4.9067127781e-01 8.0792294643e-01 -9.4091478607e-02 8.8305769072e-02 -2.7826070666e-01 -4.0995076668e-01 1.8998462309e-01 2.4120729042e-02 5.0693797382e-01 3.8999842509e-01 -3.1375026907e-01 -3.3710392106e-01 3.2941598830e-01 2.0439460227e-01 -1.0425018582e-01 1.2658760978e-01 2.6014929106e-01 -2.1153714742e-01 -1.6400414375e-02 -6.9924755219e-02 8.0629380470e-01 5.0585898533e-02 3.9113892134e-01 3.1120477475e-01 -9.8716413444e-02 -6.2887091903e-02 3.2747998229e-01 -6.9416177325e-02 7.2120889091e-02 -3.1003117856e-01 -7.0197532962e-02 -3.4852071487e-01 -6.0278452928e-01 7.0211309736e-01 1.7181684620e-02 9.0752532589e-02 2.1195996964e-01 -7.3057499660e-02 1.3230881991e-01 -3.8771451960e-01 -6.0597129893e-03 4.7989059209e-01 2.5794128491e-01 4.2294761671e-01 -7.1550244850e-01 6.3961406268e-01 2.4885879446e-01 2.5303398604e-01 3.2442649697e-01 7.1026506919e-01 -4.1721245489e-02 -1.2904831632e-01 -2.1983377522e-01 2.3471500115e-01 -5.0536588708e-01 4.2177068999e-01 -2.0340150033e-01 -2.9755184825e-01 -4.3972669520e-01 -8.5653848921e-01 1.1142067992e-01 1.8967823530e-01 -3.1956321439e-02 -3.8481825107e-01 2.5533141481e-01 5.5054746984e-01 2.7713106004e-02 -2.6082102847e-01 -2.5245907454e-01 -6.1378383984e-02 1.3371103793e-02 5.4610706824e-01 -2.3405753938e-01 -1.5449457342e-01 2.8705316114e-01 -5.7269654366e-02 2.0181016856e-01 4.0131511240e-01 2.6240935577e-01 4.7408040242e-01 3.8322190923e-01 -4.9412685094e-01 -4.0699926913e-01 -6.3223000860e-02 -2.2432321986e-01 2.8631235397e-01 -3.3397929366e-01 4.8096702885e-01 -1.7676375805e-01 -1.1175197710e-01 -4.9163240521e-01 -1.8504595014e-01 5.2611568107e-01 2.9814407076e-01 -5.0253659124e-01 -1.2906730271e-01 -1.7646465076e-02 2.7590413055e-01 1.0893342830e-01 -4.0701649114e-01 -1.7077176177e-02 2.1179027102e-01 -8.6285782483e-01 -3.9747797711e-01 -2.2922873592e-01 -5.4042959256e-02
-2.6805025487e-01 2.7582592387e-02 -1.7947447896e-01 1.4182404535e-01 -1.1590444692e-01 7.0256539574e-01 -1.5933632648e-01 -1.4064328822e-01 3.1911425130e-01 -6.9872272480e-01 -9.6218837817e-02 1.7468848548e-01 5.5540659378e-02 -1.9075564352e-01 -2.6324377069e-01 -3.5094390246e-01 1.7795946488e-01 -9.5444956604e-02 -2.1962489656e-01 5.1778022473e-01 8.6927824903e-02 1.5612212141e-01 -6.0100699274e-01 6.9932930221e-02 -4.3427798200e-01 5.0950869718e-01 2.4885561502e-01 -3.5804547750e-01 2.1600798423e-01 3.7905960059e-01 5.1846866398e-02 -5.8973947799e-01 -8.2658211663e-02 1.2529572334e-01 1.4378984716e-01 -1.7966150556e-01 3.8290508435e-01 2.0047700268e-01 -1.1979034188e-01 2.5970057047e-01 1.5110135720e+00 -3.8594274375e-01 -3.2079435777e-01 3.0064457993e-01 6.9482148555e-03 1.2239630761e-01 -1.6780650292e-01 -9.6651139018e-01 -2.3645703060e-01 -2.0894376736e-01 4.3153983676e-01 -4.1376731730e-01 -5.1337448017e-02 3.8536502137e-02 -7.4521704368e-02 -3.4480443713e-01 -3.8522738796e-01 7.8388471852e-03 2.7701966231e-02 2.0611531494e-01 -2.7890237619e-02 9.8409894088e-02 -3.2621967325e-01 1.7401790033e-01 -4.4253688855e-02 -1.0664123720e-01 -5.6956491971e-01 -5.3520138892e-02 -1.2164916248e-01 -2.8217777280e-01 -2.3192874125e-01 -2.7873805770e-01 6.4697253893e-01 6.4983796776e-02 -4.0296820817e-01 -1.1739038498e-01 -4.2653742932e-01 2.7485724070e-01 2.8455028919e-01 -2.5418341914e-01 3.2145779759e-02 -5.1697074824e-01 3.1629062830e-01 -3.9610811680e-01 7.6410788804e-01 4.9570681159e-01 4.1252848594e-01 -1.5221914241e-01 -1.5711114226e-01 9.6974653850e-03 -1.7239510226e-01 -5.7361703359e-02 2.9157459706e-01 -4.7376353878e-01 -6.1174193896e-01 -2.6834860291e-01 1.6422647748e-01 1.7798509035e-01 -3.2680662630e-01 -5.5726983567e-02 -5.5108211322e-02 4.2303313594e-01 -9.1620257439e-02 -1.7088162340e-01 -2.3569198745e-02 1.2233548750e-01 2.2820122201e-01 1.0953182396e-01 6.4083853202e-02 4.3545966447e-01 2.0366041533e-01 6.9363810098e-02 -3.5683256510e-01 -3.1292783784e-01 6.9770699339e-01 -1.5934844385e-01 -1.4096899470e-04 -1.4450261034e-01 2.0073558753e-01 -1.7557445413e-01 1.2247022275e-01 1.4207179486e-01 2.3444645594e-01 1.6963901198e-01 -1.2595203088e-01 3.2315487810e-02 3.0039634866e-01 3.7761083907e-01 -1.6592217879e-01 -9.2820918811e-02 -4.3071358578e-01 -2.7198486773e-02 -1.2375962857e-01 -2.7451232888e-01 6.7539175100e-03 -9.5628555315e-02 -2.0288006078e-01 -9.5129965991e-01 4.3042909989e-02 7.6823849038e-01 3.7779425828e-01 1.3779813052e-01 3.3875922166e-01 6.4208996068e-01 3.6568593719e-01 -5.6834612437e-02 -2.3574795537e-01 2.1576402667e-02 -8.7815441361e-02
2.6862232116e-01 -3.0444265160e-01 -4.1673569674e-01 -1.5455185596e-01 9.2830411055e-02 -6.6623132099e-01 3.0840267204e-01 -8.8490485553e-02 -1.7479510867e-01 -4.9782487933e-01 1.9811563364e-01 -1.1487493053e-01 -2.9882599495e-01 1.3079718050e-01 -3.4962196632e-02 -2.1521153214e-01 1.9876992525e-01 8.8813184882e-02 -2.5528603982e-01 -4.0118459202e-03 -7.2094303479e-03 7.8566894703e-02 1.1389346237e-01 -7.6521326821e-02 3.0311727372e-01 2.2716993787e-02 -6.7120465920e-01 1.0802513439e-01 -6.8125113330e-02 -4.2270926435e-01 -2.1805151690e-01 -1.1958920637e-01 6.9224364103e-02 3.4975795786e-01 4.7752161317e-01 -3.8659530415e-02 3.2480785045e-01 -2.1150018667e-01 1.5441937185e-01 -2.7931689520e-01 1.5244812084e-01 -6.0397858658e-01 -1.0977435333e-01 7.8760896000e-01 2.9296000921e-01 4.7035768272e-01 -1.4885549382e-01 -8.9431132867e-02 4.5974959814e-01 -1.8157256716e-02 2.2494676657e-02 -4.3767387502e-03 6.2703516650e-01 -2.0839474566e-01 -9.5978177386e-03 -1.5753668607e-01 7.2072840529e-01 3.1095627103e-02 -1.2717171962e-01 1.9986282422e-01 1.5381644652e-01 -1.0269515054e-01 -6.8344616062e-01 7.8298462559e-02 1.0084221280e-03 1.2977712472e-01 -8.8083816424e-02 4.8866019589e-02 2.3115365089e-01 8.1537121369e-02 -2.9558236454e-02 2.6895830068e-01 5.5642819811e-01 -2.7389534103e-02 -4.8025350116e-01 1.7862743522e-01 -3.0591132315e-01 -1.6496160624e-02 2.3144893366e-01 -2.1449327145e-02 2.7679519312e-01 -1.9924679517e-01 -3.4258114256e-01 -2.0916047776e-01 -5.9786707998e-02 -7.1793167310e-02 -2.9664154872e-01 -7.3595227261e-01 3.3346536187e-01 -2.2681805816e-01 5.1866323854e-01 -6.3670991295e-01 -6.6819127506e-01 1.0011739032e-01 1.1333823901e-01 -2.5479961615e-01 4.1472651481e-02 -8.6524825987e-02 -3.2902354907e-01 3.4981894802e-01 1.9198539394e-01 -2.0103307538e-01 -3.8929757940e-02 -1.6081280534e-01 -3.1397448607e-01 -4.4582761934e-01 1.5447556238e-01 1.9304975119e-01 -1.6735461224e-02 -1.5147137747e-01 3.6603727031e-01 -4.9962054514e-02 5.1768897350e-01 -7.6162386894e-01 -1.4433329232e-01 -6.2448217493e-02 2.8499844307e-01 -1.9494398201e-01 3.5048535240e-01 2.0275702592e-03 -1.3742879357e-03 4.0899374915e-01 -3.8474027715e-02 -1.0331746589e-02 -1.9932602686e-01 4.1005190739e-02 4.8621978785e-02 3.8338464281e-01 -3.3168422512e-01 -3.7026769177e-01 3.3736651844e-02 -4.0705412392e-01 3.5121057011e-01 -8.2827400802e-02 1.3392710297e-02 -8.3817584615e-02 -2.3646488565e-01 3.2751792975e-01 -2.6309585211e-01 -8.3520687947e-02 5.2205654009e-01 5.3386097948e-01 1.4918647705e-01 -4.9497165655e-01 -2.5420130505e-01 1.0477915514e-01 -6.2818977690e-01 -3.1537949611e-01 2.6926199310e-01
-4.2404967525e-02 -6.6576852524e-01 4.4578265171e-02 3.1880085714e-01 -3.7622032766e-01 2.0460186189e-01 2.1951106906e-01 -5.9521395058e-02 -1.3490852152e-01 -4.7723729878e-01 2.3848561876e-01 -2.5965076798e-01 3.5613047989e-01 -2.1771704839e-01 2.2143476327e-01 8.0340336840e-02 1.7335159298e-02 7.8652856251e-02 -2.3797277479e-02 -4.8052860434e-02 -1.6820851099e-01 3.7723757651e-01 -4.7271709199e-01 -1.0470272929e-01 2.5886384315e-01 3.9211845381e-02 -7.8266585114e-02 1.0833805820e-02 -6.6999467903e-01 -1.9208460770e-01 3.9091543453e-01 2.7726224009e-01 8.8035535706e-02 1.0002065005e-01 1.5703796568e-01 -1.0718941103e-01 -4.0281466266e-01 -4.9729769490e-01 4.2104699290e-02 4.6549202032e-01 -7.8110061000e-02 2.5833850597e-01 1.0835937657e-01 2.5634030489e-01 -2.0757433491e-01 -3.6716541449e-01 3.1233975096e-02 -5.2404236963e-01 -3.1575741047e-02 -1.7668294845e-01 -4.2859987302e-01 6.5172309605e-01 -2.9600475391e-01 4.2695549653e-02 8.1076869842e-02 -3.3304699764e-01 -1.5909837548e-01 -3.8197455801e-02 6.5427189905e-01 2.4359043799e-02 3.0596117739e-01 -1.4515221229e-01 -4.5076348226e-01 1.9543968431e-01 -1.9665698078e-01 3.3566918790e-01 -3.0520751535e-01 -8.0329908624e-01 -2.7788781477e-01 9.0623666177e-01 8.7367192232e-02 1.2828440221e-01 -5.3050707121e-01 7.2203361046e-02 4.4857046058e-03 7.3423805739e-01 9.7009844078e-02 9.1730530540e-02 -1.9908513190e-02 -6.0969265869e-02 -3.8064470213e-01 -3.4101098194e-01 -1.4040895557e-01 -2.8413067363e-01 -4.1753641077e-01 3.9531298011e-02 -1.3788506706e-01 -1.2225345278e-01 3.9867387651e-01 -2.3007044785e-01 1.1652680160e-01 -4.4372447586e-01 2.7441434005e-01 -5.5848311526e-01 -8.3552508440e-02 -5.0349059019e-01 1.7868656942e-01 -2.2162942891e-01 -5.7556296745e-01 -2.6384873311e-01 -3.8478101215e-01 -4.0503289893e-01 4.4069629533e-02 7.3467623111e-02 -1.6800643528e-01 4.2169219849e-01 3.8556227719e-01 -2.5673619516e-01 -4.5663196451e-03 5.4011241094e-03 -4.8575660131e-01 -1.1106810680e-01 1.1687949698e-01 -6.3291011923e-02 -1.1243868923e-01 -2.3120048833e-01 -6.1952062590e-01 -1.8481645513e-01 -2.1234831512e-01 9.1232322599e-01 -3.6179704884e-01 -3.9665093570e-01 -6.1251439718e-01 -1.4908148505e-01 3.6820964848e-01 -4.3536447196e-01 -1.1005411247e-01 5.8489259254e-01 2.1953504533e-01 -2.2674633023e-01 9.4005536625e-02 2.3446802890e-01 -1.0011970030e-01 -7.6319520275e-02 -2.3264469604e-01 -2.3017341924e-01 6.5456449355e-02 5.9874514268e-01 -1.1807715204e-01 -1.2350695553e-01 2.1653959160e-01 -2.5839284576e-01 -7.0927343454e-02 -1.2585841114e-01 -5.8333994575e-01 -3.9792707452e-02 3.8486493765e-01 3.6820400985e-01 -5.5579090673e-01
-9.9467576442e-03 -2.6593428570e-03 6.0320813875e-01 -1.2441390925e-01 1.5561307449e-02 -2.4544704708e-01 6.3705982823e-02 -7.3591312374e-01 -1.3263057097e-01 2.8460720862e-01 1.0560780991e-01 1.3784901214e-01 1.1460290079e-01 1.5141499254e-01 -1.4750694435e-01 3.0699927666e-01 -7.5179165633e-02 2.6788702770e-02 -1.9152324712e-02 2.2382524586e-01 -1.8728052921e-01 -1.6255081402e-01 3.4529521201e-01 -3.2284526562e-02 1.6328606960e-01 2.8595223497e-01 -2.8026586656e-01 4.0615561457e-01 5.6185442916e-01 1.0541883896e-01 -1.3237234153e-02 -4.0037028661e-01 3.1514110719e-02 -2.0965562264e-01 -2.2150597193e-01 -2.6085165183e-01 5.3269110163e-01 1.6113627948e-01 1.4107360590e-01 4.2655703698e-01 -2.5658425788e-01 -3.1477110623e-01 -2.0618660001e-01 -4.0165441768e-01 -8.9225241439e-02 -4.2747812283e-01 5.3266251644e-02 -3.3355145863e-02 -6.9406735344e-02 -1.8753974807e-02 -1.8790543773e-01 4.1307309422e-01 1.3660956058e-01 -1.0199154196e-01 3.4088255386e-01 6.4784589509e-02 2.2000678669e-01 -2.4801743191e-02 1.7751641391e-01 1.7649252549e-02 8.6163459784e-03 -5.5294815886e-02 -2.1887291397e-01 2.0539479302e-01 3.6939135227e-01 -8.2106840867e-01 2.0229151103e-01 -1.4701200433e-01 1.5463755684e-01 1.0459778708e-01 3.3189842219e-02 -1.5453959970e-01 -1.2520513464e-02 -3.4371187693e-01 -3.2485877077e-01 -2.0661065505e-01 1.1819117551e-01 2.0474921103e-01 3.2659110794e-01 2.0598134441e-01 9.4588894633e-02 -1.8155208326e-01 -1.5472350126e-01 -6.1992493807e-03 -2.8274567158e-01 2.1223578951e-02 -5.0225580627e-01 -2.2154835958e-01 1.6887407980e-02 -1.4749919129e-01 -3.8866763538e-01 -4.8334828242e-02 -8.9566277908e-02 2.3814315220e-01 -6.5154365317e-01 2.5890011420e-01 3.0472202057e-01 4.8330609621e-02 -4.1710137286e-02 -3.0858729138e-01 1.1949544087e-01 3.4948552293e-01 2.9958062713e-01 -3.0622002510e-01 -4.3915136604e-01 -1.6803480955e-01 1.9931328123e-01 2.9823775337e-01 -3.5991009262e-01 -3.7509948453e-01 -6.8159513952e-02 -1.1633345751e-01 9.9074948386e-02 8.6734297583e-02 1.0851487984e-01 -4.0241745349e-01 2.0727260612e-01 -2.6110514596e-01 -6.3541107028e-02 4.1077906833e-03 -8.8906458252e-02 -1.2675257420e-01 1.0021600157e-02 -3.3633241516e-01 1.6089424459e-02 1.5020736475e-01 4.5748621067e-01 -9.4133840254e-02 -2.7371059137e-01 2.4827805010e-01 -4.0295406682e-01 3.4573160639e-01 -1.8648564603e-02 2.9058462861e-01 -2.2317383268e-01 1.6671862820e-01 2.9463935325e-01 -2.3844560582e-02 3.6310239375e-01 -4.1991622823e-01 1.6244793925e-01 2.6998545168e-01 -5.3415595181e-01 -1.7873751857e-01 4.1059093300e-01 -1.2531140452e-01 -3.8118572681e-01 -1.4113501020e-01 -2.2852152511e-02
-1.5603087989e-01 5.6814023218e-02 -1.7930698501e-01 3.9780474390e-01 2.4564505491e-02 -5.6479067470e-01 4.0353866069e-02 6.8174114760e-01 4.9007721101e-01 7.3074445976e-02 -5.5337090951e-01 -2.4580979763e-02 4.5165278882e-04 -4.2605732746e-01 -3.1306005223e-01 3.4273259886e-01 6.4862259438e-01 6.8652043150e-02 -3.5894430276e-01 -3.0748647574e-03 1.9437019709e-01 -1.5384752388e-02 1.1730434541e-01 -3.6995969207e-02 9.6963266228e-02 1.5380736141e-01 1.1339406980e-01 -2.5753513726e-01 9.2367454450e-01 2.7180954267e-01 -2.6072236759e-01 3.4869424570e-01 3.0650338888e-02 -2.7923296348e-01 2.8821270273e-01 2.1195714003e-02 -2.3915481565e-01 -8.3170226057e-02 -8.6335585009e-02 2.1172346966e-02 5.7975501185e-01 9.0935222749e-04 3.4880601930e-02 1.4274907417e-01 -1.2036205211e+00 6.4738214623e-02 -1.0698621477e-01 -2.4892010441e-01 4.3420601087e-02 2.5278177225e-01 8.4729102719e-02 3.5870413986e-01 -1.0708476348e-02 -3.2442752280e-01 2.1496080349e-01 2.8608267545e-01 1.6695855925e-01 1.8895799904e-01 5.9006202441e-03 6.4703163613e-02 2.2556825869e-01 -4.3157590447e-02 -1.9402991460e-01 1.7260114629e-01 1.7324973602e-01 -9.5396576705e-02 4.8444415828e-02 -5.4750494732e-02 3.0366318140e-01 -5.5962168388e-02 -3.3081117468e-01 -2.0087820737e-01 -1.5757614417e-01 5.0349202450e-01 -1.3709901862e-01 3.2625168650e-01 -5.5390774870e-01 -4.6306838082e-01 8.2638399012e-02 -3.6969914934e-01 1.9784581320e-02 9.0816066240e-02 -1.0100409996e-01 6.0384240407e-02 -8.0009416316e-01 -3.1291293055e-01 2.3826931947e-01 1.0868561934e-01 2.3899624671e-01 -4.2581634006e-01 -2.0754144828e-01 -5.9452466283e-01 2.6029722255e-01 3.0170862633e-02 -3.2373192987e-01 1.0719988179e-01 -2.4716354305e-01 -2.5444296921e-01 -1.6337179474e-01 2.5004087040e-01 -1.2591906138e-02 3.2622659501e-02 5.7999192693e-02 -6.2321543407e-02 1.1440831497e-01 -4.4349145696e-01 -2.2341403378e-01 2.6488896879e-01 -8.4596055949e-02 -3.5882296658e-01 -8.8320038016e-02 1.3696650577e-02 -6.6500645292e-01 1.4579631363e-01 2.1679364631e-02 -1.9980605384e-01 -2.6849713782e-01 5.2530707601e-02 3.7841964899e-02 3.2434517425e-01 -1.2425431783e-01 3.7342122152e-02 -4.0606586258e-01 9.5543985551e-02 1.7909457245e-01 4.0471708192e-01 -5.2475120228e-01 -5.3356353496e-03 4.4466782138e-01 -1.6806877268e-01 7.8105388189e-02 3.3905806773e-01 1.4104832051e-02 1.3226813676e-01 7.1444298872e-02 -1.2313103332e-01 8.8540073034e-02 1.5955528964e+00 3.0936361262e-01 -4.3987432436e-01 2.4495010778e-01 -6.7462605653e-02 2.7516108556e-02 4.4923067036e-01 -4.8231713442e-01 1.5472958191e-01 4.2589840519e-01 1.8215919256e-01 -1.2420930714e-01
7.2428429207e-01 1.3923615919e-01 -2.4558026667e-01 -7.7436574329e-01 3.6567515947e-01 -1.8472348065e-01 4.2573509548e-01 2.0067730961e-01 2.4106527227e-01 5.3457161827e-01 2.7064305675e-02 2.1140788583e-01 -1.8238143298e-01 -1.9284503431e-01 -5.6777629815e-02 4.2161429275e-01 1.8651944418e-01 1.3235555394e-02 7.6877376814e-02 -5.0929865744e-01 1.6789484176e-01 7.0688105053e-02 -8.5392323099e-01 5.9154885019e-03 -5.3075957659e-02 -6.7440857705e-02 -2.8643432935e-01 1.2902177560e-01 -4.0146899347e-02 -2.0840804982e-02 3.7130418131e-02 4.0121047806e-02 9.5216563182e-03 9.2827643949e-01 2.0495709798e-01 -2.8866912561e-01 -1.5174768070e-01 1.0877800931e+00 1.0121473805e-01 -1.4979900259e-01 2.3555899387e-01 7.2220100128e-02 6.3683168547e-01 -1.4530491517e-01 4.3014220501e-02 1.1404680961e-01 -3.4957388618e-02 -6.1307166242e-01 -2.4951561564e-01 -1.5423475330e-01 1.7356687896e-01 -1.4185847434e+00 -2.3059256044e-01 -6.2922312651e-02 -3.9626502736e-01 7.4170784604e-02 3.1906396798e-02 -5.8256827293e-01 3.6823005736e-01 1.6803876790e-01 2.4307227654e-01 2.7028664318e-02 2.9601597149e-01 7.1327279502e-01 -7.1726848631e-01 2.0117174774e-01 1.1261133590e-01 5.7354766025e-01 -1.0003122483e-01 3.9074012893e-01 2.4958936774e-01 -3.8069120225e-01 5.6297905494e-01 -2.2963632070e-01 -2.2108202154e-01 3.4133898310e-01 8.9214461174e-02 -4.5548808811e-01 1.8896543045e-01 -1.1352455850e-01 3.9347073914e-01 1.5349454412e-01 -4.3362033939e-01 2.9661869707e-03 2.4381926932e-01 -6.4483081147e-02 -3.9267309959e-01 -2.2795035874e-01 -1.6382264008e-02 -3.2687361710e-01 -5.6202410531e-01 1.6192852582e-01 2.9844533634e-01 6.8247590083e-02 1.0779476981e-01 -2.1098513923e-01 -6.6601644663e-02 5.7536518426e-02 -1.4560701848e-01 8.8349267385e-02 1.1670087836e-01 -2.7374144858e-01 -3.3940235407e-01 -9.0451302031e-02 -8.1262673854e-02 1.6195011154e-01 -4.1387290928e-02 -1.9321466796e-01 3.0904108877e-01 5.8509426838e-01 3.0332172762e-01 -3.5741961172e-01 3.8795053245e-01 2.0711969453e-02 7.4889077550e-03 -6.9350244541e-02 -9.6491209499e-02 2.9785141786e-01 -5.0880821655e-02 5.5983402069e-01 -1.4395965490e-01 -5.0189634162e-01 -3.2521872665e-01 -1.2562092877e-01 -3.5298938736e-01 3.5100956030e-02 -1.9493261919e-02 -1.5738339518e-01 -1.5123909892e-01 4.7321856272e-01 -8.8084799351e-01 -3.3956760712e-01 -3.2555995348e-01 -1.8909167453e-01 -8.2003605361e-01 5.6632038421e-02 4.4063798757e-01 2.2309793332e-01 -3.1999491254e-01 1.7631716624e-01 -4.1174591441e-01 -3.3565272281e-02 3.8571779389e-02 -1.0466572081e-01 -4.7350689574e-01 1.0263942729e-01 8.2782835939e-02 6.9499341828e-02 1.9237287898e-01
-6.8927134044e-02 3.1717391133e-01 -3.5864430485e-01 1.8566668017e-01 -2.0169763253e-01 1.7036005975e-02 5.3703927739e-01 1.2200646546e-01 -4.4573620362e-01 6.8157495912e-02 -2.6239986516e-01 -8.2974781503e-02 2.2210478385e-01 -1.1036882249e-01 -4.5381484761e-01 -9.7273178078e-02 -3.1951321232e-02 3.1563200161e-03 2.4837118957e-02 -5.9501132056e-02 -1.8149036925e-01 1.3753970107e-01 3.0490830943e-01 2.7332347296e-02 -2.7511219812e-01 9.4800479649e-02 2.7640357067e-01 3.9831070265e-01 -1.9007598506e-01 2.9248619449e-02 4.8022203463e-01 3.0376156196e-01 -5.0175962724e-03 -8.2611685446e-02 1.8426713589e-01 -1.5869300039e-01 -1.2660228057e-01 4.7951108638e-01 -2.4743287550e-01 4.1877428410e-02 -1.7102205536e-01 2.7531373237e-01 -1.2911385026e-01 8.0629278284e-03 2.4417284668e-01 6.0206048261e-01 1.9176730705e-01 2.5078058256e-01 2.0464028407e-02 -3.0928671872e-01 1.3687495294e-01 7.1444505758e-01 6.8876559966e-01 6.5793667315e-02 3.8562702146e-02 -1.0520533495e-01 -3.5107599849e-01 -3.1598281723e-01 -1.6798069485e-01 -2.7878694008e-01 -5.5803519951e-01 3.7186055841e-02 -3.9010187005e-01 8.9151332303e-01 8.6846380010e-02 9.2766109310e-02 -7.8240484220e-01 -1.7729143180e-01 -3.1143782399e-01 -1.5663052715e+00 -1.7405855428e-01 -9.4984818316e-02 -1.7107287725e-01 1.8344149154e-02 6.9012787080e-02 1.6881956732e-02 -5.1846085847e-01 6.5541818963e-02 5.8961538993e-02 4.3710843704e-02 -1.4165451208e-02 -2.6707622689e-02 -3.8299725682e-01 -1.0308247821e-01 -2.1522793464e-01 6.8412980976e-03 -2.5467471244e-01 6.8107849352e-02 2.0275613762e-01 -1.2727090269e-01 -1.0512352834e-01 -3.5308954391e-01 8.1357755166e-02 3.6437575067e-01 -7.7372304906e-02 1.4245513669e-01 1.1494637906e-01 1.7372632920e-01 -4.9064356467e-02 9.5009368264e-01 6.3492401864e-01 5.9824329508e-02 -1.1863646068e-01 2.1609823469e-01 -1.4021968445e-01 2.7987498080e-02 2.3523062784e-01 -1.6039408491e-01 2.6020211566e-01 1.9693710896e-02 -4.0679074544e-01 -2.0331542844e-01 1.6159509619e-01 1.8408569081e+00 -1.3113538953e-02 -8.0240479602e-02 5.9857414867e-01 4.0257654042e-01 -1.9063902422e-02 -2.7207189882e-01 -9.4732402195e-02 -5.3800673711e-01 -1.6970281738e-01 -7.1635198174e-02 1.4947379692e-01 -3.2279408055e-01 -3.2459197114e-02 9.8475547743e-02 1.1797650178e-02 -9.0935381131e-02 -1.0939921834e-03 -4.2726154822e-01 -2.5711591436e-01 -6.1888629092e-02 4.7792968403e-01 -8.5569308104e-02 -2.1784023804e-01 9.2021286190e-02 -1.2635181071e-01 -2.2635496625e-01 2.0761147594e-01 -9.4713499453e-02 3.5402703376e-01 -1.6191441571e-01 -1.6090025711e-01 -1.8738191803e-01 8.0824748806e-02 7.4064476713e-01 -2.5833298255e-01
7.5630887072e-02 4.7692259429e-03 1.8047950258e-01 1.4028047065e-01 -6.9514528492e-02 -9.5447311339e-02 1.0005708107e-03 -2.1422327436e-01 -1.1458693514e-01 9.0813095005e-02 1.9197222747e-02 2.2593520851e-02 8.4981548141e-02 7.2959978824e-02 5.5257565861e-04 6.6855041498e-02 2.1977661263e-04 6.7931540846e-01 -1.6587859597e-01 -1.5524572372e-01 6.9838453944e-02 3.6654305723e-02 7.7201686631e-02 -6.9495091897e-01 2.7264145384e-02 -1.0839024023e-01 -1.3485819219e-02 -1.6931466765e-02 1.0289835524e-01 -4.7091866995e-02 3.0862991562e-03 -3.4997686168e-02 6.6939504843e-01 5.0567823206e-02 1.0011249448e-01 9.1445458024e-02 1.2694641138e-01 -1.2538612901e-01 4.3696932776e-03 4.6211619192e-02 -1.4597097326e-01 1.1341609831e-01 -1.3689113177e-01 -1.1147504388e-01 -4.6277540519e-02 2.7881474580e-01 6.5763876048e-02 1.5664563984e-01 2.0289357307e-02 1.0459961954e-01 -1.6404002931e-02 2.1158629557e-01 -5.8167736165e-02 8.0143021698e-02 -1.6471829874e-01 2.5513716157e-01 2.7260198033e-02 -6.9000473207e-02 -8.1111360707e-02 1.4630088602e-01 -9.1554655305e-02 -7.1481629215e-01 -6.2381739405e-02 1.3768187930e-01 -3.4048529528e-02 -2.1915081909e-02 1.6272748992e-01 3.2981767333e-02 -5.7141952521e-02 -1.0129041582e-01 -6.8689588140e-02 -7.3948831458e-02 1.2934609300e-01 6.5109101439e-02 -1.9792024839e-03 9.3249044757e-02 -1.4810356240e-01 1.3987661047e-01 6.8928287518e-02 7.8289511614e-02 -3.1076028625e-02 1.5364988916e-01 4.0748162966e-02 -9.2389397820e-02 1.2482129268e-02 -2.3299737174e-02 -7.2607555400e-03 -4.5136270897e-02 4.6057518376e-02 7.1838642931e-03 1.3249363783e-01 3.4291923382e-03 -7.5951812226e-03 -2.6690788989e-01 4.4007782905e-02 -4.7191843105e-03 3.9566102808e-03 8.6750512507e-02 -1.6678617389e-01 -1.3032599657e-01 -1.4774069051e-01 -1.2074037770e-01 -8.8085552183e-02 -2.2193528691e-02 -9.8509528008e-03 1.6865010827e-01 2.2131085905e-01 1.1029183221e-01 1.4671322496e-01 -1.0538945980e-02 -4.3850472533e-02 -3.1107623003e-03 -3.1084581257e-03 -4.4057098905e-01 3.2921796826e-02 -1.6363261891e-02 -1.2690336446e-01 -1.1234566973e-01 -9.6012446560e-02 -6.4316690493e-02 2.2289010902e-02 -1.6462849331e-01 -1.0501204570e-01 -4.6412339258e-02 -1.4811773753e-02 2.1583851479e-01 2.1050462098e-01 -7.5663334964e-02 -6.6925430975e-02 1.0073995682e-04 -1.7553969936e-01 7.2346644550e-02 -3.8201454853e-02 -7.1466550640e-02 -7.7368210975e-02 -4.9982637070e-02 9.1290691773e-02 2.0949285967e-01 1.5800720628e-01 -2.3163217224e-03 3.4808970288e-02 1.0686687524e-01 9.7341289849e-02 2.0489712048e-02 2.5486895070e-03 -4.4279089972e-02 6.3166308462e-02 -1.1844556410e-01 -9.1724082822e-02
-2.1616295779e-03 4.9497179947e-03 6.1152831014e-01 4.4705468472e-02 1.2028656847e-01 3.2993957419e-01 1.4083805352e-01 3.1577445825e-01 1.2192072007e-02 -5.2437629712e-01 -2.9926643832e-01 -1.7476497198e-01 2.9422102698e-01 -2.8805123921e-03 -4.3796236487e-01 1.0341421665e-01 2.9865586687e-01 6.0685098750e-05 -6.5928786082e-02 -2.2280827933e-01 -3.9021114168e-02 5.0335153896e-02 -8.6344977941e-01 -2.4090576621e-02 -1.4484506616e-01 2.1019363018e-01 -8.0705422215e-03 -2.5975115437e-01 -1.3918034797e-01 6.4419862940e-02 5.7121704287e-01 -3.7599941743e-01 1.6777552130e-02 1.1007416630e+00 -4.9630148040e-02 -2.0854871420e-02 -1.3573021438e-01 5.7522332996e-01 -3.7048640227e-01 -2.7771771167e-01 -1.0929657067e-02 4.0514648104e-01 8.7562528397e-01 5.6962168659e-02 -1.4253262178e-02 3.2789945255e-01 2.4218621296e-01 -5.2801157721e-01 -2.3687474054e-01 -1.9870452315e-01 -1.4366781914e-01 -4.0988442663e-02 -1.7507124235e-01 4.0215770520e-01 -4.2943136145e-01 1.7083838063e-01 3.1938113019e-01 1.6111595664e-01 -1.4018538335e-02 -1.4683408553e-01 -9.2742496468e-02 -3.8513469104e-02 -2.1849132252e-01 -1.5334319171e-01 5.9482541970e-01 -1.5504232346e-01 -1.1783895167e-02 -1.0910285886e-01 -3.4222333959e-01 -3.4107390436e-01 6.6191614864e-02 1.9865803820e-01 -4.0803738188e-01 -2.9037537269e-01 -8.5228915533e-02 -2.4046989681e-01 -1.0305628395e-01 1.2020328457e-01 -6.3703734594e-02 -4.7809182822e-02 1.3231458738e-01 3.9464182055e-01 -2.6930941331e-01 -4.6687782270e-01 1.1848880987e-01 -2.2416972429e-01 1.6088833738e-01 -1.2038259380e-02 1.2032325715e-01 -4.1193338877e-01 2.0468238811e-01 2.3358741249e-01 -2.7109209292e-01 -8.2758560723e-01 1.3483488123e-01 1.8720856093e-01 1.2095831115e-01 -1.2622834592e-01 8.8130340640e-03 1.1031065098e+00 -5.1264632966e-01 4.9640522131e-02 5.8221999014e-01 -4.2442557477e-01 -2.9559870424e-01 -2.4397664204e-01 -3.5925837909e-01 -6.4657465486e-01 -5.8038639732e-01 -2.6519756285e-01 -2.4339780743e-02 -2.4532650160e-01 -6.7501580817e-02 -8.1016251192e-01 4.3318514318e-01 3.4776277400e-01 3.4587408805e-02 2.1279673433e-01 -2.1495154978e-01 -5.0287127265e-01 1.6819184393e-01 -2.4229576029e-01 4.5704389995e-01 2.7565154244e-01 -1.7118949855e-01 5.3669453333e-02 8.0094294739e-02 2.0418966401e-01 1.6419923877e-01 1.7279520518e-01 3.6102960344e-01 -4.4759478995e-01 -8.2824963966e-02 2.5634631674e-01 -1.9948968989e-01 -4.4204550946e-01 7.6395788753e-02 -9.8700880835e-02 1.7195279622e-01 2.2472620485e-01 -4.4954092554e-01 -8.0036590488e-01 1.6751597143e-01 2.3064059370e-02 -1.4893121670e-01 -3.8977000881e-01 -8.6913686002e-02 -1.3542951187e-01 3.2250983736e-01
-7.4381644292e-02 -1.9779940299e-01 -1.3529276651e-01 8.4445456127e-02 8.7180080109e-02 -4.4731225878e-01 1.5138850284e-01 -1.0973439671e-01 2.9687048561e-01 -3.5911946320e-01 -2.3663922647e-02 -3.0340403073e-01 -2.8410326417e-02 8.6756780445e-02 4.6083813494e-01 4.3241133860e-01 2.9010423920e-01 1.2759086744e-01 9.3684088432e-02 1.5681092056e-01 -1.5519979639e-01 1.3939630404e-01 -7.2351356150e-01 -1.3261503594e-01 -4.1093295817e-01 -6.2442275484e-02 4.3210368881e-01 -1.8940081158e-01 4.0196109402e-01 -4.3834458605e-01 -1.7457699161e-01 3.2765185454e-01 1.0653701434e-01 -1.1453248462e-01 -8.0448767144e-02 1.5456661237e-01 7.6338299031e-01 -2.8848920684e-01 6.0146537367e-01 -2.3500548926e-01 -3.6829873768e-02 -7.2844821539e-01 -3.6182422584e-01 2.0799695805e-01 1.2705894252e-01 -5.1898426849e-01 5.6344136849e-01 -1.1439216781e-01 -1.6472788309e-01 -1.8623717540e-01 3.1559226813e-01 -3.2195097258e-01 5.8795483992e-01 3.1811719558e-01 2.1265169332e-01 -4.0661328242e-01 2.6399542629e-01 3.1540870728e-01 -1.3666263841e-01 2.6138830417e-01 1.7808800892e-01 -1.7669913517e-01 5.4921091573e-02 -4.8142043327e-01 9.0666229057e-02 3.6374172673e-01 -2.3401393757e-01 -2.6175668586e-02 -3.3127550839e-01 -1.5148196656e-01 1.2733798332e-01 -1.1577231019e-01 2.5061427807e-01 1.5479670858e-01 -2.9421044311e-01 2.3655009935e-01 1.0071269452e-01 2.3336877411e-02 4.7269541937e-01 3.8159107781e-01 -8.9896733688e-04 1.9622319023e-01 2.0875007788e-01 1.4079727315e-01 -1.7359691072e-01 -3.1080399494e-01 1.5815358345e-01 6.0032080177e-01 1.0610348636e-01 -1.3873846786e-01 2.7376013116e-02 7.3436621582e-02 7.1439761830e-01 -3.5420019813e-01 -6.4823793006e-03 -2.0416497110e-01 -4.7415735892e-01 5.3770399552e-01 5.6415917659e-01 -1.8476719203e-01 -2.6268581290e-01 2.0479969049e-01 8.1207267532e-01 1.1340937665e-02 -9.4185360073e-01 4.4258721302e-01 3.0384346844e-01 -1.1823852032e-01 -6.6649252670e-01 3.3429761197e-01 1.2617216184e-01 8.6309273052e-02 1.0747438535e+00 -5.0377699725e-03 3.7874857251e-01 -5.3243102839e-01 7.0846341353e-01 1.6896322544e-01 4.7264288137e-01 8.6523890918e-03 1.3793708988e-02 -2.4881830088e-01 -2.3955469440e-01 -5.1533486243e-02 4.5909925436e-01 2.9482198292e-01 -2.5748104239e-02 -1.4517266042e-01 6.2869108680e-02 5.9977521704e-01 5.0330770418e-01 -2.2727679934e-03 4.4040560440e-01 4.1886904062e-01 4.1157383978e-01 -2.1621567833e-01 -3.7182383854e-02 1.6529911527e-01 -4.7797238535e-01 -7.4792679620e-02 4.4894580184e-04 5.9799234198e-01 -2.2201974836e-01 -3.6327433012e-01 2.2352549531e-01 -1.7804293762e-01 2.3268817411e-01 -4.6619359982e-01 -2.6147809504e-01
-4.9872176014e-01 3.2333082815e-01 2.3440395712e-01 -1.3320268767e-01 -1.4121828276e-01 -6.8337133342e-01 1.2428407551e-01 6.3668632816e-01 -1.3043948551e-01 -1.8709925490e-01 -4.9751425870e-01 4.1869351409e-01 -1.8505880302e-01 2.1333310862e-01 2.7737098634e-01 -4.5915963175e-01 8.5212722367e-02 1.1254447393e-01 1.2152746429e-01 5.6957080240e-02 2.0960668321e-01 4.9674892765e-02 -5.8222813955e-01 -8.9765606071e-02 2.7295247038e-01 3.1652152491e-01 2.0368183826e-02 -2.7847938041e-01 -5.3959095162e-01 3.8996792662e-01 1.1819501162e-01 1.7021377573e-01 8.8335806832e-02 -9.1020091761e-01 -1.4492860471e-01 -2.9976629604e-01 4.6387363718e-01 4.3446111871e-01 1.5602279103e-02 -5.6603761288e-01 -3.6446700225e-01 -1.8254862855e-01 -3.9151230254e-01 1.3199036776e-01 2.1716861708e-01 -5.3453106949e-01 5.6192990743e-02 -1.0694130143e-01 2.6762832092e-01 3.7632170916e-02 -1.2188480605e-02 1.8069266016e-01 2.8920154852e-01 -1.6794804583e-01 -2.3442084984e-01 -3.7732037086e-01 3.3423423980e-01 -2.4562180812e-01 5.3452505598e-01 3.5602554263e-01 -6.4417104224e-01 -1.2528537438e-01 -2.2359846203e-01 1.4571181013e-01 -2.3399031606e-01 -2.3779544555e-01 4.9023123546e-02 1.2681159185e-01 1.6294081635e-01 1.4428772964e-01 -1.5048653601e-01 -3.3721778418e-02 4.0031482620e-01 8.6688050933e-02 1.2130819550e-01 3.0823607880e-02 -3.3025552805e-01 3.0407511304e-01 -1.8484823920e-01 1.4222848018e-01 -1.1872183211e-01 -1.5201677707e-02 -4.3959082302e-01 -2.3749800748e-01 4.1252641478e-01 -2.3737541991e-01 3.9532320329e-01 9.7723497655e-02 2.1430101002e-02 1.4612993510e-01 -1.2695753795e-01 -4.3830618719e-01 -8.9862555443e-01 9.2152416962e-02 8.7837705964e-02 -1.0275937925e-01 -3.6997668336e-01 1.1602604681e-01 7.4539288084e-01 3.6167880819e-02 -5.2633403592e-01 -1.5281622271e-01 -1.9819821981e-01 -3.8855121195e-01 -1.7371621923e-01 1.7043981366e-01 3.4548089179e-01 3.0855977469e-02 1.8196766535e-01 -3.8198360052e-01 -1.7346762535e-01 5.5108241269e-03 4.1540211363e-01 -1.1306320418e-01 3.2065185182e-02 -1.8929763567e-01 4.1819217132e-01 6.7300766073e-01 -1.8708151657e-01 2.5454290309e-01 3.1442456038e-01 -2.1667574649e-01 -1.1511904870e-01 3.4489884063e-01 -1.8022771283e-01 -1.6693640053e-01 -2.9254609884e-01 1.6431414072e-01 2.1499844852e-01 4.0193657688e-01 -7.9712363404e-01 4.5320952141e-01 5.4735382781e-02 -6.3077531387e-01 -5.2784933201e-01 3.3341635701e-01 1.8296081572e-01 -6.2807972914e-01 -1.8853854252e-01 3.4420373710e-01 5.8164997315e-02 1.1745720959e-01 -1.0879765691e-01 -5.7071058732e-01 -2.2523496090e-01 5.3253004927e-01 -3.0615573108e-01 5.9953222881e-01 -1.8367609852e-01
-4.8535226352e-01 1.4319427764e-01 1.8751527505e-01 -5.6758503262e-01 -1.9150568284e-01 3.2608757456e-01 4.8543207701e-03 5.1270163854e-01 -1.5575075018e-01 -3.2806899294e-01 1.9982563823e-01 5.8925102499e-01 4.3484659017e-01 5.7704369054e-01 -5.4710531848e-02 1.3127790103e-01 3.4726016566e-01 7.1733599950e-02 -6.3175063487e-01 3.5416296724e-01 4.1604294263e-01 -3.1431372251e-01 2.7383191716e-01 -5.1786209399e-02 1.0101002977e-01 -1.8780743236e-01 2.2902601113e-01 1.7861208955e-02 -3.2399710719e-01 7.5948298384e-02 3.6792545256e-01 2.9890556291e-01 5.9270587969e-02 2.5768408252e-01 -1.6702870132e-01 7.4087458775e-02 7.0439870161e-02 1.7921071731e-01 -2.4309421048e-01 5.2734922156e-02 2.2910900286e-01 -9.8963843773e-01 7.7623200912e-01 -5.1028904040e-01 -7.1235768463e-01 -3.0156740291e-01 -4.6896773406e-03 2.6346898570e-01 -4.9965484957e-02 -6.2054422762e-03 -2.7706069177e-02 -3.7171704382e-01 2.1431532004e-02 -1.8951907238e-01 -6.5834726973e-01 2.9921184702e-01 4.8907023023e-01 4.4134238645e-01 6.3897599710e-02 1.2801178228e-02 1.5297532195e-01 -6.9526568168e-02 3.6655547172e-01 1.1726431301e-01 -1.0057648863e-01 -2.5109811836e-01 -2.7628978412e-02 -1.0106211181e-01 -3.2459813834e-01 -1.7042663740e-01 -2.0902349282e-01 2.9522545944e-01 -6.9410455311e-01 3.4421831448e-01 1.9410665367e-01 -1.8087720594e-01 -1.0076298627e+00 1.1500904818e-01 5.5767634972e-01 2.6372197644e-01 -2.7376845786e-02 -4.2094029363e-01 -6.3505236337e-02 3.5638234758e-02 5.7570461678e-01 -2.4704483701e-01 -2.5643450167e-01 -8.3621539503e-02 -2.1342196831e-03 1.5891016449e-02 -3.5985672792e-01 1.0864289033e-01 -9.7057169834e-02 -1.8652163626e-01 2.5530592331e-02 -1.8857661430e-01 3.4972656199e-01 2.2893315225e-02 -4.2508680579e-01 -7.1243588119e-02 2.9723713631e-01 -2.4655950929e-01 9.2129972646e-02 -6.0910578726e-02 3.5735055553e-02 5.7578579263e-01 -3.1798905595e-01 4.6758177186e-01 9.7088418834e-02 -1.6107569677e-01 4.9354154033e-01 1.8273891089e-01 1.4204020274e+00 1.5732139748e-01 1.1079295191e-01 1.6644130330e-01 6.7016875788e-01 -1.9181943434e-01 -4.3454154515e-02 -3.0373267656e-01 -1.7451977082e-01 -2.1560132235e-01 4.2665548217e-02 4.4318898884e-01 -1.9550510339e-01 -1.5118465152e-01 -5.8730287421e-01 -1.0441958186e-01 -1.1476804269e-01 -2.6776405500e-01 2.1482733362e-01 -2.3274302660e-01 -3.5215478512e-01 9.1944024283e-02 1.7499594919e-01 1.1566019814e-01 2.2097392354e-02 -1.5162443759e-01 -8.0113110272e-01 3.4449850173e-01 1.1067743066e-01 1.0257313923e+00 -2.1956064348e-01 -1.1841869849e-01 8.9241500584e-02 9.8003437001e-02 8.2710791169e-01 -5.1725777136e-01 7.5034048434e-02
-1.1375649112e-01 1.5189833318e-01 2.6436775942e-01 -1.8466454563e-01 -1.8816138013e-01 -4.7725723177e-01 -1.1078240914e-01 -5.0340833323e-02 -1.2814183565e-02 1.7861149083e-01 -4.2519914306e-02 3.8127609677e-01 1.5823186047e-01 9.9576502319e-02 5.2696635186e-02 -1.1005171321e-02 2.0512443084e-02 1.5566397194e-01 1.9117089485e-01 2.3541784683e-02 2.2329155818e-02 1.7311089769e-02 -5.4166894068e-01 -1.5765208045e-01 6.4339419118e-02 2.5201193514e-01 2.7972839816e-01 1.8521415660e-01 -1.1336014529e-01 -1.5895631769e-01 6.9620531458e-02 1.3911165102e-01 1.4657382329e-01 -4.4096395883e-02 1.7187397079e-01 3.0597521351e-02 5.4378171671e-02 -5.1512242468e-02 -2.0239837278e-01 -1.7843132372e-01 -1.2774027444e+00 1.8314667143e-01 -3.7970010739e-01 -1.0894136515e+00 -1.4969575919e-01 -6.5692102995e-03 -5.7489714850e-02 8.6974890378e-02 1.0505072213e-01 5.3648741927e-02 -2.7139532139e-01 4.0685254206e-01 4.1281607899e-03 -7.9568801555e-03 -1.2985871820e-01 3.0466308151e-01 -4.7494230558e-02 -9.2724896766e-02 1.3219148071e-01 8.4565213898e-02 -1.0528894993e-02 -1.7810568648e-01 4.1986078303e-02 2.1921672217e-01 -3.9618419195e-01 -6.4969777532e-02 4.2384533675e-02 3.5008994092e-02 -5.9719382629e-02 4.9563067494e-02 -3.7635276307e-02 -4.0813257991e-02 4.4862267915e-01 6.0425691750e-02 -2.8339371021e-01 1.0548995012e-01 6.1366277680e-01 -2.1290794593e-01 3.3096986810e-01 -1.3202396121e-02 1.7275335895e-01 6.1484123723e-01 2.0512075148e-01 3.0502962562e-01 -7.7909266765e-02 1.4768535150e-01 8.0982718151e-03 -4.8224210025e-02 7.8522471108e-02 -4.3116931545e-02 2.5234812650e-01 -2.2337398178e-01 3.0905292721e-01 -3.3097496026e-01 3.1172876407e-01 2.0029545228e-01 -2.2670079721e-01 2.8679479340e-01 -1.7545653431e-01 2.1920262682e-01 -1.6633664067e-01 2.2304089442e-01 -2.9741797931e-01 1.2459731625e-01 -1.7433307616e-01 -1.0950558368e-01 2.3715846964e-01 -3.4154795292e-02 2.3443840266e-01 2.6464125426e-02 3.2857874878e-01 -5.4383046227e-02 -1.2363806926e-01 -3.3446782936e-01 -6.1835516359e-02 -4.1216827918e-02 -3.0476683053e-01 -3.9170710488e-02 -1.5522591405e-03 -1.7881319959e-01 5.8565107090e-02 -1.7075284040e-01 -1.3484288971e-01 -2.2444622425e-01 -2.2403879325e-01 -4.2378760727e-02 1.9541860332e-01 6.6765866871e-02 -3.8901768918e-02 -2.7557233779e-01 -7.5619131878e-02 -1.4468710964e-02 2.3580010876e-01 -3.2204820296e-01 -7.7492922450e-02 -4.5649914034e-02 -1.1033339467e-01 6.4329703747e-01 2.3134382341e-01 -1.4827308909e-01 1.7702186074e-01 -2.3919342164e-02 3.0942834493e-02 -2.0161286496e-01 -1.4943250304e-01 -1.7835119959e-01 9.2101620398e-02 3.6260779397e-01 -2.0372566645e-01
-5.8259958827e-02 -5.9747092388e-02 1.7968319939e-01 -1.9372509455e-01 5.2298325391e-01 -6.0954078590e-01 -3.1486355340e-02 -2.1980923503e-01 -3.0842921584e-01 8.3372814156e-02 -2.9674476872e-02 1.4733918068e-01 -4.2611385985e-01 -3.5614102385e-01 5.2041721774e-02 3.0015950556e-01 -2.2968147708e-01 1.7814568254e-01 3.8084199489e-02 -1.0026390659e-01 2.7333617181e-02 3.5086142352e-01 6.0378661870e-01 -1.4769632276e-01 2.3017629044e-01 5.7961866085e-02 1.1875444327e+00 1.2853664975e-01 -5.7502251835e-01 -1.6407303800e-01 2.6136175228e-01 -1.5935995292e-01 1.4875717982e-01 -6.5228003366e-01 -5.3288760163e-01 -6.8542634407e-01 -5.1389603461e-01 5.1832612448e-01 -2.9169023921e-01 -4.0817084871e-02 2.8113366906e-01 1.3155217347e-01 4.4161744692e-01 1.5257669859e-01 -2.5604088692e-01 7.0317566989e-01 1.2200911217e-01 3.9950657479e-02 2.8329682105e-01 -1.6749250387e-01 8.1830064587e-02 -5.9989881341e-01 -4.5413321022e-02 6.5610476296e-02 -2.8002372232e-03 1.6453876148e-01 5.4434161614e-02 -5.4312031160e-01 4.9730556506e-02 2.6344918695e-01 3.0497329287e-01 -1.9226382332e-01 7.2902942051e-02 -7.5808398855e-02 1.4508476765e-01 5.4026925395e-02 -7.4476904664e-02 -1.8413389669e-01 2.3398425436e-01 -5.5025721708e-01 -2.6291634527e-01 3.1086000565e-01 7.6934766118e-01 3.6514149947e-01 -3.0891728880e-02 -3.3581492576e-02 -6.8546269926e-01 -4.5212243529e-01 7.2130685328e-02 -1.1493466058e-01 -6.9755736159e-02 -8.3406741742e-02 5.7031540205e-01 -3.3708512171e-02 -1.1558036502e-01 2.2430727129e-01 -2.9501213018e-01 2.7029023469e-01 7.9488893589e-02 1.1211708046e-01 -1.9886209907e-01 -4.1802020789e-02 3.0455198063e-01 3.7129650497e-02 1.7432843890e-01 -2.5307338872e-01 -2.1669887228e-01 -4.8445409548e-01 6.4185330942e-02 -1.6732809955e-02 -2.1796765307e-01 -2.2737765134e-01 2.6133393781e-01 -2.2430986337e-01 3.2832616865e-01 -7.1586992786e-02 2.8610491214e-01 1.5121908934e-01 -1.0602068106e-01 -2.3216503679e-01 2.4765210277e-01 -9.9821251684e-02 -3.8190936953e-01 -9.2687958767e-02 -4.8933429415e-02 -1.0129762152e-01 -4.1736131147e-01 2.2174730338e-01 6.2235893083e-01 -8.0097418072e-03 3.1220279949e-01 -1.0648041918e-01 7.3492830968e-02 4.2039319736e-01 -1.4099377746e-01 -9.1261636564e-02 -1.1380243111e-01 -1.2165427003e-01 -6.7760956229e-01 1.7541213991e-01 6.1208349418e-01 -8.0615030356e-02 7.9164526444e-02 4.9875214944e-01 1.4929544039e-01 4.5203686666e-01 -3.8435243248e-02 1.4348545782e-01 8.2362805797e-02 4.5333399208e-02 3.0192686758e-01 1.7630117900e-01 2.6337352768e-01 -9.7525709594e-02 -1.5693711743e-01 -3.8141412021e-01 -3.8238665490e-01 -2.8447343487e-02 -4.0080912485e-01
4.1039315064e-02 -9.7803062935e-02 -3.9253963148e-02 -1.1118875849e-01 1.3701346712e-01 5.9432586886e-01 -4.1107925913e-01 -8.4900450251e-01 -3.5573847392e-01 -2.4785907667e-01 -2.4890317599e-01 1.3713963466e-01 -3.3846559796e-02 6.4280102639e-02 -4.9273016045e-01 2.7098539520e-01 -3.7730997174e-03 -8.4852623755e-02 1.5269385553e-01 2.1693276866e-01 2.6277539003e-01 2.8420031981e-01 2.1328673786e-01 7.0407849382e-02 1.8932430999e-01 3.9303773146e-01 8.7954070345e-02 -1.2481453935e-01 1.5437884082e-01 -1.1843822557e-01 -4.6403016564e-01 -1.0250587379e-01 -5.8786757754e-02 -3.9029014137e-01 7.7678474006e-03 1.6171255945e-01 8.2660619371e-02 -8.5029741589e-01 -3.6843548240e-01 3.5781636179e-01 2.5759113989e-01 1.0211743832e-01 1.1478315685e-01 7.7677557712e-01 4.7929806232e-01 1.9268608238e-01 7.8099406068e-02 -3.1086946653e-02 -6.0634697927e-02 -3.1623665648e-01 -7.8501378285e-02 -5.3926516132e-02 1.4585663507e-01 -1.6718395516e-01 -3.1425605082e-01 -4.7482951045e-01 2.5558639681e-01 8.3179029733e-01 -7.9393037329e-02 7.4506325758e-02 5.2632152856e-02 9.9992780438e-02 1.9692724910e-01 -2.6273698033e-01 -3.0865530425e-01 -1.1300130529e-01 3.7316385547e-01 -4.3946153292e-02 -9.0389684014e-02 -1.8503562185e-01 4.8454554728e-01 2.7536568842e-01 5.3008216979e-01 1.3404835075e-01 5.9303792167e-02 1.4902298119e-01 1.3980278685e-01 -1.2959808449e-01 -3.5102081545e-01 1.4019400380e-01 1.3487794140e-01 -4.0937243901e-01 2.4087248620e-01 7.8343943909e-02 -1.6092434526e-01 1.1772441875e-01 9.8195000648e-02 9.6697336661e-03 -9.6694060506e-02 8.5559286902e-03 -1.9706798772e-01 -2.6396354487e-01 4.9263309908e-02 3.4305686588e-01 -7.8972112246e-02 3.6065920003e-01 -2.4285241354e-01 -1.3458469782e-01 -1.4039983771e-01 9.7806977905e-01 -2.5016080662e-01 -3.1769095906e-01 2.5812696579e-01 -1.3160594784e-01 -3.3474505638e-01 1.3592257132e-01 -1.0471464423e-01 -2.3574985526e-01 -6.6755392699e-02 1.9310156810e-01 2.1711073476e-01 2.1519778003e-01 1.9807427927e-01 -2.5722448012e-01 3.7857339320e-01 1.1704368690e-01 -9.7599048415e-02 4.1745780817e-01 3.7336519955e-01 -2.5097478554e-01 -3.1548851896e-01 -4.7202294609e-01 3.4385141547e-01 -3.8900444160e-01 4.1233383171e-02 -1.4774381107e-01 -2.7162262504e-02 8.0104920820e-02 1.6661251228e-01 -1.6094796917e-01 2.1139332321e-01 -8.6362423643e-02 8.8830918212e-02 -1.5315459417e-01 -1.9654482114e-01 1.6944758950e-01 -9.9646543455e-02 3.0483028223e-01 3.3714274138e-02 -4.9491282747e-01 2.6132525546e-01 7.4330898802e-02 -1.0521206994e-01 -2.0337049990e-01 3.2256598670e-01 -6.9449919717e-02 5.0412155579e-01 -5.2010603216e-01 7.1617692195e-02
-3.2252450812e-02 -1.1931587677e-01 1.2509866787e-01 -1.6687517197e-01 8.2192466530e-02 4.2699294840e-01 -1.5420017052e-01 3.6344145512e-01 3.4747017083e-02 2.0047077055e-01 5.1185532369e-02 -8.9804612582e-02 9.6517391904e-02 -1.7970888982e-01 3.3161472159e-01 1.1265360335e-01 4.9150181315e-01 -5.0898101006e-02 -6.3053822132e-02 -1.0936571685e-01 -9.0096558614e-02 -1.9123201680e-01 -4.1100503771e-02 4.2616420241e-02 -3.8344012765e-02 4.9772576994e-01 -2.4335528275e-02 7.3473704973e-02 -1.7862082599e-01 -4.2542346417e-02 -3.3972057592e-01 9.8812738959e-02 -4.7765608170e-02 -9.1733610134e-02 -5.4567115765e-01 -2.1449177189e-01 5.2354089603e-01 3.2127896370e-01 8.9268099931e-02 -2.9667120221e-01 -9.1411737064e-02 -4.0111722178e-01 2.0685427066e-01 -1.0355500201e-01 3.5263492450e-01 1.0064547413e-01 7.6611743851e-02 -7.6835739957e-02 -4.8669375370e-03 4.9617124388e-01 -2.5179151400e-01 -1.6836785836e-01 -3.7839399247e-01 9.8850265192e-02 1.3344386026e+00 -2.8272304535e-01 6.9438210921e-02 -6.7355278166e-01 -1.5279081245e-01 6.1809230113e-02 -4.4382802372e-01 6.5359103035e-02 -1.5959702004e-01 5.0468054247e-02 -2.1540008759e-02 -2.3746488199e-01 -8.2021843030e-01 3.7404796925e-02 -3.2699209826e-02 -3.6144948303e-01 1.6869450984e-01 -4.1226716019e-02 -2.5556924252e-01 -4.9993894582e-01 -8.1510419657e-04 -2.3079324037e-01 -9.0090970235e-01 -1.3265531984e-01 8.7958512712e-02 3.1972130404e-02 -2.7183861918e-01 4.8172147179e-02 1.1719316244e-01 4.9502721512e-02 1.6138475183e-01 1.4247449621e-01 1.0109588438e-02 1.3737147784e-01 -5.3006491148e-02 5.5793735441e-03 5.9925765142e-02 4.9721262876e-03 -6.7192452389e-02 3.1625341821e-01 -2.1783679231e-02 -2.1488317574e-01 -3.6765093100e-02 -7.4487252647e-02 -4.5314038303e-01 1.3796331322e-01 1.9825042368e-02 -2.0344555790e-01 -4.3628573736e-01 1.0770713721e-01 -1.0340932547e+00 1.3968837822e-01 -2.8772224616e-01 3.0298996060e-01 1.6434724394e-01 -1.2254249800e-01 1.3644748103e-01 -1.7763366248e-01 1.3237108066e-01 -1.3430814424e-01 -5.8754996810e-01 3.0325569409e-01 -6.3518671290e-01 3.5102766996e-01 1.4224136371e-01 -1.0814666790e-01 7.8778307262e-02 1.5517417802e-01 -6.0773821049e-01 -2.2302405540e-01 2.8498365576e+00 3.2320698913e-01 3.7452534927e-03 1.8946946526e-01 -7.6518696517e-02 -3.0700389283e-01 1.6601480527e-01 -7.7342734211e-02 -6.9772495396e-02 2.0417759454e-01 -1.4406425496e-01 1.6765495404e-01 -1.0783194017e-01 -1.8220408682e-02 -1.3717494080e+00 1.7703215675e-01 1.0817417621e-01 -7.0207124857e-03 2.9842311845e-01 -7.8122191274e-02 -3.1858947807e-02 -1.8182135055e-01 9.2533382617e-02 -3.0785240609e-02 9.4087332192e-02
-1.6797708492e-01 7.0082720596e-04 8.0032909397e-02 4.0889914149e-01 -5.9593357738e-02 1.8148115712e-01 -1.6642219282e-01 5.2689321363e-01 -1.3145985756e-01 -1.1940146089e-01 -9.0752516522e-02 -4.3882328515e-01 5.2410857490e-01 -1.7105144720e-01 1.9494517096e-01 2.7655452079e-01 5.9005644974e-01 3.1264566614e-03 5.1257277476e-01 1.2924365676e-01 3.4152930140e-01 1.4002871706e-01 2.7911116438e-01 -4.4297346581e-02 7.0883616001e-01 -4.5552327906e-01 -1.3996771036e-01 3.5308705229e-01 -4.0310582099e-01 -1.0269202794e-01 -3.2029052316e-01 -7.2830663065e-01 3.3227247187e-02 -8.3436477711e-02 1.1535890107e-01 6.0436449956e-02 -6.0995640479e-01 1.2494108177e-01 -2.2099349762e-01 1.6549408417e-02 8.5415361383e-01 1.9447006862e-01 1.6241873734e-01 2.1361657379e-01 1.9674349720e-01 -5.0552887805e-01 3.5889696799e-01 2.6722883929e-01 8.1735804247e-02 -6.6264914753e-02 1.1618253623e-01 6.5704541264e-02 -3.7623301795e-02 -6.9837636904e-02 2.4337825301e-01 -1.4432631703e-01 -2.4781409958e-01 -7.1877268717e-02 -1.1466956219e-01 3.7665049859e-02 -8.4417384006e-03 -6.9466658421e-02 3.2546820788e-01 5.8633591152e-01 -2.2691193852e-01 2.3067352503e-01 1.3079009273e-01 -8.3896216202e-02 -2.0992108200e-01 -9.1914743604e-03 1.8321881359e-01 7.2082198822e-02 -7.0588530590e-01 1.3065156918e-01 -2.2913683354e-01 -5.1356638462e-01 2.0973676016e-01 4.2318152037e-01 4.1456001191e-01 9.9468952176e-03 -1.4299855306e-01 -1.0956539259e-01 -2.9282459771e-01 1.4205886409e-01 8.5611721694e-02 -3.1291341391e-01 1.4132804787e-01 -5.0799048967e-01 8.4961663135e-02 -1.8856799175e-01 -9.5925713630e-02 6.6161309738e-02 -2.9806868787e-01 -6.4238737854e-02 4.3152324411e-01 5.9037965008e-01 -3.8784021335e-01 -2.6134985229e-01 2.2810542732e-01 6.8144088805e-03 1.3351490534e-01 1.7745584567e-01 -1.9243462472e-01 -3.4065013893e-01 2.4081835732e-01 1.7769185692e-01 6.2847999823e-02 -1.7112156213e-01 1.5691486487e-01 -1.1218934940e-01 5.8477618725e-02 -1.1925080692e-01 3.7409161237e-02 3.2136518104e-02 5.5703088855e-01 -1.9174022781e-01 2.8534451931e-01 -2.4192748545e-01 1.4219400551e-01 1.1826389300e-01 -6.1001316658e-01 6.5360691147e-02 -5.4634256559e-01 -1.5934807388e-01 5.4475252448e-01 4.4854562444e-01 -2.4809626467e-01 9.9694231432e-02 -2.7027766188e-01 -1.0230764341e-01 -1.5471962052e-01 -6.9510766960e-02 -1.6205180713e-01 1.6905378036e-02 1.3276640828e-01 5.9690224055e-02 1.9020415489e-01 -1.8804419672e+00 -1.1463189313e-01 -1.7108640908e-02 -3.5478905242e-01 -2.9435962811e-01 1.5151826215e-01 -5.7973062649e-01 3.8173650796e-01 4.1567540009e-03 -4.6138329724e-01 6.4842243879e-02 -4.5427317967e-01
4.5507084767e-02 -1.9000595045e-01 -7.5370432101e-02 -4.2156039304e-01 3.8959314845e-01 -4.3328746478e-01 1.9759800856e-01 6.4413665084e-01 -3.2862181771e-01 2.0302426097e-01 9.7679815638e-02 3.2015271050e-01 -3.2746696609e-01 2.0941555762e-02 7.2446197494e-02 -2.1208763433e-02 1.9465841054e-01 1.0994381079e-02 1.5013695528e-01 3.6865862858e-01 -3.7161247343e-01 -7.5539479182e-01 6.1929490748e-01 -2.2130206366e-03 -1.2796189662e-01 4.8413570039e-01 -9.6570443165e-02 1.1781898667e-01 2.9798346327e-01 3.1414509817e-01 2.2888142321e-01 2.8164334491e-01 -3.5409410710e-03 -7.9374914981e-02 3.3740457637e-02 -3.3963470899e-02 7.1382153713e-02 -3.2451403948e-01 -4.1001265596e-01 -2.5619791552e-01 4.2698756992e-01 -3.4554811296e-01 -5.9808697273e-01 -6.3563112646e-01 2.1872398341e-01 2.0080247722e-02 5.0084242180e-01 -2.3769911495e-01 -2.3043846261e-01 -1.3320044802e-01 1.6054245509e-01 -4.6688005397e-01 2.5493662240e-01 4.0696464798e-01 -4.3272429053e-01 -4.1383620664e-01 -2.0220383428e-01 1.0978386850e-01 4.4749679892e-01 5.9350114002e-01 2.6756184448e-01 1.7348445673e-02 5.0998398067e-02 -4.3451775401e-01 -3.7874507722e-01 -2.4748033177e-02 6.3430080207e-01 3.2981152004e-01 1.3470703476e-01 4.4232703895e-01 9.7309314195e-02 -2.8661993654e-01 -2.0659454832e-01 4.2153082739e-01 1.9289419722e-01 -2.1481025193e-01 8.1139218353e-02 1.4899116265e-01 -3.1427621048e-01 7.9740565018e-01 -2.9769298906e-01 -1.5852250258e-02 4.9674165062e-01 -2.1449659052e-01 -3.0174054485e-02 -1.5555072429e-01 -1.0062800298e-01 1.8715442166e-01 2.4761586137e-01 -9.0723189591e-02 -1.3502687089e-01 2.7376845466e-01 -2.7387451807e-01 2.6746747029e-01 -1.4948580131e-01 3.2162869491e-01 -2.7248850091e-01 -3.0641532380e-01 -4.8587037019e-01 1.3083900679e-01 2.6859247600e-01 1.3269614239e-01 1.7276623436e-02 1.2753953185e-02 1.6260578184e-01 2.3166606347e-02 -6.0134902863e-01 2.3868166562e-01 1.1045340906e-01 -2.5408033833e-01 -6.2215306497e-01 2.6769985606e-01 -3.8599375532e-01 -9.2392257287e-03 2.2627962115e-01 -4.6557994522e-01 1.6283416441e-01 -1.9826437119e-01 -1.6007056437e-01 2.4462501276e-01 -3.2847668216e-02 1.3152768284e-01 1.1210005287e-01 -1.9318473294e-01 -3.3621118027e-01 5.6809680828e-02 8.8304580770e-01 -2.3248427676e-02 4.3991538081e-02 -3.7687778267e-01 3.2638661305e-01 -2.8350344092e-01 3.4593324327e-01 -2.2810478958e-01 -3.8289048954e-01 -8.1261116940e-02 -9.4894475250e-02 -2.1463573112e-01 1.9676755979e-01 3.9166180804e-01 -4.0988066698e-01 -4.8031385806e-02 2.8035603900e-01 -6.6275604306e-01 3.4149349440e-01 6.6989496357e-04 -1.5179885213e-01 8.5634168440e-02 -3.4342543033e-02
-1.2711604308e-01 1.2324843518e-02 -1.4643792361e-01 -1.0056163905e-01 7.3944323949e-03 8.1642557473e-01 2.3800256936e-02 2.3236270382e-01 1.1571482584e-01 -1.3987302490e-01 -1.2222149178e-02 -9.1042367289e-04 -5.1248565542e-02 -9.1355449389e-03 4.3264666253e-02 -2.6665014601e-02 -3.1454045675e-02 -7.9553954029e-01 1.5669760975e-01 8.8289490893e-02 -2.2918421022e-02 -4.5645469660e-02 -1.1632448613e-01 7.7079803604e-01 8.9518937968e-02 -3.3691256721e-02 -6.0245327749e-02 2.6936147859e-02 -4.8890864938e-02 5.4260772638e-02 -8.6685830438e-02 -6.1024474300e-02 -7.3093475759e-01 2.2830661574e-02 -4.1560230129e-02 -9.1288626495e-02 -1.5686154592e-01 -1.5714273519e-01 6.7004974109e-02 4.6804079176e-03 8.0499199118e-02 -1.5806761953e-01 -3.9050165753e-02 -7.8846017746e-03 1.2701596626e-01 -2.7333120263e-01 7.2902169542e-02 -3.6169038112e-02 -3.4590553877e-02 -1.0007646155e-01 6.1648621943e-03 -2.1738714693e-01 -2.3502429740e-02 -1.7364723232e-01 9.6407621176e-02 -3.3780612627e-01 -5.2520019010e-02 1.4298317778e-02 1.3246048598e-01 -5.3882806292e-02 7.6381452740e-02 8.3407032967e-01 1.5660471200e-01 -3.5817912207e-01 1.2064912349e-01 3.8994126285e-02 2.3929468827e-02 -2.1184437287e-02 3.5760947818e-02 7.8904145292e-02 8.7607730617e-02 1.4679492885e-01 -1.7079998733e-01 -1.4403358395e-01 1.0111529993e-02 -1.2273503757e-01 -8.1708283028e-02 -1.6277901606e-01 -4.5793947584e-03 -1.7297376109e-01 -1.7526835159e-02 -6.3915472909e-02 6.2037950073e-02 6.6400343324e-02 -3.4672007737e-02 6.1174805224e-02 2.2969462013e-02 -7.5263300251e-03 -1.0264808846e-01 -4.5270867530e-02 -1.7742555241e-01 -5.3397702020e-02 2.6421569890e-02 1.4923603036e-01 1.3402871537e-02 -3.6436006504e-02 3.6171709100e-02 -8.3739875666e-02 1.6733311544e-01 8.9490853688e-02 1.8452654341e-01 7.2938202235e-02 -1.9945668789e-01 -4.0167840606e-02 3.7111028590e-02 -6.1999483264e-02 -1.1792128192e-01 -7.7205389099e-02 -4.0483604764e-03 4.5064557019e-02 3.9400919071e-02 -7.9288676477e-03 -2.5223524117e-02 3.3352625544e-01 4.2788416695e-02 -6.3623423940e-02 -4.9929676932e-02 7.5050437526e-02 5.5177076607e-02 1.5103143485e-01 -3.1215411603e-02 1.4864238267e-01 5.3235752876e-02 5.7288817240e-02 1.4139658878e-01 -1.3586669109e-01 -2.2031882593e-01 1.4408445406e-01 4.7211966356e-02 3.5041827871e-02 -2.2789416958e-03 -6.4857991966e-02 -1.7003678182e-02 2.9636162545e-02 1.3313544154e-01 -6.6870608805e-02 -1.1577458114e-01 -3.0310108715e-01 -1.4749326660e-01 8.3593047752e-02 -1.2390144594e-02 -9.9608695806e-02 -1.7443272253e-01 -4.3098912104e-02 -1.6478899285e-02 8.1531895421e-02 -6.2926234779e-03 2.1059538215e-01 3.1612604369e-02
-3.9007793880e-01 1.3640702446e-01 -1.5557740762e-02 1.2335635443e-01 2.6157994672e-02 -5.3781296159e-02 1.8611005032e-03 -3.4179588607e-01 -1.1068059211e-01 1.7941691367e-01 9.1186354881e-02 1.9259254741e-01 -4.7572334642e-01 1.4554362997e-01 7.0119686970e-02 3.6689538395e-01 -3.1711910844e-01 2.0108208905e-02 1.2925397338e-01 -2.2140543702e-01 -1.9757670266e-01 -2.4760144423e-01 -3.3957502689e-01 -2.0429280838e-02 -3.0579038067e-01 -2.5099641190e-01 -1.2579569457e-01 -2.2230547222e-02 -9.2898592718e-02 -3.4189215770e-02 2.3436109839e-02 2.2446948335e-02 1.7692186532e-02 -7.3031613513e-01 2.7292925958e-01 -7.1923655217e-01 4.4319281509e-02 -3.4329054875e-01 -5.1385322554e-02 -4.4007450617e-01 6.9731523752e-02 2.3665588352e-01 1.9538913750e-01 -5.9644744542e-02 5.5493117528e-01 1.0809378889e+00 -7.3491200541e-02 3.6976146070e-01 -2.1494790645e-03 4.4439205242e-01 3.1369082950e-01 1.7229247800e-01 -2.2109705553e-01 -4.8275573602e-02 1.5883065320e-01 -1.2222819094e-01 3.8080602943e-02 1.0828913484e+00 -4.8823031819e-01 -2.2161154801e-01 -1.8605086370e-01 8.1872866204e-03 -2.9379024514e-02 -6.0136255558e-01 -2.7583851985e-01 1.7908715041e-01 -3.7705847653e-01 1.2854162767e-02 -4.1397974984e-02 -1.5111205376e-01 2.0457550497e-01 -8.0854060103e-03 7.1656766711e-02 -2.1087587812e-01 -3.0924126348e-02 7.6065004443e-02 6.2340566207e-01 -3.1705778424e-02 3.3497270116e-01 4.8015922006e-02 1.4164026467e-01 -1.2595147881e-01 -3.8437786246e-01 -2.3001355296e-01 -9.4033268523e-02 -9.6357376102e-02 6.5275303353e-02 -1.6798580345e-01 3.5595307436e-02 -2.7237823783e-01 -4.9017111054e-02 -7.6445863861e-02 2.2410137333e-01 -2.1848281865e-01 -1.3892988560e-01 1.4778554350e-01 1.2477940444e-01 2.0817359602e-01 -2.2925216094e-01 4.8735389197e-01 -1.1797470037e-01 -3.7692301964e-01 1.0333890683e+00 4.5195004297e-01 2.7107027157e-01 -1.2162223205e-01 -2.1844707957e-01 1.2594850404e-01 -9.6173919193e-01 2.7610267621e-01 3.1032446455e-02 1.8571438060e-01 -1.0007482736e-01 -8.8273816654e-01 1.9451071108e-01 -2.5931668277e-01 5.7362602101e-01 -4.2047014713e-01 -3.7309330172e-01 -2.0580904844e-01 -7.6175952079e-03 -3.3976403183e-03 2.4330090507e-01 -8.1606997706e-02 -1.1036019581e-01 3.3450148119e-02 2.0607714129e-02 -2.8262611811e-01 -9.9942470715e-02 -9.1358579534e-02 5.9025117326e-01 2.8005773707e-01 -2.1436852073e-01 -5.2348491718e-01 2.6599421305e-02 3.4519593993e-01 5.3020966573e-01 -4.3075086470e-01 -3.1541874329e-01 1.1792667418e-03 -3.1140074770e-01 -1.8179227237e-01 5.4755314747e-01 3.1921718781e-01 8.5098121161e-03 1.6730185608e-01 2.0484269533e-01 3.4091250031e-01 -3.5207016137e-01
1.0297240595e-02 -1.7680332006e-01 -6.2677338993e-01 5.1165262250e-02 -3.8230616459e-02 -5.3526228828e-02 1.2373150673e-01 2.7143282511e-01 3.5699781634e-02 4.9116903618e-02 4.2868696793e-01 -3.9659635140e-01 3.3246530940e-01 5.6390153324e-01 -2.7310338134e-01 4.2614400582e-01 -1.0700750456e-01 -7.9426619564e-02 4.8654739001e-02 -1.1546942344e-01 -2.2554939048e-01 -1.6183247283e-01 1.8085743733e-01 7.6307276702e-02 2.0636102443e-01 -2.7086538045e-01 -2.4649039647e-01 1.6090149436e-01 -4.8542050915e-02 9.1228076945e-02 2.5611075022e-01 3.6308184526e-01 -6.7439908665e-02 -4.6760619334e-02 -3.4393244282e-01 -2.6930963463e-01 2.4030149692e-01 1.1045957779e+00 5.5192739952e-01 -1.3628437940e-01 4.1135673805e-01 -1.3507633222e-01 1.0167308823e-01 -5.4855745364e-01 -1.6921442112e-01 -2.0733124268e-01 1.2083840386e-01 9.6492376744e-02 2.9129012555e-01 -2.1661219542e-01 2.8199844768e-01 3.4975543631e-01 -1.4600801809e-01 -3.4229001495e-01 -4.3481029541e-01 3.2446265734e-02 -3.4358142679e-01 -2.3747536467e-01 -1.1639083830e-01 2.8119236434e-01 8.6547110716e-02 7.7866434965e-02 -7.2098960276e-01 6.1181853328e-01 -3.3867270164e-01 -3.0934567152e-01 4.0620384653e-01 -3.3768220496e-01 1.7816402470e-01 -6.3177917328e-01 3.0115059447e-01 -8.9229095007e-03 7.1949037056e-01 1.8149845132e-02 1.1735815102e-01 -3.3340701758e-01 -6.8115920724e-01 -2.8271312539e-02 3.0296194217e-01 1.0043496669e-01 4.4355486845e-01 -2.7368601852e-01 1.2607051526e-01 1.0696642206e-01 4.5343124877e-02 7.6803484193e-02 3.5557866026e-01 -1.6903543493e-01 -5.7636275095e-01 -2.7970510327e-02 -4.2786549856e-02 -1.6267240349e-01 -6.7928662440e-02 2.6618444860e-01 2.4599598325e-01 -1.1013767609e-01 -2.5320734409e-01 1.1994747695e-01 2.3674461915e-01 -7.9006573761e-02 -3.9416524187e-01 -1.7623929959e-01 -4.8033763783e-01 5.1128294145e-03 -1.7587258388e-01 -1.5048058121e-01 2.2902950477e-02 1.5102034918e-01 2.7218368750e-01 -1.0482832844e-01 -2.1209926273e-01 -1.8061198425e-01 -2.2846239073e-01 -8.2556642209e-01 1.7234891724e-01 9.5627725433e-02 2.4785493127e-01 -1.0589399945e-01 -3.2147811860e-01 -8.5548908524e-01 -2.5053688934e-02 -2.7906973946e-01 -2.4166724379e-01 1.5368910216e-01 -6.8908125081e-01 1.9042666305e-01 1.3422030777e-01 3.6386021063e-01 2.6272994421e-01 -3.5615213500e-01 1.5815326908e-01 5.0042195062e-01 -3.2887687059e-01 3.9649114737e-01 -2.2231916613e-01 -4.1005546148e-01 -7.3194640534e-02 -3.7458205574e-02 4.7097159490e-01 1.2125396305e-01 -3.0014816892e-01 1.1188451091e-01 2.4478082489e-02 5.6055575612e-01 2.6707546060e-01 -2.2861032145e-01 -1.7523209881e-01 -1.2326268867e-01 2.6881181135e-01
-1.9851148786e-01 2.0628976772e-01 1.0867740876e-01 -2.4908762171e-01 3.6953515347e-01 -5.5615134316e-01 -3.4077480220e-01 4.6428016445e-02 2.0829258054e-01 -3.2321209185e-01 2.7892204027e-01 7.1973353000e-02 3.3591023036e-02 -4.8930155174e-01 2.2568792776e-01 4.2002076181e-01 -1.0176585150e-01 -1.5604470772e-02 -9.2076959884e-02 -1.7824636386e-01 -1.1591444216e-01 -2.3383529619e-01 -1.5190477951e-01 4.3415887104e-02 -9.1001116402e-02 -3.3003611930e-01 4.5823970597e-02 -2.2552261397e-01 9.4253607804e-02 -2.4722841676e-03 8.5685315255e-02 1.6478637402e-01 -3.4288353083e-02 -9.8491429943e-02 -6.3648978894e-02 1.7027338251e-01 -3.0826482669e-01 -2.7758049919e-01 -2.0530290843e-01 3.6556207922e-02 1.4673966057e-01 -2.4667107346e-02 1.2619398873e-01 -2.1410694549e-01 1.3598091814e-01 -2.6741829319e-01 -6.8800209677e-02 -5.6642994220e-01 1.7198981328e-01 -1.8404792822e-01 -7.5588837321e-02 -1.7154904051e-01 3.7493708500e-01 -2.7470235597e-02 3.5121831523e-02 -3.0875219808e-01 -2.3481184557e-01 2.1374360067e-01 -3.0657489379e-02 -1.2928503775e-02 1.5846527223e-01 4.9529391739e-02 -5.7826677686e-02 2.6916505989e-02 -1.2669058315e-01 -3.0635179844e-01 -8.2393985995e-02 9.2885159120e-02 4.8982559579e-02 -4.0227028868e-02 -1.5453536762e-01 1.1644072059e-01 -4.2354210858e-02 -6.4688306738e-02 -8.8164350183e-01 1.2130328819e-01 -6.8622567292e-02 -1.4010347592e-01 2.1921283718e-01 3.9663597512e-02 7.6725369447e-02 -9.0494038472e-03 -3.2059671870e-03 -3.7946280909e-01 4.5071576350e-01 -3.8680068873e-01 4.2725491249e-02 7.6721824717e-02 7.3367952685e-02 -5.4747057379e-02 -5.1473567311e-01 4.0720031246e-01 -6.5381829791e-01 2.8367208452e-02 1.3112573236e-01 -1.0795788963e-02 2.0755762564e-01 -1.3183593172e-01 2.0565406266e-01 -6.5790585463e-02 1.2090705905e-03 3.0133327542e-02 9.9039117832e-02 9.5838009716e-02 8.2681557328e-02 -1.5718453738e-01 3.1646760215e-01 8.6713517465e-02 -3.6108754088e-02 2.9235759564e-01 -2.1072540640e-01 -7.6276908873e-02 -9.1044492327e-02 9.5823177065e-02 3.8772553285e-02 8.2725776298e-01 3.3552118797e-01 1.9775831052e-01 3.7622728769e-02 1.9191781539e-01 1.8607772284e-01 2.2300318115e-01 -1.9441134769e-02 -3.8841818477e-01 5.0986424541e-02 -3.1415879041e-01 5.1199166931e-02 1.5044671257e-01 3.3758003453e-01 -1.2012834533e-01 -4.3063039874e-02 1.7235865644e-01 -5.4909821708e-03 -8.4765250197e-02 2.7931516913e-01 1.5227311959e-01 -1.7909308955e-01 1.8524259129e-01 -1.6888175857e-01 2.1607110424e-01 -2.6507459796e-01 -7.7026629138e-02 -7.9669991581e-02 -2.3163860749e-01 6.8129388948e-01 -4.3101841384e-02 -5.3975493651e-01 -1.7015059593e-01 -1.5049276449e-01
4.6473362296e-01 2.7777908179e-01 7.2470203889e-02 2.0162227281e-01 1.1909415814e-01 4.8664136111e-01 -4.2419629714e-01 5.4115906973e-01 -8.6523669749e-02 -3.5243987936e-01 8.6989508190e-02 1.3866690182e-01 -1.4153617207e-01 -5.1205302922e-02 -7.9912421433e-02 1.9692266107e-01 -7.5355538679e-03 -6.3566636418e-02 -6.0112470504e-02 2.8315448807e-01 3.5003638661e-01 -2.8981974637e-01 -6.8114048960e-01 4.1404717131e-02 -7.1042290708e-01 -2.0384076282e-01 -7.2863072271e-01 5.6899481130e-04 7.1266298334e-02 -6.5067246631e-02 3.0829877841e-01 -2.1124337154e-01 -4.7892518415e-02 -3.8782562956e-01 -1.3030380563e-02 -5.1617590237e-01 2.3498219352e-01 -6.6968849270e-01 2.0498016234e-01 1.5065203084e-01 -1.6524721253e-01 -3.4665021805e-01 -1.8161939129e-02 2.2379283032e-01 -2.3043300950e-03 -1.5249521891e-01 -8.9052362255e-02 -1.6746123238e-01 5.4909570368e-01 3.7698372530e-01 -9.3603882490e-02 -3.8245899887e-01 2.3260713779e-01 4.0742268109e-01 -5.9036612850e-01 -2.8633211032e-01 -1.8188175766e-02 1.6427595673e-01 7.3533099251e-02 -1.5560557753e-01 -1.2289355786e-01 7.0234235584e-02 1.1642569791e-01 4.5961248851e-01 5.3551626901e-01 4.6611049050e-01 5.7733001500e-01 -6.1926236311e-01 -2.5213511401e-01 -7.4859437790e-02 -2.8181113106e-01 2.4191736155e-01 -3.4976850353e-01 -3.6003854133e-01 1.5972240383e-01 1.9716822926e-01 -1.2357716615e-01 4.3110279454e-03 1.8316157491e-01 4.0200635684e-02 -1.7592567812e-01 2.8994362808e-01 1.5670413921e-01 -9.2731749409e-03 2.0390714071e-01 -1.2087153156e-01 -6.9282643585e-02 -6.9428599324e-02 -4.0379641502e-02 2.3968468551e-01 -6.0689826351e-03 2.2875038538e-01 1.8371877229e-01 7.9474736639e-02 -5.6853511383e-03 1.3374941578e-01 1.5370443280e-01 -1.8097293081e-01 -1.8680028702e-01 1.7878688276e-01 -1.8216484596e-01 1.6496526629e-01 -1.0048207874e+00 1.2333401149e-01 2.1572424606e-01 -3.9487726444e-01 -1.7869280419e-01 1.3167217848e-01 1.2431723384e+00 2.3966079679e-01 1.0613543346e-03 2.7474353980e-01 4.8515878722e-01 2.2798135772e-01 1.7060261415e-01 -2.4478853487e-01 3.0859126687e-01 2.3909827702e-01 -3.6856471328e-01 2.8206564150e-01 -4.2105710999e-01 -1.7010905475e-01 8.8458843224e-02 -9.6603050849e-02 -5.3484811642e-02 5.4464529197e-01 -7.5637676749e-02 2.1458760134e-01 9.3438251049e-02 1.7686542321e-01 1.6676746291e-01 2.8701960454e-01 -1.7423113671e-01 -3.7569089614e-01 -1.6820626274e-01 -2.1008847255e-01 -2.3472335183e-01 -9.6867439867e-02 -5.5092646183e-01 1.7628390677e-01 8.0565900653e-02 2.0227112978e-01 -5.0792101824e-01 1.3193568345e-01 -2.4952401872e-01 -1.2551396124e-01 7.2763406588e-02 4.4024180230e-01 -1.7763782699e-01
4.3745592011e-01 -3.2875160693e-01 -2.4490310072e-03 1.0450356291e-01 1.9630350219e-01 -2.9768885618e-01 4.8957481234e-01 -8.0532558057e-02 -2.0470255882e-01 3.6966443232e-01 -2.4824184856e-01 4.8346178518e-01 6.5880527630e-01 2.6135310763e-02 -2.7109803553e-01 -4.9701200063e-01 2.3058706129e-01 3.9761023856e-02 1.5134246354e-01 6.0808182102e-02 -2.4680353020e-01 -3.3110764349e-01 -5.1309115109e-02 -2.7501676683e-02 -7.2763221752e-02 -2.5105324843e-02 2.1732896841e-01 -2.1794018259e-02 7.7666831373e-01 -9.7887031732e-02 4.3580755755e-01 -4.9322713298e-01 2.2184962853e-02 -5.2014404826e-01 -3.1436389725e-01 1.5865626456e-01 -1.3965380195e-01 3.3248064227e-01 1.8595151424e-01 -8.3716252784e-02 3.0913354733e-01 2.3428868397e-02 1.5939369964e-01 1.4833262766e-01 3.2858859191e-01 5.8241832872e-02 1.5136089089e-01 -1.5995457880e-01 -1.5917590646e-02 2.0613717935e-01 1.9782446412e-01 -1.2822397112e-01 -1.7955023121e-01 7.6548982256e-03 3.8643476240e-01 -2.6986734406e-01 2.5111429027e-01 7.9000629325e-03 -1.4842606041e-01 -9.2252871238e-01 -3.2842276917e-02 -5.0471339880e-02 -7.1732188526e-02 4.5655713562e-01 -4.4533946685e-01 1.0761858324e-01 -3.7271468199e-01 2.7531585659e-02 -1.3026316548e-01 -9.6901679286e-02 -3.2579359246e-01 5.7783274764e-01 -7.5341929295e-01 1.7728851088e-01 -8.3215897433e-02 -1.1602158743e-01 -5.9991778540e-02 -3.2978137107e-01 -3.3393181283e-01 3.7662738877e-01 -8.4783175868e-02 6.3815624882e-02 -5.0856196191e-01 5.5175778094e-01 1.9872447905e-01 2.2210039728e-01 1.0900652172e-01 -6.3462632050e-03 2.7239850017e-01 1.6300244688e-01 -6.9656729521e-01 3.0012953587e-01 -4.6088882794e-01 -5.3802327343e-02 -2.5136149208e-01 2.2245506960e-01 -2.9600442911e-01 2.4138359301e-01 -7.5599810931e-02 -1.5125497450e+00 -5.3902556593e-02 -3.5449448090e-01 2.5134304953e-01 2.8940601072e-01 1.0770044192e-01 -3.0145273824e-01 9.1153771119e-02 -4.5139336090e-01 -3.2748989029e-01 -4.3637159136e-03 3.6756965690e-01 4.1903481269e-01 4.4350349216e-01 -7.0590494351e-01 -5.5585818361e-01 4.0475365534e-02 4.1444951179e-01 3.6336586210e-02 -1.1695904709e-01 -3.0735596634e-01 5.1856215852e-02 9.9475825443e-02 -3.1757826720e-01 2.5566318382e-01 5.7781673110e-01 4.1438900687e-02 1.3400042299e-01 -5.2161523013e-01 3.2580935943e-01 3.3617037649e-02 9.2204352120e-02 3.3109924778e-01 1.6005355358e-01 -1.5850064338e-02 1.8092019082e-03 -5.0706307836e-01 -3.4613715517e-01 1.5974280191e-01 -1.1550058108e-01 -2.3054817044e-02 -4.4142678933e-02 -1.1864704544e-01 -1.3183780351e-01 7.4228223309e-02 3.8103295068e-01 -4.2482019945e-01 -4.1641471149e-01 1.8299448501e-01 -1.2781632087e-01
-1.1273016345e-01 5.8999817328e-01 3.4877720492e-02 -2.6675731111e-01 7.0261070824e-02 -1.4551200489e-01 2.4468061525e-01 1.7064863964e-01 -5.3687077770e-01 -8.7815965103e-02 -2.2489036346e-02 -4.6041798565e-01 -3.8354767546e-01 2.1977565316e-01 5.8596561782e-02 5.8687376867e-02 1.4397735969e-01 1.1435668465e-01 -7.3147376474e-02 -1.1275784356e-01 -2.1051511126e-01 8.6058608074e-03 1.4320653620e-01 -8.5874796499e-02 1.7809204629e-01 1.4329350369e-01 -5.0355602557e-01 4.1161129532e-01 -3.8724969482e-01 -1.9099111701e-01 3.5827702340e-02 4.5440160464e-01 6.0868525449e-02 3.9615551264e-01 2.6473275533e-01 -2.3419874357e-01 -1.7679610630e-01 -4.6534791438e-01 -2.7147652954e-01 1.9291472023e-01 2.3850542311e-01 2.8639391435e-01 -2.1669885353e-01 -1.3950732454e-01 -1.0608592439e-01 4.4080987035e-01 9.7927845550e-02 4.0052894892e-01 -4.6713968417e-01 -1.7186258365e-02 9.1180029288e-02 -1.7555366198e-01 2.0248568538e-03 4.7203743012e-02 -1.2814571910e-01 3.9697880368e-01 1.6362893859e-01 3.7228219929e-02 6.6492457764e-03 -1.0179946581e-01 -7.8076520221e-02 -1.3212852982e-01 3.9352264329e-01 4.4068564713e-01 4.8652926055e-01 -5.2944417233e-03 -1.9864508114e-02 -1.7547676763e-01 -2.1774295893e-01 1.0978083692e+00 2.3575154190e-01 -1.4334729522e-01 3.2960102573e-01 9.6860071408e-02 -1.7573500104e-01 -2.2205119032e-01 -3.6075111261e-01 6.6769811928e-02 2.8381452295e-02 -1.2690876267e-01 2.0076569647e-01 -2.2310679974e-02 -2.6462173120e-01 -9.5650998223e-02 -4.6588627628e-01 3.9508359754e-01 1.7414399039e-02 -1.1189396293e-01 -3.7299914765e-01 1.2519430310e-01 -3.3282885056e-01 -4.5935255351e-01 -2.4130229362e-01 -1.4207154874e-01 8.2193373553e-03 -1.2398260105e-01 -2.9531654328e-01 1.1655625156e-01 -2.3962373187e-01 8.3935132519e-01 -2.6861716870e-02 -3.0001884473e-01 -2.0860449676e-01 -3.7213986322e-01 6.6882262752e-02 2.9065291887e-01 9.1510420243e-02 -3.6368919456e-01 2.5951312166e-01 9.1047582169e-02 2.6770632526e-01 1.6460624692e-02 4.5440193254e-01 8.0873453910e-01 -1.1690111340e-01 9.7390164526e-02 -7.9984226460e-02 -2.3216062671e-01 7.3767734220e-02 4.4354923709e-01 5.4499872402e-01 3.3388600678e-01 -3.4998257043e-02 5.3353930834e-02 2.1549850189e-02 5.6517735764e-01 5.1319315437e-02 -1.3474738265e-01 4.7929253090e-02 1.9905223273e-01 1.9435345317e-01 5.6225943274e-01 2.4110614601e-01 -3.7134085063e-01 3.9353708603e-01 -4.8083816794e-02 -1.0481412209e+00 4.1422931507e-01 -4.1609282110e-01 -4.4833398282e-01 -2.5141570940e-01 -3.2635540377e-01 5.5638870575e-02 6.1599545627e-01 -2.9507985786e-01 -3.9731528699e-01 -1.5335883512e-01 4.4973910581e-01 4.6668609458e-02
-2.4479425510e-02 3.5841276325e-02 -7.5516799532e-04 -3.6001591209e-01 1.4126132940e-01 5.9946932023e-02 -3.1619890026e-02 3.8988161832e-01 1.6293895281e-01 -1.3049515496e-01 4.1109198312e-02 -1.4539306610e-01 -9.3065266463e-02 -1.4074502419e-03 1.0705827078e-01 -1.2492434913e-01 1.4224062255e-01 -3.3873817040e-01 9.8595011127e-02 3.8319156090e-01 5.0364976892e-03 7.0832807046e-02 1.0034127315e-01 3.2607477100e-01 -2.0021144526e-02 2.1240398268e-01 -1.5418133038e-01 1.6217706389e-01 3.0134242018e-01 9.9096483877e-02 1.9098916885e-01 -3.2718678737e-02 -3.0981887662e-01 -3.7969818829e-03 -1.7637139679e-01 7.1616016696e-02 -7.9917604300e-02 -4.7098478900e-02 -1.8474711726e-01 -1.2865683058e-01 8.5244101076e-02 6.1489618280e-02 -1.2747605754e-01 1.7308670420e-01 -2.7792673857e-01 4.0489091606e-01 5.3608320127e-02 4.7951970782e-02 1.7742597476e-01 1.4443475914e-02 1.4032139332e-02 8.3836471636e-03 1.6812281416e-01 -2.6855962211e-01 1.9466359917e-01 -1.6264115905e-01 -3.0995213756e-01 2.2203070788e-01 3.0101980084e-01 -4.0358018253e-02 4.5873961776e-02 4.0148520429e-01 -1.6097418569e-01 -3.3544414686e-01 4.6710863421e-02 -5.5836730030e-02 -1.7493907754e-01 2.3917780287e-02 3.2484801250e-02 2.4749197408e-01 3.1335213980e-01 7.2320222913e-02 -1.8918369797e-01 -1.2108302691e-01 2.2431331562e-01 5.5047134970e-02 1.0608133753e-01 -1.4208330825e-02 2.5304516325e-01 -9.2669100929e-02 -9.7204141900e-02 -1.9268302794e-01 1.2453517123e-02 1.9957639779e-01 -1.6805015577e-01 -8.6866911938e-02 5.0557528883e-02 1.8124779943e-01 5.3314265186e-02 1.5721495201e-01 -8.1824377907e-02 1.9781966226e-01 -8.5717514183e-02 -3.6965750537e-02 -5.5468059032e-02 -2.3689679697e-01 -7.2895071996e-02 1.0272489187e-01 4.8287012328e-02 2.5259224138e-01 1.3120129032e-01 1.6095076062e-01 2.6883841926e-01 -6.9887011707e-02 2.1828284535e-01 -2.9772922024e-01 -1.6580509347e-01 -1.3873254168e-02 -1.5057262518e-01 1.8283684031e-01 2.6386140566e-01 2.9499173196e-02 1.5020265792e-01 1.1520867023e-01 1.2676394664e-01 1.1770231849e-01 1.4575076292e-01 8.5193774826e-02 7.6049789327e-02 1.2273811990e-02 -6.4674148737e-03 -1.4527524588e-02 -5.5139538101e-02 1.8017892285e-01 5.8330279600e-02 -1.2084123933e-01 -1.2101435168e-01 -8.9494161922e-03 3.1281243556e-02 -1.1256377197e-01 1.5146484346e-01 -1.1530007351e-01 -1.5349189765e-02 -8.4568178216e-03 -7.5837779473e-02 7.0238934081e-02 3.7191618378e-03 3.9052526244e-01 -9.9664460642e-02 -3.4043604750e-01 1.5735722966e-03 -6.1762105151e-02 1.4848943445e-01 -9.0142853152e-02 1.3725962360e-02 -8.1170622248e-02 -1.2035259136e-01 2.1694833542e-01 -8.3585490264e-02
-5.5925043853e-01 1.2738644691e-01 2.3410433077e-01 -4.5284400372e-01 7.8746592749e-01 2.4494889921e-01 2.6332247547e-01 -3.0984285423e-01 -3.4388344537e-01 -5.6150811177e-02 -3.9983997477e-01 -6.7056206961e-02 2.2336377351e-02 2.8335795236e-01 1.1541827801e-01 1.0290973903e-01 -3.0688864228e-01 -3.1183632921e-02 -7.8235128715e-02 -1.5874577336e-01 -1.8918842694e-01 5.1100328268e-02 -6.4593198418e-01 6.4037026782e-03 -1.9550976678e-01 -3.3216204221e-01 -1.8989382233e-01 2.1472194523e-02 9.6312611883e-02 -2.8856254719e-02 -2.7313812442e-01 -3.8384382022e-01 -9.3763661024e-03 2.4921921606e-01 -2.4651732878e-01 1.8565798194e-01 2.7873914600e-01 1.8803733943e-01 4.0401875913e-01 -1.5792937258e-01 4.3145785112e-01 -1.2602551934e-01 -7.7135445299e-01 4.3286113498e-01 -1.3060427002e-01 4.7827053946e-01 1.7350527360e-02 -6.5823855237e-02 -8.9946062608e-02 1.4624841421e-01 2.6023452774e-01 -3.3562741705e-01 4.9300427782e-01 -7.1486142645e-02 1.6056604164e-01 -5.7800544086e-02 -4.8224402505e-01 -1.0138523114e-01 3.0700148032e-01 1.1742512644e-01 -3.4151008119e-01 2.2461845248e-03 -3.0596647833e-01 1.2056244367e-01 4.4025671454e-01 -1.1906285590e-01 4.1051603767e-02 3.4662934027e-01 2.1625853710e-01 2.4393055499e-01 -2.9801696523e-01 -7.8587754574e-03 6.8566840162e-01 -1.6330820002e-01 1.1020394581e-01 -9.8882876262e-02 -4.8879457392e-01 -7.1442176266e-02 -4.5139987569e-01 -1.2779361570e-01 -8.2442071324e-02 4.1576653304e-01 3.1822710802e-01 3.2646963030e-01 -4.0047177708e-01 2.1251157069e-01 -3.8239944432e-01 1.6668668425e-01 4.2140163431e-02 -2.2381053352e-01 3.1092874032e-01 -3.1237417129e-01 8.3400133344e-02 -2.2024045624e-01 2.2264476536e-01 2.9063118727e-01 6.1112096530e-02 1.4110622012e-02 -5.1850787669e-01 -4.7897681204e-01 -4.5666978930e-01 -4.4545333881e-01 -1.2757327730e-01 -2.8828857535e-01 4.1613957717e-02 1.3657873278e-01 -2.0809327015e-01 6.8297336693e-02 -1.0828874731e-01 2.4665242369e-01 3.0295692959e-01 -8.2937332696e-02 2.6537622692e-01 8.7068956245e-01 1.7178668500e-01 3.5524348020e-02 1.7403271532e-01 -8.1286171303e-02 2.5829195996e-01 2.4160950580e-01 6.3338862629e-02 8.8530751743e-02 -1.2751358827e-01 -4.1230953855e-01 -2.7467902341e-01 -2.9815154791e-01 -4.1428379136e-01 1.0952179213e-01 1.8497530441e-01 -4.3379201748e-01 2.5553932368e-01 2.1711160561e-01 -3.8223806756e-01 5.8082477183e-03 -2.5598675995e-01 -5.9948660611e-01 7.6075904272e-02 -2.4289320655e-01 -5.3677569532e-02 -6.3083044322e-01 2.5444929867e-01 3.5356100481e-01 1.6155363375e-01 -1.8419050975e-02 -1.0281105978e-01 5.7035668738e-01 3.5490486587e-01 -3.2877525827e-01 -1.9875236207e-01
3.1315438603e-01 2.8071739454e-01 2.9279106505e-01 -2.5690557776e-01 1.5651200203e-01 2.4939823849e-01 6.3127624237e-02 -5.5271672759e-02 1.1027020699e-01 -4.7425135289e-02 6.0520043994e-02 3.2282750256e-01 2.9015947295e-01 2.6547145859e-01 9.0587788764e-03 -1.7123306025e-02 -2.4813835656e-01 -4.1326237297e-02 1.2260318483e-02 -2.6859078532e-01 2.7595450016e-01 2.2859774047e-02 5.5861467841e-02 2.6332350102e-02 -9.0693483942e-02 -5.6259522872e-02 1.0660479949e-02 9.3771749693e-02 1.0388707801e-02 1.8134768443e-02 -7.9943729750e-01 6.2951860951e-02 -1.0863289925e-02 5.2417696233e-01 6.2525808338e-02 -9.5967695823e-02 1.0720520638e-01 1.1790637886e-01 3.0838799061e-01 -1.7332471784e-01 -4.9541520164e-04 3.9717289412e-01 6.6157424891e-01 -1.5965082005e-01 3.7117840576e-01 1.1906630997e-01 -2.3140513254e-01 -3.2592031534e-01 -5.7083771876e-02 2.2089968674e-01 2.7519490527e-01 4.7447932875e-01 -1.2712134209e-01 4.5850446521e-01 -2.8269152822e-01 -3.0240044075e-01 1.4734311439e-01 1.7449589669e-01 7.3619746361e-02 -9.3573715856e-02 -5.9865171696e-02 7.1281352958e-02 -7.2437938824e-03 -6.8489539785e-01 -1.2770650515e-01 -1.3191272148e-02 2.3188022960e-01 -2.1738995917e-02 1.4143695506e-01 -2.3772116494e-01 1.7397950757e-01 1.9411187343e-01 4.7499997913e-01 2.5163251144e-01 -7.0563542891e-02 2.1365236906e-01 -9.8109123282e-01 4.2288725414e-01 -4.2512400113e-02 -1.3563328860e-01 -9.7348721399e-02 2.6706516879e-02 4.1436741715e-01 -2.1897437776e-01 -7.9062298776e-01 -1.1103372561e-01 4.6814123449e-01 3.5754005077e-01 2.8270436346e-01 -1.7807470538e-01 7.9194885786e-02 -6.1984412204e-01 -1.8004440488e-01 1.1408423257e-01 -2.6813332390e-01 -1.9015136935e-01 1.3774271075e-01 -1.6715208449e-01 -3.2298565448e-01 -1.0330699442e-01 3.5620109564e-01 -1.8518225573e-01 -4.2937375992e-01 -4.3078961837e-02 -7.2065176890e-02 1.6164874765e-01 2.5936157245e-01 -2.4038140403e-01 5.4413667016e-01 7.1440188805e-02 1.9278672474e-01 -3.0590588672e-01 -1.7569520056e-01 3.0196168256e-01 1.5920262334e-01 2.4602853741e-01 3.9750250553e-01 -4.4013671233e-01 -3.7613826502e-01 3.7828466735e-02 -3.0705885550e-02 -3.1153428085e-01 -5.8265455493e-01 4.4523253339e-01 -2.9444701361e-01 3.1705437262e-03 2.8912744126e-01 8.7199695797e-02 -4.0184087441e-02 2.4355865296e-01 -1.5300153942e-02 3.8557754657e-02 -7.6728538879e-02 -2.0507958942e-01 2.5447026596e-01 -8.7957958813e-02 1.5729575490e-01 2.5873281038e-01 -4.4626226036e-02 -7.5506631470e-01 -3.0407719925e-01 -4.4355310625e-01 2.0265452426e-02 3.7658652460e-02 1.3816251330e-01 -2.6661792224e-01 -2.8439550117e-01 -2.4898206930e-01 -1.0665274900e-01
-2.9279722967e-01 -4.3305464138e-01 6.5447821429e-02 2.6844579282e-01 1.3824247172e-01 6.4894974794e-01 7.5540310567e-02 -5.3746415474e-01 3.2598517650e-01 -2.9451333848e-01 -5.0952838261e-02 -3.8570441366e-01 -2.2300991779e-02 2.9284041641e-01 -1.9022460954e-01 1.1925923937e-01 4.0852236549e-02 -8.3987504197e-02 5.5713800997e-01 5.9397171762e-01 -3.7852664723e-01 5.3074866250e-01 -2.5663437246e-01 7.0702946168e-02 -1.0171874490e-01 -2.4831808112e-02 -1.0888423268e+00 -3.0169699786e-02 1.8931085135e-01 -2.5015696515e-01 -1.6128057424e-01 -1.5544423805e-02 -8.7036541390e-02 7.2307282920e-02 -3.3478750393e-01 -1.5162932076e-02 -2.2678083887e-01 1.0493748769e+00 -3.5923445671e-01 -3.1682638544e-01 -1.3061892686e-01 -1.8945061860e-02 -1.0055993169e-01 -2.9052530570e-01 -2.9154261455e-01 3.1884801778e-01 -3.2215374900e-01 6.2265048716e-02 -7.8075015785e-02 3.6902338458e-01 -3.9213495554e-01 -3.7270065371e-01 3.4441202370e-01 6.6621434338e-03 1.0647493381e+00 1.4730639442e-01 1.9506910388e-01 -7.3925632100e-01 5.4122974645e-03 -1.8114890332e-01 2.3055374711e-01 6.5333751054e-02 -3.2894249931e-01 8.5665934102e-01 -2.0448381593e-01 -1.0096047085e-01 1.8735086787e-01 -3.4617924003e-01 -3.9569796080e-01 -3.3223238698e-01 -3.4871457829e-01 4.2795660267e-02 -5.4377341224e-01 1.6443988752e-01 2.4510155234e-02 -3.7364185298e-01 -1.1642271655e-01 -3.4744070108e-01 -2.5418736796e-01 9.0635617403e-02 -5.6327842361e-01 1.4913429311e-01 5.2222795157e-01 -4.5044830544e-01 -8.0457805913e-03 -1.7978200256e-02 2.1321862966e-01 -6.9105652616e-01 -9.1357637786e-02 1.6942199914e-01 -3.0209514596e-01 -2.7962202048e-01 -8.0987960308e-02 3.7808752414e-01 4.6051189743e-02 1.3698608891e-01 3.4360239532e-02 1.0169257291e-01 -1.1593764363e-01 6.2458647510e-01 -1.2649207907e-02 3.1622255318e-02 -4.9892575737e-01 1.5849280534e-01 8.6495250054e-01 1.6386069351e-01 -6.5538224864e-02 -2.1991935285e-01 -2.6540817314e-01 6.9636643661e-02 5.3331412490e-02 -2.9757191007e-02 5.7507310261e-01 -3.3384706607e-02 5.9204871591e-01 9.4065487579e-02 4.0566007037e-01 -2.2204342950e-01 1.9116180881e-01 -3.3199405704e-01 -3.7785873236e-01 -1.7442744097e-01 -1.5097776823e-01 2.3065669547e-01 3.8069786522e-01 -6.8077808329e-02 1.7556019276e-02 -1.4824309111e-01 1.7090960488e-03 5.1844662376e-01 -2.3322154755e-01 -3.1572659000e-02 1.7414437008e-01 -5.0488777013e-01 6.7150617252e-02 9.3680622383e-02 -7.7764989245e-02 4.1778859720e-01 -8.9432091917e-01 1.9473688626e-01 1.9934124127e-01 1.0143878323e-01 8.3102682009e-02 -2.2869226496e-01 3.0954912927e-01 1.4929628399e-01 3.0935830036e-01 -3.0983322714e-01 4.4957336887e-01
5.9546118565e-02 -2.7560212219e-01 -4.3996555118e-01 2.9325479021e-01 3.7774652089e-01 -6.4266810099e-01 -3.4416916450e-02 -1.4781832249e-01 -3.2299720671e-01 3.1319923888e-01 -2.8924227896e-02 1.3984869954e-01 -3.5549064592e-01 6.0383499682e-03 9.9545974466e-02 2.8963351808e-01 -2.2465332236e-01 7.4774953932e-02 1.1138899038e-01 -3.4865865315e-01 -6.0755894922e-02 5.5038981202e-03 9.7937355346e-02 -6.1464150244e-02 -1.3481390897e-01 7.6556750830e-02 -1.3366400261e-01 -8.2562231339e-03 -6.0953059234e-01 -1.0733317907e-01 5.6540567266e-02 -1.4747300777e-01 7.2002732482e-02 -1.9058319557e-01 -7.3781278474e-02 4.9583901117e-01 -1.5910694089e-01 -1.2881005755e-01 2.9537615002e-02 3.0152356192e-01 4.8999788275e-01 2.4748285134e-01 8.8958893576e-01 3.7720116129e-01 3.3947240224e-01 -2.0093225983e-01 -5.3421621725e-01 -1.0636455913e-01 4.8475881272e-01 2.5916186062e-01 -5.5245415202e-02 6.6001917281e-01 -1.4327485508e-01 4.0996119742e-01 3.0854486008e-01 -1.8486391557e-01 -3.0763605619e-01 1.1486292495e-01 2.9829939918e-01 6.4666167908e-01 -2.4700253671e-01 -7.5605263301e-02 2.8894563296e-01 4.3734272916e-01 -1.1305152177e-01 -4.3704344594e-01 -4.6761555590e-01 3.2404658737e-01 -1.4083315790e-02 9.3783660413e-02 6.5628928720e-02 3.6643469028e-01 7.5971355351e-01 4.8772986320e-01 9.9753725890e-02 -4.4449874265e-03 5.1689014651e-02 -2.6155363161e-01 7.9864559807e-01 1.4002921590e-01 2.7016148363e-01 9.4239383111e-02 -4.4825790343e-01 -1.9835458115e-01 2.1988889965e-01 2.7053414650e-01 -2.2545289534e-01 1.0239703222e-03 3.3907759791e-01 -1.3371247018e-01 7.1683515129e-02 -1.0182912286e-01 3.4845761786e-01 -1.7315152368e-01 9.4987641534e-02 1.9413966380e-01 5.0664204462e-01 2.1245384752e-01 4.2970380120e-01 -4.8538442546e-01 -5.4140060616e-02 3.4341506906e-02 -4.4339950862e-02 -8.9615142277e-02 -1.8595921356e-01 2.7847940719e-01 -5.2490869827e-01 2.3241379341e-01 -1.5806987438e-01 -1.3676960248e-01 -4.4002055267e-02 -2.1630451881e-01 -4.7375434678e-01 -1.3367297769e-01 2.0414329500e-01 1.7676764171e-01 7.6245448028e-02 1.7994026345e-01 2.3011618307e-01 2.5339750600e-01 -1.5322221457e-01 -1.7622554961e-01 1.8055002024e-01 4.6979614925e-01 -1.3583237948e-01 2.7512503463e-01 8.9482811999e-01 1.3837863157e-01 -1.1190079052e-01 1.9006425160e-01 3.3645727326e-01 1.0670440172e-01 1.4761074679e-01 -2.0988906948e-01 4.1245327604e-01 -1.7709038773e-01 -2.5149814158e-01 -7.9840620588e-02 2.0700118561e-01 -1.8488698026e-01 -1.8968506484e-01 -6.0719957537e-01 -3.1115084549e-01 1.5842674394e-01 9.1570237526e-02 3.4374553336e-01 9.4737796141e-01 1.9151153794e-01 2.6101576752e-01
-1.3132661414e-01 -2.5771185614e-01 5.7003876734e-02 3.7579512944e-01 2.7803163070e-01 6.7702572460e-01 1.3829851186e-01 5.5342595644e-01 2.7866086848e-01 1.5502323469e-01 -2.7555332719e-01 -1.5945273224e-01 2.5020804662e-01 -3.6149076506e-03 -1.8942389047e-01 -6.6935125959e-02 -1.3629804268e-01 -1.5465821307e-01 1.5681975449e-01 -4.5056056499e-02 -2.9713784901e-02 -8.1754114391e-03 -4.8809234900e-01 1.2712587577e-01 3.3492539889e-01 1.3450322952e-01 -2.4629168646e-01 9.3651393134e-02 -3.2386419030e-01 -1.6952216737e-01 7.1518263614e-03 1.9740782029e-01 -1.1272919037e-01 2.4458970353e-01 -2.8745996771e-01 -4.4860526103e-01 1.2100799570e-01 -1.8675643993e+00 6.2345784773e-01 -2.2660161564e-01 2.0263576716e-02 1.5391839876e-01 -3.6208807935e-01 4.3091102400e-02 -5.7532990421e-01 -2.0760609468e-01 -3.0613786474e-01 -7.8917778693e-03 1.5849134496e-01 3.9412007184e-01 -1.8129794048e-01 1.5437536489e-02 -2.4497712396e-01 5.9135495224e-02 -7.5534594957e-01 -3.2612071024e-01 8.5817333991e-02 9.4373774538e-01 -1.0304684772e-01 7.4435665882e-02 1.4853189362e-01 1.5647689326e-01 2.4434300577e-01 6.9929923730e-01 -3.6711336747e-02 -3.6537801860e-01 1.3474916042e-01 5.0860357565e-02 -1.5873493055e-01 -3.2888728725e-01 1.1265720356e-01 1.0927261487e-01 -1.2996972298e-01 -2.8888198946e-01 -1.0524959529e-01 3.2919235239e-01 -4.7624820396e-01 -5.1064099772e-02 1.1104772260e-01 -3.4846908706e-01 -3.1990975320e-01 -1.5194643422e-01 8.4877489794e-02 3.8066999898e-01 -3.7937734221e-02 6.9774451769e-02 2.1902410102e-01 -6.4145589544e-01 -2.3746126996e-01 -3.9119240709e-01 -2.1683329451e-01 3.8884916345e-01 1.0958065721e-01 2.1570552704e-01 4.2009075848e-02 -1.0786447197e-02 -1.8347253153e-01 -8.7791398792e-02 2.7236806200e-01 -3.2722037497e-01 1.2031978049e-01 3.4789344949e-01 3.6854303955e-01 -1.9717760563e-01 -4.9936878231e-03 1.7798966011e-01 9.8967200297e-03 -1.6765363000e-01 -3.6343453101e-01 3.2669974596e-01 -1.3752699577e-01 -2.0071523786e-01 3.5784688142e-02 1.0371579843e+00 -1.4952181312e-01 2.7071463861e-03 4.4015302895e-01 -4.9849990106e-02 1.9245976512e-01 5.0764476087e-01 2.7347134611e-01 4.2200604751e-01 -2.2973067004e-01 1.6665638638e-02 -5.3505786290e-01 -3.6088188449e-01 -1.2349809452e-01 7.0064243136e-02 -2.0982220534e-02 -1.3388853632e-01 4.4732309619e-01 -4.6666251902e-01 1.0473853020e-01 -1.7358358111e-01 -3.9274143664e-02 -6.4443037221e-02 -9.6634090336e-02 2.9199294301e-01 -1.8044104096e-01 6.4105441491e-02 -2.0357511491e-01 -1.8930116905e-01 -2.8370266262e-01 -2.0797871836e-01 -2.3812119682e-01 7.9241247811e-02 4.6694688698e-02 4.7742386839e-01 6.6344400767e-02
-1.7095855006e-01 -2.1932918381e-01 -9.2642957592e-02 -3.1563074936e-01 -3.6050899566e-01 2.1525391486e-01 1.0250280361e-01 -9.9623505837e-03 -9.2471905408e-02 5.2541815492e-01 -3.5208813966e-01 2.4445206088e-01 -9.6094860655e-02 -1.3070504609e-01 1.4296207587e-01 2.3841516420e-01 -3.3397239331e-02 -1.2313471486e-01 -7.2351958154e-02 -3.3333156123e-01 2.7449962630e-01 5.9637593472e-02 -7.6807841143e-01 1.2951466251e-01 -1.5696936437e-01 2.5852691328e-01 1.5842541330e-02 4.6692265098e-01 1.9681346445e-01 7.2613832380e-02 2.4815288829e-01 -5.6147054682e-01 -1.3164888428e-01 -8.9289404216e-01 1.1797664868e-02 1.4088072105e-01 2.3902367567e-01 -8.3462767827e-01 1.1949243893e-01 8.4729021419e-02 3.0249726324e-01 -1.3411415262e-01 2.0145820468e-01 -2.5160155661e-01 -3.8406288923e-01 3.1089289192e-01 1.8124673140e-02 4.2518736226e-01 -2.8150499269e-01 6.0114843943e-02 -2.5026346182e-01 -5.4132181047e-01 -5.3967898836e-02 -3.2597047209e-01 -3.8201395184e-01 3.6029427360e-02 -2.1152621298e-01 1.2368762772e-01 2.2922613388e-01 -7.9524322324e-02 5.4976169824e-02 1.8205106591e-01 -3.9721254851e-01 -7.4863632398e-01 -2.8350165516e-03 -2.9730736735e-01 -6.6579308480e-02 3.5305550064e-01 -3.2950257058e-01 6.6340964047e-01 -1.2537333409e-01 3.2219717201e-01 -6.6270547430e-02 2.8773230369e-01 3.1755675829e-01 -1.1712245435e-01 3.4430134822e-01 2.7797998501e-01 -1.4668756030e-01 -5.2562524964e-01 -6.4124447143e-02 3.1603180992e-01 2.7813015902e-01 -2.5638229921e-01 4.7248473094e-01 -3.0327150217e-01 -7.7253623445e-02 1.0484145007e-01 5.7361602956e-02 -7.7859283519e-01 9.9725892080e-02 -3.6897403368e-02 2.2526226277e-01 3.7856480560e-01 3.1894169288e-01 2.3865073627e-01 3.2058093605e-01 1.6083132125e-01 4.3382249856e-01 3.5951977325e-01 3.2515193976e-01 -2.2688311512e-01 3.2039719155e-03 6.1184576751e-01 -3.5213366120e-01 -2.6897604666e-01 2.2101379878e-01 2.9393392588e-01 2.6010041176e-01 1.8490748460e-01 7.5640297680e-02 -1.5326165285e-01 3.6266045923e-01 3.8585394026e-01 1.1153955736e-01 -2.0277185614e-02 -4.6874992851e-01 -3.3970764597e-01 5.4940984901e-01 3.1184822489e-01 -2.6627532733e-01 3.4170964287e-01 -1.8296781343e-01 1.3144962710e-01 -1.2567247534e-01 -1.7951006746e-01 -2.3832767010e-01 3.6793118285e-01 1.4016829428e-01 5.1926389239e-01 4.9424983538e-01 3.2976175801e-01 1.8930526430e-01 2.4085907090e-01 -4.1355712099e-01 8.7865233038e-02 -3.1721912172e-01 -4.4370220122e-01 -3.9957783119e-01 6.8650486598e-01 1.3630319450e-01 7.8471820565e-02 4.8505210031e-01 -4.9086304685e-01 2.4623935476e-01 -4.7736074437e-01 -2.3297100897e-01 -3.8173158233e-01 4.3795883254e-01
-2.8879905482e-01 1.2925443576e-01 5.1134740645e-01 6.7688863752e-01 1.4476899688e-01 -8.1414119556e-02 5.2462389525e-01 -4.7767894621e-01 2.6975758592e-01 1.3887978270e-01 -1.4543564298e-01 1.3021090047e-01 -3.9086547278e-01 -1.8417091490e-01 -1.7590620395e-02 2.7370566163e-01 -1.0804678485e-01 2.1381424483e-02 -1.4393662175e-01 -1.5545589206e-02 -5.8328636439e-01 1.0369344859e-02 5.4033358489e-01 -4.0649460732e-02 3.5222317386e-01 2.6299177880e-01 -1.0264592361e-01 3.9640324830e-01 3.5957810423e-01 5.1109750422e-01 9.2895454603e-03 2.4655552503e-03 3.8948385961e-02 -4.1160969356e-02 6.3241646400e-01 -1.1555047607e-01 -6.2581743587e-01 -5.5457195153e-01 -2.0116168268e-01 1.1693150919e-01 -4.7694145312e-02 3.9047937097e-01 -1.9665822516e-01 -5.5853048508e-02 3.3507010407e-02 -1.1578734306e-01 1.7914038304e-01 -2.3449841310e-01 5.3902177204e-01 -2.7654814304e-01 5.6983661476e-02 -8.1348407769e-01 -1.1555627295e-01 -1.2053142923e-01 -2.9066177128e-01 -5.3766719703e-01 -1.9300983258e-01 2.0450627993e-01 -4.2727630224e-01 -1.0836127718e-01 -4.3950823766e-01 -6.7181404294e-02 1.9019010085e-01 -2.8458900672e-01 -4.7052259091e-01 -6.5151789032e-03 -1.8605207544e-01 9.1375071043e-03 -2.3677619992e-02 -1.3652100647e-01 -4.9919228338e-01 -4.6818341777e-02 -9.4855751880e-01 2.0720709128e-01 -1.2885631350e-01 -1.4159640976e-01 -6.2667904292e-01 -7.5195058957e-02 1.6272573658e-01 -3.1208327415e-01 -2.4635456895e-01 -1.2389376742e-01 8.2229621910e-02 1.3575949488e-01 -1.8527618791e-01 -1.9409452802e-01 -8.4547934669e-02 1.2100949236e-01 -1.7469992938e-01 6.1507470866e-01 4.5897476034e-01 4.4074519450e-01 1.5658378144e-01 -2.0437379685e-01 3.7139213691e-02 -1.6504046866e-01 3.8630947826e-01 6.2493053278e-02 4.8897879561e-02 -6.6881247832e-01 4.4353272781e-03 -2.8462559974e-02 -2.3603657331e-01 -1.5635515068e-01 2.7002109876e-01 4.5705398087e-01 5.3483337877e-02 -1.1011544059e-01 3.9994878910e-01 -2.5785507380e-01 1.5385803544e-01 3.9696316855e-01 2.7909378113e-01 -5.6829498355e-01 -1.3599792969e-01 -3.1862328732e-01 9.5532372482e-02 -9.9456798243e-02 6.3958193915e-01 -1.2389325445e-01 1.0103298079e-01 -7.5668772664e-02 6.6321086951e-02 -2.4508083140e-01 5.2630812925e-01 -1.2540312592e-01 3.1378445107e-01 1.3401673612e-01 4.4509975282e-01 4.0780097371e-01 2.8612922101e-01 -1.2883081397e-01 -5.1315206128e-01 2.8555045108e-01 -5.6365940453e-02 3.6944220065e-02 -8.1939070234e-02 4.0667041294e-01 -2.4338359420e-01 -3.5018762891e-01 -4.3031366884e-02 -5.7238725943e-01 -9.8901729785e-02 -2.6086729363e-02 1.6626778136e-01 -2.3053683946e-01 6.0426576961e-02 -2.4859498421e-01 4.1743875222e-01
-4.9216867201e-01 -2.2269333548e-01 -3.5678895441e-01 7.7334780686e-02 -4.7598394137e-01 -6.2861413548e-01 -1.4693513463e-01 4.8925671556e-02 4.9068073454e-01 -9.5372943896e-02 3.5976105095e-01 -3.2118689920e-01 3.1800945462e-02 3.3759327292e-01 3.8802556723e-01 -1.4090659891e-02 -4.4412073514e-01 3.4253175030e-02 3.5692756608e-01 -4.1778188427e-01 1.9788124661e-01 -1.5604583154e-01 -2.6103361862e-01 -3.5991759296e-02 -5.6653935376e-01 2.5253490526e-01 2.9325408584e-01 2.8104790747e-01 2.6057253823e-02 -4.6789020798e-01 4.0154633844e-01 -3.5207470604e-01 2.6765147421e-02 5.9277914619e-01 2.0822832171e-01 1.0780863533e-01 -1.1300327934e-01 -6.9074633232e-01 2.1354183703e-01 -8.1872846480e-01 -1.2889657840e-01 2.8054970589e-01 6.4358031720e-01 3.3544706585e-01 -3.5543061818e-01 3.1852559370e-01 2.3565965684e-01 -5.2360781534e-01 2.3451230706e-01 2.2735019181e-01 8.3953967149e-02 6.0167473591e-01 -2.2889271153e-01 5.9380673037e-02 7.8802946407e-02 2.2036245243e-01 -1.0145999107e-01 2.6228762645e-01 -3.0877351897e-02 2.0738022126e-01 2.1206492357e-01 -4.3866297271e-02 1.5699343097e-01 -3.9374661599e-01 -2.4046216336e-01 1.0924946073e-01 -5.0858606425e-01 2.5724564668e-01 2.4578825424e-01 4.2962101796e-01 -2.7445433191e-01 6.1423465491e-02 1.0070896398e+00 -1.5204008157e-01 -5.3672911929e-02 1.9053343103e-01 1.3200163196e-01 -9.9240069147e-02 -5.2734275753e-01 -1.5039292828e-01 -1.1945704166e-01 -1.0761668692e-01 5.6500709853e-03 -3.7042476459e-01 -3.2975784091e-01 1.5517151399e-02 -2.6399544394e-01 4.6591892775e-01 -7.4768617861e-02 1.0296450791e-01 -3.2683359764e-01 4.3299208996e-01 9.0606836536e-02 1.3680589789e-01 -3.9604425509e-01 6.5474489762e-01 7.4080029374e-02 -6.2115422746e-02 -3.8944743147e-01 -5.2772842248e-01 -3.5860196009e-02 -3.5965192936e-01 3.1436119073e-01 -2.4290840006e-01 1.6705473208e-02 1.5782124023e-01 2.6082234583e-01 6.7305262165e-02 -1.0751590220e-01 -2.6081104308e-01 3.1611367964e-01 -1.0952146584e-01 -3.6544497672e-01 2.6985005616e-01 -1.4013730317e-01 -2.6566854013e-01 7.1782915133e-02 5.0884067478e-01 -4.1209466704e-01 4.2438657980e-01 3.9036120294e-01 -1.8571574309e-01 -1.5575878260e-01 -6.4908296114e-03 -4.1886584244e-01 4.1595513323e-01 -3.0924474059e-01 3.2711854277e-01 -6.4679917765e-02 -3.0891008794e-01 2.1132957977e-01 -4.0797509159e-01 -2.7333134933e-01 5.5262326567e-02 -2.6211491997e-02 8.2829541762e-02 -3.1626028652e-01 -1.3155623911e-01 2.9129932507e-01 -5.0116300682e-01 5.1281892801e-02 -1.2082563927e-01 -4.0832922240e-01 7.0712098032e-01 8.2575443377e-02 -4.2616641230e-01 -1.2449394140e-01 -1.8817579497e-01 1.9710943230e-01
2.6657100995e-01 9.2099439729e-02 -5.3401394971e-02 6.8284589236e-01 -3.4187480517e-01 -3.7360216639e-01 4.8879621548e-01 -7.4052837082e-02 2.0950759336e-01 -6.6762009610e-02 -2.0367540305e-01 -4.1401418360e-01 -1.4933382026e-01 -1.6095867550e-01 2.0148954259e-01 -1.0888863522e-01 -8.3073461452e-02 8.8416967212e-02 -9.7699697091e-02 2.3487194360e-01 5.7480654608e-02 3.6938002967e-01 -1.0330238221e-01 -8.8638371580e-02 -1.5183494403e-01 -3.5639216866e-01 -3.2286505958e-01 -3.0878966091e-02 3.0129717764e-01 7.2197185761e-02 1.5113342678e-01 -3.9326073491e-01 9.7007638754e-02 -3.2096486765e-01 -4.4458594785e-01 -5.9471139044e-01 2.5587993188e-01 -3.8857815608e-01 -1.3335111774e-01 -1.6485683635e-02 1.9337887387e-01 -2.9153638326e-01 1.9627593312e-01 -9.7518983491e-02 -8.8683745052e-01 5.3532371749e-01 1.3348171768e-01 1.8396111262e-01 -1.9196794875e-01 -1.9072090089e-01 -3.3919468941e-01 7.2787138573e-01 -2.0194310797e-02 1.9110644696e-02 -6.0077508755e-01 -4.4761269669e-01 2.5385129092e-01 -2.0797361056e-01 4.2763105619e-03 5.5879485128e-02 3.7897346574e-01 -9.2918537233e-02 -9.0166086252e-02 -9.3957312197e-01 -5.6422611487e-02 -3.4655187685e-01 -2.9908161621e-01 2.1148502730e-01 -4.4228899837e-01 3.3545199666e-01 9.7675069874e-02 -4.1475125514e-01 -1.6062307871e-01 4.6138048344e-01 -3.5253664210e-01 2.4116831470e-01 -3.0804271563e-01 4.9275946693e-02 1.0592964861e-01 1.2963798637e-01 -4.2842720896e-02 1.7186141977e-01 1.9698520436e-01 1.4972326825e-01 -1.2496958011e+00 1.8592177901e-01 -2.5062625115e-01 6.9619836963e-01 1.2990605529e-01 2.5395329760e-01 1.2514897271e-01 5.4422788639e-01 -4.0955536898e-02 -1.9473860026e-01 -1.2913598535e-01 5.4731996411e-01 -2.6784636736e-02 -1.2167257743e-01 2.5096425369e-01 3.0566702529e-01 -1.7311357395e-01 5.7282372422e-02 -6.9603777388e-01 9.4468107943e-02 -9.6999918627e-02 7.4487149699e-02 -2.5229303660e-01 2.2511582859e-01 1.0037884225e+00 3.6801534818e-02 -1.6567064106e-01 1.7429957582e-01 6.8372846245e-01 -2.2354464767e-01 7.7911695145e-03 5.2731311453e-01 2.2859711328e-01 8.5378290379e-02 -1.3993523595e-01 5.4908081947e-02 3.6912216713e-01 1.0009184486e-01 6.6249881938e-03 1.4939493504e-01 -1.6667339864e-01 -4.9646789429e-02 4.2429837423e-02 -3.5027992164e-01 -1.5203163613e-01 -4.6061805940e-01 -1.3893848678e-01 9.5004944404e-02 -2.5456211329e-01 -2.8279079791e-01 2.6072471825e-02 -1.4869587761e-01 3.6754652595e-01 -3.9416244659e-02 -1.1867114377e+00 -1.0077078756e+00 -1.1862921171e-01 5.7951721764e-01 1.4875142674e-01 -9.5714216537e-01 -1.4207314712e-02 1.5232176936e-01 -6.8251490424e-02 5.4753736579e-01 4.0970162171e-01
