-2.1974765986e-04 2.9467891921e-04 3.0613880997e-04 -7.2466692552e-06 5.6773694688e-04 2.5552510201e-04 -5.0385808477e-04 4.8328058513e-04 4.0799809202e-04 1.7095542651e-04 -1.2577889373e-03 -8.8020607207e-04 3.3877667796e-04 3.3223334972e-05 3.2791468670e-04 -5.9162256988e-05 3.7827754188e-04 6.0950163354e-04 -4.2030499957e-04 -1.0459778036e-04 4.5607614578e-04 1.9941859524e-04 8.9385587806e-04 2.1301390783e-04 -2.6054930596e-04 -7.5541622254e-04 -4.6564968713e-04 -7.1443817364e-04 4.7753041148e-04 -3.6199865308e-05 8.6551736439e-05 4.6072446074e-04 -3.7848135574e-05 -8.1731026504e-05 -9.7577491792e-04 1.6237366213e-04 -5.2802754139e-04 -8.1132252477e-05 -2.7413649375e-04 -1.1489045151e-04 1.0803678248e-04 8.9091624418e-05 -5.5356649298e-04 -3.7385501419e-04 -7.8615904204e-04 -3.6649199266e-04 4.9095204224e-04 2.9459617386e-04 2.9977829883e-04 3.6445038486e-04 7.3224657699e-04 -1.0153196807e-03 -1.0686056672e-04 4.1270895259e-05 -3.3626009616e-04 2.4006691084e-04 4.7170037799e-04 3.3186154774e-04 -9.2288953658e-05 3.5580704166e-04 -2.8555955173e-04 1.1858471037e-04 5.7545298016e-04 1.2052883866e-04 4.3814343045e-04 -3.7038089469e-04 4.9584657776e-04 4.3683395803e-04 -3.2640692610e-04
-3.0428772817e-04 -3.5271339720e-06 3.5233278736e-04 -7.3190966730e-04 2.8426352456e-04 -3.3788270050e-04 -4.3848360995e-05 -2.5578315140e-05 -8.1977184542e-04 -2.7184673028e-05 2.6079010724e-04 6.1638153926e-04 -2.4874657643e-04 -3.9281132482e-04 -9.5428084355e-04 4.8706573320e-04 4.8745467433e-04 -4.2664648854e-04 -7.5714426794e-04 -8.8606797852e-05 -3.5985953716e-04 -1.4147332534e-04 2.4404039872e-04 -3.7371239597e-04 5.6461706932e-04 6.2427958757e-04 5.2550588699e-05 7.4570865191e-05 -2.7017611679e-04 -4.2855030611e-04 3.9181065386e-04 5.7364202543e-04 -2.8530575174e-04 -6.5915527899e-04 4.4768967397e-04 -8.8973565553e-04 2.0487121137e-04 2.6204044760e-04 5.6848237950e-04 -3.1609677337e-04 -3.8749441446e-04 -3.6962491892e-04 4.3400682813e-04 -3.9679015358e-04 9.2204411014e-05 -1.6036716987e-04 8.4423286902e-05 -6.5530642928e-04 -4.3878585702e-04 -9.0313091087e-04 -5.2076851935e-04 7.1150037616e-05 4.2355459021e-04 3.6088328180e-04 -1.2066205340e-03 -4.5929627161e-04 1.8620195081e-04 3.0251098043e-04 4.6758192689e-05 2.6578909723e-04 6.7580111112e-04 -4.1229489752e-04 2.0531491712e-04 -4.7434888635e-04 1.1187997477e-04 3.9929949030e-04 2.8747423103e-04 -4.4451689130e-04 -7.7749314448e-05
1.9003342353e-05 -3.7144778327e-05 -7.0034299611e-04 3.1809129944e-04 5.5569657383e-04 3.3549902853e-04 4.4808007577e-04 -3.6941307205e-04 7.1458587163e-04 1.6901246483e-04 4.7356334090e-04 3.2346318374e-04 3.9227331013e-04 -1.3282813842e-04 3.2232459752e-04 9.5866383091e-05 2.0993655828e-04 3.3312381608e-04 -4.0714539411e-04 -7.7055689739e-04 -1.8357263841e-04 1.1101237422e-03 -4.9902741546e-04 -3.2905050603e-04 1.8865078243e-05 6.1424261817e-04 -1.4197453652e-03 -4.4414434585e-04 -4.6181534317e-04 -3.4716986041e-04 -1.5850291764e-04 3.0699205660e-04 -9.4568655612e-05 -1.5379510808e-04 1.0736492988e-05 -8.9805543369e-04 -2.5473896900e-04 -1.1197027658e-04 -6.6276649401e-04 2.8150460806e-04 5.5916487809e-04 -9.1306387885e-04 4.0974559280e-04 6.2766292060e-06 -9.7929523993e-04 4.9264311653e-05 1.1213624301e-04 -5.6727277913e-04 4.7552445600e-04 4.5555676383e-04 -6.9531519153e-05 -1.2438374351e-04 -4.5957860097e-04 4.6803073416e-05 3.2006021304e-05 2.5240811147e-04 -5.0764786590e-05 1.9288208727e-04 3.6560969584e-05 -2.7437028313e-04 -8.5802948484e-04 2.4575094306e-04 3.1527408219e-04 -3.6395083609e-04 -1.4588397228e-04 -3.5900954035e-04 7.7224646143e-04 -7.6394363865e-04 -3.7469382990e-04
3.3450320659e-05 -3.8359896297e-05 1.2663632468e-04 -4.1654460038e-04 -3.1908735266e-04 -3.0883397296e-04 -7.5767906698e-05 6.0746630504e-05 -1.2273043117e-03 -4.0002400371e-04 5.0710730129e-04 6.3211169197e-04 -1.9806377627e-04 -9.5818087178e-04 -3.7173305030e-05 -5.9467133080e-05 2.8381125091e-04 8.3076210741e-05 -2.6933543642e-05 -1.0820130801e-04 4.8291671595e-04 -2.4209448825e-04 -4.0752952919e-04 -4.9431261755e-04 -8.5525870613e-05 -2.6133488653e-04 -4.7301766581e-04 -1.1589088369e-04 -5.0368730111e-04 4.5861618425e-04 -1.0728807651e-03 1.6697707042e-04 4.4535998742e-04 8.0611125821e-04 -3.5272187381e-04 5.0377017751e-04 3.9126887838e-04 3.1602355484e-04 7.4607445656e-05 -1.5123079672e-05 -1.5236652521e-04 6.2960057746e-04 -3.5325853722e-04 6.6373200576e-06 -1.7937835127e-04 7.9960311550e-06 2.4955746240e-04 4.6645188386e-04 -9.8876896620e-04 -7.7727672272e-05 -6.5004849500e-04 -1.2411326896e-04 9.0256564555e-04 -5.7624449317e-04 -2.7281483047e-04 8.0886784344e-04 -3.8702640439e-05 5.2524791837e-04 2.9344654158e-04 -2.1253454307e-04 -5.8662957218e-04 -2.3732303950e-04 1.5086426084e-04 9.3952645164e-04 -6.4846776076e-05 -2.4197905172e-04 1.2434032515e-04 -2.0158236986e-04 -1.1282882948e-04
1.2052209870e-02 -1.3488418541e-03 -4.8766202925e-02 1.0199137742e-01 9.0779629797e-02 9.4276353359e-02 -3.2721422375e-02 3.0436491528e-02 -6.5616915810e-02 1.6676678143e-02 -4.1503286667e-02 9.1359603000e-02 4.8459443001e-03 -5.7793939039e-02 -3.1548570576e-02 -3.6408148482e-02 -2.0593932487e-02 1.2955125452e-02 -5.3684391372e-02 -9.6849097353e-02 -1.6794753585e-03 2.2379238553e-03 1.8035517450e-02 -2.5783047025e-04 -2.0345708376e-01 8.1502019550e-02 -9.3323619868e-02 7.4022776358e-02 1.3376876003e-02 3.9375244644e-02 -9.1239140594e-02 -1.8819272339e-01 2.1292666201e-03 1.7976445837e-02 -6.9637842990e-02 8.5673312773e-02 1.6019292716e-02 -2.5332054524e-02 8.8595997540e-02 3.5109430477e-03 -2.7584296682e-02 7.5539648389e-02 -7.2056834972e-04 9.0081067643e-03 1.5762720122e-01 -2.3194293844e-01 -8.0824227015e-03 6.0815955745e-02 5.0038534228e-02 9.5366977561e-03 1.3085230470e-02 -1.4317549494e-02 -3.3041594267e-02 1.7894187545e-02 -4.2489958217e-02 3.0474823843e-03 -2.1889345018e-02 -2.0514741833e-02 5.0054922199e-02 -4.8849649155e-03 8.5590876645e-03 -1.2373444527e-01 2.4494546654e-02 -1.0027160780e-01 -8.5658116159e-03 2.5895622982e-02 4.5157452630e-02 -5.8052790031e-02 -4.6717841053e-02
2.5410731335e-02 -5.1487260792e-03 -4.0136579977e-02 -2.2737438413e-02 8.0324582230e-02 1.5999562877e-02 -6.7954767124e-02 7.9552981201e-02 -7.6011512274e-02 7.0955485583e-04 2.3579710965e-03 8.0533674063e-02 -1.8255202346e-02 4.5208428534e-04 1.8180909351e-02 -6.6394580112e-02 4.7875715186e-02 1.4804091020e-02 1.5364782160e-02 3.3100825097e-03 -2.2420939663e-03 5.1189334695e-02 -5.3183836265e-02 5.5033024201e-03 8.4893658214e-02 9.8949182004e-03 -8.1724832454e-02 -6.2403758288e-03 -1.3927014774e-01 7.8780721958e-02 -7.9227337172e-02 7.3758650885e-02 -2.2814414782e-01 -6.0652535083e-02 -1.1127478316e-01 1.2984640347e-01 -1.4767458733e-02 -1.0167226630e-01 -6.3808110067e-03 -8.2378658134e-03 -4.9253705338e-02 -4.7309592298e-02 8.4856779994e-02 8.4292180587e-02 -4.1087113721e-02 -1.5606289792e-01 -3.3386091278e-02 3.1803993498e-03 3.1934094221e-02 1.1833410039e-02 -2.7635088729e-03 -5.5920280932e-03 -7.5149634890e-03 -1.3653223204e-02 2.5136825324e-02 -2.9989962083e-03 -3.6952860730e-02 -1.1993777640e-01 -5.9609081354e-02 -2.4520189234e-02 -7.8664571018e-02 1.2599196363e-02 1.6255467584e-02 2.4326083916e-02 -2.8531594278e-02 -7.3899530689e-03 -4.4173241206e-02 -3.5409632457e-02 4.8408365142e-02
1.6732304891e-04 5.6069404017e-04 5.5383538732e-04 -1.6269896044e-04 -3.7697244360e-04 -6.8562569710e-04 -5.5560003596e-04 3.7123096061e-04 -2.4424798529e-04 -3.1433003762e-04 7.1242150014e-04 6.0846403762e-04 3.0001804076e-04 -5.2850370970e-04 -1.1867403197e-03 -2.8961240773e-04 8.2758369517e-05 -4.8566357434e-04 8.0816835415e-05 6.0427330988e-04 -8.6972629351e-04 9.5927603774e-04 -7.8253304437e-04 4.5987004593e-04 3.3820021983e-04 -8.3288731378e-04 9.7392399468e-04 -2.1929428954e-04 1.0243838756e-04 -1.9480188645e-04 -1.6398125761e-05 4.2371476344e-05 1.5494475806e-04 1.5805668313e-04 4.8002058355e-04 8.9823876139e-05 3.2192544401e-04 4.1579591498e-04 2.2923832520e-04 3.2408934348e-04 -5.3266547087e-04 1.0856069285e-03 -3.3938554388e-04 -2.5551757826e-04 -2.5024030737e-04 -2.9939752901e-04 6.0204373712e-04 2.6257356927e-04 -2.8726072408e-04 -9.9516946415e-05 3.1611902843e-05 -4.0738949308e-04 -3.3701365448e-04 -7.6550321153e-04 -1.1199099643e-05 3.7399096629e-04 -5.7867816848e-04 -7.8836710073e-05 7.2135980189e-04 -2.7340564101e-06 5.4830353345e-04 -2.5930111294e-05 -1.9455986326e-04 7.4599477879e-04 1.1563576892e-03 -5.3564473243e-05 -5.1048633131e-04 5.2209546423e-04 7.3815479208e-05
3.6396899319e-01 3.7041477218e-02 -1.4344526436e-01 -3.7650988365e-03 5.5008051108e-02 -4.3656758952e-02 1.0283022659e-01 -8.0641893596e-02 2.4154935570e-02 -4.9697229885e-02 -1.3749180723e-02 5.2270951085e-02 9.3266360400e-02 3.9360298649e-02 -6.1787258813e-02 -2.2886154158e-02 1.4067569515e-02 -2.3053395764e-02 5.4929292567e-02 4.5851838438e-03 2.8604303426e-02 -6.6017019156e-02 2.7800580515e-02 3.8771999918e-03 3.7555309718e-02 -4.0049737702e-02 -5.5631888462e-02 8.1973664533e-02 1.0690883088e-02 -1.2919936700e-03 -5.5903579484e-02 -3.5553753414e-02 -4.8461867790e-02 1.1557441717e-01 -8.6866700317e-02 1.2538283149e-02 -6.4495161166e-03 -8.4015546232e-03 8.6856200792e-02 3.5846838942e-02 -4.4786464518e-02 2.0655627764e-02 8.6460001952e-03 1.5292315639e-02 -2.0009935287e-02 2.1018064534e-02 -7.3488103053e-03 -9.4194924803e-02 5.7403777826e-02 1.3382067448e-02 2.2880618858e-02 -7.6419141040e-02 -1.9375180364e-02 -2.1293343719e-02 -4.4234587260e-02 -5.2151895379e-02 1.1262403555e-02 -7.4237580275e-02 1.2512128108e-02 2.2957607972e-03 -5.3602227273e-02 -1.4989201119e-02 -7.1529580953e-02 3.7755672292e-02 1.0627484698e-01 -6.2864726604e-02 -1.5489309318e-01 -2.9072750101e-02 -2.3671823044e-02
2.9442540452e-04 5.0954388741e-04 -6.3281714248e-04 2.6756284698e-04 6.4323958720e-04 -4.9111343503e-04 -2.4745303893e-04 4.1335305243e-04 4.1995942201e-04 2.6771723611e-04 -1.6286636202e-04 6.5994738173e-04 1.9612886509e-04 8.9536688352e-04 2.5627287593e-04 -9.5376437461e-05 3.2356425795e-04 1.0565539080e-03 6.8674243488e-05 -3.6432598802e-04 -1.8972154991e-04 4.2709880206e-04 -2.9236681907e-04 1.1276607291e-04 4.6297931580e-04 -1.9596701495e-04 1.5779319854e-04 -7.5429971609e-04 -7.4386210241e-04 1.0383242305e-04 -8.5617144214e-04 5.0825419832e-04 -9.0370548387e-05 5.4672186235e-05 4.0324603048e-04 5.1746262893e-07 -4.6231754110e-04 7.3415841161e-05 5.4152375782e-04 1.6748866699e-04 2.0788874170e-04 5.7664819500e-04 4.0284088802e-04 4.4351530452e-04 -3.7785868408e-04 -6.5072821030e-04 2.5476769606e-04 5.9156277477e-04 2.9962969470e-04 5.7252287284e-04 3.3733938707e-04 -3.5571220924e-04 -9.3741070529e-04 -3.2836298977e-04 -1.0549391055e-04 -3.0842142100e-04 2.7636459357e-04 -5.6229406168e-05 -6.5086961913e-04 -2.2663045687e-04 5.0042711368e-04 -2.2662719854e-04 -2.9805107862e-04 -3.2636570135e-04 7.8032574665e-04 -8.5229012580e-04 3.5980099718e-04 9.6751276498e-05 1.2543319917e-04
2.3530090116e-01 7.8465115767e-03 -1.5236996675e-02 5.5743362368e-03 2.9459172913e-02 1.3190161453e-02 4.2830757799e-02 -5.5841277746e-02 4.6964634656e-02 2.2371472195e-03 4.3739242045e-02 2.9468656182e-02 -2.2871998468e-02 6.4575141506e-02 6.3048875121e-02 -3.3514164828e-04 -9.0885267155e-03 1.1881360694e-01 -5.4184057303e-02 1.1759665855e-01 6.5663310450e-02 -1.2360269429e-02 1.0597981572e-01 -4.6158982189e-02 -1.8936489172e-01 -4.0976567065e-02 -2.9397803745e-02 -3.0842663748e-02 7.9798142340e-03 1.0673301067e-02 -2.9191032254e-02 2.4475929509e-02 4.1866912406e-04 8.7269288016e-04 -8.0873465243e-02 -1.7611165910e-01 1.8508557478e-02 -5.4290281213e-02 -1.6890262227e-01 3.0024706530e-02 -1.5684787885e-01 9.1218006243e-02 -3.4880174871e-02 1.8748654345e-02 -5.7740972308e-03 -2.6362321566e-02 -2.7393078797e-02 4.9932510513e-02 -1.7314627394e-02 -1.0754529877e-02 6.0281660316e-02 -2.3919791152e-01 -3.1224164602e-02 5.9021713456e-03 -1.3792457706e-02 2.0998154794e-03 7.0062035233e-02 1.2923453375e-02 2.0515701300e-02 4.2157136128e-02 3.0811356750e-02 -4.6893897539e-02 5.8662512783e-02 3.3751959974e-02 -5.2479092100e-02 -3.3734880065e-02 -7.9411917061e-02 7.7000204992e-03 -9.9622390929e-04
7.0804664925e-02 -9.9973474169e-03 -1.2610615778e-01 -6.9071302752e-02 7.0863206834e-02 1.1822355520e-02 3.5113402954e-02 -9.9163139625e-02 -1.6579227721e-02 5.6550134852e-02 -5.1081917564e-02 7.0587736894e-02 -7.1581707678e-03 4.0520086938e-02 2.4661790695e-02 -8.2563263476e-02 1.1611699289e-01 2.2489393556e-02 -1.2315544028e-02 7.0643329660e-02 2.8320733593e-02 2.5222307192e-02 3.2740721722e-02 -2.2479239787e-02 -2.1329549308e-02 1.2959765778e-01 -7.6653513989e-02 3.2908840371e-02 9.3500343999e-02 3.7510109487e-02 -7.4231344644e-02 -1.0372573679e-01 5.1137386317e-03 2.9583688580e-02 2.0221241133e-02 -7.1700936707e-02 1.6322972971e-02 3.9686751655e-02 -3.0344353913e-02 -7.4681788649e-02 -4.0479171593e-02 1.2196753990e-02 4.1046227518e-02 -3.7840100273e-02 6.4340730490e-02 6.6510471716e-02 -1.0451118478e-02 4.7302797332e-02 -5.7734850753e-02 1.0104415132e-01 -6.3452389267e-02 -3.8763630881e-02 6.7563675344e-02 3.5268081663e-03 5.5091386323e-03 3.0037355476e-02 2.9948914163e-02 -6.6464575713e-02 7.4605973049e-02 5.6080240285e-02 -1.2627886407e-02 4.8424041886e-02 7.8007629760e-02 1.5431803652e-02 -8.6392037685e-02 2.0136105654e-02 -5.2948662860e-02 -7.5523033227e-02 -2.4115030715e-02
-4.2416399038e-02 1.0378934823e-02 6.7150470247e-02 -2.3368740391e-02 5.7588272893e-02 4.0763727321e-02 1.1182301053e-01 7.6975854088e-02 -8.5987246344e-03 -2.0794828122e-02 -1.8618022715e-01 5.4887215438e-02 -2.3316222802e-02 5.3414302065e-02 -3.2331553693e-02 1.1217692304e-02 -8.4657262076e-03 4.0382666796e-02 -2.0226996672e-02 4.3721722217e-02 -3.5981439452e-02 -1.1964246221e-02 -1.2156607106e-01 -5.5547958861e-02 -1.8027274285e-03 -2.2036710345e-01 -6.2355428718e-02 7.2368340456e-02 -7.3478236290e-03 -2.9702155443e-02 -5.8821811702e-02 1.3694184438e-01 6.4017085541e-02 -8.0653154472e-02 -1.0479891375e-02 5.6190378469e-03 -6.5540638402e-02 1.7589486260e-02 -3.5266955983e-02 -7.9945185201e-03 -3.2229234299e-02 8.4545969583e-02 -3.5674935054e-02 -7.1862335542e-02 -4.6786440683e-03 4.9650852406e-03 1.7274938925e-02 -7.4799505088e-02 1.0886748952e-03 -5.1513278914e-02 -4.9730638657e-03 -3.4755746508e-02 5.2372717385e-02 9.3782201790e-02 4.7188218761e-02 4.5708056131e-02 1.7248360415e-02 1.5406499700e-02 2.5772849287e-02 -1.5386110015e-02 1.5576626453e-02 -5.3443403559e-02 -8.7599466059e-04 1.4223931449e-02 -3.4637224797e-02 7.8060001074e-03 1.3727388560e-02 3.7285961390e-02 5.9729271501e-03
4.9102586271e-02 1.6501176421e-02 -5.3607199435e-02 1.3390016231e-01 3.9309686979e-02 -4.6444287428e-02 7.5447415014e-02 7.7659321888e-02 -1.2521027051e-02 5.0725441347e-02 5.3236706835e-02 3.8445952411e-02 2.2574390717e-02 2.8762300559e-02 2.5702216089e-02 -8.9277291083e-02 -7.9921631547e-04 -6.0914067756e-02 -1.2099277590e-01 -6.8685627827e-02 -7.8264671895e-03 -5.8932746426e-02 -5.4549203639e-03 4.1804746625e-02 -3.6997019135e-01 1.1885788680e-01 -4.1512388190e-02 -7.8414685374e-02 -4.3135161771e-02 -1.8948954071e-02 -4.0168518421e-02 1.4409741385e-02 -2.8171335339e-02 -2.2098344626e-02 2.0815249692e-01 1.5245028082e-02 2.8139965395e-02 -2.8814645504e-02 -6.9354998066e-02 7.9471985414e-03 -2.3464082580e-02 4.2541307009e-02 -1.8800816451e-02 1.2305536803e-01 -2.1166586262e-02 -8.0022275260e-03 -5.4553929591e-02 4.9508097496e-02 -3.0375596881e-02 -5.9584646485e-02 -7.6896121784e-02 6.1888395759e-02 7.4995043968e-02 1.2062790867e-01 -4.3979121023e-02 3.5694151630e-02 3.3944251982e-02 3.0126943410e-02 -7.3594720646e-03 -1.2647291775e-02 -9.2060096728e-02 -5.0222413309e-04 -1.9945353760e-02 4.5214488492e-03 -5.7861989142e-05 2.6120416323e-02 2.4063217167e-01 3.1641304274e-02 2.5167689143e-02
-6.8011572745e-03 1.8621395094e-02 1.4903692480e-02 -1.2249453043e-02 -6.0942282955e-04 1.2596834038e-02 -9.3768188445e-03 1.4482201556e-02 -1.2103740249e-02 -4.3487158075e-03 1.1479649610e-02 1.7582180121e-04 -1.4170588028e-02 -6.1095031475e-04 1.2090537960e-02 1.5344943516e-02 1.5342631567e-02 2.1564868770e-02 6.2687552654e-03 2.1882666026e-02 1.3636402337e-02 1.3098117306e-02 -1.4075552615e-02 -1.5103014788e-02 -1.9787848986e-02 1.4824730903e-02 -1.0284464036e-04 3.3973732230e-04 2.5922113156e-03 -1.7548969623e-02 -9.0385701866e-05 1.9548114204e-02 -2.0578832268e-02 1.7596374233e-02 2.4819426378e-02 3.1578657471e-03 -1.6925013497e-02 8.4683980204e-03 -1.6973497148e-02 1.7528812899e-02 1.9542137583e-02 2.2678546791e-02 -7.3187782079e-03 -1.2989893501e-02 -6.8430470265e-03 2.0053058479e-02 -1.1536181083e-02 -5.6913945600e-03 1.4256071802e-02 -1.7285719009e-02 -1.7972145743e-02 -2.0326197666e-02 8.5314319507e-03 -1.4312195948e-02 1.7949956114e-03 8.3544910806e-03 1.9606707023e-02 -1.8937252063e-02 -4.8060045826e-03 1.6264665488e-02 -7.0906494000e-03 1.5494694001e-02 -2.0578143814e-02 -1.9413078693e-02 -1.3686560453e-02 -1.0095449457e-02 1.4740147628e-03 3.4732288574e-03 -1.2310084114e-02
5.7631660425e-04 -3.4937399380e-04 2.5980162738e-04 4.2386726657e-05 1.5712838391e-04 2.4099157298e-04 2.3490229889e-04 1.5740021102e-04 -4.0869070715e-05 2.6429170892e-04 -1.8838344074e-04 1.1394644529e-04 3.5076748056e-05 -2.5572737585e-04 4.7230762355e-04 3.2776421384e-04 8.6845090731e-04 -1.5224281667e-04 -3.9310667700e-04 -2.4129059403e-04 -8.9508866210e-04 -2.2194251770e-04 -4.2465058998e-04 2.6630853918e-04 4.6323773233e-05 -6.8942572388e-04 4.5362422431e-05 -1.5507588257e-04 -1.2406609081e-04 9.4701923119e-06 -3.9829564880e-04 3.1503430437e-04 1.7151132594e-04 -1.0532627938e-04 3.6181873377e-04 1.7608680545e-04 5.5969577596e-04 3.6386947397e-04 -9.8542054121e-05 5.0332455020e-04 9.6257159716e-05 6.2203287620e-05 -5.6661439877e-04 1.9414395073e-04 1.1706977546e-04 1.5137241360e-04 -2.1067399654e-04 8.4867015218e-05 -7.0403758654e-04 -7.3772602559e-04 -7.0238093578e-04 8.0126821883e-05 -4.8794028868e-04 3.7097996273e-04 -3.2797863113e-04 -2.6678757017e-04 -7.2415095417e-04 -2.9701067099e-04 3.5440034143e-04 1.8722488132e-04 -1.8723515154e-04 8.0065494666e-05 5.1520112638e-04 3.1756943724e-04 7.3407843728e-04 4.7982674514e-04 1.1643354338e-03 8.0422065585e-04 -3.0922795551e-04
1.6843565211e-01 2.0026252010e-03 5.2213885488e-02 2.5243633516e-01 2.5546686310e-02 4.4200730881e-02 2.7026069299e-02 8.8229257464e-02 1.8592703160e-02 6.9465208280e-02 -6.7568569635e-02 2.8230638905e-02 9.8203715278e-03 -1.6216591677e-02 -4.5218481531e-02 -9.7710375057e-04 6.7194400695e-02 -4.3898001243e-02 -5.3873721210e-02 -1.2792918959e-02 -5.2555820144e-03 4.1436971417e-02 4.8692509446e-02 3.7511118721e-02 -3.2001691309e-01 -1.1627265659e-02 -2.9454373265e-02 -1.0484876885e-01 -3.0876889776e-02 -9.5561923422e-03 -2.7963632216e-02 6.1003065376e-03 4.3090430790e-02 -2.2124871932e-03 2.0707165171e-01 -9.9351465014e-02 -7.0534583020e-02 -1.9816846689e-01 -3.4350850403e-01 -1.9749836786e-02 7.7160083346e-02 7.5627254325e-03 2.7311895595e-02 -2.8672879685e-03 -1.0253035570e-01 -3.4886546294e-02 -2.6222775102e-02 -6.9048430213e-03 3.0530805354e-02 -4.5161935500e-02 -2.6006215107e-02 -1.5087016377e-02 -4.7606913449e-03 -9.5282298494e-02 -3.7343169558e-02 1.2381333643e-01 6.4430276667e-02 9.0303500780e-04 1.2012888425e-02 6.8048668815e-03 -1.6883556510e-02 4.4835558466e-02 3.2664285452e-02 5.6595239193e-02 -3.8820229018e-02 7.9602634973e-02 2.1907519530e-01 2.1159601718e-02 -1.4830722018e-02
9.0632177105e-04 -8.3208344143e-05 -9.3201730071e-05 -2.9280161732e-04 -5.3292391017e-04 -2.3379074568e-04 5.0906189040e-04 1.5936807852e-04 7.1800671260e-04 1.3334358732e-04 3.9065355525e-04 -6.8980063454e-04 -1.1401213821e-04 -2.1653726200e-04 -6.3976116631e-04 9.1594775926e-05 -5.5332260846e-06 1.9355053851e-04 -2.4892972126e-04 1.0102173430e-03 -1.4242967830e-05 6.0377628475e-04 -2.5165248275e-04 5.7610366777e-04 7.0522954093e-05 -4.5573206047e-04 -3.7068851906e-04 5.5654987923e-04 -7.5550255751e-04 -5.9295564458e-04 -8.0937871540e-05 -8.1550267016e-04 -6.2798977091e-04 -3.3451140065e-04 8.5895813748e-05 1.3933835290e-04 7.0970498651e-04 -1.5738169525e-04 5.6537633368e-04 -7.1916143997e-04 -8.9662195613e-04 -1.2876653051e-04 -2.9639415979e-04 6.9103493302e-04 -1.1943863904e-04 1.8701057246e-04 2.5582786283e-04 3.9472956273e-04 5.1269741307e-04 -1.1096066279e-03 -9.2563506356e-05 -5.2230223881e-04 2.9138810186e-04 1.0449048281e-04 2.5319049192e-04 -7.0377110282e-04 1.2745802391e-04 -6.4104787461e-04 -1.4975848642e-04 -3.3544857007e-04 -5.5885573705e-04 7.9086552271e-04 -5.8419221162e-04 1.5453377324e-04 4.9976377139e-04 7.9128619220e-06 1.5691912846e-04 -5.0402358229e-04 -3.9412321401e-04
-4.4040850102e-01 -9.4301573568e-02 -3.1991513511e-02 3.4690923943e-04 5.9132888835e-02 2.4261745940e-02 7.6077666095e-02 9.9708577961e-02 -3.0530606819e-03 -5.1147427895e-03 6.4930442405e-03 6.0595112544e-02 -3.8896920229e-04 3.1009501869e-02 3.2177672547e-02 2.7254960361e-02 -3.9559782603e-02 -2.4368041106e-02 1.6053880125e-03 -5.3966036044e-02 -4.9488318445e-03 -1.1103936092e-02 -4.5668697815e-02 7.7001904330e-02 9.7398702868e-03 -1.9871675042e-01 -6.4127500417e-02 -5.3070125474e-02 9.6104195715e-02 -7.3042997593e-02 -6.1983245390e-02 -2.2160610499e-02 8.9626618232e-02 1.4726058101e-02 -2.8967461927e-02 5.5633810240e-03 -2.3844281608e-04 5.6813816236e-03 -1.7509820349e-02 -7.5538220946e-02 8.0906399213e-02 9.6783493221e-03 -1.8177270480e-02 1.2135915399e-01 5.7560330022e-02 1.7000839964e-01 -3.6236104321e-02 -4.5822264895e-02 -1.3947806418e-02 -5.1416338936e-02 1.1333825152e-01 -9.8442622506e-02 -1.9420271846e-02 -1.7685063212e-02 1.7237457441e-02 5.6518732555e-03 -4.8954755704e-02 -3.1838583750e-02 -2.1382879078e-02 2.7338574087e-02 -2.9241825588e-02 8.2004427098e-02 -9.9208147799e-05 3.8801968152e-02 -3.0086778855e-02 5.5805391047e-02 2.4397866172e-01 -7.8685386556e-02 -5.2366403443e-02
-1.4049012539e-01 -5.1203657564e-04 -8.0661949576e-02 -1.4597217690e-02 6.0586208289e-02 -2.1532985673e-02 -3.9991809501e-03 -1.1150470591e-01 6.4619333985e-03 -4.9927449103e-02 -2.0240707020e-02 6.0829528987e-02 1.0000706118e-02 -2.7382303761e-02 -2.0080442163e-02 2.5768309905e-02 2.8837710349e-02 -7.7209483065e-02 -5.1253508939e-02 -9.9041171912e-02 9.1844661101e-03 2.7948048245e-02 2.4802829659e-02 -2.1814246452e-03 -1.6487504897e-01 1.1146129477e-01 -6.8580230249e-02 -5.9183280163e-02 3.6556837676e-02 6.1624626445e-02 -6.4754195513e-02 6.6739452724e-02 -1.3665337446e-01 -2.7408260217e-02 1.1274915141e-02 5.9690894790e-02 1.9314518086e-02 -2.1784395085e-01 9.0764714953e-02 6.6144714336e-02 -4.6944518602e-02 9.3978680889e-02 -2.2889153182e-02 1.8443837557e-01 -5.7414102453e-02 1.0005349435e-01 -2.6636106225e-02 4.6738298597e-03 4.2797789858e-02 -4.8296260697e-02 -6.0113182816e-03 -7.8261067956e-04 4.7575812038e-02 -4.8430906816e-02 1.1572379654e-01 1.5383763858e-02 2.2058551052e-03 -2.0580080532e-02 2.2914151349e-02 -1.2422606905e-01 3.3164309889e-02 5.8928091415e-02 6.4656478675e-03 2.9487658488e-02 1.8965297888e-02 5.6555894618e-02 5.0288968904e-02 2.5692862153e-02 -4.9538721172e-02
5.5509311439e-02 8.0794991971e-02 2.7263975680e-02 7.1586974609e-02 7.2429644610e-02 2.9564570798e-02 -9.2286822559e-02 -3.3258616974e-02 4.5414348131e-02 3.4185484159e-02 -1.0358723914e-02 7.3218328911e-02 7.2111945584e-02 -4.4701683990e-02 -1.8966246645e-02 -7.8695853042e-02 -7.6146653244e-02 3.9294745144e-02 9.0070893730e-02 8.5787563201e-02 -8.5336050097e-02 -2.6384403981e-02 -4.6895762076e-02 -4.8297789646e-02 -4.1510814937e-04 1.5054731890e-01 -7.6193358754e-02 6.0644786171e-03 1.1413957659e-01 6.4824623416e-02 -7.2815216240e-02 7.9022421283e-02 -1.5948671984e-01 -2.3284722775e-02 1.6169975249e-02 1.5333039694e-02 -3.2571848911e-03 7.5571555364e-02 -8.2335637618e-02 -3.3218074732e-02 4.6057480650e-03 1.6974086010e-02 -2.2495352143e-02 8.7856882837e-02 -2.0440180767e-02 -7.4625135921e-02 1.6954410191e-02 3.5708720247e-02 3.1178157784e-02 1.7575812818e-02 4.7511015956e-02 -5.9862296952e-02 1.1203141400e-02 -5.6333247839e-02 -9.0177450381e-03 5.1276238507e-02 2.3868263386e-03 3.5250998428e-03 -1.3679728042e-02 -2.1667245443e-02 -9.3873680135e-02 -4.8263472137e-02 1.7950184325e-02 6.5010898274e-02 2.9551361210e-02 8.8933815533e-02 1.2400974644e-01 -3.9027395626e-02 8.0866981441e-02
-1.5873689250e-04 -3.3935171080e-04 5.4699116679e-04 9.3702742292e-06 4.3888096079e-04 -7.7740500441e-04 -4.0784233746e-05 -4.3746667839e-04 5.2321014377e-04 2.4053368478e-04 4.1800982862e-04 3.3764497127e-04 1.1355351010e-03 -2.5113421246e-04 -4.3225077446e-04 -3.1142992221e-04 -5.8424447503e-04 7.3219439822e-04 4.7831036880e-05 -1.3124271075e-03 -4.0858895126e-04 5.8670491450e-04 -5.1220720014e-04 5.0715415659e-04 3.9147712518e-04 -4.5964117974e-05 -5.8044312033e-04 -9.2870725736e-04 7.9688741955e-04 2.2511858232e-04 -1.1784433130e-04 2.7707607305e-04 2.3198814267e-04 -6.0060685345e-04 -7.1348035460e-04 -5.0102635748e-05 3.7665993177e-05 -6.8028392111e-04 -1.0568891348e-04 -3.3134498036e-04 -2.2621911949e-04 -4.3939096640e-04 -1.2345210585e-04 8.0512378266e-05 -7.5096668021e-04 8.2516921758e-04 5.0607148012e-04 -2.2650008118e-04 5.7262195905e-05 3.1636018580e-04 -5.8615806705e-04 -6.6173876150e-05 -1.5036738764e-03 1.5472758042e-04 6.0020666414e-04 3.3436329394e-04 -5.1272565427e-04 -3.5609411603e-04 -2.9693441095e-05 -5.1527313759e-05 4.6924244014e-04 2.8602785524e-04 -1.2056610809e-04 5.1269249918e-04 4.0537013344e-04 6.3958563916e-04 1.9137383710e-04 7.2695430194e-04 -7.9771201488e-05
9.5475678129e-03 -1.1460622805e-02 1.7871992627e-01 5.0342495451e-03 4.0522787704e-02 -8.3183012382e-02 7.4686227109e-03 4.7743740458e-02 -1.7897976849e-03 4.4575624238e-02 6.1494520617e-02 4.1688139785e-02 -5.7911760245e-04 1.9531563688e-02 1.6160922963e-02 -2.6537474784e-02 -2.9020524858e-02 -4.9829344638e-04 1.0873327362e-02 -5.6198309511e-02 1.1064609618e-01 -3.2361535355e-02 -9.4761615651e-03 2.7331502537e-03 4.8246932500e-02 8.9615160367e-02 -4.5226544498e-02 1.0597609960e-02 -2.9068699177e-02 -4.9580367565e-04 -4.3664582033e-02 5.2033853973e-02 -6.8776461511e-02 2.0035293147e-03 -1.2191058657e-02 2.5057500893e-01 1.7612854897e-02 2.1291475406e-02 -1.4455430532e-01 3.5867465292e-02 8.7156449715e-02 5.8121035217e-02 -5.0052655261e-02 -1.8934414547e-02 1.7914470548e-01 -1.9964721157e-01 -2.5719503784e-01 5.5370486116e-02 -1.1109274034e-01 1.3271562302e-01 3.6214979702e-02 -6.7302096835e-02 6.1757121868e-02 -1.2306391758e-01 6.3932972979e-03 -1.0539496218e-02 -2.9713778793e-02 1.7830861530e-02 4.4827057208e-02 2.1211387450e-02 -3.0633690928e-02 1.3297609077e-01 -2.7449880478e-02 -3.6038354333e-02 5.1758836119e-03 -7.2767286203e-02 -9.3397150243e-02 -1.3970970467e-02 9.1417738309e-03
3.7777021207e-04 1.3993861967e-05 -9.8508759149e-05 1.1036563678e-05 3.8422582489e-04 3.0915642018e-04 -1.3825610006e-04 1.8619485250e-04 6.7299752291e-04 -1.0545225884e-04 7.0439202557e-04 2.1269649254e-04 -6.7771879457e-04 -4.1974538428e-04 -8.5691295737e-04 -4.2246564136e-04 2.0166532703e-04 -2.6704719134e-04 2.3842228095e-04 -7.9212525241e-04 5.4726326275e-04 -5.5675878280e-04 -1.5279092729e-04 1.3297684462e-04 5.6165622504e-05 -8.9050416331e-04 -4.2538515243e-04 -2.4258081200e-04 3.8125039027e-04 6.0987970113e-04 -3.8137866081e-04 2.7928630028e-04 -4.0250429702e-04 4.7329587170e-04 1.9748033672e-04 -7.5515387437e-05 3.2986047936e-04 -1.2218524332e-04 -8.0919914509e-04 -6.1311769531e-04 -9.5630067397e-04 -3.7235488396e-04 -6.3827006422e-04 7.8915368241e-04 -5.9170556886e-05 -2.1180185009e-06 -3.8598100617e-04 -3.3772092709e-05 -5.2195646012e-04 -1.6451165040e-04 1.0062062067e-04 -5.9129286203e-04 -1.4918845992e-04 -1.1884258513e-03 3.0614770820e-04 1.3637555320e-04 6.0951900252e-04 -2.5298985453e-05 3.1141801176e-04 7.4276112120e-05 2.1959148400e-04 -4.9608586708e-04 5.1385477517e-04 -2.7285594156e-04 3.4870208334e-04 6.7757360515e-04 1.8696995478e-04 2.7239296662e-04 7.7492215564e-04
-1.3413132226e-01 1.2532016842e-02 -9.7012183107e-02 9.4478774370e-02 3.3723904172e-02 -5.3346920880e-02 6.4334814173e-03 -5.7337974676e-02 -5.3534445321e-02 -6.0569953620e-02 4.3631512794e-02 3.1169920680e-02 3.9225285526e-02 8.7129354351e-03 4.6546527114e-02 -1.6323386463e-02 5.2748435936e-03 3.0583402411e-03 -4.2079181903e-02 2.2796137275e-02 3.3269406799e-02 -4.0273535064e-02 2.9272401561e-02 7.6850403460e-02 -2.9014550897e-01 -3.2319753694e-01 -3.5546130132e-02 4.3833078557e-02 -3.8034315522e-02 3.5098598186e-02 -3.2674796007e-02 -4.1745036028e-02 -3.3216238667e-02 -4.7483989180e-02 3.7510167986e-02 -2.0817351971e-01 -1.6878333689e-01 4.3052049788e-02 -2.0250853968e-02 1.1033472618e-01 -4.7124013630e-02 2.5895330841e-02 -8.1686140566e-03 -3.4639136397e-02 1.5167591026e-01 -5.1201847706e-02 2.5670682997e-02 8.1972978706e-02 4.3172827152e-02 1.7192281466e-02 -1.1754147345e-01 -2.1409658428e-02 -3.4989109855e-04 1.0218346532e-01 4.0913547308e-02 -1.1175725250e-04 -1.0228134632e-02 -4.8163484144e-03 1.3558041323e-02 -2.6770269398e-02 5.3573083393e-02 -1.6338977238e-02 -3.1741857787e-02 9.5865124193e-03 -1.0059273445e-01 -7.5604461083e-02 -1.9195368254e-01 3.6216494087e-02 1.3125088572e-02
-1.7434336274e-01 2.8701076554e-02 -6.7356368640e-03 -3.5425084372e-02 4.3007547684e-02 -3.1404211185e-03 -2.1501263139e-01 9.4069728187e-02 -1.3720072288e-01 -2.3801788636e-02 2.5498000540e-02 3.7390420019e-02 -3.3732093216e-02 -9.8740073411e-03 4.0626451273e-02 -3.7368211485e-02 -1.4720180710e-03 -9.5364209223e-02 4.5055314773e-02 -1.1703755526e-02 -2.2518263490e-02 -2.6971710100e-02 -3.6089176915e-03 2.5498516074e-02 -1.7226547697e-01 7.1683583358e-02 -5.2031241829e-02 2.4447687866e-02 9.1727757188e-04 1.2377927709e-02 -4.5252973745e-02 1.9501708610e-01 2.8209187173e-02 -1.5670957405e-02 3.0879793469e-03 7.3667773036e-02 5.7013366232e-02 4.2641241699e-02 -1.3620354748e-01 -5.7129284489e-02 -6.5841545387e-02 2.0983264074e-02 3.9308082209e-02 1.2217190194e-01 -1.0065894441e-02 2.0407917256e-02 2.6395859823e-02 -1.4438260767e-01 7.0125065458e-03 -3.5782644273e-02 -1.3970694642e-01 -1.7191341763e-01 -2.1802749849e-02 -9.3284830218e-02 -3.6372731425e-02 7.0272462808e-02 2.2453625408e-02 2.5640758469e-02 -3.1214977956e-02 1.7803761388e-02 1.0354141704e-02 1.3519171776e-02 -7.7467683252e-02 2.2131757530e-02 -2.0246351103e-02 -2.5276365103e-03 3.1786782315e-01 2.2142332118e-02 1.2201452450e-01
9.3770943413e-05 9.8953486835e-04 6.0913197103e-04 9.9595663198e-05 4.2886171834e-04 1.2108383631e-03 8.4507291382e-05 4.5205786307e-04 2.6040839756e-04 -9.9210658158e-05 2.2276997282e-04 1.6658201689e-04 5.0961110980e-04 -3.9768326532e-04 4.0706554098e-04 -4.3844652229e-04 -4.8698383925e-04 7.0556532064e-04 4.8095325936e-04 -1.9633400638e-04 -6.3739865847e-04 -7.6738466413e-05 8.5659483008e-05 3.3694194025e-04 2.2574673501e-04 -2.2467489535e-04 7.1460849798e-04 -2.3037437357e-04 -1.8985710687e-04 -9.7492081459e-05 2.8983478391e-04 2.5582186247e-04 4.2200712593e-04 -7.8175443484e-05 3.7607239546e-04 2.4466637848e-04 -2.8286126574e-04 -2.9687169225e-04 -3.8681938470e-04 5.6545354838e-04 5.2099899765e-04 6.9761643364e-04 1.6556704706e-04 2.3642146097e-04 -3.4235666959e-04 5.7928615644e-04 5.5337099688e-04 -3.6600932719e-04 -3.0710167873e-04 1.4434871215e-04 -2.0516949799e-04 1.2913684481e-05 -1.0595149433e-04 -9.9530760085e-05 -2.4709818739e-05 3.1463580275e-04 -2.1288958585e-04 1.8320643058e-04 6.8474428446e-04 -7.4698512750e-05 -2.1606489168e-04 -1.5643060535e-04 -4.1409784471e-04 -4.3315345081e-05 7.7789197799e-04 1.6309943492e-04 -4.1193325516e-04 -2.7623166111e-04 -1.1849345928e-03
-9.8233739263e-05 -4.8620526244e-06 7.7901291243e-05 6.0311201236e-04 1.5180361255e-04 3.3842652851e-04 9.2230560405e-05 2.9759836105e-04 -3.3575923005e-04 -6.5719590177e-05 -2.2393316419e-04 -8.1367151767e-04 6.8446967584e-04 9.5172991100e-04 3.4833557882e-04 6.2791258256e-04 -1.9197985568e-04 2.1633475189e-05 -4.4058130863e-04 6.2644575033e-05 1.2683860015e-04 -4.9282630313e-04 6.9167067726e-04 1.0450479686e-03 1.6680273773e-04 -5.1457806532e-04 -4.2325112040e-04 1.1100058401e-04 2.8735715368e-04 -1.9312703111e-04 -1.0378318853e-04 -9.6539925862e-05 1.8280269168e-04 6.5184136846e-05 1.1375362005e-04 -2.8229707434e-04 -4.3472729456e-04 -2.7677355453e-04 9.1541793419e-04 -2.9138997541e-04 2.6380857261e-04 3.6583061822e-04 9.7339661741e-04 -7.4858903288e-05 -2.2789292322e-04 -2.4039637405e-04 1.4616203248e-04 8.0813842078e-05 -8.2042016412e-04 -2.2246745242e-04 -1.7746015561e-05 -8.8742531136e-04 1.1259314067e-04 3.8769436756e-04 -3.7120168931e-04 -1.2383363314e-04 1.4555745927e-04 -2.0031633668e-04 -5.0696061239e-05 -1.6976948759e-04 5.8201994417e-04 -5.1939545184e-04 -5.6491956155e-04 -2.5543745347e-04 1.1376467384e-04 -2.8023603462e-04 -3.4474526274e-04 2.4472842856e-04 -2.0175934279e-05
5.0132085905e-02 -1.2586396501e-02 1.0739134977e-01 -2.8334646796e-02 4.5543770800e-02 -1.5087015173e-02 3.7186407927e-02 1.0488690345e-02 2.9947202161e-02 1.4342926398e-01 1.8020304652e-02 4.0969722556e-02 -5.4947058416e-01 -2.7893815252e-03 -1.3442100717e-02 -5.8760101228e-02 2.2238970722e-02 -2.6273031806e-03 3.2132320678e-02 -3.2599957295e-02 -1.1106308316e-01 2.7530614196e-02 -2.0102275475e-02 1.9611624333e-02 2.0060123171e-01 -1.3176547309e-02 -4.6242804499e-02 6.9022756313e-03 7.3514051891e-02 7.8082673943e-02 -4.2964013942e-02 -5.8642265170e-02 4.0634010013e-01 5.2408310714e-04 -1.7344650602e-03 -2.6746209995e-01 -3.0538869569e-02 -5.6263223174e-02 9.8088983760e-02 5.7958783712e-02 5.4366712608e-02 6.3384039658e-03 -5.7060531058e-03 -5.3873584407e-03 2.8273214294e-02 3.7612943326e-03 4.6770973282e-02 4.9355927871e-02 6.7517318829e-03 -7.7446460949e-02 7.8703962150e-03 3.2680445514e-03 1.7153524395e-02 -1.3281211153e-02 1.9625715711e-02 -2.2390779649e-02 1.6571101010e-02 -1.8947327842e-02 -2.6686678510e-03 -2.1685117431e-02 -4.7373952545e-02 -6.4259091859e-02 2.4649029189e-02 -4.6298433477e-02 -2.1661689968e-02 -2.7415056058e-02 -2.4172267682e-01 4.7084763783e-04 -4.9406464978e-03
1.5485629047e-01 4.4330233444e-02 -1.5612579211e-02 -1.6121073131e-02 1.8248529427e-02 -6.3296090996e-03 5.2329504966e-02 -9.3899504825e-02 -3.3433135320e-02 1.7580751766e-02 3.8299566102e-02 1.7844922046e-02 1.1536724747e-01 5.8332776549e-02 2.5081817207e-02 -5.0462565921e-02 1.2901659787e-02 -4.5061330849e-02 1.7148497351e-02 2.1171345613e-02 2.7478399492e-03 -2.9524261760e-02 -9.9899392143e-03 1.0956419628e-02 -1.8582741221e-01 2.5077791510e-03 -1.9191835754e-02 3.6009433575e-02 -8.8129105496e-03 -9.2863531058e-02 -1.7712151153e-02 1.7920769230e-02 1.5223588470e-02 -2.0338199128e-06 6.4987488374e-03 2.9400219965e-01 -2.8787397631e-02 -2.2737233047e-01 -7.3472557750e-02 5.9329670414e-02 -9.4252009089e-03 -1.8449945727e-02 2.7488255815e-03 1.0752232820e-03 -9.4877762258e-02 -3.6347019159e-02 -9.7845835847e-02 7.4226004345e-02 -1.7301349772e-02 -7.3628450911e-02 1.3091974002e-02 8.5313158615e-03 -2.7900339992e-01 7.7895906532e-02 -2.0056820025e-02 1.0327556910e-01 1.4357251765e-02 -5.8917649791e-02 2.7668478811e-02 -3.1723987671e-02 -5.0620685501e-02 -1.1377114726e-01 -3.2259559981e-02 -2.2668810092e-02 -4.4402195844e-02 6.8735184104e-03 -1.5220481086e-01 1.9054671495e-02 -2.1248548097e-02
3.9549334390e-04 -1.8990901361e-04 1.4859489560e-04 -3.2701737563e-05 4.9368072311e-04 1.5691435795e-04 -1.0571273712e-04 2.3056961098e-05 3.1587877540e-04 -6.1396175731e-04 -7.0675885085e-05 7.9377368074e-05 -8.1206975163e-05 -1.6115208342e-04 -1.8461481051e-04 2.5285351961e-04 -1.3550971578e-04 -3.9060799102e-05 -6.6980361795e-04 -1.4308899218e-04 2.7299809770e-05 -3.4610824763e-04 -1.7425262270e-04 2.4308990642e-04 2.5351001142e-05 -8.1804026206e-04 3.4990683135e-05 1.3221276193e-04 8.4384760813e-05 -6.8417818163e-05 -1.9027623906e-04 -3.3728913263e-04 -1.9781344789e-04 -1.9043930981e-04 5.5957245400e-04 5.4622898040e-04 -7.2548445966e-04 -3.8264556151e-04 -2.8205757614e-04 4.7047637552e-04 -2.1185339149e-04 1.0465581229e-04 -7.2578194008e-05 -3.1059259749e-04 -5.7628402264e-04 -2.6204698515e-04 2.2248958295e-04 6.1618697795e-05 -5.7571063283e-04 -2.8740627047e-04 3.4058391870e-04 6.9249099263e-04 -4.1403975762e-04 -8.9303428263e-04 5.2835725269e-04 9.4488466074e-05 1.2356769616e-04 1.4907522902e-04 -2.3668634572e-05 2.3221486622e-04 -4.4059020098e-04 6.1121596162e-05 4.6653498870e-05 3.4485405558e-04 -9.0477259535e-04 6.0151803414e-04 -8.6518808049e-04 5.8658025430e-04 -1.2151850483e-04
9.2646759639e-05 -2.5379092826e-04 1.1385634227e-03 -4.7940236410e-04 4.2914434472e-04 -3.8621733397e-04 -3.2972810322e-04 5.0698847158e-05 -8.0914515413e-04 -8.8033791020e-07 -4.5051380379e-04 2.2123910571e-04 -3.2586271720e-04 -4.8785767646e-04 4.4216537793e-04 -5.2337915248e-04 -2.4872275477e-04 -3.3699849401e-04 -4.9158632917e-04 6.7654856190e-04 -4.2057157326e-04 -3.8615199377e-04 4.8444597879e-06 6.4627080631e-04 -5.0175811935e-04 1.2054210318e-04 -9.8683050731e-05 3.3579442463e-04 2.2514390578e-04 3.5951853158e-05 -6.8074922764e-04 5.1668175828e-04 -1.1460381327e-04 1.4187565798e-04 9.8987633976e-05 -5.4558162072e-04 -5.7323589386e-05 -7.0825537654e-04 -2.0289860160e-04 -3.9161628175e-04 -2.9708993817e-04 5.5174230302e-05 2.1488592031e-04 4.2887142962e-05 8.0520838103e-05 8.5558813169e-07 7.2786588654e-04 -4.2135203273e-04 4.1762420188e-04 7.6750420904e-04 8.8968958652e-04 6.5014755113e-04 -7.3430522203e-04 -5.8457076568e-05 -6.2490240925e-06 6.4024726355e-04 -3.6896186554e-05 9.2256046501e-05 3.1880299912e-04 -3.9690515571e-04 7.2236864577e-04 -1.7262338270e-04 -2.1469106866e-04 2.3019665683e-04 -5.0222564663e-04 6.4601698771e-04 1.0618791431e-03 5.1691764889e-04 -5.3437883721e-04
1.5880583704e-01 6.6122541938e-03 1.2920638801e-01 -4.2776687061e-03 8.9242684236e-02 -1.2687981291e-01 5.4805824694e-03 3.4626653762e-02 -9.3719496333e-03 2.8661399238e-02 -1.4842855537e-02 8.7565489066e-02 3.6399340025e-02 2.1782420134e-02 -9.3751857519e-02 -2.5406127694e-02 3.9103392112e-02 1.1344615473e-01 -1.9822945414e-02 -4.1776070714e-02 2.1327491062e-02 -3.0294032687e-03 -1.1790372518e-02 -8.6542956258e-04 1.4966719601e-02 -1.5725753480e-02 -8.9183896733e-02 -3.7433824500e-02 -2.2954427298e-02 9.6433774778e-03 -8.7789755244e-02 1.5997184945e-04 3.7083897852e-02 1.8140835108e-02 -8.3404241901e-02 -1.3308372040e-01 3.0486254451e-02 1.4571761041e-01 -2.7989814417e-02 -7.4865465695e-02 4.0312015328e-02 3.4859117494e-02 -9.5034475103e-02 1.9656343636e-02 4.8358731942e-02 5.8094205078e-02 5.4045315059e-02 1.2503895811e-01 9.5451697390e-03 2.2282748531e-02 -3.9353088317e-02 -1.1302998988e-02 3.6962512673e-02 -9.6327959320e-02 6.9197511027e-03 4.1524883221e-05 2.4457850220e-02 -2.6370564296e-02 -1.0573026098e-01 9.3976566328e-03 -6.1968830286e-03 -7.7925243367e-02 9.0517644117e-03 8.8238812798e-02 7.8547948106e-04 -2.2973470994e-02 3.6168502937e-03 6.8462496130e-02 -3.7716581180e-02
1.3824728473e-01 8.5784081774e-03 5.0356413117e-02 -3.7595496760e-02 5.1511649494e-02 2.7347603006e-03 2.1119089078e-02 -2.7751107890e-02 2.0010362418e-02 -9.4983188277e-02 -1.2298817653e-02 5.2092345166e-02 6.1146682213e-02 -1.3958527142e-01 6.9680522956e-02 4.9066170022e-02 7.5819404373e-02 -2.6422590668e-02 6.6909807556e-02 -8.7514004998e-02 -1.3089323866e-02 4.0508142873e-02 1.3224836264e-02 2.4149066870e-02 2.2356699777e-01 -6.5575926257e-02 -5.6708864307e-02 -6.0806773457e-02 -1.7808706875e-02 8.3321708123e-02 -5.2212000615e-02 4.6583869523e-03 -1.3987361167e-01 8.9642069497e-03 -7.4117536379e-02 -1.1678429420e-01 1.3242563377e-03 8.0226612236e-02 -8.9671715497e-02 9.5376577658e-02 1.0816296375e-01 1.0248873050e-01 2.2034644544e-02 -9.5945272286e-02 3.8608557219e-02 7.1866197612e-02 5.2637572050e-02 7.6155457045e-02 -4.2321977092e-02 -6.3464400054e-02 3.9009876713e-02 -8.9410449455e-02 -2.4903463754e-02 1.1715650309e-01 -3.7303330395e-02 8.7355210688e-02 9.9718365967e-03 2.8110847581e-02 1.1178998349e-01 3.5739312947e-02 -1.5402197909e-02 -7.6426074461e-03 -4.4471093165e-02 7.0092010635e-02 -5.7609182186e-02 -4.8051144221e-03 -1.2873271974e-01 2.0812469144e-02 8.3076909303e-02
8.9922867051e-04 -8.1957083115e-04 8.6892001428e-06 -3.6374670159e-04 -5.0632235014e-04 -1.1838913552e-04 5.1761201689e-04 -3.2215340183e-04 5.1627629723e-04 4.2650358449e-04 5.9786651839e-04 5.4223005934e-04 1.1572440575e-04 3.2446729505e-04 4.0845159784e-04 3.7965849472e-04 1.6721574076e-04 3.9287585869e-04 -1.3879513454e-04 3.5546615953e-04 -1.2854710380e-04 -1.1517196587e-04 3.2401590753e-04 -4.9017585767e-05 8.7137474154e-05 5.0109279057e-04 2.8975870733e-04 -6.0326676064e-04 2.8606103574e-04 -3.8852983063e-04 -1.1182873309e-04 1.5917230076e-04 4.1672226280e-04 -6.0805433804e-04 -7.4131339202e-05 1.2143557785e-03 -7.0793150953e-04 9.7465369369e-05 1.4950876062e-04 -5.8282946247e-04 -1.4578125278e-04 -5.4269646858e-04 -2.3776897644e-04 1.6300895930e-04 2.1585052706e-04 1.2524098797e-04 -7.5170170808e-05 4.8289671425e-04 3.3474466974e-05 4.5519829052e-04 -1.0025880896e-05 2.7732432638e-04 -8.7504261999e-06 -5.4829362817e-04 -4.5729173440e-05 3.6281982019e-04 -1.2212578846e-04 1.6647914281e-04 -6.6267240900e-04 -1.4128114312e-04 -1.6677473487e-04 -2.9838339077e-04 -2.3672771515e-04 -1.0735258614e-04 -8.8432209474e-06 -2.3078057429e-04 6.6824321520e-04 1.9732582919e-04 8.0173733095e-04
2.1987633880e-04 -6.2241651679e-05 9.9498412498e-04 7.7394088645e-05 6.7165432399e-04 -3.3451010824e-04 -2.6254022301e-04 -8.5393661527e-04 1.2438779745e-04 -1.7108176732e-04 -4.1845233566e-05 3.7206098654e-04 8.1949416299e-04 -5.9152485448e-04 -3.9403789029e-06 -4.0560688315e-04 4.1647546274e-04 -2.3384288583e-04 -3.1315907352e-04 4.3232541204e-04 -4.7169287853e-04 -5.8666425555e-04 -7.7937017162e-04 -2.1199807139e-04 -5.1213366401e-04 -1.2765542569e-03 -5.6700744355e-04 -5.8932720202e-04 -1.7609814367e-04 9.0381366623e-05 1.0728774100e-04 -2.4739667483e-04 4.1442067315e-04 -4.4691930185e-06 -2.9495606873e-04 -1.0043550463e-04 3.7381417468e-04 -1.5026871002e-04 -3.9546341377e-04 -1.6311581185e-04 -1.5717297435e-04 -8.9944496111e-06 4.9354066115e-04 -5.1120340996e-04 -7.3560673949e-04 -7.2911145414e-04 -4.1039362997e-05 7.1735248947e-04 6.8863810738e-05 -6.0105995793e-04 5.2481833464e-04 -3.5043983043e-04 -4.5126303887e-04 -3.4144033668e-04 6.9588898478e-04 1.9220760306e-04 1.9699613651e-04 -2.8997462371e-04 6.3782142006e-04 1.1720271861e-04 -2.6693707703e-04 5.2080616388e-04 -2.9645077932e-04 6.7151575186e-04 -3.8661315804e-04 2.2186542279e-05 4.6316852307e-04 8.1028078027e-06 -1.7382168284e-04
-9.4062676248e-05 -6.6416503501e-04 3.2531015601e-04 -4.7268984233e-04 -4.5443655020e-04 3.2569406514e-04 -3.7195155915e-04 1.3805026316e-04 3.3278436409e-04 -3.1639711008e-04 -3.3357009115e-05 3.5120629001e-04 1.0228374930e-03 1.6636329585e-04 3.5172414550e-04 2.1921989662e-04 -7.3082867138e-04 -1.6095172494e-04 -4.6464037467e-04 -1.1351402489e-04 -3.7360762342e-05 5.5325156076e-05 7.0779076045e-05 4.2188874050e-04 -7.5847046294e-04 -8.2164808983e-04 5.4925666941e-04 -1.1079936918e-03 -2.9137144696e-04 1.7395350908e-04 -3.9264901075e-06 6.0898518461e-04 -2.0914874153e-04 8.7202416988e-04 6.7929417498e-04 -7.8478476508e-04 -1.9236943010e-04 -7.5786090427e-04 6.2364550254e-04 -2.3937147621e-04 -1.9057451345e-04 -1.0180058831e-06 -4.2537396956e-04 -8.4681706050e-04 -3.6613861547e-04 -1.7294705798e-04 1.3086288122e-04 -4.3085559930e-04 -3.5595278286e-04 -2.0866612756e-04 -2.3589333998e-05 -1.0508217940e-04 -1.3373357272e-03 -1.2020654729e-03 -1.1734871960e-04 -5.9817514356e-04 6.5288773153e-04 -6.6435233474e-06 6.9528091667e-04 -1.9220237351e-04 6.4582493972e-04 7.4000964854e-04 -2.2406369487e-04 9.7739124686e-04 -2.5227575957e-04 -6.5500879632e-04 4.1275963463e-04 8.3631927667e-05 -2.7527914333e-04
1.4473957456e-04 -9.0295244121e-05 3.9153021269e-04 2.7401819744e-04 -2.6103143323e-04 -3.6980321227e-04 8.2687096137e-04 5.7030071729e-04 3.0288847954e-04 9.8024697545e-04 -1.2946940542e-03 7.1294869945e-04 -3.0491176767e-04 -7.0679303804e-04 5.5660129779e-04 -1.6427855652e-04 3.2603206502e-04 -8.0325762411e-05 -7.6384445054e-05 3.6294407383e-04 3.1245379155e-04 -1.9815347235e-04 7.4878944955e-05 3.6265176003e-04 2.6277267878e-04 6.0741649305e-04 -7.0448050182e-04 1.2803259784e-04 -2.8314540500e-04 9.9975967649e-04 -9.1353764253e-04 3.2168830377e-04 -1.8685983305e-04 -7.9023707573e-06 -7.7474652472e-04 -9.4225603001e-04 8.9909281812e-05 -5.1493034278e-04 -1.6074317860e-05 -5.8830364356e-04 4.9039781585e-04 2.8870758697e-05 -1.2341413396e-04 5.2959820446e-04 1.8059001598e-04 4.0658080407e-04 -2.0631759202e-04 8.4373441823e-04 5.5718731332e-04 -2.1453385049e-04 2.2401204149e-04 1.9106672291e-04 -9.9805638880e-04 1.3804184392e-04 -7.4745629879e-04 7.2183167998e-04 3.6631346901e-04 -1.4814454900e-04 -9.3015890054e-04 1.5608512745e-04 -5.9782513793e-04 6.0190402301e-04 -4.1607372242e-04 -3.6747254142e-04 -3.2514917034e-04 3.2127201199e-04 5.0384362893e-04 -1.4506363366e-04 -6.0003568223e-04
5.6584694184e-04 4.2652871172e-04 6.1052980855e-04 7.8709180705e-05 3.3753687330e-04 -6.2545706147e-05 1.0166063815e-04 -7.0683928019e-04 -5.4526496902e-04 -4.2275827561e-06 -2.7958869757e-04 6.6156166380e-05 1.7115815100e-04 -4.7055297449e-05 -4.8641409338e-04 3.0421936360e-04 -3.0266496227e-04 -2.9320320090e-04 5.4709238825e-04 -3.7279357463e-04 1.2302542893e-04 -4.2026876020e-04 7.3368862047e-04 2.4615552807e-04 3.5181502838e-04 -5.8844373477e-04 -5.7340529537e-05 7.6673212510e-05 -8.2506676339e-04 1.2715265209e-04 -9.2487703982e-05 -5.2469221032e-04 -5.9374396153e-04 8.8855902992e-04 -4.3024584844e-04 4.9859798445e-04 3.5053476740e-04 -1.9858596834e-04 6.3853592539e-04 -1.6133701058e-04 1.5565912940e-04 4.0531239020e-04 -4.7662396786e-04 -6.2456345701e-05 2.1888990216e-04 -4.7325491018e-04 3.1868180755e-04 -2.3816669352e-04 -5.9056534246e-05 -2.0755735709e-04 -3.0156372362e-05 -1.4209237421e-04 -8.5645861477e-04 -1.5397992894e-05 6.9832484791e-04 1.3349582878e-04 -2.0254265199e-04 -1.6682025140e-05 1.2476549151e-05 -5.1964212001e-05 -4.3242791209e-04 4.2973621305e-04 1.0338978097e-03 2.5221883867e-04 -3.2597211675e-04 3.2553255526e-04 -1.0538770780e-04 1.3422296887e-03 5.5422401130e-04
1.7214472604e-01 4.5668436838e-03 4.2494909942e-02 -2.7381260161e-02 4.3745396660e-02 3.6887230760e-02 4.4555161026e-03 -9.1053815733e-02 6.1592911950e-04 -3.7348163807e-02 -5.5189035071e-03 4.2053274249e-02 2.3307171684e-02 3.8830170739e-02 1.4814614049e-02 -2.6962338597e-02 4.3188092087e-02 4.5404271760e-02 2.7669478729e-02 1.2840636899e-02 -1.5121099007e-02 2.3188117011e-02 -2.8576420208e-01 5.5634364439e-02 8.6179625947e-02 -1.0954463782e-01 -4.4827270870e-02 -9.5418234636e-02 4.6533114642e-02 -2.3001701083e-02 -4.2388907926e-02 6.6967445757e-02 1.8924813638e-02 -3.0595482799e-02 -1.8979432944e-02 5.2771236131e-02 2.1287907928e-02 3.3422015591e-02 -2.4903048917e-01 -2.2376343556e-03 -5.5493383778e-02 4.6299276267e-02 -1.2203118220e-02 -1.4987992358e-01 -4.2282762445e-02 -1.3210556250e-02 -1.8821591298e-03 -2.7140457353e-03 -2.4573165947e-02 -1.8458497038e-01 -4.0849218221e-02 -5.8969459738e-02 4.6069155693e-02 -2.9709874688e-02 -2.1650292555e-02 -7.4023684897e-02 3.7822715866e-02 -6.6580835725e-03 -3.7501196172e-02 4.7506197825e-03 2.3800478643e-02 -8.4890550358e-03 -3.2899671976e-02 -2.4157471827e-02 -3.6392285266e-02 -1.7802369311e-02 -2.0513255255e-02 2.9789277402e-02 1.6179346427e-02
-2.2975640917e-04 4.8813996105e-04 -5.6882670834e-04 1.0514013163e-03 -5.3739849086e-04 -2.8763599786e-04 -8.4552940023e-05 3.5900644230e-04 -1.0260557874e-05 -8.8347538099e-05 -2.6766762076e-04 5.9106255426e-04 2.6967757417e-04 2.4475274286e-04 1.2436440404e-04 -8.6920998987e-05 -5.4575429670e-04 7.9625061574e-05 5.9392179433e-04 2.4706151314e-04 1.9425350528e-04 -3.1401026743e-04 7.4829900909e-04 -7.4369406350e-04 1.0152081334e-04 -4.8011199939e-04 1.2453857263e-04 7.3717350191e-04 -1.7093001414e-04 -6.6057863226e-04 -5.5282471609e-04 -3.3922816456e-04 1.2192260339e-04 9.0098908974e-04 -3.4087035758e-04 -1.2012200836e-03 -2.3632205063e-04 7.7393312952e-04 2.2924646279e-04 7.7816325070e-04 1.1443401235e-04 -2.0747711788e-04 1.6860261277e-04 -5.5914680419e-05 4.1400920864e-04 -1.0061390908e-03 7.1718328919e-04 -4.0154744244e-06 1.8984104586e-04 -3.7140346741e-04 -5.8667617487e-04 9.1230301930e-04 4.1735026475e-04 -5.7591431136e-04 -1.7759164275e-04 -1.0977805830e-03 5.9790237017e-04 -1.9051117957e-04 2.9943782056e-04 -7.2181049645e-04 -5.5942326157e-04 -1.2050248307e-03 4.7492326911e-05 -3.5268975994e-04 -5.2873800456e-04 4.8281289031e-04 -2.0865469722e-04 4.1117106736e-04 1.7360044342e-04
4.5839226014e-04 3.0684121778e-04 3.9132547873e-04 8.1662954637e-05 2.1053929704e-04 -4.9019711964e-04 -1.4064211406e-04 -3.5083677321e-04 -2.8119921395e-04 -2.1922715745e-04 -4.1299983651e-04 -6.9739443438e-05 4.7446402391e-04 -3.5736946457e-04 -5.0330994857e-04 -1.6250974053e-04 4.1830619690e-04 9.3562337051e-04 -4.3761229835e-04 -5.2431487066e-04 5.4563492379e-05 6.8854785465e-04 -3.0547231724e-04 4.9902395506e-05 -9.6377960840e-04 -2.9925587386e-04 5.9555150291e-04 -4.5791510486e-05 -3.6521672794e-04 -3.3631195921e-04 -2.3506932931e-04 3.5845330176e-04 -2.0225465073e-04 1.0634845218e-04 5.2796554216e-04 -4.8413551306e-04 -8.9358014010e-04 -7.8325303879e-05 -4.3951804735e-04 -1.5437470469e-04 6.9278160143e-04 -1.1826513543e-03 -5.2631730844e-04 9.2135421548e-04 1.0432213367e-04 -9.3977246021e-05 6.7700920888e-04 1.1085651307e-04 1.6601150267e-04 -1.1755606660e-04 2.4116486790e-04 -5.0727069948e-04 5.0197949539e-04 -1.5361763546e-04 2.1542340326e-04 -2.3023200588e-04 -5.3542112101e-05 8.1906011397e-04 1.8186338065e-04 1.3605100497e-04 -7.0664487298e-04 -8.2836056475e-06 4.3282209335e-04 -7.6347451942e-05 8.5002900037e-04 3.5871589874e-04 5.9138502961e-04 2.1260435710e-04 6.2277182263e-04
5.0595072718e-02 3.4412082553e-02 -1.2526018046e-02 5.5124174643e-03 4.6916202608e-02 -6.5285687400e-02 6.3312651501e-02 9.5298878937e-04 -7.3689817270e-02 8.6385571212e-02 -6.1856932353e-03 4.1787244402e-02 9.2442970191e-02 4.1467793820e-02 6.1931881050e-02 -5.5865060048e-02 4.4466228830e-02 -5.1596986939e-02 1.0468708846e-01 -8.7267867515e-02 4.2337951763e-02 -3.1268987774e-02 -1.3500856925e-02 -1.0880236874e-02 -2.3145920352e-01 9.1607882508e-03 -4.7030829307e-02 -7.0710396207e-03 -5.8602903519e-02 -2.2299226215e-02 -4.6249909081e-02 7.9890235570e-02 3.3584737123e-03 -1.8931681415e-02 2.5579452990e-02 -2.0320814850e-02 -3.0891645137e-02 3.3867745979e-02 -1.7039369298e-01 5.7700999592e-02 1.1024730016e-01 5.7993872598e-02 -7.8339647495e-02 1.5820006507e-01 4.1619555727e-02 -6.7298595503e-02 -8.5243822593e-03 -5.7278025656e-02 7.7521183529e-02 1.5004724714e-02 -3.2925513152e-02 -1.2374034005e-01 2.6727743257e-02 1.4495665629e-02 2.3144135989e-02 -1.5673757154e-02 7.4930523622e-02 -9.7159526866e-03 -3.7638472011e-02 -5.2646372120e-02 -1.1760286821e-01 -1.0206686910e-01 -8.8089566566e-02 3.6948843096e-02 -9.0024480250e-02 1.3372616076e-02 -4.7776808767e-02 4.1826845504e-02 -5.5683850934e-02
-1.2968195011e-04 4.9968939351e-04 5.4205483776e-04 -1.0023106585e-03 3.0384571022e-04 3.6712014082e-04 1.8059062310e-04 1.9551521696e-04 -3.9516775607e-04 5.6477212875e-05 -1.2293919672e-04 3.8609516115e-05 2.0855152103e-04 8.6650588890e-05 9.5076488849e-04 -3.7512716868e-04 1.1177556774e-03 -1.6157924342e-04 2.1665203308e-04 -3.8164295403e-04 -9.2144552284e-04 -4.2063389854e-04 -7.2966748398e-04 -4.4967532311e-04 4.7323916724e-04 -8.7248258739e-05 3.6580263261e-04 2.3736777532e-04 -1.3526925376e-03 6.4178529834e-04 2.6554237975e-05 -9.8450148907e-04 4.2546327908e-04 2.1786450056e-04 5.5254038080e-05 4.6734419785e-05 -4.4640702260e-05 -2.4841095543e-04 1.9671798594e-04 -4.2961462201e-04 -1.1909956299e-03 5.1003287487e-04 -8.9695985746e-04 8.5402103041e-04 -6.7616283270e-05 -1.0066022239e-03 5.2615896549e-05 -1.1956487071e-03 -4.9039455872e-05 1.3002070122e-03 -3.9451182157e-04 -1.7788983726e-05 3.2287087891e-04 5.3902821847e-04 -1.3496997275e-04 -1.7537285962e-05 1.1840571165e-04 -1.4389755384e-03 -1.8678733117e-04 -4.7989823496e-04 4.3046051050e-04 -1.6130249421e-04 -9.1992375141e-04 5.8970790210e-04 -4.5432988648e-04 -8.2273916933e-05 -7.9963539782e-04 -2.3289604935e-04 -5.3634763764e-04
3.3967510189e-04 -1.4889213483e-04 6.5849251972e-04 -4.1050149651e-04 2.4695693768e-04 -3.1671286620e-04 6.6764692906e-04 -7.5226776648e-05 -4.5680826083e-04 3.4122413366e-05 -4.5399537835e-04 -4.3420657934e-05 -2.1019733652e-04 -1.4729116548e-04 5.0993169485e-04 3.2960321745e-04 4.3483782476e-05 -6.3857565648e-04 -5.5485662345e-04 -2.3560432268e-04 5.1042451185e-04 7.0233723409e-05 -1.2507811087e-04 -7.5713936742e-04 -6.5455041957e-04 -5.4668662443e-04 -2.8214149640e-04 -1.0715878310e-04 -4.0615460008e-04 -5.9162668886e-04 -2.7243655164e-04 3.4547764231e-04 3.3661827990e-04 2.3078296161e-04 7.1712477621e-04 -2.5566623311e-04 -1.1486685533e-04 -1.2475583919e-04 -1.0320198916e-03 -7.5512208241e-04 9.9651308625e-05 1.2978007580e-04 5.6031003782e-04 -5.1334733159e-05 -8.8080499266e-04 1.3457845154e-04 -2.2808759968e-04 -3.4991259534e-05 2.0675439171e-04 -3.9570998439e-04 -1.7620323347e-04 2.7431811636e-04 -5.2819765382e-04 -3.0233873212e-05 6.6560913794e-04 2.3761112101e-04 -5.6550811139e-04 3.8060717329e-05 4.6016124141e-04 8.3864314442e-04 -1.0297983587e-04 -6.4238815171e-04 1.2078137309e-04 -2.2336101961e-04 2.3246477781e-04 -8.5526380218e-07 5.3819815980e-04 -4.8776749503e-04 1.2893537491e-04
-1.0198119440e-01 4.3531695847e-02 1.3453988105e-01 -1.3395619812e-02 6.7830293419e-02 -1.7037974329e-02 4.9682664458e-02 3.9186679543e-02 -1.0662145119e-02 3.9621544331e-02 -7.7666183122e-03 6.9256842587e-02 -1.2597432817e-01 -3.4344044316e-02 3.8836098770e-02 -2.3592580083e-02 -7.1573460206e-02 9.9541450313e-02 -1.1394835203e-02 -2.2878545136e-02 8.5496829449e-03 -4.2196469112e-02 1.2149277015e-01 7.3169724326e-02 2.4654255715e-03 -4.7514329081e-02 -7.0260742464e-02 2.1089439604e-02 -3.4416208914e-02 2.9290882243e-02 -6.7428630257e-02 2.0262169155e-01 5.5762436153e-02 -1.4452144986e-03 7.9860829424e-03 -2.0057925051e-02 1.8135544307e-02 -5.6687587908e-02 1.1300667374e-01 -1.4671150634e-02 -2.5444589432e-02 8.2409944919e-02 1.7189382653e-03 -1.0073535105e-01 1.4223566818e-02 1.9580362960e-01 4.2776047604e-02 1.3850740149e-02 1.5469094308e-04 -2.0575153780e-02 -2.1123467970e-02 3.6574403291e-02 -4.2066014893e-02 3.0484617759e-02 3.3841243369e-02 -3.8652879711e-03 2.5430197513e-02 -2.4658725126e-02 7.0099858501e-02 1.3085705773e-03 -1.2303788452e-03 5.7238156716e-02 -6.6969753141e-03 8.5775936865e-02 2.4270021971e-02 1.5973651802e-02 1.0532241496e-01 -3.2764030104e-02 9.6608130778e-02
2.7840598672e-01 -1.0205434559e-03 -1.4520342909e-01 -1.0464443154e-02 2.1627374358e-02 -8.8179265891e-02 2.5024245662e-02 -5.7596743643e-02 4.8470990492e-02 -1.2069822420e-01 -4.3009801407e-02 2.0649930698e-02 -2.8378054827e-02 1.4868483858e-02 2.3835879343e-02 -1.1027125966e-01 4.4925476049e-03 -2.7119575273e-02 -1.2377132212e-02 2.9242957200e-02 3.2707193701e-01 -7.0277200614e-03 -8.2098829486e-03 7.5217374811e-02 1.2730835994e-01 -3.4848230358e-02 -2.6769940397e-02 5.4746478469e-02 9.8769406670e-03 -6.1568615753e-02 -2.2015618452e-02 7.9296093179e-02 -2.3307638195e-02 1.2577657854e-03 -5.8978966329e-02 2.6645476243e-01 -8.6716614502e-03 7.0660527768e-02 -1.3153175085e-01 -7.6283837521e-02 3.4449860084e-02 2.2851324822e-02 3.1175977734e-01 -1.3680253975e-02 3.9800373581e-02 -5.2933102569e-02 -5.2612785078e-02 -4.2673151195e-02 -2.7673503295e-02 1.9590876352e-02 -4.8603201397e-02 7.9437616989e-02 -1.4949264743e-02 1.9380230554e-02 2.8591771438e-02 7.2482487402e-02 -1.0605995511e-03 6.8698098802e-03 4.1842900716e-02 -3.8235655212e-02 -1.3925112731e-01 -1.3378510691e-01 7.4805285152e-02 -5.9969553217e-02 -4.4403397454e-02 -4.3740308682e-02 -1.9373055228e-01 -4.7440250620e-03 7.2579206384e-03
-2.6216259588e-01 1.6060977437e-03 -5.3620510096e-02 -2.1225631099e-02 6.4853734093e-02 -1.1702798099e-02 -2.6838698400e-02 -3.2409990573e-03 -4.6409967245e-02 1.3842456442e-02 7.4572820444e-02 6.6809854623e-02 -3.0534510920e-02 4.2164701542e-03 5.7993703640e-02 -3.6327308677e-02 -1.9990413980e-02 -5.3145412006e-02 -6.1590135786e-02 1.6487149194e-03 -8.4614389072e-02 -5.5029241675e-02 -7.1909461674e-02 -7.2881514340e-03 -1.0515463567e-01 -4.2345883157e-02 -6.8228932596e-02 -3.4327257515e-02 -2.7456861187e-03 3.2863135894e-02 -6.7875006748e-02 -2.4040764677e-02 8.2259210560e-02 4.2654381904e-02 1.3147122363e-02 -7.0150882799e-02 8.4411266609e-02 -1.0801574407e-01 4.1791998137e-02 3.2905957740e-03 1.9578252856e-02 3.9506636522e-04 -4.3295549020e-02 -1.2588226545e-01 7.4759839803e-03 -1.5887224586e-02 3.4286562529e-03 2.2526420376e-02 8.2010820348e-02 1.9756740109e-01 -1.9462714754e-02 -1.5609729851e-02 5.2993553036e-02 1.7136177826e-01 -4.4011396587e-02 -3.0304379949e-03 5.7171934478e-03 1.6910955929e-02 -6.6957249590e-02 -5.9540195726e-02 -2.3463652125e-02 6.2291751574e-02 3.4473781097e-02 4.4353150625e-02 4.2665451244e-02 -8.2444916149e-02 5.5838719749e-02 -7.1810996025e-02 -3.4142860381e-02
-1.1162154878e-01 2.7402867785e-02 7.0068489977e-02 8.4059091862e-02 6.5193391781e-02 -3.1868898396e-02 -7.6948130882e-02 -7.3053369849e-02 3.6289009681e-02 -2.5439103112e-02 -1.0089544454e-01 6.7073853432e-02 1.9053621837e-02 6.1572837331e-02 1.5696563322e-02 1.1160243785e-02 2.0266385283e-02 -1.8518855769e-03 8.7795662444e-02 -9.9901499856e-02 1.1922640268e-02 2.3695517228e-03 -5.9222762379e-02 2.6149072946e-02 5.0153484652e-02 -1.4764042638e-02 -6.8413589241e-02 3.4957459133e-02 -1.7082811707e-02 -5.4556268890e-04 -6.7972867164e-02 -1.3769604910e-01 2.7704448848e-02 1.6354948002e-02 4.4263036582e-02 -1.7248469210e-01 9.6392789867e-03 1.0011103379e-02 -8.2148515509e-02 3.2990911813e-02 2.4295766297e-03 -3.6041632475e-02 -4.9942726181e-02 -3.2552884065e-02 9.0984326455e-02 1.4356726104e-01 1.5028710160e-02 -2.2586971164e-02 -1.6538975746e-02 -7.2951265953e-02 -6.1568620296e-02 7.6147936494e-02 2.7638568122e-03 -7.3791147324e-03 9.6868129887e-03 9.8901223478e-02 -3.8710309087e-02 -2.3888186019e-02 -7.2223478501e-02 3.1218689630e-02 5.1039504435e-02 7.0434239079e-02 -2.5845963867e-02 3.2008517674e-02 -2.4848714200e-02 -4.2398469521e-02 1.9944030669e-01 -1.0595833996e-01 8.2243893605e-02
5.8289957843e-03 2.7533817212e-02 5.3436824511e-02 2.6618487320e-02 8.8141724422e-02 -1.5192533580e-02 2.9848148987e-02 1.0438785034e-01 7.2023797600e-03 -3.7260513135e-02 7.9709253481e-02 8.7751585511e-02 7.1472566391e-02 3.5644342265e-02 -3.6215671192e-02 1.7066398971e-02 1.0962388149e-01 -7.4921978277e-03 -2.4785779799e-02 -3.5575721338e-03 -1.6615039173e-03 -6.8307186538e-02 -3.3505155162e-02 9.6906507595e-03 -3.5139663931e-02 8.9750958843e-02 -9.0691055657e-02 8.0394646559e-02 2.0602901546e-02 4.5780454688e-02 -8.9259351829e-02 -7.5360805169e-03 -2.1149750498e-01 -4.1424242790e-02 -2.3895604838e-03 5.8924361721e-03 4.5770900710e-02 -3.5961285955e-02 5.1836511888e-02 6.4737277747e-02 -3.5656995391e-02 2.6697375142e-02 -4.4954461029e-02 -5.6295375382e-02 -2.5812555405e-02 1.1833768386e-01 -1.0489563282e-02 3.4024196372e-02 1.6762073721e-02 -1.9340090948e-02 5.5858117624e-02 1.9529216328e-02 -1.0740891618e-01 -8.5876415357e-02 3.7463372907e-02 -1.3580672369e-03 4.4670506434e-02 7.6397025227e-02 3.1015199947e-02 5.4709737773e-02 -8.2168433444e-02 4.8563892460e-02 7.3311024121e-02 -3.2659066206e-03 -3.0900187064e-02 -6.0815943700e-02 1.9647717940e-02 -3.8659301116e-02 3.1493078183e-02
-8.7064153083e-02 8.3031544641e-03 -2.3624940697e-02 -3.9509611706e-02 7.0527672687e-02 -3.1731744211e-02 -4.4934333297e-02 3.9082455639e-02 3.6114215242e-02 -4.1638945006e-02 1.9609717776e-02 6.3668860210e-02 -3.1666989986e-02 -2.8535363067e-02 -3.1504399264e-02 3.0772898055e-02 4.7167323842e-02 6.6461168867e-02 2.3529477114e-02 1.1526605157e-01 -6.6604467189e-03 2.2873877527e-02 3.1090050534e-02 1.5766189099e-02 9.9752545205e-02 -5.4805065408e-02 -7.6263726201e-02 3.9043696577e-02 -4.6396927774e-02 -9.3317629039e-03 -7.9491295294e-02 6.4859873537e-02 -1.1592194244e-02 -1.7882353600e-02 9.7218470889e-02 3.6151594579e-02 7.3738778698e-02 -8.9966515788e-02 4.9691180668e-02 3.3594550706e-02 7.0959570252e-02 1.9926059224e-02 6.0258242085e-03 3.2367758740e-01 1.4291739950e-01 4.9683307027e-02 -3.0716980414e-02 -3.3247863211e-02 5.6855677107e-02 -2.4939944062e-02 1.4431534490e-02 -3.1560086561e-02 -2.9564740000e-03 5.3653083199e-02 -4.7034946739e-02 -9.4916176564e-03 6.6379388838e-03 -3.7536523603e-02 2.0807242287e-02 -3.0211673955e-02 -4.7285522629e-03 3.3696068423e-02 1.5328313099e-02 -3.3087216524e-02 -5.3606019984e-03 -6.0625054929e-02 -1.1932709930e-01 6.1361007220e-02 -1.1630285722e-02
7.5808022417e-04 -3.9582230114e-04 1.7767926033e-04 2.1583566933e-05 1.0401626798e-03 4.3507956928e-05 8.1431489600e-05 1.3814979426e-04 -1.8794700831e-04 -4.9076479167e-04 -4.7507898945e-06 5.0898682336e-04 -4.9361846696e-05 3.9957011413e-04 9.3379518981e-05 5.8180672056e-04 7.4942392401e-04 -2.6481283854e-04 1.2740386783e-04 1.2957216506e-04 1.1248849956e-04 5.9565055009e-05 4.4531334901e-04 5.1330219980e-04 -1.7293209570e-04 2.3158568207e-04 -8.4079931928e-05 -1.6225385921e-04 3.7600314896e-04 -5.1392014993e-04 -1.7901405612e-04 -8.2489752100e-05 -1.6569412015e-04 -1.6160588752e-04 3.2329102452e-04 -7.8910850108e-04 -4.4343295721e-04 8.8887760722e-04 -6.2994788277e-04 -1.7814580384e-04 3.1473442591e-04 -7.9964982266e-04 -1.2965621970e-04 3.9471448475e-04 6.8487565620e-04 2.2845264518e-04 -8.5883904739e-04 4.9573701678e-04 -2.2512971882e-04 -2.9885115427e-04 -3.3668723506e-04 -2.5127789211e-04 6.0890653854e-04 -3.6591110385e-04 -3.5813134119e-04 -5.5304467842e-05 8.3334499926e-04 -5.5598809797e-04 6.6530944375e-04 3.2591656856e-04 2.3037866519e-04 1.1062162032e-03 -1.5713597791e-04 -3.1295091644e-04 1.9779204021e-04 -9.3039395322e-05 4.5841686629e-04 -5.6775788186e-06 4.8881598048e-04
6.9227519446e-02 4.5040734952e-02 7.5815860990e-02 2.0033179198e-02 6.8361954162e-02 -2.3388452319e-02 1.8022664311e-02 1.2835856134e-01 3.3698664454e-02 1.7994050460e-02 1.1432331059e-02 6.8049053440e-02 6.7053685402e-02 7.8561765493e-02 4.1620760207e-02 -4.5754446316e-03 -3.7510798834e-02 -9.3041088630e-02 3.2447164930e-02 -1.7613495139e-02 -8.2788842201e-02 8.2213766985e-02 8.4935873924e-02 -6.7603765267e-02 -2.6564494239e-01 1.0853109240e-01 -7.0786262988e-02 -1.3208214424e-02 -3.5419686735e-02 1.8094547434e-02 -6.9665491248e-02 -5.5640279102e-02 -9.1589440351e-03 -9.6138460228e-03 -6.8796822775e-02 -6.9104610959e-02 -2.3395664992e-02 -1.5469188192e-03 4.6729981534e-02 -1.7035885405e-02 9.4425419084e-03 1.0577567174e-02 -5.9989259828e-02 5.6661049731e-02 -3.7802465436e-02 4.0654787101e-02 -1.9831345306e-02 -4.8629842823e-03 -5.1216428686e-02 3.9605134914e-02 -4.8796004105e-02 -3.9490772116e-02 -1.0683536366e-02 -2.5130290802e-02 -1.0249834182e-02 7.1548655322e-02 -2.0892517865e-02 -3.9981385129e-02 7.5579088899e-02 1.1911397371e-02 7.4093880086e-02 -2.5810346666e-02 1.3356973028e-01 2.6439315843e-02 7.5927532684e-02 -7.5205723277e-02 -7.9094083536e-02 1.5162667935e-02 -2.1172390383e-02
2.2130600952e-02 9.3325630598e-02 -3.5213326197e-02 3.8059183871e-02 1.0207788626e-01 6.1685526714e-03 -3.7905502208e-02 -1.6856652527e-02 -3.0942226880e-02 4.4286783992e-02 -4.8839326082e-02 1.0255307810e-01 6.0484344792e-02 2.2729243400e-02 5.7835193680e-02 1.0177886418e-01 5.5963368148e-03 1.2402325090e-02 -6.0703971739e-02 -7.7722832539e-03 4.1543179719e-02 6.0790232155e-02 -2.7961600465e-02 -6.3233758301e-02 4.4135481775e-02 -1.0102208335e-01 -1.0472742582e-01 -2.0147499248e-02 8.4480732857e-02 -7.1584437799e-02 -1.0018074983e-01 1.9320338068e-02 1.5769244979e-01 -4.9149408061e-02 -5.6580026392e-02 -8.5325819396e-02 8.6613798974e-04 -1.4283678117e-01 1.5496599378e-02 3.4944311264e-02 6.3410000485e-02 -1.9205377120e-02 3.7344520732e-02 -6.6307420355e-02 3.3027987192e-02 -1.1207367084e-01 2.9795999897e-03 3.6402718234e-02 5.6084075213e-02 5.2402895900e-02 9.3550999724e-02 7.8180467722e-02 -3.6254551918e-02 -3.2262138883e-02 -2.2264625439e-03 -5.9806025566e-02 1.0183742890e-01 -1.2455793138e-01 1.8893931618e-02 4.0427540546e-02 1.7659838419e-03 -7.3305815345e-03 1.5560391729e-02 4.5550585640e-02 2.8202756771e-03 -3.3857273904e-02 -6.9288033170e-02 9.2264844219e-03 4.9790166138e-02
-4.9376476502e-01 -7.2942320277e-02 2.0580853016e-02 -4.2107471723e-02 1.6734866617e-02 -1.4886745851e-03 4.6225423099e-03 -4.3431261099e-02 2.5698049909e-02 8.7569747766e-02 -1.2036585331e-01 1.4582627786e-02 2.2268448153e-02 8.7500442824e-03 -2.0724566973e-03 -1.7258667973e-01 3.2615773657e-02 4.7619313595e-02 -5.3974334219e-02 -3.5410344008e-02 -1.2177352184e-01 -2.2407577137e-02 2.1208695297e-02 -2.9018766125e-02 1.9287552217e-01 4.1100052191e-01 -1.6594575203e-02 5.4526179551e-02 -1.0096218343e-01 1.0692296428e-02 -1.7454332631e-02 -1.1486239026e-03 9.6161541453e-02 -2.1238244470e-02 -5.3880841679e-02 -7.6478496908e-02 -2.3891763411e-02 8.9400348846e-03 -1.0688158742e-01 -1.8188403706e-02 3.1925739738e-02 -7.7970638117e-02 -1.9181633358e-02 -5.3074904748e-03 -2.4928692018e-02 1.5273150109e-01 1.8553175224e-02 3.1506653672e-02 3.8165920630e-02 -8.4899033389e-02 3.6027160221e-02 -5.2214118969e-02 1.0400717861e-02 -4.4611817558e-02 -2.5408645265e-02 5.8320110067e-02 -2.5989723059e-02 3.0749058334e-02 8.3479138460e-02 5.8175366380e-02 -4.2772736723e-02 5.8481908314e-02 9.0930118774e-03 -1.6251624235e-01 2.2879132232e-03 4.0139282094e-02 -2.5751348288e-02 -1.5498047983e-02 6.2302635591e-03
6.9517061564e-04 -1.5242935435e-04 5.7565102942e-04 -6.3647329341e-04 -2.8744410416e-04 4.6591533200e-04 2.8031456735e-04 -1.1952014158e-03 -4.6482129417e-04 -1.8868402268e-04 3.5948780221e-04 1.8498858672e-05 -5.3942335076e-04 5.1752556417e-04 2.7010053150e-04 1.4811020419e-05 5.8726354786e-04 3.7128839417e-04 -1.0907416511e-03 2.0030555996e-04 3.1692936999e-04 7.7232219978e-04 3.1529717578e-04 -7.1055613514e-04 -2.6592151624e-04 1.3651939897e-04 2.0533193010e-04 3.2074836495e-05 -3.4195541748e-04 -1.2887049737e-04 -3.8889779472e-04 -5.7547996736e-04 -2.6444933813e-04 1.7238207959e-04 1.2959333039e-04 -2.9432750276e-04 7.1896064888e-06 5.3004401617e-04 1.1242654925e-04 5.4632198965e-05 -3.2301592869e-04 -8.0098329812e-04 -2.9154424964e-04 2.4024205082e-04 3.3704212036e-04 4.3196070923e-04 3.3095565856e-04 1.1534823376e-04 -2.9170548582e-04 -5.4179474622e-04 -3.3742762930e-04 1.0426699712e-04 6.8489344404e-04 -3.2199979258e-04 -3.3405771185e-04 6.2675568336e-04 2.9772336296e-04 -1.9777900521e-04 -3.7588678789e-04 -2.6322649068e-04 1.3766927884e-04 4.8801086865e-04 1.2914054399e-04 2.7261542048e-04 2.8436051067e-04 -1.6216563239e-04 3.3171035025e-04 2.2357667960e-04 2.1535360197e-04
-4.9279644687e-04 1.2485615385e-03 1.0858438192e-04 -1.4606519598e-04 7.4851923073e-05 2.5950694748e-04 -4.4784149328e-04 2.8343004770e-04 6.8711967314e-05 3.1500729465e-04 -7.7928980342e-04 -1.1941275985e-04 6.9914505697e-04 8.7307500935e-05 -3.1986188507e-04 -2.4340044476e-04 -1.8572728536e-04 -2.8442477304e-04 -2.9641992201e-04 -5.3655228894e-04 -8.8228854007e-04 1.2715033444e-04 6.4873549250e-04 -1.2674069666e-04 -3.2891324305e-04 -7.9478878835e-04 -1.7044452111e-04 -3.2404135278e-04 1.7584423176e-04 -5.3024849355e-04 -5.4615290281e-04 -1.0511449535e-03 4.4389019883e-04 1.7940979773e-04 3.3654528613e-04 5.5681367153e-04 -7.9066983633e-04 3.2861520335e-04 4.1879730199e-04 -3.6855123948e-04 5.5698925930e-04 9.4614598422e-05 -5.5966035591e-04 -1.0297182740e-03 -2.0351737622e-04 -2.6924391513e-04 -1.0698518225e-04 2.1177678330e-04 1.6198715638e-04 -1.4765712897e-03 3.4885764778e-04 -7.2441495648e-04 7.4754131187e-04 -3.4786770670e-05 -7.9824254352e-04 -2.5784698268e-04 -1.2730741889e-04 -6.9454047434e-04 8.5456775719e-04 7.2935262793e-04 -1.8775475732e-04 1.9725607319e-04 1.3861861665e-04 2.7556303645e-05 -5.4347492850e-05 1.5299381062e-04 7.3094079742e-05 -3.9452884719e-04 -4.3790711545e-04
1.9440952542e-01 2.2663761764e-02 1.2948221274e-01 -5.9979879768e-02 4.0780870551e-02 -1.7501050996e-01 1.4663088660e-02 -1.6715994783e-02 7.2702554167e-03 3.4894780204e-02 -7.6180836724e-03 3.6841732732e-02 5.7437943716e-02 1.1132863394e-02 -1.8481892037e-02 -5.1321837170e-03 3.0409428433e-03 1.0526147653e-02 9.2514890786e-04 5.7250610974e-04 4.9925530098e-02 2.1723838544e-02 2.8330522089e-02 5.5837949326e-02 1.7495064654e-01 1.0657103796e-01 -4.4518170209e-02 7.5329551734e-02 -8.0077231615e-03 3.2938059148e-02 -4.0830357774e-02 -1.7351316354e-02 9.8249489009e-02 1.4723224380e-02 -1.1474816684e-02 -2.6934139161e-01 -2.9661152389e-02 -3.8898067694e-02 -6.1999388572e-02 1.4126211172e-02 2.7122724254e-02 -2.3149566521e-03 1.2051236786e-01 2.8137890889e-02 3.1952283655e-03 1.4998163256e-01 4.4521828976e-02 -2.7300082137e-02 -5.1383351182e-02 -5.2769288668e-01 1.8575273259e-02 4.3168164042e-02 -3.0464802313e-02 7.7995494373e-03 3.8524651648e-02 9.0628123611e-03 -2.9269609902e-03 7.8747264351e-03 -3.2343455318e-02 -1.1071255828e-02 -4.1471636205e-02 -2.1555550067e-02 4.3174743207e-03 -4.1461128193e-02 -1.4826074067e-02 -2.3780912836e-02 -9.6299610310e-02 9.5743133898e-03 3.9984730892e-02
9.0070527916e-02 3.7181392523e-02 9.3188250422e-02 9.1561316974e-02 6.8938372952e-02 1.1895957628e-02 -1.6443690095e-02 -2.4409606471e-02 3.8726022476e-03 -1.1084963863e-01 4.4610344589e-03 6.6933559483e-02 6.8622463760e-02 -6.0132573027e-02 -3.1072242403e-05 1.5015703471e-02 4.1734183444e-03 -1.5454704697e-02 -1.4043906536e-01 1.5491231813e-02 3.6998557092e-03 1.1021162784e-02 1.5328176631e-02 -6.3764904423e-03 6.9649332388e-02 2.7698878253e-02 -7.0596486388e-02 5.6517838184e-02 -1.0171011250e-01 3.1962452043e-02 -6.9108609921e-02 -4.6743004713e-02 -1.2298015116e-01 2.5829131173e-02 3.4567576957e-03 -8.7370680348e-02 -7.4302745888e-02 2.3071553744e-02 9.8998069157e-02 -3.1955727080e-02 7.9812634606e-02 -2.9592723925e-02 8.8710856560e-03 -3.8975211825e-02 -1.3622459682e-02 2.3082556247e-01 5.6394602566e-02 -7.0518518653e-02 -8.9590402223e-02 -7.3481957562e-03 1.2310858160e-02 -5.4958343616e-02 2.1794983756e-02 -6.7897345585e-03 -2.9803336146e-02 3.1924034929e-02 3.2663525942e-02 -2.2178537084e-02 -3.2132342949e-02 -7.0507941765e-03 -3.4233187449e-02 1.2296481662e-02 7.2610750010e-03 5.2780281689e-02 -5.6842566439e-02 3.7914629316e-02 -8.0461558089e-03 1.5840876895e-02 -5.1497878834e-02
-2.6468505776e-01 3.8513287255e-02 -3.8325363612e-02 9.2110736318e-02 2.8005450912e-03 -4.7516034847e-02 -2.9944557273e-02 5.5871576709e-02 -7.8076106153e-02 2.6433776496e-01 9.2360540984e-02 4.1237988474e-03 1.1212818072e-01 -5.7039412891e-02 -4.1669054648e-03 -5.1342159481e-03 3.2731926431e-02 5.7785314927e-02 1.7256701683e-01 1.6465145519e-01 -1.1469481569e-01 -4.0169278819e-03 5.6408985733e-02 3.7834715281e-03 4.4702310779e-01 1.3333366731e-01 -3.9027239428e-03 -6.4957447419e-02 -1.5584709497e-02 6.7496646360e-02 -3.8472144675e-03 1.4286092189e-01 4.0732627783e-01 5.7342683420e-02 -1.8067450888e-02 2.2751149235e-01 -3.3778750614e-02 -1.1615216138e-01 7.0112721601e-02 -1.5091566531e-01 9.4160269946e-03 -1.0345717432e-02 6.6506292182e-02 -1.0333749852e-01 7.9297121868e-02 1.9800802723e-01 -6.8256140395e-02 -7.5407104908e-03 -2.5587901163e-03 -1.5840460767e-01 5.5805679236e-02 3.0370423204e-02 3.5849250598e-03 2.9442776304e-02 6.5894453225e-02 -1.8344404837e-01 -1.4980262046e-01 -3.0853827962e-02 -3.7334053155e-02 -1.4559533779e-01 -1.0651640022e-01 3.6208719417e-02 1.8257292725e-02 -1.6625011802e-02 4.1364928820e-02 9.3493708096e-02 3.1202213822e-01 6.2350686722e-02 2.6779871559e-02
1.1125888679e-01 4.0163619815e-03 2.5404443801e-03 -3.1879042539e-02 2.1682146122e-02 9.5048574051e-02 3.0727798622e-02 3.3205907763e-02 2.0111253910e-02 8.0790492013e-02 -4.4489705866e-02 1.7751843181e-02 -9.0840213266e-02 4.0810801784e-02 4.2993230103e-02 -4.3904659367e-02 3.6611578175e-02 -3.0680284062e-02 5.4343370489e-02 -5.9664989951e-02 -2.9744252122e-02 4.0589042070e-02 1.2071476366e-02 6.3233822144e-02 2.7707923948e-01 2.0508165505e-03 -2.3115537846e-02 -1.8064756646e-02 7.1367921671e-02 4.0993081094e-02 -2.0921242875e-02 4.4621098294e-02 -2.2405544626e-01 -2.4192745836e-02 -6.1739467705e-03 -8.7391894921e-02 -6.2229098755e-03 1.9916495209e-02 -1.6821692773e-01 1.1668399092e-01 4.6768362920e-02 4.4061952378e-02 -4.4830492382e-02 -8.9429507426e-02 1.8830999508e-02 -1.3858301569e-02 1.8315777020e-01 -5.9826310005e-03 -4.4443023211e-02 4.8076329278e-02 -3.6369103656e-03 -7.8583974140e-02 -1.4520131401e-01 -8.7874024914e-02 1.8808509954e-02 -4.8606410473e-02 4.4539013379e-02 2.4800975792e-04 3.5997447294e-02 -7.9676366301e-02 -9.7472453903e-02 -1.6207559170e-01 1.5439938221e-01 -5.9204376216e-02 -1.5255191123e-02 -4.4786759886e-03 -1.4982672909e-01 -4.0417708055e-03 7.9514577308e-03
2.8679579994e-04 -5.6073953628e-04 -4.3617652396e-04 -4.5139169190e-04 8.0752050897e-04 -2.7836887580e-04 4.1917314275e-04 2.6191356885e-04 -9.2875632581e-05 1.4510353609e-04 -7.8429805061e-04 3.8761063143e-04 1.9059432063e-04 2.9391290053e-04 -9.6132626168e-04 1.7745509083e-04 1.2655760479e-04 -5.5920434249e-04 3.8894260455e-04 -5.6353512928e-04 1.1738711580e-04 -8.4676667657e-04 -7.3339527195e-04 3.2965776747e-04 -7.9087732786e-04 6.4542059081e-04 -3.3179413611e-04 8.6003414852e-04 -3.5525753075e-04 1.5468226100e-04 -8.0997257937e-04 -2.8528029027e-04 -1.8910678763e-04 -1.6483939077e-04 3.9456362132e-04 1.5145173230e-05 1.8963919705e-04 -4.6041198821e-04 3.6309621582e-04 -5.4260121809e-04 -4.9901698871e-04 3.8118531203e-04 -5.4657195588e-04 -4.0244545900e-04 -1.8851654604e-04 3.8766302837e-04 -3.7722224654e-04 2.0918719324e-04 1.9221860288e-04 -2.9641821612e-04 3.5892322071e-04 -9.9316105620e-04 5.0240547499e-04 1.1702206218e-04 -1.8933201165e-04 3.8112435072e-04 2.6706659258e-04 -5.1071414021e-04 -3.1452804688e-04 2.4933062560e-04 -4.6011466074e-04 1.5565679751e-04 -4.7160708477e-04 -3.3963127909e-04 1.5799118873e-04 -1.8678850206e-04 -5.6561332754e-05 -5.5284920748e-04 -8.3634367313e-06
-6.5253302547e-04 -3.2944876849e-05 2.2604133090e-04 -6.5559410374e-04 5.0522235398e-04 1.3261023807e-04 5.7424837696e-04 5.9189329214e-04 -2.0546211846e-04 -5.4937916569e-05 -3.0452463632e-04 3.8494707353e-04 1.0757761231e-04 -1.6902199965e-04 1.9209637171e-04 -7.4062337152e-05 5.4768676558e-04 -2.7813463501e-04 1.5466755943e-04 -3.0272214271e-04 3.1085535167e-04 4.8191927770e-05 4.8163004147e-05 -5.5067030474e-07 -2.3593476348e-05 3.1384877603e-04 -6.4451853853e-04 -6.5173164840e-04 8.4816293430e-06 7.5544281114e-04 -1.4312628369e-04 4.7768801298e-04 -6.7507894669e-04 4.0338117656e-04 -2.6606965635e-05 -3.8010146701e-04 5.2863076430e-04 -1.4602202716e-03 -3.9099159729e-04 -7.0330983364e-04 4.0614193185e-04 4.2023210074e-04 1.7237145566e-04 4.8772462845e-04 -2.2830700149e-04 4.5725258396e-04 6.3662722740e-04 5.6279556088e-04 1.3571728346e-04 4.2083537548e-04 -9.8859576130e-05 -3.6565499329e-04 -3.8676910064e-04 2.0606621208e-04 3.9936581691e-04 7.7050593482e-04 -6.9222585654e-04 -2.8929335010e-04 3.9983428140e-05 8.9170487696e-04 -3.7587888403e-04 -8.0286190683e-04 2.3158701727e-04 3.6241693486e-04 4.2824697299e-04 -7.7657462932e-05 1.0602468249e-04 -2.4390657375e-04 -6.8588845969e-04
-2.1079924280e-01 -2.5553955706e-02 2.0022610768e-02 -2.9304876599e-02 5.3936986619e-02 -4.7443692616e-02 4.2252392794e-02 -1.6221283348e-02 -2.1422860133e-01 -1.7778489727e-02 -5.4534187790e-02 5.3675086762e-02 4.2109724512e-02 4.7336652280e-02 -2.3680211824e-02 5.9106912035e-04 1.4432253652e-02 -2.1498886389e-01 -5.2706804750e-03 5.8112956924e-02 7.4448243345e-02 -9.0387961174e-02 1.5805755362e-02 -3.1995869231e-02 -9.8422106817e-02 -6.3351972530e-02 -5.4190147809e-02 -5.8750888480e-02 -2.7574186665e-02 5.5237789230e-02 -5.1328037046e-02 -9.7996277065e-02 8.8421988193e-02 1.0836777564e-02 -2.2491744346e-02 -1.4116188562e-01 7.4190749486e-03 9.3283854028e-03 -6.7586202732e-02 1.9210091291e-02 -4.8541168046e-02 4.7226311462e-02 3.8271975035e-03 -2.6562782830e-01 5.7620600319e-02 -1.1359782835e-02 -1.5250006303e-02 -2.7473574133e-02 -3.4712916770e-03 -4.3472178166e-03 8.2053475742e-02 -7.0297277089e-02 2.8488942235e-03 3.2924847315e-02 1.0176152334e-02 1.6974780769e-02 5.1477248783e-02 1.7625328873e-02 1.2662470999e-02 3.4514125705e-02 1.0572882414e-02 3.6544737764e-03 3.7264989547e-02 4.9076113110e-02 2.5670105767e-02 2.0092252215e-02 -3.1509162653e-02 3.4203704366e-02 8.9445509330e-02
4.3804436278e-02 8.8345217021e-02 8.6636800021e-02 8.7459774161e-02 4.6852881458e-03 8.9081522135e-02 -1.0203029697e-01 1.4992695863e-01 3.5114821582e-02 2.2823422283e-01 5.1662937404e-02 4.0229859979e-03 1.4328621017e-01 -1.4264105477e-02 3.9604788279e-02 1.1078364942e-01 -9.2214278523e-02 9.6953218529e-03 5.6348355600e-02 7.1553754167e-03 2.8399355173e-02 -1.1673696747e-01 -8.3557537469e-02 1.0098783476e-01 3.5389932540e-02 8.8919179137e-02 -4.5454645487e-03 -1.5940806714e-02 -1.7539888425e-01 1.0559307550e-01 -3.4884288774e-03 5.7197287172e-02 1.2987963697e-02 -4.2934226667e-02 -9.1606368645e-03 6.7572135632e-01 -2.4194521888e-03 -5.7741961551e-01 9.6987134137e-01 -1.3353432219e-02 1.2065668786e-01 1.0780373792e-02 1.9262845925e-02 -5.5892073958e-02 -2.7642554098e-02 -4.1101638937e-02 7.8393843069e-02 -5.5030846468e-02 2.9955803521e-04 -1.2767331333e-01 8.3811436464e-02 5.3743757118e-02 1.0111555839e-02 -1.0279430256e-01 -2.1621746994e-01 -6.1865218575e-02 -3.8731804176e-02 7.8895697137e-05 4.5619571551e-02 -1.4836461543e-01 6.5879324720e-03 5.0738539944e-02 -5.2000803018e-02 1.8352197684e-02 -1.1607533565e-01 7.5397200889e-03 2.1432548374e-01 7.3950966173e-01 -1.0450906165e-03
-2.9132505840e-04 2.3593976065e-04 -4.0384117262e-04 4.3206098885e-04 3.9237975494e-04 -6.2035452965e-04 -4.7665063424e-04 1.9904026070e-04 7.3725459653e-05 -5.8309344139e-04 -1.2806045446e-03 2.8869653155e-04 -1.7057833540e-04 -2.2206821075e-04 -1.2858128545e-04 -6.4232715314e-04 2.4606760666e-04 -1.4913242599e-04 -6.9922317837e-04 3.9151121901e-04 1.1156256834e-04 6.1422483092e-05 -4.6854904444e-04 3.3772364419e-04 -8.1166283178e-04 1.0894757534e-04 7.2822595018e-04 4.9310301036e-04 -2.3364869901e-04 3.8175734537e-04 3.8850797297e-05 -4.5001223944e-04 1.6371146592e-04 4.1844939308e-05 3.1727784174e-04 -1.2185073079e-04 -4.1715835718e-04 -9.0365614112e-04 -8.3762970402e-04 4.8137814581e-05 -2.4735910690e-04 -3.8735513706e-04 7.0378087787e-05 -1.8669086945e-04 3.2098532727e-04 6.0113972004e-04 2.6864900482e-04 1.9045449203e-04 -5.6163781378e-04 -4.1806556386e-04 8.4162566026e-04 5.1760047561e-04 -3.4060879437e-05 1.2110563296e-04 2.5965260513e-04 9.9546694484e-04 5.7576942677e-05 -2.8676147358e-04 -2.3050855503e-04 4.0756051995e-04 -1.0521793153e-04 -8.5895518693e-04 -3.1156505371e-04 -2.3967921017e-04 2.7234038055e-04 8.1203772818e-05 -1.4547950844e-04 6.0607740879e-04 2.6386890009e-04
-3.9299036682e-02 -1.6346617974e-02 -4.6017033685e-02 5.7937480197e-02 6.3427688608e-02 6.0981703590e-03 -2.5083682248e-02 -1.0538471213e-02 2.0958009718e-02 4.1540958876e-02 -4.9856719793e-02 6.5650510713e-02 2.4355422374e-02 2.4258723360e-02 1.8979935735e-02 -7.0492186056e-03 2.4272950936e-02 -8.9067213663e-02 7.9070131122e-02 6.3642614826e-02 2.2082785636e-02 -4.8618821966e-02 3.0854675143e-02 -2.7520492559e-02 -4.2743041011e-02 1.2829668878e-01 -6.8302042292e-02 1.5689407700e-02 -3.6589884857e-02 7.2555857310e-02 -6.6535922143e-02 8.6690422890e-03 -4.3389803940e-02 4.3845111080e-02 -7.9882041617e-02 -4.6499200575e-02 7.9745154968e-02 4.8221064483e-02 6.1129905080e-02 -5.2671272486e-02 9.1558029541e-02 6.8648061574e-02 5.3585151601e-02 4.3221704208e-02 -3.7128967308e-02 -8.4088764794e-02 7.0659077073e-03 2.2148128501e-02 -2.8978517332e-03 -3.2766429496e-02 3.1428086308e-02 9.2906419868e-02 -2.6986924545e-02 1.3073572136e-01 5.1019613247e-02 -3.7912276991e-02 8.5720117334e-02 5.5199933021e-02 -9.4192397396e-02 5.1683855052e-02 5.0171379571e-02 7.0960181917e-03 3.5817178997e-02 -2.5402472281e-02 -3.9989776985e-02 7.0376877720e-02 -6.2807004562e-02 3.6125245075e-02 -2.7764266156e-02
-1.5956734426e-04 5.3751670296e-04 1.0773191394e-04 9.7840118066e-04 1.0597307310e-04 -1.2149289508e-03 1.5409137036e-04 2.7859154030e-04 4.1315545764e-04 1.7779220780e-04 -1.2633178227e-04 4.0909093616e-04 1.9455917058e-04 -1.3184414163e-04 4.8613980794e-04 -2.2738761149e-04 -3.6948836421e-04 2.1409169747e-04 -2.6201612553e-04 3.3801312247e-04 3.4013594830e-04 -3.6585380658e-04 6.6256241265e-05 1.9127922355e-04 -7.0662368798e-04 -6.6118601141e-04 1.5917277941e-05 4.0970794632e-04 6.2961318050e-04 1.7476899404e-04 4.7196609357e-05 3.8473185099e-05 -1.9845672185e-04 5.6340621086e-04 3.1224314740e-04 1.9322953589e-04 1.0169310363e-04 8.0851708706e-05 -6.5904035448e-04 -5.5810293745e-04 3.1935079327e-04 7.8504708064e-04 1.9806723867e-04 8.6256886403e-05 -8.0719163523e-04 1.1898387469e-04 1.8580358448e-04 -3.9891314051e-04 -3.5440205737e-05 -1.3025765701e-04 1.9573143932e-04 4.7743693629e-04 2.1130942155e-04 2.3087132454e-04 -4.9790558056e-04 -1.1393755647e-05 1.6409697483e-04 1.7735394959e-04 -7.4873805346e-04 -1.6578300791e-04 8.3385665498e-04 6.2509801844e-05 -6.3369791455e-05 7.1617849297e-04 -4.3257080214e-04 6.2835674506e-04 1.2797743757e-04 6.4493825971e-04 -4.4514265872e-04
3.6508470038e-02 1.3351381651e-01 1.2910212709e-02 -7.3386487113e-02 8.7577174035e-02 3.2323175202e-02 -2.1227714751e-02 8.7214752215e-03 2.1617594831e-02 -9.4647942083e-03 2.8650834970e-02 8.6863563048e-02 -1.1393800815e-02 1.8277522409e-02 4.0536311776e-02 4.2591073871e-02 8.5261444670e-02 1.1594862802e-02 -2.4101889748e-02 -2.2425122584e-02 1.2526733628e-02 -2.1567034787e-02 3.5138270301e-03 3.5244049558e-02 -3.7753230219e-02 9.9543875470e-03 -8.7984303044e-02 -5.1107504249e-03 2.0919598644e-03 -1.0986455386e-03 -8.4156196516e-02 -4.0839939341e-02 7.9193330048e-02 2.9871887021e-02 -4.3155311524e-02 -5.1978875005e-02 -1.5819440066e-02 3.6621226383e-03 4.0069602332e-02 3.1564152589e-02 -6.9067755879e-02 -8.6385973625e-02 1.6842365521e-02 2.0281796829e-02 6.0883912273e-02 -7.1786977681e-02 2.8455566466e-02 1.2772737963e-02 4.9213654946e-02 -5.9028415061e-02 4.8011824403e-02 -4.2247038016e-02 2.3320182740e-02 6.7314601927e-02 -6.2921907168e-03 1.1039836439e-01 -4.4920193995e-02 4.9962555153e-02 -2.4936144742e-02 5.1396528076e-02 1.1918797612e-02 -4.0685067222e-02 4.7933083185e-02 4.1166149123e-02 6.9172980213e-02 1.1835596944e-01 4.8773666384e-02 7.4096029503e-02 1.5729180689e-04
8.9003660151e-04 9.7633489653e-05 -7.1988059848e-04 -5.2632600994e-04 1.9215460297e-04 -1.7793452890e-04 3.5969025838e-04 3.5091021165e-04 -7.5531753536e-04 -9.1698574301e-04 2.6216349033e-05 2.2702408430e-04 1.0787956717e-05 -9.7467809409e-05 -3.4939216847e-04 -3.3893229260e-04 -3.2202636278e-04 -5.5186284433e-04 1.1334435978e-04 1.6901364791e-04 -5.1442573157e-04 7.5817687085e-04 3.8681392085e-04 3.2418327948e-04 -7.4311244384e-05 -1.0590961589e-05 2.8174807387e-05 1.8091055901e-04 3.4768820365e-05 4.1997531710e-04 -6.1472884814e-04 -2.6166012195e-04 5.7698074151e-04 -3.8576293222e-04 1.6543748382e-04 1.2418671049e-04 -1.2121400782e-05 -5.1523343832e-04 9.5504659821e-05 -1.8690177719e-04 -3.1093501387e-04 3.7290808639e-04 2.0292468560e-04 -5.1389532583e-04 8.8817510156e-04 -2.3439209814e-04 -4.1785010075e-04 2.1975803229e-04 5.5992285358e-04 -3.4071774469e-04 -3.8279767760e-04 -2.7330126403e-04 -4.6319303975e-04 -1.6015714551e-05 -1.3206195915e-04 -3.4965253170e-04 -4.4090609981e-04 -1.4058500187e-04 -1.4660022840e-03 4.9850432529e-04 1.1391092036e-04 2.1274743214e-05 3.0649073323e-05 -2.7852580956e-04 -5.4886861005e-04 1.0410732856e-04 -1.8786432217e-04 4.9785510070e-04 1.7356535289e-04
2.5200228786e-02 -3.3839116496e-03 1.0697829770e-01 4.1250759338e-02 8.6888794249e-02 6.7351608353e-02 1.3054962677e-02 -1.0438853954e-02 -7.9457506629e-02 9.8620564028e-03 3.1303500758e-03 8.7566267733e-02 2.3394205041e-02 -3.7160587795e-02 -2.7332170380e-02 -2.1455349516e-03 4.2170273122e-02 3.7829326830e-03 3.7919323258e-02 -5.4426612110e-02 -5.9923337471e-02 -6.6974798468e-03 5.6596822290e-02 7.7759696341e-03 -5.0514771293e-02 7.7079240514e-02 -9.1816818662e-02 2.7573815602e-02 1.7109233782e-02 3.2832413502e-02 -8.9423825558e-02 1.2936274273e-01 -1.8101261849e-01 1.4426407186e-02 6.5418035578e-02 4.9426646284e-02 -3.5117858940e-02 1.5272460899e-01 -6.8791231127e-02 -3.3260443840e-03 -6.7264195677e-03 1.4171691440e-02 8.7364620075e-02 -5.4958668039e-02 1.9485238111e-02 -2.0007006395e-01 -7.8591022261e-03 5.3137874522e-02 -5.2293935835e-03 1.3263981137e-01 1.2233048817e-01 -1.0829898430e-01 1.6314936316e-02 -1.0225863430e-02 6.1017971401e-02 1.1337976104e-02 -1.2126017334e-02 -1.2241592005e-02 -8.8732231401e-02 3.8844292220e-02 1.0747615390e-01 8.4121849586e-04 -2.8656236124e-02 6.0612446003e-02 -1.5674099749e-02 -1.0976515393e-01 -2.0661652646e-02 8.0399106798e-02 5.1022386471e-03
4.3401822973e-04 -1.6847964102e-05 1.8131007973e-04 6.5275946273e-04 3.9280497146e-04 -2.1867040411e-05 -1.2287443087e-06 -3.1110799317e-04 7.0919898844e-05 1.9837347237e-04 4.4694007958e-05 -7.8013429660e-04 4.5440235313e-04 -3.6320380101e-04 -8.2052126276e-04 -1.3533992073e-04 1.9195913957e-04 -8.7318870820e-04 3.6082509533e-04 7.6811675087e-05 1.6782561263e-04 6.1105444871e-04 -3.8672504653e-04 -1.4839955277e-04 -2.5449113837e-05 5.1609598221e-04 -5.8134594656e-04 -3.0110144997e-04 9.5973913674e-06 -1.5096030288e-04 -1.2119051961e-03 5.9506475893e-04 1.5625757602e-04 -9.1481200425e-05 1.3142592387e-04 8.7594385538e-04 -2.2330981360e-04 3.9177719571e-04 5.5817611289e-04 3.8374728240e-04 -1.9658303660e-04 -4.8718790695e-04 -3.2958839152e-04 -7.0961207404e-04 -9.0747767025e-04 -6.6565403808e-04 7.8503793165e-05 6.5859890330e-05 4.3704405009e-04 2.0106733236e-05 5.3658348354e-04 7.5719757472e-05 -1.1417173208e-04 -3.8811504912e-04 8.0332761479e-04 8.6448489628e-04 -4.0421057262e-04 -8.1985087146e-04 5.4837593294e-04 -4.6469380996e-04 1.0270587540e-04 -7.9480631788e-04 8.2766916905e-04 3.4206394289e-04 3.4950888924e-04 8.4286264112e-04 1.8264774611e-04 1.0819550472e-03 -1.0931401747e-04
-1.1804770162e-04 -5.8176593108e-05 -2.0397558196e-06 -8.2398978177e-04 2.6886371164e-04 6.8637177588e-04 3.5710422384e-04 5.2305678311e-05 -2.8197826397e-04 -5.6787669289e-04 -3.8454034783e-05 -4.2174274015e-05 -6.6879860694e-04 -1.2869786648e-04 -5.3890910788e-04 -2.0493172895e-04 3.3084469750e-04 -3.9291297358e-04 4.8665401876e-04 -7.2646170490e-05 -3.9717238598e-04 -1.0662249053e-05 -1.1045268216e-05 1.0030373590e-04 1.4516265702e-04 9.4094075221e-05 7.1461259746e-04 2.7546728532e-04 -1.5349871733e-05 6.2956055301e-04 -3.8886010792e-04 -1.4998882663e-04 -2.9941000949e-04 2.4329562275e-04 4.5957839125e-04 -5.4743029673e-04 -1.5945606473e-04 2.7919384267e-04 -3.2590207329e-04 -3.9585056036e-05 -6.8343728139e-04 4.4690728906e-05 3.5789788016e-04 4.4775971415e-05 -2.8293197598e-04 1.3179915211e-04 2.4711306810e-04 2.4344107875e-04 -6.6940982317e-04 6.1305955954e-04 1.3076859984e-04 -2.6924013297e-04 3.1344714613e-04 4.2429093364e-04 1.1949218429e-04 2.4033168705e-04 -2.2028629391e-04 -6.2888007058e-04 8.8554693985e-04 -5.4726117134e-04 2.6093827008e-04 3.1464589680e-05 2.3813745206e-04 3.3548597200e-04 -2.3782683003e-04 -2.2883529895e-04 -7.1271972569e-04 -3.4489035250e-04 5.1757758334e-05
1.9701870504e-01 9.8134128395e-03 -5.0539152433e-02 -1.2497667601e-02 4.2723495008e-02 7.7906888068e-02 6.7724425553e-03 3.8396486180e-03 -2.9105601069e-02 1.6115839349e-02 1.0020110432e-01 3.9127620233e-02 8.4514935212e-03 -8.7215801613e-02 -1.7750006549e-02 5.0988202415e-02 -1.6906276287e-03 5.5809420867e-03 2.8827698667e-02 -6.3722230340e-02 4.3056016869e-02 4.2800003475e-02 2.7283067453e-02 -5.6901263312e-02 6.8786833137e-03 -4.8539448262e-02 -4.2147119830e-02 -2.3261487462e-02 -2.3768754561e-01 -3.4344585612e-01 -3.9252506431e-02 5.6172769668e-03 2.5659575405e-01 -3.7751813984e-02 9.7965210564e-03 1.9368631949e-01 5.7086431315e-02 1.7850261538e-02 -1.5237062403e-03 -1.3376999142e-03 -4.4698982069e-02 4.0076321757e-02 5.0682194648e-02 -8.2458695848e-02 -4.1851069805e-02 2.9390792640e-02 4.1769587618e-03 1.0976511788e-01 -2.8840211972e-02 -2.4056407165e-02 1.9203840093e-02 1.3799027385e-02 -8.7949573233e-03 2.3249245396e-02 -1.8721489092e-02 -2.9976263517e-02 -2.1635374560e-02 5.3973401664e-03 -4.8331563492e-02 -3.1614368234e-02 4.1170858282e-02 2.4484469850e-02 6.3223970967e-02 -2.1717262139e-02 -1.6673278779e-02 -1.8071483662e-02 3.0774759902e-02 8.1319600534e-03 -1.0134342185e-03
7.5697920756e-04 -3.7724564042e-04 4.4169703407e-04 4.1782491609e-04 -7.2342822707e-05 5.6726216550e-04 -1.4633076089e-04 -5.0426682913e-06 1.7344419912e-04 7.5177316743e-04 1.3263072401e-04 -6.3502121456e-04 -6.7795954700e-04 -2.9167399255e-04 7.6473708299e-04 -1.6556110056e-04 8.1630122407e-04 -3.5768487807e-04 -3.5418666186e-04 -3.9768669898e-04 -2.5325920451e-05 3.7911661458e-04 -6.5679024926e-04 4.8325920288e-05 2.1957712116e-04 -6.7907960488e-04 -9.3687656307e-05 -4.9243306149e-04 1.6894832526e-04 1.9947266358e-05 1.6096220071e-04 -6.5830582896e-05 -2.7461029469e-04 -5.8104679422e-04 -2.7990869393e-05 2.6501627524e-04 1.1412235473e-04 5.1122104297e-06 2.6516517798e-05 -2.4060941747e-04 -2.4746366046e-04 1.7083222121e-04 6.5543439591e-04 -1.3269168125e-04 5.6723857558e-04 -2.3361432085e-04 5.1144641074e-04 5.6968709358e-04 1.3261959486e-04 -1.5730315020e-04 -5.8130789519e-04 1.0477368176e-04 1.5440275224e-04 -2.8707419084e-04 4.3571815519e-04 -5.8030293003e-04 4.1453157358e-04 4.2175422468e-04 -9.0922968419e-06 -2.7862586127e-04 -1.3725875482e-04 -3.5338178516e-04 7.4284843104e-04 4.7741289967e-05 4.5774141468e-04 -2.8607192665e-04 -7.1308044103e-04 -3.7209115215e-04 4.1413823169e-04
1.4197331737e-04 -3.4720747230e-04 1.4456717076e-04 -2.9565384586e-04 1.1985725594e-03 -3.4612836090e-04 -5.7183081921e-04 5.8155999854e-04 4.1122851003e-05 -8.8086792678e-05 2.8963853145e-04 4.8495281046e-04 -6.1220597839e-04 3.6266160714e-04 6.6459934036e-04 5.7298610896e-05 4.4729377792e-04 3.8646835961e-04 -3.0842280343e-04 -4.0646547368e-05 -3.7826117676e-04 -3.5087993126e-04 5.1922893168e-05 -4.7927939365e-05 7.0658892766e-05 -4.2425432938e-04 4.7077304193e-05 -2.3339875899e-04 -3.0048610763e-04 6.8451915922e-04 3.8088934498e-04 -4.1216084789e-04 3.8502077235e-04 7.5547034414e-05 -3.5194053139e-04 1.4223829730e-04 -4.0207886100e-04 6.7554603961e-05 2.4253644283e-04 -3.5563162804e-04 -5.8177876335e-04 -4.1431544014e-04 3.2581273037e-04 -6.1672833133e-04 4.1173948280e-04 -2.6751634003e-04 7.6967241990e-04 -2.1345060691e-04 1.2324798787e-04 5.7214102518e-05 4.3435304755e-04 2.5760039145e-05 -1.4029025996e-04 1.8765711056e-04 2.8024801383e-04 -3.3803186224e-04 4.3608580944e-04 -7.7465484289e-05 -4.5157318748e-04 -3.0654705992e-04 -7.5682391230e-04 -4.8173150523e-04 2.9688057445e-04 1.8988364420e-04 -2.0100590891e-04 1.8736155789e-04 4.8309071349e-04 8.2555313529e-04 -1.2437359446e-05
3.2798775353e-04 9.6959236430e-05 3.8545264689e-04 1.0301862651e-03 -4.8940518247e-04 4.5161683710e-05 1.9379850654e-04 2.7998075443e-04 -1.5018254977e-04 -4.9124130242e-04 4.5610602829e-04 -1.1882859405e-04 9.9884963162e-05 -6.6838519136e-04 -4.1067270544e-04 -6.2537581109e-04 7.1079012276e-05 4.6106071492e-04 -5.5153372161e-04 -5.0154077277e-04 -8.5982853151e-04 2.8686115983e-04 -1.1691653832e-04 7.0499954850e-05 7.4361862418e-05 3.5210977117e-05 7.6337512650e-05 -9.5877627778e-05 -8.5092570967e-06 8.7423536725e-04 -4.6995693721e-04 1.7048523606e-04 7.5357012644e-04 3.3806313485e-05 -1.1735261915e-04 6.1351412416e-05 6.4930368332e-05 -2.5343933258e-04 -7.5348178850e-04 -4.8162451513e-04 8.9980347396e-04 -1.1377520476e-04 1.9145404290e-04 9.0779358243e-04 -3.4175510307e-04 2.7320127358e-04 8.9654910125e-05 5.7578773652e-04 -6.4280644668e-04 -5.8278070892e-05 5.2029648286e-04 -4.9274443748e-04 5.7881754571e-04 -5.8623450620e-05 7.9973236557e-04 2.8405110228e-04 2.0840494954e-04 -7.5258763688e-04 8.3512165715e-04 -1.1608469962e-04 -7.7237100926e-04 3.5109635582e-04 -1.6093950235e-04 7.1677002454e-04 5.6289394552e-05 2.9260563739e-05 2.8700005406e-04 2.5345669031e-04 -1.1096750372e-03
2.1960281771e-01 5.8182042978e-02 3.7996261513e-02 5.1075400125e-02 5.9964826437e-02 -2.2556771476e-02 -9.1460112917e-03 -7.9458586701e-02 -5.2661958489e-02 2.9441847203e-02 3.2961145813e-02 6.0018701895e-02 -6.4785773096e-02 -9.7071272844e-03 -8.5924443787e-02 4.4373943339e-02 1.9124119078e-03 4.6247594047e-02 6.7013468488e-03 4.7559241179e-02 -5.1435290088e-02 3.8361402294e-02 -1.0288935951e-02 1.3254429730e-02 1.8947875258e-01 1.5166842217e-01 -6.1142422037e-02 -5.4979839555e-02 -5.2010306374e-02 -5.5524265698e-02 -6.0942412058e-02 -8.5902129663e-02 1.3973317298e-01 -5.5210766033e-02 4.2233803780e-04 1.2418511134e-01 7.4557477131e-02 -2.4392770960e-02 3.1130289136e-02 5.3338195283e-02 -2.4933986336e-02 -1.3636717595e-02 -1.0554175986e-02 -1.9589238267e-02 -6.0349102002e-02 -4.0295300555e-02 -8.9570067259e-02 -1.9485346527e-02 -6.7842770200e-02 4.5656447240e-02 -3.0817114946e-02 -7.6124919101e-02 -1.4115902087e-01 5.0318574943e-02 4.1295557021e-02 -3.2028729801e-02 -1.6159167033e-02 -1.6899724898e-02 -7.3434022062e-04 3.6990777666e-02 1.4533124678e-02 -4.9348251008e-02 -1.5399238095e-03 6.2390716684e-02 -2.2069025126e-02 3.1895798863e-02 -8.1280694108e-02 -6.5012904392e-02 -6.1871745250e-02
-2.3775658830e-04 -3.1495688919e-04 -9.6354317263e-05 -3.3606148860e-04 -6.5592655245e-04 -7.9001331760e-04 -6.5629472155e-04 1.1382970928e-04 1.4799750186e-03 -1.4763239053e-04 5.1977371368e-04 -4.1559170512e-04 -4.7182140069e-04 -2.8750824512e-04 -3.7159408467e-04 1.9621735945e-04 -6.0004698902e-04 -6.4119187328e-04 6.2574451023e-04 2.4912149495e-05 8.9537704234e-05 1.7256741339e-04 -4.1956525860e-04 2.0707628484e-04 -2.0904388239e-04 8.0498944656e-04 -2.7011509514e-04 4.7521225260e-04 1.4044764232e-04 -7.6860976959e-04 4.3607643452e-04 9.3268499824e-04 4.9468277446e-04 4.5302604024e-04 -3.6233730421e-04 -3.3455999519e-04 -6.9386920044e-05 -1.0905105278e-04 3.9624956873e-05 -6.0710066227e-05 -2.3900699701e-04 -3.5403610704e-04 -9.7713012364e-05 -6.6509590949e-04 -4.8139617151e-05 -5.1544192450e-05 -2.0769655737e-04 -8.4042217165e-04 5.8138791779e-05 -1.8532370008e-04 5.0258767439e-05 -3.9788706620e-04 -1.1297692220e-03 6.1780788313e-05 3.9594542731e-05 1.1429443397e-04 -2.3564791330e-04 -5.6348735992e-04 3.7162974167e-04 -1.4659664924e-04 -2.3134841082e-05 -1.7824762853e-04 1.6748579385e-04 1.8579667322e-04 -2.6978606219e-04 -5.0388170755e-05 7.5292014474e-05 -4.0732191776e-04 2.6926785977e-04
-3.0692098301e-03 3.8754139991e-02 8.2398188774e-02 -7.4058888735e-02 4.0989094154e-02 1.1210455476e-01 3.5731752946e-02 -1.2746169456e-02 3.3555504865e-02 -1.6431658989e-02 4.3633439816e-02 4.0417721682e-02 -5.1698944728e-02 5.1024131320e-02 -1.2183954889e-02 5.0528927613e-02 4.2309549722e-02 -2.8192801514e-02 -1.8796098720e-02 -4.8930461466e-02 -5.3569542836e-02 -1.0084946252e-03 3.9234763314e-02 2.3387624825e-02 -8.7466692776e-02 -1.9806176266e-01 -4.3129989267e-02 8.7571614362e-02 5.3772051504e-02 3.1470373246e-02 -4.3019964751e-02 1.1834126355e-01 3.1364293276e-02 1.9556196930e-02 -2.3597937468e-02 6.3799521952e-02 4.4263700584e-02 1.5260715237e-04 -4.6136021963e-02 -6.7541329855e-02 6.1907378031e-02 -6.2348761408e-03 -7.8443662780e-02 2.3394951063e-03 -7.6590094476e-02 -1.3386381127e-01 -1.2026876957e-01 1.7028171015e-02 -4.1750655647e-02 3.2405156486e-02 -3.1948872084e-02 5.2825894651e-02 -9.1091735702e-03 -4.1588550683e-02 -4.3883905624e-02 3.9178254203e-02 -4.1055437957e-03 -4.1723752685e-02 -4.1941021500e-02 -3.7399287820e-02 -2.0391201666e-02 -4.0399911485e-02 -1.2629978861e-01 -6.2039771318e-02 -1.0322080667e-01 6.9872362158e-03 1.0220126558e-01 3.5828331154e-02 4.3566016791e-02
1.9919880359e-01 -1.0847286248e-01 1.8976715168e-01 5.5014218109e-02 5.8983161059e-02 5.3624777101e-02 -3.3795362156e-02 2.9441985971e-02 -5.1306803456e-02 9.7755809009e-04 -1.3617052739e-02 5.8207420286e-02 8.0943280271e-02 2.6629770209e-02 5.5568262911e-03 -1.0989396892e-02 5.1378130812e-02 4.1171276718e-02 1.8703150089e-02 3.3972185733e-02 -8.9780840628e-03 -1.8932957587e-02 2.2326328549e-02 7.7556773904e-02 -7.1410802396e-02 -1.0526599791e-02 -6.0840682319e-02 -4.8229025267e-03 3.8642657728e-02 1.6920267529e-02 -5.9688096852e-02 4.9216886011e-02 2.4985299238e-02 -1.9362529584e-02 2.1851984676e-03 9.8551549062e-02 -3.4302419995e-02 -5.3878021504e-02 -9.1617262223e-02 7.0223499052e-02 -6.3299851376e-04 -5.0402566414e-02 -3.3948721683e-03 -5.2851508051e-02 -6.2620940902e-03 -8.8008164004e-02 -8.0107461452e-02 -3.5108356740e-02 2.8840416890e-02 3.1155690789e-02 -7.6335010674e-02 1.2948409239e-01 3.8624857530e-02 4.4403893796e-03 -3.1960055356e-02 3.4721086231e-02 -1.1478077712e-03 -1.8362780009e-02 1.1036660629e-01 1.8669679837e-02 2.2819092265e-02 -2.5858210698e-02 -3.4272406421e-02 1.3049748262e-01 4.9061050457e-02 2.2922863945e-02 -9.4887754105e-02 4.6588976410e-02 -7.8214427633e-02
-1.0071182175e-01 -1.5957330059e-02 2.5166797373e-02 6.2377566336e-02 9.5379368532e-02 1.9345996042e-02 -1.2875271411e-02 1.4663639019e-02 6.2285780440e-02 2.2044619650e-02 1.5541059956e-02 9.3886029638e-02 1.3118120862e-01 2.8858321217e-02 -3.4120909336e-03 -3.9288780997e-02 -6.7371072056e-02 7.2939515584e-02 -2.9170108588e-02 3.6621697433e-02 -1.1128480090e-02 2.3778838566e-02 3.2934480138e-02 2.3346718959e-02 1.9245406751e-02 -4.8391463166e-03 -1.0076806424e-01 1.5421454362e-02 -4.0862028176e-03 -6.4494278892e-02 -9.7483707337e-02 9.8479191824e-02 8.2521296674e-02 -4.2237709905e-03 -9.9131910790e-02 5.4305361964e-02 5.7906094321e-02 -8.3753517733e-02 -3.6026307224e-02 9.5267654289e-02 -1.4290682431e-01 7.2661207578e-03 -1.4879461644e-02 -6.0850942195e-02 8.3805481521e-02 -1.0300152686e-01 -7.0085346456e-02 1.0396740686e-02 -2.5788869705e-02 9.3295828709e-02 -1.9119189221e-02 -7.7389871210e-02 3.6218048841e-02 1.3795993124e-02 2.2658885830e-02 5.4018618616e-02 6.0008671254e-02 -7.2329106559e-03 -6.7699053752e-02 -2.0341172002e-02 3.6648179822e-02 6.7371240351e-02 -3.0462924203e-02 -4.7292106131e-02 -5.6938061204e-02 2.2821526513e-02 1.2670065764e-02 5.3090337203e-02 4.1567642840e-02
-1.8422918554e-04 4.5091137806e-04 -2.4882673490e-04 1.2384144182e-04 -5.4499086054e-05 1.2558163558e-04 3.4211269240e-04 5.3766997442e-04 8.4209620225e-05 -2.4697672296e-04 3.9464584438e-04 8.5822801836e-04 1.2944670483e-05 -3.4058793864e-04 6.2497751816e-04 -7.4174491885e-04 2.9362611903e-04 -4.5719763953e-04 -7.6824864973e-04 1.4270962917e-04 -8.7125168873e-04 2.3027569773e-04 6.9150320179e-04 5.6513067915e-05 -6.8268989012e-05 -6.1820392134e-04 3.0500634661e-04 -3.4955892765e-04 3.3636526082e-04 5.8243432146e-04 5.8656156753e-05 4.9066064170e-04 1.5705595726e-04 -7.8418985254e-05 -5.0420732151e-06 -6.2076258036e-05 3.4456353469e-04 -3.3686990458e-04 6.1256087011e-04 -5.7508951864e-04 7.2997120248e-04 -1.1860134266e-05 -5.2012337026e-04 -1.6253410470e-05 1.4918169628e-04 6.6326481299e-04 1.1499871810e-03 2.9390910403e-04 -5.7080644953e-04 3.1135172776e-04 -7.3976173894e-04 -2.8915026652e-04 -5.8902017234e-05 2.8919899037e-04 5.5600636434e-04 4.3943319939e-04 -1.2185475549e-05 -2.3000908632e-04 1.9741440473e-04 -4.5343118825e-04 7.7330745760e-05 1.3875888894e-04 -4.6016937805e-06 -3.8312783193e-04 2.0235909001e-04 2.2953438956e-04 -2.9376767533e-04 -3.6217375931e-04 4.4895470245e-04
-1.2033992175e-04 -1.4140029495e-02 6.6114881239e-02 -1.7338010872e-02 7.9016236787e-02 4.1309675666e-02 -3.5882007124e-02 -1.9835545017e-02 6.7719486467e-02 2.0861249743e-02 -9.1917820250e-02 7.5074466751e-02 3.7112313995e-02 1.9838509309e-02 4.3758564770e-02 4.1817838921e-02 -8.1037652029e-02 -8.0085886725e-02 1.7770655202e-02 -1.8378290244e-02 -2.9022055294e-02 -7.7812696047e-02 -3.9213440920e-02 -1.2777240038e-02 -1.4877275414e-02 1.0742905223e-01 -8.0813874719e-02 6.2493455554e-02 -5.1092762159e-02 1.3874712007e-02 -7.7816389233e-02 -1.6349049837e-01 -8.3034425468e-02 -8.4121211896e-02 8.4933413068e-03 2.1456294766e-03 4.4587644624e-02 2.2816617508e-02 -5.7271613357e-02 -3.9909799427e-02 -1.3012172676e-01 -5.3111752866e-02 3.4331546443e-02 9.8132138867e-02 8.2311515742e-02 1.3706562543e-01 3.6375660133e-02 1.1801802433e-01 -8.4663188155e-02 5.2361128919e-02 8.9724371405e-03 2.4554004178e-03 -5.8103674918e-02 -9.7338897115e-03 -2.7200999342e-02 -7.0715881777e-02 1.1117612217e-03 -2.6720512426e-02 2.1794693942e-02 -2.2041579883e-02 -4.8122681517e-02 3.4716060543e-02 -2.8720732766e-02 9.5726868717e-02 -1.4752286610e-02 -2.2605493456e-02 4.9327372970e-02 9.0988565531e-02 -5.5190001947e-02
2.4964140274e-01 -1.2426812347e-02 -8.7081710261e-03 3.4117166249e-02 1.7034760132e-02 -2.9545718153e-02 -2.2163925771e-02 -8.5712586942e-02 -6.5185239409e-02 -4.1856087301e-02 5.3738805202e-02 1.2343887532e-02 3.4614329777e-02 -1.3600906259e-01 1.4786212173e-02 1.4270991962e-02 -4.0619623744e-03 -3.9971924319e-02 5.2073185919e-02 5.7696987580e-02 1.5142073410e-01 4.8310991144e-02 -3.6475097530e-02 -1.2311108205e-02 1.8419015713e-01 -5.0417009751e-02 -1.7135903441e-02 -7.3794827540e-02 -7.8472217557e-02 1.2006018353e-01 -1.6489498165e-02 -1.4854958979e-02 1.6049530385e-02 1.0117419280e-02 8.0389760679e-02 -3.0839660203e-01 6.8102362699e-02 -2.8215985400e-01 9.2156204114e-02 -7.0328245282e-02 -1.0532731351e-02 5.5981083607e-02 -4.7987394184e-02 -5.5880438621e-02 1.4538904314e-01 1.1894480334e-01 3.6769611811e-02 9.7619775228e-02 -1.0011579742e-01 5.1477325963e-02 4.8676226548e-02 4.6527126496e-02 6.8551802759e-02 -1.4892975168e-02 2.6285949859e-02 6.4174552273e-02 -1.6864843944e-02 3.6254206732e-02 4.8178960849e-02 -1.7409607784e-02 -3.5389596908e-03 -1.2268261700e-01 -1.4121253156e-01 3.0553768641e-02 -1.3168966216e-02 -8.2688689459e-02 -2.6242429426e-01 7.2468197418e-03 -4.9055805937e-02
1.3001607677e-04 1.1607366375e-03 1.0282060855e-03 2.3324554199e-04 7.0269120305e-04 -6.1750544775e-04 -1.9165958699e-04 1.9670684077e-04 3.3663793466e-04 5.4426217886e-05 2.1054853894e-04 -1.2876065409e-04 -8.7524950473e-05 -2.6773087790e-04 -3.5844781630e-05 -1.7934047172e-04 -4.2094474954e-04 1.3285817002e-04 5.7097450311e-06 -5.5310974090e-04 -3.2947541140e-04 1.3128424278e-04 5.8508949999e-07 -5.4760825094e-04 -3.6357207803e-04 -7.2881537273e-04 -3.6122370997e-04 -1.1797972804e-04 1.4745265985e-04 -2.9165345178e-04 1.4116117012e-04 5.4868543246e-04 3.6582151949e-04 -2.7628966169e-04 -7.2292112985e-04 -1.0428492917e-03 -7.2297001856e-04 -1.3538538487e-04 -7.8747593341e-04 -4.0898735919e-04 -2.9038525896e-05 2.4956101846e-04 2.6744292348e-05 -1.2488478586e-05 -1.1076371298e-04 4.5440279602e-05 -1.8615941846e-04 3.5068331863e-04 -9.5544141496e-04 5.7433165803e-04 1.2047764926e-03 -7.2182746513e-04 -3.1758652574e-04 -8.9725914285e-05 3.3147803109e-04 5.7019857645e-04 -9.4818794728e-04 -3.1745254992e-04 2.1350530096e-04 -6.4832709944e-04 -4.7424439170e-04 -4.1013600579e-04 3.0626583846e-04 6.1456838900e-04 2.9876575818e-04 -1.1151874248e-04 9.7998107311e-05 -4.9691082978e-04 2.8789206933e-04
-1.2167746333e-01 -7.0221131343e-02 -1.9939205862e-01 -5.5738104659e-02 6.3662057736e-02 -6.7227353313e-03 -8.8130376787e-02 -7.1194508907e-03 2.4816693032e-02 3.1288674325e-02 9.9735262317e-02 6.1386529010e-02 -3.6254380463e-03 5.5919950176e-03 2.2588390255e-02 1.1699877379e-01 -4.2788208984e-02 9.7156829000e-03 2.8773632611e-02 3.3428154779e-02 -1.5635525605e-02 6.6249089376e-02 -6.1048678875e-02 5.1872375537e-02 9.1117174453e-02 6.6158010922e-02 -6.7883071721e-02 7.9776548081e-02 -9.4061727984e-02 2.3776028693e-02 -6.6060907898e-02 -3.2884053603e-03 -1.0992492876e-01 6.0880145170e-02 7.3863876899e-02 1.7417083905e-02 -5.8354410166e-02 -2.4830255903e-02 -1.6329165065e-01 2.8914655030e-02 -3.0229241957e-02 6.4513690476e-02 -7.8700744765e-02 -1.2565837704e-01 -8.8853832315e-03 -2.2304212487e-02 2.3886355512e-02 6.0315011383e-02 1.6454557182e-02 5.6959095356e-03 9.6858784470e-02 -8.5519752685e-03 3.0327520019e-02 -3.7739480576e-02 2.3960164052e-02 3.4567786372e-02 5.9013682705e-02 -6.5805958483e-02 1.0607973674e-02 5.0886137795e-02 2.2559408943e-02 -4.5746629650e-02 2.9366600065e-02 -2.4262081280e-02 3.2288065791e-02 3.0738928388e-02 2.0573737886e-01 -4.1357761933e-02 -2.0391554577e-02
2.0478409919e-04 -6.1803916961e-04 9.5339726272e-04 3.6093074305e-05 -3.7121378488e-04 2.9086001789e-04 2.5977600168e-04 5.7311780315e-05 -5.5066168599e-04 2.9029975486e-04 -2.8969120288e-04 -2.1055581374e-04 7.8603056755e-05 4.0256272283e-04 2.2680906698e-04 2.1760996533e-04 -1.7210773539e-04 2.6880596109e-04 7.3767748798e-05 -3.3193355089e-04 1.9354675290e-04 -1.2523633965e-04 5.3636867690e-04 6.4992749370e-04 -2.0877503110e-04 -3.9456097650e-04 1.7476050986e-04 -3.8058747197e-04 5.4370318642e-04 4.3397597348e-06 -2.2833101873e-04 1.8918379855e-04 2.9131476238e-05 6.5410285051e-05 -4.9195604093e-04 3.6792893225e-04 4.8992686347e-04 -5.6506208811e-04 3.9364007611e-04 -7.1327763582e-04 4.1029875053e-05 1.6469448534e-04 6.8892589654e-05 -4.0549310039e-05 -5.9652741043e-04 -2.8883113407e-04 -1.4283053747e-04 3.6276951368e-05 -6.9106840826e-04 3.0622752865e-04 7.9349246389e-05 -1.1370087706e-03 5.4406080758e-04 -5.4467824689e-05 -1.4093432528e-03 7.5796342447e-04 3.8962638833e-04 2.5503136697e-04 -5.0119433622e-04 1.1359846505e-03 -6.5246488605e-05 1.0400795118e-03 2.1861509423e-04 9.9238134975e-04 5.6214240934e-04 -1.7868134652e-04 4.5679060227e-04 -3.4005306227e-04 -9.3825798042e-04
-7.6013474670e-02 -2.4785172736e-03 -5.0211200406e-02 -7.4879259949e-02 3.4446416572e-02 -4.7492617204e-02 3.7803421608e-02 1.1983752426e-01 -4.1834701355e-02 2.2848704131e-03 1.3780077017e-01 3.3504131358e-02 1.7915247628e-02 -6.3786241713e-02 -4.2695364632e-02 -5.4205549948e-02 -1.1373340323e-04 3.2660560258e-02 7.2010314424e-02 4.5311378110e-02 1.5812086169e-02 1.4875820401e-02 -9.2204926156e-02 3.8842125178e-02 8.6854868707e-02 2.0355778567e-01 -3.7921461222e-02 -9.2434525844e-02 3.5460893953e-02 1.3508965927e-02 -3.6359683686e-02 -1.1041003278e-02 4.2228348467e-02 -2.2219264200e-03 -5.9663584842e-02 5.0215986241e-02 -9.0704784669e-02 7.6866425646e-02 -7.5536145623e-02 6.1663555415e-02 -2.0651238903e-01 1.4427925466e-02 3.7564594587e-02 3.4789033452e-02 -6.7649569084e-03 -3.1302032626e-02 1.2359182646e-02 9.5690370858e-02 2.3603065835e-02 -4.2548588852e-03 -5.9450315281e-03 5.4197470099e-03 3.3160982450e-02 -8.6436831444e-03 -5.2053591528e-03 -2.5727592684e-05 1.4901660778e-01 2.8317447250e-02 1.4784954318e-02 5.7288313144e-02 8.1175870445e-02 1.5484298221e-02 -2.7804431738e-02 -3.6261926179e-02 -5.0058167855e-02 2.0379001417e-02 -7.9800072313e-02 5.9226591228e-04 -1.1234820193e-01
3.2080059259e-05 -2.7614949269e-04 -4.5436923314e-04 -4.1970784242e-04 6.4421202234e-04 4.8492055646e-04 -2.8327701383e-04 9.2723484098e-05 -7.6352924727e-04 -9.2226350073e-05 2.1651247789e-04 2.4529547427e-04 4.2618612795e-04 1.3647262739e-05 6.3229167241e-04 -4.4502764583e-04 -4.8113582490e-04 -2.3658427916e-04 -1.6742329974e-04 5.4963046182e-05 5.1693887970e-05 4.5370585424e-04 -2.6255839878e-04 2.0040529577e-04 6.9628855711e-04 -1.7326733833e-04 3.6575724706e-05 1.1879306005e-04 -4.5519517107e-04 -4.0014062605e-04 4.5831383608e-04 2.8481906028e-04 4.3838925611e-04 5.6533829482e-04 6.5104835338e-05 -4.6573434888e-04 -6.6421081494e-05 1.4455538127e-04 -3.1866014229e-04 4.9743998773e-04 1.3996185542e-04 1.5033448145e-04 -7.6003920396e-05 -4.0170734706e-05 -5.1822390986e-04 1.8244609625e-04 -2.6705933019e-04 6.8969727810e-04 -5.8086046037e-04 -2.3814211961e-04 2.0227399972e-04 5.0793672139e-04 -4.8852399898e-04 -5.7119544510e-04 -7.1529915083e-04 1.2531970639e-04 -7.5579880132e-04 -2.2828160145e-04 -5.4997095234e-04 1.4779006282e-04 -2.7530369905e-04 3.8700611311e-04 2.7689295313e-04 -5.4168318124e-04 -3.2189253851e-04 1.3481155205e-03 -3.2073099493e-04 1.2804378826e-05 3.3662697422e-04
4.9387896256e-02 8.1304771795e-02 -2.2945578636e-02 4.3212607983e-02 2.0985560261e-02 -8.2231329736e-02 -6.0075769424e-03 -8.2459429746e-02 3.3454127626e-02 -1.0724803536e-01 1.1709387108e-02 1.8340398749e-02 5.1603220998e-02 -1.8880958942e-02 3.5225014837e-02 -7.3082368212e-02 -3.8553889028e-01 -1.2324506799e-02 5.1043383836e-02 3.9037292612e-03 4.5644836782e-02 6.0023408568e-02 -4.5774863355e-02 -1.5931821890e-02 -3.3817748172e-01 -1.3359292805e+00 -2.0800767603e-02 -6.3067624910e-02 -8.8536037857e-02 -5.2083247695e-02 -1.4914469191e-02 -1.6044242612e-01 -9.0175605356e-02 -4.6245441471e-03 3.0183063851e-02 -5.0327704512e-01 -5.2577514777e-02 -1.9791084348e+00 -5.0392190253e-01 -1.0250899877e-01 3.9082701832e-02 1.8392425598e-01 3.3681259414e-01 -1.2140241706e-01 -1.3595621754e-01 2.4014287505e-01 5.4283060082e-02 -4.1855358428e-02 6.8547734887e-02 -1.1475492059e-01 -2.3272347948e-02 -1.1937903911e-02 4.8726416833e-03 1.0158159006e-01 7.0221743250e-02 -4.3762308649e-03 5.0461847099e-03 -4.1126525558e-02 9.3060781813e-02 1.2705017950e-03 -9.5786913962e-03 -3.5670801191e-02 -1.1950896373e-02 4.5158829132e-02 -7.6142092065e-02 8.8464667259e-02 1.2071899383e+00 3.0739379188e-02 4.5336351063e-02
-2.9825399900e-05 3.3187800319e-04 9.3399741965e-05 2.3541991676e-04 2.9197273732e-04 -1.9616194525e-04 4.7489553419e-04 -8.6606067997e-05 1.3893835372e-03 4.6716726652e-04 2.4079208682e-04 -4.5661460562e-04 -3.6192218609e-04 -2.4179259049e-04 -1.9560298092e-04 4.2583062202e-04 4.3966935708e-04 -2.7310644473e-04 -4.7764406243e-05 3.2019228619e-04 1.1874293518e-03 -5.0342037048e-04 -1.7237905479e-05 4.2412462613e-04 4.3925883414e-05 1.8753818654e-04 -2.2089029211e-04 -5.2837915919e-04 5.1407850057e-04 -1.1530712784e-04 -5.5959816218e-04 -2.1988227919e-04 8.1551866887e-04 3.7283105406e-04 1.1311321804e-04 -2.2129600428e-04 -7.5229037100e-05 1.0028498498e-04 -6.4990660428e-05 3.5782285065e-04 -6.8036585068e-05 -1.3002098051e-04 4.2031799071e-05 1.9078550687e-04 -2.4352438352e-05 -3.3785662113e-04 -5.9857374133e-04 -5.2726306546e-06 6.6671153440e-04 7.9705155379e-04 -6.1843371160e-04 -9.4345804686e-05 7.4062095556e-04 -2.8492016810e-04 3.4493119931e-04 2.4191493908e-04 -4.9316019743e-04 1.8633434650e-04 -1.6800280987e-04 -3.0218881931e-04 -5.0852253677e-04 -1.0109130663e-04 2.8096047128e-04 -8.2910956864e-04 9.7285059686e-04 -9.5333016738e-05 -1.5981195921e-04 6.7403856828e-04 -7.9308174690e-04
2.3399160218e-04 -4.6286569430e-04 2.1859931786e-04 3.2129841978e-04 -4.5269876899e-04 -1.0431967852e-04 -3.4105996403e-04 -5.5556479232e-04 -1.0030794021e-04 -8.5944162054e-04 5.0919578861e-04 8.6839188470e-04 1.9294786946e-04 -3.9624589141e-04 -4.6556011459e-04 7.5191420798e-04 1.2177582419e-04 -2.5917238538e-04 -2.7692397724e-04 2.4981366901e-04 -7.8836665534e-04 -3.5819802234e-04 -2.8262806994e-04 -3.6388560429e-04 -9.1658284667e-06 -1.7431090071e-04 9.9932412719e-05 4.2635442918e-04 3.2472771025e-04 8.6012342943e-04 2.3846958467e-04 6.7727360594e-05 2.7228275634e-04 -4.2303833429e-04 8.1472187137e-04 6.6724737552e-05 -6.4554760124e-04 5.5211241093e-04 -1.3899161095e-04 -8.5923600454e-04 1.2383566105e-03 2.3950175687e-04 1.0309044325e-03 -5.2670242283e-04 7.5400884864e-05 2.7437478979e-04 8.9584008159e-05 3.1719614523e-04 2.1898240201e-04 1.9382012814e-06 3.3322218039e-04 -3.4378556184e-04 1.1832093448e-04 -2.1310284896e-05 4.2783674843e-04 2.9935812075e-04 -5.4046359304e-04 -4.9284937432e-04 -3.3224763443e-05 2.3298892195e-04 -3.4874550527e-04 2.7948735638e-04 6.7967909979e-04 2.0873833915e-04 -6.4291546121e-05 -5.3859913589e-04 -1.4621379708e-04 2.2412379098e-05 -2.7207683496e-04
-1.5219707271e-05 6.7971634041e-05 -1.4498829994e-04 -2.3496994704e-04 4.6796405159e-05 -1.1771483637e-04 -1.0119351294e-04 -1.5654671666e-04 2.2310604921e-04 2.3827912256e-04 -6.4121880917e-04 9.2519454468e-04 1.2953452402e-04 -2.9011015292e-04 4.3527502051e-04 5.7874086030e-05 3.9245137540e-04 -3.6080776880e-04 -7.4719466510e-04 4.1710029136e-04 -4.1750644908e-04 9.8297074572e-04 1.0005951924e-04 -6.8399856412e-05 -2.9858956059e-05 -7.6426623062e-04 -1.7274090198e-05 1.9498311768e-04 -4.1657178884e-04 -1.0200653922e-03 -5.0394622272e-04 5.6268006054e-05 2.8914793011e-04 1.8503896290e-04 -1.5410805237e-04 -7.0385253969e-04 9.9855291284e-05 -1.9389961479e-04 -3.4773359752e-04 -9.7141451388e-05 -8.0324296878e-05 -3.5543660964e-04 1.6798499465e-04 6.7213879088e-04 6.0440323642e-04 -4.2852031676e-04 -1.2137244438e-04 7.7025954059e-04 -1.7188507675e-04 -1.7865810955e-04 4.7694234823e-04 -2.0983156745e-05 -8.4933209257e-04 -1.2349367586e-04 5.9246944993e-04 -9.0827199599e-04 -2.9375885236e-04 1.2753625413e-04 3.4960769230e-04 -6.5515922502e-04 5.0877632874e-04 -6.8865012695e-05 -3.4774795794e-04 4.2332705225e-04 3.9824484789e-04 1.9950416974e-04 4.9522895083e-04 -2.4605842296e-04 -7.2948567623e-04
8.9556048959e-04 4.1045601594e-04 4.7777429407e-04 -4.6301068626e-04 -9.3350829347e-05 -7.6416532825e-04 2.0270564206e-04 -2.9364991638e-04 6.2406623559e-05 -7.2720644462e-05 -8.1226936082e-04 -1.9376945062e-04 -4.4511236467e-04 -1.9230586272e-04 2.1005679800e-04 6.7472290179e-05 -7.0716941004e-04 -1.3876788063e-04 -4.0729896354e-04 -6.2675759646e-04 -4.8909872694e-04 -1.7944268542e-04 3.1940066010e-04 6.9119177288e-05 -6.6625898111e-05 -6.5591206081e-04 -4.1092885301e-05 -9.3894105798e-04 1.4583948164e-04 -1.0190108739e-04 -7.4385058170e-04 -1.6534174137e-04 -4.6097230464e-04 4.8400166203e-05 2.2326007443e-04 1.2128015547e-04 -5.3675760913e-04 1.4261176364e-04 1.7073511338e-04 4.1641198892e-04 -1.1020230371e-03 -3.2277922787e-04 -2.6919595343e-05 -4.0689292755e-04 -1.5719616289e-04 -7.1410298381e-05 9.3789586330e-04 6.3539347098e-05 2.2836550231e-04 2.1827776855e-04 4.6086855314e-04 2.7722946873e-04 -2.3317902463e-04 -2.3801981726e-05 -6.6263431273e-04 -1.4252536637e-04 2.5890098300e-06 -3.5270402570e-04 7.0838731120e-04 -1.2925154045e-05 2.3004618054e-05 1.9432484043e-04 -2.7192122152e-05 4.0587711146e-04 3.7646874716e-04 -1.3583748079e-04 8.3649892714e-04 5.3456765076e-04 4.3320911007e-04
-2.3489405267e-01 2.4024794897e-03 2.3165098580e-01 2.2627516372e-02 6.9426258674e-02 1.1687037154e-02 2.3881768248e-02 -2.9762915441e-02 1.0541005618e-04 -3.5836590367e-02 -3.6774719561e-02 7.2223744253e-02 1.0925215026e-02 8.0942060722e-02 -1.1022309482e-01 -4.9493316442e-02 2.5543532927e-02 -7.3669908820e-03 3.7003316223e-02 -8.6322227841e-02 -3.2036156623e-02 2.7026971835e-02 -1.3419949283e-02 3.2393242039e-02 -1.5968654666e-01 -2.6641480359e-01 -8.4905587292e-02 -3.1514798185e-02 -6.6928493013e-02 -5.2063136117e-02 -8.7414930776e-02 -5.3353609893e-02 5.8419293403e-02 4.1240570674e-02 7.9630952710e-03 -2.0299555666e-02 -1.9189799687e-02 -1.3377540019e-01 -2.2283519938e-01 -4.7596609038e-03 4.9875645074e-02 -8.5799508764e-02 8.8087061003e-03 -2.6670363133e-02 -6.9168988146e-03 -1.4316515809e-02 -2.1871839322e-02 8.9177958315e-02 -2.2230166819e-02 -6.7532551835e-03 4.8420935302e-02 -2.8825267686e-02 4.3827466812e-02 9.2251365748e-02 9.9657801872e-03 -7.0564654883e-02 4.9206804527e-02 3.3844427873e-03 9.5785549652e-02 -8.2998634561e-02 -4.9833235793e-02 2.1427020654e-02 8.2381282848e-02 -2.6347332154e-02 6.0842318918e-02 2.7983133094e-02 6.9274601384e-02 2.8996469713e-02 1.0058363665e-01
-2.2363064174e-02 5.3906341943e-03 -2.2996005123e-01 1.1788873230e-01 7.7843510937e-02 -4.9765105893e-02 7.1261674871e-02 9.1502140529e-03 4.9549801463e-02 3.3572742164e-02 1.1221200200e-01 7.3953333014e-02 -4.4221595692e-02 -7.5075576511e-03 3.6719128935e-02 8.8874562447e-02 1.0740723137e-02 -3.4708507677e-02 2.9679554171e-02 3.4432709151e-02 1.4272437858e-02 5.2345964745e-02 -6.4311525074e-02 4.9299937075e-02 4.4993660016e-02 -2.3181353868e-02 -8.0336382692e-02 5.5250023903e-02 2.3847977162e-02 2.0684195805e-02 -7.8500149598e-02 -2.1466272355e-02 1.5399823760e-01 2.8282006367e-02 -5.3205369763e-02 6.1858586656e-03 5.6088631596e-03 -1.3608511545e-01 -8.0573746795e-03 -3.6903601607e-02 -1.6490924023e-02 -2.9920013081e-02 6.2840985987e-02 3.4644301984e-02 -5.9350739157e-04 -8.6037650593e-02 6.8569988372e-02 8.3968176566e-03 3.8577793296e-02 5.9941119470e-02 -6.9299643874e-02 -4.1513903126e-02 5.2373247251e-02 -3.3351897568e-02 6.6430939267e-02 -2.6591340896e-02 -5.1548577906e-02 6.7923774134e-02 9.1405620434e-02 -5.2365914324e-02 1.2011270179e-02 -5.3325031626e-02 -4.1180718602e-02 3.2868022874e-02 -6.4134961808e-02 -4.7064533726e-02 1.0228423326e-02 2.7147058916e-02 4.6717990746e-02
3.8395009349e-04 4.0696077849e-05 1.4046411005e-04 -1.0574684315e-03 6.0139404406e-04 5.7605987102e-04 -7.5973701177e-04 9.2974600000e-04 -8.2019423094e-04 -3.1288364076e-04 -8.8101947856e-04 1.3901063039e-04 -2.9565865522e-04 7.9025623842e-04 2.0051320051e-04 2.2789015295e-04 -3.5566641511e-04 9.2054121811e-05 5.5873910392e-04 4.7592638015e-04 -8.3766451038e-04 -7.8293663396e-04 -3.0216580059e-04 8.1120571986e-05 -5.3472566963e-05 -6.2344431196e-04 -3.1271411789e-04 7.1359247983e-05 2.4153641328e-04 6.5131801559e-06 -3.0259933144e-05 3.4284648839e-04 -3.1787122085e-04 8.5270980033e-05 -8.1159884318e-04 1.3681511011e-05 -1.3155348428e-04 -2.8124644751e-04 -1.3326107117e-04 -2.6091072857e-04 6.9268383452e-05 4.5317864759e-04 -1.9164052457e-04 2.6850479722e-04 -1.0845055496e-03 6.6034320329e-04 9.9710579567e-05 2.5981692521e-04 -1.8763261293e-04 -9.5616056612e-05 6.3302099058e-04 1.2926257933e-04 -6.8795673780e-04 8.5762887650e-05 -1.1922816288e-03 6.8493616143e-04 1.9328394320e-04 -5.1529960059e-04 5.0002542035e-04 1.3416635890e-04 -5.5902868597e-04 -9.4549415898e-04 -4.9074828480e-05 -3.4353157858e-04 -3.0650531331e-04 7.6752893051e-04 3.9663115024e-04 5.4118148227e-04 8.5952254008e-05
-3.5357412531e-02 -1.2981835040e-02 2.7561288411e-02 -5.3922017840e-02 5.5246216903e-02 -1.1735598227e-01 -3.1656198162e-02 -4.3666530216e-02 -3.4044380994e-03 1.0557361383e-02 -5.4900455589e-03 5.4355535042e-02 6.7168051887e-03 6.3671425795e-02 3.5339384812e-02 2.7907503449e-03 -4.1924844403e-02 3.4966365891e-02 -7.3530129676e-02 2.1958779721e-02 -2.1846903399e-02 -3.2132789100e-02 -4.6177274372e-02 2.9288893256e-02 -2.2816562747e-02 -6.3907410841e-02 -5.9573227776e-02 -4.0978053412e-02 2.8259779566e-02 4.1768099546e-02 -5.7877812374e-02 3.2289440552e-02 -1.7133444279e-01 3.8461882918e-02 -1.1161538439e-02 7.6562040485e-02 -9.9298805756e-02 4.1365896744e-02 7.6980007415e-02 -1.4392660913e-02 3.0039213084e-02 8.6521443815e-03 6.9230521973e-02 6.5057315308e-02 1.0698232835e-01 -2.3861578215e-01 -8.6174427199e-02 -3.7935685918e-02 -9.6938361889e-02 1.0297289558e-01 2.5941112581e-02 6.0857373803e-02 -9.0814611228e-02 -1.2576412420e-02 4.2748797964e-02 2.4244140736e-02 4.8562799251e-03 7.2550080225e-02 -1.6432194665e-02 -3.4251562522e-02 5.1389733825e-03 -5.6744870741e-02 1.4968926681e-02 -2.4698143534e-02 7.9848006120e-02 -2.3491835640e-02 -4.8945332232e-02 1.6632680019e-03 4.9163065152e-02
-1.5457253807e-01 9.3093888924e-03 -4.7621204507e-02 -2.0609142875e-02 4.1342068780e-02 -1.8438885561e-02 3.1731641500e-02 3.0910839585e-02 2.2183222473e-02 7.5449160328e-03 2.1908417995e-02 3.7160536767e-02 3.0052424936e-03 4.5141644896e-02 1.1030318507e-02 6.7335713153e-03 2.3148324450e-02 -2.6193076857e-02 3.7799148698e-02 6.9101261017e-02 2.0372447765e-02 1.8400903461e-02 -2.1407078897e-02 -3.6040785640e-01 -4.6659841939e-01 -1.5408784399e-02 -4.2023159361e-02 -4.8629715487e-02 -1.2821599691e-02 -9.4667217979e-03 -3.9229529019e-02 -8.0036506880e-03 -8.7578097464e-02 2.0289944321e-02 6.6406146961e-02 2.2890247915e-01 -6.0028201689e-02 5.5679167670e-02 1.9256266721e-01 -9.3482151668e-02 1.6026944278e-02 -4.5367235493e-02 -2.5972448752e-02 -3.9950684850e-02 -4.9459346777e-02 -3.3972428709e-02 -6.7700969857e-02 3.9899922231e-02 -1.4101802528e-02 -1.8589311361e-02 -5.7671952607e-02 5.1277689185e-02 -2.6283363637e-02 -1.1563735908e-02 -3.6262238804e-03 2.0917761580e-02 4.5318019584e-02 -5.5914320794e-02 -1.8930655781e-02 -4.9755905771e-02 -7.9632213004e-02 8.3917494559e-03 5.6683435556e-02 -4.4652120996e-02 -1.9829741039e-02 -1.2872391480e-01 -1.7231287714e-01 8.1537948829e-03 1.2311825333e-01
-8.6076148172e-02 1.5754517743e-04 2.3905811562e-01 4.6333179040e-02 9.0121830004e-02 -1.7712243753e-02 3.7874558101e-02 -2.4533532744e-02 1.5928447548e-02 1.6339604209e-02 -5.2345612523e-02 9.0304093969e-02 7.3985573485e-04 -3.9329312278e-02 4.6479309075e-02 -5.3922010304e-02 3.6079889377e-02 3.5321007761e-02 -3.9079994231e-02 2.5136069729e-02 -3.0040239725e-02 3.6962148759e-02 -3.4079576427e-02 4.6406793773e-02 6.4862240335e-02 4.8717247789e-02 -9.2503621105e-02 -6.7349086318e-02 1.0000758939e-02 8.0415224281e-02 -9.1299042514e-02 -7.7269765702e-02 -2.1136904578e-01 2.1633189296e-03 -3.0835596172e-02 3.8096085903e-02 -5.7204161936e-03 1.5746225998e-01 -4.1276270239e-02 -1.1105021407e-01 -8.9885125314e-02 -6.2834205690e-02 -9.7269060011e-02 6.6989858638e-02 -1.9941201988e-02 2.8247491924e-03 9.7787654856e-03 -1.7458155773e-02 4.2877706693e-02 -7.4415091550e-02 6.2648171814e-02 -2.3314450716e-02 -7.5484540794e-02 -5.2247671418e-03 -6.5629678536e-02 -2.7103769442e-02 5.6324744999e-02 -2.2418038990e-02 4.4689719927e-02 -1.3140453891e-03 1.3714831581e-01 2.4850823473e-02 -3.4252050561e-02 -2.6872511439e-02 -2.9687209764e-02 -4.2104337961e-02 9.5789359428e-02 3.5787349053e-02 4.4262478480e-02
8.6480075959e-02 2.2332528031e-02 -7.5002646946e-02 2.5076511994e-02 9.0096593999e-03 -5.5464724276e-02 2.1199630073e-02 -8.9545183841e-02 -4.2616779641e-02 -1.7187371701e-02 3.4233821457e-02 6.7606820352e-03 1.0370459199e-02 -6.1489074853e-02 1.1181140862e-02 -2.5775949344e-02 -5.7722652029e-01 5.4382434857e-02 -1.0801002338e-02 -1.6069248690e-02 8.9198071072e-03 -2.7277815900e-03 -3.1811239536e-02 7.1906471763e-02 1.4355682609e-01 2.6989916946e-01 -1.2320560301e-02 6.0002987903e-03 -2.3450389356e-03 -8.5525816517e-02 -8.0838746058e-03 -7.9269887863e-02 -2.4236764775e-02 -3.5531133381e-02 4.2629017791e-02 -1.3504478492e-01 -3.3399402482e-02 -1.8740258522e-01 -2.1372852870e-01 -4.0359903040e-02 -2.6717126641e-02 1.4017415704e-02 -3.0465174669e-02 7.5157220441e-02 -4.1421499031e-02 -5.1410871720e-03 -3.3217883541e-02 1.9291503355e-02 1.8213053472e-02 1.0709075749e-02 3.7154276811e-02 -1.0662600627e-02 2.5161100479e-02 -6.3099891646e-02 2.7182389795e-02 3.4363885482e-03 2.7551471794e-02 -7.5883837065e-03 -3.7798892481e-02 -4.0657178707e-02 -3.8558662373e-02 -7.4461585150e-03 2.3759719025e-02 6.2129847563e-02 3.2597590107e-02 2.0503804274e-02 5.1776849049e-01 -4.6114763299e-03 -1.6141187178e-02
-3.6048333474e-04 3.0326363599e-04 -4.3793137368e-04 1.6555451134e-04 -7.9678806469e-05 -5.2413364006e-04 3.8019725087e-04 9.3830896403e-05 6.1180863182e-04 7.5889365528e-04 3.5837570157e-04 4.8914251467e-04 1.8805884324e-05 2.3346848696e-04 4.2513958822e-04 4.3587823780e-05 -4.7269666280e-04 -4.2965214281e-04 -2.9076502048e-04 1.9546851373e-04 4.8639082287e-04 6.2704389798e-05 3.8285156011e-04 1.8594076846e-04 -3.8057686650e-04 4.6175146066e-04 -3.9393396418e-04 -1.1584543423e-04 2.3584879859e-04 4.2869985270e-04 -1.7742073933e-04 7.2979104507e-04 -2.4795000436e-04 2.6984677390e-04 -3.0785190969e-04 -5.4581355962e-04 -4.4921717317e-04 -1.1598207627e-04 -6.3822044158e-05 -5.3647100708e-04 -2.1016838630e-04 -2.4056680771e-04 -3.7078947828e-04 1.8985968531e-04 1.9470474381e-04 4.1560043678e-04 -9.1806704213e-04 -1.0416279504e-04 6.0688051948e-04 -5.3472248679e-04 2.6718512513e-04 -1.3110465678e-04 -1.5757703840e-04 1.0395908222e-04 1.0916035886e-03 2.0183296707e-04 8.8396297943e-04 -2.7699158940e-04 -2.1780120007e-04 2.4631664660e-04 3.9123839850e-04 -1.3884331679e-04 -8.4071383323e-04 4.3899734129e-04 -2.8225372118e-04 -7.8337846187e-04 6.0283337418e-04 -1.4448808505e-04 -7.4960233345e-04
-5.6283247692e-02 -3.9821952856e-02 -4.6563902601e-02 -1.3699535744e-03 7.5844494022e-02 9.5203739457e-02 -8.1789426739e-02 6.1238507151e-03 4.7559374378e-03 1.6195472108e-02 1.5165751840e-02 7.7234091404e-02 5.7590692721e-02 1.5799397789e-01 1.6804512277e-02 -2.2300026157e-02 -8.1609550006e-03 5.1750569962e-02 -6.8319596703e-02 1.2559107489e-02 1.6322607021e-02 6.6845500021e-03 1.4076806595e-02 -1.0556353502e-01 2.7691600662e-02 -2.6744822060e-01 -7.7797074057e-02 -6.5842775161e-02 -2.9630769290e-02 1.7414947661e-02 -7.5624170945e-02 1.6862613019e-01 9.6972613369e-03 9.1039276561e-02 2.5336402099e-02 -1.2997259419e-02 5.9572552030e-03 -6.4733282917e-02 2.9760016671e-03 3.2627488051e-02 -2.2919899588e-02 1.3925839699e-02 2.7300913613e-04 1.1874535618e-01 -1.5724832867e-02 9.0393811260e-02 6.4497814988e-02 4.9853544076e-02 6.1684996948e-03 -1.1092013012e-01 -1.0091920065e-02 -2.6823505993e-02 -3.7309427463e-02 1.9235581940e-03 4.5445481629e-02 -4.4155092379e-02 -5.7416024195e-02 5.1767072517e-02 5.8633393094e-02 5.2910628310e-02 -2.6630610717e-02 -2.1798670028e-02 -7.0490271900e-02 1.6350651284e-02 -3.9920691274e-02 -3.0672885555e-02 -2.5152232324e-02 -2.9479824924e-02 2.1803616723e-03
-1.7826189954e-02 1.4162626057e-02 -8.9982829744e-02 -4.7129919630e-02 5.2823010263e-02 7.0916646433e-02 2.7285158957e-04 3.2147973053e-02 8.4196549810e-02 9.8541581461e-02 1.4184018816e-01 5.1630743090e-02 6.3422312454e-03 4.2700225258e-02 -7.1923465390e-03 -8.1924880476e-02 2.8849573549e-02 6.3677135435e-02 -3.1219109561e-03 3.6549399206e-02 2.3373360695e-02 2.5353084445e-02 3.1330711973e-02 5.2435349707e-02 -2.0861414835e-01 -3.9707481988e-03 -5.4919640194e-02 -3.9528346918e-02 -3.1587836871e-02 -4.0987393092e-03 -5.2536379908e-02 -5.1420063467e-01 2.8174493207e-02 -1.4574017608e-03 1.4305988283e-02 6.5466196502e-02 -2.6279305445e-02 -1.8851239464e-02 -2.2964966274e-02 5.8412347936e-03 6.5543778107e-02 -3.1608177699e-02 -1.3664845270e-02 -1.5784837195e-01 6.6742406272e-02 2.3862706766e-02 2.6405475050e-02 -7.2647200118e-02 1.2592741581e-02 1.2718309058e-01 -5.0378698422e-02 -4.0443169100e-02 -7.0535254102e-02 3.1907806740e-02 4.9504259013e-02 5.9939480823e-02 4.2742768767e-02 2.1334608812e-02 -6.4672577183e-02 -5.1010330202e-02 -8.6339494389e-02 1.7268235398e-02 -7.9509021967e-02 4.5828315947e-02 4.7778216482e-04 2.1815080253e-02 2.8056558373e-02 1.0117052625e-01 4.5753073392e-02
2.3743224262e-01 -1.7479852408e-02 -1.4199977755e-01 -3.7758078735e-02 2.0052473578e-02 -7.4671168929e-02 3.2933638929e-02 -6.6216678919e-02 -2.4794220172e-02 1.3060683898e-01 -6.6767872099e-02 1.9479884882e-02 3.7772352842e-02 -3.0065010758e-02 -6.5591349694e-03 5.5312210221e-02 3.2315101794e-02 3.9448187742e-02 -1.2733657587e-02 -1.2531027156e-02 -3.4585333644e-02 4.1354849773e-02 2.8434927802e-02 -6.0442352991e-03 -3.3301860620e-01 -1.8134405056e-01 -2.0204528099e-02 1.6016320771e-02 1.2514831321e-02 1.9565956812e-02 -1.9371916642e-02 -2.8674512223e-02 -1.5150789343e-02 -7.3160052790e-04 -2.4277886374e-02 -1.5545303365e-01 -1.6526139244e-02 -1.0995962551e-01 -1.4857064691e-01 1.2320836131e-02 1.6256743676e-02 6.7544036095e-02 -5.9651489857e-02 9.6955472526e-02 -1.5536890676e-02 3.7004838035e-02 -1.7333729945e-02 2.1236733062e-03 -2.4244553079e-02 -1.9068545762e-02 -2.5305949315e-02 6.5433819887e-02 -1.0643655136e-02 -7.1734587036e-04 3.9037443142e-02 7.7058061895e-02 1.9214134095e-02 -1.9729689197e-02 -2.6665692332e-03 3.3840405979e-02 5.7770159533e-02 2.8342385414e-02 8.1568125382e-02 -4.3114619354e-02 7.6126656657e-02 8.4241036179e-03 1.0136752202e-02 4.5780546251e-01 -8.2846342418e-03
8.0502813576e-02 -1.5493351571e-02 6.1450047072e-03 -1.8605134890e-02 7.7689170970e-02 6.0507725462e-02 -1.4889192063e-02 -3.2643170272e-02 -2.9531852888e-02 3.3930413469e-02 7.4747332507e-02 7.5867299227e-02 1.3342974097e-01 -8.7869626131e-02 3.7428145651e-02 2.5936305305e-02 4.2433706429e-02 4.5170444646e-02 9.3646551720e-03 -3.0488731425e-02 -3.8607512461e-02 -6.1436183722e-02 -3.3462124552e-02 1.3208390027e-02 -5.1552046086e-02 -7.4291075036e-02 -8.0030761429e-02 1.9376406524e-02 -9.4842889258e-03 -2.9434686148e-02 -7.5881168702e-02 -4.0578914086e-02 -1.2857428265e-01 -3.0923115990e-02 -7.8369842436e-03 -3.3990372276e-02 -1.2881681251e-02 -9.3827905874e-03 5.7439856004e-02 -3.9446050350e-02 1.9180172645e-02 8.1763804587e-02 -5.1061989972e-02 7.9752404715e-02 1.8045228990e-02 -6.0622119438e-02 1.5691477740e-02 -4.8734611326e-02 -2.9129486784e-02 6.7466228592e-02 -1.3138145714e-01 -3.5544891826e-02 9.1392819945e-03 -2.3048258749e-02 -3.1203205572e-03 -1.4671232876e-01 -2.4572335302e-02 -7.9101909627e-03 -9.1053935444e-03 4.0630254098e-02 5.6604184572e-02 -2.0962381269e-02 9.5429256549e-02 6.8823553247e-03 2.1124850494e-02 7.0927081946e-02 -2.3380943355e-02 2.9497317912e-02 1.1856100019e-01
-7.1913952260e-04 1.5200442276e-04 -3.4646346022e-04 -6.7910967426e-04 -2.3998571288e-04 5.5199855408e-04 1.0352802590e-04 -5.4947894953e-04 6.0663665604e-04 9.2739618477e-04 5.4072272370e-04 1.2717303685e-04 1.0013730790e-03 -1.3028332326e-05 2.4987114736e-04 -3.6364305946e-05 9.0768697355e-05 -2.2789977500e-04 3.4511316851e-04 -4.6669269125e-05 7.4990417159e-04 -8.6471809083e-05 5.5364512639e-04 -4.5537389329e-05 7.0892696288e-05 6.7856890592e-05 -1.8514578943e-04 -2.1138427898e-04 5.6648474429e-04 -6.2582640879e-04 -5.4674382843e-04 -9.3687674561e-05 5.0621337786e-04 -1.1996241737e-04 6.7390787853e-04 5.4155014415e-05 6.5158713173e-04 -2.1955744345e-04 -2.1547277925e-04 -5.1212909223e-05 2.9511181962e-04 -4.6320446124e-04 2.2851560471e-04 -1.0833266773e-04 -2.8114519126e-04 3.4268385571e-04 -8.0446555530e-05 6.7088675716e-04 7.8519362501e-04 1.0763142587e-04 -6.4005968274e-04 -6.5751483747e-05 -3.2123984473e-04 -8.3291191336e-05 -5.4393730004e-04 1.7626185041e-04 -4.4656762788e-04 5.9140157370e-05 -5.8916516024e-05 9.2353766348e-05 2.4626615354e-04 -5.6879187467e-04 2.5056664761e-04 2.5859446785e-04 2.5610312706e-04 4.7853398104e-04 1.8834609670e-04 -1.5708789234e-04 -1.1475955834e-05
-3.2962750432e-04 -6.1484749373e-06 3.1367869215e-04 6.2254237362e-05 -5.4880263900e-05 -4.9411470763e-04 -1.9080426482e-04 -1.5836933612e-04 2.8364561928e-04 3.9328742447e-04 2.3960999547e-04 -2.5256400539e-04 1.3938656011e-05 4.4468600475e-04 5.2240460571e-04 -5.9296057640e-04 -6.5176434895e-04 -3.6047729720e-04 5.9407975366e-04 -4.0555291229e-04 5.9362271333e-05 6.1161148467e-04 -4.7333794612e-05 -3.3341840308e-04 -3.9062921484e-04 -8.6446948832e-04 3.6012769904e-04 -2.4903409928e-04 3.3798886278e-04 7.8817036055e-04 -6.0373367650e-05 2.4112361968e-04 -4.0344249492e-04 -1.7517038178e-04 6.1249518790e-04 2.1331175318e-04 -3.4123947080e-04 -2.0136599181e-04 -4.9360606660e-04 -1.8518257192e-04 -3.2944762965e-04 -1.5390002255e-04 -2.0702828088e-04 -4.1055380491e-04 -4.3826910675e-05 -6.4724914317e-05 -1.0460386459e-03 -4.0953119485e-04 5.1687955863e-04 4.2538399867e-04 -2.9878211883e-04 -2.5104631826e-04 -4.4252886170e-05 2.6437702194e-06 -1.4076932812e-04 1.3123238586e-03 4.6752142104e-04 1.7016449651e-04 9.7866042303e-04 -4.2424367399e-04 1.2829814903e-04 -6.3073527815e-04 -1.6734855773e-04 2.4046745489e-04 -6.2451640019e-04 2.1878002887e-04 4.6120650601e-04 -6.0094719934e-04 5.0246044972e-06
2.1432037699e-04 4.9000360155e-04 4.1011305669e-05 6.1165645610e-04 7.0752622898e-04 1.5173388881e-03 -1.7827897566e-04 2.8558970316e-04 3.4063690050e-04 1.2992703043e-04 1.3320799493e-04 8.0666434410e-04 -3.3810749194e-04 -4.4825224150e-04 5.0000251558e-04 3.2577004418e-04 -2.3485385588e-04 -5.1789373143e-04 9.1572721618e-05 -4.9604644391e-04 -8.2760838773e-05 5.4024126195e-04 6.7114067102e-04 4.3733369256e-04 5.6384963582e-04 -1.2923094075e-04 -1.2098635275e-03 -4.7850372978e-04 -1.2734634077e-04 1.5521862544e-04 4.8156513136e-04 3.8532156981e-04 2.9432738108e-04 6.5422659922e-04 7.8767494111e-04 7.1569199820e-05 -5.0118709377e-05 -2.0589491382e-04 -1.0363742067e-03 -6.4978088496e-05 1.9204085908e-04 -4.9624917648e-04 1.3686578429e-04 7.9713346801e-05 -2.1867387810e-04 1.4814474429e-04 4.3768285739e-04 -2.4130524569e-04 9.6812488231e-05 2.8438337301e-04 1.5738703167e-04 -8.3978486168e-04 -6.8904268817e-04 4.0149805709e-04 -4.6544087140e-04 -8.2030724455e-04 -4.2195069290e-04 -5.9787606128e-04 2.4215595502e-04 6.0581240169e-04 -5.3655306023e-04 -1.2194438937e-04 3.4905143315e-04 1.2176993498e-04 -9.7037655104e-04 -2.5027634098e-04 3.9867954869e-06 1.9106930596e-05 3.8189641241e-04
5.5032949872e-04 3.8338410445e-05 -8.4830352654e-05 -7.0940605172e-06 -5.7274883818e-05 -7.1855939957e-04 -4.5858170803e-04 -4.9901784184e-04 -1.0820778220e-05 1.0654739275e-03 -5.6397014874e-05 -1.1934610160e-04 2.3057623230e-04 -2.0899877382e-04 3.9706809496e-04 1.5943703075e-04 -4.1857115264e-05 -1.9782211324e-04 -9.0892237081e-04 -3.0981957876e-05 -1.0757798447e-03 1.0432488651e-04 -4.0169112409e-04 2.6703873100e-06 -2.4491280066e-04 6.6021291797e-05 8.5143117568e-04 -3.6378709730e-04 -8.4668179551e-04 5.3601155200e-04 2.6522237084e-05 3.2487607919e-04 -7.0182259713e-04 -4.5318719002e-04 4.4066614630e-04 5.5904408644e-04 -5.2670429501e-04 -2.3284234608e-04 4.8281823472e-04 -6.4723587047e-04 -1.2346848143e-04 -5.6580050022e-04 -5.0111434057e-04 5.3013353832e-04 -3.9144530520e-05 8.9403955867e-04 -3.4573017770e-06 1.5358454978e-04 -3.6446066461e-04 -9.9318011662e-05 1.8535339785e-04 -3.4626677779e-04 -1.8332961011e-04 -1.3748992098e-04 5.3910222776e-04 7.0712168883e-05 4.3017174618e-05 -4.2215054354e-04 3.7821028193e-04 -3.4505527434e-04 2.5075415245e-04 -5.2622497615e-04 -1.2097334466e-04 8.6967274793e-05 -1.1057455313e-04 -4.5407039520e-05 1.1042397094e-03 4.1019443806e-04 3.6504188369e-04
-2.4266463913e-04 -3.4228947895e-04 3.6989467261e-04 2.1222845622e-04 1.2496355000e-03 4.4192084799e-05 2.8064480244e-05 6.5992025190e-04 4.2801192485e-06 4.7184423044e-04 5.3377431771e-04 8.7617691454e-04 5.7850247216e-04 2.1143317752e-04 2.2523367496e-04 2.7172479884e-04 1.2462253117e-04 5.8963525973e-04 -6.7142803975e-05 -1.9102254844e-04 -2.7823657137e-04 -1.4571670448e-04 -1.8976252756e-04 6.1290909149e-04 6.5818392424e-04 -1.8168901824e-04 -1.4550992975e-04 -1.9178386527e-04 2.3018721563e-04 2.3096186776e-05 1.9730980154e-04 -2.0024757347e-04 -3.6886185802e-04 6.3266409153e-04 -4.9215514474e-05 -7.4244637445e-04 1.4789587837e-05 -5.2642389457e-04 2.4034052917e-05 -4.6353634469e-04 -6.4261955904e-05 7.0182953547e-04 -8.8558303578e-04 -2.2039899557e-04 -2.7858391812e-04 -5.2915012353e-04 9.4187162657e-04 5.6357925396e-05 -6.1948202185e-04 2.7833342032e-04 7.1338310896e-05 -1.2706855831e-03 -1.2845129236e-04 2.2001441328e-04 -7.6279587052e-04 3.3096183273e-04 4.8706326086e-04 4.4311730316e-04 2.1846194123e-04 6.1396227605e-04 8.2656965109e-04 -1.5383792104e-04 4.1868024213e-04 -2.2393921611e-04 -7.7111583923e-04 -4.2451464722e-04 -5.9799718315e-04 2.1349477096e-04 -3.2773741955e-04
1.3551297315e-01 -3.3230416747e-02 1.2695054033e-01 1.0070789036e-01 1.1865009179e-02 3.9767541264e-02 1.0810161002e-02 5.1972669183e-02 2.7734062447e-02 -7.7689615270e-02 -8.2787293156e-02 1.1563171686e-02 -4.7663627910e-02 9.7482083165e-02 1.6689119894e-02 8.2884939297e-03 -5.0150576908e-02 1.5358315344e-02 3.4216938441e-01 3.1552532801e-02 -6.3583137505e-02 -3.2015064661e-02 1.1303271127e-01 -4.9446355952e-02 8.1267170893e-02 3.2154681509e-01 -1.1332325731e-02 -1.0692498639e-02 -4.3826477697e-02 -6.3486198826e-03 -1.1434403186e-02 -5.6594401372e-02 -6.3040653963e-02 -1.0050418307e-03 -2.1797569789e-02 5.1037031525e-02 1.8271809211e-02 -1.5077779792e-01 -3.0189242105e-01 -4.2414632702e-02 6.2185489099e-02 -3.1251173855e-02 6.5993737692e-02 1.0485414341e-02 1.0512920072e-01 -2.3493699114e-03 -1.3045856194e-02 -5.5947240191e-02 -2.1404059352e-02 -6.7558019102e-02 8.7876439551e-03 7.4347999530e-02 3.4675191492e-03 8.0380254641e-03 1.4571769778e-03 -8.9180747259e-03 -2.4568204711e-02 -7.1733559154e-03 -5.0611954875e-03 6.0430896819e-02 1.1491581240e-01 6.0236078567e-04 6.2158240311e-04 -4.2909113650e-02 3.5521820493e-02 -2.7240736235e-02 5.8860941996e-02 -4.2968048196e-02 -4.7839514706e-02
-5.1231573796e-02 2.6768461157e-03 2.6056613033e-02 -7.3778665327e-02 3.8356071972e-02 -1.3517470558e-02 2.8291531729e-02 -8.5534246054e-02 3.2596522609e-03 -2.5874887158e-02 5.2199938874e-02 3.4329750510e-02 -6.7417410607e-03 -4.9780044876e-02 -8.0835566947e-02 -1.0531793522e-01 7.2112929632e-03 4.8644709333e-03 1.0778113384e-02 -1.1225329066e-01 2.6820099667e-02 5.2214437938e-05 -5.6120768857e-02 -1.9228667201e-01 -2.1448213082e-01 -1.0957628873e-01 -3.8940751223e-02 9.7434876497e-03 1.2712827413e-01 -6.6312113946e-02 -3.7008111308e-02 1.6124663937e-02 -1.2021653991e-02 -5.8722444035e-02 1.5408788514e-01 3.5143990428e-02 -1.0134402146e-02 -1.3702746533e-01 1.4402770328e-01 4.6079336395e-02 -4.6714009484e-02 2.4549791435e-02 5.0699874584e-02 9.0150860975e-03 3.5572124177e-02 9.8160529979e-02 -2.4846123391e-03 7.5255933892e-03 4.5633771427e-02 -3.2073631553e-02 4.9955968349e-02 -2.0822850289e-02 1.7774304699e-02 -1.0123218258e-01 -4.4310009460e-02 4.1253922649e-02 -7.4029877228e-02 2.7072103772e-02 -4.4253997003e-02 3.7984929304e-03 1.2075632438e-01 -2.2166752524e-02 1.2421674598e-02 5.3472540944e-02 4.3546715600e-02 3.1080130128e-03 -5.1692289249e-03 2.2000233358e-02 -2.5568099204e-02
6.2995201078e-04 -2.9160302121e-04 3.9666280008e-04 3.5672868315e-04 4.4793904782e-04 1.0678238471e-04 -6.8026666347e-04 1.8005511855e-04 -3.2226507799e-05 3.3998387745e-04 1.1689549579e-04 1.5229438410e-04 -9.8588127579e-05 -2.7041581871e-04 -4.8375745728e-04 4.1040277778e-04 -1.4044590598e-04 2.7028657659e-05 -8.3837975929e-05 -2.1119643545e-04 -3.2003575394e-04 -4.2747712409e-04 -2.9280022491e-04 -3.5088027140e-04 8.9966192048e-05 -5.0760882100e-04 -2.4972459898e-04 3.1520616581e-04 -2.9704885868e-04 -9.6291787452e-05 7.3956905704e-04 -9.0733856860e-05 -4.5014358146e-05 -4.1215878407e-05 7.7580308458e-05 -6.5807567537e-04 -5.6822718094e-04 -2.0208206182e-04 -2.7568171679e-05 5.0740594873e-04 6.4763017565e-04 6.9062614759e-05 8.8313708654e-04 7.4148825082e-05 -3.6263345750e-04 -7.7296377867e-04 4.9053117471e-04 -8.4747231344e-04 -4.9193433601e-04 -2.8191337936e-04 6.4048223904e-04 4.1174971158e-04 -5.9357719411e-04 -3.0701518514e-04 -1.6289446209e-04 6.8443521711e-05 -5.6678734460e-05 -1.4149652613e-04 -6.8983713809e-05 -3.6009528581e-04 9.9514128510e-05 8.0266473570e-04 1.0043267050e-04 2.9737962421e-04 4.1322079212e-04 3.6308292770e-04 -2.0159408247e-04 4.9109992232e-04 9.7489583995e-05
1.1903107476e-01 9.2974167986e-02 -6.2388011666e-02 -2.7500468421e-02 6.9234321611e-02 2.0011843434e-02 2.3808285268e-02 -1.7251502674e-02 -5.9451787052e-02 2.0912914950e-02 2.5876890012e-02 6.9982337649e-02 1.5191280743e-01 4.2136526451e-02 -2.8615109310e-03 -6.5171943193e-02 -5.0083393716e-02 9.9806528434e-03 7.9636592405e-04 -1.5615004102e-02 3.8689493885e-02 7.7880445409e-02 -2.6897959943e-02 6.8625958961e-02 9.1640926839e-02 6.0944016183e-02 -7.4039261776e-02 -9.3904086232e-03 -5.2955436431e-02 -1.4963920337e-03 -7.3145066076e-02 2.4832515949e-02 -1.7954916073e-01 -3.6894289260e-02 4.2887607351e-02 -9.3851928139e-02 1.5681468868e-01 -1.1108610933e-02 -8.7665997982e-02 -5.3163585345e-02 -1.1346670424e-02 3.1665938767e-02 4.0660706998e-02 -6.7866059101e-02 -8.5246957531e-03 -4.0479468200e-02 5.9004840796e-02 -5.8362357845e-02 -3.1365273269e-02 4.3364265410e-02 9.2400224802e-02 4.9233807448e-02 6.0077465371e-02 -6.0894986468e-02 -1.8424738257e-02 -2.7480851003e-04 -2.1419852445e-02 4.8741653981e-02 6.5554002055e-02 9.8830750917e-04 1.9046164648e-02 -3.6584677899e-02 -2.5033901964e-02 -1.1879128673e-02 4.4664137659e-02 -1.6601291977e-02 1.3902828549e-01 -8.6547432899e-03 -1.0744738325e-02
9.8201546729e-02 1.7266223434e-02 -2.6975958730e-02 1.8677527464e-02 2.8075684643e-02 1.1664882246e-03 2.9161358607e-02 8.3013815549e-02 -3.9990095737e-02 3.8644413822e-02 7.6721319380e-02 2.8092835427e-02 1.6965687056e-01 5.2148310651e-02 -1.4444570493e-02 -1.2045909610e-02 -1.9918845518e-02 1.4952036239e-02 -5.4659182088e-03 1.5491913546e-02 -6.7499173579e-03 -3.2199158572e-02 -2.1487699414e-02 -1.7949125255e-02 -6.9124601121e-02 -5.5009459005e-02 -2.9257380077e-02 5.6530331100e-02 1.6037056044e-01 4.0119874855e-02 -2.8504911896e-02 -6.0110727965e-02 4.4958888085e-01 -4.4301351572e-02 -3.8639123894e-02 -2.2178186789e-01 1.2664995912e-01 -2.1544563951e-01 6.4888780901e-02 -3.2828121347e-02 5.8910867742e-02 1.0245447299e-02 1.9797211135e-02 1.2507591282e-02 -4.1505280318e-02 -1.2624124481e-01 1.3066874741e-02 4.5398641864e-02 -6.3844307643e-03 -4.4365535335e-02 1.1278750363e-02 3.7664945893e-02 -6.7328816153e-03 -1.5592317391e-02 -2.0688358861e-02 4.6390481665e-02 2.3130959610e-03 4.0124990882e-03 7.4697042728e-02 -1.0562332222e-02 6.2122811162e-02 1.2768578237e-02 -9.3748971506e-03 4.8835939973e-02 4.1205798826e-02 2.7119873953e-02 1.8039781417e-01 -9.8312046593e-03 2.1399394895e-02
3.7935158881e-04 3.3327511975e-04 -3.6039320592e-04 5.2486514891e-04 -1.8273887388e-04 -1.8103933545e-04 1.4452810116e-04 -5.6952341850e-05 3.3554796105e-04 2.8656085872e-04 4.0548473016e-04 -4.9625519810e-04 -3.2497766213e-04 -3.3001652056e-04 7.2236917497e-04 2.2870781541e-04 2.2753217700e-04 -5.5841368554e-04 -4.1208148869e-04 -4.2649785969e-05 6.6015416657e-06 1.4506806165e-04 3.0745535583e-04 6.3571834864e-04 -3.3367381291e-04 2.4010240215e-04 -6.2414484241e-04 -7.7579047219e-05 -2.2186041255e-04 -5.2082052200e-05 -1.6580280979e-04 -8.6905184343e-04 -1.5729074196e-04 -4.0238975881e-04 -3.3346063067e-04 -3.6436024010e-04 -2.0675884435e-04 3.3184228667e-05 2.5378478933e-04 -6.8172706465e-04 -4.6986490950e-04 1.8047121224e-04 -4.6425416824e-04 1.4069605524e-04 4.1268812795e-04 4.2599389342e-04 1.7636924958e-07 7.9153962940e-04 -9.1193740773e-04 -1.7089462072e-04 5.8907943838e-04 -7.7916076883e-04 -7.6265071767e-05 -3.5128693908e-04 -7.2887259402e-04 -3.0755063412e-04 -3.6009726936e-04 -2.2571762466e-04 -1.0403502791e-04 -3.5484222085e-04 -4.4446131320e-04 -3.3160441929e-04 -5.2614131618e-04 -7.4479904904e-04 -1.7867167135e-04 -6.7819167962e-04 -8.4773780796e-04 -2.4890901879e-04 -2.6493927787e-04
1.6534645638e-01 -2.8702201015e-02 -1.7610320504e-01 -4.9430699242e-03 4.5769680176e-02 1.4857724915e-02 -1.8793998480e-02 -8.4603128158e-03 2.3288518845e-02 1.5591024991e-02 -8.1901857388e-02 4.4857755162e-02 -7.5796723528e-03 3.9316821649e-02 1.7545134931e-02 -8.7091870940e-03 1.0281803672e-01 -5.4732477768e-02 -1.5864678852e-02 -1.1479342625e-02 -1.5241271340e-01 6.0709955187e-02 8.1480107483e-02 2.4760043580e-03 2.8794016308e-01 1.2735266923e-01 -4.8937373237e-02 6.6063566667e-03 1.1821994855e-02 2.9994043281e-02 -4.6065444344e-02 8.5150947287e-02 2.4347621152e-01 -7.8110103811e-03 2.4176378775e-02 -6.6767427667e-02 4.7433685490e-02 5.5321971469e-01 -3.0453972074e-01 5.2323398236e-02 -4.7324095418e-02 -4.5262309735e-02 -8.3743609841e-02 -2.3644875317e-02 5.1892124291e-02 -2.9554101750e-01 9.9113807186e-02 -7.1071744291e-02 -1.6404463383e-02 7.9898597523e-02 1.4640101850e-02 -2.7209872284e-02 -3.2828274241e-02 2.7610868034e-02 2.2908574014e-02 -4.2362284082e-02 3.4508891395e-02 3.9374093014e-02 -2.8107106269e-02 -7.0157225937e-02 -5.7059880439e-02 7.9145990010e-03 1.2308789720e-03 4.8176425315e-02 -7.7962181861e-03 3.1598787601e-02 -1.1277872900e-01 -2.2909177954e-02 -3.5765149911e-02
2.5833225368e-05 -9.3578551455e-03 -5.7447833996e-03 -1.4554593233e-02 -9.6263528070e-05 -6.8523287881e-03 6.6543967995e-03 -6.3514175922e-03 6.1955937191e-03 9.0080373222e-03 6.7545629302e-03 -1.5081869398e-05 1.2046379758e-02 -9.2181364530e-03 -6.1751269633e-03 -9.5758355380e-03 5.4127100568e-03 8.9641633510e-03 1.0780249989e-02 -9.5773621289e-03 -9.2188945055e-03 4.0444554181e-03 -1.0632389907e-02 9.9956166486e-03 -1.0411726256e-02 -1.1613912901e-02 7.5824067435e-04 -7.0553644873e-03 -9.7439114562e-03 9.1872057497e-03 -4.9770726834e-04 -6.6847679518e-03 -9.9303951659e-03 1.3407873106e-02 8.3654526698e-03 6.2117722821e-03 9.4623673653e-03 -6.4891565465e-03 7.2455285244e-03 -7.4344392697e-03 9.2003155941e-03 -7.4078471759e-03 6.8013879401e-03 5.8160875284e-03 7.1373529004e-03 -8.1314757622e-03 7.4831649487e-03 7.3692085980e-03 -5.9740008400e-03 1.0285229449e-02 9.1844150703e-03 1.5492713762e-02 8.2977536611e-03 -1.1805616046e-02 -8.1956686228e-03 -1.0832519550e-02 5.9051194420e-03 9.5305547211e-03 9.0407351538e-03 7.6151213178e-03 7.4080323961e-03 1.1447838835e-02 8.5520736830e-03 5.3861050484e-03 1.1387989314e-02 6.8732242269e-03 9.9056354558e-03 -9.4347711795e-03 6.6806484738e-03
1.9757951437e-01 -6.8299911205e-02 -2.4126612270e-02 -1.9912646304e-02 1.8592246280e-02 -3.1411465214e-02 -2.7370354154e-01 -7.1963802273e-02 1.2420416052e-02 -4.9904980462e-02 -2.2516297949e-02 1.5121190449e-02 6.0510572322e-03 -1.6019187589e-02 -1.2851580931e-01 2.3065119452e-02 2.3246730436e-02 8.3022894144e-02 -6.0045774462e-02 7.9849355112e-03 -2.0352626022e-03 -6.6462397172e-02 4.4162079868e-02 -3.2467382743e-02 -4.1082644224e-03 -5.0033809434e-01 -1.8342922411e-02 -6.7584618751e-02 1.4801533336e-02 -1.0462150975e-02 -1.6350584011e-02 -6.8615612699e-02 4.1749840846e-02 2.6113292448e-02 1.2472677648e-02 1.8952254760e-01 -9.5487276548e-03 -4.2992690888e-01 -2.6130742212e-01 -4.3983875560e-02 6.9147416063e-02 3.1286231330e-02 9.0850228294e-03 1.2852031485e-01 2.2450237908e-02 2.2759085945e-02 -8.9508946217e-03 -4.2108958361e-02 -3.2800880026e-02 1.8770973635e-02 3.4374415683e-02 2.5593490016e-02 -2.3311659386e-03 8.1862589012e-02 -8.9083634984e-03 -8.0458764301e-02 5.6323470787e-02 2.1004793345e-03 6.8508735414e-02 -6.5555317895e-02 2.0338487690e-02 -4.2629205469e-03 7.0001077283e-02 -1.6040388377e-02 -3.4753413289e-03 2.8444697067e-02 1.7775376102e-02 -3.1674273966e-02 -8.3754068646e-02
-1.4275082593e-01 -6.3334907713e-03 1.8300825193e-01 3.5266058974e-03 4.0024119344e-02 5.6341662714e-02 4.4757558245e-02 2.5126778415e-02 5.9019324440e-02 -9.6751014350e-02 7.4763648790e-02 4.0952745348e-02 -3.2918002102e-02 -5.4182552406e-02 1.4711369890e-02 -7.6728009185e-02 -1.4615214708e-02 5.9124406654e-02 3.4082040685e-02 -3.8613722199e-02 6.3997377717e-02 8.0707999745e-02 -1.1813711601e-02 -2.7882491381e-02 -1.4364451311e-01 -2.9635040498e-01 -4.2059421630e-02 1.2256108310e-03 9.6006760067e-02 1.2901735575e-02 -4.2869934686e-02 1.1276064671e-02 -9.1345857691e-02 1.8932800279e-02 1.8384908230e-02 7.2023212579e-02 -5.7660870460e-03 -2.2340841330e-01 -8.7269576391e-02 4.3451486649e-02 -4.0836024620e-02 1.7042510122e-02 4.5524821146e-03 -7.6494076771e-03 -3.6447834568e-02 6.1693875610e-02 4.3344203582e-02 -4.9859527639e-02 -7.0001440702e-02 -2.5745446031e-02 3.7104070652e-02 1.0659395172e-01 -1.5727579719e-02 1.0286773261e-01 -7.7052221506e-03 -4.5850181147e-02 -3.4116017937e-02 -1.0038699410e-02 -9.6378513907e-02 -2.1069628948e-02 -1.5877946310e-02 -3.0685284018e-02 8.8207404380e-02 2.0679184818e-02 -2.6566028321e-03 -5.3700263727e-02 8.5256021610e-02 1.6418326108e-02 -5.4517655887e-02
2.3867565469e-02 1.1393660794e-01 -1.5050109581e-02 -4.9771671705e-02 1.0814067674e-01 -2.4766987059e-02 7.6688160609e-03 2.2124572578e-02 -1.8234425785e-03 -3.1075326311e-02 1.5058204847e-02 1.0824306943e-01 1.0607748786e-01 1.2577526524e-02 -6.1142917115e-02 -7.4828342975e-02 -6.8115330594e-02 -9.0031116286e-02 -1.9986440066e-02 5.4682008106e-02 -1.3502079937e-03 1.2248845007e-02 -2.4193469329e-02 8.1556630203e-02 7.3283031289e-02 6.9995255403e-02 -1.1217365973e-01 3.8329358731e-03 1.4374018985e-02 1.2874927629e-02 -1.0806101406e-01 7.8537125322e-02 -8.2426310877e-02 -8.3645126806e-03 1.8697942116e-02 7.6610638690e-02 -6.0934189958e-02 -4.9044783119e-02 -1.7079836362e-01 2.2631778241e-02 5.8490824016e-02 -1.6163806828e-02 -2.0992386461e-02 -6.9973703158e-02 5.8892645199e-02 1.1010567419e-01 3.0432192443e-02 9.3990886275e-02 6.4571215931e-02 4.8127807694e-02 -7.2939466888e-02 -4.8980896497e-03 -5.2523296386e-02 3.4056610336e-02 6.3719950538e-02 -3.1048833081e-02 -4.9750146039e-02 -7.3920745197e-02 1.2505227182e-02 3.7384249779e-02 5.7210077543e-02 3.1496333766e-02 1.2322658741e-03 -1.2919237521e-02 -7.7039750727e-02 1.8213561636e-02 -2.1206461243e-02 1.2229892853e-02 -3.7042453405e-02
1.2796892158e-03 5.5454786073e-04 5.1463429631e-04 -1.3191749282e-04 6.3419675680e-04 -1.1813392856e-03 1.1574432223e-04 2.9150381857e-04 6.9817703192e-04 -7.5952034777e-05 4.6486445730e-05 -7.2870020489e-05 3.4465522259e-04 3.6621063919e-04 -1.3208529584e-04 -2.8210425931e-04 3.6817874023e-04 -8.3974180137e-04 4.0839735778e-04 8.1091555096e-04 -2.1876672666e-04 3.5631217779e-04 5.7423768789e-04 -6.1428860584e-04 -6.4560268007e-04 -1.3171930272e-04 1.7200442791e-04 -9.7079874162e-04 -4.0921538026e-04 1.5987906609e-04 2.3377454274e-05 4.0266372775e-04 5.6154149290e-04 -6.2904042189e-04 -4.7701461247e-05 -4.6825044284e-06 -6.8544722302e-04 6.5223097159e-05 -7.5329729965e-04 6.3618958048e-05 2.4112401357e-04 -4.7660209368e-04 -1.1872980505e-04 -1.6063059193e-04 1.0486310307e-04 -4.5929108214e-05 -9.2597777092e-04 3.3747018680e-04 1.4424686600e-04 -5.0686892403e-04 1.1073228911e-03 -3.5866306875e-04 3.6134080647e-04 -2.3218276040e-04 5.7639138514e-04 3.9327952332e-04 2.9740572643e-04 -9.7917624272e-06 4.3019389150e-04 9.8294903430e-04 -1.7457520295e-04 -8.5578731474e-04 2.7843103676e-05 5.8942862977e-04 -3.7616874139e-04 -3.5990405833e-05 -1.9042810906e-04 2.3044802997e-04 -5.0633278779e-04
1.3323814778e-04 -3.8193871091e-05 -5.3157457797e-04 -2.2031473240e-05 5.6230009843e-05 -6.9966350602e-04 1.7695101493e-04 -8.2652468045e-05 2.2155763630e-04 2.1616143178e-04 3.7978050035e-04 2.2521057403e-04 4.3135951190e-04 -2.1963546367e-04 -8.1722821100e-04 3.4080769580e-04 -2.9167385109e-04 -9.7638552802e-05 -9.2193037776e-04 5.4417162318e-04 -2.4445134553e-04 6.2915014307e-04 3.6455296482e-04 -2.1226706859e-04 2.7353778389e-05 -7.0199376795e-04 2.4178152367e-05 -3.0232884570e-04 2.0640540982e-04 -6.6157446794e-04 -7.3567485946e-04 -4.4871882677e-05 -4.2718825441e-04 -9.5401848015e-05 8.0823312919e-04 -4.1637823510e-04 -1.5874372742e-04 6.8078225317e-05 -5.1347736371e-04 8.1238437559e-05 -1.4990464438e-04 1.0892317937e-04 -3.4593119443e-04 3.5626722983e-04 -6.7161495134e-04 4.0278072132e-04 3.6101767572e-04 4.5482417993e-04 1.1144242424e-04 4.2112208065e-05 -6.1941742619e-04 -5.5969872593e-04 -6.7939982989e-04 -3.3393475893e-04 9.7356873275e-04 -2.8815676266e-04 -3.0615286607e-04 -6.1843361391e-04 6.0584115503e-04 -2.4365888870e-04 2.8127546795e-04 -4.3485320339e-04 7.1701560369e-04 -3.3801886478e-05 -7.6987648277e-04 4.8441538888e-05 7.6835663928e-04 -2.3133387321e-04 -9.7239683317e-04
7.6776404770e-05 8.2352929124e-03 -5.7862503272e-03 6.1140164888e-03 3.9989440345e-04 4.0705623313e-03 7.8171948302e-03 -7.1394400986e-03 7.6460234986e-03 -5.6965056043e-03 5.8022582695e-03 5.9144294306e-04 4.7494256753e-03 2.1503085654e-04 -6.3231476925e-03 8.5376117664e-03 5.4143157217e-03 3.4891414371e-03 4.1324403211e-03 -6.8757237610e-03 -5.2234798576e-03 -5.4437394447e-03 7.3532875609e-03 6.4640585461e-03 5.7665054154e-03 -5.3454683821e-03 -5.4000554467e-04 7.3635251764e-03 -5.9449783763e-03 5.1004151179e-03 -4.5828153806e-04 -5.5718546379e-03 -6.4236785014e-03 6.3028291666e-03 -5.7691179332e-03 5.9943666629e-03 7.5213165879e-03 8.2935456695e-03 -3.0145960942e-04 -6.0578635363e-03 -7.0304544219e-03 6.3856696632e-03 7.6500347802e-03 -7.8649687460e-03 -4.8991204260e-03 -7.0623629024e-03 8.7267574549e-03 -8.6344439921e-03 5.6624014132e-03 5.9204369238e-03 -8.1493932447e-03 5.9002656789e-03 -5.4780203062e-03 4.7923430922e-03 -8.5699597819e-04 -8.3936239882e-03 9.8344489575e-03 4.4630138850e-03 5.6648312981e-03 7.1909176464e-03 -5.4911563814e-03 -8.4690987372e-03 5.5704498000e-03 -7.9329291223e-03 4.9622545117e-03 -7.2485154148e-03 -4.8748905262e-03 7.3901059146e-03 -6.8849301000e-03
4.6054405945e-04 5.3677212050e-04 -1.3214571517e-04 -6.4281481119e-04 -2.1883841017e-05 7.8179809022e-04 6.9033583976e-04 -1.0920147123e-04 4.7894643346e-04 5.3877013269e-04 8.9812399048e-06 5.0408932879e-04 1.0056402250e-03 -4.7835235461e-04 1.8559292127e-04 -1.7603740626e-04 9.1161510275e-05 -8.7010544556e-05 4.5768691901e-05 -8.4538609927e-04 2.7225759555e-04 -4.9794149200e-04 1.2271188226e-04 1.3885620336e-04 -9.4602161925e-04 -4.9049317668e-04 -9.3607635626e-04 -5.4718913359e-04 -5.2938504935e-05 -1.5013295212e-04 -5.6310719072e-04 4.0604959321e-04 8.0112959344e-05 -3.9344279871e-04 -2.4529404046e-04 -3.6692492784e-04 -7.7562159945e-04 -4.3193205175e-04 -5.5653880574e-04 -2.2390602701e-04 4.4695197914e-04 1.4644053241e-04 -7.1515244367e-04 -5.1932068470e-04 8.5457207476e-04 6.9168181549e-04 5.8463339892e-04 1.1906992652e-03 -1.6893148129e-04 1.0714205784e-03 8.8960905029e-04 3.0023060257e-04 -3.3590218349e-04 -1.3074641472e-03 6.2907463787e-05 -7.5014778587e-05 -3.7604503895e-04 -5.2320173082e-04 -2.7380139901e-04 -2.5894808939e-04 -3.3518927401e-04 -2.7442200672e-04 1.2485916931e-04 3.3193243521e-04 1.0705463002e-03 4.3484886394e-04 5.0440491219e-04 3.9559048292e-04 2.3192131875e-04
1.5803164065e-04 -4.5266842506e-04 2.1797705431e-04 -1.2588761777e-04 -1.0532695022e-04 -6.3961022959e-05 8.9638755937e-05 -4.1573108246e-04 5.6724325763e-05 -4.7971594168e-05 5.0020505447e-04 -1.8425101998e-04 -1.5531555931e-04 -2.4630734971e-04 -1.9984210571e-04 5.1783922877e-04 -3.4507087103e-04 -9.0910891229e-05 -1.2859791113e-04 1.9301870765e-04 -1.6865077230e-04 -3.3552139774e-04 -1.4535094021e-04 5.8291586277e-04 -5.4738726687e-05 -6.3122188602e-04 -4.8144635662e-04 5.1832959673e-04 7.1402471334e-04 -4.1629842038e-05 5.2458046146e-05 -4.4164688581e-06 1.5958627635e-05 -8.7104548179e-05 -8.8266855887e-06 -1.3668840602e-04 1.8186832323e-04 -3.7883057447e-06 1.1146037527e-03 -3.2804014914e-04 -1.4295078461e-04 -1.1568393189e-04 -1.2473120022e-04 2.5760934733e-04 -7.0017281747e-05 3.9929018016e-04 -2.3971759027e-05 -1.2126097351e-04 -1.6754593867e-03 -1.9499158944e-04 -9.5060717880e-04 -9.5677386172e-04 4.1639276909e-04 -1.4829225734e-04 -5.9686255499e-04 8.0094807583e-05 -3.9139974762e-04 -5.5064884269e-07 -3.2418296271e-04 -4.2449625952e-04 9.2882360251e-05 -2.1230279995e-04 3.1746026983e-04 2.3849245036e-04 -4.4830621350e-04 3.1967765982e-04 8.9089229968e-04 -1.7351313957e-04 1.4169212204e-04
-1.1858438745e-01 -3.1612864506e-02 8.2583190316e-02 -1.2221339482e-02 1.2335644936e-01 2.3897391175e-02 -3.5320455089e-02 -1.1128763888e-02 -7.6443188179e-02 4.6664014138e-02 1.6526494848e-02 1.2194029490e-01 4.9367066665e-03 -2.5238601371e-02 -8.0816780701e-02 -2.7661792547e-02 -2.8486916590e-02 -1.3897519291e-01 -5.9895959250e-02 7.8942716722e-02 3.0470579159e-02 2.3979806325e-02 -1.7614775884e-02 5.8392997601e-02 -7.9289165736e-02 -2.5859152746e-02 -1.2779172844e-01 2.1861973292e-02 3.8597036314e-02 -6.4287554449e-02 -1.2424971375e-01 8.2447340549e-03 9.2249231321e-02 3.9928045644e-02 -4.2802671386e-02 6.0806103718e-02 1.8132250111e-02 9.6388756665e-02 -3.5352222748e-02 2.0839762278e-03 -6.6694115124e-02 7.4604812151e-02 -3.5700573195e-03 9.3613552256e-02 2.1717546559e-02 -8.1717299445e-03 6.0303723127e-02 -1.3240260990e-02 1.0311650432e-02 -9.4239225939e-02 -1.2427749569e-02 1.8194128445e-02 -4.3112575109e-02 -3.9045367844e-02 -5.2762624373e-02 7.0133884410e-02 1.0968414998e-02 -1.1446476048e-02 -3.4957994398e-02 4.2675275553e-03 -1.5969514516e-03 -2.8817115622e-02 7.8940825392e-02 8.4062879380e-02 -4.4432784064e-02 -5.1587847262e-02 -1.6349097647e-01 6.1049371139e-02 1.0154677746e-01
1.4777416117e-04 6.9264059111e-05 3.0383847019e-04 -8.2297083745e-04 1.1607545989e-04 -4.7230639735e-04 -4.4929603676e-05 3.1234896647e-04 2.7799958660e-04 -1.9542874677e-05 -3.2934812936e-04 6.7943634685e-04 -2.3814031717e-05 1.0376401764e-04 6.2567831567e-04 7.3944962382e-06 -7.1223143112e-04 -5.8066431752e-05 -5.0376275751e-05 1.5852624989e-04 -1.2506977484e-03 6.9804946735e-05 -1.4707047510e-04 1.1879580701e-04 -3.4228421549e-04 -1.0359062145e-03 -5.1380474960e-04 -3.5424676443e-04 -2.6102741923e-04 3.5465635538e-04 -2.6086875969e-04 8.4405593207e-05 -6.5610768379e-05 -4.1026278069e-05 3.8656074106e-04 -6.8718235497e-04 1.8468379557e-04 -1.9881200851e-04 1.5170430418e-05 3.4615749767e-04 -3.1967868037e-04 4.1974265691e-04 -3.5260866106e-05 7.2046355909e-04 1.0856833309e-03 9.5864902231e-04 -2.5664587029e-04 6.0215353782e-04 6.3574776866e-06 8.8040943610e-04 -2.1920085457e-04 -1.2228173278e-03 -2.3005411338e-04 -2.1371016960e-04 1.6157675433e-04 3.9395889225e-04 -2.3753336186e-05 5.8279899942e-04 -3.9326882892e-04 6.5684849457e-04 3.8028094120e-04 -1.2322966012e-04 -4.0526249450e-04 8.7392909543e-04 4.4744735944e-05 2.9749949017e-04 -3.1818604713e-04 4.4744812358e-04 -1.8775884034e-04
9.6765489262e-04 4.6245051210e-04 -3.3136869709e-04 2.1582293527e-04 -4.5511313751e-04 -2.2271737524e-04 -3.1415174397e-04 2.2642780589e-04 1.4491691082e-04 -3.0176990093e-04 -1.6949701704e-04 -5.7729765391e-05 -1.2028168064e-04 -2.0482529830e-04 4.9556464629e-04 5.1819805321e-05 2.6339370844e-04 -7.1730061433e-04 -5.1112074055e-04 5.6087101276e-04 -6.3301109426e-05 6.9779127977e-04 -2.1032920620e-04 -9.2028185158e-04 -4.3495449424e-04 -3.5700584927e-04 -5.7800856038e-04 -4.1620146422e-04 1.3072403282e-04 -1.1649465674e-05 -8.2239404871e-04 -1.0922458543e-04 5.3127311276e-04 -2.9371847504e-04 -4.8383828620e-04 1.3863729141e-04 -1.1384860814e-03 4.9312552954e-04 -8.6940614124e-05 -8.7430891662e-04 -4.0311103106e-04 -5.6525761636e-04 -3.1268788481e-04 -4.0111862724e-04 -3.6467896976e-04 3.7259484190e-06 6.1389617183e-05 -3.5244114700e-04 6.7398483849e-04 -3.8903189447e-04 1.8751786460e-04 6.7020156422e-04 1.4590433737e-04 7.8908763079e-05 -7.0860877145e-04 -4.4003382602e-04 -3.8989927520e-04 4.6897202173e-04 3.7729409168e-04 1.3125896179e-04 -1.9978410644e-04 7.8494005937e-04 -2.4773045446e-04 -5.6459871115e-05 -2.4898183713e-04 5.7846534234e-04 5.2737397008e-04 5.6003488395e-05 -5.0300253196e-04
-4.6813310266e-01 -4.1199677769e-02 -1.0205336474e-01 3.1434207346e-02 6.2917868007e-02 -1.9474851735e-03 8.5117539268e-02 -3.9233218512e-02 -4.9306045331e-02 -6.8207176769e-02 1.4919283730e-02 6.8025364665e-02 -1.7754577517e-02 4.8158635906e-02 2.2266463829e-02 7.7818290311e-03 1.5813154822e-02 -6.3404989864e-02 1.6209372598e-03 4.4474940204e-02 2.0361153659e-02 1.0054988378e-01 3.7786445650e-02 -1.7831922712e-02 1.6370697209e-02 -1.2982030829e-01 -7.3873027912e-02 1.5809941025e-02 2.7884622434e-02 1.4984345740e-02 -7.8892225257e-02 1.1141857909e-01 -1.1737919352e-01 -7.8108689643e-02 1.2233294942e-02 -8.7443908685e-02 -1.4322201943e-02 -1.7232561963e-01 9.7024557330e-03 -2.2177815430e-02 -1.0113829575e-02 2.0543814723e-02 -1.8213820912e-02 -7.7338429438e-02 4.9777970391e-02 2.1185597576e-01 2.1933936912e-02 8.0004950089e-02 -2.3990190561e-02 -3.4764500621e-02 -7.8450390951e-02 -2.5482842412e-02 -3.0015368632e-02 -2.1173935574e-03 -3.8005113364e-02 -1.7069769374e-02 -2.9484004205e-03 2.8639401699e-02 -7.9184515887e-02 5.0519199577e-02 -4.1953569888e-02 2.8131508009e-02 -8.9251805436e-02 -4.3028587271e-02 1.4832901408e-01 4.8241222082e-02 -4.3047335224e-02 -1.4093014858e-03 1.8557547054e-02
9.5229288276e-05 -1.1493085935e-04 1.0218401501e-03 -4.9494138020e-04 5.9406504396e-04 1.6207588585e-04 1.9045583501e-04 9.5759101983e-05 6.1477946231e-05 6.7229083103e-05 -2.2372055579e-04 -2.6609653234e-05 -1.4517792763e-04 -2.6747605585e-04 -6.9679863906e-04 -1.2592590404e-03 1.2851461527e-03 -1.1508042992e-04 -2.7506642203e-04 -9.0704124526e-05 -3.2915394775e-04 4.0671368842e-04 5.9426196626e-04 4.2994137219e-04 9.4221518856e-04 -1.5743506632e-05 3.5200826156e-04 2.7475154222e-04 3.4681870299e-04 -3.5661756548e-05 3.7687797869e-04 1.7240892046e-04 -1.3988681837e-05 -1.9837368488e-04 1.5396225308e-03 -6.2483001837e-04 -4.9945327462e-04 -4.3903104081e-04 -3.4568192564e-04 -6.7079078632e-04 -5.1133418192e-05 -8.6972424029e-04 8.6768287214e-05 4.0688930247e-04 -5.1446848184e-04 4.0074812557e-04 3.9602362647e-04 1.5868577557e-04 3.4611917761e-04 -5.1733146301e-04 4.5373491592e-04 1.5479254858e-04 -1.3134894190e-04 -1.1565402756e-04 9.3097577054e-04 -1.6616096883e-04 3.5483150429e-04 -1.2542323032e-04 -2.8120521202e-04 -7.4977631344e-06 -7.7316197548e-04 -1.2418068658e-05 6.7530974147e-04 2.8464580845e-04 -2.9660676480e-05 -9.1076557893e-05 5.1439542242e-04 2.9321061182e-04 -3.3717821288e-04
-5.0438105404e-04 -3.3118116149e-04 2.6867855620e-04 6.3089042471e-04 2.6920654886e-04 7.6261380848e-05 -6.3947242907e-04 2.1940102326e-05 2.0551367755e-04 -6.8949502330e-06 6.0743570654e-06 -5.9918392914e-04 -5.5582045028e-04 -4.5553476234e-04 -1.0267548765e-04 3.4753205633e-04 2.8361791949e-05 7.1125551558e-04 2.1441778920e-04 -9.6885884565e-04 1.5159242648e-04 -4.4569881287e-04 6.1297457392e-04 5.3442930633e-04 -3.2350148817e-04 -5.3088522281e-04 2.1007731404e-04 4.5252767891e-04 -5.7997062941e-04 1.9546174938e-04 1.2392020074e-04 3.4572751210e-04 2.5363145382e-04 -1.2812042725e-04 -2.2152238400e-05 -9.9309693801e-05 -1.2773199369e-04 3.7760618397e-04 -3.4357329159e-04 -7.0554664453e-04 4.1379227334e-04 -7.1295053967e-04 -3.6125878074e-04 -2.9012773517e-04 -1.1590311817e-03 -2.6749735739e-04 7.0502113429e-04 1.4496641640e-04 -2.4819289833e-04 3.3338774559e-04 4.4498077578e-04 5.5623398271e-05 -2.8436744946e-04 1.6320329552e-04 1.9069360449e-04 1.7389956227e-04 7.2233112753e-05 -8.5862377010e-06 -5.0607056561e-05 -1.3862628929e-05 -1.8345771370e-04 8.5214869003e-05 -6.7831171192e-04 -5.3732417514e-04 -2.3686530218e-04 3.6465636173e-04 -1.2958836696e-05 2.5850513767e-04 -1.1641190056e-03
1.4207225340e-01 4.6163550386e-02 8.3080174062e-02 5.2725035389e-02 1.9029174928e-02 1.9753307396e-02 -8.2660924419e-02 -1.0858737414e-01 4.8536036150e-02 1.0745830917e-01 4.4059850436e-02 1.8465465969e-02 2.5548991368e-02 -6.4388998404e-02 -7.2310334188e-02 3.6527792590e-02 1.8855855416e-02 -4.1343912321e-02 2.8466842127e-02 1.4373711890e-01 6.2316827034e-02 -1.5511201507e-02 1.8099866493e-01 8.1714414395e-03 1.3286141003e-02 -2.8637094040e-01 -1.9283493593e-02 7.7310141729e-02 6.3834470756e-02 6.1069982798e-02 -1.6458755117e-02 2.4168003812e-02 5.6559461966e-02 1.0078133266e-02 3.1206474686e-02 -1.8487521857e-01 -4.8895583380e-02 -3.5296676185e-01 -5.0278298864e-01 -3.1059139042e-03 -2.0868801372e-02 6.1644902940e-02 -3.4154918293e-03 -3.0401535107e-02 -1.3690803812e-01 -6.0283192149e-02 3.5835440995e-03 3.3673689554e-02 3.9258083147e-02 -3.3799876380e-02 4.8678710104e-02 -2.4747364868e-01 5.8804269437e-02 -3.5507455082e-02 -2.5780040361e-03 -4.7972641808e-02 -3.4543107401e-02 5.2175577111e-02 -3.8794972812e-03 7.7591638590e-02 8.5647681222e-03 5.1931700080e-02 -1.1972999696e-02 7.7908348072e-02 -2.0304392129e-02 8.9950315256e-02 2.7627749861e-01 3.3862991424e-02 7.7648110167e-02
9.6102183328e-05 -5.0737972242e-04 4.7342375035e-04 2.7255212514e-04 6.5157811008e-04 -1.0865392342e-04 -3.7759386686e-05 4.5388932685e-04 4.1563467903e-04 1.0514060666e-03 2.0768385942e-04 2.2570971650e-04 -4.3114662745e-05 5.4953508956e-05 3.2078923021e-04 5.3781092560e-05 -1.4673160964e-04 4.1498038286e-04 2.1482190831e-04 -9.8294422156e-04 -6.9329256275e-04 5.2146233748e-06 4.2657895228e-04 1.9483396345e-04 -5.3855418667e-04 -5.3624613574e-04 -8.8092260751e-07 -4.1345705351e-04 -1.6317678506e-04 -5.0675612123e-04 -2.0476376144e-04 -1.2136751721e-03 3.6005317463e-04 9.1850019034e-04 -4.1633619461e-04 2.7582076446e-04 -3.5554850151e-04 -6.2499988439e-04 -3.3287443498e-04 -4.5295437267e-04 3.2955238030e-04 -1.8263740504e-04 -3.9971893646e-04 2.4403131336e-04 -4.8462322173e-04 3.6989520871e-04 6.5305390692e-05 -7.3996525874e-04 8.7510380148e-05 5.6330166371e-04 5.6563376092e-04 -7.8991805547e-04 -4.0189725322e-04 7.1958465612e-04 -7.8714665494e-04 5.1403228980e-04 -3.0874008918e-04 3.7079190481e-04 -1.5191998125e-04 1.8967029558e-04 -6.5194110797e-05 8.3979901325e-04 5.7109503321e-04 6.1037085264e-04 7.4648618804e-04 2.7682484188e-04 1.7189919862e-04 3.5028104605e-04 1.3695004204e-03
-8.0184330119e-05 -6.5460352192e-04 7.1631122630e-04 2.6830497077e-04 6.1887518521e-04 6.7156985479e-04 -8.0650696027e-05 2.9061012378e-06 8.0091445400e-04 -2.3520449205e-04 -2.3501582868e-04 7.8071061759e-04 -8.7540231306e-04 -1.7754217579e-04 -6.8676636800e-05 1.5962085387e-04 -6.6740012947e-04 -4.9406764740e-05 1.3972361638e-04 1.4867817357e-06 1.4602785869e-04 -3.8659688953e-04 -1.5942798655e-05 -3.4700879211e-06 -2.2677891609e-04 -9.0869764347e-05 -8.9055997512e-05 -5.3598292833e-04 5.7725102164e-04 -3.8116763261e-05 4.2429647238e-04 -7.6477419375e-05 -5.8505525487e-04 -5.8165809016e-04 1.3471587898e-05 -1.5507116739e-04 -1.6703063507e-04 -4.7823976614e-04 7.8208911675e-04 8.1903794407e-04 1.0645613177e-04 3.1575626558e-04 -6.1433364158e-04 -2.4564190938e-04 1.2360326019e-05 1.2751566159e-04 9.3177657867e-04 3.5913845002e-04 5.1046892841e-04 -2.1714121770e-04 -3.0190722122e-05 3.8959755761e-04 -4.9815589925e-04 7.9655224960e-04 -7.4365980380e-05 2.5234296379e-04 -1.5317759867e-04 4.0997414499e-04 5.9278193067e-04 -1.8275934389e-04 6.0592263932e-04 -1.2317189356e-04 8.9956845084e-04 1.0271051377e-04 -6.5321693024e-05 -5.2376704610e-05 6.7600537881e-05 2.2639944384e-04 -5.8615350937e-05
-2.3055016065e-04 -5.4444877984e-04 5.2263286724e-05 4.1782901556e-04 7.2398754613e-04 -4.9925334551e-04 1.9698725631e-04 5.9914214975e-05 -4.8368050506e-04 7.3481413304e-05 7.5588934893e-04 4.5821561356e-04 1.5425166319e-04 2.6230643686e-04 -3.0420666363e-04 -1.2778559857e-03 -2.6908301079e-04 -5.2738813466e-04 -4.1396904269e-04 3.1252478313e-05 -1.0572879278e-03 2.3176931607e-04 -9.6401797192e-04 2.0820997637e-04 -5.2824723629e-04 -3.5108374290e-04 3.8606797648e-04 -6.2662440889e-04 -6.5208133557e-04 3.0907838953e-05 -4.4984532294e-04 6.0808926217e-05 7.2225322878e-04 -1.0917042612e-03 3.5126964869e-04 5.3092146461e-04 -3.1897608351e-04 3.8863367435e-05 4.3395177055e-05 -5.9345240062e-04 1.0027961303e-04 -1.1302657280e-04 1.0965110845e-04 2.1765965387e-05 -2.2088024096e-04 1.3036223279e-04 1.4070943810e-04 -2.2995367280e-04 -2.1909326505e-04 9.8751949637e-05 1.9271913776e-05 -3.9557323561e-04 5.9435621111e-04 1.8343563256e-04 -2.2489743667e-04 -3.0535206569e-04 6.3981967455e-04 -4.9062189019e-04 1.5996703049e-04 -3.2734196161e-04 4.0880185340e-04 -6.4644327525e-04 -1.0148809261e-03 -2.2927207445e-04 1.1230179130e-04 -4.4277168684e-04 -2.0390206027e-04 2.8298683520e-04 -1.1443264292e-04
-4.3804768796e-01 -9.2137284884e-03 2.2555964771e-01 -4.9992769555e-02 6.1778770085e-02 -8.7452484575e-02 -1.1000958020e-01 1.6458853968e-02 -9.7122078391e-02 -7.3566122570e-02 6.1466212943e-02 7.3739903691e-02 -5.1011672442e-02 2.5542710475e-02 -1.6592156089e-02 -2.5955533395e-02 -4.4542559860e-02 2.3407688045e-02 2.9253216674e-02 -4.4744902461e-02 3.7147056460e-02 5.3673517874e-02 2.5904034187e-02 -5.4313539589e-02 -4.2159563137e-02 5.1963778431e-02 -7.1116707606e-02 8.6415853695e-02 5.0688257996e-02 1.0254057242e-02 -8.2912760935e-02 -9.1870793195e-02 -4.2816709256e-02 -2.6174089671e-02 -1.3257049446e-02 -7.0721520932e-02 -2.2333709274e-02 -9.0810611755e-02 1.5358321249e-01 3.0012740442e-02 3.0114303015e-03 -5.9466263597e-02 -1.1404236667e-02 -2.3451150370e-02 -1.8184928387e-02 2.1582380713e-01 -1.1870291596e-03 -2.9966784162e-02 4.7320386299e-03 -1.3802159538e-02 2.8036257161e-02 -3.4506039590e-02 -3.3300351208e-04 5.9048141582e-03 -4.9992209853e-02 -4.2498965845e-02 6.2613146224e-02 9.2921892646e-02 3.7971178629e-02 -5.4821756228e-02 4.9875049811e-02 2.7898285536e-02 -2.9480780065e-02 2.4281115972e-02 -8.0190685203e-02 5.3809649577e-02 2.1007450126e-02 5.6389884765e-03 -1.7500139449e-02
-5.6529150172e-02 1.0121996212e-02 2.8394407690e-01 2.5850067011e-02 5.4974343327e-02 3.1677596199e-01 8.3984103959e-03 -5.4878487280e-03 -2.0825171225e-02 -6.0290387991e-02 8.6005000646e-02 5.4757648725e-02 2.1305805688e-02 1.8747433895e-02 6.9769352945e-02 -5.1834739206e-02 -1.3732029602e-02 -4.7094946961e-02 4.8743831227e-03 -2.2793268356e-02 1.1057693835e-01 -6.5273781482e-02 -4.0377911443e-02 1.7884196725e-02 -4.9584066368e-02 5.3997840215e-02 -5.7448820255e-02 -2.3753731111e-02 -5.4045120054e-03 5.9483446680e-03 -5.4361791743e-02 8.0321881794e-02 -1.9825248358e-02 2.3813282873e-02 -1.1647491566e-02 4.7410526577e-02 -2.3223815697e-02 -3.3813118447e-02 -1.6076703834e-02 9.4033601821e-03 5.0095901110e-02 -2.2444536720e-02 -5.5951118391e-02 8.0242395255e-02 1.2100685812e-01 -9.0550845920e-02 -1.3692691557e-02 5.6643034109e-03 8.7070426135e-04 -1.3931871023e-01 2.8615276726e-02 -3.9705128030e-02 -1.7777635819e-02 2.3086525759e-02 3.8190772071e-03 -2.9196492025e-02 4.2668380289e-03 -1.0474312110e-01 6.3192406538e-02 3.4137049363e-02 -3.4657658285e-02 -4.6729272209e-02 6.2750634182e-03 3.2378392307e-02 -7.3020478271e-03 5.8270436359e-03 -2.4332885413e-02 2.8697529332e-02 -1.5860678570e-03
-2.0524880263e-01 -8.0473807202e-02 -6.5813310150e-02 2.0791878530e-02 8.9895207701e-02 -1.2289749221e-01 -7.4539124716e-02 4.5395989791e-02 -1.0619731753e-02 2.5017173387e-02 2.3368452656e-02 8.7808180210e-02 8.2139359532e-02 -1.6008222591e-02 -4.9491236028e-03 -5.7015472508e-04 6.2002864060e-02 -2.0857775157e-03 -2.5407446229e-02 1.3130570289e-02 3.2388546364e-02 -4.4374518898e-02 6.0756835202e-02 1.4111525505e-02 -9.7994221515e-02 -5.2185879306e-02 -9.3342644878e-02 4.3369695955e-02 5.1005748140e-02 -7.9004445388e-02 -9.0742503745e-02 1.5885327664e-04 4.3321241999e-02 -5.2590430896e-02 4.5683028805e-02 -1.8704620752e-01 3.7102308035e-02 2.0368307505e-01 -1.4828943722e-02 -5.1082288670e-02 -3.5918004106e-02 -6.6181998349e-02 -1.9399817224e-02 -8.4013989391e-03 -5.1169087914e-02 2.8821555508e-02 8.6882006520e-02 -5.7891856719e-03 -2.5075829241e-02 1.0068707439e-01 4.4438623683e-02 -2.5139796206e-02 -4.7030513603e-02 1.1229795533e-01 8.1610682039e-02 5.3670883489e-02 -4.3254823174e-02 -9.2698477631e-02 2.9886358690e-02 -3.8144765084e-02 5.7839374266e-03 -7.1107430115e-02 -4.5163455487e-02 -6.0603064268e-02 2.7924338369e-02 1.8717424521e-03 -6.4272241979e-04 -5.0475495519e-03 2.6584002647e-02
-7.2022719437e-02 3.2256585414e-02 -5.0031266806e-02 1.2764927496e-03 9.2450622855e-02 2.2595504011e-02 1.0812432816e-01 9.8378296743e-02 -7.6173487252e-02 -8.4093417628e-03 -3.7129588753e-02 8.8524947472e-02 1.0415524669e-01 2.7673736225e-02 5.8246395806e-03 8.6739833998e-02 2.2270445987e-02 4.5941514672e-02 2.3963990674e-02 3.5652640316e-02 6.2333710521e-03 -2.1309264573e-02 1.2484463289e-02 -2.7050946475e-02 -1.9937723003e-01 1.1336746304e-01 -9.8170452920e-02 -2.3393513599e-02 -1.5050314634e-02 1.2555871030e-02 -9.4439382545e-02 -4.2552606125e-02 -1.7072207273e-01 9.3395390562e-02 6.0920201606e-02 -2.1456218778e-03 3.9029133045e-02 -5.3246730011e-02 -7.4575740636e-02 -4.0412558982e-02 -6.3816507831e-02 5.9251233331e-03 5.9321250385e-02 -9.5724471170e-02 2.4566356461e-02 1.5995189468e-02 1.4580843964e-02 5.0833827463e-02 2.7509947562e-02 -2.2819541092e-02 -5.2007862428e-02 -4.9493497928e-03 -1.0201786184e-01 -5.3297586659e-02 -3.6183699140e-02 2.9056090898e-02 -4.9750593289e-03 -3.7649240757e-02 -3.7562711560e-02 -1.7366160433e-01 3.4929390977e-02 5.0335467539e-03 4.3776356153e-02 1.7540308543e-02 -3.5561610733e-02 7.4361767467e-02 6.0209308321e-02 -2.1170495265e-02 -1.3758498805e-03
6.6572485869e-04 2.7745728828e-04 -6.8835534410e-05 -5.6319903415e-04 -1.1681761955e-04 -3.7585191687e-04 1.9920850622e-05 1.0062121733e-04 5.0466922385e-05 2.3692237371e-04 -7.7683213510e-04 -7.3738988035e-05 8.1591159172e-04 1.1433994525e-04 -2.1517049766e-04 -8.9010095882e-05 4.4863732868e-04 2.2561285793e-04 -2.0355177914e-04 -8.2760947755e-04 -7.1602852925e-04 -3.5799537095e-04 7.2361519073e-05 -2.5259024283e-04 -8.4332307039e-04 9.7358057595e-05 1.1531217183e-03 -5.4712842443e-05 9.9769680582e-05 -2.9998810445e-04 -4.8456577752e-04 4.5933958457e-04 -1.0087759647e-04 1.0161633122e-05 -7.3770224850e-04 4.8377681021e-04 9.3504203840e-04 5.3463002915e-04 -1.2813021799e-04 1.4317627428e-05 -1.1069281291e-03 -7.3336833451e-05 -2.0496494941e-04 2.7821233152e-04 -7.9063952224e-04 -2.1904088327e-04 7.7639568660e-04 -4.4281672397e-04 -3.7785030188e-04 5.8126331339e-04 -5.7153023653e-04 -3.8270547519e-04 4.5290928135e-04 -2.8246516451e-04 1.1529646871e-04 6.8241542722e-04 5.4598584571e-04 -4.3477165160e-04 -2.2958626740e-04 1.4617598275e-04 4.4140332687e-05 1.3485954414e-04 -4.0175955480e-05 5.1974026950e-04 4.8282317994e-04 1.6842293203e-04 1.8055340593e-04 -7.0381899534e-04 2.6401719355e-04
-7.8041690467e-01 9.8021233232e-05 -4.0575222275e-03 1.7126445272e-02 7.5808620988e-02 -8.0308577288e-02 5.7322998259e-02 4.2931122102e-02 -3.9653442033e-02 -2.5407743379e-02 -6.4509081104e-02 7.4344008535e-02 -5.2741929768e-02 -1.0008995532e-01 2.2975223740e-02 -2.6937047217e-02 2.2531746829e-03 -4.2846644640e-02 4.8638664381e-03 4.6298868716e-03 -4.3597336483e-02 -2.0893525054e-03 -2.0912037188e-03 -8.2502490442e-02 -6.7571867906e-02 -1.8589103009e-01 -8.7106010971e-02 -3.6861912981e-02 -1.5576143011e-02 -1.1189333244e-02 -8.4117846573e-02 -4.2688788238e-02 -1.0210583058e-02 7.6015886711e-02 5.1711750607e-02 -1.0117918792e-01 4.8540293795e-02 -2.0618842991e-01 2.7804441009e-03 3.8656434815e-02 -4.7233222113e-02 -3.6808246931e-02 -5.3152700261e-02 -4.4278258003e-02 5.9195382030e-02 4.9140547671e-02 -1.8774036273e-02 -6.4534526452e-02 3.0047498940e-03 1.2228292871e-01 1.1545572575e-02 6.5950578009e-02 2.4187113388e-02 -8.9401125773e-02 4.2406005613e-02 -3.3019933190e-02 -4.0314144931e-02 -6.1923030227e-03 4.1204601847e-02 1.0440990955e-01 -7.6130005674e-02 -4.9025781838e-04 -2.2639030893e-02 -2.2766486953e-02 -4.3597842288e-02 6.5818790523e-02 5.4606123325e-02 1.0551155623e-01 2.0427536079e-02
2.5148733203e-03 -1.2014517835e-02 3.8763398519e-04 1.2188927492e-02 1.3903075932e-04 1.6390203412e-03 -7.0860262190e-04 8.3024635175e-03 2.4236861222e-03 4.1712194190e-04 -8.9567204031e-03 -2.3684193491e-04 2.6348925536e-03 7.5032232744e-03 2.2155577776e-03 7.3476745808e-03 -9.3996510128e-03 1.9973600403e-03 -1.2216434759e-02 -1.6297529824e-03 1.7614653649e-02 4.9151719920e-03 2.6376661553e-03 -1.0369275460e-02 1.1911886815e-04 4.0573122434e-03 -8.5827408168e-04 4.1665693571e-03 1.0030729057e-02 -1.6428700118e-02 6.6368765550e-05 1.6291382910e-03 -1.5499704756e-03 -5.5426270651e-03 6.2661806001e-03 -5.8556194457e-04 -7.8639574617e-03 2.6237752090e-03 6.6798770126e-04 -1.4809135221e-03 6.1272159697e-03 4.7632315458e-03 9.9488985932e-03 -2.6570545245e-03 1.2982570296e-02 2.9209884818e-03 5.0862519691e-03 1.1715601266e-02 -5.1468945217e-03 1.0393677440e-03 6.8038418508e-03 4.1445692513e-04 1.2273522339e-02 -5.0823067682e-03 -1.5904828020e-02 -4.1893837053e-03 1.0890396288e-02 4.4646414971e-04 -1.3405212075e-02 1.8114872571e-03 -1.0500696909e-02 -2.2413309567e-03 -1.5782468140e-02 3.8118802146e-03 -3.5570366675e-03 1.5288112772e-02 -4.1922014543e-03 7.1107365801e-03 1.8548843838e-03
-4.7150035788e-04 1.8917591109e-04 -1.3977712283e-04 5.3841284210e-04 -8.6107379700e-04 -1.5465936662e-05 5.4758828977e-04 1.4516107837e-05 2.7598521402e-05 5.0929169436e-08 4.1776422366e-04 8.2127649808e-04 -2.2331050621e-04 -2.9180277304e-05 3.5645888459e-04 -1.9249159442e-04 5.2335061056e-04 5.4112636054e-04 1.7763257362e-04 -3.0443877347e-04 -3.9878248175e-04 1.7023690788e-04 4.3759808054e-04 6.5273500833e-04 -5.6055541399e-04 1.2752016271e-04 -2.4309716961e-04 4.1049305603e-05 4.9039875341e-05 1.4118235325e-04 -4.6856079563e-04 1.6954726531e-04 1.8933459164e-04 6.9453756842e-04 8.2563258466e-05 1.4758434453e-04 -6.5495107077e-05 -3.5693394458e-04 2.1084843851e-04 1.2065266343e-04 -9.5588670836e-04 -6.1023398297e-04 1.4676214396e-04 1.8811280690e-04 2.1362556647e-04 8.4811230593e-04 3.8798076698e-04 -2.4307483041e-04 -1.4233888517e-04 -3.8497641980e-04 -5.7879183892e-04 -3.5594896151e-04 -7.6819889277e-04 7.1973139447e-04 1.6506451149e-05 -7.4179897525e-04 5.0982656072e-04 6.2192157689e-04 2.8466333025e-04 -3.0184183174e-04 -3.6885970032e-04 -2.3243103957e-06 5.8271422937e-04 7.1586540542e-04 -1.0518608270e-03 1.1079116582e-04 -8.7854525188e-04 5.4801795367e-04 -9.5636502245e-04
-9.5819046941e-05 1.5952957138e-04 -7.3904719553e-04 4.5672247652e-04 2.8649072489e-04 -2.8969242355e-04 7.6889473803e-04 3.5542099800e-04 4.3133127381e-05 4.6285031418e-05 -3.2551753073e-04 -1.8926366041e-04 2.6195073221e-04 7.7412354217e-05 -4.6810024256e-04 4.2847189130e-04 -6.0868742839e-05 -4.4732834431e-04 8.6863427566e-04 7.0179915936e-05 5.6005153457e-04 -8.6311448216e-04 -7.7681503032e-05 2.2317040235e-04 5.6274690956e-05 6.1200204647e-04 -2.4076843135e-04 -5.0927514360e-04 -3.3322881476e-04 -5.2356326022e-04 3.5614248194e-04 8.7972854054e-05 -2.2626300962e-04 6.5403651200e-04 6.8117416210e-05 -2.0099976759e-04 9.4073175280e-05 2.0447419810e-04 1.7392720147e-04 -1.7361203612e-05 1.8777775445e-04 -1.8218488257e-04 3.4568638864e-05 5.0842335844e-04 7.1779524364e-04 6.3210652573e-04 -4.5823114137e-04 5.0500402661e-04 -1.5001872805e-04 2.2300804529e-04 -1.2750550730e-04 -2.6455321390e-04 1.0205146180e-05 1.9128882680e-04 -6.9882164718e-04 -1.1045597214e-05 -7.1210792646e-04 -5.7386881273e-04 6.5298382095e-04 -9.8251047388e-05 7.4470694918e-06 -1.9905481887e-04 4.4017008532e-04 -1.0459987769e-05 1.5654559122e-04 1.1496321799e-04 -2.1393297829e-04 9.4047169054e-04 1.8904001101e-04
-3.7605615027e-04 8.9866424248e-04 3.4009900867e-04 -9.1665987699e-04 1.5651879711e-04 1.6866142192e-04 5.8207661329e-04 -4.8207883192e-07 -5.3334124139e-05 -1.8447594594e-04 1.0009928779e-04 1.4277801777e-04 -6.7404838871e-05 2.4588962260e-04 3.2273938095e-04 2.0515042927e-04 -4.6855733575e-04 1.0264658593e-04 2.8161946964e-04 -2.2955944993e-04 -1.4936470567e-04 7.0020779415e-05 -1.7920010421e-04 -1.5025748669e-04 4.0213925238e-04 -9.7408087594e-05 1.7261967775e-04 -1.7264725030e-04 1.2783632363e-04 6.0858535202e-04 3.8118134155e-04 1.0250765281e-03 2.0099873355e-04 4.1670593244e-04 2.8087906619e-05 7.7010425212e-04 4.6120664257e-04 -1.4408029684e-04 -7.6489905402e-04 -8.4884425740e-05 5.5383623685e-04 -4.0937145866e-04 1.0618059328e-04 7.1077061518e-04 -4.2861003872e-05 4.8236235993e-04 -2.4997915564e-04 1.6410430671e-04 -1.0140866672e-03 5.2418164694e-04 -7.3209335311e-04 -5.8935998662e-04 2.2122881690e-04 2.6455142604e-04 -2.3086603784e-04 1.9692360934e-04 2.0052685907e-04 3.6344419157e-04 2.8683420207e-04 1.9005445754e-04 -3.5677187346e-04 2.0706374496e-05 -2.8635341475e-05 3.4399029731e-04 -5.1663044359e-04 6.2504547730e-04 -4.6071442485e-04 -2.5397310746e-05 2.2548684005e-04
-5.7313391035e-02 1.5174791596e-02 -7.6116276596e-02 3.1197458419e-03 6.4144205029e-02 5.6856339788e-02 -1.7285392256e-02 -3.5127390572e-02 -1.5704781380e-02 -4.5868869098e-02 -1.6205405880e-02 6.3644033749e-02 8.7557508410e-04 -1.7599685150e-02 2.9353006575e-02 -6.6781404800e-02 -1.3638140306e-02 3.1863885394e-02 -1.0043017943e-02 -7.9729358372e-02 -4.3908406274e-02 1.6302049384e-02 -3.5919063721e-02 3.1631428940e-02 4.7069877274e-02 2.8695421190e-02 -6.7674704809e-02 4.6488423764e-02 1.4467373226e-02 -1.0239485362e-01 -6.5310423290e-02 1.5391500538e-01 9.3484198434e-02 4.6312723162e-02 1.8477637864e-02 1.4420866632e-01 1.6777256275e-02 -6.3489462789e-03 5.8636400278e-03 -8.2865320349e-02 4.1781290653e-03 -3.6550577886e-02 5.6353562813e-02 1.2658291427e-01 -2.1196535916e-02 9.2360583755e-02 3.6537888496e-02 -8.5809134646e-03 3.3626255723e-02 4.2098779886e-02 -1.1529487896e-01 -2.1826677459e-02 -8.4518543384e-02 -4.4012968589e-02 5.5815276726e-02 7.1221820603e-02 1.3000811180e-01 1.0030307355e-02 1.1223119326e-02 4.5271630385e-02 -8.5574608836e-03 6.9887776129e-03 2.7151326436e-02 -3.7358031147e-02 4.3129905178e-02 -2.7979159189e-02 1.0322801343e-02 2.7540240672e-02 -5.7672911302e-02
3.4256267821e-02 -5.7934276216e-04 -2.4765480940e-01 4.4057233769e-02 3.5777548888e-02 -9.0747855663e-02 6.9164892576e-03 -1.3654723837e-02 1.7848744153e-03 -4.6621995147e-02 2.3336017541e-02 3.1751707716e-02 1.7155946432e-02 -4.1768968887e-02 9.4297230208e-03 -1.1004071824e-01 -2.1481049032e-02 -4.6965955065e-03 1.6929765270e-02 -6.5506513807e-02 6.6772752772e-02 -7.1808543522e-02 -1.2384669484e-02 1.5290957046e-02 2.1145230765e-02 -1.4933014366e-02 -3.7748444852e-02 5.2674149996e-02 -5.5917005466e-02 6.1118583134e-02 -3.3937458740e-02 -3.3044535395e-02 9.5682788194e-02 -5.4862516208e-03 1.1604502685e-02 -2.8577479197e-01 4.6050348951e-02 2.3662503702e-03 9.4017938097e-02 7.5948450878e-03 -7.6093839935e-02 3.9640062695e-02 -2.1655702448e-02 -2.6908604735e-03 -2.2526674938e-02 7.7479112882e-02 -2.4283945475e-03 3.0279990042e-02 -3.3686726242e-05 -1.1844013258e-01 7.3343930293e-02 3.1164642683e-02 -1.2176596906e-02 3.3658095026e-02 -5.4807654891e-03 -3.9426977451e-02 -2.7118496671e-02 -4.6152909082e-01 3.0918288152e-02 3.6072912696e-02 3.9617278432e-02 -2.9457143320e-04 -7.5409389560e-02 -6.5857450391e-03 -1.7234092946e-02 1.5256059457e-02 -1.1853856662e-01 -6.7444425153e-03 3.1571173310e-02
5.9489566388e-03 5.2210466949e-02 4.1729606055e-02 3.3073443621e-02 6.2930279773e-02 4.2194767343e-02 -3.3637985604e-02 -1.1714489522e-02 1.4453129817e-02 3.5386891707e-02 2.6109355402e-02 6.2230655893e-02 -3.4857002976e-02 1.5382078573e-01 1.6558943388e-03 1.3766411540e-02 2.6032471454e-02 -3.3753130338e-02 1.1729585066e-03 -7.4161490278e-03 6.5897176544e-02 -3.9474534773e-02 9.2489632489e-02 7.2323198817e-02 -7.9018655100e-02 -1.2563103101e-01 -6.6525220694e-02 -1.0541933150e-02 3.2313396959e-02 -1.4125204427e-02 -6.3519950838e-02 -6.9682537923e-03 1.1099725825e-01 -1.6596758271e-02 6.5446729141e-02 1.0427704485e-01 -6.7865893099e-02 1.2025869458e-01 -1.3713306876e-02 -6.2360669588e-02 -1.0512240530e-01 -3.6767141314e-02 -5.5966431312e-02 -9.5178650756e-02 1.1850246237e-03 -6.7892888986e-02 -2.1978200667e-02 -5.8697003489e-02 2.9836197491e-02 -1.8246604574e-02 4.3734806240e-02 2.2576848104e-02 8.4159248015e-02 -1.0291021696e-01 2.5284725137e-02 -1.3491416047e-01 2.2217135417e-02 -3.6079689661e-02 -9.5012596492e-02 -3.4423573492e-02 -2.5244924452e-02 -3.8916819982e-02 4.9673642453e-02 -5.3348219287e-02 -1.3413664284e-02 2.9049831425e-02 -1.0646847361e-01 2.4687234002e-02 -3.7558208968e-02
-9.9578424755e-02 9.0233476594e-02 -4.2165352350e-02 -2.9626718347e-02 6.1968806281e-02 -1.4652584033e-02 -1.0218278060e-01 1.0958730059e-01 3.3776960051e-02 2.4218939345e-02 -5.9532728694e-02 6.1272050985e-02 5.1307997782e-02 -5.5017623666e-02 -4.7540052680e-02 5.6668490000e-02 4.2005236581e-02 -5.1996081101e-02 5.5789049503e-03 -1.9333176091e-02 1.3113718203e-03 3.4047998833e-02 6.1711570089e-02 4.9370634682e-02 -4.1666050895e-02 -1.0385966302e-01 -6.3665068154e-02 -7.2419771193e-02 2.3370481385e-02 -4.7859508105e-02 -6.3636163506e-02 -8.5032153153e-03 1.4616538329e-02 1.4506196825e-02 3.9356825909e-02 -2.0621566856e-01 -7.2208130204e-02 -2.7488951420e-02 -3.4066572337e-03 -7.9617082776e-02 -8.7593255551e-02 6.7129365254e-02 3.1904159807e-03 6.5438417865e-02 4.8221701483e-03 -5.1143590948e-02 -1.8463478672e-02 1.3822278299e-03 -1.4322744353e-02 2.5790368558e-02 -4.5120659236e-02 1.4406371077e-02 6.6233635630e-02 7.4432091554e-02 -2.7952883300e-02 -4.4410926859e-02 2.7642574286e-02 5.9714950399e-02 -1.0484146854e-02 4.2556098660e-02 -5.5040218394e-02 -2.6396788727e-02 -1.0312327000e-01 -2.2133653397e-03 -2.6494574537e-02 -3.3984608769e-02 2.6389796175e-01 -7.4355878430e-02 -4.6617738390e-03
3.0723202376e-03 -3.6282612622e-02 -8.1219058797e-03 9.7187753389e-03 9.2112616551e-04 -2.2130918392e-04 -3.5055802048e-03 -2.0350307067e-02 1.9756484166e-02 8.3586230979e-03 1.8887279394e-02 3.9462903133e-04 2.8590822468e-02 1.3604678987e-02 -4.9825373634e-03 -3.8524923795e-03 1.6854610981e-03 2.5738392711e-02 1.5813357247e-02 -1.6459964677e-02 9.5869033081e-04 1.4307547458e-02 1.4415968805e-03 1.9597233503e-02 4.6688833082e-04 8.7947678528e-03 -4.3045683834e-04 1.4371956857e-02 3.6760970516e-02 -1.6545133755e-02 -6.3210478308e-04 -8.5622887313e-03 8.7751504675e-03 2.9210912901e-02 1.1113144480e-02 1.5829051107e-03 2.6999149247e-03 1.0820426015e-02 -3.9048344886e-04 -1.7228954178e-03 2.5243715877e-02 -2.2916569985e-03 2.5497688123e-03 -3.3453159607e-03 2.5089018896e-02 7.7592214815e-04 1.1956310137e-02 1.8346129268e-02 -3.5268748262e-03 -1.3411338943e-03 -9.7980367035e-04 4.0519818964e-03 -4.7006259645e-03 -1.9907971659e-02 1.4377660661e-02 4.3728298751e-03 -7.1015362555e-03 3.3806681156e-03 -7.5286891808e-03 -1.0184311108e-03 2.2151031972e-02 2.7266597910e-02 8.0377511095e-03 -9.4523868822e-03 1.1950122631e-02 9.0506702176e-03 -8.6766707990e-03 -2.3346240361e-02 -1.3173872216e-02
-1.4332210478e-04 1.1806051519e-05 1.7139655628e-04 -9.1826486246e-05 -8.8021335262e-05 1.7242276258e-04 2.6599534253e-04 6.1024873229e-04 -2.8540245633e-04 -8.9783392799e-06 -6.9198028537e-04 -7.5808519303e-04 5.0439367970e-04 -4.8294795277e-04 4.5867821837e-04 -5.6475184501e-05 -2.3651500818e-04 -6.2705765254e-04 3.2021126338e-04 2.7137862970e-04 -5.4664163571e-07 2.5292698781e-04 9.5224754003e-04 3.1610509359e-06 5.7198321797e-04 2.3392290623e-04 1.2054942016e-04 3.4288989851e-04 -3.9704691635e-04 -3.3882998317e-04 -3.2363806009e-04 -6.3721244393e-04 2.1609197201e-04 -4.9158037271e-04 1.1941388024e-04 -1.0374169083e-05 3.2046951294e-04 -2.5073641325e-04 4.1167435015e-04 -2.4091260981e-04 -1.3274780740e-04 5.1685070476e-04 -4.9071887287e-04 -8.9125409462e-05 -5.7286206900e-04 -1.4742846719e-05 -1.6760838326e-04 -1.6051368331e-04 1.3549093326e-04 2.9970091048e-04 4.2097705161e-04 2.3498769231e-04 4.1680502631e-05 3.6681809059e-05 -4.0437865333e-04 -7.2842891378e-04 7.3448044447e-05 -4.7542508942e-04 -1.4733294112e-04 -2.2165052592e-04 8.6448796481e-04 9.2966579769e-04 -1.7202208498e-04 -2.5276335843e-04 5.5270594974e-04 3.2043903955e-05 -2.2715543239e-04 -6.3960695064e-05 -3.5222396050e-04
2.1012364177e-04 4.8614615247e-04 -4.2446177617e-04 -4.5394319585e-04 1.1130956135e-04 -3.3164037857e-04 3.2615509165e-04 6.3729607780e-05 1.3946633926e-04 2.2008670058e-04 5.6933021933e-04 -1.4301429685e-04 -6.6574439343e-05 7.2605388332e-05 4.8787839268e-04 -1.5499563200e-05 5.7495797142e-04 -1.6497071710e-04 4.8109655765e-05 -6.2250255754e-04 -6.9854581652e-04 -1.2829034607e-03 -2.1365962584e-04 -1.1170044318e-04 -1.7050883110e-04 1.5100625935e-05 -7.2071484200e-04 -5.7003712595e-04 -3.1466818225e-04 3.9001213093e-04 1.3564710356e-04 -2.7452513459e-04 -2.4239669245e-04 4.7548303833e-04 4.1845074941e-04 -1.0189204591e-04 5.7772527118e-04 7.3719321364e-04 3.4409133371e-04 -1.9046453150e-04 -2.8976087169e-04 -5.1813846485e-04 3.9613111069e-05 4.9087451143e-04 -1.0712221462e-03 3.6571866667e-04 9.1304548676e-05 -4.8500536874e-04 -1.5209973696e-04 -3.4307432347e-04 5.1725847084e-04 -1.1110228293e-03 -2.9030168119e-04 -1.1441814936e-04 2.4374800079e-05 -2.1201112061e-04 4.3575799851e-04 4.4496981505e-04 -1.1771546942e-04 6.3615658164e-04 3.6401341835e-04 1.0985511056e-04 -5.7160547576e-04 4.2905495122e-04 -8.1249493488e-04 2.7364061472e-04 4.7304194005e-05 -1.6610302990e-04 3.9463281367e-04
1.6629570338e-04 -8.4411151265e-05 2.5462595241e-04 -3.2081701134e-04 7.3326424439e-05 8.6589662901e-04 -1.5802676968e-05 6.4959117086e-04 -9.7210373045e-04 2.7265408890e-04 -7.8739368644e-04 2.4595015928e-04 -2.8724639869e-04 -1.0569431700e-04 5.3385029886e-04 -1.0614845139e-04 -2.6004316518e-04 -2.7045733493e-04 -1.0287046531e-04 -8.8824767600e-05 -5.0707608225e-05 -8.9483704215e-04 -1.4185303470e-04 4.6999206069e-04 -5.0068668708e-04 -1.1014850627e-03 4.1973206587e-04 1.9196993322e-04 -5.3327593765e-05 -3.5939392126e-04 -3.2238712869e-04 -6.6319091089e-04 -2.2462095298e-04 -2.1115173439e-04 -1.9781964811e-04 5.6607288869e-05 1.0352998439e-04 -9.7403013266e-04 -2.4359214408e-05 1.3504591370e-04 -8.0438661340e-05 3.5434376148e-05 -5.9299838271e-04 7.7717317412e-04 -5.4212592410e-05 6.8051845664e-04 6.1351178716e-04 1.8490736687e-04 -6.4100715273e-04 4.9254151886e-04 2.1959567949e-04 -3.7052782414e-04 -6.6999141612e-04 3.6715972101e-04 -7.0608043254e-05 2.3697822933e-04 4.3160140768e-04 -3.8847850899e-04 -3.7255341180e-04 -8.0503106118e-04 5.0770532145e-04 2.8822818073e-04 -3.4753524518e-04 -6.0399131888e-04 3.5854881008e-04 -9.2862746554e-04 -2.1820081304e-04 1.7988013592e-05 1.3082041159e-03
4.5673960282e-04 -1.6281502500e-04 -1.7623231210e-04 -3.3856094798e-04 -2.3200700496e-04 1.1745263771e-04 -5.6856047895e-04 1.0743261658e-04 6.2573904311e-04 -3.6040780171e-04 -5.6050290261e-04 -2.2604663588e-04 3.2982320696e-04 -1.4009845256e-04 1.4661677418e-06 5.8259358479e-04 1.1326440914e-03 -5.8589515389e-04 1.0401308120e-04 -2.9362380492e-04 6.3624066824e-04 3.8312943234e-04 2.8988864501e-05 -2.3026710220e-04 -6.5697389898e-04 -4.7768332695e-05 6.2651461034e-05 2.1648529066e-04 -5.6158880781e-04 3.4048678282e-05 2.0607923211e-04 -5.1454633966e-06 -4.3123765047e-04 -1.3585088799e-03 -1.7328104696e-04 -3.6199884823e-04 -7.3282419391e-05 -2.5499726544e-04 5.8635383376e-04 3.1833491471e-05 -5.8548883082e-05 -1.5273713271e-04 -5.1810063544e-04 5.3128311864e-04 4.4401192143e-04 8.4558608838e-05 -5.5757397404e-05 -6.1314554916e-04 4.9078376800e-04 -3.2710410332e-04 9.7219463247e-04 -3.7583503187e-04 -2.7994966610e-04 1.8934512369e-04 4.5116196004e-04 5.5382284661e-05 -2.2913189738e-04 1.7670337104e-04 3.4460656516e-04 1.8715813421e-04 -2.9958983477e-05 -1.6496307763e-04 6.6769217555e-04 4.2935578879e-04 3.7250340719e-05 3.9931925947e-04 -2.6579010104e-04 1.7013139298e-05 -3.2036157084e-05
3.0143645997e-04 -3.0790833387e-02 -2.0166871393e-02 -3.0626942599e-02 6.1559684476e-02 5.0526820528e-02 1.1106383401e-01 -1.1601105077e-01 -8.0382868087e-03 -2.9120609513e-02 7.4219128966e-02 5.9558370168e-02 6.3891095957e-02 -3.2855919640e-02 -3.6470850792e-02 4.2067573316e-02 -1.1962921371e-02 -1.0905392689e-02 3.2420968506e-02 2.9467735492e-02 -3.7048095174e-02 -7.7700185736e-03 9.0165148732e-02 -4.0213324757e-02 -1.1652982116e-01 -7.6844962267e-02 -6.5978690525e-02 -6.6674277912e-02 -6.7544552231e-02 -4.5763709932e-02 -6.5215933882e-02 5.3788815614e-02 -9.2454629679e-02 -7.4754675783e-02 -3.5039065925e-02 -1.8070148292e-01 -4.6722780233e-02 1.4992236433e-02 4.9485023764e-02 -7.2906858393e-02 -3.9831171425e-02 -4.8145784372e-02 -2.8869528658e-02 7.1141046046e-03 1.1217632847e-01 -5.2973730235e-02 3.1995834889e-02 -2.3952654582e-02 5.8067195238e-02 -1.3594702086e-02 3.2613527952e-02 7.4903956565e-02 5.5609403291e-03 -2.7576780235e-02 4.2364324861e-02 4.9993701259e-02 4.7063624671e-02 1.9738681919e-02 -6.2324757952e-03 -8.6726306715e-03 -4.8029500633e-02 -4.7565734498e-02 1.8841215194e-02 2.3410304961e-02 -7.7330601844e-02 -2.5472693552e-02 1.6244242654e-01 -6.9162485139e-02 -2.6922187366e-03
-4.9760829374e-02 -7.7280348741e-02 2.8219195810e-03 -4.5687539379e-02 7.2761680467e-02 -6.7970727637e-02 5.3432507383e-02 -1.0617915816e-02 1.0942774575e-01 1.7694212157e-02 -8.5582998292e-02 7.4034957023e-02 3.7809068476e-02 -4.6365619446e-03 2.0102483091e-02 -5.1106129517e-02 -2.2887128007e-02 -2.8255616531e-02 -5.9330109562e-02 -6.0528628319e-02 -1.6546587050e-03 2.1501639112e-02 2.9528549939e-02 1.5041828615e-02 1.1845663303e-01 -8.2783797724e-02 -7.4227810903e-02 3.1254139619e-02 -3.9893819126e-02 1.0071985992e-02 -7.5287134314e-02 -1.0126791115e-01 -1.0174289412e-02 -4.1213890512e-02 5.9869945319e-02 6.7542935228e-02 2.1703480198e-02 -8.1193464633e-02 -4.5594485967e-03 2.8147505419e-02 3.1818333616e-02 -1.7605959437e-02 5.5701569699e-02 -5.5434201448e-02 -7.2035230831e-02 -3.0161273369e-01 -6.3242237553e-02 3.1627172724e-02 1.1847409028e-01 -1.0373336760e-02 -2.4586587367e-02 -4.7559533209e-02 -2.5942463721e-02 -2.0091633834e-02 -3.6864665157e-02 -2.4750877013e-02 -1.5529965548e-03 3.5960395164e-02 -5.3193682368e-02 5.6844502234e-02 1.8174209599e-02 -8.5699237346e-02 4.0445057482e-02 5.1384477290e-02 -5.8517570155e-02 2.7979838962e-02 2.5227548087e-02 -1.7293383478e-02 5.5891420348e-02
2.4501914803e-03 -7.2842021104e-03 6.7909144129e-02 -1.9463974975e-02 2.3417350084e-02 -3.7584728712e-02 -2.5304117735e-03 1.9612209741e-02 3.4500583181e-03 -7.4389418188e-03 -6.4782249278e-02 2.0282278620e-02 4.1743809707e-02 3.0465035106e-02 3.9978429154e-01 2.1905279821e-03 2.5858095571e-02 1.1675640266e-01 3.1816793611e-02 -3.8795832530e-02 6.7299933197e-02 -2.5819162801e-02 -4.2067826162e-03 -1.7063610948e-02 7.4939763508e-02 -8.1937834929e-02 -2.5784919965e-02 -1.5296231697e-02 -1.2087436361e-02 -1.1602566277e-03 -2.3623072639e-02 -8.4959361500e-02 1.2255802347e-01 -1.3207216243e-02 7.2920562645e-02 -3.1273504023e-01 -1.0268576934e-02 -1.2364495724e-01 -3.0351016428e-02 2.3269322897e-02 -1.7131302475e-02 8.6271763132e-03 -2.6570676462e-02 -8.8437584212e-02 -5.0437259589e-02 -2.2045243925e-03 -4.0496505371e-02 -7.9235787233e-02 1.5115970530e-02 -1.2107089516e-02 -1.3792610629e-02 5.8602772098e-02 1.2975030198e-02 1.6087578635e-02 -6.3482461781e-02 -1.2881471388e-02 7.3335596935e-02 5.8948236312e-03 -1.0431420946e-02 1.5779938237e-02 5.9825469527e-02 -6.2454627752e-03 1.3048226103e-02 4.6758532582e-02 -1.9627395511e-02 6.0614132475e-03 -2.0526614724e-01 -1.5851530934e-02 -1.3092228904e-01
1.3471856472e-01 1.3924344748e-02 2.5683139159e-01 5.6402951176e-03 6.8561173768e-02 8.2377983767e-03 -4.4223959034e-02 -6.8687657247e-02 -6.2181089578e-02 4.8583630757e-03 -1.0860788162e-01 6.8053934710e-02 7.1148171868e-02 -7.5490937653e-02 1.1213318310e-01 -3.7070467348e-02 2.7215679848e-02 1.9879487918e-02 2.4436430098e-02 8.7664214686e-02 1.6083199061e-02 2.2809623723e-02 1.9722870211e-02 6.6523020413e-02 -5.1615579883e-02 1.9867619110e-02 -6.9239327921e-02 5.4696129371e-02 -3.6532572795e-02 -1.3738163812e-01 -6.8699075879e-02 -3.8193336481e-02 1.6448544059e-01 3.1767673812e-02 -4.1209970448e-02 -3.2692393732e-01 -3.3604710948e-02 8.9746550456e-02 3.4808927967e-02 1.5040445343e-03 2.4814487824e-02 -9.1800865892e-03 -5.8780838246e-02 -3.2148909580e-02 -4.2052769590e-02 3.5378917568e-02 -4.4278844542e-02 1.0755852698e-01 2.4618747437e-02 -7.7010060838e-02 4.9899004625e-02 -2.5718072189e-03 -2.8632410882e-03 -4.0322259045e-02 1.8809811254e-02 -1.7276118792e-03 -8.0287955466e-02 5.0991202089e-02 -3.7694763908e-03 -7.1947730058e-02 -4.7199758784e-02 1.9418761474e-02 4.3085629197e-02 6.1354527034e-03 -1.0812106320e-02 -5.8729624438e-02 -7.1301285160e-02 2.1871631344e-02 -3.8577058452e-02
-2.4409298640e-02 -2.9476353986e-02 4.0669269980e-02 -4.5183136232e-02 3.4282172289e-02 -5.0008337428e-03 -1.0292423036e-02 2.9255073353e-02 -1.3266627869e-02 -2.2010728354e-02 -2.6028330827e-02 3.3467673255e-02 2.0048900932e-02 -2.1470015644e-01 4.2258988180e-02 6.6510496641e-02 -5.2836434223e-02 2.0609100001e-02 1.3311370746e-02 -5.1456756292e-02 -3.6036388016e-02 -1.0201168922e-02 1.3786601038e-01 -6.6642616701e-02 -6.9042348758e-02 1.4296193014e-01 -3.7487717386e-02 -1.2491230358e-02 1.9027315764e-01 3.7657385706e-02 -3.4681068045e-02 -4.6632415586e-02 -1.5571404433e-02 3.5534814301e-02 -1.1200407332e-02 -1.6142802292e-01 -3.2183754894e-02 -8.7729378808e-02 -2.2226075676e-01 -2.5520197246e-02 -7.0492934138e-03 -4.3706184119e-02 4.2901293519e-03 -1.0496559324e-01 -1.3979320307e-01 2.6951423244e-02 -2.7892017188e-02 9.8603070839e-02 -6.9737571737e-03 -4.4478873701e-02 -7.4225796901e-02 -3.2416546129e-03 6.1615946419e-02 6.9365929615e-02 -1.5731485958e-03 1.3795424825e-02 6.0085259917e-02 -8.6825994381e-03 7.5788880762e-02 -4.7068816461e-03 -1.7625369766e-01 5.6665278299e-02 -6.5472006194e-02 4.2780211053e-03 3.4308655926e-02 -6.6254756777e-03 7.1807927479e-02 -1.6324934248e-04 4.1156301538e-02
3.4417796504e-04 6.4125133908e-04 3.4526298405e-05 -7.4552492770e-05 -2.0988540941e-04 4.3195493803e-04 7.9245151721e-04 -7.2905079484e-04 -6.2857145612e-04 -1.6185762720e-04 -9.5506963622e-04 4.5127258064e-04 3.1681653126e-04 -1.0516871205e-03 -4.5212869669e-04 2.1799171859e-04 -2.8842973255e-04 2.0634517556e-04 -2.6118382141e-04 -6.2289335240e-04 -3.4001188712e-04 -9.6840739986e-05 5.4153388999e-04 1.4587202741e-04 5.3601635650e-04 -3.9338501085e-04 2.8280456132e-04 -1.4607667079e-04 1.6992297992e-04 -2.9053199028e-04 -2.2157015428e-04 3.1580711812e-04 1.5482368779e-04 4.3815010871e-04 -6.4011691572e-06 2.6063205776e-04 2.0610944850e-04 -1.5416886066e-04 -2.4099025613e-04 -1.1597433296e-04 1.8510754827e-04 -2.6065225800e-04 -7.0088046774e-04 2.2509680883e-05 6.8653084856e-05 8.4111309185e-04 -1.0463080340e-05 1.6978982587e-05 -2.1856506198e-04 -1.6412872286e-05 -1.9849892649e-04 -5.1868297679e-04 2.7826256656e-04 -2.6841320860e-04 5.6436247610e-05 7.6863724100e-04 -6.5356307050e-04 2.9988106642e-04 -4.2186316427e-04 6.8346177727e-05 -5.2354119300e-04 -6.8241897963e-04 -5.9000966996e-04 3.9635361390e-05 2.3451487210e-04 -4.5416434744e-04 -1.7787133518e-04 3.4682226934e-04 1.8998491934e-04
-3.2655127454e-04 -2.6962125607e-05 3.2814590232e-04 5.4403587172e-04 -1.4932494843e-04 2.7322387253e-04 -2.2335221359e-04 3.6350218720e-04 -5.1864713691e-05 4.0779634060e-05 -7.9725085482e-05 9.5560727159e-05 -6.1681553231e-04 1.3679892468e-04 -4.4521224947e-04 -1.4724051790e-04 -4.2952916254e-04 -1.3297186825e-04 4.7026170953e-04 -3.5196087758e-04 -4.8319284484e-05 -2.6642294708e-04 -2.2670601924e-04 5.3031168697e-04 6.8876710697e-05 3.1445011527e-04 4.7389233814e-04 1.3931899040e-04 4.6955875385e-04 1.1051401663e-03 -5.7263243862e-04 6.7871306864e-05 3.2167166950e-04 -2.8813339169e-04 3.2711062159e-04 -5.9722031420e-04 -2.2785896363e-04 5.8309074420e-04 -1.0243527979e-04 5.2609167570e-04 5.9664939828e-04 -4.4599322951e-04 -5.0855959087e-04 -1.9370109147e-04 -5.6592482425e-05 -1.3144355209e-05 1.0456942747e-05 -5.5990550473e-04 -6.2938912567e-04 3.1649258464e-04 -9.7210398224e-04 2.2289800863e-04 -5.5416324759e-04 -2.6739602380e-04 2.1583706075e-05 4.6911889635e-04 -4.0255971857e-04 -2.4348402844e-04 9.0223665239e-04 1.4715640682e-04 3.2549142924e-04 -2.5480208193e-04 2.1577691945e-04 6.7422194756e-04 -3.0148059834e-04 -6.6860591857e-05 1.0517442234e-03 1.9338664949e-04 3.7886928128e-05
2.2286819075e-02 2.8256069071e-02 -8.7215176646e-02 -3.0277938492e-02 3.5210342354e-02 7.2096752392e-02 1.6781928310e-03 1.8855852272e-02 1.0205355133e-02 6.7399782183e-02 -5.3779197634e-02 2.5544482649e-02 -6.6943383775e-03 4.0398097799e-02 -8.0524866242e-03 5.8871130704e-02 6.6317611376e-03 -2.4697837778e-02 4.0372083548e-02 -1.1388363649e-02 4.1075911346e-02 -2.3545494019e-03 2.4833234272e-02 7.4676858936e-02 2.6371833100e-01 -2.3135267425e-01 -3.9215658425e-02 -4.2572989478e-02 -4.0096190107e-03 5.8372499846e-02 -3.6423933259e-02 3.0425645926e-02 -1.8025247554e-01 -4.0325331346e-01 -1.4576383543e-02 -3.4677639366e-02 -3.5591222505e-03 -1.4563810465e-01 -1.5933363080e-02 -6.0692692515e-02 1.5433294203e-03 -1.2337203748e-03 -2.6724015931e-02 -4.0548415066e-02 4.1117460892e-02 -6.7738221969e-02 -7.4076456010e-03 3.5212976830e-02 -2.3638989852e-02 1.8226726054e-02 5.9398314287e-02 -2.4997374379e-02 -5.1315420911e-02 8.6175236418e-02 2.9074201084e-02 3.8587574495e-02 2.1948374504e-02 -3.1951306143e-02 -3.1702900986e-02 -3.3533349946e-02 -8.6397805910e-02 2.0562419930e-03 2.9799504016e-02 -4.5705122275e-02 -2.7847721844e-02 -5.2093848993e-04 -3.0287113728e-02 -1.1374413768e-02 -1.1134717877e-02
-3.1683803014e-04 2.2645846355e-04 -6.8952189042e-04 4.6277613356e-04 -8.0271522710e-04 -2.2836243405e-04 7.6187373541e-04 3.6790948146e-04 -2.2522007834e-05 5.5940615792e-06 -3.0415629147e-04 5.1368582046e-04 -5.9644358589e-05 5.0418097154e-04 -9.3877280631e-05 -2.7509675099e-04 5.9471088032e-04 7.8953957257e-04 4.6477033790e-04 -4.7826363370e-04 -9.2850374434e-05 8.0485881346e-04 3.5971063946e-04 -8.5745391913e-06 1.1612754419e-04 7.1197775902e-04 2.2339274212e-04 -1.2126924519e-03 4.1327933439e-04 3.7905022483e-04 -8.1802875153e-05 2.1453274704e-04 -2.7376605913e-04 -5.5963775047e-04 -8.9588467875e-04 -5.5522517707e-04 -4.5099288046e-05 -3.1828216164e-04 4.0130499585e-05 -3.3958839162e-04 -9.0919804835e-04 2.9062831365e-04 -4.8551019282e-04 7.4276998729e-04 5.2116551429e-04 -7.7042028066e-04 5.8411951282e-04 -9.5621807910e-05 3.8777761171e-04 3.3147399932e-04 3.8701478891e-04 4.9331401351e-05 -2.3341548152e-04 6.3330827912e-05 -3.1120830352e-04 -6.1499775421e-04 2.0464149834e-04 -2.9659841296e-04 3.6815181291e-04 -3.2808495681e-04 1.8223044674e-04 1.2374032008e-04 4.4991006099e-04 4.2639037597e-05 -1.6026548216e-04 -1.3225834844e-04 -1.9728706977e-04 -1.5684524608e-05 2.7374705579e-04
-7.9823491955e-05 -9.6122314572e-05 -3.5717961668e-04 4.2042114059e-04 2.0189607141e-05 -2.6488158193e-04 -2.6487311856e-04 8.2747034098e-04 -1.4963881566e-03 8.4808819360e-04 -2.4832244694e-05 5.1811553203e-04 -6.3057542399e-04 -6.7207399548e-04 2.1137152158e-04 -5.9951510979e-04 -3.5891547411e-04 -1.9632254479e-04 -1.0535611917e-04 -4.1644178864e-05 -6.6525716790e-04 -5.5004994810e-05 4.6920930692e-04 4.6574844531e-04 4.4137342233e-04 -7.8351814235e-04 -1.0392957988e-04 -4.2037620315e-05 -4.4813455261e-04 -1.8481752587e-04 7.2548003931e-05 -2.3340794438e-04 -6.9000152606e-04 -2.8978542731e-04 -2.4278330445e-04 -1.2430533442e-04 -1.2982838981e-04 1.8106621166e-04 -1.0344669013e-03 2.5873695343e-06 2.4618835935e-04 1.0917015900e-03 2.3431613933e-05 -5.2803942577e-05 -4.0101081186e-04 9.4170937978e-04 -1.0709556603e-04 1.3214572594e-04 -6.2618035039e-04 3.7767637500e-04 -3.5530035786e-04 2.4566990597e-04 6.1994422020e-04 -1.6365915784e-04 -6.4055886016e-04 -4.2883719073e-04 5.5678981534e-04 -2.3810871791e-04 -1.3842035799e-04 2.2423384076e-04 -7.0126114483e-04 -2.8677205558e-05 5.3796654571e-04 1.2598613884e-04 -6.5401444215e-04 -2.4462769426e-04 1.5266323811e-04 -4.0714364263e-04 -8.0941126197e-04
1.3273188641e-01 1.3898941291e-02 -2.4258702210e-01 4.4623537770e-02 1.0621818635e-01 -3.6477696913e-02 -3.6622039292e-02 -3.6851297068e-02 4.9175435134e-02 -4.0200946528e-02 2.0311587373e-02 1.0428694715e-01 1.4916027374e-02 7.5301118439e-02 8.4326714408e-03 -5.7858016670e-02 5.1168835651e-02 1.1365746248e-02 1.5815521620e-02 -2.3322397592e-02 -8.6835548619e-02 -3.5362498623e-03 8.6420024024e-04 7.7482315093e-03 3.4176069692e-03 5.7024268776e-03 -1.1104082130e-01 -1.5831655196e-02 -2.1873202888e-02 -8.0190466875e-02 -1.0571175672e-01 2.2177144847e-02 8.8578227330e-02 -1.8660868743e-02 -5.3845014623e-02 9.0134374738e-02 -7.8438096739e-02 3.3444962166e-02 -2.2016861012e-03 -1.8979405491e-02 -1.6844703969e-02 1.4828806683e-01 6.4655427644e-02 -1.2856271208e-02 -8.3202431625e-03 1.2297009104e-01 5.9413880592e-02 2.5537595781e-02 1.9961737598e-02 2.1986783314e-01 6.7388423219e-02 3.1190328933e-02 -7.2007510136e-02 -2.8154560337e-02 -1.0578107689e-01 3.4701827625e-02 -5.5664724725e-02 -2.8170781900e-02 3.6415587898e-02 -8.6697136545e-03 -4.8734160486e-04 4.7374555258e-02 -1.0990287993e-02 1.6225158635e-02 -6.4003726534e-02 4.8359954860e-02 8.9508339369e-02 6.9780622304e-02 8.7171876922e-05
-5.7645038938e-04 1.5727882497e-02 -3.6001103750e-03 1.9995477768e-03 -7.4803647110e-05 -1.4494695732e-03 -1.4876478081e-04 2.1436220050e-04 2.7453721640e-04 4.2915487673e-05 -4.7699374589e-04 -5.5629651558e-04 -5.3418526757e-03 -8.7665711129e-03 -3.1492669740e-03 1.1615324645e-03 -7.9876463414e-03 1.1067737385e-02 4.9803734701e-04 1.0777826145e-02 -6.9215184724e-03 -1.9869683886e-03 1.0016854598e-02 -5.7429227300e-03 -1.8886697585e-03 -1.1345679496e-02 1.2670433367e-03 -1.6838144431e-03 -9.1703565880e-03 -3.9466048902e-04 -5.7527435957e-05 -5.5232325113e-03 -3.8241835409e-04 -6.4584838736e-03 -1.4345141990e-03 -1.1822413070e-03 8.0591590038e-03 -1.2695613971e-02 -3.5600322167e-04 -4.9525386600e-03 2.0952979017e-03 8.7510038712e-03 -1.1963391709e-02 8.8024396680e-03 -9.4389641796e-03 1.6298391751e-02 -6.0054134933e-03 -1.2004518708e-02 6.0577131318e-04 7.0561781636e-03 -1.0518520005e-02 -1.1612245764e-02 1.0041501593e-02 4.1782021416e-03 -4.9946216669e-03 -3.5769604793e-03 1.8104446797e-03 8.7373406937e-03 -1.2551526164e-02 -9.5385233672e-03 -1.0566181474e-02 8.1745520130e-03 8.5331555438e-04 -9.6816582211e-03 4.1632463338e-03 -7.6061358613e-03 -1.4840318392e-03 -4.8703674731e-03 1.0535821737e-02
-1.0727971587e-02 1.8668715053e-02 2.6148048908e-01 -1.7328340711e-02 9.2618144934e-02 3.0453769510e-02 1.6132865904e-02 6.6989291507e-02 8.4482247565e-02 6.5373591384e-02 5.0847434673e-02 8.9939435783e-02 5.2749581101e-03 -7.9766538621e-02 1.6456459089e-03 -1.1508970527e-01 8.0534893816e-02 -1.1694380187e-01 -1.4940100301e-02 2.5291035384e-02 -1.2869943428e-02 -1.1640866015e-02 -3.9742022093e-02 -5.3542828592e-02 -2.9421604758e-03 9.6934938184e-02 -9.5297873333e-02 3.3647137591e-02 -5.4117465444e-02 -6.0594978388e-02 -9.2953320084e-02 1.2262667813e-01 2.0033949648e-01 1.5342038523e-03 -2.5856827872e-02 -5.2620778631e-02 -1.9412033530e-02 1.0205417653e-01 2.0111074775e-02 2.7586996400e-02 1.2712697598e-03 6.5503626866e-03 2.1802093163e-03 1.3014365102e-02 5.7696459390e-02 -3.8773243756e-02 1.5774133552e-02 1.8613397267e-02 -3.4758460227e-02 1.6864725524e-02 3.8113777339e-02 2.2912205296e-02 -1.9205769635e-02 -8.4148082185e-02 7.9719932898e-03 -2.2547207095e-02 3.9355120788e-02 8.5268297302e-03 -3.8214712411e-04 -6.6585429724e-02 1.1271850766e-01 -1.0764555931e-02 -8.0165405416e-02 4.6848088719e-02 5.0875919053e-02 4.7315151146e-02 -8.1566062596e-03 -1.0089010228e-01 9.4249771389e-03
