-6.3881345234e-05 -8.9373242548e-05 7.0008463196e-05 -1.5100042718e-04 1.2398122175e-04 -1.8964177505e-05 5.3477811167e-06 1.2150878260e-04 1.0644875252e-04 1.1490016113e-04 1.1329617046e-04 8.7505244479e-05 2.3806248923e-04 -8.3900136722e-05 -4.0730880452e-05 7.7562405368e-06 -4.8781198547e-05 8.3043068456e-05 1.0870091517e-04 -5.1510531796e-05 -6.9858890713e-05 1.1944549592e-04 -2.1139697917e-05 1.2646410498e-04 -7.6549960037e-05 -7.4631433671e-05 1.4061411419e-04 -2.6704917225e-06 -1.2759683706e-05 -7.6943473028e-05 1.7839858542e-05 1.5243529596e-05 -4.0980177336e-05 2.8070719042e-05 -1.7873840836e-04 3.2414018714e-05 2.0055504620e-04 5.9620692976e-06 5.9275793387e-05 -6.6343106084e-05 -1.0473128587e-04 5.9418770264e-05 1.4874102125e-04 1.3124498901e-04 1.9588710321e-05 2.0200849265e-04 -9.2211821040e-05 5.3087637578e-05 -2.2152054185e-04 1.0178930386e-04 -5.4026051699e-05 -2.7543409438e-04 3.0789043823e-05 1.6102226633e-04 -1.8778418274e-04 -4.2585989363e-05 -6.5854691571e-05 -3.3562127470e-05 2.5249548876e-06 -1.2698965716e-05 -5.7581798714e-05 -4.5971731405e-05 3.1213702586e-05 -4.2612187799e-05 -1.0295194364e-04 -9.3217124426e-05 6.4758532608e-07 -1.3201461529e-04 1.6073466244e-04
-1.8310470192e-04 5.3449129835e-05 1.3512818400e-04 -5.3112971757e-05 6.7111734459e-05 -8.5190716966e-05 -1.4992231859e-04 -2.8453862521e-06 7.2026337610e-05 -1.5824687043e-04 -2.0657289856e-04 -1.3053425199e-04 -4.6607934956e-05 -4.9018569178e-05 -1.7352390671e-04 1.0036229527e-04 -7.3095954811e-05 -7.7247543546e-05 5.6695314285e-05 8.4944133147e-05 1.1802193427e-04 4.2457184844e-05 -7.8765675975e-05 3.5508574250e-05 -9.0842782781e-05 7.9480487548e-05 -2.0329073439e-04 -5.0740584772e-05 -4.8804011662e-05 -1.1298747686e-04 8.8899663772e-06 -1.1006052312e-04 -6.5293125072e-05 9.7462128124e-05 -3.9354827798e-05 2.3945667284e-05 2.2049457955e-04 -9.0019191612e-05 -3.9139852919e-05 4.9487305536e-06 3.2918856076e-06 -3.7477774009e-05 1.8143450385e-04 1.0557084620e-04 -3.4058748510e-05 1.4521650944e-04 -1.9101147295e-04 -1.0474995637e-04 -8.9045125271e-05 1.1270739268e-05 8.1909157354e-05 7.4080047814e-06 -4.2628992726e-06 1.8387235793e-04 -1.2415818629e-04 1.3153459785e-04 1.8789665142e-05 1.0282017622e-05 -7.3127612112e-05 -1.1844201927e-04 2.0597887123e-05 1.6653091283e-04 1.0117066390e-04 -1.1270866182e-06 -4.4380648530e-05 -4.4820779947e-05 -1.0178819965e-04 -1.1955516403e-04 -2.1397649395e-05
4.5051694696e-05 -5.0002012526e-06 5.5415030805e-06 1.1611201137e-04 -1.5554218485e-05 1.1485217563e-04 6.5216987960e-05 7.3990413870e-05 2.0987783215e-05 6.0435298349e-05 -7.9471225916e-05 4.9898404968e-05 2.0675336496e-06 3.0363869983e-04 -2.3752234055e-04 2.3622871112e-05 1.8480304557e-05 5.4471361226e-05 1.3709126698e-04 1.4416497305e-04 -2.9921887404e-05 1.0174184610e-04 2.3790411074e-05 -6.7570562397e-05 -9.0130995555e-06 -4.0252240035e-05 -3.7330927702e-05 5.6984290301e-05 -5.2340542264e-06 3.8432980107e-05 -1.3774798602e-04 7.0865764682e-05 1.9538000496e-04 1.0927441361e-04 -5.1602088521e-05 8.7446798769e-05 -2.4383846695e-05 1.2655078914e-04 -1.1643138773e-04 -4.0285428479e-05 -4.3550304184e-05 -2.8812122886e-05 -1.0836884135e-04 1.2015367551e-04 -6.1106860997e-05 -2.4541891332e-05 9.4686947517e-06 5.3935452339e-05 -1.7300854144e-04 5.3233428652e-05 -1.9473990503e-05 1.9688702997e-05 -2.7776191011e-05 6.9766089777e-05 -3.6417896631e-05 -2.6681280625e-05 -8.4459761255e-05 -5.0273741987e-05 1.2280620084e-04 -7.6716984605e-06 1.0832608985e-04 -3.1653064540e-05 -1.2676692035e-04 6.0338750120e-05 -3.4325281395e-05 3.4971051801e-05 -2.8575656460e-05 -1.1085513374e-04 9.1612777357e-05
-1.0509097472e-04 5.8987028586e-05 -1.3909667046e-04 -1.1900130788e-04 -4.6505201045e-05 -7.7736682646e-05 -5.1179690452e-07 -4.5638343079e-05 -4.6507910061e-05 -1.9688173472e-04 -1.0880870136e-04 -7.1271632950e-05 1.6084621304e-05 -2.0504969116e-05 1.3597252798e-04 1.2720774368e-04 -3.7806216312e-05 1.0011867473e-05 -3.3733153578e-05 1.2326070207e-04 -2.6362944744e-05 -7.9053396080e-05 2.0022057646e-04 2.5804618714e-05 6.5409092241e-05 -3.9760711003e-06 -2.5616035192e-05 4.2115603186e-05 1.1468075150e-04 2.5759649250e-04 1.5461887505e-04 2.6723600899e-06 1.2362063323e-05 1.8692682937e-04 -5.2364759366e-05 4.9419323959e-05 7.6300063279e-05 -1.0247482543e-04 -8.9665623032e-05 -5.7941143071e-05 -1.3301706566e-04 6.8264167598e-06 -3.3195943455e-06 -1.6558831635e-04 -1.8657217296e-04 1.0668971763e-04 -1.4586594484e-05 -1.3710679252e-04 1.0513626160e-06 -9.6902908851e-05 6.1442068232e-06 1.9724612677e-04 1.5438479529e-04 -1.7708125499e-04 -4.3054451789e-05 -1.6965332810e-05 -8.3990951867e-05 -5.0150599317e-05 9.7371306616e-05 1.0618386666e-04 -1.2589041592e-04 3.4813832712e-05 -8.4597544024e-05 -2.6228714468e-04 -1.3055539629e-04 -1.6217943286e-04 -8.4565203775e-05 1.1513346052e-04 -1.7963756160e-05
1.3493175388e-05 -2.1402377236e-04 1.4147420986e-04 -1.0448700981e-04 3.3280145441e-05 8.3195014305e-05 1.0619068246e-04 -1.1397732506e-04 -3.3893747332e-05 -1.6959877395e-05 -2.5282868960e-05 -7.9346098452e-05 1.7371669701e-05 -9.8030052665e-06 7.1740728143e-05 -2.1637419376e-04 -1.6856853488e-04 -1.6582339453e-05 -1.6600678467e-05 -1.6861208794e-04 -4.0198675456e-05 -7.8407176191e-05 1.6629140757e-04 -3.2316886543e-05 -6.4437416542e-05 1.4389331576e-05 -4.5915632653e-05 7.3609544885e-05 8.4416251479e-05 1.1446773234e-05 -6.8364222059e-05 1.6955323437e-05 8.4589790737e-05 -2.0224500459e-05 9.3985707387e-05 1.0857641382e-04 -1.2398130178e-04 -7.1988474549e-05 -8.8778351106e-05 -7.7818818622e-05 -2.5612208303e-04 -1.5262382815e-04 -2.5981243753e-05 1.2765834295e-04 3.2775693564e-05 -2.7876752822e-05 9.1208671129e-05 7.9870478475e-05 -4.3639048271e-05 -7.0894501157e-05 -1.3895481090e-04 1.2423712833e-04 8.0602634415e-06 7.9235822735e-05 -1.3651021201e-06 6.2281153720e-05 8.1110538197e-05 8.4024691408e-05 3.8806622566e-05 8.2353791261e-05 9.9135062834e-05 -2.9961440358e-05 -1.0698986771e-04 1.7698405175e-04 2.7061926079e-05 -9.3583379242e-05 -5.0036145786e-05 -3.3280338678e-05 2.3174311422e-05
5.0611264787e-05 5.2704382620e-05 -7.1321246498e-05 -5.5133386519e-05 -3.6240012854e-06 1.4025830049e-04 -1.9056443272e-04 -1.6722089564e-05 -1.1183938577e-04 2.6005926877e-04 8.8311185987e-05 4.0876966691e-06 8.4202355425e-05 8.8494823228e-05 1.8563482830e-05 -9.5680340301e-05 -2.1432014617e-04 -8.0381828953e-05 -7.1541188742e-05 -1.1120669212e-04 1.9461263691e-04 4.2672836057e-05 9.5249265027e-05 5.3557904549e-05 -4.0320993544e-05 -1.4862883793e-06 -6.4179159186e-05 1.3889864941e-04 -1.0061152875e-04 3.8799198054e-05 8.1927467160e-06 -1.1837390479e-04 6.2118436669e-05 -9.6026746824e-05 -3.1903065325e-06 -4.9886362283e-05 -1.1130397707e-04 3.8857286787e-05 8.8507310763e-05 1.1976388236e-04 7.5565973318e-05 -4.7745917706e-05 -1.5192271762e-04 1.9618556967e-04 3.1372580418e-05 1.2128885792e-05 3.7518564272e-06 1.4622678043e-05 -1.3870706164e-04 1.8816667930e-05 -8.6214010286e-06 6.8672872890e-05 -1.0159489524e-06 4.7760669276e-05 6.7357210102e-05 1.0837919568e-04 1.4965194926e-05 1.4197393260e-06 2.3394774091e-05 6.7685524551e-05 1.4011042176e-04 4.1687287854e-05 1.1773632594e-04 -8.1154414047e-05 -4.6464444129e-05 7.4606305516e-05 -7.6889369261e-06 2.1422248921e-05 -1.5889091988e-04
3.8971343471e-05 1.0693403012e-04 3.1559019568e-05 -4.5057369982e-05 4.9082069742e-05 2.6560443136e-05 1.5835341178e-04 -2.6165560699e-06 5.7461107981e-05 -4.1351346678e-06 -3.7456694603e-06 1.5625695092e-05 -1.3132300714e-04 6.6240412927e-05 1.0355642872e-05 -1.6616648810e-04 -5.8891142338e-05 -8.8185322212e-05 -1.7233526226e-05 2.6117593012e-05 -6.8680216511e-05 -6.6713114697e-05 1.2863569501e-04 6.3678222887e-05 8.0647862618e-05 -1.0026331910e-04 1.4894523089e-05 -2.0273318649e-04 6.3124628415e-06 1.5398305924e-05 3.6378918627e-05 -1.0264698594e-04 4.5202565577e-05 -9.3372611361e-05 6.4332484388e-05 2.6737696778e-05 -7.8871139389e-05 -2.1937334854e-05 -2.0539609549e-04 -5.5863739908e-05 1.0293323785e-04 -1.2445401798e-04 4.9492571563e-05 -2.2457808913e-05 8.3789412767e-05 4.2403303059e-05 -8.3366426682e-05 1.9724712953e-05 -7.3979043643e-06 1.0857986047e-04 3.6897734668e-05 2.6394419475e-05 1.0601529495e-04 8.3325537545e-05 1.8288697516e-05 2.5952737241e-05 -6.1749066390e-06 4.5290430705e-05 9.7406696529e-05 7.7921260748e-05 -7.9101439104e-05 1.1350419109e-04 -1.2439210269e-04 -6.7153426774e-05 5.1346667913e-05 3.9615517433e-06 -1.7218619665e-04 -1.3439549086e-04 4.5780523121e-05
6.1042843866e-05 4.0636196097e-05 4.6167098572e-05 3.5784125901e-05 -8.6509176602e-05 8.2225378858e-05 -5.8772337112e-05 -1.2027076252e-04 3.5341504626e-05 -1.7156593053e-04 -7.7736895839e-05 -1.0937764386e-04 -6.8155316632e-05 -5.9897314896e-06 5.8673436011e-05 -3.8345266719e-05 4.1749128813e-05 1.3380491473e-04 -1.6910472923e-04 -2.0105544991e-04 -1.6962589648e-04 1.3242947819e-04 -1.8368309828e-04 1.1406038870e-05 -5.8098581100e-05 -9.5816384252e-05 2.5809819956e-04 2.0891995405e-05 3.9201529511e-05 -1.3786447196e-04 -3.6488440449e-05 -6.9770315918e-05 8.0243333287e-05 -5.4933056645e-05 2.7417495067e-05 -1.1350963248e-04 6.8375500400e-05 7.8652331744e-05 -1.4521258508e-04 -8.9213674186e-05 -8.2450041516e-05 -1.0195751163e-04 -6.6320898346e-05 -4.8676128611e-05 2.6978438213e-05 -5.8041069285e-05 -2.8648553681e-06 -4.5931568442e-05 5.3664848045e-05 3.1209036593e-05 -2.3128904231e-05 -1.5567185506e-04 5.2314996151e-06 1.0967403946e-04 -2.1568995787e-05 -9.0053724047e-05 -7.1648978224e-06 -1.8824326496e-04 -1.0063139391e-04 2.0612886930e-05 -6.7412769046e-05 1.0020241384e-04 1.4286203643e-04 -1.3999969431e-04 -3.3112354018e-05 -8.9736580979e-05 -6.1192560493e-05 -5.6174493625e-05 -3.5072208863e-05
-2.4080934320e-04 1.7679245143e-04 9.2771537694e-05 -8.2853844358e-05 -6.5092455280e-07 7.5138310084e-05 -2.6725179672e-05 1.3075248047e-04 1.1958902161e-05 8.0002186671e-05 1.0102892705e-04 -1.6991255805e-04 1.4738276218e-04 5.7493229524e-05 2.4480881318e-05 -5.9500107197e-05 -2.0785065634e-04 -9.4951627364e-05 -6.1701979325e-05 -2.1015222972e-05 8.2369607877e-05 -1.2418791031e-04 1.2901662335e-04 -2.2756394030e-05 -3.6518415688e-06 1.8806354028e-05 -6.4725042924e-05 3.8215301916e-05 1.4864490794e-04 1.7117341229e-05 -6.3355456578e-05 2.4377088210e-04 -3.6973634713e-05 2.4093657333e-04 2.4366194394e-05 3.3682662630e-05 -1.4513134203e-05 -8.2910746201e-05 8.2773999941e-05 7.5484936433e-05 4.9638993080e-05 -6.4421803506e-06 1.1963605537e-04 3.8769995816e-06 4.8835448289e-05 1.8817212276e-05 1.6379769218e-04 1.0107454009e-04 -4.7316730119e-05 1.3795778253e-04 8.9229440675e-05 1.1401741567e-04 -1.5291062844e-04 7.1398365597e-05 6.5707912193e-05 -2.5544915057e-05 -1.4040880829e-05 1.4052083087e-05 9.7694167151e-05 4.3166816070e-06 3.1754657675e-06 -4.5605321101e-07 1.8603919552e-04 2.0703830573e-05 5.7413581292e-05 1.4547823907e-04 -3.7943508998e-05 -2.7826573334e-05 1.0138036074e-04
5.2295187820e-05 -3.2399015711e-05 1.5015948187e-05 2.2252625200e-05 -3.4109735049e-05 5.0695292020e-05 1.6235674564e-05 1.4643053897e-04 7.4655906360e-05 -1.2487737895e-04 -1.1400309730e-04 2.6614152842e-05 -1.0718328558e-04 -3.1883228105e-05 -3.8305155040e-05 -1.8715249198e-05 -4.0420054697e-05 -8.4775029957e-05 1.7689157661e-05 -4.7383783120e-05 1.6988583091e-04 -1.1345391064e-04 7.5836910776e-05 2.3505874443e-05 1.5278085827e-05 8.3460567043e-05 3.5217209872e-06 -4.9747579616e-06 -7.0586318922e-05 9.0134969758e-05 3.4834076728e-05 6.2958952097e-05 -4.4514502979e-05 2.0096957391e-04 -2.8535724146e-05 -1.0830563205e-05 4.2003501144e-05 -8.0261204360e-05 -8.3540780875e-05 -6.4387617903e-05 -7.5157068652e-05 -5.2537444593e-05 -3.1734108818e-05 -9.9230716232e-05 6.6499843854e-05 1.4950854832e-05 -3.9943552298e-05 -1.2497464922e-04 -5.4367001393e-05 -6.4532734801e-05 -1.1427617597e-04 1.3387139410e-04 1.0915756594e-04 -1.2740099499e-04 5.9318719782e-06 2.4134338198e-05 1.0764140471e-04 -1.4652203380e-04 -8.5635173045e-05 -4.8648774205e-05 6.9609318595e-05 6.8049486384e-06 -9.2505767092e-05 -8.1814147814e-05 -1.7503853119e-04 -6.6149888329e-05 1.5061826546e-04 3.6930153864e-05 -1.4455030347e-05
7.4136250581e-05 7.9301679400e-05 1.9034532718e-05 7.2722747250e-05 -3.2391261669e-05 -1.6123101177e-04 -1.4035627575e-04 4.0992253421e-05 8.2174502425e-05 -5.8676004022e-05 -4.9554485033e-05 -3.1545561755e-05 -1.0318057803e-04 2.6270948629e-05 -8.6977377939e-05 1.6196286313e-04 -2.9511105261e-05 1.2526144234e-05 -7.2565342201e-05 -1.1612493036e-04 1.4935665467e-04 -2.8774444478e-05 -6.7632055454e-05 4.1096063466e-06 1.6304269777e-05 1.5375592550e-04 -1.3629921835e-04 -1.1610772387e-04 8.4154383111e-05 -4.4124153045e-05 1.0622578994e-04 -5.7444192703e-05 -1.0728532564e-04 5.3449262375e-05 8.7497160238e-05 -4.9558489779e-05 -2.4062100206e-05 3.8047737142e-05 -2.8616178021e-05 -1.5287604991e-04 -5.5422207675e-06 1.8581402128e-05 -6.4544160069e-05 6.0325465205e-05 -3.0819556012e-05 -7.4348315407e-06 1.3363183267e-04 -2.1922200493e-04 2.8367448075e-05 -9.2154318226e-06 -5.9947693187e-05 -1.7427653100e-05 1.2215448113e-04 2.4121522245e-05 1.2129895190e-04 5.7198047928e-05 4.2266289355e-05 3.6604479261e-05 7.5213031712e-05 -1.4850059123e-04 9.2052074997e-05 7.1011459811e-05 1.1634269180e-04 9.2769482062e-05 -1.5633261624e-05 2.4289281352e-05 -1.3553423346e-04 1.2632697284e-05 2.8729567938e-05
-1.0894885248e-04 1.1162922050e-04 1.2384149384e-04 -2.0149143955e-05 3.2573180382e-05 2.0151698775e-05 -2.5588503776e-04 -1.1625538161e-04 -8.9471445237e-05 8.3674627062e-05 -2.1458602754e-05 1.3419520781e-04 -2.1825376216e-04 7.2222608700e-05 -1.9927284999e-06 -1.0092682380e-04 1.5498356419e-04 -1.1615284215e-04 5.3838957516e-05 -6.8706268602e-05 -1.0514679132e-04 1.4184891067e-04 -1.2132882574e-04 1.9770162957e-04 -3.4141627096e-05 1.5627693124e-05 -1.1438927476e-04 -1.8531438596e-04 8.1071316436e-06 -1.1345707843e-04 1.3673658622e-05 -4.4657617702e-05 1.0690796994e-05 1.1863452317e-04 -8.2252399107e-05 -1.7603893963e-04 -2.6614786685e-05 -5.7985677296e-05 -9.3760777612e-05 1.7320651780e-05 -3.1805146772e-05 -1.0149851850e-04 8.4665044601e-05 -1.1362393294e-04 -5.8137282353e-05 1.0084718307e-05 1.4393183190e-04 4.4884837726e-05 -5.3447346810e-05 5.6761107452e-05 8.8692080326e-05 6.0706468537e-05 -2.1184401234e-05 8.5019860229e-05 2.5166087076e-06 -2.6873879958e-05 -4.2795293395e-05 -6.7995094232e-05 1.8112547538e-04 6.0462261529e-05 -8.8599366507e-05 2.1395340229e-04 -7.9469766516e-05 -7.7519596058e-05 4.0624684233e-05 1.7417164980e-04 -2.3267972050e-04 1.0756831994e-05 1.4209637739e-05
-1.6047830322e-01 -2.3315711950e-01 4.1905043841e-01 -3.9998115840e-01 1.6072527188e-01 2.8732771970e-01 -6.7529153262e-02 5.1222664823e-02 -3.7032078860e-01 1.9426013395e-01 -2.3735513908e-02 -4.0991130277e-01 -3.4203746978e-01 -2.0246881607e-01 -2.2840278130e-01 1.8002844462e-01 2.3953409613e-01 7.2523100962e-02 3.5936573017e-01 -1.3239731173e-01 3.2643801340e-02 2.8383542519e-01 3.8958959953e-02 -8.4466839965e-02 2.7247184432e-01 2.1512983311e-01 7.7934596258e-02 -2.2920760585e-02 1.2569295388e-01 9.3806128924e-02 1.2980605278e-01 -3.9752690912e-01 4.2756265149e-01 -1.3751525549e-01 -3.9146589349e-01 -3.2484511627e-01 -1.0667072704e-01 -8.6784872265e-02 1.3751195442e-01 -3.0757511840e-02 3.8461506622e-02 -4.1206860368e-01 -6.4728688243e-02 4.2255986745e-01 3.7167891313e-01 3.1080963490e-01 -1.3191451101e-01 2.4120595374e-01 2.4683638162e-01 6.6794017617e-02 2.7455744214e-01 -2.7522648802e-01 4.3807878568e-02 2.1705986761e-02 -2.4130321227e-01 -1.7151504225e-01 -7.1611641137e-02 -2.2971510255e-01 2.8880478431e-01 -1.8009038086e-01 -5.6791325515e-03 1.3669142858e-01 2.3055099554e-01 -4.0171900534e-01 -4.1156419651e-01 -1.3826990055e-02 -8.8542846974e-02 -2.9752402939e-01 -1.3014405693e-01
-1.6088417674e-01 -2.3500261553e-01 4.2216468046e-01 -4.0139798296e-01 1.6077056551e-01 2.8889390576e-01 -6.8323824859e-02 5.1573781409e-02 -3.7140264903e-01 1.9540832882e-01 -2.3853056371e-02 -4.1116241854e-01 -3.4305061074e-01 -2.0244504736e-01 -2.2869534482e-01 1.8004437473e-01 2.3961361216e-01 3.2331080902e-01 3.6194020050e-01 -1.3306573158e-01 3.2186052728e-02 2.8485485145e-01 3.8679771466e-02 -8.4476421574e-02 2.7317181781e-01 2.1513153253e-01 7.8099221665e-02 -3.9792862637e-02 1.2629042120e-01 9.4850291598e-02 1.3755455101e-01 -4.0067810479e-01 4.2766152234e-01 -1.3838638075e-01 -3.9478656676e-01 -3.2651827265e-01 -1.0749777012e-01 -8.6686892771e-02 1.3773504641e-01 -3.2237393563e-02 3.8901616545e-02 -4.1285760013e-01 -6.4806091572e-02 4.2512228424e-01 3.7300274345e-01 3.1141752737e-01 -1.3217035765e-01 2.4090191806e-01 2.4740254712e-01 6.7119376485e-02 2.9470449497e-01 -2.7607112550e-01 4.3889702606e-02 2.1770019160e-02 -2.5575639072e-01 -1.7167662447e-01 -7.1506387141e-02 -2.2986628083e-01 2.8841779365e-01 -1.8242984527e-01 -5.7553284656e-03 1.3996156707e-01 2.3065601389e-01 -4.0593097912e-01 -4.1451442581e-01 -6.1161220568e-03 -8.7924778869e-02 -2.9950723916e-01 -1.2934624520e-01
-1.6043343253e-01 -2.3520295983e-01 4.2230019638e-01 -4.0132570337e-01 1.6080631839e-01 2.8917049224e-01 -6.8211031710e-02 5.1604957714e-02 -3.7136594262e-01 1.9522703864e-01 -2.3855729945e-02 -4.1115492666e-01 -3.4282716224e-01 -2.0228953076e-01 -2.2871181135e-01 1.7988069655e-01 2.3959416628e-01 3.2328575279e-01 3.6216032825e-01 -1.3316778598e-01 3.2225575254e-02 2.8477786638e-01 3.8655436237e-02 -8.4648034899e-02 2.7312117162e-01 2.1501317211e-01 7.7858277904e-02 -3.9735953688e-02 1.2621950014e-01 9.5068832998e-02 1.3778191018e-01 -4.0046667750e-01 4.2770161829e-01 -1.3839437575e-01 -3.9488662190e-01 -3.2659241531e-01 -1.0750097367e-01 -8.6814168622e-02 1.3759936311e-01 -3.2254428649e-02 3.9111708170e-02 -4.1269037610e-01 -6.4755327630e-02 4.2502921793e-01 3.7280764179e-01 3.1137653383e-01 -1.3207624079e-01 2.4100532738e-01 2.4742982873e-01 6.6973196579e-02 2.9464042403e-01 -2.7620429353e-01 4.4163291761e-02 2.1687421782e-02 -2.5588123505e-01 -1.7170915954e-01 -7.1561693709e-02 -2.2996358022e-01 2.8865670246e-01 -1.8242461014e-01 -5.9488120927e-03 1.4009336673e-01 2.3047048054e-01 -4.0588501837e-01 -4.1443799904e-01 -6.0061088626e-03 -8.7707668066e-02 -2.9933540663e-01 -1.2948718527e-01
-1.6048580112e-01 -2.3286968857e-01 4.1841983009e-01 -4.0012639134e-01 1.6077008553e-01 2.8723661373e-01 -6.7555412600e-02 5.1294364927e-02 -3.6984782398e-01 1.9412768971e-01 -2.3677368573e-02 -4.0961973632e-01 -3.4173838203e-01 -2.0247669237e-01 -2.2837678007e-01 1.7979049154e-01 2.3952235720e-01 6.5514327493e-02 3.5855076825e-01 -1.3228152871e-01 3.2667514604e-02 2.8373724027e-01 3.8675383083e-02 -8.4483676986e-02 2.7197751285e-01 2.1506990493e-01 7.7803907573e-02 -1.9706636712e-02 1.2553521682e-01 9.3534789808e-02 1.2850378151e-01 -3.9716823417e-01 4.2725366172e-01 -1.3726058081e-01 -3.9079003843e-01 -3.2444595730e-01 -1.0670507304e-01 -8.6963677594e-02 1.3729752157e-01 -3.0425656431e-02 3.8465253398e-02 -4.1182904568e-01 -6.4834094876e-02 4.2238405124e-01 3.7156825844e-01 3.1057088550e-01 -1.3189139805e-01 2.4058184672e-01 2.4650987647e-01 6.6882267606e-02 2.7062126828e-01 -2.7524803392e-01 4.4012316561e-02 2.1690351537e-02 -2.3826469217e-01 -1.7137289581e-01 -7.1543363718e-02 -2.2964458471e-01 2.8862074617e-01 -1.7966593390e-01 -5.8486173783e-03 1.3594869704e-01 2.3055195358e-01 -4.0056361019e-01 -4.1074253945e-01 -1.4611095359e-02 -8.8774751356e-02 -2.9699845363e-01 -1.3000540022e-01
-7.7920490606e-05 1.2140607813e-05 -4.0911684202e-05 -2.1821221078e-05 -8.1801071425e-05 -1.9447993380e-05 4.3112767811e-05 2.2676691106e-04 4.7939153970e-05 -7.2558606471e-05 2.9713615811e-05 -1.7645400399e-04 -2.3788480604e-04 -6.4249298894e-05 2.7466721859e-06 5.3514150912e-05 -1.0169225557e-04 -1.0034601281e-04 -2.0512174754e-04 -9.9749735021e-05 1.0224868846e-04 -2.4397774913e-04 -4.7435581333e-06 3.8921154764e-05 -2.0144557212e-05 5.9829575884e-05 -1.4852463924e-04 1.0588566388e-04 -7.7912580040e-05 1.2305393788e-05 -1.1375477499e-05 -7.3101949282e-05 -3.6135964516e-05 3.9230210706e-05 -9.6114828063e-05 -6.8064725321e-05 4.1840790225e-05 -4.7278388402e-05 1.3044142693e-04 -1.5869616794e-04 -8.7266797503e-05 7.8375100379e-05 -1.3818805553e-05 -1.8429598474e-04 -2.1453617773e-04 -1.7371144292e-04 4.9629105645e-05 -1.6439358403e-04 6.9082920614e-05 -1.0134191195e-04 -1.2340243436e-04 2.3741300154e-05 3.0875180152e-06 1.1979767839e-04 8.3104688570e-05 -2.0812568022e-07 -1.7699834280e-04 -1.7752053804e-05 8.3805961680e-05 -8.1696016665e-05 1.8930558443e-04 5.7913214067e-05 2.8622522465e-05 9.9350874240e-05 1.3073695791e-05 -5.6540133076e-05 -7.7929015585e-05 -2.9091166650e-05 -4.5236639623e-05
1.0141850067e-04 -5.2368619955e-05 1.6793407439e-04 -8.6894863571e-07 -1.0743719543e-04 6.2930332244e-05 -7.0138660922e-05 -5.0967404161e-05 -2.3361997643e-06 -9.3188942311e-05 -3.1394222032e-05 7.9661704440e-05 2.8509846667e-04 1.4068016828e-04 -1.0022764031e-04 -1.3034489593e-04 1.1303968306e-04 -4.3204323875e-05 -1.7449856965e-04 -4.6092557738e-05 -1.1271331392e-04 1.0923676257e-04 -4.7772723002e-05 6.4343207820e-05 1.0656764708e-04 1.7126663770e-04 -5.1923279503e-05 1.7888789218e-05 3.6404903907e-05 2.7372026643e-05 -4.6356036186e-05 5.9350766943e-05 5.7718112539e-05 5.8300465141e-05 1.4134355729e-04 -4.0321091322e-05 -1.4677641181e-04 -1.2935937220e-04 2.0146999836e-05 -1.8241187706e-04 -2.1533863853e-05 1.1032006615e-04 3.4573898466e-05 -7.3954904030e-05 1.5881413266e-04 8.8592107484e-05 -1.0459031633e-04 5.0334553388e-05 -5.5372669931e-05 8.2037042408e-05 -6.6846031541e-05 -1.1695007973e-04 -1.1952913160e-04 -2.8552529202e-06 8.7108426670e-05 -8.9050106090e-05 7.0037563587e-06 6.4980942841e-05 -1.2757603315e-05 -3.5904048299e-05 -1.5675140932e-04 -2.3285047357e-04 -9.4383499109e-05 4.6089968453e-05 -1.3363373546e-04 1.2285759391e-04 -2.2431450899e-04 -1.3474402152e-04 -1.9141181084e-04
-1.6543213424e-06 1.0724165325e-04 -1.1204917981e-04 -5.1142940405e-05 -3.0214670713e-05 -2.3668929791e-05 5.6661697981e-05 5.2112739199e-05 -5.5051483105e-05 1.6120256905e-05 -3.8945003301e-05 5.2464381862e-05 5.0196852887e-05 -1.2506305630e-04 2.4575780853e-07 -1.1464945215e-04 -6.9166552177e-05 -1.8574783585e-05 2.1493542037e-04 -6.9993721604e-05 1.0061487788e-04 -3.7759442981e-04 4.6087870092e-05 -1.7439782925e-04 -3.4655914610e-05 1.1282911639e-04 -8.9503244627e-06 -5.5013054832e-06 1.8355886105e-04 2.3886308056e-05 -4.9549753807e-05 -4.9578233504e-05 -5.4077092519e-05 -3.1515136538e-05 1.3240952086e-04 -9.0603130506e-05 -4.1346168445e-05 -5.5003558835e-05 2.2941078148e-05 -7.8221361311e-05 1.7421345332e-04 -4.5050881547e-05 6.0143265333e-05 -3.2577600781e-05 -2.0110770444e-04 -1.9600271327e-04 -3.8931713626e-05 1.0344380498e-05 -1.8426835637e-05 5.2313957941e-06 2.8664129157e-05 7.5065293201e-05 -2.0530950367e-05 -9.4007367815e-05 -1.0318303495e-04 -6.0370729746e-06 -1.6035224672e-04 4.5433388548e-06 4.9755897425e-05 -9.0301140411e-05 1.4064115487e-04 -6.4586886523e-05 -8.2810001640e-05 2.9939064227e-05 1.3271943042e-05 1.2300244649e-04 -1.2077203384e-04 5.2802972851e-05 -1.1465342021e-04
-1.0077681985e-04 -4.0473386754e-05 7.2510846729e-05 1.1594793049e-04 -1.2981092563e-04 -3.7711482985e-05 -5.0413576991e-05 -6.1434943722e-05 7.2450802274e-05 7.5997551244e-05 -3.5733300820e-05 -2.2640925626e-04 1.0872804652e-04 -1.2810219436e-05 -4.6248808198e-05 -8.3116222278e-05 -4.7804720125e-05 -4.5609548934e-05 -1.7806594069e-04 1.8604179803e-04 4.5235980007e-05 -1.8428334904e-04 5.8996261550e-06 -2.8591347220e-06 -2.0651642446e-04 3.3223248645e-05 -3.1938267221e-05 1.6327028441e-04 2.1939031306e-04 -1.1596864062e-04 -7.0465270652e-05 5.7044407541e-05 -9.7816051600e-06 1.6925961956e-04 -8.2322699621e-05 -8.5065762245e-05 -7.9525025740e-05 8.3769660630e-06 5.6066430906e-05 -1.0303581125e-04 -4.2022385513e-05 -9.5163086632e-05 -5.1966714005e-06 2.1397426954e-04 1.2547923124e-05 8.3105789384e-05 -5.9571732912e-05 6.5687466427e-05 7.8823108780e-05 5.3813794392e-05 -1.2637120976e-04 7.9739914239e-05 -2.0123939746e-05 1.1231974492e-04 5.0126592122e-05 2.0608611943e-04 -3.1461923135e-05 1.3506180305e-04 -1.7604397943e-04 4.6373764468e-05 2.0980338961e-05 3.5859407106e-05 -1.3639029019e-04 -3.1965994582e-05 1.0727695301e-04 5.6538027574e-05 2.2212695665e-05 2.8145756981e-05 -7.1555579578e-05
-4.5869077087e-05 -7.4733308092e-06 -1.7588265395e-05 1.9790077728e-05 1.0143873545e-04 2.3552936980e-04 -5.9560559143e-05 2.8343400127e-05 4.2055821155e-05 3.5816025445e-05 -2.1388538244e-05 -3.1032047491e-05 -5.2222220558e-05 1.9246221365e-04 1.6824169956e-05 -4.8014383689e-05 5.5836861627e-05 -6.6857563785e-05 3.3223604217e-05 5.5237807980e-05 1.4490847379e-05 7.0148485943e-05 3.5961370445e-05 1.3608435273e-04 3.8373327250e-05 -7.2676168088e-05 6.8692364261e-05 1.0615295803e-04 4.0350604037e-05 7.5377385878e-05 2.5706582851e-05 -1.5619853264e-04 -7.8092500324e-05 3.9308092874e-05 -1.8811314014e-04 1.3658829101e-04 9.0659988341e-05 -9.1276928506e-05 -8.2531109078e-05 4.4267030245e-05 -2.2870920986e-05 -8.3761735823e-06 -9.8463913506e-05 4.6985814895e-06 1.2872828114e-04 5.3024933961e-05 -1.3567910391e-04 3.3351929698e-05 -1.7236891362e-04 1.4353109616e-05 6.2024431942e-05 5.9305826810e-05 6.5699630760e-05 -5.7252330682e-05 3.1478813423e-04 5.0288706061e-05 4.6556164755e-06 -1.2427618281e-04 -2.4527180808e-04 -1.7541965520e-05 -1.0600653622e-04 8.5164139295e-05 -1.4283871334e-04 -8.2827170022e-05 1.4716643073e-04 -2.6799741468e-06 -6.3068432716e-05 2.0598568612e-04 -1.1816834559e-04
-3.8268326426e-06 -3.4329108251e-06 3.7966184797e-05 1.1553396152e-04 1.3027425648e-04 6.5187104195e-05 -1.2041267059e-04 -3.2058282758e-05 -6.8236905247e-05 9.2528225006e-05 -2.0672292043e-04 5.9715524189e-05 5.5446837919e-05 -1.6690357830e-04 1.4062598794e-04 -6.9319522040e-05 1.8988670315e-04 -1.2751570249e-04 2.1557877554e-05 -1.5971529853e-05 7.7549248612e-05 6.6148215917e-06 5.1430519202e-05 -2.0586393003e-04 1.4872737040e-04 2.2720362762e-04 -1.2182169189e-04 3.5666050298e-05 -8.9708434237e-05 -5.4002052961e-06 1.8769750115e-04 1.7844570694e-04 1.2679910198e-04 -2.9279034247e-05 -6.1799880475e-05 -2.0204850444e-05 -3.4207528522e-05 2.2581254137e-05 8.0297405124e-05 -7.7477354263e-06 -1.1306848071e-06 -1.4702901758e-04 -5.2707630472e-05 -2.5361551802e-05 -9.4583038984e-05 -8.9466851278e-05 5.3760504960e-05 2.3727456943e-06 1.2547622899e-05 -3.3727367078e-05 -4.9699708326e-05 8.5518125974e-06 6.1092894502e-05 5.6456351906e-05 -9.9266336888e-05 1.2848606230e-04 -4.9505689465e-05 8.9767844501e-05 7.7189857238e-05 -1.1072713940e-04 8.7415975752e-05 7.5394827459e-05 -3.3990769610e-05 -9.7878285629e-05 1.1834458864e-04 5.2433356801e-05 -2.5913458093e-05 2.0802382191e-04 -1.6090344855e-04
-4.1368469269e-05 7.5673904698e-06 -5.5386414402e-05 8.1093067820e-05 4.9266564338e-05 6.2071770492e-05 1.3715376139e-04 -3.8585218735e-05 8.4816024326e-05 -1.2110517508e-05 6.5574415376e-05 -8.8028520537e-05 -4.2273942809e-05 1.6709223004e-04 -4.9952979568e-05 -2.7261346233e-05 -8.3911221900e-05 1.4668821602e-04 1.6895885118e-04 4.6501746329e-05 1.0184074623e-04 -4.1313638417e-05 4.9332101104e-05 1.7549414506e-04 -2.1779534891e-05 1.4174563279e-04 1.6873468150e-04 7.8225258260e-05 2.0659854881e-04 -2.4266021314e-04 -5.9348519625e-05 -2.0320700543e-04 6.7681651277e-05 2.9101106243e-05 -1.1433453150e-05 -5.9582528771e-05 6.7193157633e-05 3.9690499325e-05 7.4635735925e-05 1.0540234568e-04 -2.0923107703e-05 -5.1138422374e-05 1.0073921423e-04 -7.2674355400e-05 1.6347895236e-06 1.6524467918e-05 -3.2675355751e-05 1.3488767918e-04 7.1102325704e-05 2.8019783750e-04 -2.2635530954e-04 -1.6407255139e-04 3.9126137044e-05 6.9694762111e-05 -1.1300128399e-04 -1.0756514561e-04 1.3192439627e-04 -1.0217264356e-04 5.9361373840e-05 7.5327432307e-05 -1.7576041153e-06 3.7810506913e-05 -1.4599129598e-04 8.3232878898e-05 1.1506965979e-04 -5.9161427310e-05 3.0688941383e-05 -1.9105347425e-04 1.6972521143e-04
-3.1441868894e-05 3.5676869975e-05 1.2072185971e-04 1.1554442288e-04 -4.1176668167e-05 -1.2402338590e-05 -3.4971552354e-05 4.8296411821e-05 -8.6906617519e-05 -2.4458068187e-04 9.8084939974e-06 4.5431800534e-05 1.0296897355e-04 5.3733944369e-05 9.5573981449e-06 -1.1219152087e-04 7.7800602374e-05 9.0861931521e-05 -3.0658427975e-05 5.7797529722e-06 1.7352762891e-05 -1.7638435476e-05 -1.0544370086e-04 -1.0490543665e-04 7.6300530227e-05 7.2694343925e-05 -1.3265584707e-04 3.7691613275e-05 4.1547748866e-05 1.2157650647e-04 -1.1170496842e-05 2.2889995898e-04 1.3613701342e-04 8.6971694408e-05 -1.2623438979e-05 -1.5947301227e-05 4.0108428905e-05 -4.7359070643e-05 1.1228554225e-04 -1.4994445212e-04 -3.2159186464e-05 -1.1991272477e-04 -2.5113186842e-05 4.8649469587e-05 -1.1428451433e-04 4.2367942810e-05 -3.1355134697e-05 -9.9209347657e-05 -1.1652210986e-04 7.4567996879e-05 -4.2689881762e-05 8.2933404700e-05 2.3514919017e-04 4.0937001646e-05 -1.2647406795e-05 -8.1546065139e-05 1.3556520959e-05 -4.2009854513e-05 -9.6669154833e-05 -1.1315589165e-04 8.5601669600e-05 7.5995776880e-05 -4.5066215497e-05 1.4631151925e-04 -1.4836608825e-04 -1.1151585846e-04 -5.4648943636e-05 -1.3490860372e-07 -7.6795807078e-05
-3.2638435897e-05 -9.2503790861e-05 7.8338628997e-05 -1.2242082216e-04 4.5416502369e-05 2.2327213177e-04 -2.0627704884e-04 9.2632911366e-05 -6.0776177092e-05 6.3479255232e-05 -1.8911385774e-05 -4.4977649021e-05 -5.0928851526e-05 1.8216477820e-04 -8.8807172094e-05 2.8964939947e-05 2.6786097951e-05 6.4144760404e-05 -3.4373388382e-05 1.0163018895e-04 1.5950915448e-04 6.7273109098e-06 -8.3196332927e-06 -1.9530249636e-05 9.3917291219e-05 -8.5137750185e-05 -1.1558868951e-04 -4.7664344183e-05 -1.1875158413e-04 6.5661158720e-05 -1.9593070428e-04 1.1187946133e-04 1.5237882133e-04 -7.8804786755e-05 6.3854330200e-05 3.1301419194e-05 8.7439847941e-05 9.4271846699e-05 1.8299408239e-04 -4.6503221459e-05 -2.2696550776e-05 5.6451616059e-05 -2.6212648938e-06 -4.1876902523e-05 9.3851770104e-05 -1.2805491516e-05 -1.5091376368e-05 6.0105456207e-05 -1.0484441390e-04 -7.6874984766e-05 -1.8828742624e-04 1.1016520137e-05 6.3231085592e-05 -6.2435958388e-05 1.7591156492e-05 5.8312881909e-05 -1.0333560872e-04 -3.4699401608e-05 6.6709133913e-05 -9.6890739792e-05 3.4908446726e-06 3.0721954144e-05 -7.6417751015e-05 1.3831699435e-05 -1.0571961422e-04 -1.2758082391e-04 -5.7366719122e-05 -2.0788065681e-04 -2.3679439362e-05
1.4622374991e-04 -8.9520735983e-05 6.5749308436e-05 1.0032627185e-05 6.0852159852e-05 -5.3425496368e-05 -1.1052305648e-04 -1.6298764228e-05 1.8424553442e-04 -2.4160524892e-04 -1.0078500406e-05 3.7090522957e-05 -1.5986601036e-04 7.2468201414e-05 -5.8232790378e-05 -6.8995056585e-05 -2.9511659257e-05 6.1054070717e-05 -1.7961592789e-04 -5.7751693985e-06 -6.1072850191e-05 -2.3553133815e-05 -2.0703339690e-05 1.1291785486e-04 -2.8071607201e-05 -5.6220555810e-05 7.5197178805e-05 5.3209212114e-05 -1.2566848447e-04 -6.9150548256e-05 4.8183116839e-05 -1.0055717842e-04 -6.8403653555e-06 -8.4381768645e-05 1.3637930019e-04 1.5585530657e-04 4.9823231536e-05 -9.3555081134e-06 4.8649114381e-05 -6.1159633776e-05 -1.7260322251e-04 9.9603181280e-06 1.5464076824e-05 6.3354951498e-05 9.3456913996e-05 -2.1384481234e-04 5.5190981547e-05 -5.3668303201e-05 2.2350745486e-05 -8.5062594241e-06 -8.2046907857e-05 3.0945014478e-05 6.7625891621e-06 -7.3859588819e-05 -1.0053528505e-04 -1.4749502751e-05 -7.5190401709e-05 3.7338134587e-05 -2.3174530224e-04 2.4402911956e-05 -2.6364885678e-06 2.7893165387e-05 5.0327177261e-05 -7.1131184778e-06 1.7035487534e-05 1.7442974897e-06 6.5245924425e-05 1.0785891755e-04 3.8696675468e-05
-1.6019389560e-04 -3.0029470500e-05 -1.2632394238e-04 3.6750716182e-05 1.0830365435e-04 -3.5215326112e-05 -1.5192476440e-04 -4.8536468842e-05 -1.4787485819e-04 1.2836025304e-04 5.6401158992e-05 -9.8625534846e-05 5.4908147193e-06 7.9437275229e-05 3.1112233904e-05 -2.9521439323e-05 5.6208096935e-05 -6.5964100678e-05 -1.1275647388e-04 4.9142903556e-05 -1.2545237072e-04 5.7007515554e-06 6.3174627408e-05 -3.5990185907e-06 -3.2694141901e-05 -5.7056849959e-05 1.0115477599e-04 1.9400399678e-05 -2.9408965357e-05 -1.3690916958e-04 1.1384076833e-04 9.6345934544e-05 -2.3651765534e-05 8.1316617333e-05 4.4159467840e-05 9.7978744669e-05 -1.6246523394e-04 1.6362677755e-06 -1.3982526296e-04 8.6253928508e-05 -1.0540413064e-04 7.3074919961e-05 1.1296306601e-04 1.4699912854e-04 1.9184460856e-05 2.7608484952e-04 7.0067985680e-05 6.0326356506e-05 -6.7602829609e-05 1.1697134102e-04 6.8699426183e-05 3.0844411469e-05 3.2464062847e-08 1.3960410533e-04 -7.8967542801e-05 -3.5067577616e-05 -1.4846971173e-05 -9.7034202836e-05 1.8227769908e-04 1.8548365470e-05 6.3905314790e-05 -5.0208153543e-05 4.9052733658e-06 -6.6022438228e-05 1.2219260471e-04 -7.1629221095e-05 -9.2446823142e-05 8.1045345834e-05 -6.1226594619e-05
-2.7231689468e-05 6.8316889173e-06 -2.1759558567e-05 -1.3155763286e-04 6.4148046116e-05 -6.6033921640e-05 -9.8084601814e-05 3.7443611491e-05 -3.2770688429e-05 -3.0456066842e-05 4.6450706260e-05 8.2676209662e-05 1.3348120198e-04 1.7763085870e-05 4.5221158215e-05 5.4487183125e-05 1.4351704256e-05 -5.0260530889e-05 8.6225369658e-05 2.0061192289e-04 5.3545412522e-05 3.0508884472e-05 2.4727403955e-05 6.6802107828e-05 -1.0683515033e-04 1.5167655488e-04 -8.1790452880e-05 6.4340315639e-05 -1.1053244102e-04 1.6243084938e-04 -1.9956625589e-05 -1.2453545405e-04 -1.2518540533e-04 -9.4979026100e-05 1.9755776589e-04 5.5704078640e-05 -1.9559403428e-05 -1.0169857591e-04 6.1041183146e-06 -2.2462189269e-04 -6.4276299952e-05 3.3130268848e-05 -6.6208577971e-05 1.7114590867e-05 3.9634083840e-06 4.6597734201e-05 -1.6639246851e-05 -9.4163677034e-05 -2.5208406828e-04 8.3606835025e-05 -1.1208399357e-04 1.3877855924e-04 -5.8160828153e-05 -3.9776210079e-05 2.1359298626e-05 -1.6572338074e-04 6.0321237846e-05 -7.0740513318e-05 1.5907098080e-04 1.0894662806e-05 1.8431273732e-04 5.7792671331e-05 1.1719124864e-04 9.0166094940e-05 -6.1376142116e-05 -1.3675559634e-04 1.6582354865e-04 -1.4203546539e-04 -2.3979434729e-04
-2.0059536384e-04 -1.9378437302e-06 3.9125128401e-05 -4.9746855970e-05 9.0657498396e-05 -9.1951117984e-05 6.0569031715e-05 5.0834537601e-05 -3.2896053911e-05 -1.0042659029e-05 -5.1140788410e-05 1.3555800581e-04 -1.2505038325e-04 2.2809699997e-04 1.2608897163e-05 3.8186318983e-06 1.0685509629e-04 -4.7513057562e-05 -2.6839366742e-05 -1.6200173353e-04 6.8422330312e-05 1.5196257320e-04 6.4243752476e-05 -6.3006515752e-05 4.0739709680e-05 -1.2118514959e-05 -3.4361829671e-05 -1.8149996320e-04 -1.0491833255e-04 -2.7190042475e-05 2.2288642871e-04 2.7498350840e-05 8.8928035926e-05 -6.3539284463e-05 1.0108137496e-04 -2.2034307823e-04 2.2378674522e-05 5.4160625591e-05 1.9248965649e-04 1.2773929801e-04 -1.9080240695e-06 5.4260166696e-05 1.2543519996e-04 -7.2001799977e-05 3.8106321359e-05 -3.7873363932e-05 -4.3944543257e-05 -8.5177246955e-05 -1.0744929761e-04 2.1808508556e-04 6.5824051233e-05 -8.0045917994e-06 1.2826506101e-04 -1.0423710231e-05 1.1610706136e-04 -3.6510897099e-07 9.5814313475e-05 2.0153287066e-04 -3.2430638530e-04 9.1392422338e-05 -5.9926882728e-05 -5.1020501024e-05 -1.4517415509e-04 -9.7683261675e-05 -1.2097292494e-04 2.7926069638e-05 -5.0467672649e-05 2.9643491924e-05 -4.8239581123e-05
-3.2755694948e-05 1.4670154067e-04 1.6377096797e-04 -1.4219984600e-04 -1.2050285564e-04 1.6238480333e-05 -1.5576435386e-04 -3.3394099634e-05 1.4355058659e-05 1.2014907130e-04 1.8081625908e-04 4.1911349113e-05 1.8645632868e-04 -1.7324308111e-04 -2.8398857648e-04 1.3092667949e-04 -1.1346565519e-04 -9.0945407873e-05 2.5815006872e-04 -6.9730344747e-05 7.5148357530e-05 1.1593200997e-04 4.4833388033e-05 3.1101234130e-05 -2.0429962346e-05 -1.0888669689e-04 6.7980686230e-06 -1.4572501607e-06 2.3313668778e-04 -5.5719603854e-05 -2.7949881041e-05 2.2403322307e-05 -1.1390274028e-05 -6.7989757158e-06 6.4073739176e-05 -1.1430522576e-05 1.5074720917e-04 1.1631526344e-04 2.3723898839e-04 -3.0041193839e-04 -4.7112166540e-06 -1.4038765765e-04 -7.8805175116e-05 -8.1316466437e-05 -3.3535322076e-05 -5.4369490485e-05 8.9495564480e-05 2.3517994310e-04 8.7578470874e-05 8.9550194803e-05 1.0773003087e-04 -2.9770529032e-05 1.0180269979e-04 1.3124412361e-04 7.2424721615e-05 -7.3673436311e-05 7.2181016179e-05 -3.1854522179e-05 1.1787404636e-04 2.2550437956e-04 -7.0539820682e-05 -2.7021242730e-05 6.7390856534e-05 -9.5686464223e-05 -1.2119374469e-04 1.3432574185e-04 -4.7801209821e-05 -8.3087872797e-05 5.4776418484e-05
-2.4701890820e-05 8.9002124791e-07 -4.8545758499e-05 -1.4399391801e-04 -1.0838031577e-04 5.7946996185e-05 1.1191515322e-04 7.0442682875e-05 1.2407681427e-04 2.0562214045e-04 -9.4599461375e-06 4.3835758982e-05 1.7597182617e-05 1.3659575348e-04 1.0855033176e-04 -4.3242831446e-05 1.7214493144e-05 -1.2359962665e-04 1.3504763443e-04 5.0299058445e-05 -6.4468691260e-05 4.2532415584e-05 -3.9790860869e-06 2.4648481615e-05 -1.0776139090e-04 -8.4224021587e-05 1.7736929689e-04 4.3430023802e-05 -2.2634234922e-04 2.0262507868e-04 -2.6527419323e-05 -1.3208121451e-04 3.4759919101e-05 -1.9439645577e-04 8.4826029772e-06 1.4946894044e-04 -5.9494085428e-05 -9.6783526088e-06 -1.8025794849e-05 8.2645804970e-05 1.7056840593e-05 1.2481497822e-04 1.4720365411e-04 -7.2538172605e-05 4.6229391412e-05 -1.5255214125e-05 -9.9351948546e-05 -1.7426236808e-04 -1.0747445227e-05 2.2319402558e-04 5.0407346154e-05 -5.0482016166e-05 9.8120415732e-05 5.7955826483e-05 -3.1477484716e-05 5.2193715504e-05 4.6425260156e-05 4.6614297860e-05 5.0130234787e-05 -1.4114965377e-04 1.1877535928e-04 1.2039333477e-04 -1.2651128712e-04 -1.9098942172e-04 3.9734471364e-05 -2.5334695486e-04 -1.6588495349e-04 8.1983499826e-05 -1.1330819386e-05
2.0766074081e-04 4.7900765443e-05 -8.7528684687e-05 -3.6204768917e-05 9.2099813740e-05 -9.1646874987e-06 -2.6596727623e-05 -1.2458092390e-04 4.8470836078e-05 8.1223732926e-05 8.9196432213e-05 -1.2708356507e-04 4.3696806673e-05 -2.0804150295e-04 7.1670929995e-05 1.3718613982e-04 -5.9793733625e-05 -5.9768060389e-06 -5.1427553438e-05 1.0004307572e-04 -9.2673317182e-05 2.9649416492e-05 -9.3286724252e-05 2.2086104270e-05 -9.1369767461e-05 6.5336716748e-05 -4.3917825820e-05 9.1318616768e-05 8.7324754178e-05 3.7490429384e-05 -1.5432094757e-04 1.2349829890e-04 -2.7805273695e-05 4.0831028035e-05 -1.3803333288e-04 -7.1232388946e-05 -8.3488034527e-05 4.8099162708e-06 -8.8410629375e-05 1.5838882233e-04 -1.1750792866e-04 3.2126905320e-05 -3.1026350007e-05 2.1908039401e-05 -6.3681336034e-05 1.8087008088e-05 3.6216023508e-05 3.3575985075e-05 6.9028159620e-05 9.7359805679e-05 -7.0294445851e-06 7.5553470917e-05 1.1453318980e-04 -5.3298057573e-05 -5.1593921117e-05 7.2176212399e-05 -1.3944426882e-05 1.0245227930e-04 -2.7107306183e-05 -5.8120333097e-05 -9.5243200368e-05 2.1615796559e-04 4.6894632483e-05 1.2995937558e-05 8.9961765924e-07 3.5381665639e-05 -9.4727012690e-05 -1.4130098041e-05 4.1560239971e-07
-2.8149278512e-01 -9.0066753145e-03 2.2313286252e-01 -2.4222503335e-01 8.8552507300e-02 -1.6819565180e-01 -3.6503516373e-01 2.4421083589e-01 3.7292728839e-01 -6.1288197822e-02 3.6543252249e-01 1.1119247264e-01 3.7982573224e-01 1.6351052758e-01 7.6155643538e-02 4.1918429188e-01 2.3842899990e-01 -7.1597850669e-02 -3.4234810399e-01 3.0152586339e-02 -1.5971747166e-01 3.4254910258e-01 1.7309160044e-01 4.0529183810e-01 -4.1660317892e-01 5.3380486361e-04 3.1781234134e-01 2.7209952309e-01 -3.7887844591e-01 -4.0924645943e-01 3.9256073561e-01 3.2527579355e-01 -7.9287944512e-02 -4.0612443793e-01 -2.0167704978e-01 -4.1146321913e-01 2.7929504818e-01 -1.6055270373e-01 2.3975996539e-01 2.5350589815e-01 1.1133397460e-01 3.7086679803e-02 -2.3450564779e-01 -3.8517158729e-01 1.8866384322e-01 4.1883750457e-01 5.0076185386e-02 -4.1630823677e-01 3.4519660085e-01 -1.6195969493e-01 -3.4613545801e-01 -2.1001878824e-01 -2.2253009411e-02 -2.4518738925e-01 -4.0831836067e-01 -3.7695276025e-01 -1.3617411425e-01 -1.3850727160e-01 3.8669483463e-01 5.4518931640e-02 4.2744587671e-01 2.9877161822e-01 -2.9295524284e-01 -3.8114919459e-01 -1.0411215648e-01 -3.8840653634e-01 3.9010319935e-01 -2.4002857493e-01 -2.1374095654e-01
-2.8149504690e-01 -8.9151281148e-03 2.2319076480e-01 -2.4279015530e-01 8.8251041403e-02 -1.6842772824e-01 -3.6560071299e-01 2.4433900263e-01 3.7314917670e-01 -6.1370437121e-02 3.6526078843e-01 1.1122394294e-01 3.7995875489e-01 1.6405641149e-01 7.6336664722e-02 4.1932372754e-01 2.3873656872e-01 -1.5266371528e-01 -3.4245234303e-01 3.0007098111e-02 -1.6021460630e-01 3.4407974402e-01 1.7320023256e-01 4.0535771441e-01 -4.1807977958e-01 1.0029671127e-03 3.1773740485e-01 2.8197778366e-01 -3.8070979368e-01 -4.0935444411e-01 3.9222363163e-01 3.2578788965e-01 -7.9865368875e-02 -4.0625515889e-01 -2.0172652798e-01 -4.1166356622e-01 2.7929087037e-01 -1.6072867922e-01 2.4008669148e-01 2.5336769235e-01 1.1117547751e-01 3.7484138862e-02 -2.3443209980e-01 -3.8496017762e-01 1.8875774517e-01 4.1891946526e-01 5.0229483669e-02 -4.1716550758e-01 3.4464312401e-01 -1.6215132699e-01 -3.4694983872e-01 -2.0924603659e-01 -2.2291233578e-02 -2.4532920052e-01 -4.0855203280e-01 -3.7771247731e-01 -1.3642498806e-01 -1.3874489805e-01 3.8670949427e-01 5.4772103824e-02 4.2813769097e-01 2.9899122499e-01 -2.9288239012e-01 -3.8092448749e-01 -1.0400295597e-01 -3.8869202739e-01 3.9029368874e-01 -2.3993464784e-01 -2.1356765791e-01
3.2391907558e-01 -6.5950358288e-02 5.3969385371e-01 2.7272648303e-01 5.9515332198e-02 -1.5711894776e-01 2.8906764645e-02 -5.5562985152e-02 -1.6429728915e-01 3.4593488808e-02 -5.2572703440e-02 -5.2897158979e-01 4.4339612611e-02 -3.7112587242e-01 2.2235357667e-01 3.8210217175e-02 -1.4250150782e-01 3.9126880953e-01 9.3666802247e-02 5.6529331664e-01 -5.4344910429e-01 -1.6242705379e-01 2.5600542435e-01 6.3919674094e-02 -2.1808734775e-01 3.6213462176e-01 -4.6014032462e-02 -1.9528355260e-01 -7.8373432165e-02 -4.8947867632e-01 -5.9451630889e-01 -8.0443603161e-03 2.1050292692e-02 -1.6562194794e-01 -2.5653301103e-01 -1.5080761239e-01 -9.9612735087e-02 2.7645704788e-01 7.4996577758e-02 -1.8208391658e-01 1.7158966765e-01 -2.1608250897e-01 2.1864783640e-01 -3.4651951872e-01 3.5010964080e-01 -2.2092441922e-01 2.3641398272e-01 -6.7896300508e-02 3.0273538324e-01 1.1010980022e-01 2.9885503831e-01 2.5258936082e-01 -7.8340624216e-02 3.2363943233e-01 -2.4039933994e-01 -2.2963188161e-01 8.4892754503e-02 5.7503869242e-01 -2.5279316207e-02 -2.1443138027e-01 3.1140262817e-01 -5.4067793908e-01 5.2882988939e-01 -5.8519309895e-01 -4.3537630564e-03 1.5456329051e-01 2.9290253551e-01 1.1307268055e-01 8.4631562148e-02
7.7082199286e-02 1.3570166010e-01 4.8719168176e-01 1.4422361971e-01 1.0960152248e-01 -1.8634071150e-01 1.1477756252e-01 1.4101610490e-01 9.0837976641e-02 8.5799119438e-02 -1.6856333444e-01 9.9684551507e-02 6.2652119567e-02 -1.8729661637e-02 5.2944475464e-02 -8.2752315237e-02 -3.1004100950e-02 4.0078168407e-01 7.0640642117e-02 -3.4886435146e-02 -5.5430736829e-02 -7.9436657243e-03 2.0707171282e-02 3.4957818945e-01 -1.9801859429e-01 1.5278445910e-01 -2.1881427016e-01 -1.5599910582e-01 -1.7788349286e-03 -7.2360491523e-01 -3.5891481327e-01 1.2002202681e-01 1.0879455536e-01 5.4080989505e-02 -9.7673427679e-02 -6.5754836274e-02 -1.2286456323e-01 1.3727505751e-01 1.8774966040e-02 2.7056626249e-03 5.8324194976e-02 -1.1845294023e-01 1.0184348386e-01 -2.0735803610e-02 3.4619144987e-01 -3.2872764284e-01 1.3975640508e-01 -1.8053459116e-01 2.2283411890e-01 1.5066534003e-01 3.2463294837e-01 -1.7115266126e-01 9.4626828086e-02 1.8385798970e-01 -4.7437423104e-03 -3.7715406043e-01 1.1069765982e-01 3.6098922258e-01 1.2299433703e-01 -3.6461825905e-01 2.1068915043e-01 -3.1340959698e-01 3.0719281715e-02 -1.8161029648e-01 3.3222658846e-01 1.6077473699e-03 1.5573820905e-01 -5.3427484374e-02 -7.3993964696e-02
-7.5594004348e-02 1.9314609216e-01 3.7846310525e-02 -1.8422913034e-01 -2.9020338127e-01 1.2303341685e-01 1.2079833891e-01 1.9114064928e-01 3.4845395964e-02 -3.3160877559e-01 -1.5887902341e-01 1.3452470882e-01 1.1166651546e-01 -1.6322907388e-01 -4.0904045654e-01 3.4154438259e-02 -1.2166156655e-02 2.0361037783e-01 -1.8338660786e-01 -6.3719066201e-02 -1.8203271225e-01 1.1182915895e-01 -2.3622901901e-02 -3.4616872099e-02 -1.7247788080e-01 -1.3270608335e-01 7.0713935765e-03 -1.4828973833e-01 7.2823525950e-02 -2.4442112806e-01 -9.3476246217e-02 6.8674846652e-03 5.3055130698e-02 -4.6918247303e-02 1.4083475804e-01 1.6573833847e-02 -1.3720045684e-01 -3.6591372962e-02 -8.7881283192e-02 7.1222289965e-03 -1.3371733948e-01 -1.4266460457e-02 7.0866075339e-02 -9.7033707104e-02 4.2754283134e-01 -1.3641033272e-01 -2.5765061227e-01 -3.5051935924e-01 1.1144697538e-01 7.0083037477e-02 -4.8704751327e-02 -1.3373134588e-01 -1.0055067510e-01 4.8942976820e-02 1.6930825225e-01 -4.7735775088e-01 1.0426110684e-01 -2.8709207018e-02 -2.7109104312e-02 -4.0516568723e-01 4.2198318604e-02 -3.5416019834e-02 1.3566946414e-03 1.5436685173e-01 6.3401775728e-02 -1.9364684437e-01 9.6908631369e-02 -2.8192282057e-01 -1.1800410385e-01
1.4241053846e-01 2.8142842235e-02 1.2228031776e-01 -1.2838441235e-01 -2.8286826527e-01 1.1318023624e-01 -2.3598784808e-02 4.9226470346e-02 8.2541126400e-02 -1.5583768451e-01 2.8167284274e-02 -1.1948462805e-01 -6.6143237580e-02 -5.6432181444e-02 -3.5446896415e-02 1.1580770626e-01 -3.4863403024e-01 6.2415018491e-01 -7.7298003988e-02 -5.8940752824e-02 -9.9678530778e-02 9.4493739715e-02 1.1907501106e-01 -1.1871967818e-01 2.3776500685e-02 -9.2603846476e-02 -1.2604773596e-01 2.6293673120e-01 -5.0539683996e-02 -5.3429571870e-02 2.2399032476e-02 -7.0260361614e-02 7.2013503642e-02 6.9970211069e-02 -5.9304620117e-02 6.7223990252e-02 -5.8583498996e-02 -2.4056532073e-01 2.2467612669e-02 -6.5429069109e-03 3.1986608411e-02 -1.4212249062e-01 2.8788024211e-02 -2.6215484943e-02 3.5502998589e-01 -2.4803085733e-02 -5.0314081207e-02 -6.2644401312e-02 1.7523698098e-01 1.5917452753e-01 -1.0534732131e-01 -1.3695799439e-01 -1.7775929692e-01 -6.7215244554e-02 -8.1269119573e-02 -3.1906160813e-01 -1.9957835294e-01 1.3985084536e-01 7.2361968117e-02 -2.9405502510e-02 -3.7168777601e-02 1.4948610395e-01 -1.6771288148e-03 3.6093125898e-01 5.8475649101e-02 -1.8381712821e-01 1.1815891701e-01 -8.1278374550e-02 7.4345659768e-02
-3.4752718020e-02 -5.4053310462e-02 4.5717531117e-02 1.2379579721e-01 1.7125956034e-01 -1.1146506557e-01 1.6293820402e-01 4.7778249848e-02 -8.0590489031e-02 -1.6833137172e-01 7.5699394185e-02 1.6920562120e-02 1.8218862595e-02 1.8206278710e-02 -2.3382365788e-02 1.8688300397e-02 -1.2226053797e-02 5.2509638763e-01 4.9073513330e-02 -1.2109904604e-01 5.1017376737e-02 4.0545691897e-02 4.0494664867e-02 2.6328831357e-02 7.0879782711e-02 -4.5335354792e-02 -9.6069004275e-02 4.1881832562e-01 6.9346546187e-02 -3.2638454407e-01 1.0615910560e-01 8.1315817912e-02 1.8686729164e-01 -3.0399248970e-02 3.4118361885e-01 -6.1004607168e-02 -8.4686811074e-02 3.9644200044e-03 -5.8286137241e-04 -5.8989239335e-02 9.8894550202e-03 2.8659861175e-02 5.8035650136e-02 3.1236116764e-02 -8.6527606857e-02 4.0649761538e-03 6.2067444492e-03 1.3243820869e-01 6.7512702159e-02 3.6231608156e-02 -2.9774360705e-02 -2.0540842950e-01 8.5331806361e-02 -5.1572124247e-02 -8.0948766000e-01 -1.8509994737e-01 -3.3867956234e-02 -1.1815997279e-01 1.2893536435e-01 5.9845771352e-02 1.0688289691e-01 -7.8303829294e-02 8.1646645248e-02 -2.3537195570e-02 -1.7198456901e-01 9.6439605735e-02 -6.8231061110e-02 -1.3409137434e-01 9.6524299519e-02
-6.4571838108e-02 4.2039870026e-02 8.1338143906e-02 -3.2186130274e-02 6.9281632625e-03 -1.1420074548e-01 6.3045545047e-02 1.4495548954e-01 -1.5858617375e-01 -8.9882467792e-02 -1.2453322638e-02 -6.8342333583e-02 -5.3193490124e-02 4.6577549895e-02 1.3227086957e-01 2.3072455370e-02 -2.5565735017e-02 9.4553562592e-02 6.3421060501e-02 2.4956564328e-02 1.7250240336e-01 -2.6978616330e-02 -5.6586771019e-02 2.2564094080e-02 -8.9527490271e-02 5.8974722141e-02 4.3422059961e-02 3.0162970968e-01 -9.5374141895e-02 -2.0897421160e-01 -2.2254678492e-02 -5.5472800574e-02 -2.2457269519e-02 -3.8215266619e-02 1.4871583070e-01 1.1097357330e-01 1.0361296097e-02 1.3663663127e-01 4.3424751672e-02 3.6279000585e-02 -6.8830486320e-02 -7.7092454738e-03 2.3617642099e-02 -9.5519716588e-02 1.1395243578e-02 1.6177988145e-02 2.4525745129e-02 1.2499639611e-01 6.4816757839e-03 1.4646331065e-02 -1.6062866031e-01 -3.2411004181e-01 7.0626510714e-02 8.7109846425e-02 -3.2422068965e-01 -7.6794466109e-02 -2.0126223829e-02 5.6523548016e-02 -3.3515500037e-02 1.0139005088e-02 8.7070316324e-02 -9.5188203883e-03 5.7630917403e-02 -1.0183762479e-01 -1.5864668222e-01 -2.0565928023e-01 1.4933513802e-02 1.1655389477e-01 -6.8819012490e-03
-7.7364843017e-02 -7.9123978042e-02 -1.4832128659e-02 4.9311423683e-02 4.4365508037e-02 -4.4454518159e-02 -6.1115699878e-03 5.3211105279e-02 -6.6001295578e-02 -3.5568716599e-02 1.3591389212e-01 -2.5996426175e-02 -1.4958700780e-01 -1.4536633393e-01 1.4611084566e-02 2.4815637317e-02 -8.5558031060e-02 -2.2381568394e-01 5.6245401647e-02 4.9571846571e-02 -3.0653621692e-02 -4.1476657588e-02 -2.6247380824e-02 1.2934487621e-01 -3.1034348387e-02 1.1573444732e-01 -8.1852048552e-02 -9.1711860562e-02 -1.1113868603e-01 1.1066415522e-01 9.7300782301e-02 -1.7066443440e-01 4.1984183965e-02 -1.5809724269e-01 1.3604546709e-01 -2.0294153308e-02 1.2708859088e-01 2.2572922322e-01 -2.2483076038e-02 1.7190428795e-01 3.1947391715e-02 2.2189615125e-01 -5.5393499697e-02 7.8966773035e-02 1.9008376554e-01 -6.0676187169e-02 8.4282318338e-03 2.3942923941e-01 4.3327925855e-02 -1.8933074439e-01 -2.8775530084e-01 -2.7603757295e-01 -1.8189140517e-01 -8.7449362747e-02 2.1014972565e-01 -4.7792331103e-02 -3.5770869725e-02 1.0222492558e-01 2.2514613617e-01 -8.2257143457e-02 9.2353766868e-02 -1.0151573667e-01 -7.0950019679e-02 -7.2113652102e-02 -8.5752528219e-02 -2.8734818945e-01 -1.2666354451e-01 3.5332111467e-02 5.0756195312e-02
-1.0335092646e-01 -1.9688009826e-02 7.9453736176e-02 -2.0838537228e-02 1.3899799341e-01 -4.1808439245e-02 -4.0988035078e-02 6.0411961784e-02 -1.0301911340e-01 -2.4681578107e-01 -9.2293570498e-02 -1.1925167712e-01 -4.5108478790e-02 1.0263077826e-02 -7.5349211870e-02 2.3773302723e-01 -2.6003773478e-02 5.2535861819e-01 1.1945777704e-01 -4.7041476206e-02 -4.0054733187e-02 1.7968755089e-02 -1.6711512421e-02 1.4471702597e-01 -7.4939551057e-02 -9.0308536359e-02 -5.8934202284e-02 -3.3846924608e-02 -1.7457406813e-01 -7.7888080466e-02 -8.5886917867e-02 1.5673194356e-01 3.3497140545e-01 -1.2565237213e-01 -6.1672528418e-02 -7.7553732475e-02 5.2262309299e-02 -1.2354402210e-01 8.0508135224e-02 3.4470791365e-01 9.9778930026e-02 1.0137756431e-01 -4.2166323304e-02 -3.7753078337e-02 -7.4567865184e-02 8.0027552748e-03 5.9445538657e-02 -4.0283122606e-02 -6.6712858019e-02 4.9879908333e-03 1.6173278638e-01 -1.6169742352e-01 5.7070799515e-02 8.7780741142e-02 -1.2597627230e-01 -3.2657409186e-01 -6.4255402902e-02 -3.6276757557e-02 6.0775742481e-02 -1.0187583817e-01 2.2595594887e-01 -1.3309331309e-02 4.7456745673e-02 -1.8392873630e-01 -1.4198255149e-01 -2.5287869302e-01 7.2859424499e-02 -1.3311814403e-01 9.3802082366e-02
3.6384618618e-02 -1.9186078229e-01 2.3292229740e-01 -2.1533991336e-02 -2.2192960143e-02 -8.6382442542e-03 1.8402155988e-02 -8.7386384717e-02 -1.0007954301e-01 -1.9406140273e-01 -8.2124580146e-02 -1.1081718487e-01 8.8713191903e-02 4.8224708126e-02 -1.8306098368e-01 -7.1617511850e-03 -2.2642041489e-02 8.6084693401e-01 -4.2762001675e-02 -1.1000429225e-01 -7.0157743991e-02 9.9569782824e-02 3.5411121001e-02 2.4146623968e-01 -7.4918990447e-03 8.2340812553e-02 1.5867386538e-02 -6.8800749369e-02 -1.4513896444e-01 -2.8098503852e-01 -2.9284975618e-01 -1.4997525497e-02 1.8922277557e-01 -2.3356330858e-01 -1.1911595076e-01 3.7802147515e-03 8.8888462469e-02 -4.6956317131e-02 -2.5987220357e-02 2.5583497869e-02 -3.2858611728e-02 -5.7941858482e-02 1.7729413906e-02 6.3895232045e-02 -2.1049884619e-01 -1.2461081030e-02 1.1522893492e-02 -4.6636120779e-02 8.2302803097e-04 7.2533523804e-02 3.2759308884e-01 -1.0597155587e-01 1.4161018166e-01 -3.8164070547e-02 -7.3071222112e-02 -4.6388163515e-01 5.1459116632e-02 -1.1280840066e-01 -1.0949403873e-01 -9.9742370677e-02 1.6131899852e-01 1.8671602834e-01 4.5280832754e-02 -5.6065960649e-02 -1.4966569431e-01 -2.1196491884e-01 3.8093670894e-02 2.3067130984e-03 -2.5956161222e-03
1.1735196651e-01 9.0579634833e-02 2.1837302612e-02 1.4033951787e-02 2.8028236730e-02 -1.2876262775e-01 -1.1708994264e-01 -6.3442960500e-02 -3.1673715157e-02 -1.1440100655e-01 1.7296260665e-02 4.1629498286e-02 -7.7394670845e-02 -1.4192722435e-01 -1.4369238810e-01 -3.1642017069e-02 2.0704029083e-01 4.0227744403e-01 -1.0104905054e-01 2.9064302614e-02 5.5610373058e-02 6.8866686297e-02 8.3211931261e-02 1.9067688095e-01 1.5440321065e-01 -1.0160901697e-01 -1.7926055583e-02 -5.4144566453e-02 -8.3753956688e-02 -3.3557589399e-01 -1.2820305094e-01 9.4394479869e-03 1.0961365550e-02 -1.7124309353e-01 5.5040247678e-03 -1.3034190971e-01 -9.7769392113e-02 4.5755145032e-03 7.6660150435e-02 -6.4896626749e-02 3.0287370598e-02 -1.3364602344e-02 -2.2751752616e-02 2.3112387539e-02 -1.5682334693e-01 -4.8841995397e-02 -3.2939779252e-02 -1.3386136148e-01 3.6274159910e-01 -1.0892377888e-01 3.2420398386e-01 -2.4370376429e-01 3.4110895482e-02 8.1132148053e-02 -8.7955876655e-02 -2.3647177986e-01 2.1282490525e-02 1.1625662485e-01 -1.2497293524e-01 1.7273071044e-01 2.4966322968e-01 4.5482743427e-02 1.6269546020e-01 7.1781745934e-02 1.0820307635e-01 -1.2114127262e-01 4.1157869993e-02 -1.2900011262e-01 -7.4265616145e-02
7.0440931879e-02 -2.1970878538e-01 1.3941880258e-01 1.0344300032e-01 -6.3837193005e-02 1.2809315900e-02 8.2760724655e-02 -1.1611149984e-01 4.9615642364e-03 -2.2345207344e-01 5.0563168172e-02 -2.2613978471e-01 -3.2255176061e-02 -2.7183895005e-01 5.3724162181e-02 3.7039985853e-02 3.7184852222e-02 2.3674330419e-01 1.1100892195e-01 7.8209376557e-02 3.1327489623e-01 6.0089926491e-02 -1.3439207114e-01 2.1273177081e-01 2.1868439581e-01 2.1739411032e-01 -4.4230281742e-02 1.2444170580e-02 1.0113392629e-01 -2.0263477991e-01 -3.1623196582e-02 6.2479911624e-02 1.0700135061e-01 -1.5847996574e-01 -1.9097197869e-02 -1.2662348475e-01 -1.1925966113e-01 1.5022542016e-01 1.3604495897e-01 -2.5130827183e-01 -7.3862326470e-02 -1.1320185020e-01 -1.2040948978e-01 1.2426914717e-01 -1.5022325253e-01 -1.6906471034e-03 -3.3409102602e-02 -1.8532799696e-01 3.4162952762e-01 -2.2246016241e-03 2.8256843427e-01 -1.8695789771e-01 -5.2903620773e-02 8.5195332278e-02 -1.0362605133e-02 -3.7151708543e-02 3.3101432979e-02 8.7082687134e-03 9.8191710640e-02 7.9329834848e-02 1.8429640063e-01 -5.5957500913e-02 1.7178119185e-01 -9.7347248674e-03 -1.7460418595e-01 -2.7333409915e-02 1.7429266559e-01 -1.2907250706e-01 1.9431369957e-01
7.2333302254e-02 -4.6002318226e-02 1.3103579206e-01 -1.2931906642e-02 1.1593972199e-01 -6.1981642517e-02 8.0557624008e-02 -5.4887915089e-03 -9.1408227085e-03 -5.2590595513e-02 2.4896535662e-02 -3.3446729541e-02 -3.9409265535e-03 -3.9982785981e-02 3.5533241539e-02 2.0173007736e-03 -2.0569517462e-01 4.7416137262e-01 -5.3014695719e-02 -1.8120939282e-02 2.2328134484e-01 1.8206381725e-01 -2.1953041059e-02 4.5925012223e-02 1.0559118009e-01 1.1674536741e-01 -1.0244051163e-02 -3.7719563590e-01 -6.0530944253e-03 -7.9167519697e-02 -3.5263373564e-02 -6.6613315165e-02 8.4863245993e-02 -1.4624999878e-02 5.1084344936e-02 -8.5388513579e-02 -1.7972722266e-01 8.2590757321e-02 1.8171050862e-01 -1.9229420267e-01 -1.3000527471e-02 2.4218664481e-03 9.1954101415e-02 2.1771546538e-01 1.5462944091e-02 -1.5925553515e-01 -1.5561819669e-02 -1.9609455003e-01 -3.2847257062e-02 -6.6167894098e-02 2.3465649099e-01 -3.2865352849e-01 -3.0128395283e-02 -5.3229558722e-02 -3.4015600177e-02 1.6437150118e-01 -1.6750424571e-01 -4.4837459809e-03 -2.5444862034e-02 -2.6803865730e-03 1.2703028706e-01 4.3027412080e-02 3.1348828834e-02 -9.2996263305e-02 -2.0826257016e-01 -1.8150885291e-01 2.4888719325e-02 -6.6027782071e-02 5.0746498147e-02
-1.3495539165e-01 3.3602343234e-02 1.6525780710e-01 8.5936854457e-02 1.2848247570e-01 -9.7343196275e-02 -1.5242359908e-01 -6.0045335577e-02 -2.5132052482e-02 -5.9296905092e-02 2.0864390704e-01 3.9353611819e-02 -8.7602355333e-02 -3.8009652602e-01 1.5291311288e-02 -1.0260379597e-01 -4.3402165789e-02 2.7763353374e-01 6.9738383006e-02 -1.2216986511e-01 -5.0993063983e-02 2.2114793830e-01 5.1823125320e-02 1.5872568503e-01 2.5293583212e-02 1.5086210309e-01 9.3522764237e-03 1.9167901929e-01 2.4771230497e-01 -2.7443899834e-01 8.4343626518e-02 2.0699069057e-02 -1.7284812507e-01 -1.7900116231e-01 9.5448896094e-02 -5.8681541530e-02 -3.4228415779e-02 1.8285962545e-01 4.3536584027e-02 -4.2048762974e-03 -1.9536965934e-02 1.1969552907e-01 -1.0693551798e-01 1.0032229507e-02 7.6076736039e-03 -7.3391959951e-02 -8.7702257159e-02 -2.6706688281e-01 2.7444272245e-01 -1.3251259902e-02 3.6169032545e-01 -1.3507733464e-01 9.2317637393e-02 1.9719294269e-01 2.8792680398e-02 -1.0788167682e-01 -1.3158519422e-01 -1.1678250835e-01 7.6482195319e-02 -4.2287452143e-02 2.8461090775e-01 -1.2943663639e-01 5.6650176884e-02 5.1942110896e-02 -1.0434602935e-01 -1.4610319237e-01 -4.6761926042e-02 -3.7947453800e-02 -4.1429282979e-02
-7.5332817357e-02 1.2526504149e-03 6.2509228933e-03 -1.4340059114e-01 -1.5006245098e-02 8.2637887874e-02 2.1847403202e-01 -6.3366776242e-02 -5.9187125620e-02 -6.1221948859e-02 -1.8682512872e-02 1.5047273641e-02 1.1413592226e-02 -2.6935646953e-01 -3.6902767540e-02 -3.9848336518e-02 -2.3468420294e-01 1.2829506929e-01 1.1796748750e-01 7.9853364515e-02 2.0652399325e-01 1.9089140536e-01 -5.4895672352e-02 9.6848723066e-02 2.0639297912e-02 -1.7165625857e-01 1.1639433001e-01 5.5455683830e-02 -2.1187602778e-01 -1.4126183672e-01 5.5820954059e-02 5.9772063201e-02 2.5111042961e-01 -1.3441865158e-01 3.4439595058e-01 -1.3696151857e-01 -1.7353458844e-01 1.6671181045e-01 2.1221093839e-02 -2.4183478059e-01 -4.0381372574e-03 1.1859338863e-01 1.0011099717e-01 -2.3423221264e-02 1.6866689534e-01 6.7823067490e-02 7.2746227577e-02 -6.7577437099e-02 2.7752633585e-01 -3.1926773086e-02 1.5056454055e-01 -1.3544667040e-01 -1.4381468670e-01 -1.9541518548e-01 3.5881623094e-02 -6.4145479821e-02 7.4002828068e-03 -2.8624916860e-01 1.1686484494e-01 6.8327649087e-02 4.1332551480e-01 6.7228265568e-02 4.3845127758e-01 -1.4787093762e-01 -1.5336181036e-01 -2.5673328331e-01 -2.5136792496e-02 -1.3076871209e-01 1.0126471713e-01
-1.8630303134e-01 9.1449933605e-02 -6.0111676347e-03 -6.4082718375e-03 7.8147805902e-02 1.5030193235e-01 -5.0631492654e-02 -1.0041867364e-01 -1.0572741157e-01 -4.6514060945e-02 -7.3913418197e-02 -1.5014659827e-01 -3.8213991558e-01 -1.5769246465e-01 -1.1318933639e-01 -1.4122351783e-01 1.4321605355e-01 1.1935029522e-01 1.6317318335e-01 -4.2728041145e-01 2.4652637200e-01 1.9847406442e-01 -1.2239070938e-01 4.7033857502e-03 -8.3713588418e-02 -9.5009163283e-03 -1.1337384467e-01 -3.9311878045e-01 -6.9479733658e-04 1.1578090980e-01 -2.2047432474e-01 4.2208010243e-02 8.0425861961e-01 1.9031312745e-01 4.7285346546e-01 -8.6964155459e-03 -2.1077502005e-01 -4.7631403546e-02 -3.8042800737e-02 -2.7263686411e-02 -7.1353946425e-02 -1.6656977209e-01 -9.1324503421e-02 -2.1348003651e-02 9.2482846867e-02 3.2028127286e-03 -6.0744767680e-02 -1.2280221146e-01 1.0097632986e-01 -8.7471451343e-02 -3.3498591036e-02 -1.5687747122e-01 -2.1802403773e-01 -4.8898272353e-03 5.3768345786e-02 -3.6612492278e-02 2.6407587661e-02 1.2975796747e-01 1.6705951316e-01 1.2418505065e-01 1.2303205874e-01 -2.9242471783e-01 9.1781198138e-02 -6.4653093798e-02 5.9866049981e-02 -1.4237075978e-01 1.7035295426e-01 9.4474274200e-02 -3.9067949523e-02
-1.3986471000e-01 -7.1944968037e-02 -1.8282871996e-01 2.6602334241e-02 -5.7903947672e-02 1.5132490903e-01 2.3957749205e-01 -2.2113308499e-01 -5.4926134932e-01 -2.2705497106e-01 1.7905515375e-01 1.5616715094e-01 -5.2990537863e-01 -1.2891097958e-01 -1.5226229362e-01 -2.6436224563e-01 2.0399283298e-01 3.5753076731e-01 -8.3361897180e-02 -4.6323781506e-01 -3.4092961221e-02 3.3223375948e-01 1.4855964132e-01 -5.0710993614e-02 -2.5128363651e-01 2.1738850373e-01 2.7950026592e-02 1.0048245643e-01 1.6498117428e-01 6.1146877969e-02 -5.2927956294e-02 -1.1925148690e-01 3.1325345238e-01 -3.1219411059e-02 4.8603160151e-01 9.4598085431e-03 -2.6274685652e-01 -7.8167046882e-02 1.9346543390e-01 -1.3599144616e-01 -1.5207176279e-01 -2.3241618459e-01 1.7676894796e-01 4.1230391812e-02 4.8135170875e-01 8.4585270943e-02 -1.5160708211e-02 -2.0224005972e-01 -3.4456680271e-01 -6.9330746547e-02 3.6825869876e-02 5.2928345830e-02 1.2725772566e-01 -2.7525134633e-01 -1.8318511598e-01 -2.4665793866e-01 2.1192507572e-01 1.3982356661e-01 2.7746002193e-01 -2.1262517184e-01 1.3251164422e-01 -6.0164444424e-02 -2.4272092940e-01 -2.0554824534e-01 -2.1231446989e-01 3.3448392060e-01 3.1798704251e-01 -7.1525661540e-02 -1.7250767136e-01
-4.2996970373e-02 3.2118188066e-01 1.7455703290e-01 2.9081149742e-01 4.5101620801e-02 -5.1748309462e-02 4.0920517755e-01 -1.7209512247e-02 -5.5019685618e-01 3.5528008687e-04 -1.0081181336e-01 1.3797260357e-01 -5.2353176573e-01 -3.1468991701e-01 2.0180944599e-01 -2.0784516122e-01 -6.8549028634e-02 1.8023366082e-01 3.2750684844e-01 -4.1559495167e-01 1.3972538338e-01 1.5822314382e-02 4.4109579288e-03 3.4823173338e-01 -1.9135671398e-02 -1.6147197372e-02 8.3252007838e-02 9.4904653020e-02 -2.7629081860e-01 1.9402390540e-01 1.6671951814e-01 -1.8162750734e-01 -9.2930816102e-02 3.0081310799e-01 3.8605831601e-01 -1.4255351927e-01 -2.7768891210e-02 -3.1076937839e-01 -2.8736457290e-01 2.8864773253e-01 2.4952852384e-01 -3.5409716146e-01 8.0745297781e-02 -3.4291584398e-01 3.6535394667e-01 2.9428741334e-01 3.0943436891e-01 -3.7351205809e-01 -1.8986707007e-01 1.3311337172e-01 3.1578921940e-02 -2.1312466571e-01 -3.0494190566e-01 2.2707850678e-01 1.6782295319e-01 9.4521895946e-02 5.9895480049e-03 -2.9921425858e-01 -9.5438196491e-02 1.6184654989e-01 -1.4948221736e-01 -3.4217294480e-01 2.3496498656e-01 5.6188317919e-02 -3.4851548406e-01 6.5564112153e-03 -5.0861105098e-02 3.0012424565e-01 1.6471380232e-01
7.2881851196e-05 -2.2415112586e-05 1.0807895696e-04 2.6732151610e-05 6.7485613611e-05 -1.6525756558e-04 -7.1959094712e-05 1.6705672495e-04 6.1145043552e-05 -4.1551476279e-05 -1.6633186575e-05 3.2111711083e-05 5.7957475628e-06 -9.4665958307e-05 1.6012283848e-05 -1.8759050712e-05 1.2522925859e-04 5.6912324767e-05 -2.4590424598e-04 1.3464414567e-04 -8.0715962883e-06 -8.6547515253e-05 2.4312711303e-04 -9.8053503305e-05 -6.1951251989e-06 3.2285322764e-05 -6.3417087548e-05 4.6417040688e-05 2.3753431471e-04 3.7723494632e-05 -1.2248406650e-05 -1.8846041108e-06 2.1753143914e-05 1.3274438971e-04 -1.4246424861e-04 -1.2278309804e-04 -4.9853459992e-05 5.8309480485e-05 8.0742670101e-05 -1.0341782957e-04 -7.1733804618e-06 -4.4545096135e-05 8.8120924203e-05 1.1294033137e-04 1.6412815872e-05 1.2027380030e-05 -8.7066503345e-05 -1.6345760518e-04 -2.2774921337e-04 9.9637098573e-05 -3.4132311582e-05 -1.1395040398e-04 -1.6156244420e-04 1.3441529422e-04 7.3187708611e-05 -2.8929629650e-05 1.1641257417e-05 4.6688139403e-05 -1.2842358017e-04 6.8376947047e-07 -1.7388993416e-05 1.6606378762e-04 1.5617295193e-04 -7.1145132098e-06 8.7710023951e-05 -1.7976590641e-04 -4.4561008551e-05 -6.9525496742e-05 3.5657849410e-04
4.6657784365e-06 -1.6636380188e-05 1.0261919395e-04 1.4799600540e-04 8.8003527070e-05 -1.0994582311e-04 1.8087197500e-04 -1.8347838419e-05 -1.7394593886e-04 7.4164910185e-05 3.0719011091e-05 2.2189552503e-05 1.7180065613e-04 4.7180370807e-05 5.2749851198e-05 -4.6854734792e-06 -4.9133172252e-05 -6.5675441875e-05 8.4624524962e-05 2.2112337020e-04 -8.9330316439e-05 -1.4798332074e-05 1.0332201585e-04 -9.8877771777e-05 8.4634694727e-05 2.5254509544e-05 1.5071448140e-04 -9.5554354176e-05 -1.1773605671e-04 -2.4037258761e-06 1.6168021671e-04 -5.5650397715e-06 -1.7770061821e-04 5.8364621168e-05 9.5440222813e-06 5.5906186596e-05 4.4481966950e-05 -8.8269440992e-05 1.0234682160e-04 -3.2310197716e-07 2.6367086240e-05 -1.8870998037e-04 -5.1931874504e-05 -2.8810803961e-05 -9.8391020996e-05 8.3118421217e-05 5.6454142731e-06 1.9569404739e-04 -3.8781435431e-05 2.8357143973e-05 2.2980646768e-05 -2.1863065607e-05 7.9846025616e-05 5.9158127445e-06 -1.6533210082e-04 -7.8800930161e-05 9.2623109329e-05 -5.6095878563e-05 1.8595272386e-04 1.3003971339e-04 -6.2593144510e-05 -9.7486354737e-05 5.3748678777e-05 -9.4543471228e-05 9.7588064791e-06 1.0196714981e-06 1.8419523450e-05 6.7259085973e-05 2.3898167430e-05
2.1842161767e-04 4.8900558388e-05 2.3571057918e-04 1.0632054541e-04 -5.0803933422e-05 -5.1596382576e-05 -9.1073856333e-06 -9.3907454045e-05 -6.1492624013e-05 1.2902883766e-04 -3.5747350830e-05 -9.8420631540e-05 -1.0094936878e-05 6.9989993894e-05 -1.1583648900e-05 -7.4741871951e-07 2.0944510219e-06 1.0539218769e-04 1.3419592822e-04 -7.0653993541e-05 1.2393091249e-04 -6.2788100713e-05 9.5482385698e-05 -1.2417408192e-05 -4.9622436643e-05 -2.1543149220e-05 1.6611652706e-04 4.4578067621e-05 -1.1389218718e-04 1.4984522117e-05 1.5365169993e-05 -2.5641680581e-05 1.7609336988e-05 1.5774774029e-04 3.2774484772e-05 2.2915183010e-05 -1.2037056096e-04 -5.6880069684e-06 -8.2269521224e-05 -1.1669453961e-05 4.1846397263e-05 5.2096549342e-05 1.5014503255e-04 -1.3771471587e-05 9.0282028969e-05 -7.3801877871e-05 1.1499950980e-04 1.0155241517e-04 -1.8886134830e-04 -4.9362862845e-05 1.3865135363e-04 -6.4558152955e-05 3.3312800680e-05 2.7725750999e-05 1.9663742350e-04 5.9514125598e-05 -6.3323602902e-05 7.8551162764e-05 -9.3402210003e-05 4.5289164104e-05 4.9572822278e-05 -2.2175915157e-04 9.3544118138e-05 -2.4297774522e-06 2.0405086997e-05 -1.1267900538e-04 5.3173708804e-05 1.3600849053e-04 1.2265291580e-04
5.5865276212e-05 -5.3190364966e-05 9.7180483678e-05 -3.6064860042e-06 -1.5376637412e-04 -7.2635568073e-05 5.2355870617e-05 -1.2397885855e-04 -9.7204367215e-05 2.7038099993e-05 -3.0863428486e-05 -1.1209487354e-04 1.2349365712e-04 1.2110114764e-04 -9.0733849233e-06 -1.7665248180e-04 -1.5226145580e-05 2.6636797139e-05 -1.7527500965e-04 6.7175582795e-05 9.2412704473e-05 1.8707695240e-04 -1.2038177473e-04 -7.9144215777e-05 7.1756170974e-05 1.2445383269e-04 -1.2364179199e-04 6.8203152266e-06 7.7639814828e-05 1.0679624286e-04 1.9217887121e-05 7.5802969220e-05 -1.5773679670e-04 3.9556942595e-05 -9.5007250351e-06 2.1621230362e-04 2.3581400820e-04 -2.4736279038e-06 -3.4728291334e-05 -4.1630594000e-05 -9.1418015171e-05 7.3603226986e-05 -7.6857582143e-05 -1.2578791484e-05 2.1352043347e-04 -1.4111512088e-04 -6.7231777172e-05 5.7935054229e-05 -1.2327692689e-04 -2.2075791223e-06 1.1128458911e-04 2.2333625764e-05 2.4224258696e-05 1.6282632479e-04 -7.6005629806e-05 1.0235995154e-04 2.6405863428e-04 -2.3535926289e-05 -7.3226333323e-06 -1.1041968410e-05 2.8873016733e-05 3.1386200144e-05 6.2478954573e-05 -6.3751788127e-05 5.1445438932e-05 -2.6158282272e-04 -1.1907842250e-05 -8.9822167402e-05 -3.4688621207e-05
4.6929776038e-05 -3.3714719340e-05 8.0036533812e-05 3.0283687112e-05 5.3489443385e-05 -1.1822915678e-05 2.4204605533e-05 -1.8280214526e-04 5.5190670972e-05 4.5610982477e-05 -5.0268989183e-05 -1.5541519555e-04 2.6876697822e-05 1.4387307336e-05 -1.9356169279e-05 -1.4562495917e-04 2.2462743894e-05 -5.3127580437e-05 2.3770421935e-05 -7.5885111589e-05 1.7023566354e-04 -1.4452904693e-04 -4.4960769998e-05 3.5935563077e-06 1.6784481711e-04 8.5086302779e-05 1.7359028049e-04 3.1027530695e-05 -1.6051014668e-05 -1.4197461169e-05 -4.8143203572e-05 -9.1673509196e-05 7.7213534347e-05 -1.5647001918e-04 9.9658448616e-05 -5.4923190851e-05 -8.1077393073e-05 -1.8629167068e-04 -5.7496731047e-05 -5.3750019088e-05 4.4402875777e-05 -5.9656843613e-05 -6.2834629184e-06 -4.9814007094e-05 -3.4230846366e-05 -6.0594955559e-05 -4.1581257451e-06 -4.3233213489e-05 -1.3518640720e-04 -1.3968398274e-05 5.7196244329e-05 -1.1452721642e-04 -1.0681205455e-04 3.5922119705e-05 -4.5647521057e-05 -9.8506103375e-05 9.0833214546e-05 1.2590825503e-04 -1.9064377744e-05 7.8552911091e-05 -3.3171626861e-05 -7.7560780904e-06 -1.5372491911e-04 5.8100261212e-05 -1.1451692427e-04 8.4198734877e-05 -3.2897356708e-05 3.2495730857e-05 3.9293362960e-05
2.0420838593e-04 -9.0462351203e-06 1.2268898474e-04 1.3959042350e-04 1.4993229870e-04 1.2331674265e-04 -1.1780942611e-06 -8.2306421444e-06 1.8252690078e-05 2.0785694330e-04 2.8236629799e-04 -2.6697115061e-05 4.8796973737e-05 1.3956133350e-06 -2.1853238885e-05 2.6153203448e-05 5.1731608412e-05 -1.8115966648e-04 1.9720112406e-05 -3.0701761874e-05 1.1419725055e-04 -4.3857876622e-05 -2.7116741640e-05 -2.0504740012e-04 -3.1544574614e-05 1.3824819530e-04 1.1549868226e-04 3.7287039370e-05 -1.9492666946e-05 5.0745618504e-05 1.2572936014e-04 -3.6230306817e-06 1.1289259894e-05 -2.3165753149e-05 -2.8703581596e-05 3.1894246958e-05 1.0605896169e-04 -7.0336283695e-05 1.9383962537e-04 8.8832928099e-05 -1.4856879818e-04 4.7686976124e-05 -7.3881770290e-05 -5.7021490628e-05 6.1754020080e-06 9.4481278933e-06 -2.6909226509e-05 -3.0309239916e-06 4.8592226632e-05 -8.7181158283e-05 6.4084208061e-05 -1.1614272252e-04 -7.0739577183e-05 -1.6877613234e-04 -1.5062789215e-04 -5.5811272969e-05 4.0429379207e-05 -7.1677885298e-06 -8.2316994815e-05 -7.5484994395e-05 -1.8449666637e-05 1.3627590322e-04 2.0580363768e-05 1.3626212058e-04 -2.2535577479e-05 2.6873101902e-06 -3.0884812481e-05 -3.7562135884e-04 3.9989601710e-05
9.6332090374e-05 1.4978802402e-04 -6.9592358677e-05 -7.8420415987e-05 4.2830756174e-05 1.5832779984e-04 1.3918281343e-04 5.3715659378e-05 1.0271800826e-04 -9.1881336969e-05 9.6998051041e-05 9.9077678103e-05 3.2186014301e-05 1.0173395970e-04 7.9304448799e-06 8.3234882397e-05 -5.3087575079e-05 1.2351140131e-05 9.9916059582e-05 7.1845095628e-05 -1.9375751694e-06 -8.1906152343e-05 2.1454278781e-05 1.3717869468e-04 1.8821508009e-04 4.5169291989e-05 7.1916231918e-05 -2.7105464367e-05 4.0849944789e-05 9.6209087029e-05 -9.8133637067e-05 6.2148808323e-05 -2.1055258910e-05 -7.4902432600e-05 8.5140794062e-06 1.4149222271e-04 -5.9860286354e-05 -6.6203929517e-05 -1.5163614959e-04 -1.4241875738e-04 1.6457932034e-05 2.2420633000e-04 -7.8921547101e-05 1.7177718752e-04 1.1031219158e-04 3.0944358997e-05 -1.8349046181e-04 1.5176313995e-04 1.4605342438e-04 -4.0922622697e-05 -7.9998175641e-05 8.3371541615e-05 -9.7893125744e-06 5.6049319649e-05 3.5990943197e-05 9.6030614778e-05 -1.0085514493e-04 -1.4440833732e-05 6.8598615937e-05 -7.7195220797e-05 1.5247635488e-05 3.3930084398e-05 -4.8074383864e-05 8.4379907683e-05 -8.4122188487e-05 1.3550410991e-04 2.9041515927e-05 -6.1872496421e-05 1.6692639789e-04
-8.8291729530e-05 -9.6450209605e-05 9.1826462512e-07 -1.9781645281e-04 -7.8328127905e-05 -1.6138051110e-04 7.5149957312e-05 2.5143029209e-05 -8.7201249612e-05 5.8866427571e-05 -7.0982054023e-05 5.3483069334e-05 1.7265095553e-04 1.0341241422e-04 3.6772734736e-05 2.1286596896e-06 -5.0497936593e-05 8.1465665249e-05 1.2899140507e-05 3.9971869916e-05 6.1294277193e-05 -1.4667283800e-04 7.9347590006e-05 1.2506360580e-04 3.0267863091e-05 2.0640322196e-04 1.2363997027e-04 -5.5300953052e-05 1.8880780381e-04 -7.0654087176e-05 4.7038137735e-05 3.0500225036e-04 1.2062480445e-04 1.2615873792e-04 -2.7077463112e-05 1.1921552885e-04 -1.6297281945e-04 -1.6413411717e-04 6.1133862745e-05 -1.7008190448e-04 -9.0876795577e-05 1.3669654363e-04 -4.8704999536e-05 -3.3273930032e-06 -1.3166681104e-06 7.0390810375e-05 4.5358839998e-06 -1.6451779439e-04 -3.2733912322e-05 -3.6499403797e-05 -6.4560100353e-05 -6.4228934111e-05 -9.9225943793e-05 2.4144022047e-05 -8.9191947660e-05 1.3934505358e-04 9.0994531642e-05 8.8918006505e-05 8.2136369189e-06 6.9365835006e-05 7.4673118610e-07 2.8110684483e-05 -6.0820051524e-05 2.1310676984e-06 -7.7325392430e-05 5.9805526142e-05 2.9520649549e-05 -8.1520222697e-05 -1.0423965906e-04
1.2018909101e-04 6.3134185446e-05 4.5993207213e-05 1.3478099492e-04 -1.0042409524e-05 1.4339474869e-04 -2.1812782804e-04 -1.3466309753e-04 -3.5593533875e-05 5.1168416148e-06 7.4465182754e-05 -8.2553748497e-06 4.8214432226e-05 3.8590246550e-05 -1.2839875103e-04 1.2353555766e-04 2.4551840999e-05 9.3831680825e-05 8.8895084737e-05 -1.9306620093e-04 1.9920244326e-05 7.3734675655e-05 -1.3033939110e-04 8.8590313641e-05 1.1428673159e-04 -1.5686057083e-04 1.0996411509e-04 1.7006652238e-04 1.1137508335e-05 -5.9791778603e-05 -6.0185730395e-05 4.7223248712e-05 3.8435736096e-05 -5.0598082992e-07 -1.0615745523e-05 7.6867430653e-05 -3.9900803789e-05 -8.3206303035e-05 -5.5303425581e-05 1.4433266817e-04 1.8851795632e-04 -9.5771216430e-05 1.5585206372e-04 1.2182637068e-04 1.0706321257e-04 -2.9016592048e-05 4.0881615829e-05 -5.1799507089e-05 -5.3502528123e-05 2.8070443046e-04 3.4544149482e-05 -3.3963538215e-05 1.5739222306e-05 3.2488032383e-05 -5.7384043518e-05 -8.8599978671e-05 1.9705985512e-05 4.7584260089e-05 -4.5608517978e-05 1.1291422861e-04 1.5347425476e-04 -2.4974955277e-05 7.6824367346e-05 2.1328933414e-04 1.9694783078e-05 3.0737701140e-05 -8.2326234152e-05 2.0441258478e-05 -3.7938039489e-05
-2.4749030740e-02 -1.5902117168e-02 1.8750461831e-01 1.5801061949e-01 4.1887290962e-01 -2.4168083052e-01 2.9299588520e-02 4.2151051057e-01 -2.9218121967e-01 3.4816091979e-01 5.6387680120e-01 -4.0680012996e-01 2.2178475110e-01 -4.1908841499e-01 2.5533907704e-01 5.5995106844e-01 -2.3373750461e-01 1.8341380521e-01 3.2037980294e-04 3.4200152216e-02 -4.5662344180e-01 5.1793516685e-01 -2.9832208209e-01 -3.3434518907e-01 -5.5637314901e-01 -3.4354070185e-01 2.5267800565e-02 2.9221207286e-01 -3.2072303567e-01 -4.4407871803e-01 -1.1612612022e-01 -3.9243736951e-01 3.6150273982e-01 3.8106106355e-01 -6.0192586938e-02 -5.1656383399e-01 4.8911062959e-01 -2.9179695431e-01 1.2170759704e-01 2.1058406667e-01 1.3012670572e-01 -4.1081758339e-01 -3.9335983541e-01 -4.5405250203e-01 -5.3848430044e-02 2.7541080956e-02 1.7186823116e-01 -4.8874576995e-01 2.7058408912e-01 1.4592588235e-01 1.4258041292e-01 3.5925326984e-02 -2.0353671554e-01 -4.7529066360e-01 2.1101317848e-01 -1.2657053991e-01 -2.5188146334e-01 -3.6914169952e-01 -1.5949994114e-01 1.6360948429e-01 -2.7175097898e-01 -2.4610884575e-01 -1.8101701209e-01 -3.1453795096e-01 -1.7006164403e-01 1.0808888145e-01 -2.6035886955e-02 -1.4150099219e-01 -1.5059386739e-01
3.6366663305e-01 -1.4321892304e-01 3.8248845665e-01 3.2643318874e-01 2.6218235384e-01 -2.0203504622e-01 -1.6638559725e-01 3.1571505282e-01 4.1381819030e-01 2.2775585162e-01 -3.2791807715e-01 -1.1471768589e-01 4.8136991923e-01 2.6339037387e-01 -2.5583149985e-01 3.1358793936e-01 -2.4488602444e-02 -2.4296821736e-01 3.2171125272e-01 -4.6787667863e-01 2.4287598191e-01 4.2915779935e-01 3.5798990539e-01 -3.1823124737e-01 -1.9978128968e-01 3.9116212067e-01 -3.2068479087e-01 -8.7779932307e-02 -2.6659242128e-01 2.9588465197e-01 5.7640065556e-01 2.0994918859e-01 -1.6276641326e-01 2.6827721923e-01 -3.5737193045e-02 -5.2888288638e-01 -1.6470034210e-01 -1.8953453479e-01 -8.7381012535e-02 5.7080095934e-01 4.1798430191e-01 1.1482510722e-01 -3.5001178609e-01 -4.9687647016e-01 -3.9475132533e-01 -1.1977635903e-01 1.9368436119e-01 -4.0654700439e-01 -1.1100480986e-01 1.7469150049e-01 -3.7561082385e-01 1.3472070280e-01 -3.2278255547e-01 2.8595580617e-02 -1.8342358946e-01 1.4806526081e-01 -2.9409543043e-01 2.0971143161e-02 4.9499999536e-01 4.3619698574e-01 2.7700434406e-01 -3.4275414471e-01 -3.1353561956e-01 -2.8846061924e-01 1.8143712152e-01 -4.3480698244e-02 -1.1041680486e-02 9.7094452236e-02 3.5841951531e-01
1.5032863546e-01 -2.0874255209e-01 -4.3216649518e-02 -1.5778472790e-01 -3.0244600654e-01 -3.7898372911e-01 -3.2101973635e-01 1.8029009478e-02 -9.4849529038e-02 2.0786282740e-02 -2.3826052936e-01 7.3920878003e-02 1.5583666674e-01 5.8627731793e-02 -9.9352014743e-02 1.3609637962e-03 1.4891926244e-01 3.0101557725e-01 8.1027894243e-02 -1.5130495056e-01 -1.6702047761e-01 6.9721762897e-02 -1.0700545267e-01 1.8746084896e-01 2.7965054217e-02 1.7245058380e-01 -1.1061798121e-01 2.5161538240e-01 2.1146632904e-02 1.1394102810e-01 -2.0374651740e-01 1.6893007156e-01 -1.4882485579e-01 -8.3558727989e-02 1.7794515158e-01 3.5606959872e-01 2.4557673441e-02 -9.3459491089e-03 5.3271792448e-04 2.3698187710e-01 -3.6059897506e-01 8.3497615202e-02 2.4348379776e-02 -1.1400832343e-01 3.1984945130e-01 2.0751012102e-01 -9.3316505969e-02 1.3728524144e-01 -1.5765783186e-01 2.4199411531e-02 -7.2451446239e-02 1.0166487389e-01 -1.1304588638e-01 6.7700641061e-02 -1.5813276440e-01 8.6636037222e-02 1.5089073998e-01 -2.8471617302e-01 -3.5866133323e-01 1.6845224937e-01 -1.4124652036e-01 -1.9435029541e-01 -3.9881017310e-02 -3.1765710860e-02 -2.0233192938e-01 -2.2210308804e-01 -2.0302257942e-01 1.7934749547e-01 -4.4468255977e-01
-7.6223927615e-02 3.8973423627e-02 -9.0895566019e-02 -3.5993620956e-02 2.3155909715e-01 1.2470316871e-01 1.6563016624e-03 -1.8264033293e-01 2.6766341626e-02 -1.6326145393e-01 1.0776956097e-02 -8.7321960114e-02 -3.3631025181e-02 3.5310386702e-02 -8.5435072038e-02 -4.7895207167e-02 2.0284154334e-01 -1.6298214848e-01 1.5126002580e-01 2.1027683754e-01 1.9666822729e-02 -2.0300005354e-01 -7.1705898613e-04 -6.5430283175e-02 3.8573946880e-02 6.9919326441e-02 -6.2511690088e-02 -2.1924608628e-01 -2.2309266175e-01 -1.5855148846e-01 6.1674578578e-02 -4.4315860365e-02 3.8783331214e-02 -1.6168160388e-01 5.4516556139e-01 8.5117544690e-03 7.7263201350e-02 -1.3001727461e-01 -1.5267690781e-01 -1.2314569224e-01 -3.0276389772e-02 7.2666650486e-02 -1.4882484917e-01 -9.7511145408e-02 1.6107993674e-01 6.9979430199e-02 -7.2836111549e-02 -1.3204541472e-01 7.7257086923e-02 -8.3372008624e-02 9.2547570140e-02 -6.0874458698e-02 5.2124012716e-02 -8.9993157278e-02 1.0032222831e-01 -2.2103044465e-01 -2.1822785238e-01 1.9757723822e-01 -3.6716268132e-02 -3.5970604715e-02 1.5983619153e-01 6.3228809631e-02 4.3856093954e-02 -5.7326939190e-02 -2.0757763180e-02 -2.6993204248e-01 4.7854839969e-03 -1.2088967171e-01 -2.9619812341e-02
1.0454116237e-02 1.2918090735e-01 -4.8774282728e-02 1.0947194099e-01 7.1080022880e-02 1.4180566671e-01 5.1764420223e-02 -1.0393589053e-01 5.7362433585e-02 -4.8965097943e-02 -8.9662720409e-02 3.4576159756e-02 2.6115452489e-03 4.3031113679e-02 -8.5204458083e-02 2.2117107332e-01 -1.4284164806e-01 2.8143043703e-01 -1.5351573537e-02 8.5945638087e-02 -5.6980847334e-02 -5.0864858398e-02 1.0592168729e-02 4.1898142947e-02 -3.0251073592e-02 -2.2489911346e-03 -6.5577300636e-02 1.3290983131e-01 -4.8427654837e-02 5.3497882139e-02 1.6395614580e-01 4.3357060704e-05 9.5198481340e-02 -1.1441176010e-01 1.8150167289e-01 -6.5634745620e-02 1.5711171088e-01 -2.6736521655e-02 -4.8464515154e-02 -1.0820730840e-01 -2.0154498872e-02 -3.3623827504e-02 -2.0324853749e-02 -2.9671406739e-02 1.0054018419e-01 -1.0559594532e-02 -1.2854969828e-02 -9.8461890720e-02 1.0855423394e-01 1.0682538347e-02 6.7059764989e-03 1.8517941318e-01 -5.7646788986e-02 -3.1723673880e-02 -5.6064011614e-02 -1.8413959734e-01 -5.2636321618e-03 -1.1702563120e-01 -4.8006894726e-03 8.4203243525e-02 -4.3133935162e-02 4.3996463514e-02 7.9723057696e-02 5.8277539200e-03 -2.9047347438e-02 -1.5826022765e-01 1.6411611027e-01 4.2355813512e-02 -1.8956895908e-03
-3.2763400467e-02 9.0509076844e-02 3.2835590905e-03 9.7630165419e-02 -4.3355347772e-02 1.2885588614e-01 -7.6766854265e-02 -7.6401251038e-02 7.8647089339e-02 -4.8137304439e-02 -6.8258408158e-03 4.2915606804e-02 -1.5920830277e-02 -1.4229395359e-02 5.3779907424e-02 -9.2003629483e-03 -1.1202627214e-01 1.8917489616e-01 1.7880153692e-02 4.1839509752e-03 -6.9634639670e-02 -4.2608605177e-02 9.5855462889e-02 -9.4186658013e-02 3.0257336785e-02 2.1179600554e-03 -7.4705613654e-03 1.7161594271e-01 -2.2577399447e-02 1.0566773260e-01 -1.1027037286e-01 -1.0662452722e-01 1.3063401728e-01 -4.2780187570e-02 2.8207771079e-02 1.4586761890e-02 6.5250348812e-04 -5.1537853420e-02 3.7080662352e-02 -1.0892838337e-02 -6.7893071014e-02 1.6067433498e-01 -8.2471490938e-02 -6.2681523418e-03 2.4844494501e-02 -3.8275962090e-02 -6.0823581094e-02 -4.7738301035e-02 1.0996456711e-01 6.4134284030e-02 -1.1964669905e-02 2.3805384836e-01 -1.0024911495e-01 2.6514015719e-02 -6.2297190733e-02 4.3839956619e-02 2.2991079820e-02 -7.2839124849e-02 4.9858392940e-02 -3.5560829748e-02 4.8198804337e-02 9.6307131593e-02 -2.5996468790e-02 -9.3757153931e-02 9.2767178777e-02 -1.0174632500e-01 2.3366596804e-02 -7.0699202372e-02 -7.0001307036e-03
-1.1700670479e-01 7.5412533925e-03 3.5141632806e-02 1.6107288873e-01 1.0853348634e-01 -2.1190201611e-02 5.0034060154e-02 -1.8678323093e-01 3.7810841137e-02 -1.3441596994e-01 -2.2508131992e-02 -6.6167330872e-02 8.2637730409e-02 3.5721518164e-02 -2.5948828384e-02 1.3944860457e-02 -1.6822317625e-01 -9.2906916941e-03 -1.7427782282e-02 2.5791628229e-02 -1.4273777947e-02 3.2612896974e-02 5.4400645132e-02 -1.4551617485e-01 -3.8497231512e-03 -7.3114495354e-02 -7.4737178462e-02 6.0007090826e-02 -7.4901233591e-02 -2.0602709285e-03 -3.2462528638e-02 -3.6183863654e-02 9.6020652248e-02 -1.0244029790e-01 1.6119787668e-01 9.3755149885e-02 -5.7166295718e-02 -9.2166721424e-02 1.1073917244e-01 7.3464015836e-02 -5.9537305083e-03 1.1771443018e-01 -1.3347070653e-01 -1.1522887664e-02 1.7560195390e-01 4.9040454318e-02 -8.9862259645e-02 -1.6103094229e-01 1.9873034794e-01 1.1764186627e-01 -1.8295280879e-01 2.3831635592e-01 5.7756388752e-02 3.3048692199e-02 -4.4512974609e-02 1.4810262493e-01 -7.5752819229e-02 -5.3611405489e-02 3.6003285722e-02 -1.1552875048e-01 -7.0697442506e-02 8.7707528156e-02 -3.2435965046e-04 -5.3477853752e-02 -2.8325223494e-03 4.8410291806e-02 6.0292869816e-02 -8.0638669720e-02 -1.9800760069e-02
-9.8709126765e-02 2.9770443123e-02 3.5849673029e-02 4.6206314081e-02 1.0302015366e-01 3.0220976160e-02 2.0756184324e-02 -2.2629290377e-02 2.3440481717e-02 -6.3127072381e-02 -3.2107728638e-02 -5.0191812877e-02 7.7087026471e-02 1.3647788205e-01 3.0085216682e-02 1.2262324656e-01 -4.3729057460e-03 -1.3270507311e-01 4.3974340850e-02 3.6281748292e-03 4.4732489992e-02 1.1901041762e-01 2.7029366028e-02 -5.0187426180e-02 -1.0097303674e-01 -3.6954414858e-02 -4.8388739013e-02 5.3461316534e-02 4.0563748581e-02 -1.1573091530e-01 4.2691936518e-02 -6.2861514362e-02 1.2167477974e-01 -8.2865215978e-02 -2.0562323758e-02 1.3499917772e-01 -6.4880888443e-02 -5.1894813753e-02 1.5855481716e-01 2.3589172625e-01 1.1471947205e-02 1.1296320428e-01 -1.7280168882e-02 6.7657152586e-02 7.4926250137e-02 4.0086910619e-02 -3.2452089888e-02 -8.2385792625e-02 -2.8158995423e-02 1.5283367339e-01 -2.3975762109e-01 3.6601435471e-02 4.2610027618e-02 -2.6062508575e-02 -2.0198911390e-01 1.9023008944e-01 -2.6814072473e-02 -5.9379412329e-02 -1.9957866327e-02 -4.2321688120e-02 -6.4889897045e-02 1.2951260488e-01 -4.7879806103e-02 -4.2204137943e-03 3.2498252527e-02 4.9420984962e-03 1.1138840090e-01 1.5720914211e-02 -7.1033788015e-02
-8.5245174573e-02 -1.1354224814e-01 2.9570801460e-02 9.8714889590e-02 6.2840076788e-02 -4.2547757950e-03 -4.4679901450e-02 6.9462917617e-02 -3.0889010844e-02 5.2320622355e-04 3.8336369336e-02 -1.4207092932e-01 -5.4411980107e-02 4.6897452575e-02 -1.0904306763e-01 1.8332468533e-01 -5.6622084208e-02 6.4277574584e-02 6.8019660843e-02 -4.4478143011e-03 -4.7613752472e-02 -3.1925411492e-03 -5.7739810839e-02 -1.2366837780e-02 -2.0353157566e-01 8.9823382852e-02 8.4038339755e-02 4.6651397669e-02 4.7576967384e-02 -1.5015045985e-01 -7.8105514331e-03 3.0896702722e-02 8.3791897614e-02 -1.0006193176e-01 -2.3488931685e-01 -4.9738489569e-02 -2.6901426080e-02 -3.5102941539e-03 -2.3587223858e-02 2.8378143588e-01 -2.1214593714e-02 1.1196050999e-01 -5.3988331065e-02 1.4018141884e-01 8.4233429879e-02 9.7496484392e-02 -6.7692404290e-02 9.0848281653e-02 -1.4107914245e-01 -1.0728284594e-01 -2.9092925440e-01 -1.1331945622e-01 1.4023990279e-02 -1.0236637427e-01 4.0103050872e-02 1.7410964553e-01 -5.8917414010e-02 5.6711989172e-02 1.4898976655e-03 -6.5622045591e-02 -6.1336147806e-02 -2.7609592244e-02 -3.7374832583e-02 -1.2671548560e-01 -4.3275986215e-02 -1.9674745402e-03 5.9204850387e-02 2.0485940713e-02 -1.2522179186e-02
1.1277262213e-02 5.6597472041e-02 2.9912181512e-03 -2.5717155754e-03 9.1354376350e-02 1.1206831557e-02 -2.0744156313e-02 -4.5214496295e-02 5.1483285612e-02 2.4429208301e-02 6.7080095757e-02 2.7216226230e-02 3.7934743665e-02 -1.3440934846e-03 -6.5031917266e-03 1.1900837386e-01 1.2892538147e-02 1.5435324967e-02 9.1341495429e-02 -2.0884994237e-02 -1.2511899887e-01 -4.1034849258e-02 4.4658779376e-02 -5.2715273301e-03 -1.6595104795e-01 5.2669136093e-02 1.0117503767e-01 1.6450543284e-01 -6.0300914438e-02 -1.0647452337e-01 5.9694867552e-02 -1.8812937078e-02 6.8538431195e-02 -7.3002875692e-02 -2.6118236301e-01 -4.4367466394e-02 -6.0981952857e-02 -1.1760397779e-01 -2.7524409947e-02 8.2235522910e-02 -4.3897596704e-02 -1.0027057919e-01 -7.0819411734e-03 6.2276032952e-02 -3.3580386948e-02 6.8483912835e-02 5.6160108345e-03 9.8328978242e-02 -1.5663904187e-01 -7.0267852361e-02 -1.4514910296e-01 -1.3338315893e-01 9.4218134232e-03 -5.9659672309e-02 -4.3468485776e-02 2.3899691158e-02 -8.7211279847e-03 -2.4806107222e-02 1.3040203082e-02 -1.0545331311e-01 -7.0973816514e-02 1.0027302234e-01 -7.2290487757e-03 -2.8422014140e-02 8.4388120263e-02 -3.6416252574e-02 7.8672351366e-02 -3.8454908504e-02 -7.2863880573e-02
-1.1277873725e-01 1.5023864287e-01 3.1312519972e-02 9.9903944028e-02 7.0507903888e-02 4.6330490941e-02 -2.6256074163e-02 -4.8185807865e-02 -5.8351623861e-03 4.3930863608e-02 -2.5851061411e-02 2.3038451337e-02 1.2441330509e-01 -1.0746307197e-03 -1.9730688469e-02 4.8250981345e-02 4.7187032132e-03 3.0534840187e-03 7.3279981600e-02 -1.1917391392e-01 -2.1441841682e-01 -8.3005109066e-03 7.2392787417e-02 1.1306241129e-01 -9.5123948968e-02 4.2487418435e-02 8.1088332603e-02 1.3898789288e-01 -5.3790149416e-02 -1.3683964853e-01 -1.4706231185e-02 4.7574427349e-02 -4.4360243709e-02 -9.3146190219e-02 -1.5651843719e-01 2.6820452853e-02 -2.2062558887e-02 -1.7543611693e-02 -9.8525248224e-02 -1.2457490733e-01 2.1832028672e-02 -2.9805235436e-01 4.5931002042e-02 9.3662216083e-02 2.1207873766e-01 1.0272202021e-02 2.0346789166e-02 -9.0143559249e-02 -9.6057399327e-02 5.7752497957e-02 -6.6105455522e-02 -4.8286940195e-02 -5.5168146321e-02 8.9966517561e-03 -1.7024105204e-01 3.8003313830e-02 1.9360320885e-03 -6.6799354533e-02 3.0399253190e-02 -9.3553877877e-02 1.1089498865e-01 2.7687149152e-02 -6.7321144581e-03 6.8454386695e-02 1.9394849871e-02 -2.3084636286e-02 4.6606340871e-02 7.8406583518e-04 -7.2849202116e-02
-8.4799603952e-02 -1.6073456410e-02 5.9566420915e-03 1.2488582895e-01 -1.2059341956e-02 9.3269203071e-02 1.1088439421e-02 -1.1607054955e-01 -1.6311290857e-02 -2.0130800517e-02 7.2568544943e-02 -6.5721254123e-03 3.2046226010e-02 7.0295191955e-02 -2.7422272587e-02 1.3259665333e-02 -3.4451926946e-02 -9.5637798510e-02 8.7173847571e-02 -4.4460094706e-02 -1.7458208068e-01 5.2206453674e-02 -2.0699805872e-02 8.2710789193e-02 -1.2346746298e-01 2.4968478090e-03 1.4352567427e-02 5.7404791509e-02 -6.2100639681e-02 -8.1128636409e-02 -6.9780423258e-02 -4.1905294967e-02 -2.5903786733e-02 -9.7237102608e-02 -8.0473963073e-04 -1.2243583591e-02 -5.3154903500e-02 3.0021156101e-02 -1.0008104446e-01 -1.9463142422e-01 3.9722055800e-02 -1.3112093247e-01 -9.5826729325e-02 1.2416221789e-01 2.0376958183e-01 -5.6924289369e-02 -6.5145663563e-02 -1.4483422033e-01 3.0961490138e-02 4.3494399057e-02 2.1944601907e-01 -5.6304979895e-02 -1.4191605378e-01 -5.8994357215e-02 -2.6265402055e-02 1.7467833344e-02 -8.4896784142e-02 -2.7912768567e-02 1.0998964721e-01 -2.5854351784e-02 3.1506265468e-02 2.8927273344e-02 -7.7594005541e-02 -6.8081043337e-02 -4.6500827746e-02 -9.6272868542e-04 9.0068660409e-02 1.5112455103e-01 2.6837448912e-02
-1.1674184033e-01 -5.6193277108e-02 8.1587972375e-02 2.0620646167e-01 4.0278062222e-02 8.1918293868e-02 6.1003289106e-02 -4.6301232422e-02 -7.3173545658e-02 -4.6382014719e-02 8.6957072541e-02 4.7879409078e-03 -8.9492373767e-02 1.2121742067e-01 -1.0246923637e-01 5.6046161329e-02 -5.3549450426e-02 -2.3118243838e-01 -5.6493274505e-02 3.7548547067e-03 4.8005244545e-02 -7.7274404493e-02 -1.5294791504e-03 8.1011715877e-02 4.8456180072e-02 8.6183276812e-02 -3.4987581508e-02 -8.2774589832e-02 1.1368488993e-02 -9.8211403723e-02 -9.3567104334e-02 2.4891747831e-02 2.4685688413e-02 -4.1279451691e-02 -9.1701095547e-02 -1.9684102413e-02 -9.6325196201e-02 8.3934038207e-03 3.4346446187e-02 -4.1124332470e-02 1.7446066284e-02 -8.5814130112e-02 -1.0067784725e-01 -1.0233167596e-02 1.3722456280e-01 5.4852463737e-02 -6.9865406037e-02 -8.3555769934e-02 1.7560497754e-01 1.2443958181e-01 2.2172872585e-01 3.5498090618e-01 -6.3403875518e-02 -6.0513522142e-02 6.0403033430e-02 1.4186925547e-01 -6.5358665135e-02 4.1706454531e-02 8.5617655519e-03 -5.4459045517e-02 -8.9464448055e-03 -1.0003147795e-02 -5.7831579822e-02 -9.9567267035e-02 6.8998956823e-02 1.4254224277e-01 1.7303783046e-01 2.9148313818e-03 3.1383116717e-02
-5.9026596104e-02 -6.6090544598e-02 2.5522792529e-02 6.7944407184e-02 -5.4471625756e-03 2.4021755375e-02 -8.3427173505e-02 -1.2036120538e-02 -3.6465887131e-02 -1.1407538965e-02 6.6950968093e-02 5.1664417411e-02 -6.9319910130e-02 1.0247531553e-01 -7.8810865697e-02 4.3264604040e-02 -5.7229292903e-02 -3.2561192915e-01 5.2777233092e-02 -5.6578828874e-02 3.7188266373e-02 -1.8103539456e-01 2.1396820469e-02 1.6373788411e-02 -1.2512016752e-01 -5.0536450312e-02 -4.9097434652e-02 -2.1904865396e-02 8.3723793914e-02 -8.2871211191e-02 6.9998279895e-03 8.5636988837e-03 3.6747252217e-02 4.5793019787e-02 4.2054543355e-03 -2.7738999687e-02 -1.4081671893e-01 -4.4482492542e-02 -2.2990544639e-02 2.3353894334e-01 3.9186513059e-02 -2.3539398236e-02 4.4678043991e-02 -6.9548190646e-02 3.0004051611e-02 -1.0082191305e-02 2.4232808866e-02 -2.1643990471e-01 2.7698350128e-01 -4.3177241759e-04 -5.6306424159e-02 1.3873129750e-01 -5.3652650921e-02 -1.3084674484e-01 -1.5198555311e-01 6.9640606866e-02 -8.1527407524e-02 -3.7506969200e-03 -2.9561850369e-02 -1.2306555746e-01 -7.6872414348e-02 2.0433434875e-03 -9.8094084266e-03 1.6045929582e-02 -3.2327889862e-02 -7.2579955952e-03 4.2891532673e-02 1.2259007905e-02 -7.6178128596e-03
3.6579152776e-02 -3.9959026575e-02 -2.6372424786e-02 9.1287100014e-02 8.1857842803e-02 -8.4670924816e-02 -9.8328407234e-02 -6.3383456488e-02 4.5088086087e-02 9.2294560278e-02 -2.5772219856e-03 7.8301419343e-02 -1.1504581262e-01 3.6960212876e-02 -7.3287349924e-02 2.1031836315e-02 1.8408473029e-02 -3.3323587909e-01 3.6291900680e-03 -7.1968978344e-02 -1.3888260595e-01 -3.8937736171e-02 6.2168240439e-02 1.0338828680e-01 -9.1922539072e-02 6.0742596503e-03 8.7059900561e-02 -1.6895830709e-01 5.5165350007e-02 -1.1321785508e-01 1.9222265018e-02 -6.5039638064e-02 -8.8878168202e-02 6.4324021828e-02 5.5001740118e-02 5.1053612401e-02 -1.7057496342e-01 8.9575415130e-02 4.6964783530e-02 -9.7553501755e-02 1.7492207190e-02 9.0044906006e-03 4.8936116032e-02 1.5059738881e-01 1.9140576686e-01 -7.3683569527e-02 -2.4539818729e-02 -1.4803178713e-01 2.8445919185e-01 9.7412387301e-02 -9.8278139221e-02 7.6986429415e-02 1.0647045152e-02 4.0073348179e-02 1.0359622813e-02 1.6119955485e-01 -5.2952438228e-02 -1.2920728686e-01 -2.1626615695e-02 -9.0431149630e-02 7.3205199998e-02 9.9110428784e-02 -2.5355262929e-02 7.8848095423e-02 -1.2761567292e-01 1.4334893755e-01 -5.1818858067e-02 4.6242902688e-02 -2.9831207224e-02
1.0311704830e-02 7.0260499659e-02 -5.5981221360e-02 1.1886274300e-01 3.4295684916e-02 -5.5867370292e-02 -3.2719018139e-03 -9.7987005948e-02 3.0221195308e-02 7.6144874158e-02 1.7680481445e-02 5.8481210203e-02 -6.9445485818e-02 -1.0197237170e-02 -6.4152098747e-02 -1.4974312370e-01 5.5126134617e-02 6.6094302392e-02 -2.6315031836e-02 -4.2671632979e-02 -3.7668351733e-02 -1.1929587779e-01 9.5719354739e-02 8.8572880233e-02 -2.1277211291e-02 6.0797696031e-03 5.8871591317e-02 7.5121664617e-03 -1.7355127540e-01 -1.4285288750e-01 4.1412998015e-02 2.8169332241e-02 -5.0456179951e-02 -8.1537249908e-02 3.8143558732e-02 3.7425379898e-02 -1.4459089055e-01 6.4809096150e-02 5.9986496441e-02 -1.4843002643e-01 -1.1634143256e-01 -1.4227869079e-01 1.7408107846e-01 -2.3441331546e-02 6.4913234351e-02 3.6026077226e-02 2.0520419261e-02 6.9253316209e-02 2.5335687641e-01 5.5669196574e-02 -5.4600616956e-03 -1.8098229354e-02 4.5715553147e-02 5.6295284524e-02 9.9577222668e-02 1.2197439794e-01 -4.8989638955e-02 -6.8461941771e-02 -1.1018177172e-01 1.6231168756e-02 1.0500066796e-01 2.4610858778e-03 1.0590554498e-01 1.8201202064e-01 -3.6116734748e-02 1.2214979757e-01 1.2860307448e-02 8.8053645722e-02 -2.1126066431e-02
-3.3451455113e-02 7.4329029979e-02 3.1563863736e-02 1.0663412076e-02 -6.6422608814e-02 -5.7900636448e-02 -4.4531859692e-02 -1.3856767672e-01 1.0189722775e-02 -1.0290103715e-02 2.2845562074e-02 1.3666952708e-02 -5.7506198595e-02 -3.6237434522e-02 -2.3187796341e-02 -1.8671312779e-02 1.3869495097e-01 1.7604391481e-02 9.4931203796e-02 -1.4350691562e-01 -1.1326885707e-01 4.6219932750e-02 7.1480543084e-02 4.6573831105e-02 -1.6311201072e-01 2.5525117367e-02 1.6756217170e-02 -6.8092264554e-02 -7.1378673756e-02 -1.2843068155e-01 1.0100520589e-01 -4.2696294389e-02 -5.5565436545e-02 -8.8654644218e-02 5.6857120209e-02 -3.8834027907e-02 -6.9227314256e-03 -9.3257241436e-02 -4.5061127907e-02 -1.7290678171e-01 -6.4440468599e-02 -1.5334304647e-01 1.5672116838e-01 -6.5755704102e-02 1.5665873849e-01 4.3862310468e-02 5.8362517763e-02 -4.9367806540e-02 6.6504022639e-02 -4.9793686382e-02 -5.0831531018e-02 -2.0033973865e-01 5.3351643667e-02 3.4332888675e-04 1.1163971035e-01 1.1959921505e-01 1.3726691022e-02 -1.9036984060e-01 -1.1753926916e-02 1.6049734797e-02 -2.0011139941e-03 5.2343003709e-02 7.7622282009e-02 4.9951067764e-02 6.5476421318e-02 7.7630088717e-02 4.1303040385e-02 -9.5092492117e-03 2.7743657320e-02
-1.0122898641e-01 1.0015842197e-01 -3.1563428667e-02 -5.1676969006e-02 3.1423771062e-02 1.6070170049e-02 -6.0156641204e-02 -4.5563877696e-02 1.0395211441e-02 7.2853526344e-02 1.1233434925e-01 6.0394723855e-02 1.4750322946e-02 -1.6394909081e-01 6.9652800406e-02 4.9882450967e-02 1.7095705581e-02 2.2218025196e-02 1.2542898332e-01 1.1024436997e-02 -2.9488850176e-02 1.4429177993e-01 6.7466524559e-02 2.5555689699e-02 -1.7644582525e-01 -3.8798515388e-02 2.1010210494e-02 2.0549542895e-01 -2.5624627226e-02 -1.9402695108e-02 6.3440688807e-02 7.7776016523e-02 2.7631391547e-02 -2.8490817277e-03 1.7265596846e-03 2.6120539076e-02 7.4892687372e-02 -8.8245957178e-02 3.3882212046e-02 4.0680627872e-02 -1.3886209088e-02 -2.9465766875e-01 9.2083313969e-02 -1.8495959550e-02 1.8178473781e-01 3.8307936081e-03 -6.2736853498e-02 -2.4216053003e-02 -2.9146709557e-02 -1.2068602810e-01 -2.4051387114e-01 -1.4126702130e-01 -1.6204705474e-02 -3.5564511430e-03 -2.9013643325e-02 1.7008511101e-01 8.6493917451e-03 -4.9548526454e-02 -3.7004873635e-02 -1.4383950613e-01 3.4969345979e-02 6.5961759954e-03 5.4155284438e-02 4.3742408044e-02 -7.0282223516e-02 1.8241378832e-02 3.8622617877e-02 4.2226710817e-02 -5.1991964554e-02
-9.7328389249e-02 1.3622896862e-01 6.3030804795e-03 4.4887787947e-03 1.9907032845e-01 -1.1319880016e-01 1.6367381071e-01 -4.8894692032e-02 -3.6530392104e-02 1.7356302322e-02 -4.2086837447e-02 5.3146119205e-02 3.9970037244e-02 1.5262037120e-02 -4.3647607645e-02 4.6238800176e-03 -1.1422609484e-02 -1.8521494418e-02 7.8358573572e-02 -5.4518960616e-02 -4.5451772681e-02 -6.3264358712e-02 5.9147594959e-02 -1.2161468342e-02 -1.3922706146e-01 2.2266662864e-02 4.6473853332e-02 8.1621546208e-02 9.6864781509e-02 -5.0423867608e-02 -4.3019864049e-02 6.3239871869e-02 -3.7697872803e-03 -1.5693103641e-01 -8.3209462844e-02 4.6000348095e-02 5.1195109536e-02 6.3865942673e-03 -1.8355158947e-01 -8.5384454670e-02 -4.3669688890e-03 -1.7583059100e-01 1.9697512083e-02 -1.5758254091e-01 3.5218876540e-01 -6.8980768188e-02 -1.4353132897e-02 -2.9878330555e-01 1.3895921929e-02 1.1766250642e-01 -2.1549294427e-01 -7.2175906485e-02 2.1641970780e-02 -8.2363367195e-02 6.0411186559e-02 -1.4050738149e-02 -1.1717549511e-02 -5.3057372756e-03 1.1856046486e-01 -8.3450794363e-02 3.2759672120e-03 -7.9607796228e-02 -1.6387608547e-02 5.0339677796e-02 -7.5032047074e-02 -1.4318556017e-01 8.7328356285e-03 4.7376892630e-02 1.0940707144e-01
-2.2977927801e-02 -1.5356651603e-03 -2.1052909754e-02 -9.5219513210e-02 4.4773506031e-02 -2.1608892956e-03 2.1532332355e-01 9.8216683692e-02 -1.8402790280e-01 -9.8043670552e-02 -6.9920566081e-02 8.2441786707e-02 -4.9211856963e-02 -3.1877115783e-02 -2.1723277466e-02 1.5548514277e-01 1.2611389894e-01 -4.8799969523e-02 -2.2162877853e-02 -2.4466819149e-01 -2.3149104463e-01 -1.1997994119e-01 -4.4632512863e-02 -5.8503589705e-02 -2.7526576189e-02 5.4719750157e-02 -6.9059814763e-02 -1.4231137438e-01 -4.2542535089e-02 1.7969875780e-02 -1.5968968128e-01 -2.2525377599e-01 3.7680933881e-03 -2.2322529559e-02 1.4906350195e-01 -7.5029186837e-02 1.9391442383e-01 3.6025888386e-02 5.0308825659e-02 -2.1827696656e-01 -1.4769566474e-03 2.4675416192e-01 -1.3923818981e-01 -1.5912286298e-01 1.1925119681e-01 -1.8344373693e-01 -1.8211501333e-03 2.5540198289e-02 2.7458902041e-02 1.1671166126e-01 -4.7383602568e-02 7.7365311360e-02 -2.6016058753e-01 -1.4825235104e-01 -1.5237678451e-01 -1.0616554709e-01 3.5758393174e-02 7.6680157305e-02 5.0332843633e-03 4.8931501065e-03 1.2199459170e-01 8.7209166075e-02 -8.3781447418e-02 -5.8634889533e-02 -8.1264026777e-02 -1.4136901363e-01 -2.5061943527e-02 -1.5954894385e-02 4.2808517190e-03
-4.7786188792e-02 2.5573326907e-01 1.4688964428e-01 3.6927925546e-01 1.6156335394e-01 -3.9110344864e-02 1.3925605598e-02 -3.5313508127e-02 -6.3538167914e-02 -4.3301549228e-02 2.1679101345e-01 3.6257291975e-01 -4.0844223434e-01 8.0253088926e-02 2.6680298516e-01 2.1874465167e-02 -1.9521238194e-01 -1.0377806740e-01 -2.1550272742e-01 2.6193173341e-02 3.4882471942e-01 2.6127862039e-01 -1.6833985011e-01 2.6856726442e-01 9.6739199137e-02 -1.5293988270e-01 5.4131363280e-03 -7.7441799955e-02 -1.4206828970e-02 2.0766141816e-01 1.7665377719e-01 -2.3400242105e-02 2.0314429526e-01 1.5781172160e-01 1.5043616074e-01 1.4471681779e-02 -2.9139869656e-01 -4.1373193857e-01 -2.4724714958e-02 8.3454405885e-02 -5.2950450530e-02 2.2020373506e-01 3.7651625039e-01 3.3092712074e-01 -2.6726992691e-01 3.6171567785e-02 1.5366450802e-01 -4.8218054224e-02 1.0913851457e-01 1.5651201079e-01 4.5119827728e-01 1.7996137062e-01 -1.1374843233e-01 -9.6443150677e-03 1.9868680509e-02 -1.9079057061e-01 9.3351730265e-02 6.3208802426e-03 -5.2323238521e-02 5.3174644661e-02 1.0217632598e-01 -5.1241449405e-02 -3.0318270619e-02 1.0980100763e-01 1.5000887719e-01 -1.3269230822e-01 7.5164781372e-02 -2.8563724244e-01 1.3121381781e-01
-4.2324780330e-01 -4.0300009983e-01 2.4272886014e-01 5.2769503767e-02 4.2399518375e-01 4.1723092640e-01 -2.6545651714e-01 4.2211810163e-01 -1.3851932073e-01 -4.0031728973e-01 4.2568749656e-01 2.6069488914e-01 -4.2039524855e-01 -4.3975793645e-01 3.6385802279e-02 -2.8622937363e-01 -4.0317298424e-01 1.6716294875e-01 2.1433104479e-01 9.6993866779e-02 3.4350233135e-01 3.5062353334e-01 1.6348300431e-01 -4.3832534495e-02 2.8494671453e-01 -3.6602766946e-01 -2.8873010301e-01 -3.4591205228e-02 -4.0246043919e-01 -3.6147557563e-01 -4.1253695681e-01 3.7990863191e-01 -3.1471705220e-01 2.2590933880e-01 3.8997465528e-01 3.6607129847e-01 -3.5213595395e-01 -4.1526256823e-01 -4.1006910333e-01 3.8729459129e-01 -4.1406910023e-01 -4.0112314499e-01 1.8632446366e-02 4.2653409927e-01 4.3647331230e-01 -1.4412026578e-01 -4.3412845712e-01 2.3747064807e-01 -2.3112235997e-01 -3.7502871196e-01 3.8977125945e-01 3.9990130107e-01 -3.7786340143e-01 3.6096321654e-01 -4.4910092510e-02 -2.0454624925e-01 -3.5815744468e-01 -2.2342825226e-01 -1.2791144187e-01 -3.8455916226e-01 1.1562967618e-01 4.1324424328e-01 4.0755628696e-01 -4.2145349672e-01 -2.3128475268e-01 -1.5104930795e-01 -3.9371361942e-01 1.3664645941e-01 -1.3479028796e-01
5.4037921048e-05 2.2674934860e-04 -2.3310190300e-05 1.1710034129e-04 -1.5146058170e-05 3.8061254167e-05 1.2636498325e-05 -6.4042006475e-05 1.9026018675e-04 1.0084483790e-04 4.3771496561e-05 -1.6119405209e-04 3.6375013061e-05 -4.3475916129e-05 -2.0916413261e-04 -2.2096851443e-06 -7.5464181125e-05 -6.8578170725e-05 5.3809246977e-08 9.8989077650e-06 1.0107265053e-04 2.2373565085e-04 -1.4752179236e-04 1.4195411019e-04 -5.0833080041e-05 5.2095197018e-05 1.2183069724e-04 9.0310288804e-05 5.7362915636e-05 5.5341706989e-05 -4.7990781597e-05 1.0510965231e-04 -9.5692018455e-05 -1.3119455320e-04 -1.2188101485e-04 -1.1506684020e-04 -1.3846395353e-04 1.3992264690e-04 -1.0365970965e-04 1.5111821181e-04 -1.0418117360e-04 -4.3240282869e-05 4.1413402433e-05 -7.0786791191e-05 -1.4975713586e-04 2.7693068257e-05 4.0664584743e-05 1.5552134383e-04 -2.1056200635e-05 1.5908173429e-04 5.6826439382e-05 2.1312519204e-04 -1.1217271805e-04 -9.2336733208e-05 -5.8485531599e-05 1.0332753456e-04 6.7809825744e-05 3.2460293082e-05 -8.0725117559e-05 -1.0190770675e-04 -1.0487572377e-05 -4.5443881110e-05 1.3991754096e-04 8.0485032186e-05 3.9140806347e-05 -8.0533715147e-05 -4.1254354192e-06 -7.6441196468e-05 -7.0531618308e-05
-5.0815830779e-05 8.2961969180e-06 1.9167124231e-04 1.2558957085e-04 2.8569202579e-05 1.0551001178e-04 7.6537028617e-05 2.5896788991e-04 4.2268986874e-05 -1.8917056652e-04 5.5225026452e-05 -6.5811313752e-06 5.1901216231e-05 -3.8171464294e-05 5.7631092104e-05 -2.0232408347e-04 1.9649793980e-05 8.0996279114e-05 -9.7327920217e-05 1.9033896406e-05 -9.6018796840e-05 -1.2876933121e-05 -2.9150067229e-05 9.3108797945e-05 -5.2548558045e-05 -7.8097381864e-05 -1.6715864212e-04 -3.7906287287e-05 -1.2868035680e-04 -3.2237385995e-05 -2.9939155731e-05 -8.0730344838e-05 1.6548499078e-05 -9.3932434060e-05 9.9139752384e-05 3.2226782332e-05 3.5278678685e-05 -2.8403428453e-05 1.9753218580e-05 1.4105000201e-04 -1.4803452956e-04 1.7861354438e-04 -6.5451389840e-05 -1.6786263182e-04 7.6708415333e-05 -4.0796314377e-05 -2.5759541177e-05 -2.6590466982e-05 -5.1940338689e-05 3.9295294877e-05 -5.2481997724e-05 1.3862089984e-04 8.3534884289e-05 -5.3095937743e-05 8.7555710419e-06 -1.1124191688e-04 1.9615817094e-05 1.3621504966e-04 -6.7783427675e-05 -4.7081513440e-05 8.0930068469e-05 1.9144960921e-05 4.6295505575e-05 -6.4172408686e-05 1.1947965468e-04 -7.9592567432e-05 1.1663895476e-04 -2.8713728809e-05 1.1587615545e-04
-6.7355522673e-05 -1.6563699524e-05 -2.8542011860e-05 4.0764472804e-05 1.1069511219e-05 1.4180565049e-04 1.9123892153e-04 -2.5827253672e-04 -2.0808015240e-04 -1.0715235854e-04 -1.0482648694e-04 7.4876226743e-05 4.4884298880e-05 -1.0519102347e-04 1.0643049009e-04 8.6635696272e-06 4.9112768325e-06 -3.2099119409e-05 3.3495961624e-05 3.7117962694e-05 1.0494235385e-04 1.1089485517e-04 1.9468941489e-04 4.1143795462e-05 9.3718351306e-05 1.0411471570e-04 4.6162115686e-05 -7.3890972383e-05 3.8326462909e-05 -1.2099299003e-04 1.0155925087e-04 8.8213313899e-05 -9.2644416322e-07 4.0740878852e-05 6.1858549602e-05 -5.4990280824e-05 1.2285174883e-04 -9.8042991636e-06 -1.0117573435e-04 -8.1068413094e-05 7.7829650523e-05 -5.3513373394e-05 -4.3710409655e-05 7.7928271122e-05 -7.8521879778e-05 5.9836536586e-05 -2.8385110707e-05 1.2130783824e-04 2.0001947625e-04 -2.0242994497e-05 1.0967040389e-04 7.8318031850e-05 6.3778266521e-05 7.0629870145e-05 7.0196018856e-05 1.1021129064e-04 1.2391844370e-04 1.0824763071e-04 1.4824738326e-04 -9.8786919887e-05 1.6361426216e-04 1.5507674225e-05 4.4776219764e-05 1.2056573927e-04 1.1189966243e-04 2.8299214309e-05 -1.4199937478e-04 -4.0715808650e-05 -1.5974335180e-05
1.7194694793e-04 1.3194113984e-05 1.3656798304e-04 -9.5332426123e-05 -3.9196449088e-05 -3.1165133822e-05 -2.3389569636e-06 -5.7169158533e-05 1.7736600749e-05 -9.6894093384e-05 -1.1269404360e-04 1.7624226292e-04 -4.3776152605e-05 5.8227175095e-06 -2.7785015364e-05 -4.9334164904e-05 1.8429752370e-04 -1.3207807819e-04 -1.2527733618e-05 -2.1240805488e-04 1.3518899091e-05 1.8671557925e-04 -1.0519941671e-04 -7.9135615941e-06 1.2768392702e-04 1.7938127732e-04 3.0650861144e-05 1.4241326266e-04 6.3358599660e-05 9.8271747663e-05 -1.5409038733e-05 1.9797218441e-06 -1.7025254652e-04 8.9674898378e-05 1.4325977283e-05 8.8883184628e-05 -7.8083662641e-06 1.0188322403e-04 -1.5755131056e-04 -1.7098376069e-04 -7.3288996412e-05 1.5614945459e-04 -1.5419464979e-04 9.5475553142e-05 5.8954644609e-05 -4.0587101644e-05 -1.5780435364e-05 -1.4859973420e-04 1.9140065107e-05 -8.3050367263e-05 1.1012765227e-04 -5.7756446564e-05 4.8656896477e-05 1.9119991357e-05 1.7417731190e-04 -9.0862873085e-05 4.7347214688e-05 -7.9680953542e-05 1.4224942966e-04 -2.2828155337e-05 3.6097205976e-05 -4.6679966741e-05 8.2541174638e-05 -1.2767990096e-05 -1.1243829715e-04 -1.6547615225e-04 -5.2770773244e-05 5.6326006887e-05 -2.6067983150e-05
2.3096606664e-04 -6.0710923959e-05 -6.0810708651e-05 8.4141696346e-05 1.4703256027e-05 -1.3661688509e-05 -7.4722565904e-05 -5.3582563844e-05 -4.9072165361e-05 -4.6473675748e-05 -4.5257629868e-05 -8.4889037511e-05 6.7633522840e-05 -3.5511555253e-05 -4.7169096260e-05 2.2665766696e-04 1.4874253660e-04 -3.0706737482e-06 -5.8079852423e-05 -6.0219567644e-05 -1.6821908557e-05 3.6345595695e-06 1.7511854976e-04 6.4890842112e-05 -4.2801821573e-05 1.6750087537e-04 -1.5199836144e-05 -1.3252180607e-04 -8.0860900317e-05 -4.1462307634e-05 8.0423034452e-05 -1.4693056095e-04 -2.8371213561e-05 3.6216184613e-05 1.2558564661e-04 3.7430471601e-05 9.5840308221e-05 -2.1382616641e-05 -7.2273787824e-05 -1.3052953402e-04 1.0082076199e-04 -2.7243304236e-04 -2.0978084854e-04 -4.3403885862e-05 -2.6361885219e-05 -1.2947285747e-04 4.2206803655e-05 -6.2250207278e-05 -2.8823087965e-05 -1.0700264146e-05 1.0171440922e-04 2.3597833485e-07 -7.9566470037e-05 -1.2081833044e-04 7.0680745030e-05 6.1538469166e-05 1.0221262460e-04 7.8499909028e-05 -1.8016199302e-04 -1.0942408324e-04 -5.2033437050e-05 -7.5546842991e-05 4.9957335071e-05 4.2197118378e-05 7.8264228036e-05 4.6400888096e-05 4.2741243822e-05 -1.0724962470e-04 -1.0943415114e-04
-2.3862621010e-01 -2.6892850635e-01 -1.1587587030e-01 -2.9427478764e-01 2.7273956321e-01 -1.1919115968e-01 -3.8020307852e-02 1.1416551309e-01 -2.0814803877e-01 -3.8043481403e-02 -2.6907044465e-01 1.1940912842e-01 1.3782413950e-01 -3.6851580430e-01 4.7976802226e-02 -6.4165794489e-02 3.4674179467e-02 -2.1160992560e-01 1.6132670784e-01 -1.9486918962e-01 1.7019412031e-01 3.4049142407e-01 -1.3611405025e-01 7.9700017662e-02 1.1882565365e-02 1.7552395238e-01 -1.3099469926e-01 -3.6118291327e-01 -1.6582781704e-01 1.5022330527e-01 2.1054184163e-01 4.8580352417e-01 3.1990055521e-01 2.1927629347e-01 -2.3447946813e-01 -5.4079214945e-03 3.0021619164e-02 -1.2916681416e-01 4.5295353415e-02 2.7863274553e-02 5.3901767365e-01 3.3898391519e-01 1.4273220156e-01 -1.2082787858e-01 7.9689492371e-02 -3.2105487900e-01 3.7808515113e-01 -1.8998893627e-02 -2.5585404973e-01 -1.3717683266e-01 -8.1807557058e-02 -3.4259096878e-02 -3.5228423177e-01 4.2715456203e-01 -1.0374382645e-01 3.1724372291e-01 -2.5044800406e-02 -3.2443761221e-01 2.3109594106e-01 2.1851901835e-01 3.3963051104e-01 1.8584012890e-01 -1.4391854601e-01 1.4438979496e-01 3.7115971406e-01 4.1106390398e-02 1.2425407447e-01 -1.7883209702e-02 -5.2361871441e-02
-1.5588572986e-01 -1.8861921712e-01 -7.8482333986e-04 9.7970691817e-02 -9.9107590990e-02 1.7352506640e-01 2.5574639548e-01 -3.2529435023e-01 -3.7095507257e-01 -5.4096276913e-02 5.1238096362e-01 -5.3471803861e-01 3.9561457586e-01 6.3727498234e-02 1.3214424105e-02 2.1831635915e-01 1.3450322569e-01 -2.3945450379e-01 -3.5845695157e-01 1.5598228884e-01 2.6775831741e-01 2.5279388540e-01 -2.6747582077e-01 -3.2353440940e-01 -2.2019215766e-01 -1.7741279523e-01 -1.5306420095e-01 -8.4304694712e-02 4.0991472711e-01 -1.3246925792e-01 1.2623834347e-01 -6.6181287418e-02 -1.3135641204e-01 9.4152135074e-02 1.6324027722e-01 2.1088664577e-01 5.6194963113e-01 1.1676585571e-01 1.1840144266e-01 4.2540785233e-01 -9.3992448986e-02 -2.9692928619e-01 1.1633118725e-01 2.7757500179e-01 1.8737529740e-01 -1.2143399207e-01 1.1066640528e-01 -1.7665925672e-01 2.1389311870e-01 2.7481035253e-01 1.8455564173e-02 3.6250735446e-01 -6.4592797309e-02 -1.4877333808e-01 3.4188129647e-02 -2.1550932563e-01 3.6398748303e-02 1.6856945923e-01 -2.7332477894e-01 1.3311844586e-01 -5.3192734296e-01 -5.5404758780e-01 1.8069352048e-01 -1.9842802579e-01 -3.3637764287e-01 -2.8240882788e-01 -4.3149014200e-01 3.2264112700e-01 6.8047035797e-02
3.4676361006e-01 2.9398588486e-02 3.5463099701e-01 4.2006586202e-01 3.3174962277e-02 -6.2894716256e-02 -1.0984132652e-01 4.9598318480e-02 9.2852969689e-02 -4.7066525760e-02 5.5431039080e-02 9.2811230257e-02 -3.6840466373e-02 -7.0850003602e-02 -5.8084497819e-02 -6.5745053664e-03 6.0873376410e-02 1.6813500089e-01 -1.3684304500e-01 -1.2922130659e-01 -1.2793209882e-01 -3.2674702210e-02 6.6786779792e-02 2.7651853338e-01 -5.6320675782e-02 3.3823176746e-01 -5.8083325452e-02 -1.4083854033e-01 2.2180711904e-01 2.2110621616e-02 -3.4943515398e-02 6.9573586929e-02 1.0592697074e-01 1.6897772854e-01 -5.8467008578e-02 -1.8056411931e-01 -2.4527604508e-01 8.1199390347e-02 -8.7067102215e-02 -5.3200657103e-02 1.1642557802e-01 4.3738922654e-02 3.8002847121e-02 2.3898385124e-02 2.7142265665e-02 -1.2574675803e-01 -7.5045302091e-02 -4.5900733806e-02 -1.4994829731e-01 -1.6699355573e-01 -1.7351098468e-01 -1.0880500589e-02 -6.3007449423e-02 -1.8982077887e-01 9.1709341201e-02 -1.4328061641e-01 4.7614495015e-02 -2.1498921764e-02 9.5326573031e-02 -3.9357413303e-03 -2.1444063059e-03 -4.4794466074e-03 1.9027912931e-03 9.8076051104e-03 1.1991091586e-01 4.0402218712e-02 -1.3524072618e-01 1.3810305920e-01 8.0028743532e-02
-3.3746780374e-02 -5.3223102949e-02 -7.1858973398e-02 2.3759792004e-03 -9.8060936002e-03 -4.1931005669e-02 3.7012813080e-02 1.3923343394e-01 -8.0468782594e-02 -1.2863166479e-02 8.0703202425e-03 5.9811788428e-02 -6.4009743530e-02 -1.1456030711e-01 -1.2754142531e-01 -3.4313745818e-02 6.3120046395e-02 1.3470906545e-01 -8.6605186315e-02 1.9839164109e-02 2.8827948041e-03 4.6373123073e-02 -3.8987879603e-02 9.6021818147e-03 -1.7992874319e-01 1.3543258656e-01 -1.6558355713e-01 -2.8296430083e-01 2.1697914665e-01 7.9082693223e-02 -8.6481637851e-02 1.0524408251e-01 6.4085863189e-03 3.9198633992e-02 -4.5657081361e-02 1.6011721623e-01 -1.9189470785e-01 8.8517728448e-02 -4.5922165086e-02 1.2781618222e-02 6.5451265993e-02 -8.5477832034e-02 -1.2689122986e-02 2.4597277335e-02 -8.8327815613e-02 3.8411269175e-02 -7.2475617285e-02 2.1462043297e-03 3.8239844740e-02 -1.8493105059e-01 -1.3066835206e-03 -1.1201199686e-01 -2.9250178409e-02 -6.2072592850e-02 8.3720797227e-02 -2.1582505410e-01 -1.5643916363e-01 -3.7710555156e-02 -2.1417295408e-01 1.5993927942e-01 5.7909289882e-02 5.8058157739e-02 -1.6483078454e-02 -8.0439880320e-03 -9.9205821956e-02 -1.8385062601e-02 2.9790134484e-02 -1.5583515633e-02 -8.3082288588e-02
-2.7180101670e-02 -1.5353102261e-02 -5.1539714144e-02 -1.9022525204e-02 1.1206115386e-01 -6.2383227548e-02 1.0861275126e-02 -5.6989286124e-02 4.0037289846e-02 -6.5636587022e-04 -1.0862199344e-01 -1.3991463816e-01 4.9072285731e-04 3.6686490115e-02 -6.8613100024e-02 -1.1817950778e-01 1.3363843403e-01 -2.7583267107e-01 -2.5188001433e-02 -5.3222178946e-02 -8.4103154492e-02 9.3389141352e-02 2.6603180748e-02 2.1936431620e-01 -7.9204399690e-02 -2.5268930963e-03 -3.7994424464e-02 -2.3700783902e-01 8.5661448375e-02 9.0802236250e-03 1.0965397022e-01 -5.9847386722e-02 -4.6818418201e-02 3.1086520279e-03 2.4231367141e-01 3.1078800905e-02 -3.6261233035e-02 1.0639148039e-01 7.7991763358e-02 1.6313479446e-02 -5.3558980851e-02 1.5378138458e-01 6.7206764482e-02 -4.2260206868e-02 4.1884850716e-02 1.0587712571e-01 -4.1568447831e-02 -1.1778576928e-01 7.1165769126e-02 -1.1118141390e-02 4.9218085954e-02 -1.1453214420e-01 -4.1980747198e-03 -4.3160397968e-02 -1.6327391510e-02 -3.6861632368e-01 -8.7529402880e-03 4.2670144970e-02 -7.8620796569e-02 7.9860195982e-03 -8.4625991134e-02 -6.1657734532e-02 -2.7627068590e-02 -1.9205390789e-01 -1.6200703011e-02 -1.2907890373e-01 3.5036521471e-02 -9.3621562967e-02 3.3909083736e-02
-2.4422771621e-02 -9.4855517886e-02 -3.4518379556e-03 1.2563162705e-01 -4.5320009676e-03 6.4160410125e-02 3.6002791562e-02 -6.0030966189e-02 3.5219831607e-02 -8.0224760328e-02 -2.6726203459e-02 -7.4367527708e-02 -1.0401981304e-01 -1.8192774140e-02 -6.7154804002e-02 -1.1196091167e-01 -5.3864871976e-02 6.1992888190e-01 -2.3035802275e-02 6.1037683101e-02 -1.1654316648e-01 -1.0002568642e-02 -6.2628373774e-02 -1.9838309615e-02 -4.0723335808e-02 2.1655830365e-02 -6.6043454564e-02 -7.7321536337e-02 -6.4356892405e-04 2.6209403912e-02 -1.8755641632e-02 -8.4284076341e-02 -8.3173597877e-02 1.0385505990e-02 -3.8434124394e-02 5.9001727402e-02 4.9155439534e-02 1.3056322073e-01 -2.7071212781e-02 4.4176915597e-02 8.6590835465e-02 8.4525212033e-02 -1.2458995628e-02 2.3535076802e-03 1.4487338388e-01 9.3943635838e-02 -1.8334749348e-01 1.3649733967e-02 9.0474969605e-02 -1.3476428699e-02 1.1720012789e-01 -3.2652776738e-02 -6.7627889554e-02 -3.9299681837e-02 9.8143732596e-02 -2.3401480216e-01 -6.4330132676e-02 4.9193424800e-02 -4.1191162597e-03 -1.8300824814e-02 4.8918815424e-02 -2.2872017797e-02 -1.7979612607e-02 -8.6932837481e-02 -1.9502221110e-02 1.0348065731e-01 3.8879194783e-02 3.1333946312e-02 4.8104108326e-02
2.2671855155e-02 -6.4773490481e-02 -3.8902185981e-02 1.4804044117e-01 -1.2109870305e-01 3.0017437134e-02 2.7809757831e-02 -1.0624994177e-02 -4.9990169669e-02 -1.3872867469e-01 2.6459637276e-02 -7.7080240746e-03 -1.0438590298e-03 -1.3688135971e-02 2.0999570396e-02 -6.4935734380e-02 -9.0791375849e-02 2.5770014466e-01 -2.7710571874e-02 -5.9236720997e-02 -9.6872668783e-02 7.6432736344e-03 2.6406464238e-03 -5.4990985630e-03 8.5742036025e-02 -3.1132777824e-02 -9.6832921206e-02 2.7843845346e-02 1.7755139174e-01 -1.9048092663e-02 -2.3854259792e-02 -8.6199019056e-02 -2.2911419302e-02 7.9107127951e-02 2.1107903398e-01 7.4040240344e-02 1.3092182569e-02 -4.2520536728e-02 9.5516916527e-02 1.7420825844e-02 -4.4663930386e-02 9.2142411389e-02 -7.8558883783e-02 -7.6665373358e-02 -4.9852645507e-02 4.6878234460e-02 -1.1813833939e-01 2.3359729780e-03 3.8999885587e-02 5.2831598476e-02 -9.9499057124e-03 5.3461294555e-02 -2.1816952695e-02 -5.5462098378e-02 1.2636377012e-02 -1.5653495115e-01 3.9394392539e-02 -8.9449961221e-03 -7.8503240327e-02 3.6987235458e-02 -4.9083967031e-02 1.1033105240e-01 4.5520969748e-03 1.0554098804e-02 8.4571746746e-02 9.6699804370e-02 6.2214617365e-02 8.7382454775e-03 -5.3956012634e-03
4.0517950740e-03 6.1464479998e-02 -1.9659414609e-03 6.5505604253e-02 5.9236871461e-02 5.7883175331e-02 9.8880602780e-02 -6.1334443342e-02 3.3332639603e-03 3.0259203661e-02 -2.5815209777e-02 -1.3410189007e-02 8.3293054085e-04 4.5558002450e-02 5.3760913935e-02 2.2057586966e-03 -1.0421297115e-01 -3.4173000493e-02 -3.5374022217e-02 -1.5861217454e-03 -4.2677155193e-02 1.6538407677e-01 5.6223268772e-02 -9.5137246010e-02 -1.7779744188e-02 3.9222927951e-02 -8.8481541710e-02 1.4940209762e-01 -8.1340861541e-02 -1.3184010029e-02 6.3498987761e-03 5.6991103131e-02 4.1530897776e-02 -7.1029574342e-03 1.7286124351e-01 1.4332639426e-02 4.2684722920e-02 -3.1007869140e-02 4.5528250057e-02 8.6751154537e-02 5.4780311195e-02 1.3374917889e-01 5.9303190626e-02 -5.6013324444e-02 7.5934417227e-02 5.8951450172e-02 -1.0705147619e-01 -4.4208141010e-02 -5.5660714195e-02 1.4327626604e-03 -1.7774937993e-01 2.0019130581e-01 7.4623496694e-02 -2.7041139246e-02 -7.5537016080e-02 1.1170054441e-02 1.1018392636e-01 -1.0534023503e-02 5.4649887037e-02 -1.4927372822e-02 -5.2287098534e-02 8.0009925635e-02 4.9596134211e-02 -8.9346966656e-03 -5.5258488674e-03 1.1244055660e-01 -3.1133880074e-03 -3.0759868524e-03 8.6315753666e-03
1.2733831442e-02 2.2501499702e-02 -4.4543562779e-02 5.3756121244e-02 -3.3475223915e-03 4.0415188791e-02 1.0066836227e-01 5.7971033055e-02 -4.2304333096e-02 5.8727509163e-02 2.1474504525e-02 -8.6879225811e-03 1.6949252127e-02 -9.7202268342e-03 6.9230428302e-03 2.5265253167e-02 -9.7138003690e-02 -1.0078644483e-01 6.7483899517e-02 -4.2389659312e-03 3.9357033146e-02 1.1124864341e-01 -1.0292163995e-02 -7.8636882619e-02 -1.0187760110e-01 -1.0299035429e-03 -3.3374157249e-02 3.1882273459e-02 4.5887533366e-02 -3.6511097989e-02 1.8241663691e-04 3.7145951311e-02 6.6062994454e-03 -1.8916546590e-02 4.1569008501e-02 -7.4050848570e-02 7.5870456599e-02 4.6014585188e-02 -1.4205678384e-02 5.3574953439e-02 1.7090087126e-03 5.4365699497e-02 -5.0073276760e-02 -5.7772211119e-02 -2.7737933722e-02 4.4858588937e-02 -1.1416184700e-01 -6.1140802761e-02 -6.4826595200e-02 2.5476300081e-02 -1.9637208692e-01 1.6371298244e-01 1.4337249256e-02 -8.3162791874e-02 -4.0124075112e-02 7.9904149695e-02 -3.8225903113e-02 -3.3952606640e-02 2.6702048643e-03 -1.1974239031e-02 -8.1392248316e-02 -6.4254192118e-03 -1.0690747523e-02 2.4500663982e-02 2.5298705382e-02 2.1742073926e-02 -4.0968225156e-02 2.8533248388e-02 3.2534747021e-02
4.3429842283e-02 2.3183685332e-02 2.5629163548e-02 -1.3611846070e-02 7.5820393277e-02 5.4890135516e-02 -1.3077230886e-02 3.0203852381e-02 3.2516799235e-02 8.5981154419e-02 -8.2535818026e-02 -9.1426803716e-03 -5.3142747716e-02 -1.0069366881e-02 -6.2633712982e-02 2.1047623181e-02 1.8917007252e-03 3.3933249905e-02 6.8633056623e-03 -6.6959569537e-02 1.9356013075e-04 1.7839181873e-01 -2.1799726556e-02 -2.9812022402e-03 -1.7227229530e-01 3.3482546822e-02 -2.2978837308e-02 -2.2651239121e-02 -2.2030574032e-02 -4.8412030713e-03 3.8825277241e-02 5.2637595579e-02 2.9169587540e-02 -3.5793146235e-02 -1.2096991393e-01 -1.8493945375e-02 6.8475333126e-02 2.2425637048e-02 -1.4285092572e-02 6.6722211083e-02 -4.2458907728e-02 9.6847392605e-02 3.5358107450e-02 -3.6603851225e-02 1.2032383831e-02 6.8618000609e-02 -7.3791932699e-02 3.0423883522e-02 -1.1583247247e-01 -5.8955607884e-02 -2.0717442478e-01 8.0715976864e-02 2.1752315124e-02 -2.2002396206e-02 -1.5207996132e-02 -2.5230424879e-02 2.8540501521e-02 -3.6162820412e-02 6.1113906960e-03 -1.0867846454e-02 -1.9218093534e-02 -2.5394775362e-02 -1.7594647310e-03 -8.4119401644e-04 1.1716440176e-01 9.2461900505e-03 2.8127633336e-03 1.6901196300e-02 -4.3286512567e-03
3.4285429174e-02 7.2810330734e-02 2.6268516614e-03 -8.1371880907e-02 3.0527272881e-02 5.8227643379e-02 -7.0851492103e-02 -3.4334020937e-02 8.8645070126e-02 7.0011588888e-02 -2.9956967213e-02 -5.4683138880e-03 1.1882583359e-01 1.7525163161e-02 -1.1785633397e-02 1.4879298303e-02 7.6522456560e-02 -4.0244458395e-02 4.0855609893e-02 -8.0448603053e-02 -9.1271476856e-02 2.4000909023e-01 -4.2902338187e-02 -1.1681660574e-02 -7.4429007879e-02 7.3854491644e-02 8.0552120290e-02 -7.2678717214e-02 -3.8628923571e-02 1.0380972925e-02 4.6267901756e-02 -2.7687196395e-02 5.0317837542e-03 -9.0167297852e-02 -1.2781640783e-01 3.1668663817e-02 1.6807096215e-01 4.3606561953e-02 -7.9690359962e-02 -3.8060850727e-03 -6.7462653557e-02 -7.7192079791e-02 9.8175306194e-02 -1.6663340044e-03 4.3471178173e-02 1.0182740918e-01 2.9736543125e-02 -3.5866367895e-02 -8.2291639746e-02 -2.6194395439e-02 -1.3337596447e-01 6.0595757236e-02 1.9138441858e-02 -2.2339365653e-02 5.5274564558e-02 -4.1447672881e-02 3.6136538141e-02 -3.9261791317e-02 -3.0448395569e-02 -8.9852798413e-03 1.4277735891e-02 2.3430760309e-02 -4.2290893260e-03 1.8501952327e-02 1.1362869859e-01 8.2336948004e-02 4.6698775435e-02 2.8993125384e-02 -7.4271524476e-02
-6.6968733960e-03 8.0745231462e-02 7.5237370388e-03 -7.8123234895e-02 6.7070966544e-02 7.7445436627e-02 -7.2481747022e-02 -6.5172002604e-02 1.1457931002e-01 9.1756860160e-02 -1.3703748982e-02 -2.8036125911e-02 1.0712102306e-01 -6.0036969287e-03 -1.0764680271e-02 -3.6712865903e-02 3.9455327998e-02 -1.9481121397e-01 2.5772674073e-02 -1.3771365282e-02 -1.6387163502e-01 2.2899557918e-01 -3.1698150021e-02 4.8054148614e-02 4.6442373227e-02 1.2614727888e-01 1.0140913734e-01 -7.7760096760e-03 -8.6755737606e-02 3.9737834158e-02 1.1911074865e-02 4.2923590407e-02 -2.0082932893e-02 -5.2113757325e-02 -1.1262682544e-01 8.8968584862e-02 1.0286518833e-01 -1.8370157549e-02 -4.3674252706e-02 -1.0906420637e-01 -2.3265951302e-02 -1.0810608607e-01 5.1480881702e-02 3.5737936130e-02 6.0563059223e-02 1.0233144046e-01 5.4879078607e-02 1.0864206320e-01 2.7758419386e-02 1.5253717154e-02 7.6878212505e-02 8.6575924248e-02 2.7602797395e-02 5.8417603175e-02 4.0536408289e-02 2.2946658155e-02 3.3147710408e-02 -3.5638930625e-02 -2.0342171590e-03 2.4982036966e-02 9.1688443818e-02 -1.5792361590e-02 1.5451517886e-02 -9.0916156037e-03 1.0583905009e-01 8.1591727470e-02 9.7231983367e-03 -6.5428159779e-02 -2.9615317865e-02
-4.7928875581e-02 -4.0693545957e-02 7.9600654209e-03 -8.0222662465e-02 1.3967153861e-02 6.8822181316e-02 4.0356546617e-02 3.4746389965e-05 1.2407918524e-01 5.0662230310e-02 -2.2065509182e-02 -2.9368789631e-02 1.1541739215e-01 1.0968700234e-01 -2.2267707446e-02 -1.8089521096e-02 -2.9442993192e-02 -1.7456322216e-01 -2.7220707819e-02 -1.4405486210e-02 -5.6507803268e-02 2.6763966872e-01 -6.0372106862e-02 5.4158225546e-02 -4.9931458067e-02 8.4240339121e-02 6.3739000093e-02 -2.9656235020e-02 3.8502523456e-02 3.1276762894e-02 -1.5465750760e-02 -1.0621632304e-02 7.4779772320e-03 -8.7957824562e-03 -2.3022922328e-02 2.2325303744e-02 3.2806704328e-02 2.1651030458e-02 -9.6068674671e-03 -1.2637939312e-01 -3.0481108806e-02 -1.6223261021e-02 -5.5742417962e-02 3.7140649949e-02 7.6628954284e-02 9.9964775545e-02 5.0245088576e-02 7.9592093461e-02 6.2193683600e-02 6.2462755470e-02 2.5331357417e-01 1.9029995844e-01 -4.6325287906e-02 -2.1414783848e-03 -2.8487549406e-03 1.8569729420e-01 6.3842113818e-03 6.7393989363e-02 2.7776266707e-02 4.1884589924e-02 -1.7426513200e-03 -3.1101604665e-02 -7.0181695671e-03 -7.9854028474e-02 5.7632578864e-02 9.7136815648e-02 1.1007534670e-02 2.5690866672e-02 -5.2407649613e-02
-7.6875332830e-02 -8.0836043722e-02 1.2548442218e-02 -3.5354240123e-02 5.7102838168e-03 5.9357198094e-02 9.1427853747e-02 4.3859837696e-03 -3.7491379207e-02 3.4612952236e-02 -3.3115515131e-02 -2.4123386963e-02 -1.9985752118e-02 1.1647734616e-01 -3.2098524171e-02 -1.0050217629e-02 -3.5957372651e-02 -9.9217544556e-02 -4.4055196310e-02 -1.8898272732e-02 -3.1584506413e-02 5.9508538588e-02 -3.2265238039e-02 4.4521701616e-02 -2.2473919974e-01 3.0166890581e-02 -7.7680708442e-02 -2.5390914628e-03 1.5518946358e-01 -2.8313410548e-02 8.2158274136e-02 1.9063861874e-03 -7.2126923687e-02 1.7952773776e-02 1.7671211077e-02 -1.2546328968e-02 2.0368591839e-02 2.6125371496e-03 -1.8330761842e-02 8.7162111307e-02 2.3574509495e-02 -9.9182383106e-02 -4.1366052445e-02 -6.7807909721e-02 -2.5747382300e-02 7.0469344693e-02 7.5675683341e-02 8.2433794386e-02 1.0062885728e-01 3.0174857477e-02 1.2662404440e-01 4.9184910735e-02 -1.5357716800e-02 -1.2375641716e-01 -1.5492055493e-02 1.1800364406e-02 -9.4848317872e-02 9.5779550070e-02 -2.1990296304e-02 -1.4149369215e-02 -4.6299770787e-02 -5.7516897297e-02 -7.1061349478e-02 3.1805631672e-03 1.3384345903e-02 1.7422380789e-02 -1.2262814282e-01 2.3327430784e-02 -3.5933122242e-02
-2.5522911636e-02 -7.2647941940e-02 -3.5536138612e-02 -6.0679738686e-02 1.2125432862e-02 7.5820739134e-02 2.5806307878e-02 5.1746950967e-02 -2.3844213930e-02 6.8235976014e-02 -5.8702665463e-02 2.6457303085e-02 -1.0793930067e-01 5.1148771812e-02 -2.0139399034e-02 3.0322306749e-02 -6.2690285576e-02 -1.0252738885e-01 -6.5210650174e-02 -1.9351907583e-02 -6.4351839310e-02 1.0477218242e-02 -4.0089800596e-02 9.4702369933e-02 -9.8870723825e-02 -3.5671976550e-02 1.4240692236e-02 6.4431199101e-02 8.4759848379e-02 7.2435172868e-03 2.8436268034e-02 6.0669292664e-03 -8.2896385481e-02 4.6714371687e-02 1.3284228740e-01 3.4531693861e-03 -1.1079899169e-02 6.0393969516e-02 4.9253113993e-03 1.5226609057e-01 3.5639844324e-02 -3.1138317085e-02 -5.3072316203e-02 -1.2704840341e-02 -3.3868213917e-02 3.2410673176e-02 4.1242592841e-02 -1.7842761521e-02 2.3729603624e-01 1.1649249228e-02 -4.5062557399e-02 1.8645286178e-01 -9.6381425066e-03 -6.9670295710e-02 -6.7658755673e-03 -9.1808109107e-02 -1.2936006185e-02 9.1472891524e-02 -9.7379947933e-03 -4.6006209790e-02 7.5212073879e-03 -3.7847512746e-02 -2.5627552876e-02 1.2230114648e-03 -4.9931604504e-02 7.8625764246e-02 -1.5689187056e-01 9.3849008511e-02 -9.9921163303e-03
1.0473676522e-02 -2.5561492725e-02 -4.6704945755e-02 2.3508535957e-02 -2.5153217273e-03 -4.6199344858e-02 3.1463350637e-02 -5.6965763959e-02 1.5834259489e-02 3.3112609747e-02 -3.3656266631e-02 6.4227443974e-02 -2.8556180671e-02 1.0012833403e-01 -5.4181827682e-02 -6.9500952324e-02 -4.1793492807e-02 -2.3565529004e-01 -3.4726667098e-02 -6.1689875116e-02 4.5495408552e-03 6.0737508996e-03 2.1755379527e-02 2.0642174876e-02 3.3702838281e-02 2.8989352069e-02 1.7116140537e-02 -4.8211914566e-02 2.8506019709e-02 2.6304131520e-02 4.5793739773e-02 2.9893976273e-02 -1.1435208802e-01 4.7075071062e-02 8.9439419101e-02 1.6420214297e-02 -2.1896085650e-02 3.1557792361e-02 3.5600822091e-02 3.6425915960e-02 3.1484484404e-02 2.4162337060e-02 2.2193365917e-02 -2.0316304310e-02 8.9387356006e-02 9.7041019067e-03 7.7385285763e-02 -9.7965755674e-02 3.4606683737e-01 4.7389511171e-02 7.8547672031e-02 2.3884531542e-01 2.0301498956e-02 3.3899522848e-02 3.1253083033e-02 -1.1571247832e-01 2.5081786671e-03 -2.2486605002e-02 3.0210694792e-02 -5.2389881208e-02 2.5237325109e-02 -3.9337231244e-02 5.6013850741e-03 1.2055377025e-01 -5.0834088739e-02 5.3781856989e-02 -1.1200507276e-01 -3.3446182590e-03 8.2070852400e-03
3.6599145493e-02 1.2474631591e-01 -5.8147719415e-02 1.5345416706e-02 -4.1703423408e-02 1.9266648513e-03 7.4913350248e-03 -1.2414325595e-01 1.9148585451e-02 2.2902773640e-02 -3.0714955560e-02 9.4018229191e-02 -5.1724806320e-03 4.3923788105e-02 4.2764970153e-03 -1.1396597874e-01 1.5229310157e-02 4.7468789416e-02 7.1998844339e-02 -3.5448548671e-02 -1.5341050064e-01 -2.8789709420e-03 -7.9379477824e-03 -2.6296454709e-02 -1.1337244669e-01 -3.3774051294e-02 4.8820486792e-02 -5.7825256630e-02 -7.6224552785e-02 2.0907754369e-02 9.4859435152e-02 8.4496213752e-03 -6.0258206272e-02 3.0429514572e-02 1.7373654288e-01 1.7394055507e-02 -3.3694796841e-02 4.6626121236e-02 -4.0646852385e-02 -9.4556126998e-02 -4.4442790894e-02 -9.9825727675e-03 1.3645857676e-01 -8.1323203026e-02 1.5980030151e-01 6.6005303444e-02 4.9697516683e-02 3.0420774284e-02 2.5722152958e-01 2.7121492797e-02 1.0403444340e-01 8.1047519558e-02 4.7394100247e-02 1.3907222248e-02 9.3693871489e-02 -1.1347637527e-01 8.1737092131e-03 -4.1111922657e-02 -3.8238760066e-03 3.1904059633e-03 -2.9054165706e-03 -5.1497270707e-02 7.4257920856e-03 1.3751103480e-01 8.4163907322e-02 1.1157914519e-01 -6.5975043567e-02 4.1977577589e-02 -5.0536251612e-02
3.6072190028e-02 6.5979626780e-02 -2.2405633038e-02 -1.0835697807e-02 7.4252661000e-03 -2.6642287381e-02 -6.3760551475e-02 -7.2864302461e-02 4.9567560750e-02 -7.9980008810e-04 -1.6923259332e-02 2.2605959770e-02 1.0542299928e-02 1.6121920008e-02 6.4446171715e-03 -9.2509469375e-03 1.2752256868e-01 7.3419804206e-01 9.4716586484e-02 -7.7905952799e-03 -1.3602346733e-01 -6.1687580673e-02 -9.8289565375e-02 -3.5961412780e-02 -1.9645915557e-01 -2.0924002594e-02 1.6874798887e-02 9.1740671204e-02 -1.8187037430e-02 2.8406889485e-02 1.2212171515e-01 1.3144668680e-02 -2.2820199176e-02 3.9307672233e-03 3.1097395460e-02 -2.2262434388e-04 6.2201863275e-02 -3.1010313006e-03 -3.6076983106e-02 1.3262900434e-02 -8.9873506267e-02 -1.8126351234e-01 1.7258226619e-01 -6.2511813847e-02 7.1330683121e-03 1.5719016444e-01 1.6599056349e-02 5.0452742031e-02 1.0947965899e-01 -1.1691939059e-01 -8.2507633435e-02 7.9385882781e-02 4.7799560569e-02 -5.5369153393e-02 6.4201521881e-02 -9.9530468846e-02 5.4791866665e-03 -5.4664537911e-02 -1.4783586518e-02 -1.6341508686e-02 -1.8948432068e-02 -5.5984757064e-02 1.6393554364e-02 8.9354196261e-02 9.5370585884e-02 1.1644024816e-01 -1.3158536001e-02 -9.0871304327e-03 -1.1115843792e-01
-1.8164700189e-02 6.4915467011e-02 -5.1992937943e-02 4.4190520183e-02 -7.5497148168e-02 2.9912539416e-02 -1.0805072475e-01 -4.8702510252e-02 -2.4745267357e-02 -5.2757161301e-03 -4.4693904797e-02 3.1833005272e-02 1.4238141029e-02 -6.1016929694e-02 -1.9043470999e-02 9.5774388664e-02 4.7822781970e-02 4.5984966001e-01 5.7895165654e-02 2.2718304168e-02 -1.0848088913e-01 1.3407788657e-01 2.4526253882e-02 4.9597751728e-02 -1.7268752619e-01 -1.0572571504e-01 -1.6918084555e-03 2.1562641168e-01 8.7865066119e-02 -2.9915651995e-03 7.9036924241e-02 4.1263147535e-02 -1.9140943867e-02 -5.8296415646e-03 -4.4196915560e-02 -5.7158749132e-02 6.9134808879e-02 -6.3955564151e-02 1.6604266330e-02 1.2153060230e-01 -1.3418067087e-02 -1.7842053641e-01 9.5221844561e-03 -3.6917168455e-02 -5.0860859420e-03 6.9102189126e-02 4.6172211970e-02 -5.6598376504e-02 -8.7220383305e-02 -1.4072233824e-01 -3.3155654238e-01 -8.0083926690e-02 6.1956842780e-02 -1.0277848102e-01 8.2535116312e-02 -3.4568810513e-02 -6.4777016411e-02 5.6396453781e-02 -2.8416465430e-02 -1.9187092625e-02 1.9025238068e-02 7.4183014590e-03 -1.5545808414e-02 2.0160139490e-02 -6.0636319933e-02 1.1794973396e-01 -4.1863235014e-02 6.5620915212e-02 -1.1151186445e-02
-3.5196238434e-02 -6.7244278269e-02 -2.3122408316e-02 -9.7498196537e-02 -4.7925359424e-02 6.5015587665e-02 -5.8116692039e-02 7.9351190470e-02 9.7931657832e-02 -1.8447985485e-02 7.4946167728e-02 -2.4904979955e-03 -1.5962335679e-02 1.5193416461e-02 3.4076406190e-02 9.1785668711e-02 9.7609632686e-02 -1.6626606502e-01 -4.2538197928e-02 -6.6991299020e-02 -2.0089482261e-02 -7.6650250127e-02 -2.9442979287e-02 -3.0874362655e-02 -1.9566813415e-01 -2.5345052242e-02 -1.0395780048e-01 1.3810184563e-01 3.3246748638e-02 -1.8001314871e-02 9.6463404836e-02 2.6378886280e-02 -4.8398854059e-02 -6.4176809629e-03 3.5900682049e-02 -5.3884966294e-02 4.2646760168e-02 3.8192226997e-02 4.4875082996e-02 7.3149122922e-02 2.4071226408e-02 -1.5623898153e-02 -5.9502483325e-02 -1.3368641251e-01 1.0598034793e-02 -7.9098863071e-02 -5.4260495565e-03 -1.4103469997e-01 -7.6224996181e-02 4.2702605776e-02 -2.9017447008e-01 -7.8234653801e-03 -6.9355964324e-02 -8.1694123243e-02 -3.4294260209e-02 2.5726061139e-02 -6.7303278016e-02 4.0314615287e-02 -2.2042669213e-02 -8.7584278203e-02 -5.8884464736e-02 -1.5663499151e-02 3.8447809165e-02 -8.4302682126e-02 5.2356242092e-02 -6.1577667531e-03 3.9127324751e-03 2.8707371457e-02 3.6952739322e-02
-2.8524339955e-02 -6.9754978261e-02 -9.8454699529e-02 -5.2584145303e-02 -3.3665233977e-03 7.1280664466e-02 -8.2148546573e-02 8.3080390007e-02 -1.4164798036e-01 -1.3744021989e-02 -4.5155875552e-02 -2.6532441321e-02 -5.3078081608e-02 -5.7486258616e-02 -1.1107573884e-02 3.4445133762e-02 -8.3668418682e-02 -3.6438692763e-01 -2.2810387519e-03 7.9542231116e-02 1.6171167988e-02 -8.5767407935e-02 -8.5849379027e-02 4.9358463507e-02 -7.6473229158e-03 8.5978005000e-03 -5.6000349951e-02 8.8758110594e-02 1.0010873572e-01 -5.2728047020e-02 -2.9311247690e-03 2.1059231963e-01 1.3582672302e-02 8.5391932213e-02 1.2039911587e-01 2.0776029677e-02 1.0677719849e-01 -2.7386873138e-02 -3.1604938800e-02 1.4477198683e-01 1.0728027555e-02 1.1215634732e-01 -1.3740737958e-02 9.9136012647e-02 7.2463039234e-02 -1.5146622475e-01 6.3420056808e-02 -2.6787471499e-01 -2.3937162233e-02 -1.0723299360e-01 -1.9492832961e-01 -2.6227824318e-02 -1.3722150000e-02 -1.3059696167e-01 1.1103163028e-01 1.2316408467e-01 2.3844060818e-02 -1.0393842665e-01 4.5541558935e-02 8.0612111763e-02 -8.8300562670e-02 3.8292593614e-02 -3.8717144007e-02 4.0976227857e-02 -5.6823695014e-02 -1.3762514970e-01 -5.9446291425e-02 9.6262783565e-03 1.5287972769e-02
-1.5109632832e-01 1.9862441180e-02 3.0340368053e-02 8.0713087623e-02 -1.4991543129e-01 -4.3954682944e-02 3.0435483979e-01 4.3316394204e-02 -6.6231859347e-03 -4.9332187325e-02 -2.2633012658e-02 -6.0701237182e-02 -2.1082597590e-01 -1.0252188905e-01 3.1456895186e-02 4.9287192230e-02 -6.4209685855e-02 -2.9910811220e-01 9.4029799135e-03 -8.7366838499e-02 5.1214874952e-02 8.1117854598e-02 2.0799903249e-02 -8.3301390412e-02 -1.8507304211e-01 9.6532602670e-02 -4.8546255459e-02 1.1991360378e-01 -9.4791265738e-02 -1.3958772992e-01 5.7986003099e-03 -5.7008089222e-02 9.2658359096e-02 -8.7858976203e-02 -1.0898927083e-02 -5.9291950460e-02 2.9532390826e-02 -1.1621576717e-01 -3.0738766463e-02 8.4192656948e-02 -2.3418787561e-02 -1.0747991850e-03 1.2418051669e-01 9.9655014243e-02 1.2416278647e-01 -9.4613108606e-02 1.3687628170e-01 -2.0955028186e-01 -4.6627394455e-02 -1.1827873343e-01 -1.0862530649e-02 -1.4138371681e-02 6.8287545711e-02 -1.6953026452e-02 1.2241924920e-01 2.9895990782e-01 -8.1829405905e-02 1.5099863229e-01 1.1847211285e-01 1.9914595625e-01 -5.0123287533e-02 -4.5125412702e-02 1.5097725174e-01 -1.8682300383e-01 -1.6202673500e-01 -1.3693126196e-01 -3.3201893371e-02 2.0922027797e-01 -1.2935241823e-01
5.5845701914e-02 1.0098904395e-01 -1.1261117709e-01 -8.3312629136e-02 1.0237754610e-01 -8.3721257520e-02 2.6646469235e-01 2.7750986764e-01 -5.3438466722e-01 -9.3604705484e-03 6.2275758018e-02 1.1219953397e-01 2.2770781209e-01 -1.4820405965e-01 2.9890231272e-01 5.8320877650e-01 -8.3990692473e-02 3.0476571407e-01 1.2595603743e-01 -4.6042181344e-01 5.6164178772e-02 1.1076550105e-01 -3.9735645801e-01 -4.5553432486e-01 7.4322230557e-02 6.5489882327e-02 1.7407541179e-01 4.0226052493e-01 -7.1605047771e-02 -4.2928733951e-02 -1.1826696558e-01 6.1567985284e-02 -2.5894168423e-01 -2.9932506116e-01 2.7169216555e-02 4.0772018260e-02 -7.9100798699e-02 -9.2220024882e-02 1.5854557955e-01 -9.6476623477e-02 2.2102907235e-01 -3.4197165145e-01 1.7072641534e-01 1.5794837342e-01 -1.4213900797e-01 7.4130647394e-02 1.9748912769e-01 -2.2285127367e-01 1.6531605584e-01 -5.7409615560e-02 -5.1963389476e-02 8.8269826137e-02 8.5114091427e-02 4.2554695499e-02 2.5447123340e-01 1.8284299312e-01 -6.3278441822e-03 9.2358480165e-02 -7.6467338194e-02 -1.3824673279e-01 -9.6160641810e-02 2.5080344342e-01 -3.2269943015e-02 -3.5024430555e-01 -2.7856686416e-01 -3.0561583061e-01 -2.1025216982e-01 -6.5330207702e-02 1.2794144571e-02
8.3643469310e-05 5.9690870628e-05 -1.4085259021e-04 -2.1228843895e-04 -1.5929259951e-04 -1.7623362979e-04 2.1719355957e-04 7.0406801711e-05 6.3232083917e-05 -1.0314807642e-04 7.5973372916e-05 -7.9087460605e-05 -2.6837818054e-06 -8.6067711454e-05 8.9698959954e-05 -8.2801044887e-05 7.8048048677e-05 2.0996454192e-05 8.5202575364e-05 1.1178264896e-04 -1.0508113763e-04 -6.9303761202e-06 7.2559154268e-06 3.4325217458e-05 -9.7850585041e-05 -5.3819874821e-05 1.7824244358e-04 -3.3467537625e-05 1.0960176680e-04 2.9977570004e-05 -3.5797097671e-05 4.3721185048e-05 1.2914805939e-04 -1.7427563883e-05 -4.4832367443e-05 -1.0341669760e-04 -1.1584220762e-04 -2.0760198818e-05 9.0401865107e-05 -1.4612710694e-05 4.8174717362e-05 -2.5048259736e-05 -1.2336489631e-04 2.1811405217e-05 -5.9585277913e-05 -7.9011028840e-05 1.0609495694e-04 9.0221833404e-05 9.4026215496e-05 1.9558357403e-04 -8.6346336094e-05 2.3219485179e-04 1.4371407592e-04 -1.5743461940e-05 2.9865004383e-05 3.1460772294e-05 3.3320795567e-05 -5.7105213045e-05 1.2768520149e-04 9.1656143931e-05 -1.5828025010e-04 -1.4547750791e-04 1.3016968881e-04 -9.5135220443e-05 2.0676820511e-04 -1.5987711733e-04 -3.9890853178e-05 -9.2283543501e-05 -1.2853828148e-04
6.6282799976e-05 -2.2314632979e-04 2.4052855013e-05 -7.0696764896e-05 2.2317445934e-05 3.9304809670e-05 2.2491864740e-05 1.4889581748e-04 1.8988654599e-05 -9.3839102221e-05 -4.4411671515e-05 -3.5421731335e-05 -6.7598605158e-05 -7.8963264727e-05 -1.6610910867e-04 -1.4976973303e-04 2.8551691617e-06 -7.2047208085e-05 5.0358967220e-05 -1.3468378787e-04 3.4035250248e-05 -1.3387738559e-05 2.6113650566e-04 -6.4460316293e-05 5.6877276579e-05 -5.6999413216e-06 1.5013980569e-05 -1.2320792782e-04 -1.1519918294e-04 4.1445021527e-05 8.6551997560e-05 1.6617086854e-04 -1.8093883965e-05 -1.0513486492e-04 -4.4156636427e-06 -1.3896812457e-04 5.5252822731e-05 1.2852821946e-04 7.7483270779e-06 3.1319934538e-05 -4.1114132744e-05 9.7485787020e-06 6.6851226285e-05 -7.8764592920e-05 2.1648423071e-05 -1.0386990083e-04 6.4154596514e-05 -3.5981267336e-06 -1.5293939484e-04 -4.1802096564e-05 4.8208806226e-06 7.4660130810e-05 1.0872218811e-04 6.1792439664e-05 6.9372013649e-05 -1.0974875911e-04 4.8517501832e-05 2.4638158773e-05 1.1778978282e-04 1.4436047608e-04 7.9663600698e-05 5.1343676346e-05 1.3953436437e-04 -6.7263107990e-06 5.8631299076e-05 -1.5247637659e-04 -1.3862642646e-04 -5.7127949287e-05 -5.4653046831e-05
-3.1214604992e-05 2.5079076770e-05 5.6498707642e-05 -1.7041635967e-04 1.2886210749e-04 -4.8853727962e-05 1.4296341441e-04 6.4752721689e-05 3.1092559398e-05 -1.7352546717e-04 -2.0283139996e-05 -9.8087324292e-05 -1.1276310295e-04 -1.0775039372e-04 -5.2467851954e-05 8.8898341853e-05 1.9112894658e-04 3.3705123422e-05 -9.3547668542e-05 1.2610453128e-05 -1.7068867237e-04 -8.5008510496e-06 -1.2943087207e-04 -7.8538744854e-05 1.0087664254e-04 -1.7281196911e-04 -7.1652045900e-05 -2.2869919177e-04 -3.1165985682e-05 1.1620594843e-04 4.6606247096e-05 2.2378952039e-04 -9.6400451555e-05 -1.8942993803e-04 8.2916344608e-05 1.5516395516e-05 -9.1489841697e-05 -2.4417472363e-04 6.1138526465e-05 -4.4598736948e-05 1.3960628596e-04 -8.0829702472e-05 -7.0551767778e-05 3.3737650751e-05 -1.7571271783e-04 4.4280170741e-05 5.8384059933e-05 7.0973576481e-05 -5.0857074648e-05 1.8369230130e-05 -1.5622256682e-04 -1.5683460882e-04 -6.3245390376e-05 -5.3726279767e-05 -5.2932955394e-05 2.3032314000e-06 -8.8603158976e-05 1.3509032438e-06 -5.4514800279e-05 8.9716220224e-05 6.8658454555e-05 -1.2392286248e-04 -6.2222121205e-05 5.9902853950e-05 -8.0090312396e-05 5.4766798374e-05 -1.3363734796e-05 -7.1695558596e-06 -5.7125316568e-05
3.5296790610e-05 9.4767341549e-05 -1.2772415857e-05 -2.5761454056e-05 -5.6054543246e-05 -1.5158225721e-04 -2.6437981972e-05 2.1824930691e-04 1.5775047130e-05 7.9764648514e-05 1.8915630996e-06 -5.1746660555e-05 2.1076707737e-06 -6.4059536941e-05 -2.6759833562e-05 -3.8339731422e-05 -6.5049755556e-05 9.2731277902e-05 -4.2600247578e-05 4.0349799690e-05 -1.5836997002e-05 4.2053265166e-05 -7.9265160302e-05 -5.3412079649e-05 3.6718931018e-05 -4.7559565381e-05 1.0039504817e-04 6.3868743286e-05 1.6903072557e-05 -5.2488195319e-05 -5.4174902827e-05 8.8663841564e-06 1.2393508610e-04 1.8171074710e-04 1.0252430953e-04 6.4258107237e-05 1.0655623111e-04 6.1356264713e-05 -1.0994446681e-04 3.1988865398e-05 1.5615990551e-04 -4.4409455779e-05 -7.1189339046e-05 2.0133490769e-05 -5.8058712386e-05 -8.1293014559e-05 -3.4468015685e-05 -1.9247793743e-04 2.4817162979e-06 8.1756464640e-05 -3.7172736398e-05 -5.8100844651e-05 8.1735933730e-05 1.4552744970e-04 1.6243007367e-04 1.1258320989e-04 -1.3045895132e-04 -2.2677425104e-05 -2.8705511441e-04 4.4792127799e-05 1.0778495407e-04 9.1599030551e-05 -1.0731539893e-04 -3.5702202355e-05 -9.4297367636e-05 5.1708834041e-05 -3.4133325977e-05 2.0060734698e-05 2.4444897377e-05
-3.3858243928e-01 -1.0480483051e-01 4.0182809530e-01 3.4160723659e-01 -4.0335080564e-01 3.7253552722e-01 -4.1334656183e-01 -3.9096573414e-01 2.3370769497e-02 -4.2166245152e-01 -4.0650094755e-01 2.7361362848e-01 4.2556212543e-01 2.8702696341e-01 -1.7996039502e-01 -2.9729074953e-01 4.0346656053e-01 8.4124346685e-02 -4.2762886120e-01 -4.0107789739e-01 -2.9727179424e-01 -1.8478662148e-02 4.2386727234e-01 1.2895694043e-01 -3.9045918624e-01 -3.5700861894e-01 -3.5053848028e-01 2.3781501224e-01 1.8740640394e-01 -4.0034050945e-01 1.6071069189e-01 4.2770384171e-01 -4.3222570383e-01 -3.5041618284e-01 3.4249705718e-01 9.4645203196e-02 -3.1669823050e-01 3.7250280872e-01 -2.2007785131e-01 1.3319859205e-01 -7.6445510368e-02 -4.0896554650e-01 4.1778758909e-01 4.1785227643e-01 2.3993885606e-01 3.8561340605e-01 -2.4429061616e-01 4.3675192108e-01 -4.3595323499e-02 -1.1391293177e-01 -9.1154890366e-02 -2.4748130320e-01 7.9839673354e-02 -3.8987627064e-01 -4.1614113815e-01 -2.9344532550e-01 2.8181472229e-01 -1.7143518373e-01 4.0288239349e-01 -3.9938918716e-01 1.9248254307e-01 -4.0378986145e-01 4.2074629807e-01 4.1075920560e-01 4.0690841618e-01 -3.1851039285e-01 2.7063728371e-01 2.5332097093e-01 -2.4243207171e-01
-1.6053382476e-02 -1.0418248485e-01 1.2586995391e-01 2.8954688152e-01 4.3476713645e-01 -5.1829090564e-02 4.6611389313e-02 3.2226326382e-01 -4.7097907782e-02 -2.9919214231e-01 -2.4373056319e-02 -1.4681608658e-01 -4.2558113869e-02 2.9708137347e-01 -1.1140676238e-01 -2.6483282452e-01 -2.4722142902e-01 3.4183556595e-01 2.5355004164e-02 -3.6981433133e-01 4.1277890112e-01 4.8736429479e-01 -1.3671849674e-01 9.4418489453e-03 -2.2208429628e-01 4.0427437929e-01 1.2300827921e-01 -5.6916216708e-01 -4.0105286718e-01 1.8797812261e-01 -1.3523237943e-01 -1.4181593059e-01 2.4784295571e-01 1.6469368258e-01 8.2651312332e-02 -2.0326802329e-01 -3.1053868871e-01 2.2640262514e-01 6.6384040843e-02 -2.2020994532e-02 4.2262578308e-01 -2.3939253337e-01 -3.8523843280e-01 7.0430641921e-02 2.8407610460e-01 -3.8944541162e-01 -6.4486763512e-02 1.3271108170e-01 -1.4485228710e-01 -9.9555693854e-02 -1.5314953117e-01 -1.2932905666e-01 -6.5715206988e-02 -2.0734547814e-01 2.7876625361e-01 -3.5294542445e-01 3.5960727827e-01 -7.3394072939e-02 5.4826596532e-01 3.8939298306e-03 8.1845647729e-02 -3.1914537746e-01 1.5252774882e-01 -1.2618455251e-01 1.0511925772e-02 -2.5784661781e-01 -1.5981941014e-01 -2.9488982322e-01 2.6900153247e-02
-2.0959186085e-02 1.3868483934e-01 -5.5274748331e-02 -8.6103156958e-02 6.7237329665e-02 1.1617205774e-01 1.3607394600e-02 6.8019760347e-02 5.9420131464e-02 1.8896779671e-03 2.0276014777e-02 -1.2035901560e-01 2.8386690223e-02 -4.9390864165e-02 1.1482363137e-01 -5.4008743745e-02 2.0513937384e-01 3.9889299825e-01 9.5800140149e-02 -5.9725123100e-03 -1.7796298506e-01 9.2213064685e-02 1.8995209324e-01 2.5155317368e-01 -4.9925210748e-02 1.9226229240e-01 1.5864175415e-01 2.3460354049e-01 -1.6270512353e-01 1.4188488452e-02 -1.4477169326e-01 -4.5577057612e-02 -1.8104413887e-01 1.8256291904e-01 4.0489175956e-01 2.6323693052e-02 6.7642014849e-02 -1.2284824562e-01 3.1065798254e-02 -8.3154626010e-02 -1.8641941310e-02 -5.0943546297e-02 -1.0937304533e-01 1.2064754026e-01 3.3447687244e-01 2.3947078692e-01 7.6499797251e-02 -1.9710343297e-01 -6.8913845567e-02 1.5391535794e-01 3.5984948966e-01 -5.0405170787e-02 3.4644480199e-01 3.8181137496e-02 -2.1751457690e-02 -1.2922618967e-01 1.1624357090e-01 3.3038372903e-02 9.3574091849e-02 -1.7674428435e-01 8.8894371281e-02 -1.2908734563e-01 -1.4336322786e-02 -9.5731924204e-02 -1.9453776222e-01 4.3435717849e-02 1.3752982311e-01 7.0513965743e-02 2.6681000177e-02
-1.3787023598e-01 -7.1721262721e-03 7.5806219130e-02 1.2937139024e-01 9.0284451984e-02 2.2527043976e-02 -3.7873118176e-02 9.8390107608e-02 2.3151805129e-02 4.5418282397e-02 -1.3636968011e-01 -1.8845194979e-02 -1.6396535357e-02 1.0064833184e-01 5.4580705355e-02 3.2225049111e-02 5.4530028752e-02 6.2437094418e-01 5.5438823539e-03 -6.9210068579e-03 -1.5180882440e-01 1.1566965595e-01 -4.1241776992e-02 -3.9454993642e-02 -1.4853855238e-01 9.4211330292e-02 4.7859287814e-02 7.8740066881e-02 -4.0967875468e-02 3.2123212650e-02 1.9188363366e-01 -7.7245999511e-02 3.1331088562e-02 -5.0610262816e-02 -3.2864429757e-02 -5.5327875631e-02 1.0082372735e-01 -1.0348400669e-01 -8.2904953451e-02 -1.3868344910e-02 1.1680446562e-01 -9.8901809432e-04 -5.0251037314e-02 -3.0422044206e-03 1.1629406151e-01 -1.7500959294e-03 2.1924456985e-02 -3.6432747181e-02 6.3999078885e-02 2.7582221799e-02 1.8735474802e-04 -1.2891154548e-01 -2.7711523554e-03 -9.5005511914e-03 9.7411298623e-02 -2.1198395471e-01 -7.7213643778e-02 -3.2098785113e-02 5.2538115301e-02 -4.5054187856e-02 6.7101008157e-02 1.7805325578e-02 -3.3207533608e-03 -3.1529243421e-02 -1.7079239472e-01 1.3647993403e-01 -5.1792846238e-02 1.0097255981e-01 4.4067430765e-02
-1.2833896404e-02 -2.5733604878e-02 -1.7527644350e-02 9.0390579331e-02 2.4708041877e-02 -9.5506882711e-02 -1.8516809533e-02 5.6544996496e-02 -3.6415409858e-02 -2.9049192690e-02 1.5406144973e-01 1.9910218523e-02 -2.5377211358e-02 8.4423722388e-02 4.2559072639e-02 1.0779728861e-01 1.0466754915e-01 3.0646614946e-02 8.0979840222e-02 -5.9547741169e-02 1.7201126380e-02 1.7152900688e-01 -3.2868943353e-02 -1.7212836784e-02 1.0332141567e-01 -2.3654591465e-02 5.7753286289e-02 2.8482259192e-01 -6.3276168048e-02 4.1051672304e-02 -9.8047400912e-03 -8.9264538853e-02 -4.1582039720e-03 8.7403768806e-02 7.9816193893e-02 3.9755743624e-02 3.3426251492e-02 3.9043233818e-02 2.0715665548e-02 9.7790194194e-02 5.5981351370e-02 -1.1594604869e-02 5.9326517585e-02 6.9344494807e-02 8.5932281480e-02 -4.5991097661e-02 -6.3526806420e-03 1.4362584782e-01 8.2897572161e-03 -4.3951864487e-02 7.4580067225e-02 -1.5161385481e-01 6.3382300170e-03 -1.0317397864e-02 9.9691729015e-02 4.0852142713e-02 1.4581244792e-01 -3.2304352873e-02 1.8501772120e-02 -1.4751119773e-02 7.1289011950e-02 -1.8219736699e-03 -7.7536563161e-03 1.6003521052e-02 -2.4826044090e-02 -5.9767739372e-02 -4.8035351896e-03 -2.4441858974e-02 1.1160769842e-02
-2.7503148619e-02 -4.3049094522e-02 1.0295423596e-01 7.9269631643e-02 4.6455253253e-02 -1.9594107252e-02 -5.7143729143e-02 4.9556769354e-02 2.1474074450e-02 -4.6753982289e-02 7.0711333517e-02 5.3845202225e-02 -6.4181050210e-03 -2.0091028571e-02 -5.2223715895e-02 1.3552970902e-01 1.1643780384e-01 -1.4139808281e-01 2.2880768072e-02 -9.1893009338e-02 -8.9497441036e-02 1.4490063554e-01 -7.6199199402e-03 -2.8701305499e-02 1.3680305440e-01 1.3901363588e-02 3.8635341939e-02 1.8089252831e-01 -4.9980290314e-02 2.3750033512e-02 -4.4248479230e-02 3.4244250602e-02 -2.7694494050e-02 3.1894914005e-02 1.6250390411e-02 5.2368031229e-02 -1.2761966323e-02 -1.5663883741e-02 -6.2387670803e-03 -1.0660596002e-02 -1.0880067610e-02 1.1248678522e-02 1.7203159271e-02 4.5573238212e-02 6.7698409692e-02 -5.0420498701e-02 8.1628609713e-02 9.6291050391e-03 5.1900962761e-02 -2.5634479336e-02 1.0158709546e-01 -1.3822918414e-01 3.7294370429e-02 2.4332160960e-02 6.3487565092e-02 -1.0356663118e-01 5.8338811047e-02 5.0282757584e-02 1.4249605282e-03 -5.3006763956e-02 6.7219678777e-02 -6.1726769899e-02 6.5507280655e-02 -1.0300752048e-02 -3.6003450441e-02 7.5437223300e-02 -3.4060091203e-02 9.6635762309e-02 6.1101745776e-02
2.4270814163e-02 4.7379166877e-02 -7.1597678133e-03 7.7832306368e-02 -8.1018757781e-02 6.0754344219e-02 -9.8162904896e-03 -3.6991317423e-02 -5.2918674596e-03 1.2638704547e-02 1.2788165053e-02 -3.6721788725e-02 6.4103152581e-02 -7.4260188274e-02 -4.1246116648e-03 5.2104075650e-02 2.5881567335e-02 1.9772673363e-01 2.5811584237e-02 -1.3055371916e-02 -4.4831920282e-02 9.9829652719e-02 -1.0904070961e-02 8.6740426142e-02 4.5523240377e-02 4.9739286361e-02 -3.6187867658e-04 2.0706040856e-01 3.6025199658e-02 -2.2826621372e-02 4.9297604236e-03 1.1934668710e-02 2.5274174023e-02 6.1416054615e-02 1.6556088125e-01 2.3058855242e-02 1.9887516368e-02 2.7684160060e-02 2.2170308785e-03 -1.1976558135e-02 2.1994207296e-02 6.6176343481e-02 -8.8941492610e-02 9.0227183598e-03 -6.8674923685e-02 1.0215925913e-02 -8.1879312081e-02 -8.2156637740e-02 9.1534917788e-02 -3.9821736558e-02 1.9067688655e-01 -1.2429165977e-01 -4.4098119715e-02 8.2304304794e-04 4.2887367754e-02 -1.4077492086e-01 2.4353802456e-02 3.5713424531e-02 1.5095915041e-02 -4.8083993925e-02 1.4054109392e-02 -2.0521033799e-02 -8.9819416530e-03 -3.6288000876e-02 9.4053921987e-03 5.9383539171e-02 -3.8129895864e-02 3.4432577940e-02 1.3917645851e-02
4.2995791325e-02 -7.4247753671e-02 -2.4576296878e-02 1.0787814570e-02 -2.9353659527e-02 -4.3778093206e-02 7.9661579824e-02 -4.6509902309e-02 2.5275068954e-02 2.0852976776e-02 -1.4889374666e-02 -2.5748486726e-02 6.1313614368e-02 2.7096238498e-02 -2.3898922025e-02 -5.3000180914e-02 -5.8158009945e-02 1.4627075280e-01 -3.2649381670e-02 1.9037164219e-02 -6.2830411708e-02 1.0497982499e-01 -4.6795534013e-03 4.5413047370e-02 1.2279262957e-01 2.6583798456e-02 -4.1427424894e-02 1.3004599575e-01 4.6915344112e-02 2.3981792373e-02 -1.1735505446e-02 -5.5511420913e-02 -1.1364280379e-02 1.9628443047e-02 2.2124050605e-01 1.2217252761e-03 -6.0630500944e-02 -1.2478615269e-02 8.2134909685e-03 1.7826121253e-02 -6.2335697210e-02 1.2013964441e-01 -5.1084223635e-02 3.4802493032e-02 -1.7424344715e-03 1.1614673747e-02 -6.6274997187e-02 3.3435958853e-03 2.6837732673e-02 5.6276054566e-02 1.7148197048e-01 6.3089943202e-02 1.2564350296e-02 1.2370483636e-02 -1.4911135601e-02 -8.1961749239e-02 3.6971324199e-02 -1.0068833720e-02 -1.5815050886e-02 -6.0486297305e-03 -5.0174706119e-02 3.8676315385e-02 3.6681837753e-02 -3.5307081258e-02 2.8998912118e-02 6.6609388120e-02 -1.7439663354e-02 2.5742856881e-02 3.3593623353e-02
6.6417690475e-02 5.4064682148e-02 -5.3137107353e-03 3.0513840641e-02 -5.2812975719e-02 9.0029710280e-03 4.1045706461e-02 1.7714539595e-02 -1.4101423534e-02 7.8532841405e-02 -3.3053428582e-02 -1.4470040993e-03 -1.2411358983e-02 7.9095892478e-03 4.4118066787e-02 -5.1177219607e-03 -1.4078463950e-01 4.5586886121e-02 -6.3346788687e-02 -6.0258502860e-02 7.9656081991e-04 9.5771393331e-02 4.6919407888e-02 -3.3711601362e-02 1.2115290843e-01 6.5348465548e-02 -4.7617825275e-02 1.2435178517e-01 -1.3277915555e-02 3.5234911789e-02 1.7399283860e-04 -2.7525953947e-02 1.2859024738e-02 -4.2090327829e-03 1.7193139458e-01 7.8626132675e-03 9.3892269980e-03 6.0801802127e-02 3.2470095032e-02 2.6916912383e-02 -4.2646180428e-02 2.0936228427e-01 -3.7997931302e-02 -7.6045515477e-02 -1.8164748743e-02 2.2990470030e-02 -1.2537459089e-01 1.7049925114e-02 -2.9199525097e-02 3.2641841364e-02 2.3564167570e-04 6.9480143064e-02 6.8124751146e-03 2.9442236270e-02 -5.8500687508e-02 4.2348890547e-02 4.4566970404e-02 -1.1703786076e-02 -7.9091582410e-03 2.7342503597e-02 -3.8918193089e-02 3.8002074863e-02 -1.4018710146e-02 4.3333960719e-02 5.0474294830e-02 -2.7212306897e-02 -7.1218926609e-02 8.3031994612e-03 6.8738884316e-02
-2.0209342101e-02 6.5460015945e-02 -8.0137676477e-02 -3.0422282607e-02 -2.2828269056e-02 2.7561331818e-02 9.4168464573e-02 3.4668636771e-02 -4.0748143552e-02 9.7203911882e-02 -4.8302256090e-02 1.5335358459e-03 -4.0916123824e-02 -5.0843053716e-02 2.3817171798e-02 -2.1111931756e-02 -1.1657723771e-01 -2.4286106552e-02 1.4309919892e-03 -2.7705945633e-02 5.6073463071e-02 7.3938122880e-02 4.5662767220e-02 -3.2147689782e-02 -2.0031103757e-02 -1.6781821594e-02 -6.2752526516e-02 4.9090880209e-02 2.6064018960e-02 -5.8367713070e-02 -2.0270684808e-02 2.1702976052e-02 3.9472524347e-02 -1.6584793234e-03 8.3120576514e-02 -3.0129395924e-02 5.0744475858e-02 2.8281167806e-02 -3.0109499876e-02 8.9850361809e-02 -2.7265616003e-02 1.3919871795e-01 2.0988669091e-03 -8.7323566963e-02 2.0990272373e-02 -2.2291016794e-02 -9.0591076282e-02 -3.7837097280e-02 -1.0743670693e-01 4.2837388205e-02 -1.3027787964e-01 5.6654658435e-02 3.5175844947e-02 -4.9700822181e-02 -1.4266867131e-01 -3.7440775201e-02 3.0198502009e-03 -3.0961050222e-02 -1.1435013700e-02 4.6377513736e-03 -1.7593553869e-02 7.2050452349e-02 -6.2874237830e-03 5.9533900994e-02 9.5249567545e-03 -8.1752023960e-02 -8.0993297694e-02 7.0754299580e-02 2.9961485894e-02
5.0574781179e-02 1.2670133890e-01 -1.3616252677e-01 -4.9929027043e-02 1.1657527906e-02 5.7190055355e-02 2.6847573133e-02 6.9632718577e-02 -1.4385011868e-02 8.4993655576e-02 -8.1083846973e-02 -1.0555274722e-02 -6.5407999425e-02 -7.9502320747e-02 -5.4118445506e-02 -4.1792998220e-03 6.0890452822e-02 -1.5777366318e-01 -2.6066828332e-02 -5.9092608764e-02 9.7028220562e-02 1.2274523304e-01 1.2265414243e-02 -1.0440087468e-02 2.7428231997e-02 3.3721026233e-02 -6.5013637189e-03 3.1515035969e-03 -2.4290490174e-02 -1.3801719728e-02 -1.5788888110e-02 6.4998758874e-03 -2.8735928436e-02 -4.0633633991e-02 -5.8416667697e-03 -6.3393049270e-02 1.6115710509e-01 3.6584566580e-02 -5.1271037221e-02 9.3018940144e-02 -4.5041956974e-02 1.0504643075e-01 5.4925383299e-02 -1.4113762583e-01 -4.6399888344e-02 7.7298334750e-02 -1.6110874866e-02 -5.4466246889e-02 -1.2621534125e-01 -1.6164173368e-02 -1.4582347049e-01 1.4326383400e-01 2.6660446486e-02 -7.2830917263e-02 -5.7707723420e-02 -5.5809049227e-02 -4.1170942006e-02 -2.8727283142e-02 -2.3721684075e-02 1.8512409643e-02 4.0998429155e-02 1.6256444488e-02 2.7016488491e-02 3.4691238303e-02 3.2848824123e-02 -4.4778904534e-02 -3.4167305977e-02 4.3632855429e-02 6.7901058221e-02
6.2525231384e-02 6.0160743698e-02 -4.5461624265e-02 -7.0700234369e-02 9.8772625854e-02 3.7569741882e-02 -5.8102311428e-02 6.0125355450e-02 6.5398491929e-02 5.9686165664e-02 -6.4445274560e-02 -3.8347617998e-03 7.0095205725e-03 -1.1095632765e-01 -5.2776470602e-02 -4.0792105412e-02 1.0988042365e-01 -1.1231139431e-02 -2.8680727781e-02 -4.6349113294e-02 7.4703552677e-02 1.4027857065e-01 -2.5882113097e-02 -3.8087215273e-02 1.8186221133e-03 1.6662380481e-01 5.7159965305e-02 -9.7026292485e-02 -6.6675063755e-02 1.4056826179e-02 4.6740269833e-02 2.3765039011e-02 -1.7736890401e-03 -5.9797001872e-02 -1.0400964578e-01 -6.5632448087e-02 2.0667444536e-01 -4.2908063553e-02 -1.1295259721e-01 -4.5390356479e-02 -7.9956488864e-02 -1.1416443542e-02 2.7457182971e-02 -8.3687024240e-02 -5.1647092910e-02 1.4808526515e-02 2.3378791190e-02 2.8529421000e-02 -9.3611747719e-02 -6.6522427515e-02 -2.1936092495e-02 1.0956352266e-01 2.2194706157e-02 -2.6494138673e-03 -6.3604804276e-03 -1.0822983053e-01 -2.2765664607e-02 -5.1860892326e-02 3.4226341584e-02 -1.8625299495e-02 9.0964325866e-02 -1.8173340901e-02 8.3208536417e-02 1.0655552302e-02 6.9110184749e-02 -3.2885331855e-02 4.5172828800e-02 -1.0479061063e-02 9.1661744944e-03
-5.7701355643e-03 2.6703815439e-02 1.7508114008e-02 -6.5734142568e-02 6.7432239200e-02 -2.6958005411e-04 1.6238880863e-02 3.2856418446e-02 5.8985807010e-02 -1.0280318180e-04 2.0153544542e-02 -3.2209574845e-02 5.3408657728e-02 -3.4545480100e-02 1.4729148767e-02 -5.2713811316e-03 9.7425530759e-02 2.8085161950e-02 -3.4659665141e-02 8.9832674845e-02 7.0180642576e-02 1.2091015896e-01 -3.7939275926e-02 -7.8168007966e-02 -3.6116426751e-02 2.6392789072e-01 2.2049460494e-02 -4.4577780232e-02 8.4927551931e-04 2.5912802592e-02 7.5545593228e-02 2.7447146620e-02 1.7756393046e-02 -8.4952548184e-02 -7.1436370431e-02 -5.1728227565e-02 1.1452245663e-01 -3.9652911619e-02 -7.4119536002e-02 -1.9152202932e-01 -4.8925577881e-02 -6.6767089218e-02 -8.0649704973e-02 -4.7695890127e-02 1.1013339829e-02 -3.9088659305e-03 2.6867247217e-02 1.0646723584e-01 8.5659221742e-02 -5.1704779824e-02 5.8871248033e-02 4.6642509771e-02 3.9308848884e-02 1.5609165094e-02 4.5808810775e-02 4.4119957488e-02 -2.8163865570e-02 -2.4735802312e-02 2.9061086560e-02 5.1222904167e-02 5.3394931893e-02 -5.2639615807e-02 4.2884460441e-02 -7.2236257005e-02 6.2958517609e-02 -1.7832370065e-02 9.8858279685e-02 -6.0091072786e-02 -2.8538606977e-02
-4.0789948279e-02 -5.2339015557e-02 2.2780201427e-02 -1.9804556805e-02 7.0230523130e-02 8.0372449529e-02 6.8217941306e-04 3.8097158387e-02 1.4223596117e-02 6.8590158215e-02 1.7955847784e-02 -6.3779052776e-02 3.2056887723e-02 2.4239297022e-02 1.8788999089e-02 1.1660604279e-02 -1.5417407827e-02 2.1279694658e-01 -6.9352538250e-02 3.7461506493e-02 7.3333617076e-02 1.1941458392e-01 -6.2844668019e-02 -8.4913547755e-02 -6.1210240727e-03 1.0934575314e-01 -7.6022560018e-02 -1.2807757630e-01 6.2338635176e-02 -2.4703242594e-02 4.5871257160e-02 7.0584065906e-03 3.4288290828e-03 -4.4280455582e-02 -1.2183116784e-02 -2.1647469226e-03 4.3908629614e-02 4.9519102055e-02 -2.6258964682e-02 -7.1410366254e-02 -2.8976946634e-02 -8.0666362514e-02 -9.6328031817e-02 -1.1322980463e-02 1.0597455021e-02 1.0417358016e-03 2.6630086455e-02 1.3225524091e-01 1.8260610645e-01 -1.1979364460e-02 1.2516453656e-01 -4.0305094699e-03 -5.7738908622e-03 -2.1249767456e-02 -3.9335767397e-02 2.2846417506e-01 -6.5184068655e-02 5.6623636089e-02 -5.3003182781e-02 1.4661536487e-01 3.5487466423e-02 1.7787277054e-02 -1.9368542604e-03 -1.5720041104e-01 7.1048639308e-02 -1.0083083351e-02 2.5888739319e-02 -3.8250216983e-03 -4.8721513986e-02
-4.5782122305e-02 -2.9256987552e-03 1.7593223690e-02 -9.1056349873e-03 8.0673207040e-02 5.0416334681e-02 2.9775768651e-02 6.4102318534e-02 -1.6803192744e-02 3.1518843387e-02 -6.1793670333e-02 -7.7852365572e-02 3.0336418617e-02 4.4132588827e-02 3.9681979228e-02 -2.5743088185e-03 -8.8123591226e-02 1.4781125277e-01 -8.6800778572e-02 -3.2027322655e-02 5.6725401773e-02 1.1705093108e-01 -2.4672725523e-02 -1.1943049849e-02 8.9380641496e-02 -3.1778362147e-02 -1.0668542760e-01 -2.1899604374e-02 6.7862343212e-02 -3.5002561995e-03 1.2073403155e-02 2.5211951308e-02 -6.0675049494e-02 -1.5925085145e-02 6.9706363246e-02 5.7630524749e-02 2.1166701387e-02 5.9316863614e-02 1.0595435531e-03 5.0671209703e-02 7.9153166736e-03 -7.0648084775e-02 -6.2723652674e-02 -2.3806749550e-02 -1.0604645822e-01 5.9526267102e-02 6.7770584277e-02 3.8720137153e-02 2.0135929459e-01 1.2140695555e-02 8.7486511775e-02 9.8626611859e-03 1.0038390984e-02 -9.4347562902e-02 -1.4913183513e-01 1.6042078769e-01 -3.4181037302e-02 4.5053137457e-02 -8.9948009040e-02 5.8356291102e-02 -3.3126044414e-03 1.7557220698e-02 -1.6304953203e-02 -1.2447642740e-01 1.1013381749e-02 -6.6644592200e-02 -1.4015611934e-01 -3.9921372130e-03 1.2691557152e-02
1.3443076814e-02 5.4685240564e-04 1.8221655943e-02 -2.4148417091e-02 6.3537670899e-02 5.6394135931e-02 2.9372783536e-02 7.2379163842e-02 -4.8212097025e-02 1.8512767658e-02 -6.2687338073e-02 -9.6041224153e-03 2.1157781165e-02 6.8235363116e-02 2.7673476929e-02 -6.5404959343e-03 -9.1421438405e-02 2.6388199472e-01 -7.6026377594e-02 -9.8686528533e-02 -7.7590343064e-04 6.1124657958e-02 3.9093334525e-02 1.9614911414e-02 1.4014836499e-01 -7.7013592365e-02 -2.0358547414e-02 2.8895371692e-02 1.3908847439e-02 -1.1649254372e-02 1.3069984475e-02 -8.1573311281e-03 -8.9759494379e-02 4.2427922795e-02 1.0955727072e-01 5.6453610054e-02 3.5669788971e-02 1.5608932797e-02 -3.0132704627e-02 7.3026451395e-02 7.7649717709e-02 -1.0352002791e-01 -4.2867374626e-03 -9.6767447127e-04 -1.1854086935e-01 6.7398785132e-02 1.0356600334e-01 2.2208866382e-02 1.9249986025e-01 3.1580160774e-02 6.7444869279e-02 -6.4526653709e-02 3.9597001745e-02 -1.9018243286e-03 -1.0301045609e-01 1.7793963727e-02 1.3669027109e-02 6.6554118901e-03 -3.7553355814e-02 -3.0625069602e-02 3.7895306960e-02 -9.1020143647e-03 -4.3528248446e-02 -1.5391781494e-02 -9.6336815506e-02 3.8939711375e-02 -1.2533287335e-01 -7.5481954349e-03 1.9431504561e-02
2.6732656388e-02 4.9539496610e-02 -9.7668404243e-03 -2.4356310950e-02 -7.0940190105e-02 -3.2665259930e-03 5.3276675397e-02 3.6858378083e-02 -3.2666428793e-02 -2.6163598340e-02 -8.5398402363e-02 3.6235613550e-02 2.8630307588e-02 4.2635573381e-02 4.6051723024e-02 -5.9220390298e-02 -6.5968395975e-02 1.8807071443e-01 -2.3524590977e-02 -3.5218425670e-02 1.9913598134e-02 -4.8859522171e-02 3.3121453079e-02 3.6661227267e-02 1.5789886014e-01 1.3288724891e-02 4.2857670218e-03 -4.1714004061e-02 -1.7105935353e-02 -3.6023523549e-04 -2.4597602690e-02 -3.0216764050e-02 -6.1877009879e-02 3.9476728710e-02 8.6743575850e-02 -3.8590150987e-02 2.2981655031e-02 6.7844787809e-04 -5.4483457828e-02 -3.8656198899e-02 3.0468925059e-02 -8.0757622490e-02 3.5970158380e-02 -3.7630406906e-02 -1.3220132141e-01 1.4232660763e-02 8.4793964992e-02 7.0110589565e-03 1.7586982095e-01 3.5417638268e-03 1.9629040555e-01 -3.0374961187e-02 5.6914478018e-02 3.4202323760e-02 -9.8235435421e-02 -1.0347892472e-01 7.2251608507e-02 -2.3162213769e-02 7.1976805248e-03 -9.7022297109e-02 4.4386645623e-02 -6.6384807857e-02 -2.2831535076e-02 8.9188104412e-02 -5.8731630649e-02 -6.4410169780e-02 -1.0021148844e-01 -9.2186098824e-03 1.6962877179e-02
7.3404625963e-02 5.5299392405e-02 -5.0828629626e-02 -8.0928967907e-02 -8.2124068801e-02 1.6344076626e-02 4.9823820528e-02 -2.1279314798e-02 -4.4250274403e-02 -4.0794719407e-02 -9.0483726072e-02 3.4160091491e-02 -1.0623444165e-02 -3.2818564743e-02 1.4115250041e-02 -3.2012098502e-02 -3.7457847325e-02 -1.3324378193e-01 -1.5179539486e-03 -7.9712441225e-03 -1.7425677817e-02 -2.4552771873e-01 -1.6006327307e-02 -2.4715628012e-02 4.7812360976e-02 7.4895101069e-03 1.7713032333e-02 -9.6556595652e-02 -4.3838723676e-02 4.6981278794e-02 6.5118784547e-02 8.0323641319e-03 -2.7665102970e-02 6.0024984231e-02 1.0234260674e-01 -2.0911031437e-02 1.0345580781e-01 1.6593507992e-03 -3.5429181203e-02 -7.1850889014e-02 -3.2419346582e-03 -3.9995934500e-02 5.4295726018e-02 -8.3888933786e-02 -9.7118292383e-02 7.7659482948e-02 1.2695529616e-01 2.4412672409e-02 1.0099616651e-01 -6.0713366915e-02 1.0808700564e-01 1.1016879323e-01 7.3884032301e-02 1.6085743659e-02 -4.3072959860e-02 -1.5087894836e-01 7.4694883508e-02 -7.4921210168e-03 1.0416158584e-02 -7.0799818676e-02 2.4403288930e-02 -5.1370702815e-02 3.1425009050e-02 1.4231369676e-01 1.2870673947e-02 -2.9801530407e-02 -6.4743660706e-02 -8.9602161446e-03 6.0009503431e-03
1.5705250236e-02 1.0911328246e-01 -5.3273937656e-02 -1.1971149405e-01 -3.4276625561e-02 -6.5060167649e-03 5.4498490536e-02 -3.5181503724e-02 -4.7310792937e-02 -6.8996199454e-02 -9.9742528420e-02 2.2388304253e-02 -5.8177548325e-02 -3.6366524456e-02 3.6284657839e-02 -2.4581844500e-02 -2.4823042801e-02 -2.1878112902e-01 -1.5595812536e-03 -1.3781934435e-02 2.5860217597e-02 -3.4575690463e-01 2.8478644454e-02 -9.8817107223e-02 -4.2864830664e-02 -2.4750307788e-03 -1.9532275458e-02 -1.1220285117e-01 -3.3327505281e-02 5.1696490182e-02 2.9862314190e-02 2.5547435391e-02 4.9132855891e-03 2.5104423291e-02 4.8921012557e-02 -3.7429368263e-02 1.1747745937e-01 -7.7936665144e-02 1.0365447857e-02 8.3961524019e-02 -4.3252541155e-02 -3.8411070072e-02 1.0190850072e-01 -1.9813955918e-01 5.0089181783e-03 9.4054921924e-02 7.7233976741e-02 1.6155075276e-01 -3.2356745224e-02 -3.4586057151e-02 -1.8908686189e-01 7.9418219707e-02 8.0834256694e-02 -2.4506112629e-02 -4.3714188084e-02 -8.7972850297e-02 1.3848935066e-02 2.6936584702e-02 1.6193435900e-02 6.1128346145e-02 -1.3900345882e-02 -8.7040974021e-03 1.6796280907e-02 9.4843162153e-02 -1.6534242001e-03 -1.4592778171e-02 -5.1285285599e-02 7.1343042179e-03 -1.6857629928e-02
2.7372521595e-02 6.2905208043e-02 -2.6185354802e-02 -2.9242362433e-02 1.8453928380e-02 1.6961657682e-02 2.7991391020e-02 -3.1693370666e-02 -3.3977100378e-02 -3.8496764235e-02 -5.1610448756e-02 4.0263693477e-03 -5.0177807348e-02 -9.4630965032e-03 -1.1256884586e-02 1.5518325754e-02 -2.0653189758e-02 -2.1813862373e-02 -1.3258263571e-02 -1.6218304462e-01 2.7882554264e-02 -1.3462101963e-01 3.6714383063e-02 -5.4325859258e-02 -8.5719249006e-02 -7.8398831192e-02 -1.1780525838e-01 -8.3533343072e-02 -2.8148680865e-03 5.6939966640e-02 7.2802026329e-02 -8.0320973003e-03 -2.2466820794e-02 -4.7032235548e-02 9.1449512143e-02 -3.7508763264e-03 8.4317691826e-02 -1.0704331783e-02 1.6494827149e-03 1.3407373241e-01 -1.1882041632e-02 -4.2669741936e-02 3.8102268436e-02 -8.3322797543e-02 8.7177828702e-03 7.4938010348e-02 -1.3091542724e-02 -3.6591292913e-02 -1.4552273840e-01 -9.9915965411e-03 -3.2052639924e-01 7.0357904192e-02 5.1552596423e-02 -3.7464591192e-02 -1.3127864910e-02 -1.1396380576e-01 8.1198312644e-03 -1.0774224862e-02 -6.1861804263e-02 3.0321499774e-02 -7.5193805378e-02 7.9047773642e-02 6.0329282275e-03 5.7024502576e-02 2.6283890729e-02 -2.9075874511e-03 -3.5538309364e-02 -3.6620587447e-02 4.8662895885e-03
-2.3773134286e-03 -2.5622513283e-02 4.0323498452e-02 1.8739094001e-01 -1.5115194176e-02 -1.9439607221e-02 2.8607254730e-02 2.4729306661e-02 -9.7280568395e-02 -7.4172745139e-02 -4.1204148386e-02 -5.3686877317e-02 -1.4865277264e-01 4.2459059072e-02 -8.8097503874e-03 7.2026566913e-02 9.2359583466e-03 7.2394943945e-02 -3.1799454164e-02 -9.8396199000e-02 7.4357819408e-02 -7.7274859355e-02 3.2233842766e-02 -4.2103543508e-02 -8.9231846983e-02 -9.7715741557e-02 -1.4237791207e-01 -1.1383034800e-01 1.2513256824e-01 -1.9830409190e-02 3.0572016607e-02 2.3944118917e-02 -9.6406786411e-03 -7.2059767650e-02 -3.1609191928e-02 -2.1259438811e-02 6.5202506779e-02 -8.9847458040e-03 9.0302955066e-02 1.4494822383e-01 4.7404373052e-02 -6.7931255427e-02 -4.8317168028e-02 -6.7460248739e-02 -4.9359469214e-03 2.9950561668e-02 1.5593374509e-02 4.8726837002e-02 -1.5394745353e-01 -8.4392057273e-02 -1.4913424213e-01 -9.4672988316e-02 -5.7838129915e-02 -8.0084836710e-02 -2.4100320470e-02 -1.3854105654e-01 -3.5553890270e-02 -2.6159013560e-02 -2.1779592164e-02 -1.9424081215e-03 -8.6238250514e-03 6.4726535979e-02 -2.8851113439e-02 -3.2377536463e-02 -1.6649547308e-02 -2.4430472881e-02 1.6964118244e-02 -5.2108367605e-03 7.0904762761e-02
-6.9418896711e-02 3.6013464098e-02 5.6280658551e-02 -8.8585965106e-02 3.6051345246e-02 -1.0567610935e-01 9.2716000043e-02 5.4710849143e-02 -7.5979755003e-02 2.6847787362e-02 7.3133923708e-03 6.6155704666e-03 -4.0004983956e-02 1.1776977594e-02 -4.6554057215e-03 1.1119373607e-01 5.6979102713e-02 -3.0933702472e-02 2.6086013051e-02 1.2370777827e-02 2.0308410496e-02 -2.2148032404e-01 -6.0111775758e-02 -5.3625171843e-02 -2.7503839841e-01 -3.7253166454e-03 -2.3421962997e-02 -1.3073715508e-01 1.0822987535e-02 5.0681673335e-02 2.8976504973e-02 6.5950798235e-02 7.3708903879e-03 -1.8944455182e-02 3.7835343007e-04 -1.2333406106e-02 1.9656509259e-02 1.3042279138e-01 -5.5473982217e-02 5.9935768223e-02 6.6687880401e-02 -3.1768638401e-02 2.1374731569e-03 5.8743683322e-02 6.6345085615e-02 -1.1906939870e-02 -8.4762679415e-02 7.5261265211e-02 -9.5923788986e-03 4.3901400969e-02 -2.6103464570e-01 -2.0687407751e-01 3.6506531868e-02 -3.8413971121e-02 -2.7605803884e-03 -7.8794795496e-02 -6.4625696067e-02 -3.5880817151e-02 -2.7587420375e-02 2.0454698498e-02 5.4039857189e-02 -5.6894118681e-02 -9.0850979941e-02 -3.9749175804e-02 2.2415654510e-02 -9.5444208203e-02 -9.1900250190e-02 2.3473109952e-02 -1.0171504829e-02
-2.9665497911e-02 -3.2083348752e-02 1.7240531259e-01 -1.1045424489e-01 -7.9821225912e-03 -9.2909384790e-02 1.0269444816e-01 3.4686911469e-02 -6.0991803680e-02 -1.7457830255e-02 1.1814656425e-01 2.0753348110e-02 -1.4341686022e-02 2.4630598855e-02 -1.7041526483e-02 4.6146101338e-02 -1.1058920842e-01 5.9751021970e-01 -3.4283690895e-02 -4.0292871108e-02 -8.8438304850e-02 -5.8238618287e-02 1.4894651746e-02 -3.7892995532e-02 -1.7151406256e-01 -7.2541684919e-02 -4.2300854926e-02 1.8504714273e-01 -3.8505035372e-02 7.0964319635e-02 5.2433447591e-02 -3.6045307059e-02 -1.0356454023e-01 -9.6861969521e-02 1.0201844074e-01 -3.9700362916e-03 3.5890339845e-03 9.9862912164e-02 -5.4627631127e-02 -9.8738440984e-02 -5.0795872740e-02 1.0714788555e-01 -4.9999286957e-02 -8.4875885579e-02 9.6139650293e-02 -1.9102386558e-02 -1.1965840511e-01 -9.8817139230e-02 1.5815087439e-01 1.0410072633e-01 -1.2396627517e-01 -1.4896087975e-01 -3.2177034026e-02 6.4321608611e-02 6.2505095615e-02 -3.1489903185e-02 3.6906438174e-02 -1.6683437006e-02 -1.2407366513e-02 7.6224434093e-02 3.2340646495e-02 -1.6637246907e-02 -1.9645220253e-02 1.5182217238e-03 -3.2104917038e-02 -3.7374681836e-02 -1.5071007487e-02 2.9944894851e-02 -7.8431985304e-02
4.5238402329e-02 7.1735652738e-02 -4.4002526410e-02 5.0314695748e-02 4.0762304120e-02 2.2713219323e-02 2.3119358044e-01 2.9139387054e-02 -1.1424154508e-01 -6.7803764303e-03 -2.2217488957e-02 1.2471377895e-01 -3.1118353990e-02 -1.2117307984e-01 1.6315665345e-02 6.0729062563e-02 4.4538225544e-02 3.0491526100e-01 -3.6008159800e-03 4.8820416687e-02 1.9961147058e-02 -2.1091072627e-01 -1.2343426114e-01 -3.8709061703e-02 -2.7472984292e-01 1.2111898910e-01 1.3445046486e-02 3.1142416200e-01 -4.2274127823e-02 5.2822025401e-02 4.6974305952e-02 -5.2429844585e-02 5.4093847164e-02 -3.3189029805e-01 1.7356491033e-01 5.7179413436e-02 7.1718677569e-02 2.2149287039e-02 -1.6642945311e-01 1.5096015712e-01 -5.2833946744e-02 1.0644590974e-01 5.2997525305e-02 1.6151595037e-01 -3.0968611302e-02 9.6296496701e-03 -3.5178629129e-02 -1.7535141393e-01 2.6670287891e-01 1.4140025790e-01 7.7061251208e-02 -1.5089857959e-01 -4.2794553616e-02 -1.1165705479e-02 8.3385393595e-02 1.0474300877e-01 1.7476467610e-01 1.0525783236e-01 -8.9929628761e-02 1.0688471544e-01 4.4357903340e-02 9.4601610251e-02 1.0234951772e-01 2.1418421094e-02 -1.0243524273e-01 1.3399802222e-01 9.2192954911e-02 5.9794724879e-02 3.2643735041e-02
1.7856032067e-01 1.7790715286e-01 9.3330227075e-02 -9.6788227296e-02 3.1082904533e-02 -8.8879277788e-02 -1.3100589824e-05 9.0147799421e-02 4.3914420759e-02 -4.9625267233e-03 7.9983291276e-02 7.8016394935e-02 6.1124473802e-02 -3.7880529424e-02 1.2162812075e-01 1.8339624088e-02 -2.2295432224e-01 -3.6094927228e-01 -1.6579907711e-02 1.7839560043e-02 -1.3799443517e-01 9.7210634455e-02 -1.5761805703e-01 4.6538952923e-02 -1.9365665402e-01 1.5867419331e-01 -3.5030419741e-02 -1.2205055143e-01 -2.3040130629e-02 1.0384376235e-01 -6.0733798334e-02 -8.1762055575e-02 2.5181445194e-01 -2.6117707993e-01 7.3533267737e-02 2.5503160169e-01 1.6826002979e-01 4.7081519273e-03 -6.6613450964e-02 -3.4511511172e-02 -1.1476497265e-01 1.2108291832e-01 -1.8868891038e-01 3.0490068404e-01 -1.1976367170e-01 7.0393714727e-02 1.6321567006e-01 1.5298376646e-01 -2.4375604406e-01 -4.3233622129e-02 -9.7169892478e-02 -9.2883098992e-02 -1.1675824842e-01 6.3622358423e-02 -3.9726610525e-02 -1.9297995019e-01 2.3508869710e-01 -5.5283167691e-02 1.9958140826e-01 8.3370978923e-02 1.1323708639e-01 -6.5457053924e-03 2.1166952986e-01 1.2460667069e-02 1.3297640383e-01 6.3576943674e-01 1.3356663887e-01 1.8406571150e-01 -1.5732249075e-01
3.2531243136e-01 -3.6400027819e-02 -4.3338663146e-02 -2.6891078197e-01 4.0283804907e-01 9.3782904684e-02 8.5315277322e-02 2.1625052866e-01 9.0169894349e-02 9.0073939337e-02 3.8243207835e-01 3.6238121742e-01 -3.7973627368e-01 -6.3505603355e-02 2.3231453985e-02 4.2653761041e-01 2.3880486670e-01 -4.8109502195e-01 -4.1911297975e-01 4.2038886332e-01 2.2352784917e-01 4.0607304217e-01 -7.9421265825e-02 2.4986230810e-01 -3.2440662398e-01 -3.3984321172e-01 3.8714404516e-01 2.8194268301e-01 3.1350529745e-01 4.1945545501e-01 3.8594852272e-01 4.2992460984e-01 -4.5148742171e-02 2.5668071564e-01 2.5260669878e-01 4.3332652359e-01 -1.7606576724e-01 -3.9641656361e-01 -2.6994416180e-01 -4.2117170425e-02 -1.5959102167e-02 3.5992450015e-01 -3.7324585877e-01 3.9228701895e-01 4.1608320057e-01 -1.0786987092e-01 3.8819612735e-01 -5.8848561069e-02 1.6145628171e-01 -9.5397293972e-02 3.9614986432e-01 -4.1146763627e-01 -1.7722496678e-01 -2.4907548219e-01 3.2808139903e-01 -4.2196739726e-01 -9.7124726135e-02 -4.2455927973e-01 -2.6147264346e-01 4.0418779458e-01 -4.0139556782e-01 -3.5646527650e-01 3.6803085824e-01 -4.2058389868e-01 8.8947231074e-02 3.3168537217e-01 -2.8758629702e-01 -2.7226241184e-01 -3.8923527218e-01
-1.1384542079e-04 6.4693773886e-06 1.3305997793e-04 -3.1140122943e-05 3.0824899090e-05 -3.5620572855e-05 -2.4702545710e-04 -1.1884846957e-04 -5.8551098091e-05 1.2282675547e-04 -1.1330147674e-04 2.6888603821e-05 1.0867118456e-04 4.2494982439e-05 -9.2941906833e-05 -1.1367085986e-05 -1.6983444298e-04 4.5925969511e-05 3.3137080692e-05 5.4400551354e-05 -3.0036265735e-05 -4.7609159586e-05 -5.8443209860e-05 -2.6344014474e-05 -1.1842862820e-04 4.4694315085e-06 -4.5361004010e-05 2.5854604650e-05 -1.0183003202e-04 1.6828837834e-04 9.6720653753e-05 1.6087696376e-05 7.9462085864e-05 -9.1557915221e-05 -3.9386622332e-05 -8.2117040278e-06 6.6513147040e-05 1.2595124786e-04 6.2145914595e-06 -8.1636180554e-05 1.4644818701e-04 -1.4254403379e-04 4.8429732134e-06 -7.3014362307e-05 -1.3100511481e-04 -2.2507943709e-04 -7.9137660847e-05 -1.2265987709e-05 1.1909324405e-04 -1.5255010363e-04 8.6372186080e-05 1.2775738116e-05 -4.7583399525e-05 -6.5361231315e-05 -9.4034764178e-06 1.8465381738e-04 -2.0237619652e-04 -1.1239180825e-04 4.7027422533e-05 2.6069674243e-05 -3.3289130179e-05 6.3764640840e-05 -1.1851076315e-04 -5.9198174617e-05 6.8623728014e-05 5.1198043789e-05 -5.6959106005e-05 4.0879521679e-05 -4.1864564074e-05
4.0576183568e-05 7.7216933786e-05 3.8538276266e-06 -3.1796519874e-06 8.3803537926e-05 4.3354346647e-05 1.3603036131e-04 3.2702859656e-05 -5.4668010781e-05 1.6646031116e-04 -1.3736688264e-05 -1.3214627216e-04 -1.4341970099e-04 -4.7039495116e-05 4.5994558756e-05 1.5189255328e-04 -1.5067673072e-04 2.6025664546e-05 7.5453670569e-05 1.0558120723e-04 3.5652993247e-05 -1.3352558024e-05 -1.1640125182e-04 8.9119041272e-05 1.9469855539e-04 7.1941619993e-05 4.7300882268e-05 -1.2665608770e-04 1.0417289021e-05 -1.0694052648e-05 -4.7227699527e-05 1.4336217194e-04 1.3332111788e-04 1.3457975171e-04 2.1953566206e-05 3.2721340819e-05 -8.2732538608e-05 1.1961091210e-04 9.2931299798e-05 -4.4580735900e-05 5.7734715204e-05 -9.3437641574e-05 -4.5585706226e-05 -1.0117335117e-04 3.3579193868e-05 5.5894039020e-05 3.7826826048e-05 -5.9752728638e-05 -6.9214419392e-06 -1.6021511344e-05 6.1650590696e-05 -7.2635888216e-05 -6.9685699898e-05 4.7684844135e-05 2.7890716453e-05 1.6574239997e-05 1.0171768889e-04 1.0599227646e-04 9.5913757383e-05 3.0519746286e-06 -1.0695789543e-04 8.6517884881e-05 1.3974286498e-04 1.1271796864e-04 -2.0847793426e-05 -3.0152099369e-06 -2.1802703345e-05 -3.2440669035e-05 -8.1057702214e-06
4.1145490205e-01 2.6470293086e-01 1.3923531862e-01 2.7079535479e-01 7.1271744534e-02 -2.9527123956e-02 3.0227876347e-01 -3.6728727740e-01 3.6203497533e-01 -3.6983789548e-01 -3.8052543180e-01 -4.1293381886e-01 -4.2274279938e-01 -4.1815439225e-01 -1.5590602994e-01 2.4729200498e-01 2.9587806484e-02 -2.3836490107e-01 4.2524609576e-01 -2.0426742796e-01 1.3753364914e-01 -4.3251086339e-01 2.1879641539e-01 2.9182358546e-01 -3.9833513410e-01 -3.5777579138e-01 -2.4952910723e-01 -4.7646261220e-01 3.2686016275e-01 -1.9804792385e-01 6.9279223970e-02 4.0504101175e-01 4.3292519305e-01 -3.0798304727e-01 3.2982807167e-01 2.4156768106e-01 3.4674458398e-01 -3.8758631385e-01 3.9110721018e-01 4.1613625104e-01 -4.3504100529e-01 3.3465590465e-01 -1.3212575172e-01 -4.0746580511e-01 3.8793899593e-01 -9.1346608023e-02 -3.2098712371e-01 4.2665897405e-01 -3.5104361830e-01 1.0695720460e-01 -3.7274119366e-01 -9.6755955121e-02 3.9407252907e-01 -2.0469546695e-01 1.7072267232e-01 1.4213086668e-01 -6.7632307687e-02 2.0769943388e-01 1.2040660178e-01 -2.0148985700e-01 -3.9198801342e-01 -4.1065409589e-01 -5.6355254979e-03 3.0723286113e-01 3.7839977991e-01 -1.1925470961e-01 6.6058634065e-02 1.1985508260e-01 -3.4994021953e-01
1.0002567905e-01 -5.8054033823e-02 1.9616541650e-01 4.0951423440e-02 -1.4793648719e-02 4.0255650989e-02 4.8179444868e-02 1.2655126674e-02 -1.4575222746e-02 -6.6921415439e-02 -1.1508715294e-01 2.0931074861e-01 1.8037581596e-02 1.9701546016e-01 -1.4183093912e-02 -1.2894695176e-01 -2.6628167158e-02 -4.2800922411e-02 4.2983123566e-02 -3.6649123110e-02 1.8528719772e-01 1.5288210977e-01 6.9032352774e-03 -2.1136428740e-01 -5.9683101602e-03 2.4558463193e-01 -1.9659376376e-01 -1.2397300806e-01 4.3577563668e-02 1.3157068081e-01 1.8076052888e-01 1.0047149771e-01 -2.7436145337e-01 -1.8163461181e-02 1.0937340120e-01 -1.0900128543e-02 -1.4881680762e-02 1.9344183855e-02 -1.2144600969e-01 2.6382427848e-01 1.5330818918e-01 1.1326469952e-02 1.0821921669e-01 1.0260030297e-02 -2.1019597053e-01 1.1929942393e-01 2.9932412328e-02 -1.2699571998e-01 1.8861720404e-01 4.0430140594e-02 -2.2064171735e-01 -3.3966877346e-01 -7.6983434413e-02 6.4315318361e-02 -7.3827919481e-02 -1.6481325544e-01 4.0788365177e-01 7.8321335164e-02 -9.1247196432e-02 2.2014228470e-01 2.1749315131e-01 -1.6357252066e-02 -6.9884003283e-02 1.4142750044e-01 3.0757939949e-01 7.3102161882e-02 -2.3891805899e-01 -1.0601142427e-01 -2.1705143605e-02
-3.0205869389e-02 -7.7767397879e-02 7.6563597491e-02 -6.8039119072e-02 3.8358332645e-02 -1.0589521830e-02 -1.0514616353e-03 5.1746618685e-02 -1.4250784235e-02 4.9077264128e-02 1.0097079307e-02 -5.6377797205e-04 5.6525428804e-03 4.1636674226e-02 6.4113965238e-02 1.3728706599e-01 -4.6970294348e-03 1.8188028655e-01 -7.0988960844e-02 -9.6685098180e-02 -5.0828998365e-02 -1.1139430561e-01 -2.6456325944e-02 5.5457119224e-02 2.6369326100e-03 2.6823670471e-02 -3.2304526350e-03 1.9018660579e-01 -1.1419999570e-01 1.4986086679e-02 6.0280999722e-02 -4.5602448643e-02 -1.6078142763e-01 -1.1150111294e-02 8.1422329501e-02 5.4619869485e-02 -1.1769940302e-01 -1.4378491568e-02 9.9277223344e-02 -1.2135815640e-01 3.4589274272e-02 -8.7392089080e-03 -9.6315053464e-02 9.4008523189e-02 8.5938699723e-02 3.8303014302e-02 1.4220735052e-01 -1.5752161724e-01 -7.4815355906e-02 2.0045995712e-02 2.2519020686e-02 -1.0256478865e-01 -3.5338193282e-02 7.3259994989e-02 6.0176088326e-02 -1.5926723035e-01 -2.5715021641e-02 -1.0125658879e-01 -8.5738002058e-02 4.2552405805e-02 -4.6325439092e-02 -2.2340350437e-02 -2.7905460228e-02 2.2334461333e-02 -1.3301360604e-01 2.7562556485e-02 -1.3373446008e-01 -8.0098021704e-02 1.5061773942e-02
8.3704417627e-02 -7.5206354025e-02 7.9683838620e-02 4.4081892608e-02 2.1498828903e-02 -5.3598262987e-02 1.6845638974e-02 -2.9180248255e-02 -7.1467170193e-02 6.2609750441e-02 1.0742885150e-01 6.9644643987e-02 -7.8820239551e-02 9.0222328837e-02 1.8813831614e-02 1.2522307656e-01 -1.0027280664e-02 5.9378032485e-01 5.0032284703e-02 -2.1525257895e-02 4.4926775912e-02 1.3502945821e-02 2.1420534704e-02 -8.3605320642e-02 -3.0029459720e-02 -9.7780285378e-03 -2.8064913261e-02 1.4237466304e-02 -4.6636832157e-02 -1.6026271985e-02 3.3226454419e-03 8.2281813378e-02 -2.6309360020e-03 -8.6846596623e-02 6.7672842253e-02 4.2101429002e-02 -9.2619015435e-03 -9.6074569345e-03 4.6824102063e-03 5.7966320585e-02 1.1556144102e-01 -5.4687736310e-02 -6.9966676847e-02 5.0155910713e-02 1.8730692620e-01 -7.2086559259e-02 -4.9938694489e-02 -7.3784575714e-02 8.2749340323e-02 2.5143794463e-03 -2.9419501384e-01 -1.3979378420e-01 1.0867351654e-01 2.0452773486e-02 -1.8797839544e-03 5.6646369240e-03 7.3595675453e-02 7.8428685820e-03 1.7066987432e-01 -4.5614146669e-02 5.5452454241e-02 -1.2970436865e-02 3.9003322670e-02 -6.1776876608e-02 6.2318401873e-02 5.6070804781e-02 -4.9465421227e-03 7.1898809873e-03 4.8219794927e-02
-1.0867055844e-01 2.5255046762e-02 3.8145279047e-02 1.0273269250e-01 -3.2425447571e-02 -3.2891158954e-02 -3.2455220930e-02 5.2230936832e-02 2.9154201015e-03 -2.4135043496e-02 6.5769931691e-02 -2.3412640012e-02 2.0053274778e-03 4.1825609734e-02 7.3718717242e-02 3.3433957510e-02 7.0643359882e-02 -3.2744939623e-02 4.1652781882e-02 -3.8157209288e-02 1.0831122536e-02 1.0717114019e-02 -7.7501080320e-02 -1.5411826499e-02 -4.6045349741e-02 1.1694470182e-01 -1.7269960311e-03 -2.5709548919e-02 -9.1759678894e-02 -3.1777176717e-03 1.3016085343e-02 4.3848636591e-02 -3.5433798271e-02 -4.4647673337e-02 1.4128614186e-01 -1.4692726777e-03 -2.3768170166e-02 4.0644394218e-02 -1.0452996509e-03 5.7496737953e-02 4.3679023837e-02 4.3265479293e-02 1.7716857924e-02 9.1545445969e-02 8.7281081804e-02 2.4167173787e-02 2.9458356396e-02 -2.0153393327e-02 4.0612648281e-02 2.6248667601e-03 -6.7588945957e-02 -1.3327420498e-01 2.1042375451e-02 -5.6240870587e-03 1.0059710467e-01 -4.1075338424e-02 -3.6198846328e-04 -3.6780328057e-02 5.1374409188e-02 2.0146164104e-02 6.2648175766e-02 5.3305982404e-03 -4.9566239955e-02 -7.9294713409e-02 -7.2832626313e-02 5.0955762548e-02 6.1286778943e-02 6.0965532499e-02 -1.8430640138e-02
1.2518958644e-02 -1.4521813004e-02 8.6199707542e-02 -4.9305006991e-02 -1.2391260316e-02 -2.3835432559e-02 1.7775108643e-02 3.9188923802e-02 -3.6489860204e-02 4.2402102555e-02 5.5768207836e-02 2.0103750430e-02 3.3534004395e-02 1.3030424434e-02 -2.0295980464e-02 3.7940269206e-02 5.2491273528e-02 3.0013641922e-02 3.7174705589e-02 6.0954469473e-02 -7.2217718964e-02 2.1843417761e-02 -7.0812521092e-02 7.4162174000e-03 6.8372379771e-02 6.1482805032e-03 6.0644339221e-02 9.8295152919e-02 -2.5515400558e-02 2.2863434661e-02 -8.2969456756e-03 5.8663618252e-02 -1.8690508543e-02 5.1430709191e-02 8.5158604864e-02 3.1877199262e-02 1.2700181148e-02 -3.1952250341e-02 -2.4807310302e-02 -7.6999746651e-02 6.4315755621e-02 5.2248703640e-02 -3.3783107315e-03 4.4280030119e-02 4.0868901329e-02 -7.2348633668e-02 3.0570317951e-02 -6.9566202403e-02 5.8240533029e-02 -1.8120982507e-02 9.4698251115e-02 -2.8269431721e-02 2.2803240436e-02 3.8852298243e-02 8.6649945381e-02 -8.2602818008e-02 6.1110088457e-02 2.8912298275e-02 1.1902728908e-01 -1.0675876628e-01 6.1868383679e-02 -3.0098274047e-02 6.9677424678e-02 4.1590302686e-02 -2.6025203017e-02 1.0199240584e-01 4.4334528856e-02 3.7494155205e-02 2.8608689759e-02
2.5162604405e-02 -2.5364367309e-02 1.8977158139e-02 -4.4730981150e-02 -1.1509322077e-02 -4.7994261011e-03 3.2284354643e-02 2.4074961194e-02 6.1210063861e-02 3.7986820264e-02 4.0522380616e-03 -1.1761659845e-02 1.0818436321e-01 -3.3787438541e-02 2.7267802389e-02 4.6222473291e-02 2.0453890133e-02 -4.1513442557e-02 -3.0253426932e-02 4.3186236630e-02 -5.2031966056e-02 4.0907391126e-02 -9.1390972598e-03 3.4558938039e-02 1.3173462777e-01 5.5753078521e-02 7.3401349550e-02 2.4026386207e-01 -5.8922677299e-03 -3.0711646885e-02 1.5210251659e-02 1.7974952948e-02 -4.4494511724e-02 6.8369895909e-02 7.1543255011e-02 9.5942136664e-04 -7.1731922977e-02 -3.3475139113e-02 -8.2868157907e-03 -8.9244413225e-02 -6.2103154361e-03 1.2913512487e-01 -1.1095647300e-02 3.2166714312e-02 -5.8777491477e-02 6.7355583270e-02 -2.2106789740e-02 -3.5159682098e-02 5.7764429211e-02 -5.9270826058e-04 1.6078291770e-01 -2.4075224405e-03 3.0369431447e-02 6.8117837827e-02 1.0257463720e-02 -1.6642401487e-02 1.1444390733e-01 1.5783495508e-02 -4.1119547334e-04 -2.0543237137e-02 -2.8993712718e-02 -3.1313355843e-02 5.0443063630e-02 -1.8275982435e-02 -2.8785054720e-04 8.8818907058e-02 -1.4063381224e-02 1.3901636631e-05 9.2441989803e-03
9.4899926787e-02 1.3227599480e-02 4.2973651301e-02 -8.0016860961e-02 4.8675997080e-03 -8.4937077127e-02 8.3963307952e-02 -1.6063507108e-02 3.2214439651e-02 7.4908271484e-02 6.5380273462e-03 -3.6167817411e-02 7.0424348109e-02 1.0252063814e-02 -7.7883963261e-03 -1.8161105518e-02 -7.1170127761e-02 -1.5138841611e-02 -3.8230620808e-02 4.3931507532e-02 -5.2836640087e-02 5.5251104400e-02 2.4557900406e-02 2.7178575529e-02 7.8379303382e-02 3.3886649798e-02 3.8958814709e-02 5.4320568704e-02 -1.7386121044e-02 -4.2944664123e-02 -1.1722247612e-02 1.7676205604e-02 -6.7199993273e-03 4.8303026543e-02 5.3314223290e-02 2.6480086024e-02 -4.2802477009e-02 1.4513134639e-02 -3.9903912698e-02 -5.2846003501e-02 -3.1458869144e-02 1.7042463769e-01 8.3167223276e-03 2.6976184822e-02 2.8868488603e-02 7.9777243395e-03 -9.7532690989e-02 -4.5089484897e-03 6.0269745742e-02 4.4420865381e-02 1.7112695189e-01 -5.3868240374e-02 -8.6578039286e-03 7.8840201980e-02 -8.1734024732e-03 6.1071304397e-02 7.9736283065e-02 -7.5372674053e-02 3.0409836766e-02 -1.5384078850e-03 -3.4501208902e-02 2.0775938871e-02 4.3369497125e-02 4.5822134410e-02 2.4264710426e-02 5.6015449199e-02 -4.8669332856e-02 2.1893863883e-02 2.5630656064e-02
3.2124272396e-02 3.3954297784e-02 -2.8694380538e-02 -2.7016177887e-02 -8.5473490786e-03 -4.7647104560e-02 6.6398749479e-02 1.1181418028e-02 -1.7017727987e-02 1.4828290754e-01 1.3043053781e-02 -3.6631985449e-02 -3.2792184182e-02 -3.9195173614e-03 2.3684801700e-02 -3.9477094196e-02 -3.8313731307e-02 -6.8718690292e-03 -6.2780932012e-02 2.2626133600e-02 -1.5918994313e-02 7.8311133187e-02 8.9622530143e-02 -1.6965781321e-04 7.0780569058e-02 -3.3942165077e-02 7.0030065029e-03 -1.4414084041e-02 -2.9119666180e-02 -5.5899269479e-02 -1.0369827366e-01 -1.6424619735e-02 1.8291526817e-02 3.7543552151e-02 4.0524983646e-02 4.3112887354e-02 -4.3369150420e-02 1.3572743418e-02 -2.3113550592e-02 3.6579596433e-02 -1.8822714920e-02 1.7627689664e-01 1.7433523651e-02 -2.7386209481e-02 2.0596445007e-02 -8.9283108644e-03 -5.6244379376e-02 -5.3468746039e-02 -2.7151774498e-02 5.5943199462e-02 8.2491009319e-02 -2.6081992258e-02 -9.7881924670e-03 4.1333873348e-02 -9.3945776875e-02 9.1613118422e-02 6.1123059516e-02 -6.5200904077e-02 4.6372733475e-03 -2.3948350851e-02 -3.5118645591e-02 9.1054812550e-03 -2.7404163609e-02 4.0533656448e-02 7.5688406277e-03 -3.6291286190e-02 -2.7347291736e-02 7.2515109623e-02 6.3605705880e-02
7.9547594545e-02 3.8725963832e-02 -6.2230692825e-02 7.7595127977e-03 3.3804357596e-02 -2.5951341864e-02 3.7231653888e-02 3.3921978596e-02 6.1534418237e-03 8.0413395371e-02 -7.1388115513e-02 3.6439746946e-03 -6.9549341165e-02 -2.4021608404e-02 -3.9870630599e-02 -5.7585524844e-02 1.1415958823e-02 1.1305970868e-01 -7.6642822617e-02 -3.4670813503e-02 6.9349353578e-02 7.1571155348e-02 9.4074586781e-02 -2.4496725489e-02 -3.4484758247e-03 -3.1014729151e-02 1.5794720271e-02 4.4657308206e-02 -2.6392251344e-03 -4.1612092745e-02 -5.8928448997e-02 -6.0434460639e-03 1.9264141456e-02 6.1177721858e-03 -2.1322604259e-03 3.7049032440e-02 -1.5571218121e-02 6.0925888176e-02 -1.9562654929e-02 8.8741532492e-02 -1.3046017565e-02 1.6189346946e-01 3.6463278920e-02 -5.6511539024e-03 3.7766732071e-02 -2.4354086806e-02 -5.1476914739e-02 -1.3937928871e-01 -6.2611777050e-02 6.6004309232e-02 4.3530521009e-02 -5.8160585915e-02 -2.5794197482e-02 3.9403811586e-02 -1.2690182520e-01 1.0400731931e-01 -1.6989083550e-02 -7.6498493230e-02 9.1742371386e-03 -3.2765741942e-02 -1.0814682195e-02 5.5757920368e-03 -4.2523669289e-02 5.7605506528e-02 1.3483563614e-02 -9.9236724943e-02 -4.2285209068e-02 2.0429714513e-02 7.9970025383e-02
8.1842229828e-02 6.1542346149e-03 -1.0955756397e-01 3.8905481272e-02 3.3000259739e-03 4.0893703569e-02 4.0981505134e-02 2.3802423124e-02 5.3035143784e-02 2.1797722508e-02 -1.0945735675e-01 -2.7721335449e-02 -1.1346471530e-01 -2.8588798146e-02 -1.1001467567e-01 -1.9102210325e-02 1.4264769799e-01 4.0799176905e-01 -5.1870333713e-02 -4.8994743087e-02 8.9280139781e-02 3.4861904451e-02 3.8351239274e-02 -2.8552339436e-02 -1.2535201177e-02 -2.4678756741e-02 8.1294757869e-03 -7.3223762999e-03 -2.6518561381e-03 -2.3199217554e-02 -7.6106637712e-02 -3.5345563700e-02 1.1351994785e-02 -2.4905429692e-02 -2.2783168589e-02 -7.0496466631e-03 4.1918983479e-02 2.2066457731e-02 2.3034063850e-02 9.2065855147e-02 -1.8418307307e-02 1.2818570932e-01 1.6385849288e-02 -2.0605489415e-02 -4.9259558419e-02 -1.1488972308e-02 -8.3220102821e-03 -1.5145672468e-01 -4.5472901198e-02 7.9075894936e-03 7.2985127733e-02 -3.5068209021e-02 -4.2905144417e-03 -2.7859745566e-02 -1.1934963958e-01 -5.9118149703e-02 -8.8997832578e-02 -8.1846598554e-02 2.1292828326e-02 -4.6313183505e-02 1.0918830124e-02 1.7514272734e-02 -5.2883602679e-03 7.6027470256e-02 2.2287737299e-02 -1.0310838377e-01 -2.1940206331e-02 6.1029186931e-03 5.4301007455e-02
7.5864818824e-02 1.5863609635e-02 -1.0491284710e-01 4.7249214545e-03 1.3356613585e-02 1.7815424574e-02 -2.3658168052e-02 4.2051356947e-02 9.2684163501e-02 1.9490864842e-02 -4.4707693792e-02 -5.4711839938e-02 -2.5029883439e-02 -9.8638939871e-02 -5.9537053806e-02 -1.5847464275e-02 1.8547596968e-01 1.9472193019e-01 -1.4989108083e-02 3.3032442000e-02 1.0930744327e-01 -2.0014937493e-01 1.2723303651e-02 -8.0182065233e-02 -2.7501131334e-02 6.2617307651e-02 5.0120923929e-02 -1.9725971607e-02 -1.0518772042e-02 -2.8370565734e-02 -1.2478031158e-03 6.4847975704e-03 -2.2783477463e-02 -5.5730136390e-03 -6.5899554331e-02 -6.3149953190e-02 1.0075117059e-01 -2.8686815018e-02 -1.3143365237e-02 -2.8738059340e-02 -1.4007731314e-02 2.7685584215e-02 -3.4619851302e-02 -5.4469106762e-02 -6.7895206859e-02 -5.0618977032e-02 2.5045293465e-02 -8.0741124853e-02 -4.6946336606e-02 -1.7234550215e-02 9.1257648812e-02 6.1472741507e-02 -1.6505429962e-02 -2.0728513939e-03 -4.5272562003e-02 -7.8710686896e-02 -1.3068848326e-01 -5.9319594183e-02 5.2720313637e-02 -4.9532706975e-02 3.8741424264e-02 -5.2268744360e-03 3.4919753355e-02 6.3477102897e-02 5.2976243977e-02 -6.2332544930e-02 7.4331124105e-02 -1.2176343845e-02 1.6593515994e-02
3.4610149218e-02 -3.2481266947e-02 -2.6680081407e-02 1.1836737940e-02 9.5080105136e-02 5.7280940830e-03 -9.5728846156e-03 2.0410952704e-02 4.5612660191e-02 1.6526107922e-03 3.6999423335e-03 -6.7860707194e-02 5.1423911378e-02 -7.4244502189e-02 -2.1765040483e-02 -2.7513100501e-02 1.3257131841e-01 -6.7009523077e-02 -1.2324450419e-02 1.0603017126e-01 8.8656024605e-02 -2.4349138417e-01 -2.4140774417e-02 -1.0080284386e-01 -5.5185129596e-02 1.5645876105e-01 -2.5704059199e-02 2.5444386916e-02 1.4861464075e-02 2.6121097431e-02 1.0634259714e-01 3.0229016555e-02 1.6422329335e-02 -4.1705145800e-02 1.3655068767e-02 -6.0580333501e-02 6.9509251075e-02 -9.5526734289e-03 -1.0361912314e-02 -7.4423976596e-02 -6.4795044835e-02 -8.2703215045e-02 -7.5165375655e-02 -4.3681220743e-02 1.8234815807e-02 -8.8691217029e-02 -3.6449760016e-02 -1.4091376262e-01 6.2976456528e-02 -2.5931783183e-02 6.4870486811e-02 8.3201847651e-03 -7.3522908456e-03 -1.3968874910e-02 6.3720140038e-03 -1.8879745945e-02 -1.2093235822e-01 -4.1903541244e-02 2.0257452162e-02 3.2172048313e-02 6.7524399589e-02 -2.0949180037e-03 6.9566437373e-02 -3.2690326907e-02 5.5862165271e-02 -1.7570531283e-02 8.5652835379e-02 3.8559629417e-03 -3.0187857078e-02
-3.6264297210e-02 -1.1203654733e-02 2.1766776502e-02 -2.9339018050e-02 1.3087109476e-01 -2.5961423395e-02 -3.7094388862e-03 4.1650593894e-02 7.3399383727e-03 5.5182291354e-02 6.1969910892e-02 -1.0541069053e-01 1.1166935751e-01 -2.8955130709e-02 6.1951583897e-02 -8.0736779374e-03 4.1483156043e-02 -2.6507545991e-02 -4.4421679362e-03 1.1733818041e-01 4.8548146409e-02 -1.4535060022e-01 -4.6689617218e-03 -9.6954734431e-02 2.0087014594e-02 3.9036583469e-02 -6.1194432829e-02 -6.9237451262e-02 4.9195952352e-02 1.7842762291e-02 1.1204190030e-01 9.8879391290e-03 2.6272403772e-02 -2.0791122117e-02 -8.0917970921e-03 -2.4034880082e-02 1.2397452304e-02 3.3672099351e-02 2.6235037221e-02 -1.0427866694e-04 -6.5265911688e-02 -1.1731347065e-01 -6.0647958044e-02 -6.5359256697e-03 7.4250810664e-02 -6.0480519606e-02 -1.8744575235e-02 -1.0976089838e-01 6.7879434686e-02 8.8866929441e-03 3.5105725429e-02 -2.9734347098e-02 -6.8216350427e-03 -3.8161739952e-02 -1.1644654831e-02 1.3965321914e-01 -1.0873717998e-01 -3.5850151876e-02 -1.0003639260e-01 1.2370008234e-01 3.4881945142e-02 8.8989435438e-02 2.9350226405e-02 -1.3430643708e-01 4.0891303714e-03 -1.2107076127e-02 5.0467269998e-04 2.3253214608e-02 -6.7656299975e-02
1.7364153656e-03 3.1985177309e-03 6.4458042688e-02 6.4282486018e-02 1.2905534863e-01 -5.6617688517e-02 3.1001177801e-03 3.5144596978e-02 -4.3547492107e-02 4.6856278111e-02 8.4706620391e-03 -5.8908515831e-02 5.9974349719e-02 5.4857548253e-02 9.2194719681e-02 -4.3282630327e-02 4.2086618631e-03 -3.4247357366e-02 -2.9833570826e-02 4.5310699969e-03 2.1946162982e-02 1.6538239091e-02 5.1319931458e-02 -8.4078934911e-02 5.8129598492e-02 -6.5342811714e-02 -1.1672878519e-01 -4.1479864408e-02 -8.4790380090e-03 -2.6408115631e-02 6.0359901110e-02 2.5943173200e-03 2.5423861224e-03 2.5112607619e-02 -1.4168225520e-02 4.7355085506e-02 -3.5964585651e-02 1.3098532892e-02 3.8368668527e-02 6.2194797182e-02 -1.0547338966e-02 -1.6191432381e-01 2.6202862352e-02 2.2863896479e-02 -9.7208384593e-03 -2.7259130139e-02 6.7972203001e-02 -3.2055466401e-02 -6.4299072746e-03 3.0570881373e-02 2.8195126678e-02 -9.1547388212e-02 2.5260390818e-03 -3.9173766390e-02 -9.2413871008e-02 1.3680276073e-01 -3.4897568150e-02 -1.1306295750e-01 -1.4651991176e-01 6.1467792056e-02 2.1644287729e-02 1.2325297597e-01 1.1911282711e-02 -1.4057118776e-01 -5.6925227586e-02 -2.0360477993e-02 -9.5237888009e-02 4.7708648862e-03 -2.7350440195e-02
2.3802645458e-02 9.1597981282e-02 6.6037451705e-02 8.3885813172e-02 2.5081979063e-02 -2.6570645157e-02 3.6181282245e-02 1.6697606136e-02 -2.7675066173e-02 2.3244411959e-03 -7.0967033103e-03 2.3019657681e-02 6.2272383609e-02 7.1116106021e-02 6.6483015396e-02 -6.0631395990e-02 4.1163413936e-02 1.0038303985e-01 -1.3927784470e-02 2.3437520651e-03 -1.7593344931e-02 8.9989523291e-02 6.2247668095e-02 4.1840801882e-02 1.2608424252e-01 -1.9514837574e-02 -2.3493721804e-02 3.4191024657e-02 -7.4032193977e-02 -4.2191163845e-02 -5.2113686446e-02 8.2857404392e-03 -3.8090954571e-02 7.5078850349e-02 -1.6046150830e-03 3.5981344902e-02 -1.6388481449e-02 -9.5434815444e-03 -3.5020329398e-02 1.0566537813e-02 6.7360185268e-02 -1.6885429687e-01 3.1702867384e-02 5.9594648355e-02 -9.1995624773e-02 -6.1650625468e-02 1.0887034661e-01 -3.7266358585e-02 -2.9724609974e-02 7.5205342811e-02 7.4724834946e-02 -1.5918677596e-01 -1.3105555971e-02 -4.1572841009e-03 -1.0621530911e-01 1.8179916299e-02 7.6613879985e-02 -9.6757063804e-02 -9.8941529889e-02 -9.1999603561e-03 4.2949090734e-02 1.0454952112e-01 1.6721117777e-02 -5.9128232353e-02 -1.1728943739e-01 3.8815060568e-02 -1.1187459770e-01 -2.0948358223e-02 1.2093575096e-02
3.3777047912e-02 1.2664254731e-01 1.4768855277e-02 1.6821284961e-02 -7.5611869620e-02 -6.1414968446e-03 5.1023871204e-02 3.6197419595e-02 -2.3371922749e-02 -7.5479512303e-03 -2.0057895189e-02 1.1006082335e-01 5.4118615261e-02 -1.6995490421e-02 8.0837549994e-02 -5.4447604484e-02 -6.0110261086e-03 1.1411804115e-01 -2.2799287315e-02 2.7102057773e-02 -2.2785236051e-02 -4.3061308223e-02 4.2324303034e-02 6.8406361040e-02 8.3486253968e-02 7.3976503477e-02 6.9727140391e-02 6.6369823080e-03 -6.6288481889e-02 -1.5208144667e-03 -9.0855398509e-02 -8.1865098367e-03 -1.6226883787e-02 1.0931862788e-01 2.6807428348e-02 -4.2223169118e-02 -2.2006792617e-03 -6.6890146862e-02 -7.8620017403e-02 -1.0191524773e-01 9.7508262535e-02 -1.5377919249e-01 8.9902960306e-03 3.8948249361e-02 -8.9954368097e-02 -6.1553984754e-02 1.6180539652e-01 -2.9790691511e-02 -1.9490089083e-02 -3.9395524953e-03 9.3867598656e-02 -2.0398475743e-02 -4.6736802771e-03 4.4249450604e-02 -5.4305765940e-02 -1.9819545062e-02 7.9982180885e-02 -4.5257368601e-02 3.0453366379e-02 -8.5185683279e-02 3.6853557582e-02 8.7117071328e-03 3.0580923029e-02 4.8596192672e-02 -1.1587672235e-01 -1.4922045473e-02 -3.2477683061e-02 1.8112145754e-02 4.0954563659e-04
5.0080352197e-02 6.8856047389e-02 6.5392504085e-03 -7.1687005987e-02 -8.6209209302e-02 1.6176302715e-04 3.2322819697e-03 -9.2865514701e-03 3.2086000042e-02 -4.9306880684e-02 -1.0011396100e-02 9.1341557141e-02 8.0774529561e-02 -7.5627380632e-02 4.4663129409e-02 -3.8440849855e-02 -5.3519623042e-02 6.8029207786e-02 -2.7293867370e-02 2.1482587273e-02 3.9105759322e-02 -1.4170403506e-01 5.2853990878e-02 -1.1279115562e-02 2.2120483591e-02 8.8034380778e-02 7.8191335791e-02 1.4819107752e-01 -5.8442700186e-02 1.4700377677e-02 -6.5246790250e-02 5.4394002868e-02 1.7013093131e-02 8.0676933807e-02 3.3122122678e-04 -8.2868038930e-02 1.3984829397e-02 -7.8449933911e-02 -4.8766133067e-02 -1.1645419463e-01 7.3312067328e-02 -1.4064671399e-01 2.2337463806e-02 -1.7347521900e-02 -7.1734931389e-02 -9.4067633355e-02 9.8181180183e-02 -8.5562653381e-02 -1.1148740108e-02 -1.3917167829e-02 1.3972754837e-02 6.4378154036e-02 1.7268445641e-02 4.8739802936e-02 -5.8187576890e-02 6.9202079558e-02 5.5875306815e-02 -1.7845937075e-02 7.3585496836e-02 -2.6054973539e-02 -2.1129631614e-02 -4.4786012462e-02 1.9929475358e-02 1.2080197693e-01 -1.2499584510e-02 -6.6065224713e-02 2.1117599263e-02 -5.6965707885e-02 -3.0899139878e-02
8.8449476342e-02 6.5631362092e-02 -9.4337752940e-03 -1.1976912711e-02 -1.2057687954e-01 -1.3054201212e-02 4.9027204409e-02 -3.2171858955e-02 -5.0252289769e-02 -5.9579666928e-02 -3.2168621791e-02 5.4193323818e-02 -1.7642247769e-02 -4.8298957736e-02 3.5183159048e-02 1.1215922405e-02 -9.9356748059e-02 9.2189285393e-02 9.4154499279e-03 9.8334232314e-03 8.1692556343e-02 -2.2091603916e-01 4.1924757142e-02 -9.2550264635e-02 -2.6447906172e-03 5.9466196204e-02 2.4058279182e-02 7.7958489080e-02 -2.0808268388e-02 9.0021717836e-03 -5.7751803341e-03 4.1635014287e-02 8.7515738914e-02 3.9177794795e-02 -2.7277075715e-02 -7.8463131319e-02 4.3725608471e-02 -4.8972995510e-02 7.7535862651e-03 -2.2647620553e-02 1.2833957768e-02 -7.2987279864e-02 -2.1614979997e-02 -5.0748654230e-02 -1.1123760715e-02 5.6384229674e-03 -1.9644874997e-02 8.0927177654e-03 2.2747527145e-02 -1.0183948505e-02 -1.6141003569e-01 6.2920444903e-02 4.7405130343e-02 2.7242688514e-02 -7.3658439735e-02 9.8236621060e-02 4.2063615578e-02 -4.6630884546e-02 2.3777622417e-02 2.0336476766e-02 -9.1202705246e-02 -1.8584528581e-02 -2.2524276978e-03 1.3527373145e-01 4.7458894654e-02 -2.5190649149e-03 3.8264915094e-02 -6.8703430861e-02 -2.9335338373e-02
1.0268822279e-01 -4.2193251083e-02 1.6744853145e-02 4.5493065434e-02 -6.4867357865e-02 -9.1548080172e-02 -3.4219266022e-02 -6.1136632129e-02 -2.2998793663e-03 -5.6967202745e-02 3.0961194193e-02 -4.3510744228e-03 -5.0622255557e-02 4.0622542986e-02 -1.5478013208e-03 4.5751744047e-02 -8.7692717401e-03 1.6921959714e-01 3.5014126457e-02 -5.8096703617e-02 8.3685764828e-02 -8.7126779130e-02 5.9337888947e-02 -1.3786995138e-01 -1.5549724116e-01 -3.8820913867e-02 -5.1560429151e-02 -9.1333108225e-02 -5.1662886111e-02 4.0907748588e-02 -2.4224103063e-02 5.7935332998e-02 1.2450199165e-01 5.2747199768e-03 -4.9549332828e-02 -7.4817052385e-02 -2.3377928235e-02 -3.8324262245e-02 4.9966481517e-02 4.7535074683e-02 3.8397371509e-02 4.9341656649e-04 2.0099245194e-02 -2.3770354703e-02 1.2490536917e-02 -4.8244734214e-03 -3.7060633452e-02 4.2363586539e-02 4.2107503839e-02 -8.1662631574e-02 -2.4658646022e-01 -5.8149475873e-02 4.1095013122e-02 -2.4589393108e-02 -7.7503903489e-02 2.1525678639e-03 2.5674661368e-02 -4.3747901909e-02 -1.3614217475e-03 4.3809584146e-02 -6.8124088781e-02 2.0921894407e-02 -1.8899168345e-02 5.3104504810e-02 8.7114223115e-02 -9.2661326452e-02 3.9990751993e-02 -1.1059371922e-01 -9.6554431933e-03
5.9078652849e-02 -2.3600043485e-02 2.7012094235e-02 1.5865388501e-01 -2.4436035908e-02 -6.2076481172e-02 -3.2182993443e-02 -7.2677552576e-02 -5.1601740347e-02 -9.4898746788e-02 2.5011395974e-02 7.4623031081e-03 -8.7073762364e-02 2.8210725384e-02 -1.6184535324e-02 3.7338165813e-02 2.6862858537e-02 2.2610362633e-01 4.8996340238e-02 -1.0312943824e-01 3.6842424608e-02 2.3496050392e-02 3.6740641945e-02 -1.4777379078e-01 -1.1379675555e-01 3.5990756255e-02 -7.7099683203e-02 -7.1734216638e-02 6.9699818669e-03 2.7937135966e-03 4.9333767288e-02 1.0462064838e-02 8.8585948417e-02 -6.0495071154e-02 -3.3394116963e-02 -1.9038304168e-02 -1.0099964197e-03 -1.1919433807e-02 3.8563557942e-02 4.1907100129e-02 -1.1835582195e-02 -1.7877607061e-02 -2.9180200981e-03 1.1602099657e-03 1.3089821750e-02 -9.6878494958e-04 -2.8320240727e-02 5.5332528300e-02 1.2396690297e-01 -5.0660698923e-02 -1.0919825387e-01 -1.7282015914e-01 4.8075280286e-02 -5.1074011578e-02 -2.2827689680e-02 -5.4853614127e-02 -1.3988485857e-02 -7.2608892321e-02 -1.1182418164e-02 8.8468463617e-02 -2.4709724248e-02 9.9253721185e-03 -6.8086381876e-02 -2.0025344716e-02 5.7259151979e-02 -1.1543925121e-01 7.6139941116e-02 -5.2118927445e-02 -1.2208790072e-02
-7.7934482246e-02 7.7095494656e-03 4.5196342818e-02 4.7282853883e-02 -5.0258172751e-02 6.3350784738e-04 1.4385965186e-01 -6.1422677533e-03 -4.0672823480e-02 -3.9057830198e-02 6.7163828218e-02 -2.3789478413e-02 -1.4122479105e-02 3.1597994936e-02 1.4123690703e-03 -2.3922641054e-03 6.5197849509e-02 1.7256162034e-01 1.6672517324e-02 6.2700945249e-02 -1.8718998363e-02 -4.7421727108e-02 -1.3675179207e-02 -1.0624376715e-01 -1.8790877508e-01 2.9862926343e-02 -1.0331501731e-01 -9.0607171056e-03 -5.3792888154e-02 -3.3299803504e-02 -1.3426509754e-02 2.3197674096e-02 4.8935874801e-02 -3.9147688194e-02 2.2816614921e-02 3.5829469259e-02 -4.6906982950e-02 -2.2949608193e-02 -9.1120584070e-03 -1.0717163895e-01 -1.5043532643e-02 6.3008855919e-02 -5.5916221056e-02 -5.1927692057e-02 5.8837166998e-02 7.6100235988e-02 3.4026394295e-02 1.6074991022e-01 -1.1273744822e-01 1.1294914814e-02 4.4173855571e-03 -1.4022320616e-01 1.9498169964e-02 -1.5249466274e-02 3.8376049984e-03 -1.4716970541e-01 6.2360630724e-02 2.2380396395e-03 2.6538840563e-02 4.8661829509e-02 5.2142970293e-04 -1.9962237162e-03 1.8372998695e-02 6.0010248928e-03 3.9528356037e-02 -8.2586367641e-03 1.6055931733e-01 -7.2381961534e-03 5.3873073349e-02
-7.1413142575e-02 -1.3971682105e-02 6.6457423328e-02 -3.5763602950e-02 5.2047887556e-02 -2.2653532365e-02 1.0097968890e-01 -3.5162412807e-02 -1.9283467462e-02 -1.2702072496e-02 4.8100848955e-02 5.3850730508e-02 -3.7627188261e-02 -2.3948975590e-03 -1.7221840850e-02 -4.1915683408e-03 4.9347341080e-02 -7.8043557971e-02 -2.1115311732e-01 -1.2701377809e-02 -1.0609401499e-02 6.3416307033e-03 8.2118033560e-02 -4.0523254601e-03 -2.0169327276e-01 9.4184601596e-02 -3.7220078823e-02 2.8473652584e-01 -6.5251295711e-02 -2.4651307053e-02 1.1652567151e-01 -5.6798592417e-02 2.7229365666e-02 -7.7755814145e-02 1.4269964010e-01 3.4601243698e-02 -2.5755764019e-02 -1.0111738085e-01 2.4500007265e-02 -1.5441714859e-01 -8.4037787233e-02 9.4373395493e-02 -9.4624114520e-02 -1.0083497508e-01 9.5555228345e-02 6.5291839993e-03 1.0108553827e-01 3.9840955094e-02 -5.6585043245e-02 3.3053511465e-02 6.1199878218e-02 -1.0921224414e-01 5.4707439446e-02 1.0884025092e-01 8.6432900982e-02 1.9685467803e-02 6.4758316063e-02 1.4499125841e-02 8.9535855110e-02 1.7832015790e-02 -5.0394685972e-02 1.1266443736e-02 1.0581587431e-01 -2.5234094465e-02 -4.8203333733e-02 8.5181279347e-02 -7.5647814932e-03 6.6269477783e-02 1.2395232189e-01
5.1643179970e-02 -5.1053278192e-02 -7.6844152700e-03 5.9153506166e-04 2.4008958152e-01 8.0124034558e-02 2.1306207649e-01 -2.4099156113e-02 2.3354527475e-02 -3.4821510075e-03 4.8981362571e-02 1.0762346649e-01 5.6319417410e-02 -1.7577355711e-01 -2.9260675198e-02 -6.7978050034e-02 -1.4262532376e-01 1.7982103952e-01 -1.7768304044e-01 7.0162143979e-02 -3.4483336270e-02 8.4625753489e-02 -3.4923107189e-03 -2.6046421197e-02 -1.6618736033e-01 1.0320038958e-01 3.2418056926e-02 2.0344355165e-01 -5.0153071816e-02 1.4493723774e-02 1.0875043157e-01 8.3295841756e-02 -4.8292929429e-02 -1.3214798785e-01 1.4477453076e-02 -1.3619536796e-01 1.5028182012e-02 -9.6932219136e-02 -4.3806284240e-02 -6.6582404107e-02 9.0266799872e-02 1.2205258653e-01 -1.4464564768e-01 -6.4352581082e-03 2.5535949375e-01 -2.2656195774e-02 9.0762896542e-02 2.4741717790e-02 5.6408385474e-02 7.9048205955e-02 6.7766618285e-03 1.7606220444e-02 -4.2206882382e-02 1.0075297673e-01 1.7257374424e-01 -3.0336729974e-03 -1.3744915273e-03 6.3480470114e-02 1.1517150285e-01 1.5815216174e-01 8.2306213046e-02 3.5277757708e-02 1.3951962402e-01 -3.2114988457e-02 -1.3269420189e-01 9.3750192869e-02 -5.0914965761e-02 1.2401238357e-01 -6.0381878449e-02
-6.8396815563e-02 1.1548065105e-01 4.9933999172e-02 -1.0652873169e-01 3.1129378277e-02 5.8682626386e-02 -3.0397562309e-02 1.8528833040e-01 -1.4695872877e-02 9.7284009106e-04 -1.7415983107e-02 4.7928161112e-02 2.4967428600e-02 -5.2722696419e-02 1.3097389978e-01 -3.8655611367e-02 1.2937783195e-01 3.6459719138e-01 1.1239982523e-01 7.6886498041e-03 2.1517217734e-01 1.9522796283e-01 -1.1514410562e-01 -3.8665088584e-02 -3.2019294312e-01 6.2281523204e-02 1.9133214165e-01 -5.5218717464e-02 -1.4036850473e-01 1.0866549970e-01 -2.5118334413e-02 5.0839656831e-02 -1.2888755906e-01 -1.0478703520e-01 5.7481533656e-02 4.5091109480e-02 1.6388768893e-01 1.1228359954e-01 -4.3409697698e-02 2.6315630413e-01 -2.1386583909e-01 -7.0881999468e-02 1.5985649107e-01 2.6401240867e-02 1.6503369105e-01 1.5535038621e-01 -3.4699687915e-02 -1.7124164287e-01 3.1053039269e-01 4.4652358109e-02 -5.7681288711e-01 -3.3838882070e-01 -1.2358769207e-01 -6.6672243721e-02 1.1565514217e-01 1.2965393679e-01 1.0940411629e-02 6.5379647604e-02 2.1171853601e-01 -6.7980646952e-03 -5.2219771945e-02 -2.0315633314e-01 -1.0708332260e-01 1.9666754097e-01 -4.3557063066e-02 2.2751258657e-01 -7.3863676117e-02 -6.9322107718e-02 2.2466495729e-02
4.1661275126e-01 -2.5336742683e-01 4.3221818856e-01 4.2446407306e-01 3.6238284861e-01 2.3820592020e-01 4.1620509740e-01 -1.1302535975e-01 3.6610788307e-01 -3.3326478454e-01 -2.9708926830e-01 2.6570671574e-01 -1.9704791576e-01 -3.6893593118e-01 1.7878918405e-01 4.1166727213e-01 -3.8016679790e-01 -1.2937938862e-01 -4.0734246004e-01 4.1355473450e-01 -4.2047550617e-01 4.3574633474e-01 3.4403527534e-01 -3.6115638660e-01 -4.3283891774e-01 4.2581649886e-01 3.2869938931e-01 4.0609132676e-01 -4.4302270646e-01 3.9105273854e-01 1.0407118389e-01 4.2334542073e-01 1.5070449007e-01 -4.1233247104e-01 4.3335647360e-01 5.1050158850e-02 3.9254718479e-01 -1.8726191530e-01 -4.0297018751e-01 3.4195040420e-01 4.2898054498e-01 -4.0836922325e-01 2.6905553202e-01 -1.3597829932e-01 -1.0015415529e-01 2.2204486858e-01 3.7402716317e-01 -4.1312145020e-01 4.3897455745e-01 -3.9596158599e-01 -3.4789142793e-01 -4.0314776144e-01 -4.0113833933e-01 -3.5388142380e-01 4.2308701329e-02 -4.0283263195e-01 4.2991923964e-01 -3.1249205799e-01 -1.5238996522e-01 2.9901699593e-01 -4.2711464352e-01 -3.4454794413e-01 -2.9837915821e-01 7.4734734843e-02 3.2128213008e-01 -3.7818798932e-01 2.6911436436e-01 3.4398307343e-01 -1.3187346380e-01
-6.8924301382e-05 -6.2706867570e-05 1.9910729180e-06 8.8525608090e-05 8.7910502220e-05 -6.6602559229e-05 -9.6247183783e-05 1.0110958497e-05 -8.8817736222e-06 7.9792027175e-05 -9.1417403557e-05 1.5342596961e-04 8.1742946010e-05 1.0670369810e-04 -6.0279758221e-05 1.3770384839e-04 4.0309018066e-05 5.4563418531e-06 -1.5714647455e-04 -1.8004843377e-05 -8.1719969526e-06 -3.8504692587e-06 -3.7667198303e-05 -6.7310087853e-05 2.2410145035e-05 -3.5883851628e-05 -4.7768084986e-05 -2.0429384647e-04 8.0835267466e-05 -6.7838299921e-05 1.8294481069e-05 5.1459999997e-05 -1.2087526415e-04 -7.5718680023e-05 1.2109061163e-05 1.1281121755e-04 -4.3788590178e-05 -8.7275691311e-05 -4.2911368095e-05 9.5393416526e-05 -7.2090242434e-05 -2.0631135489e-04 -8.1429733601e-05 -4.0795797951e-05 9.9615766307e-05 1.2061901151e-04 9.1872977538e-06 1.0707523972e-04 -3.1752424244e-05 -1.6139459953e-04 -7.4896023806e-05 3.9443844980e-06 -8.8469086894e-05 1.4265939136e-04 6.1003419485e-05 -2.9920302284e-05 5.3773141353e-05 -5.3734910223e-05 1.3033041635e-04 -1.2692295940e-04 1.2551257222e-04 -1.1936177898e-04 -3.2773455363e-05 7.9705756708e-05 -6.5379981806e-05 -2.7147535856e-05 1.1563320174e-04 6.0670572528e-05 1.0080276737e-05
2.1221487419e-04 8.3604901981e-06 -1.4848075057e-04 4.9500220299e-05 -6.0547533795e-05 5.9179165289e-05 -1.1207549063e-04 1.7082339560e-04 -9.7036524632e-05 -1.1533411289e-04 2.0097627024e-05 -6.6472942511e-05 1.4451424020e-04 -2.3763367793e-05 3.7698512301e-05 1.8582585973e-05 -5.2104038502e-06 1.8035326411e-05 2.0827096076e-04 1.5561169381e-05 5.2667135782e-05 -1.2030987757e-04 7.7333488125e-05 1.0321796509e-04 -9.7299941041e-06 6.2863805812e-05 6.1741987128e-05 5.6171859684e-05 1.2432440559e-04 1.6997443405e-04 7.0778079365e-05 -6.0493158709e-05 -5.4556606628e-05 2.3799027214e-05 1.1473065143e-04 -1.6676671815e-04 -1.6618944040e-04 1.0225466023e-04 1.5113991073e-05 1.0378495165e-05 -1.2016330989e-04 -3.5015584794e-05 1.2061926767e-04 -1.5189219701e-04 1.9643615342e-04 -1.1758168103e-04 -1.0144951438e-04 -3.8119885822e-05 -8.4343399133e-05 -2.0190846026e-05 -3.6505682127e-05 1.0846972568e-05 -2.1895803051e-05 2.1648571710e-08 9.7838601508e-05 1.5186839516e-04 6.0492300304e-07 -1.8964407714e-04 2.4171205621e-05 2.1290962063e-05 8.8163995065e-05 1.6564837736e-04 -5.7664553100e-05 -7.2323727429e-05 2.7046796808e-05 3.2948048323e-05 -3.3831798119e-05 -1.4870191765e-04 -4.2334425302e-05
1.1835700477e-01 -1.8905190437e-01 -2.3357763058e-02 4.9146757941e-02 2.0406571624e-01 -2.0420115570e-02 1.4988437502e-01 -2.1749735767e-01 -1.0241533353e-01 -1.6132642051e-01 8.8826823062e-03 1.7929502754e-02 2.6549931409e-01 3.4605261024e-01 2.6101868632e-01 1.8289161702e-01 3.0216773519e-01 2.9331356051e-01 -2.4838962203e-01 8.0236843796e-02 -1.1482479661e-01 -3.0712666528e-02 1.1260603711e-01 -1.0843108180e-01 -2.5973739751e-01 1.2137498062e-01 2.4997413762e-03 -3.0313308247e-03 -3.4539239070e-02 6.5327611798e-02 -1.9380967373e-01 9.8539332720e-03 5.2643713412e-02 1.0464674039e-01 1.2754612656e-01 -1.6040626087e-01 2.3840710230e-01 -1.2576579272e-01 -1.8823025369e-02 -1.4847806146e-01 6.5495344131e-02 2.9068290241e-01 -1.9623568207e-01 -1.9467750056e-01 -1.2178693465e-02 2.5861886822e-01 1.0798181912e-01 -1.4361622191e-01 -3.1441783310e-01 -1.8264770492e-02 -4.4487032435e-01 -6.5874079688e-02 -4.7193715316e-02 -1.6994856324e-01 2.2022710855e-01 2.0457193659e-02 2.1436993411e-01 3.2803677898e-02 1.7355118895e-01 -3.2233038466e-02 -2.3457894976e-02 6.2005198730e-02 -1.4079193892e-01 1.0738293903e-01 -8.4620548958e-02 4.1553366030e-02 -1.1223182421e-01 4.9773822107e-02 3.0655818761e-01
1.1014641728e-02 -8.2703034311e-02 -6.1788962276e-02 6.1323725734e-03 6.7050452460e-02 1.4832848263e-02 3.0767615967e-01 1.1941707173e-01 -5.3777067104e-02 7.2319227366e-02 1.2746086430e-01 -1.2626794424e-01 -1.0679128046e-01 1.5265110507e-01 -1.0258588907e-01 -1.3622902529e-02 -7.6283081474e-02 -2.6838974775e-01 6.2397676116e-02 -5.6492520318e-02 1.5966220230e-01 -1.8990848882e-01 1.0095674525e-01 -2.9180305660e-01 -1.0142014683e-01 -4.6616912657e-02 1.0952144214e-02 -1.5700663174e-03 -3.1786486870e-02 -7.3013212782e-02 1.0559562176e-01 9.7165797082e-02 -1.1669306801e-01 3.0406116520e-02 1.1361194721e-02 1.1856978126e-01 9.4098051175e-02 -6.4500468473e-02 6.0695793967e-02 -1.3744165411e-01 6.6384873249e-02 -7.7736027398e-02 -2.8256869079e-02 -3.0755914668e-02 -2.0007062162e-01 4.6009355854e-02 -9.0683259094e-02 -1.0823797146e-01 2.0099991700e-01 1.1367005510e-01 -3.3670342816e-01 2.9632308300e-02 1.1161575478e-03 1.0897006928e-02 1.2814645309e-01 -6.7280730539e-02 3.4804503932e-02 -8.9353172897e-02 1.1454777094e-01 3.1255569668e-03 6.8702611448e-02 -2.3169150790e-02 1.5245915849e-01 4.1581465865e-02 6.0381494629e-02 5.1058286338e-02 -1.2029709327e-02 -2.9217847424e-02 5.3255074142e-02
-2.2959782723e-02 3.1295524071e-02 -4.5182590407e-02 5.0114995055e-02 8.0043020942e-02 2.7527570095e-05 1.9482964968e-02 -6.6066784633e-02 9.8243459447e-02 -1.3449553068e-02 4.0710360560e-02 2.8305923884e-02 -7.2011036890e-03 3.5420208287e-02 -1.0969950781e-02 -3.1293859277e-02 -2.8676297393e-02 -5.0499162414e-02 -7.3650647253e-02 -3.9678534537e-02 6.7716007012e-02 -2.9885876590e-01 -6.2173623699e-02 -7.5409291222e-03 -9.8127187760e-02 4.5121419232e-02 9.4973762194e-02 3.5474861374e-02 -5.9638043557e-02 1.7622828244e-01 1.7135719997e-04 -4.0370789806e-03 1.4672959436e-03 -5.5307240864e-03 2.3968071249e-02 4.2522573690e-02 -5.2059954851e-02 -2.0730817292e-02 2.5287401416e-02 -3.6320685014e-02 -8.9838139600e-02 -1.0110990810e-01 4.8887709516e-02 -5.5390181106e-02 1.2048977632e-02 -1.4918621044e-01 3.6607766409e-02 -1.7719725222e-01 2.2661069236e-02 4.2773330521e-03 -3.2305916357e-01 7.5998022024e-02 -7.6329044441e-02 3.4206374984e-02 3.5662300473e-03 2.6047003620e-02 4.8054715569e-02 4.7346297763e-02 4.8038108171e-02 2.4177691369e-02 3.9639667865e-02 -3.2354297906e-02 4.9864595184e-02 -7.2641626300e-02 2.1888336860e-02 9.5342120768e-03 -2.5031443766e-03 -1.0636996127e-01 -8.1748485556e-02
6.7182935767e-02 -1.4266221599e-02 -3.4434643044e-02 2.4608916056e-02 2.4046164487e-02 7.0356037478e-02 -1.2864771350e-01 1.2823985360e-02 2.3356526418e-02 5.6839910256e-03 3.6781032630e-02 3.2185243577e-02 2.1226937928e-02 -4.3187306419e-02 4.0990565421e-03 -2.3747908038e-03 -5.3046772970e-02 1.1398915770e-01 -2.9128466634e-02 -1.0608547483e-01 -7.6764695389e-02 -1.6751753773e-01 5.1578820111e-02 -6.8478032230e-02 -5.7019846567e-02 2.1004475351e-02 -3.1593226983e-02 -3.1078578881e-01 2.2074684139e-02 3.5621215987e-02 1.5856586961e-02 3.1682782519e-02 5.3821433718e-02 1.6191620732e-02 9.3003672837e-02 3.2867134317e-03 1.7025463061e-02 -5.1193195204e-02 -2.7021888128e-02 -3.3386422120e-02 4.8160984252e-03 1.4319586024e-03 -9.2615340912e-03 5.0481954741e-02 8.3177416076e-02 -9.9761414248e-02 -8.6500665868e-03 -1.2543784214e-01 8.0198105236e-02 -1.6579734626e-02 -3.9920283923e-01 4.3080345698e-02 1.1892271645e-02 4.7505026633e-02 2.0502573535e-02 -5.8571825836e-02 -4.5244758168e-03 3.5289572832e-03 4.0356719909e-02 -2.0042560280e-03 4.0613224364e-03 -6.1411535350e-02 -2.2729104719e-03 3.9705547645e-02 -7.8758625495e-02 9.5607779665e-02 -1.4291344403e-02 2.5743407732e-02 1.2860307170e-02
-3.4902322291e-02 2.2971750750e-02 -2.0221349969e-03 -7.7247775060e-02 1.5559967157e-02 6.9547924858e-02 -6.5468567710e-02 -3.6663391619e-03 3.0748834181e-03 -3.5362191745e-02 7.2862896398e-04 1.5683264164e-02 4.7282723924e-02 -4.6238813804e-02 3.5708711518e-02 5.1145946339e-02 8.2303227830e-02 -2.6911669390e-02 4.5314589842e-02 2.0071248700e-02 -1.8796675737e-02 -1.7855009052e-02 -6.2539437207e-02 -3.7736423452e-03 -3.4961024373e-02 3.8202185281e-02 9.2624256804e-02 -2.6494445483e-01 -7.6956412618e-02 7.3265844336e-03 -6.5297218902e-03 9.0857338956e-02 -1.5543591867e-02 6.0755945163e-02 1.6808548677e-01 -3.3528575000e-02 2.2643280582e-02 2.2640038382e-02 -2.8546610974e-02 9.1378412317e-03 6.7614976404e-02 5.5220773166e-02 -1.7648063398e-02 1.2375044392e-01 1.6172572321e-03 -2.5422853644e-02 3.7745232249e-02 -1.0709951371e-01 -2.3937035151e-02 -3.3839782867e-02 -2.1854338466e-01 -3.2699101849e-02 -2.7714285917e-02 -6.5885700755e-03 3.7937109354e-02 -4.4851614334e-02 -3.2836386582e-03 -2.8481422741e-03 8.4340799677e-02 1.3507514502e-02 8.4189760348e-02 1.3177790127e-02 2.6651369635e-02 -2.6062519038e-02 -7.4823952396e-02 1.5996426291e-02 -3.0366643268e-02 5.6292465589e-02 2.5338679810e-02
-3.7758507581e-02 -7.9393448848e-04 1.7789956519e-02 -6.1645320253e-02 -2.5902114788e-02 3.3927317559e-02 -6.3754191166e-02 3.9182255594e-02 6.2063098717e-02 7.2513073181e-02 3.6300899821e-02 2.1260831684e-02 5.8829244712e-02 -3.1242596305e-02 3.7457728422e-03 6.5175234875e-02 5.8857303534e-02 9.8819054816e-02 6.2611054500e-02 5.7037746760e-02 -5.3145075878e-02 -7.9635179549e-02 -2.7897318974e-02 7.2695755322e-03 -4.3906322329e-02 3.4584101957e-02 4.2271606556e-02 9.5462658277e-02 -6.5798345109e-02 2.0064605188e-02 -1.8519459717e-02 2.9897866275e-02 -9.4038114223e-03 4.4720675612e-02 1.4143778700e-01 -1.1400965803e-02 -6.9081321577e-02 2.3062313981e-02 -4.3482485017e-02 -9.7668961931e-02 3.1145127942e-02 1.6022362081e-02 -1.4681986437e-02 7.1541214572e-02 -9.6230001714e-03 -1.6420280830e-02 2.5141533487e-02 -2.8440784595e-02 2.3708521452e-02 -3.3377365313e-02 -5.3692392230e-02 -1.6798252334e-02 -6.8853978839e-04 2.8493881453e-02 8.9949375951e-02 -6.8965081752e-03 3.9922858710e-02 -4.5597647081e-02 1.2797654020e-02 -2.2362089351e-03 7.5462208282e-02 -1.5619756508e-02 -8.2890288140e-03 -8.4784327082e-04 -6.2991480840e-03 3.8366081275e-02 1.4198782671e-02 5.9432180502e-02 -4.2765650006e-02
-1.1654313653e-02 1.0405829639e-03 3.1871536521e-02 -1.2757531136e-01 -7.1371457797e-03 3.8640515812e-02 5.5322439039e-02 -2.1072517806e-03 4.3727071385e-02 8.2387561210e-02 3.7786175448e-02 -1.1408167321e-02 6.9672920184e-02 -2.9986082263e-02 3.4296126299e-02 -1.8925892849e-02 -3.6646351132e-02 -1.9525713612e-01 2.7628640458e-02 1.0537138855e-01 -6.7945992612e-02 -1.0895722092e-02 -6.3647052501e-02 2.0931229965e-02 -1.3728598022e-02 6.4134878976e-02 3.0927630285e-02 1.5418207017e-02 -4.5087873797e-02 1.8910044927e-02 3.3789236652e-02 3.1767186241e-02 -2.9000266367e-02 5.8208275854e-02 8.1614231884e-02 3.4191809875e-02 -9.3542752837e-02 2.7943114382e-02 -4.9567015609e-02 -1.1515019224e-01 2.2604549124e-02 1.0535922875e-01 -4.1550103869e-02 7.6924404406e-02 -2.9906309532e-02 -3.5234193779e-02 7.4786266817e-03 5.5352045143e-02 5.7461747758e-02 -1.4529135936e-02 9.5555734413e-02 2.6128035871e-02 -1.7196095673e-02 6.0499171597e-02 4.2713856462e-02 -5.3974797351e-02 9.2558761113e-02 -1.2977922635e-02 4.3958782996e-02 4.1802875056e-02 3.7495565359e-02 -8.4060890603e-03 1.2202065667e-02 5.6737479153e-03 4.9904876519e-02 -2.9609606053e-03 -1.8999086735e-02 2.8517034470e-02 -6.2019540214e-02
4.0923615796e-03 -1.5828342717e-02 4.1150851573e-02 -1.6311572566e-01 3.2271134738e-02 -4.4478709690e-02 6.0512219069e-02 -2.5638967309e-02 4.1123142081e-02 9.4764119871e-02 2.9315753878e-02 4.1159772585e-04 4.6806251428e-02 3.0753041240e-02 1.6870015853e-02 -7.8277319713e-02 -2.8053922240e-02 -2.5347689528e-02 -2.8922893955e-02 6.9653366655e-02 -8.2367103413e-02 -6.3721711595e-02 -4.6792709669e-03 3.3124329471e-02 9.0602519821e-03 5.7681370097e-02 4.2660406366e-02 -6.1116207402e-02 -3.0240753596e-02 -1.0138416418e-02 -1.3076091011e-02 -5.5176818111e-03 -1.8868751133e-02 7.1408604330e-02 -5.5362230864e-03 2.0201252121e-02 -1.4663603127e-01 1.0806442057e-02 -6.2378223474e-02 -1.0268918790e-01 -9.7348866609e-03 9.5520646501e-02 1.3551959079e-02 4.9959034522e-02 2.7088404916e-02 -3.8823674192e-02 -2.3511777178e-02 7.0796132400e-02 6.7484377526e-02 8.4865682350e-02 1.1140067152e-01 2.3181139049e-02 3.7232515729e-03 7.3848254150e-02 -2.6976894953e-02 1.9033700300e-02 5.9784512727e-02 -3.9977534054e-02 7.9807768566e-03 5.7640966312e-02 -8.6234857130e-03 -3.3853473676e-02 -2.8455794411e-03 6.6428830565e-03 1.2099452006e-02 -3.4588539228e-02 -1.9383373975e-02 -1.7085744544e-02 -2.1115784604e-02
1.5879397346e-02 -1.2300139291e-02 3.7774629395e-03 -9.9918070903e-02 5.9365215920e-02 -4.6067679080e-02 4.2512212111e-02 6.1031107885e-03 2.2549931223e-02 1.0213016188e-01 3.0470607032e-03 2.3934196619e-03 -5.1385066945e-02 9.4871358159e-02 -6.1709311233e-03 -8.4319090603e-02 -3.4894334323e-02 -8.4857703552e-02 -4.5221305021e-02 4.5406074936e-02 -3.5133467443e-02 5.3034474233e-04 5.1774255543e-02 7.8973952483e-03 1.3627706049e-02 1.7251455703e-02 6.2461882823e-02 -3.3700242182e-02 -6.3659772226e-02 -9.3621478774e-03 -1.0317697900e-01 -3.1835718839e-02 -3.2783961469e-02 3.6589630634e-02 -1.0124073941e-01 8.7425981129e-02 -9.2655549810e-02 4.0767001838e-02 -5.3451343099e-02 -2.8046512055e-02 -7.0517555676e-03 1.0288593047e-01 3.0245583466e-02 7.5129172425e-02 8.1119009616e-02 -4.0371310535e-02 -3.3350594481e-03 6.6371554463e-02 3.9434010877e-02 1.2496057648e-01 8.0325478247e-02 -4.8367713488e-02 -3.1522616106e-02 6.2573602730e-02 -4.4999403196e-02 5.5557768373e-02 2.8516584124e-02 -3.1934337431e-02 3.7491820061e-02 2.7740489402e-02 3.8289371496e-02 -5.1189349346e-02 -4.6702627316e-02 2.3905142841e-02 -9.5688598243e-04 -6.5022851615e-02 -5.1929247943e-02 8.8356081396e-03 -7.3242473204e-03
2.5714427879e-02 -1.8409004131e-02 -1.8550547738e-02 -5.0811460596e-02 2.6449448111e-02 -9.8259922882e-03 3.0724671540e-02 -9.2543749607e-04 2.4526902359e-02 3.8689610322e-02 -4.0093136348e-02 -1.1740288759e-02 -8.5881366301e-02 1.1620614457e-01 -5.7641927441e-02 -9.7110037998e-02 4.6319546733e-02 2.1356820892e-03 -9.7008985803e-02 -5.9727195913e-02 -3.1840677287e-02 2.1708674439e-02 7.3724919750e-02 -5.3709976315e-02 -4.4861940345e-03 -5.4114815171e-02 6.6806183425e-02 8.4471691766e-02 -2.4334797925e-02 -9.2537201151e-03 -1.4183575671e-01 -1.8789236978e-02 -5.9694955867e-04 3.6724592241e-02 -1.3083794334e-01 6.7745929592e-02 -5.1832837249e-02 2.8558007671e-02 1.0293618766e-02 9.9492214351e-02 8.7081909625e-03 7.8405367206e-02 1.6427781571e-02 3.2488778992e-02 6.5936721485e-02 -3.6620715791e-02 3.2572628379e-02 -5.3697064946e-02 -1.0462058078e-02 1.2474018749e-01 1.8729962474e-03 -2.4097987249e-02 -3.8680088816e-02 3.1378256909e-02 -1.0119540144e-01 2.3372940412e-02 -6.7242968611e-02 -1.6932632638e-02 6.3139684427e-02 -1.1161537771e-02 3.1628053127e-02 -4.5395616848e-02 -8.5815703541e-02 6.3349780377e-02 -3.9900388491e-04 -6.1889391290e-02 -2.4237173206e-02 -1.8637531707e-02 3.4737436009e-03
4.9626979550e-03 -4.6949337385e-02 -6.4187071808e-02 4.9426333519e-02 -1.0900384629e-02 4.2684038673e-02 1.8685249024e-02 1.6070106334e-02 5.4741610423e-02 -1.5208739639e-02 -4.8676958500e-02 5.1756196059e-03 -6.4838388255e-02 7.1238546026e-02 -1.0987368811e-01 -5.5924605242e-02 1.1736843654e-01 2.4459041814e-01 -3.7990728308e-02 -2.5202798979e-02 -5.6508141490e-04 9.7690398659e-03 4.5860106742e-02 -7.0060994973e-02 -1.1009288285e-02 -1.0690023990e-01 6.0982218624e-02 5.8420260780e-02 -1.6260855674e-05 -4.0762948617e-02 -9.7358160040e-02 -1.2426692007e-02 -1.4795768076e-02 2.7691460226e-02 -7.2433532904e-02 5.6398130649e-02 -4.1452551370e-03 -4.5507384485e-04 6.7964132477e-02 1.1670076709e-01 4.8824083139e-02 1.5144555976e-03 -3.3216211168e-02 6.7751810450e-03 -3.7055291903e-02 8.2674801959e-04 6.5984499559e-02 -3.9237200929e-02 9.7894540098e-03 8.8229954234e-02 4.0920021714e-02 -2.9830098336e-02 -1.4516807507e-02 6.3269204302e-03 -1.0142330896e-01 -3.7997778273e-02 -1.2039234307e-01 -6.1127414406e-03 8.1196706576e-02 -4.3891539817e-02 7.3036236625e-02 -2.9677061960e-03 -7.6766593084e-02 1.1637500511e-01 1.5859660917e-02 5.0519284263e-03 9.9826978280e-03 -1.9283204654e-02 1.6466342320e-02
-1.2596488002e-02 -6.7562707447e-02 -1.0114586690e-01 6.8929228211e-02 -3.9915256525e-02 7.6725445158e-02 -1.6526059685e-02 -1.3816232085e-02 8.0165938253e-02 -7.2933771864e-02 -1.3495282459e-02 -5.0580647050e-02 5.2224960416e-02 -4.6813475378e-02 -7.7934262396e-02 -3.7943208987e-02 1.2572825491e-01 1.3146777245e-01 1.7633869882e-02 4.0978330590e-02 1.5226384997e-03 -1.1743539474e-01 1.8947259453e-02 -5.7141290434e-02 7.4006431706e-03 -6.0534546439e-02 7.4565076968e-02 8.9124778002e-02 2.7294956189e-02 2.1666183779e-02 -2.7451174503e-02 -1.3065783717e-02 -5.0649117476e-02 5.1914288907e-02 -2.2870962397e-02 -1.9666934373e-02 4.1465762624e-02 -1.0231250972e-02 9.8344043784e-02 4.2127863108e-02 -2.6698366116e-02 -5.8095825761e-02 -9.8026104311e-02 -4.5029705068e-02 -3.7458497540e-02 3.4720835072e-03 1.4728705461e-02 -6.8460659652e-02 2.5181250067e-02 2.5417584451e-02 1.2079946499e-01 -3.7661831550e-03 -2.7962563946e-03 -9.1162616502e-03 -5.3395274701e-02 -1.0699764783e-01 -1.3169411962e-01 3.2895646820e-02 1.4412757004e-01 -6.2834912085e-02 9.2964318094e-02 -2.3307055591e-02 -1.2337333761e-02 1.2024642066e-01 4.7086582498e-02 5.2522974908e-02 1.7207664471e-02 8.4351702816e-03 -1.1092679743e-02
-8.9698081991e-03 -9.0881753260e-02 -2.3780806627e-02 -3.4640276629e-02 2.4097876560e-02 3.5426827744e-02 -5.2557961737e-03 -2.7846516603e-02 7.6862963168e-02 -6.1042438402e-03 5.6807430344e-02 -5.8665510030e-02 1.3865167668e-01 -6.7195460019e-02 -1.6690358699e-02 -4.9092211797e-02 2.2427612498e-02 1.6647738431e-01 4.2099917689e-02 9.4169676881e-02 -5.7063435017e-02 -2.0587739156e-01 -4.0621742248e-03 -4.5872782179e-02 5.4101368847e-03 3.0302153781e-03 4.6137066155e-02 6.8047077467e-02 5.6960825008e-02 7.1437426059e-02 1.2527335049e-01 -3.1212083783e-02 -4.4511877021e-03 4.3677714316e-02 2.4045702534e-02 -3.4472583529e-02 4.0199476681e-03 1.3802505401e-02 7.1672834229e-02 -2.5286417659e-03 -1.0459148449e-01 -8.3702273140e-02 -6.9783762782e-02 -7.9252593901e-02 1.3333927728e-02 -3.3120006584e-02 -7.1015496962e-02 -1.1291853027e-01 -1.7086860804e-02 2.4786132129e-02 7.4732504505e-02 7.0483489151e-02 -1.1881142505e-02 1.7792262896e-02 3.2377042064e-02 -6.3721513937e-02 -1.0515127625e-01 -4.8686115834e-04 7.1603729065e-02 -3.0736001976e-02 4.9879963739e-02 3.1385675001e-02 3.2504737127e-02 4.6331773804e-02 5.6011873924e-02 5.8484911595e-02 3.7338004577e-02 3.9929060610e-03 -2.5456776354e-02
-2.7540435775e-02 -4.6974764679e-02 1.1404521293e-02 -6.9316400814e-02 8.6340170728e-02 -5.3512802004e-02 2.9117557420e-02 -4.7548978451e-02 9.9454929503e-03 6.9526062111e-02 4.6561124317e-02 -7.5399113912e-02 1.2328496967e-01 -4.8138260935e-02 3.4786885428e-02 -4.3334649319e-02 -3.2001752614e-02 5.4146012088e-02 4.8416230859e-02 7.5933048942e-02 -3.9696023274e-02 -9.7783254070e-02 5.0029118075e-03 -6.2435551647e-02 1.7941206708e-02 -8.0090563740e-02 -1.6778428269e-02 6.0591354319e-03 2.3330304631e-02 9.6287600056e-02 1.7107994382e-01 -2.1440186159e-02 8.2600808759e-02 1.1310339628e-02 -2.0391449571e-02 -1.4852908482e-02 -4.8868630679e-03 2.4997806570e-02 1.1304823236e-01 1.2478996815e-01 -1.1002788445e-01 -8.2604303784e-02 2.6719331538e-02 -3.6218558523e-02 6.9242506161e-02 -7.1283136938e-03 -8.2065613310e-02 -1.2719007803e-01 -1.3629577367e-02 3.7685315145e-02 2.0796481530e-02 2.6701864673e-02 -1.6995307224e-02 -1.1692975825e-02 6.9731895602e-02 3.3321698448e-02 -2.5584890702e-02 -5.3867926748e-02 -7.7282983526e-02 1.5733703898e-02 4.4924632729e-02 1.0837900014e-01 1.5277638164e-02 -3.8635368876e-02 3.3854529464e-03 6.6464587595e-04 -4.2601997993e-02 3.7177029054e-02 1.4865256262e-02
-1.5137926583e-02 4.3095658042e-02 4.6101431458e-02 2.6202477858e-02 4.9201704117e-02 -7.3203808108e-02 6.0444985998e-02 -7.6398065713e-02 -1.6922177821e-02 7.7404684671e-02 2.4111806448e-02 -2.9295980637e-02 6.2687128316e-02 4.5236077004e-02 5.1877901772e-02 -3.5392962881e-02 2.8064534079e-02 -2.6282966126e-02 7.5651909768e-02 -2.4686269336e-03 -5.5268431105e-03 7.9513544462e-02 1.8506781125e-02 -8.0551258814e-02 2.2154483912e-02 -8.5811997765e-02 -5.7155232304e-02 -2.0424807685e-02 -7.1160596795e-02 1.9704243715e-02 7.7229622377e-02 -9.8245505046e-03 1.1106758194e-01 2.0803881148e-02 -9.5252128451e-02 -2.1841385621e-02 -3.1619412831e-02 2.6377142054e-03 3.8721276625e-02 1.4288233928e-01 -5.9535041155e-02 -5.8091328424e-02 1.1679728089e-01 -3.7160815846e-03 6.4619177947e-02 1.0379519203e-02 -6.9106996818e-02 2.6454386836e-02 -4.9014241584e-02 5.5022662126e-02 5.8174711530e-03 -3.0484779175e-02 -2.6163992211e-02 -3.9944423188e-02 4.0818115138e-02 -1.0081808327e-02 3.6923659135e-02 -1.0414790885e-01 -1.2144999214e-01 1.7292512661e-02 4.1802335373e-02 1.5570534114e-01 4.2690789489e-03 -6.9112311308e-02 -3.7896054093e-02 3.2875652310e-02 -8.2141843756e-02 1.2783066765e-02 4.1776520589e-02
-3.7678405525e-02 9.7905582888e-02 3.5365306029e-02 7.7631795948e-02 -8.8959631203e-03 -2.3411520301e-02 8.2656293126e-02 -5.9470877065e-02 3.0938060469e-02 6.9288260330e-02 -5.3310157322e-03 6.1166050680e-02 4.6996136501e-02 5.0769111933e-02 1.7934902819e-02 -2.6965657447e-02 1.2658123942e-01 2.0779340892e-01 7.0467147862e-02 -1.7325828235e-02 -1.3396303050e-02 1.5264998768e-01 4.0935158624e-02 2.3415077830e-02 -2.4494436890e-02 -2.2804116444e-02 -3.3892996127e-03 4.5045721607e-02 -3.7763463351e-02 -2.6189562342e-02 -9.8157240890e-02 1.9546173620e-02 4.0462415609e-02 8.6167090205e-02 -6.5773198235e-02 -1.8289417968e-02 -3.6850039624e-02 -4.7140516708e-02 -6.3789296767e-02 5.1580550953e-02 2.8348336970e-02 -7.0150422313e-02 6.4904976767e-02 5.0680602740e-02 -6.8034798589e-03 -3.9320542696e-02 1.5942667656e-02 3.7064479337e-02 -8.9521860297e-02 5.3860046037e-02 3.7755770381e-02 -9.0869144841e-03 -1.1557795274e-01 -2.5171556029e-02 4.8166903349e-02 -9.0576849416e-02 6.3340795644e-02 -6.6201218238e-02 -1.0174547264e-01 -5.9237174137e-04 6.2204191712e-02 1.5653438926e-01 1.4782126031e-02 -8.0039315035e-02 -1.0120079169e-01 5.4380252013e-02 -9.2760356703e-02 1.7643357331e-02 3.2425109163e-02
-1.9525995520e-02 8.2204111523e-02 2.5393988736e-03 7.3439085175e-03 -8.7989030044e-02 4.0628721308e-02 8.0054136523e-02 -3.1248900645e-02 3.5790465956e-02 5.2915828793e-02 5.0848679675e-03 1.2497309770e-01 4.8180183014e-02 -3.3391638039e-03 -9.3055128603e-03 -6.5248628578e-02 5.0310826669e-02 2.0499063463e-01 -1.0385883194e-02 -1.2760650147e-02 1.8327019016e-02 1.0052297051e-01 6.4308328832e-03 9.5945465326e-02 -1.0018126004e-01 5.0620098666e-02 2.4757014329e-02 -5.8353985922e-02 2.3740400441e-02 -1.5789948671e-02 -1.2855356779e-01 2.9379336825e-02 5.4083008613e-03 8.9247065180e-02 -3.6452874651e-02 -7.1874086678e-02 -3.7467645111e-03 -5.2607702528e-02 -8.9432965750e-02 -9.7228602433e-02 7.4948999764e-02 -8.4131435098e-02 -1.5547146517e-02 1.2019931670e-02 -2.5972576684e-02 -1.3037957843e-01 5.1757032037e-02 -1.3313991604e-02 -7.1280763284e-02 1.7745348896e-02 5.4527105340e-02 1.2253059738e-01 -1.4562829481e-01 -3.4116570932e-02 5.2522584133e-02 -8.4710380390e-02 2.7771743540e-02 -1.9549318566e-02 -1.7507022809e-02 -8.4753856915e-03 1.3941209444e-02 6.8363197237e-02 2.7537273716e-02 2.0354017962e-02 -3.9035984084e-02 1.8033998785e-02 -3.2713586930e-02 1.4309894955e-03 1.7354595244e-02
4.3739362084e-02 2.2005587222e-02 5.2348458210e-03 -5.5258115105e-02 -1.1536754956e-01 1.0082512357e-02 4.7955579265e-02 1.4129249606e-02 6.2743126001e-02 4.8130966166e-02 3.1231851780e-02 1.2804097852e-01 3.7060205770e-02 -3.6161603973e-02 5.0285039484e-03 -2.7023215580e-02 -5.1709684723e-02 4.9996134897e-02 -4.8749464770e-02 -2.2261969637e-02 6.8953342451e-02 -4.5233868747e-02 2.6896757054e-03 1.6591659755e-02 -8.0980256697e-02 3.0366733285e-02 4.2646480628e-02 -1.1970324222e-02 9.2343455917e-02 2.5569780776e-03 -1.0257665468e-01 6.6968459806e-02 4.3489338470e-02 1.0003511728e-01 -6.0118461015e-02 -8.6019373114e-02 -2.3036534040e-02 -3.3597307923e-02 -3.2953095821e-02 -8.8294380328e-02 2.7930799862e-02 -7.2430322873e-02 -3.0301718272e-02 -4.2945564875e-02 5.8279971467e-03 -1.3093816060e-01 1.3134275931e-02 -1.5417972124e-01 -3.5643331924e-02 2.0882136674e-02 2.9392879750e-02 1.9605512608e-01 -1.1298686332e-01 -6.1181741620e-04 1.9697806977e-02 7.4943088252e-02 1.9891326271e-02 2.1854277531e-02 1.4167090141e-02 -3.4192808946e-04 -4.9348670705e-02 3.4150580834e-02 1.8272923389e-03 8.3559937520e-02 7.7785965126e-02 1.9160583884e-02 2.9742652567e-02 -2.2310390179e-02 -2.4205441598e-02
9.7953040358e-02 -4.6992982437e-02 1.4104411953e-02 -6.1914737513e-03 -7.6996638396e-02 -6.1060085711e-03 -1.7672958705e-03 -2.6149963044e-02 3.0967012786e-02 -7.7151467895e-03 1.0061856208e-02 5.7461292792e-02 1.9261475798e-03 -2.7982187925e-02 2.3347333637e-03 -3.0463686340e-02 -7.6767499097e-02 -6.2895071354e-02 -4.3381192062e-02 -9.1955289046e-03 9.2837175072e-02 -8.7338704180e-02 4.4122437924e-03 -8.1732025322e-02 -9.5662620533e-02 4.0802996523e-02 2.7991868999e-02 4.2779540454e-02 9.2976724537e-02 -1.9051406870e-02 -5.3358989256e-02 7.8128695867e-02 1.0011665634e-01 6.2625001578e-02 -8.9716225312e-02 -8.2606501701e-02 -4.3335711251e-03 3.6684829452e-03 4.3752385607e-02 1.1859089567e-02 -1.6753318050e-02 2.1230847289e-03 9.7116169363e-04 -1.9551543937e-02 -1.9141590736e-02 -3.1077329198e-02 -2.0523565844e-02 -7.7792156560e-02 2.8991009547e-02 -1.6366163855e-02 2.6728882913e-04 1.2089746717e-01 -2.0270946381e-02 8.9655891579e-03 -3.2072157347e-02 2.0474166456e-01 1.6561662237e-02 4.9526359853e-03 -1.5289667343e-02 4.8786018133e-02 -8.1818753861e-02 -3.8015139426e-03 -3.6302988612e-02 6.4487532199e-02 1.2660680120e-01 1.8454669327e-02 5.6122909760e-02 -4.6064082122e-02 -2.9814828155e-02
8.3535949253e-02 -4.3901830755e-02 3.7210603595e-02 6.4787436146e-03 -7.5469696641e-02 -5.1565486947e-02 3.1797138925e-03 -7.5170981172e-02 -8.3602914268e-03 -2.9454839679e-02 -1.6325938657e-02 -1.2421827004e-02 -2.1641666232e-03 3.8006962997e-02 -5.5118849411e-03 5.0150598037e-03 -2.4790371789e-02 4.5746278841e-02 5.3970519630e-03 -4.6623329882e-02 9.5366568163e-02 7.5910034335e-02 1.7427856681e-02 -1.0377539174e-01 -7.3337302686e-02 3.5475086877e-03 -1.0947033850e-02 -6.7993416569e-02 4.4192877256e-02 2.4889525644e-02 -4.1083889938e-02 3.9589608161e-02 1.0182873005e-01 1.8689898481e-02 -8.6524076580e-02 -4.6705980134e-02 -4.2295094611e-02 8.2200729362e-03 8.7474482191e-02 9.5880760573e-02 -2.5127226804e-02 -1.1835946810e-03 1.9851469056e-02 2.5541456446e-02 -2.8526990301e-03 3.5184152685e-02 -2.6857834690e-02 -1.1516291256e-01 1.1280181481e-01 -1.2314028069e-02 3.8582266093e-02 -5.7494106680e-02 2.2914234093e-02 -7.7859483657e-03 -4.2001252660e-02 1.4793927533e-01 3.5643418489e-02 -3.5577758195e-02 -1.7002017429e-02 8.5090823596e-02 -9.6820787451e-02 -2.6287402689e-02 -6.9639089078e-02 3.8130757165e-02 1.3254545208e-01 2.4942170789e-02 4.7103349848e-02 -6.1776172805e-02 -5.6499740683e-03
7.3463839791e-02 -1.9473119722e-02 7.5291458935e-02 -1.6873025111e-02 -4.3395737367e-02 -4.6578174474e-02 -2.0280195520e-03 -5.8027058456e-02 -1.7708225404e-02 -4.8540084903e-02 -1.4416624615e-02 -4.3882121425e-02 -4.9348454416e-02 3.1413933940e-02 -3.3146223457e-02 2.0698933329e-02 2.4353510796e-02 1.1410241404e-01 -2.8172478664e-02 2.1927546909e-03 3.7079113794e-02 4.5002215660e-02 -3.3256905316e-02 -6.6453569595e-02 -1.3933418711e-01 1.4082174554e-01 -3.0445390849e-02 -2.0857012063e-01 -6.9282327147e-03 3.8719721778e-02 2.1316815335e-02 2.1933428193e-02 6.3738012861e-02 -2.2931542797e-02 -6.2815375460e-02 -1.3160208608e-03 -5.4290428995e-02 -4.9805070883e-03 5.5699729752e-02 2.8972214426e-02 -1.0927807600e-02 3.5492128027e-02 -7.2797043573e-03 -1.3243979878e-02 2.1321432741e-02 8.5402073014e-02 -2.2979516626e-02 -4.4772175368e-02 8.6849463582e-02 -2.9749694756e-02 1.9448751245e-01 -1.1137922094e-01 1.0373008403e-02 7.3467493575e-03 -6.2571232014e-03 -5.6879860464e-04 1.9193777041e-02 5.3981911204e-03 4.8519272427e-03 1.2526982076e-01 -6.3815080593e-02 2.4490256681e-02 7.5557549329e-03 -4.4065021378e-02 8.6687772952e-02 3.3323399884e-02 3.2559945702e-02 -1.1490454332e-01 -3.1362968232e-03
-5.1361842871e-02 -2.0316865986e-02 1.0724406116e-01 -1.6714012375e-02 2.8304577693e-03 -6.1575857744e-02 8.5545430257e-02 -8.1045896321e-02 -1.9421269803e-02 -4.3550656059e-02 1.6727508450e-02 2.7624262463e-03 -1.9173984328e-02 6.4648681764e-02 -1.4265707378e-02 -2.3673551346e-02 4.3877782633e-02 1.1870559869e-01 -6.5188839006e-02 -5.7066469957e-03 -8.5632877050e-02 -3.3600402722e-02 -2.9222926020e-02 -1.1227672157e-02 -1.4957267439e-01 9.1663769106e-02 -6.8269755780e-02 2.5724999500e-02 3.7877895811e-02 6.8597746030e-02 -3.3263476959e-03 1.7174361239e-02 -6.2473343263e-03 -3.8929155862e-03 5.7843367710e-02 1.8379990550e-02 -8.9818420328e-02 -1.5449963846e-02 4.0772836321e-02 -1.0961121121e-01 -3.0396024411e-02 1.3006251429e-02 -9.2796697547e-02 -3.2812147551e-02 1.4981020915e-01 7.3049457693e-03 4.6931893704e-02 3.7674927721e-02 -1.0132127638e-01 1.2852932730e-02 2.2308602705e-01 -1.4507904697e-01 -1.6797253055e-02 4.9936277497e-02 6.1646396525e-02 -9.2328676166e-02 6.7989557914e-02 -2.7437080186e-02 1.8579310236e-02 8.2590957959e-02 -2.3633759757e-02 -3.9821224635e-02 -1.7013812505e-02 -3.3252805902e-02 4.3163576581e-02 -2.2897597619e-03 1.9290822422e-02 -7.9549968022e-02 1.8331975783e-02
-6.7891775257e-03 -5.7010089448e-02 1.0462078526e-01 -8.7721556272e-02 1.5956987466e-01 -3.4671655034e-02 1.0837125149e-01 -2.6097461672e-02 8.4494285783e-02 1.6194916038e-02 3.5973435580e-02 2.2993441052e-02 -1.6572121359e-02 -3.8709238093e-02 -2.9089337263e-02 -8.3688035945e-02 4.8385977556e-02 -5.6166768766e-02 -5.9216083998e-02 -3.6895227607e-02 -7.0097743422e-02 3.1919274512e-02 1.9647694579e-02 -7.4237405082e-02 -1.3185756533e-01 -6.0036315247e-02 -3.4368838899e-03 7.5764763209e-02 -6.8964643095e-02 3.5059342596e-02 7.1615001735e-02 7.4461383143e-02 -3.1622236527e-02 -8.7574524721e-02 2.5587730352e-02 -6.3394072265e-03 -5.7543104704e-02 -4.0454978712e-02 -8.0842133267e-03 -1.0318928877e-01 -3.2427226715e-02 5.8799793499e-02 -3.2024634386e-02 -1.3333506189e-05 1.4963695909e-01 5.6082350774e-02 1.3123843473e-01 -2.0193664791e-02 -8.4131322840e-02 -2.0806938793e-02 3.3072993488e-01 -8.6668820683e-02 -5.2064925821e-02 -1.9759478117e-02 1.1694488562e-01 1.8182505654e-02 -1.6184812736e-02 1.9393465155e-02 7.3143308698e-02 7.1855870986e-02 4.7883019914e-02 -1.3403067478e-01 5.5390879004e-02 -9.2907739906e-02 -6.5658296917e-02 -1.7235577174e-02 5.0664504303e-02 -6.1423173684e-02 9.0220308381e-02
1.7970682675e-03 -1.2658745222e-01 1.1528552446e-01 7.9301260015e-02 2.3985778104e-01 9.3442310505e-02 2.2746172050e-01 4.2643756553e-02 1.5019721941e-01 8.6449458275e-02 -7.6809667433e-02 -5.2745154152e-02 4.1966943914e-03 1.7757722511e-02 1.5137765614e-01 6.7111696271e-02 5.1712115820e-03 2.0880894215e-01 1.5380928459e-03 -1.2982361201e-04 7.9927181892e-02 -9.4118646945e-02 -8.1298197081e-02 8.7142509951e-03 -8.6688026102e-02 -9.5437768666e-02 -2.7652265220e-02 2.0798327742e-01 -6.9208407741e-02 -2.9113891271e-02 5.9190034708e-02 2.1929534959e-01 -9.1542412926e-02 2.5304478336e-02 -4.3111204642e-03 5.8607987312e-02 2.4748351500e-02 2.7139075776e-02 7.3016630331e-02 2.3643079680e-03 9.1238986189e-02 -1.9684585814e-03 1.3989647713e-02 -3.7109194844e-02 1.4083429352e-01 -1.0251204881e-01 5.6956616473e-03 -4.5659913882e-03 2.2302539191e-01 -2.0854725100e-02 -8.2425891761e-03 5.6330990126e-02 -2.2237033261e-01 -1.1602110165e-02 2.1807964763e-01 6.8626689938e-03 -8.3687474511e-02 -2.1508887041e-02 9.5943381163e-02 1.8405018008e-02 -7.6564489747e-02 -7.7029962120e-02 5.4458044405e-02 -4.4794441490e-02 -4.4638678309e-02 -1.6393785513e-01 -4.0166423044e-03 -1.2217554673e-01 1.6905099375e-02
-2.4775943731e-02 1.5794080168e-01 1.3221362787e-03 -2.1284541350e-02 1.2502142622e-01 2.6089081263e-02 9.5423993321e-02 -1.0041803077e-03 1.3568286598e-01 2.2913364925e-02 -1.1627189354e-01 5.8848572785e-02 -5.0095777943e-03 -1.9863378084e-01 -6.7980059808e-02 1.0059999000e-01 -3.6433173513e-02 -1.3515583325e-01 3.4128218626e-02 -5.1998950216e-02 5.7279960342e-02 2.6296634317e-02 -2.0948529621e-02 1.3298600614e-01 -2.4705418129e-01 -1.7219162879e-01 1.5486332631e-01 -2.4886276607e-01 2.1070270440e-02 1.4625739349e-02 7.7082599693e-02 1.2759262832e-01 -1.4238111806e-02 -3.0087725026e-02 -1.0672188055e-02 -2.4134338264e-02 4.3972403537e-03 4.1950338553e-02 1.7622295678e-01 2.1518279728e-02 1.2662921359e-01 4.3330087995e-02 5.8242202699e-02 2.0165314153e-01 -8.4728185648e-02 -2.9345727177e-02 -1.4396971234e-01 9.3170732781e-02 2.5027012303e-01 -1.3212006787e-01 -2.9625427925e-01 -9.3359869835e-02 -4.6738988265e-02 1.3524664321e-01 1.1541169086e-02 3.4172690399e-02 1.0017859242e-01 -6.6297535188e-02 1.1491001283e-01 -2.2504596602e-02 2.1865437702e-02 -7.1342994490e-02 6.6517977006e-02 -1.4626018040e-01 1.9261375334e-01 -3.7318773259e-02 -1.4268657743e-01 -1.9967851346e-01 -9.2680876964e-03
-1.4099324202e-01 -3.8289818422e-02 1.0664779556e-01 1.5062456679e-01 4.7452893167e-01 1.8222711752e-01 3.1369674024e-02 -4.1612437579e-02 -8.9725829112e-03 1.9547267090e-02 -8.0316558938e-03 1.5239685950e-01 -3.7820679504e-02 2.7299831403e-01 -2.5622203313e-01 -7.5356185529e-03 -1.1391658241e-01 -3.3022762307e-01 1.9985636359e-01 -2.1869874813e-01 2.3956677490e-02 -1.8313624009e-01 1.0363669466e-01 -3.8597669178e-02 2.0216080060e-01 5.2513369688e-01 -1.4340470471e-02 3.6136404500e-01 8.7158812787e-02 1.5699893730e-01 -2.2487772680e-02 3.2130483975e-01 -1.2133790100e-01 7.7406485126e-02 -1.8832748875e-01 2.1105288782e-01 -3.0923042377e-01 -1.5926274369e-01 1.3031459309e-01 1.6771348824e-01 8.6799116439e-02 -5.0901663485e-02 2.5818254184e-02 -1.6267176746e-01 6.6688546437e-02 -1.4597660906e-01 -1.4753030560e-01 -1.4064857215e-01 6.0503241762e-02 8.1883604127e-02 -4.7750969026e-01 -2.7105464649e-03 -5.3771292552e-02 1.0147556553e-01 -4.0325802238e-02 1.3120710364e-01 3.8624172379e-01 1.6956350532e-01 -1.2167947162e-01 -1.4641001157e-02 1.2745899967e-02 -1.1072098831e-02 -3.3916233709e-02 -2.5966660137e-01 -4.6401510247e-02 1.8576470048e-01 -7.2260512608e-02 1.1802109584e-01 5.9441676946e-02
4.2724908499e-01 6.8153344838e-02 6.4148676076e-02 8.0040272693e-02 -6.3534426153e-02 -1.9754929644e-01 -1.1932001354e-02 1.7231568267e-01 -1.1903073365e-01 -3.9891211831e-01 -1.8367343783e-01 -2.3821555167e-01 1.8218495005e-01 -3.8728306605e-01 3.4427898740e-01 3.4665227336e-02 3.9027967100e-01 1.3879099352e-01 4.0984897427e-02 3.7427017748e-01 -6.7410346437e-03 8.9593330420e-02 1.7286916762e-01 -2.2824937957e-02 -7.2574218372e-02 -4.1002447211e-01 6.0857733340e-02 -1.4121511316e-01 1.7305973870e-01 2.8722803280e-01 4.1090069685e-01 1.3605767210e-01 5.8754630036e-02 -2.3276450908e-01 -3.8912671420e-01 -9.0422266047e-02 7.5066564912e-02 1.3358519334e-01 -4.1771721244e-01 -2.2060958451e-01 -1.4189544700e-03 -3.8681608145e-01 -2.3868471613e-01 -1.1376373620e-01 2.8217000952e-01 -5.4466516546e-02 -3.8525187324e-01 -1.7124134512e-01 -1.9971289553e-01 5.9284076689e-02 1.6064191188e-01 -1.7227185412e-01 1.7486130077e-02 -1.6963501874e-01 -1.8746533043e-01 3.5934844901e-01 1.7830070611e-01 2.3002854056e-01 1.5007051289e-01 8.7500888313e-02 -7.9346195299e-02 -3.0395719402e-01 3.7122105526e-01 -2.3467365413e-01 -3.9418179668e-01 9.3774170518e-02 2.1250501656e-01 2.7571312691e-01 2.0539586220e-01
-2.0314235529e-01 3.9651400959e-01 -1.4173105009e-01 1.8598678408e-01 1.0289331541e-01 -1.2299695932e-01 2.2651376740e-01 -2.1708215911e-01 -2.2833867693e-01 -1.6792323119e-01 -4.4648504140e-01 2.0705939269e-01 1.1262816382e-01 -3.6065131091e-01 4.7635425590e-01 -1.7202499471e-01 -7.5424526700e-02 1.2146776313e-01 3.2399374401e-02 3.1410359975e-01 5.3138299876e-02 1.5365506956e-01 -6.7586334658e-02 -2.6354751154e-01 -8.7468125903e-03 -1.2948770717e-01 2.9068623205e-02 -5.8324830345e-01 4.0889947802e-01 -8.6764404995e-02 1.1411568730e-01 1.0975264215e-01 6.1409003385e-02 8.2024831016e-02 1.3971268033e-01 -1.3832664496e-01 -2.9549069591e-02 2.9346664935e-01 -4.8168976922e-01 1.1477669159e-01 1.9094509655e-01 -2.8433616309e-01 2.1655981763e-01 -6.7274012225e-02 5.2267860458e-01 7.4834765101e-02 -1.5463294126e-01 -2.2115783518e-01 -4.8368417249e-01 3.8773427740e-02 1.1948821112e-01 -2.2237849744e-01 -3.3933968387e-01 -4.8477430051e-02 1.9229918144e-01 7.6821486322e-02 2.5327708479e-01 2.2023927095e-02 -1.3562688496e-01 1.9963901129e-01 1.6402733014e-01 1.1241962904e-01 -1.9872802773e-01 -2.9294327941e-02 -1.7631825981e-01 -3.2587511286e-02 -2.3616282320e-01 -6.5438812569e-03 -5.4261538793e-02
9.0871715346e-02 -7.0164666830e-02 3.0620050637e-02 -9.1657631724e-02 1.5777328241e-01 2.3887424832e-02 -1.0377990866e-02 3.6442716492e-01 6.4156800057e-02 -1.0986824404e-01 -3.3341778421e-02 -3.8959870960e-02 -1.9704328693e-01 5.7850026894e-02 -1.0525443896e-01 -7.2705000911e-02 1.4611242562e-01 1.7535400319e-01 8.1375918947e-02 9.9267587700e-02 -8.3470304215e-04 3.7140804274e-02 -2.1298543309e-01 1.8489574148e-01 -1.4948306117e-02 -1.4115748559e-01 1.3633686944e-02 -6.5318890871e-02 -3.6372153419e-02 4.1787759305e-02 2.0707499045e-02 -3.3705882397e-02 3.4078681529e-02 5.2209756012e-03 -9.3163665007e-02 -9.5633105816e-02 -4.4615080932e-02 -2.4163444259e-01 -1.3165875978e-01 1.5688418938e-01 3.0137012773e-01 -2.0636872228e-01 -5.1693440034e-02 -5.1862207065e-02 4.6301613484e-02 1.0773314023e-01 -4.3159548433e-02 -2.1107727787e-01 3.5917156813e-02 -1.2044309423e-01 -1.3075821476e-01 -2.0666147248e-01 -7.7501714198e-02 1.0963225812e-01 -4.0309762043e-02 -1.8021731555e-01 1.2857134957e-02 1.1703225551e-01 4.3023604270e-02 -1.8311126307e-01 6.2972119211e-02 -1.2888064575e-01 2.2511504934e-01 4.2927298858e-02 7.8843548240e-02 1.5676864907e-01 -3.5882031712e-01 -3.5501141122e-02 2.1955850059e-02
5.7964286660e-03 -1.1671313991e-01 1.2980125946e-01 5.2220474880e-02 1.8944836550e-01 -1.6699299353e-02 8.6850759944e-02 -3.9312421068e-02 5.9372620954e-02 -1.0588684143e-01 5.0848487318e-02 1.3665717826e-02 -8.6548840969e-02 1.1848148589e-02 1.3257105062e-02 6.2896084409e-02 2.0178078354e-02 -1.1729370612e-01 -6.0586653697e-02 -2.1569124140e-02 -4.2822418498e-02 -1.9063479059e-01 -5.2608637457e-02 7.8625549097e-02 -8.0370407656e-02 -6.4202784581e-02 -6.1537969812e-02 1.4570262751e-01 -5.8747068234e-02 -1.1034347229e-01 2.4301780559e-02 -5.7025341711e-02 -6.0244253282e-02 4.5663559176e-02 -1.3476869708e-01 3.3809594763e-02 8.3352157070e-03 -4.6353700965e-02 -6.6571578267e-04 -7.9106163104e-02 6.5577194633e-02 3.4408073819e-02 3.9383585519e-02 -8.6931429989e-02 -1.0255354492e-01 1.0946111151e-01 3.1868342617e-02 -9.9329257242e-02 2.4285940581e-01 3.0099275443e-02 -3.7946530675e-01 1.1134779027e-01 -1.2789938715e-01 -7.0877891776e-02 2.5961805406e-02 1.7330884491e-01 -2.2944829638e-02 1.0560549634e-01 3.1895884140e-02 3.0438661461e-02 5.3800864371e-02 -1.2660527254e-01 2.4433239982e-02 -7.0121153850e-02 -3.1434956032e-02 1.1814683891e-01 -1.0772497073e-02 -5.6964111459e-02 -1.5250340499e-01
4.4782156812e-02 1.0259412385e-02 5.5227754693e-02 -3.1307106054e-02 8.6346878397e-02 -5.8017916795e-02 -4.0315274605e-02 1.6209903798e-02 2.3478936166e-02 5.6248534297e-02 -3.0716763641e-02 -4.5706621219e-03 -4.7976756784e-02 -2.0816958638e-02 1.5165078462e-02 7.3333439690e-02 5.7208826584e-02 -3.3746658470e-02 -3.5856485028e-03 -1.9462844214e-02 -9.6692409026e-02 -1.1987602700e-01 -8.9577945906e-03 4.4992280613e-02 -1.4319031712e-02 -1.4856140813e-03 3.3575213768e-02 1.1379270974e-01 2.7150364064e-02 -2.7362190662e-02 -5.3307756349e-02 5.4819807095e-02 -7.6150250969e-02 1.0255544321e-02 -4.9200362725e-02 3.7771500633e-02 9.0353314373e-02 1.9224046277e-02 -5.0078900322e-02 1.0706809334e-01 -3.5997458383e-02 -4.7047425311e-02 -6.1596576354e-02 -1.5438825796e-02 -1.0590625657e-01 -6.5476532799e-03 -4.6521960304e-02 -1.8167214225e-01 1.1223673177e-01 -2.6693428712e-02 -3.6391430786e-01 -2.1057261443e-02 -1.6160812636e-02 8.0636141326e-03 3.7317107238e-02 -7.8417823441e-02 -1.7669909300e-02 4.9033834669e-04 1.1088939102e-02 -2.0835821407e-02 -6.4706415534e-02 -5.6877507243e-03 -3.9194135836e-02 -1.8096382180e-02 -6.6254746936e-02 1.2601354310e-01 -5.1501368180e-02 5.9179019752e-02 1.0427259268e-02
6.8507176762e-02 -4.2645939394e-03 -7.8584113696e-02 -5.0042466699e-02 7.7881314350e-02 -4.7379238524e-02 -6.8290167533e-02 1.6614720589e-02 1.2052973947e-02 6.4130089534e-03 2.0342810132e-02 1.3896090972e-02 1.4003231116e-02 2.3308309120e-03 -3.3477562695e-02 6.5557837187e-02 -4.4856528695e-02 2.0391363011e-02 -6.0639526992e-02 2.5324864821e-02 -2.7995919050e-02 -5.5302174053e-03 7.0080236287e-02 -2.3202303835e-02 9.3123742563e-03 -1.2229045976e-01 4.2804165979e-02 -2.9006432044e-01 2.7826604332e-02 -3.5285190205e-02 -1.8413682900e-02 1.3836002937e-02 -5.8317635554e-02 3.0584862387e-02 -8.7131007922e-03 -3.9591693218e-02 1.1310185092e-02 -2.7709200448e-03 -6.0718947098e-03 6.8630559904e-02 -8.5965372484e-03 4.0959294017e-02 5.7473813661e-02 2.3931695465e-02 -7.4781559467e-02 -7.3574638207e-02 -9.6605270968e-03 2.0416514482e-02 -6.2840858484e-02 1.7263762839e-02 -3.6352715609e-01 6.7766311186e-02 -1.9307441562e-02 -1.6447235140e-02 3.4739480328e-02 1.2798076560e-01 -1.6377432702e-02 -2.3489446092e-02 -1.0809025264e-02 -1.1331643556e-03 -2.7995405943e-02 6.7693631806e-02 6.2333514035e-02 5.1819997081e-03 -6.2716164482e-02 3.4424629857e-02 -5.1574623958e-02 9.0977915320e-02 -4.8606585622e-02
2.3524651694e-02 -2.7004210317e-02 -6.1198230387e-02 -4.9298184264e-02 -8.3380749675e-03 6.8102357012e-02 -1.5015861142e-01 9.7078102887e-03 -8.8200874954e-03 -2.1374768896e-02 3.8888550368e-02 5.0488634623e-02 3.0152577948e-02 -4.8471197777e-02 -1.4102543870e-02 7.8538156065e-02 2.2060580221e-02 2.7159257165e-02 5.2006480770e-02 3.8714205131e-02 -3.4841608882e-02 -1.6248224267e-02 -1.9732280589e-02 -8.4777391703e-02 -4.5638609950e-02 -1.0946846494e-01 7.6896109460e-02 -3.6511280442e-02 -1.0843741020e-02 2.0194573637e-02 3.0354633760e-02 5.8607722033e-02 3.9336502878e-02 4.6536770973e-02 4.3921579795e-02 -6.5569384646e-03 2.8774044974e-02 -1.2040442934e-02 2.5348508671e-02 7.4987981151e-03 6.4876514628e-02 1.5054480452e-02 -2.3648969634e-02 1.1882276593e-01 -1.3051651881e-02 -6.9442072770e-02 2.1707205061e-02 -5.1874437872e-02 8.4124167990e-03 -9.6486959375e-02 -2.1681354176e-01 5.2494347448e-02 4.1170118220e-02 -1.3723288413e-02 1.3560527215e-02 5.9526836098e-02 1.6873265230e-02 -4.7489166856e-02 -1.7370483446e-02 3.1521291754e-02 3.7518258912e-04 4.6359592634e-02 2.0705487130e-02 1.2157636669e-02 -5.1016415143e-02 -3.0983078941e-02 -4.4998796181e-02 9.3044971213e-02 -5.4155750411e-02
-1.3476786872e-02 3.1360853917e-02 -3.1538706547e-02 -7.5824925660e-02 -2.0905394415e-02 5.4841720047e-02 -1.0983503124e-01 -1.4844945979e-02 1.2558447755e-02 -3.6463576037e-02 1.4263236092e-02 1.4854386524e-02 1.0102780682e-01 -5.4239666571e-02 2.1620254061e-02 2.9126492763e-02 3.0295831475e-03 -1.7857541660e-01 6.8888983062e-02 1.5848111894e-01 -2.0691118282e-02 -8.6939492113e-02 -7.7308267282e-02 -7.5351949701e-02 -5.7114909362e-02 -4.9909236189e-02 4.4914100901e-02 5.1017692697e-02 -6.1897231289e-02 -3.7991054255e-04 1.1252603852e-02 3.4764479561e-02 2.4902952619e-02 6.2658683776e-02 2.3343681087e-02 -4.5981413895e-02 -1.8044058507e-02 3.5720642696e-02 -4.5341338742e-02 -5.8406009506e-02 4.0598244703e-02 3.2936555204e-02 9.6773427122e-03 7.3796411936e-02 -9.6835778091e-02 1.1847572171e-03 4.8290249515e-02 9.8601160962e-02 -5.3082959077e-02 -8.8341533892e-02 -8.6911428406e-02 4.7516303352e-02 3.3236756376e-02 -1.4839588421e-04 -3.6918188313e-02 -4.9385831438e-03 1.7366579504e-02 2.1444786514e-02 1.9213321487e-02 -6.0624182791e-03 2.8480863799e-02 -7.3733654932e-04 -2.1558690985e-03 -7.6192701649e-03 1.6665518552e-02 -5.5772860614e-02 1.7973448644e-02 4.0502280512e-02 -6.6497233302e-02
-3.4108831094e-02 3.5760196832e-03 1.0289581829e-03 -1.0631512126e-01 2.8954570326e-02 3.9509942300e-02 1.6324676904e-02 -6.5376533102e-03 1.5727784764e-02 1.0954639562e-02 2.3975864567e-03 -3.7135461939e-02 6.1581702973e-02 -4.2725937631e-02 2.9490579489e-02 -1.9197691535e-02 -3.1522808272e-02 -1.7524839393e-01 6.1539020682e-02 1.6799198324e-01 -6.3654749745e-02 -1.1805840359e-01 -4.1266063428e-02 -9.2829694740e-03 -8.1139857174e-02 5.1706766804e-02 2.1861236992e-02 -1.1478534893e-01 -4.5964370567e-02 -2.4657909610e-02 1.9179330694e-02 5.0648650236e-02 -1.0552703820e-02 6.3154996612e-02 -4.6248696634e-03 -1.4545978159e-02 -5.6083471296e-02 6.0893846947e-02 -6.8731024939e-02 -1.4080117239e-01 -2.1980098366e-02 3.1973926159e-02 3.4626292633e-02 4.9043195287e-02 -6.3190142032e-02 6.1854434589e-03 3.2660464457e-03 1.6571436678e-01 1.0040033965e-02 -2.4715670116e-02 1.8808244195e-02 2.4945726990e-02 -9.0042707565e-03 -9.4431140488e-06 -6.5258332665e-04 -3.1574092709e-02 3.0386097185e-02 2.3734795816e-02 1.3059826964e-02 1.2007360149e-01 2.9299736807e-02 -6.3040097887e-02 1.5205358239e-02 -1.1885130010e-02 1.6736650038e-02 -9.9318014933e-02 -8.8430651877e-03 1.9351646661e-02 -9.1899205505e-02
-4.2465033165e-02 3.0635876964e-02 5.0305238964e-02 -1.4118306540e-01 4.1052037407e-02 -1.8029369227e-02 8.3535835103e-02 -7.5911581989e-03 -2.3641744802e-02 5.0903431641e-03 -4.7419757211e-03 -1.7378866170e-02 3.1049054994e-02 5.4539475423e-02 3.3204049921e-02 -9.6135021491e-02 -8.3203335830e-02 -4.8742394812e-02 9.7699811488e-03 1.3173148028e-01 -6.7137089250e-02 -8.1041889326e-02 -5.4929682292e-02 -3.5027599500e-02 -7.5911893123e-02 9.9252769294e-02 7.6610301297e-03 -8.7289178799e-02 -2.7297646878e-02 -9.0245694134e-03 -1.1543226213e-02 -6.6552490460e-03 -2.7209349727e-02 1.5167706110e-02 -3.5272621489e-02 4.9214760585e-02 -5.9072598786e-02 4.5249216527e-02 -9.6864384280e-02 -9.3762489748e-02 -3.0171950256e-02 3.0878268480e-02 5.8991631765e-02 5.5637410672e-02 1.2304219413e-02 8.1833915465e-03 -1.8065927252e-02 7.8772000340e-02 -1.2936687734e-02 5.0354930242e-02 4.9723924691e-02 5.2612398914e-02 -2.2833163854e-02 5.3317954413e-03 3.6201687178e-02 -4.2494294288e-02 3.6054360170e-02 -1.9535215359e-02 2.3497535808e-02 1.3674465468e-01 1.3744506749e-02 -3.9562221754e-02 1.1374973027e-02 -1.0971417271e-02 3.3485569741e-02 -6.9199634157e-02 -6.2150756096e-02 9.5248019321e-03 -1.2145590618e-01
-7.3548098035e-02 2.2367951435e-02 7.2975837738e-02 -9.1085041322e-02 9.1587318520e-02 -4.3482460233e-02 6.5618949546e-02 1.8881742982e-02 -3.1546500742e-02 -1.2644223096e-02 1.1412265144e-02 3.8559232604e-02 -5.9324700972e-02 1.3774049693e-01 -1.2436654109e-02 -1.2262817591e-01 -6.4091609065e-02 -1.5578983126e-01 -7.3181814137e-02 1.6015070420e-02 -7.3541146168e-02 -1.1128194412e-02 -1.6336034642e-02 -4.4222516914e-02 2.4096792734e-02 6.3364742629e-02 2.3383372555e-02 -9.0590793329e-02 -6.2861040452e-02 6.3613342120e-03 -6.4217469198e-02 -2.2023167247e-02 9.8139693778e-03 -4.8927655124e-02 -6.8883892678e-02 6.5934866182e-02 -8.1325206999e-02 5.4036156065e-02 -4.8546973150e-02 -2.1409971577e-03 -6.7666378652e-03 -3.8268642753e-02 8.3680188296e-02 4.1629395031e-02 3.5225300172e-02 -4.8747016115e-02 1.2776798012e-02 9.1856918052e-02 3.1664997256e-02 1.3872568675e-01 -4.0072838699e-02 4.4020110981e-02 1.6725127549e-02 3.3562717682e-02 1.4347278138e-02 3.1414721226e-02 9.9623906734e-03 9.3965154249e-03 5.7125801835e-02 1.4854729650e-01 1.9256252615e-02 -2.3140734017e-02 -1.5504104047e-02 9.5680554662e-03 2.2850908202e-03 -7.6112448089e-02 -6.8791134650e-02 -2.4114208700e-02 -7.3537068291e-02
-4.8519876757e-02 -3.3968530764e-02 2.3756998597e-02 -1.2940707508e-02 2.5413950893e-02 -2.2475798516e-03 3.7127827542e-03 3.2052981265e-02 1.7966182278e-02 -6.4281904191e-02 -5.0149876349e-02 5.9638337909e-02 -8.2905182535e-02 1.6837476446e-01 -5.4312255316e-02 -6.9617457226e-02 1.0293944022e-02 3.3621209314e-02 -6.2006386727e-02 -3.9788885141e-02 -6.6062691418e-02 1.0889879752e-01 1.2651371754e-02 -7.2861838479e-02 -4.4294089854e-03 -4.3099497242e-02 4.2979821763e-02 -4.6246885354e-02 -2.3496696504e-02 -6.2040859702e-03 -1.0545392390e-01 -4.9986543505e-02 4.9535405860e-03 -3.0241589584e-02 -6.4262480644e-02 6.2636711546e-02 -3.6421426864e-02 1.2222748122e-02 2.0370459143e-02 1.0039883436e-01 6.3008065693e-02 -1.0060505934e-01 5.9152897876e-02 2.8917287782e-02 3.8502578779e-02 -2.5632410473e-02 7.3259872216e-02 5.4803347191e-02 -1.9043371357e-02 9.9475456966e-02 -5.9203097830e-02 -2.0327957437e-02 3.1413743666e-02 2.7383917804e-02 1.9937397785e-02 4.2923997948e-02 -3.8716025949e-02 4.5586333247e-02 7.7283552665e-02 1.0691955163e-01 4.7480071339e-02 -2.1961655128e-02 -4.7439326827e-02 7.6990338957e-02 -2.2490424740e-02 -3.3348424206e-02 -4.5925655620e-02 -2.4084202006e-02 -3.4825736999e-02
-6.9343646860e-02 -5.1144254000e-02 -1.8773226473e-02 6.9610939654e-02 -4.6520472647e-02 4.7167991376e-02 -3.8480562437e-03 2.6705850134e-02 6.6344089246e-02 -8.4423005420e-02 -3.9215488666e-03 2.8432873666e-02 -6.8002568349e-03 9.1675195183e-02 -8.1004018325e-02 -4.1341152619e-02 6.0554682855e-02 -4.2323291241e-02 1.1049523399e-02 -3.5172393012e-02 -4.4833000905e-02 1.5120912754e-01 1.4764909787e-02 -4.2319456760e-02 6.4182281667e-02 -7.6565847189e-02 8.5439452857e-02 -1.8518498251e-02 -8.1368566731e-03 -4.7338022779e-02 -1.2721816867e-01 -4.7857620567e-03 -4.2759387377e-02 9.2375886965e-04 1.1959011563e-02 4.3050519563e-02 -5.4168983865e-03 -8.5615334420e-03 9.7292073780e-02 1.3896287561e-01 4.8941786894e-02 -7.3625278535e-02 -4.7199506933e-02 8.2742387502e-03 -6.4630611002e-02 8.0342200692e-03 1.0232533144e-01 6.7550240381e-02 -4.2003683712e-02 1.3051955937e-02 -3.8840529274e-02 -2.0666166701e-02 4.2747978302e-02 -4.4360762016e-04 -1.4800523818e-02 -4.1620683760e-03 -1.9014142058e-02 4.7602568530e-02 1.3310591788e-01 9.3647463369e-02 6.6149653498e-02 1.3046799292e-02 -2.1707922637e-02 1.2560981596e-01 1.5693671466e-03 4.3186839219e-02 -2.7290018349e-02 -3.6495193849e-02 1.5600142629e-02
-3.8328858268e-02 -3.9964865836e-02 -7.1853332038e-03 3.5820686190e-02 -7.2312903920e-02 7.0981833134e-02 4.5380882083e-02 2.4035060787e-02 8.5743437401e-02 -3.8044222845e-02 5.2495911994e-02 -2.0490647266e-03 1.1708143391e-01 -5.5987013419e-02 -3.9384528546e-03 -4.8086184692e-02 -1.7952106988e-02 6.9047379218e-02 7.4222855315e-02 5.5530760871e-02 -7.8970679994e-02 6.0041692031e-02 1.8073485646e-02 2.0886526277e-02 2.9254348438e-02 -2.3499894665e-02 5.5436555758e-02 -1.3862233486e-02 2.6186937197e-02 -5.4849480521e-02 -2.7618328845e-02 -2.2041019782e-02 -9.2166128392e-02 4.0397992186e-02 6.7899564011e-02 -1.0536204330e-02 4.0174217976e-02 -5.4343499888e-03 7.2811439670e-02 7.5523817739e-02 6.4939072817e-03 -5.2056018131e-02 -1.1369262252e-01 -6.1210482687e-02 -1.1358622765e-01 2.0831831172e-02 -1.3129131146e-02 1.1231563107e-01 -3.0227320952e-02 8.5686994724e-04 4.6010782294e-02 1.0045061746e-02 3.0685351667e-02 -9.9444888087e-03 1.0091498186e-03 -4.6809776848e-02 8.7213952760e-03 2.9860121435e-02 1.6959338627e-01 2.7165306297e-02 6.9089940178e-02 2.6315551234e-02 2.7031692122e-02 1.5200812566e-01 1.7969239262e-02 1.0055262723e-01 5.5529584538e-02 -7.0552813919e-02 3.1981413763e-02
-3.7514115533e-02 -7.0015173343e-02 4.3059405178e-03 -8.9831861429e-02 2.9328319823e-02 2.8645990919e-02 3.1871781185e-02 -3.2514943528e-02 3.6875986665e-02 2.3239805504e-02 7.1795126268e-02 -2.0469286547e-02 1.0217404931e-01 -9.3645249288e-02 -4.3572757142e-02 -9.0831822764e-02 -1.7067967039e-01 2.0125417946e-01 5.8659882610e-02 7.5706855459e-02 -8.3787807337e-02 -1.7118264369e-02 4.7934272910e-02 4.5221945829e-02 -1.4643435383e-02 -3.7511677982e-02 5.1125773641e-02 -3.8376380353e-02 6.4867556125e-02 6.1563985321e-02 1.1814459224e-01 -6.2906463047e-02 -5.2685239561e-02 1.5958911728e-02 -8.8207451785e-03 -2.9168232318e-02 4.6707488620e-02 2.8893447076e-03 8.0099015907e-02 2.7155229881e-02 -8.6477945447e-02 -5.2895563756e-02 -1.0421384363e-01 -1.2544877401e-01 -9.6925733397e-02 2.0151411903e-02 -8.2784521501e-02 -6.0489068545e-02 3.5668845042e-02 3.3111837796e-02 2.8016045354e-02 5.6680539789e-02 -1.0268371829e-02 1.4484981821e-02 1.1811879928e-02 -6.7451255742e-02 7.7265903918e-02 -2.1700165774e-02 8.8372196766e-02 -2.3419760233e-02 3.9053398813e-02 -2.4969578162e-02 9.7138660158e-03 1.1897131174e-01 1.1447380726e-02 4.3964341071e-03 3.0616019126e-02 -7.3781427398e-02 6.8639981533e-02
-3.1001579204e-02 -4.3965382782e-02 2.6886377777e-02 -1.4743975553e-01 4.6009010380e-02 9.4700830317e-03 -1.2036858410e-02 -2.5045625779e-02 -7.2936757463e-03 9.6331693938e-02 -1.5918927994e-04 -4.8925522781e-03 1.2709956869e-03 -3.6467279314e-02 -4.2698369371e-02 -4.4432908104e-02 -1.5132638045e-01 -6.4798478740e-03 6.8605500507e-02 -1.9880257769e-02 -8.0251873312e-03 1.2354639033e-02 6.1897803716e-03 1.2182234006e-03 1.1031232904e-02 -4.2988380174e-02 5.6120391887e-02 -2.8443181835e-02 1.0361622090e-02 9.3992653110e-02 1.5297709123e-01 -8.0069492130e-02 7.0250352865e-02 1.2903241203e-02 -8.2061330705e-02 -3.3258194832e-02 2.4752611650e-02 1.2828257842e-02 5.0815937538e-02 1.6196329959e-01 -1.3070726128e-01 -2.6344770857e-02 4.6633069465e-02 -7.6091454005e-02 -3.3683934041e-02 9.7591869885e-03 -9.0541154427e-02 -9.3036042305e-02 2.3688943997e-02 5.6280241174e-02 2.6542664538e-02 2.5407014747e-02 -2.1884504373e-02 1.6808855628e-02 4.9965461232e-02 8.9025876501e-02 9.5789090940e-02 5.1343856579e-03 -3.9026555280e-02 -6.0858678143e-02 5.9874276294e-02 -2.5076273810e-02 -6.0260170747e-03 1.9461422067e-02 -1.5181214988e-02 -8.2195335424e-02 -1.7794681755e-02 -3.6810614150e-02 9.5417602196e-02
-3.9709308221e-02 1.2106685254e-02 -5.7211542240e-02 -4.8056836183e-02 3.1454854242e-03 2.3865379269e-02 1.1380500368e-02 -6.7621593535e-02 -1.4547681620e-02 8.7335324306e-02 -7.0108781744e-02 -4.5820733332e-02 -2.7388233038e-02 5.4571041487e-02 -5.3569176165e-02 2.5550394681e-02 6.3480734487e-04 -1.3817153840e-01 1.0747062855e-01 -4.0282744211e-02 2.0394485602e-02 4.4841268537e-02 -1.8207484158e-02 -6.1174359975e-02 -2.4075150507e-02 -4.0368958940e-03 1.0907752998e-02 9.6841945455e-02 -5.9027253070e-02 1.2825220718e-02 6.0757873190e-02 -4.5486446145e-02 1.4554132249e-01 2.7149537902e-02 -1.0268088887e-01 -3.5084405030e-02 2.8830299117e-02 -3.0922015123e-02 -1.4463624240e-02 1.9829584289e-01 -9.7412081424e-02 4.7680409137e-02 1.1004623648e-01 3.3886546854e-02 -4.4949450292e-02 4.7477050824e-02 -4.4362525534e-02 1.2053541601e-01 4.8688696548e-02 5.0984948398e-03 8.2293498709e-02 3.5091065201e-03 -3.4786849114e-02 1.9105683739e-02 7.7068483651e-02 1.1126570291e-01 1.1177549046e-01 -2.0715893567e-02 -7.6412345703e-02 -3.2700058359e-02 6.1569514722e-02 2.9593043968e-02 -6.0767097540e-03 -5.2453856589e-02 -3.6975638240e-02 -1.2401080194e-02 -4.2360287884e-02 2.4515319484e-04 1.0852032432e-01
-1.0884144037e-01 2.2373810318e-02 -6.6877431728e-02 7.9248895503e-03 -4.3791883050e-02 8.8589029714e-02 4.6801626615e-02 -1.5746485401e-01 2.1282159148e-02 3.2329913119e-02 -7.7108045820e-02 6.0105458036e-03 -5.6239413731e-02 7.1095969644e-02 -8.1645081779e-02 -7.0582405532e-03 1.3130093167e-01 1.1379667820e-01 5.3980647860e-02 -4.8243289383e-02 2.2731188198e-02 1.9145288004e-02 -3.6411116792e-02 -3.6876403738e-02 -8.3307321873e-02 6.1086016700e-02 -4.6944085366e-02 -1.8461580753e-02 -1.1460467697e-02 -2.6801633446e-02 -7.9644181206e-02 -1.2042093695e-02 6.6087607729e-02 4.2655890909e-02 -5.5470020369e-02 -7.9734070221e-02 -2.0035497987e-02 -5.8702238802e-02 -1.0361985689e-01 4.6153548923e-02 -2.3468762008e-02 7.4184522749e-02 3.7277227276e-02 3.4477828673e-02 -6.8495642428e-02 1.3896081182e-02 -1.6492597711e-02 1.5666090972e-01 6.2720336465e-02 -6.3307987729e-03 1.5856354812e-02 2.4686294309e-02 -1.0343602614e-01 -1.3715018558e-02 7.7104871939e-02 -1.0775557211e-01 8.0722168234e-02 -1.8994535871e-02 -4.8626063210e-02 2.6737520197e-02 6.8863774320e-02 8.3323152872e-02 2.1457377521e-02 -6.3660804623e-02 -5.2719086940e-02 7.2049911788e-02 -4.5109660598e-02 -6.8588518446e-03 8.6528290567e-02
-1.1103563302e-01 2.5531535409e-02 -2.9619608880e-02 -3.7520528771e-02 -4.1769406936e-02 1.0309075060e-01 2.6830605010e-02 -9.8134701562e-02 8.7021910648e-02 3.8453560467e-02 -1.9415250532e-02 1.1138485336e-01 -1.3463971610e-02 -4.7638597942e-02 -4.5542490936e-02 -1.7376106638e-02 9.0668070903e-02 9.1792240513e-02 -6.2029160642e-02 -3.0302729629e-02 8.3915604537e-03 -1.6809512322e-02 -4.7681631149e-02 1.3359585063e-02 -7.4293113306e-02 4.9046301658e-03 -4.2428021657e-02 -9.9690552612e-02 1.5234770412e-01 -8.4622448061e-03 -9.8458998193e-02 -3.3785534161e-02 -5.8979664169e-02 9.0093203403e-03 -5.9804016860e-03 -7.8440535523e-02 -3.9088654196e-02 -2.3617367180e-02 -1.4131162860e-01 -6.9166376726e-02 5.8748068568e-03 4.1668942174e-02 -3.0851445930e-02 -2.2636970745e-02 -1.0187429886e-02 -4.6695011784e-02 -1.3261202993e-02 2.5073919749e-02 5.9891180223e-02 9.1513848328e-03 -4.6343766230e-02 6.5590235729e-02 -1.9654076056e-01 -5.7022343972e-02 7.8770197516e-02 -1.1180859685e-01 -3.7462852512e-02 3.5468403051e-02 1.0760485375e-02 3.3761289824e-02 5.8336384176e-02 6.1742417788e-02 1.7152419559e-02 -2.8257107107e-02 -9.4614210524e-03 6.3143571737e-02 -4.2803921871e-02 -1.6962279037e-02 3.1151199027e-02
-2.6674551230e-02 3.9107644178e-03 2.6220551671e-02 -9.2961603038e-02 -4.4532249701e-02 9.2147305732e-02 -1.5292792067e-02 7.1088884912e-03 5.2561456057e-02 5.7309560929e-02 1.2865245592e-02 1.5058501862e-01 2.6839668230e-02 -8.3072068581e-02 7.2744171861e-03 -3.5863593174e-03 -2.3858581454e-02 -1.1665504040e-01 -1.0667107056e-01 1.8049251213e-02 7.6766677947e-02 -1.0947644882e-02 -7.7166504413e-02 -1.1644314603e-02 -4.9740734830e-02 -1.1901844109e-01 7.8921738798e-03 -9.1593558076e-02 2.0687767248e-01 -4.6370663234e-03 -8.6864943423e-02 -1.9101168475e-02 -2.7144104966e-02 3.1855874456e-02 -1.1337166356e-02 -1.7101012579e-02 -4.2869477421e-02 2.2005522629e-02 -7.7227387380e-02 -2.2398911629e-02 -1.6755997124e-02 3.7091213995e-02 1.0760244332e-02 -1.2252239275e-01 -2.3004575403e-03 -4.7147542989e-02 5.1456703255e-02 -1.2830048213e-01 4.1160842515e-02 5.0539588334e-02 -2.4841012839e-02 7.7317461069e-02 -1.5092943935e-01 -5.5732944672e-02 4.6336525212e-02 1.2435921193e-01 -7.5674704859e-02 5.3660938332e-02 -6.9236708936e-03 -3.2569990284e-03 1.9016131458e-03 2.6275830117e-03 -1.5851258219e-03 3.1664962607e-02 1.1990362969e-01 6.3109314584e-02 4.8533816280e-03 -2.9483408683e-03 -1.1110166274e-02
7.1784279842e-02 -3.7605556914e-02 7.0543958190e-02 -7.6572885369e-02 -4.5392643230e-02 7.3632722008e-03 -1.2818743379e-02 4.0792476937e-02 2.6712041355e-02 3.9619053362e-02 2.0282222413e-03 3.9260002497e-02 4.9772369802e-02 -2.8410309955e-02 7.4211221843e-03 1.2316176131e-02 -6.5172117089e-02 -2.4575525904e-01 -9.3661984153e-02 1.3734474977e-02 1.2836389118e-01 -6.0841193572e-03 -7.3417571998e-02 -7.7281886217e-03 -5.1464569524e-03 -1.0273199156e-01 7.5589491473e-03 -7.5713487101e-03 1.6773038063e-01 -2.8671597568e-02 -2.8267562128e-02 -1.5911837651e-02 1.0806081040e-02 5.6958687304e-02 -1.0722246887e-01 -1.9553257470e-02 -5.0079837951e-02 6.6745260358e-02 5.4982229517e-02 6.1449774490e-02 -3.9614987413e-02 6.4044678369e-02 7.5761373729e-02 -3.6394541760e-02 -7.7539487714e-02 4.0150204510e-02 4.5818593417e-02 -9.0807613432e-02 4.9016302768e-02 4.6879110167e-02 1.8793414970e-02 2.6850204434e-02 -3.2728086294e-02 -2.8857583300e-02 2.7182682137e-02 1.9030177653e-01 -9.5647558196e-02 -7.8823708988e-03 -7.5551318265e-02 1.5460544982e-02 -6.7715571867e-02 -7.0162002894e-03 -4.4407247861e-02 5.6346250704e-02 1.4388915839e-01 8.9067346330e-02 2.4069897820e-02 4.6390303427e-03 -2.9498869573e-02
1.2663909953e-01 -7.1040265744e-02 5.4713799197e-02 4.4049524610e-03 -3.1987870568e-02 -4.4007566862e-02 1.7732338263e-02 2.6694262049e-02 2.8240891645e-02 -4.8113872936e-02 -3.6781825719e-02 -5.6847389053e-02 4.5279993040e-02 1.5412447824e-02 -5.5078211080e-03 -2.1279596444e-02 -1.6947686820e-02 6.8412388265e-02 -4.0532604886e-02 1.4490355718e-02 1.0869528870e-01 -1.1854914724e-02 -8.8820498900e-02 1.6195841159e-03 3.8000525077e-02 2.2100078507e-02 3.5377287915e-03 -2.4873246971e-02 4.0166506153e-02 -2.3153869004e-02 3.3457355454e-02 -2.2854954990e-02 5.3092650510e-02 2.5586810185e-02 -8.5231903894e-02 3.7767448562e-03 -3.5649575395e-02 5.3806816252e-02 7.4715653768e-02 1.1461188162e-01 -4.2586300856e-02 6.4635885936e-02 8.8422991725e-02 4.6505529050e-02 -7.3127476315e-02 1.0732162394e-01 3.5027341190e-02 -6.9643698395e-02 6.8218917563e-02 -3.1815821476e-03 1.1258530166e-01 -4.0168937583e-02 2.3949685840e-02 9.3284740901e-03 3.0464597421e-02 9.4979902749e-02 5.6511019920e-03 -4.4862524095e-02 -9.0056129758e-02 4.1616210752e-02 -6.3838542669e-02 3.4651388170e-02 -1.5233064124e-02 5.2642850163e-03 1.1465597669e-01 1.2070598369e-01 2.5392997275e-02 -6.0889058800e-02 -3.0207696026e-02
8.5704567316e-02 -9.3463130449e-02 7.9553999753e-02 1.5980310804e-02 -2.1519571116e-02 -6.7342780490e-02 -3.1768219453e-03 -4.9267075620e-02 -3.9348247646e-04 -7.7046103644e-02 -2.0740744931e-02 -6.2898549291e-02 1.8592640117e-02 4.6590236373e-02 -3.3514223493e-02 -2.5698670446e-02 7.0606386244e-02 1.1849246621e-01 -2.1208806951e-02 -8.0002416245e-04 4.0189977814e-02 5.0665723747e-02 -5.5329021238e-02 8.2734070040e-02 -1.2043526765e-02 4.7420452091e-02 -3.3274117731e-02 -1.9785803250e-01 -1.4359756272e-02 1.7046591952e-02 1.3819730861e-02 -5.6074842804e-02 1.8626949086e-02 2.9619505903e-02 9.8516986130e-03 3.2417860453e-02 -7.2944851698e-02 3.7536655553e-02 6.9797083836e-02 1.8720284167e-02 -1.3885910961e-02 7.1747827168e-04 5.0039642076e-02 9.1975581090e-02 -6.7922133360e-02 9.5998417259e-02 5.2747469990e-02 -8.9094184950e-02 -2.2349920245e-02 -1.8988198400e-02 1.5775916757e-01 -6.6652561351e-02 4.3649272532e-02 3.5787333525e-02 1.7017236215e-02 -5.6727484397e-02 2.8682269562e-02 -3.8188049403e-02 -4.3040124753e-02 3.1382178480e-02 -1.2140745436e-02 -2.5903167457e-02 -6.7434013525e-02 -4.3360826725e-02 5.0245920812e-02 1.3263124153e-01 2.5084818994e-02 -4.1736015311e-02 3.9778147154e-03
1.4094885357e-02 -8.8038321339e-02 7.2262066489e-02 2.7722532819e-02 9.0630865330e-03 -1.6922822131e-02 -2.6241673017e-02 -5.1070753384e-02 2.4285605060e-02 -8.0299940366e-02 1.1113223938e-02 -7.3987758623e-02 2.4396198389e-02 5.1921228939e-02 -1.1109354022e-02 -4.6683714421e-03 7.5184633335e-02 2.0897654619e-01 5.6439035496e-02 2.0254771716e-02 -1.0127182650e-01 7.3487511675e-02 -6.8968433456e-02 6.0833002303e-02 -1.0459695399e-02 2.2598766099e-02 -4.5619534641e-02 -1.6093945929e-02 -3.2319913306e-02 4.5314462359e-02 -5.3269070383e-03 -1.4952819733e-02 -5.1269709042e-03 3.3189489073e-02 3.4659083680e-02 2.5996963096e-02 -7.1217847515e-02 7.0168394104e-03 4.5223987655e-02 -4.8107270067e-02 6.5479886282e-02 -5.6573743973e-02 -2.3741533085e-02 1.1170300169e-01 -9.4311490442e-02 8.4888768593e-02 6.2828839698e-02 -1.0065138447e-01 -6.2880531004e-02 -2.6114317258e-02 2.3848063822e-01 -5.0185277647e-02 -2.8561762281e-02 -4.1326089812e-02 1.3736282325e-02 -1.4217195326e-01 3.5919529750e-02 6.5630598333e-03 -1.1764894795e-02 3.9807257937e-02 -1.6046516342e-03 -3.2360234544e-02 -1.1964488089e-02 -3.5467139294e-02 5.0700362836e-02 5.1527779667e-02 2.9715438349e-02 -9.0311553543e-02 -6.2294034914e-03
3.6824074567e-02 -1.0715987027e-01 7.4722914266e-02 -6.5337592342e-02 8.1304684518e-02 5.6223712699e-02 -3.7469460517e-02 3.1899220512e-04 8.4651036660e-02 -2.3057669251e-02 2.0048543618e-02 1.7178072143e-02 1.1033274226e-02 1.1968693031e-01 5.3533370492e-02 -5.0155894803e-03 1.6098109555e-02 -3.6725234156e-03 7.1097615388e-02 -5.6127264061e-02 -1.4516883003e-01 1.3266744282e-01 -2.0515263158e-02 -6.1859854872e-03 -3.9699142481e-02 -1.0482422123e-01 4.6005048092e-03 -7.3754347643e-02 -2.4551639362e-02 6.8936562288e-02 -9.0867486286e-03 1.1349088927e-01 -1.9376068690e-02 8.2212186283e-02 5.7356771677e-02 -1.6813375768e-02 -7.3209054977e-02 -1.2510070654e-02 1.6116878559e-02 -7.7481024259e-02 1.0994520063e-01 7.0774741338e-03 6.0485526962e-02 3.1150685456e-02 -1.8363161425e-02 -3.2383880975e-02 3.5161523307e-02 3.2882864732e-02 -1.0775299542e-01 -8.3648726099e-02 2.9956214823e-01 -4.4678829235e-02 -6.5059655166e-02 -3.3437954381e-02 6.1954434168e-02 -1.1164818409e-01 5.9355490147e-03 -4.1021021706e-03 7.1195139330e-02 -1.6832610772e-02 -2.1151665338e-02 -7.8658123152e-02 -3.1376382022e-02 -9.6535150504e-03 -2.0895831228e-02 -1.0388337175e-01 4.3127898181e-02 -7.0783999830e-02 -1.2339025892e-02
-5.7797690857e-02 2.6873126744e-02 8.8087602516e-04 1.3623132236e-01 -2.8044159218e-02 9.4168505390e-02 2.7183769593e-02 6.6970365224e-02 1.2180268274e-01 4.2645217847e-02 3.6998419374e-02 1.1080022023e-02 8.2037498709e-02 -9.5059281046e-02 7.3708917445e-02 -3.8702717291e-02 9.5452587235e-02 -1.3946015453e-01 8.5364514879e-02 -2.3410510092e-02 8.7066100727e-02 1.1262162969e-01 -1.4797941967e-01 8.3561054395e-03 7.6068894453e-02 -2.1625671867e-01 2.2604322018e-02 -1.2077845901e-01 -9.3251197158e-02 3.2197603487e-02 8.0832168804e-03 1.7085801391e-01 -1.9364435242e-02 -8.4234112608e-02 9.9983115675e-02 -7.3166833973e-02 -4.9142759613e-02 -2.3462502311e-02 7.5096814666e-02 1.0626075715e-02 1.1593383140e-01 3.6282726170e-02 3.6443369349e-02 1.6275173803e-01 1.1611649141e-01 2.4241769270e-02 -2.0507575568e-02 -6.3264945246e-02 1.3149111843e-01 -2.4714652732e-02 4.7259610742e-02 2.6979345028e-02 -1.1119385795e-01 -8.5177311834e-04 1.8855029056e-01 8.2271572122e-02 -8.9036996450e-02 -2.1005739599e-03 1.0777261083e-01 3.6359753557e-02 -2.5974094518e-02 -1.5137975811e-01 -3.2459136729e-02 -6.8379026082e-02 3.0392483052e-02 -1.8552832134e-02 -3.2295314609e-02 -7.4241612627e-03 4.3802665941e-02
2.6243495330e-02 1.0752318791e-01 -5.9468653094e-02 -2.6882050656e-02 6.6996514267e-02 -5.0522065076e-02 5.9389220895e-03 2.4040468942e-02 1.6314902888e-01 9.6748939624e-02 -1.0025324173e-01 3.5498957639e-02 9.8517702134e-02 -9.0660502755e-02 -1.2625980371e-01 1.3649387231e-01 8.7809857773e-02 -2.6185905005e-01 1.2664379238e-02 -4.9865337575e-02 7.0845521331e-02 -4.9792212446e-02 -1.0760584960e-01 1.0080866093e-01 -1.9966127383e-02 -1.4965493098e-01 2.7473636962e-02 -8.1539383976e-02 -5.2496785919e-02 6.1442912950e-02 2.8320509438e-02 1.1641989831e-01 -9.9463649417e-02 -2.5698669059e-01 2.5762231928e-01 1.2486296083e-01 -7.2883460745e-03 9.9628932102e-03 8.8058014636e-03 2.8496567561e-01 3.5993698081e-02 -3.8329342537e-02 1.4362860009e-01 -4.5014434514e-02 -1.4384091410e-01 -1.5225528862e-01 -9.5112919327e-02 -1.2962643450e-01 8.8292447979e-02 -1.1191256213e-01 -1.3649527596e-01 -7.7839818386e-02 -5.2393136395e-02 2.6730308837e-02 2.6586002352e-02 1.0295783321e-01 4.4628196762e-02 5.0789270555e-02 5.1833139024e-02 -1.2075147938e-01 -7.1289639235e-02 -1.1989055137e-01 6.5000798139e-02 -8.9767719674e-02 1.1715302463e-01 7.5774839688e-02 -7.2949915621e-02 -1.9904729190e-01 6.5193334100e-02
3.0721754792e-03 2.9105672901e-01 5.8523553955e-02 -7.6332505575e-02 8.4148793205e-02 -1.1532699385e-01 3.0832952725e-02 -1.5046010041e-02 -2.3533471058e-01 3.5137087337e-02 2.3254311737e-02 -1.8533338931e-02 -1.6680122804e-01 1.1541952679e-04 3.6673352856e-02 -4.7063450187e-03 -2.0460850296e-01 -4.4646257208e-01 -1.7502209898e-01 -8.0563437655e-02 8.2205690952e-02 3.6562639016e-01 6.9224993608e-03 1.1972925846e-02 1.8853919897e-02 2.3222172303e-01 8.8793678350e-02 3.4412098942e-01 1.5409368001e-01 -1.3360619369e-01 -8.9689619302e-02 -1.0327627275e-01 9.7647016965e-02 -3.1182461189e-01 -8.0638810511e-02 -1.3859718089e-01 1.2054486784e-01 8.9849543982e-02 -5.1807964863e-02 4.0701885197e-01 1.1302530730e-01 -1.1225771923e-01 -5.2182783628e-02 -1.8548307898e-01 1.0187562785e-01 -1.1786689582e-01 8.4854366903e-02 -3.7088548883e-01 4.0872723978e-01 1.7167764963e-01 -1.5506033847e-01 1.0216668250e-01 -5.5341754976e-02 -5.4783162151e-02 -1.9509561399e-01 -6.2536387823e-02 7.7348530581e-02 -4.6978884551e-02 7.3845968587e-02 3.2798499780e-02 8.4453331004e-02 6.2857000901e-02 -4.9876408273e-02 4.1513000535e-02 3.4490873242e-01 2.8352258585e-01 -1.7406705358e-01 6.1677968549e-02 1.3507596348e-01
4.2739343489e-01 6.9028292667e-02 6.3899329761e-02 7.9855854159e-02 -6.3731099932e-02 -1.9813784486e-01 -1.2028531582e-02 1.7261197533e-01 -1.1870236531e-01 -4.0218932448e-01 -1.8483934345e-01 -2.3845679542e-01 1.8234951216e-01 -3.8779397896e-01 3.4489713605e-01 3.4172886571e-02 3.9038461225e-01 1.3921590716e-01 4.0938353129e-02 3.7426539389e-01 -7.0411527734e-03 8.8395593524e-02 1.7283572653e-01 -2.2828320849e-02 -7.2947330639e-02 -4.1020226997e-01 6.0835210512e-02 -1.9914944895e-01 1.7303820532e-01 2.8731426544e-01 4.1110665675e-01 1.3596356454e-01 5.8525992379e-02 -2.3287417412e-01 -3.9377050014e-01 -9.0589085959e-02 7.5048626453e-02 1.3372277595e-01 -4.1878671942e-01 -2.2105692263e-01 -1.1333330793e-03 -3.8691310507e-01 -2.3865567072e-01 -1.1340709220e-01 2.8367537878e-01 -5.4714946055e-02 -3.8637421263e-01 -1.7036183795e-01 -2.0482856792e-01 5.9253947341e-02 1.6067890279e-01 -1.7212226922e-01 1.7318470084e-02 -1.6953135487e-01 -1.8751066142e-01 3.5931364692e-01 1.7831044556e-01 2.3019024962e-01 1.4972081095e-01 8.7313463174e-02 -7.9230873332e-02 -3.0410201533e-01 3.7112293593e-01 -2.3463168862e-01 -3.9431193392e-01 9.4156396696e-02 2.1298918224e-01 2.7598554630e-01 2.0549779865e-01
9.3769370810e-02 2.9205036482e-01 1.9766804756e-01 6.0030001416e-02 -1.2574366456e-02 2.6989865088e-02 3.7589811093e-01 -1.2157140909e-01 -1.4104963761e-01 -5.9178618771e-01 -2.7007741050e-01 3.4267169245e-01 -9.6171379694e-02 -1.3761884893e-01 1.4176308496e-01 1.7046581195e-01 1.2745794318e-01 -2.3945834646e-01 2.9872320611e-02 1.0099007674e-01 -2.4590305429e-02 3.4185093538e-01 -1.3290962771e-01 -1.7454363398e-01 -2.0898179994e-01 -4.0423964255e-01 1.8651676535e-02 -2.3229916219e-01 4.0630917934e-02 5.8298570198e-02 2.1899715648e-02 6.3158729541e-02 5.5483471327e-03 -4.5448483655e-02 -1.5425433338e-01 3.5413897780e-02 2.3407308195e-01 -7.5828027458e-03 -3.4104481886e-02 -2.5094980186e-01 5.1811994343e-02 1.6527005123e-01 -2.2794276151e-01 1.7318257161e-01 3.9364289317e-01 -5.2454306532e-02 -4.1178005689e-01 -1.3695565286e-01 1.3665260267e-01 1.3019086997e-02 1.4616397278e-01 -2.7833980908e-01 -2.1446921918e-01 -3.6025165562e-02 4.4514061196e-02 3.3702683312e-01 -2.6521341113e-02 -1.5818476195e-01 2.3949211125e-01 7.1273951701e-02 1.7932715518e-01 1.0710927679e-02 2.3580378852e-01 -1.5290132510e-01 -1.9053712602e-01 -5.3603468474e-03 1.4756052941e-01 -9.6535567165e-02 1.0050145879e-02
6.4252999274e-02 2.3900377006e-01 1.2299258565e-01 -9.6966054560e-03 -2.9133630466e-02 2.0172834049e-01 2.8262479195e-01 -3.0166093086e-02 2.0141228951e-01 -9.4565227084e-02 -7.7734641080e-02 1.0742667124e-01 -7.0971668339e-02 8.9463364290e-02 1.6461995537e-01 5.6693771741e-02 1.9851590658e-01 -8.7155983462e-02 1.5239100131e-01 1.5495571916e-01 -1.9834133654e-01 4.2062860705e-03 1.0042354618e-01 1.4415539067e-01 -5.5837867497e-02 1.0073233724e-02 -1.6076990859e-01 -7.5232488225e-02 -1.7568169799e-01 -1.4872802820e-01 1.5092686786e-01 9.3060560131e-03 1.1271342262e-01 4.2837879359e-02 -1.8399857057e-01 1.5882588939e-01 1.2674885554e-01 -3.1858423620e-01 -2.6167701800e-02 -1.0633960290e-01 -1.2092611148e-02 -1.9779769624e-01 -1.7895338879e-01 -2.2529108939e-02 -2.7206633826e-02 -1.0595640287e-02 -6.6852809535e-02 -7.9870118541e-02 8.8139008963e-02 -1.1583235751e-02 3.9343023291e-02 -1.1800500910e-02 1.7196309560e-01 1.0073107354e-01 9.3621996049e-02 -4.1295135184e-03 5.4553432302e-02 8.5171557179e-02 -1.1180839595e-01 -8.3743117333e-02 -2.7349725167e-02 -6.8150069810e-02 6.4999554675e-02 -3.0881415851e-02 -1.2562267341e-01 1.7110783607e-02 -2.4649046944e-01 -4.3652345129e-02 7.2647025248e-02
-3.5474550139e-03 -2.6287845659e-03 4.5987627974e-02 -1.5510402829e-01 1.0192913341e-01 -1.7023058551e-03 1.8085149706e-01 5.5477494909e-02 3.0818934745e-02 4.3013189396e-02 -2.9260818998e-02 -6.9466146471e-02 -2.8293960867e-02 -5.5273313837e-02 -1.3511209059e-03 2.1165175563e-02 -4.9871866848e-03 -1.0190932015e-01 -9.7395459116e-02 6.0321864855e-02 -1.7163682605e-01 -1.3576699134e-01 -3.0918068010e-02 1.3519588640e-01 3.9480512737e-02 1.2011110509e-01 -5.5805843560e-02 6.4434365749e-02 -3.0088106820e-02 2.2216250995e-02 -5.0912144038e-02 2.8084265562e-02 -5.1930455736e-02 1.8715770748e-02 -7.3597753211e-02 -6.4813159027e-02 5.6931376165e-02 -4.1078033813e-02 -2.2659239934e-02 1.3654513691e-01 3.1574025666e-02 -7.9251661127e-02 2.5506399700e-03 5.5381090213e-02 -6.7869004652e-02 8.9529445678e-02 4.7892987582e-02 -1.1710420239e-01 4.2580236052e-02 8.6903728380e-03 2.7975236026e-02 -1.4984769436e-01 -2.0527976409e-02 6.5801643143e-02 1.0105646674e-01 9.0221215008e-02 -1.7282526308e-01 1.7917332816e-02 5.5982618775e-03 -9.3564677704e-03 -2.5762897674e-02 -2.7529267340e-02 2.8047963896e-02 -3.1411487315e-02 -1.4050621837e-01 8.8477198034e-02 5.9964481974e-02 -2.5765657411e-03 2.9847983150e-02
1.4086479143e-02 1.9504761032e-03 2.1096583262e-02 -4.0174112344e-02 6.7173357046e-02 -1.1910502215e-02 -5.0910814611e-02 1.6320669448e-02 -9.2882646122e-02 -7.5925083130e-03 -3.1642006812e-02 -2.0894193965e-02 5.3770759311e-04 -5.1943511074e-02 3.1919987694e-02 -1.9678030447e-02 -1.6347151880e-02 -2.2602894009e-01 -1.0886348986e-02 1.5937072142e-02 5.5552530611e-03 -4.7204301271e-03 2.9876742245e-02 7.4058729900e-02 2.7471106569e-03 3.7978419837e-03 5.4540886567e-02 -2.5216899248e-01 5.7593711841e-02 -3.6930438150e-03 -2.6891016468e-02 -6.1465221782e-02 -1.2034706585e-02 -8.6766227366e-03 -9.7055205278e-02 -1.4759216923e-02 3.7300767504e-03 8.6334841428e-03 -1.4221304556e-03 9.6450579172e-02 1.0111432412e-02 -7.9657180249e-02 -1.2491004515e-02 3.4918228659e-02 -7.1132155533e-02 5.0187962819e-02 2.0956810975e-02 -1.5115776218e-01 1.5308783839e-01 1.7898873602e-02 -3.4447774590e-01 -1.2011937384e-02 5.2448990750e-02 -2.7631615617e-03 -1.3832247059e-02 1.0229182570e-01 1.9900183281e-02 -6.2579549824e-02 -5.1581145438e-02 -4.9032112312e-02 3.9025070641e-02 -3.8760103036e-02 -2.0486617281e-02 -4.1656364942e-02 -3.2272994647e-02 -1.3251875758e-02 2.9071537327e-03 -1.0872059485e-02 -4.0781059698e-02
5.8704716236e-02 -2.4446286070e-02 -5.5485807690e-02 9.8711506659e-03 3.8069406534e-02 -1.8645636304e-02 -1.2181365767e-01 -2.5124510506e-04 7.3194658040e-03 6.9570980856e-02 4.1593621254e-02 9.8447820542e-04 -1.6199785890e-02 7.7768141628e-03 -4.8908999230e-03 4.2331961879e-02 1.4761007887e-02 -6.8947722959e-02 4.8953832197e-04 6.1793811977e-02 -8.3622122875e-03 7.9635403325e-02 2.9587023203e-02 2.0590293386e-02 7.3170842741e-02 -9.2822699380e-02 -5.5730003871e-03 -1.4603221850e-01 -4.2714719326e-02 1.0094224835e-02 3.4295424646e-03 -4.1810868520e-02 3.0866468770e-02 1.0517007730e-02 -3.6853051035e-02 -1.5030901376e-02 4.4003400567e-02 2.3036580834e-03 -2.8972614152e-02 6.2551434404e-02 1.0080220620e-03 2.0580334656e-03 2.7652678260e-02 5.8989315962e-02 -8.6355165640e-02 -3.3982976141e-02 -5.8992319148e-02 -7.3312072151e-02 -2.5754065649e-02 -3.0798122216e-02 -2.7253569060e-01 7.4024154821e-02 -1.9503456528e-02 4.5361955315e-03 -7.4601034221e-02 9.3529525242e-02 -6.9356113291e-03 -4.9067191710e-02 -2.0618232399e-02 -1.7811655901e-02 2.5714092665e-03 4.8861936519e-02 -2.1834182669e-02 2.5460108420e-02 -4.0737593952e-02 2.2511232621e-02 -3.2586665632e-02 2.3152759950e-02 3.3676961017e-03
6.0319303417e-03 2.2296586420e-02 -1.0505042143e-01 7.9335006975e-03 -1.8546486145e-02 3.9207624390e-02 -1.1025836751e-01 -3.7345514320e-03 2.4198008804e-02 5.0607287090e-03 -3.1620334644e-02 -1.9762210264e-02 -2.6091056595e-02 -7.5685630204e-02 6.1152815449e-02 4.2151345942e-02 5.0249506531e-02 1.4426331578e-01 1.3227344826e-01 6.8169061863e-02 -6.7461062260e-02 4.7362694817e-02 -3.8651659274e-03 -5.0790174111e-02 -8.3797926561e-02 -1.5697700280e-01 1.0515723702e-02 2.6154558516e-01 -4.1840470079e-02 -1.1093471943e-02 -6.8505186230e-03 4.1131514247e-02 -7.1431667607e-03 8.3613930958e-02 -6.5182359483e-02 -3.4618980734e-02 9.6568290132e-03 1.5887032211e-02 2.8660698415e-02 5.3673549199e-02 1.5932455563e-02 2.4820632671e-02 7.1631624277e-02 -8.4756515149e-03 -6.0278173727e-02 6.8095574514e-03 2.2065765317e-04 -7.7006978263e-02 -4.1930860304e-02 -1.0818480263e-01 -1.9222535739e-01 4.4250720131e-02 1.7337675226e-02 -2.6814963754e-02 -4.4163827731e-02 9.8082977065e-02 -2.4813352239e-02 3.6678338470e-02 -1.1538233462e-01 5.0831273180e-02 -5.1908145509e-02 2.9129844707e-02 -1.3734983562e-04 -1.8317952399e-02 5.9517160927e-03 -7.4005855968e-02 2.1786075564e-02 4.1182597439e-02 -3.8931989029e-02
-1.8131585911e-02 3.1982328250e-02 -1.0154799789e-01 -1.4741761977e-02 -6.8688685554e-02 7.0302763749e-02 -7.3609192120e-02 -1.6981340576e-02 -2.4922201227e-02 -4.9298683801e-02 -7.4283671734e-03 -3.8737244805e-02 5.0664546836e-02 -6.6413625616e-02 5.0946874548e-02 1.5066630595e-03 2.7274640739e-02 3.1296856613e-02 1.3735178050e-01 1.5964775022e-01 1.7228224801e-02 -1.8700679005e-02 -2.0842939743e-02 -6.6403820678e-02 -6.4731986738e-02 -1.0850650954e-01 -3.9913197194e-02 1.1234694916e-03 -5.1573498637e-02 -3.3424828288e-02 -2.6765737618e-02 4.4235319399e-02 3.2662607893e-02 4.8331162811e-02 -3.6642487478e-03 -6.6057849247e-03 5.8287205649e-03 -1.4532372743e-02 -2.2274740787e-02 -1.0515411366e-02 -2.5117140275e-02 3.3384400466e-02 5.2220248611e-02 1.5967858947e-03 -7.5425235886e-02 3.0238713264e-02 -2.3607231703e-02 3.7229365348e-02 -7.5770714538e-02 -9.4004898006e-02 -6.4389448017e-02 3.6750119466e-02 2.9587955281e-02 -5.7810750993e-02 -1.4079883098e-02 5.7552096340e-02 -2.0368536281e-02 3.0917928463e-02 -1.6912770836e-02 5.3595427682e-02 -3.7212773307e-02 1.8095339405e-02 -3.0092989450e-02 -5.0822715710e-03 2.6742382245e-02 -9.2713023150e-02 3.9387558233e-02 2.7783814166e-02 -1.0777763060e-01
-5.5311942736e-02 5.6916089292e-02 -4.9899555694e-02 -4.4940915740e-02 1.4193794974e-02 4.1421177034e-02 4.8087387036e-02 1.1811209554e-02 -3.1601937866e-03 -5.6068462722e-02 -1.6842750929e-02 -4.0622408664e-02 8.0272525635e-02 -4.3768572934e-02 4.9777077739e-02 -1.0727286957e-01 -2.9132781962e-02 4.0178135274e-02 7.4413140983e-02 1.4348572970e-01 -2.7502347508e-02 -6.8374403450e-02 -5.3990605825e-02 -1.8157373752e-02 -7.3449955527e-02 2.8509141102e-02 -6.3452957873e-03 1.6766294289e-02 -3.2024480702e-03 -1.4734866166e-02 -8.4817673430e-03 3.4438446619e-03 1.8461163506e-02 2.2350734758e-02 -1.5026763274e-02 -3.2796207334e-02 6.7900828574e-03 1.9722270908e-02 -3.5965306444e-02 -2.8124465225e-02 -1.8209032822e-02 -2.0792857753e-02 5.9780175069e-02 -2.0265401344e-02 -7.0784190373e-02 3.2073820452e-02 -7.4205977869e-02 1.4030532061e-02 -5.6157559790e-02 -4.7443409539e-02 5.3350519015e-02 2.6766510204e-02 -1.2720184723e-02 -5.7432769227e-02 -1.4721840421e-03 -5.4614640756e-02 1.2930117203e-02 6.1580476817e-02 -2.9921725337e-02 1.2389134500e-01 -5.4761076196e-02 -2.4173752056e-02 1.3630574662e-02 -5.6155626038e-02 4.1668004516e-02 -1.0865406742e-01 -9.9837095474e-03 -2.6811342205e-02 -1.1283002601e-01
-5.0086130430e-02 5.2041787860e-02 5.9631937387e-03 -4.7762159183e-02 8.4664284212e-02 2.2065734962e-02 8.1790721484e-02 -7.9896105266e-03 -4.2509637928e-02 -6.5175957661e-02 -2.2133874020e-02 -1.2384625173e-02 3.1269076868e-02 2.4971801778e-02 5.9791287378e-02 -1.2613042559e-01 -1.0189647768e-01 -4.6291913929e-02 -4.5216461110e-02 6.3925499437e-02 -4.5204548383e-02 -1.1794061247e-01 -5.7456035924e-02 1.0086784192e-02 -3.1034561452e-02 4.8364950446e-02 -4.5142143234e-02 1.1717039023e-02 -7.3169237186e-03 3.7189142432e-02 -2.7162236851e-03 -4.7633129098e-02 4.7409127710e-03 -5.3782308705e-02 -3.2865375114e-02 -2.8217599518e-02 -1.0693390457e-02 1.8291434933e-02 -8.0005377125e-02 -2.0834349926e-02 -4.3126321860e-02 -5.9340667981e-02 7.7341592338e-02 -1.2522683963e-02 -9.8021883281e-02 4.3086076226e-02 -1.0813167225e-01 7.6167461943e-04 3.0343366094e-02 3.2906240821e-02 4.9559451349e-02 5.5670821691e-02 -8.4048132194e-03 -2.7065529187e-02 4.3692689569e-02 -2.5741905934e-02 -3.9097468589e-02 3.9907733407e-02 -1.8825502810e-02 1.5230283164e-01 -6.9880682258e-02 -4.3142824985e-02 1.5236745321e-02 -9.0125154194e-03 2.8226295736e-03 -7.3755586123e-02 -1.1847909298e-02 -1.2497985582e-02 -1.3565023105e-01
-3.1063723476e-02 3.7102783842e-02 3.0772111295e-02 7.0046322420e-03 1.2329158575e-01 -4.6834590973e-02 -5.3846025540e-03 4.8994918135e-02 -4.7378654934e-02 -6.6725086804e-02 -6.1611552099e-02 6.9938111337e-02 -4.6948158045e-02 7.1583404788e-02 3.3406014272e-02 -9.9858583168e-02 -6.6558444158e-02 2.7860485770e-02 -6.9638862250e-02 -1.4993021372e-03 -4.8522299721e-02 5.1939152711e-03 -5.3522264293e-02 -2.5967805148e-02 2.3254843387e-02 5.0166400053e-02 -2.8509712415e-02 -8.5253301711e-02 -2.1700232495e-02 6.5356995800e-02 -3.1826155564e-02 -5.7275969052e-02 6.6083558737e-02 -1.1477613258e-01 -4.4675986224e-02 -5.9491313494e-02 -2.3736183967e-03 3.4431186819e-02 -5.4198785627e-02 1.8738895078e-02 -2.3170586518e-02 -5.4428901320e-02 1.1705842789e-01 4.8700269986e-03 3.1200072879e-02 -2.3479021002e-02 -1.0149306082e-01 -9.1402365302e-02 2.6399309458e-02 5.8984710894e-02 -3.4415978885e-03 5.9181772737e-02 3.0151849105e-02 -5.2393328193e-03 1.0160430944e-01 3.1981157227e-02 -1.7266014936e-02 1.9069941210e-02 1.3917168305e-02 1.5575900933e-01 -4.4162885958e-02 -1.2692652899e-02 3.2794672288e-02 2.3279184089e-02 -1.5176487127e-02 -3.4035813811e-02 -1.3079937256e-02 2.0071649498e-02 -6.4471605319e-02
-7.7040566806e-02 -1.3211225412e-03 5.0763995328e-02 3.4377375488e-02 8.2479072637e-02 -5.7364002655e-02 -6.4819711793e-02 6.8868176758e-02 2.6040064456e-02 -3.0130911464e-02 -3.5454518495e-02 7.0719977150e-02 4.5473416362e-03 1.2359834960e-01 -1.9649091720e-02 2.2992510338e-02 3.2385043245e-02 3.2415333171e-02 -5.0546797624e-02 -5.9412774312e-02 5.4182036203e-03 1.1837346036e-01 -2.9656761864e-02 -6.4620931705e-02 7.6870071310e-02 -9.9866303726e-03 1.4159606099e-03 1.5937866171e-02 -1.6110540627e-02 -4.4096116629e-02 -5.6098645798e-02 -1.7655500565e-02 4.7418282600e-02 -1.1372322937e-01 5.5650382173e-02 -1.8232459787e-02 2.3315523694e-02 1.8463897801e-02 -5.0589018029e-03 9.2508172786e-02 6.4221397417e-02 -5.2985676538e-02 7.8660394098e-02 1.6983567246e-02 1.4402298569e-02 -4.2836548447e-02 1.2777394763e-02 2.3793188581e-02 -4.2391386747e-02 -3.7050541352e-02 -4.8917430096e-02 3.4126147330e-02 6.0821389668e-02 -3.7595970073e-03 7.6001072998e-02 7.6183995132e-02 -3.8325619343e-03 1.5449082063e-03 3.1934114042e-02 1.9071494453e-01 -9.0329338565e-03 5.3242651421e-02 2.1941403650e-02 7.6771812331e-02 -2.0580178509e-02 -1.8474594924e-02 -3.1323224603e-02 1.6450199140e-02 -8.8059977278e-03
-6.6814271169e-02 -9.5848333142e-03 1.1192198256e-02 8.4440546305e-02 -3.2003977932e-03 -1.7685171592e-02 -2.8032746816e-02 5.8145767469e-02 4.3285619857e-02 -2.3995222618e-02 1.6939385419e-02 4.7582176588e-02 3.8830668992e-02 4.1522477261e-02 -1.9013700081e-02 2.8977688111e-02 1.5822812852e-02 -1.5809746554e-01 3.1784086910e-02 2.2667095294e-02 4.4430542857e-02 1.5750346331e-01 1.5701560255e-02 -1.2443840247e-02 3.5634224167e-02 2.6442107854e-03 -7.3447338334e-03 -1.9492506181e-02 4.7965171475e-03 -1.5351705842e-01 -6.9797340724e-02 8.4064905263e-03 -1.3944334094e-02 -5.8681404203e-02 7.6214063544e-02 -1.4138412410e-02 5.6983961654e-02 2.0334976741e-02 5.0798625308e-03 7.1237326392e-02 4.8220240934e-02 1.2163477870e-02 -2.3900101551e-02 -1.3314583060e-02 -7.4774525858e-03 -1.7533081201e-02 4.4702593943e-02 1.0183111058e-01 -5.8063531033e-02 -9.8526869219e-02 -4.0214203989e-02 8.0793468284e-03 1.0795130505e-01 -2.0288817265e-02 2.3482092902e-02 5.3029321924e-02 5.6098604593e-02 -3.0529831506e-02 4.3631304552e-02 2.3000096182e-01 1.6275574466e-03 8.1785721690e-02 3.7443007884e-02 1.1792031713e-01 -1.9999531055e-02 2.3913749068e-02 -1.5998077284e-02 2.4781903135e-03 6.5969811146e-02
1.6167636348e-02 3.6820228022e-02 2.4483183060e-02 7.1057473498e-02 2.5597538619e-02 -2.1455614386e-02 4.0595066206e-02 6.4096058424e-02 7.0136409009e-02 1.0737863281e-02 7.3921354392e-02 9.1686097662e-03 6.5018976621e-02 -3.6298094866e-02 -2.6801950493e-02 -3.2367586993e-02 -7.4504699356e-02 -3.9478645138e-02 8.1627784652e-02 9.0741108741e-02 1.5315354586e-02 7.2794837872e-02 3.5399650390e-02 8.6082329984e-02 -3.7228353442e-02 4.8102519219e-02 -7.2405752303e-03 -1.1804292746e-01 2.9198651583e-02 -1.4477904326e-01 -1.0340259545e-02 -8.0562815508e-03 -1.2321063359e-01 2.7262945000e-03 3.5898830699e-02 1.7916102986e-02 2.7204125691e-02 9.9021771845e-03 -3.4762432850e-02 1.0474093710e-02 -1.0010633974e-02 6.7620860928e-02 -6.5930795549e-02 -8.5097342787e-02 -7.9976022823e-02 1.1926729180e-02 1.4361556386e-02 1.1152843365e-01 -4.9146762212e-02 -5.0312659651e-02 3.0818561137e-02 -4.5346131939e-02 1.3793570189e-05 -4.4250272520e-02 -6.0262514245e-02 -4.1348323070e-02 1.0308472083e-01 -5.8220311137e-02 4.5052445825e-02 1.7900053759e-01 -1.5117830601e-02 1.9548837648e-02 3.0089573861e-02 1.1504495135e-01 5.1682247180e-04 2.5452818203e-02 3.5624162771e-02 -9.5397462318e-02 1.0042384382e-01
1.2307344535e-02 2.3287609350e-02 4.4138038502e-02 -2.3537832569e-02 8.5685756351e-02 2.2945434534e-03 -2.4718220290e-02 1.0204156239e-01 2.5827051473e-02 6.0180696736e-02 6.9788781423e-02 3.1010056995e-02 -1.3439425030e-02 -6.5645134616e-02 -2.5447798157e-02 -1.0222651686e-01 -1.5796966024e-01 2.0291296856e-01 5.6780319388e-02 1.2003557462e-02 -6.7541869866e-03 7.1448338189e-02 8.4101065914e-02 1.1760266323e-01 -6.6419982324e-02 5.6919882665e-03 1.6460292115e-03 -1.3059194997e-01 5.9483466677e-02 -2.1036992832e-03 4.6337463321e-02 -6.2467535411e-02 -1.1534578850e-01 3.3252369304e-02 -7.6782150540e-02 2.0537628541e-02 4.4277603910e-02 8.0762151985e-03 -3.4190166960e-02 -3.8874471128e-02 -4.5305405748e-02 7.4703776025e-03 -8.4042557267e-02 -8.3555193191e-02 -6.9414488574e-02 -2.9301968099e-02 8.6359878456e-03 -6.7945874462e-02 1.4478585862e-02 4.7007581890e-02 4.2895935557e-02 -9.4648909020e-03 -3.7111095963e-02 -3.0906969237e-02 -4.6013895067e-02 -3.2822771763e-02 1.2966315037e-01 -6.8229138269e-02 4.9795183365e-04 6.1927744772e-02 5.4170507140e-02 -1.1728490424e-01 -1.9603281700e-02 3.5723888608e-02 -3.4193352426e-02 -7.9457823744e-02 9.9777633944e-02 -1.0943667695e-01 1.1071619522e-01
-3.8463325887e-02 7.8269937557e-03 -5.2894009819e-02 -4.0069694925e-02 4.0739325499e-03 5.9661802781e-02 -1.0035050530e-01 1.2239874351e-01 -2.8258462331e-02 5.4873601453e-02 -1.7902065713e-02 -5.1348943247e-05 -1.1673811838e-01 1.0695601708e-02 -6.9834446315e-02 -2.1824031627e-02 -1.3662862226e-01 1.0400121143e-01 4.2354765841e-02 -5.6932219631e-02 5.1807012708e-02 -1.3007363612e-02 -1.1173154135e-02 1.0531238226e-02 -5.5383710090e-02 3.7169587988e-03 2.2181250242e-02 9.7085020027e-03 3.2131323811e-03 6.6081517942e-02 1.0213828478e-01 -3.6156854746e-02 4.0536110670e-02 -6.2098370516e-04 -1.0546096210e-01 2.8968419282e-02 8.7605428276e-02 2.0178894200e-03 -2.0576131455e-02 6.7031418389e-02 -1.3135017243e-02 -5.5022355073e-02 4.0551923257e-02 -1.9732651540e-02 -6.2789852031e-02 -7.7651282188e-02 1.7549642135e-02 -1.5412895535e-01 1.1382609657e-02 7.0330695128e-02 4.4520884000e-02 1.2464859865e-02 -2.2775683805e-02 -8.4475996051e-03 -6.8438368822e-03 1.7766031536e-01 8.0581669261e-02 -2.0795103332e-03 -2.3115245989e-02 -3.3735394887e-02 9.2746648358e-02 -1.5210401558e-01 -1.8652702349e-02 -3.8772053478e-04 -6.6923186205e-02 -8.9408525363e-02 7.9589048307e-02 -5.7033355181e-02 1.0164893235e-01
-6.1990515744e-02 -2.3564000393e-02 -1.4420277480e-01 -2.6874934703e-02 -1.3272726676e-01 9.6203425316e-02 -5.6914943459e-02 2.7663197499e-02 1.3599638640e-02 -3.0942372300e-02 -1.1968996854e-01 -7.3139024036e-02 -9.2415644830e-02 6.1769938800e-02 -2.8754759573e-02 2.7625373586e-02 2.5855921045e-04 -1.3828862846e-01 7.1213938694e-02 -7.7427138238e-03 9.7807634209e-02 -1.0901675731e-01 -1.1045603498e-01 -5.0391190944e-02 1.5341310980e-02 7.6903525813e-02 1.7850781713e-02 -1.8229509584e-02 -4.3955643798e-02 -7.6739364907e-03 2.5592522772e-02 -4.6685136907e-02 5.7525508450e-02 1.4978646717e-02 -4.2360141680e-02 -1.2951213582e-02 6.2997091997e-02 -2.4266258834e-02 -1.9186596291e-02 6.4170115439e-02 -1.5921193691e-02 1.9419597235e-02 7.0954400332e-02 7.8361054884e-02 -6.3152712148e-02 3.7652640235e-02 6.5434593238e-02 3.5131091929e-02 9.1771359560e-02 4.8596703712e-02 8.7881768782e-02 -1.9516253896e-03 2.9447278127e-02 5.4565276552e-02 1.3155918157e-02 2.1323195099e-01 8.4174500141e-02 1.9677687662e-02 -4.7275917697e-02 -1.0679226125e-02 6.9892271255e-02 -7.1852209048e-02 -1.1645627811e-02 -4.0436965289e-03 -8.3109781892e-02 2.4999940024e-02 1.9314298327e-03 4.9278871341e-03 7.9612162814e-02
-7.2467782064e-02 -5.4517287220e-02 -9.8909289449e-02 -3.8736691683e-03 -4.0579598988e-02 8.7594174087e-02 -3.3995333944e-02 -1.4151981725e-01 4.9728261584e-02 -9.0568004826e-02 -1.5490622674e-01 -9.7560779266e-02 -6.6534491865e-02 3.6522099839e-02 -1.1029479553e-02 6.7094293479e-03 7.0369540343e-02 -6.1549045395e-02 2.7347812994e-02 -3.7501390184e-02 3.5633249907e-02 -1.7251423421e-01 -9.5425340060e-02 -9.7274165332e-02 6.0248778591e-02 1.0859179030e-01 -6.7271863185e-02 -5.8061658309e-02 3.5751454402e-02 -5.0811588119e-02 -3.1485019862e-02 -3.9669386747e-02 -1.9900273258e-02 -5.0518666990e-02 2.1908762458e-02 -3.7809547199e-02 -1.0117866732e-02 -6.3146407696e-02 -7.2199820239e-02 -6.1611850985e-02 -4.0953223281e-02 4.5498980783e-02 4.9457934962e-03 3.7651903644e-02 -1.0695016984e-01 6.6475318534e-02 1.8362583480e-02 6.6936983622e-02 8.1862615147e-02 1.1536792986e-02 3.3997296189e-02 -1.8991206455e-02 -3.4462631686e-02 1.6910331487e-02 -4.4878409403e-02 6.1412962813e-02 7.4885222742e-02 -8.4753298303e-03 2.5755057719e-02 6.5451415378e-02 6.3625015572e-02 -1.3382156209e-02 3.9840264012e-02 -1.2986505817e-02 -4.6480775820e-02 1.2588891319e-01 -5.3153895293e-02 -9.9433577382e-02 4.1847775265e-02
-1.1212004089e-01 -3.5769399161e-02 -2.5243222624e-02 -1.4003652618e-02 1.3708837839e-02 7.7865196136e-02 -4.8280463696e-02 -1.3099882148e-01 2.9548648675e-02 -3.4395663853e-02 -5.9536347248e-02 3.1378866570e-02 -2.9078493447e-02 -5.4433337286e-02 6.2603392724e-02 3.0262602557e-02 5.4844432044e-02 2.0980925705e-02 8.9704170961e-03 -2.4601316213e-02 -4.0317750775e-02 -9.9702362678e-02 -6.5361189926e-02 -9.1865655206e-02 9.5528995902e-02 -1.0871777535e-02 -7.2751381222e-02 -1.0782054247e-01 1.5485031096e-01 7.9301172363e-03 -2.0377993042e-02 -7.0976828074e-02 -1.0420184793e-01 -8.7393237893e-02 5.5818025686e-02 7.9444117553e-03 -4.3736643808e-02 -1.6408328538e-02 -9.2513628221e-02 -1.0220709086e-01 -1.0316035086e-02 5.5617462370e-02 -1.6987664565e-02 -4.6453144651e-02 -2.3863631593e-02 3.5070469935e-02 -1.9488486590e-02 -5.0131225046e-02 3.7790394018e-02 -8.1680474158e-03 -1.0077700975e-01 -7.7099091004e-02 -1.1087874742e-01 -6.0570787125e-02 -6.2640079584e-02 -3.4203079317e-02 -1.3332162221e-02 -2.4092165520e-02 6.9738866853e-02 1.1452190242e-02 2.5603335898e-02 -5.2240221833e-03 4.4400513614e-02 -9.7911666006e-03 2.4034446622e-02 3.8363364655e-02 -8.8462983803e-02 -7.6556862142e-02 3.0814972896e-02
-9.6154509674e-02 5.5084891343e-03 5.6653890255e-02 -2.4428941738e-02 3.2399874517e-02 -2.5738879840e-03 -5.6792193167e-02 8.3105141358e-03 4.5492339028e-02 2.3894482404e-02 3.3026013574e-02 7.6064000190e-02 2.5140064910e-02 -4.8489006323e-02 7.2101329219e-02 1.0009361099e-02 -3.6634472558e-02 4.6490871289e-02 -8.2688526629e-02 -4.1847085002e-03 -1.5875629409e-02 -2.1958423060e-02 -4.8990583115e-02 -1.0252797854e-01 1.0445972414e-01 -9.2824176916e-02 -2.9737607441e-02 9.2621392535e-03 2.0130596211e-01 1.5418167886e-02 3.2876678822e-02 -8.4822004234e-02 -8.5580389868e-02 -3.8034254332e-02 3.4041864373e-03 5.1525871155e-02 -5.2337941584e-02 2.8985785564e-02 -5.3992237546e-02 -2.7593177617e-02 -3.3839106019e-02 1.1136537040e-01 3.0465533849e-02 -8.1069339784e-02 -5.4085472398e-04 1.6748929531e-02 4.9173152402e-02 -4.1778548457e-02 -2.0502772611e-02 3.2273152471e-02 -1.0991620580e-01 -8.2376395089e-02 -5.3310429754e-02 -9.1339172538e-02 -1.1966256325e-02 4.2422502577e-02 -9.1832665293e-02 -2.0341400024e-02 2.0157666549e-02 -9.5255598177e-02 1.8439785637e-02 -3.8698933301e-02 4.4439967406e-03 2.5526941096e-02 8.1476008449e-02 2.8847253427e-03 -6.2107346039e-02 -2.0508725077e-02 2.3725629863e-02
8.3333000108e-04 4.4133195195e-02 4.8679340291e-02 9.7605229710e-03 2.0182318260e-02 -3.0905302757e-02 1.8515465145e-02 8.7858937416e-02 4.1066874583e-02 -4.1037345664e-03 -1.0694932377e-02 4.1808866153e-02 5.4326999468e-02 -1.0259186951e-02 5.9405135111e-02 -8.4511899463e-03 -5.3973840929e-02 9.2633051237e-02 -9.3216163718e-02 6.5330074122e-02 7.5711568807e-02 1.9343049115e-02 -1.0306742176e-01 -2.4644474594e-02 9.1021009532e-02 -6.0879123945e-02 4.9063712524e-02 4.2739309730e-02 1.1507196319e-01 -3.4026954376e-02 7.9953067656e-02 -1.2804009487e-01 -2.6971050766e-02 1.5966238800e-02 -2.9973172565e-02 6.0475563021e-02 3.7728063971e-03 4.8088602233e-02 1.7566007926e-02 8.9220635223e-02 -5.4222322096e-02 1.1872562514e-01 1.1412850179e-01 -3.1323120253e-03 -6.4076234721e-02 9.2268956033e-02 1.0830430018e-01 3.5473144626e-02 -5.5212435911e-02 6.1200544835e-02 -3.5551267133e-02 -8.8986912007e-02 5.3108690890e-03 -1.9435175246e-02 5.7553592419e-02 5.4964369689e-02 -7.8325724848e-02 -4.5800228353e-02 -7.3041828810e-02 -9.4606066065e-02 7.9180529579e-03 -3.9031424162e-03 1.2538808723e-02 3.5642259030e-02 5.9292838942e-02 6.5175749031e-02 -4.5437061865e-02 1.5878497209e-02 -1.7225540329e-03
1.1717803162e-01 -1.0364125031e-02 2.9999312754e-02 2.3340571750e-03 4.6280706646e-02 -2.6958632641e-02 1.4660697863e-02 7.7721503978e-02 6.8165931562e-02 -6.6179394373e-02 -3.9000221616e-02 -2.9351090030e-02 5.1112756086e-02 -7.5343907661e-03 2.1527503162e-03 -2.6953842407e-02 -1.7809574261e-02 1.3570225762e-01 -5.3521043070e-02 4.3567175973e-02 8.6935103363e-02 3.6460847876e-02 -1.0017060436e-01 7.1892998728e-02 -5.9858370821e-03 -3.3800411109e-03 5.4571457652e-02 -3.0490479721e-02 -3.9097072975e-03 -2.3693086397e-02 4.2774157396e-02 -1.1329671003e-01 -4.8382177744e-02 2.3653528450e-02 -2.4388225861e-02 1.5662548901e-02 -2.6923117133e-02 2.1502497947e-02 5.0289042598e-02 8.6285742559e-02 -2.1284549392e-03 9.9998394516e-02 6.1984458404e-02 8.2025751683e-02 -1.3538261239e-01 1.2436466850e-01 1.1006554660e-01 -1.0297624136e-02 1.0469396935e-02 6.9019860668e-02 1.1055044983e-02 -4.3561765481e-02 3.3166218537e-02 3.1335382609e-02 7.0331816736e-02 -6.7150845082e-02 -6.2491297024e-02 -7.5014361259e-02 -7.7349919557e-02 -4.3486746454e-02 -5.8718391688e-03 4.7677789346e-02 2.7870325857e-02 7.5986726183e-03 5.2519035392e-03 1.1183250994e-01 -3.2911134846e-02 -8.0730705322e-03 -2.9501182017e-02
1.0984143193e-01 -5.9176515950e-02 2.1500619013e-02 -8.9165112214e-03 7.0256074897e-02 -4.7202514971e-02 -3.1155316577e-02 3.0677870503e-03 4.9979454291e-02 -7.2164721754e-02 -8.5904337064e-02 -3.5566228087e-02 2.6338786465e-02 5.9133185474e-03 -4.1232699866e-02 -4.1419217381e-02 4.2389396498e-02 7.9922229693e-02 -3.3267152305e-02 2.2788107571e-02 -3.4267095818e-02 4.9117377254e-02 -4.5202369330e-02 1.1470348381e-01 7.5504738358e-03 3.0986840037e-02 2.2061317510e-02 -5.0643997821e-02 1.7740985362e-02 4.2063386125e-02 1.2272606149e-02 -6.5935547576e-02 -6.5694461871e-02 3.8064479977e-02 1.4627293164e-02 3.6003697596e-03 -5.8183301661e-02 -4.0670584017e-03 5.6409271262e-02 2.3293925285e-02 3.5752742638e-03 1.5545902352e-02 1.6331939569e-02 1.4119874203e-01 -1.2258808271e-01 9.2022921592e-02 6.6724964391e-02 -5.9079822414e-02 -1.8055139526e-02 -2.7057823975e-02 5.7051616672e-02 -2.0955051161e-02 -3.9994452208e-03 2.5027630874e-02 2.4089131117e-02 -1.4658239330e-01 1.6743086194e-02 -9.3181110430e-02 -7.3239463913e-02 -1.3085016656e-02 -7.9139475183e-03 8.5588715608e-03 2.0808470073e-02 -9.7950832269e-03 -1.1294838621e-02 9.2980362379e-02 -8.3433582853e-03 -4.2099639304e-02 -3.2302781128e-02
9.2063566916e-02 -4.6718093366e-02 2.3562210908e-02 4.7185540483e-02 -7.4133862223e-03 2.7278187908e-02 -6.1220143639e-02 -1.7839431832e-02 6.3022191407e-02 -6.5540812303e-02 -6.3280466878e-02 -3.7803909814e-02 -1.0835193639e-02 1.7872032464e-02 -3.2960259993e-02 -2.3889950102e-02 3.4462325186e-02 -1.2885583676e-01 1.9058459465e-02 -3.8430045573e-03 -5.7976506922e-02 7.0732478896e-03 -3.4694523262e-02 1.0889746582e-01 6.3114630341e-02 1.0490692970e-02 2.8645581389e-03 -5.1698476066e-02 -5.6902103954e-02 5.2421113139e-02 4.1140244966e-03 -1.1945822686e-02 -6.5395937390e-02 7.1105992058e-03 -2.5762874410e-03 -2.6944038541e-02 8.8020714859e-03 -2.1240674919e-02 -1.1749954396e-03 -2.5408948445e-02 6.8987633229e-02 -1.5910186145e-03 -8.6090255903e-03 9.6360250126e-02 -1.5169707645e-01 2.6187130962e-02 1.0562357345e-02 -8.0695154316e-02 -2.3219537802e-02 -7.6772779416e-02 5.5034737150e-02 5.3629327954e-02 -5.3298146664e-02 2.8811790740e-02 2.7393345341e-02 -1.6413799646e-01 -3.0722372249e-02 -4.2722446549e-02 -4.9528701107e-03 -1.8427765757e-02 -5.4167785606e-03 -2.0803935892e-02 -1.5888761160e-02 2.5620902675e-02 -6.7831725563e-02 -1.7658912197e-02 -4.2498383393e-03 -8.6474413467e-02 1.5635134812e-02
2.0004670774e-03 -5.7394428236e-02 -6.9947734400e-02 -2.9756706981e-03 -3.7180357316e-02 5.0521396314e-02 -6.6155974708e-02 -4.7792126446e-02 -8.2563216431e-03 7.7879506640e-03 1.6510782874e-02 1.3664334567e-02 1.0431272805e-02 -3.5172040000e-02 1.5240032161e-02 -1.3370454397e-01 4.2807324862e-02 -1.1140834619e-01 -3.4226623997e-03 2.0845681864e-02 -8.4722337676e-02 1.7352756665e-01 7.1830373651e-03 1.0659126936e-01 1.5059786504e-01 -1.6590144081e-01 5.1286483086e-02 4.6702098826e-02 -6.7138315879e-02 2.9508911572e-02 -4.3748539424e-03 -1.7368154386e-02 -6.0661493611e-02 -2.2865366279e-03 2.0348003716e-02 -4.4382002851e-02 1.2260185206e-02 9.7633161702e-02 8.4045149661e-03 -9.4831393787e-02 2.2125557928e-02 6.0386362952e-02 4.9380588639e-02 -1.9696195698e-03 -1.0308363424e-02 8.2948650249e-03 5.8034110173e-02 -3.7392283382e-02 -1.6961708882e-01 -5.5190418193e-02 3.0625525503e-01 2.9620473169e-02 -4.0101154827e-02 -2.3835977061e-02 -2.1865354225e-02 -9.4357141711e-02 1.1985662340e-02 -3.0776108402e-02 5.3569538142e-02 -4.5738412343e-02 5.4216720374e-03 -1.0369693290e-01 -1.2934201596e-02 1.3182528354e-02 -1.2812469555e-01 -1.3144635885e-01 -1.0056982507e-01 6.7007368492e-02 1.5771280260e-02
6.5440948791e-02 -5.4871586333e-02 -1.1652230995e-01 9.0989702118e-02 -3.7139127654e-02 1.2350612474e-01 -1.1825508775e-01 1.7971516315e-02 7.5731183364e-02 7.7063875051e-02 -1.5939202186e-02 2.9741812887e-02 6.1867232951e-02 -9.4589966369e-02 7.2287706076e-02 -4.0656919015e-02 -6.8012185222e-02 1.0700780916e-01 4.1700563234e-02 -8.6306457051e-03 8.5316617395e-02 2.1121032575e-01 1.8520215419e-02 9.2979215806e-02 1.5040657254e-01 -2.6614583747e-01 1.5011252864e-01 -4.0422011676e-02 -8.6504992221e-02 -8.7164899318e-02 1.1746312172e-01 3.4140589257e-02 -5.8571820785e-02 -8.1624260362e-02 1.0571460450e-01 4.1365282982e-02 2.0563135343e-02 -8.2704071112e-03 -2.1935197109e-02 6.2854995694e-02 1.0227861775e-01 1.5778844316e-01 1.5111566626e-01 -5.4844479226e-02 -5.0984420906e-02 -6.1097203350e-02 1.3970155747e-02 -6.8608808981e-02 -2.8663071618e-02 -9.4201675078e-02 1.6802690673e-01 -5.9878585227e-02 -9.6368124603e-02 1.1260571006e-01 7.0812130074e-02 1.4777688386e-02 6.5016939048e-03 -1.5363447371e-02 1.1324537806e-01 -5.4204027275e-02 -5.6144436252e-02 -8.6311391009e-03 -2.0191835077e-03 8.0291096267e-02 -1.2389586122e-01 -7.9402328490e-02 4.2640207925e-03 1.5404593034e-01 -2.2506407183e-02
7.0051823882e-02 -2.8789150931e-02 -1.1045819188e-01 3.0312694715e-02 1.4484005639e-01 1.1010842179e-01 -1.5074194676e-02 8.9362702478e-02 9.2652920112e-02 5.4420157816e-02 -1.1098709170e-01 -2.0264916298e-02 5.8679777853e-02 -1.4009837067e-01 -5.8309647490e-03 -8.2462435069e-03 -2.5621139466e-02 8.5772022619e-02 1.4663339024e-02 -5.2940893890e-02 1.1822749728e-01 -6.1316219559e-02 3.2452692845e-02 -3.3138018248e-02 6.6924809661e-02 -1.2625479172e-01 -4.6543267539e-02 1.3609661933e-01 -1.0750024602e-01 6.1081654223e-02 7.6830700323e-02 5.5558541949e-02 -4.7907513871e-02 -1.2833335276e-01 1.4444786657e-01 4.5641561337e-02 -4.3515728285e-02 -7.8478887450e-03 5.4603767136e-02 1.5509061198e-01 1.3583665084e-01 3.0712745776e-02 -1.1263352190e-02 -8.9809272274e-04 -1.3965294365e-01 -8.6554014980e-02 -2.1005943962e-02 -6.2377277296e-02 4.2639990906e-01 7.6467444618e-03 -3.1474732446e-02 -8.4521500863e-02 -9.0651792018e-02 7.1370997238e-02 -5.4117069585e-02 2.2142377534e-02 3.6314503732e-03 9.2050883910e-02 1.5698082386e-01 -1.0888240059e-01 1.8075714180e-02 -1.0514521299e-01 8.6002362860e-02 1.5111284088e-02 2.7304539827e-02 3.9823684431e-02 2.9078001107e-02 -2.3283024539e-02 -1.5268093592e-02
1.1660271211e-01 2.3142443225e-02 1.3075143895e-01 1.6873644308e-01 -3.3160889922e-02 4.7643138956e-02 2.3427251425e-01 -6.7279807134e-02 5.0891250469e-02 2.1523882021e-02 -1.3495787553e-01 1.0728363133e-01 7.9445251194e-02 -1.0774808620e-01 -2.9425352583e-01 -3.7937874495e-02 -8.6086986236e-01 -1.2034423935e-01 -2.2430484136e-01 3.8594623916e-02 2.5701582443e-01 4.8589239136e-01 1.0644665498e-01 8.4159104969e-02 -1.9581905203e-01 -1.4764824538e-01 2.1497816896e-01 3.6121020688e-01 -6.3484671800e-02 -9.8832678679e-02 1.2712605585e-01 7.8461170151e-02 -6.3405263848e-04 7.5434556214e-02 1.6808317964e-01 1.3240474042e-01 1.8510289045e-01 1.3458293302e-02 1.6116474949e-01 1.2172795909e-02 -1.0609045862e-01 2.5131929313e-01 -5.1238695922e-02 3.1847104237e-02 -1.9724147135e-01 -1.5733885322e-01 3.9158172107e-02 -2.3410287138e-01 2.9337935928e-01 -5.5372728682e-02 1.0226997778e-01 -2.2309405127e-01 -1.0612580757e-01 1.5414884913e-01 1.4848467063e-01 -5.9583109482e-02 1.2165712607e-01 -1.9195204881e-01 -1.0280562192e-01 -7.8818316967e-02 -9.7954542624e-02 -7.4658562887e-02 1.1781149576e-01 -3.6861320142e-02 3.6178956701e-02 -6.9896863644e-02 -2.4613906716e-01 -2.5147615881e-01 -2.1423312578e-01
4.9597854538e-01 3.1194283178e-01 1.2386468108e-01 7.6881702025e-02 -9.1862823597e-02 -1.0589515411e-01 3.8720186108e-01 1.7318102263e-01 -3.9671745213e-01 -4.1597138886e-01 5.0738384344e-02 3.8178082201e-01 7.7967974958e-02 -1.4792980041e-01 -3.1159622303e-01 4.0905307236e-01 1.1851746791e-01 -3.9487570909e-01 1.3248071878e-01 3.9957803145e-01 2.0055347519e-01 3.9689494246e-01 -1.9039126545e-01 2.5754151747e-01 -3.4778100459e-01 -3.7346948148e-01 -3.2975869514e-03 -2.4555149381e-01 -2.5860309980e-01 -2.0460467834e-01 3.5027722350e-01 8.1854375610e-03 3.2455841077e-01 -3.9156802495e-01 1.1431438826e-01 2.7905397920e-01 6.1321370730e-02 -2.4746737645e-01 -4.3371229402e-02 2.0378480988e-01 2.8597435723e-01 -1.9507501043e-01 -4.1529247701e-01 1.2650662151e-01 4.5295640992e-01 -4.1505691010e-01 5.2929131863e-02 -3.8091210770e-01 -3.6450878207e-01 5.9334413809e-02 2.8912913287e-01 1.1326258050e-02 3.9729707795e-01 4.2106477430e-02 -3.5072565941e-02 1.1820309784e-01 -1.7096309891e-01 -1.6877027490e-01 3.8107573997e-01 -1.1263058106e-01 -1.1011089416e-02 1.1265282599e-01 -8.5657928210e-02 6.3759281867e-02 -8.4002647871e-02 3.7699180623e-01 -1.1531813842e-01 6.8921404480e-02 -2.2830504791e-01
2.1965759955e-01 2.8489588171e-01 1.3214367179e-01 -3.5991817667e-02 -2.3884735088e-01 6.4519972851e-01 1.6587861310e-01 -5.8158499004e-02 -3.0117489411e-02 -4.1922525293e-01 1.9301916836e-01 2.8463367488e-01 -1.6940724030e-01 5.4499329093e-02 8.2432932086e-02 8.2235975438e-02 1.6236624092e-01 -4.1480345318e-01 1.2309808347e-01 1.2669778284e-01 -3.2755639880e-02 2.5692489035e-01 -1.3841668257e-02 -1.9681380408e-01 -9.1938476011e-02 -2.0240392823e-01 -1.1500974766e-01 -2.6669707115e-02 -1.6589277633e-01 -3.1140177331e-01 2.0097831196e-01 -4.9655697639e-02 4.9476919493e-02 1.4040070653e-01 -3.0097097982e-02 1.7920523366e-01 1.3450553197e-02 -1.6924685366e-01 -1.6259731631e-01 8.0858576375e-02 1.3918668852e-03 1.6433438289e-01 -6.5437592595e-02 3.0395362853e-02 6.4152117508e-01 -1.4961607372e-01 -1.6377447023e-01 -1.1130990613e-01 -1.2247450267e-01 1.6934135630e-01 9.7801691228e-02 1.1323510222e-02 1.9537516373e-02 -1.4470419170e-01 1.2887422334e-01 1.6160614016e-01 9.8168779670e-03 -1.3127142475e-01 -5.4092159822e-02 -7.6830983112e-02 1.9635053410e-02 9.2535423854e-02 2.2534112025e-01 1.7158403220e-01 -1.3918956598e-02 -1.1941104493e-01 -1.6911750093e-03 -4.3101514185e-02 -5.5809823409e-02
-1.1266855347e-01 1.3189456623e-01 5.1985146429e-02 -2.1518532819e-03 -9.2561597342e-02 -2.8026808775e-02 1.9134557581e-01 2.7660440298e-02 4.9937666211e-03 2.7764420102e-02 -7.4464722982e-02 9.2609733396e-02 -4.9055388871e-02 3.3228918822e-03 5.5640545603e-02 1.2155328711e-01 -2.0564723344e-02 -8.1306907540e-03 -2.3138050230e-02 2.1954529109e-01 -1.1289270490e-01 8.1906056491e-02 3.5377007823e-02 6.8513634588e-03 2.1339999820e-02 2.2989818374e-01 -2.1699135515e-01 -1.7249426854e-03 2.2204583726e-02 -1.5916979206e-01 1.6345709016e-02 -7.3592332914e-02 -4.9433972323e-02 -4.8358102919e-02 3.8596221553e-02 3.0293254670e-02 -1.2698053173e-01 -1.2052631066e-01 1.1573835643e-02 1.1441392433e-01 -2.0526948479e-01 -8.2870124410e-02 -9.7510986601e-02 -1.5383799026e-04 9.4085220694e-02 -1.0860663800e-01 -7.0875996767e-02 -1.4041034859e-01 -1.7256637307e-01 -2.0745922117e-02 1.5055602898e-02 7.1408991545e-02 1.1715502577e-02 4.0074384865e-03 1.0474471797e-01 2.0868186474e-01 -1.4027599620e-01 -9.7033535008e-02 2.0591186906e-02 3.8818250823e-02 -1.0537785299e-01 -7.5569657127e-02 6.1068705014e-02 -1.1582568199e-01 -9.8809318981e-02 1.0117221823e-01 1.8356921782e-01 1.8859463899e-02 -2.8574916405e-02
-4.6580163064e-02 -8.7133331460e-03 5.7037894683e-02 -6.8486138261e-02 4.1366433355e-02 -3.6226247541e-02 -2.8905776907e-03 7.6585189646e-02 2.4141291040e-02 1.2155568729e-02 -1.2180607398e-01 -2.7737055803e-03 7.1707432893e-02 -1.6413425429e-01 7.0931588787e-02 -7.9927056060e-03 5.4340129449e-02 1.7075706974e-02 -1.7084123686e-02 6.5606799601e-02 -4.8718699210e-02 -2.9352066049e-02 -1.2214532119e-02 5.1612034683e-02 5.5623926476e-02 1.3779783669e-01 -4.8317599787e-02 6.4368059873e-02 5.0710515314e-02 3.7561138955e-02 6.3763261289e-02 -3.3768032469e-02 -3.6345780242e-02 -3.9894410943e-02 8.0481296542e-02 4.7226245940e-02 -4.0745346702e-02 -1.8979611184e-02 -4.6422749674e-02 1.8732717944e-01 -4.9414875781e-02 -1.2004826837e-01 -7.6756477238e-02 5.2293188081e-02 1.7129892393e-01 -9.8185589273e-02 6.9859236228e-02 -4.0557266096e-02 6.5674404721e-02 5.1355652982e-03 -1.8045642480e-01 -6.8592256719e-02 -7.8081265551e-02 1.0989246603e-01 1.3264500993e-01 8.1965476284e-03 4.3184681132e-03 3.3621270147e-02 -7.7205884390e-03 -3.7199787012e-02 2.9165217032e-02 1.9911851993e-02 7.5778837539e-02 -1.0297000540e-01 -7.2526414360e-02 1.1641424990e-01 1.4314390848e-02 -8.3984837452e-02 -2.0538687470e-02
2.6210209271e-02 9.3041346982e-02 2.1631804521e-02 -2.6702268323e-02 6.8004871758e-02 9.1501999523e-02 -8.6628462174e-02 -4.0079707611e-02 7.7925844534e-03 2.1019804216e-02 -3.9704646173e-02 -2.1955236971e-03 -2.2931260334e-02 -7.2478953917e-02 2.0283211508e-02 2.9416435698e-02 -1.4683245899e-02 -2.4568436853e-02 -2.5606127114e-02 -4.2811575552e-02 7.7318737050e-02 1.4606947068e-02 5.2775990390e-03 5.5905537129e-02 4.9361727935e-02 6.3288964633e-03 -3.4458521305e-02 -1.8631029196e-01 9.3568313405e-03 9.8356374141e-02 2.6725548626e-02 -1.1225540483e-02 4.0273784524e-03 -7.2990768873e-02 -5.2470918749e-02 1.0565454117e-01 -4.3236255625e-02 -5.5753162677e-04 2.5388580663e-02 1.7352323280e-01 -2.5582250838e-02 -1.2105099135e-01 4.1453197739e-02 6.2191547661e-02 -3.1419326247e-02 -4.2149274298e-03 -2.0849032031e-02 -1.3277656105e-01 2.2780437949e-02 1.8604232768e-02 -2.6319155578e-01 -2.1275487459e-02 1.9364547803e-02 3.1334250849e-02 4.1268781620e-02 -2.4330610026e-02 -4.0139266075e-02 3.6873883205e-03 -3.2133168987e-02 6.1478835370e-03 -1.9409668252e-02 1.1161453445e-01 1.1731732787e-03 -5.6530754682e-02 1.7380823710e-02 6.0629235609e-02 1.6764939863e-02 -3.1457715836e-02 -5.5515066563e-02
7.3452414438e-04 8.3420680109e-02 -2.0026091392e-02 -1.3285307307e-02 -4.9359189383e-02 6.2146885971e-02 -1.4494775619e-01 2.0913966385e-02 7.7985151414e-03 2.0702054630e-02 -6.9521138954e-02 -5.4881959895e-03 -5.0054466955e-02 -7.7006420683e-02 7.8151402810e-04 -1.0266668927e-02 3.4922941465e-02 1.1348978738e-01 2.6484197040e-02 3.3926091968e-03 8.8673524820e-03 2.6294449426e-02 5.7186308438e-02 5.5910812645e-02 5.5982247219e-02 -1.4521407814e-01 3.3265296596e-02 -1.7281855635e-01 4.7052088730e-02 -2.7633272289e-02 -2.7525778198e-02 -4.2686268057e-02 4.7925992591e-03 8.7644567596e-03 -8.8170319835e-03 9.9895923218e-02 -6.1954304321e-02 3.2630379834e-02 5.6673777216e-02 1.3156539425e-01 4.0633880860e-02 -8.3289106516e-02 3.4369487858e-02 -4.0961075502e-02 -6.5198819083e-02 -1.2572695825e-02 -1.1726804646e-02 -6.7366652108e-02 -9.2890101418e-02 -2.0306543841e-02 -1.7001560671e-01 -5.6111317076e-02 -5.5595654379e-03 1.3283997127e-02 -1.0566737471e-01 2.3049946736e-02 1.6991886177e-02 -8.3249418547e-04 -9.1180525059e-02 -4.1103878576e-02 -3.4325454055e-03 1.4901647843e-02 -1.6522285973e-02 1.3972255189e-02 5.4482610915e-02 3.1318470719e-02 -4.2124175042e-02 -2.7780342349e-02 -4.8371616322e-02
-2.0437916138e-02 -1.8242340594e-02 -5.4270673385e-02 -8.0176410047e-02 -1.0573711183e-01 8.5738741071e-03 -7.1419321947e-02 2.6905394119e-03 -2.9466154558e-02 -6.4365309981e-03 -2.7365509341e-02 -1.7514657530e-02 7.5032219108e-03 -1.1084488698e-02 -3.3472655408e-03 6.3077277384e-02 1.0582308029e-01 9.3877013853e-02 3.8105466110e-02 6.6298464338e-02 3.2606512527e-02 1.4893136471e-01 4.0037409354e-02 2.2549100572e-02 3.6747750319e-02 -9.0374234194e-02 -2.0827693261e-02 -1.2475068022e-02 1.5254853313e-02 -6.9099417133e-03 -8.4112232166e-03 -1.6538080379e-02 7.5656202165e-02 -2.4270074639e-02 -5.0080582680e-03 9.0016422530e-02 -9.4299480821e-02 -3.3006085500e-02 2.7255581607e-02 1.1358653958e-01 -1.0357013570e-02 -7.4918079308e-02 -6.6843002727e-03 -5.2402296771e-02 -4.9712729643e-02 4.3787341013e-02 7.1462932732e-02 -9.2998182348e-02 -8.4319370708e-02 -8.5200866857e-02 -6.0991433262e-02 -3.1825192929e-02 1.5527413001e-02 -3.3608141032e-02 -6.2247245106e-02 7.4132642757e-02 7.5559591728e-03 1.3571803042e-02 -9.5474657736e-02 2.2769833807e-03 -7.1840540425e-02 4.1200230295e-02 -6.8437303990e-02 -2.2165551940e-02 3.2080905970e-02 -9.1535724685e-02 -1.8624645408e-02 -4.4334147328e-02 -2.8380251366e-02
-4.5743059347e-02 6.0100742094e-02 -1.0924004336e-01 6.9699825643e-03 -9.3951301284e-02 7.7060185484e-02 2.2287042362e-02 -1.9513859667e-02 1.2110555157e-02 -5.2472891021e-02 -6.5641486983e-02 -4.2770266195e-02 3.7448626180e-02 -3.4150850760e-02 3.4833509478e-02 -4.4606580305e-02 6.8103975904e-02 2.3070619462e-01 1.0796323857e-01 1.0897890290e-01 1.8778990500e-02 7.2678085064e-02 2.3752635952e-02 3.0791566999e-02 -3.5935308492e-02 -9.5865234488e-02 9.4052359517e-03 1.1546872004e-01 3.1250464207e-02 -2.9374991573e-02 -5.1191799981e-03 -1.3053271341e-02 3.9558920370e-03 4.6040172712e-03 1.5711222170e-02 7.6374264423e-04 5.9396879277e-02 -1.4136382059e-02 -1.7384684537e-02 4.4313571921e-02 -1.7030810285e-02 -2.1079545741e-02 2.2106008048e-02 -4.1668587373e-02 -5.4245453177e-02 1.5512769389e-02 -5.0481522200e-02 -2.5437092920e-02 -7.7707518762e-03 -7.9155494730e-02 3.7023340278e-02 -5.7095750208e-02 2.7537395355e-02 -4.0213154160e-02 -4.3851556521e-02 5.9209581956e-03 -6.8669526008e-02 2.6067180527e-02 -8.5016907498e-02 4.0176514255e-03 -4.9899176734e-02 -6.6878393159e-03 -9.3488306160e-03 -1.5604104794e-02 5.3579176267e-02 -1.1814593640e-01 1.2371796677e-02 -5.1489720861e-03 -3.7200784162e-02
-1.4841517112e-02 7.0400309680e-02 -8.3677004740e-02 3.6765463967e-02 -2.0501917224e-02 8.4769082025e-02 1.8767880256e-02 -4.6819877733e-03 -2.1220004341e-02 -1.0008161186e-01 -3.1019330940e-02 -3.2648587118e-02 7.2315410643e-02 -5.2457572586e-02 1.0964673735e-01 -1.2500684372e-01 2.8897554979e-02 7.3829705887e-02 4.6865509662e-02 1.3600798799e-01 2.4688486347e-02 -2.2406766969e-02 5.1794862189e-03 8.6372765945e-02 -8.0245637262e-02 5.9836131372e-03 -3.1390688372e-02 1.6561112049e-01 1.3039442857e-02 -9.2696261543e-03 -7.1568980336e-03 -3.3657812109e-02 1.3862469882e-02 -8.0343825082e-03 -1.9610186347e-02 -3.9929689731e-02 4.9097379737e-02 -4.6552467791e-02 -3.8164474948e-02 4.7225100384e-03 -4.0773701643e-02 -1.9139005996e-02 2.2830851327e-02 -5.9799432754e-02 -8.1736844477e-02 8.3357554782e-02 -8.3943312331e-02 -4.0571077185e-02 -6.4631640470e-02 -1.4413311094e-03 7.4275838457e-02 -2.5383803259e-02 -1.1981737042e-02 -8.0106259044e-02 -1.3625561344e-02 -3.8157437918e-02 -2.1053121550e-02 3.6742619593e-02 -6.6033628014e-02 -1.9248675253e-02 -1.3001188560e-01 -3.5977477099e-02 2.2380788494e-02 -1.9774674258e-02 4.5263010468e-02 -4.2446598097e-02 3.4772797092e-02 2.9387099634e-03 -2.4569011678e-02
-1.5159894580e-02 9.6674273536e-02 -1.1212872604e-02 7.0247797769e-02 6.2917256253e-02 2.6975158257e-02 3.2610626632e-02 4.8938191883e-02 -2.9624724766e-02 -8.1249914749e-02 -8.8995173586e-02 -9.5913010520e-03 5.1427152031e-02 2.3492992247e-03 9.3746162888e-02 -1.2276684462e-01 -1.4188462978e-02 3.1679626187e-02 -3.1325917626e-02 3.9226787916e-02 -2.0530857432e-02 -7.7565593391e-02 -1.8684837102e-02 4.3716942407e-02 -4.0594863489e-02 3.1529380084e-02 -3.5762880653e-02 1.2075362707e-01 3.1481327367e-03 3.6640228332e-02 3.6077248003e-02 -1.0895949977e-02 9.2795459276e-03 -9.1899809806e-02 4.7154402830e-02 -1.1238375263e-01 7.1608250152e-02 -6.2956647212e-02 -5.9319322268e-02 1.1565642832e-02 -5.0319597192e-02 -2.1795240434e-02 4.0503182127e-02 -3.1565588551e-02 -4.3540587425e-02 2.7427430601e-02 -1.8130976509e-01 -8.3906948898e-02 -2.2442646117e-02 4.1605040135e-02 1.3603011525e-01 -1.9759771108e-03 -3.0330604835e-02 -2.7976772498e-02 3.5786484108e-02 -5.4921345223e-02 -2.3884085427e-02 5.5220336883e-02 -1.2194011989e-02 -1.8022641880e-02 -1.2394860486e-01 -6.0955242295e-02 3.7368621495e-02 -4.2980114897e-03 -7.1625230854e-03 3.3170374740e-02 5.7079452358e-02 4.1760745917e-03 -1.7395424665e-03
-2.0277057607e-02 4.3171658847e-02 4.2052383527e-02 2.0443401229e-02 1.0130547507e-01 -4.5907190542e-02 -1.0109968477e-01 5.5501005043e-02 -3.7843022950e-02 -3.6945881553e-02 -8.9769422071e-02 6.2037445902e-02 2.4017479867e-02 8.5504891904e-02 3.6766893943e-02 -3.7580258209e-02 -1.0743978893e-02 9.9340498669e-02 -8.9174810959e-02 -4.9715274752e-02 -3.6324068944e-02 -3.7938681839e-02 -2.3232542452e-02 3.9053368643e-02 7.5188175618e-02 -2.1934174139e-03 8.4690618578e-05 9.7694940087e-02 -3.0101897517e-02 6.5983049079e-02 2.3720903580e-02 -3.7608648382e-02 8.5840356012e-02 -1.2179927717e-01 7.6473144947e-02 -9.7510763984e-02 5.9930265115e-02 -1.6565454336e-02 -6.5826107188e-02 -2.0803987473e-02 9.1338571404e-03 -2.5379813218e-02 6.4989080424e-02 -2.3757588763e-02 -9.4015987285e-03 -4.5316391422e-02 -1.5408241903e-01 -1.4224849868e-01 1.3118553187e-02 2.4101574732e-02 7.5693064243e-02 2.1375212903e-02 2.0816081693e-03 1.9080520773e-02 6.7859819690e-02 -9.2591253636e-03 -3.0030864870e-02 4.7461351394e-03 -4.9999882551e-02 1.6998333220e-02 -7.1120506745e-02 -1.1102736879e-02 3.8059086682e-02 6.7891012283e-02 -5.0902456994e-02 4.7931460220e-03 -3.6374850049e-02 6.4251551508e-02 3.4333564375e-02
-4.7704577990e-02 -1.3373311995e-02 2.0402166642e-02 -2.4532267128e-02 4.7077550435e-02 -9.1863926561e-02 -1.3868966345e-01 6.8206121708e-02 2.0737369628e-02 4.3477568694e-02 -8.4412326320e-02 6.7367641447e-02 4.7938652457e-02 8.3897618749e-02 8.1948827580e-03 1.2212345225e-01 8.0422431428e-02 8.9905589764e-02 -1.1579234620e-02 -5.6490903643e-03 4.8715366010e-02 6.8719695399e-03 -2.6320131849e-02 -5.4081114009e-03 4.0836392787e-02 -9.8360744294e-03 1.4359131908e-02 2.1193382774e-02 -5.3152064673e-03 -1.3419100700e-02 2.3179181668e-02 -8.2500869182e-03 1.1316337709e-01 -1.1244614708e-01 9.1373162208e-02 -7.5806323932e-02 1.2321041254e-02 2.5123512285e-02 -5.3063868355e-02 -7.2982171379e-03 4.1097733708e-02 1.1949287938e-02 2.3151842412e-02 -1.4184096482e-02 1.4343386889e-02 -4.5962962485e-02 -2.9962402354e-02 -5.5045019727e-02 1.9530255743e-02 -1.1495317559e-01 8.3923609032e-02 4.6757589183e-02 3.8717752947e-02 2.5976436727e-02 7.2655717265e-02 4.5421687827e-02 -2.5320196924e-02 -3.0480807066e-02 -5.8362318476e-02 1.3077509502e-01 -7.3675596800e-02 4.9969305082e-02 1.1367394874e-02 1.0667439699e-01 -2.3019195895e-02 -2.0193464523e-02 -4.4723847986e-02 7.3394448134e-02 4.8761265378e-02
-6.7899789269e-03 1.6692349578e-02 9.8152081307e-03 3.4250297301e-02 2.4887036805e-02 -1.2553953557e-01 3.0789725004e-03 4.1175931592e-02 4.3600033778e-02 6.7103339475e-02 -5.1400850896e-03 2.6418507304e-02 9.5781684789e-02 2.7382275324e-02 -8.0894101998e-03 1.0624563229e-01 6.9437569343e-02 -1.1445127452e-01 6.0123807842e-02 7.3783213277e-02 1.1207553794e-01 -5.1158991945e-02 2.7855517699e-02 2.7182865544e-02 1.9492335024e-02 -6.0352500757e-03 6.9195777581e-03 1.4181101960e-02 1.1224421144e-02 -1.0507639092e-01 -1.6515993046e-02 1.4278212895e-02 3.1430048734e-02 -5.1469605875e-02 5.3469733430e-02 -3.4897874821e-03 2.3275545400e-02 1.9756207444e-02 -8.8128491807e-02 1.0376679550e-02 3.9570413849e-02 1.0571073694e-01 -8.6088485052e-03 3.3666242619e-03 1.1065824014e-01 2.7668035766e-02 1.5618971428e-02 6.8014556833e-02 9.0707588281e-03 -1.0283552845e-01 3.3834167384e-02 6.4727944224e-03 2.6297519175e-03 -3.8013347241e-02 -2.4162391965e-02 1.1855285625e-03 1.3294065479e-02 -5.8292662433e-02 -2.4547131699e-02 2.5266437717e-01 -5.9410905736e-02 5.1941988677e-02 -1.6778924177e-02 9.1575375237e-02 -3.3307927383e-02 2.2281422985e-02 -4.6151208423e-02 6.0465562568e-02 6.7090758699e-02
6.8229005613e-02 8.1429893481e-02 -1.5290492437e-02 1.4568017058e-01 6.8862986230e-02 -5.7385452541e-02 3.6611545464e-02 5.4235200272e-02 2.3810375883e-02 3.9841747590e-02 4.2711412123e-02 -5.6935047304e-03 1.2570667218e-02 -2.7671658105e-02 -8.9260716630e-03 -2.0969042912e-02 -7.5824377121e-03 5.3800123093e-02 3.9338625879e-02 7.4600428903e-02 6.8866868675e-02 -5.5570092902e-02 8.4641916300e-02 7.9602865017e-02 -2.4222836217e-02 -6.9983779441e-03 1.0820641849e-03 8.6441506082e-03 4.1830094862e-02 -1.1174093609e-01 -3.8928962325e-02 3.1518395666e-02 -7.1692482357e-02 -1.0886937577e-02 -7.1879938620e-02 1.0108095045e-01 6.2939263370e-02 -7.6478998544e-03 -9.4339392443e-02 8.8692289381e-03 -3.3953820874e-04 6.7088202959e-02 -2.6685646112e-02 -9.4015369214e-03 6.2842141216e-02 2.8044712007e-02 -1.1501831904e-02 2.7883550215e-02 1.5560239035e-02 -1.0370570357e-02 -2.6438798391e-02 -3.1032980222e-02 -5.4597177674e-02 -5.0804512269e-02 -8.8847000881e-02 -8.6218498001e-02 -8.5870396549e-03 -9.8202003146e-02 -6.2500892191e-02 2.2372111640e-01 -4.0903094241e-02 3.0839395777e-03 -2.4305603569e-02 2.9603196775e-02 -3.8030205856e-02 3.2507008188e-03 2.3441585076e-02 -3.7736674093e-02 6.5357419159e-02
7.3566001432e-02 7.2054586873e-02 1.9691287015e-03 5.4479202856e-02 5.6154538265e-02 -9.7192628803e-03 -1.1163397679e-01 1.1153298801e-01 1.2828369426e-02 2.4610970584e-02 4.7633257297e-02 2.7533065596e-02 -6.8427358664e-02 -2.2643959730e-02 -5.1571315968e-02 -4.2899406111e-02 -1.7344340418e-02 1.4062476142e-01 1.0189779949e-02 1.6485868617e-03 -7.8539035807e-03 -2.7835199353e-03 4.5464289456e-02 6.0901991138e-02 -5.3821280881e-02 -2.3255980653e-02 -1.8784358943e-02 -1.5739817589e-01 5.5740972249e-02 4.0033146406e-02 2.4509205410e-02 4.6154956185e-02 -7.5244729761e-02 5.2651735263e-02 -7.7206657483e-02 1.1448396945e-01 5.7641597521e-02 -1.2629542767e-02 -8.0093794774e-02 -6.6625822573e-02 2.5567138878e-02 -2.7581934577e-02 -2.5749632882e-02 9.7124847898e-03 4.1868164226e-02 -7.9485181855e-02 2.9966097706e-02 -1.2647399477e-01 1.7431365927e-02 8.1174504790e-02 -1.0554761380e-02 -2.0626381184e-02 -1.0084592087e-01 -6.8285901527e-02 -6.6449016146e-02 -1.0373921282e-01 -4.2553880781e-02 -7.3231453920e-02 -4.4720742789e-02 1.1496161427e-01 2.6230790578e-02 -1.1520938405e-01 -7.5956284096e-03 -5.8179722907e-02 -6.8908649655e-02 -9.6202472802e-03 1.4079158853e-01 -4.7043230534e-02 7.7961262564e-02
-3.4052875445e-02 2.9650402378e-02 -3.4560271549e-02 1.4036666332e-02 -2.3258855666e-02 4.2629154181e-02 -8.1015990460e-02 1.8287402693e-01 2.3625962848e-02 -1.1967353230e-02 -2.6714263197e-02 -1.2538127673e-02 -8.4381646865e-02 3.2059133839e-02 2.6913176106e-04 2.1642845492e-02 -1.1754878664e-02 7.9897167989e-02 1.8845140849e-02 -4.7320640103e-03 3.5214326739e-02 -2.1077729273e-02 -9.4351479788e-02 -3.8325983564e-02 -7.5531329476e-02 -5.0982424423e-02 -7.4612320175e-03 -8.1213988118e-02 1.4431228072e-02 4.0238671175e-02 6.6445728974e-02 4.3388229339e-02 2.3076291567e-02 6.1199419110e-02 -2.8576578520e-03 1.1052159820e-01 4.1201013763e-02 -2.4388169327e-02 -1.9148788117e-02 -9.3238513834e-02 5.4383833765e-02 -6.6214296755e-02 2.8379331215e-02 4.7941079048e-02 3.2280900414e-02 -1.2658389433e-01 6.2747704330e-02 -1.5806852572e-01 -4.4739673556e-02 1.4160896423e-01 6.8083749613e-02 2.0566615691e-02 -3.2480519982e-02 -2.6650660422e-03 -1.3018831339e-02 1.2576752287e-01 -1.5437658609e-02 -2.3096123955e-02 -7.1788549854e-02 4.7295845959e-02 7.7697272963e-02 -1.2159344498e-01 3.2872353022e-03 -1.0339627090e-02 -5.1669852298e-02 -5.3563041641e-03 1.0274084185e-01 2.7953639610e-02 1.6790085613e-02
-2.8681732614e-02 -4.2785940539e-02 -1.3851319246e-01 5.4675859344e-04 -1.2423440705e-01 2.4517593567e-02 -7.1547340711e-03 6.0744243816e-02 2.6645468441e-02 -5.8704366566e-02 -1.0549000254e-01 -1.0813743420e-01 -6.8856276333e-04 -6.3883541599e-03 7.0860663667e-02 3.6129173239e-02 -2.6913210912e-02 -4.9767612703e-02 -7.6958849686e-03 2.9980959579e-02 7.7150012453e-02 -8.4744876616e-02 -1.0625666589e-01 -4.4820915935e-02 1.8391196093e-02 7.7212550946e-02 1.2498157297e-02 8.8466773931e-02 -2.0323398613e-02 -3.6066591394e-02 4.0021115525e-02 2.6792151986e-02 3.4976556431e-02 2.6684739487e-02 3.3071384495e-02 6.6299350354e-02 4.4548155680e-02 -6.1674062644e-02 5.1613016918e-02 -1.0430556601e-01 4.9585167212e-02 -6.4028310355e-02 2.3166486996e-02 5.4233628955e-02 2.0444452761e-02 -2.5964267365e-02 6.8913142997e-02 -9.0999736385e-02 -5.2882693862e-02 1.4273602873e-01 1.0687650848e-02 3.5016932692e-02 8.1957454163e-02 5.8385471512e-02 -4.2557073791e-03 1.5573800151e-01 6.3908980037e-02 -4.6959562692e-03 -2.7671342099e-02 4.9413757944e-02 3.6100280823e-02 -2.6283500596e-02 4.0546686090e-02 7.3238572345e-02 -5.7215102192e-02 1.4952805296e-01 -1.5022471283e-03 9.2610845647e-03 -9.7432733074e-03
9.3266790860e-03 -1.0110677876e-01 -1.0620716902e-01 -3.3834651213e-02 2.1316263463e-02 -7.4794884827e-02 -1.0237223613e-04 -8.6634168097e-02 2.6465851676e-02 -8.1339009328e-02 -1.1184333448e-01 -1.1100394049e-01 2.0117040909e-02 -4.1156639018e-02 1.4552880606e-01 1.0532773448e-02 4.0445633167e-04 -9.7129249679e-02 3.7776303896e-02 6.1875845522e-03 6.7188832038e-03 -1.2608346464e-01 -3.3813951138e-02 -6.1686980338e-03 1.0320969348e-01 1.3784288232e-01 -2.4110970855e-02 4.1647452034e-02 7.2749912190e-02 -1.5113615875e-02 -1.2965460001e-02 -1.9000591516e-04 -4.2756991131e-02 -2.9931950280e-02 -1.2902191490e-02 4.3556088456e-02 -4.2006009356e-02 -2.6400185093e-02 6.8379928732e-02 -8.5599116233e-02 -1.4568073354e-03 -2.1525012287e-02 -9.8132141934e-03 2.2117410668e-02 1.4716757487e-02 -1.6513633909e-02 -3.4102510298e-02 -5.4904383099e-02 -5.9179095629e-02 7.3001883851e-02 -5.1592777218e-02 4.5006861893e-02 7.7584751141e-02 2.0917283618e-03 -1.0997959819e-01 9.7313914098e-02 8.1562504795e-02 -1.9732071276e-02 1.9013455407e-02 5.9468304500e-02 -2.5155314965e-02 3.5859745968e-02 5.8257337321e-02 8.5296193115e-02 -3.9193545262e-02 1.4269756286e-01 -9.4737574486e-02 -7.7671369575e-02 -4.1839190959e-03
-2.3726787361e-02 -2.2952194676e-02 1.2993140114e-02 -2.6282718610e-03 9.0512288249e-02 -1.2420763259e-01 -7.7766167639e-02 -1.2345771658e-01 -4.6006715355e-02 -6.2075670773e-02 -3.6597988451e-02 -1.2040288827e-02 -1.4435631703e-02 -5.9085464010e-02 1.7853592422e-01 -9.4435057182e-03 4.3731016425e-02 2.2572558808e-02 3.8801261879e-02 -1.9916983611e-02 -1.0326132942e-01 -6.3716726193e-03 3.2692446137e-02 -7.2953847529e-02 1.5628776001e-01 1.2464284415e-02 -3.3971491091e-02 -3.8922517914e-03 9.8838531375e-02 4.3562935019e-02 -6.6446142228e-03 -4.9535609357e-02 -7.5048975087e-02 -7.8312133232e-02 -5.5954377058e-02 8.3672306914e-02 -1.4670764269e-02 -8.6641662697e-03 2.1650535336e-02 -7.8311193016e-02 -2.0400553449e-02 1.9379037504e-02 -1.8805048828e-02 1.3631149020e-03 9.9831007465e-03 -5.3078501536e-03 -9.8981817558e-03 -3.2719364829e-02 -6.5421558292e-02 -2.8578604253e-02 -4.5600496537e-02 -5.6855951270e-03 1.4011961490e-02 -6.5468781510e-02 -1.3136489719e-01 -3.0618346672e-02 6.2769026571e-02 -3.0260036876e-02 7.8021079458e-02 -9.3881755658e-03 9.9496885186e-03 -2.6931981900e-02 1.8960046897e-02 2.9730296048e-02 2.3301784983e-03 3.6139758655e-02 -7.6851522557e-02 -1.1845132285e-01 1.1444268321e-02
-7.8899056628e-02 9.0522592034e-02 4.0476879530e-02 8.8695525630e-02 7.1949445696e-02 -8.4095864997e-02 -6.0271894209e-02 3.8846952412e-02 -4.0375084230e-02 -1.2265998429e-02 2.4555396291e-02 8.9059250591e-02 -6.6091319377e-03 -4.9282528106e-02 1.6580810822e-01 5.3930062857e-03 6.7383742901e-03 4.2564427459e-02 3.2701715323e-02 -2.2771657442e-02 -5.7952416491e-02 3.3512291192e-02 3.3806773251e-02 -1.5930688944e-01 4.3108177157e-02 -4.3484535942e-02 4.1727471566e-02 -1.7711025946e-02 9.4389043401e-02 -1.1052829110e-03 1.0227005333e-01 -5.0902241439e-02 -2.6048063806e-02 -2.9742126783e-02 -3.7751855033e-02 1.0921678658e-01 1.8625863616e-02 -2.4329075800e-02 1.7677366101e-02 2.1294608345e-02 -1.7080938849e-02 1.1038603216e-01 2.2304638561e-02 -1.7077545214e-02 -5.9009927976e-03 1.1119658116e-02 5.1064644553e-02 4.8749813159e-02 -5.2274600923e-02 -2.6584718901e-02 -2.8806190224e-02 -8.1745742038e-02 1.6151698730e-02 -7.1631133530e-02 -2.9158624664e-02 9.1380312756e-03 -2.1048609981e-02 -2.5457033090e-02 3.2077324018e-02 -8.6614921387e-02 3.5716615125e-02 -4.7862278809e-02 1.8814862988e-02 2.8626064869e-02 2.8726870936e-02 -5.5091636865e-02 -2.1501082906e-02 -5.1762826804e-02 -3.0138605886e-02
-8.0423510995e-02 9.9558445372e-02 3.2629950267e-03 1.6126261017e-01 -1.0974106488e-02 -5.4738383296e-02 2.5819279009e-02 1.2960060096e-01 2.3111134360e-02 2.2235763249e-02 -4.1720806572e-03 7.6766996558e-02 2.0655458474e-02 -3.5146675979e-04 8.5351118130e-02 1.8319471566e-02 -1.4506623790e-02 -7.9897822318e-02 2.9108785615e-02 4.1665448600e-02 2.9670907665e-02 9.6179322560e-04 -1.8223134750e-02 -8.4938997756e-02 8.0328610946e-03 5.4221544498e-02 8.8533678871e-02 2.9863169779e-02 -1.9700409162e-02 -4.3097339310e-02 9.2889220779e-02 -7.0460524258e-02 2.0503870016e-02 7.1808394298e-03 -4.1593256821e-02 9.4819860533e-02 2.1464547832e-02 -3.3891111600e-02 2.4270251668e-02 3.6255564094e-02 -2.7468138694e-02 1.5371093808e-01 6.1001004891e-02 2.1598334935e-02 -6.4068299800e-02 2.3383845502e-02 8.5739041061e-02 1.2159140180e-01 -3.1698610420e-03 -3.3548165220e-03 -8.3066543137e-02 -3.0635668927e-02 5.5344678405e-02 -2.9024592004e-02 6.8381668170e-02 -1.9434954183e-02 -3.9029255863e-02 -1.5170294155e-02 -6.6379505115e-02 -1.4304284366e-01 3.3019006039e-02 -8.7934334097e-03 4.8766273362e-02 1.9415664901e-02 -4.2862534009e-03 -4.3106621374e-03 -1.7239526128e-02 1.3744473051e-02 -2.9124677500e-02
1.9242056614e-02 -1.2675037783e-02 -4.0285844208e-02 1.1577809426e-01 3.5499291759e-02 -2.8101734281e-02 2.8356638411e-02 9.5123424235e-02 9.0644288855e-02 6.0675752144e-03 -5.1154391628e-02 -1.2104387573e-02 2.9865244960e-02 3.5501678383e-03 -1.8114096672e-02 -4.6427693426e-02 -1.0999215367e-02 -2.1632611812e-01 -3.0260386588e-02 2.2593347321e-02 1.4182179412e-02 -1.3455705252e-02 1.3499902508e-02 5.1218590554e-02 2.8976923581e-02 1.1730915525e-01 7.5908078769e-02 -4.2646049793e-02 -3.1568208845e-02 -1.6082373012e-02 5.6038113010e-02 -9.1064192745e-02 -8.6216196727e-03 2.9851647368e-02 9.9983841353e-04 1.8576560719e-02 -2.8297075682e-02 -9.8388816240e-03 4.0371636937e-02 1.2810776686e-02 -1.1863770494e-03 6.9523956616e-02 2.3109484224e-02 1.2452241252e-01 -9.8025952675e-02 3.4535439261e-02 7.0253890874e-02 1.5334341322e-01 -2.9306791198e-02 1.5149615035e-03 -3.2280007167e-02 8.1419833929e-02 6.0312042862e-02 3.3597509309e-02 7.1610482856e-02 -8.7093621451e-02 -2.3371810514e-02 -5.2942076194e-02 -1.1427788588e-01 -6.7086242628e-02 8.1026045400e-03 4.2185155943e-02 5.5689780766e-02 1.5795624603e-02 -4.0289105437e-02 -1.1664010760e-02 -2.8589368092e-02 -3.0833506795e-02 -2.8139586142e-02
1.1140624798e-01 -4.9241004674e-02 -3.3346532032e-02 5.0821981420e-02 4.9815914835e-02 -1.1517310012e-02 -2.4055503450e-02 9.0213668443e-03 9.9921660553e-02 -2.5915056156e-02 -7.8461513820e-02 -7.9421096788e-03 8.1302796361e-04 -8.9184972607e-03 -6.5940334370e-02 -4.3253456265e-02 2.7364839474e-02 -7.5238562215e-02 -3.2317645939e-02 -2.7270261880e-02 -2.1867262275e-02 -5.5565588055e-02 -1.6018359538e-03 1.1947841273e-01 3.6310290724e-02 4.4524822815e-02 2.1551517653e-02 -2.4218637341e-03 -4.4759194237e-04 2.1259315412e-02 2.3461903853e-02 -6.8518932708e-02 -2.5205336889e-02 -1.4586940517e-02 -5.5104580435e-02 -1.8711200959e-02 -5.6469035788e-02 -2.7994398009e-02 3.0821440716e-02 2.6027275935e-02 -2.9536812141e-03 -5.3564503508e-03 -2.1044362348e-02 5.7720373879e-02 -7.9298916819e-02 -5.6566898804e-03 3.1120759626e-02 3.0039432352e-02 -4.8853371550e-02 -1.3364126296e-02 -2.0450864424e-02 1.1013336006e-01 1.1882184722e-02 2.5458955427e-02 6.2161951675e-03 -1.2634041644e-01 -1.6854369490e-02 -5.4521674221e-02 -1.0639963268e-01 -8.6629281060e-03 -1.2601694058e-02 8.1874978769e-02 4.2651658236e-02 -3.6473706997e-02 -7.0168325033e-02 -4.8468488126e-02 -5.2602110403e-02 -6.1200275350e-02 -5.8123148629e-03
7.3933840560e-02 -6.9414988606e-02 -4.1177690245e-02 -7.2225276663e-02 7.8761654313e-02 2.6073873453e-02 -9.3096104322e-02 -5.5546942567e-02 2.9158622574e-02 -3.1020484167e-02 -9.1752691565e-02 8.7638265102e-04 -6.6228922349e-02 -7.7838009687e-02 -3.3290421948e-02 -3.3257576214e-02 1.0241817428e-02 -2.4037747711e-01 -4.3282783728e-02 -2.6516076753e-02 -7.0660833351e-02 1.0202793662e-01 3.7367888111e-02 8.3981135670e-02 4.7787183382e-03 6.3319437447e-04 5.7688141299e-02 -1.2420982931e-01 -2.0965136607e-03 4.7574061047e-04 2.3689798570e-02 -5.4803321644e-03 -4.0336489489e-02 -1.5561746030e-02 -4.2485729035e-02 -5.6484465072e-02 -8.8841565133e-03 -1.4580614696e-02 4.0961026687e-02 1.6660586058e-02 2.3592399666e-02 -2.2407636722e-02 1.6799049911e-03 7.4982183401e-02 -8.2000640216e-02 -6.4116554451e-02 1.3969694440e-02 -6.5096063676e-02 -1.6654053357e-02 -1.3812631281e-02 -4.4096518288e-02 1.0425218073e-01 -1.8437068465e-02 -9.3128546921e-03 -8.3503924980e-02 -1.1235589216e-01 1.7888709665e-03 -6.5415143534e-02 -1.3216289298e-02 1.9158680766e-03 -2.8109718243e-02 5.2973989680e-02 4.5149181814e-02 -5.7946753601e-02 -7.8286865812e-02 -8.7783025553e-02 -3.8094106526e-02 -6.5671880834e-02 -1.6970419338e-02
-1.5499679951e-02 -4.6305117326e-02 -8.2525017885e-02 -1.6768551280e-03 -1.9950124678e-03 1.2857085928e-02 -3.9141023872e-02 -9.3136876147e-02 -9.9411432754e-03 4.4831485326e-03 -5.9205509899e-02 2.0462832659e-02 -6.7823185241e-02 -1.1692866621e-01 8.2391707276e-03 -5.6644130091e-02 -9.2565680083e-04 -1.8973909887e-01 -9.5354487566e-02 3.4683709114e-02 -6.4180886423e-02 1.0979835109e-01 7.1135395378e-02 5.8789447444e-02 7.5726811838e-02 -1.2062229442e-01 1.7767587200e-02 6.7915228350e-02 -5.7393730961e-02 -6.0559739240e-03 2.5742542368e-02 -2.2925388863e-02 5.3220883373e-02 -9.1550530639e-02 -1.3029593210e-01 -4.5062097119e-02 7.2614742558e-02 -3.6157361468e-02 8.2524591022e-02 1.4220758223e-02 -1.8046442988e-02 2.9952080205e-02 -4.7366744976e-03 -5.1528941080e-02 2.1993260160e-02 4.5242089812e-02 2.1323495816e-02 -1.7584898881e-01 -1.6715378677e-01 -4.3091716609e-02 7.8688538138e-02 5.2364205672e-03 -3.7405277782e-03 -1.5678454978e-02 -7.7898906690e-02 5.6199697058e-02 -1.0296378078e-02 -7.1351752666e-02 -4.7274024989e-02 1.6882171734e-02 -4.7259723180e-02 -8.5398517717e-03 -1.7848356640e-02 2.1777665823e-02 -1.0515553642e-01 -1.5569932593e-01 -1.9466556580e-02 1.4937103762e-02 5.5676375042e-03
-4.0944999885e-02 -2.3272295465e-02 -1.4216157022e-01 3.7624745760e-02 -6.9104865740e-02 9.5945268488e-02 6.6628520472e-02 -2.0261465378e-02 -8.1069602602e-03 7.7048353850e-02 1.7769346757e-02 6.8277593818e-02 2.6458776337e-02 -9.9842717459e-02 5.7857187118e-02 -1.7793314191e-02 -9.8040133952e-02 -5.4559743712e-02 -4.7375894194e-02 9.1091305206e-02 1.5949232443e-02 -4.6341231658e-02 8.1114218019e-02 -1.4705281646e-02 -1.8972435729e-02 -1.8609358575e-01 1.2479909611e-01 4.8473720431e-02 -1.1758479943e-01 -3.6794135214e-02 1.5037719710e-01 2.0731241570e-02 -2.7320276712e-02 -3.4507287377e-02 -6.8900709986e-02 -4.1086273483e-02 6.1732959456e-02 -1.6487447106e-02 8.5700206099e-03 4.7813466830e-02 1.0504898024e-01 8.8321300357e-02 1.2133361760e-01 -1.4189409190e-01 6.6365879914e-02 -1.8913112402e-02 1.4366734494e-02 -6.7172098639e-02 -4.4111582607e-02 -8.3428131787e-04 -2.8782189923e-03 -9.4411991689e-02 -6.4121854853e-02 7.2771612633e-02 -2.5139720911e-02 1.1044526498e-01 1.0271707037e-01 -7.0087328499e-02 9.6011635002e-02 -4.8710684201e-02 -1.3915159016e-01 1.7838858097e-02 -1.3074359118e-02 3.1186065835e-02 -1.5496623264e-01 -1.7656091677e-01 -1.1491168725e-01 5.4002438781e-03 -1.9180327039e-02
-1.7987481127e-02 1.2415156423e-01 -2.5821632352e-02 -9.6271837853e-02 2.1168750845e-01 1.0995286637e-01 -8.8997988212e-02 -1.2619013608e-02 -7.6465828546e-03 1.6329868894e-02 -1.3668563700e-01 4.3544723025e-03 9.2135914982e-02 -1.8982858211e-01 -5.9063460165e-03 1.0817201879e-01 1.0055980307e-01 3.7901162728e-02 -9.7498733712e-02 2.3379500500e-03 3.0549810726e-02 -6.5116313296e-03 6.1454361553e-03 7.8329302135e-02 -1.4115449670e-01 1.4007808975e-02 2.2449715845e-01 -2.1274827746e-01 -1.3250101647e-01 1.1341903334e-02 4.0956032864e-02 8.5740453532e-02 -2.1012147650e-01 -1.1242893019e-01 6.1432918455e-02 -5.9947990733e-02 9.3057362964e-02 6.4567979962e-02 5.5563852563e-02 6.0862483701e-02 1.2439691033e-01 1.8681244212e-02 1.5928431896e-01 4.1748831129e-02 -1.2646642645e-01 -6.2175431502e-02 1.7989274288e-01 -1.8202295979e-01 2.2427595151e-01 -1.2062381099e-01 -3.3421620671e-01 -5.3393768204e-02 -9.8670517067e-02 8.5354937113e-02 1.1107796935e-02 -3.0508749640e-02 -2.9044355815e-02 1.1041653156e-02 9.4868803339e-02 -1.4821596932e-02 4.0299802387e-02 -8.9317745230e-02 4.0183560895e-02 -6.3430757174e-02 -1.1939314311e-01 -1.1466282458e-01 -2.3161619425e-01 5.2697421029e-02 -8.7397166443e-02
-1.7804884177e-01 1.5554662346e-01 1.8897432975e-01 -9.7876676826e-02 3.8958792398e-02 5.1120845564e-01 1.9038664645e-01 2.0255875793e-01 2.7330837348e-02 -3.0728539927e-01 8.1295506484e-02 2.9859604468e-01 3.2320700079e-01 -3.8685700368e-01 5.3793135181e-02 2.6844716751e-01 -5.4212437787e-01 2.8847910231e-01 2.7015737674e-01 5.2160093374e-02 1.0967845459e-01 2.7003146514e-01 -1.9056501325e-01 4.5221886092e-01 -3.8616722608e-02 -2.7138103415e-01 -7.7658202438e-02 1.1275970116e-01 -2.9816015116e-02 1.0363925475e-01 1.8904155940e-01 6.4368612199e-01 -1.5471005696e-01 2.1042019599e-01 2.2587534429e-01 2.1258663848e-01 -2.1187312352e-01 3.7744166550e-01 -3.2441538846e-01 3.1254694454e-02 9.2870367533e-02 5.7951920066e-02 -1.3908212780e-01 -1.1130109151e-01 3.7682946039e-01 -7.3309306480e-02 -3.4462080895e-01 7.1361921848e-02 -3.1935577174e-01 -1.3760933106e-01 1.5712453498e-01 -3.6642544436e-01 3.7187625847e-01 1.4622248216e-01 -2.9568589955e-03 8.6931188464e-02 -1.2241520076e-01 3.1695550819e-01 -2.3338573250e-01 -2.3061354118e-02 -3.7225249974e-01 -3.4559155913e-01 1.0016926474e-01 -1.9447393311e-01 3.8575062768e-01 3.8993473937e-01 -2.2032198528e-01 -2.2136904844e-01 -1.8762054733e-02
3.0974987797e-01 3.0692734726e-01 1.2283532983e-01 6.0612065681e-02 -7.8875821077e-02 -3.1922815820e-02 4.1318274356e-01 1.5597723389e-01 -3.9443753903e-01 -4.0403582915e-01 5.7543422321e-02 4.0273333624e-01 1.0286497983e-02 -6.3461015273e-02 -3.6879492151e-01 4.0912681433e-01 7.2666146022e-02 -4.0714925631e-01 1.3520347286e-01 3.4389503534e-01 2.5604008079e-01 3.8964940620e-01 -2.1024607521e-01 2.8432936765e-01 -3.5381105156e-01 -2.4171614267e-01 -2.1819426340e-02 -2.4285580108e-01 -2.7075003936e-01 -2.4632008428e-01 3.1206188127e-01 -9.5691258439e-02 4.1350267230e-01 -3.5919634364e-01 1.2873106885e-01 3.8379699069e-01 4.8287727856e-02 -2.6676811813e-01 -2.0366158124e-02 2.4631281185e-01 2.9099413965e-01 -1.0854214141e-01 -3.4201367228e-01 2.4853166456e-01 4.0044415167e-01 -4.1099318278e-01 7.5315117536e-02 -3.7124017607e-01 -3.3158859234e-01 3.0640771030e-02 3.2371441586e-01 3.5771573720e-01 4.0277798682e-01 8.1823975934e-02 2.8755399537e-02 2.0215411744e-02 -2.5440449579e-01 -1.9199936579e-01 3.3567660790e-01 -1.6160908367e-01 4.6438046637e-02 1.8544919451e-01 -2.8031292627e-01 1.5890233486e-01 -8.9723777004e-03 3.5852455673e-01 -3.1932606164e-01 -8.1584072769e-03 -3.7787578656e-01
1.7031652236e-02 6.1369580122e-01 3.9040035705e-01 -2.3706914033e-01 3.1378344365e-02 2.8007194548e-01 5.8490329799e-02 -2.8580937018e-02 2.3447432665e-02 -1.8183451913e-01 2.7351338282e-02 2.0580183130e-01 -7.4124719717e-02 3.1220489851e-02 2.5379504863e-02 2.9651275997e-01 5.1870395081e-02 1.0291828642e-01 -2.7686995487e-02 8.5445485846e-02 -1.0187130482e-01 5.2677673018e-02 5.4648200891e-02 -1.6249208320e-01 7.2959901751e-02 9.6733511713e-02 -6.0144928217e-02 -2.6827489586e-02 -7.6634203259e-02 -1.5770144125e-01 3.1966679297e-02 9.7363358618e-03 -1.8425869565e-02 1.9073629170e-01 1.8839639068e-04 3.8563065358e-01 4.6208422767e-02 -8.8304036581e-02 -8.4660973420e-02 -1.1981813682e-01 7.6746207529e-03 5.7585561448e-02 -2.3791264016e-02 -1.0167636416e-01 6.8132515657e-01 -5.9696731347e-03 1.6573574875e-02 4.7342624887e-02 -8.4779250024e-02 3.0512104947e-03 2.7347613905e-01 4.6961300538e-03 3.5798398765e-02 -5.1352915851e-03 -1.0993729395e-01 -6.7562692495e-03 1.0870135055e-01 -1.1619582902e-01 -1.0163290019e-02 -9.8744748501e-02 4.3973339450e-02 4.7604375029e-03 4.6502701472e-01 1.9719703572e-01 5.5335830145e-02 2.0079491999e-01 1.0561268696e-01 1.8093810409e-01 -3.1567434136e-02
-2.6969659514e-02 1.4289403555e-02 -9.7066374638e-02 -1.4150101520e-03 -1.0708229584e-01 -7.2415716080e-02 3.2667191876e-02 -7.3509527451e-02 -2.8478792428e-02 -5.1787881757e-03 2.2109894491e-02 2.1692704296e-02 -7.8515879257e-02 2.7552190684e-02 -9.6793529115e-03 1.3358563306e-01 -6.3792972361e-02 -1.8459308495e-01 -1.2919958878e-01 1.1258629989e-01 3.8303009111e-02 1.6126640867e-01 1.8660576717e-02 -3.8184723877e-02 1.3821152730e-04 3.5677962538e-01 1.0258296988e-01 -1.3337890099e-01 1.1500088433e-01 -9.8582094469e-02 5.3647937034e-02 -1.2235901131e-01 9.2782267974e-03 3.5577646985e-02 7.7525026522e-02 -2.2909910291e-02 -1.1631840985e-01 -1.4996554383e-01 -2.5065035212e-03 2.4332653929e-02 -8.1248585196e-02 -1.6320035100e-01 -1.7107394622e-01 -4.8645715648e-02 1.8575362509e-02 2.7105850574e-02 -1.0963523634e-01 1.0408951707e-02 1.1931420187e-01 -1.1359402694e-02 1.1613563553e-01 4.4778551093e-02 -8.0706820176e-02 1.6543521050e-01 6.0341217400e-02 1.9163990052e-02 1.9121837142e-02 1.4354347552e-01 1.4290079913e-01 1.6753015443e-02 -2.1975371097e-02 -2.1337901693e-02 -7.1124425741e-02 9.4131572943e-03 1.0187701086e-01 1.7491336566e-02 -9.2043247880e-02 9.0331752419e-02 1.1515110686e-02
-4.9720878801e-02 1.1804396123e-01 1.0173000643e-01 1.0578915856e-01 -8.1200253413e-02 -8.3452563412e-02 2.5008080297e-03 1.5404991848e-02 -3.4484122234e-02 -1.5437648462e-02 -9.9919878976e-02 6.8006737706e-03 -6.1885134403e-02 -6.3423396750e-02 -4.4170354284e-02 6.3648797944e-02 7.4537664407e-02 -2.1167662935e-01 4.4232774839e-02 8.8802938373e-02 5.0259083660e-02 -3.7876159611e-02 -3.8993240049e-02 1.4859963208e-01 -3.9541257223e-02 3.0376237393e-01 2.1321635244e-02 5.7720754578e-02 8.1449396987e-02 1.2806633083e-02 7.6075609147e-02 -4.9162822300e-02 -4.2396044265e-02 -5.0302171734e-03 2.1345846191e-02 4.3857799501e-02 -1.1966758793e-01 6.8546983828e-02 2.5259053366e-02 9.5759847196e-02 -7.8369830379e-02 -1.5757720769e-01 -1.3731241604e-01 1.8745567340e-02 2.6587055124e-02 2.9423756909e-03 -1.0950951908e-01 8.6068897807e-02 -6.9726260018e-03 -3.3024415196e-02 -1.0294519334e-01 -9.1292040811e-02 8.8762762811e-02 -4.7949396368e-02 -2.3064730020e-02 3.7503661486e-02 1.4755109769e-02 -3.7337955609e-02 -1.0795643531e-01 5.2781306851e-02 -6.3373384716e-02 1.4049197693e-03 -6.2041490622e-03 -3.8233720405e-02 9.5002833096e-02 6.2629888136e-02 1.9366629080e-03 -1.5556475901e-01 -7.2150359671e-03
-1.8261182168e-02 7.7291980285e-02 8.1644921427e-02 9.3154508735e-02 1.0034309941e-01 4.5817752496e-02 2.7867247274e-02 2.0765592442e-02 -4.5230598162e-02 -1.1112430036e-04 2.1250478218e-02 2.4720649594e-03 1.3445127825e-02 -8.6628209377e-03 -1.4509797976e-01 6.6338093871e-02 3.2296392543e-02 -7.9885560230e-02 -9.7338986528e-03 -6.5814034368e-02 1.2025180762e-01 4.9099072689e-02 -6.1381930450e-02 -2.8518374018e-02 3.0184914281e-02 1.2541786356e-01 -2.1893940543e-02 -1.6036770947e-02 3.2273542776e-02 4.0934307683e-02 8.1807656761e-02 1.3434545199e-02 -1.0953799903e-02 3.7228872162e-03 1.4765898128e-02 -5.9349097409e-02 -5.6585300299e-02 7.8286667975e-02 2.9008550165e-02 4.2135841983e-02 8.8258708187e-03 -8.7329014133e-02 1.3920012205e-03 -2.1316513816e-02 -3.2109104718e-02 -8.3015042626e-02 1.0923043139e-03 3.8697418283e-03 -3.1282063527e-02 1.0682735146e-01 -8.1160204117e-02 -1.2413716800e-01 -3.0302266513e-02 -7.0276944940e-03 -9.1934522519e-02 -1.9394764321e-01 9.0148595013e-02 4.6285257888e-03 -5.4966198672e-02 -3.5917713455e-02 -1.0063776063e-02 -1.5987785888e-02 2.0214284739e-02 -1.7328058925e-02 1.5915017148e-01 6.2120388272e-02 -9.1492948370e-02 -6.1931106461e-02 3.9151386148e-02
3.0245148684e-03 -1.6194687786e-02 8.1821496287e-03 1.0850384184e-02 -4.7864057386e-02 -2.9866912435e-02 -5.0222631295e-02 -2.4710213592e-03 6.2186637261e-03 2.2987316412e-02 -9.9029467707e-02 4.3073960629e-02 -4.8838326031e-02 -1.0576129804e-02 -1.9812894485e-02 1.7572063839e-02 1.6965627279e-02 1.0196664956e-01 5.6408590152e-02 -4.0272196009e-02 4.9695826172e-02 1.9582517592e-01 -1.6613382592e-02 2.0762922640e-02 4.7179662621e-02 1.8825165760e-02 1.0259550399e-02 -1.4497691998e-01 2.9295695088e-02 4.7939635408e-02 -6.4725833802e-02 -5.3898901340e-02 6.8694125712e-02 -1.3539355198e-02 -2.8017549515e-02 6.4578349991e-02 -7.3416699747e-02 5.9833208679e-02 5.9049616873e-02 8.4212570857e-02 2.8059492640e-02 -9.1461258172e-02 -1.3078721901e-04 -1.9805924444e-02 -8.4249657957e-02 -7.1211685721e-03 1.4959900818e-02 -6.0178580554e-02 1.2645541269e-01 -8.0675447759e-03 5.1014600402e-02 -8.6084074663e-02 2.5503342055e-02 1.3769951167e-02 -3.0191514587e-02 2.3749345641e-03 1.5342750045e-02 8.2455746901e-03 -9.4513194891e-02 -3.4318217625e-02 5.8439313642e-02 1.7107774210e-02 -5.7483190852e-04 -4.5122120438e-02 5.0446016486e-02 -9.4875335240e-02 -2.0598262126e-02 -7.9556269768e-02 -2.5705324987e-02
-4.3179073082e-02 -2.0253264830e-02 -2.8460313608e-02 -5.2178784360e-02 -1.3445451614e-01 -5.5687253631e-03 -6.7859798066e-03 4.0333496284e-02 1.7397032565e-02 3.0520825081e-02 -2.6233335727e-02 -2.5931092389e-02 4.7428666867e-02 1.0917065384e-02 -1.6076236649e-02 -1.3337707596e-02 1.2135930020e-01 6.5207867498e-02 5.2256427012e-02 -9.5524959896e-03 3.8696463899e-02 1.4501524067e-01 2.0147699272e-02 5.5101134441e-02 1.5719036007e-02 -6.8474307175e-02 2.1281937991e-02 8.4906481759e-03 5.6230400127e-02 -2.7899971739e-03 -7.4849481418e-03 -3.0257577503e-02 2.1598933112e-02 -1.0857768903e-02 2.9268058889e-02 1.2800242913e-02 -9.6745505366e-02 -3.5044966995e-02 5.4771324060e-02 2.4646662231e-02 3.5430813304e-02 -1.6296116864e-02 1.6957393531e-02 -1.7036200436e-02 -9.9250663848e-03 6.3732065201e-03 2.9251361109e-02 -3.9497010006e-02 2.8592459208e-03 -2.2358248393e-02 1.2788296799e-01 -6.2683594197e-02 2.8171857014e-02 -7.9194933845e-03 -3.9563037416e-02 4.1892559751e-02 -2.7552718860e-02 1.7164291917e-02 -5.3939173905e-02 -8.7794285920e-02 -3.1592809500e-02 -2.3590294280e-02 -1.3220844339e-02 -9.0633187218e-03 2.8401181946e-02 -9.9292980956e-02 1.9760858117e-02 -7.0439853087e-03 2.2250379358e-02
-5.6839465734e-02 2.2244246341e-02 -9.5315823870e-02 7.2979125526e-03 -1.2399867169e-01 3.4605747582e-02 2.5492854057e-02 -4.8430427625e-02 7.1123352707e-03 -3.0630887354e-02 3.0641897686e-03 -3.3894388482e-02 4.6550662155e-02 -1.6477642243e-02 -5.1908173527e-03 -1.0318158784e-01 1.0721467152e-01 1.8127074135e-01 3.7048225524e-02 3.6840876564e-02 1.0124528705e-01 4.4916203543e-02 1.3365844492e-02 5.9003048177e-02 -2.3728542851e-02 -9.9225355168e-02 5.5698333704e-02 2.8954102499e-02 3.8305210033e-02 -7.2741038420e-02 3.3383551043e-03 -8.0824170316e-03 -2.5625991113e-02 -6.7446598881e-03 2.5052106085e-02 2.0517460912e-02 1.8524033876e-02 -4.4719326316e-02 3.6885434152e-02 8.1296638150e-02 7.0800819531e-03 -2.5900230406e-02 -1.7842055155e-02 4.4620284107e-02 -3.8087328011e-03 2.0334877641e-02 1.5831763557e-02 -1.2276420395e-02 -2.0800303183e-02 -1.2342076650e-02 1.3525112103e-01 -4.4019885877e-02 -7.5588396372e-03 -3.4651945696e-02 -4.0838211022e-02 5.9850734713e-04 1.1359558862e-02 1.1772777014e-02 -4.1861008375e-02 -5.8395065637e-02 -8.4673224137e-02 -4.3624554874e-02 -1.6522076780e-02 -5.5540595242e-03 3.6787589868e-02 -1.2335774482e-01 6.9866435969e-03 -7.9710202688e-04 1.4684880359e-02
-3.7939872041e-03 7.1913943236e-02 -3.8990636559e-02 6.0011097798e-02 -9.6767011241e-02 4.8899496920e-02 -2.7819913319e-02 -3.7498192772e-02 1.7659237068e-02 -5.0387143695e-02 -1.7500336109e-02 -5.1160704968e-02 7.0849765448e-02 1.4678079533e-02 4.7439660869e-02 -1.5077235766e-01 5.8750775050e-02 1.2814418754e-01 -1.9768899003e-02 4.7204111438e-02 3.4573796501e-02 -6.8928335843e-03 5.0974000695e-02 6.7245291111e-02 -4.1738018590e-02 -5.4539097046e-03 1.0263625597e-03 3.0451837762e-02 4.4002181810e-02 -3.3272702287e-02 -1.5462795691e-02 4.9721736375e-02 -1.1845567688e-02 -2.6814163302e-02 -8.0132904673e-05 -2.2075078126e-02 1.0460434843e-01 -8.0927049305e-02 3.5060794191e-02 3.9086193172e-02 -2.3175403438e-02 -6.3984893088e-03 -4.7397110103e-02 -1.8435331737e-03 8.2688939233e-03 4.5619059404e-02 -8.5460692201e-02 4.9694435718e-02 -3.6811970748e-02 4.3473795801e-02 7.8855033969e-02 -7.0420225393e-02 -2.5264536132e-02 -5.3753772431e-02 2.6054387115e-03 -6.3512976599e-02 -2.2297619599e-02 8.2907015450e-04 -7.1486041267e-02 -1.0597794819e-01 -8.8441113773e-02 -4.1809994811e-02 -1.2524074960e-02 -1.4177113593e-02 3.4639639440e-02 -2.8097130485e-02 5.8478229919e-02 -1.6268896695e-02 4.8962254217e-02
1.2877742671e-02 1.0196392358e-01 9.0122508901e-03 1.5742241673e-02 3.4340962591e-03 4.1597571933e-02 -9.7157340153e-02 -2.9820282864e-03 6.9490739918e-03 1.8744375213e-02 -5.7448435062e-02 -1.5206152160e-02 5.9113125837e-02 2.8067746178e-02 9.6152106622e-02 -1.2252496082e-01 9.3081073441e-03 2.3779957537e-02 -8.7434852761e-02 2.5481035222e-02 -6.1689073687e-02 -4.4212568716e-02 2.6938077614e-02 6.5634508828e-02 -7.1885467965e-02 -3.0040490857e-03 1.4477782272e-02 -5.7220442945e-02 -1.4758457361e-02 2.5673619056e-02 1.4540650808e-02 5.8807232413e-02 1.5778519983e-02 -1.8978783448e-02 1.5993698147e-02 -8.7273810142e-02 6.3166269102e-02 -4.7044680637e-02 2.9470386743e-02 -5.4284533915e-03 -1.5135601934e-02 1.0394705090e-02 -5.1289510491e-02 1.5901315959e-02 -5.8145235380e-02 7.8742988212e-03 -1.4486246898e-01 -2.1399451220e-02 -3.2675357300e-02 8.5635087991e-02 6.4900539772e-02 -8.4222085867e-02 -5.3699960082e-02 9.4229168865e-03 -1.5676032305e-02 -5.7292911862e-02 -3.0450524982e-02 -1.4513120305e-02 -2.7543651677e-02 -1.3535750306e-01 -9.6119394927e-02 -3.3341608607e-02 3.6242237200e-02 6.0529142475e-02 -9.2291733031e-03 6.3434071310e-02 1.2332924612e-02 -1.4930496038e-02 7.1067890348e-02
-1.9836576749e-02 3.6746299032e-02 3.4887066225e-02 -5.7917005125e-02 3.5611888943e-02 7.9424276894e-03 -2.0111731818e-01 7.9311494618e-03 -2.2785454001e-02 9.2512046788e-02 -1.1513873207e-01 9.5895647266e-03 3.3035827022e-02 7.8995329530e-02 7.0810880956e-02 6.5715779475e-02 1.0776882097e-02 3.2235795373e-02 -8.5691956483e-02 2.0548976803e-03 -5.4649228627e-02 -5.6938294697e-02 7.3097203144e-03 2.4645117587e-02 -5.7231215498e-02 -4.2464283206e-02 -1.6752672312e-02 3.5348474183e-03 -3.9079937746e-02 7.7720877975e-02 4.8983934947e-02 3.8135749870e-02 9.7597295030e-02 -5.1070932406e-02 1.4168171042e-02 -1.0933376776e-01 6.6494760900e-03 1.2055923033e-03 -1.0505766136e-02 -5.1227549641e-02 5.2797109279e-03 -3.2151213259e-03 -8.0039645092e-02 1.8984335430e-02 -3.1859831605e-02 -2.0297982870e-02 -1.1630236543e-01 -1.5362839906e-02 3.8211528657e-02 2.6630569425e-02 1.5002437858e-01 9.3463953017e-03 -3.3518041673e-02 4.7013519263e-02 -7.0766041389e-03 -2.1943679757e-02 -7.1033421562e-02 4.0160755124e-02 -6.7475964161e-02 -1.3970741296e-01 -1.4558161198e-02 -3.1742553417e-02 -6.3055290533e-03 1.2857853679e-01 -1.7385685153e-02 4.5089045871e-02 -3.5275483224e-02 3.3770476619e-02 5.8279012145e-02
-2.9011203921e-02 -9.7681985358e-03 1.6106544974e-02 -1.1645281604e-01 5.0625019623e-02 -8.2751358362e-02 -8.1576873251e-02 -2.5998654320e-02 -4.3235724122e-03 7.9842023457e-02 -1.1392885474e-01 2.1557163892e-02 6.1173765572e-02 8.8695488917e-02 2.5442049277e-02 1.5476797385e-01 7.1656286970e-02 -1.7168144579e-02 4.0699176229e-02 7.0504566737e-02 4.4095773433e-02 -9.3859835009e-02 3.3313416396e-03 5.1842406689e-02 -3.4419108126e-02 -4.6073520022e-02 4.2313363076e-02 8.6527426885e-02 -6.0724976438e-02 6.6226104981e-02 5.6114395128e-02 6.0803574180e-03 1.0874809836e-01 -4.2646597519e-02 2.2901794276e-02 -6.1196701405e-02 -5.5368000546e-02 3.2928021659e-03 -4.5261235006e-02 -7.4304264188e-02 -5.2058042973e-03 3.6977038750e-02 -3.2552625006e-02 -6.3269403259e-03 2.2984138124e-02 1.3294493304e-02 5.1034337177e-02 -1.5489791403e-02 2.8437743165e-03 -2.7733031955e-02 1.4027037032e-01 1.5923666579e-02 -4.6899729711e-02 4.1979812373e-02 -2.5831381901e-02 -1.3535910862e-02 -9.4906134558e-02 3.0632183324e-02 -3.8047685764e-02 4.1302704141e-03 -4.1714259864e-02 -3.9478767200e-02 -5.2410801846e-02 1.1330147638e-01 -6.8014022100e-03 -5.9020139863e-02 -9.4438624518e-02 4.0443118771e-02 3.8746270248e-02
4.5692024141e-03 4.5083407913e-03 -8.0160867597e-03 -4.5938537356e-02 2.3921011751e-02 -5.6022636567e-02 3.5438837884e-02 -6.1137586735e-02 -1.6906098121e-02 7.5360907161e-02 -5.4186827496e-02 -1.3680856531e-02 1.0050422958e-01 3.0407563710e-02 -6.3576762255e-03 1.1467932113e-01 5.5084043302e-02 -7.4374129213e-02 7.9792587448e-02 4.9250275223e-02 1.4391166873e-01 -1.4509687517e-01 6.2646103468e-02 3.5787775994e-02 4.2685183072e-02 -7.9082740152e-03 9.2454226996e-02 9.0397846269e-02 3.0913620959e-03 2.2051780112e-03 -8.0554861128e-03 2.7523962101e-02 6.2448293998e-02 -5.0406081540e-03 -3.0135589760e-02 5.5853597861e-02 -5.3452710535e-02 -1.4054446032e-02 -8.4335592153e-02 3.9537947077e-02 -2.5191939120e-02 9.1259462977e-03 5.7299178451e-03 6.1618981403e-02 6.7713515911e-02 8.3451139304e-02 5.4052388234e-02 4.8200198069e-02 6.8837228177e-02 -3.9089172830e-03 8.3784114197e-02 5.1707518689e-04 -5.4300616376e-02 1.5237465103e-02 -2.8912324352e-02 -4.6295813996e-02 -1.4551241402e-01 2.8237925521e-02 -3.0556635101e-02 1.3087417221e-01 -5.0643788608e-02 -4.7754120740e-02 -6.8036518845e-02 6.4045327812e-02 5.1041125947e-03 -5.7000558292e-03 -8.6337793249e-02 3.6639995594e-02 1.8686476205e-02
7.8077374876e-02 5.2115069920e-02 -1.1137871233e-02 7.6537014912e-02 1.9868068642e-02 -3.4497806617e-02 4.6469153408e-02 -9.0051657216e-02 -9.5078767527e-03 4.2069723377e-03 -8.3950528694e-04 8.1861719969e-03 2.5347726645e-02 -1.5186319958e-02 -1.0960758061e-02 -6.4269604295e-03 2.8131146107e-02 -1.9830425048e-01 4.7148334763e-02 -2.7658259167e-02 3.7429141731e-02 -1.0287968642e-01 8.5212585634e-02 -2.4476919494e-02 6.2170276931e-02 -8.3457284740e-03 5.3058834917e-02 1.1790703455e-02 4.8949820088e-02 2.4270344435e-02 -3.3366434205e-02 6.0616582421e-02 2.2786424209e-02 4.3703791957e-02 -5.5708305206e-02 1.1298632090e-01 1.3881434703e-02 -6.9271838259e-02 -8.6721134195e-02 4.9037290725e-02 -1.6593441668e-02 1.8337284255e-02 2.1768320381e-02 4.5759036655e-02 5.7315660038e-02 9.2344517024e-02 -7.3343377395e-03 8.0445318067e-02 5.4112580599e-02 7.9970369197e-02 -2.2448029503e-02 -2.3848108371e-02 -6.3572157389e-02 -3.5469922355e-02 -3.9664476616e-02 -1.7425123460e-01 -1.4461385251e-01 -2.1299679376e-02 -6.3745399603e-03 1.8261130078e-01 -6.2108812748e-02 -4.0412147130e-02 -3.1088263663e-02 -8.0072424257e-03 -1.8395639047e-02 5.9958973795e-02 2.7773765004e-02 3.2739200487e-02 1.2063617594e-02
5.5507401649e-02 7.2313776020e-02 4.3627292519e-03 5.7158479983e-02 -3.8215209267e-02 2.4112278658e-02 -8.7834366650e-02 -6.5420668023e-03 -2.2987390154e-02 -2.1783899883e-03 1.1134065184e-02 4.3576022025e-02 -5.3267242942e-02 -1.0571244398e-02 -3.1259181448e-02 1.0750268974e-02 4.2277820531e-03 -1.2192965673e-01 -2.0134134701e-02 -3.4604781540e-02 -7.2946709799e-02 6.8459769676e-02 2.9238806596e-02 -5.7913629620e-02 5.1608288446e-02 -1.1332189894e-01 1.5677330389e-02 -2.1267957746e-02 9.3781637902e-02 6.8554423357e-02 1.1602690337e-02 8.0311742757e-02 3.7313513207e-02 9.5610283838e-02 4.6428846036e-03 1.2086833169e-01 2.5200916970e-02 -5.5515574681e-02 -2.2031347308e-02 -3.1024729472e-02 5.4683351157e-03 -5.4258708008e-02 8.5888441335e-03 9.7880582293e-04 -7.0027080127e-04 -3.5618830957e-02 -1.2250577917e-01 6.2207627420e-02 -1.1757920192e-02 1.3889424309e-01 3.0748267624e-02 6.1112114903e-02 -5.0639818836e-02 -6.9498467803e-02 -4.8304983863e-02 -1.7232643278e-01 -1.3736312260e-01 -5.4659622588e-02 -4.6832622771e-02 1.3851181345e-01 -1.1322155323e-03 -5.8413632627e-02 2.1470691862e-02 -4.3230558838e-02 3.1106095976e-02 3.3325489767e-02 1.1692643138e-01 2.6137233705e-02 1.3472697735e-03
-6.1099099116e-02 -3.1627690189e-03 -1.2739737554e-02 -7.4906043590e-03 -8.4422559569e-02 1.2264983123e-02 3.2953808061e-02 5.5427250155e-02 1.0280542734e-02 2.6747033685e-02 -2.2797107840e-02 7.4868507221e-03 3.5744911420e-02 -3.0062162889e-02 3.8637474249e-02 9.5137185560e-02 2.0388431721e-02 2.2368369160e-02 -6.0853870996e-02 -2.2136190693e-02 -3.2466860810e-02 1.2502545290e-01 -7.4656851842e-02 -3.5914355942e-02 -5.7235112984e-02 -1.2038046706e-01 -2.0629472603e-02 -4.4993313373e-02 5.0734783524e-02 2.0816546592e-02 3.3674484209e-02 5.9738931988e-02 9.6146826198e-02 6.0205151479e-02 4.7580925580e-02 1.2367893655e-01 -1.1411286878e-03 -4.8860054335e-02 6.2671140181e-02 -1.1335110462e-01 8.3108850634e-02 -7.9015282802e-02 2.4940954590e-02 9.4264049002e-03 2.1708387901e-02 -8.4545745813e-02 -2.6638871448e-02 1.6610472255e-02 -5.3646999508e-02 1.7936882756e-01 4.4264375997e-02 4.9044110872e-02 6.7139466117e-02 3.2060214659e-02 6.2460658570e-02 -4.0473213903e-02 -9.1929058722e-02 -1.6209994561e-02 -5.2741740560e-02 6.8302059110e-02 3.7979896418e-02 -1.6349586709e-03 4.4997522307e-02 3.5950302631e-02 -3.0070669781e-03 3.9659136081e-02 8.4613598152e-02 8.0004090151e-02 -1.4759551827e-02
9.4940098167e-03 -4.5800834646e-02 -7.0560172734e-02 3.5713821670e-03 -2.3398693494e-03 -2.7789832927e-02 1.7098935870e-01 5.0279514821e-02 4.0805216227e-02 2.1432059269e-02 -8.3518369639e-02 -6.6148487279e-02 1.0218800958e-01 -4.7810752229e-02 1.2093324980e-01 2.7109893459e-02 5.6328185634e-03 7.5874878473e-02 -2.6620890402e-03 1.1991257889e-02 6.5643412469e-02 1.0638575192e-01 -7.8460552340e-02 3.8274470365e-02 -6.1503869222e-02 -1.6845596905e-02 -5.3172107371e-03 8.9918600057e-02 2.4421026798e-02 -3.9100317172e-02 -1.4557326900e-02 8.8297106943e-02 -3.9398364314e-03 4.1753078332e-02 -1.3525761414e-02 8.2262169831e-02 2.4887782548e-03 1.2787917552e-02 1.2669848180e-01 -6.6096974874e-02 4.4187815600e-02 -3.0091000235e-02 2.9511547898e-02 -3.2371538567e-03 1.8738664293e-02 -5.0650715623e-02 -4.3614570429e-02 -1.8682882470e-02 -6.0634273988e-02 1.5928796445e-01 -2.3186919108e-02 5.8141720484e-02 9.9883768322e-02 4.0752100802e-02 4.2087195278e-02 1.2976515737e-02 2.0339208939e-02 -1.6962485972e-03 -3.1341693623e-02 1.5858359804e-02 -2.3133303972e-04 4.2457756031e-02 2.6407973601e-02 1.3211752478e-01 -1.1397330386e-02 5.0222533741e-02 2.0917385267e-03 4.2095660866e-02 1.9579037440e-03
1.2472020344e-01 -8.0390261493e-02 -5.9962404353e-02 -6.9299367853e-03 9.6281879638e-02 -1.0061465653e-01 5.1136284769e-02 -6.2264219326e-02 -4.0536154404e-02 2.3945189896e-02 -7.1817308024e-02 -3.3661453585e-02 7.7202850403e-02 -1.1475424391e-01 1.3255477036e-01 -1.3012785784e-02 2.8711801141e-02 -7.5193688106e-02 5.7734839432e-02 -4.3470320580e-02 4.4346187414e-02 9.5047115752e-02 -5.0856691019e-04 6.3013828096e-02 -9.0929357947e-05 5.4809504201e-02 1.0202081601e-02 -4.6247514110e-02 6.8797868034e-02 6.3230772546e-03 -3.2876830435e-02 6.4020178910e-02 -1.6709495156e-02 -4.9262944744e-02 -1.4515885964e-01 5.8948511554e-02 -1.9390781517e-02 3.8293492461e-02 1.2422467874e-01 -5.1184242417e-03 1.4753530762e-02 -4.1600167423e-02 3.5193183473e-03 4.6331526614e-02 3.2921497798e-02 -5.9198736081e-02 -5.6845948968e-02 -3.4659414979e-02 2.9348124408e-02 5.3684075042e-02 -1.2881033848e-02 1.0492469248e-01 4.3235642471e-02 3.9044776135e-02 -5.8079303306e-02 -6.0822468400e-03 1.0728547005e-01 2.2278902395e-02 2.4905343452e-02 7.9701026557e-03 -4.3706883796e-02 6.9006647807e-02 -1.0585886623e-02 1.0353329999e-01 -1.1178395707e-02 5.0057726703e-02 -1.6981249262e-02 -4.9640805308e-02 -3.4742463747e-02
5.8845041591e-02 3.7187998674e-03 6.7886644597e-03 -4.6035457697e-02 6.6481204018e-02 -1.2686039347e-01 -5.2573228496e-02 -5.0922802243e-02 -1.1271904081e-01 3.3696984060e-02 -8.0349011381e-03 4.5989571871e-02 3.3126542088e-04 -3.8402241174e-02 1.2025145619e-01 -5.6619741344e-02 9.6302725329e-02 4.0024558993e-02 1.0042472163e-01 -5.5358909950e-02 -4.3654754794e-02 8.8560702568e-02 7.6911957098e-02 -5.8220345615e-03 1.8911116307e-02 5.6318839256e-02 2.7875285403e-02 -6.5484937324e-02 5.1076346205e-02 5.3941307175e-02 8.8983366348e-03 1.2963950370e-02 -8.3237088867e-03 -3.8002848531e-02 -1.2396464821e-01 6.8077081828e-02 5.2534785391e-02 -2.0300350829e-02 7.6151034656e-02 2.3141202100e-02 1.8929568862e-03 2.9255362659e-02 -3.4345913012e-02 8.3976356299e-02 -2.6149816333e-03 -4.8173452677e-02 -5.0433655176e-02 -6.3686791465e-02 4.6962481791e-02 -5.4485641297e-02 9.7832472126e-02 1.4200944584e-01 7.4213279852e-03 -3.7457063950e-02 -8.6886375110e-02 7.9454534678e-03 8.3293991302e-02 5.0719897450e-02 4.1422786610e-02 -6.8030187982e-03 2.5480444394e-02 1.8590520760e-02 -1.4678670925e-02 4.6447961928e-02 -1.4959887362e-02 -3.5735636952e-02 2.1444745577e-02 -4.8406241267e-02 -3.1519457954e-02
-8.8664048855e-02 7.8312185055e-02 6.8678736608e-02 2.8303689761e-02 -1.0879655842e-02 -9.0923140698e-02 4.1197021243e-02 6.3779710903e-02 -8.9947150675e-02 9.0814427404e-03 5.8822031713e-03 8.8915329704e-02 -4.8320706413e-02 6.1502829838e-02 7.7294540656e-02 5.8620951754e-03 7.6957927798e-02 -3.3397944821e-02 8.2200931913e-02 -4.5636768953e-02 -4.8491470029e-02 5.2311491510e-02 9.7904399009e-02 -9.7835470290e-02 -2.4217860705e-02 4.2750174361e-02 6.6431407356e-02 -2.7036784097e-02 -2.4865056188e-02 2.9277446701e-03 1.2140223426e-01 -2.3014793047e-02 1.5930266463e-02 2.4664823445e-02 -7.3613090623e-02 8.7642312395e-02 7.6205278117e-02 -6.1897579441e-02 6.4948044208e-02 -1.9792269206e-02 -2.2411939987e-02 7.5252136088e-02 -2.5189967923e-02 4.7117958170e-02 6.3481982731e-04 -3.7384489215e-02 1.9025142540e-02 -6.8703685000e-04 4.9945588407e-02 -5.2569578596e-02 7.4672510000e-02 8.1609793235e-02 7.9513029152e-03 -4.3196302576e-02 -5.7511438576e-03 -4.9850734384e-03 5.2592464663e-02 6.0352547989e-02 1.7064348250e-02 -4.2141451492e-02 4.8970211236e-02 -1.2100892252e-02 3.6282731739e-02 -9.9679938458e-03 2.5331237035e-02 -6.0708962475e-02 1.9182970197e-02 -7.5217635999e-03 -4.9998367166e-02
-8.4661664033e-02 6.7705932961e-02 -2.6591761172e-03 1.3178370577e-01 -2.7273294406e-02 -4.7414727154e-02 1.2451169477e-01 1.0000361090e-01 7.3976273886e-02 3.0503833701e-02 -3.6267009589e-02 3.3803248379e-02 -7.8694921631e-03 5.4437374456e-02 3.3795720452e-02 -5.6698279775e-03 3.1970123525e-02 -6.6445122124e-02 2.6949231506e-02 -4.7966680722e-02 -3.8567576530e-02 -4.3207627290e-02 7.8882697402e-02 -9.3984870856e-02 -6.4625291843e-02 9.5259504973e-02 7.1037524043e-02 -5.5880322273e-03 -4.9936805138e-02 -2.6639538961e-02 1.1154230328e-01 1.8555771079e-02 3.2278733622e-02 1.9859555626e-02 -3.4984679941e-02 4.1185003244e-02 3.6654607698e-02 -4.8013296088e-02 3.7810127813e-02 -2.4270150326e-02 2.0963974720e-02 9.1456044463e-02 -4.0383632755e-02 3.5361183065e-02 -3.3829783271e-02 -1.6595113136e-02 1.2206422711e-03 7.0911137285e-02 6.7112180365e-02 -6.0434942492e-02 2.0993890700e-02 2.6677859957e-02 2.7109279914e-02 2.2991735149e-02 7.0678186719e-02 -5.1747685991e-02 -2.0852078124e-02 4.0310657227e-03 -5.4331571791e-02 -1.5074098372e-02 3.4429824322e-02 -6.2470130027e-03 5.9092115768e-02 -2.3480752216e-02 -3.7057564509e-02 -1.3934019662e-02 4.6347143150e-03 -3.6137454404e-02 -8.4403036066e-02
-6.0882908573e-02 -1.1207897867e-02 -7.8237865693e-02 7.2071945988e-02 2.5435802290e-02 3.8338191462e-02 1.1924147385e-02 9.0671048094e-02 1.2690255725e-01 4.0762960141e-02 -7.7519536361e-02 1.2817211217e-02 -1.9652319500e-02 1.5459301557e-02 -2.6876205223e-02 -1.9753593048e-02 -2.4943895387e-02 -6.6493963255e-02 2.9209382928e-02 -9.0480988923e-02 -2.5002773683e-02 -1.1387915893e-01 1.0628116239e-01 4.2152282385e-02 -1.5222845585e-02 1.0271322551e-01 9.5189087854e-02 -2.0336372951e-03 -7.3084129527e-03 -1.2846514192e-02 3.3764398048e-02 4.1082478967e-02 8.9926217559e-03 -2.6046074923e-02 -9.3499921456e-03 -1.8371876478e-03 -4.0342707393e-02 -4.3054915639e-02 6.5495340054e-02 -4.0071422733e-02 -6.1006543626e-03 8.9003913369e-02 -2.1945143244e-02 -4.9317912010e-04 -7.5858749008e-02 -4.2955452078e-02 2.8534082597e-02 1.2177332011e-01 2.3930957134e-02 -5.5143166324e-02 -7.5283864023e-02 5.5518691380e-02 2.5840249107e-02 2.7695932306e-02 4.6303745042e-02 -7.2032144338e-02 -4.2840390063e-02 2.8013438671e-02 -1.3631255216e-01 -7.8335196278e-03 4.6552298098e-03 2.4399198129e-02 5.4097272015e-02 -3.1503687165e-02 -1.2097076423e-01 -6.4845659273e-02 -2.6321512379e-02 -2.2986012316e-02 -6.5996407543e-02
3.6023512761e-02 -7.4093875537e-02 -8.4271225846e-02 -1.3497779801e-02 4.8159430099e-02 6.1117768200e-02 -3.5707656014e-02 -2.4139159625e-02 1.1593416354e-01 1.6036389473e-02 -3.8086961830e-02 -2.9853875552e-03 -4.1643567936e-03 -4.9790076683e-02 -5.0954549060e-02 -4.7695118487e-02 -8.4532559674e-02 1.1980523470e-01 -7.0727049061e-02 -4.3404592511e-02 -2.1761163803e-02 -8.6758805863e-02 7.6129708071e-02 6.0640404627e-02 -3.6717966728e-02 5.4142318102e-02 3.6484169567e-02 5.6593841052e-03 3.6709301776e-02 -8.3758319979e-03 2.5400587107e-02 2.7834642465e-03 2.3574272145e-03 5.2534487131e-03 -5.5834508808e-02 -2.9349272900e-02 -4.6014353180e-02 1.3596240432e-02 5.0601999765e-02 -3.3770665448e-02 1.8528315969e-02 -2.3695549242e-02 -6.7083216179e-02 3.2781741918e-02 -2.7817455907e-02 -7.4904353906e-02 1.9115394755e-02 7.3102335346e-02 8.2919554759e-03 -9.0958006700e-03 -1.4161726163e-01 7.4943970618e-02 -1.3002751605e-02 1.6893087653e-02 7.5785351883e-03 -3.2124812536e-02 -3.8391733369e-02 -1.1386074591e-02 -8.4421895029e-02 4.6125832958e-02 -7.2753566651e-02 4.1524823385e-02 5.8393209898e-02 -1.3338447065e-02 -7.7463896413e-02 -1.0640931643e-01 -1.3183849225e-02 -6.3852828165e-02 -5.5959224009e-02
5.4242387726e-02 -7.5863876980e-02 -2.6045924230e-02 -1.2148943137e-01 9.3282127377e-02 4.5881074529e-02 -5.2169533149e-02 -3.3733511297e-02 4.0511571460e-02 7.6072704051e-03 -4.4240477452e-02 3.5769930269e-02 2.0592882639e-02 -7.3677703683e-03 -2.0452349244e-02 -5.5577140981e-02 -1.0360225351e-01 2.8758772504e-01 -7.5259426227e-02 -1.5236226089e-02 -4.2609352046e-02 -3.6635614080e-02 4.8773757254e-02 5.3135707244e-02 -5.1808101346e-02 -2.4769441008e-02 5.3867191667e-04 -7.4539350089e-02 7.7233973089e-02 5.7733788625e-02 3.4060239776e-02 -3.9398038210e-02 -2.5611109019e-02 -7.6123420325e-02 -3.8487182416e-03 9.7662805873e-04 -6.9826729062e-03 -1.0230985736e-02 4.3874017356e-02 -1.0095554527e-02 3.6855130577e-02 -2.9542910340e-02 -5.2663871198e-02 1.5355608727e-02 2.5290886872e-02 -4.4286752097e-02 1.6705312128e-02 -9.8915625058e-02 -6.4315762189e-02 9.4613078847e-03 -2.2600082099e-01 1.2169625775e-01 -1.5243765931e-02 1.8148812594e-03 -2.0672758181e-02 1.3749551863e-03 3.1461718496e-02 9.9562574326e-03 -1.0989049745e-01 1.0252674319e-01 -4.1596987247e-02 5.6026281293e-02 2.3561555380e-02 -3.5640245976e-02 -3.5588368823e-03 -7.4013771003e-02 -5.5742804546e-02 -1.2360806152e-02 -3.7763659835e-02
-4.6932900180e-02 -3.1570260452e-02 -1.3008792162e-02 -8.5156642091e-02 2.3530325914e-02 -4.4018919459e-03 -2.4821262872e-02 -4.0397098919e-02 -8.9111643784e-03 1.0584555478e-03 -1.0535905287e-02 -1.6887134732e-02 -6.4556177915e-02 -1.1985284850e-02 9.5583448888e-03 1.4892264061e-02 -3.2170382966e-02 -1.0231107216e-02 -4.7346871414e-02 -3.9790367051e-03 -4.0107962002e-02 -2.6652661599e-02 5.7838771421e-02 2.3685298373e-02 -3.3799554608e-02 -1.2497625206e-01 -6.4650845587e-02 6.2547858959e-02 3.9505367297e-02 -1.9096962542e-02 6.0939324254e-02 -2.1667338328e-02 -2.1701874445e-02 -1.2596589409e-01 -8.3039180863e-02 3.1843445694e-02 -4.9969153129e-02 4.5395060535e-02 1.4956043683e-02 5.5292119535e-02 -7.6100287217e-04 -8.9416634757e-02 -3.0227998883e-02 5.0235462819e-02 2.0078996784e-02 2.0550540441e-04 -6.8023811676e-04 -1.5413828222e-01 -1.2672483446e-01 -7.7819402044e-03 -2.4394974222e-01 2.2878905268e-02 -7.3290311735e-02 -6.7474649320e-02 -7.2909692883e-02 9.6988854469e-02 -1.7020845610e-02 -4.7796939839e-02 -1.4909028435e-02 1.0000843094e-01 -5.4722081797e-02 2.0675858285e-03 -5.9817343117e-02 -7.5534339795e-02 -1.3067532770e-02 -5.7768731445e-02 -1.5655533660e-02 -1.2107273029e-02 -4.3510282319e-03
-1.1141264780e-01 -4.1461516454e-02 1.5195979815e-02 -8.8148654703e-02 -3.8193840078e-02 3.8469686764e-02 2.4340579717e-02 -6.0684339788e-02 -9.9025729207e-03 -4.0206095706e-02 1.6733863755e-02 1.8138682564e-02 3.9255030618e-02 -5.7417921179e-02 7.5148318679e-02 2.4082575384e-02 -5.0765009230e-02 5.8301944067e-02 -1.7865349447e-02 5.8583860364e-02 -2.7089082838e-02 2.1898610860e-02 -6.7781380819e-03 -7.4314401853e-02 -2.3892291897e-01 -1.5728862912e-01 8.2526421657e-02 1.6107057911e-02 -2.1003300863e-01 -2.0473919181e-02 5.3595937376e-02 3.5854231868e-02 2.4732720751e-02 -2.7374384604e-01 4.6460547895e-02 1.0706176630e-01 3.8070554762e-02 -9.9637830259e-03 9.1734756843e-02 5.7103633601e-02 3.0514667001e-02 -3.5312630670e-03 -7.1579417021e-02 -1.0910408983e-01 1.1362528563e-01 1.2160820291e-02 8.7466124485e-02 -1.8760013183e-01 -2.8019876859e-01 7.4500934615e-02 -4.3201038911e-01 -1.2640183639e-01 -7.2035806071e-02 -4.2641611408e-02 1.3204030683e-02 -2.8922048599e-02 -6.3466626827e-02 -5.3538604445e-03 -6.8222804611e-03 8.9257963271e-02 -4.9706396280e-02 -2.4536421553e-02 9.5689274974e-02 3.7326785804e-03 -8.3341592615e-02 -1.3178858420e-01 -1.1014536144e-02 -1.6283936227e-02 -1.0280432589e-01
-9.6638977984e-02 1.1037537449e-01 -2.3310828590e-01 8.6255930229e-02 7.7922676356e-02 1.8177824512e-01 -1.8567470459e-02 7.5958385363e-02 -1.0153785655e-01 7.3955334349e-02 -1.7598224609e-02 2.9145558885e-02 -3.2368504587e-02 -5.0409019121e-02 2.4561317199e-02 1.5549210088e-02 3.3116694191e-02 3.0351472753e-01 -1.0623766021e-01 -9.2425130526e-04 -5.1208389401e-02 -3.8958205277e-01 8.4249241194e-02 -2.5477600370e-02 -1.5063453983e-01 -7.6505134593e-02 -2.2477370270e-01 6.6796773272e-03 -3.0459980118e-02 1.0626731988e-01 7.2176225567e-02 7.6982219041e-02 -1.9776930883e-02 -9.6167847551e-02 2.3501557197e-02 1.1398716431e-01 1.4812401585e-01 5.6970658916e-02 9.2063782826e-02 1.9406832031e-01 2.0203568600e-01 -1.2394928079e-01 -5.3277042633e-02 2.4714653733e-01 2.2272671229e-02 1.7239520798e-01 5.6336762307e-02 -5.2349553442e-02 -1.7144572304e-01 -1.3007982757e-01 -3.4092572728e-01 -6.9728929602e-02 -7.8757738808e-02 1.5623040844e-02 1.0454146906e-01 -5.9094073108e-02 -1.4430877879e-01 2.5491464969e-02 2.4040696889e-02 -6.0521275714e-02 4.1915851372e-02 1.2263928932e-01 -1.5730823367e-01 3.9543225590e-02 -2.4813830470e-02 5.9901507051e-02 -1.7047410491e-02 -4.7279186926e-02 -1.4505827102e-02
-5.7160224252e-01 1.0428201845e-01 -2.6818195275e-01 -2.8779017305e-01 4.0052595662e-01 1.9569480170e-02 -3.1774176132e-01 1.3790473043e-01 2.5574045325e-01 -3.8235929977e-02 -1.7012872355e-01 2.9853659910e-01 -1.4496677527e-01 -5.3907526105e-01 3.6235234745e-02 -3.7436587246e-01 9.6460309871e-02 -1.3623211299e-01 -3.8256562881e-01 -5.8617193628e-02 -3.5425981745e-01 -1.6735928606e-02 3.0023856427e-01 4.0011719407e-01 -4.1148287856e-01 -2.6756339760e-01 2.8778972047e-01 3.6336319374e-01 4.6336275103e-01 2.7598216989e-01 5.0462504014e-01 4.6972727237e-01 9.4222028798e-02 -3.9752426042e-01 4.6528013198e-01 -6.7012371908e-02 4.1564344063e-01 3.4885438189e-01 2.5898370761e-01 4.5514963258e-01 3.5732353696e-01 7.9638193548e-02 -5.6149275699e-01 -4.5578752254e-01 3.4558880545e-01 -1.4850825230e-01 -2.3737540304e-01 -4.8833310792e-01 3.3951242341e-01 4.1091784478e-01 -4.5417128425e-01 -5.7953872477e-01 -2.7050800779e-01 2.3300231459e-01 -3.6024863728e-01 -5.7811044072e-01 -3.8851088646e-02 4.7932215685e-01 -4.9923678760e-01 5.6843316302e-01 -5.2390163934e-01 3.7854004764e-01 -1.8849307343e-01 -4.6251013410e-02 -8.8984940517e-02 -3.7632154813e-01 1.5427103825e-01 1.8521010448e-01 -3.3311105925e-01
3.5295040322e-02 -1.8719761217e-01 4.2058727410e-01 3.6458817626e-01 -3.7804437123e-01 3.9196576181e-01 -3.7201178919e-01 -2.7633968106e-01 -3.0783872738e-01 -5.0619144783e-01 -3.3487273319e-01 2.2198571827e-01 -3.0755493414e-01 -3.4675908714e-02 -4.3080698579e-01 -7.3697862230e-02 1.2100277804e-01 -1.6287754158e-01 -3.0697726254e-03 2.7953283838e-01 4.2932836842e-01 1.8906317259e-01 2.6856979021e-01 3.6699824130e-01 -1.3246345590e-01 2.3110663107e-02 -5.6635772629e-02 -3.0479573338e-01 2.8678121568e-01 2.4187681084e-01 -7.6004846601e-02 1.8103186266e-01 8.9503069695e-02 -4.8607944563e-01 3.0623840422e-01 -1.4383282748e-01 2.1843324135e-01 -2.8395718063e-01 -5.5304661886e-03 -1.9484275500e-01 3.0338668508e-02 -3.3869448033e-01 -3.4605742933e-01 4.3637606728e-01 3.9878907311e-01 2.0930980887e-03 -6.3833059813e-02 -2.6955017959e-01 3.2143693854e-01 -3.5323771486e-01 4.2651556296e-01 -6.6907073559e-02 -2.8496731342e-01 3.9196464163e-01 -4.1428485232e-01 -1.0915763950e-01 3.6331381114e-01 -4.7175520370e-02 4.4950827451e-02 -4.3357238030e-01 -2.0649808806e-01 1.9181618731e-02 -3.8936180320e-01 -2.8789659380e-01 3.5925527129e-01 -6.0067867724e-02 -4.3086971806e-01 -2.1657077478e-01 4.2474288342e-02
9.8532362022e-03 1.9799820348e-01 7.3264820739e-01 -7.9466182090e-02 1.3326667877e-01 1.1105924427e-01 3.9834013166e-02 -2.2277689249e-02 -1.6772413920e-01 -1.3730711318e-01 -4.1337629940e-01 1.3830508533e-01 -2.2619328132e-01 1.2436197727e-01 -1.0765854407e-01 -8.6783841048e-02 -5.5771642617e-03 1.2686832086e-01 1.3386638640e-03 1.0413776749e-01 -1.5634830916e-01 8.1175260096e-02 1.9189747151e-01 9.6232993814e-02 -9.9340644759e-02 5.3075754698e-02 1.4592788773e-01 -3.6903459934e-02 -2.8147154679e-02 -1.4287215382e-01 -9.2941925830e-02 1.3474171557e-02 1.1785019515e-01 1.9316160110e-02 1.5434960269e-01 3.0493377266e-01 2.6411497041e-02 9.3839361965e-03 7.5368424006e-02 -2.3315557163e-01 1.6817553151e-01 3.5111234045e-02 -2.2714046757e-01 -2.9063633209e-02 3.5843970761e-01 -1.0474186968e-01 -5.9819433070e-01 4.7311567996e-02 1.2333960664e-01 -4.8952322237e-02 3.4175193598e-01 -8.3117649851e-02 -1.3661304289e-01 4.9439222086e-02 -3.8395433987e-02 -1.0162261474e-01 1.4980948098e-01 -1.2544393229e-01 2.0868426530e-01 -1.0181836235e-01 -1.1343666729e-01 -2.9101034891e-01 6.8926708252e-02 1.8564799993e-01 -7.1030558110e-02 1.6286296726e-01 1.6210733571e-02 1.4502456711e-01 9.3664878119e-02
-1.5751790175e-02 1.5954441265e-01 7.2684865909e-02 -1.3148324695e-02 -7.5319693749e-02 7.0585404808e-02 -1.0135977689e-01 -6.8632383870e-04 -8.3475618652e-02 -1.7102492548e-01 -9.6572939536e-02 1.1569335336e-01 3.2732532179e-02 3.2740024377e-02 -1.2081301956e-01 2.0167052815e-01 -9.1696225978e-02 -1.3221917089e-01 -7.4003364089e-02 2.3391632918e-01 3.1593107644e-02 2.3937223546e-02 -8.7739743033e-02 3.0072715779e-03 -6.7145137561e-02 2.1104421076e-01 1.3720351734e-01 -4.9170851601e-02 1.2310049022e-01 -2.9195518445e-02 -8.7280905533e-02 -5.0836300157e-02 2.5112855210e-03 -8.3959821473e-03 1.2786696937e-01 2.4419576997e-01 -1.1526237061e-01 6.4594894477e-02 1.9640873598e-02 4.8079726985e-02 -2.6561107718e-02 -4.5194671835e-02 -5.3743291974e-02 4.9098801082e-02 9.8783888674e-02 -4.8132287823e-02 8.2646188871e-03 1.4115664499e-01 -1.4961948275e-01 5.9240770223e-02 -3.9848694973e-02 -5.3615590220e-02 6.6178126954e-02 -4.8391599303e-04 6.3076762912e-02 7.6718163138e-02 4.3200244953e-02 1.0402564166e-01 -5.4846350482e-02 5.6646586107e-02 2.2138169792e-02 5.3346314199e-02 -3.5762073080e-02 -7.2044405329e-02 2.2274152935e-01 -3.3832599933e-02 -2.0809897609e-01 5.2508486489e-02 -6.0268024741e-02
-1.7055212571e-02 1.7131840265e-02 -3.0674940301e-03 6.3861878641e-02 2.1512620963e-02 1.7470192682e-01 -1.1734778850e-02 1.4347884621e-02 1.6580311874e-02 -8.8178754877e-02 6.6254321865e-02 -2.6149749115e-02 -4.3852343909e-02 -8.2177537665e-03 4.7602249767e-02 3.2507795825e-02 -1.0300779001e-01 -2.4878310735e-01 5.8497739347e-02 -1.2108183278e-01 1.2686231132e-01 -1.2632805119e-01 -4.3001206775e-02 2.6444177957e-02 -7.8252564759e-02 3.4298792434e-01 -2.1161592988e-02 -4.2001197446e-02 -2.6604092250e-02 7.2678544561e-02 -4.4090118383e-02 6.8042706265e-02 -1.9685880097e-02 -6.6794679832e-02 1.3853690502e-01 2.6235325521e-02 -6.1317929682e-02 4.5312880064e-02 3.2709730609e-02 3.5042410250e-02 7.9528092949e-02 -1.8901186062e-02 -3.4474712302e-02 -4.2879615552e-02 1.0497614598e-01 3.2202966881e-02 3.4163144522e-02 2.0878813826e-01 -8.4329514465e-02 5.7614099420e-02 1.0225076301e-01 -5.1825897146e-03 -3.3024815737e-02 -6.6142230858e-02 3.8395239046e-02 5.9875386417e-02 -6.1371949192e-02 1.1755442191e-02 -2.6456024300e-02 5.1287570027e-03 6.7988845397e-02 3.9234564461e-02 -2.6041209422e-02 2.8689572541e-03 8.7426304884e-02 2.3349048324e-02 1.3845606286e-01 -3.0747633019e-02 -3.7360037895e-03
4.9327573306e-02 2.0906995560e-02 4.0943226107e-02 1.2126757367e-02 9.5244650206e-02 4.6652013174e-02 -9.6801045731e-02 5.1660749237e-02 -3.5890520000e-02 -1.0944231296e-01 2.0841219927e-02 1.0879492828e-01 -4.8678638836e-02 1.9166743366e-02 -5.3299714805e-02 6.0254506242e-02 1.2941907625e-02 -1.4409236642e-01 9.3557334798e-03 -7.7335801338e-02 9.7813681826e-02 -2.3731221572e-02 8.2122392333e-03 5.3824698972e-02 -3.3779251521e-02 1.9850499998e-02 2.8668834760e-02 2.0451337225e-01 4.7000335625e-02 7.4361737491e-02 -6.4491534488e-02 -2.3763239194e-03 -7.6441626300e-02 3.1363121394e-03 5.1419797217e-02 8.3119318412e-02 -1.4146276658e-01 9.7320946310e-02 2.2475854692e-02 -8.8282468289e-02 -4.6143857494e-02 -6.6635734197e-02 6.9591949729e-02 1.2490017066e-02 -1.6449265564e-01 -1.2364721901e-01 5.4857438289e-02 1.6442832606e-01 3.1865118689e-02 7.8210537253e-02 1.1940746629e-01 -9.5905960332e-02 -1.0640484949e-02 -1.1505483522e-02 -1.1351980870e-01 -5.7099763009e-03 8.6536743024e-02 8.9073821803e-02 -1.2619409716e-01 -1.2784542931e-02 5.9890854590e-02 -3.8989133185e-03 5.2359895849e-02 9.7734407626e-03 1.0963774447e-01 1.6661813259e-02 -1.0809553286e-01 -5.0083083140e-02 3.0114439962e-02
-4.7674535540e-02 -6.4426214804e-02 5.0882632531e-02 -6.3802929914e-02 -9.4051274508e-03 1.3626352496e-02 -7.4490980501e-02 -1.7799502331e-02 2.3769774556e-02 -1.6296441282e-02 1.8800950677e-02 9.3803669724e-03 -4.9665538227e-02 7.2822152589e-02 -5.7694687107e-02 4.7065452725e-02 9.8263479368e-02 2.0504838934e-02 -4.8268078191e-02 -7.2402145849e-02 4.8872035073e-02 1.2929466422e-01 3.0581088248e-02 3.6145284807e-02 -4.5016624524e-02 -2.6510633921e-02 4.8422633531e-03 -3.5958261922e-02 7.5876197489e-03 -3.1923282583e-02 2.6579836424e-02 -7.9524816359e-02 -1.1599212973e-02 -7.1195397652e-03 -1.9487316399e-02 7.3597202563e-02 -5.4602138046e-02 4.2202371670e-02 2.5987743976e-02 -6.7809840291e-02 -2.7183139202e-02 -2.3993870471e-02 -6.5571210675e-02 -3.7628840793e-02 -4.7924761303e-02 -3.8483400568e-02 1.0485610018e-01 -9.0046338357e-03 4.3396625540e-02 8.7055708834e-03 1.1261381222e-01 -5.3699516487e-03 -2.4130103904e-02 2.0346382399e-02 -8.4268429403e-02 1.0445725308e-02 5.9031520620e-02 2.8202777051e-02 -6.9112186484e-02 -1.1925747322e-02 7.0292497312e-03 -4.0108992916e-02 -1.1152271830e-02 -9.4071784080e-03 5.4128894800e-02 -1.3416738513e-01 -4.1414194513e-02 -6.0388389285e-02 5.5413068786e-02
-9.2103414655e-02 -5.2293235010e-02 -4.3393549925e-02 -6.0699981096e-02 -9.1520875523e-02 -5.0541532927e-02 1.4796530877e-02 -9.5300731341e-03 3.8171156704e-02 1.0531318367e-02 1.2660584374e-02 2.4609409254e-02 1.1379873694e-02 5.4453916357e-02 -6.3659433355e-02 -2.9063435386e-02 7.1342452687e-02 -3.3210359553e-02 -2.7441498503e-02 -4.9270415325e-02 8.7381757352e-02 1.1504091217e-01 5.8951183482e-02 4.2909997414e-02 4.2988147544e-02 -2.7053606999e-02 1.4521499793e-02 -1.8453827808e-02 5.6128963489e-02 1.3043171811e-02 -2.3569614119e-03 -3.8221982709e-02 -3.1483774232e-03 2.1529276842e-02 5.4758465873e-02 6.9828350353e-02 -2.9216117143e-02 -4.2807774650e-02 3.2541797858e-02 -3.2749618255e-02 -6.8808562514e-03 -6.4223721111e-02 -3.0271632192e-02 -1.2241325659e-02 1.5347779159e-02 -7.6027948361e-03 1.5262944887e-02 -4.6170266564e-02 -1.1879255335e-02 4.6540630800e-02 7.5526122562e-02 4.1893322079e-02 2.9617633012e-03 8.1092395718e-03 -5.4994811332e-02 5.4891773630e-02 3.6580370613e-02 2.9343351793e-02 -4.6063742486e-02 -2.1267163080e-02 -2.3796182229e-02 -4.1587997967e-02 -3.0971620250e-02 -1.3399540633e-02 4.7665105838e-02 -1.5489462639e-01 -4.9499936626e-02 -3.8693813605e-02 5.6615817107e-02
-4.7719054904e-02 -1.6029761661e-02 -5.4463555167e-02 -1.7816496814e-02 -1.6526565795e-01 -1.4488971830e-02 2.5925407028e-02 -3.4227394550e-02 3.2451097091e-02 2.5742805799e-02 3.1333033265e-02 -5.3005359938e-02 5.9866616555e-02 3.4811109130e-02 -6.2012790686e-03 -6.2785082889e-02 9.6662463880e-02 -7.0733453441e-02 -4.2043127582e-02 -1.9899359615e-02 8.2273526353e-02 5.5652053874e-02 6.3742284252e-02 4.8654070348e-02 -2.0186162833e-02 3.1573961519e-03 3.7922364175e-02 -1.0366700849e-01 6.6452038348e-02 -5.7680683872e-02 -1.4614171798e-02 3.6584678452e-02 -5.3273935602e-02 -4.5745387500e-02 5.2471846520e-02 5.9926213470e-02 4.4736514452e-02 -6.1529687076e-02 7.9915277893e-02 4.0504020574e-02 -3.4910657864e-03 -3.9133678329e-02 -1.9770843913e-02 4.1351921851e-02 3.0477780342e-02 -5.7549897958e-03 5.1536251036e-02 7.6471772346e-02 -5.3536507829e-02 1.3559934393e-02 5.4979479586e-02 -3.7942630774e-02 6.4588395118e-03 -4.5583082008e-02 -6.8973822402e-03 5.9512216702e-02 4.4615018617e-02 3.0784208395e-02 -8.4076275393e-03 -3.3009468611e-02 -5.8637797927e-02 -1.9863487328e-02 -4.8453888410e-02 -6.1604922780e-02 3.2504719853e-02 -1.2786021604e-01 -1.1650917185e-02 9.9069943958e-03 6.6758354885e-02
-1.8641228665e-02 4.5881235302e-02 -3.9373993158e-03 3.7727967952e-02 -9.3703977770e-02 1.2412504244e-02 -5.4412363186e-02 -6.7614122053e-02 3.5138237710e-03 1.0250380042e-02 5.2403005484e-02 -1.0129054199e-01 5.1781648667e-02 3.3525036077e-02 2.5889087996e-02 -9.7914139899e-02 2.5310400605e-02 -2.2614679845e-02 -8.3714760384e-02 1.7246198607e-02 6.0525759718e-02 2.9873572371e-03 4.0177175403e-02 1.8577798171e-02 -2.0460078396e-02 1.4072823763e-02 1.3726684466e-02 -5.5876804894e-02 1.1379893792e-02 -1.0065131346e-01 2.4943669150e-02 8.3216597410e-02 -6.6290694742e-02 -1.0033206803e-02 -1.7526935852e-02 -4.9195356113e-03 8.0760463287e-02 -6.8680712083e-02 9.6628399679e-02 4.3921050894e-02 -1.9992989849e-02 -7.8204364271e-03 -4.3258374672e-02 9.5288948253e-02 4.6863149195e-02 1.2198919898e-02 -4.1497425679e-02 1.1478443171e-01 -1.5142026051e-02 9.5598040704e-02 -2.0701608200e-02 -6.1035436243e-02 -2.2086192451e-02 -3.4785524169e-02 -4.5203000095e-02 -1.6211687903e-02 2.4707827168e-02 -1.3283681263e-02 6.5978202255e-03 -3.6028707672e-02 -3.9621460367e-02 -3.6883019233e-02 -9.8782626337e-04 -6.1020804539e-03 2.9588189220e-02 5.7577566742e-04 1.1185696552e-02 -2.0042730944e-02 1.0791635360e-01
-2.7711464111e-03 1.0709631675e-01 7.1660901424e-03 3.4001207382e-02 -5.4710465878e-02 4.2056610531e-02 -1.6157467617e-01 -6.4761938333e-02 -4.2809848074e-03 9.5098273533e-02 7.5337141145e-03 -6.4299473912e-02 2.7428024205e-02 2.5803860851e-02 4.8995431690e-02 -3.7729789251e-02 -2.9425947872e-02 -9.5723425668e-02 -1.1110752918e-01 6.0163824485e-02 -7.9451532591e-02 -2.6368341004e-02 9.9945137239e-03 2.0966601965e-02 -7.5983697752e-02 8.4739287551e-03 -2.9129333888e-02 -1.1147635962e-01 -1.4467191123e-02 9.1084431695e-03 3.2039900426e-02 1.0068006504e-01 -5.2904316204e-02 1.0289340380e-02 -5.4812386720e-02 -7.7877950370e-02 6.8468021300e-02 -4.3368842589e-02 7.8143513369e-02 2.6176578565e-02 1.9713501361e-02 2.6573063748e-02 -9.0222899323e-02 9.6043331619e-02 -4.2344818035e-03 1.9803318665e-03 -5.0017461534e-02 7.6286825293e-02 6.0598393451e-03 8.5990932508e-02 -4.7629373810e-02 -7.5829792354e-02 -3.1276706143e-02 -1.1020814258e-02 -4.4860067534e-02 -2.5519969717e-02 -7.7674883886e-03 -9.2637942147e-03 8.0494113763e-03 -7.8943013336e-02 9.8767943300e-03 -2.3717438594e-02 -1.6337840676e-02 4.1805370947e-02 -1.2913446020e-02 5.2667403323e-02 6.2249458758e-03 -3.8246967855e-02 4.3489281658e-02
-4.9233177144e-02 7.5475033478e-02 4.3057290828e-02 -2.4936545096e-02 -5.3419317423e-02 4.7751524621e-02 -1.0832872318e-01 -3.2912637419e-02 -3.3751528001e-02 1.1372773693e-01 -5.1415245535e-02 -1.2934329057e-02 2.7359040066e-03 7.9295833394e-02 5.5540056290e-02 3.4472320215e-02 -3.3353194219e-02 -3.8000242943e-02 -1.1734409724e-02 8.8141461201e-02 -6.9783461780e-02 -9.1810620090e-03 -3.1035417650e-02 1.7787506869e-02 -1.0520313000e-01 -5.8398496732e-02 -5.1644176006e-02 -1.2095731578e-01 -9.6165664862e-02 3.4514536780e-02 6.1760552334e-02 5.0728928969e-02 2.2287675974e-02 -1.6390752716e-02 -6.3641275172e-02 -8.7271127773e-02 -7.2230685578e-02 1.4314972237e-02 5.5826518230e-02 -1.0075859684e-01 -5.4160648802e-03 3.3927201451e-02 -8.9482260743e-02 3.9866713616e-02 -6.7993336198e-02 -2.1082103172e-02 7.6583651853e-02 3.2497382570e-02 -5.6784295094e-02 7.6046106721e-02 4.8079069648e-02 -4.3504311242e-02 -3.3965325501e-02 5.2568672365e-02 -6.8874125157e-02 -1.2813962848e-02 -4.8039957468e-02 4.7888651349e-02 -4.8490387446e-03 -6.9318448313e-02 4.9978193853e-02 -1.2787436224e-02 -6.2013831632e-02 9.6519912460e-02 1.4326631445e-02 -7.9009304507e-03 -5.3945511161e-02 -4.5384560021e-02 -1.5646202209e-03
-6.4061321838e-02 6.6821795262e-03 -9.8202067084e-03 -1.1245504557e-01 -2.4651880820e-02 3.6959170143e-03 3.1576701208e-02 -9.0756734134e-02 -6.8601800558e-02 7.4397262274e-02 -5.3314911945e-02 2.2240325874e-04 3.3011836047e-02 1.1332521539e-01 7.9304280324e-03 6.3320184556e-02 -1.4297482244e-02 1.2165389325e-01 9.8396566832e-02 3.0675740003e-02 5.9910004122e-02 1.5708374143e-02 1.2162961883e-02 2.8882906187e-02 -3.0029381890e-02 -4.5429300876e-02 1.2889394518e-02 2.9557016490e-02 -8.8009389806e-02 5.6932381959e-02 7.7377035347e-02 -2.1634374047e-02 2.1173783257e-02 -6.0013465054e-02 -6.1204803244e-02 -6.3685103492e-02 -9.2130347107e-02 6.6900814687e-03 -1.3553596020e-02 -7.8673649329e-02 -1.0271460601e-01 -8.4289293131e-03 -6.7278967817e-02 -2.6189315089e-03 -7.3665931085e-02 1.2953694392e-02 1.1887939169e-01 -4.9650185877e-02 -1.6315233627e-02 9.0682830799e-02 8.8494291239e-03 5.1553447251e-03 -3.5564567654e-02 6.2285514849e-02 -4.3180003466e-02 -3.2328811820e-02 -1.0889301127e-01 6.3004192772e-02 1.9715774536e-03 -3.3613835271e-02 6.6227747776e-03 -4.8134732373e-02 -2.3381614177e-02 1.0769829482e-01 2.6133193007e-03 -7.1232994230e-02 -1.3693679823e-01 -7.2958393721e-03 -3.8935907449e-02
-2.3524173246e-02 1.8678141996e-02 -2.5184576304e-02 -6.5399794271e-02 1.7500055510e-03 7.6557716289e-04 1.0781387861e-01 -1.4335532526e-01 -7.8046584510e-02 1.7774934607e-03 1.4987584685e-02 -7.7093779472e-03 7.0331437232e-02 3.5918380935e-02 2.1012999665e-02 8.6900756365e-02 -4.5876961221e-03 5.7730878863e-02 1.0687030312e-01 -2.5334706716e-02 9.0039727898e-02 -4.5626230907e-04 4.2889471783e-02 1.4977531901e-02 5.9163223600e-02 5.1728395535e-02 1.0695891603e-01 6.5387232678e-02 -3.9014615083e-02 3.5974998587e-02 -1.1376238639e-03 2.1354822653e-02 1.5703443480e-02 -4.7322142592e-02 -2.9908709677e-02 1.9355093229e-02 -3.6355503943e-02 -4.4677115700e-02 -5.8581794115e-02 6.4120975576e-02 -1.0318206420e-01 -5.9130839257e-03 -1.2980917772e-02 7.8653563204e-02 -2.4403945473e-02 7.8731567964e-02 8.1896510828e-02 -3.2522895959e-02 3.1419826838e-02 8.4042340913e-02 -5.3467492836e-02 -8.1262706340e-03 -3.7012421123e-02 2.3633583991e-02 1.2891637273e-02 -2.9505081359e-02 -1.6187179134e-01 5.4559824880e-02 4.5337024735e-02 1.2768066637e-02 -5.9124758006e-02 -9.3731495830e-02 -8.7339758249e-03 2.1275669564e-02 -9.2603542009e-03 -2.7373812103e-02 -9.8757885572e-02 9.0756367116e-03 -2.3499900267e-02
5.7363593507e-02 2.5619040942e-03 -1.3032373195e-03 7.4308409550e-03 2.3967916811e-02 1.1477909873e-02 6.5527421098e-02 -1.7694780003e-01 -4.7709622179e-02 -4.3080302015e-02 3.1339182250e-02 2.7907772841e-02 2.9056462393e-02 -3.9764456923e-02 -1.4562648285e-02 2.8361375277e-02 -2.7170196544e-02 -9.0713151221e-02 3.1865228237e-02 -1.2553006365e-01 -3.1319451644e-02 -3.1009295669e-03 7.5230074819e-02 -6.7451066893e-02 1.7783965214e-01 2.4984478551e-02 1.2504210107e-01 1.3583746045e-01 1.0768846082e-02 1.2084984604e-02 -4.5345895117e-02 6.7614082605e-02 2.6525927619e-02 1.7948573485e-02 1.4908447588e-02 2.0622592847e-03 3.2372967288e-02 -7.5447484845e-02 -3.4539026224e-02 8.3825398356e-02 -5.0986446884e-02 -4.6728855432e-03 2.2573071582e-02 9.3164636572e-02 -1.2313952755e-01 1.1839022853e-01 -3.7532129261e-02 7.3582789524e-02 7.6196104051e-02 7.0160825990e-02 -1.1680680865e-02 3.4314627732e-02 9.7828310169e-03 3.0960380705e-02 2.5951197833e-02 -5.3590523689e-02 -1.4316365101e-01 2.0657716166e-02 2.5748585699e-02 9.1094521232e-02 -7.0370992826e-02 -4.4191186506e-02 5.6904781485e-02 -2.2173986473e-02 -1.3114170102e-02 3.4913266809e-02 -4.7095976207e-02 -1.9959049560e-02 4.2268404064e-02
-1.8464206372e-02 3.4477654166e-02 2.0236898296e-02 -2.0869423047e-02 -2.8881534144e-02 6.6515826517e-02 -6.6705518549e-02 -1.3156347608e-01 -6.7690581327e-02 2.9191475657e-04 3.5553277731e-02 8.4829848340e-02 -1.1183223552e-02 -9.0575400252e-02 -3.3976367573e-02 8.1222257836e-02 1.0459317698e-02 -4.8491987407e-03 -8.2314060271e-02 -6.3091823118e-02 -1.2609484624e-01 1.1912113397e-01 7.5737783960e-03 -6.2699115277e-02 9.6634893442e-02 -6.1358711392e-02 1.6967483566e-02 -5.7659881231e-02 7.2638195127e-02 3.8536720036e-02 -6.9956526076e-03 4.1979242589e-02 5.4217810308e-02 9.0204065055e-02 3.9848173842e-02 7.6780365129e-02 -5.8341111745e-03 -2.9065361825e-02 4.1441660698e-02 8.6985565133e-03 3.3882269407e-02 -8.2570052286e-03 8.9151647598e-03 -2.6964993872e-02 -1.3117759241e-01 3.3810087667e-02 -1.1377289974e-01 1.6097603772e-01 1.1265931025e-02 4.2813582301e-02 9.7336013619e-02 7.4631163126e-02 5.6611262963e-02 2.2202853306e-02 1.6463315586e-02 -5.6532469028e-02 -1.5655632290e-01 -3.2143827460e-02 -4.0674963294e-02 7.9479620847e-02 -8.8285044505e-03 3.0946177448e-02 4.8909183650e-02 -2.7654214638e-02 4.3446156721e-02 -7.3524336592e-02 6.3418702713e-02 2.9240454552e-03 3.5139683492e-02
-8.4932098864e-02 1.7070906672e-02 1.0152823034e-03 -2.4947618993e-02 2.1274676788e-02 5.7330748525e-02 1.4096531206e-01 -1.6303387257e-02 -5.7923417393e-02 4.3942886062e-02 -2.6118687886e-02 5.6953102595e-02 3.1130331320e-02 -4.1446903454e-02 9.6460002242e-04 8.4793420825e-02 2.0671440193e-02 6.6675685325e-02 -9.0024627992e-02 -1.2506382841e-03 -9.9909898170e-03 9.8440498750e-02 -8.9734264263e-02 -1.6859019231e-02 -1.0659581280e-01 -9.4102593567e-02 -7.7748920751e-02 -3.2249155109e-02 1.3539619326e-02 -8.2574887346e-03 2.7363285548e-02 -6.3866627999e-03 3.7404242128e-02 4.4866029876e-02 3.4884798548e-02 4.4839004449e-02 -3.4715403004e-02 1.8788489617e-02 5.7231832439e-02 -6.0159776888e-02 6.6344855124e-02 -8.4565462067e-03 7.0764695282e-03 -7.6058253662e-02 -4.2077776241e-02 -2.5117689391e-03 -4.2530347218e-02 1.2314352873e-01 1.6997799380e-02 6.0000161310e-02 5.7800129243e-02 -5.1429288721e-03 9.5055112942e-02 6.2902902614e-02 1.1142173198e-01 -1.0719550513e-01 -4.9363963261e-02 -3.5512842854e-03 -3.8210879073e-02 1.2362087402e-02 -2.5493908559e-03 7.5958995386e-02 1.8651638280e-02 7.0217760438e-02 2.9626730000e-02 -1.2849864300e-01 9.2708587607e-02 2.8280313830e-02 5.1224539993e-02
-1.0995176080e-02 -2.8107111711e-02 -4.4767447687e-02 -4.9973028134e-03 1.1136773219e-01 6.6742994050e-02 1.3844916927e-01 1.5151550417e-02 -6.2510971731e-02 1.0697155134e-01 -7.4973327376e-03 5.5597340011e-02 7.7905869090e-02 -5.7039927251e-02 4.0072637254e-02 6.3649149098e-02 4.9801740852e-03 1.1507211403e-01 -4.9008498320e-02 1.4403198655e-02 1.0343807614e-01 6.6296572643e-02 -7.1920982462e-02 7.3568809880e-02 -1.1753971114e-01 2.7659751964e-02 -4.6714431695e-02 -7.9024331411e-02 7.2697202314e-02 -6.4438372636e-02 -2.8608906536e-02 2.7058831127e-02 -5.4671548931e-03 -1.7829861021e-02 -6.3982512511e-02 5.8567738731e-02 -1.0559914636e-02 9.2456494048e-02 7.2423518896e-02 5.0314427840e-03 9.0985980276e-03 -1.0219207637e-02 4.1174059815e-03 -1.8861454591e-02 -1.0739709176e-02 1.9164268356e-02 -1.2828672576e-02 1.0501934410e-01 7.9905890804e-02 8.6548064417e-02 -4.9646368181e-02 -3.0926216409e-02 4.5298861382e-02 7.8855214104e-02 1.1383739420e-01 -1.0160132704e-01 2.4727006263e-02 3.5640892826e-02 -3.5584976541e-02 -1.7903702654e-02 -8.3930124831e-03 8.2366666598e-02 -1.6750537900e-02 8.4986288961e-02 -1.8676551427e-02 -5.0839405892e-02 6.4750444858e-02 3.3978937211e-02 3.1675441659e-02
1.2484473763e-01 -6.9399699904e-02 -3.9376901523e-02 -4.6148362821e-02 1.5742617515e-01 5.1739437009e-03 3.7465371300e-02 2.2042744004e-02 -1.1405703213e-01 7.5496314861e-02 -4.2725139725e-02 8.8778124365e-02 6.2105243102e-02 -5.6825504476e-03 2.6108167768e-03 -2.6784440253e-02 5.7294878228e-02 -2.3557071245e-02 6.0509379172e-02 -4.1206020315e-02 7.8321758635e-02 4.0823514635e-02 9.9712307789e-03 7.3220998969e-02 -5.5052926459e-02 5.2219729584e-02 -4.7167767646e-02 -5.3667872933e-02 9.6666631548e-02 -3.0584963996e-02 -4.9362086328e-02 4.4053147909e-02 -1.7537863383e-02 -2.5940246353e-02 -1.1354236283e-01 1.1253687920e-02 3.7087121533e-02 7.2465700573e-02 9.0196304093e-02 5.2080144278e-02 -2.3047138513e-02 -4.1059722100e-02 -1.3081959912e-02 6.5508934416e-02 -2.9281642350e-02 -3.2830975749e-02 -1.3291173767e-03 1.1143480542e-02 1.1445213975e-01 2.9193446608e-02 3.6741420465e-02 7.8072478652e-02 -2.1909465857e-02 3.4734954096e-02 3.8384113645e-02 -5.8432211740e-02 5.8014804963e-02 7.9814371312e-02 -2.4954925586e-02 -1.5055647333e-02 -2.6978717943e-02 7.8371333226e-02 -4.9400067181e-02 4.6502170093e-02 -3.8986979458e-02 -6.5742705269e-02 9.0402431746e-02 -2.0130242121e-02 3.8577579804e-03
3.7101799328e-02 -4.2670171543e-03 5.1175915140e-02 -7.4025747342e-02 4.0187332146e-02 3.1381168948e-03 -2.9175069675e-02 2.8139588099e-02 -1.7080241337e-01 2.5667557934e-02 -2.8123928462e-02 1.1365880427e-01 -3.4900275197e-02 1.1736673160e-02 -1.5707137282e-02 -4.8516664104e-02 1.0061690405e-01 5.4785982120e-02 6.9216903681e-02 -6.9773890652e-02 -1.2603229042e-03 -9.3652683112e-03 7.1430362136e-02 3.3591315986e-02 -3.4451145985e-02 2.7338512217e-02 3.4414873368e-02 -3.0870470445e-02 3.9425470450e-02 -7.2530753059e-03 2.6995967524e-02 2.3969767203e-02 4.8218940206e-03 1.3265163121e-02 -5.6276811354e-02 3.0178853076e-02 9.5217030305e-02 3.2483584565e-02 8.3454610742e-02 1.9393895388e-02 -2.0643599154e-02 1.8877093480e-02 -6.3830568926e-02 9.5973891821e-02 -5.5637193398e-02 -6.3078815143e-03 1.0020271192e-02 -6.5839642204e-02 9.9459199765e-02 -1.2689623482e-02 1.3363811668e-01 1.3918484649e-01 -3.2605157513e-02 3.9119169663e-02 1.5234352426e-02 1.5326619064e-03 6.5998984106e-02 8.0845526766e-02 2.8770579455e-02 1.2105903368e-02 -3.0427393469e-03 5.8524510432e-02 -4.1487724257e-02 -4.4138043602e-02 8.4830638739e-03 -1.0472723347e-02 7.3314230755e-02 -3.5577943485e-03 -4.0043148189e-02
-1.0731034874e-01 6.0635282264e-02 3.4424196339e-02 -1.9565249765e-02 -7.6430289207e-02 6.7820958497e-03 6.9374121844e-02 4.9265217986e-02 -1.0602476915e-01 -9.5940988071e-03 -7.4903106414e-02 9.5887872403e-02 -4.5158910970e-02 3.4779233652e-02 -9.6801812368e-03 -1.2282656687e-02 6.9486319647e-02 -4.2298694114e-02 4.0778931582e-02 -5.9912366824e-02 -1.2815096945e-02 -5.0121803941e-02 9.9882901755e-02 -2.3231415270e-02 -2.4722381299e-02 4.5023402290e-02 5.2305038785e-02 -2.5808114756e-02 -4.0324468382e-02 -5.3920234535e-02 7.2302603270e-02 -4.7389360962e-03 1.8582992831e-03 6.0055820200e-02 -2.9931052460e-02 -8.1678564039e-03 1.0059090568e-01 -1.9065240798e-02 5.7846832950e-02 -4.5347652367e-02 4.4428831886e-03 6.0471418854e-02 -8.2004963191e-02 5.2900837047e-02 -4.6372118025e-02 -1.0382226892e-03 -2.1003565755e-02 -7.8076008063e-02 1.0010952898e-01 -3.0920443492e-02 1.0631160776e-01 7.5672959832e-02 -3.5599302410e-02 3.4752688674e-02 2.6355278246e-02 2.3935385248e-02 3.7648861911e-02 7.6773830294e-02 1.7946683963e-02 7.4128425605e-02 3.4482160221e-02 6.9557082892e-02 1.2678543991e-02 -3.0218789756e-02 2.0050472060e-02 3.1017228794e-02 5.0637092127e-02 1.0553716372e-02 -8.0662329243e-02
-1.4532229728e-01 4.1228822386e-02 -2.3733446368e-02 5.3516274590e-02 -6.6467301923e-02 4.4638150290e-02 1.1986546126e-01 5.1642299138e-02 3.1235551414e-02 2.6068684600e-03 -8.9318396696e-02 1.2665060804e-02 -3.8864857311e-02 3.9220739942e-02 -1.2630321638e-02 3.6080356559e-02 -1.2731575491e-02 -1.7124872454e-02 3.6045125470e-03 -1.0062998410e-01 -2.8817418732e-03 -1.1257368078e-01 1.1645001316e-01 -2.1237749215e-02 -4.5836334194e-02 6.3105571734e-02 4.3658462483e-02 -3.0563663923e-02 -2.8873003959e-02 -6.0907565029e-02 4.3049965680e-02 3.8995124080e-02 -1.1600828768e-02 8.0857000379e-02 -1.3877983792e-02 -2.0820485875e-02 1.0176489885e-02 1.4010359895e-03 5.1556656816e-02 -9.7687583054e-02 2.0196314113e-02 2.8496678215e-02 -3.4962315861e-02 -4.5698230298e-02 -1.3934580789e-02 -1.7868078646e-02 -4.6693390311e-02 -6.7797679818e-02 4.8489269566e-02 -4.4067939204e-02 2.1619014858e-02 7.2503602725e-03 -5.8417691387e-03 7.3805832204e-02 4.8663242485e-02 -9.2208744131e-04 -1.1396697127e-02 5.6614765111e-02 -9.1714055373e-03 4.5309670669e-02 -4.4499678446e-03 -2.6805554273e-04 -1.3147100748e-02 -1.4429193881e-02 -2.0761415964e-03 3.3078483854e-02 3.0107173938e-02 -2.0063223901e-02 -6.8922390030e-02
-1.1667855760e-01 -1.9415760192e-02 -5.4590821643e-02 4.5214382054e-02 -2.5680074262e-02 3.8481037243e-02 3.6971609948e-02 2.1601571251e-02 8.2703226348e-02 5.6780875714e-02 -5.5131374533e-02 -2.9764790015e-02 2.4783662191e-03 -3.1556447824e-02 -2.8605663238e-02 1.5052450908e-02 -4.9305742600e-02 1.0089755939e-01 -3.1912299875e-02 -6.6765377222e-02 -2.3547191533e-02 -1.4290396068e-01 1.2411099344e-01 -2.0303209186e-02 -6.0107840402e-03 1.2917478279e-01 2.2420467047e-02 5.9924430605e-02 3.7777092473e-02 -3.2049053990e-02 -1.1082133507e-02 4.1449269140e-02 1.6074568278e-02 5.1457688612e-02 -5.3128011912e-02 -1.2226206197e-02 -4.8843522077e-02 1.6023454351e-02 2.1018929883e-02 -7.5775334589e-02 -9.4406397142e-03 -8.0727268540e-03 -3.6921137556e-02 -6.6954623973e-02 8.2736126995e-03 -1.5110727247e-02 -6.2468207203e-02 3.5669814255e-02 3.5114491822e-02 -4.6541942350e-02 -1.2789508551e-01 2.7372836790e-03 2.4708102340e-02 6.6080830641e-02 9.8021689175e-03 8.3059094209e-03 -1.4737891559e-02 5.6786577250e-02 -6.2381654160e-02 4.0320224862e-02 -1.0060509973e-02 2.3754459831e-02 -1.4205416679e-02 -4.5732810726e-02 -3.1815464831e-02 1.2161145949e-02 -3.0456033515e-02 -2.7226614763e-02 -2.2570454975e-02
-4.7126724152e-02 -3.6061696271e-02 -4.8362655082e-02 -3.7620804798e-02 5.6670036476e-03 5.0223788359e-02 -7.3857021462e-02 -2.4866910324e-02 8.5793720837e-02 7.8907657261e-02 -3.6656522925e-02 6.9246524240e-03 -1.5580953340e-02 -6.4814691966e-02 -2.3781871477e-02 -2.7720223088e-02 -6.3301705599e-02 -8.4911326956e-03 -3.1154099523e-02 -7.9350174045e-02 -5.8540777483e-02 -5.8537331008e-02 9.6949504555e-02 2.3066649387e-02 8.2522053586e-03 8.8564701426e-02 2.1409813428e-02 1.2258899038e-01 7.3365687164e-02 4.0913724517e-02 -4.9361273043e-02 1.2161520163e-02 1.7265148506e-02 -3.6535652783e-02 -2.1531565446e-02 2.6877890251e-02 -5.5752739029e-02 -1.0510544026e-02 1.0842694068e-02 -6.7570625914e-03 -5.8729409115e-02 -1.0533515046e-02 -5.4632604004e-02 -1.1444914528e-01 1.9301420812e-02 -1.2581475994e-02 -1.5552298982e-02 5.1805049055e-02 6.7588101329e-02 -5.1083979680e-03 -8.2191087537e-02 4.3005875825e-03 9.3858076525e-03 6.4086587288e-02 -1.6631426802e-02 -4.2427850126e-02 -4.1174788465e-02 4.5239287522e-02 -6.9493692028e-02 4.8811034674e-02 -4.0782849427e-02 3.2731558064e-02 3.0163337267e-03 -4.7751559364e-02 -5.7622435284e-02 -5.9926122768e-03 -4.8021653823e-02 -1.0152680562e-02 -3.0184833581e-02
-5.6055238648e-03 -2.7685630648e-02 -8.0535429469e-02 -6.6060754567e-02 3.9382972856e-02 1.3798813328e-02 -1.7075176954e-01 -2.8389529321e-02 4.1652731423e-02 2.0697861586e-02 9.7645607727e-03 -2.0892843991e-02 1.6313780596e-02 -4.1983871497e-02 -7.3035758862e-03 -8.1793338284e-03 1.3901294673e-02 1.5384499338e-01 -2.4881286778e-02 -2.9286194504e-02 1.4548875616e-02 2.6739567640e-02 6.8275465442e-02 5.4783337830e-02 -6.3930690156e-04 -7.2870672644e-03 -4.5568010554e-03 -6.5292383405e-02 6.1098760259e-02 8.2955717473e-02 -1.2425257849e-02 -6.7364082091e-02 -1.3438047485e-02 -5.3482573827e-03 3.2463193589e-02 -6.6338808253e-03 -5.5671494420e-02 -2.5298453656e-02 3.0107945397e-02 2.7156872925e-02 -4.6335686157e-02 -7.8137461457e-03 -6.5503145963e-02 5.8263797459e-03 6.2686551215e-02 -6.9854421624e-02 -6.2058575655e-02 1.7904913826e-03 9.3283286247e-02 -2.3173115440e-02 -2.1227102365e-01 1.9639925323e-02 -1.2811377151e-02 7.5806951408e-04 -1.3032888759e-02 2.3057771544e-02 -6.6127307160e-02 1.6421372134e-02 -5.9264684125e-02 2.8004365248e-02 -4.2167560787e-02 5.4782380031e-02 3.4848059684e-02 -4.6608081480e-02 -3.5793130507e-02 -3.2769877807e-02 2.5898216145e-02 1.8514220558e-02 -3.9372746909e-02
9.9633897232e-03 1.2031909782e-02 9.7787336275e-03 -3.5173913723e-02 1.5015572101e-01 -3.9702644504e-02 -9.8416197771e-02 2.8572502206e-02 -6.0812736445e-02 -4.3582630424e-04 8.5220652270e-03 -3.7781508662e-02 -5.7702619270e-02 -3.7734531645e-02 1.1622397863e-02 -4.5151261303e-02 7.9534738295e-02 2.4885921468e-01 -1.2503610793e-01 1.1697029213e-02 1.3971626472e-02 4.3988034245e-02 3.9473088989e-02 2.2927399734e-02 -4.3600801566e-02 -1.7018336116e-01 -8.1553916377e-02 -1.5293449871e-01 6.1137396726e-02 4.7544703358e-02 -1.9556176263e-02 3.8566764172e-03 -1.6806375170e-02 1.9596483728e-02 -7.8099828885e-02 3.6787794351e-03 -5.0882174360e-02 -1.8174155989e-03 -1.6009153778e-02 3.2843789093e-02 -2.1338224905e-02 -1.9619061969e-02 -5.7963113578e-02 -2.5972877453e-02 -8.1551333868e-03 -1.7811409377e-02 7.0525363125e-02 -2.9105413939e-02 1.5381045067e-01 4.2945341923e-03 -2.8283179179e-01 -3.1205277973e-02 1.8003517020e-02 -3.6074706049e-02 2.2697740989e-02 6.2951701705e-02 -1.8452971782e-02 2.7138987059e-04 2.0439583283e-02 2.5140284850e-02 -4.2127481718e-03 7.3197963942e-03 -2.4885372456e-02 -4.4581715036e-02 4.8042728480e-02 3.0834564991e-02 6.8569878759e-02 4.5764929254e-02 2.8336270010e-02
-8.0060730709e-02 3.6346127966e-02 -3.6212040702e-02 -1.4845355726e-01 3.7713617505e-02 -7.9227748738e-02 -2.8935495737e-02 -1.6715247624e-02 -8.3258940168e-02 7.3875099299e-02 1.8130110295e-01 1.2567891270e-01 -2.9011590723e-02 -1.2385900558e-01 -6.3298296338e-04 3.4363834673e-02 7.5366419276e-02 2.2457881034e-01 -1.2621888666e-03 -3.5262698353e-02 -9.7215965462e-02 1.7627812667e-02 7.7134529994e-02 1.5138741688e-03 -1.6131074258e-01 6.9321076042e-02 -6.8513141075e-03 6.2770591675e-02 7.0850007505e-02 1.0067403834e-01 3.6022036788e-02 -8.8843279904e-02 2.8079771339e-02 -2.0457717875e-01 -2.3766436334e-03 -2.6873598295e-02 2.8066913204e-02 -8.0869424018e-02 8.5676680857e-03 6.1481823706e-02 3.9683204169e-02 5.9847465847e-02 -1.1979688288e-01 1.9289078648e-01 1.9523009762e-01 2.5425766575e-02 1.1804528185e-02 -2.0991427732e-01 1.4828594990e-02 -1.9837161971e-03 -4.8382529985e-01 -2.2503026062e-01 5.5510359326e-02 -2.8834953384e-02 5.3502321460e-02 6.9502124851e-02 8.1561521132e-02 -5.7535967421e-02 9.2505492981e-02 5.6033480804e-02 1.5425149542e-02 8.4000143439e-02 3.3505567021e-03 -1.3082380368e-01 -4.1635657943e-02 -3.9882496325e-02 -2.6164568850e-02 2.1254128576e-02 -6.9592702562e-02
-1.8165797345e-01 3.5012175800e-02 -1.2492250714e-01 -2.0958403325e-01 1.4086304177e-01 2.8296419668e-01 3.0944072648e-01 5.3103548792e-02 1.1879036788e-01 2.2332247213e-01 -2.3428913115e-02 -3.9228362020e-02 -8.5740632207e-02 -2.9178942509e-01 3.4970605906e-02 5.0395974222e-04 -5.9654144494e-02 4.7968176464e-01 -1.1839026113e-01 -8.0525189394e-02 -1.0843435944e-02 -3.2965502060e-01 -3.8002781550e-02 1.7569289641e-01 -1.9299515367e-01 -7.6997230757e-02 -1.1403209435e-02 9.5222935618e-02 -4.1435301001e-02 3.1182828669e-02 1.1665597943e-02 1.3647545273e-01 -1.0661942408e-01 -5.0343951196e-02 2.9343911829e-02 3.5116370670e-02 4.9987288487e-02 -7.8383990810e-02 -5.5121921604e-02 -7.6933856811e-02 6.9249429401e-02 -5.8572430424e-02 -1.2007840038e-01 2.3568517987e-02 -9.6139930009e-02 -2.4728465053e-01 2.4908361875e-03 1.5089755287e-02 1.1493422220e-01 -1.2142661970e-01 -5.4325255294e-01 -5.1789718233e-02 -6.0844336599e-02 -2.5564752144e-02 1.3518906421e-01 1.0940648772e-01 1.7966025069e-02 6.3386521116e-02 8.8528092315e-02 1.6671616120e-01 3.0856028381e-02 -3.8533756931e-02 7.8319157616e-02 -3.1987059001e-02 1.9112399454e-02 -6.4163630616e-02 5.8613489568e-02 -7.9733157006e-02 8.2038858109e-02
-6.7865213576e-03 3.0195143192e-01 4.8751198291e-02 -2.3057393427e-02 -1.4970054766e-01 4.5486654445e-02 1.7070065311e-01 -1.4809433910e-01 -7.0164831615e-02 -1.1754826830e-01 -1.3939800326e-01 -8.2580917178e-02 3.9081757682e-02 -3.5194759772e-02 -1.3985850179e-01 -1.6852090555e-01 1.0333152609e-01 2.8257148176e-01 -9.8125811350e-02 4.4450970513e-01 -4.9530001578e-01 -2.4946147436e-01 2.6960987195e-01 4.3585702904e-01 -3.5708324503e-01 5.5803838743e-02 -4.8659390012e-01 -2.0618285340e-01 -1.6056044411e-01 4.4369383656e-01 -1.5951837151e-01 -1.8647802201e-02 2.5477735428e-01 -5.9100170818e-01 5.7093791109e-02 -2.5476792191e-01 -2.7517718691e-02 -1.6846262379e-02 -9.3442807749e-03 2.5671515141e-01 1.1107091778e-01 1.9312298933e-01 -2.6309735167e-01 -2.6356299607e-01 -1.6563286237e-01 -2.7753232901e-01 -1.3142820724e-01 -4.4773205071e-01 1.1683714755e-01 3.1307618060e-01 -5.1669245760e-01 -3.1649076287e-01 2.1049566903e-01 -2.1077701576e-01 -4.0833862614e-01 -3.4184764537e-02 2.6554307512e-01 3.6998257978e-01 -2.3007594075e-01 -3.1248516473e-03 2.2002035494e-02 -7.0841902469e-02 3.1627986580e-01 1.5440931950e-01 3.8156942823e-01 2.7482058829e-02 -3.7437364838e-01 3.1813257468e-01 -1.7657180556e-01
-7.4860548947e-05 -1.1527664074e-05 -4.4823613989e-06 6.2772864104e-05 2.1572459913e-04 -6.8078446089e-06 -3.4097126431e-05 6.8172162291e-05 1.1393073214e-05 -8.2144153782e-05 7.2922965482e-05 2.0145590718e-05 7.7710682355e-05 -5.8299509792e-05 2.3772034540e-05 -1.6763310811e-04 -4.1675774569e-05 -1.9833257268e-04 -7.0431023405e-05 -1.4848439243e-05 3.9717617961e-05 -5.3165474932e-06 1.2743571859e-04 -1.6941278773e-04 -6.5824270633e-05 1.0314591077e-04 -1.6374511765e-05 -4.4917636094e-05 -9.8178515463e-05 -1.5691057229e-05 -4.6124440873e-05 9.2993830962e-05 8.1866232343e-05 -5.1278856894e-05 -1.6464087983e-04 6.2057973648e-05 1.5749169433e-04 8.3168058718e-05 -2.0268241659e-04 4.7963199257e-05 1.8619615171e-05 -1.7730870269e-04 -1.4481193515e-05 9.0352062675e-05 -9.0606257732e-05 -8.3932093541e-06 3.0238203096e-05 -8.0781864844e-05 -4.1130546471e-05 8.1502394995e-05 -1.6874808346e-04 -8.2082095929e-05 1.3326133280e-05 2.9527182329e-06 -8.8063406300e-05 7.6768906794e-05 1.0699404992e-04 -1.2844930228e-04 7.9211946976e-05 -4.9356177002e-05 2.3125502346e-05 -1.2338189703e-04 -2.0565470678e-05 8.4118778153e-05 -2.5862125039e-04 1.5279263978e-04 -4.6811797173e-05 5.0246738938e-05 -1.6703053508e-04
-7.4950061256e-02 4.4406617903e-03 7.7047591866e-01 -2.5756587516e-01 1.6007490868e-02 1.0654767399e-01 -5.8092978787e-01 5.7060062559e-02 -1.5753867524e-01 -4.7785621884e-01 1.1185231520e-01 -1.5022728130e-01 -5.9179718110e-01 1.5664039593e-01 -2.4562997244e-01 -2.8435255961e-02 -1.7005559207e-01 -1.0321019302e-01 -6.6812665091e-03 1.4725484768e-01 -9.6761665976e-03 2.3244729194e-01 1.7968938829e-01 -4.0967079030e-02 -2.1630537656e-01 2.7324798678e-01 -1.2492639989e-02 -1.5210185944e-01 -6.5572617580e-02 1.4653695847e-01 -2.7281896905e-01 1.1729174511e-01 2.7905505702e-02 -1.4125804293e-01 3.2573360301e-01 4.4702992032e-01 2.8547615840e-02 1.7920841815e-02 -2.0965138646e-01 8.1752144967e-04 1.4241975332e-01 2.1627721826e-01 8.8306678362e-03 8.9236251496e-02 2.1658615738e-01 -2.6613447448e-01 1.9596354518e-01 -2.9055985290e-01 1.0105134246e-01 9.8485893763e-02 1.9943538590e-01 -1.7158340722e-01 4.9326490175e-02 -3.7630177753e-02 -9.0982675443e-02 1.4943167604e-01 2.6647552222e-01 -1.6197122025e-01 5.3988996050e-02 -3.9206458214e-01 -3.9331605952e-01 -3.5136419949e-01 2.7805548552e-01 2.3434015669e-01 2.8943372686e-01 1.5806126958e-02 1.2707853420e-01 1.6538343295e-01 3.0817686531e-01
-1.3111508443e-02 1.2876721396e-01 2.1701694095e-01 7.9468525483e-03 8.9876204615e-02 1.3240032668e-01 -2.5510082813e-03 1.7719155317e-04 -5.8173746716e-02 8.4247224728e-02 -8.9261213484e-02 -3.1124892654e-03 6.6285733673e-02 -5.1104754422e-02 -1.8695298472e-02 2.1050772106e-01 -5.2281345768e-03 -1.2490153895e-01 1.2766133336e-02 1.7734429447e-01 1.1372654046e-01 -1.8811027739e-01 1.6935129693e-01 -4.3956347058e-02 -1.3353411261e-01 -2.9423218708e-02 -2.2529536383e-02 8.5823542216e-02 -1.1960158123e-01 5.7744181524e-02 2.7345320596e-02 7.9445375560e-02 -1.2549451991e-01 3.4001935479e-02 -8.3018825839e-03 9.8243763321e-02 -1.0784325563e-02 -5.6535756305e-02 -4.0829540528e-02 1.4951893821e-01 -1.0315372050e-01 2.9392020709e-02 -9.5626103377e-02 2.8293936759e-03 1.0516741929e-01 -3.8085693997e-02 1.0075765700e-01 3.6939008147e-01 -2.0263988674e-01 -4.0791970444e-02 2.4472878656e-01 -5.4306022945e-02 -7.4160370105e-04 -6.1634078622e-02 2.2051614379e-01 2.9722087693e-01 4.8079193795e-02 1.1859285630e-01 1.2917435129e-01 3.6174165852e-02 -4.3790243630e-02 3.4663901888e-03 1.4302552512e-02 4.5841913000e-02 -2.2430535267e-02 -3.2235784744e-02 -3.6227075582e-01 9.0072740542e-02 7.4805182981e-02
6.1662356242e-02 3.2855994538e-02 8.2247807561e-02 1.7663694995e-01 1.0138828884e-03 5.5321175603e-02 -3.1655118627e-02 1.1447740125e-02 -1.0804030165e-02 -1.2991345815e-02 2.3495408821e-02 -7.4831109841e-04 3.6687109225e-02 -2.5412776627e-02 2.2761177539e-02 -1.5756815140e-02 2.6334495911e-02 -3.5685778448e-01 6.0230262112e-02 -8.1993625976e-02 2.0569382155e-01 -1.3421626054e-01 -5.2292348875e-02 4.4833247970e-02 -3.4699260078e-02 5.3496817256e-02 4.8756898311e-02 1.3050143543e-01 -2.8294668810e-02 1.8179527975e-03 2.5083373440e-02 9.7315498503e-02 -6.8966969032e-02 -2.2966217613e-02 -3.6349012782e-03 -2.0078364394e-02 -8.6879319275e-02 -4.5133227451e-03 3.2569998444e-03 -4.7032167736e-02 -3.5921426180e-02 -1.0662680349e-01 -6.7654046465e-02 -1.1366835076e-01 -1.1594604194e-01 -6.8601420318e-02 9.6531951499e-02 1.7149255520e-02 1.0759398062e-01 -8.5777747609e-03 1.9242546423e-01 6.0420666288e-02 -1.0701099767e-01 3.9144624954e-02 9.0757955209e-03 1.3565194920e-01 4.8932606966e-02 7.0153027719e-02 -4.1988040518e-02 -2.0899745954e-03 1.9015118660e-02 -7.1824359565e-02 -3.1051151016e-02 -3.2471207017e-02 1.3918905265e-01 4.1748419013e-02 -6.5142323513e-02 -1.4668784699e-01 1.5483642390e-02
-5.6979514592e-03 1.5780683622e-02 3.5734115393e-02 5.7985822952e-02 7.3081077408e-02 -1.1262130438e-01 -1.6843230750e-02 4.6120606026e-02 1.6796434935e-02 7.6068515488e-02 -1.3176837829e-02 2.1112799956e-02 -2.3830205692e-02 -1.0835566897e-02 -5.9845559743e-02 -2.4073636523e-02 -7.7238415954e-02 -2.5565757486e-01 6.9024189330e-03 -1.0678628759e-01 -2.5751390290e-02 -2.9678701440e-02 -5.4608857518e-02 1.6557996871e-02 -1.7215011853e-02 -3.4887197599e-02 -4.8134281197e-02 -3.4256389072e-02 -6.4629032637e-03 1.0668125039e-01 -3.4895811517e-02 3.5659561557e-02 -1.3225039175e-02 -1.4751539346e-02 2.0046019018e-02 -4.4753466081e-03 -4.4579667987e-02 2.4043222050e-02 2.8520914166e-02 -9.7986062052e-02 2.3902332406e-02 -1.7962941781e-02 -5.3259263643e-03 -9.6416205578e-02 -1.0370505445e-01 1.1306117745e-02 -6.6858556106e-02 8.2665038836e-02 -6.4008666113e-02 2.3232866721e-02 1.4966792797e-01 8.9003585448e-02 -4.5172090732e-02 -2.5879264997e-02 -1.1481704124e-02 1.3099598190e-02 1.0198926989e-02 2.3882619280e-02 -2.0927268942e-02 1.3116022138e-02 6.2277616376e-02 8.9658302405e-03 2.3531455153e-02 -9.4657227459e-02 -5.6868477248e-03 -1.6801455597e-02 1.2005683192e-02 -4.5184754930e-02 1.2470316797e-02
1.7751864190e-03 -3.3777882255e-02 2.1586117731e-02 -6.0551720197e-02 -6.1798309442e-02 -8.2636850616e-02 -5.1264104391e-04 -2.1610430752e-02 2.0766741055e-02 5.4061742791e-02 -1.4257802906e-02 8.0961893244e-03 -3.9367900066e-04 8.9207676345e-02 -8.5530472286e-02 2.5970824518e-02 4.7802111570e-02 -1.9164133567e-01 -3.3858931747e-02 -3.6359590491e-02 2.2069780284e-02 7.5964186695e-02 -1.3432935795e-02 2.6047529568e-02 -1.9982974166e-04 -1.5633934835e-02 1.0217371407e-02 -4.9310844226e-02 2.7463738275e-02 -2.5435065005e-02 3.1535415202e-02 -5.9346491314e-02 -2.2342474566e-03 -3.1514041877e-02 5.2550831453e-02 3.8611493914e-02 -7.0655794718e-02 5.8628952046e-03 5.8477840504e-02 -1.0552049946e-01 -2.0142796077e-02 -6.3102545769e-03 1.6029496449e-03 -3.7144978049e-02 1.9072649556e-03 -3.1824867458e-02 1.8778937136e-02 8.6793519043e-03 -8.3967159027e-02 -1.3359287084e-02 6.4943274954e-02 8.3426380705e-02 4.2884459270e-02 -8.1721685696e-03 -1.6853097263e-02 3.6579685649e-02 3.5541105381e-02 -3.3503939027e-02 -8.8912954549e-02 2.5735818401e-02 2.3255483124e-02 6.3972037467e-02 -1.6627001125e-02 4.5339171317e-03 5.2189824066e-02 -1.3302315108e-01 -2.0858638614e-02 -3.6068522899e-02 2.5154701784e-02
-7.6739157923e-03 -8.3755411167e-02 2.7566794940e-02 -5.3397581149e-02 -6.3209850043e-02 -5.0788603137e-02 1.3237166629e-02 -4.0616558364e-02 2.1160512679e-02 3.3323581012e-02 5.0212858653e-02 -3.4400637160e-03 2.4819204418e-02 7.9372096877e-02 -4.9157027793e-02 7.7734489856e-03 2.8369458462e-02 -1.5207735637e-01 -6.6318032115e-03 -6.9357251131e-02 6.3802152665e-02 2.4472712239e-02 8.7421040202e-03 -1.1779148023e-03 5.7265797861e-02 -2.2758110341e-02 -2.0807383865e-05 -1.2675237467e-01 5.0211894729e-02 -3.7038584721e-02 6.0184107136e-02 1.6619261462e-02 1.2868018689e-03 -5.4655366300e-03 -9.9365022631e-03 8.0770745674e-03 -7.5985054902e-03 -1.4301166711e-02 3.2716487473e-02 -6.8983863129e-02 -2.8762437105e-02 -3.9440980297e-02 1.8749788995e-02 3.6365326980e-05 8.3547825141e-03 -3.9292648589e-02 4.8438033003e-02 -2.7466472799e-02 -4.0856686002e-02 1.0062456967e-02 7.2080297865e-02 6.0315568539e-02 3.6237598862e-02 -1.5682657733e-02 -1.3085429005e-02 1.1737391465e-02 4.5205441973e-02 -1.0777507034e-02 -1.2135379499e-02 -4.8936299542e-02 -2.6357655429e-02 -2.6966836737e-02 1.4218909917e-03 -9.2207613414e-03 2.1848281646e-02 -9.6057132278e-02 -4.4557079869e-02 -4.6405473709e-03 1.9335932981e-02
-4.1295620814e-02 -4.3195495786e-02 5.7444979204e-03 -3.2718401882e-02 -5.4394347158e-02 -5.5960995456e-02 3.9559934039e-02 -3.6572819151e-02 6.7306957789e-03 1.8760382202e-02 8.0754211981e-02 -2.9553489596e-02 4.5764880125e-02 4.2913862265e-02 -6.1990892832e-02 -2.7589760247e-02 5.0613507513e-02 -1.1571856830e-01 -8.2763348206e-02 -7.8508971620e-02 1.2194547295e-01 -2.0088465285e-02 3.7660003526e-03 5.2585576121e-03 5.2209193995e-02 -3.4203739373e-02 4.8937188390e-02 -1.2933890587e-01 5.5447546742e-02 -4.0475705524e-02 -1.8389428242e-03 4.6425187733e-02 -5.1213605621e-02 -6.7395025871e-03 2.3310542877e-02 -6.4828228190e-03 5.1915749187e-02 -2.3328997261e-02 7.7088617979e-02 8.7971825365e-03 -2.0676957463e-02 -2.4906787773e-02 2.6543434550e-02 9.8111947387e-02 5.2971039680e-02 7.6393137516e-03 3.7456279758e-02 5.1062787834e-02 3.2837143163e-02 5.5393476802e-02 -3.1918912500e-02 2.8789191659e-02 1.3751331385e-02 -3.4948213580e-02 2.5153622981e-03 5.5184185154e-02 4.8285577567e-02 3.1410233775e-03 4.4155614245e-02 -2.2247945173e-02 -4.0364954379e-03 -3.9399514330e-02 -1.1469603264e-02 -3.0349848028e-02 1.8368114367e-03 -1.5332215944e-01 -5.3002542574e-02 1.6867080336e-02 6.8553336390e-02
-1.9960629718e-02 7.7496862574e-02 1.9288615284e-02 6.5043058776e-02 -5.9984175759e-02 -5.6681957060e-03 -4.3161116086e-02 -4.5514448226e-02 3.3729291132e-02 9.0377610779e-02 1.0678712383e-01 -5.8532199301e-02 7.0012513869e-02 1.9138369718e-02 -6.0370189041e-03 -4.1700204558e-02 1.6116654978e-02 -1.1027037439e-01 -1.0999522508e-01 -2.6794519516e-02 4.8849006632e-02 -2.4897167750e-02 7.1898478370e-03 -1.2924087073e-02 -1.4960108638e-02 6.3365891647e-02 4.2826207435e-03 -6.2222488801e-02 2.3594199158e-02 -9.3584706809e-02 3.1862482635e-03 1.2997450669e-01 -8.6601962891e-02 1.0130302067e-02 -7.0440466107e-03 1.7757039907e-02 7.1445964923e-02 -4.4075553731e-02 9.0681475610e-02 5.4879512298e-02 1.1772802209e-02 3.2201932290e-02 1.5368659842e-02 1.2927210792e-01 4.0535892678e-02 5.4184130248e-02 3.3137381178e-02 2.2954481410e-02 7.8117136134e-02 6.5661679460e-02 -7.1436732353e-02 -4.3957222160e-03 -7.8432435648e-03 -3.3868637772e-02 1.4539828219e-02 5.3667773376e-03 7.8601066839e-02 2.2378790312e-02 9.0867624189e-02 4.2039597816e-02 1.6854932418e-02 5.4711706761e-03 -4.3655322555e-04 -2.2595809047e-02 1.0345136538e-02 -2.2044143506e-02 -3.4065307385e-02 -5.4501209509e-03 5.3146452451e-02
1.9951665021e-02 1.3270093445e-01 3.4293896509e-02 8.0552999642e-02 -5.0666607230e-02 3.4018527720e-02 -1.2559253346e-01 -7.4252552410e-02 3.6682371201e-02 1.2677153419e-01 4.4763255026e-02 -6.4081929518e-02 2.9600732939e-03 1.0556872179e-02 3.1952157155e-03 -2.3867502273e-02 -4.0425638134e-02 -1.0548043103e-01 -9.9965526951e-02 6.2015568984e-02 -6.8018654664e-02 6.1818751746e-02 -3.4839920438e-02 -1.7593390696e-02 -2.9381257035e-02 1.2163758452e-02 -1.1001828548e-01 -1.6313259289e-01 8.2308304326e-03 -2.0555983479e-02 4.1967665249e-02 1.1631080375e-01 -5.0706725904e-02 2.9979813620e-02 -7.1984275034e-02 -3.4657561366e-02 -1.9308994941e-02 -2.4247552755e-02 1.3275359099e-01 4.1717055235e-02 -1.4859703146e-02 5.3005669954e-02 -1.2516611193e-02 7.9870776067e-02 -5.1072923379e-02 -2.4138892372e-02 5.6454365781e-02 4.6924476454e-02 -2.5025600889e-03 3.5587967293e-02 -8.1880085362e-02 2.9208650930e-02 -1.4841877933e-02 1.1380631709e-02 -3.6973540318e-02 -3.0561825092e-02 1.6447459173e-02 -4.5684978261e-03 6.6291764276e-02 5.3763468510e-02 6.5852351480e-02 5.8474320544e-02 3.5575064073e-02 -2.1544677963e-02 3.0289884911e-03 -3.3456726625e-02 1.4428914626e-02 -4.8978508352e-02 -1.5806470862e-02
1.2014973275e-03 1.3170615539e-01 -7.6746755354e-03 2.5267257058e-02 -7.6773335006e-02 3.9245525622e-02 -4.7264947447e-02 -4.9264800359e-02 -2.9782737649e-02 1.0876696178e-01 -1.2776768847e-02 -7.4606785451e-02 -6.4993910596e-02 6.9862231209e-02 1.2682787852e-02 -7.0952023201e-04 -6.5562341575e-02 5.4360592590e-02 3.6010681583e-02 6.9169449113e-02 -4.7857901518e-02 1.0430145460e-01 -5.0886065914e-02 -2.1769935483e-02 -4.0033225834e-02 -2.3509701919e-02 -1.6371936816e-01 -1.0642542142e-02 -2.9455394571e-02 5.2970799862e-04 3.6956757523e-02 2.4840426924e-02 -6.4196090412e-02 -3.7996451493e-02 -1.0722828312e-01 -7.2501915301e-02 -8.3916648215e-02 -1.6737539165e-02 9.5543555357e-02 -5.1400300971e-02 -6.1909807356e-02 2.1764082892e-02 -4.7675542098e-02 -8.5899272156e-02 -7.5582461065e-02 -3.3417935140e-02 1.1562746385e-01 1.5262380654e-02 -2.7799985326e-02 4.9118488702e-02 -5.7928449366e-02 1.9469561105e-02 1.9419771018e-02 1.9841290892e-02 -4.8890353407e-02 -2.4561896479e-02 -4.2807530787e-02 2.6238434106e-02 3.8240880718e-02 1.3533652695e-03 7.1916878051e-02 2.6280711501e-02 -7.4915896127e-04 3.0982631031e-02 2.9150870164e-02 -6.7803899295e-02 3.7389896458e-02 -4.9450376239e-02 -7.0542245660e-02
-5.8112701262e-03 6.1994287909e-02 -4.2275679830e-02 -2.2215316263e-03 -6.5317158886e-02 9.5936537456e-04 1.2579877231e-01 -4.7953491978e-02 -5.3177708761e-02 9.8961998351e-03 4.7738931127e-03 -3.9119059666e-02 -1.2368434274e-02 1.4548241340e-01 5.2787322842e-02 -1.6176456714e-02 -6.6195333044e-02 1.4461545681e-01 1.2840919593e-01 -2.8168325055e-02 2.7167248156e-02 1.4889293779e-01 -5.3574243352e-02 4.7464649186e-02 -4.1073438325e-02 2.2636630485e-02 -4.6583779875e-02 -7.6525004338e-02 -4.4770027497e-02 -6.9307898757e-03 5.9774799334e-02 -2.8159305550e-02 -7.1058549736e-02 -9.0721767782e-02 -7.7414883149e-02 -5.6325803869e-02 -6.5025106536e-02 -3.4091543621e-02 2.4263700706e-02 -8.0459085295e-02 -8.5688917574e-02 2.0852831228e-02 -6.4848895628e-02 -7.9400901286e-02 -9.2899245790e-02 -5.8938664877e-02 1.1928334129e-01 -1.1840848254e-01 -7.8549846229e-02 8.8000856829e-02 -7.8242895148e-02 -2.1062748999e-02 3.3281414084e-02 2.3333011008e-02 4.8869315611e-03 2.3624554159e-02 -9.8962292328e-02 1.5893998231e-02 6.3740384894e-02 -1.4816754153e-02 9.5391171352e-03 1.0158930885e-02 2.1990629523e-02 6.8987286190e-03 2.3077510792e-02 -2.7696064007e-02 -4.1875876585e-03 -2.7004577053e-02 -6.9598323291e-02
-2.0776153970e-02 5.5275931462e-02 -3.7650739289e-02 -4.0768865252e-02 -7.7879266662e-03 7.9545670588e-03 1.0824597015e-01 -8.1644165203e-02 -6.4235692776e-02 -5.5656423042e-02 1.0406266189e-01 3.1048837290e-03 2.9842303257e-02 5.7285776799e-02 3.9668123584e-02 -3.5044133637e-02 -9.1045164457e-02 8.7821913447e-02 9.3716384472e-02 -1.2899860329e-01 4.9581003410e-02 2.6224754945e-02 -4.3446689180e-02 1.6464533885e-02 3.9666868626e-03 1.3422620400e-01 7.5778607871e-02 -1.3659173321e-01 -3.9445023398e-02 8.2991986109e-03 2.5295769059e-03 2.7240766545e-02 -6.9151356274e-02 -1.2497133171e-01 4.2677084314e-02 -7.1005898399e-02 -7.9008522829e-04 -3.4338086274e-02 -3.1960572917e-02 5.0332869470e-02 -6.3720010638e-02 5.3167774124e-03 -3.7107318177e-02 2.0553933783e-02 -8.1902365332e-02 -1.9465937535e-02 8.4291303744e-02 -1.5211602466e-01 -3.9684187567e-02 9.5439962334e-02 -1.2938863027e-01 -1.3746515268e-02 5.4763915618e-02 5.4963334648e-02 8.2129359177e-02 9.6920935287e-02 -1.0086804489e-01 -1.5772423119e-02 8.9925452475e-02 -7.7398312920e-03 -3.5467840044e-02 -1.4062593059e-02 8.0923738403e-02 -4.7795391791e-02 1.5672978148e-04 2.9050560969e-02 -7.2511400820e-02 1.9172244371e-03 3.8332760697e-03
-9.9793411118e-03 6.8658485647e-03 -3.9269052028e-02 -1.6120127052e-02 6.9371384423e-02 4.7912424539e-03 -3.7263464609e-02 -1.4066210242e-01 -3.5979265799e-02 -4.2391026878e-02 9.5326193767e-02 2.0904890665e-02 4.5275053631e-02 -1.3964263543e-02 2.5650202475e-02 6.9398361198e-03 -2.7773031677e-02 1.1372466275e-01 1.6267085304e-02 -1.6432632879e-01 -9.3262755609e-02 1.1435473821e-02 4.6404317893e-04 -9.7655108016e-03 3.3543444072e-02 1.1142113062e-01 1.2937265785e-01 -1.0974187026e-01 2.3269906106e-03 -4.2980095598e-02 -4.3979257951e-02 4.9984935556e-02 -4.1615324687e-02 -4.3499768670e-03 5.9557500730e-02 -4.1125870451e-02 3.1357038501e-02 5.4364303719e-03 -4.2710198540e-02 9.1232211764e-02 1.2561618368e-02 4.3118500913e-02 -1.1573545973e-02 7.3529753011e-02 -1.7332447498e-01 4.1107222553e-02 -3.5381873110e-02 -4.9083546901e-02 -8.6197379281e-02 -3.4669904687e-02 6.7444629813e-02 6.1447609512e-02 8.8597632676e-02 5.8766543723e-02 5.2081626641e-02 1.3547299479e-01 -1.0874188630e-01 -2.3404723309e-02 4.3085422415e-03 3.7843987738e-02 -8.6664570144e-02 -1.1276187649e-02 9.3395720617e-02 -7.8036551016e-02 1.6480875437e-02 -2.4527685123e-02 -6.1918090235e-02 -3.2101192988e-02 8.9841824386e-02
-7.9888702636e-02 1.7675262501e-02 -1.6437226065e-02 -1.6134695853e-02 1.4766493882e-02 -2.1293143926e-02 -8.8857162295e-02 -1.2351834223e-01 -7.6200046196e-02 1.8176412543e-03 8.3163946576e-02 8.8506347727e-02 -3.8098215665e-02 -2.5278709046e-02 -6.9499478678e-02 6.4228306018e-02 5.6209549941e-03 -2.9793706051e-04 -1.4019252260e-01 -1.7084739557e-02 -1.2651641535e-01 -2.2945811270e-02 -3.5531060650e-03 -5.7347217507e-02 3.2363214130e-02 -4.0138046608e-03 -2.5843448417e-03 -2.1267232706e-01 3.1840960733e-02 -7.2572081553e-02 1.4893869015e-02 -4.2833847380e-02 9.8266146944e-03 5.6950303377e-02 2.2102973578e-02 3.4407939257e-02 -5.6461849345e-03 2.8548650564e-03 -1.6076471150e-02 -1.9852920615e-02 2.3839560933e-02 1.5132329176e-02 -3.8508612043e-02 -6.3399211559e-02 -1.6752691439e-01 4.5223729334e-02 -4.7023761140e-02 -8.2005175014e-04 -2.3662090433e-02 -7.8109934552e-02 1.4696026721e-01 2.9079266121e-02 7.8028122312e-02 7.5290618845e-02 -2.1157120110e-02 5.3415310947e-02 -2.3184216450e-02 -9.5250276413e-02 -4.1486943275e-02 2.3773655895e-02 -5.5028673596e-02 3.1464584806e-02 6.3387055850e-02 -1.3203851865e-02 2.6839562021e-02 -1.5126978427e-01 5.9629681896e-02 -8.9338139193e-02 1.0306716067e-01
-9.9100875618e-02 -1.6761375937e-02 -5.3090044339e-02 5.4773908070e-02 5.5599234016e-02 2.9692186635e-02 7.8224482735e-02 -6.0289776295e-03 -2.1844270463e-02 5.6209444295e-02 3.7194801985e-02 6.0193630018e-02 2.9142637854e-02 7.5190314230e-02 -5.0248125015e-03 8.7345920047e-02 1.4031872116e-02 1.2547394930e-01 -8.6972653655e-02 5.5895406726e-02 -2.1176839612e-02 -4.2293483714e-02 -9.1014482901e-02 -3.1240093547e-02 -1.6952518492e-02 -3.1513675716e-02 -9.9118736217e-02 -7.8602207945e-02 8.1190642138e-03 -8.5131955745e-02 3.5590279514e-02 -2.9789315067e-02 -2.2997244168e-02 5.0849553708e-02 -3.9272269773e-02 3.3133560462e-02 -1.8948839625e-02 2.0789585394e-02 -3.0289045065e-02 -4.9018815661e-02 3.5054330911e-02 -3.1900579063e-02 -8.5424842499e-03 -6.7400249604e-02 -3.8791780583e-02 6.7623867847e-02 5.1792098311e-03 -1.1636445555e-02 4.7181089391e-02 -5.5582314048e-02 -3.4908092692e-02 -1.2226381784e-01 3.7893597543e-03 9.9576484697e-02 5.1054914522e-02 -5.6518333612e-02 -3.6691149463e-02 -7.2575352299e-02 -3.3230943589e-02 -7.3626471417e-02 -6.4272246372e-02 1.5880581889e-02 -1.5358909365e-02 5.7620318567e-02 -4.3503576744e-02 -2.0774785159e-01 7.1004746350e-02 -5.4764331567e-02 5.7536557922e-02
1.8084982014e-02 8.2680570655e-03 -7.9922040843e-02 8.6155445162e-02 1.2564141309e-01 9.6990590499e-02 4.8164290137e-02 6.6832064411e-02 -2.1288120061e-02 6.0168819346e-02 9.2801972967e-03 8.3978383652e-02 5.5899573218e-02 4.4788958231e-02 -3.1656580336e-02 -3.1449941387e-03 -2.3925920100e-03 7.6920735872e-02 3.3965037576e-02 6.4382056637e-03 4.7874800554e-02 -8.9270143407e-02 -8.6454414735e-02 -2.9612390367e-03 -5.3686995079e-03 4.1309629191e-02 -7.8476540553e-02 -1.9274140316e-04 6.1983190400e-02 -7.0294013181e-02 -2.9949859833e-02 4.0390663997e-02 -5.9626188606e-03 1.7628458731e-02 -2.0695223251e-02 -6.0997296437e-03 -3.9516207265e-03 7.9488312602e-02 -1.3848998831e-02 2.2428775387e-02 -5.7999179554e-02 -2.8757350497e-02 -2.0089593361e-03 -2.6716042174e-02 3.4133445710e-02 9.9383147579e-02 5.8672616333e-02 3.8052090557e-02 1.4666100059e-02 -1.6972501902e-02 -8.5300589228e-02 -1.2069689806e-01 -4.7705008786e-02 1.0156255781e-01 6.4632720342e-02 -6.6444052290e-02 -2.7251901607e-02 1.6370869385e-02 -4.6966993457e-03 -1.0130721213e-01 -7.0098980331e-02 1.4334181488e-02 -7.3348173244e-02 1.8345572542e-02 -7.1848509148e-02 -1.2889963631e-01 8.7459492987e-02 -2.2717298270e-02 3.9089985993e-02
8.7040112504e-02 -3.6419937559e-02 -4.4587838798e-02 -1.5466468982e-04 6.3161268909e-02 1.1326306491e-01 -8.5333289842e-02 1.0401219134e-01 -8.9753925985e-02 4.4734923134e-02 -7.9524892259e-03 1.1969997566e-01 1.8472094231e-02 3.2798622867e-02 -7.8852577858e-02 -6.0901712915e-02 8.0889874541e-03 -3.1064792044e-02 1.0814516067e-01 -2.6958414493e-02 4.1820372436e-02 -8.9301383227e-02 -3.7165934939e-02 4.1811743920e-03 7.5154348325e-02 9.9193192181e-03 -2.6141515324e-02 6.7843411368e-02 6.4297627450e-02 -4.1504352430e-02 -1.3453923356e-02 8.8113433302e-02 -1.0292133086e-02 8.5364427673e-03 3.4359569504e-02 -2.4033521102e-02 5.9465878904e-02 6.6181721082e-02 -1.9993845064e-02 4.6932669820e-02 -5.1689877040e-02 -2.8051875553e-02 -8.3458209905e-03 7.4982854045e-02 -1.5889530862e-02 7.7644360949e-02 5.6634043416e-02 6.8980423952e-02 3.4377244062e-02 7.0752604393e-02 -1.0846511784e-02 1.5650175922e-02 -5.9437911207e-02 9.6735230652e-02 2.5655095657e-02 8.3263895131e-03 1.2407533096e-02 5.2067188882e-02 8.7244185011e-03 -4.1593638618e-02 -4.0348978104e-02 8.6464573598e-02 -6.6439762723e-02 -4.7513718363e-02 -4.9923028509e-02 -4.1626242658e-02 8.6432369177e-02 -3.2971647517e-02 -2.5871966069e-02
3.4688223773e-02 -1.9429055327e-03 4.3877095513e-02 -1.4336565738e-01 -1.6415457250e-02 7.4151369797e-02 -4.6170797621e-02 6.4181281950e-02 -9.8233203946e-02 1.3070323121e-02 -4.9869807937e-02 7.1033398745e-02 -2.0042912334e-02 2.4981509735e-02 -7.7568895908e-02 -2.4699533204e-02 7.4434967033e-02 5.0310052110e-02 4.9061403117e-02 -3.6507300807e-02 5.5402177275e-03 -7.6953729331e-02 1.8659678327e-02 5.5205706496e-02 3.7174173854e-02 -3.7106655023e-02 -1.0978335972e-02 -4.7974890951e-02 5.8013645902e-03 -2.7604756868e-02 3.0878287758e-02 5.1685216213e-03 -4.4857056763e-02 4.8837544246e-02 8.0868714328e-02 -4.7334832998e-02 9.2844486475e-02 4.3399155222e-02 -1.8027358737e-02 1.0226831625e-02 -1.1259726222e-02 4.9788095225e-03 -3.9861774114e-02 9.6699350487e-02 -4.2005714298e-02 8.6606108194e-02 -1.1818287491e-03 -5.6185707201e-02 -2.5210235316e-02 9.2454588373e-02 4.0490678664e-02 5.6074259530e-02 -6.3890955177e-02 1.0299552235e-01 -2.1013302811e-03 4.0819714918e-02 6.1348072960e-03 4.4411875639e-02 5.5369966245e-02 6.5042609179e-02 -2.5473152481e-02 1.3135373248e-01 -5.1654741899e-02 -7.8085355263e-02 1.4064344943e-02 5.2450963971e-02 6.6170311763e-02 1.7572681569e-02 -3.6612927909e-02
-9.3115748678e-02 1.2775146596e-03 4.4366925047e-02 -1.0057396839e-01 -4.7697890351e-02 3.8451483628e-02 8.6536046791e-03 2.3801187080e-02 -6.5605666586e-02 -2.5512328299e-02 -1.0255778111e-01 -2.0766257373e-02 -6.4753010887e-02 2.8131026852e-02 -1.9407602178e-02 3.5078133921e-02 5.5487754215e-02 -9.8336551279e-03 5.9520928802e-03 -5.9452471142e-02 3.7632838685e-02 -4.5767266074e-02 7.3721027967e-02 6.1488375724e-02 9.3605561888e-03 -5.7556281456e-02 9.0898442909e-03 -7.9153415300e-02 -2.0830096195e-02 -6.5572572983e-02 8.0550040914e-02 1.7788930678e-02 -6.7238889984e-02 1.1086166833e-01 6.4839468539e-03 -2.6537856176e-02 6.5053969836e-02 1.9961432575e-02 2.2759396556e-02 -5.3508673730e-02 3.5236280628e-04 -9.0121916103e-03 -2.8940219526e-02 -3.9199356688e-02 -1.1064509615e-02 3.7910886432e-02 -6.2181793315e-02 -2.0315854352e-01 -1.8054097360e-02 3.1879710870e-02 -3.3568177312e-02 -4.3040570295e-02 -2.1603851874e-02 9.6842853320e-02 7.5192200543e-03 3.8262305674e-02 2.1051507100e-02 -7.6799083602e-03 4.4564731592e-02 1.0082740877e-01 -2.8684955175e-02 9.1111864048e-02 -4.4792497326e-02 -7.8379512254e-02 7.4868695815e-02 8.9418085278e-02 4.3119418305e-02 3.4865569034e-02 -4.4275275588e-02
-1.3602003027e-01 1.3743736635e-02 -6.1256457065e-03 -4.0493664706e-02 -2.3109134502e-02 2.4867106183e-02 8.8527114046e-02 -5.3580862112e-03 5.6811689503e-02 2.6461249753e-02 -8.8044250720e-02 -6.8566096346e-02 -1.4739433739e-02 2.9214768032e-02 5.2552259726e-02 5.3449600877e-02 -2.0151518030e-02 9.7608849060e-02 -3.5186415000e-03 -8.9758306377e-02 1.1510094188e-03 -4.4272161271e-02 1.0619173663e-01 6.6612178983e-05 6.1594532333e-02 1.3066031845e-02 2.6399096763e-02 -1.2134958273e-01 5.0241908545e-03 -7.1202722687e-02 9.5982937275e-03 7.9308379642e-02 -5.4718035141e-02 1.1353558267e-01 -4.8291754292e-02 -3.2323043131e-02 -2.4036221145e-02 5.4943189717e-02 2.6923370369e-02 -5.6956040466e-02 5.9001797082e-03 -9.1007885269e-03 7.0976429561e-03 -9.0881123724e-02 -1.7349521789e-02 2.9851965434e-04 -1.1003828937e-01 -1.2194369105e-01 4.1650797374e-02 -4.9658523614e-02 -9.6404190599e-02 -4.3366845087e-02 -2.8659311016e-03 8.8627913322e-02 2.9259641940e-02 2.9676720491e-02 1.1428018856e-03 1.8140765925e-02 2.8161890251e-02 6.6021499810e-02 -3.0910917592e-02 1.1458088709e-03 -7.2600502903e-02 -5.4368788960e-02 2.3092484845e-02 5.5795011291e-02 -9.0963950995e-03 9.0015581149e-04 -2.3689369917e-03
-7.8993353494e-02 -2.1305043951e-02 -4.7903942089e-02 3.1103978299e-02 1.5930948049e-02 3.2455358952e-02 -2.8614724146e-02 1.0188466352e-02 5.2140372326e-02 3.3240788416e-02 -5.1473337774e-02 -4.5159495085e-02 5.4176808971e-02 -1.2422386477e-02 3.7861053431e-02 3.0275451971e-02 -4.8917726710e-02 2.6017630086e-02 -1.5924300878e-02 -7.1388334430e-02 -1.4763627662e-03 -6.6978772801e-02 1.0511822437e-01 -1.0033193187e-02 5.1449899504e-02 7.8602227270e-02 2.9829552839e-02 1.2107204699e-02 3.3889558408e-02 -2.4871041830e-02 -6.8722657922e-02 1.0931077596e-01 -2.9045918702e-02 4.0244169465e-02 -2.7670062257e-02 -1.9448321486e-02 -5.9970583486e-02 5.2228480354e-02 4.3953354242e-02 -4.7448293500e-02 -2.5145955424e-02 -4.6390208168e-02 3.3096474908e-02 -1.3823904819e-01 -2.7551289016e-02 -1.7049863955e-02 -3.4744642281e-02 -1.7883466262e-02 2.4889569220e-02 -3.7849076757e-02 -4.6378997732e-02 -7.1515629131e-02 9.4669584696e-03 5.8751562660e-02 1.6444837918e-02 2.5699349613e-02 -5.6917914032e-03 5.4625352206e-02 -3.4506867308e-02 2.4182986583e-02 -4.0728851353e-02 -4.5998668443e-02 -5.3330649275e-02 -3.3332969411e-02 -3.4400650544e-02 2.3395961956e-03 1.9404147771e-02 4.6017244675e-03 -2.1516528477e-02
-4.4508271769e-03 -3.2734691415e-02 -5.4003503773e-02 -3.2835973260e-02 1.3428307333e-02 7.4760081522e-03 -1.2719338058e-01 -1.8375470957e-02 2.8370796659e-02 2.9864909084e-02 -8.0875679947e-03 8.8629253588e-03 2.2662284331e-02 -3.6460613582e-02 -1.4965330034e-02 1.6255274843e-02 -2.6470673734e-02 -1.9198127717e-01 -2.3872814213e-02 -7.0977355448e-02 -4.5244168614e-02 -9.3209895660e-02 1.0847195824e-01 7.1676801024e-03 7.3853643673e-02 7.1723421143e-02 5.7558529186e-02 9.7091084258e-02 6.0503800662e-02 4.2441953338e-03 -7.6852031161e-02 5.7017702760e-02 8.3620922517e-03 -4.8032501786e-03 -7.3110445378e-02 1.0135899357e-02 -7.8024801503e-02 4.3491419506e-02 2.8573587365e-02 -1.6782232865e-02 -4.1830140692e-03 -2.4362361327e-02 3.8907325261e-02 -1.3327339623e-01 3.6165147941e-02 -8.2873101823e-03 -1.2249756223e-02 4.0970505041e-02 4.5155103114e-02 -2.6375109451e-02 -6.4534460059e-02 -4.8270881710e-02 3.1593358115e-02 4.7609403797e-02 -4.5751128207e-02 3.4898233933e-02 6.1556953006e-03 7.4682508457e-02 -6.5739766434e-02 2.2530340196e-02 -4.9354653995e-02 2.5908083296e-02 -3.3697851147e-02 -4.2548101207e-02 -3.4053196680e-02 3.5965429838e-02 -4.3601004253e-02 9.1152034058e-03 -3.5571144080e-02
2.9367576866e-02 -3.8758385496e-02 -8.3739509417e-02 9.5790269785e-03 -2.5789262060e-02 -1.4398062110e-02 -1.0156101197e-01 -3.2192508410e-02 -6.3073756675e-03 3.0689023550e-02 5.1064055672e-02 7.0749403294e-02 1.5094371087e-02 -8.2862866622e-02 -3.5978714173e-02 -3.3157415710e-02 -4.7421747940e-02 -1.7938905475e-01 -4.4365036830e-02 -5.3931628670e-04 -4.9056195290e-04 1.1269163625e-02 5.5782449611e-02 4.5831223081e-02 3.9416639754e-02 2.6076327339e-03 6.4532128778e-02 -7.6585195976e-02 2.9203251806e-02 3.4986508418e-02 -2.3818630139e-02 -5.9123130877e-02 -1.9075463863e-03 -3.7217907556e-02 5.3006730016e-02 3.1360782769e-02 -3.2510338399e-02 3.2730851195e-02 4.1694605920e-03 2.9964021072e-02 -2.5735134640e-02 -1.8061686544e-02 -4.8849734077e-03 -1.5347117625e-02 7.6555938224e-02 -6.8689334618e-02 1.0779842405e-02 -1.6516885973e-03 1.7471058721e-01 2.5013125342e-02 -8.1116818668e-02 -4.4000575896e-02 5.2398140860e-02 4.8033343359e-02 -2.0938456035e-02 3.9951978533e-02 6.8205695549e-02 -1.0052570893e-02 -8.7559442627e-02 2.3495352188e-02 -1.8506463517e-02 6.9593287858e-02 3.8495552130e-02 -8.7003508655e-03 -3.5653437026e-02 1.7051704924e-02 -6.7233790671e-02 4.6623184894e-02 -4.2032981591e-02
6.4597922225e-02 4.0317310110e-02 1.1853308620e-02 -4.1255142846e-02 2.2676429370e-02 -8.3292469817e-03 -1.6527802026e-02 -6.2050481921e-02 -3.3908418123e-02 -3.9593735300e-02 6.0522102955e-02 1.4149452263e-02 3.9697318896e-03 -7.0990632925e-02 3.9736573876e-03 -1.9223575342e-02 3.8370300672e-02 2.1252008093e-02 -3.0565357241e-02 4.1922237434e-02 7.6966310437e-02 1.3343253838e-01 -4.4725865466e-02 1.7759238930e-02 -1.2554160467e-01 -1.0183213994e-01 5.6603033675e-02 -9.7998633949e-02 -5.1270843419e-02 4.3406558536e-03 2.4924977703e-02 -1.0271217518e-01 -7.6087164797e-02 -1.0684399178e-01 -3.5161864976e-02 -1.3132617014e-02 7.3889627309e-02 -4.9251820516e-02 -2.3938291017e-02 -4.0657742464e-03 -4.4480530338e-02 1.2411787983e-02 2.0723440905e-02 7.0929600351e-02 2.3825643481e-02 -4.1677338132e-02 -5.6808100318e-02 6.7870071488e-02 1.4800167543e-01 3.7062272501e-02 -1.5758757756e-01 -5.2532190281e-02 3.4920978043e-02 7.3501927230e-02 8.6055333401e-02 7.0412663190e-02 -1.8956341203e-02 -2.6696993880e-02 2.6656908991e-02 3.1887175104e-02 3.9666345859e-02 -2.4503613972e-02 8.9771258520e-02 -3.2057648768e-02 -6.1526647779e-02 1.0162757299e-02 6.9733904212e-02 9.2572391307e-02 -3.9164651687e-02
4.1780271756e-02 1.5409217942e-02 4.9075100191e-02 9.1219507529e-02 -2.7653603028e-03 -1.2164945261e-01 -1.3494689640e-02 1.6788750792e-01 -4.7126432611e-02 -1.1283398408e-02 2.6826995159e-03 -5.0844604296e-02 1.0941709437e-01 -2.1150129641e-02 -2.6038149144e-02 5.9431860066e-02 4.3772051586e-02 -2.9944633042e-01 -7.1575235028e-02 1.7351815359e-02 -3.3197706839e-02 9.1291545277e-03 -6.2488047755e-02 1.0631328543e-02 -1.1103610971e-01 -1.9568037614e-01 8.8750564164e-02 -2.6833417181e-01 -4.4843298848e-02 5.7339302578e-02 -4.9270572255e-02 -1.8881221342e-02 4.1279283279e-03 1.7253656483e-02 5.1691475775e-02 5.1963132622e-02 1.6497022412e-03 -5.7681676684e-02 -1.6038533278e-01 2.9625931683e-02 5.5178216219e-03 6.4343409438e-02 -4.0871624070e-02 7.9034493526e-02 1.3287726862e-01 1.0397988196e-02 -1.7749989950e-01 -5.0064178619e-02 1.8779367640e-01 1.4027279617e-01 -2.6155774607e-01 4.9200010126e-03 -1.2823483250e-01 -4.7058749868e-02 1.0914516899e-02 1.8419267449e-02 -3.1517253571e-02 -1.8088686772e-02 5.6236563470e-04 -2.7963589212e-03 -2.5366265641e-02 -6.4673078225e-02 1.2815475984e-01 -6.1792544987e-02 4.7186022391e-03 2.1322718590e-01 8.7968723895e-02 5.8906485148e-02 -4.8683018409e-02
-1.1624576302e-01 -5.6917425993e-02 3.5554025386e-02 -1.1953470583e-01 -7.8254672587e-02 8.0178960789e-02 1.1255558504e-01 -2.4681129487e-04 -2.1036950695e-02 1.5347087731e-01 7.5572095767e-02 -2.3619947499e-02 -2.0523931283e-02 -4.8545367620e-02 8.6136464906e-02 1.0989144328e-01 -5.6775633865e-02 -1.2040173163e-01 1.0229588149e-01 1.0575264144e-01 4.4773378678e-02 -3.4924062502e-01 -1.0718552881e-01 -7.3053293062e-02 3.9194262318e-02 -6.3938878612e-02 -1.2153494004e-01 -1.5525068750e-01 -1.0774607106e-01 -6.2053731492e-02 -9.5665456503e-02 1.1589221565e-01 -6.8347149515e-02 -1.0729721619e-01 1.6604886864e-01 -2.6522896212e-02 1.2100886755e-01 -6.0156819644e-03 5.0289338281e-02 -1.4653524546e-01 -1.5697015048e-01 -1.2168350326e-01 -1.2333910721e-02 -1.7019461334e-02 4.2590074508e-03 -2.6642858176e-01 -3.7214245839e-02 -3.3488188093e-01 3.1343052579e-01 -7.0798463846e-02 -2.3081062909e-01 -3.5569650923e-02 -1.6369841872e-01 7.4673033715e-02 -5.3147594751e-02 2.3223900396e-01 1.7772773051e-01 2.2500899094e-01 2.1192832393e-01 -3.2480680416e-03 1.6447608431e-01 -9.3518432711e-02 -1.8616143382e-01 2.2640037368e-01 -1.5677462087e-02 2.7060283910e-02 -7.9581947577e-03 2.5478482262e-02 1.2246426620e-01
-4.0174595826e-02 1.6877451191e-01 5.2044904698e-02 -2.8277564559e-01 -7.6663993166e-02 5.6310315586e-02 4.5108146126e-02 -4.7270630421e-02 -6.5985350465e-02 -3.3120835817e-01 1.1957032899e-01 1.4854570694e-01 -2.9131436373e-01 -2.3721401574e-01 -5.5182733149e-02 1.2695155079e-01 7.4224720296e-02 2.9250498819e-01 1.6745220763e-01 -4.3265315392e-03 1.8458427652e-01 2.5008880423e-02 -6.3767664045e-02 -6.0663976447e-02 -3.6112806807e-01 -1.8112981432e-02 -1.5357190081e-01 -1.2767101956e-01 -3.3816043830e-01 3.1064310173e-01 -4.6841944781e-02 -2.0155552855e-01 4.1105253724e-03 -4.4289918912e-01 1.9842455224e-01 -3.8735560102e-02 -3.4150072398e-03 1.2069155731e-01 -1.7537552842e-01 4.4862053970e-01 -1.5423264646e-01 -2.8845260537e-01 -3.6119505584e-01 -6.6039967557e-02 -3.8076622797e-01 -3.2782856209e-01 -1.2692667769e-01 -5.2628325283e-01 3.2198068605e-01 3.2428967334e-02 -3.5879933051e-01 -3.8776551802e-01 1.2085831046e-01 -1.4091281161e-01 -2.5290456713e-01 -1.2095429858e-01 1.9204560167e-01 9.0645490060e-02 2.5014304357e-01 5.7850416392e-02 1.2987379689e-01 1.6385464051e-01 2.1390678324e-01 -1.1478936843e-01 1.4474919168e-01 1.3177874201e-02 -4.2529785109e-01 1.5848941326e-01 2.2571860207e-01
1.3055305780e-04 2.9897889185e-05 -3.4281334908e-05 -1.6438799030e-05 -7.9993403603e-05 1.5089353993e-05 4.5545979215e-06 4.2388037085e-05 -8.7731181124e-05 -2.0794922508e-04 1.5601376928e-04 -8.1499557485e-05 -5.9805631062e-05 1.0978951812e-05 5.8768799963e-05 -1.8251005203e-05 -7.3580025298e-05 -2.3995764609e-05 -9.1522485639e-05 1.2202473847e-04 5.2982965704e-05 -1.8646262932e-04 -1.8468747246e-05 4.5878554813e-05 1.2001811050e-04 -1.4079113024e-04 -1.5167401524e-04 -9.5821917329e-05 -1.7531252036e-04 5.9435230247e-06 4.7131124431e-07 2.3499771826e-04 -4.7813538252e-05 6.1873379965e-05 1.2672804609e-04 -7.8869699789e-06 5.3930013760e-05 -7.4502321997e-05 1.8826574817e-05 -1.2693401646e-04 1.8321517829e-04 -6.0411399451e-05 2.1070277953e-04 4.2035852776e-06 -7.0098427366e-06 1.4793989251e-06 1.2658047947e-05 9.8933982473e-05 -1.0775555349e-04 -8.5556142103e-05 -2.8472301209e-05 1.3308171225e-05 1.6362577196e-04 -1.2624127043e-04 -6.3165476568e-05 1.3090951682e-05 1.1231280132e-04 3.3565218311e-06 6.0551576115e-05 7.6510617853e-05 -4.3872031849e-05 -2.4456472151e-05 -1.7694667885e-04 -1.0804337738e-04 6.3749900078e-05 -9.4980705792e-06 -3.3427473895e-05 6.4139568479e-05 -3.8735421015e-05
-2.3525760380e-03 -6.1426748357e-02 6.1381944634e-01 -1.2728858561e-01 1.2337085522e-01 -2.9132303816e-02 -3.6065101682e-01 -1.1974928690e-01 -2.2369398167e-01 5.5049342794e-02 4.2426891079e-01 -3.1973544916e-02 -2.9660319980e-01 -2.0268314521e-01 -5.4818636542e-01 1.0064885528e-01 -2.8074456904e-01 -2.1951314306e-01 -3.1779662594e-01 2.7140216014e-01 3.2034258080e-01 -4.2182772915e-01 4.6968705814e-01 -4.8367858368e-01 -2.9697998530e-01 2.1097158121e-01 9.0567770112e-02 -3.5763139205e-01 -1.0125958525e-02 1.6637825977e-01 -2.2773573232e-01 4.3915120600e-01 -2.9648817323e-01 -3.3472838317e-01 8.2963936114e-02 2.4947866950e-01 2.0069522860e-01 -2.2295384874e-01 -4.2061310636e-01 9.5312985745e-02 -1.7269688467e-01 4.3127258247e-01 -8.5465501157e-02 -6.0773706458e-02 1.5576840181e-01 -3.1362703367e-01 3.1091598023e-01 -3.1273339835e-01 2.3505744269e-01 -3.5029548575e-01 5.7928041245e-01 2.2957207439e-01 1.7058638218e-02 7.3820188862e-02 -2.1024155311e-02 4.4227335296e-01 -1.5957907339e-01 -1.6003129384e-01 2.1243339683e-01 -6.2332281365e-01 -4.3335840039e-01 -2.0198434777e-01 2.9214962028e-01 5.4843090128e-02 3.7246096574e-01 7.5740228922e-02 -7.0620923548e-01 3.9353396744e-01 -4.4556029899e-02
-5.8602607124e-02 1.4041905038e-02 1.1096796785e-01 -6.6836097488e-02 1.6884884115e-01 1.4631433229e-02 4.9371046409e-02 8.0612514854e-02 1.8142981423e-02 1.9597802312e-01 -1.3947303175e-01 5.0164458078e-02 -3.1202993379e-02 1.7205538221e-02 1.1862089841e-02 1.4693530614e-01 1.2821901053e-01 -4.1118432961e-01 1.7285864463e-02 -1.2537898403e-01 3.6193988839e-03 -1.6314332372e-01 -2.1690633564e-02 -2.1514736077e-01 -6.5210465897e-02 4.6505120066e-03 -9.0567095230e-03 2.3902193162e-01 1.6974550555e-04 -3.7314159286e-01 -7.0713694476e-02 9.2321740641e-02 -1.0451587607e-01 -1.0187845942e-01 -1.9009133513e-02 1.5138959390e-02 8.1383119873e-03 -2.1754781237e-01 2.2726022643e-02 7.5126024928e-03 -3.6671476598e-02 5.0356292471e-03 8.9688952971e-02 -2.9580775850e-01 -5.3868877298e-02 -1.9534655450e-02 -1.1774524917e-01 -7.4978958148e-02 1.0029087710e-02 7.9392505000e-02 1.5854275427e-01 -1.1715505469e-01 -2.6607854964e-02 -5.0800318451e-02 -1.6078839439e-02 -5.3125837218e-02 9.3127583680e-02 1.1533290029e-01 -2.4526196434e-02 -8.3051118684e-02 -8.5092380270e-02 -1.0140391740e-01 5.2426262374e-02 -8.8085403367e-02 2.1097076151e-01 -2.8687675618e-01 -2.7808239182e-01 -1.7866000945e-01 1.8297854059e-01
5.9640619424e-02 -1.1450583202e-02 -3.9449463195e-02 5.5435520539e-02 1.0421490263e-01 1.4279872225e-01 1.2071729669e-01 1.5060175122e-01 -3.0102679574e-02 7.9696859419e-02 -3.6032159318e-02 2.9983332412e-02 -5.6685748767e-02 -2.1883444205e-01 -6.8721726160e-02 -1.3588577778e-01 -5.8192987267e-02 -3.0143828456e-01 -3.1372795351e-02 1.1531134826e-01 -3.9291882305e-02 -6.1251144464e-02 -3.1825006743e-02 1.6942655842e-02 -1.7253727098e-03 -5.9717647741e-02 4.8480533596e-02 -7.3873623814e-02 -2.0929088997e-01 -1.5872304326e-01 -1.0333322654e-01 8.7011716681e-02 -1.1137773755e-02 5.4940514306e-02 -1.3147224806e-02 1.0748886201e-02 5.2179581797e-04 7.1416180018e-02 5.0728436682e-02 -7.1441935902e-02 -4.7389117460e-02 4.9915221394e-02 1.2733015815e-02 -4.1929042410e-02 -9.9316831655e-02 -5.8020336014e-02 -4.0385130824e-02 -1.6776223134e-02 -7.6796789942e-02 -6.1595237158e-02 1.4621386545e-01 2.5341514995e-01 5.9733106712e-02 -5.0541177103e-03 -2.9019791555e-02 1.1905746538e-01 -1.3988443944e-01 -3.9857258409e-02 -6.9685903423e-02 -8.0847753150e-02 1.3543301110e-01 -1.4289128531e-02 1.1102716652e-01 -5.3229476726e-02 -3.5435267386e-02 -1.9748368750e-03 3.9016715112e-02 -5.7677991180e-02 8.1138202731e-02
-1.7612350447e-02 -4.1150064841e-03 3.9259304970e-02 1.2760683302e-02 -4.2088500541e-02 1.4886470120e-02 -6.0422792771e-02 2.5399387463e-02 -5.8242599203e-02 9.6185068415e-02 -1.7406870379e-02 -2.0293809831e-02 -9.5466769747e-02 3.3440746462e-02 -5.5404742714e-02 -1.4391956282e-02 -1.6459509474e-02 -2.4311151791e-01 -1.4529901373e-02 -5.4128518080e-02 -3.9281868096e-02 -1.2822218416e-02 7.2613266880e-02 -4.2920322897e-02 -4.5872596819e-02 -1.1268176011e-02 -7.8857076901e-02 -1.6172052167e-01 1.6407930822e-02 -4.5492745787e-02 2.7293174526e-02 -5.8973750484e-05 5.3787083511e-02 -3.9164369954e-02 -6.6442089550e-03 2.6020523599e-02 -5.6320678635e-02 1.1222685319e-02 3.2570259618e-03 -4.7673449496e-02 -4.7823996359e-02 -7.0005758047e-02 3.9484512430e-02 -1.3322106065e-01 -1.3956552963e-01 5.2010456841e-02 -1.0662271218e-01 3.3507471043e-02 -5.1962745849e-02 -8.8784122218e-03 1.0568593086e-01 1.1084312530e-01 7.2309359899e-03 3.4597509776e-02 -3.7341381800e-02 -4.1292049688e-02 2.3069208713e-02 3.3299192799e-02 -3.9173604764e-02 -2.1314724877e-03 -9.8841272530e-02 -2.0788299933e-02 -2.2998322860e-02 -4.9676821567e-02 7.2594966341e-02 -2.0980891936e-02 1.1129917979e-02 -1.1178590464e-01 -1.1174231199e-02
8.5297776537e-03 -8.6925532681e-02 1.8696647091e-02 -3.5083774368e-02 -1.3214369286e-02 -1.1054501828e-01 7.0035690674e-02 -2.4234317315e-02 -2.4959564184e-03 -1.7633962481e-02 3.0439731639e-02 2.4783211943e-03 -3.6542803810e-02 1.0931189012e-01 -5.0741506938e-02 2.9908159615e-02 -3.0616259781e-02 -2.5264261261e-01 4.5078262945e-02 -6.3281855853e-02 -1.7327846083e-02 -1.9841971241e-02 4.9812600035e-03 -5.3343614439e-02 4.8412039894e-02 -5.6061890290e-02 -6.6500674642e-02 -9.6953498188e-02 2.3598502379e-02 -2.5220512573e-02 3.1992626199e-02 -4.0581086323e-02 -8.8504457166e-03 6.6066471137e-02 -5.4692891762e-03 1.1634348207e-02 -1.2426202205e-02 5.7757191376e-03 -1.7140063405e-02 -1.0962184519e-01 -3.5365315489e-02 -4.4549547171e-02 4.9678797616e-02 -4.8621965120e-02 -3.3400897438e-02 -5.5518324799e-02 -1.3293902186e-02 1.1222368094e-02 1.8303459107e-02 -1.2985557594e-02 5.1532638542e-02 1.0953319761e-01 1.3306889005e-02 -8.1692937231e-03 -1.8046967533e-02 -1.8526681904e-02 3.4484664766e-02 -2.9350949112e-02 1.0643102820e-03 3.0832235512e-02 -5.1223797083e-02 -3.8730056410e-02 9.4453180696e-03 2.1028392202e-02 4.6770155928e-02 5.2119243457e-03 -2.5258537659e-03 3.4449998959e-02 -1.1095048057e-02
-1.5680767597e-02 -9.0545176946e-02 6.3386569203e-03 -3.8460860557e-02 2.1270091132e-03 -8.5729969597e-02 1.1276956683e-02 1.1444175946e-02 3.3031606582e-02 -3.1013655287e-03 5.4562167030e-02 -8.0709021501e-05 5.3263284878e-02 1.1211907997e-01 -6.3432944297e-02 2.2881547156e-02 3.8093109510e-02 -1.4382436437e-01 2.3008365622e-02 -1.0339893866e-01 3.0871271693e-02 -4.5823702256e-02 8.3081447380e-04 -5.4973001961e-02 3.9747811491e-02 -4.7443930046e-02 9.9808661533e-03 -2.1229287395e-02 3.8722219461e-02 1.0818508477e-02 3.9916960362e-02 -3.3589425664e-03 -1.7265939263e-02 1.4482460346e-02 6.1214571849e-02 2.2928047029e-02 -1.3058239391e-02 -2.4317603119e-02 -5.5143788555e-05 -1.1862224635e-01 -1.3696183133e-02 -1.4786811341e-02 4.0220618828e-02 -4.1354551481e-03 2.0840125170e-02 -6.6226493539e-02 8.9604701177e-03 -5.6148231978e-04 -2.1390397705e-02 1.3090315527e-02 4.0954869410e-02 6.3771432325e-02 1.3533520612e-03 -4.7557527858e-02 2.2017529275e-02 -4.2088136336e-03 4.9977080711e-02 2.4252598997e-02 -9.6985538922e-03 -8.6931136391e-03 -7.2259321368e-03 -1.6540786765e-02 -2.6651877579e-02 -1.2268740307e-02 -3.0650577528e-03 -1.1788360420e-01 -2.8921606417e-02 2.6249300492e-02 1.3313446502e-02
-3.7754701127e-02 -7.3936275882e-02 -1.2500128510e-02 -1.2470738311e-02 2.2168146461e-02 -5.5485371074e-02 2.0761739553e-02 -3.1318539932e-02 3.5930212657e-02 2.0216645938e-02 7.2651744594e-02 -5.1933177304e-03 7.7692638611e-02 4.2625988340e-02 -3.8250844447e-02 1.3692181288e-02 7.0282996254e-03 8.1473469248e-02 -5.1300660546e-02 -1.0162655080e-01 1.0542860088e-01 -3.9690905698e-02 1.6506071114e-02 -4.5127865488e-02 7.6144600714e-04 7.5266697886e-03 2.6699198495e-02 -7.8692987590e-02 4.1518087428e-02 -2.5305466847e-02 3.7161938774e-02 3.5704113682e-02 -6.3478170896e-03 1.5082970909e-02 5.1240737662e-02 -2.6345080170e-02 5.4172159575e-02 -5.4796124851e-02 4.9690076693e-02 -4.2047321871e-02 1.0879363103e-02 1.2144803664e-02 8.3124177913e-02 5.9583479392e-02 3.7160370557e-02 4.5155353958e-02 6.4257772251e-02 -5.1681802198e-02 -4.1232420292e-03 2.9284638357e-02 -3.3840041013e-02 6.1119178167e-02 -1.6729785471e-02 -4.5063765654e-02 1.9341041687e-02 4.9263440758e-03 6.8744734053e-02 -8.4012404030e-03 8.9847002315e-02 3.3467733274e-02 -1.5901394075e-03 -4.3994835591e-02 3.9682735629e-03 -2.2080879127e-02 -3.7795919566e-02 -1.2167492554e-01 -7.0568059600e-02 7.8567454628e-02 3.7815974653e-02
-3.2894070434e-03 5.8982197912e-02 -3.1555853105e-02 2.5575702101e-02 -1.9045399482e-02 -3.0324832743e-02 -3.1161651996e-02 -3.6813657664e-02 1.3053330579e-02 5.5343169880e-02 1.1940558471e-01 -2.7795114366e-02 4.8318393078e-02 -7.7354245771e-02 -4.1328484552e-02 8.9261501150e-02 -1.5881209447e-02 5.6907273942e-02 -1.0479306190e-01 -2.5279190245e-02 5.3210857687e-02 -8.5267465047e-02 -4.4221863191e-02 -6.6290239561e-02 1.7014381305e-03 4.2639853700e-02 -1.2155094593e-02 -1.1360177632e-02 1.3249689698e-02 -1.9734017153e-02 3.0471114528e-02 2.7409026648e-02 -3.7941249141e-02 3.5733166135e-02 3.1058734977e-02 -3.1164566302e-03 7.9934319573e-02 -2.6192372501e-02 9.9907937646e-02 5.9033491720e-02 5.9310301666e-02 2.1431079168e-02 7.8608082126e-02 1.0091515302e-01 4.3822422206e-02 5.6100369670e-02 5.4061986982e-02 -5.2442334290e-02 9.4929017615e-02 6.3229163726e-05 -7.8691217762e-02 2.1615583566e-02 -1.2707692145e-02 -3.7098829335e-02 3.1963672357e-02 3.3746669987e-02 6.8669772460e-02 2.2364061243e-02 1.0648233042e-01 1.2530527758e-01 8.1381807403e-02 1.9190887548e-02 2.2316483449e-02 -4.7313142430e-02 -6.7670120868e-02 -7.2441621985e-02 -5.5066367041e-02 4.6908148538e-02 -3.5769937914e-02
3.9004527491e-02 1.3861424100e-01 -6.5476796442e-02 4.9170294991e-02 -3.8936102585e-02 -2.0083119493e-02 -6.7772821588e-02 -4.3526099554e-02 2.3381395098e-02 9.7953940469e-02 3.4651580238e-02 -3.7431817464e-02 -2.9605324464e-02 -7.1424012300e-02 -6.3250747773e-02 4.6672401951e-02 -3.4660840835e-02 -1.7130319426e-02 -4.6226453052e-02 4.2693480618e-02 -6.4123603080e-02 -2.4391965855e-02 -2.3734043584e-02 -9.1351766117e-03 3.2580573811e-02 1.4293900820e-02 -9.6046014409e-02 1.2878353689e-02 7.5446843383e-02 -4.8438570400e-02 -1.3003549768e-03 1.2710365792e-02 -3.3176534535e-02 2.6140277176e-02 -5.0873476256e-02 -1.0336613525e-02 -6.4218860401e-03 -5.2482437674e-02 1.2155054600e-01 7.0038016406e-02 6.7846120716e-02 2.9157193310e-02 8.7273895056e-02 1.9938509442e-02 -1.0941927061e-02 5.1058287157e-02 2.4702598878e-02 1.5927887429e-02 4.6629183531e-02 -5.4840746791e-02 -2.4702568701e-02 7.7910086489e-02 -5.5439271516e-03 2.2474621645e-03 -2.8201728165e-02 1.5350997526e-02 2.4769064586e-02 -9.3361247298e-03 7.1820239544e-02 1.4037819212e-01 9.2697582375e-02 4.0626473483e-02 1.9791528545e-03 -4.0935244426e-02 -1.8773269412e-02 -5.6451597458e-02 3.6203796512e-02 3.3440771294e-03 -1.1911063143e-01
7.2024178950e-02 1.3930921424e-01 -5.4308814239e-02 6.6942178801e-02 -8.5167627908e-02 -2.0445694000e-02 6.7341594352e-02 -1.0724580885e-02 2.7492712032e-02 6.3963386225e-02 -5.0117306419e-02 -3.5992332535e-02 -5.7617513867e-02 6.1634270701e-02 -1.3885263763e-02 -3.7236238719e-02 -4.4297025407e-02 -5.3344087093e-02 4.2990753157e-02 -2.3324661371e-02 -6.0366876002e-02 5.2279792227e-02 -4.9333588724e-02 4.0383103392e-02 7.5363529415e-02 -3.3854902806e-02 -1.5837312757e-01 9.7321492951e-02 1.1851039263e-01 -3.3020606735e-02 2.0577221750e-02 -5.7045990800e-02 -3.4152092427e-02 -6.8625810547e-02 -6.1655347489e-02 -7.9637275352e-03 -7.7126322289e-02 -6.9850772531e-02 1.2011724686e-01 7.1156130471e-03 3.3897226289e-02 2.9177266125e-02 2.0511300635e-02 -1.4753469927e-01 -3.8012901034e-03 -4.3008443447e-02 2.6866267762e-02 -8.4393740656e-03 -4.2795884905e-02 -3.1425309119e-02 7.0362730609e-02 2.4902839272e-02 4.2637995220e-02 -7.5515679586e-04 -1.1387687462e-02 2.3437027827e-03 1.2078237813e-03 -1.8475555671e-02 4.6188378625e-02 6.8810300468e-02 4.8134088519e-02 4.4437170475e-02 4.2620088920e-02 -6.5923614658e-02 1.8657915824e-02 -4.8889782300e-02 9.4423898790e-02 4.9713177072e-03 -9.9534996906e-02
5.0827918887e-02 5.2046236483e-02 -6.5471344089e-02 3.3159612293e-02 -4.9034822778e-02 -7.7058118976e-03 7.1888355276e-02 4.6862781065e-02 -1.9450559372e-02 -6.4001377296e-03 2.1319010803e-02 -2.1572997430e-02 -3.0866475812e-02 1.2611181963e-01 4.9490392958e-02 -1.0889761388e-01 -3.2657644760e-02 -4.0492881526e-02 1.0710758063e-01 -9.9551494457e-02 3.2011956898e-03 1.2477839045e-02 -8.0753242592e-02 8.0693106305e-02 8.8837326767e-03 -3.1437486405e-02 -3.4402284298e-02 3.5299654141e-02 5.8224734008e-02 -3.0169518601e-02 2.0934755537e-03 -1.0644533853e-02 -6.7237885885e-02 -1.4108956822e-01 -5.5795678952e-02 -3.8934628823e-02 -2.2336593365e-02 -2.1088193213e-02 3.6869473344e-02 -7.6092893916e-03 4.6128565962e-02 3.5721068692e-02 -2.2768595948e-02 -1.2815962822e-01 1.9454665727e-02 -1.1703077909e-01 4.7654439029e-02 -5.8432141976e-02 -1.0338556863e-01 1.1678296186e-02 1.0858574970e-02 1.2034668071e-03 5.1270490236e-02 -6.3514692177e-03 2.7411917617e-02 2.6419061899e-02 -2.9180868743e-02 -1.4062378606e-02 4.3298205522e-02 -1.1044128607e-02 -2.2190320169e-02 3.6977636698e-02 5.6368183696e-02 -9.7050553164e-02 3.6709470800e-02 4.8328908328e-03 7.1548466483e-02 7.2162292313e-02 -1.0424764131e-02
2.4939924973e-02 -1.9512614338e-03 -6.2500874738e-02 -2.3867831320e-02 1.8737861424e-02 -1.7812899231e-02 -4.4621314849e-02 4.1346855421e-02 4.1638887143e-03 -4.1937886748e-02 1.1563478043e-01 -2.7344140180e-02 4.9812660584e-02 1.4744030905e-01 6.9414214269e-02 -1.3213722767e-01 -2.3541480951e-02 3.0299562116e-02 1.1730188571e-01 -1.7255983510e-01 1.2654009888e-02 -7.5804730392e-02 -1.1174932415e-01 6.4786645869e-02 -1.5888819104e-01 4.7646139214e-02 9.0333632335e-02 6.3196357700e-02 3.0997500440e-03 -5.0139021494e-03 -6.9451696695e-03 4.4771647559e-02 -7.4740531419e-02 -8.2973634555e-02 -3.7655942584e-02 -5.2336832014e-02 9.4387686677e-03 3.5386542287e-02 -2.5862713050e-03 -3.2981921066e-02 6.5852311518e-02 5.9879344775e-02 -3.1736529706e-02 -2.9250149546e-02 -2.5459256801e-02 -9.2507021176e-02 2.3197418976e-02 -9.9572317974e-02 -5.0219689914e-03 -2.5774774292e-02 8.8939898031e-03 -5.1901722967e-03 1.1489819923e-01 -1.8111318190e-02 4.7715485474e-02 8.6786908805e-02 -1.3809285923e-02 -6.3544558537e-02 2.7334385206e-02 -2.0322579108e-02 -3.8677581406e-02 5.2691720513e-02 7.7194580535e-02 -8.9506868500e-02 2.8515314378e-02 2.1050014364e-02 -2.1087694898e-02 6.0536393800e-02 4.3463986332e-02
-3.6409264002e-02 4.6207418387e-02 -7.7126120271e-02 -1.8257693932e-02 3.5533437505e-02 -5.6655215972e-02 -1.3918713768e-01 -4.0845824003e-02 -4.3389332788e-02 -3.4462071449e-02 9.9655352073e-02 -1.0144857936e-02 -4.2047393798e-03 1.2759846033e-02 8.1212238935e-02 -5.8430594651e-02 2.6315424663e-02 -1.3694665930e-01 -6.4491712381e-02 -1.0334461779e-01 -3.5266228479e-02 -1.4690811954e-01 -6.8147739584e-02 6.7790009877e-02 -1.0619169603e-01 4.1540007767e-02 1.5240503962e-01 2.9392988828e-02 -3.4210406715e-02 1.1145093861e-02 -1.9823901003e-02 4.9611212952e-02 -4.1455486144e-02 2.4941573698e-02 -3.3315205815e-02 1.4673461064e-02 1.7130747253e-02 8.4314209107e-02 -4.3630518619e-02 3.0287139429e-02 6.3658587043e-02 6.4396111208e-02 -2.6927931553e-02 -8.0705874634e-06 -5.8989326467e-02 3.9321035465e-02 -5.0229006833e-03 -8.4005423555e-02 -2.2136584913e-02 -1.1028358387e-01 5.5857302095e-02 9.8005389206e-02 3.9321090711e-02 4.7633512674e-02 -4.5615154654e-02 1.3993185432e-01 9.0871381627e-03 -4.1861900637e-02 -4.5735319518e-03 4.7333635572e-02 7.0747978970e-03 8.4132002822e-02 6.7021937840e-02 -3.1094020006e-02 1.1244422194e-02 5.4273234581e-02 -5.7555675081e-02 -1.6328298089e-02 1.0371222713e-01
-8.7184375939e-02 4.2767664410e-02 -7.1933570127e-02 -3.4693798801e-02 -1.2337642881e-02 -1.2464867762e-01 -5.9850969248e-02 -6.2469495278e-02 -3.0687501637e-03 -5.0654189792e-02 5.4919200726e-02 -1.2984163469e-02 -3.9240084087e-02 7.2995421774e-02 2.7579181864e-02 1.3588018705e-02 2.9929691595e-02 -1.3499263950e-01 -1.4452110106e-01 1.3267153340e-02 -6.0841541327e-02 -5.0753258559e-02 -3.4651456436e-02 5.1196962131e-02 5.1970327025e-03 1.3676764593e-02 -2.2456398173e-02 -1.0132524520e-01 -7.8708260363e-02 -4.1479043621e-02 4.3265844246e-02 -6.9014787954e-02 -3.1512299151e-02 9.9065310658e-02 -5.4406481341e-02 6.9076957400e-02 -5.5659776271e-03 2.8580316114e-02 -5.9022797886e-02 1.2006022567e-02 6.2376839759e-03 -2.5953504965e-02 -1.0745851206e-01 -5.8999487205e-02 -3.1024579578e-02 7.9437747158e-02 -3.6279344111e-02 -1.5254115320e-01 1.7234279611e-02 -1.4110028185e-01 8.7579857157e-02 9.7000005912e-02 -4.6658718269e-02 9.5210754477e-02 -8.5710171805e-02 6.2683494586e-02 8.4556395582e-03 -7.3645129864e-02 -5.0851113310e-02 2.0843941194e-02 6.1396698639e-03 1.7887891565e-02 3.0965571466e-02 9.9556287760e-03 9.3219041318e-03 -4.8200432675e-02 2.3086551264e-03 -6.8399904798e-02 2.3986715221e-02
-4.5191371802e-02 3.0270619982e-02 -8.7444127237e-02 9.0404707697e-02 2.5863041558e-03 -8.2186844621e-02 4.6230960356e-02 -3.7677993376e-03 7.1135512256e-02 -2.8595685394e-02 5.4826499331e-02 2.1968442714e-02 -1.2240577606e-02 1.7453624845e-01 4.6688828633e-02 6.1620376784e-02 -1.0384575339e-05 5.8538941174e-02 -6.7686215400e-02 6.7411077589e-02 -5.3275109590e-02 -1.7337817208e-02 -9.2307090014e-02 -4.3173640444e-02 1.0102153726e-01 3.0889760089e-02 -6.1558830275e-02 -1.2255371349e-01 -2.4890539512e-02 -7.1792183523e-02 6.8601643859e-02 -2.0303432378e-02 9.3369206839e-03 9.3403862337e-02 -2.2742287321e-04 7.2985401015e-02 6.0474372668e-03 -1.8060358682e-02 -6.8940550606e-02 1.6081674957e-02 -6.2961140211e-02 -4.1598918697e-02 -4.0887345273e-02 -6.5887082878e-02 6.2020218299e-02 8.4187510327e-02 -5.9186670741e-04 -1.1650027615e-01 -4.1247853081e-03 -1.2636632560e-01 -1.1617107567e-01 -4.5791506744e-02 -1.2002101142e-01 1.0534674855e-01 -1.3627291206e-02 -2.8712223047e-02 1.5038820810e-02 -1.9823665036e-02 -9.3327813440e-03 -6.2529989137e-02 -4.5490275759e-02 -5.6720738215e-02 -5.3235658739e-03 3.1175374482e-02 -8.3254150808e-02 -4.4660518581e-02 4.0630857728e-02 -4.4839956787e-02 -2.0524932833e-02
3.5956334785e-02 8.3291471176e-03 -1.1516226239e-01 1.1613678618e-01 6.4977554340e-03 -4.2614965200e-02 -2.7445845023e-02 7.1468734807e-02 1.4548323166e-01 1.4485959460e-02 9.0727226522e-02 6.0144962025e-02 -8.3268041416e-03 1.0613399164e-01 1.8648461664e-02 -4.4896090653e-02 -1.2106250844e-02 -1.3519599355e-01 5.0620088459e-02 2.0182392311e-02 -3.9154088987e-02 -2.8460715267e-02 -6.4354537412e-02 -7.8971615608e-02 1.1197625651e-01 6.6272423659e-02 -1.7737696768e-02 2.7736788760e-02 5.2473014848e-02 -2.3057047769e-02 -2.8722070088e-03 1.0394803332e-01 5.8501877192e-02 1.4054534854e-03 9.6461378767e-02 -3.5254365292e-03 -1.4835455374e-02 2.1575352357e-02 -5.7462980434e-02 -2.5745472855e-03 -1.1748041506e-01 -2.4220987248e-02 -6.9901047363e-03 -6.8793582844e-02 5.9046271335e-02 1.1009633988e-01 3.2836685532e-02 8.2956236234e-03 -2.2478500166e-02 1.4512030017e-02 -8.4986236059e-02 -8.9536951340e-02 -8.6226328894e-02 1.2910100210e-01 4.4996308746e-03 -4.4417758492e-02 -1.7253524649e-02 3.3398885025e-02 -1.4975010818e-02 -1.0041460694e-01 -6.0855800954e-02 -5.9754364195e-02 -3.2402656842e-02 -3.2016389070e-03 -1.2295941574e-01 -3.6464784109e-02 1.8612342453e-02 -4.3801586041e-02 -2.2572528859e-02
6.4983207937e-02 -1.5176568616e-02 9.4217335966e-04 1.5760563890e-02 -4.0599473889e-02 1.2114701860e-02 -1.2982633088e-01 8.9852058992e-02 6.2824674744e-02 -1.3806170934e-02 4.5243386566e-02 4.7712695737e-02 -6.3025109234e-02 5.0957710526e-03 -5.4810363099e-02 -4.9155249993e-02 2.1547967067e-03 -6.3564015681e-02 9.0968523386e-02 2.1473493529e-02 -4.2809072356e-02 -4.8883267634e-02 -5.3276702427e-02 -5.2293090538e-02 9.0796897318e-02 -5.5253062998e-02 -8.3606634098e-03 1.2941865273e-01 7.2566684716e-02 -2.0913909633e-02 1.5084400374e-02 1.0511544228e-01 5.6990543737e-02 1.1925030810e-02 1.4456555184e-01 -5.7051670825e-02 3.1873332227e-02 2.6793428404e-02 -5.9854070592e-02 -2.4631036921e-02 -7.1493987673e-02 -3.3493549909e-02 -8.9738482716e-03 -3.3788095358e-02 1.1351028325e-02 1.2467490218e-01 3.3418807848e-02 8.2503910351e-02 -7.6011109254e-02 1.2250152705e-01 -1.6951261337e-02 -2.2335310655e-02 -3.2543016678e-02 1.1164766588e-01 -6.2128900572e-02 4.6322339614e-03 -1.7550620817e-02 2.8510683432e-02 2.7200217775e-02 -2.4038972622e-02 -5.8087840220e-02 6.5862390008e-02 -2.2037357646e-02 -6.6254824241e-02 -5.0159934067e-02 -3.5982230989e-03 -2.7759774994e-02 -6.0377348315e-02 -3.8267674685e-02
6.1165849846e-03 -5.7810375961e-03 8.7017370949e-02 -4.6018236813e-02 -3.3542874655e-02 -1.4020740637e-02 -8.7239636584e-02 2.9164585095e-02 1.4237593821e-02 -6.6301542927e-02 -3.1368421760e-02 -3.2686494000e-02 -1.0061655198e-01 -4.4987624674e-02 -3.8143455533e-02 -2.4220341631e-02 4.4766116032e-02 5.8936007797e-02 4.1950663481e-02 2.6492228642e-02 -1.0263173586e-03 8.4356039422e-04 -4.8732862305e-02 2.5205106567e-02 1.9023624620e-02 -1.1602168955e-01 8.3288714213e-03 5.6720406513e-03 2.8108609070e-02 -2.4653647948e-03 6.3802879914e-02 -2.8559753155e-02 -4.9321690183e-02 7.5075177122e-02 1.1222323184e-01 -5.9817355079e-02 2.7386921501e-02 1.2113983497e-02 -4.1533680193e-02 -6.4575518238e-02 -9.5840966501e-03 -3.8683223272e-02 1.6886697764e-02 -3.3875854531e-02 2.7317088014e-02 1.0325098711e-01 2.3549938892e-03 -9.0507880004e-03 -6.4006957108e-02 1.5936912061e-01 -5.5511949928e-02 -2.5500734290e-02 1.1236375439e-02 1.3400114089e-01 -2.8103658729e-02 5.6182063282e-02 -3.9039526789e-03 -4.0857549482e-02 7.4529876385e-02 5.4201007445e-02 -5.2289618567e-02 1.4936276304e-01 -1.8935049154e-02 -7.3858509832e-02 4.9061785615e-02 3.2140477661e-02 -3.5102551559e-02 -3.4685398865e-02 1.7501020135e-02
-5.7064430324e-02 3.0062031040e-02 7.6522531602e-02 -7.0781853784e-03 3.6196736717e-02 5.4586680697e-03 -2.9081422504e-02 9.1295517381e-03 -9.3699773656e-03 -3.3930856051e-02 -8.8981293200e-02 -8.0996518055e-02 -6.8939028854e-02 -1.7757435925e-02 4.4581551018e-02 2.4266649153e-02 3.0095913583e-02 7.7133452898e-02 3.7910390764e-03 -8.2098901476e-03 7.1700829827e-02 2.4370068324e-02 1.2406405445e-02 8.9492179940e-02 4.7714611152e-02 -7.0914305050e-02 6.0457635964e-03 -1.2673779891e-01 4.3393951497e-03 -6.0864441553e-02 4.4103853975e-02 -2.1812110551e-02 -1.0036396909e-01 1.5013336657e-01 1.5668054494e-02 -6.9478449999e-02 5.8938947207e-03 3.1745951917e-02 -1.4408633130e-02 -3.8141317814e-02 2.0561841533e-02 -5.4817342784e-02 4.8808202434e-02 -5.2382570112e-02 1.5714775997e-02 5.1870697988e-02 -3.9965690207e-02 -6.4027110029e-02 5.9561856376e-03 7.6463915603e-02 -6.7476948260e-02 -3.5183440103e-02 -1.8374132862e-02 1.0866015270e-01 1.6837354474e-02 3.5089171566e-02 -5.7206745686e-03 -8.5375599894e-02 1.0357600814e-01 3.6078863108e-02 -4.4709378360e-02 8.9224410568e-02 -3.4490723628e-02 -4.1150887321e-02 9.4953446940e-02 4.2858399524e-02 2.5693155392e-03 2.0475944080e-02 4.0792982202e-02
-7.8146357107e-02 1.4343562457e-03 6.0126779954e-02 6.8770069741e-03 9.0910837994e-02 -2.9116337969e-02 8.6206143435e-03 -3.5667523773e-02 4.6268431710e-02 9.9038710648e-03 -7.4690284612e-02 -7.5261517977e-02 -1.2974700160e-03 -7.4302876062e-03 6.9014484118e-02 3.2503319592e-02 -8.1770489331e-03 1.1568366934e-01 3.1349913753e-02 -5.9772136272e-02 7.2191600500e-02 5.3422220836e-02 6.5382658598e-02 2.0953049616e-02 4.9574665349e-02 -2.9164221713e-02 -3.1979581622e-02 -1.0080820912e-01 3.9482728061e-03 -3.0780170265e-03 -2.9758096157e-02 5.9372217597e-02 -6.1496127329e-02 1.1651599112e-01 -1.9912650810e-02 -5.3555436449e-02 -8.3723992446e-02 5.3011323225e-02 4.1177125716e-02 -2.0771904849e-02 9.4877799592e-03 -3.5077762293e-02 9.4912637038e-02 -1.3177896066e-01 1.0722641510e-02 2.2251455523e-02 -2.7710488136e-02 -1.0090335287e-01 2.9062494632e-02 -9.5501170579e-03 -3.6330046672e-02 -6.8174440303e-02 -1.8682997559e-03 7.3575996065e-02 1.0196394564e-02 -4.3001666987e-02 1.0672648703e-02 -2.4725019764e-02 9.0354799736e-02 1.2021128356e-02 3.2990186966e-03 -5.6762661214e-02 -9.0780624101e-02 -1.4827870663e-02 7.6271772200e-02 4.9259958692e-02 6.0530654298e-02 4.1112689209e-02 7.8353065402e-02
-4.9171424799e-02 1.5143362696e-02 -2.0521120310e-02 8.1911035958e-03 5.6745413248e-02 5.6870862079e-04 -7.7114639462e-02 -2.8749191886e-02 3.8155621867e-02 2.4676192573e-02 -2.9263560542e-02 -6.2876562945e-02 3.0506794949e-02 -1.8817221267e-02 6.1731946197e-02 2.9029059743e-02 -3.2479745875e-02 -1.0637824281e-01 4.2113211024e-03 -7.7624993573e-02 -1.4851963315e-02 4.1618045838e-02 7.7857396014e-02 1.1810119014e-04 9.0918014423e-02 1.0954076635e-02 -1.2530939758e-02 6.5871410361e-03 4.6177525248e-02 5.6363222373e-03 -7.5979668440e-02 8.9731836764e-02 -8.9528755911e-04 5.0517150909e-02 -3.2645064408e-02 -3.1505038773e-02 -9.1614562835e-02 8.3971636575e-02 6.2436696192e-02 5.0364024178e-03 -2.5996944319e-02 -3.5047715224e-02 1.0424743921e-01 -1.3843885512e-01 1.3779627612e-02 -1.4937175988e-02 -1.0270068232e-02 -3.1186360081e-02 -5.6202792331e-02 -5.0234328850e-02 -9.0249893528e-03 -1.1330430112e-01 1.9375604320e-03 1.7823048733e-02 7.7472674943e-04 1.3560732867e-02 -1.7250609217e-02 1.9795621148e-02 1.0685597963e-02 -1.0250362663e-02 -1.1495671803e-02 -7.2705639634e-02 -1.2463475988e-01 -5.4553551973e-02 -2.5866158249e-02 2.1702872933e-02 4.0904023353e-02 1.4495719851e-02 4.7982956106e-02
-1.6493281536e-02 -2.9947864632e-02 -4.1715447190e-02 -4.9055731233e-02 -7.2641953314e-02 -5.5988094257e-02 -1.5713159807e-01 -4.5536610056e-02 -3.5211163095e-02 4.3021060276e-02 7.5611503938e-02 -3.6792677656e-03 2.3572924856e-02 -4.8297677150e-02 2.0528429493e-02 -2.2899175327e-02 -5.6059793763e-02 -8.1655557237e-02 -1.6424444248e-02 -2.2324223406e-02 -3.5788031225e-02 1.8111955713e-02 5.4948255135e-02 -2.3314184985e-02 1.1627950584e-01 4.3582909489e-02 3.4365230943e-02 1.8470926044e-02 4.1934013056e-02 2.5473286243e-02 -8.8964854170e-02 1.0793176582e-02 4.1490263153e-02 -1.2186551900e-03 -8.0695144844e-02 3.5561961996e-02 -7.3982786322e-02 3.3228600132e-02 3.9699735253e-02 -6.6364364026e-03 -4.0494118389e-02 -6.3060942784e-02 4.9960249451e-02 -1.3781603395e-01 1.0791666862e-04 -7.2496376539e-03 1.3872615346e-02 7.3916353602e-02 5.5140807494e-02 -1.4411188575e-02 1.6425197633e-02 -6.7625976543e-02 6.5304771246e-02 4.1243824713e-02 -6.0734520540e-02 7.0458908223e-02 1.2072238362e-02 7.1376066723e-02 -2.2654571363e-02 3.5466283507e-04 1.9930397531e-02 -8.9987101955e-03 -8.0681902638e-02 -5.2496233626e-02 -1.7503499298e-02 2.2235110245e-02 -1.4014687475e-02 7.6067635476e-02 1.9000247989e-02
1.4010972680e-03 -1.4702276108e-02 -4.3695363359e-02 -1.2843049019e-02 -9.6476108151e-03 -3.3645332274e-02 -9.7779398951e-02 -2.6621473909e-02 -7.6823650008e-02 3.9979953613e-02 2.5430350772e-02 3.6689828469e-02 -7.2764160534e-03 -9.9030373824e-02 5.0815005435e-03 -3.5710367578e-02 -9.3583055728e-04 -1.0863760504e-01 -6.7741261418e-02 1.1472513383e-02 -8.1364714349e-03 7.7940023629e-02 7.3010853099e-02 3.6800783154e-02 8.4457452496e-03 5.8851424867e-02 3.5731085095e-02 6.0640403747e-04 1.7569762377e-02 3.7785953361e-02 -2.1074427704e-02 -7.7640450888e-02 1.7381274664e-02 -9.0601718354e-02 -8.7625475868e-02 2.7130471976e-02 -1.0702468490e-02 2.3359625387e-02 -9.9020807635e-05 -3.7480838709e-02 -6.3872428326e-02 1.1804958681e-02 -3.5922660020e-02 -1.0349173839e-01 7.3940323449e-02 -1.2695066254e-02 2.9936980498e-03 1.0958536326e-01 7.2173946876e-02 6.7670814745e-02 -6.1419745446e-02 -1.2039816520e-01 3.2398930335e-02 4.8469255501e-02 -6.1025715842e-03 3.4910850418e-02 2.2143797994e-02 -3.2509187094e-03 -4.5840853210e-02 2.4667402781e-02 -4.9960809026e-02 5.4838201595e-02 -6.4531217344e-02 1.0272392043e-02 -3.7826804369e-02 -2.0855674870e-02 3.4540314055e-02 8.7408855781e-02 1.1126714076e-03
-1.1737339780e-02 -7.8464335296e-03 -1.5482059541e-01 -1.3277591174e-01 -2.3785729076e-02 7.5156793918e-03 -6.6608977471e-02 -2.6812811280e-02 7.9893542669e-04 -6.7970276636e-02 5.6520291381e-02 8.8925823341e-02 -2.8484681349e-02 -5.1367099454e-02 5.0419887106e-02 -4.3266408787e-02 -2.4155940225e-02 -6.3323207823e-02 -1.2416228000e-01 8.1982546508e-03 -4.1757446405e-02 2.6998992228e-02 7.1098919602e-02 9.4512087428e-02 -8.6826529645e-03 -4.0987136296e-02 2.1776468496e-02 1.5797725676e-02 -4.9276343833e-02 -5.9999384380e-03 4.6521210550e-02 -1.6384353615e-01 4.8264911827e-02 -7.1546571345e-02 4.6650525792e-02 2.4921292521e-02 -2.1519539824e-02 -9.9997729908e-02 -3.1436748840e-02 -4.6481773527e-02 -3.5216589343e-02 5.9069970120e-03 -9.1999492554e-02 -3.6490638544e-02 1.0344260877e-01 -3.1708254082e-02 3.0066896424e-02 1.9815692738e-01 1.1262950112e-01 -1.0875305079e-02 -1.2165673237e-01 1.8235174433e-02 3.4422869707e-03 3.8305496987e-02 5.9813302851e-02 9.6702965514e-02 3.5433819509e-02 4.5871526469e-02 5.6812245433e-03 6.1775020811e-04 -6.6124657047e-02 7.7174495804e-02 1.9690852963e-02 3.0959400495e-02 -1.0096129203e-01 9.3725064658e-02 5.1957223102e-03 1.5238917539e-01 -2.2786625371e-02
5.3032773005e-02 -1.1898717447e-01 -3.8187830565e-02 -2.6816324412e-02 5.5464612220e-02 -7.4714665788e-02 1.4464037091e-01 5.1452772141e-02 7.3892621185e-02 -9.2618524335e-02 4.3925731039e-02 -2.6639088989e-02 8.9007876460e-03 -2.5234781366e-02 -4.2855376176e-02 -1.2854073796e-01 -1.7919156221e-02 -1.5622031826e-01 -3.0079054042e-03 9.2675517631e-02 5.0146329129e-02 1.1434445210e-01 -1.4461650440e-03 1.6364242413e-01 -1.1334344834e-01 -7.4736653544e-02 6.3206313399e-03 -2.0356307043e-01 -4.6682236608e-02 8.1271980744e-02 2.7440619970e-02 -9.3327756833e-02 -2.1586677498e-02 -1.7192074204e-01 1.0424669459e-01 2.7869152259e-04 2.8311339931e-02 1.4125480641e-02 4.6538305097e-02 -7.3162863008e-03 1.1937477561e-03 -2.8473585631e-02 3.2809996874e-02 -5.0430965251e-02 8.1067630764e-02 -1.0479404064e-01 1.3489023585e-02 4.0260584299e-03 1.2183824501e-01 1.1397355431e-02 -2.9492096480e-01 3.6772020961e-02 -5.8763931377e-02 1.1031019287e-01 9.0272012998e-02 -1.1154287297e-01 -2.5228509174e-02 -3.7844126439e-02 1.0550998244e-01 -3.4553679740e-02 -5.9041049989e-02 1.3555779838e-01 5.7177425492e-02 -2.9737000097e-02 2.8595311067e-02 -2.2971255262e-02 -2.9722532986e-02 7.2964191417e-02 -5.8851685378e-02
-3.0169323463e-01 2.3090941665e-01 -3.7706956036e-02 -2.7059666873e-01 6.8786484345e-02 1.5942169400e-01 -3.6971881895e-02 -1.7752570601e-01 -4.4116435061e-01 1.8742391315e-01 4.9404636442e-02 2.5366862151e-01 -4.5849659053e-03 -1.8788973513e-01 -1.1396530545e-01 7.0191151826e-02 1.5186373832e-01 7.5250206888e-02 -1.4818454097e-01 -8.8515004585e-02 -4.8086364210e-04 -5.6071125038e-02 5.9202950292e-02 -2.2666551588e-02 -1.8486346497e-01 1.3339444031e-01 2.5967581864e-02 -5.2033113786e-01 -2.1376997270e-01 2.1080525437e-02 1.1384118694e-01 1.0116316930e-01 -8.9829876636e-02 -2.7960739786e-01 -1.8143054539e-01 -1.6298427175e-03 -6.8814675979e-02 -5.0738976385e-02 -1.0897179650e-01 1.6472872350e-03 3.2943749097e-02 7.2266583732e-02 -1.2929492358e-01 -7.6045156608e-02 3.0329929412e-01 1.3833718722e-01 -8.0263903183e-02 -1.8644627059e-01 1.3977237406e-01 5.6718147759e-02 -3.2257694745e-01 1.0480246354e-01 -1.3003149119e-01 7.8433175605e-02 -7.3403793313e-02 3.5427321630e-01 5.9066675785e-02 1.2992865453e-01 2.3370777715e-01 9.5607057495e-02 -1.0582928614e-02 -1.3397630173e-01 -4.9365528190e-02 -1.5912305022e-01 -2.9526870514e-01 -1.3885360286e-01 7.5618798138e-02 2.7174692061e-01 1.6223785081e-01
-4.6244385241e-01 9.7291760162e-02 -2.9823047528e-01 1.2105302475e-01 5.6757894926e-01 1.8954336181e-01 -2.3851901615e-01 9.6239490280e-02 -5.8514037641e-01 1.5327205832e-01 1.2865179442e-01 -1.5800412140e-01 1.4869668955e-01 -1.0056702876e-01 -3.2204396603e-01 -3.4975283933e-01 -1.8087895557e-01 4.5121958035e-01 -4.5991622713e-01 5.7077759377e-02 3.6227538976e-01 -2.1493719004e-01 1.8579053983e-01 2.9480949118e-02 -2.6731603308e-01 3.4699343169e-01 2.2353738793e-01 -5.1287567080e-01 6.3950815532e-02 -3.2323855338e-01 -4.2612535342e-01 -1.0562994161e-01 1.7617280358e-01 3.1391122679e-01 8.5568373662e-02 2.6610052607e-01 -7.6426295022e-03 4.0193740550e-02 1.7758818461e-01 -1.6442769439e-01 3.7539563221e-01 -9.5563688070e-02 -7.8645034797e-02 1.2641493880e-01 2.6480247556e-01 -5.0120039142e-02 2.8076578011e-01 -2.7814242189e-01 1.0253726026e-01 -3.2986225991e-03 -2.5353100694e-01 -1.4852713787e-01 4.0106220585e-02 5.8405511015e-02 -3.3546784313e-01 1.1172497170e-01 -1.9532441266e-01 -4.5602059688e-02 4.1034172421e-01 1.7321365595e-01 1.5655439126e-01 -2.2614171927e-01 4.7401615175e-01 1.3013991824e-01 1.6294922796e-02 3.5809902142e-01 1.3360812739e-01 -1.1018795404e-01 3.7132602601e-01
-2.1321004765e-05 -6.6006392784e-05 4.3723369885e-05 1.5402227600e-05 6.9034979433e-06 2.4407074338e-05 -2.4178021068e-04 -4.7000815535e-05 4.9650668041e-05 -3.7455887468e-05 -1.4193372765e-04 -1.3922461379e-04 8.9345057574e-05 -2.7856638212e-05 1.5898892042e-04 1.2224803061e-04 -4.1317630199e-05 -1.2390438161e-04 -1.2805652690e-04 -2.3122953083e-05 1.2084356087e-04 6.6437295329e-05 6.2743624637e-05 -1.7103118297e-05 -6.3389304590e-05 1.1563178928e-04 1.6156186313e-04 -8.0010546305e-05 -2.6267725996e-06 -1.3247072732e-04 7.9313681210e-05 6.3223813650e-05 1.1485055665e-05 6.2588396155e-05 9.9074478237e-06 1.9845645961e-05 6.6074441512e-05 1.1638133368e-04 3.0782765077e-05 2.6520014147e-05 1.8429014557e-04 4.4747884543e-05 1.1678472346e-04 -1.3719306212e-04 -1.3372757477e-04 -1.5228683722e-05 1.1767723472e-04 -3.6126976664e-05 8.2245746555e-05 1.9779661763e-04 7.3733774161e-05 7.0695047150e-05 -5.9833169252e-05 -1.6046052372e-04 -8.7490781192e-05 1.6565230834e-04 -2.3172730991e-05 -2.0744314982e-05 1.3639476987e-04 1.5740686613e-05 -1.7156881466e-04 3.5487785103e-05 2.3312950016e-05 -7.3609174439e-05 4.8161158248e-05 -1.6363401342e-04 2.3039996918e-06 1.4682299437e-04 -9.7152557443e-06
-2.7848091880e-01 3.2884178605e-02 1.1304372022e-02 -4.3865578364e-01 3.4680906693e-01 3.3122201858e-01 4.1793094417e-01 3.4374179337e-01 3.4514168401e-01 -3.3862109071e-01 4.2010548372e-01 1.7838680141e-01 2.7784372579e-01 2.7877146175e-01 3.7772418089e-01 -4.2713340172e-01 -3.4462813557e-01 7.4707022165e-03 4.1004819532e-01 4.3290926051e-01 -3.6058601789e-01 -2.8646483987e-01 -3.5929316626e-01 -3.4098761899e-01 -4.4589677514e-01 -8.9968635292e-02 6.3229472271e-02 3.2101888230e-01 -3.2888118365e-01 -2.7151540377e-02 -4.1922637725e-01 -3.7217459219e-01 -3.7246631344e-01 3.5603859438e-01 -3.7146328340e-01 -2.3711187169e-01 -4.0282679797e-01 -3.6085094133e-01 -3.3068670514e-01 -2.6391406395e-02 3.4230928234e-01 1.3098057774e-01 3.7409213845e-01 1.6155624365e-01 3.7951574328e-01 -3.4163737380e-01 -3.5272712824e-01 3.8927693366e-01 3.3652805593e-01 1.3730814899e-01 -3.9118945270e-01 5.0647253265e-01 -4.4655174097e-01 -3.9321932941e-01 3.6834355002e-01 4.3621778538e-01 -3.9382510955e-01 -1.8372538298e-01 4.1241234633e-01 8.4185929088e-03 2.4701768721e-01 3.3194158246e-01 -2.0793449580e-02 3.5672806802e-01 4.1975408831e-01 -3.8109861252e-01 3.5927373817e-01 3.5775185936e-01 -4.1331821238e-01
1.5166180550e-01 3.3584558600e-02 -1.5489457706e-01 5.6894875146e-02 3.8339881584e-01 3.3781699394e-02 2.5235287776e-01 1.1080835824e-01 3.3320036855e-02 2.0828678123e-01 -2.5356464608e-01 -3.0537168189e-02 -1.8824316626e-01 -2.0959027726e-02 1.0749322825e-01 -8.6374209923e-02 -2.0829605506e-01 -1.4156112722e-01 7.8931536061e-02 -4.0366451180e-02 1.5325515145e-01 -1.2287408635e-01 -2.3975366196e-01 -2.0427390120e-01 2.9333602252e-01 2.2996056333e-02 -5.2554375093e-02 7.7253108199e-02 -1.9612779443e-01 -6.4773802740e-01 -1.8234676231e-01 1.2789833941e-01 9.3014034497e-02 -1.7630345922e-01 -8.3435131470e-03 5.7297858457e-03 3.0307645570e-01 2.1355514516e-01 -7.8427136801e-02 -1.5118734839e-02 2.5743562628e-01 2.0058426529e-01 5.7050964209e-02 -2.1856409467e-01 5.1203242214e-02 -3.9660292166e-02 5.4509159066e-02 -1.4964867217e-01 -7.2944724080e-02 3.8778061660e-02 1.6391307606e-01 6.5231530675e-02 5.9374537430e-03 2.2026703748e-01 2.1722272392e-01 -2.2979387908e-01 -1.9575129156e-01 1.5462580053e-01 2.5960359989e-01 7.7472139853e-02 1.9014189989e-01 -2.0391228636e-01 1.3735211058e-01 9.2663966218e-03 -5.6720339079e-03 1.1626349739e-01 -1.4078979370e-02 6.6601130936e-02 -4.4444176419e-02
1.4706596186e-02 4.7042528135e-02 6.0378049761e-03 -8.6539056137e-02 7.8724154584e-02 2.5203693454e-02 4.2653721799e-02 -1.6215951221e-03 1.2804357413e-01 -3.5357772214e-02 -8.9893070132e-02 -7.3779002567e-02 1.8950410584e-02 -1.3546548512e-02 3.3578329922e-02 -8.3418722443e-02 1.1107855819e-02 -1.3393666667e-01 -2.3754191367e-02 -1.0160835619e-02 1.3066115050e-03 -3.3364816085e-03 6.4047971990e-02 -5.8067415569e-02 2.1339900290e-01 -4.4058110520e-02 -4.0409320633e-02 -1.2505766982e-01 6.2892410574e-02 -2.7243472412e-01 9.7359368975e-02 1.3233694469e-01 6.2626327698e-02 -1.7918860369e-02 -1.3218071388e-02 -1.1191722805e-01 5.8757474798e-02 -1.5219887739e-01 -4.8394698186e-02 -4.5861886394e-02 -5.1285160246e-02 8.2814604855e-02 7.9012584623e-02 -4.0584832497e-02 -1.5910295509e-01 1.2203583033e-02 1.0655406155e-01 -5.4800915032e-02 8.2929078382e-02 -6.4558402943e-02 1.8400447118e-01 2.0429697075e-01 3.7636995719e-02 -7.9195321368e-02 -1.3895264625e-01 1.4576514065e-01 -3.3557816085e-02 -9.5403970180e-03 6.1128848186e-02 -9.3419026528e-02 -7.6862703509e-02 -9.5633117505e-03 2.1996810423e-01 1.1724797160e-01 -1.4485115645e-01 9.2656017399e-02 1.7967638346e-04 -5.0414669641e-02 1.2142324274e-01
8.2029812187e-02 -3.5725693079e-02 7.6341763672e-02 -4.5486937195e-02 -4.9496780539e-02 -3.7589492547e-02 -1.5383601799e-02 -3.4760383096e-02 1.5337387343e-02 4.6217378640e-02 1.4294002289e-02 -4.3412941580e-02 -2.3626691670e-02 6.7717898452e-02 4.6038451465e-02 4.2320656222e-02 2.6347600535e-02 -6.6785300285e-02 -2.4065105926e-02 2.5564362676e-02 -1.1318793022e-01 3.7024021594e-02 -3.7392320206e-02 -6.6997671100e-02 -1.7740383290e-02 -3.1596975433e-02 -2.4703558193e-02 1.1538307298e-01 -1.6332406690e-02 1.6699967939e-02 -3.7104648778e-02 1.2507551195e-02 1.7453843240e-02 1.7840687809e-02 -9.4251197517e-02 -2.3786516299e-02 -1.4252304290e-02 -7.2023415468e-02 -6.5410666992e-02 -1.5164643857e-02 -5.1550455592e-03 5.4731229423e-02 1.2838540193e-03 -5.5796119983e-02 -6.2112894468e-02 4.4817160004e-02 -8.7070675663e-02 7.2568426037e-02 1.5012986511e-01 -4.0003285395e-02 -5.8062592948e-02 2.7497394330e-02 5.4848700509e-02 -1.3204921079e-02 -2.2196284379e-02 -1.2856481523e-01 6.6243773203e-02 -2.7502019408e-02 3.9294879712e-02 7.9042950098e-03 -3.8118996680e-03 5.3521857378e-02 8.6083382001e-02 7.5394400446e-02 1.8768945457e-02 8.9407635387e-02 9.4000970058e-03 -2.7809041216e-02 -4.6564964046e-03
9.9203562708e-03 -4.5597715068e-02 7.9187812503e-03 8.9177791378e-02 2.2066710326e-02 -2.4864272861e-02 -1.3334710477e-02 -1.9032135892e-02 3.4851281631e-02 -3.8146852161e-03 -1.6100475898e-02 1.7680966554e-02 5.1623022675e-03 8.5440136364e-02 -5.4220950276e-02 -2.3994745005e-02 4.3616903597e-02 -9.4936790212e-02 2.1172251463e-02 -5.4513853633e-02 7.7974302078e-03 -7.9623798075e-03 -2.0957270634e-03 -2.3434678969e-02 6.3345422434e-02 -8.8283465177e-02 -5.2479176534e-02 -1.2102105762e-01 -3.7001308278e-02 2.4321348394e-02 2.5604501775e-02 -8.2530942965e-02 5.7702754510e-02 -1.4185419396e-02 -5.7774550047e-03 -9.2953024100e-03 3.8683970437e-03 -7.1014748045e-03 2.0185652711e-02 -1.3147075175e-01 -5.6120753602e-02 -1.8413526851e-02 -1.0362332377e-02 -6.0663205974e-02 -1.5326766882e-02 -1.2608257186e-02 -5.6146335626e-02 4.3467062487e-02 -6.4628660601e-02 4.9135953864e-02 -1.1529601083e-02 9.8700848848e-02 -2.6914076307e-02 -1.8872805316e-02 -5.8508679155e-02 -7.9343075562e-02 2.8038998289e-02 -8.7780287967e-02 -2.1851506744e-02 -5.1630472022e-02 -3.4783675888e-02 1.7314573175e-02 1.9376493833e-02 2.7936640811e-02 2.0230017807e-02 -4.3529507690e-02 -9.0700098891e-03 1.0984636058e-02 1.3606809229e-02
8.9276094142e-03 -9.3549389799e-02 3.3783818017e-02 -1.9640163383e-02 2.8934440570e-02 -6.4361941825e-02 -3.9200731661e-03 2.6849981392e-03 9.6957685027e-03 2.0434785861e-02 5.7355783210e-02 1.0784920514e-02 3.5558453848e-02 1.1140836548e-01 -7.1880795466e-02 8.8376199632e-03 -1.0685454956e-02 -5.6463274701e-02 -1.1677786873e-02 -8.8103245643e-02 6.1392965389e-02 7.3701581590e-03 -1.8494459511e-02 -3.3154134922e-02 2.6957053904e-02 -2.8901119779e-02 -3.7990711457e-02 -1.2564135646e-01 -2.9932633504e-02 -1.9334502300e-02 3.0207545603e-02 -3.1468328388e-02 -4.8866926602e-03 9.6498062206e-03 2.1491892224e-02 -2.7793375485e-02 3.0436160707e-02 -1.9946284893e-02 1.0515126212e-02 -1.8443295834e-01 -4.0857603611e-02 2.1103980841e-02 5.0032118730e-02 -4.6613910084e-02 -1.2126179214e-02 -5.6686967860e-03 8.0107764280e-03 -1.0684476315e-02 -1.6443609225e-02 6.2703012373e-02 5.4354923216e-02 7.7079080645e-02 -2.8086199860e-02 -4.8971986420e-02 -3.0352213638e-03 -8.4254817572e-02 4.1176016501e-02 -3.3403168980e-02 2.0147403435e-02 6.5685883280e-04 -6.4235786934e-03 5.0569179664e-03 5.2678244336e-03 2.2114602555e-02 -2.3200456755e-02 -6.8738818932e-02 -9.6803483268e-03 1.3026937467e-02 1.3153579529e-03
8.9540936330e-03 -8.7566473975e-02 -3.0075304218e-02 -1.6882487258e-03 7.5761754352e-02 -6.5435636114e-02 7.0178648886e-03 6.8021921907e-03 -8.4855497898e-03 -6.9825723207e-03 1.1027340254e-01 -8.0704102833e-03 9.1957432490e-02 3.5575422469e-02 -2.6601636105e-02 6.4814994114e-02 -1.2041196077e-02 1.5913318993e-01 -4.9084747348e-03 -1.0016666044e-01 1.1760265705e-01 -6.1351259731e-02 -2.3659102857e-02 -3.9732999086e-02 6.4551870988e-03 -2.0280584073e-02 4.3404906845e-02 1.9618942724e-02 -4.9129038431e-02 1.9427956450e-02 1.7012115748e-02 -7.6854874463e-03 -1.8219239745e-02 3.1798482350e-02 2.9704145399e-02 -3.4599775746e-02 5.4745084693e-02 -9.3622261906e-03 1.0883273947e-03 -9.7495793821e-02 8.1212147076e-03 6.3883269797e-03 7.0666592968e-02 4.0222555606e-02 3.1166293003e-02 5.7908132539e-02 1.3447436276e-02 -1.0364199113e-01 -9.4037613514e-02 4.9837783686e-02 2.4750078761e-02 4.5330778113e-02 -3.9228160010e-02 -2.6343255550e-02 4.1114978811e-02 -4.4131526545e-02 2.1469813964e-02 3.1967881592e-02 5.8994603093e-02 4.5538732524e-02 7.2490271050e-02 -9.4728730036e-03 -7.2850128277e-03 9.2512214695e-03 -8.9594278244e-03 -7.4626162424e-02 -1.0422094690e-01 5.7110316603e-02 -2.9955652780e-02
1.7355341810e-02 3.2275492276e-02 -9.8570556288e-02 3.1800074364e-02 9.0247168447e-02 -3.0093567738e-02 -3.7759574474e-02 -5.0778120386e-02 1.3450159479e-02 2.2702183528e-02 8.3985251243e-02 2.5095524542e-02 5.0194417088e-02 -8.9493966811e-02 -2.0484146533e-02 7.1905558630e-02 -2.2079947111e-02 3.4819801409e-02 -3.8155800471e-02 -2.9880139479e-02 2.7613677070e-02 -4.8329367381e-02 -7.4372203485e-03 -3.1059087754e-02 1.3160815003e-02 1.9277658782e-02 5.4045876602e-02 7.0404304885e-02 4.3212068470e-03 1.1824107386e-02 -2.5599388960e-02 -5.4522320408e-02 1.1699918281e-03 2.6993732598e-02 3.8762000889e-02 -3.0803330403e-02 7.1000200523e-02 -1.8302954827e-02 4.9703654085e-02 4.1550669228e-02 1.1740568529e-01 -1.1835115067e-02 9.9335287728e-02 5.0343616132e-02 1.1316110375e-02 1.1505489546e-01 -2.2543260575e-03 -1.0718959879e-01 -2.7041131204e-02 -2.8323456778e-03 5.1201800238e-02 6.8636520025e-02 -6.1183708980e-02 2.4346794435e-02 4.2501962821e-02 1.9382956938e-02 -1.6556291680e-03 3.1582805292e-02 8.3271306928e-02 1.0933983561e-01 6.7800870444e-02 -2.5643654460e-02 -2.0790534143e-03 -2.3985373444e-02 -3.4324887107e-02 -9.7582476584e-02 -7.2655237658e-02 1.2101589622e-02 -8.6932763488e-02
6.3635957444e-02 1.0766329141e-01 -1.0657429200e-01 -7.6864142402e-03 1.6674075710e-02 -5.4988608805e-02 2.3874981451e-02 -2.4075492550e-02 -2.3440986280e-03 3.5382327830e-02 -2.3126653137e-02 2.4492955418e-02 -4.9614020009e-03 -6.9575500961e-02 -3.8465112385e-02 7.6326147026e-02 1.4335167685e-03 4.3455442450e-02 -1.8692626177e-02 4.5733104960e-02 -2.1042950197e-02 -6.4814366102e-02 5.6979990720e-04 2.1958483209e-02 1.0342469231e-01 -1.1111757235e-02 -1.7806805333e-02 9.6875854260e-02 9.0103810726e-02 2.4093631913e-03 -2.8240184471e-02 -1.4953126341e-01 2.5276737998e-02 7.1646459108e-03 -5.5904803116e-03 2.3929797888e-02 1.8465177285e-02 -6.9350808718e-02 5.1609119653e-02 9.7630347821e-02 1.4847345003e-01 -3.4553281357e-02 5.9004559311e-02 -4.6016792173e-02 -3.1034110268e-02 9.2235742992e-02 -4.7459061169e-02 -3.1989982710e-02 4.0671087991e-02 -6.9517716153e-02 1.3786296512e-01 6.4959038860e-02 -4.0620926240e-02 7.9010498686e-02 3.9242361948e-02 5.1113532342e-02 2.8682889024e-03 3.4617416112e-02 3.7182958555e-02 6.8753271925e-02 9.6890423814e-02 -1.9085995063e-02 2.1848202943e-02 -6.8084344425e-02 -2.6832528913e-03 -4.3474189469e-02 1.6707981026e-02 2.7592589510e-02 -1.2295473985e-01
8.2588706602e-02 4.4592702832e-02 -4.3410975512e-02 -3.7938548929e-02 -2.4639573644e-02 -9.7709848179e-02 8.4190117817e-02 1.9529392077e-02 2.7213741914e-03 5.7337723371e-02 -1.0086994338e-01 7.2750657800e-03 -5.5208759641e-03 5.6178991559e-02 -7.8411107183e-02 -1.8569828636e-02 -2.8339205639e-03 -1.6378222652e-01 2.7299882793e-02 3.1425402768e-02 -5.3994428955e-02 -7.5993396724e-02 -2.2451321458e-02 4.7877045068e-02 1.1711443488e-01 -4.1157235163e-02 -3.1962059318e-03 4.9920410165e-02 1.6486402889e-01 -1.3086190624e-02 -1.0102029919e-02 -9.4655817332e-02 5.7736137513e-02 -5.7032724990e-02 4.9463782601e-02 1.3986964196e-02 -1.7271213798e-03 -8.3979480625e-02 6.8749287643e-02 -1.4627604657e-02 1.4955115941e-01 -1.7933443613e-02 5.0671444333e-03 -1.1843990347e-01 1.4326668044e-02 9.9834902420e-03 -4.6364974546e-02 2.8615900009e-02 3.0052538027e-02 -4.7841390891e-02 8.1005001507e-02 2.9335435484e-03 -4.8598846949e-03 4.0858363587e-02 1.6712072250e-02 -8.3581645509e-03 2.8789051192e-02 -3.3388092783e-02 1.2977633139e-02 1.7131177717e-03 2.1671170776e-02 -2.6129155453e-02 1.5749424812e-02 -1.0158595661e-01 2.6205787098e-02 -1.2304687408e-02 8.0505909794e-02 7.7811513181e-02 -2.2824711780e-02
3.3371200260e-02 -1.0062452067e-02 -2.0797407737e-02 -4.2703536964e-02 -7.2300775585e-04 -4.8424795438e-02 2.0024538283e-02 5.0805398470e-02 -2.5329514869e-02 2.8648601261e-02 -1.0207895888e-01 -2.8767308554e-02 4.6610193156e-02 1.2040415923e-01 -6.5027177768e-02 -1.1695831401e-01 -1.9993091294e-02 -9.6360147565e-02 5.6771516295e-02 -1.9021472883e-02 -1.6216887011e-02 -1.0873222093e-01 -5.1462926608e-02 6.2865820657e-03 1.8193166507e-02 -5.9896443113e-02 1.0766882385e-01 -5.4874170510e-02 1.6386483669e-01 2.9577067796e-03 1.0210151676e-02 4.0261082899e-02 5.3473115699e-02 -7.3243650551e-02 8.8937190933e-03 1.2928787274e-02 -2.0294378903e-03 -2.1165105887e-02 1.6483693803e-02 -7.5111006409e-02 1.3765020983e-01 2.5991526308e-02 7.6312311415e-04 -1.3327868643e-01 6.4569193643e-02 -3.8248646980e-02 -2.6950250107e-02 3.7238829363e-02 1.1376553075e-02 -3.5536439377e-02 3.7321607213e-03 -9.9226539016e-02 4.7008013213e-02 -4.7394924102e-02 1.9624465218e-02 -7.2692743123e-02 4.2329062396e-02 -5.6601855416e-02 2.7657813890e-02 -3.6035721494e-02 2.4303038698e-02 2.3853623133e-02 1.2783791023e-02 -8.7702858215e-02 2.6669919052e-02 2.1099047724e-02 5.9143474923e-02 1.3860073417e-01 4.6343589405e-02
-1.0312719991e-02 -2.4804859916e-02 -2.9348754293e-02 2.6763159105e-02 4.1079227213e-02 -7.2662087942e-03 -9.4213229823e-02 7.6155268594e-02 -4.5205103512e-02 4.1497251982e-02 -4.4375112175e-02 -4.0819822438e-02 7.1751226284e-02 7.2458236356e-02 4.6001339530e-02 -1.5049732527e-01 -3.7045740014e-02 8.2752938035e-02 4.9191754412e-02 -1.0681109039e-01 3.3569374576e-02 -1.1877093543e-01 -9.0176442944e-02 -1.1837472368e-02 -1.2751120714e-01 -6.2507730736e-02 1.4042463925e-01 1.0977321325e-01 9.4350357833e-03 6.7294573415e-02 -1.0382741997e-02 1.5911568205e-01 2.9823263831e-02 -2.7315071064e-02 -2.0654281326e-02 -3.1224538521e-03 -3.8483553800e-02 9.3062389768e-02 -1.3089786247e-02 -5.9807099225e-02 1.4810245378e-01 7.4248308726e-02 -1.5375141191e-02 -7.2357834538e-02 9.3725956177e-02 4.1788116948e-02 4.0660889546e-02 9.7740276343e-02 4.6913204858e-02 -1.8447971202e-02 2.5988824399e-02 -4.2008022727e-02 -7.1517387295e-03 -8.5345176767e-02 -4.7459364053e-03 -3.2273505053e-02 1.2964252840e-02 1.3850627391e-02 8.9493244207e-03 -2.8542615971e-03 4.1772862818e-02 7.9551879451e-02 -3.4468860282e-03 -2.8618731807e-02 1.1047442220e-02 3.5549068755e-02 3.8778418866e-02 6.3826911710e-02 6.1972750133e-02
-5.2648227007e-02 2.3514372550e-02 -3.3210298109e-02 -2.6413374953e-02 2.2655656970e-04 8.6960821583e-04 -1.2205581826e-01 -4.5411932429e-03 -6.2670863787e-02 -3.7193376458e-02 2.8744027595e-04 -7.2656653067e-02 4.3812117699e-03 -6.3823845839e-03 5.4473962243e-02 -6.7355806602e-02 -1.3273694685e-02 7.5403988928e-05 -5.8027083643e-02 -9.8711464437e-02 7.0749349965e-02 -4.1189504957e-02 -6.0188989374e-02 8.2000627401e-02 -9.5673614176e-02 -2.7995768477e-02 1.4020406908e-01 1.5262558999e-01 -1.1797821118e-01 9.3078316156e-02 -1.8146239459e-03 8.4132230950e-02 1.0261325241e-02 3.0274403162e-02 -6.7743474122e-02 6.7633614869e-02 -6.6952463897e-02 9.4214323125e-02 -5.1641913995e-02 2.2335329994e-02 7.1174486002e-02 3.0906138461e-02 -2.8765153361e-02 -8.3106583002e-03 4.5730967277e-02 7.0288713776e-02 3.4294974256e-03 1.5657769607e-01 -1.0506835705e-02 -5.2480336474e-02 1.3703984047e-02 6.2410899557e-02 -5.8396608645e-02 -7.2478241422e-02 -8.9771905788e-02 2.8908300891e-02 1.5810061998e-03 5.6625511424e-02 -2.9165618238e-02 3.1301770263e-02 9.5945505076e-02 1.2326355138e-01 -6.6075166679e-03 2.8696345830e-02 5.3025339156e-02 2.5935377334e-02 2.3204028694e-02 -4.6225622593e-02 2.9968613196e-02
-3.0456647846e-02 2.3728396040e-02 -5.4857123487e-02 -3.8827913227e-02 -2.7842638480e-02 -9.8322486089e-02 1.0117559279e-02 -4.5425630763e-02 -3.3340898764e-02 -9.8621486493e-02 7.2964260828e-04 -8.5570542260e-02 -5.5661044818e-02 5.9646280209e-02 6.0062616337e-02 -6.4606692501e-03 2.9701431519e-02 -6.5953610773e-02 -1.4330076214e-01 -1.2311466679e-02 9.2116299273e-02 5.9103001660e-02 -1.2541769852e-02 1.0877856766e-01 -1.4090037950e-02 -6.8644800640e-02 2.8637472165e-02 1.8510044240e-03 -4.2451075775e-02 3.0943895849e-02 6.9749790131e-02 -2.9613458994e-02 -3.8992576798e-02 6.5451388535e-02 -6.4927188487e-02 6.1862346986e-02 -4.9829841531e-02 3.3069561041e-03 -2.8094843039e-02 8.9310896597e-02 -4.6519870385e-02 -7.6918747580e-02 -8.4657055148e-02 1.9301299348e-02 -3.0363724394e-03 4.2320929091e-02 -6.1986974446e-02 2.2893652625e-02 -4.4689849026e-02 -8.2567770597e-02 -3.6262550937e-02 1.4060037904e-01 -1.3487936559e-01 -1.4412474249e-02 -7.2820412392e-02 9.1569642737e-03 2.7416014066e-02 -8.1751441502e-03 -2.5397583247e-02 4.9288449149e-02 6.4917671447e-02 2.5051143540e-02 -3.5676587600e-03 6.1313693933e-02 3.5938177564e-02 2.2720786180e-02 3.8693620538e-02 -2.9300061661e-02 -8.1251108881e-02
4.1688470185e-03 3.9343860368e-02 -8.2190257664e-02 -3.6550425901e-02 -3.9422123139e-02 -1.0326470224e-01 8.3141876187e-02 -1.2785721860e-03 1.0841904540e-01 -1.0208065096e-01 2.9081219463e-02 -3.8388357569e-02 -2.7285299079e-02 1.1255556828e-01 9.5234554427e-02 6.6176347742e-02 -1.2354328616e-02 1.1779273907e-01 -7.3957454962e-02 -6.5418242380e-02 1.9651006188e-02 1.2459948785e-01 -1.1033899874e-02 -4.6938176208e-03 1.0264421669e-01 -1.8890142483e-02 1.3550980691e-02 -1.1668112741e-01 2.0226007775e-03 -4.9485715125e-02 9.3068124930e-02 4.0842618843e-02 1.2894999573e-02 2.9864506923e-02 2.1844880112e-02 -8.1219505948e-03 -1.9376156807e-02 -2.2520395840e-02 -4.7261535389e-02 4.7170715359e-02 -1.0031471159e-01 -3.5939637115e-02 -8.3007783462e-02 8.6729774595e-03 3.5843127411e-02 5.4073645767e-03 -7.7190680352e-02 -1.1309603388e-01 -3.1687081011e-02 -5.0656355180e-02 -9.2026618526e-02 6.9915904994e-02 -1.4696006139e-01 -1.8993440298e-03 -3.0662618856e-02 -9.9202195776e-02 5.4481921433e-02 4.1305641431e-03 -3.2761465128e-02 1.4109175386e-02 5.4835765763e-02 -8.8489630285e-02 -3.3924960242e-02 5.3308711937e-02 -8.4428297669e-02 7.4759356220e-02 9.2857474487e-02 9.5099682570e-02 -1.2580325669e-01
4.9341346324e-02 6.2199755116e-02 -3.6165177156e-02 3.3716611569e-02 -4.4761266968e-02 -9.2928991223e-02 1.8302794331e-02 3.3752568964e-02 1.9813894313e-01 -7.3690925327e-02 6.7646420938e-02 -2.6795098307e-02 -5.2418210466e-02 1.3070852313e-02 6.5941426049e-02 3.0832704836e-02 2.3571831717e-02 -2.6767848447e-02 3.5703830625e-02 -5.2842053760e-02 -6.5646686684e-02 1.4366887423e-01 -2.8156907648e-02 -1.1076680203e-01 8.3491170093e-02 7.7409454886e-04 9.9138783699e-02 -1.6659735717e-01 1.1112430143e-01 -4.0027625862e-02 1.6187520750e-02 1.7209527378e-01 1.0258060015e-01 -4.1415913028e-02 1.2796554794e-01 -3.4060908003e-02 -6.9513982858e-02 3.9240190682e-02 -1.1025931724e-02 1.2801311559e-02 -9.0781745689e-02 -2.5275823773e-02 -1.0741357646e-02 -6.3828080976e-02 -6.2388129869e-03 1.9332843773e-02 -1.3432484078e-02 -5.6828542643e-02 -3.0630464960e-02 4.0558365160e-02 5.9088930085e-02 -7.3452646721e-03 -3.1176889858e-02 2.5361744704e-02 -1.8161146540e-02 -3.7950204542e-02 4.1478913996e-02 7.2930468245e-02 -6.6192517173e-02 -1.5868807163e-02 4.9081787986e-03 -6.9224572791e-02 -3.3160054701e-02 -2.6937487804e-02 -1.2357580942e-01 8.3071109855e-03 -1.0642953969e-02 3.9409192340e-03 -8.2870675012e-02
6.2290255651e-02 2.1917941457e-02 8.3438522639e-02 2.8606811571e-02 -6.6464391148e-02 -9.7001069307e-02 -7.8022872943e-02 -5.0501230207e-04 1.3993277334e-01 -3.0749084712e-02 8.9365837770e-02 -8.0902836966e-02 -1.2404663592e-01 -9.3801482028e-02 4.7472379914e-03 -2.1226897919e-02 1.7391372511e-02 -8.6653071527e-03 2.2912004448e-02 1.3721373058e-02 -4.3856710066e-02 5.8774450511e-02 -5.0774796811e-02 -7.1059003106e-02 -3.7808299285e-02 -1.4049221515e-03 8.3079881370e-02 8.1239573912e-02 8.7585610950e-02 -2.1144131277e-02 6.4485442797e-03 7.5306150614e-02 9.6608292718e-02 -2.9252980347e-02 8.7200703514e-02 -6.9757915162e-03 -4.4449776449e-03 2.1464444798e-02 -4.6075318677e-02 -5.9717150185e-02 -1.2753364592e-02 -2.8051427688e-02 -4.1245029852e-02 -1.2057611566e-01 1.3567207861e-03 2.0455002820e-02 9.4456031340e-03 1.2805955344e-01 -1.4478674327e-02 1.4320568009e-01 8.5217838944e-02 3.3320292471e-02 6.4936258149e-02 2.2733028300e-02 -3.9978840008e-02 1.6584240278e-02 1.1675398293e-02 5.8766074910e-02 -6.9753055617e-02 1.4431142855e-02 -3.2337773319e-02 8.1472580040e-02 2.1687113151e-02 -1.9144424822e-02 -6.5379903669e-02 -6.8409079112e-02 -9.7288613235e-02 -5.8153804184e-02 8.2487075104e-04
3.0445303642e-02 -5.5550807832e-03 8.8595970552e-02 3.7664852804e-02 7.5877230463e-03 -8.2598981282e-02 -5.4023585687e-02 -2.4951430930e-02 7.9433516427e-02 -2.6570944383e-02 5.5084710988e-03 -1.1963312456e-01 -1.3097774525e-01 -8.0437091542e-02 6.8387965833e-02 2.2196860855e-02 8.6474668193e-03 1.3037364629e-01 2.2896760440e-02 5.1432512256e-02 4.6323077836e-02 8.1885451778e-02 -5.0833346414e-02 5.9917032825e-02 -2.0169587212e-02 -3.9325681107e-02 8.1273301769e-02 7.2982860485e-02 4.0089496552e-02 -6.6159251355e-03 4.7236903576e-02 -1.0124810084e-01 -8.2264777104e-03 5.2371001183e-02 -7.5479984707e-03 -2.1452692808e-02 7.8269113593e-03 -3.8029757310e-03 -7.0133904692e-02 -3.8869639858e-02 3.0956466644e-02 -4.4637074350e-02 1.1992956170e-02 -9.2174998732e-02 1.8495790641e-02 2.5260110160e-02 9.2335531055e-03 1.3178568790e-01 1.4940623260e-02 1.5832104189e-01 -2.1180543615e-02 4.4887187561e-02 2.9228979325e-02 5.3569835441e-02 -9.6911895851e-03 1.6259573726e-02 1.3800021078e-02 -1.4414090550e-02 7.0643869817e-02 -1.9361132536e-02 -7.8677272106e-02 1.2117072933e-01 4.9432454265e-02 1.2194751177e-02 -2.6546764046e-04 -1.2204390586e-01 -7.0728548067e-02 -9.7330042028e-03 4.8571578291e-02
1.0516537747e-02 -5.8848497038e-03 5.5628550225e-02 5.2787065502e-02 1.2169238847e-01 -5.0987577339e-02 -5.9715683588e-02 -4.5300199500e-02 8.1216964694e-02 -5.0578582328e-02 -5.0391923738e-02 -1.1050333237e-01 -7.0153357997e-02 -3.8674079446e-02 1.3093772557e-01 1.9211010340e-03 -2.3152830495e-02 4.6755274048e-02 2.2612437594e-02 3.6490805919e-02 7.4798172766e-02 8.8656419563e-02 -2.5542674761e-02 5.5741785405e-02 2.8353888821e-02 -6.1070192825e-02 -7.3365147938e-03 8.2588489644e-03 -2.1212007433e-03 9.8757341858e-03 -2.0285546603e-03 -6.7108076792e-02 -5.9128498813e-02 1.4350454954e-01 -3.8830156375e-02 -3.9554057505e-02 -6.1403553151e-02 -3.1744828019e-02 -4.9855842524e-02 1.2821350902e-02 5.7734877916e-03 -4.3152386205e-02 5.8966679654e-02 -1.7931982357e-02 5.4387357940e-02 -1.0309919007e-02 -4.7139136910e-03 9.8410482410e-02 1.7681322290e-02 3.9390466601e-02 -6.3306345575e-02 5.4018838702e-02 5.4440288091e-03 3.7218239246e-02 1.2237370700e-02 6.9301500178e-03 -9.8908519130e-03 -4.9981680864e-02 1.2390276780e-01 -3.4640774010e-02 -5.8957348961e-02 3.5369326460e-02 -1.0183272455e-02 3.7557482317e-02 8.4569471582e-02 -8.7733149456e-02 5.0101021202e-03 9.7191460526e-02 9.0604516713e-02
-1.3942506017e-02 1.4324325434e-02 7.0571616628e-03 6.4655084290e-02 1.4666888754e-01 -4.5457694880e-02 -9.5706929731e-02 -2.3188469020e-02 1.1794817324e-02 -2.6560570216e-02 -4.8923269074e-02 -9.2442037404e-02 8.9561619285e-04 -1.7502244178e-02 1.2830150847e-01 5.1274283736e-03 -3.1425390918e-03 2.2335477210e-02 3.3799814254e-02 1.9303037178e-02 4.7499624084e-02 7.7516182604e-02 2.0539594649e-02 1.4668658209e-02 4.2179798018e-02 2.0659415142e-02 -1.8619969479e-02 -1.7597754649e-02 4.7339436767e-02 6.7968389519e-03 -6.5433226418e-02 2.0591151036e-02 -3.5653715180e-02 1.3514192036e-01 -2.0154927015e-02 -3.5801876502e-02 -1.1415371190e-01 -7.0514557004e-04 -2.4070722603e-02 8.0979892367e-02 -1.2028283599e-02 -7.4114459200e-02 1.0950731147e-01 -6.2428094913e-03 -1.6439232911e-02 -2.5944050221e-02 4.4130706446e-02 -6.6952940439e-05 -1.1525459234e-02 -5.3924041869e-02 -1.6221571686e-02 2.3458414714e-02 1.8859888272e-03 2.8807287801e-02 5.9957111300e-02 -4.7235051131e-02 -1.1754604317e-02 -2.3123863073e-02 1.1191321232e-01 -6.6789997743e-02 -1.5091982437e-03 -8.2784441566e-02 -7.6230481787e-02 -1.6936060472e-02 7.6360538999e-02 -2.4751721020e-02 9.4097111335e-02 1.0195926063e-01 9.9235657230e-02
-1.0291961962e-02 8.6852634668e-03 3.8601925860e-03 2.4923080400e-02 1.3605480670e-01 -8.0340499659e-02 -1.1120289334e-01 -8.1233184828e-03 -1.2336712420e-02 1.4597578267e-02 6.2644204886e-02 -3.4132266182e-02 2.8386525715e-02 2.1445549098e-03 8.5865963409e-02 -3.1216524248e-02 2.3067183145e-02 1.5113664329e-02 4.0092206635e-02 3.7116375477e-02 2.2849109027e-02 8.0980657910e-02 1.1455229801e-01 -2.9704431124e-02 5.7377371011e-02 7.9314676556e-02 -2.6486214591e-02 -1.0661213776e-02 5.4442742098e-02 3.5053834783e-02 -8.8791520145e-02 6.8894210043e-02 3.8891490766e-02 5.6254240241e-02 -1.2775412764e-04 3.8176739910e-02 -1.2255633040e-01 7.5529672913e-03 -2.2596398874e-02 1.7034653051e-02 -5.4665529602e-02 -5.3391601576e-03 8.7497724534e-02 -5.7986531591e-02 -1.4197722678e-02 1.1302529120e-02 6.7467700755e-02 2.7812317543e-02 3.9242077881e-03 -5.4120946380e-02 2.8572979700e-02 8.9437968775e-03 6.5296872082e-02 1.4274043899e-02 5.4865049238e-02 4.8632662867e-03 2.8965365151e-02 6.2938231181e-02 1.8219969797e-02 -6.4836171151e-02 2.4630162152e-02 -7.8820986106e-02 -9.5459135702e-02 -6.2245955244e-02 5.0742542455e-02 5.5783955121e-02 1.1748193151e-01 8.2004705237e-02 1.0385148154e-01
-4.9930091312e-02 2.0136434890e-02 -4.8757013837e-02 -7.3917781532e-02 -4.9109074208e-02 -5.8634623128e-02 -1.6292659788e-01 -1.9888794082e-02 -1.0530273776e-01 1.6973616496e-02 3.8111316190e-02 2.6800513024e-02 1.9815825320e-02 -1.4411338901e-02 1.2461037394e-02 -3.5902402764e-02 2.4986943283e-03 1.9223217393e-01 -2.2730372428e-02 4.4626361630e-02 -1.6915141341e-02 8.2528612955e-02 6.9397845402e-02 -2.0941672391e-02 6.0143646563e-03 1.1535372926e-01 -9.3517801917e-04 -5.7493641399e-02 6.4660000586e-02 3.2683644476e-02 -6.7988634392e-02 -5.7146372240e-03 8.1424240509e-02 -3.3620006875e-02 1.5690216324e-02 5.2425734035e-02 -5.4169008287e-02 1.7738709677e-02 -3.4645426802e-02 2.4715001896e-02 -8.2497250331e-02 -1.1650404834e-02 4.3233756439e-02 -8.3576751967e-02 8.7342327923e-03 1.8100377254e-02 7.2445907120e-02 6.3112592670e-02 -4.1872517430e-02 3.0297753640e-02 8.7460919547e-02 -6.1552779635e-02 5.2775057773e-02 3.3918826462e-02 1.7930475614e-03 1.0283789047e-02 1.8865291604e-02 9.3139179825e-02 -5.0957609783e-03 -1.7879837432e-02 1.3113021830e-02 -2.2517906502e-02 -7.2219788827e-02 -3.1055022255e-02 -2.1939807301e-02 5.4913822389e-02 7.9887636104e-02 1.0346324897e-01 4.1855397721e-02
-5.5547492421e-02 1.3619538089e-02 -2.4386715945e-03 -9.0293933243e-02 -8.7611160256e-02 -2.2778436575e-02 -8.5989323898e-02 -2.3331946210e-02 -6.2004935602e-02 -1.2668869993e-02 7.0373671675e-02 2.8023568720e-02 3.5301969893e-03 -6.1733383800e-03 -2.7235828103e-02 3.2956614723e-02 2.0257687553e-02 9.9881559773e-03 -7.8842704523e-02 3.0113686859e-02 -3.2078770202e-02 3.6172291176e-02 4.0715716974e-02 -2.3031425755e-02 -2.9712566525e-02 1.2529202772e-01 2.7617188652e-02 8.7222271224e-02 2.3428954527e-02 -2.5548824250e-02 -1.4335834175e-02 -2.5595280603e-02 4.5035173556e-02 -3.4029941389e-03 1.9910174727e-02 7.3808265151e-02 -1.4905394830e-02 -1.3536628784e-02 7.9706810366e-03 2.7804358737e-02 -5.2004799947e-02 -2.9126670612e-02 -1.2469420203e-02 -7.9678903259e-02 7.3047555462e-03 -3.8794180313e-02 7.2094246563e-02 5.5725718753e-02 -2.9389285279e-02 3.7788189425e-02 7.1612392991e-02 -6.7322718431e-02 5.2085384694e-02 1.8683029388e-02 6.1717714855e-03 2.3407727997e-02 3.5652314546e-02 9.6426858179e-02 -9.4413954731e-03 4.0605490577e-02 4.8386290712e-02 2.7595888881e-02 -2.7261240527e-02 -4.1169802143e-02 -2.6463459498e-03 3.8207950919e-02 2.3302832490e-02 1.1294936894e-01 -6.8799674916e-03
-7.5799864929e-02 -1.4276724959e-02 -2.9275266611e-02 -1.0189552688e-01 -7.8467671576e-02 -3.0487454909e-02 6.1046831517e-03 -5.1678608538e-02 -5.3960988609e-02 -3.8003433672e-03 7.5932139851e-03 3.5002321386e-02 -1.8261955777e-02 -1.5573798013e-02 1.5382231243e-03 5.4841752927e-02 2.9341643309e-02 1.7022276843e-01 -4.0259485878e-02 7.7636140767e-02 3.5852015175e-03 -1.0918352351e-03 -1.5165473537e-02 2.1173467591e-02 -5.2461466468e-02 1.0288166337e-01 1.2199272135e-02 7.3123054931e-02 -4.3917751223e-02 -3.0442651447e-02 8.4572546395e-02 -8.1574750929e-02 -3.9537734457e-02 6.9502736747e-02 -3.4807775176e-02 2.8648768613e-03 1.7314722700e-02 -2.4033301433e-02 2.5603882066e-03 9.7055711766e-03 3.9484008477e-03 -4.7407323712e-02 -6.3395154854e-02 -5.1478220665e-02 1.7276927410e-02 -5.5632160637e-02 3.1106022127e-02 -5.1739183971e-02 -8.1542049095e-02 6.3033437496e-02 -5.6922236848e-02 -5.3479947742e-02 -4.4891872841e-02 5.8066725286e-02 -2.6532819273e-02 1.8045619823e-02 3.9991458374e-02 4.0964696781e-02 4.7593016377e-02 -2.4520132561e-02 3.6741923070e-02 4.5189261945e-02 6.7790098266e-02 1.3861187931e-02 1.1434626049e-03 -4.7442890545e-02 5.1640967055e-02 1.7891809854e-01 -3.3651356295e-02
-4.6230522272e-02 1.5897566063e-02 -4.5530595423e-02 -6.2604036523e-02 7.4632056631e-02 6.6850057709e-02 2.1665941413e-02 -3.1905139467e-02 6.1184645477e-02 5.7534475613e-02 -8.0666596680e-02 3.9299461567e-02 4.3247721631e-02 -7.6016513331e-02 4.3241114681e-02 -1.2313296561e-02 7.5632339401e-02 1.7034628336e-01 -8.8472904427e-02 6.6259674472e-02 1.1804305118e-01 -4.1681933743e-02 3.0031919496e-02 -1.3665994980e-02 -2.4655026447e-01 3.3211961280e-02 2.4907027174e-02 -4.2082005822e-02 -6.3197132136e-03 -4.9355056503e-02 7.0016401203e-02 -9.7609437881e-03 8.6445209188e-03 -4.4485660839e-02 1.8353927597e-01 -1.0680041497e-02 1.4594243617e-02 -6.8170364735e-02 -5.1807221435e-02 1.8946757853e-02 8.5755028424e-02 5.5323446319e-02 -4.9685141109e-02 -2.6030944954e-03 7.8452230513e-02 -1.5488462250e-02 8.5947185538e-02 -3.3271708540e-01 -1.0144903591e-01 -8.3376266385e-02 -1.6389998056e-01 -5.2999205946e-02 6.1274357481e-02 -2.0706427013e-02 8.2150873606e-03 7.4812662328e-02 -3.4179801751e-02 9.1070921039e-02 1.1071884238e-01 1.1273194024e-01 -5.9860393516e-02 8.8752098135e-03 -9.4905067953e-03 5.2928389704e-02 -9.5034030601e-02 3.9030181922e-02 -9.8765428031e-02 3.0244600575e-02 -5.2250960369e-02
-3.4865769522e-02 1.1211321778e-01 -7.0708263356e-02 -4.1873442868e-01 2.0979375133e-01 2.2502837672e-01 -8.7674603806e-02 1.9293219759e-02 -3.5482849035e-01 2.6691906443e-02 1.5941523184e-01 -6.4852060322e-02 -2.8097121710e-02 -2.4775904055e-01 1.5258452352e-01 -2.9468951139e-01 1.6444215698e-01 4.9141341394e-01 -1.2194892341e-01 2.9803940962e-01 -2.0766055430e-01 8.8719489946e-02 -5.4082159602e-02 3.5812449820e-01 -4.0185757997e-01 -1.8346910515e-01 -2.7041547230e-03 -5.0613295290e-01 -2.9171280032e-01 7.5715891714e-02 -8.0972146744e-02 1.9551423459e-01 -2.5406645522e-02 -2.1787971772e-01 1.2943638271e-01 1.6192282115e-01 -7.8350416121e-02 -9.9706721004e-02 -1.1878624326e-01 2.8258256888e-02 -7.6940264671e-02 1.3507060548e-01 9.8836165567e-02 3.2305659156e-02 -5.2625592410e-02 -1.4857104227e-01 1.1229616934e-01 -8.9189332230e-02 1.7772934578e-03 3.6657122060e-02 -1.2594501876e-01 1.1705558241e-01 -7.9732640035e-02 -4.4142116987e-02 -7.8758364664e-02 -3.6484257590e-02 -1.9948684732e-01 -7.7827522403e-02 1.1685031161e-01 -1.3141489940e-01 -2.0117798595e-01 5.9704329627e-02 1.8946170351e-01 -9.6095720021e-02 -5.9510985948e-02 -2.2779825890e-02 1.1717546203e-01 1.0479441654e-01 7.8812103930e-02
-2.6967535461e-01 -1.2236062259e-02 -4.1759893326e-01 1.8813305775e-01 3.7200771558e-01 3.2167218433e-01 -6.3091771403e-03 3.0226975343e-01 -3.9405876412e-01 1.9300880988e-01 3.3305845728e-01 -7.9811227762e-02 2.6992664772e-01 -1.1474144825e-01 -6.7027843023e-02 -4.1794251299e-01 7.2530950832e-02 1.5584217702e-01 -4.1006377255e-01 2.0861977771e-01 1.9483687801e-01 -2.0896980014e-01 2.7295681717e-01 1.4472164300e-01 -2.4617700924e-01 3.8484611337e-01 1.9287401902e-01 -1.6424752251e-01 1.2310496542e-01 -3.9224209492e-01 -2.2853598753e-01 -2.1809019266e-01 4.2196161619e-01 3.3314120262e-01 8.4711387042e-02 4.0061281873e-01 -2.3240539738e-01 1.3479495998e-01 3.1161742800e-01 -3.4214518562e-01 4.1615289568e-01 -2.2358815646e-02 9.4759500249e-02 3.8417703845e-01 4.0440061879e-01 3.0117841364e-02 3.9980758225e-01 7.6666486000e-02 3.9651366871e-02 -1.9933101384e-02 -2.6172814523e-01 -4.2571117015e-02 -2.9366395326e-01 -7.3838251896e-02 -2.8027572059e-01 2.3263135612e-02 -2.7321430864e-01 -6.7158977841e-02 4.1180627968e-01 1.8899132728e-01 -2.6251973894e-02 -2.5615739195e-01 2.5677652667e-01 1.1410004754e-01 1.9825266924e-01 -4.8654551298e-02 2.0929547487e-01 -9.5202593031e-02 4.1795184039e-01
-9.1627838052e-05 -6.2194862494e-05 -8.9993977328e-05 -5.8766479532e-05 1.9273425119e-05 -2.0265996835e-04 -4.2491971108e-05 -4.3542464419e-05 1.7390477654e-04 8.9143902756e-05 -7.5299838830e-06 1.1961946284e-04 -3.9876174261e-05 1.3406826086e-04 -4.3519820269e-05 1.0979574972e-04 -5.0004722360e-06 -2.3220517180e-05 -2.7440944572e-05 1.3833096281e-04 -1.7434696893e-05 2.8916862416e-05 -1.9816925749e-04 -5.6985209539e-05 -5.1976674452e-05 -1.4183931834e-04 7.5697633193e-05 -3.9070921693e-05 6.5066166023e-06 -6.4771595083e-05 6.1056165810e-05 -1.0342578185e-04 2.3857444624e-05 1.2505162842e-05 -2.2931642709e-04 2.0220543572e-05 1.6182445395e-04 1.5648292049e-05 -2.9819920938e-05 -6.5838950346e-05 8.0986902337e-05 -9.5552852005e-05 -1.3136260538e-04 -9.5344711463e-05 1.3836928831e-05 -1.5292702524e-04 1.6021441999e-04 7.7794954661e-05 2.2279843977e-05 4.0599791072e-05 -1.3084760203e-05 -2.1000197122e-05 -5.9383898638e-05 -1.7158707123e-05 1.2002722061e-05 -2.6850827931e-05 6.4496787293e-06 6.9692703115e-06 9.9198190878e-05 -9.6482959220e-05 7.5323395096e-05 2.4969561338e-05 -4.0986735909e-05 1.7600299876e-04 -2.7674736016e-05 -8.2754053247e-05 2.3999443136e-04 -5.4540511144e-05 1.5147490228e-06
5.2280048844e-05 1.5426561122e-04 3.4734861496e-05 1.7496610204e-04 5.3333380694e-07 7.8499636079e-05 2.0863553839e-04 -1.2464206649e-04 -1.5651509176e-04 -1.2370241219e-04 4.2251490598e-06 -1.3439275119e-04 5.8557634966e-05 2.1342089991e-05 2.3517039875e-05 2.6690187414e-04 -2.5968631153e-05 8.4403512236e-05 1.5709979821e-04 -1.8216289589e-04 -3.3145365054e-05 -8.0472160740e-05 -2.1768283622e-04 -1.9616266284e-04 -3.9313331280e-05 3.0609364528e-05 -1.6996571521e-04 -1.3817553561e-04 -8.1349618814e-05 -1.6924284477e-04 1.3022540472e-04 2.4248326144e-05 7.3525333016e-05 -4.9095897247e-05 1.2598892459e-04 1.0753056627e-05 -3.4999615543e-05 1.6099524121e-04 -1.8534597129e-04 3.0988314505e-05 5.5644224202e-05 3.4257175809e-05 -9.0754852962e-05 5.7390399298e-05 -2.8858886606e-05 -7.6659170548e-05 -1.7646224009e-04 -1.5873287951e-05 1.7059777118e-04 3.5191157526e-05 5.5212972394e-05 4.3669814226e-05 1.7798960411e-05 -4.3826369480e-05 1.1585075725e-04 -5.7462768931e-05 -8.0413579917e-06 8.9399802970e-05 -6.5703937153e-05 -8.8270009830e-06 8.5140490483e-05 -1.6290616326e-04 2.1977793316e-05 -1.6518548047e-04 -7.9547049412e-05 9.1504402612e-06 3.8173577962e-05 1.9742731741e-04 4.6881038477e-05
-1.9320099092e-01 3.7617728129e-01 2.0637420848e-02 1.3620255675e-01 3.3791754753e-02 -1.4517072296e-01 2.3134721761e-01 -1.9604170196e-01 1.4269657700e-02 -9.6934571787e-02 -1.5353697674e-01 2.2002675846e-01 7.8694224148e-02 -1.8426905898e-01 -6.0858533456e-02 -4.7442044696e-02 -6.2361736246e-03 -2.8844946699e-01 2.2853830635e-02 1.2320583954e-01 2.0483430127e-01 1.0341215723e-01 -8.1149165547e-02 1.0058384187e-01 -8.0267880496e-02 -6.2656249122e-02 1.4058932280e-01 2.3648916446e-01 6.3585826659e-03 -1.1932273174e-02 -4.2261318144e-01 -1.5766559192e-01 -1.5447461718e-01 1.5622496765e-01 -1.1771997907e-01 3.4789930681e-01 9.1956601613e-02 -1.0632226025e-01 -1.5586527030e-02 -2.6765395492e-01 -3.2599544239e-01 -2.0814798258e-01 -1.3905052936e-01 -2.0739059018e-01 -1.2369952986e-01 2.1820254402e-01 -2.6033614722e-01 -3.4613643451e-01 1.8107708745e-01 -2.5503431396e-02 2.7046733698e-01 2.4601514553e-01 -1.4171726827e-01 7.4112101608e-02 6.3376895650e-02 -2.1180754712e-02 -6.5230283468e-02 -6.0596670469e-02 2.3163425799e-02 -3.9876435492e-01 1.8196126902e-01 -1.2946155599e-01 1.8926443081e-01 -3.0955405613e-01 -1.8266453130e-02 -1.5783053757e-01 1.0503034344e-01 1.3368168709e-01 -1.4127942023e-01
1.1907453235e-01 -5.5012030522e-02 -4.3310651906e-02 -1.4491379458e-01 -1.5031678970e-02 4.0681276812e-03 3.3961515935e-02 3.7471672279e-02 -6.4423212790e-02 3.9492225845e-02 1.2452900629e-01 -6.2864246462e-02 -1.2151342465e-01 -6.5265537686e-02 -7.2577091706e-02 1.2479799322e-01 8.4562115285e-02 -8.6185921675e-02 -1.2329962823e-02 8.2373657030e-02 3.5896858137e-02 1.1585740183e-01 3.8468431742e-02 -2.5129254075e-02 1.9139415792e-01 -4.0239361538e-02 3.8383121179e-02 -1.8593669938e-02 6.3789771621e-02 -1.0649713009e-01 1.6529519163e-02 -7.9278582056e-02 6.5703849838e-02 -2.5230033712e-02 -8.1517900187e-02 -1.1619361334e-03 -9.6761166956e-02 -2.4725863320e-01 -1.5178178553e-01 1.4162376534e-01 -1.9426567426e-02 7.9757967112e-02 7.9763221873e-02 -3.9683299809e-02 -1.5624907637e-01 1.7560328028e-01 -1.2795990469e-01 -1.2907421347e-01 3.0687082526e-01 -1.4041184538e-03 -1.7241521947e-02 3.2743454538e-01 -3.9250570371e-03 -8.2677071680e-02 -9.1005678323e-02 1.5993477554e-02 -3.3477188242e-03 4.9476559559e-02 -3.6946266117e-02 -6.0692948633e-02 -5.4752517153e-03 8.7196247572e-02 1.2770793014e-01 1.3846368248e-01 5.0533464439e-02 -8.6322088455e-02 6.9009771987e-02 -5.8540938560e-02 -4.3349315634e-02
2.2520066016e-02 2.5503191626e-02 -4.1903116849e-03 8.1052456810e-02 -2.5945923649e-02 -3.8157845433e-03 3.0622622392e-02 -2.0998987025e-02 2.5815064924e-02 -7.7443228719e-03 -3.4215965633e-02 3.3974495835e-02 -4.0708152914e-02 -6.7501337469e-03 -3.5432877413e-02 -4.1142490514e-02 3.9737817758e-02 -2.1740473790e-02 -5.1314954602e-02 1.0605851104e-01 9.7038863813e-03 7.1245486218e-02 6.8937189156e-02 -7.8102977171e-02 4.4271921069e-02 9.6096786235e-03 2.7976608318e-02 2.0459195460e-01 4.1246175693e-02 -4.1690953470e-02 9.5605877108e-03 -1.5244242550e-02 3.4443782339e-02 8.0128357678e-02 -8.5767750388e-02 3.9482057943e-02 -3.5298021009e-02 -6.0514126012e-02 -1.1931795942e-02 -2.3797600317e-02 -6.5946892411e-02 3.4254225565e-02 -9.1470235992e-02 -9.1948787141e-02 -2.0029437079e-02 -5.5709974596e-02 -4.8756957351e-02 1.2497247356e-01 7.9826641736e-02 6.0251361345e-02 4.2222147740e-02 1.1335941885e-01 3.6694120403e-02 -3.4429068996e-02 -4.4015536519e-02 -4.2870682722e-02 2.5769300853e-02 6.1851379864e-03 -7.2834332868e-02 -3.2501953380e-02 -5.5022563202e-02 2.5070793042e-02 3.0048841675e-02 4.7305476024e-03 7.6361353293e-02 6.7739973128e-02 -1.5049212919e-04 1.9733101406e-02 -4.2188771763e-03
2.2450796600e-02 -5.7853333486e-02 3.8188059048e-02 -1.9979474837e-02 4.1944072458e-03 -1.0717952606e-02 -7.2670065850e-02 -6.6618966556e-03 -2.1612085720e-02 -2.1006601298e-02 6.5350728295e-02 -2.2648740357e-02 -4.3840437563e-03 1.0384575709e-01 -4.8962926920e-02 2.5092568153e-02 -7.0175387461e-03 -9.8604354875e-02 4.1340420714e-02 -2.7710505581e-02 -2.0122190988e-03 5.4247870179e-02 -7.9737270854e-03 -5.2932686467e-02 5.0814441878e-02 -4.2548082175e-02 -3.7426619350e-02 5.2834770274e-02 1.3619831331e-02 -2.4886585366e-02 5.3625779717e-02 -3.8884134238e-02 -3.4231261963e-02 1.2042029982e-02 -7.9782630752e-02 -2.6297234690e-02 3.9165060731e-03 -4.8109544647e-02 -8.0152336327e-03 -1.4444872353e-01 -5.6285685246e-02 -2.1890844632e-02 1.2780129043e-02 -5.0719176319e-02 -1.2948203441e-02 -1.3143629275e-02 -8.3633954835e-04 7.7111942862e-02 -1.6896885080e-02 4.2826172522e-02 -1.5142252077e-02 4.3622548585e-02 4.1867737300e-03 -4.7950066753e-02 -1.2376483451e-02 -8.9767337421e-02 1.4475033141e-02 -1.6813294281e-02 4.0151076084e-02 -2.5321749421e-02 -2.2604332256e-02 5.8889030350e-02 7.7148116274e-03 -1.9454274785e-02 5.9113766422e-02 -1.8312330528e-02 6.8334999894e-02 -2.9886415005e-02 -3.0158642686e-02
3.5004930801e-02 -9.7834636330e-02 -4.1030181861e-02 4.7227551785e-02 3.7680205575e-02 -1.5610950393e-02 -2.3948476660e-02 1.5412352396e-02 -5.8171740512e-03 -2.8178486152e-02 8.0682803906e-02 2.3292969984e-02 -5.8957042473e-03 6.5959531977e-02 2.9156532659e-03 -2.5147602900e-02 -3.0699482596e-02 -1.3682146658e-01 2.4791655158e-02 -5.8234164390e-02 2.7747374210e-03 -8.1779679893e-03 -4.9493694237e-03 -6.5632685047e-02 -4.3133967916e-02 -4.2883525561e-02 -2.0759232943e-02 1.3780750670e-02 -5.5270510060e-02 2.9568383782e-02 4.9202225821e-02 -2.8171400881e-02 -2.7769185784e-02 -5.4908951259e-03 5.6759972349e-03 -6.9928044054e-02 -3.0687773159e-03 9.7740308869e-03 -1.2616401594e-02 -1.7499194725e-01 -2.2680790310e-02 3.1214804035e-02 -7.0193016691e-04 -3.3862540539e-02 -2.3347947236e-02 -3.5706777063e-03 1.3217588296e-04 2.3739686681e-02 -1.0218218376e-01 4.2292164139e-02 -5.5072957368e-03 4.4548211820e-02 2.8584479235e-02 -3.4156663699e-02 8.1614299909e-04 -7.5651403279e-02 3.4584382952e-02 -9.7827216854e-03 1.7885305723e-02 6.9642574865e-03 3.3592728996e-02 4.6218845794e-02 2.6061896078e-02 3.0080623088e-02 -2.8960470575e-02 -2.9904895837e-02 6.3314971361e-03 7.3031323503e-02 -1.4793266927e-03
1.3005547853e-02 -8.3032758206e-02 -6.1399451982e-02 3.6990947970e-02 8.9815720489e-02 -1.3690272048e-03 -3.1743462312e-02 2.4751204534e-02 1.0609057415e-02 -3.6061074746e-02 8.4455158291e-02 4.7575181857e-02 4.1826104170e-02 -2.0077734112e-02 -2.1677304222e-03 4.0517744156e-02 -5.4559897434e-02 1.5444973299e-02 4.3814988835e-02 -1.4042330190e-01 4.1828110013e-02 1.7011180915e-02 -6.4122902469e-03 -5.4632334394e-02 -5.7834103408e-02 -3.6520256261e-02 -3.2254192162e-02 -1.4922107733e-02 -8.1164592280e-02 6.2237070679e-02 7.3595732902e-03 -6.2807224760e-02 -1.6634357514e-02 1.1920045795e-02 2.0926734236e-02 -6.9580148125e-02 3.8650185015e-02 3.4096102419e-02 -1.5696241751e-02 -1.0047156114e-01 6.2278984322e-02 2.3497087045e-02 3.7756410110e-02 1.3958691750e-02 -3.1682095843e-02 4.8945504661e-02 -3.8569500685e-03 -6.9705489878e-02 -4.6469422937e-02 2.4622304178e-02 4.5797611909e-02 -5.0798489797e-03 -3.4731875832e-02 -2.9280828845e-02 8.6263699713e-03 -6.3019704959e-03 5.5172274092e-03 6.3188141108e-03 2.1473941285e-02 1.7168922006e-02 4.8192736468e-02 1.2810603370e-02 -1.5185935798e-03 -5.8597617622e-03 -4.3734018770e-02 -4.6185124088e-02 -3.3089588518e-02 7.9073907740e-03 -4.8738573644e-02
2.8425361103e-02 -2.3895075009e-02 -1.0806241582e-01 -1.8810326911e-02 9.4246084595e-02 -2.5074243113e-02 8.0241091750e-03 1.9863081911e-03 -1.2570907913e-03 -3.9259133294e-02 5.8943990684e-02 5.7577373265e-02 3.4497891612e-02 -7.8240313996e-02 1.5194191298e-02 6.8362962885e-02 -2.7517444808e-02 -3.0967113103e-02 2.6521793550e-02 -6.9001079278e-02 3.9658000567e-02 -1.5930961840e-02 2.6128815461e-02 -3.7246295853e-02 -8.8179792723e-02 -1.7187420820e-02 -2.3835278503e-02 3.6441502886e-02 -7.1534984832e-02 5.8026873300e-02 -3.0206478238e-02 -1.2838726248e-01 8.1243807942e-03 1.3842021527e-04 7.1883093572e-02 -4.7997257146e-02 4.0612766832e-02 -1.6551561546e-02 -2.1833001202e-02 4.4915339664e-03 1.4039773258e-01 -1.6997416731e-02 2.8293886251e-02 -6.6098308425e-02 -3.3569987795e-03 1.1877660268e-01 -3.1734161212e-02 -1.1077296624e-02 -9.7620206174e-02 2.3097592260e-02 1.3406695163e-01 -1.8857940957e-02 -7.6200654851e-02 5.8795652017e-02 8.9157317432e-03 3.3216045568e-02 -2.0488906868e-02 5.3874385406e-02 -7.1181675661e-03 4.8764489453e-03 6.4525618609e-02 -5.4567371077e-02 -1.4221848838e-02 1.2590844619e-03 1.5192548789e-02 -5.0394270132e-02 -3.5765034501e-02 1.7168728325e-03 -5.3471457322e-02
4.0461336979e-02 2.9619790510e-03 -6.0959511943e-02 -7.3630642849e-02 7.2541495989e-02 -1.0497637160e-01 4.0796490289e-02 -3.6402777866e-02 7.2927005251e-03 -8.8869103062e-03 -5.6448000996e-02 4.7251674280e-02 5.8331548549e-03 -3.9848833578e-02 -2.4032162652e-02 4.7111762751e-02 -2.2428377512e-02 -4.5709186614e-02 1.3901216340e-03 3.4142654271e-02 -3.1232465668e-03 1.9958339460e-02 6.6588257046e-02 -2.4598675003e-02 1.7230735221e-03 3.3367778020e-02 2.5694056587e-02 5.6641166575e-02 3.4670981835e-02 -3.3070482677e-02 -4.0873476522e-03 -1.3505608804e-01 4.8276731039e-02 -1.9043593265e-02 8.0264051136e-02 3.8541527347e-03 2.9670740906e-02 -6.0496775563e-02 3.4168619954e-02 3.9980178766e-02 1.8496789496e-01 -6.1670581994e-02 -2.2800602314e-02 -4.0618405009e-02 9.1134079082e-03 7.9879954338e-02 -9.2717716885e-02 4.7248485412e-02 -4.3009027045e-02 8.8731425335e-03 8.8325622934e-02 -2.5381547678e-02 -9.4580647783e-02 9.6755217854e-02 -4.4338777335e-03 2.8572060962e-02 1.0783621424e-02 -4.2629634439e-03 -3.2314362443e-02 -2.1037098874e-02 2.1153037173e-02 -1.1837488222e-01 5.5827565126e-03 -1.5100217099e-02 3.5120662110e-02 1.1162334186e-02 -1.0335279705e-02 -4.2901748077e-02 -4.2486486147e-02
2.6295506503e-02 -5.4279338276e-02 -2.9518499822e-02 -7.8623794529e-02 5.0743339054e-02 -1.3383342355e-01 6.1262377824e-02 -4.2033026230e-02 -5.0972033952e-02 3.3322167473e-02 -1.2431754342e-01 2.8032083195e-02 2.3416918732e-02 1.6949271124e-02 -8.8155661773e-02 -1.0973635869e-02 -2.1039036004e-02 -1.6844348989e-02 -1.3838344125e-02 1.1653955600e-01 -7.4967590014e-02 -2.2645556105e-02 3.0861716903e-02 -5.7561337874e-02 5.4073021190e-02 -3.5773835402e-02 1.0709628200e-01 -1.6439670638e-01 1.0795366520e-01 -6.8118040428e-02 3.1144386252e-03 -7.4325273058e-02 6.0362972334e-02 -2.6620720736e-02 2.0863728899e-02 -2.0301541396e-02 2.2354762925e-02 -6.9642957406e-02 -1.7381414864e-03 -2.9638401731e-02 1.2897105616e-01 -4.7559944612e-02 -5.1597758656e-02 -5.2067589074e-02 1.0286487533e-02 4.9505060429e-02 -2.4157875131e-02 9.9854597624e-03 -5.6110009769e-02 1.8226509976e-02 -5.8006834815e-02 -4.4800762678e-02 -3.6165912149e-02 3.8872458072e-02 3.3387208459e-02 -7.2165152924e-03 1.2153271264e-02 -2.4364505995e-02 -3.5309153997e-02 -6.2007481217e-02 8.1352845789e-03 -8.8186731812e-02 -6.9107354941e-03 -6.8009583622e-02 1.4848171928e-02 4.1824050898e-02 3.1586688321e-02 4.0837370288e-02 2.1384127811e-02
-2.2484529830e-02 -6.9048965496e-02 3.2649192183e-02 -1.5461073344e-02 4.3196063148e-02 -9.3603861983e-02 8.3618085825e-03 2.4690339128e-02 -8.1394951248e-02 9.2390543616e-02 -1.4502188413e-01 -5.1187276276e-02 6.4719678917e-02 2.1510383489e-02 -7.7799056934e-02 -7.7736374307e-02 -6.4834484898e-03 1.8671624361e-02 1.9239209279e-03 1.1667758542e-01 -5.3442903317e-02 -2.0568521484e-03 -1.0807518203e-02 -9.2844300723e-02 3.0434461527e-02 -4.6335375936e-02 1.1038098238e-01 -3.1760079074e-01 2.0775591732e-02 -8.0211131517e-03 -2.8273189463e-03 8.0392604676e-02 6.2851430027e-02 4.5509388151e-03 6.7892284922e-02 -4.7398185792e-02 -3.5190525721e-03 -2.7806262880e-02 -4.9359957289e-02 -9.7824599954e-02 1.1990747594e-01 -6.2913471962e-03 -1.1484926877e-02 1.3010263788e-02 -2.5673905396e-02 5.7117681304e-02 9.4596740673e-03 -1.9782747788e-02 2.2786743826e-02 8.2071866567e-03 -1.6995569536e-01 -7.3604426251e-02 4.9038468978e-03 -6.0560337142e-02 3.9897787510e-02 -5.7900872677e-02 1.5432279687e-02 -1.3916699925e-03 -1.0383418682e-02 -6.5038819329e-02 -2.9926195692e-03 -1.9503370952e-02 3.1868812355e-02 -2.1205481262e-02 -2.5757921357e-03 4.2628752997e-04 6.0662998628e-02 2.8987210226e-02 5.7355383922e-02
-6.2533910472e-02 -7.2271393894e-02 3.8317558577e-03 1.1059640244e-01 -1.0619124512e-02 1.4060441251e-02 -4.3218894010e-02 2.0779831267e-02 -1.1114012688e-01 1.0472602692e-01 -1.1250640141e-01 -7.9718363285e-02 4.7857827454e-02 -6.5772577370e-02 -4.5872775942e-02 -1.1077468298e-01 -5.3625541618e-02 5.5172005277e-02 2.6965661722e-02 1.5681875628e-02 1.6544926433e-02 1.9083270369e-02 -4.0611647217e-02 -8.1049629945e-02 2.5065833074e-04 -5.1166274407e-02 1.2078291102e-01 2.0479407482e-03 -1.8484575062e-02 7.2467468017e-02 -2.9083055514e-02 1.4944390783e-01 4.3914920864e-02 1.9345564150e-03 4.4647647759e-02 -1.5296165541e-02 -6.1809323492e-02 2.2652457602e-02 -2.4684185863e-02 -6.0283204734e-02 2.8554561919e-02 2.3627340981e-02 3.8026390995e-02 -2.7237561391e-02 1.4446328863e-02 1.1947371366e-01 8.5085136406e-02 2.5232694123e-02 2.7837256611e-02 1.4896292525e-02 -8.0119538681e-02 -1.0357976234e-01 -1.5976478486e-02 -1.4235265162e-01 3.7890028237e-03 -6.2731123987e-02 1.2820279468e-02 6.8885145088e-02 1.3204299590e-02 2.0923122182e-02 2.9530751549e-02 7.6061011737e-02 1.2357761227e-02 3.1389774035e-02 4.7178800270e-03 -3.0837745876e-02 8.2244032724e-02 -8.8380980222e-02 1.8650310785e-02
-6.9302658710e-02 -1.4148464461e-02 2.0391901718e-02 5.6494695929e-02 -3.1866024971e-02 1.5251981758e-02 -4.4499160046e-02 3.2743206623e-02 -1.6022946402e-01 4.2806874142e-02 -5.0220107159e-02 -7.9313780579e-02 -2.1517938542e-02 -8.1358569687e-02 2.0753130094e-02 -1.4953924324e-02 -4.9102864021e-02 2.0797463827e-02 -3.8948504641e-02 -8.5481703134e-02 9.2435352658e-02 2.2684542857e-02 1.6071451204e-02 6.0148778321e-02 6.1577713247e-02 8.8017226975e-03 5.6293806523e-02 1.8410444870e-01 -6.9100275058e-02 1.1164410841e-01 -2.8892128521e-02 2.9192177841e-02 -2.8636448485e-02 -2.0610747624e-02 6.6886924518e-02 8.0832649572e-03 -8.2860044349e-02 1.4246534251e-02 -4.9973852130e-02 5.1012326406e-02 -3.0181775551e-02 -7.0142189093e-03 9.8399923705e-03 -4.1214794937e-02 4.6130537436e-02 5.8835516731e-02 4.4658633630e-02 1.9297529385e-01 -4.6101985759e-02 5.9072644116e-02 1.5414203981e-02 -2.8828436999e-02 -5.3191432583e-02 -9.0077750267e-02 -2.4963059253e-02 -1.4815385449e-02 -4.6977345618e-03 4.7195764528e-02 -2.1827443842e-02 2.6613157045e-02 8.1930743752e-02 9.5385560277e-02 3.3396021582e-02 5.1062156365e-02 3.5607503342e-02 -3.2059915199e-02 8.1960894133e-02 -1.0419026355e-01 -5.4360534279e-02
-5.0781640467e-03 1.5953401405e-03 -1.2603398677e-02 -1.0265989147e-01 -1.4009058929e-02 -1.8183256932e-03 -1.3353678257e-02 -3.2648116361e-02 -5.3432448089e-02 -5.0909895129e-02 -6.4552170733e-02 -1.9827087672e-02 -5.5453984328e-02 -2.0867078534e-03 7.3201488623e-02 8.5678583887e-02 -3.9742072937e-02 3.4586529121e-02 -1.3334661781e-01 -6.7963700991e-02 1.1589696883e-01 7.1508289801e-02 2.6513308401e-02 7.9496755093e-02 4.1541269919e-02 -2.2110613348e-02 4.7237789030e-02 9.6166894911e-02 -3.4270003142e-02 3.3055278476e-02 3.4985577075e-02 -8.4370341761e-02 -9.6918023297e-02 -9.7595873600e-03 9.3779167238e-02 -4.4036393939e-02 -5.9070819093e-02 -2.7444855841e-02 -3.5671083604e-02 1.2726430010e-01 -9.7997728470e-02 -5.1850016685e-02 -5.9760165364e-02 5.1142538175e-02 -4.0387463788e-03 -2.7626252826e-02 -3.2132266717e-02 1.5168292567e-01 -1.2750031703e-02 3.0166839137e-02 -3.3912411483e-02 1.9933637496e-02 -9.8391378762e-02 -5.2818284050e-02 -8.4204936383e-03 -2.9011197478e-02 2.1783873977e-02 -6.0655000767e-02 -3.7595895739e-03 5.7773930096e-02 8.8948177019e-02 3.1027732749e-02 1.9487067341e-02 6.1070520910e-02 6.0359419045e-02 -2.5802588179e-02 1.4659982787e-01 3.4277637776e-02 -1.2596592843e-01
4.2350494091e-02 3.6148411766e-02 -4.2458700829e-02 -1.3258320092e-01 1.8274273042e-02 2.0868586978e-02 9.4771310543e-02 -3.9058079049e-02 3.6814432956e-02 -6.4551786007e-02 5.4717244452e-03 -2.9886797442e-02 -1.2881006877e-02 3.7593368047e-02 1.1448491823e-01 1.2836373672e-01 1.2110675611e-02 3.2367297839e-02 -9.0496517802e-02 -5.4788520941e-02 3.8778614267e-02 1.1794951382e-01 3.6364367401e-02 -2.6310380484e-02 5.5384782610e-02 -1.0539073973e-01 9.7462110524e-02 -1.1147749408e-01 4.3637615309e-02 -9.7554061959e-02 5.6313261864e-02 3.5829379315e-02 -3.0587676322e-02 -4.1090901532e-02 7.4159197677e-02 -1.1261055002e-01 -3.6885324743e-02 1.3947210681e-02 -2.7194174485e-02 7.3523995267e-02 -9.9097300569e-02 1.7983881298e-02 -3.4090726200e-02 7.3412392092e-02 -7.3121579671e-02 -8.9726233998e-02 -3.4144136252e-02 -1.2898886105e-02 1.3925597942e-02 3.6864278179e-02 1.6930997490e-02 8.4338569868e-02 -4.2624868850e-03 -8.1885023608e-02 3.5037976177e-02 -3.4912853421e-02 6.9054470178e-02 -3.8831984709e-02 -3.3563162599e-02 2.3768262545e-02 7.7633933553e-02 -5.6069126542e-02 -7.5424643511e-02 -4.8927502736e-03 -1.5916822597e-02 2.4098732708e-02 1.4566408778e-01 1.1067858567e-01 -6.3562360064e-02
4.2751994704e-02 1.2628053487e-01 3.5340378290e-02 -9.7435338967e-02 2.0438748485e-02 -1.1481710479e-03 9.6020598144e-02 -4.3759740243e-02 9.7199432073e-02 -3.2169057054e-02 4.4002718366e-02 -5.2306973569e-02 -3.1022711513e-02 -5.1732192794e-02 7.3873449188e-02 8.4952577579e-02 4.7627722647e-02 -1.9626003103e-02 -4.3817414829e-02 -1.4066296286e-02 -6.3023802803e-02 4.0806200619e-02 2.6934274979e-02 -8.3427097461e-02 -7.2370380979e-02 -5.2913579695e-02 1.0133399734e-01 -1.6219938937e-01 5.4469801713e-02 -7.9558964055e-02 1.6406918465e-03 8.5365151649e-02 3.2560521792e-02 -5.5678034264e-02 3.6340683593e-02 -7.0107061353e-02 -4.9830597067e-02 5.8887290712e-02 3.4470074662e-03 1.5732537996e-02 -4.6035308980e-03 3.9650890642e-02 -7.5701816643e-03 -3.2980869153e-02 -1.0435611116e-01 -5.0260776834e-02 2.9052526591e-03 -1.2834080430e-01 4.3240644928e-02 5.0753907621e-02 1.2001515625e-01 4.4121209467e-02 9.1749569341e-02 -1.0459613085e-01 4.3998126251e-02 -7.1024940569e-02 4.0027921134e-02 6.1790307654e-02 -7.6690825843e-02 2.0576662795e-02 5.1658993457e-02 -1.5035296636e-02 -1.0359171803e-01 -2.4568626528e-02 -1.1504126696e-01 -1.1365951027e-02 4.5245426214e-02 2.0599530019e-02 1.7920774921e-02
2.9530877134e-02 6.1104955419e-02 1.0848422655e-01 4.6931877403e-02 -3.7957333403e-03 -2.7013022611e-02 5.3254684872e-02 -4.6305003252e-02 6.0146304884e-02 4.0290216340e-02 8.7099740685e-02 -1.1432765128e-01 -1.0194340816e-01 -1.0392365588e-01 1.4269871172e-02 5.7204431531e-02 3.8975612625e-02 5.7567298106e-02 -2.5735479225e-02 -2.3214340371e-02 -3.6307760112e-02 -1.8002797311e-02 -2.3747453851e-03 -5.6759794387e-02 -1.2967412550e-01 1.0009055352e-01 1.1262735004e-01 -3.0702667642e-02 4.6625088076e-02 -2.6174561823e-02 -2.0000039923e-02 -7.1946682488e-02 6.5707659366e-02 -4.2029520268e-02 -3.3955136625e-02 1.1782908586e-02 -2.1313556345e-02 7.7670532257e-02 -3.1971989780e-02 1.9462627722e-02 5.2233869530e-02 -3.6252203949e-03 -7.1516265606e-03 -1.0562999965e-01 -5.8820509814e-02 -6.8842267978e-03 1.9981402575e-02 -2.8438408718e-02 5.1348897626e-02 5.1041887295e-02 9.2842203165e-02 7.3861390833e-03 8.6786579704e-02 -4.4949178325e-02 2.1328879239e-02 -5.9892583553e-02 3.5404423414e-02 1.6944655108e-01 -5.6669529583e-02 2.3424650593e-03 -2.0294164321e-02 4.4828443477e-02 -4.7680254880e-02 4.4901802067e-02 -1.0392137810e-01 -8.7606400393e-02 -3.4541929835e-02 -1.5779628623e-02 4.0632490854e-02
6.3365620947e-02 1.8191126250e-02 8.3236155614e-02 7.9130050813e-02 -1.3173002237e-03 3.3689891253e-02 -4.2838745151e-02 -6.7771781608e-02 5.8073604467e-03 7.6852173248e-02 4.0902551526e-02 -9.9025384542e-02 -1.0823395544e-01 -7.5868563245e-02 8.4117593111e-02 -1.5097531032e-02 -6.5223556739e-03 -4.0955659774e-02 2.1801148380e-02 2.3788651964e-02 4.1906000051e-02 -1.6188774827e-02 -7.1747124964e-02 -1.5840993474e-02 -7.3329250538e-02 6.4609270444e-02 7.4436849809e-02 -2.6737208767e-02 -9.9411625717e-04 -2.5739644348e-02 9.1848140354e-03 -1.7814721964e-01 5.2552690792e-02 1.7907331450e-02 -4.3574823214e-02 4.1396526855e-02 3.0630186566e-02 -3.1794426359e-02 -6.2279761414e-02 3.6529812943e-02 1.4099823144e-02 -3.1996964439e-02 -7.8903398076e-02 -8.5587204863e-03 1.9565112028e-02 -4.8731988788e-02 7.8417125474e-03 7.3076439094e-02 7.8015631984e-02 8.0403699277e-04 -3.2301795007e-02 1.8435633443e-02 1.7752561915e-02 -1.6854851737e-02 2.5808709058e-02 -4.1784683677e-02 2.3407793950e-02 9.7127299698e-02 8.4050402931e-03 -1.8862646400e-02 -6.8053169183e-02 8.0532108514e-02 8.6055020943e-02 1.0619641389e-01 -3.5940303871e-02 -1.5700603286e-01 -1.3372682377e-02 9.5489411707e-02 1.2608621651e-02
4.1411617143e-02 1.0069893396e-02 2.6316974102e-02 1.2141431937e-01 1.1576497053e-01 3.1867532417e-02 -3.5304475673e-02 4.4926958973e-03 2.0644271233e-02 3.1134585493e-02 -1.3473359693e-02 -6.0771656943e-02 -8.8608291934e-02 -8.0456717089e-03 9.5801579495e-02 -4.9491030972e-02 -2.2253076200e-02 -4.3582948661e-02 4.9937161557e-02 -2.8661816503e-02 4.6873051470e-02 -1.5147903472e-02 -5.5294216704e-02 -1.9031777045e-02 -3.0384708861e-02 -7.3918909890e-05 7.4956303202e-04 -2.2134272087e-02 -9.0130530772e-03 1.2934803718e-02 -1.7740292462e-02 -1.4699127317e-01 5.6181920935e-02 7.6338787489e-02 -1.4810756738e-02 9.9385822245e-03 -2.3376203894e-02 -8.6272746689e-02 -4.9136231661e-02 8.3057532455e-02 -3.1730434627e-02 -5.3026993104e-02 -7.8507178767e-02 1.1789513197e-01 4.0419047367e-02 -4.4470071604e-02 1.0783749643e-01 9.9158042758e-02 4.9301421951e-02 -7.4604452799e-02 -3.4143047190e-02 3.9059668368e-02 -6.1023559233e-03 -4.1632769048e-03 6.3857381864e-02 -2.4722550416e-02 3.0611675747e-02 6.1938031187e-02 4.6476878448e-02 -3.2465036168e-02 -4.0381862886e-02 -2.7785523134e-02 1.1549455107e-01 6.4538812014e-02 5.1526869527e-02 -1.1372269989e-01 7.4464998283e-02 1.9525057636e-01 6.6593019974e-02
1.1470951504e-02 2.1428416609e-02 1.1950156867e-02 4.7737079473e-02 1.6140619092e-01 -4.7355038353e-03 -5.1679337284e-02 2.3149621701e-02 3.0673312393e-02 2.0802237797e-02 -1.0364127555e-02 -1.2766268504e-02 -4.9340833772e-02 1.9138869731e-03 6.9371890855e-02 -8.1167582867e-02 4.7513184962e-02 -8.4906193316e-02 5.0034252827e-02 -1.8188723930e-02 3.7128773809e-02 3.9704836947e-02 4.9433192882e-03 -2.4692827686e-02 -4.9850435057e-03 2.3363339706e-02 -6.8841289934e-02 4.9069397066e-03 3.2939311954e-02 1.4271085496e-02 -5.0965651658e-02 -1.7437593202e-02 5.8366537407e-02 5.5596173426e-02 4.5909578199e-02 -1.5498968470e-02 -5.9257762940e-02 -6.3468058245e-02 -2.5845090124e-02 4.9375333460e-02 -1.1212046011e-01 -2.8971093182e-02 -7.0088537783e-02 1.6978401008e-01 -7.3744779582e-02 2.0351247982e-02 1.0887031705e-01 -1.4347508337e-02 9.6066615843e-03 -1.0201685562e-01 3.5873371106e-02 1.3211043027e-01 4.4121676222e-02 -9.4489925316e-04 7.3351905561e-02 -2.2209406861e-02 3.0687080537e-02 5.4762109178e-02 6.0159243733e-03 -3.9415346177e-02 5.7566538695e-02 -8.6526792882e-02 6.0015077147e-02 9.1433762710e-03 4.5804061497e-02 -2.7242404832e-02 7.3904105412e-02 1.1901510933e-01 9.4003842365e-02
1.3783771796e-02 5.9374533447e-02 1.4747153693e-02 -4.5437824005e-03 8.2930999561e-02 -6.1537766659e-02 -2.4798883754e-02 1.7773022665e-02 -4.2363611621e-02 8.1204324660e-03 3.5906616820e-02 1.4687925328e-02 -4.4787529668e-03 1.9075539519e-02 1.6588402617e-03 -7.3387428959e-02 5.4008468560e-02 -2.9342509401e-02 1.9702572754e-02 2.2860933642e-02 1.7294929369e-02 -2.9206053415e-02 -1.9813412402e-03 -4.3827949501e-02 -7.1001703513e-02 7.1784369997e-02 -6.3874751872e-02 -3.1573489111e-02 3.6173918163e-02 3.2613986440e-02 -6.2569744904e-02 3.8573297267e-03 6.3208028775e-02 3.2761459005e-03 1.0201442461e-01 1.9126352004e-02 -1.0836253948e-01 -3.4338243083e-02 -5.2349866761e-02 3.4013719726e-02 -6.8532343745e-02 -3.2179578155e-02 1.0970913241e-02 6.0306007478e-02 -1.0150492009e-01 4.5643660649e-02 9.9427252849e-02 -7.0470462502e-03 -4.1324883488e-02 -4.2251948354e-02 2.2308698497e-02 7.9583480601e-02 6.8607251924e-02 3.5129622971e-03 2.7223255249e-02 -4.2629161334e-02 3.9376509343e-02 6.5156076042e-02 7.0329156930e-03 -2.7141929104e-02 6.2227122715e-02 -8.6530787784e-02 -1.6744158527e-02 -5.1318019442e-03 5.9693117691e-02 8.6853418104e-02 8.3012287828e-02 6.5739617376e-02 7.5157222300e-02
-4.9160791494e-02 4.3754835746e-02 1.2943937569e-02 -5.1523382006e-02 -1.8370447998e-02 -6.2809870804e-02 -5.3366219987e-02 8.0139887867e-03 -9.0270520957e-02 9.8189077358e-04 8.9796145187e-02 -3.1675223377e-02 9.3432228893e-03 2.6582365830e-02 -4.0587464432e-02 -5.1906639716e-02 9.4930158235e-02 3.7820224962e-02 -2.1204688593e-02 1.1384829287e-01 3.1377760425e-03 -3.8155127303e-02 4.8906716063e-02 1.1517753870e-02 -9.4694450677e-02 1.2204575726e-01 -2.0751107464e-02 -6.6652478262e-02 2.7132462619e-02 4.7143466314e-03 -3.0189973369e-02 -5.7564987920e-02 4.8574654144e-02 6.7643053105e-03 1.0480565632e-01 8.1861605311e-02 -1.0234366807e-01 -7.5636273570e-03 -2.8800593153e-02 5.1123021364e-03 -5.0127308460e-02 2.0795341531e-02 -1.8108730967e-02 -5.4153014912e-03 -1.1035371278e-01 4.0044228643e-02 7.3613013823e-02 -3.2388842867e-02 -1.2334374276e-01 5.3107021624e-02 4.3535202964e-02 2.1023627288e-02 5.9210257641e-02 -1.5844828693e-02 8.5975969081e-03 -6.3171879768e-02 2.9236274405e-02 6.0397397753e-02 -3.0702265553e-02 -2.1108414980e-02 9.2655387789e-02 2.1348993874e-02 -3.4450709046e-02 -3.4192209835e-02 3.3094013862e-02 8.9445260592e-02 7.8607554597e-02 6.6083760544e-02 2.6410523233e-02
-4.9465954431e-02 -2.1606301548e-02 -4.3535732376e-02 -5.3629981969e-02 -8.9320686750e-02 -3.6728688894e-02 -7.0024051307e-02 -2.1733279658e-02 -1.3326408542e-01 -1.3288292332e-02 5.4985396406e-02 -9.4474075893e-03 -1.8549743457e-02 5.7957079980e-03 5.6958515845e-03 3.8168873542e-02 4.2726864905e-02 1.5686246856e-01 -3.1416255971e-02 1.2979105969e-01 -2.9643072761e-02 -3.1201485043e-02 4.2850178337e-02 -6.3998547161e-03 -7.7415376194e-02 1.1395319951e-01 -1.3956097451e-02 6.1991548106e-02 -2.1501413300e-02 -4.3389555233e-03 2.2050351665e-03 -5.7024489141e-02 1.6315182336e-02 -2.3904516680e-02 8.9474746594e-02 1.9286272408e-02 2.6942845666e-02 -5.1240070158e-02 -3.7271481508e-02 1.3915578861e-02 2.3049729540e-02 -1.9309099641e-02 -4.8974617896e-02 -1.7421414715e-02 1.4740286275e-02 1.0293882970e-02 8.1764883844e-02 -8.7579637021e-02 -7.2596654056e-02 8.4242707687e-02 3.0353052140e-02 -9.6527860056e-03 3.3413603469e-03 4.6465279324e-02 2.4350273013e-02 -4.9392289960e-02 2.4699159206e-03 8.2137128836e-02 1.1799802357e-02 2.6188006854e-03 1.6598202271e-03 2.4361458147e-02 3.0789287386e-03 -2.0567053158e-02 -2.7188738575e-02 4.4542403204e-02 2.3785699611e-02 5.0576266462e-02 -1.0567589028e-02
-6.9368214472e-02 -6.3808160003e-02 1.0232181612e-02 -1.0876510635e-01 -9.6089168621e-02 2.2157624651e-02 -2.6457039714e-02 2.4788944774e-02 -5.9430330127e-02 -2.7594522249e-03 7.5287269405e-02 3.6094486257e-02 3.1464980015e-02 4.6928595920e-03 1.0453179041e-02 -5.1927867301e-03 -3.6041874654e-02 6.5479835013e-02 -1.9681538438e-02 1.1600080814e-01 6.3341793923e-02 6.5902955870e-03 -3.3133426581e-02 2.2582510768e-02 8.6686016182e-03 1.4705226988e-01 -1.2492211845e-03 -5.7181841738e-03 -3.0269577929e-02 -3.8999834384e-02 4.3429006451e-02 -1.1009857692e-01 4.8013674698e-02 -4.6256483538e-02 -2.0755988079e-02 1.3795705969e-02 4.8600765981e-02 1.3059682580e-03 1.7743444145e-02 9.7191615865e-03 3.4092045326e-02 -1.4778341924e-02 -4.9014043815e-02 -1.7697759482e-02 8.6436355347e-02 -5.9272578566e-02 1.7510561884e-02 -1.8595052625e-01 -2.5148117980e-01 4.7521047980e-02 -7.2284180319e-02 -4.6539274092e-02 -2.3928228866e-02 -3.8735565196e-02 4.0720136527e-02 -7.9434708544e-02 1.0748891212e-02 3.8832087617e-03 -1.8895490477e-02 7.4196198718e-02 -2.9886739718e-02 3.1687421889e-02 -2.2892988458e-02 -1.3558207059e-02 -6.0367131101e-03 2.6250163102e-02 -1.1644791695e-02 6.0094319722e-02 -1.6641890564e-02
-4.1399477531e-02 -3.7535383769e-02 -5.5638812952e-02 -7.3687594036e-02 6.9693424630e-03 6.9537860172e-02 -4.9608650286e-02 4.1077501189e-02 4.0319692353e-02 -2.7990553296e-02 -5.1069529770e-02 -6.4324063584e-02 4.4225349224e-02 -6.5396723046e-02 9.0365462939e-02 -2.7744745897e-03 -1.1681879870e-01 1.9879067167e-02 -1.6712024526e-02 2.3553538482e-02 1.1114114697e-03 -4.8344816974e-02 -7.5953168412e-02 1.1467539861e-01 7.2214852263e-02 9.5781850541e-02 -3.4783338977e-03 1.1305220787e-01 -3.7963864387e-04 2.9147754844e-02 -4.4780027249e-02 -2.7270464034e-02 -6.0488105590e-02 -3.7241569585e-02 8.7127504977e-02 -3.3322865881e-02 9.9477187392e-02 8.7782412506e-02 -1.8548750936e-02 2.2650129043e-02 8.6987660688e-02 -9.9055745287e-02 7.8077803504e-04 -6.9916043398e-03 8.6735183705e-02 -4.7044981778e-02 7.3177748195e-02 -2.7747104996e-01 -8.5728992571e-02 7.9254217138e-02 -7.6025889165e-02 3.4964922049e-02 -4.8798133519e-02 -5.8242272763e-02 7.2873948333e-02 -6.1719948265e-02 -3.0277294961e-03 5.5585078085e-02 -6.8267367967e-02 6.2654428397e-02 1.0227392826e-02 4.3500950875e-02 1.9845725978e-02 -4.8405607536e-02 -2.7911718704e-02 -1.4043655441e-01 -8.4834598402e-02 6.3696288497e-02 8.2958045622e-03
-4.1631523368e-02 1.3225490571e-01 -1.8048288112e-02 -2.5879689781e-01 1.9060382659e-01 7.3752456169e-02 1.2135025528e-01 4.7972865686e-02 -1.7540007064e-01 -1.1962370443e-02 -1.5180080623e-01 1.8284344570e-01 2.1044703002e-02 -1.5436562739e-01 -2.5222088549e-02 -1.0654096609e-01 5.2719427113e-02 2.0571295773e-01 -6.0584994982e-02 4.0243346393e-01 3.9100208275e-02 5.6336592631e-02 4.7760901242e-02 1.8477167565e-01 -8.3718285375e-02 -1.2816604974e-01 3.1160613613e-02 -1.4102902077e-01 -9.4600177893e-02 9.1821701616e-02 -1.1890565663e-03 -5.7083834380e-02 -1.6112328015e-01 -1.0406962501e-01 4.1812542588e-01 1.9329594605e-01 -2.4355927587e-02 8.1390738115e-02 -1.4438513809e-01 2.9577477459e-01 7.8061141578e-02 -1.0573239601e-01 -7.3380587726e-03 -1.1517567395e-01 9.0979057249e-02 -1.0312284068e-01 1.6269732945e-01 -1.7322635081e-01 -9.4432215277e-02 1.3235972281e-02 -1.1095285936e-01 -9.2835160915e-03 -4.4397317093e-02 1.4221917166e-01 1.1276752973e-01 1.3321664625e-01 -8.1241835343e-02 3.7855308607e-02 -2.4583686238e-02 1.5190767027e-01 1.8713079738e-01 -3.8406769450e-02 2.5751462994e-02 -1.0579124717e-01 -1.8618062508e-01 2.2785841344e-01 -3.1915949028e-02 3.1002212531e-02 5.2281434073e-02
-5.4165081732e-01 4.0477263216e-02 -2.0364575584e-01 -1.5768667152e-01 2.4812875622e-01 1.2677628939e-01 4.9341530623e-01 -3.4392891246e-01 -4.9346330005e-01 -1.9009812885e-01 -2.3403756049e-01 -8.5693391978e-02 1.8105522850e-02 -8.3007328138e-02 -3.5720360551e-01 -6.9338996300e-05 6.6394687599e-02 8.3293417298e-02 -5.1611587806e-02 1.9386179378e-01 6.6582564120e-02 -1.8378414650e-01 -3.8041226406e-01 1.0219671044e-01 -4.0049924922e-03 2.3279412638e-01 3.0406389602e-03 3.4434133471e-01 -4.2572068412e-01 1.6049615064e-02 2.8682368820e-01 -1.1022490524e-01 -8.5869695073e-02 -6.4931616360e-02 -4.3209908976e-03 4.1216090639e-01 -9.6311256144e-02 3.6599238527e-01 -1.3790130453e-01 -4.2420680038e-02 -4.1264945973e-03 -4.9645518394e-01 1.8168831808e-01 2.1690018981e-01 8.9219072547e-03 -1.9776668118e-01 2.6708855561e-01 -1.6672146147e-01 -1.4871285044e-01 2.0091162182e-01 -1.3450347389e-01 -1.2945995572e-01 -5.4168327064e-02 -9.6789563650e-02 1.6774389938e-01 8.2523418932e-02 2.8615004678e-01 -1.7926416354e-01 -1.0182386770e-01 -5.2111809794e-03 -2.5818109913e-01 -1.2653441913e-01 1.8727621411e-01 1.4243539429e-02 -5.4212654033e-02 -8.5110641985e-02 -2.4274913414e-01 1.9620228516e-01 2.9106668114e-01
-4.5629404067e-06 4.3918488942e-06 1.8252009105e-04 -3.1673511765e-06 -3.5059780865e-04 8.0973105909e-05 -2.9062982809e-05 8.3212432201e-05 2.1194881160e-05 3.0290054214e-05 1.6430836258e-05 -3.7229886835e-05 -1.8214516080e-05 -7.6297017435e-05 -2.1716664361e-05 -1.1778636927e-04 1.5042718783e-06 9.5917432314e-06 9.6368674763e-05 -2.9980438770e-05 2.4121103280e-05 5.5747263073e-05 -1.3167145659e-04 7.0825700937e-06 -3.3523865522e-06 -5.1766447987e-05 -9.5241838560e-05 1.2530845341e-04 -4.8692090387e-05 5.4165098974e-06 -6.3797876596e-05 1.1764316837e-04 5.9936386368e-05 6.3824665560e-05 4.2125373489e-05 -2.5574723445e-05 2.1840412031e-05 9.5258804731e-06 -1.8834188380e-05 1.1762453435e-04 6.2340137014e-05 1.3080302343e-05 -8.5261136530e-05 1.1451798454e-04 -9.2750944677e-05 1.2954641394e-04 -1.1034072386e-04 1.0297152056e-04 2.9638516631e-05 -6.1633852762e-05 -3.9959620024e-05 6.2338076534e-06 2.1744551993e-05 -3.0139301912e-05 9.0672608025e-05 -1.0677241750e-04 -8.4294140981e-05 -2.4346713544e-05 5.2672173655e-05 -9.0966794293e-05 -6.7263277483e-05 -1.2056613835e-06 -1.1981382221e-04 7.4686995773e-05 -1.2929616435e-04 -5.0003173578e-06 1.1178249915e-04 3.5970752220e-05 -1.3559870312e-04
1.7949709380e-01 1.4863741662e-01 1.2359984849e-01 -8.3915870916e-03 4.8385857038e-01 -3.1175702726e-01 6.9229937033e-02 2.9444247904e-01 -1.5102924672e-01 -6.1500395537e-02 2.2086398362e-01 2.6702487847e-01 9.5703204984e-02 3.8909295718e-01 -1.8598465511e-01 4.1646575210e-01 -2.8423108473e-01 2.0616866507e-01 6.5968560250e-02 -1.1405770537e-01 2.5848243989e-01 4.4748270080e-01 -3.7031924532e-01 -8.4731161864e-02 3.5716690117e-01 2.2347534549e-01 -7.5385530418e-02 4.6359645988e-01 2.6419606611e-01 -2.2662497295e-01 -5.3830127629e-02 -1.9648995754e-01 5.1995463693e-01 1.3730767348e-01 -3.1319124706e-01 4.4225205233e-01 -3.5379739911e-01 -2.2737582939e-01 -3.9825319820e-01 -2.0556925104e-01 -3.0121120103e-01 7.6203758842e-02 -4.2381556720e-01 -4.5680019692e-01 1.2814899101e-01 -2.7365991760e-01 2.2146190422e-01 -3.7410449553e-01 4.2004742618e-01 -3.2451762801e-01 3.7559226749e-01 -3.1585987017e-01 4.3182317755e-01 1.0464678925e-01 3.9317440294e-01 -3.9253067963e-01 1.3950075676e-04 -2.8660026067e-01 3.9134941291e-02 1.6909717628e-01 1.9347579646e-01 2.5417567952e-01 4.5375566608e-01 3.6296026437e-01 -3.3311863182e-01 -8.1586490386e-02 3.6965094972e-01 -7.6332171300e-02 4.1865249271e-01
7.3293077187e-02 1.4614259282e-01 6.1035544583e-02 2.6696965976e-01 -1.0528497534e-01 1.5936555721e-01 2.2201871727e-02 2.7355538866e-02 -7.2555987998e-02 -2.5558469101e-01 3.2017859204e-02 1.2092541989e-01 -1.0471114174e-02 4.5892753022e-02 4.3195419523e-02 8.3503552662e-02 9.0776113184e-02 -2.4268045053e-01 3.6742558341e-02 3.0565316380e-01 4.0718763844e-02 -7.1054150150e-02 -4.3861724034e-03 1.2149336614e-01 -3.1978020210e-02 -2.9545081412e-01 2.0707042507e-01 2.0709469219e-01 1.2464996136e-01 -3.3294321571e-02 3.8099596839e-02 -7.8229094407e-02 1.6605900090e-01 2.3551510517e-01 6.5140527005e-02 -1.0697886567e-02 1.0534055790e-01 -1.1791459725e-01 4.7883889128e-03 -5.7419342634e-02 -3.2914343341e-02 -1.1187797631e-01 -1.5714952131e-03 -8.1397961826e-02 2.0014198349e-01 1.9234246779e-01 -6.2214035061e-02 -1.7068339271e-01 1.8765431196e-01 2.0704042687e-02 5.9767159349e-02 -7.0490471051e-02 1.0389032010e-01 -3.7142460773e-02 1.3239476706e-01 -5.3781749386e-02 1.0514848026e-01 -9.9464590585e-03 -1.6294290945e-02 -8.7906473730e-02 -1.1440525110e-01 2.5624967160e-02 1.2704310826e-02 2.8535577523e-02 -1.6019475317e-01 1.6192258094e-01 2.2393393499e-01 4.2082834067e-02 -3.1153710374e-02
-1.0052108961e-01 -6.8943361769e-02 6.6489617608e-02 1.2166324859e-01 5.6121111493e-02 -1.2364294831e-01 2.0633051752e-01 -8.1164241179e-02 -5.6657474874e-02 6.1791833236e-02 4.4434130546e-02 -1.3039212617e-02 -6.1055382063e-02 1.0177253730e-01 -1.0002393137e-01 -6.2515983475e-02 2.2160788845e-02 -7.1192523394e-02 -1.5788107761e-01 -1.7013885979e-01 1.7425987198e-01 1.2333130684e-01 1.7080260708e-01 1.3776735321e-01 2.8364054832e-02 2.4583260954e-02 -6.8869396270e-03 2.9909632421e-01 -1.9603369501e-02 -1.6775548030e-02 -1.2885027888e-03 -5.6192637078e-02 -7.2730667160e-02 -2.4968842726e-02 -2.0103687854e-01 2.7840331419e-02 -8.9645717075e-02 -2.7530746648e-02 1.9517514399e-02 1.2239520236e-01 -8.3894832505e-02 -5.1310978532e-02 -9.0612815518e-02 -2.0272787402e-01 -8.3284388208e-02 3.8748408058e-02 7.0419089368e-03 -1.4719858775e-01 3.3640335064e-01 4.8141444133e-02 -2.7325314565e-02 1.1343952890e-01 8.5791646940e-02 7.3315567980e-03 6.8014299839e-02 -2.1639475491e-02 1.0740957186e-01 1.4374430517e-01 1.1373675415e-02 5.4801406546e-02 -6.0035426442e-02 -9.2804700361e-02 5.8930721713e-02 -5.3098182957e-02 9.5041866008e-02 1.1867282935e-01 -4.7361507580e-04 -6.9113514392e-02 4.2289296918e-02
7.1906650936e-02 -2.1707581938e-02 1.1247223508e-02 2.2261127898e-02 -2.3528017227e-02 -9.6744476430e-02 5.1769523867e-02 3.4197134982e-03 -1.8661316014e-02 -3.5691509789e-02 -1.6465952402e-03 -2.4328148872e-02 -7.3888176492e-02 8.7118508452e-02 -1.8689822092e-02 -1.8965592737e-02 -3.0463662002e-02 8.0848790798e-02 -9.1072717365e-02 -2.2415503152e-02 7.6859287304e-02 3.9317823480e-02 5.6286439427e-02 1.1400775014e-02 3.6006032657e-02 9.9245192996e-02 -5.8695961419e-02 1.3176620949e-01 4.6116325204e-02 -2.9290043376e-02 4.4129611423e-02 -3.1069046420e-02 3.7366367315e-02 3.2216498285e-02 -1.2822459303e-01 -4.1102895690e-02 -1.5404550795e-02 -7.2008344439e-02 1.7974734054e-02 -8.5459988697e-02 -8.4491855444e-02 -7.3895066311e-02 -1.0639062538e-01 9.3309257777e-03 1.2002856494e-02 1.2693801684e-02 -3.2367236763e-02 7.2986951592e-02 9.0049483280e-02 1.7680804687e-02 -4.6701756903e-02 9.6068180296e-02 -1.0294409904e-02 3.0528228352e-02 4.2613660064e-03 -8.0356698301e-02 3.3325840557e-02 2.4917382155e-02 1.2891597886e-02 -4.1016548769e-02 3.3430535987e-03 -2.9189060030e-02 3.1174093582e-02 3.3030596987e-02 -7.1452343286e-03 3.5803691015e-02 1.2842561252e-01 -2.7503920109e-02 6.8726526066e-02
2.9404678905e-02 -9.2003032750e-02 4.6664143926e-02 1.7161679692e-02 5.0479808208e-02 -5.0961528687e-03 2.4246693637e-02 -5.3516783021e-03 8.8210629535e-03 7.0200577989e-03 -1.4248583876e-02 2.5576682367e-02 -3.1201494382e-02 5.4013688696e-02 -1.3624327199e-02 4.1589923904e-02 -1.2460568351e-02 4.1467439917e-02 -4.5911664453e-02 -3.9122487242e-02 -5.6657286947e-02 1.5691177245e-02 -2.7817952918e-02 -1.0598510721e-01 1.7404328142e-02 -2.4031619112e-02 -4.8172587440e-02 2.0058447942e-01 -1.9684737916e-02 -4.0938687759e-02 3.6784299234e-03 1.5784189834e-02 1.2916557462e-02 4.4432405818e-02 -1.1920931698e-01 -4.2442698847e-02 3.3551856550e-02 -2.5874426068e-02 -2.2846604469e-02 -9.3596153520e-02 -1.1546188011e-02 1.4854040038e-02 -1.3011060593e-02 -2.3161366125e-02 -6.2953169380e-02 4.5060399952e-03 -3.6145677212e-03 9.5851306163e-02 -1.4366971888e-02 2.7895229006e-02 -3.8764472890e-02 7.6085659044e-03 3.1378083120e-02 -9.3870639482e-02 -1.7941370501e-03 -8.9658409191e-02 1.9688009025e-02 -5.2892939174e-02 8.8987734260e-04 2.0276918735e-02 1.8513963757e-02 1.2700552809e-02 -4.1839065943e-04 4.0862271115e-02 -3.1487399964e-02 3.7378869975e-02 5.0406039457e-02 5.7094357840e-02 9.4910507435e-03
5.6633481338e-02 -9.9626226553e-02 -2.6094316833e-02 7.2080995018e-03 3.6047612372e-02 1.2149173178e-02 2.1261229809e-03 6.1053995049e-02 -1.1220755835e-02 -5.2110037809e-02 6.1363516822e-02 -1.0655190133e-02 1.0907780546e-03 3.2319188158e-02 2.8477734934e-02 -1.7964180339e-02 -1.8747325270e-02 -2.3270989816e-01 2.0103829792e-02 -9.2083277758e-02 8.5546328754e-03 -1.4317557705e-02 6.6696875449e-03 -1.4912236045e-02 -5.0810828323e-02 -7.9247486150e-02 -8.5971097667e-02 -5.8602390701e-02 -4.7593214122e-02 1.0167940639e-04 2.6938432697e-02 -2.9569734061e-02 -1.3120156025e-02 2.2013649977e-02 -6.1456421561e-02 -5.7509261090e-02 2.6953064648e-02 -5.8684137784e-03 -4.7201561919e-02 -1.2976835623e-01 -4.6508926691e-03 5.4404887120e-02 2.2937823072e-04 -4.9313671725e-02 -2.9510995046e-02 4.4467198318e-02 5.2661874140e-03 -3.6959364431e-02 -5.2830237168e-02 7.1898941670e-02 3.1470982994e-02 7.7447799821e-02 -1.5024537064e-02 -5.5940473682e-02 -1.8269198968e-02 -7.1453130473e-02 -6.7927933713e-03 -3.2161578982e-02 7.1702362328e-03 3.3938904458e-02 8.2287560422e-03 5.2479178770e-02 -3.0589070939e-02 5.0490461849e-02 -2.8256132108e-02 3.2155841379e-02 2.2157094759e-02 5.5621277822e-02 -5.5559862018e-02
2.5947869138e-02 -6.5035643860e-02 -5.2954773064e-02 8.7511571027e-03 4.1617136536e-02 1.9410453446e-02 -5.3047650054e-04 5.4184203266e-02 7.4081594134e-03 -3.5514099509e-02 7.4655223960e-02 2.8259367514e-02 2.7318372719e-02 -4.0482485126e-02 7.9040019850e-02 -1.4580638806e-02 -5.9457788028e-02 5.1996493064e-03 7.7649712258e-02 -9.0338682918e-02 2.6696027367e-02 3.8556172234e-02 1.5376451731e-03 -3.2652034934e-02 -1.1688861539e-01 -4.0348111727e-02 -4.7410831987e-02 -9.7006312241e-02 -1.1979326020e-01 2.9811981926e-02 -4.7890755002e-02 -5.0029605311e-02 -7.2054251819e-03 1.3223938820e-02 3.0674738159e-02 -8.6140336154e-02 6.9843639299e-03 4.7188508213e-03 -3.3955086023e-02 -5.5786697272e-02 7.6026574769e-02 5.3297696774e-02 1.2004452060e-04 -4.8998312054e-02 -7.6317899729e-03 7.7181793574e-02 -3.3805374332e-02 2.8816385309e-02 -1.0992221859e-01 6.6673883522e-02 7.0757634618e-02 -3.1909671097e-02 -2.5053355400e-02 -3.8375200094e-02 -1.3239754608e-02 -3.2695284413e-03 -3.9615183782e-02 2.4085943963e-02 7.9471334816e-03 -1.9321480990e-02 2.2754807371e-02 2.0508148618e-02 -2.0696217686e-02 5.0906985939e-02 -3.6367614497e-02 6.1829181932e-03 1.3859281618e-03 -1.5406799396e-02 -2.4520422607e-02
-7.9898905810e-03 -4.2139235120e-02 -9.5779454039e-02 -9.2139702340e-04 3.2552764305e-02 -3.6858365987e-03 -1.2543515681e-02 2.5390258112e-02 1.8427545092e-02 -4.8510089139e-02 6.8942578446e-02 4.3478066306e-02 3.0770146711e-02 -9.0899860219e-02 1.1140463474e-01 -9.7388374025e-03 -2.9700047255e-02 5.4686233367e-02 8.9071065457e-02 -8.8286448129e-02 6.6982384867e-02 6.8657221837e-02 -8.2278590877e-04 -3.5627920583e-02 -1.2195109597e-01 -3.6321662490e-02 -7.7772880338e-03 8.7362796177e-02 -1.4404745291e-01 -2.2509046208e-02 -1.0359110989e-02 -8.1346990409e-02 -2.6467982525e-02 -4.2526712263e-02 2.7248871174e-02 -1.5391779679e-02 -1.5465117179e-02 6.5149648557e-02 3.9371272168e-04 3.2249053201e-02 1.5535114652e-01 3.1494903706e-02 -7.7890359290e-02 -4.6140953565e-03 1.1344725168e-02 5.7647208098e-02 -1.3944205497e-02 7.1954482836e-02 -5.2118651643e-02 7.2505419230e-02 8.3531971320e-02 -1.7747205987e-02 -8.3685096285e-02 3.8520570609e-02 1.0847779224e-02 -2.1780468859e-02 -6.4462220888e-02 4.3763919806e-02 -5.6527082728e-02 -3.4480835245e-02 6.4117500477e-03 -5.5874750839e-02 -5.4862510883e-02 9.0942437993e-03 1.9833552912e-02 1.0565921759e-02 -2.8891031332e-02 -6.3132791061e-02 -4.3742071712e-02
-1.5253906189e-02 -4.7848187911e-02 -5.1451516619e-02 -5.7894668957e-02 3.3186581354e-02 -8.7599791249e-02 -2.2243697405e-02 -5.0227206692e-02 1.6282613774e-02 -1.8667670629e-02 -4.9531587118e-04 5.8189440939e-02 -7.1771304065e-03 -5.5732530407e-02 3.8328918584e-02 -9.2606921172e-03 -3.9761225374e-02 5.6829263049e-03 1.6769741179e-02 3.3300446306e-02 1.7159748280e-02 6.5188602980e-02 2.8049897379e-02 -7.5483701186e-02 -9.9285916702e-02 2.9509827874e-02 -1.8313435085e-02 2.7250710274e-02 -9.7088951914e-02 -6.7048263513e-02 -3.1414288380e-03 -1.1296403602e-01 -1.2548787816e-02 -2.4824479402e-02 2.1954301991e-02 -2.0214851655e-02 2.4972809107e-02 5.7338566770e-02 1.4484430840e-02 5.1877788961e-02 1.4189114517e-01 -6.9673448309e-02 -1.2433723929e-01 -1.0152495899e-02 -2.4098958130e-03 -2.5759020705e-02 -2.4069626208e-03 7.0497118667e-02 -9.6733242085e-02 8.0957289937e-02 9.6642899042e-03 -2.0203208112e-02 -8.0694218582e-02 9.7271564161e-02 -3.3707895895e-02 3.4034241521e-03 -1.9828972692e-02 9.2721930747e-03 -1.3237628965e-01 -3.7946084667e-02 -4.0870279391e-02 -1.1651672905e-01 4.2310973761e-03 -4.6166080460e-02 8.9887441623e-02 8.9067591086e-02 -1.1657202246e-02 -4.3262858911e-02 5.0146646313e-03
-3.6148700061e-02 -6.4899827111e-02 -4.1504516871e-02 -1.0562281963e-02 3.1513511675e-03 -1.6020418255e-01 3.7556590662e-02 -8.7275138203e-02 -5.8282577948e-02 -1.3168616429e-03 -7.6207836002e-02 -1.7197198902e-02 7.8946951964e-03 2.0345115956e-03 -4.8986497477e-02 -2.5448266640e-02 -3.9884104742e-02 -1.8209697339e-03 -4.7749446304e-02 8.9913186845e-02 -8.3938720671e-02 8.8440365074e-02 1.9174173411e-02 -1.1391983484e-01 -2.7658687247e-02 -5.5510066310e-03 1.8554611422e-02 -6.4768732633e-02 -2.5427506626e-02 -1.3881313285e-01 -1.5277308607e-03 -4.6935143730e-02 -3.7969218379e-02 2.7137604206e-02 -2.6408072453e-02 -7.5467719710e-02 1.1229903178e-01 3.7581277214e-02 -3.5442471314e-02 2.3126744896e-02 3.5802990215e-02 -4.4792909877e-02 -1.1944037979e-01 4.4371678972e-02 -6.2606650071e-02 -3.8110831656e-02 3.6594663513e-02 2.8560956430e-02 -8.4385732579e-02 4.4602577041e-02 -1.0709456804e-01 4.3592030573e-02 -5.5392563720e-02 4.0942507018e-02 -4.8181582620e-02 -1.2122779907e-02 9.0322540286e-03 2.6350489786e-02 -7.3333898182e-02 -3.8790553997e-02 -8.3508373219e-02 -9.3412647902e-02 2.4600413586e-02 -4.3863312808e-02 1.4745735565e-02 7.9525458498e-02 3.6445385279e-02 1.6811071056e-02 9.7220721594e-02
-6.4878711907e-02 -9.8398425533e-02 -2.8989470003e-02 8.2461329990e-02 1.3857050416e-03 -1.2954334387e-01 4.7660222875e-02 -2.4155477053e-02 -7.0395197611e-02 1.0830495251e-01 -7.0056392448e-02 -6.5617929692e-02 2.8516002464e-02 -1.9782376408e-02 -6.0584549567e-02 -5.3112776631e-02 -2.0713024286e-02 3.2370330424e-02 -2.2569920456e-02 1.4738416048e-01 -9.0576880543e-02 1.2369821761e-01 -1.4644157286e-02 -1.2998762964e-01 1.2506897716e-02 -8.7433050236e-02 4.1699811366e-02 -1.9177270006e-01 -5.2326275106e-02 -7.9362161086e-02 -8.4585583471e-03 3.8198913235e-02 -2.5927581204e-02 4.0416028020e-02 -1.7987723874e-02 -1.0012587732e-01 9.3642925397e-02 1.4176646998e-02 -5.9268143528e-02 -7.0050075614e-02 -4.7630043954e-02 4.4041857319e-03 3.3732017503e-02 6.9683525386e-02 -5.5535678411e-02 -1.4626226816e-02 7.1595555075e-02 -1.6624478867e-01 3.2483723892e-02 5.8755523542e-03 -1.5578792014e-01 4.3883426236e-02 2.4979040784e-02 -3.9701670432e-02 1.2760649634e-02 1.4941456290e-02 -2.4505555554e-02 3.2830484689e-02 -2.2157587651e-02 -8.2894236951e-04 -6.3767616892e-02 -5.5612451054e-02 3.5085696158e-02 -1.0701086429e-02 -3.7834417811e-02 1.5657072534e-02 6.8862706632e-03 -2.0865744329e-02 2.7739947734e-02
-1.1422092534e-01 -4.9938758852e-02 -1.2086129791e-02 1.8274511418e-01 -6.4138838068e-02 -5.2153205617e-02 3.2668371449e-02 7.5839351484e-03 -6.5470463621e-02 1.4811902102e-01 -5.5218504140e-02 -6.3250892332e-02 -3.9710412083e-03 -1.2294661958e-01 -5.5873815528e-02 -1.1803366815e-02 -2.7338133625e-02 -3.0413149978e-02 9.5563083610e-03 -6.1871003794e-03 -5.7865460010e-02 2.0526764507e-02 2.7440563832e-02 -6.2445659278e-02 3.0068387777e-02 -1.0645282175e-02 1.6571576425e-02 -7.3049682304e-02 -3.0842450759e-02 4.8663573975e-02 -8.0113062331e-02 6.8833331891e-02 -1.5045334459e-02 7.6052001627e-03 1.1589794000e-01 -4.4573586543e-02 -1.2464213168e-02 -7.2293199343e-03 -2.9651393538e-02 -3.7994766841e-02 -9.3538611675e-02 4.6186171762e-02 1.0791169540e-01 -4.5027322309e-02 7.5149619420e-03 3.2053098391e-02 9.4583475551e-02 -1.6422943959e-01 5.0733959844e-02 1.4850662970e-02 1.2766250270e-02 4.7667501783e-04 4.1345911053e-02 -3.9786811516e-02 4.5524133225e-02 1.1714146580e-02 -1.8541598131e-02 6.2966197218e-02 2.3568030043e-02 3.7624063300e-02 -4.0814717993e-02 1.1902782121e-02 6.9451758168e-02 4.5906847261e-02 -1.2496677646e-02 -6.7316560147e-02 8.5454165676e-02 -1.6639581689e-01 -2.5635503925e-02
-5.2884712030e-02 -6.8031133867e-02 2.5823447113e-04 1.0078791802e-01 -8.4141620016e-02 5.7433870361e-03 -5.3798706105e-02 4.4375358311e-02 -1.0480054535e-01 1.5511397558e-01 2.6064053792e-03 -6.0939891881e-03 -3.6306062547e-02 -3.6437846218e-02 1.3176321817e-02 6.5439130109e-02 -4.1274051892e-02 5.8964063682e-02 -9.0340834538e-03 -8.7688954166e-02 1.2175974454e-02 -1.8886972977e-03 3.8067160117e-02 5.7801454292e-02 5.6271561100e-02 1.1637569085e-01 9.7164332715e-03 1.1050521603e-01 1.7991071592e-03 8.9420828292e-02 -6.4247477387e-02 -7.6572632062e-02 -6.3312935879e-02 -4.8560663125e-02 1.6511993688e-01 -3.9866668062e-02 -6.6569213955e-02 -3.6020907267e-02 -4.8796084539e-02 5.4343644989e-02 -8.9354569977e-02 -3.2041811367e-02 5.9771000348e-02 -2.2251760779e-02 1.6211904312e-02 -2.5136908626e-02 3.0461930577e-02 4.4345075966e-02 -7.4585208790e-02 9.2934334912e-02 1.1541606802e-01 -5.8817839076e-02 3.5216714493e-02 -1.8134990778e-02 6.0693789947e-03 2.2226501717e-02 -1.5274756566e-02 -3.1990790655e-02 2.4224070297e-03 1.7662587484e-02 -5.4613976683e-03 7.2914404464e-02 1.1038117862e-01 9.0860036678e-03 1.5173492820e-02 -6.8856001155e-02 8.1225911152e-02 -1.3987047843e-01 -1.1002372500e-01
3.0460957577e-02 -6.3384221305e-02 -6.7705110167e-02 -3.3407460604e-02 -1.3187844882e-02 1.0635513245e-01 -9.4698482596e-02 -1.8228957814e-02 -5.6577897300e-02 5.7643446426e-02 -4.2466114962e-03 6.6813678432e-02 -4.5645935948e-02 4.6353963552e-02 9.6219188292e-02 1.1900483670e-01 -3.8549510300e-02 8.1082153791e-02 -3.2095933441e-02 -1.5157705895e-02 2.5475305513e-02 -8.2353232612e-02 1.7658622879e-02 2.1485776103e-02 3.4944819857e-02 4.9154998942e-02 6.3215631753e-02 -1.7540975932e-02 2.3365989682e-02 -6.0546485396e-02 -6.4617300030e-03 -1.0962089851e-01 -9.8367827551e-02 -4.4926939544e-02 9.7389909199e-02 -8.2005687562e-02 -3.7485932532e-02 -5.0087241850e-02 -3.9127385652e-02 8.2057761097e-02 -8.2820080093e-02 -4.1789824612e-02 -3.4084104716e-02 6.5054837392e-02 1.2182746483e-02 -9.6261023508e-02 -2.0050140591e-02 1.7808853584e-01 -1.3782304884e-02 5.4863681917e-02 6.6405565487e-02 -9.5612337086e-02 7.9877528246e-02 -2.9018746556e-02 1.9638194185e-02 -5.2183743384e-02 2.5509941728e-02 -1.6579398320e-01 6.7584963050e-03 3.5712292748e-02 -3.3781249764e-04 2.3284089383e-02 8.8767175350e-03 -7.0523166600e-02 8.3777032432e-02 -5.6305202514e-02 1.4041438891e-01 1.7070373776e-02 -6.6889407052e-02
4.7622951960e-02 6.9869620761e-02 -7.2726495727e-02 -6.0618491143e-02 9.7007605885e-02 1.4015602900e-01 1.4301587458e-02 -5.8351185708e-02 -1.0543200139e-02 -3.7663076107e-02 -1.0523065854e-02 7.0274878446e-02 1.9825282637e-02 3.9489756294e-02 8.8287158956e-02 1.1573736778e-01 2.4590081232e-02 -5.4143899533e-02 -5.7807616266e-02 2.7820949048e-02 -2.0994754128e-02 -1.4295552185e-01 3.7731240985e-02 -3.5057481393e-02 -1.2945123644e-02 -1.1573773031e-01 9.7611380402e-02 -8.9184005098e-02 -1.8266398909e-02 -1.0235849566e-01 3.5939741540e-02 -6.4192096755e-02 -6.9581044894e-02 -3.8909820166e-02 3.4238690956e-02 -1.3619556984e-01 -4.9816310118e-02 3.4304883968e-02 9.4026475411e-03 -6.9194728553e-03 -5.1592593034e-03 1.8652350391e-02 9.1692857973e-03 1.1739928948e-01 -1.0096415594e-02 -6.2456396815e-02 6.1816634612e-02 1.7401642721e-02 4.7276106366e-02 2.9352637033e-02 -4.3812797084e-03 5.2713091969e-03 1.4036663434e-01 -8.2689716778e-02 5.1607765981e-02 -2.8651610128e-02 5.9206554030e-02 -1.0744114674e-01 1.3639226537e-02 1.9555306761e-02 2.2895152405e-03 -3.3363971850e-03 -1.0531022368e-01 -7.8507018423e-02 2.1430270850e-02 -4.2074516234e-02 9.1950837441e-02 6.7992195144e-03 8.0189513150e-02
5.9412458872e-02 1.3283405372e-01 5.3151351074e-04 -1.9530313001e-02 9.2264124043e-02 1.2300031998e-01 8.8953526107e-02 -3.7784012054e-02 -3.7980925671e-02 1.0870890106e-02 3.4499022721e-02 -7.8892392576e-02 3.1167746545e-02 9.5734413671e-03 1.0962691694e-02 7.3645327944e-02 7.4618040353e-02 -1.2993625177e-01 -5.4466569778e-02 1.9103266279e-02 -3.9864853069e-02 -1.0329344018e-01 3.8022999625e-02 -2.7922521326e-02 -3.6684830427e-02 -6.4892805358e-02 4.0359635107e-02 -2.1135485912e-02 -2.7334355375e-02 -4.8891917967e-02 -2.6207939482e-02 -1.0158121741e-01 -1.6206697014e-02 -2.3100313716e-02 -1.0512303199e-02 -1.6451690569e-02 -8.3135440827e-02 1.0031164299e-01 1.9382684417e-03 -2.8286164008e-02 5.0571201196e-02 -9.0158183272e-03 2.9195051349e-02 -2.3217195289e-02 -5.8243481371e-02 9.3566762913e-03 2.2271838203e-02 -1.2350772160e-01 1.1293570956e-02 -1.2916624491e-02 -2.9996229117e-03 8.8052331520e-03 1.0460012258e-01 -1.0100215170e-01 3.1377750883e-02 -2.1816465152e-02 2.8532546752e-02 8.8667642915e-02 -6.3023153110e-02 -2.3843326202e-02 1.6159253920e-02 -2.6347537432e-02 -1.6904650289e-01 -5.8261057540e-02 -5.4225521136e-02 3.9532712132e-02 8.1111833893e-02 -1.3600009759e-01 1.0373225647e-01
7.4388911095e-02 7.1893206934e-02 7.2712173541e-02 4.9486095099e-02 -4.8928301054e-02 1.1988407471e-01 5.1595745122e-02 -3.5308333683e-02 -1.0985988523e-01 1.0293687091e-01 9.4520911977e-02 -1.4669567624e-01 3.5928765803e-02 3.8340693321e-02 -2.0077541502e-02 4.9793495171e-02 5.5340115195e-02 -6.5626596573e-02 -4.9881538055e-02 -3.3839853906e-02 -2.3872745773e-02 -1.0644398889e-01 3.4018499724e-03 -4.0962149902e-02 3.4029619065e-02 7.4518635402e-02 5.1274273797e-02 -6.1043728449e-02 1.2749802481e-02 -2.0091568427e-02 -3.1513642565e-02 -1.7544597531e-01 -1.0040310191e-02 -1.9820803298e-02 -2.7701046669e-02 9.2136033460e-02 -1.7580643098e-02 8.9647413209e-02 9.4875300359e-03 -1.0205159653e-02 6.3122959123e-02 -1.1524686504e-02 1.3925809782e-03 -4.1337265419e-02 -2.3206858372e-02 -9.8628950074e-03 -2.3489299964e-02 -8.8065024174e-02 -2.5601124532e-02 -5.2970293950e-02 -1.3231432851e-02 8.2163997304e-03 2.8667142157e-03 -1.1072207048e-02 3.2622568526e-02 -6.4848432440e-03 1.2376541774e-02 1.4272929752e-01 -7.8037874334e-02 3.8387886504e-03 -4.6604992305e-02 6.5662863928e-03 -8.5569075157e-02 5.2652344033e-02 -8.7698909344e-02 4.7086008606e-03 4.1121567109e-02 -8.8735428597e-02 2.7168684056e-02
6.3538156282e-02 -1.4675140123e-02 7.5850113882e-02 8.9944136225e-02 -3.8149156916e-02 1.6590105482e-01 -1.4278193319e-02 -1.5535047681e-02 -5.6189028878e-02 1.2939685562e-01 3.4052266840e-02 -8.9721085146e-02 -1.4346555666e-03 4.0101147729e-02 -7.2737273663e-03 -1.8177542321e-02 1.5406052212e-02 -7.0923410497e-03 1.1432775086e-02 -1.0328884237e-01 1.0929257202e-02 -5.0434798902e-02 -5.5805004008e-02 -4.5233999935e-02 2.5206712190e-02 7.4051822532e-02 3.1370830526e-02 -1.1321704153e-01 5.0211704804e-03 1.0920072920e-02 -4.3493922433e-02 -1.7413351443e-01 4.1870518205e-02 2.0137809839e-02 -3.2317102569e-02 6.6076199902e-02 2.5382195209e-02 2.7944841418e-02 5.3990011730e-02 8.1881776181e-03 2.4369187883e-02 -6.1017612725e-02 -8.3296822299e-02 1.4642848856e-02 1.3536523214e-02 -3.3645890827e-02 -1.5064352086e-02 -6.3119833912e-02 6.0559534473e-03 -9.2001433941e-02 -2.0353907778e-02 -1.8426419328e-02 -8.9416392609e-02 -5.9099152462e-03 1.1207876452e-02 -2.6268498431e-02 2.3171150170e-02 7.6432377025e-02 -5.4109681894e-02 2.3389014444e-02 -7.1219214135e-02 -1.9862458070e-02 3.7124080350e-02 9.3102897464e-02 -6.7748596816e-02 -3.0994881882e-02 1.7601708835e-02 1.0807888789e-01 -5.7503553285e-02
1.3874166782e-02 5.1374024532e-05 2.7972721401e-03 6.1731865424e-02 -1.3346818782e-02 1.3075183023e-01 2.4911290127e-02 2.0706849040e-02 -4.6262255106e-03 9.8966695911e-02 -7.2209096963e-03 1.3120229173e-03 -4.5642964274e-02 -3.0607604896e-02 2.0061582725e-02 -3.4657375333e-02 -7.0078051341e-03 -2.3531833863e-02 9.8045874583e-03 -9.8974524861e-02 -3.3542990621e-03 -8.1929540080e-02 -6.4599827344e-02 -3.0510148561e-02 4.2426941400e-02 -1.1583504996e-02 3.1529112331e-02 -3.7618576216e-03 3.9378133290e-04 1.3831393972e-02 -7.7483508683e-02 -7.5779500965e-02 2.9142307696e-02 1.9610666071e-02 5.8242584967e-02 -7.7387820266e-03 -9.3973961355e-04 -3.3643534330e-02 8.5879157758e-02 2.2322398393e-02 -7.6152558432e-02 -2.7736618233e-02 -1.5103900242e-01 1.4664615774e-01 4.0238499315e-02 3.1042459680e-02 -1.6233893983e-02 -2.2625662380e-02 9.9811118784e-03 -9.7751669290e-02 -4.4751144416e-02 1.7856347842e-02 -3.3077074426e-02 -3.6271613367e-03 1.8709988809e-02 1.8611615595e-02 5.3272166455e-02 2.0291937996e-02 -8.5090520405e-02 5.2099893144e-02 -3.5430382074e-02 -5.7881980115e-02 1.2463910802e-01 4.7651998377e-02 2.0417971064e-02 -2.4088786706e-02 -7.9572408279e-03 1.2036184346e-01 -1.6835824245e-02
-2.8290056611e-02 7.9636937999e-02 -8.4705242883e-03 2.3534692521e-02 4.5046339399e-02 7.6440931916e-03 8.2957411491e-02 6.9458464602e-02 3.0769831782e-02 4.0497803723e-02 -1.4832938600e-02 2.6903374684e-02 -2.9801302931e-02 -3.4235153039e-02 -1.3592877156e-02 -5.4776139648e-02 4.8838043313e-02 9.2886481216e-03 2.4293243668e-02 -7.4667036725e-02 -2.8233266366e-02 -6.3094191559e-02 -2.2714384302e-02 -2.8264017615e-02 -2.8919780326e-02 -6.0924924503e-02 -1.6558817853e-02 -1.0176494053e-02 5.3443368816e-02 7.2618972983e-02 -9.2809849750e-02 -3.5609397490e-04 4.9419104273e-02 5.0538492922e-03 1.0259223432e-01 -3.6485595655e-02 -7.8325919695e-02 -4.6247407807e-02 3.7600214619e-02 -2.6294235618e-02 -8.0692177834e-02 -2.2911847951e-02 -1.2644004947e-01 1.6746137356e-01 -3.2820378866e-02 7.9469611097e-02 1.5614043615e-02 -5.6636174314e-02 -1.3965629627e-02 -4.3161395732e-02 -7.5109343285e-02 1.1865592911e-01 2.8289271482e-02 -1.8641311517e-02 -3.6589594576e-02 3.3944041749e-02 6.1931222680e-02 -1.6018271508e-02 -8.7276236784e-02 3.3042876312e-02 3.7020686941e-02 -8.5456328550e-02 8.1702552041e-02 1.9162845135e-02 8.8512084391e-02 7.2290319066e-03 3.1339685220e-02 3.5487201950e-02 1.7566877953e-02
-6.2699871854e-02 8.8213072475e-02 -1.9202043579e-02 2.3737639303e-03 1.2208396295e-02 -9.4294420011e-02 5.3136128162e-02 1.0126659450e-01 -7.5233408053e-03 4.3092082159e-03 5.8296342003e-02 -8.8671908179e-03 -4.5790987166e-02 1.4605540380e-03 -3.5929516588e-02 -1.9130749891e-02 8.5863901678e-02 -3.7468389787e-02 1.7014413477e-02 3.6040404776e-03 -3.0580885547e-02 -7.8685556057e-02 2.7358278144e-02 -1.8796385587e-03 -1.1396149001e-01 3.7288491705e-03 -6.1215737153e-02 9.0540274082e-02 4.8773379920e-02 6.3117605373e-02 -6.6916574564e-02 -3.1270894555e-02 5.1037751805e-02 1.6830928374e-02 1.1560968092e-01 1.8580439745e-02 -7.9117673646e-02 -1.5271408320e-02 -1.2933012474e-02 8.2080795889e-03 -5.9898931199e-02 3.3294888649e-04 -1.0247370217e-01 9.9935019490e-02 -7.6382403366e-02 5.6156186206e-02 1.6450630478e-02 -1.3051655312e-01 -4.6438813331e-02 3.5838660662e-02 -6.1344221467e-02 1.3324996070e-01 1.0782149868e-01 6.4593978022e-03 1.1771102657e-03 -3.1551975174e-02 4.4083840773e-02 1.3100630927e-04 -7.5275622888e-02 -1.5725391105e-02 7.5110014549e-02 -6.5954354532e-03 2.5304980031e-03 3.0442187258e-03 7.9581140406e-02 9.2019148991e-02 3.6502897267e-02 -5.2402050884e-03 5.3226827889e-02
-7.9082019558e-03 6.6801959318e-02 -5.0521812439e-03 -2.5850827931e-02 -7.3827289958e-02 -8.3622585380e-02 -2.9633908593e-02 5.8467586666e-02 -6.9151591317e-02 -2.4808970727e-03 3.2106401174e-02 -1.3565050503e-02 2.1707038330e-02 2.1930550945e-02 -6.6376175433e-02 -2.5776368057e-02 4.6284989748e-02 -1.3988627155e-01 2.4926733774e-02 3.5609684756e-02 8.9286265277e-03 -8.8163694924e-02 -1.5817913858e-02 -1.6607189098e-02 1.1238917538e-02 4.4887495313e-02 -9.7657842707e-02 8.5354632902e-03 1.4941461172e-02 -1.0161288256e-02 -4.7683192700e-02 -9.1848868281e-02 1.3731681873e-02 -3.1353799587e-03 6.2154635768e-02 3.3232510121e-02 3.8520262325e-02 -8.0640545165e-03 -6.1889959994e-02 -2.8514514197e-02 -1.4526817384e-02 -1.5295152566e-02 -4.3501173090e-02 6.5755316102e-02 -9.6075495008e-02 8.3975344592e-02 8.5538397157e-03 -1.0060347911e-01 -8.6988869515e-02 3.4057941313e-02 -4.7325215074e-02 1.1263587846e-01 6.4945006115e-02 -1.4744975760e-02 -6.0764878483e-02 -6.1936355651e-02 1.6883752997e-02 -3.2723378648e-02 -6.0262996785e-02 -1.7974997562e-02 7.5044384969e-02 6.9994237342e-02 -3.5972973828e-02 6.2042893255e-03 3.7922244213e-02 1.2887587134e-01 3.9196944220e-02 2.5907259734e-02 7.5288340438e-03
-3.6107201321e-02 2.5279565155e-02 -4.2077243603e-03 -2.3419830663e-02 -9.9048668580e-02 -5.9075420647e-03 -1.0329047446e-02 2.2008769788e-02 -7.8831992450e-02 2.1409245686e-03 4.7002189497e-02 -4.8977210313e-02 4.2290245893e-02 9.7690285712e-02 -2.2891200967e-02 -7.5072614481e-03 -1.9378277257e-02 8.0840175941e-02 2.3336114130e-02 5.9689784700e-02 3.9502295003e-02 -4.5298855410e-02 -7.5583964611e-02 2.0264290326e-02 1.0968249222e-01 6.7939425590e-02 -7.1288111001e-02 -5.0359698399e-02 -4.7664151538e-03 -5.0636253742e-02 -2.9195811431e-03 -8.3352599780e-02 3.6936580602e-02 4.3469275878e-02 5.9586527339e-02 9.7176764644e-02 5.3274270423e-02 1.6461344881e-02 -9.5097458935e-02 7.9463971036e-02 2.0184505841e-02 -3.5243842234e-02 3.0457262780e-02 3.2529207067e-02 -5.9636130079e-02 2.1321181566e-02 -2.6246295686e-02 -1.8303746314e-01 -1.6767743535e-01 5.6608303200e-02 -4.5456972458e-02 7.3361194027e-02 1.1083596433e-02 -6.1365549994e-02 -3.3986909214e-02 -7.1075060231e-02 1.7963177536e-02 -1.2867658503e-02 8.1106250969e-03 -2.6558620618e-02 4.0571457426e-02 6.7212425504e-02 -1.5377049127e-02 6.3012347417e-02 4.9507587578e-02 7.7869860811e-02 5.1839945288e-03 1.0635467102e-01 -4.7032011787e-02
-5.3212352805e-02 -2.1125056209e-02 -1.9072269629e-02 -2.3613313748e-02 -8.1535304635e-02 4.4948205634e-02 -4.8071773545e-02 -7.6245694659e-04 -4.8977213499e-02 4.7304887055e-02 -2.3413250715e-02 -3.7380925974e-02 8.7733209440e-02 1.3412329663e-01 5.8405562515e-02 2.8319901375e-02 -6.6024854772e-02 -2.3685562732e-02 -6.3234912384e-03 1.2107133020e-01 -1.9056735272e-03 7.5928337028e-02 -2.8621170483e-02 4.9755098132e-02 2.1475375596e-01 7.1665892982e-02 6.9000862014e-03 -6.8881744605e-02 -2.8045373467e-03 -5.2374082654e-02 -7.3787165378e-02 -2.1522611174e-02 2.3555216851e-03 3.8438574763e-03 6.0339459570e-02 1.6497624281e-02 8.9524705409e-02 9.4205123983e-02 7.7095533496e-03 2.4278982930e-02 5.6462204264e-02 5.8811781802e-02 2.7231305315e-02 6.7797334551e-03 1.8245555967e-03 -1.4165289315e-03 2.3482210982e-02 -2.2741363771e-01 -1.8007147508e-01 2.7502878832e-02 -2.3076904522e-02 3.2853866372e-02 -4.1794046175e-02 -8.3360430014e-02 -5.7577574372e-02 -3.3921224206e-02 -9.2667058012e-03 -5.6446524000e-02 2.4536624250e-02 -2.4748090847e-02 -1.8574712285e-02 5.7768031186e-02 2.2900959159e-02 -1.4142431235e-03 5.5726111259e-02 6.3682442737e-02 -3.4556161206e-02 3.9343956983e-02 -3.4984031722e-02
-2.6317374239e-02 -3.1245891991e-04 2.9254326467e-02 -3.9025674627e-02 -2.7112853597e-02 1.6415381809e-01 3.3306745908e-02 -1.5841222784e-02 -2.9778943315e-03 -3.1106067667e-03 1.2960929978e-01 -2.4534527441e-02 1.8761622795e-02 -5.5853167318e-02 1.2520890507e-01 -3.9461536923e-02 -8.2678006747e-02 -8.3011490938e-02 4.7149312228e-02 4.9590844010e-02 4.4540266506e-02 -9.9546232663e-02 -5.9521534636e-02 1.1991893399e-02 2.1908735766e-01 -8.9009085004e-02 1.9355590603e-02 1.4496158480e-01 -9.9091756808e-02 -9.5130552303e-03 -2.9274388903e-03 4.5805620736e-02 -5.2576597108e-02 -2.6731749279e-02 9.7639372501e-02 2.6221246786e-02 5.4490711245e-02 4.5649149406e-02 6.9605994310e-02 5.5314766772e-02 -1.2940149524e-02 7.9820000147e-02 7.8001406392e-02 -1.4454765618e-03 -1.0500093042e-02 6.5601210602e-02 1.2861660300e-02 -2.1379579418e-01 -1.0807007108e-01 -1.6189651409e-02 2.6193145932e-02 -1.2350313275e-02 -3.0930316502e-02 -6.0213015562e-03 1.0756830816e-01 3.6077022481e-02 -6.3790744739e-02 7.7069930888e-02 6.1360676252e-02 -1.8177352557e-02 6.1871446729e-02 -7.7441301255e-03 -1.6079475625e-02 -4.2869417473e-03 8.7131428753e-02 -9.5353808003e-02 -8.6183978721e-02 1.6417547121e-02 7.4291078540e-02
-9.1038839679e-02 3.0370532758e-01 -3.0213073942e-02 -6.6341183794e-02 -2.4050752625e-02 8.3840916693e-02 1.0776411802e-01 2.0145722022e-01 -1.4095419990e-01 1.3608020278e-01 1.5550989101e-01 -8.0804786992e-02 1.4247558642e-02 -1.7394015935e-01 1.3820478898e-01 8.5123052554e-03 7.2499044973e-02 9.1159601765e-02 -2.1454559119e-02 1.6443171048e-01 4.3558937101e-02 1.0140701220e-01 -2.3597798846e-01 3.1876318712e-02 1.0422466168e-01 -8.3085210407e-02 -3.3565389859e-02 3.2700464801e-01 4.4560720779e-02 -1.5845975980e-01 -1.2313729482e-01 1.2536275971e-02 -1.9633319527e-01 -1.0223918158e-01 1.4521786663e-01 2.1681257547e-02 6.3653954717e-02 5.6318670945e-02 -9.7871292034e-02 2.1716961446e-01 2.7019730637e-01 1.9711984908e-01 7.2343453081e-02 1.2669294934e-01 -6.4905863469e-02 4.6810778384e-02 7.9230625949e-03 1.8727150276e-02 -4.0378184786e-02 9.8398327728e-02 -8.3087780185e-02 -1.4588520143e-01 -5.4079637749e-02 2.6274925079e-02 6.2276109661e-02 1.0349473094e-01 -7.1896025266e-02 -5.1711997932e-02 1.9676751889e-01 -1.4336076196e-01 1.2733267454e-01 -2.7551784741e-02 6.3462714804e-02 1.0241373537e-01 4.5121390425e-02 1.0476809746e-01 -5.3120925169e-04 1.0486320873e-01 7.6942205278e-02
-2.7784306215e-01 -3.5048221985e-02 8.9132008724e-02 1.0078214302e-01 2.5284768943e-01 6.7382243888e-03 5.9879955575e-01 -9.5673059529e-02 -5.1721734537e-01 2.9129661729e-02 3.0273692108e-02 -2.7268734896e-01 -1.9171974507e-01 -9.1442140327e-02 -3.1776585982e-01 -1.3879346772e-01 -3.4273250843e-02 1.8355386009e-01 -1.2241111954e-01 -8.0621631972e-02 -3.4113684172e-02 -3.8801676550e-03 -2.5749788274e-02 -4.5132433517e-02 -3.2492737646e-02 -6.4342737877e-02 1.3956744170e-01 1.6424946106e-01 -5.6353192554e-01 -3.2004689970e-01 1.0773292623e-01 -3.8524044007e-01 1.4935752932e-01 -4.2334707201e-02 1.0219844159e-01 3.8991573586e-01 1.9161381267e-01 3.6291223531e-01 1.0446059229e-01 1.4485685043e-01 1.2000707168e-01 -3.7652075245e-01 9.6727809281e-02 4.1949981276e-01 2.4974850648e-01 -4.1289021019e-02 1.6727208769e-01 6.6248818793e-02 -1.4132895405e-01 8.5515757977e-02 -7.2962210043e-02 -7.5127237903e-02 1.9542266594e-01 8.0854143584e-02 -7.4256065458e-02 -1.4955748612e-01 5.1863462197e-02 1.1762512785e-01 -2.1495393518e-01 -7.3729692207e-02 4.1674137560e-02 -4.0244335840e-01 3.5711742067e-01 -1.7641825041e-01 1.6782888211e-01 9.2684310840e-02 -2.1531410129e-01 4.8083390661e-02 -7.7335431641e-02
-5.8705398009e-05 3.5363534200e-05 -5.0719598326e-05 -1.0760736928e-04 9.6454126186e-05 -1.4701875701e-04 1.0066883752e-05 -9.0340512818e-06 5.8184746133e-05 1.0796297086e-05 -6.0054794151e-05 -5.9464147192e-05 8.4218421756e-05 2.1906197974e-05 -1.1903023344e-05 -7.5173712652e-05 -1.5473544695e-06 7.6548063489e-05 2.8191548514e-05 -1.2533376229e-04 8.3298470020e-05 -5.5917972251e-07 -1.5723926539e-04 -2.4633183785e-04 -2.7989805927e-05 2.3642691840e-05 -1.1824955590e-04 6.7329720852e-05 3.3360663675e-05 -2.2966932672e-05 -4.1637035112e-05 -7.6747141291e-05 -1.9207787466e-05 5.2802377306e-05 2.6169769718e-05 -1.3681006988e-04 -8.4600633364e-06 5.5448185032e-05 -7.2686257117e-05 -6.3481854908e-05 7.5955519582e-05 1.1097445013e-04 1.6489134689e-04 -4.8292085720e-05 -7.4410623060e-05 -1.9094416028e-05 -8.4600657532e-06 -3.9622839384e-05 5.4860856814e-05 -1.3866090499e-05 -4.0086266285e-05 1.4032029403e-05 1.5610402560e-05 -2.2419897754e-04 3.5683317959e-05 9.7084753004e-05 1.1529299035e-04 -2.0680298055e-05 -5.4142140785e-05 -9.6555816217e-05 5.4039281850e-05 7.1186668561e-05 -1.5153923746e-05 -8.9321489745e-05 3.6936869358e-05 1.3109240798e-05 -3.8629297074e-05 2.5007822495e-04 1.3885008076e-05
-3.6556381646e-01 -3.3049152245e-01 -4.4241505673e-01 2.7103476426e-01 5.0544840713e-01 -1.7626193524e-01 1.5366626135e-02 3.3382906580e-01 1.3186447893e-01 -1.2289459184e-01 1.4020967251e-01 3.8607141698e-01 1.5006868742e-01 1.6357881364e-01 3.0452006436e-01 -2.0694463272e-01 -3.4424422468e-01 3.5721439923e-03 2.2090342543e-01 -3.3529162182e-01 4.6746622858e-01 4.6519117926e-01 -1.8368104291e-01 -3.2295662503e-01 -4.0250567575e-01 -4.0708184704e-01 1.8075502317e-01 -2.3288395804e-02 -4.3056679489e-01 -2.9402568659e-01 -1.7160797937e-01 -2.8132590004e-01 4.8264458567e-01 8.6023581247e-03 1.2983021245e-01 -3.5173121690e-01 1.0762285397e-01 -2.6386217573e-01 -2.2327007340e-01 3.4956890332e-01 2.7669421351e-01 -1.3656810150e-02 -3.3005888407e-01 -5.9480523067e-01 -2.1965000743e-01 -2.9201830022e-01 -1.1849773172e-01 -4.8730606440e-01 1.0398690974e-01 3.7718703553e-01 2.7135008165e-01 6.9162710517e-02 -2.5521620661e-01 -1.4693881190e-01 9.3821587644e-04 1.4767828229e-01 -4.1348611536e-01 5.5102317477e-02 -2.0031223702e-01 -7.5335172702e-02 3.8128604798e-01 3.8842041209e-01 8.4108884481e-02 3.3367678424e-01 2.8497748734e-01 3.5004083359e-02 6.4206846616e-02 6.5458024413e-02 -1.7196120956e-01
2.2808098445e-02 5.6528667926e-02 -1.0937687992e-01 9.3829485557e-02 6.1043326333e-02 2.0060315444e-01 2.0176379807e-01 -1.5114141549e-02 -1.7245381664e-01 -4.9550965005e-02 -8.7675005781e-02 -1.7583649274e-02 -9.0004333210e-02 5.1516167828e-02 1.1018446589e-03 5.0154088430e-02 -7.4370938849e-02 -2.9681363534e-02 -1.0932597986e-01 8.6933629803e-02 -4.5705034227e-04 -9.9534656944e-02 -5.1781119797e-02 -1.6985666785e-01 -2.5761117137e-02 -5.4919085444e-02 3.0696675573e-02 3.3138582936e-01 -6.7150537350e-02 -5.0739199195e-02 5.6914674502e-02 8.2045327578e-02 -4.1492100371e-02 -7.3756784318e-02 -7.3386245872e-02 -5.8510920868e-02 1.2288411092e-01 -1.2345570732e-01 2.0379668802e-03 2.1682257626e-01 1.8694468984e-01 6.9450473437e-02 -2.6213301149e-02 -1.5995099561e-01 7.0189506475e-02 1.1846237565e-02 -2.2884868900e-02 -1.2334462720e-01 1.5631261682e-01 1.7471773910e-02 -8.1140567933e-02 -4.5177833987e-01 -8.4125016021e-02 -9.4361831706e-03 7.3964329991e-02 3.8396918722e-02 2.6249831153e-02 -5.8834380251e-02 2.1367254881e-01 4.1749809787e-02 -1.0159615302e-01 8.8716506818e-02 -1.6853269214e-02 2.0994386839e-01 -2.5867127451e-02 1.3668080165e-01 1.8389411700e-01 1.3665232764e-01 8.1738423322e-02
1.1569849104e-02 -3.1757128506e-02 1.7986735847e-02 -4.7097571622e-02 -1.0963240953e-02 -5.2959465394e-02 1.3663335299e-01 1.5256975952e-02 1.1451674697e-01 4.5502835139e-02 1.0746095459e-01 1.3940396403e-01 -1.3042158923e-02 -1.6414359423e-03 4.2916948322e-03 9.0846414606e-03 6.4412518948e-02 -8.8708560621e-02 -1.2070116178e-01 -8.6982761777e-02 9.9430263926e-02 -8.3978778386e-02 -1.0516219065e-01 2.0802644625e-02 1.0837367904e-01 1.7393390037e-01 8.4924348837e-02 2.3819991404e-01 7.1676889608e-02 -1.3776840170e-02 -1.4416571427e-02 -3.2708614955e-03 -1.0575811766e-01 -2.2524916557e-02 -8.6282052840e-03 4.5144490736e-02 7.4268149277e-02 -5.2460915692e-02 4.1978669548e-04 1.9294400932e-01 6.8317040037e-03 -2.1525309077e-02 4.7166498671e-02 1.6684679488e-01 1.6960557754e-01 -6.8948199463e-03 4.2318556604e-03 2.8686814933e-02 8.2513528670e-02 6.3760741915e-02 -3.6162453209e-02 -1.6251079366e-02 -3.3566161941e-02 5.4657366979e-02 1.3233499802e-01 2.6442045423e-01 7.2271491303e-02 7.7521533589e-02 8.8604985606e-02 -7.0027582976e-02 4.4387194074e-02 -1.6513878231e-02 2.2675132571e-02 -3.1847725249e-02 -9.1452505894e-02 9.0088561731e-02 -8.7307892469e-02 5.1909867819e-02 4.9954157695e-02
-5.8142768270e-03 -1.9225783934e-02 8.2251667614e-02 -2.2369978888e-02 6.7071870140e-02 -7.2072863732e-02 5.2494116146e-02 -2.3690871705e-02 -3.1604111330e-02 -2.1710106867e-02 1.6814513300e-02 -3.4785020552e-03 -4.4462693675e-02 6.4991981252e-02 -6.3371874923e-02 5.7763478905e-02 -3.2614094954e-02 2.2750209026e-02 -2.0441494846e-02 -1.8242268583e-02 -5.1635698620e-03 -1.0087246388e-01 5.9791548845e-03 5.1458974699e-04 -1.1891342835e-02 1.5304642020e-01 1.4784744081e-02 1.5754789923e-01 3.1320483359e-02 1.1998308590e-02 3.9003792093e-02 -6.1416989500e-02 -1.3751070367e-02 4.1433248080e-02 -4.3166770016e-02 4.2203119462e-02 6.4626463898e-03 -3.4269999403e-02 -2.2619435503e-02 -8.7099077029e-02 -6.2426855180e-02 -6.0177995804e-03 1.2474841406e-02 -9.5641656735e-02 3.0443267131e-02 -7.6272524277e-02 -2.3980035127e-03 -6.1070686605e-03 -3.4030161538e-02 8.9363544185e-02 5.0964833026e-02 1.1002963962e-01 -2.2794961900e-02 -2.1413014783e-02 1.2816753922e-02 -6.9279572424e-02 3.4878650710e-02 1.5428369204e-02 5.5784234794e-02 -5.0940657342e-03 1.7094197675e-02 -1.3019752645e-02 5.0268741871e-02 1.7413022631e-02 -2.2189114219e-02 5.6993306597e-02 -8.3039129873e-02 -2.8194567248e-02 -1.7126910481e-02
3.1183554827e-02 -2.2099391287e-02 2.9752565346e-02 1.5498236294e-02 4.5540164054e-02 -2.2519793601e-02 4.6369670829e-02 1.4378478074e-02 -2.2462074198e-02 -4.0912218655e-02 2.3440566953e-02 -4.1622774502e-03 1.2043348749e-02 7.6544286085e-02 6.2868183994e-04 7.5539846288e-03 -1.1456751725e-02 1.6641315910e-01 -3.3477343332e-02 3.4186240000e-02 -5.9910563067e-02 1.0182948188e-02 6.4881419919e-03 -5.6619389153e-02 -1.4961785417e-02 -2.3545746009e-02 -5.1510800028e-02 1.1900764026e-01 -1.6513643821e-02 -4.6288563829e-02 2.4592892626e-02 -7.8836369933e-02 -1.9599226632e-02 5.1942354795e-02 -8.5054625099e-02 -5.5153683184e-02 -1.6079173168e-03 -2.5009973158e-02 -4.9081510688e-02 -1.3961489709e-01 -2.6131922465e-02 2.5094766445e-02 -2.2209037170e-02 -2.8641456014e-02 -6.5606673101e-02 -8.3158115683e-03 -1.8730253040e-02 -4.4746437813e-02 -2.8185701663e-02 -1.2031581031e-02 2.0552157089e-03 -2.9339181882e-02 6.7302418654e-03 -9.8285554210e-03 -3.5070763833e-02 -9.8093071289e-03 -3.2735077004e-02 -3.1396843833e-02 1.6498287001e-02 -1.8915140808e-03 -3.2101630132e-02 3.4823847281e-02 -1.4749237914e-02 1.3953634335e-02 -7.8126588558e-02 -3.8291057908e-02 9.7754200063e-02 1.9268430882e-02 -1.0690247607e-02
5.0272674682e-02 -4.3749018083e-02 -3.6426540357e-02 -5.6138624835e-03 2.7705231258e-02 4.0089449068e-02 1.1475455096e-04 5.6948666476e-02 -2.0561297636e-02 -1.8417310290e-02 2.6706333412e-02 -1.1255802688e-02 -9.6799265107e-03 3.3663528331e-02 5.1672500700e-02 -2.7434173079e-02 -3.5673812725e-03 -1.4231797743e-01 4.8406187156e-02 -2.3479095053e-02 -2.9048124627e-02 -4.4147438586e-03 4.8639659531e-03 -5.2192449468e-02 1.2377787999e-03 -1.0212378455e-01 -8.5539757315e-02 -1.3441723413e-01 -3.9845755053e-02 -9.6437074563e-03 2.0009483784e-03 -2.5359570782e-02 1.7430004855e-02 2.0424025222e-02 -9.0943955571e-02 -7.4351720932e-02 3.0804577618e-02 -6.8848458768e-02 -6.2408919916e-02 -1.0523096926e-01 -8.8057115846e-03 6.1928705480e-02 -1.1622074853e-02 -4.8556235698e-02 -2.0750938079e-02 6.7181335338e-02 -7.6898120653e-03 -3.4206477506e-02 3.1188415454e-02 1.3390117433e-03 3.9441332907e-02 1.8272520846e-02 8.5706459332e-03 -7.2120289147e-02 4.3315029100e-03 -2.3420473615e-02 -5.7681279587e-02 2.9011369113e-03 7.3615484242e-03 -7.5297338479e-03 2.1555445675e-02 5.9273802566e-02 1.7559890071e-02 3.4365041184e-02 -9.5857369749e-02 3.4447813017e-02 8.2745058496e-02 3.7194597709e-02 -1.5669537554e-02
2.8020016304e-02 -8.9804858586e-02 -2.8805528817e-02 -5.3150050851e-03 -2.6916433050e-02 7.4383445753e-02 -5.7810505669e-02 8.4867488311e-02 4.9144031223e-02 1.8201356970e-02 5.3757374142e-02 1.7694283481e-02 7.7148297851e-03 -5.9574012822e-02 1.2212748979e-01 -7.5407607370e-02 -1.6849807886e-02 -1.0431733803e-01 6.7390865899e-02 -5.6474161270e-02 -2.3310664435e-02 7.2016763744e-02 1.8205331174e-02 -3.9914283814e-02 -7.3510084602e-02 -9.8499562081e-02 -9.0033771162e-02 -9.5598207916e-02 -1.2421352062e-01 -2.5560743409e-02 -2.3646829623e-03 1.0998429568e-02 -6.3413693923e-04 -3.7649518212e-02 -7.7534082974e-02 -1.2503572254e-02 -2.9942206480e-02 -1.2902325216e-02 -5.5501496578e-02 2.4112869159e-02 1.1650604697e-01 7.1754622941e-02 -3.0845400748e-02 -5.1631423722e-02 1.0943050582e-02 2.6365310925e-02 -1.1779365126e-02 2.2847006852e-02 -4.7451662124e-02 3.8140633808e-02 1.8413892349e-02 -2.7818211760e-02 9.4849758774e-03 -6.7841189740e-03 -1.0987989624e-02 -3.9440088900e-02 -9.3770959350e-02 -2.4682112790e-02 -1.3410059377e-02 6.3112804878e-03 -2.3395202361e-02 5.8839808662e-02 -3.6876748810e-02 3.0935087940e-02 -4.3496142092e-02 1.0571350185e-02 8.0380181834e-02 -1.0035045055e-02 5.1092254186e-04
-1.1976443706e-02 -3.9541529102e-02 -1.2149781982e-02 -5.0871005386e-02 -4.8346035498e-02 3.0571496670e-02 -5.0174848682e-02 3.4156414103e-02 5.3956292443e-02 3.1952659549e-02 4.2883761352e-02 3.2288383732e-02 -6.8397230746e-03 -8.4396223062e-02 1.0738092270e-01 -8.2111549776e-02 1.0569149015e-02 6.5014061878e-02 5.5128977921e-02 -6.3156377194e-02 2.7315743552e-02 5.4050306468e-02 -1.1160875795e-02 -3.7795338874e-02 -4.9426913190e-02 3.7348716331e-03 -6.0230527348e-02 -4.1692954399e-03 -1.1833919968e-01 -6.7415153451e-02 2.4696428679e-02 2.5576107319e-02 -4.3967353099e-02 -5.4270202436e-02 -2.6942945354e-02 1.2003209804e-02 -7.7011439874e-02 2.0817407565e-02 -2.1624017457e-02 8.6841232945e-02 9.6719144021e-02 -1.2897777557e-02 -5.4834775016e-02 -2.3068018437e-03 4.6117674361e-02 -2.8073637256e-02 -1.4544001191e-03 9.8633249962e-02 -4.0621174901e-02 6.2103627202e-02 4.6446538166e-02 -3.1776424919e-03 -9.4995497705e-03 2.8573980441e-02 2.0061328148e-02 -2.3791158769e-02 -5.2580449921e-02 2.9915338742e-02 -6.6151406993e-02 -2.0584097048e-02 -2.1312489253e-02 2.1374035438e-02 -1.8390041223e-02 -6.3884153676e-04 3.2586978389e-02 6.9493446698e-02 3.8024026304e-02 -3.7166283834e-02 2.8031517456e-02
-4.6320844119e-02 2.8967429769e-02 -4.5711283910e-03 -7.4503456392e-02 -9.0581629708e-02 -6.3165048017e-02 -2.7527094452e-02 -3.5913793564e-02 2.7664889378e-02 -1.0458135058e-02 2.3845501806e-02 2.4572365985e-02 7.7743933157e-04 -4.7988717035e-02 4.2953773951e-02 -6.1197477861e-02 -1.0596541481e-02 1.8334130009e-01 6.0732220529e-03 -4.7477321572e-02 -2.7321070462e-04 1.0805948400e-02 -5.6644255377e-02 -7.1465819415e-02 -4.4977452231e-02 1.6948490486e-02 -6.7837170778e-02 1.2404297302e-01 -1.1482129743e-01 -9.0078604450e-02 4.2108858331e-02 -4.6045607184e-02 -5.4291046483e-02 -5.3162264296e-02 -2.3979959953e-02 -7.8910959565e-03 7.7359662252e-03 1.2126591988e-01 6.8532811944e-03 8.6085235417e-02 5.4552667038e-02 -2.6489631646e-02 -4.6867896871e-02 4.7481801899e-02 3.4287577427e-02 -1.1431176612e-01 2.8519101667e-02 1.3919377623e-01 -3.1368477023e-02 2.5218806362e-02 -9.9692876848e-03 1.5308178168e-02 -3.2460244042e-02 5.5331657510e-02 -4.8771792470e-02 -7.2607318309e-02 -8.6869577702e-03 3.7312352657e-02 -6.2443191460e-02 1.5333728533e-02 -8.3573899469e-02 -5.9454266418e-02 -1.8146992673e-02 -6.3664283085e-02 6.7942118933e-02 8.0668500017e-02 3.6569108016e-02 -2.1394059922e-02 6.8583231530e-02
-2.3053298988e-02 -2.7739025044e-02 -1.6510759903e-02 -2.1872598594e-02 -8.7969149840e-02 -1.1877469481e-01 -1.3064812903e-02 -6.2040649299e-02 3.7679816745e-02 -4.0086874064e-03 1.2109600854e-03 -1.7408266506e-02 1.9675890609e-02 -4.9321940435e-03 -2.6805267423e-02 -3.4706148939e-02 -4.4741881230e-02 -1.4083815187e-03 -3.8110805079e-02 -2.4208907411e-02 -5.4921891923e-02 4.5366259210e-03 -5.4781108814e-02 -6.2538712661e-02 8.4764561009e-04 -4.7577716545e-02 -4.9054927178e-02 1.4842384547e-01 -1.7471144743e-02 -4.3668103885e-02 2.4695150504e-02 -2.3267027633e-02 -6.2004510757e-02 1.8674884136e-02 -7.3316590782e-02 -2.9944680050e-02 8.7649376842e-02 1.5340799412e-01 2.7672191374e-02 -3.6301126031e-03 -3.7346394887e-02 -6.9726761440e-03 -2.1760929361e-02 1.2964593987e-01 -4.5492491464e-03 -1.5992018712e-01 7.1446557803e-02 1.2603820556e-01 -6.6813494401e-03 -6.5298308560e-03 -6.9731688728e-02 4.2507830629e-02 -4.8377259418e-03 4.3770720872e-02 -7.0057757331e-02 -3.6067083888e-02 -1.0159976221e-02 3.4542488074e-02 -4.7175121097e-02 2.6597529376e-02 -9.2580252313e-02 -5.7044684961e-02 3.7897581481e-03 -5.0283268799e-02 -1.9890986469e-02 5.2744451757e-02 4.6844128102e-02 5.4515754440e-02 6.2928588945e-02
-1.7355664257e-02 -1.9415333978e-02 -4.9511406158e-02 6.3815256457e-02 -5.0025579383e-02 -1.4260098888e-01 2.3384750095e-02 -1.9212669542e-02 1.3458669196e-02 5.5369278796e-02 2.8611182346e-02 -6.8796017106e-02 2.9539673677e-02 -2.9836898222e-02 3.8369647890e-03 2.9886722838e-02 5.2461019114e-03 -5.6396868970e-02 -6.3376327866e-03 2.4907302824e-02 -1.1284034861e-01 1.1704939689e-02 -3.3265969771e-02 -2.7502982831e-02 -1.9636691445e-03 -1.5437040362e-01 -4.8554072964e-02 7.4671896161e-02 -9.0425839691e-03 1.3276237892e-02 -5.9177175783e-02 -4.1249703991e-02 -4.6189299934e-02 9.0186444365e-02 -8.0223788563e-02 -7.0421301792e-02 1.6535677135e-01 8.6698851308e-02 -1.7147743572e-02 -9.9600912914e-03 -1.1007969273e-01 5.6495904461e-02 1.2558578556e-01 1.7935305048e-02 -2.5819832649e-02 -6.4944926101e-02 8.6208415665e-02 -1.1017794829e-01 2.0653291368e-02 -4.6342697088e-02 8.8521253998e-03 1.5641918028e-01 2.7068186188e-02 -4.8599840187e-03 -3.1629271169e-02 3.8527992412e-02 -4.6649258360e-02 3.0825207913e-02 4.0793404435e-02 1.4552092921e-02 -1.1408309428e-01 -2.6061919306e-02 5.7516691862e-02 -3.9643729574e-02 -1.0648830891e-01 7.8396455578e-02 5.8147325184e-02 4.7789346814e-02 -5.7770229774e-03
-3.2838753531e-02 -3.6622430559e-02 -4.6965400616e-02 6.9068687107e-02 -7.4419386405e-02 -8.5762706945e-02 4.5800461386e-02 4.9874077389e-02 4.2214416397e-02 1.2005836226e-01 4.9905897763e-02 -5.3390679315e-02 -1.5143565838e-02 -3.2806904873e-02 5.7922365592e-02 4.3465139598e-02 8.0757044229e-02 -1.3153392941e-01 3.7133291404e-02 -2.4068452905e-02 -8.1188953512e-02 3.8393311174e-03 4.4857133366e-03 1.0087456944e-01 -7.3181763621e-02 -3.2787890997e-02 -1.6036652321e-02 -1.0420217950e-01 3.6641693893e-02 1.0085680680e-01 -1.3812043007e-01 -2.7446659101e-02 -3.2708151281e-02 -6.7702759607e-04 3.9701197988e-02 -6.4776997034e-03 8.9498857537e-02 -2.0040018983e-02 -1.8392628664e-02 6.9987043524e-02 -5.5180871402e-02 2.0551573264e-02 1.3844105993e-01 -7.5585106957e-02 2.5314411393e-02 3.2465223080e-03 3.4363742480e-02 -2.2414385468e-01 2.5130018708e-02 -5.6178723905e-02 1.6447586814e-01 2.0213146147e-02 4.6124793501e-02 6.0779468759e-02 2.8424275697e-02 4.2988726495e-02 -1.2780938127e-02 4.9343112280e-02 4.4994967085e-02 4.4455049855e-02 -5.6575627175e-02 -2.9264515128e-02 7.2928410070e-02 -4.0186273956e-02 -4.6937654639e-02 3.1370555078e-02 2.4913158455e-02 -1.0795850611e-01 -5.4023058547e-02
-3.0649132556e-02 -9.1691840565e-02 1.6376882553e-02 7.4351058652e-02 -8.0523145079e-02 -2.7942521799e-02 -5.1439406643e-02 5.0544875451e-02 1.7752161336e-02 2.0518516294e-01 4.5856470251e-02 1.9693186439e-02 -6.3062075104e-02 1.1524058330e-01 9.3833764455e-02 6.6696357427e-02 2.2642031387e-02 -2.6138848202e-02 3.6406507068e-02 -1.2365036821e-02 -3.5826350389e-02 -1.1097486347e-01 3.7607034399e-03 6.8907597300e-02 -9.8642383180e-02 9.4865890120e-02 2.0530940573e-02 -1.2344896948e-01 2.4238155614e-02 3.6969516314e-02 -1.2729790395e-01 -5.4169680575e-02 2.9509566258e-02 -2.1653230183e-02 7.3643909234e-02 5.0597247247e-02 5.9597264040e-03 -4.1543460735e-02 1.2457062642e-03 9.0860790964e-02 1.5285113407e-03 -5.5990424371e-02 4.8009885458e-02 -7.5347285407e-02 3.5356948125e-02 -2.0803249805e-02 1.3504232537e-03 -5.7756733529e-02 -6.9607259055e-02 3.1748979150e-02 1.0092271052e-01 -5.0087826631e-02 7.8645649616e-02 4.6756267509e-02 -2.3228503128e-02 -3.8759573687e-02 -5.6634857220e-03 -1.0907076398e-01 2.4947335076e-02 -2.0571747971e-02 -3.6664118076e-02 -1.8350468986e-02 7.2106691588e-02 -7.1843843944e-02 7.1665555401e-02 3.5038535206e-02 -1.8560499890e-02 -1.2001348276e-01 -7.2641439119e-02
3.4372915529e-02 -8.8791312701e-02 -1.1156794252e-01 1.9958734578e-02 -1.8028289296e-02 6.6651244899e-02 -1.2605876341e-01 1.0631391050e-03 2.6123399622e-02 1.3670315061e-01 1.9939561923e-02 1.3454160638e-01 -3.8957448114e-02 1.1564466609e-01 9.3591243014e-02 4.3220572185e-02 -3.3115785880e-02 5.2363749916e-02 -9.5655972507e-03 4.2870939343e-02 -3.2361158068e-02 -1.1956086475e-01 -1.9581959911e-02 2.9217725331e-03 -4.7873119717e-02 2.7667201737e-02 8.9075673906e-02 -1.2251404049e-02 2.3548987480e-03 -4.9695020128e-02 -1.7260505013e-02 -9.1207603461e-02 2.2407617736e-02 8.7099600397e-03 1.2948875535e-02 -1.3771337512e-02 -1.0324940583e-02 -8.5580949444e-03 3.9784403201e-02 -3.3103341083e-02 -3.5831686535e-02 -5.8213916350e-02 -2.4728738120e-02 1.5070887897e-02 1.1855603755e-01 -2.3607596515e-02 -3.2439624535e-02 8.0161870924e-02 -3.8034102727e-02 1.8799897475e-02 1.8556385465e-02 -9.9644006591e-02 8.3422845679e-02 -6.4145409603e-03 -7.4960632945e-02 -1.0245726196e-01 3.4921118355e-02 -1.5106083451e-01 4.3307805327e-02 4.0250377569e-02 -1.1175090619e-02 -9.1150910216e-03 -2.9717696258e-02 -1.2717681734e-01 1.1282882966e-01 -1.6745502872e-03 -7.0295618372e-02 1.9503046428e-04 8.9550654915e-03
5.7685199527e-02 7.5621011507e-02 -1.6944509465e-01 3.8504515679e-02 6.1886867253e-02 9.3280638446e-02 -1.2730142251e-02 3.1045602198e-02 -6.1587836191e-03 -2.8359679224e-03 -1.4473837016e-02 9.3995934553e-02 5.0746939146e-02 6.5890952682e-02 6.4995335525e-02 1.9471639984e-02 7.6262925065e-03 -8.3710514250e-02 -2.6723346631e-02 6.0344123705e-02 -9.7857486121e-03 -3.8844730188e-02 -1.5991019869e-02 -2.3556117425e-02 1.3534263867e-02 -8.3936059985e-02 5.8770128241e-02 1.1363010088e-01 -4.9690455651e-02 2.3922777274e-03 1.8949762844e-02 -1.2267540662e-01 6.3561148155e-02 6.4777138056e-02 -2.6727338581e-02 -5.4090236591e-02 -4.2336020917e-02 -9.9985219384e-03 3.3955865025e-02 -6.8731737984e-02 -3.8345532331e-02 -3.3561115854e-02 4.7740561791e-03 4.2253533316e-02 1.7057289311e-01 2.0530608746e-02 3.5659044278e-02 2.7794661961e-02 1.6054296368e-02 -4.1603275587e-02 -9.3613874640e-02 5.2633276378e-02 1.1024267595e-01 -4.7868890895e-02 5.7371575034e-03 2.5661845328e-02 -1.1331644618e-02 1.6549617793e-02 8.1517769815e-02 1.7170765867e-02 -2.4482981183e-02 1.8057358801e-02 -6.6087570089e-02 -1.0342423143e-01 8.7707333180e-02 -3.8018379286e-02 -2.4146802733e-02 -1.0769209817e-01 1.6972128395e-01
8.7283019904e-02 1.1146811751e-01 -7.8616370643e-02 -2.7712990317e-02 2.8648335287e-02 7.6268663866e-02 3.7130786191e-02 8.0292340278e-02 -6.6580162201e-02 4.8387126385e-03 3.8073538384e-02 -7.0775001228e-02 1.0886595089e-01 8.9589988755e-02 -1.6472134273e-02 5.9901068321e-03 6.1612594197e-02 -5.4703879906e-04 -5.8941888622e-02 -3.3300366262e-03 -5.3359409439e-02 1.9794171770e-02 4.8556557863e-02 1.3610566782e-02 5.2820574661e-02 -2.4438407499e-02 -4.3852025272e-02 7.4113694696e-02 -2.7712903141e-02 6.2794582543e-02 7.3490098997e-03 -1.3062038248e-01 1.5328106252e-02 8.1207484715e-02 4.5464932588e-02 2.8621008783e-04 -5.4663393851e-02 2.1993456603e-02 -9.5963281774e-04 -7.4336859264e-02 2.6345615258e-02 2.3332665995e-02 3.0476453278e-02 1.3812914446e-02 9.5089490162e-02 2.7514767171e-02 2.8369997998e-04 -1.3746026883e-03 -5.2766014200e-02 -5.5477358776e-02 -1.3676074516e-01 1.1478360109e-01 -9.7059712947e-03 -2.6729461555e-03 3.0952193318e-02 4.6534437055e-02 -7.3948761039e-02 2.5461845213e-02 3.0361751056e-02 -7.3898571908e-03 -1.7155005906e-02 -2.0101249471e-02 -7.1173367005e-02 -3.8075542497e-02 -4.0543194879e-03 6.6052386228e-02 2.0574101671e-02 -1.9771863154e-01 1.3517766356e-01
8.2776375050e-02 2.3392513400e-02 6.1962110455e-02 -4.1823234604e-02 -5.0425977168e-02 1.1607129887e-01 -5.0612598125e-02 7.2756952554e-02 -1.5157027089e-01 1.9341844842e-02 6.6651411385e-02 -1.0843700111e-01 1.2435044189e-01 1.2009189304e-01 -3.5322726395e-02 -7.9045409115e-03 9.1246634110e-02 4.4100569023e-02 -1.3111996750e-02 -3.4766096769e-02 2.1082042979e-03 2.5486906044e-02 3.4406484270e-02 -2.5418699215e-02 1.0907531518e-01 6.0391458127e-02 -4.9248085632e-02 -3.5557003987e-02 1.5680266514e-02 1.0037815443e-02 1.1310895345e-02 -1.2563042251e-01 -3.0114614316e-02 3.1459186572e-02 4.5480133480e-02 3.1497577788e-02 -2.4779251072e-02 4.1771015356e-02 -8.5218401151e-03 -2.8022628175e-02 1.6501351589e-02 9.1111137057e-03 4.4565193433e-02 -6.3445291028e-02 1.9712639052e-02 -3.6276636520e-02 -4.4363716776e-02 1.1552624262e-02 -7.2926568110e-02 -5.0049360706e-02 -1.5186544327e-01 4.3248137497e-02 -1.0017571810e-01 5.9810804241e-02 2.1470666936e-02 -2.0782990469e-02 -2.9945602912e-02 -2.7602540023e-02 6.9890321283e-03 -3.9296400732e-03 -3.1325385577e-02 -6.1260256040e-02 -2.0147479710e-02 1.9726655351e-02 -6.2245645449e-02 1.0061024120e-01 1.2739908655e-02 -7.7147305837e-02 -2.6514211900e-02
3.0159658587e-02 -6.0603159306e-03 7.9480881948e-02 -1.0528526393e-02 -9.5070425869e-02 1.3888547041e-01 -7.8786667899e-02 3.2920061756e-02 -1.3209761547e-01 6.6253482882e-02 3.1706916420e-02 -3.7390615234e-02 8.9566603977e-02 5.2018414758e-02 -1.1046880160e-02 1.2576110515e-03 7.2612512070e-02 -3.4760649188e-02 2.0112484729e-02 -4.7030146981e-02 -2.2182648683e-02 3.3738211844e-02 -6.3905477499e-02 -8.5798739793e-02 7.9455675743e-02 1.0741048407e-02 5.3996722098e-02 -9.8216012034e-02 1.4782814762e-02 -2.7678272962e-03 -6.8901940098e-02 -5.3294505984e-02 -2.5005149871e-02 2.4179532098e-02 4.3555722566e-02 5.2781701728e-03 -2.0071855187e-02 2.9382818068e-02 1.0433331792e-01 9.3348874651e-03 -4.1939360991e-02 1.0279433876e-02 -2.0443357840e-02 -5.7676649835e-02 4.6158980187e-02 4.8393626989e-02 -7.5137173373e-02 -2.8035924791e-02 -4.6884083771e-02 -4.7661081333e-02 -4.8524004868e-02 -5.7403986291e-02 -1.0083148112e-01 6.4405070914e-02 -6.1033908800e-02 2.3325342677e-03 3.8517700602e-02 -9.6536420254e-02 -7.0689863663e-02 5.2582727773e-02 -2.0199922113e-02 -1.1239659465e-01 4.0755035378e-02 3.0224543484e-02 -4.8739495834e-02 6.9097050099e-02 -1.3183367907e-02 6.4218116782e-02 -7.8885632709e-02
1.1961569193e-02 4.0997219575e-03 5.9223479047e-02 -2.8277782156e-02 -1.2440641841e-02 1.0963253619e-01 4.8688880778e-02 8.2149548199e-02 -3.2041387470e-02 4.4350389528e-02 -9.6811733802e-03 5.1860445442e-02 -1.5754203826e-02 -2.4166931554e-02 1.6529794948e-03 -1.3397679087e-02 2.6991527767e-02 -2.2186751857e-02 1.4310742335e-02 -8.7443929270e-02 -8.9761494481e-02 -1.1964872038e-02 -7.6266653286e-02 -1.8627403635e-02 6.0142442016e-02 -7.4675249850e-02 4.2464544397e-02 -1.7810059236e-02 -1.5354968239e-02 2.5255552036e-02 -1.0973728644e-01 3.7587865097e-03 -4.4152017246e-02 -9.1691029170e-03 9.4175824941e-03 -6.0299414338e-02 1.5601487302e-03 9.9675745467e-03 1.7103946055e-01 -5.0093018692e-02 -8.6711520952e-02 4.0724968611e-02 -1.0652779696e-01 2.4706414751e-03 6.2945202970e-02 1.1217511029e-01 -4.0411795640e-02 3.2342195583e-03 -1.1273243834e-02 -1.5326713400e-02 -6.9821352989e-02 -9.2508935089e-02 -3.2672977067e-02 -1.3195518689e-02 -6.4128643514e-02 4.0063134398e-02 3.3070413175e-02 -9.9814355656e-02 -1.3579773340e-01 8.0962598894e-02 -2.9601499572e-02 -7.3548962175e-02 5.6295107787e-02 6.7425446238e-03 -2.2070890865e-02 2.4266382190e-02 -3.2917663121e-02 5.1611939606e-02 -1.7416218861e-02
-3.9655572098e-02 6.0704624457e-02 1.3753953016e-02 -4.1099382076e-02 1.6354821316e-03 -3.4718549771e-02 1.3142361939e-01 7.8814224240e-02 1.7860758921e-02 2.2824500089e-03 3.4297324492e-03 1.1921540381e-02 -2.6286498705e-02 -6.3058415717e-02 -4.1899058351e-02 -8.0967913772e-03 5.2271525425e-02 7.7661424513e-02 -4.2127363008e-03 -6.3027213503e-02 -8.2898237723e-02 -8.5407704340e-02 -5.0726176627e-02 1.8376127217e-02 2.5492072566e-02 -9.8824181137e-02 -4.6969911531e-02 2.9761693186e-02 4.9966291359e-03 3.4307705117e-02 -9.8185578739e-02 1.5799493110e-02 1.0101914907e-02 -1.3010892610e-02 2.4904689008e-02 -5.5899517586e-02 -3.5736596335e-02 -1.7158711989e-02 1.0183817968e-01 -8.6362707125e-02 -6.6411252608e-02 -7.9737689616e-03 -1.3990513327e-01 7.5198757748e-02 3.3658213315e-02 1.2180504859e-01 -1.6073564163e-02 -7.7586624566e-03 -8.2414600247e-03 2.8334764648e-02 -4.5443811627e-02 4.1668359344e-03 6.0045769381e-02 -3.3023808737e-02 -2.1055850481e-02 4.5665815522e-02 4.3408478062e-02 -2.2873173996e-02 -1.4143014850e-01 5.8054492770e-02 2.8960211219e-02 -2.8046929991e-02 3.2139728582e-02 7.6745512345e-03 2.3699776963e-02 1.8558986128e-02 -3.6376410135e-02 -2.0419842955e-02 3.6269040775e-02
-2.9358045471e-02 8.9647690582e-02 9.7428588450e-03 6.9526925914e-03 -5.6626541997e-02 -8.6987988538e-02 1.1443639680e-01 6.9817055006e-02 -1.6030424283e-02 -1.8312637549e-02 3.2400693042e-02 -3.2457727268e-02 -3.1122524921e-02 -5.6807215655e-03 -6.0555404606e-02 2.3681665848e-02 3.7082151731e-02 9.2359551651e-02 -1.3508271060e-02 1.3544307514e-04 9.9659040469e-03 -6.6221961409e-02 -1.5627038965e-02 4.8037697460e-02 1.7276257208e-03 -6.1649367266e-02 -4.3560267736e-02 4.7026381465e-03 1.0033096408e-02 4.2498135733e-02 -7.9356203087e-02 -6.1800475810e-02 2.6464429173e-03 -2.6426311615e-02 7.3651779558e-03 -2.2309761997e-02 -1.0674178129e-02 -4.2414646195e-04 -2.1460345678e-02 -3.4592514131e-02 -2.8352594075e-02 -3.1545171403e-02 -7.8864648978e-02 6.9048452917e-02 -2.2994512607e-02 8.2049562561e-02 -7.8057347650e-02 -3.3478271036e-02 1.1469400727e-01 4.6178876113e-02 -8.4578450328e-02 2.2088758484e-02 7.5686282104e-02 -3.4057312746e-02 -3.4336477054e-02 4.2902326767e-02 3.1053100523e-02 -8.7884996963e-03 -8.9112627838e-02 1.0929380024e-03 7.2062717893e-02 1.4383193309e-02 -2.7687870941e-02 3.1096283206e-02 5.1738604535e-02 7.4935674357e-02 -2.5211156148e-02 -7.6028869971e-02 1.4767608361e-02
-4.7376231404e-02 9.9651219576e-02 -1.8168174732e-02 -5.1901362355e-03 -9.7676019335e-02 -6.5706598420e-02 6.8463411849e-02 5.0000817583e-02 -4.6156817378e-02 2.3611990319e-02 7.3432420442e-02 -3.9077579733e-02 1.7048055932e-02 5.0323842501e-02 -2.5861583603e-02 3.7990362072e-02 5.8251751663e-02 -1.1548177826e-01 3.9921823184e-02 6.9106395450e-02 2.9567661472e-02 -9.3895801966e-02 -2.3363061072e-02 4.3149798257e-02 -2.5214191549e-03 8.8204159354e-04 5.3154245183e-03 -1.6640440966e-01 1.0367315272e-02 1.1327488032e-02 -7.0909806834e-02 -8.9131069020e-02 2.3454134669e-02 -1.6178290027e-02 3.5652811079e-02 1.3092374642e-02 2.9459604218e-02 4.4656760755e-02 -1.0110502535e-01 -7.9080468422e-03 5.2345879056e-02 4.4334032460e-03 -2.5507016687e-02 7.7137975320e-02 -5.9694730082e-02 6.7462300890e-02 -9.9858562222e-02 2.0125013913e-03 6.5844459096e-02 5.0003357360e-02 -9.2078019599e-02 1.3291313970e-02 7.7382271004e-02 7.3827724394e-03 2.4410956047e-02 1.5663525513e-02 -4.4621310448e-03 -4.8589251114e-02 -1.8431377158e-02 -1.8694637186e-02 3.5427597530e-02 4.4924337170e-02 -5.7782400017e-02 5.1269017598e-02 6.5858036917e-02 1.0911739264e-01 -1.6214101178e-02 -6.2071978068e-03 -3.4116174768e-02
-3.7869623373e-02 3.7327521538e-02 2.1137068883e-03 8.2804681564e-02 -1.1163953128e-01 -6.6633121834e-02 -1.8459287670e-02 3.8377365243e-02 -4.7995020995e-02 3.3002374759e-02 2.8733381722e-02 -3.0467493238e-02 8.6924826630e-03 1.2165258339e-02 8.2091774202e-03 1.5229538840e-02 2.7180226743e-02 -1.0027880846e-01 4.2553045281e-02 6.5733775894e-02 1.0139709176e-01 1.0856329959e-02 -1.3455236012e-02 -2.5829464760e-02 8.6226854180e-02 3.6362586643e-02 1.7677721540e-02 -6.7631928901e-02 -4.4093259832e-02 -5.7613929341e-02 6.0288947109e-03 -1.5393110392e-01 -2.6917838210e-02 -4.9700433070e-02 -2.9282671861e-02 5.5327227139e-02 3.4509631650e-02 4.9909867888e-02 -4.3158957371e-02 1.8405973432e-02 -8.0880038518e-04 -1.9856931116e-02 3.9153052399e-02 1.1637345566e-02 -7.2397775475e-02 3.4408717422e-02 -4.1674513535e-02 -5.0350025276e-02 2.8742938983e-02 5.0007787932e-02 -9.9221133588e-02 -1.4674750557e-02 -7.1630927776e-03 -1.9933725376e-02 -6.3712566220e-03 4.2116546870e-03 -2.0647427764e-02 -4.7411309549e-02 -4.8109092431e-03 -2.1716967403e-03 3.0150641637e-02 8.2711437368e-02 -5.1307591433e-02 4.3710756388e-02 2.3062769230e-02 8.6369951636e-02 1.2631222600e-02 8.6722640050e-02 -7.8441525476e-02
-2.7077008962e-02 8.2332885260e-02 1.3944419382e-03 3.5104073832e-02 -5.4172343411e-02 2.7144029383e-02 -2.3545765725e-02 5.7401163337e-03 -8.3043627769e-02 -4.5125606640e-03 4.7992673852e-02 1.6796434691e-03 3.7751196940e-02 1.6857294575e-02 2.2185924680e-02 -4.7721677379e-02 6.2625013038e-02 -1.1537884496e-01 4.8767748182e-02 6.9564394914e-02 8.7546366761e-02 3.5757944879e-02 -6.0592760170e-02 -5.8674276977e-02 1.4935284339e-01 -4.0457709042e-02 4.5990078603e-03 1.1266375992e-01 -1.0197220166e-01 -6.2365603836e-02 1.8332920327e-02 -3.1061315741e-02 6.8952059726e-02 7.9395389231e-03 3.4364759514e-02 5.3182888601e-02 8.1484070747e-02 -2.4551252891e-02 -3.5877187304e-02 3.9555402783e-02 2.7474250425e-02 2.0308256295e-03 7.8031695645e-02 3.9408599624e-02 3.2011648138e-02 7.5301026007e-02 2.9962117337e-02 -3.3868999725e-02 1.1581172540e-01 -1.3064536581e-02 4.7256730450e-02 -7.8262527680e-02 4.1857184139e-03 3.1708882927e-02 1.0647651617e-01 -6.9275313164e-02 2.6203603473e-02 -3.4637901261e-02 5.8892979679e-02 -4.9961686488e-02 3.2384757463e-02 -4.5261767946e-02 -2.4200970140e-02 1.0484182061e-01 1.4120865027e-02 6.8129488342e-02 9.2563557536e-03 1.6993038149e-01 7.0525215483e-03
-6.0133340847e-02 5.3195330546e-02 -7.5036936007e-02 -8.8722926778e-03 -4.4938666198e-02 3.2965982718e-02 6.6924526323e-02 -6.4015754615e-02 -8.4275681689e-02 7.8824330517e-02 1.1447022850e-01 5.2914941741e-02 3.6447837880e-03 -6.0004098122e-02 8.7943202016e-02 -5.0984527391e-02 1.5993884407e-02 -1.0155518361e-01 4.4809096953e-02 2.1720688004e-02 1.7809780964e-01 5.3053051783e-02 -4.9534316857e-02 2.5413759937e-03 6.1824545121e-02 -5.0999005925e-02 9.3523531741e-02 8.8717379814e-02 -1.7850263698e-01 -3.7958422032e-02 8.3851782139e-03 -3.5753312237e-02 -2.5837650898e-02 -7.7102203261e-02 5.9792283980e-02 4.8400486154e-02 1.6605398350e-01 6.3002169808e-02 -7.3936839391e-02 -4.1606592314e-02 -5.4215337196e-03 -4.6598227690e-02 1.3503007930e-01 -2.6847808558e-02 4.8632196977e-02 1.3043635289e-01 1.5657359596e-01 -4.6922837209e-02 2.0463563844e-01 2.8555116994e-02 8.8223441703e-02 -1.7534131661e-01 -8.2387559859e-03 -5.1576643675e-02 1.9963420511e-01 1.0564357855e-01 4.6856823312e-02 6.8219755549e-02 1.4147983490e-01 -1.9641246196e-02 3.5368942564e-02 -7.3615941238e-02 -2.8204845295e-02 2.2482945747e-02 -3.6212675511e-02 -9.8421858562e-03 -3.3064744976e-03 1.2421729954e-01 3.4819445070e-02
2.2489775419e-02 1.2269615012e-01 1.2267273499e-01 -1.7711892350e-01 2.0558322600e-01 1.1421576137e-01 1.3125677776e-01 1.3390732528e-01 -7.5110595741e-02 -7.2371717934e-02 -2.2241836289e-02 7.2401429501e-02 3.4181404644e-02 -2.1647875029e-01 2.0086156408e-02 -7.5702790304e-02 1.0995630120e-01 -1.0783667620e-01 -1.0925991147e-01 9.6331823893e-02 1.5745215830e-01 9.8850397204e-02 -1.5226303553e-01 1.3382343429e-01 -1.3461210666e-01 -2.2733151283e-01 1.8938121634e-01 2.5452834088e-01 -4.1558280951e-01 1.1309486301e-01 1.3892070993e-01 8.3453843721e-02 3.7992232944e-02 -2.0422399744e-01 2.0220980498e-01 8.1549011125e-03 1.8948376433e-01 1.2088244806e-01 2.1347285553e-02 2.9123485272e-01 9.1197219849e-04 -7.0142747560e-02 1.1104427076e-02 1.3434207639e-01 5.4329473023e-02 2.3176522318e-01 1.7958603024e-02 3.5949855167e-01 1.5885140149e-01 9.3440922478e-02 6.7043546910e-02 -1.9551505539e-01 -1.0688564977e-02 9.5221398821e-02 -1.4281164034e-02 1.4160398464e-01 5.2981635376e-02 -4.5748544172e-02 -9.9485731669e-03 -1.4206689063e-01 1.0558673674e-01 -1.8121460958e-01 1.1050332283e-01 -3.5824520167e-02 5.4019101884e-02 -2.9069303600e-02 -1.2078569358e-01 -1.4468299797e-01 4.1283022219e-02
7.4170879646e-02 1.3167574977e-01 2.4174065639e-01 1.2981601337e-01 8.7172042210e-02 -2.6577286082e-02 6.1993744484e-01 3.1592628886e-01 1.7881557031e-01 -6.0807807742e-02 2.1179633175e-01 3.7271217785e-02 -1.3558528689e-01 -3.3578408837e-01 -3.9700599531e-01 -1.1809993500e-01 1.8041075977e-01 2.8801297112e-01 1.1187539224e-01 4.1293584951e-01 1.1675324966e-01 3.1893352485e-01 2.0442991599e-01 -2.0320576616e-02 -2.2237120735e-01 -1.5714205766e-01 1.7364959930e-02 -1.4676785986e-01 -4.8334112733e-01 -1.9045064414e-01 -6.0085839737e-01 -3.8734631151e-01 -1.9965225070e-01 -4.0966839477e-01 -2.1012166471e-01 2.3521820703e-01 3.4409045788e-01 2.6810773161e-01 -4.0078109529e-02 -1.3387065470e-01 -4.0760366118e-02 1.5244873774e-01 -1.4528339086e-02 1.9016869376e-03 8.0441525937e-02 2.1824422839e-01 1.4018086865e-01 1.8895607536e-01 1.8041455084e-01 3.3757097313e-01 2.0761266569e-01 -4.3083108550e-01 2.5485569918e-01 -1.4073309973e-01 1.2506743623e-01 -2.0068583531e-01 1.7770300396e-01 -2.2211340659e-02 -3.8842125027e-02 -7.6674514129e-02 6.2035250339e-01 -4.4368255497e-01 1.6980621938e-01 -3.8061466804e-02 1.3317030616e-01 -8.6214008753e-02 -4.4251489995e-01 -1.5915519469e-01 -2.7982157705e-01
9.9958583935e-02 1.6658299389e-01 -1.9483613478e-02 -1.1255456844e-01 3.9098667535e-01 1.1556462044e-01 -1.2457283050e-01 -3.6825618792e-01 4.0453728380e-01 -4.2479602312e-01 2.9401881373e-01 3.3642710096e-01 7.0297592248e-02 -4.2768064711e-01 -3.5131907165e-01 3.7309620897e-01 -2.4908767808e-01 1.7710407776e-01 -1.3423886128e-01 2.3073521070e-01 -2.6870677379e-02 -3.5929814491e-01 -3.9668852600e-01 -4.0498953359e-01 4.3689564451e-01 -2.1735558090e-01 2.8336001448e-01 1.1006840306e-01 -3.9737352079e-01 3.7472008124e-01 1.0553730627e-01 -2.2868631483e-01 2.4918859518e-02 -3.9970656598e-01 -2.5825020387e-01 4.1609319379e-01 4.3619816138e-01 -4.1578361848e-01 -3.9639450104e-01 -3.7213757411e-01 3.3051792482e-01 -1.8706360480e-01 3.3023940215e-01 8.6552862689e-02 4.0992858719e-01 -3.9118350158e-01 -6.1348112689e-02 -3.7129810373e-01 -4.2096446770e-01 -6.6757219724e-02 4.2693968033e-01 3.4563971193e-01 4.1862512380e-01 2.5409764974e-01 2.7708303145e-01 2.7172735267e-01 2.9184410319e-01 -3.6937011820e-01 1.5251729024e-01 -4.4259212278e-02 3.8952629814e-01 -3.7074455237e-01 -2.8619570130e-01 -4.3272234868e-01 4.1558990173e-01 4.1189570005e-01 -4.0973947962e-01 -2.5004069316e-01 -3.6618150877e-01
-3.5969149197e-01 -3.9476655193e-01 -4.0120662539e-01 4.2563802944e-01 4.2162376397e-01 -1.7642458311e-01 -5.3994525306e-02 4.0768272765e-01 4.0333655724e-01 -3.3397727511e-01 1.4699664406e-01 4.1239899601e-01 2.6688098724e-01 1.4225683295e-01 3.5562543616e-01 -3.8881202026e-01 -1.9057923858e-01 -2.6707898543e-02 2.7821774091e-01 -5.5958488358e-02 2.5292727179e-01 4.1657401918e-01 1.6609835649e-02 -3.6365790311e-01 -4.2418873247e-01 -4.0773052113e-01 -1.2358482540e-01 -3.4214252134e-01 -3.8583553458e-01 -3.8451212392e-01 -1.8781688447e-01 -3.4211090111e-01 3.3421944998e-01 -1.5047712840e-01 -1.0704485413e-02 -3.7522486081e-01 1.4926933492e-01 -2.6167210363e-01 -7.9311004621e-02 1.8171234796e-01 2.8770264531e-01 -2.6279542690e-01 -4.2977884089e-02 -4.2012051223e-01 -2.2935849741e-01 -2.4641111863e-01 -1.9361721665e-01 -3.9181656211e-01 -1.1912675852e-01 3.9566313512e-01 2.1188058230e-01 -2.4058540832e-01 -4.1783661249e-01 -3.8891712759e-02 -1.2952483054e-01 4.2846050105e-01 -3.7293286542e-01 2.4256990171e-01 -2.0230856849e-01 1.4193714708e-01 3.9295410730e-01 1.5554172415e-01 -7.7939897542e-02 4.2783889851e-01 2.2081270532e-01 4.3177029754e-02 -8.9882564646e-02 9.2754438426e-02 -1.9862188834e-01
-7.1505888745e-02 9.0251027699e-02 1.3128926878e-01 2.3263678807e-01 -8.8402857835e-02 -1.4725136822e-02 -1.5857700526e-01 -3.5742557744e-02 1.6698076316e-02 -1.1549559530e-02 6.7143353181e-02 2.1545485402e-02 -1.4361500109e-01 3.0496068821e-02 4.5474964715e-02 -9.5781214134e-02 7.2511556124e-02 -3.3959947748e-01 -1.4822133902e-01 -2.6093440684e-02 4.2655733554e-02 -1.0504841447e-01 4.9591755909e-02 1.0312672781e-03 9.3933592571e-02 -1.5773790397e-01 -5.8625784119e-02 1.1783430177e-01 -1.7355343869e-01 6.1467829944e-02 -1.3839723126e-01 -5.4563407443e-02 -2.3742379362e-01 -1.8127309930e-01 -3.4530350433e-02 5.7471491890e-02 -4.6288964349e-02 1.5073535072e-01 3.8724159827e-02 1.7731723557e-01 -1.5883498301e-01 2.0147978772e-01 4.0158792974e-02 9.5998548125e-02 1.0604133444e-01 -3.1616627025e-02 -1.1541531096e-01 2.2156846019e-01 2.2959629497e-01 -7.5286125598e-02 1.0390246788e-01 -1.1206949719e-01 3.1380228720e-02 -1.9443733319e-02 -6.3757329257e-02 -2.1564922281e-02 -1.1819240564e-01 1.7564850397e-01 2.0382278656e-02 9.0318641907e-02 2.5872206190e-02 -1.0773388176e-01 -1.8299201468e-02 -1.8929392386e-01 2.6001630150e-02 3.3228990039e-02 -1.3372805796e-02 -2.9819036175e-02 3.0122059807e-02
-1.9636709872e-03 -7.0898596641e-02 8.5318432186e-02 -1.1592427214e-01 1.3928925113e-01 -4.0451774093e-02 2.7413618758e-02 4.3576466316e-02 -3.7083791675e-02 5.5588405745e-02 5.2519943862e-02 7.1127931029e-03 1.1902600500e-02 3.9013289188e-02 -4.3489610777e-02 1.4812934535e-01 -3.6329783057e-02 -2.0549900566e-01 -4.0551680138e-02 -1.0837065194e-01 -4.7316424278e-02 -5.1003468874e-03 7.9888560377e-03 -5.1984942206e-02 -7.0270095352e-02 1.5286771974e-01 7.8730321837e-03 -2.6890468412e-02 8.0142912319e-03 7.0032778037e-03 7.2848332970e-02 -1.2445472091e-03 -2.9477546092e-02 6.1280327550e-02 -1.7362767380e-01 -8.7404491316e-02 -1.0864434495e-02 -6.3073850814e-02 -1.0047978639e-01 -1.8325302127e-02 1.2794064261e-02 -7.7750291597e-03 -2.1693589816e-02 -4.1012970964e-02 -7.1203742557e-02 4.0646584069e-03 4.4849795312e-02 3.6328895381e-02 1.7661806434e-01 2.9326114080e-02 -1.5846725578e-01 -9.4103682830e-02 5.5678337795e-02 8.9060107563e-02 8.1187602558e-02 -2.2586266376e-02 3.1044952781e-02 -9.6300968139e-02 3.9557038475e-03 1.5008355105e-02 -2.3682971022e-02 -4.8491810827e-02 8.0501406164e-02 -1.3104236862e-02 -5.7238123521e-02 1.1287601818e-01 6.9175904678e-02 -1.8530374513e-02 7.6011051154e-03
2.0705921356e-02 -8.5865572423e-02 9.3021661081e-02 3.9143202101e-02 8.1213179986e-02 -5.7430477515e-02 3.7800008151e-02 5.1343257744e-02 -4.8926764837e-02 3.2226060282e-02 -2.0914244246e-03 2.4989636800e-02 -4.3167568563e-02 9.1803899758e-02 -6.2369031630e-02 3.9584630793e-02 -6.4785072910e-02 -7.9351435939e-02 -1.8387956461e-02 -6.8572672231e-02 -5.5826729020e-02 -7.8152635598e-02 -4.2701222198e-02 2.1485886312e-02 -8.6299780655e-03 1.1418335096e-01 -3.2504989910e-02 1.9611400392e-01 1.0973911208e-01 2.4597672302e-02 -1.4671173747e-02 -1.8965855926e-02 1.9331529573e-02 -3.8120247624e-03 -8.6145553983e-02 -9.5496973330e-03 1.6259649196e-02 3.8764304368e-02 -1.2758836955e-02 -5.2730701008e-02 -6.3004769348e-02 -5.0258304951e-02 2.2565145923e-04 4.6559479738e-04 -9.1492460833e-03 4.2434395467e-02 -2.1719203736e-02 -4.8853912612e-02 -3.8851789534e-02 2.4304307939e-02 4.1925034720e-02 2.9620245285e-03 -1.1637748066e-03 -5.1794332756e-03 -1.7354659938e-02 -1.2112193260e-01 -1.7235961529e-03 -1.6010923205e-02 3.1442193021e-02 -9.0159707566e-03 2.2928984645e-02 1.7932519751e-02 2.9936289757e-02 -4.4365332074e-02 -3.1984344231e-02 4.6239302429e-02 9.2893354230e-03 -2.8340753127e-02 -1.3985510272e-02
2.9742331087e-02 -6.0878246814e-02 -1.3032005531e-03 1.2655907737e-02 1.1545707202e-02 -3.6212531708e-02 -2.3004118682e-03 -8.0280051777e-03 -1.5518231161e-02 -5.5802358902e-03 -3.4971338174e-02 1.9533366791e-02 -4.2200374189e-02 7.8511714309e-02 2.2885293861e-02 -3.1886276900e-03 3.1020495660e-03 3.8324136597e-01 -1.1605446034e-03 2.6774085761e-02 -9.3836161654e-02 5.1982326094e-02 5.3254282056e-02 -3.4128737507e-02 1.5763192659e-02 2.0884832846e-02 -3.3872283168e-02 2.4275671790e-01 4.5457641997e-02 -5.3524950612e-02 -1.9371470211e-02 -4.9219875535e-02 5.2811960387e-03 8.1205061510e-02 -1.3903948552e-01 -4.2590628931e-02 5.6827946950e-02 -4.7306656079e-02 -6.3343202130e-02 -9.5665885866e-02 -3.9805008707e-02 4.3352642559e-02 -2.6818522333e-02 -8.0091340387e-02 -2.7801061547e-02 4.5203455395e-02 -1.2352048801e-02 -8.7102802857e-02 1.8276186513e-02 -1.2215420100e-02 1.3270351337e-01 7.6140094847e-03 4.9473037441e-02 -6.2908886885e-02 -4.8745330764e-02 -9.4314738418e-02 -2.7390239585e-04 -6.5851651725e-02 -1.6526932668e-02 -1.3583976627e-02 -2.2092613115e-02 1.0609877972e-02 1.8619011007e-02 4.2199772020e-02 -4.8696063364e-02 -6.3107425499e-03 4.6636598406e-02 3.2919876700e-02 -1.1627046644e-02
7.0073889173e-02 -5.2307959072e-02 -8.8034476199e-03 8.5576883944e-03 -2.5646985026e-02 4.6384379946e-02 1.4642825710e-02 -3.1086953836e-03 -4.9285696296e-03 -4.0207492675e-02 -2.0879060646e-02 -2.7580431564e-03 -4.5183469556e-02 -6.1548469345e-03 9.3639017804e-02 -7.5390926557e-02 -9.1404043536e-03 -4.7988662515e-02 2.5356105725e-02 6.7714348149e-03 -1.0954396778e-01 6.9158153670e-02 2.6034954608e-02 -4.5711620645e-03 3.8003785236e-03 -7.5372426985e-02 -7.6421622917e-02 -5.6728603276e-02 -1.8073804924e-02 -5.0053155282e-02 1.6428696225e-02 4.1548617951e-03 3.5866668274e-02 3.0700654059e-02 -9.0235579610e-02 -3.4828670654e-02 1.5523037072e-02 -8.4338975191e-02 -5.2634027872e-02 9.0307507759e-03 -1.2850559564e-02 7.8487704309e-02 9.1717599297e-03 -3.4193891856e-02 2.0530963574e-02 8.3050069491e-02 3.1916234321e-02 -7.5159564077e-02 8.7108817923e-02 -2.9565996968e-02 3.3685093960e-02 -3.9032014643e-02 6.6827839532e-02 -5.4909735433e-02 1.8485418736e-02 -3.2967674588e-03 -7.3453485925e-02 -4.3176081531e-02 6.6971955001e-03 2.7718153566e-02 -3.3085918498e-02 5.7115091289e-02 -3.1734601284e-02 5.0187718742e-02 -8.9881734295e-02 -2.6309779958e-03 6.8625940597e-02 3.0766653713e-02 -1.0092646624e-02
2.0151739901e-02 -2.1505017169e-02 -3.9945714804e-02 -9.3608197963e-02 -8.8217985068e-02 5.4142936381e-02 -2.8358235559e-02 2.7472557947e-02 3.6497588268e-02 4.2179459281e-02 1.5551345433e-02 -1.5251239649e-02 -1.8789842442e-02 -8.7234892366e-02 1.1784203687e-01 -1.4508472839e-01 5.1848614097e-02 -1.7833543331e-01 1.5345246221e-02 -1.4736901635e-02 2.6070075900e-03 -2.3857825017e-02 6.4695601499e-03 -1.6028749072e-02 7.7627298692e-02 -5.0166262899e-02 -7.2976542357e-02 -3.5189460061e-02 -1.0841043128e-01 -7.1268166313e-02 -8.2449081932e-03 2.7398466771e-02 -1.2367927583e-02 -5.2619800691e-02 -1.0690713222e-02 2.3059015909e-03 -7.7303105836e-02 -7.0094363831e-02 -4.9470816957e-02 8.2325798116e-02 6.8180401548e-02 4.0239591788e-02 -2.8422699726e-02 -2.7928780160e-02 8.9377678007e-02 9.5417038042e-02 7.9034060753e-03 -1.1371784166e-02 1.4551618680e-01 -2.6227161253e-02 2.8396008992e-02 -1.3952274966e-02 3.8030425396e-02 -5.1403962015e-02 7.1420276576e-02 -8.8316901481e-03 -6.7894200108e-02 1.9728893095e-02 -9.1946376951e-03 7.8741561011e-03 -4.6306315338e-02 5.2944466901e-02 -6.9792058534e-03 1.5929204848e-02 -7.2627021202e-02 2.8429216264e-03 1.1199397189e-01 -2.7194355990e-02 1.5827045540e-02
-2.1317822166e-02 7.0137279433e-03 5.4030704122e-02 -1.0075955053e-01 -1.2293522506e-01 2.8640077992e-03 -4.6586660435e-03 6.2541182537e-02 6.2460387397e-02 7.0472414948e-02 2.8863735910e-02 9.5588096097e-03 -3.0426207830e-02 -9.1952643793e-02 3.5047460500e-02 -1.0117380539e-01 3.8442718950e-02 -5.3210563637e-02 -4.3681851290e-03 -9.4581496872e-02 5.4756603429e-02 -7.6783066816e-02 -5.0059135153e-02 -2.9449735240e-02 7.0401217266e-02 -6.5618467362e-03 -9.2388866754e-02 -7.7048455740e-02 -6.9082356907e-02 -5.8254663680e-02 7.0417571306e-02 5.2760764329e-02 -9.5100737831e-03 -1.0227743216e-01 5.3420518256e-02 6.2397773734e-02 -1.1114666471e-01 -2.0589113391e-02 -1.0377795162e-02 9.5663174930e-02 6.3088970306e-02 -1.1286487276e-02 7.8639388538e-04 1.3756617030e-02 3.7293152010e-02 -1.9702777740e-02 2.3916663918e-02 1.7025709535e-02 8.4319882202e-02 5.5220867320e-03 -1.4352892648e-02 4.9294555307e-02 5.0361142690e-03 1.6017657922e-02 1.4611305798e-02 -1.0095066986e-01 -8.3780530897e-03 7.8867740127e-03 8.5185646540e-03 1.7698171526e-02 -6.7770003869e-02 1.2758822040e-02 -1.2140695509e-02 -5.5318744450e-03 2.5391422818e-02 2.1828006017e-02 5.9386229064e-02 -3.1434842414e-02 4.7790437988e-02
-5.0014211311e-02 1.9495922569e-02 4.5677467126e-02 -9.4154080255e-02 -9.9162791367e-02 -3.6112725180e-02 1.0935364271e-04 2.6379790156e-02 7.1092957710e-02 1.9446556609e-02 1.6847101278e-02 3.3548012091e-02 -1.7185688060e-02 -9.6321602471e-02 -4.8113943035e-02 -3.2636091589e-02 1.0490805388e-02 -6.8921919724e-02 -3.4748040171e-02 -8.2322819905e-02 2.7883856104e-02 -9.3666437194e-02 -7.0467522442e-02 -1.5916741220e-02 8.5712825330e-02 3.0434243032e-02 -4.9666347449e-02 7.1830179532e-02 -1.6865824615e-02 7.1910530418e-03 8.3069702351e-02 -1.0605832049e-02 -2.4428335533e-03 -8.4967656752e-02 -4.8017197471e-02 1.9259881744e-02 -1.0974778070e-01 1.1932268341e-01 2.1714489894e-02 5.7755532652e-02 2.9862457990e-02 -2.9009343688e-02 2.8809287214e-02 8.6923215044e-02 2.4573683709e-02 -1.0419037161e-01 2.0267736661e-02 1.1792021557e-01 6.4824566072e-02 -1.7975453733e-02 -1.8979001543e-02 2.5627877332e-02 5.1836476922e-03 4.8033830707e-03 -6.2092276180e-02 -1.2927442202e-01 2.4538739137e-02 -3.3442801676e-03 3.5111474354e-02 5.3117850339e-02 -7.8867097599e-02 1.6881777892e-02 1.9554427927e-02 -3.8229266480e-02 2.9555614894e-02 -4.8594064506e-03 5.3713399349e-02 9.0936909918e-03 6.5645726224e-02
-5.2487081083e-02 5.7869360292e-02 -1.9571211092e-02 -5.7610717621e-02 -4.9782417595e-02 -3.0226977191e-02 -6.8544980802e-04 -2.3985534014e-02 4.7617054114e-02 -5.2629043462e-02 4.4494315668e-02 -2.2597005880e-02 2.9499505409e-02 1.7018149302e-04 -3.9219498044e-02 2.1840070452e-02 -1.6404835066e-03 1.5593602872e-01 -9.3542973794e-03 -6.4835816531e-02 9.0526271405e-04 -5.1007899471e-02 -5.6294547817e-02 1.2218263042e-02 3.6237958828e-02 -2.7109451848e-02 -3.2851968392e-02 2.1457724542e-01 6.4904175655e-02 9.2099698107e-02 4.1932574186e-02 -6.4921148813e-02 1.8343157304e-02 1.9092002711e-02 -8.8916818889e-02 -3.8994864386e-02 5.4662325136e-02 1.6879648004e-01 5.1156205391e-02 -2.8104475544e-02 -1.1509906568e-02 1.1728352664e-02 1.0592120356e-01 8.3393468117e-02 -1.6910682066e-04 -7.9873242370e-02 3.2445741147e-02 1.6781362571e-01 2.8511877378e-02 -2.5191594322e-02 6.4715370654e-02 -1.3734790563e-02 -1.5672537102e-02 3.3644897229e-03 -1.4121433608e-01 -1.5910930600e-01 2.1284296212e-02 6.2708443416e-03 4.2358750971e-02 2.6696648689e-02 -7.0055510234e-02 -4.8270680631e-03 1.2221224758e-02 -4.2576165813e-02 -4.5349041928e-02 8.4655280896e-03 6.4403235638e-02 1.2817040966e-01 3.7857658344e-02
-1.4342517705e-02 1.3674072097e-02 -2.4185508989e-02 -3.5456801354e-02 2.0997443457e-02 -3.4172343922e-03 8.9842250388e-02 -1.6899765836e-02 5.8164175276e-02 -6.6392418743e-02 1.8022274304e-02 -2.1625372142e-02 3.0518111474e-02 3.2275147184e-02 7.3367733221e-02 3.1031512748e-02 1.2959345261e-02 5.2910730126e-02 3.2670610387e-03 6.7346131374e-03 -2.2959633924e-02 -1.5609411895e-02 8.1141593662e-03 6.6984544407e-02 -3.4027641711e-02 -1.5807605404e-01 -4.3385541211e-02 4.8054947777e-02 5.5221183931e-02 1.3866062554e-01 -3.9331369819e-02 -5.7407690958e-02 8.7779683483e-02 -1.1049273989e-03 -6.4446165613e-02 -5.0821641630e-02 2.0356782034e-01 9.8344521299e-02 3.8635213804e-02 -2.5787787238e-02 3.4831340050e-03 9.5538076591e-02 1.0646114329e-01 -2.5965493610e-03 -1.7856126309e-02 6.3970299015e-03 4.5929368350e-02 1.0711115439e-01 1.0803501466e-01 -7.7847566502e-02 -8.4620096364e-04 3.3333114612e-02 -5.1149701917e-03 2.2118174629e-02 -5.6471295926e-02 1.2958808320e-02 -4.1843582845e-02 2.1080260333e-02 7.3047177865e-02 2.9545166377e-02 -2.0221282876e-02 -1.2400976853e-02 3.4821755399e-02 -2.0163300428e-02 -1.4201801810e-01 1.7550638473e-02 1.0245418843e-01 1.0701997284e-01 -4.7693323750e-03
1.5163691240e-03 -4.8633135119e-02 5.0325324175e-02 -1.0460387761e-01 1.7802242653e-02 -4.1491394990e-02 9.5275028496e-02 3.1801438651e-02 8.6700879098e-02 8.5801995260e-02 8.1873003554e-02 -5.0724078844e-02 -2.0002900043e-02 4.3599210298e-02 1.1766636042e-01 2.8520219602e-03 1.1288880602e-01 -8.9386532035e-02 -1.3616671739e-02 -6.4642377825e-03 -2.2376138612e-02 -7.5023766822e-02 5.0506982782e-02 1.5507280025e-01 -1.7573948678e-01 -8.1268228864e-02 1.1013154561e-02 -1.5059522663e-01 4.8313849362e-02 1.2087554221e-01 -8.9179693350e-02 -2.4414285056e-02 8.8391752930e-02 -2.4492993444e-02 1.9794464373e-03 4.6553464284e-02 1.0751638757e-01 -3.1485213736e-02 -1.3966961950e-02 3.8913758848e-02 4.6290864941e-02 3.4929170969e-02 4.8085084634e-02 -4.8211089853e-02 -4.8778189844e-02 2.9919280332e-02 1.2577492248e-02 1.8279961745e-02 4.7034450001e-02 -5.3056255242e-02 -3.9790431223e-02 -8.3453736339e-03 -1.2565527119e-02 7.9241775485e-02 -2.3141587849e-02 2.2180784155e-02 -2.3980468284e-02 3.7011208334e-02 4.9578579204e-02 -9.1142257675e-03 5.6218407334e-02 -6.3065333033e-02 6.3009499197e-02 -2.4430868678e-02 -6.4711935972e-02 7.0566891934e-02 1.0599694472e-02 -5.6635503779e-02 8.0418702535e-03
1.8584420781e-02 -1.1664385685e-01 9.8956753829e-02 -6.3136792583e-03 -4.1057578265e-02 -3.9606740911e-02 1.9520510988e-02 1.9472499406e-02 3.0635786771e-02 1.4603047174e-01 4.3441008462e-02 3.7559946033e-02 -3.8783554162e-02 9.6801297574e-02 1.1957213993e-01 -5.5202709050e-03 4.3532295425e-02 7.1911006145e-02 1.4204399103e-02 3.7139542527e-02 8.7866248731e-03 -6.0996945157e-02 -6.5727526900e-02 7.9271727955e-02 -1.1231967853e-01 2.6240082575e-02 3.7065498304e-02 -1.1388026394e-01 2.8786569196e-02 -8.5706989912e-03 -5.2298800774e-02 3.0857817199e-02 1.2139775950e-01 1.9756708541e-02 1.1998425446e-02 8.7499845784e-02 4.4191755888e-02 -5.3678764037e-02 2.2849484085e-02 3.9170885425e-02 4.1248597617e-02 -2.2598030759e-02 3.1260308654e-02 -5.6604822405e-02 -8.3277932261e-02 5.4772455252e-02 -8.0734937994e-02 -2.3443466256e-04 1.4978999657e-02 -1.1379923227e-02 -1.2958877061e-01 -1.1972008884e-03 1.5737703422e-02 5.0816049529e-02 -5.6669842815e-02 -1.5098944063e-01 1.3104674216e-03 -2.3680016265e-02 3.2562143052e-02 7.3403627711e-03 8.6733286929e-02 -7.1592742327e-02 -9.2826551210e-03 -7.0124192600e-02 6.5955067408e-02 8.2111611381e-02 -1.3118137443e-01 -6.5473465079e-02 1.7369820682e-02
1.7954049280e-02 -6.9179591381e-02 -6.8345807714e-02 4.9521055466e-02 -9.6325429663e-02 -9.3817429405e-03 -5.2446956386e-02 -2.3179459639e-04 1.7411999632e-02 6.9706443112e-02 -1.5293822849e-02 9.9908407280e-02 -9.7214554243e-03 4.1445854085e-02 9.8505059056e-02 -5.1851396585e-02 -5.6553389107e-02 9.0870493129e-02 -2.5196060740e-03 4.0393187527e-02 -4.4562511169e-03 7.8233820234e-02 -1.2375366978e-01 -9.5827377239e-03 7.3983786410e-03 3.3155033477e-02 6.6874905348e-02 -1.1167309566e-01 -4.8897101291e-02 -3.7219170511e-02 1.2959363168e-02 -8.0927140254e-03 1.6366948141e-01 7.3165528809e-02 -1.2953700004e-02 4.3570703091e-02 2.2731310258e-02 -1.2811006467e-02 9.4362386683e-02 -6.0927288011e-02 -5.4094794231e-02 -5.3235067559e-02 -2.8795683359e-02 -3.8903555536e-02 3.3995198369e-02 2.8084298090e-02 -7.1832202093e-02 -3.9793597216e-02 3.7608591380e-02 -4.0080904907e-02 -3.3618728364e-02 -4.7744304999e-02 -9.4283024364e-03 -4.5949870162e-02 -7.8861853024e-02 -1.5135333675e-01 -1.9848954261e-02 3.2789759691e-02 7.6801366185e-02 6.7082819458e-02 5.0941821060e-02 -1.8502827356e-02 -1.3896532178e-02 -8.0175526480e-02 1.1177424943e-01 -1.0754893458e-02 -1.6228894741e-01 7.8752121762e-04 4.5446849564e-02
7.0954280002e-02 3.6138906555e-02 -1.4362862935e-01 4.5543459095e-03 -3.1913022561e-02 -4.7372214681e-02 9.2626835682e-03 6.3961347659e-02 7.2846802045e-03 -8.5506364337e-02 -6.5927820463e-02 4.9846502500e-02 6.5016359094e-02 -4.1822844725e-02 -7.4011166710e-04 -4.3320339481e-02 -2.2928852802e-02 -3.2606081720e-02 -4.1223874130e-02 -4.0129335434e-02 -3.3303536376e-02 1.4540226684e-01 -2.6754550329e-02 2.4595604018e-02 5.5979545556e-02 2.5435416241e-03 -2.7167576136e-02 -5.5702054612e-02 -6.1656439743e-02 2.0657881938e-02 5.7614164127e-02 -7.9445149143e-02 1.7727608522e-01 1.2578470846e-01 4.0147392876e-02 2.4838264358e-02 -3.6005210148e-02 -2.3747788936e-02 5.2416185363e-02 -5.9779947799e-02 -9.8738851568e-02 -9.5512059577e-03 -3.0352707532e-02 7.6682997085e-03 1.3531165231e-01 -2.0498304745e-02 3.0826788954e-02 2.7274626470e-02 5.2368002445e-02 -4.1548838078e-02 -4.6002973370e-02 -3.6513916461e-02 -1.4237763659e-02 -2.2575189088e-02 -7.8901258766e-03 1.0723697541e-02 -4.5210561541e-02 1.2657030448e-01 1.0050919918e-01 6.9134198814e-02 5.7556066273e-04 1.6555114800e-02 4.5195800743e-02 -6.7166856886e-02 6.5535761904e-02 -2.9033713050e-03 -1.1682638301e-01 -1.1670233708e-01 8.6324167394e-02
4.8041894678e-02 3.9708933528e-02 -5.9950364273e-02 -6.6943098480e-02 -1.8981089300e-02 -3.6748183375e-02 1.7149283542e-02 1.4115203428e-01 -4.4433941310e-02 -1.0442530139e-01 1.6797627099e-03 -8.9991534399e-02 1.0507553045e-01 3.0539214409e-02 -3.2302084446e-03 -6.0660456195e-04 3.8662964791e-02 4.8977636949e-03 -3.6399309025e-02 -2.9939661532e-02 -5.5913309193e-02 1.0369535276e-01 8.1076172815e-02 1.4707795033e-02 1.2637755207e-02 3.1832132381e-02 -8.7304470447e-02 1.1314500656e-01 4.2265134527e-02 4.7805517658e-02 3.9463228587e-02 -3.2735152359e-02 8.2980342758e-02 6.4848974877e-02 9.1485914153e-02 -1.3426997455e-02 -7.8613129215e-02 -3.1176749617e-02 -3.0954317683e-02 -2.8062080743e-02 -2.6463163730e-02 3.4063358806e-02 -1.4155114024e-02 -1.2185487357e-03 7.7357037397e-02 -4.6786487302e-02 3.9663903255e-02 1.2643584896e-01 2.2056316993e-02 1.1702190851e-02 -1.2318848742e-01 1.1667928337e-01 -6.0981886413e-02 3.9013112340e-02 6.8304603597e-02 6.0342909556e-02 -3.1950416882e-02 -3.3407194547e-04 9.7324439882e-02 -1.2802319886e-02 2.7429062101e-02 -3.6297956586e-02 8.6565212694e-02 -1.6077927873e-02 2.8880265831e-02 -1.3479320095e-02 -2.4048370796e-02 -1.3938692112e-01 6.4189666431e-02
5.7567441677e-02 -1.8745842871e-02 3.0544243893e-02 1.4228671826e-02 -7.1993695198e-02 1.1620716571e-02 -8.0797910160e-02 9.8082518665e-02 -1.1812904500e-01 -8.4082081513e-02 5.2403764456e-02 -6.6612049575e-02 1.3292519637e-01 4.4596817278e-02 -9.2853198148e-03 1.2722533788e-02 7.8488429765e-02 6.8767613971e-03 -9.2792306531e-03 9.2043143822e-03 -4.4600417048e-03 9.5866110097e-02 5.6387824937e-02 -4.9788452061e-02 -2.4818783441e-02 5.7274898453e-02 -2.1175034645e-02 1.4104107812e-02 4.6844509691e-02 2.1270451179e-03 1.6379106695e-02 1.8957674477e-04 -2.4812054676e-03 -1.2736074110e-02 3.7589792466e-02 -3.8161315129e-02 -7.6232459661e-02 2.4358517309e-02 -3.0341572089e-02 1.6243813079e-02 -8.5483330245e-03 1.7277061739e-02 5.2164626072e-02 -7.8960243595e-02 -1.7927015887e-02 -1.9128266620e-02 -4.1900566766e-02 8.1804534306e-02 9.4644185419e-03 1.4570310557e-02 -1.0184082014e-01 1.3244147661e-01 -6.9537732716e-02 1.1529321795e-01 -1.3047677585e-02 -1.6301013323e-02 -1.8866309450e-02 -1.3815217599e-01 3.7071090781e-02 -3.7349094385e-03 2.3272730591e-02 -7.9629452059e-02 5.5255973177e-02 -3.1058221654e-02 -8.2778694224e-03 1.0250269760e-02 -4.5395831910e-03 -6.7081330057e-02 -6.2598447061e-03
1.1707402587e-02 -3.8347603653e-02 8.1647346231e-02 -5.4009490456e-04 -6.9577978586e-02 5.9023042408e-02 -4.8686181939e-02 6.0378622632e-02 -1.0504360997e-01 -7.4860570330e-02 8.7557911623e-03 3.5685410457e-02 8.6768944544e-02 -4.3624904562e-03 5.0926123620e-02 4.9510933079e-02 6.8656143672e-02 6.3351852047e-03 2.6907392359e-03 5.6194588712e-02 -2.4993314534e-05 6.5324062330e-02 -4.7073360504e-02 -4.4674559106e-02 3.4167733041e-02 5.0269821192e-02 6.3951676750e-02 -8.0926607306e-02 -3.9396559342e-02 -3.0742806009e-02 -4.2553780388e-02 4.5032540673e-02 -7.5590753686e-02 -3.4091059206e-02 -3.8583500586e-02 -4.5684685630e-02 -6.4439139183e-02 2.9635066746e-02 1.0749496843e-01 1.1653544181e-03 -4.8198586003e-02 5.7633665234e-02 7.2304368210e-02 -1.5027972362e-01 1.4132236029e-02 3.2709024496e-02 -3.8107867583e-02 7.6643109764e-02 3.1721245915e-02 2.6534515965e-02 1.2371535651e-02 4.4325551905e-02 -7.7342489005e-02 7.5694928602e-02 -5.8913582502e-02 -1.4460577054e-02 3.3852510137e-02 -1.1170155368e-01 -4.3007704156e-02 2.5958242102e-02 5.9543455656e-03 -1.0133466678e-01 4.2815877460e-02 -5.2270512006e-02 -6.3290533602e-02 1.5138774834e-02 -1.5245662658e-02 6.9906951296e-02 3.8746468803e-03
-1.6244374811e-02 -3.3686122446e-03 6.9518120696e-02 -3.4881977284e-02 -2.7507739813e-02 -6.0277638165e-03 3.3774723782e-02 4.6046784337e-02 -3.0649002440e-02 -6.8715091824e-02 -2.0796655459e-02 7.4465587422e-02 -8.3843897703e-03 -7.2326520764e-02 6.5584203254e-03 1.0196824686e-01 6.1801952203e-02 8.3903166079e-02 2.1728946286e-02 1.1789660495e-02 -4.7691388302e-02 3.3524932383e-02 -1.1638208140e-01 2.9245389366e-02 4.8291559563e-02 -2.7765286098e-02 7.5234331437e-02 -6.0671310983e-03 -7.5930016418e-02 2.0986532096e-02 -8.9222868496e-02 6.2490589994e-02 -6.9605454847e-02 -5.3403920145e-03 -3.3263851635e-02 -9.2514476158e-02 1.8784484767e-03 -7.6885515343e-03 1.6799178078e-01 -3.0146765347e-02 -5.0700550228e-02 5.3669033731e-03 2.0101490717e-05 -1.1521079607e-01 4.0675487951e-02 8.7796504374e-02 -3.0663533938e-02 -2.7429213932e-02 -5.2637964270e-03 4.1378597794e-02 -4.1724243234e-02 -5.3862250371e-02 -4.3340006285e-02 -5.2287079921e-02 -5.0341577652e-02 -7.4247702015e-03 3.1638636321e-02 -6.1572748470e-02 -8.8369247203e-02 2.6665303480e-02 1.7743228991e-02 -5.0430174978e-02 4.2757726257e-02 -3.3309384284e-02 -3.6062654537e-02 -5.2431656346e-02 -4.0476737793e-02 -2.5353001555e-03 4.2927286299e-02
-1.7154228552e-02 3.4445365192e-02 2.4724799708e-02 -4.5133426592e-02 -2.0621857828e-02 -5.6272396709e-02 1.0533420854e-01 7.0969045991e-02 -2.5458111921e-03 -2.9916301316e-02 2.3599857445e-02 2.7169323737e-02 -2.8718655323e-02 -1.0182680517e-02 -1.7880861269e-02 1.0114682910e-01 1.6881725263e-02 3.7254782608e-02 5.3131267895e-02 -7.8404104940e-02 -6.1199370930e-02 -8.1016856627e-02 -8.0988329924e-02 6.8355680361e-02 1.1322020327e-01 -3.9518151953e-02 4.3932280360e-02 -2.5507705243e-02 -6.2068428300e-02 4.9419178023e-02 -8.4549367051e-02 1.7603696155e-02 -8.6781667685e-02 -8.6533680307e-03 -4.9606335195e-02 -6.9788282641e-02 3.2978972118e-02 3.1007723486e-02 9.2416878786e-02 -8.0821447047e-02 5.5066861054e-03 3.1855556444e-03 -3.7132715393e-02 1.1690762488e-02 6.3795076437e-02 6.6005750961e-02 -8.9597086227e-02 3.2279006141e-02 2.2802478603e-02 5.2419135600e-02 -8.1915288268e-02 -5.6886475799e-02 3.2709754933e-03 -4.8402886607e-02 -1.1986635842e-02 3.9477154621e-02 -2.3559100660e-02 -2.5336905618e-02 -9.5981443679e-02 -2.8650774952e-02 2.8622486991e-02 -4.3677687143e-03 -7.2795229284e-03 6.0082434918e-03 2.8246975959e-02 -7.4925550248e-02 -1.8263551932e-02 -1.1608309486e-01 3.1450890007e-02
-3.2642294188e-02 8.2576537323e-02 -1.6556907600e-02 -2.1881120410e-02 -4.2769891890e-02 -8.4884489848e-02 5.8208682752e-02 5.9668869227e-02 8.2627529587e-03 -1.3305361788e-02 3.6383848425e-02 -1.4923305627e-02 4.4804318971e-03 -3.8913841390e-02 -2.0778677985e-02 7.5436449025e-02 2.0439642781e-02 -3.5223562502e-02 3.9962798493e-02 -7.3012324990e-03 6.5890136675e-03 -3.1316185851e-02 -3.6104988425e-02 6.3539720121e-02 9.3823049057e-02 -8.5696597710e-03 -1.8618352025e-02 -6.7145752996e-02 1.0314249386e-02 4.8355609825e-02 -7.3271517248e-02 -3.9043686333e-02 -4.3551473007e-02 1.9711576088e-02 -4.7492359981e-02 -5.9655673880e-02 3.0360096905e-02 4.4178111690e-02 -2.5257186303e-03 -4.4415306916e-02 2.5763062905e-02 -4.1759038621e-03 -1.7603692324e-02 1.0703130816e-02 1.4188174822e-02 5.0389748110e-02 -9.9640723307e-02 2.9001032379e-02 1.5074397436e-01 4.5263860822e-02 -1.5103039127e-01 -5.6859328104e-02 6.6553933236e-02 -4.2358813492e-02 -1.6503816308e-02 5.5847909193e-02 -3.4690545606e-02 2.2015012024e-03 -7.6753116122e-02 -1.2153948709e-02 5.4279713726e-02 5.5441285725e-02 -1.1419122151e-02 3.7317499354e-02 8.2106653482e-02 -6.0090393530e-03 -6.5087612374e-03 -8.6791737860e-02 -6.1873431079e-05
1.9916457304e-02 5.9439957827e-02 -8.7267607766e-03 6.8176578054e-02 -9.6974356919e-02 -1.0494232134e-01 1.3235836998e-02 6.2459063983e-02 -2.2673579646e-02 -4.7928330711e-03 6.7358158909e-02 -7.1380316640e-02 -1.7200548101e-03 4.1222665706e-02 -6.0791154457e-04 4.0809468769e-02 -1.7068166757e-02 -3.2308826083e-02 4.3252220714e-02 -4.1371914975e-02 6.7967926294e-02 -1.3606588431e-02 -5.3386313576e-02 3.0953939686e-02 7.1980675216e-02 2.9385657993e-03 -5.4293636691e-03 -1.6113432436e-01 7.8388385712e-02 1.8066020614e-02 -5.7055671403e-03 -5.3665465405e-02 -2.6755481634e-02 1.0040414163e-02 -6.4356134006e-02 -7.5556275243e-02 4.5028516535e-02 2.7211890134e-02 -5.5044327549e-02 1.4689177118e-03 2.7887151577e-02 -6.3517777944e-03 -3.2824569295e-02 3.3020881882e-02 -3.2597739670e-02 -5.2525918861e-03 -1.5011240107e-01 1.1724851635e-01 2.6146392347e-01 4.7910001589e-02 -1.0377166705e-01 -3.4758493856e-02 3.8402716428e-02 -2.2348100625e-02 8.3130337342e-03 -4.8064124305e-02 -3.6308433165e-02 -4.8386163319e-02 -2.4560693538e-02 -8.2576946523e-02 2.2464838830e-02 3.4971825670e-02 -5.4281490702e-02 8.0742006574e-02 6.3748486365e-02 2.4159116994e-02 -1.7163617929e-02 -1.9439219932e-02 -3.0894736953e-02
1.0342516409e-02 2.9971496146e-02 -5.5050826261e-02 9.2468509762e-02 -9.3523827950e-02 -1.3864684112e-03 -3.7037347487e-02 -4.1059370018e-02 -7.2140017243e-02 -6.0556257510e-03 8.4113620860e-02 3.3725709830e-02 1.4316256713e-02 5.7094530121e-02 -2.3847228586e-02 2.2782613496e-02 -1.7291448459e-02 1.5602579982e-01 3.1431469508e-02 3.3398344937e-02 1.1337764121e-01 1.3296561401e-01 -2.4009112226e-02 -5.4233731993e-02 2.3971687200e-02 -4.7136488127e-02 2.1444915969e-02 -1.2130986425e-01 -4.5977500682e-03 2.4920994376e-02 -1.4280416642e-02 -8.6040282723e-02 -3.5339017762e-03 -4.1092954436e-02 -1.5682346224e-02 -3.4506898975e-02 2.9182805741e-02 -2.0105263335e-04 -6.8041130771e-02 3.5462143955e-02 2.4232673446e-02 1.2904846723e-02 3.3728695421e-02 3.7670264714e-02 -3.9783270143e-02 -1.6038752229e-02 -1.1389830718e-01 5.2744747993e-02 3.1292632761e-01 2.0260100982e-02 -3.5015269472e-02 -5.9749634368e-02 6.5124854474e-02 7.1278803866e-02 -1.7446332700e-02 -1.7753847939e-02 3.2589999016e-03 -1.0724038860e-01 6.5279725846e-02 -6.1755668310e-02 1.9474736868e-02 -3.2865939552e-02 -5.3450490455e-02 4.3973357563e-02 8.9003705582e-03 3.0809582451e-02 -5.0354793434e-02 8.2273708109e-02 -8.6484748220e-02
-3.6569030237e-02 -1.5444890520e-02 -9.0700691483e-02 7.3678087895e-02 -7.9122349574e-02 -3.0534322165e-02 -4.2108353389e-03 -3.5670268072e-02 -7.6001597224e-02 -4.3489657833e-02 3.9643908325e-02 6.3200082326e-02 -3.3539253067e-02 2.7256588816e-02 2.3476669843e-02 -1.8714663260e-02 3.9632964571e-02 1.3498133640e-02 2.9205817910e-02 6.9537273859e-02 4.4508475791e-02 1.3996168568e-01 -1.7490373083e-02 -4.5291620817e-02 4.9296087094e-02 -5.4710432915e-02 3.1881807271e-02 8.0472248138e-02 -5.9576441158e-02 -1.7671531184e-02 6.2973928715e-02 -3.1840110808e-02 1.5741813215e-02 -9.5164353997e-03 -3.8079388039e-02 -1.0411800788e-02 2.7208992545e-02 3.5738864892e-03 -3.8475283967e-02 -4.9443685769e-03 -5.0292504593e-02 -1.3726967643e-02 3.6429730284e-02 5.6475505034e-02 -6.8299347954e-02 6.3349594747e-03 -6.6096752751e-02 9.6602787472e-02 3.2707059317e-01 -7.0692049136e-02 7.3119145662e-03 -5.4127644373e-02 -1.5822901649e-03 3.9654762451e-02 4.3248056777e-02 1.5684441209e-01 -5.2923461111e-03 9.8748674535e-03 6.6471855279e-02 -3.5526341872e-03 4.0816805838e-02 -6.4140757095e-02 2.6104374861e-03 6.6296194866e-03 5.5985194063e-04 -5.9020395851e-03 2.2652824275e-02 1.8116189859e-01 -2.5315313542e-02
-1.9154270076e-02 7.4551648542e-02 4.1622607650e-02 8.2605778843e-02 1.0332377870e-02 -1.4796273990e-02 6.0149415267e-02 5.7932080909e-02 -5.4466857360e-03 4.1422421211e-02 7.0456253965e-02 2.9050506365e-02 8.0152422005e-02 -2.4532318054e-02 1.4564449129e-01 -2.3691670301e-02 1.0519382543e-03 -2.1674566305e-01 1.9663993666e-02 8.9712842721e-03 8.9040182283e-02 7.8277228460e-02 -1.1417212893e-01 -1.4038193222e-01 -2.3841134375e-02 -3.6660013896e-02 4.0763454714e-02 -7.8867311394e-02 -9.9535673258e-02 6.5649074824e-03 -7.6011765084e-02 4.8054712142e-02 8.2407351091e-02 -4.7276159294e-02 3.1825706217e-02 -1.3987825578e-02 -5.4537340574e-02 1.3580523693e-02 -3.8547744813e-02 -1.1288719788e-02 -1.5391934579e-02 1.7720101526e-02 1.0301128624e-01 -3.4259583667e-02 1.0175778151e-01 -1.0064957950e-01 -3.4311483680e-02 1.5174778893e-01 2.0145377596e-01 -4.6597200328e-02 2.5106188489e-01 -5.5685616978e-02 -1.3225620356e-02 -5.0871558269e-03 -1.8774733329e-02 3.3414908052e-01 2.8141294477e-03 4.1021176993e-02 8.9537137046e-02 -7.4269840926e-02 7.0030860900e-03 -1.1072525505e-01 -3.4464702399e-02 -1.2539069655e-02 9.8477959873e-03 -1.1299773092e-01 9.0523687531e-02 5.0378733866e-02 5.0545381615e-02
-1.5430290756e-02 1.4534930177e-01 -1.7401749343e-01 -6.7185516425e-02 -1.3816699173e-01 -1.3370358749e-01 -1.2502551207e-01 -1.0452587322e-01 -9.4311096641e-02 1.3771625620e-02 1.1437947482e-01 4.6400171011e-02 1.9086630718e-01 -9.9861366332e-02 -1.7278518929e-01 1.2849652699e-01 -1.0201901817e-01 -5.0551456613e-01 -9.0030201720e-03 1.1261271433e-01 1.3312363800e-01 1.0211298319e-01 -8.1698813890e-02 4.5658210804e-02 -1.9826374759e-01 1.3446909506e-01 9.5091317578e-02 3.4447276526e-01 -3.9387335457e-02 1.4559174527e-01 -1.8046350809e-02 -2.2539151113e-01 5.5995694946e-02 -2.9180556696e-01 1.0303373719e-01 8.1566559645e-02 1.4096833736e-01 -6.9726796744e-02 -2.1772204099e-02 7.8518306688e-02 1.8618741140e-02 1.5218029896e-01 -5.4716378464e-02 8.5447281829e-02 1.3014179872e-01 -2.4949548072e-01 -1.8874445030e-01 -8.5150207247e-02 2.5771289102e-01 4.6608079223e-02 -4.2973309588e-02 -2.0392497048e-01 8.6763698752e-02 -2.1770340393e-01 -1.4567148369e-01 6.2068313215e-03 -9.6494796836e-02 6.2295764885e-02 2.1752162936e-02 6.9913587667e-02 1.9401781709e-01 -7.2706410650e-02 -1.0424952178e-01 9.7678502831e-02 -7.1470179928e-02 3.4126349707e-02 -1.2352741736e-01 1.1377542147e-01 -1.6898752360e-01
-2.9504739366e-01 7.6294659667e-02 -1.3694812896e-01 -1.4247182676e-01 5.2216921160e-01 -1.9221999418e-01 3.6389438436e-01 -2.3792185033e-01 -1.9532375062e-01 -1.0831174359e-01 -1.3667366765e-01 3.5092753760e-01 -1.7032873836e-01 7.0598575246e-02 -7.6899102813e-01 -1.2270751954e-01 -4.8275304585e-01 -4.0425777591e-01 8.1004330639e-02 4.7165659598e-01 6.8801232912e-02 -1.0602022794e-01 -2.0503946697e-01 -1.2292489351e-05 -1.7034309353e-02 -5.0207359770e-02 -1.8989504868e-04 1.4483236909e-01 1.7334040961e-01 4.6109629152e-02 4.0375637637e-01 -1.4095818885e-01 1.3377080675e-01 -3.6560258365e-01 -1.8346756869e-01 5.8324730375e-02 -8.0150119224e-03 -1.1726759469e-01 -2.5191845564e-01 9.3405166814e-02 1.8778733765e-01 -2.1054934160e-01 -6.4254430710e-02 4.9034316116e-02 1.1691311879e-01 -6.1092703230e-01 4.8580484351e-02 -3.6927798477e-02 -5.3773967057e-02 -9.5286083255e-02 4.1822763875e-01 5.8128839836e-02 5.3958714720e-02 2.7430688617e-02 -1.0680322420e-01 -2.5907928603e-01 1.0433022111e-01 -3.4551268327e-02 -3.6764093485e-02 7.7861534461e-02 1.5912658066e-01 -3.6051376427e-01 2.3713293918e-01 -7.6547409318e-02 5.8755180365e-02 6.4167909694e-02 1.1611019412e-01 2.9870023362e-01 -3.0170929860e-01
-7.0659203748e-05 1.5919008285e-04 6.1896456510e-05 -1.9029511581e-05 8.0198803620e-05 -2.7899612561e-04 1.0045226401e-04 -3.5309363666e-06 -2.5428640957e-05 -6.5225612445e-05 -1.6208491893e-04 -1.1555022809e-05 -9.8821131629e-05 4.3239828613e-05 -1.7946724769e-05 -2.9384189804e-05 1.1551942252e-05 -1.0309311100e-04 -6.1218389239e-05 -3.0212949687e-05 2.2959994029e-05 -1.2627534789e-04 1.4799625360e-05 -1.1191436192e-04 -9.3064674922e-05 4.6808291061e-05 2.8475112408e-05 -7.0666428667e-05 8.3537846375e-05 -2.0290722785e-05 -5.7593027470e-05 -5.5209825083e-05 -9.9678507998e-05 7.7614809356e-05 1.5543094188e-04 -6.1489731622e-05 -3.0381611916e-05 -2.4920995810e-05 -1.4442109613e-04 1.3460197957e-04 2.9303650970e-04 3.5597735238e-05 3.6413249140e-05 -1.0624537185e-04 3.7125926652e-06 4.8706584741e-05 -4.5907621749e-05 -6.6654479930e-05 -1.5931803418e-05 9.9810655992e-05 3.3727470050e-05 2.0354823601e-04 1.1257816140e-05 -1.9680969446e-06 -1.6513612756e-04 -9.9320730266e-05 1.0430503431e-04 -9.0153914150e-05 -1.7815896226e-04 -7.4100987451e-05 -1.1984833791e-04 6.7518419300e-05 -8.2208278212e-06 -7.3166366633e-05 1.8855217089e-05 -3.9913421536e-05 -1.9613649730e-04 1.4206808354e-04 2.7038809199e-05
-1.6606219726e-01 5.2776489303e-01 7.3421075999e-03 2.0671637790e-01 3.7518460833e-01 1.9477447370e-01 5.1991500944e-01 -9.7849025207e-02 -3.4396267797e-01 -3.5897137808e-01 -1.8514861108e-01 4.8601729376e-01 2.5408448723e-01 5.9757997843e-02 1.9324568771e-01 3.4881256446e-01 -1.5993708383e-01 4.2337739669e-01 2.7644383028e-01 4.1610569095e-01 -5.0935828304e-02 2.9701529984e-01 8.9352261056e-02 1.1023531902e-01 -2.4109466050e-01 -5.2840547566e-02 4.8036964195e-02 -4.1218573409e-01 -8.5507441037e-02 -5.7079057654e-01 4.6409592452e-01 -2.4584016469e-01 3.5510514987e-01 -3.0047655282e-01 1.3097623868e-01 -2.6661559058e-01 -1.3365550015e-01 2.9181479812e-02 -1.5778517385e-01 -1.1617117877e-01 1.5637571571e-01 -1.6335797655e-01 -6.7842555207e-02 -3.0708603375e-01 -2.2208206832e-01 -8.7878490162e-02 -2.6203579790e-01 -1.8863875217e-02 -3.3866140301e-01 -1.4162484425e-03 5.4254186603e-01 -2.0035939066e-01 1.1948602797e-01 3.1092402528e-01 4.1656677360e-01 -2.9245319171e-01 1.0080236802e-02 3.3745471844e-01 2.6448041729e-01 -8.7482292373e-02 4.7541680163e-02 1.6317984196e-01 -1.1839057154e-01 -3.6811743359e-01 1.9093955423e-01 9.7604129790e-02 -2.5495831732e-01 -9.4967585061e-02 -3.3623173067e-01
-6.6803910508e-02 4.2066328650e-02 8.5587589528e-02 -2.5631893601e-02 7.5121521485e-02 -6.1077793665e-02 9.6954800070e-02 1.0173479608e-01 -1.0471341148e-01 -1.7134973367e-02 -1.8092206590e-02 8.2653009584e-02 -4.4422681727e-02 -1.4323104771e-01 -1.1530247406e-01 9.8020661795e-02 -3.1294046139e-03 -4.2498975312e-01 -7.4101143925e-02 -5.0237136520e-03 1.6963326233e-01 -9.0248104455e-03 -7.4665860045e-02 -1.0450897727e-01 -9.1396852659e-03 -8.0101415918e-02 8.1116915390e-02 2.2509437619e-02 5.8752852150e-02 -1.5083653349e-01 4.3938889965e-02 6.1815941216e-02 -8.6691705268e-02 -1.2175443981e-01 -5.6478014610e-03 -2.0378188301e-02 -1.0295749867e-01 -1.5725258590e-01 -6.4525749431e-02 2.4479566819e-02 1.1669928819e-02 -7.8067620572e-02 -1.3590461894e-01 2.8106142179e-02 6.3198749632e-02 -1.2963875211e-01 1.5671481697e-01 2.0863890642e-01 3.1565173987e-01 2.0733489377e-01 -4.7210634770e-01 -1.0414973482e-01 -1.6038836774e-02 4.3704336440e-02 1.5679915220e-01 -2.9275556325e-02 1.2017160601e-01 -1.5308416682e-02 7.3878001640e-02 -5.4537572597e-02 1.9423840571e-01 9.7939851929e-02 -1.1431857419e-02 9.1251123713e-02 -6.4371301872e-02 1.7544865015e-01 4.6253464668e-02 7.2678502221e-02 -6.9299470177e-03
5.1234355578e-02 2.2983671062e-02 8.1246117695e-02 5.8301568326e-03 1.6874812140e-01 -3.2457155015e-02 8.0015992272e-02 -2.1290198317e-02 -8.8470697640e-03 -4.5841325761e-03 -3.7357266451e-02 3.0266407761e-02 -4.9592065983e-02 -2.6076643344e-03 1.9423128379e-02 9.6793940487e-02 -5.7703849036e-02 -1.4486950760e-01 -5.4079324117e-02 -8.8463463200e-02 -1.3848203397e-02 -9.0017193931e-02 1.2641645613e-02 -3.2525137286e-03 -1.6049934372e-01 1.1723812849e-01 1.1076872450e-01 -2.5070929735e-01 3.2538962102e-02 8.5700342271e-02 -1.8062729901e-02 2.0360581035e-02 -9.6867292638e-03 9.4451738480e-02 -5.4641497584e-02 -5.5048057844e-02 -2.9060881373e-02 -1.7141336841e-02 -3.3120742189e-02 1.1466638714e-02 -3.5223025706e-02 2.8259819574e-02 -6.2139556395e-02 4.6631699434e-02 2.4644791392e-02 5.6016027500e-02 -5.0681904061e-02 1.5558432683e-01 1.0786083477e-01 4.3508912401e-02 -9.6535913056e-02 -1.4884839927e-01 2.7237558635e-02 3.5364377909e-02 2.8312982367e-02 3.0738546022e-03 -1.9422381527e-02 -5.9061325303e-02 8.6856052969e-02 -2.0113540971e-02 1.0394210116e-01 -3.8735646879e-02 -3.7998460204e-02 5.2174916078e-03 -3.1404382802e-02 4.8656892920e-02 3.2503881986e-02 -1.2109930337e-02 2.8564292439e-02
4.7271292196e-02 9.6329325666e-03 8.5404159819e-02 3.0526284156e-03 8.5765695375e-02 -3.9255667940e-03 -4.6638020493e-02 4.1713769941e-03 -1.5024785999e-02 -1.1344865937e-02 -4.3509728550e-02 1.5017243321e-02 -2.9825715211e-02 4.4249734559e-02 1.6562580857e-02 2.2997539387e-02 -4.4753212589e-02 -2.2317955583e-01 -1.2604626224e-02 -1.9745570369e-02 -5.7238214619e-02 -9.6106906881e-02 7.5249784225e-03 -2.0982950113e-02 -1.9219057146e-02 1.1549880028e-01 -9.6553394765e-03 1.5077042183e-01 4.0759248059e-02 1.1918077793e-02 -2.9245616810e-02 -3.7802212488e-02 1.8477893090e-02 3.1539975134e-02 -1.6463028984e-01 -7.9291179300e-03 7.2125886821e-03 4.5798724498e-02 -5.3792307186e-02 -6.5542979003e-02 -4.4707972677e-02 1.5655265082e-03 -3.0452166782e-02 -4.6129862279e-02 -1.4746023148e-02 2.6331995971e-03 -6.3495614753e-02 8.1478308165e-02 -3.0085698214e-02 -6.1908278163e-03 5.1146533255e-02 -1.3362698352e-01 3.7677086939e-02 -2.6494409143e-02 -5.0857996960e-02 -9.2634729519e-02 -7.4379922554e-03 -7.2328984012e-02 -2.1263305527e-02 -2.2554477913e-02 4.3428049153e-02 1.0318452640e-02 -1.5766140380e-02 4.0416222555e-02 1.7706688015e-02 5.5390149256e-02 3.6331346739e-03 -2.0137903716e-02 6.0386661418e-02
-1.7593773143e-03 -1.2691119751e-03 1.3746602638e-02 -3.2141136829e-02 -1.5057431853e-02 4.3376897105e-02 -2.3358114992e-02 -2.2316004864e-02 -5.0438637458e-02 -4.5202380783e-02 -3.0063668366e-02 -1.9423770363e-02 -6.9329213796e-03 8.1714590017e-02 4.5685696263e-02 1.6800954129e-03 -5.0909787473e-02 2.6830317292e-01 1.1881700206e-03 1.1369338702e-02 -8.7239253164e-02 6.3152445515e-02 -6.7241787570e-03 -1.8292898138e-02 -1.1122235914e-03 7.6739781736e-02 -4.9026720234e-02 2.0182387047e-01 4.5689280978e-02 -4.7085351298e-02 -4.4135234106e-02 -2.8172497894e-02 1.9020106469e-02 7.1927610999e-02 -8.0640689199e-02 -3.8981532244e-02 5.5721739814e-02 1.0258162802e-02 -1.9964420090e-02 4.7256801362e-02 -1.9138941193e-02 3.4205699554e-02 -5.1901436189e-02 2.9884656227e-02 6.2142766890e-02 5.1584049305e-02 -2.3304558330e-02 5.7411376340e-02 -1.4055543061e-02 -2.4165143149e-02 1.1201823402e-01 -6.9586235593e-02 4.0695336159e-02 -3.5538837442e-02 -3.9459974759e-02 -9.4665979694e-04 -2.2178428173e-02 -2.1760645851e-02 1.9657168474e-03 4.9096581498e-02 6.3938110523e-03 2.3189348940e-02 -3.6955937885e-02 2.2582753118e-02 -1.0211801149e-02 1.6952876646e-02 2.2604943709e-02 6.5706452879e-02 3.1609685687e-03
8.1164260365e-03 -3.3366017005e-02 6.8520006512e-03 -6.1141839046e-02 -8.4300937309e-02 4.2312350246e-03 -1.8392155086e-02 -2.3110503253e-02 8.2130717371e-03 -2.9064884910e-03 -4.1725086769e-03 -3.5250409471e-02 -2.2713796427e-02 1.9918396255e-02 9.5021135043e-02 -5.6020073802e-02 2.9528548757e-02 4.1721293852e-01 -3.0761572961e-02 8.5734611451e-02 -1.0100242910e-01 5.8858044520e-02 3.7671911132e-02 -3.9544027965e-02 8.1170134136e-02 -2.4521996135e-02 -2.0168914494e-02 8.5250998160e-02 3.3205749372e-02 -4.7494498581e-02 3.9538775237e-03 4.5097118749e-02 3.8901828747e-02 7.2901108434e-02 -6.1976002236e-02 -2.7385436142e-02 -2.5597124610e-03 -1.0350590194e-01 -1.5078791758e-02 -1.4275458283e-03 1.7084679758e-02 7.5954660483e-02 -2.4874833625e-02 2.1789724720e-02 4.9393381720e-02 9.3697276202e-02 3.4484531939e-02 1.3591019955e-02 6.6248598071e-02 -5.5243397134e-02 8.7217831574e-02 1.3633124362e-02 5.8898164745e-02 -3.4547320334e-02 4.6807297086e-02 7.1228507101e-02 -5.4265398639e-02 -1.9883402205e-02 2.4463183176e-02 2.1672604991e-02 9.8583275437e-03 3.4749370984e-02 -5.4591344722e-02 1.3405337388e-02 -1.2140146317e-01 -2.5218831024e-02 9.9571064868e-02 -1.8547733617e-03 2.9495676159e-02
-3.2261928209e-03 -4.5100600906e-02 3.2999804926e-02 -1.3921661876e-01 -1.0733620977e-01 7.8023956943e-03 1.3697602958e-02 1.7417284094e-02 9.6223826977e-03 1.0141398097e-01 -2.1855041241e-02 2.8204907755e-03 -2.4954528257e-02 -3.7456914667e-02 5.5645718288e-02 -4.8065001201e-02 2.3269587916e-02 5.6647517611e-02 -2.8051286431e-02 2.2708351162e-02 -5.5584510658e-02 -2.0866003311e-02 6.8640449917e-03 -1.8550840901e-03 1.1934381628e-01 -6.4038608186e-03 -3.5201720648e-02 -1.0785143904e-02 -1.9465700493e-02 -6.3140194893e-02 2.7656041215e-02 2.6925696975e-02 3.2762673778e-02 -4.5410265027e-02 -2.1430649215e-03 2.9327143041e-02 -5.4525141323e-02 -1.3483418407e-01 -4.2940362111e-02 5.2610852116e-02 1.2392410424e-02 1.3737417488e-02 2.6925221453e-02 4.3550561002e-02 6.3622630287e-02 7.0312462817e-02 -9.0468553911e-03 -7.7258349194e-02 6.8014146933e-02 -6.8224544390e-02 -8.2703258475e-03 4.8781471453e-02 4.3141489961e-02 -2.4212803109e-03 7.5934091451e-02 5.8686661472e-02 -3.4711003184e-02 -4.8810034363e-02 1.1525969633e-01 7.2892906046e-03 -6.0620834175e-02 1.8778242780e-02 -4.0429944091e-02 4.5139404666e-02 -1.0232382247e-01 -3.0897690802e-02 8.0485930302e-02 5.7180191098e-02 2.5001737319e-02
-5.7974095940e-02 2.3359064297e-02 7.0893424239e-02 -1.3853120386e-01 -6.7078448422e-02 -2.5995838682e-03 4.1911433790e-02 7.6205741536e-02 4.5800873679e-02 9.6461675210e-02 -8.3895677144e-03 1.3080101360e-02 -1.9512461054e-02 -9.4970748661e-02 5.9325067316e-03 -3.2460884662e-04 1.8566244659e-02 -3.9634942665e-03 -6.1973590087e-02 -1.9014090034e-02 1.0744653158e-02 -6.0757395576e-02 -5.1446754049e-02 1.2659942654e-02 1.0360414252e-01 6.9998346118e-02 -2.9831158585e-02 -1.7370004550e-02 -1.7454341341e-02 -1.2496296356e-04 7.8094222004e-02 1.5331739480e-02 3.0534347885e-02 -1.0199099829e-01 7.2961758417e-03 5.4242362215e-02 -1.6493509991e-01 -3.9833005464e-02 -5.8157321212e-03 1.0820982643e-02 3.1571247473e-02 -7.6841499219e-02 5.0088952985e-02 3.5323898982e-02 -1.0007133378e-02 5.3432815260e-02 -1.8773554301e-02 -5.2562731435e-02 3.2145707432e-03 -2.7704749488e-02 1.1824473168e-03 3.5627474223e-02 1.4188763152e-02 -1.9316974955e-02 4.7220312835e-02 -5.2651125248e-02 7.0073913740e-03 -5.7966233513e-02 1.1949143402e-01 -2.7446313934e-03 -8.6845405904e-02 5.5804311132e-03 -4.0135843068e-02 -2.4501637979e-03 -6.1425383428e-02 -5.5217160878e-02 3.6625103926e-02 -2.6144676543e-02 6.3112002735e-02
-7.0523484480e-02 4.2963379515e-02 3.2840186451e-02 -7.8184691636e-02 -1.4397993385e-02 2.0287752630e-02 2.9932701449e-02 7.0758130288e-02 1.2639104941e-02 2.5567371909e-03 1.4628381367e-02 2.2260351216e-02 -2.8853119808e-02 -4.2342800360e-02 -8.8475945391e-02 5.7147494347e-02 -2.7811699629e-02 -1.6374876766e-02 -1.9847434598e-02 -4.8323432202e-02 3.9494292520e-02 -8.1137883461e-02 -7.6757595787e-02 -1.4287883599e-02 9.2240667564e-02 1.3123477564e-01 1.1938126534e-02 -1.0096455239e-01 4.1593201912e-02 7.8241444748e-02 7.9514251507e-02 -4.0628922679e-02 7.9194223111e-02 -8.2816283146e-02 -1.5811157059e-02 9.5187568636e-03 -1.1163740789e-01 8.3108979331e-02 6.5232520656e-02 -3.3487757711e-02 3.9044312406e-02 -9.1283070859e-02 7.2834880655e-02 6.2171213734e-02 -6.3561978524e-02 1.6372399201e-02 -8.5442255054e-03 -1.9070986436e-03 -1.7562334589e-02 -5.6991993110e-03 2.4542383961e-03 -2.8921211555e-02 -3.3137769118e-02 -6.2601057682e-02 -9.8114141071e-02 -1.4515069850e-01 4.5727696389e-02 -7.8400367651e-02 1.3380585142e-01 1.0644500781e-02 -6.5528340201e-02 3.5305127774e-02 7.8877073579e-03 -2.2008322285e-03 8.6453594119e-03 -1.8263490221e-02 1.8671077703e-02 3.9788876956e-02 3.7233077945e-02
-5.3814636597e-02 8.3067337335e-02 -1.7043557538e-02 3.0085840099e-02 3.5523594711e-02 8.8572034197e-02 8.2132068807e-02 -1.9026981996e-02 3.7463355464e-02 -1.1094521944e-01 3.5660364108e-02 1.4516692187e-02 -1.5307464248e-02 -2.1310414148e-02 -3.7760651468e-02 5.3800632806e-02 -3.4369721618e-02 -2.0068254327e-02 -1.6300933484e-03 3.1634496947e-02 2.1502869397e-02 -7.2420395264e-03 1.3007219781e-02 -5.2378662667e-03 3.8712567884e-02 5.7564677049e-02 1.1575709626e-02 -7.4099403893e-02 7.1870751020e-02 1.3329106767e-01 4.1624956821e-02 -6.8987681834e-02 1.1662644524e-01 -2.1931574139e-02 -4.2838422772e-03 -6.2878501443e-02 7.1748062716e-03 1.4789369549e-01 9.4587195759e-02 -7.2439496510e-02 4.8392598291e-02 1.9195542279e-02 8.0461998291e-02 5.9721933310e-02 -6.6168643196e-02 3.2128256646e-02 1.9496335761e-02 9.4523482099e-02 -5.7092340647e-02 3.9996324165e-05 4.3723729675e-02 -1.3075750570e-01 -6.3633479722e-02 -2.2008399330e-02 -1.4343549083e-01 -7.3896139825e-02 2.8140191500e-02 -3.0023297738e-02 8.2286960596e-02 7.6665047559e-03 -5.3288335620e-02 3.2461872720e-02 1.5028067199e-02 2.7394868565e-02 -9.3705260158e-03 2.8950883458e-03 7.6310747695e-02 9.7737668391e-02 3.5277492627e-02
-2.9704434032e-02 3.8977782669e-03 -2.5436916846e-03 -8.3652812120e-02 4.8790383939e-02 1.0301333838e-01 9.3908048047e-02 -6.1037837507e-02 3.6976885053e-02 -1.0474227472e-01 5.5257213139e-02 -2.3854904476e-03 2.1583393581e-02 1.6918270273e-02 5.7915284765e-02 -2.7024941067e-02 -8.2981183450e-04 -1.1229312662e-01 -1.4140908811e-02 3.3857488151e-02 1.5794789292e-02 3.7639736468e-02 1.2019741573e-01 6.3133620906e-02 4.0371666011e-02 -4.4064918758e-02 2.1286399060e-03 -1.3630771629e-01 3.6196568490e-02 9.6485563923e-02 -4.7459200233e-03 -2.9269944665e-02 1.3223477793e-01 -1.3468640481e-02 7.1385649868e-02 -2.8482629255e-02 9.7036395303e-02 3.0768828613e-02 4.6613791785e-02 -5.8007531466e-02 9.0701269827e-02 9.6596054783e-02 3.9207127689e-02 1.1691345827e-02 -2.2015092568e-02 4.2459781978e-02 8.5744882872e-02 9.6130923332e-02 5.5097349414e-04 2.0729982011e-02 -8.2045469639e-02 -1.4424057397e-01 -5.4172598220e-02 5.1535510363e-02 -9.3061110977e-02 1.1651919273e-01 -9.7463894341e-03 1.6984049561e-03 -2.1464874022e-02 -3.2566962546e-02 2.9620130392e-02 9.1936958419e-03 4.6731163191e-02 2.7515227034e-02 -5.0022283652e-02 -6.6780024794e-02 1.0730913412e-01 4.8460642562e-02 4.2660035984e-02
1.7447738403e-02 -1.2414946093e-01 1.0551311313e-01 -8.0213362482e-02 1.1162950315e-02 1.5970633920e-02 7.0947166563e-02 -5.7215587558e-02 -1.2546343242e-02 3.4883709489e-03 7.8354576716e-02 -2.6953962081e-02 -2.7841605564e-02 4.2895711448e-02 9.4882643327e-02 -6.8149006099e-02 7.5646877461e-02 -7.4100950717e-02 -2.6023251031e-02 4.3479633347e-02 3.1656595541e-02 -4.3510843048e-02 6.7307148843e-02 1.1585336095e-01 3.3864694170e-02 -4.5774589411e-02 -2.5260543360e-02 -5.3806588142e-02 6.7843954759e-03 -3.4311708071e-02 2.8180743127e-02 2.3611111476e-02 9.5565353101e-02 -5.7297614391e-02 9.7616161511e-02 -9.8255522582e-03 9.2244204516e-02 -5.7274772472e-02 2.8025071623e-02 -2.7138020518e-02 8.5914139878e-02 5.7385434899e-02 1.5259836623e-02 7.2704066092e-03 -1.2417023219e-01 1.5736871063e-02 2.0499820314e-04 9.8605798157e-02 -1.4025646532e-02 -1.0200496333e-02 -2.2791435539e-01 -3.9923885599e-04 -5.1976120076e-02 5.1550969321e-02 -6.2573709606e-03 9.4734753962e-02 -5.4850038399e-02 4.9729008872e-02 -5.1790003420e-02 -1.2000759610e-02 1.1021645647e-01 -3.7374862696e-02 -1.0248945303e-02 1.7835764727e-02 -2.9556774558e-02 -2.3392918432e-02 5.7838580299e-02 -4.8330633084e-02 3.9813434386e-02
3.7257540897e-02 -1.0900678484e-01 1.3001134500e-01 3.1265616559e-02 4.0937168353e-02 -1.6686745760e-02 6.0025342458e-02 -2.5322336475e-02 -5.0191291635e-02 6.0074144933e-02 4.5904972391e-03 2.0322376480e-03 -5.7997294015e-02 -1.7774448300e-02 5.2978478387e-02 -8.5682198760e-02 3.2052063403e-02 -1.6480199546e-02 -3.8508366638e-02 -2.3913494452e-02 3.8558750881e-02 -5.2666861348e-02 -9.5173996906e-02 4.1970572189e-02 -5.1065418464e-03 -6.9003111561e-03 -2.4531371365e-02 7.1597128667e-02 -9.1670557868e-02 -1.0877483683e-01 2.5924898317e-02 6.4302569798e-02 9.0306178359e-02 -4.6877150846e-02 2.8298874829e-02 3.7830263972e-02 6.7947196063e-02 -1.8976158986e-02 8.8620754587e-03 -1.1738231231e-02 8.6196717854e-05 -2.8243113116e-02 2.5637483924e-02 -6.7316423458e-02 -2.0165907266e-01 -4.6082128890e-02 -5.7541181914e-02 1.0520683075e-02 -3.2694121586e-02 -3.0740093874e-02 -1.7136527332e-01 6.3378145972e-02 -5.1452384267e-02 -1.4012486669e-03 -2.7718058616e-02 -6.6498335011e-02 -4.3215585736e-02 7.1157620212e-02 -9.6178922400e-03 3.0418170472e-02 1.4790811916e-01 -5.6737668378e-02 -8.7426568797e-02 -9.0641528059e-03 2.3025713604e-03 8.4851778683e-03 -6.0902102981e-02 -3.7681517359e-03 2.9878064303e-02
5.2747968036e-02 -9.4020428635e-04 -1.0390014262e-02 5.9825369609e-02 -6.9487589205e-02 -5.5782827636e-02 -6.3273641924e-03 2.3798285170e-04 -8.1206772745e-02 -1.6936917086e-02 -4.7101689736e-02 5.1400012714e-02 7.2485070047e-03 -1.1052721834e-01 -3.8162737187e-03 -3.5483118536e-02 -2.0757981902e-02 6.2405968459e-02 -9.9064235434e-03 -6.1967765421e-02 -1.8518876529e-02 4.4030712733e-02 -1.2500377850e-01 5.3780916466e-02 4.3345104825e-02 3.9627025600e-02 -2.4683238505e-03 -1.4780892737e-01 -1.0989891704e-01 -1.0885619746e-01 -1.3979676785e-02 -7.4169877993e-03 1.1125327182e-01 6.1855294438e-02 1.6012305781e-02 1.8198559478e-02 2.9412294267e-02 1.5907662346e-02 5.4197839788e-02 -2.2740401820e-02 -1.1734452200e-01 4.9853147994e-03 -3.9937996138e-04 -7.4479492986e-02 -1.4040965335e-01 -4.6423678917e-02 -3.9974518210e-02 -1.4169050542e-02 1.6527487056e-02 -1.7021241597e-02 -1.7572536140e-02 -1.2533715002e-01 -5.4396474155e-02 -9.7844334926e-02 -4.5721070940e-02 -5.1692906120e-02 -2.2115002534e-02 9.5429417005e-02 8.2756671072e-02 6.9224263082e-02 7.6928322019e-02 -7.6241919233e-03 -2.5016662105e-02 -8.3860965471e-03 2.3454124976e-02 8.6220353474e-03 -7.6310044950e-02 8.6082198071e-02 -1.0943759009e-02
4.8693733763e-02 -4.5850377669e-04 -7.2696492999e-02 -2.5807982144e-02 -4.1832032411e-02 -8.1856697951e-02 2.9903190315e-02 8.1082006451e-02 -4.1284040143e-03 -7.7098563144e-02 -6.2874372969e-02 -1.0619342601e-02 4.7876089603e-02 -1.1819605845e-01 -2.8251077210e-02 2.0430968284e-02 6.9375932181e-03 2.7293844154e-02 -3.2356082521e-02 -1.3561231314e-01 -8.3643567366e-02 5.2546342904e-02 7.0951643716e-04 9.6635445558e-02 3.1635998497e-02 -9.0448534425e-03 -4.7867717477e-02 -2.3245796924e-01 -3.1545967934e-02 -5.6958525385e-02 2.4748285355e-03 -1.7938731719e-03 1.5614529096e-01 5.3181773366e-02 5.1933733545e-03 2.1642064019e-02 -6.9792523838e-03 -3.4934270354e-03 -3.8259184027e-03 1.7627395219e-02 -8.7842562447e-02 2.6707049244e-02 -7.2402308186e-02 -6.6562326362e-03 1.6457785125e-02 -4.4368265748e-02 3.6995047350e-02 7.8907647532e-03 4.9234337260e-02 3.6705810571e-02 5.4470319041e-02 -1.4651738454e-01 -6.9938666905e-02 -8.0690673668e-02 7.6319791217e-02 6.9611470038e-02 -1.2026959323e-02 6.4842899820e-02 5.8512905717e-02 2.1461662914e-02 1.6966427483e-02 -3.8806380689e-03 1.1171337208e-01 8.3671249323e-03 3.4956604240e-02 -8.9784793372e-02 -8.5032548919e-02 2.6466675902e-02 -9.1177573915e-03
2.8615810547e-02 -1.9711887956e-02 -1.4542790611e-02 5.5053678540e-03 -6.1552280022e-02 -7.8025463664e-02 3.1797866171e-02 1.3050489958e-01 -1.3482913264e-02 -1.0662422434e-01 -3.8313565782e-02 -6.1244155604e-02 8.3196947553e-02 -2.5446059899e-02 7.7365286259e-03 2.3998588418e-02 3.5676877628e-02 1.1151541351e-01 -2.4992909072e-02 -6.3142000040e-02 -7.7973571263e-02 -3.2805072869e-02 9.9003373890e-02 6.5959131704e-02 -7.9839374633e-02 -9.2946103649e-03 -9.9147496095e-02 -5.6093112353e-02 7.5770603560e-02 -1.7242144082e-02 1.3104932289e-02 4.7709891810e-02 9.4891676144e-02 -5.7960594165e-03 2.2089033608e-02 -1.7085688138e-02 -8.6067431849e-02 3.0223416085e-02 -1.0832125582e-01 8.0149198841e-02 -1.3823568856e-02 3.0645838271e-02 -7.4357503953e-02 4.8058834795e-02 -3.1183108168e-02 -1.9987273518e-02 1.4033762508e-02 8.2495601467e-02 2.2349560656e-02 6.2639490319e-02 1.5678398026e-02 6.6200686268e-02 -1.7489795625e-02 -2.9566955189e-03 5.3601868465e-02 2.7999350492e-02 2.2330719178e-02 -5.5210315831e-02 7.6144556005e-02 -9.2324389186e-03 5.0195251874e-02 -2.3411398876e-02 1.5149606664e-01 -1.2664024922e-02 6.2221212573e-02 -9.5268606394e-02 -6.6707401100e-02 -3.5362145885e-02 -1.0584505936e-02
2.0703647789e-02 -7.5035567851e-02 2.6839196211e-02 8.9348979919e-02 -6.7830681365e-02 -3.0529441388e-02 -5.9763098501e-02 8.6238958613e-02 -4.7444257498e-02 -1.0487090773e-01 -3.4567094242e-02 2.5612192203e-03 5.4187674659e-02 5.8732683376e-03 1.5094392822e-02 7.3243693339e-02 5.1169217113e-02 1.6358807268e-01 1.2169359743e-03 3.2283503325e-02 -1.7641630569e-02 4.7388115289e-03 7.4233155005e-02 -1.1811886476e-02 -1.3358419831e-01 2.1207368707e-02 -3.3907536082e-02 1.4679753975e-02 2.9165936880e-02 -2.8366384769e-02 2.6490350295e-02 6.4333404035e-02 1.0167548012e-02 -4.2510777361e-02 -2.3006656240e-02 -1.4257756039e-02 -9.6943746611e-02 1.4139022628e-02 -7.2902435338e-02 6.0560636929e-02 2.2451903024e-03 3.8906668171e-02 3.6299892598e-02 -5.5323429893e-02 -6.9165902516e-02 4.8053477163e-03 3.4581539510e-04 7.4325883757e-02 5.0188509162e-02 5.1167101071e-02 -4.9027049263e-02 1.9485005832e-01 -1.7266130555e-02 5.3186857662e-02 -7.0569625707e-03 -2.9269933153e-02 3.9739096623e-02 -8.4014906693e-02 4.7514194522e-02 -1.3798843475e-02 6.7105033527e-02 -4.8968060572e-02 8.6619291274e-02 -5.0227442345e-02 1.4984735407e-02 -9.4676389370e-02 -1.6511392742e-02 1.2786184792e-02 1.3009194162e-02
2.7947610019e-02 -4.4889149051e-02 5.4629979002e-02 6.7520019293e-02 -5.8325377862e-02 -3.5543911737e-02 -3.0372725772e-02 3.2195841664e-02 -5.5006527386e-02 -9.8015002786e-02 -4.1104820982e-02 5.8609551673e-02 4.3566580589e-02 -1.8337009944e-04 3.8171399503e-02 8.6284592290e-02 6.1817869372e-02 -6.8904830300e-02 1.9968355969e-03 1.2159884428e-01 -2.1690646758e-03 2.3874573033e-02 -3.7578708569e-02 5.8502368513e-03 -4.9519073722e-02 4.9556910388e-02 4.2906683846e-02 3.8047845096e-02 -6.7615935430e-02 6.8519232148e-03 -1.7582545524e-02 2.5253966846e-02 -1.0443403566e-01 -5.2291015779e-02 -2.0524713008e-02 -2.6056284850e-02 -4.6335319948e-02 -4.2528854637e-02 3.0125812524e-02 7.0715835085e-02 -8.2193620135e-03 6.1485825434e-02 9.5561515214e-02 -1.2113605543e-01 -1.4775011036e-02 2.6390167030e-02 3.4666429016e-02 -9.5731177347e-04 9.0457622194e-02 7.4687849599e-02 -1.8039019501e-02 1.3485359794e-01 -3.9869387293e-02 2.1144281546e-02 -3.8057758357e-02 -3.1601040764e-02 1.6722917931e-02 -3.8736120584e-02 2.8094279994e-02 -2.8668407391e-02 4.6562557282e-02 -2.1255385013e-02 1.7350555232e-02 -9.5838696672e-02 -5.3500185191e-02 -4.4914130159e-02 7.3606500130e-03 2.7759498969e-02 6.7970804331e-02
4.1119008261e-02 -6.6178000761e-03 6.6051974223e-02 -4.3776383335e-03 -3.5034683475e-02 -5.6347564227e-02 -1.8201687663e-02 2.5708913245e-02 4.0094126613e-04 -1.0826463009e-01 -4.1328148518e-02 8.5055456817e-02 -2.9228276882e-03 -2.7890908469e-02 2.6963091995e-02 1.2279259609e-01 3.9230759677e-02 -7.6105656022e-03 3.4430968139e-02 8.0393479349e-02 -3.9275876025e-02 -2.5781788112e-02 -8.3864416203e-02 3.7032585433e-02 6.1741596422e-02 7.7384863822e-02 6.8695916157e-02 -3.1839160952e-02 -9.5422246900e-02 9.7584508093e-03 -4.7968475945e-02 1.8326549619e-02 -1.0494408182e-01 -6.5928532235e-03 -7.3801511155e-02 -3.1260611267e-02 2.2595709646e-03 -1.9075452490e-02 1.1758399461e-01 5.3607458962e-02 -2.3068389986e-03 3.3963538007e-02 8.7358418363e-02 -1.2906237933e-01 5.5076240733e-02 -1.4502222372e-04 2.6325919523e-02 3.5565666158e-02 5.9837147354e-02 3.9219246278e-02 -1.9541396606e-02 1.6388115905e-02 -4.5686089513e-02 -5.9614479478e-02 -2.2471357751e-04 3.6144489539e-02 -2.7656793935e-02 4.7492156699e-02 -3.7285693284e-02 -1.7030026202e-02 8.2300137181e-03 1.8232702758e-02 -1.8002570587e-03 -7.2567637135e-02 -3.1126462087e-02 -7.2521005139e-02 5.1945647994e-02 -3.0185152213e-02 8.0537803135e-02
6.9229129094e-03 1.1640908523e-02 8.6514982136e-03 -4.9050680143e-02 -2.0854039544e-02 -9.3720084644e-02 -1.1037043494e-02 2.8254086183e-02 5.2004699024e-02 -4.4039848297e-02 2.4857467535e-04 2.2142440879e-02 4.2990418598e-03 2.7384002806e-02 -2.0325679512e-03 1.3511537299e-01 2.2195249658e-02 -3.1879023502e-02 6.2211993023e-02 -1.3412307675e-02 -2.9362525741e-02 -4.2592048073e-02 -8.8272977852e-02 9.0094203928e-02 1.0742547089e-01 6.9853982479e-02 2.5333159512e-02 -2.8883251425e-02 -4.6560483235e-02 3.2110463249e-02 -4.2419315115e-02 3.2243630907e-02 -9.9899908815e-02 4.5830501321e-02 -5.2963262937e-02 -5.7887169132e-02 4.3797016618e-02 -2.8160899219e-02 7.5834152198e-02 -2.2450403375e-03 1.5925504871e-02 1.9618316837e-02 -2.9696419090e-03 -1.9071084372e-02 8.3531977956e-02 -5.9040525023e-02 -5.6242926196e-02 4.1799726470e-02 9.5885839347e-02 3.5872929090e-02 -1.7211993476e-02 -1.1428997044e-02 -1.8588286618e-02 -1.1624084976e-01 1.5734977745e-02 5.9322467944e-02 -5.0860686342e-02 5.1903797686e-02 -7.9470132197e-02 -4.5415315256e-02 -9.0892287065e-03 2.0135909662e-02 1.1127345678e-02 -2.4628920105e-02 -3.6799930706e-03 -9.1402420283e-02 1.3153237257e-02 -1.0530083386e-01 6.4017415302e-02
4.4838986727e-02 2.5086731057e-02 9.0822896954e-03 -7.0450159207e-03 2.7924302621e-03 -6.0630601363e-02 -4.2929317080e-03 1.8510567911e-02 7.7330735682e-02 -3.0612975593e-02 1.4715045136e-02 -1.6551293053e-02 2.6754015235e-02 4.9215324955e-02 -3.1504434170e-02 9.8473546435e-02 -3.2047508032e-02 1.7940809667e-01 8.6071510007e-02 -4.6830396657e-02 -2.1822530577e-03 -1.3777910342e-02 -1.0046546253e-02 6.9711231808e-02 1.6755774720e-01 3.6349994870e-02 8.7280117452e-03 -3.3930541441e-02 -6.7599189515e-03 5.6750392683e-02 -6.3437669816e-02 4.3243964424e-03 -5.0293111047e-02 4.3237338807e-02 -6.7323937758e-02 -4.9731015969e-02 9.9931504903e-03 1.7236647335e-02 1.4823104988e-02 -2.9172546244e-02 7.2188264346e-02 -1.8392428583e-03 6.5504063374e-03 6.0711476857e-02 5.2108631883e-03 -6.7276335239e-02 -1.0537166196e-01 8.3300527484e-02 1.6228460677e-01 8.2796539033e-03 -1.0200590793e-01 -7.7827737107e-03 -4.0276980133e-02 -6.4645439526e-02 3.2553610579e-02 3.9468375260e-02 -4.6378076289e-02 -1.6949559710e-02 -3.1852151479e-02 -3.5931247997e-02 1.8253405834e-02 9.1162406677e-03 -1.2767668102e-02 3.9165402604e-02 1.3812679656e-02 -5.7127395753e-02 3.0964250969e-03 -1.2654423085e-01 -8.5169610800e-03
8.0115468843e-02 -3.9514851983e-02 -2.7926444958e-02 7.2236397544e-02 -5.9308662291e-02 -3.5102362881e-02 -5.7253278377e-02 3.3257144113e-02 4.6516530037e-02 5.4918714300e-02 7.4488703319e-03 -6.6640932639e-02 2.2323878879e-02 1.7358865290e-02 -2.1526856859e-03 2.2595647489e-02 -3.1101178815e-02 1.4641590785e-01 9.0792062322e-02 -1.6170131255e-02 2.5359081283e-02 5.6636576334e-03 -3.7740382051e-02 -4.0549320327e-03 9.3379761966e-02 1.8001171514e-03 1.6632100057e-02 -1.8955059774e-02 3.2139103407e-02 2.4699863301e-02 -5.7914268615e-03 4.5122926472e-02 -2.7760612403e-02 2.9536281503e-02 -3.4379591272e-02 -3.2811535646e-02 3.3644595171e-02 4.4721052424e-02 -3.1223023398e-02 -2.0155019266e-02 4.8253943663e-02 -1.2159008783e-02 3.4794572880e-02 6.9844537382e-02 -5.3821138463e-02 -8.3850894316e-02 -1.7075935673e-01 7.2154750816e-02 2.5039540303e-01 -1.4715183739e-02 -4.1244355834e-02 -1.2291069066e-02 -9.5866395779e-03 4.7450791683e-03 -8.7985541959e-03 -2.0813938939e-02 -5.5111165549e-02 -2.5119778564e-02 -3.3589173375e-02 -3.0526943168e-02 6.4630093349e-03 -5.6983068350e-03 -3.9408347045e-02 9.8650257354e-03 6.2238175373e-02 3.8225148419e-03 -3.6718189085e-02 -3.2586638654e-02 -8.1869538352e-02
3.8303229458e-02 -1.8411222768e-02 -1.7329613641e-02 4.4435713200e-02 -3.9092273262e-03 -2.7598988116e-02 -1.1232767877e-01 -2.1613892997e-02 3.2807144484e-02 6.9679442158e-02 -7.2639399945e-03 3.3827817968e-02 -1.8699807119e-02 6.3614221210e-02 -7.8359850978e-03 -3.6647132947e-03 -5.9846632489e-02 -2.2784821782e-02 2.6821232245e-02 -2.1183170973e-02 2.8749019503e-02 7.0564279145e-02 3.5487246221e-02 -8.3511358356e-02 3.6395713691e-02 5.3339503753e-03 4.4500507190e-02 -1.8211957819e-01 6.3633796588e-02 -3.0619903200e-02 -1.1293346348e-02 3.0941773244e-03 3.5624605677e-02 2.4742805554e-02 -3.2695463972e-02 -2.1387469306e-02 -4.7352297487e-02 6.3437365220e-03 -6.3858911548e-03 2.4008000888e-02 3.3754234102e-02 -2.1644412951e-02 -4.4231262660e-02 6.5344750357e-02 -3.2613491879e-02 -8.9066050860e-02 -1.3650172419e-01 8.8382880076e-02 2.2656157081e-01 -1.8917564781e-02 4.7558306173e-03 -2.2605528876e-02 -9.5442663429e-03 -2.8701119387e-02 -3.0210795799e-02 -1.9467891294e-02 3.4739787930e-02 -5.7069270697e-02 -3.2453942267e-02 5.5219990575e-02 -2.3310539394e-02 -2.7868011795e-03 5.7716694031e-03 5.8863149986e-02 2.9839514503e-02 -4.2419012271e-02 4.0117315101e-02 2.6503997135e-02 -8.6618946068e-03
-4.0607362802e-02 3.0212764573e-02 -8.4220211770e-02 1.0360685498e-01 -4.8998768952e-02 8.0869475488e-02 -5.0212853377e-02 5.6302450774e-03 -1.4091555468e-02 -4.2913702607e-02 1.2750885073e-02 7.4632009796e-02 -6.2122894529e-03 -2.5063153584e-02 6.8415441821e-02 -4.1664121785e-02 -4.4763212317e-02 -8.6453729187e-02 9.0892887091e-04 -1.4823117133e-02 1.6538453327e-02 1.0946443270e-01 4.0591692759e-02 -1.1103610069e-01 -1.1695596066e-02 2.5488291955e-02 3.8499262526e-02 1.4687545856e-01 -3.7526533341e-02 3.1338292723e-02 -3.4867648664e-02 -1.0430935448e-02 3.8575439577e-02 -2.4009189568e-02 -3.3053606560e-02 -5.9495926505e-02 2.7413194942e-02 -2.7168834514e-02 -5.3403964829e-02 -1.1943622887e-02 3.2211185625e-02 5.6059811611e-02 -6.6966495146e-02 -9.6640399490e-03 -3.4639892935e-02 -9.5755531500e-02 -3.5748887870e-02 -1.7690931665e-03 2.8505114930e-01 -6.3269750730e-03 1.1626235469e-01 -3.4732936504e-02 1.0908514189e-02 4.5059043130e-02 -2.7654547071e-02 8.8797999527e-02 4.5751562032e-03 5.1769634853e-02 6.9996691039e-02 4.3960755741e-03 1.2371827909e-02 3.6690735103e-02 -2.9984258746e-03 -4.8229144516e-02 -1.0120876393e-02 -7.6627138294e-02 5.2690349686e-02 1.3534621910e-03 -2.5753401585e-02
-9.8493089704e-02 7.8295954853e-02 -1.7890333916e-01 1.4836449645e-01 -1.2971170856e-01 8.3745433001e-02 7.6914691368e-02 -3.4935223597e-02 -7.8161452872e-03 4.9007709648e-02 6.1220483009e-02 1.0110377772e-01 4.3138473369e-02 -1.2702679530e-01 9.1715121356e-03 -2.3143427079e-02 1.0675815575e-03 -2.1033537600e-01 1.3401220087e-01 5.6675517907e-02 -6.2079224815e-02 -3.1597730260e-02 1.0395166930e-01 6.5172025601e-02 1.5926851052e-01 3.3010385862e-02 7.6030444629e-02 1.2931148324e-02 -9.6445527312e-02 4.3856509592e-02 3.4562535774e-02 2.7526627342e-02 1.2497849347e-01 -7.4033101235e-02 5.0516196285e-02 -2.2893518252e-02 2.3465535679e-02 -1.3458406708e-01 -3.6718109056e-02 -1.0538697313e-01 6.9134931215e-02 -8.9229204303e-02 -7.4028442154e-02 1.0270647896e-02 1.3393101850e-01 -1.1230541693e-02 -6.9717235660e-02 -3.4824746177e-02 2.1315145189e-01 -9.2506239600e-02 5.8143377168e-02 -1.0336998423e-01 5.2483632911e-02 5.0134698947e-02 -5.9006579415e-02 1.2437510468e-01 -7.0600848041e-04 4.1671226193e-03 6.9782805045e-02 -4.1454291941e-02 -1.0066373752e-01 -1.5629983649e-02 -3.7184061137e-02 2.4034429678e-03 -9.5820461173e-02 -1.4452136488e-01 -5.9139981183e-03 4.7732955696e-03 -6.3134133304e-03
-5.6206595946e-02 -1.2197164399e-01 1.0140429272e-01 3.8381809262e-02 -1.8416374943e-01 2.3386947317e-02 9.8509486028e-02 1.3501621693e-01 7.4448790478e-02 -7.0176664760e-02 2.0720111026e-02 3.2966012007e-02 -1.4455077749e-02 -8.6575608175e-03 -2.5590951591e-02 -1.5351249868e-02 5.9856531833e-03 3.0607966329e-01 -2.0199858715e-02 -4.8778122517e-02 5.5065207705e-02 -6.6029149609e-02 9.1398530908e-02 -1.5336307138e-01 -8.8129283657e-02 1.5130810996e-01 8.8159307772e-02 -4.3116595984e-02 -1.9986214375e-01 9.8312368645e-02 -1.4228392068e-01 1.4156581500e-01 9.4739493865e-02 -1.7361281184e-01 -6.3406266087e-02 -1.1112026299e-01 -5.8063287487e-02 -2.9486781846e-03 4.2203252954e-02 -7.4086581560e-02 -4.7117487483e-02 1.2896429792e-01 -2.2248643512e-01 -8.6559974168e-02 1.5857748283e-01 -9.7171686839e-02 -3.5417234466e-01 -2.6041485798e-01 2.4773989147e-01 -6.3774671459e-02 -1.5759426172e-01 -1.3582443398e-01 -6.0144944542e-02 5.9076942843e-02 5.3325856546e-02 -1.8880096641e-01 5.4094315336e-02 2.1947464144e-02 -2.2448239703e-02 -2.2346325084e-02 -9.4310883366e-02 -2.0861729115e-01 1.2324228837e-01 9.8144763695e-02 -1.0071589316e-01 -1.0211532078e-01 7.5059586477e-02 -6.7113058553e-02 4.8414844104e-02
-1.9634552200e-01 -2.7235085181e-02 -7.7937520547e-02 -1.8336178548e-01 4.5519147930e-01 -1.3216597047e-01 3.1982718995e-01 -2.2199135244e-01 -1.3648434387e-01 -6.1707800205e-02 -5.7255666474e-02 2.8746627872e-01 -2.0079182224e-01 -7.8263937569e-03 -6.9536581607e-01 -8.6020595187e-02 -6.8142334034e-01 -4.0018342238e-01 1.9069216808e-01 3.3225034848e-01 6.0990963467e-02 -1.0395099466e-01 -1.6695314011e-01 -4.7215759312e-02 -4.1678753908e-02 -5.8427133767e-02 -6.1023369599e-02 1.3631765059e-01 1.0560308787e-01 -6.0629184552e-02 6.4935217491e-01 -1.3491020856e-01 1.0683554662e-01 -3.6936462419e-01 -1.7671747699e-01 1.5232354042e-02 3.5278562807e-02 -9.6627836348e-02 -2.7649531077e-01 9.0048238933e-02 3.4696021777e-01 -1.4594281987e-01 8.5957680677e-03 1.3259587553e-01 1.4313895415e-01 -6.0647308205e-01 -5.4989792075e-02 -1.9546677200e-02 -4.1235520258e-02 -1.3123586656e-01 4.0870031612e-01 4.0393658251e-02 -1.2881944316e-02 9.2342813965e-03 -1.6722324808e-01 -2.5957076681e-01 4.3927917656e-02 -3.8846021936e-02 -1.0345165353e-01 -9.8044051921e-03 5.8344673204e-02 -3.7523882179e-01 1.6967095752e-01 -8.2126492663e-03 8.4172876489e-02 4.3044611515e-02 3.7622379697e-01 2.4708740976e-01 -3.2586047415e-01
6.0555989071e-05 -5.8400515096e-05 5.1915102197e-06 -7.2234355109e-05 -7.6321055720e-06 4.5305276151e-05 3.1926166457e-06 -1.4034094915e-05 1.7326755958e-04 6.7992316398e-05 1.0353048987e-04 -3.0582765786e-05 1.0324252450e-04 -9.4534150319e-05 -4.8493803315e-05 2.1315698139e-05 1.0256985988e-04 5.0137911667e-05 2.8790775637e-05 8.6496538264e-05 5.2175120202e-05 8.9699614223e-05 1.6914131098e-04 -3.9257850700e-05 -1.0278608390e-04 9.4041922309e-05 8.9017134024e-06 -3.0667092039e-05 -5.4507637868e-06 4.1346886081e-05 8.1554478596e-06 3.7317654720e-05 -7.3897616578e-06 9.8725364913e-05 -3.2935942589e-05 -4.9424069613e-05 -1.3976744435e-04 4.8957227973e-05 9.9094945359e-05 3.9328439776e-05 -1.5825090765e-06 1.3149391642e-04 1.6378181525e-04 2.6645852823e-05 4.8112660071e-05 1.0398241548e-04 -7.2741868884e-05 1.6377525588e-05 -4.7374156752e-05 6.6309250827e-06 7.6083041187e-05 -2.3101874021e-05 -1.2390032516e-04 3.1768236960e-05 1.8709738862e-04 -4.9575071605e-05 1.7141262758e-04 1.9742572129e-04 -2.2544327158e-05 -5.3186153530e-05 1.3963586962e-04 -1.5748835906e-04 4.5447833575e-05 -5.4717231348e-05 6.1376729984e-05 -6.8175848185e-05 2.9147086506e-05 8.2858321598e-06 -3.3758670585e-05
-1.2079620961e-01 4.4130972204e-01 3.3743641328e-01 1.1822442672e-01 1.5699370438e-01 -7.9608733183e-02 -7.2413251755e-02 -2.8169702244e-01 1.6681835670e-01 -4.7590442953e-02 1.6585127179e-01 5.6105568456e-03 -2.0510863987e-01 -6.0478990711e-03 -2.6145658617e-02 -3.8590928628e-01 1.5188144910e-01 1.5785861385e-02 -1.0840936088e-01 -1.9572652695e-01 1.2119063018e-01 -2.3468197351e-01 -4.4941073912e-02 -4.4610202723e-01 -3.1871550761e-01 -1.2537595519e-01 -9.8468183865e-02 -2.7767505077e-01 1.5152599148e-01 3.8727430154e-01 9.1997717972e-02 -1.5093187341e-01 -4.3932445952e-01 -6.7935503846e-02 3.8645008130e-02 5.1121345601e-01 -2.0916429443e-01 -2.4829470603e-01 1.6914120963e-01 3.1676450207e-01 -1.4112135463e-01 2.8069794196e-01 -4.1508072501e-01 -2.8936061541e-01 -4.8414148563e-02 -4.5164400986e-01 3.0723340741e-01 -2.4289951490e-01 2.2172688495e-01 -7.4562127741e-05 5.3671154208e-02 3.7310948865e-02 -1.0296135609e-01 1.0418431408e-01 8.2758379175e-02 2.4288274207e-01 9.3458780720e-02 6.6774514528e-02 1.3103517269e-01 1.4984453214e-01 3.6115852433e-01 1.0753636615e-01 -8.9992912277e-02 -2.7789234863e-01 -4.3040142192e-01 3.0825390081e-01 -4.2724890931e-01 -1.3799135626e-01 6.7443922411e-03
3.5766027772e-02 1.0720789024e-01 -1.1906982505e-01 2.1399749923e-02 -3.9865273549e-02 -2.3040466649e-04 4.2894508908e-02 -1.8598695700e-01 -5.2470313095e-02 -1.4711810073e-01 7.7649998825e-02 1.9905044603e-03 4.9276683354e-02 -1.6389480994e-02 -8.4930000247e-02 3.7905396075e-02 -2.7387622673e-02 -2.8967876780e-01 -1.7188587362e-01 1.0766435409e-01 6.4029668958e-02 -6.8464243567e-02 1.4224415645e-01 -9.8400025088e-02 -1.7243253326e-01 -5.3792290152e-02 1.9335224153e-01 -9.7346299471e-03 6.7969443110e-02 -1.2211765320e-01 1.4077282758e-01 -9.1369387015e-02 3.1062518616e-02 -6.9550266146e-02 -1.3452419995e-01 5.9824916816e-02 1.1094987321e-01 -6.9669308882e-02 9.7949270608e-02 -7.1752053737e-03 -1.5094957736e-01 -1.5637577688e-01 -8.5790067685e-02 6.5620255303e-02 1.2896648562e-01 1.7302920201e-02 8.7948664657e-03 1.1015307734e-01 4.6060982691e-02 1.2138246741e-01 -4.0704151113e-01 -8.3754548600e-02 6.4111476421e-02 1.3588022337e-02 -1.4171107028e-02 1.2597578636e-01 9.7494586789e-02 -1.6587853799e-01 9.0901606537e-02 -4.8196778997e-02 1.2493704411e-01 7.8615427588e-02 1.1706563270e-01 -1.4547966695e-01 1.1145632816e-03 -2.5178905010e-02 -8.9337962416e-02 1.7336745558e-01 -3.5616167961e-03
5.2039456689e-02 7.2930598984e-02 7.5741978270e-02 -5.8467400002e-02 1.1784604472e-01 4.8701720161e-03 5.4196533427e-02 5.8714701857e-02 3.2655337148e-02 5.6696874035e-02 4.6964524941e-03 1.0260307815e-01 -4.2908347535e-02 -1.1262605256e-01 -2.0768742828e-02 2.6269638684e-02 -1.3295644434e-01 2.8761702283e-01 -3.8186518310e-02 -7.0556121422e-03 3.4472047578e-03 -1.0621892266e-01 -6.9230991564e-02 -2.5976485360e-02 -1.5188636931e-01 1.7751647224e-01 1.5841116029e-02 -1.7674658578e-01 1.2697199009e-02 4.0706451583e-02 -3.2141496558e-02 3.2040446340e-02 2.9245033065e-04 -5.1424327567e-02 -6.1915019764e-02 -4.9389537902e-02 -1.2313708902e-02 5.3191600137e-02 -1.9603375514e-02 9.4125411297e-02 1.4290811100e-02 1.8565051924e-02 -3.2034425302e-02 6.3971614195e-02 -2.8438889888e-02 -3.5625888871e-03 -2.1438029735e-02 1.5360015694e-01 1.1246670976e-01 6.1911288552e-02 -2.3353920054e-01 -6.7085921106e-02 -2.0188533136e-02 8.4126783338e-02 3.2908856503e-02 -1.9320815242e-02 1.0163318447e-02 8.3023130443e-03 9.1467528871e-02 3.6785935235e-02 1.2142566016e-02 4.9552170427e-02 -5.3885421339e-03 2.7201183977e-02 -2.8859439533e-02 2.2980745195e-01 -1.1975979432e-02 -1.1371904063e-02 -3.4860755522e-02
-1.0750239590e-02 4.2342864453e-02 4.3335171996e-02 -4.8387232260e-02 3.6622830813e-02 -1.0726507711e-03 -9.6934313692e-02 -2.9391318534e-02 -4.1009066969e-02 -5.3873810396e-02 7.2287179352e-03 5.1978256471e-03 -3.2586579682e-02 4.6418378788e-03 2.5556858311e-02 4.3834947972e-02 -5.7624202104e-02 -2.0650328766e-02 1.9261346680e-02 -3.1685772284e-02 -5.5210842398e-02 -6.4367574398e-04 2.8014588133e-02 -5.1509765918e-02 -1.0329761073e-01 1.6183946043e-01 1.3568146952e-02 3.1647542620e-02 4.8420846139e-02 -1.5030971980e-02 -3.1421564556e-03 5.1768086494e-03 4.3679747908e-03 4.3505432204e-02 -1.0442220426e-01 -7.1181314260e-02 1.2084262371e-02 6.8409761678e-02 4.1628951758e-03 4.8822807792e-02 1.5691372657e-02 -5.3863395237e-03 -5.1310463338e-02 2.1091976783e-02 3.4844936722e-02 1.5978822962e-02 -2.3119077153e-03 1.6459877709e-01 5.1737137325e-03 5.3871358880e-02 -4.0707430846e-02 -1.0477590734e-01 -3.1270693026e-03 9.4852688532e-03 -2.5961236718e-02 -4.8190315386e-02 -1.2915297103e-02 -1.1009150014e-03 -8.2440863377e-04 -3.3399689158e-02 8.8565899626e-02 1.8726490520e-02 -1.2501518260e-02 -4.9313054322e-03 -3.6485580883e-02 2.6265397970e-02 7.4531971195e-03 4.3705057912e-03 -1.1834672961e-02
-6.6383946218e-03 1.7086557948e-02 5.7618907373e-03 -1.0903286027e-02 -1.1995436436e-01 -4.4971907996e-03 -6.2835269689e-02 -7.1694342107e-02 -1.8636946181e-02 -6.9042726442e-02 -3.8435515209e-02 -1.0380048113e-02 -3.5972866567e-03 3.8036703318e-02 3.6718836009e-02 1.6381169887e-02 -6.3805973655e-02 -2.1214086813e-01 2.0016381758e-02 6.2861434437e-02 -6.7181468420e-02 2.8230678623e-02 -7.1768019284e-03 -1.2159918732e-02 -1.3570128138e-03 8.4141100844e-02 2.9935485280e-02 1.0256034460e-01 8.2896781432e-02 -1.2739884898e-02 -1.2821552483e-02 -2.6213466095e-02 8.0533671384e-03 1.0484935555e-01 -1.0598979853e-01 -1.1555353664e-02 5.3402087320e-02 4.3921848984e-02 2.7405522843e-02 1.7312513028e-02 1.0978648972e-02 -7.7221768461e-03 -5.2530917869e-02 3.6606955712e-02 8.4664209220e-02 9.4742053616e-04 4.4524501441e-02 1.8899521462e-01 -7.9341375245e-02 -1.1314549278e-02 6.1923177212e-02 -6.7867912922e-02 3.1667431856e-02 -1.7089788456e-02 -2.2551383169e-02 -1.1460832818e-02 -3.1785703630e-02 -2.2436044598e-02 -1.2036665590e-02 3.7439554836e-02 4.1403823054e-02 4.9884184002e-02 -4.4121076792e-02 -4.1812753138e-03 -2.3653600592e-02 -2.6135890199e-02 8.9105377809e-03 5.2851251161e-02 6.5463256553e-03
-3.1606496782e-02 -3.8086486582e-02 1.1614337564e-03 -9.6583921694e-02 -1.0939550585e-01 -3.0284857857e-02 -2.3931580187e-02 -6.4476829477e-02 -5.1698372033e-02 -3.4156943812e-02 -6.7430161533e-02 -3.1401553361e-02 -1.5288253436e-03 -9.1600103410e-03 4.5878999432e-02 1.4357192113e-03 4.5244818298e-03 8.8744236932e-02 -1.0775500476e-02 5.7742045849e-02 -1.2550143117e-01 5.5803803893e-02 1.9798042446e-02 2.1050240477e-02 2.7015437967e-02 7.6240591452e-02 5.3909399802e-02 5.9777582896e-02 8.1055028601e-02 -2.2430450687e-02 -1.1103003016e-02 -1.7445934009e-02 4.5505331335e-03 3.8087745709e-02 -1.6424523676e-02 -3.0295009197e-02 5.3789619835e-02 -4.4383158251e-03 -3.1489763375e-03 3.5533763368e-02 1.2823870339e-02 2.3685464006e-04 -3.5256302334e-02 9.5557417463e-02 1.0201975598e-01 8.2236881402e-02 2.3568233360e-02 9.0194924487e-02 -8.0104570806e-02 -6.2451935950e-02 4.8217206715e-02 -1.0402862223e-01 4.9054750158e-02 -1.5300487564e-02 5.6258316583e-02 7.4697479321e-02 -5.5790463297e-02 -7.9642469654e-02 2.9683645845e-02 9.9320767251e-03 3.9939583849e-02 -1.9188436629e-02 -1.0816758849e-01 -3.4302206191e-03 -8.2669796706e-02 -6.7797252808e-02 3.3549781974e-02 6.6357796670e-02 1.7097637804e-02
-1.5843877261e-02 -4.2459872473e-02 4.1440428668e-02 -7.2315576847e-02 -8.1926267371e-02 -4.8647648785e-02 4.2461565140e-02 -5.2423636591e-03 -2.1411890104e-02 6.2608769878e-02 -2.0252227631e-02 -3.5536877877e-02 -3.9724908425e-02 -2.4486782056e-02 2.4233099845e-02 2.3029068303e-02 1.2188326754e-02 9.7492049238e-02 -3.4862864792e-02 2.8130909698e-02 -6.1876597227e-02 5.6460704500e-02 -1.8611396369e-02 1.9923168082e-02 1.8483909752e-02 6.9532251674e-02 5.9473171163e-02 1.6434482376e-01 3.4155981426e-02 1.0973989939e-02 1.4542564038e-02 2.1235441327e-02 4.8229200566e-03 -7.4621150434e-02 9.5844173137e-03 2.7310248668e-02 1.0280736849e-02 -6.2189956721e-02 -3.4918379749e-04 1.5775435777e-02 2.5433203460e-03 -6.8088069396e-02 -3.6916047004e-02 8.5534812133e-02 6.1552307655e-02 9.8516525331e-02 -3.8967721534e-02 -1.8239007331e-02 -5.3517640521e-02 -7.8008278549e-02 -2.9694859847e-02 4.3643054217e-02 9.0469983758e-03 -7.0499136046e-03 1.0149276626e-01 1.2899717851e-01 -6.2346413944e-02 -8.4024786649e-02 1.1913449618e-01 -2.6807475931e-02 -2.6777760704e-02 -2.3628361631e-02 -1.2876145719e-01 -8.1598787938e-03 -1.4890362997e-01 -6.7563562171e-02 -5.6797215168e-03 2.5475997815e-02 2.1950192356e-02
-2.9375734715e-02 -1.2809704622e-02 1.3923393209e-02 -2.4431364230e-02 -2.4812642808e-02 -6.3340550784e-02 7.1339121797e-02 6.6980461310e-02 5.3238521262e-03 8.0079402238e-02 -5.3825672913e-04 -1.3656817637e-02 -7.0230426586e-02 -3.9997134533e-02 -3.5808645419e-02 3.2897091474e-02 7.9351761844e-03 3.3077392309e-01 -2.4334259890e-02 2.0802866562e-02 -1.8645201235e-02 1.0987657513e-02 -2.4515765566e-02 3.9310732182e-02 -4.4909854996e-02 7.1761291461e-02 6.9279007958e-02 1.1210379786e-01 -5.3983350859e-03 4.8547785472e-02 6.8152255590e-02 1.4392854491e-02 2.2904206998e-04 -8.8716056674e-02 5.2949679008e-02 6.2853633338e-02 -1.2569973111e-01 -6.5920836250e-02 3.9718930993e-02 -5.2264274909e-02 5.0072290520e-03 -1.3956082004e-01 3.2688861296e-02 6.7829047949e-02 -8.4367712221e-02 6.1917515719e-02 -6.7443615636e-02 -6.9258147246e-02 -7.6267582211e-02 -4.8870191495e-02 -4.4113840016e-02 5.8031468910e-02 -5.3102369355e-02 -5.5519114622e-02 5.2560543705e-02 1.0185215436e-01 -3.6304201632e-03 -1.2129211909e-01 1.5223796588e-01 -3.4095977959e-02 -8.4290351170e-02 2.9416470238e-02 -1.1057000606e-01 1.0410978719e-02 -6.1299525988e-02 -3.2158716118e-02 -2.6766442631e-02 -1.6315352364e-02 3.3360117066e-03
-1.2566090748e-02 3.9114271169e-02 -5.5425649440e-02 1.1492723878e-01 8.7163870572e-02 1.9333629782e-02 5.2396618180e-02 6.1272759168e-02 -1.0275992645e-02 2.3956940212e-02 6.0002702481e-02 5.3953428474e-03 -9.2619712461e-02 -1.0360197709e-02 -6.3226584397e-02 6.2337579432e-02 -5.8792259204e-03 2.2063934409e-01 9.9034946811e-03 3.1455364569e-02 -1.5405414750e-02 2.3807168903e-05 2.6266942657e-03 -3.3260913340e-03 -7.7696268803e-02 1.2285227267e-01 5.3225191698e-02 -1.6095521682e-02 2.0230944201e-03 5.7222097437e-02 4.3791175772e-02 3.5050850848e-04 3.1032989782e-02 -8.1092983726e-02 2.8744406118e-02 8.1459513577e-03 -8.7726133564e-02 -5.5910732396e-03 6.2818265593e-02 -1.0753351756e-01 1.9842764376e-02 -8.8556857305e-02 3.7456677485e-02 2.7569690813e-02 -1.1176516003e-01 2.4090113036e-02 -3.6644893727e-02 2.2909032591e-02 -9.2787230623e-02 2.5276361851e-02 -4.5834178523e-03 -1.6230682212e-02 -1.2713512051e-01 -8.0136462789e-02 -4.8250877159e-02 1.1940224871e-02 4.4100440328e-02 -5.5272992166e-02 1.1210614723e-01 -2.4107048738e-02 -9.9539131147e-02 1.8939108716e-02 -1.1526923729e-02 2.1969460356e-02 3.2932942467e-02 2.3809399875e-02 -2.5277529901e-02 7.1046404208e-03 3.7686747809e-02
-1.8020028063e-02 2.5498093395e-02 -1.2186466436e-01 8.7576143607e-02 7.4976548193e-02 9.1456018955e-02 1.9543902565e-02 1.1321894690e-02 -5.3488077545e-02 -7.9054878631e-02 7.8185272884e-02 1.1043180472e-02 -6.7905480560e-02 1.9985615912e-03 -1.2072453633e-02 2.1867702446e-02 -1.2117952737e-02 -1.9667801163e-02 2.9041306719e-02 9.7071604449e-02 -5.2459289646e-02 7.3541842066e-02 8.6116775745e-02 8.9629897015e-03 -2.8662163422e-02 9.3775424343e-02 6.4060008683e-02 -1.1594948591e-01 1.1813603216e-02 4.8913688224e-02 6.6964437638e-02 -5.9913843914e-03 7.3949201193e-02 -2.4380143254e-02 6.1679610727e-02 -3.1662267561e-02 -4.5102391656e-02 1.9629102259e-02 9.2459882349e-02 -5.9344591813e-02 6.7158445742e-02 2.7382535242e-02 4.6808731530e-02 2.4607271831e-02 -5.9339280544e-02 8.3358974918e-03 7.0532535859e-02 -3.6412996255e-02 -5.4315085581e-02 5.4178540518e-02 1.6353454189e-02 -1.1087304203e-01 -1.2582247540e-01 -2.9568711921e-02 -8.9132620761e-02 5.9431595750e-02 7.6796734870e-02 -3.0211652838e-02 -2.0564257143e-02 1.6959483447e-02 -9.7599529787e-02 5.9302453396e-02 4.0896818704e-02 7.9146339722e-02 8.1201864518e-02 1.0491721120e-02 3.3360123101e-02 3.8556632768e-02 3.1548373719e-02
-1.7201526738e-02 -6.1663268729e-02 -2.2871984272e-02 4.9010204448e-02 3.6509984344e-02 1.1232290197e-01 2.0553742633e-02 -7.1732476971e-02 -2.1773654901e-02 -7.9372480069e-02 7.7399795711e-02 -1.6505269084e-02 -7.8114997812e-02 1.2760214892e-02 4.3255328983e-02 -5.7468694321e-02 3.4842029150e-02 6.3174716889e-03 1.3199324126e-02 5.1186512670e-02 -8.9015689006e-02 2.0315894609e-02 1.0867571522e-01 2.9409587648e-02 1.0770588823e-01 3.6608081496e-02 -7.4656166202e-03 4.8651992965e-02 4.5457112954e-02 1.2274397785e-02 6.7862768695e-02 2.2095177829e-02 7.2650603157e-02 -1.9652936389e-02 4.6641735210e-02 -7.3110008627e-02 3.9946657461e-03 -1.9360383709e-02 2.9227733563e-02 8.6079362359e-03 1.0482949219e-01 8.8377425324e-02 2.0770013088e-02 2.8868766920e-02 6.7686428590e-02 2.8376986832e-03 1.1084079184e-01 1.8978633191e-02 -1.6189527664e-02 3.8355116167e-02 -4.1402032962e-02 -1.0401790792e-01 -6.6488869184e-02 3.2685547918e-02 -3.8850196151e-02 1.3148384328e-01 5.9625583920e-03 1.8507373014e-02 -1.2912293306e-01 5.1731858353e-02 1.9051386170e-02 2.2160956995e-02 3.0927067658e-03 9.5769467450e-02 1.0178404988e-01 -6.3270302770e-02 5.7294265820e-02 2.3213755371e-02 4.4613584732e-02
2.1238622282e-02 -8.7927558200e-02 1.0236905082e-01 9.7673760170e-02 2.3067118003e-02 1.7759691011e-02 7.1987709947e-02 -8.2786799910e-02 -4.6958053904e-03 2.7421069271e-03 6.0864901057e-02 7.4306315092e-03 -1.3189430025e-02 -2.3262717533e-02 2.3174685649e-02 -9.3008726447e-02 5.9777644069e-02 8.2367464032e-02 -1.2032989420e-02 -1.5235411674e-02 -3.9660578185e-02 -8.8670379314e-02 -2.8788479077e-04 5.4886754960e-02 1.2601553427e-01 2.4968778215e-02 -3.1372477215e-02 2.0855907014e-01 1.7100888131e-02 -5.3235637268e-02 8.9384642744e-02 3.5417095434e-02 7.5200842445e-03 -4.1894248235e-02 9.4393935541e-02 -7.1066654668e-02 -5.7075435775e-03 -3.6845303620e-02 -3.2383277393e-02 -2.6696483798e-02 7.0001114001e-02 7.5787973704e-02 3.4599195704e-02 3.7097369125e-02 -1.9977457154e-02 -7.0991643736e-02 2.5170453085e-02 4.9113771152e-02 -3.6599496870e-02 -1.3093610465e-02 -1.6543344555e-01 3.0358462584e-02 -1.7139772373e-02 8.9488857457e-02 -1.8269036261e-02 1.4169775360e-01 -6.7651496526e-04 2.6612694240e-02 -1.1022874797e-01 4.0020538279e-02 7.9732116527e-02 -5.4383854338e-02 -9.8753157567e-02 5.3419587715e-02 5.1863390286e-02 -7.5186933193e-02 3.9733852073e-02 -6.4880747678e-02 2.9218932659e-02
1.4913641582e-02 -5.1580355097e-02 1.0492477486e-01 1.7252221433e-01 1.7123181645e-03 -5.7072365004e-02 9.6073342308e-03 -8.9055804071e-02 -6.5058619473e-02 1.2177744350e-02 9.4655302027e-03 3.0941146583e-02 1.6984362705e-02 -7.8038251909e-02 -4.6214232248e-02 -7.0856464382e-02 7.0237127417e-02 4.4900695352e-02 -7.7723132067e-03 -6.2945812162e-02 9.9921613884e-03 -1.4005762056e-01 -1.1889982454e-01 6.2447494386e-02 6.3474348115e-02 -1.1404941715e-02 -6.1411502171e-02 1.6253865871e-01 -1.0535277410e-01 -9.4178004670e-02 4.6572304969e-02 3.3695460498e-04 -7.2289546013e-03 1.4297443759e-02 8.8200324254e-02 1.1680939183e-02 -9.3623145041e-03 1.5115397397e-02 -2.3059480392e-02 -5.2899788112e-02 -2.0996490367e-02 7.4015681129e-03 6.0186929976e-02 -5.7565073109e-02 -1.5721011957e-01 -1.1132590295e-01 -1.8314995736e-02 1.6277820958e-02 -4.0101407788e-02 -9.8507509879e-03 -9.1829756200e-02 6.8375022255e-02 -1.3300523665e-03 -1.9786020819e-02 -2.5324265075e-02 9.2734359780e-02 -1.6162617354e-02 1.5258681194e-03 -1.1894815231e-02 7.3082961618e-03 7.3539911438e-02 -4.5010388940e-02 -1.4656228960e-01 2.5848210634e-02 -2.2869571293e-02 5.1751575526e-03 2.6955694681e-02 3.5117555115e-02 -2.7578164134e-02
5.2421980162e-02 5.2700447344e-03 8.9377584793e-03 9.0583800136e-02 3.5080840616e-02 -5.1373127616e-02 -4.3584373199e-02 -6.3378331087e-02 -1.1400904790e-02 2.6356740833e-03 -6.2107297927e-02 4.9702617688e-02 3.3938235552e-02 -1.1367075691e-01 -5.5123082476e-02 -1.7645171395e-02 5.4188408907e-02 -5.0292575925e-03 -2.2977020830e-02 -1.1619109924e-01 -5.1234869937e-02 -6.7640654289e-02 -8.5451092512e-02 9.0566127918e-02 4.2151973059e-03 2.9845483748e-02 -2.7763976756e-02 -8.4962578403e-02 -9.2921316260e-02 -8.8533282006e-02 -8.0432157492e-03 -3.8810483870e-02 5.8686205480e-02 4.1228723748e-02 2.5925414487e-02 2.0700039509e-02 1.7640675112e-02 3.5545555769e-02 1.3582080097e-02 5.7838837557e-03 -7.2634740062e-02 3.3096753003e-02 -2.0941440656e-02 -9.6211470962e-02 -1.1985637872e-01 -6.6028612797e-02 7.5881102253e-03 -4.3996663236e-02 7.5113683322e-03 5.7010146239e-02 3.5661800248e-02 -1.6569157861e-01 -3.6783882664e-02 -9.4959322405e-02 1.6423689948e-02 9.0989006100e-02 2.4450518955e-02 -1.2871253859e-02 5.2493773576e-02 -2.5598187761e-03 -3.5793472150e-02 -1.5282801341e-02 -7.4921137342e-02 5.5781345319e-03 -4.3959875403e-02 1.6730184899e-02 4.4347662258e-02 6.9336714667e-02 -7.6567726080e-02
2.7969755254e-02 1.2497605765e-02 -1.8737843853e-03 -3.6106514329e-02 -8.7092576062e-03 -3.2962535827e-02 3.0344708664e-03 -1.7052095383e-02 4.2812602708e-02 -1.0043759645e-02 -4.7502705206e-02 -5.9616282508e-03 1.4353096346e-02 -6.9360900347e-02 7.3336826455e-03 7.6714421692e-02 4.9937466376e-02 9.5763592855e-03 2.9145745634e-03 -9.4298811273e-02 -1.2145286906e-01 -1.3288925191e-01 3.7498719495e-02 9.4164990912e-02 1.6905106037e-02 -1.2754674260e-02 -5.6159694518e-02 -1.1293616516e-01 -8.5331713754e-02 -3.4370947873e-02 -4.0857619200e-02 6.2962419006e-03 8.5930995245e-02 1.7844744217e-02 -5.7653063536e-02 3.3183339755e-02 2.8986455427e-02 1.1250553353e-01 -3.6589528732e-02 3.6113287349e-02 1.4733149331e-03 -7.9045943965e-04 -1.0230199939e-01 -5.2804480490e-03 -3.0191291512e-02 -1.7108650271e-02 4.0553777144e-02 -3.0173870791e-02 2.7144993651e-02 7.5832983005e-02 1.3042628544e-02 -2.0742367907e-01 -2.7055575156e-02 -1.2336639695e-01 8.5749601863e-02 1.1052516687e-01 6.0604761395e-02 1.1802294793e-02 5.9661700264e-02 -3.0056168749e-02 -3.1099640705e-02 -2.1828091327e-02 8.1372696340e-02 7.8952708207e-04 2.3155090344e-02 -6.8260967835e-02 2.2203431183e-02 4.0928646700e-02 -6.9510784396e-02
4.1622295089e-02 -7.4053056541e-02 1.5195084529e-02 6.9344114814e-02 -7.5676320364e-02 -3.6782863609e-03 1.9634956587e-02 2.7681134135e-02 8.4344538255e-02 -2.2438498782e-02 -6.4681243777e-02 -2.2150288457e-02 3.3753839430e-02 -1.4795850740e-02 3.6457261808e-02 8.0326413459e-02 1.0898427778e-02 2.9371947126e-03 -2.9772688870e-02 -7.0580418199e-02 -1.0172604137e-01 -1.0064961314e-01 8.8203981319e-02 4.1127307525e-02 -6.2672563360e-02 -1.9012482597e-02 -6.0643275276e-02 -2.0764295178e-02 4.3067870685e-02 -2.3184090165e-02 2.9260069679e-02 5.4106747384e-02 5.4666850088e-02 -1.0313163316e-02 -8.9343407334e-02 3.2944615821e-02 -4.0608033140e-02 1.0056084324e-01 -1.0420098935e-01 5.8163572879e-02 3.4267571088e-02 -2.3956250272e-02 -8.8622931549e-02 8.9860566892e-02 -4.7336697951e-02 4.2858488478e-02 1.2076516269e-02 -4.5246915576e-02 5.0628723943e-03 7.9233293773e-02 -4.2474225301e-03 -1.7339054477e-02 1.7654356870e-02 -4.0261558742e-02 7.1100888201e-02 4.3727869305e-02 6.1832161078e-02 -8.0469154435e-03 6.4005714240e-02 -3.4174889200e-02 3.3158440575e-02 -1.3021726530e-02 1.0135821030e-01 -2.4280774665e-02 8.0747239719e-02 -1.2636323154e-01 -9.9990483214e-03 2.8166848515e-02 -1.0070805056e-02
4.6740524959e-02 -8.1196982523e-02 9.1406883876e-03 1.7825422597e-01 -9.2031442663e-02 -1.3621204171e-02 3.5161732056e-02 -9.5459970214e-03 4.0830134216e-02 -4.1675146268e-02 -7.3748886932e-02 6.1554179908e-02 2.1926511953e-02 2.2635514531e-02 4.7823530672e-02 6.6290676187e-02 -2.2654561520e-02 1.0149600455e-01 -1.0938216102e-02 4.3142730774e-02 -4.0330762011e-02 -6.8134909259e-02 8.0919760483e-02 -9.7972566024e-03 -1.1505845864e-01 7.6563234008e-03 -1.7633389599e-02 5.4690046635e-02 2.9448780861e-03 9.9347439078e-03 3.2312149157e-02 3.2856689455e-02 -3.4380505444e-02 -7.2432945014e-02 -3.1823981965e-02 5.0762341643e-02 -9.0359529718e-02 4.6084366987e-02 -1.1099313497e-01 5.1403061188e-02 -8.0177439427e-04 -6.7237094418e-03 -1.5745319196e-02 1.9080413362e-02 -4.0381004733e-02 3.0538663923e-02 -3.2399385375e-02 -5.2687002663e-02 4.2129646007e-02 4.8929346066e-02 -5.1478539745e-02 1.1561091966e-01 1.7453535893e-02 2.6948716217e-02 -3.6892975918e-02 -2.2461130149e-02 4.6034465291e-02 1.7104732071e-02 3.8891888574e-02 -8.9311943784e-03 7.7382835300e-02 1.7761014645e-02 4.5068506684e-02 -7.8214343290e-02 2.3556843572e-02 -7.3569140017e-02 1.2540024641e-02 7.5017635227e-02 7.0330901790e-02
5.8061974875e-02 -6.1148980370e-02 2.2693390555e-02 1.1397851372e-01 -5.4258979741e-02 -1.0884591277e-03 -2.8420842546e-02 -2.5760553274e-02 2.9880997384e-02 -9.4545186953e-02 -9.1956057111e-02 1.0723435891e-01 4.4579735464e-02 1.7144963992e-02 2.3422073502e-02 8.0145157058e-02 -2.7509206408e-02 4.9344602653e-02 -1.6838463243e-02 8.8276731930e-02 -1.7840243148e-02 -3.8098672459e-02 5.0235773025e-03 9.4028029189e-03 -7.6483689147e-02 5.1013996292e-02 2.7281162986e-02 -4.4129243910e-02 -5.0138797409e-02 1.3898224318e-02 4.9927561484e-02 -1.8945377519e-02 -7.1505506665e-02 7.7790274630e-03 4.5093735848e-02 6.5966312385e-02 -6.6390824175e-02 -2.6278408572e-02 -2.2070177008e-02 6.1539640149e-02 -4.1366427908e-02 1.9888833471e-02 6.1092486524e-02 -6.4309415477e-02 -1.1595062026e-03 3.2025679726e-03 2.5163916798e-02 -3.7323606583e-02 4.5587940985e-02 2.4402158790e-02 -4.3666363483e-02 1.6108367021e-01 -1.7320574481e-02 -3.4904688837e-04 -7.5026267560e-02 -2.6671205501e-02 -6.9913820655e-03 1.2588542725e-01 3.5602694597e-02 -6.6039700705e-03 3.2093922632e-02 5.5240651205e-02 2.0937263995e-02 -9.4153745272e-02 -3.8069784016e-02 -7.8136652523e-02 6.3688268369e-02 5.4890712289e-02 1.0915403459e-01
8.1767213518e-02 -9.1185701776e-03 1.6303918452e-02 -2.3427907224e-02 -5.8107613968e-03 -3.5451550588e-02 -1.9883561429e-02 -2.6311834347e-02 4.2911817061e-02 -8.1076668186e-02 -4.5714481415e-02 5.4956959395e-02 3.5707009844e-02 5.2668026865e-02 3.4781615530e-02 1.0595999013e-01 -2.6505349304e-02 -6.6382163366e-02 3.6162524247e-02 3.8286111084e-02 -2.6945417401e-02 1.9247879831e-02 -1.3525587654e-02 5.4444418837e-02 1.8439216795e-02 1.4527815053e-01 2.3327939692e-02 -5.4784009396e-02 -8.5771912200e-02 3.2605640484e-02 -3.3395116502e-02 -2.7385251669e-02 -5.4386866958e-02 6.6372807985e-02 7.8456904020e-02 8.5612682256e-02 2.1355140280e-03 -8.2431174476e-02 5.2464991898e-02 5.1621696717e-02 -2.8396570474e-03 4.0428868252e-02 5.9827880546e-02 -7.4770550256e-02 4.9283851378e-02 -1.6809067001e-02 2.0969428240e-02 -3.0906902658e-02 4.8917472476e-03 -1.3564093109e-02 -2.0674832268e-02 6.8234990006e-02 -5.4148271264e-02 -4.7536887500e-02 -9.2410737627e-03 2.7067949769e-02 -3.3118476132e-02 1.3719771961e-01 2.1768937871e-04 -6.0283960221e-03 -1.2206250181e-02 7.3463002589e-02 8.4266768154e-03 -5.9147714084e-02 -4.9689747620e-02 -1.9209015738e-02 1.2153971205e-01 -9.9426338220e-03 9.0249704570e-02
6.9521900473e-02 6.4047110324e-03 7.0382218313e-02 -5.9061129067e-02 3.3985464646e-02 -1.6340796869e-02 -2.1223937717e-02 -3.2582017658e-03 6.4540085710e-02 -3.1077252327e-02 -5.2215648438e-02 -1.8791585081e-02 1.3128272258e-02 6.9844284443e-02 7.7853386921e-03 8.5340487389e-02 -1.2446385562e-02 -2.4972473826e-02 7.5479440949e-02 -3.1473954863e-03 -5.6172202970e-02 1.3212081520e-02 -3.1151228319e-02 2.9441396299e-02 6.9048124498e-02 1.0550359247e-01 -3.1063355833e-02 -8.8149338108e-02 -4.8039985325e-02 3.5513573991e-02 -3.3534627304e-02 8.8057302276e-04 -2.8054053804e-02 7.1890660926e-02 2.4491062966e-02 3.0237687825e-02 1.2248442307e-02 -4.2803052889e-02 5.1155588723e-02 4.9364859158e-02 5.4653463183e-02 3.6901956865e-02 1.4204997743e-02 -7.6152864489e-03 2.3739948268e-02 -7.7769959612e-02 -6.1360443944e-03 -2.9912728280e-02 6.3761289225e-03 -1.4196321279e-03 -2.4145086305e-02 1.1945714464e-02 -9.1774092135e-02 -8.8020911005e-02 4.1928597456e-02 1.8297430966e-03 -8.3538540108e-02 7.1182155720e-02 -2.5558152523e-02 -2.3275938277e-02 -6.4697588983e-02 2.6242954508e-02 1.4171094821e-02 -1.2336168747e-02 2.3359553069e-03 -6.6341523366e-02 7.7213872939e-02 -9.1426656206e-02 4.1137016756e-02
4.6399417563e-02 -5.5794009897e-03 1.7345935845e-02 -3.9117895072e-02 4.1586915786e-02 -2.3431006750e-02 -6.5817342191e-02 2.8545455881e-02 6.3544932889e-02 3.4039727435e-02 3.9832468528e-03 -5.2205208265e-02 2.6660199687e-02 1.0519155444e-01 -4.7221009278e-03 1.0216026406e-01 -5.5867084383e-02 4.9379976462e-02 1.2514827638e-01 -8.4213269761e-02 -5.0886060306e-02 -3.7695619808e-02 -1.3126507268e-02 -1.3112460974e-02 1.2213396051e-01 5.1746818871e-02 -2.7584126388e-02 2.6775928823e-02 2.0133924089e-02 1.5361612049e-03 -3.3549123876e-02 3.4835782567e-02 1.9408621923e-04 5.3792395249e-02 4.7713960532e-03 -2.3028514865e-02 4.1737324328e-02 -1.7046666357e-02 -2.6512578258e-02 8.9697159104e-02 7.6297663727e-02 -9.8805635859e-03 2.9969862942e-02 3.8646911503e-02 -5.5758660610e-02 -8.5645402223e-02 -6.9688594214e-02 5.8505286832e-02 -1.2367870258e-03 -1.6937314527e-02 -2.8172678788e-02 9.1169205443e-03 -5.3044026528e-02 -7.3614505748e-02 1.8079766099e-02 3.4902867355e-02 -7.2773020226e-02 4.0725791101e-02 -1.7207913387e-02 -7.5457376763e-02 -3.5465965735e-02 3.8554452778e-02 3.6806913175e-02 2.3403976949e-02 2.3576830902e-02 -6.9662742554e-02 2.6619864955e-02 -1.0471040851e-01 -4.4087013223e-02
1.4755117189e-02 -4.9208948937e-03 5.3895111875e-02 1.4580017355e-02 1.0896550845e-02 4.5134736487e-02 -6.3404793476e-02 -8.3410104296e-03 9.1735433703e-02 2.2990072557e-02 -2.4990927613e-02 -3.9868679202e-02 5.7497337970e-03 9.1124729436e-02 -2.1297783318e-02 2.5514125311e-03 -7.5079027977e-02 -3.0233906679e-02 9.3275140125e-02 -9.7820800013e-02 1.1994755358e-02 5.2286684242e-03 2.6066142335e-02 -3.2577969025e-02 5.8586073905e-02 -1.5487338765e-02 -2.0843234863e-02 1.1172115798e-01 3.5301133410e-02 -3.1819761323e-02 -4.0801183793e-02 8.5079963002e-02 6.6234861733e-03 3.4523814421e-02 5.9987923332e-03 -9.5295553826e-03 2.4885362385e-02 1.7285624515e-02 1.1091457036e-02 8.0818823912e-03 1.0721082216e-01 2.8956452629e-02 7.2142767697e-05 2.1996890818e-02 -7.4221089349e-02 -8.2006171956e-02 -7.0919309431e-02 8.0195519889e-02 1.3958082959e-01 -3.6376134529e-02 3.7197844536e-02 9.2988333920e-02 -4.1331556023e-03 -3.2708014908e-02 -4.5915741268e-02 1.1175923234e-02 8.1509397069e-03 -1.3254074902e-02 -9.5934029117e-03 -6.5005701935e-02 -4.2692706270e-02 -2.3202309887e-03 -7.8585865664e-03 4.3043614486e-02 4.3097731794e-02 -6.1050901906e-02 -1.1183418021e-02 -6.6324202296e-02 -6.1816226416e-02
-1.3187383669e-02 -2.2881861347e-02 -2.4668166284e-02 1.7343252041e-01 4.1573965529e-03 3.8749604599e-02 -1.1679008580e-01 -6.4279719926e-03 6.7035977997e-02 3.4685057895e-02 -1.3178715519e-02 -5.1498705336e-02 7.0198583844e-02 7.6504711917e-02 1.9152506750e-02 2.3765357203e-02 -4.9476533336e-02 -7.6217288074e-02 3.8918299364e-02 -2.0366088079e-02 2.0116482253e-02 6.0771577075e-02 5.6014176049e-03 -1.0863984423e-01 -4.7438028577e-02 -7.5413450150e-03 -1.1287150361e-02 -1.3000819550e-01 8.1134792626e-02 3.2254500920e-02 -5.5381947113e-03 6.8329376711e-02 6.0557619757e-02 -5.0301960634e-03 2.2845907377e-02 -2.9414949558e-02 1.0711688433e-02 -1.5162492872e-02 -2.0979669639e-02 -1.0213142172e-02 4.2471251070e-02 2.1857099016e-02 2.6924977003e-02 7.1097979676e-02 -7.3516398059e-02 -8.6542172563e-02 -8.9422060162e-02 -9.5265579535e-02 2.5266438742e-01 -2.0668080098e-02 6.7735957194e-02 -4.0861146581e-02 -2.8082919722e-02 9.3707462481e-03 -7.2741717175e-02 -6.3382429447e-02 -7.4740430442e-03 -8.9873173437e-02 1.1825395292e-02 5.6240108475e-02 -2.5320349710e-02 4.7726734862e-03 -4.0185046521e-02 -2.4158609469e-02 6.6371180865e-02 -2.9817343110e-02 -8.6075590570e-03 -1.7799362211e-02 -4.7920691462e-02
1.6747180347e-02 2.5360307948e-02 3.1361551520e-02 1.4760396449e-01 5.2659922612e-02 3.9244906551e-02 -7.0367570185e-03 -1.0762390821e-03 4.8574085725e-02 1.7233746273e-02 1.2434908965e-03 8.0562351734e-04 -4.3518694803e-02 -1.9136343804e-02 -3.5901640130e-02 -4.1260830628e-02 -7.0920771712e-03 1.9632453119e-02 6.9391256825e-02 -1.6022670593e-02 -4.9706694200e-02 9.9191562232e-02 -4.9490014124e-02 -1.1383207945e-01 -1.2686839567e-01 -7.6117145558e-02 -4.9930039858e-02 5.4372077056e-03 3.7085429077e-03 -2.2336862514e-02 -2.0022431337e-03 1.6534652754e-01 3.4239705069e-02 -6.0627534361e-02 6.0706901957e-02 -7.4814853772e-02 -4.3381189543e-02 -1.4558622471e-02 7.7457313290e-02 -4.2756147553e-02 7.1589358070e-02 7.3287655800e-02 -3.6319684503e-02 6.6972464711e-02 2.7022396854e-02 2.1150884627e-04 -2.4496518287e-02 -5.8384239499e-02 1.2047949458e-01 -1.1201463952e-01 2.1054121892e-01 -3.8164133259e-02 -8.1309831324e-03 3.4956553425e-03 -3.7921938035e-02 2.8235054848e-02 1.2214597646e-01 -7.0040689363e-02 8.2929514604e-02 -2.0892344378e-02 -1.1264524287e-02 -6.2662175323e-02 9.6881995104e-03 -2.1873880982e-02 -3.2460480392e-03 -1.4032078002e-01 -7.0596505732e-03 -5.8966113181e-02 5.1842515383e-02
-8.8707904804e-02 2.0470631688e-02 -6.0143920723e-02 -3.6117722501e-02 7.6672864335e-02 -7.8232539896e-03 2.9194891304e-02 4.0970615780e-02 -1.8638850444e-02 5.5665558906e-02 -3.6785866045e-02 3.8511785245e-02 -1.4016328912e-02 1.2486419865e-01 3.9196468673e-04 -3.7757192663e-02 -3.3436199233e-02 -2.6920525781e-01 2.1196223015e-01 -8.0095432871e-02 -1.0939935000e-02 -2.8971585540e-02 4.3832904828e-02 -8.0987426398e-02 -2.1532250307e-01 -1.1780062892e-01 -1.5251169277e-02 1.3644531225e-02 -1.2094582698e-01 7.5051821669e-02 -3.8402249464e-02 4.3560757703e-02 9.5348009398e-02 -1.2128016641e-01 6.5510303631e-02 5.0593635297e-02 -8.3944874951e-02 -6.4568201884e-02 -6.8905392330e-02 -6.9672779511e-02 5.3104459555e-02 1.9436376880e-02 -1.1136104022e-01 -1.0466387662e-01 8.3766102963e-02 -1.7681626188e-01 -1.1469310760e-01 4.7689914087e-02 2.7458172764e-01 -2.1862752539e-02 -8.1163364207e-03 -8.2517628575e-02 -7.9501884122e-03 -1.3431826819e-02 -7.4290830758e-02 1.3406615199e-01 -4.1392226542e-02 -1.7559791443e-02 3.4976045611e-02 5.4993953226e-03 3.7371596111e-02 -1.3748636750e-02 9.9857648103e-03 -2.9689217476e-03 -1.2433039149e-01 -1.7047030083e-01 7.5347642535e-02 -1.1241411486e-01 -9.2727408493e-02
-9.4453444745e-02 8.4643423425e-02 -1.5435637666e-01 -1.3788619840e-01 1.8466950593e-01 4.6196900990e-02 5.4440379759e-03 -1.7990361586e-01 -4.9128165690e-04 -8.5673266714e-02 -4.9295950342e-02 3.3328242457e-02 3.1522890920e-02 -9.8486045518e-02 2.0069102489e-03 -2.2286349228e-02 -3.2530399446e-02 4.6992333578e-01 1.2325822415e-02 -2.5185001424e-02 2.3594898269e-02 -8.8670402733e-02 6.6499227071e-03 4.6780267098e-03 3.7125295746e-03 1.6999105663e-01 -7.4777443449e-04 -1.3625364742e-01 -1.5418344191e-01 1.8567666953e-01 -1.4088263957e-01 5.5032838398e-02 1.5883733882e-02 -3.9943928334e-02 4.9112091266e-02 6.0593275242e-03 -9.2726860640e-02 -7.3807882692e-02 -1.4411523104e-01 -7.2379472197e-02 -1.1137235269e-01 -9.4032650365e-02 -1.2138851864e-01 -4.6547347742e-02 -1.3373538163e-02 3.8835951593e-02 -1.7061601876e-01 8.2739267958e-02 9.6316300069e-02 4.7355275678e-02 -9.2632111005e-02 -4.6887658450e-02 8.3171847645e-02 6.1159990111e-02 -3.2634168478e-02 -1.1636541247e-01 -4.4656780357e-02 2.0810020975e-02 -1.4158639927e-01 4.3954937870e-02 1.8733067637e-02 6.7851911701e-02 2.6665871039e-02 8.3252667041e-02 -5.6708147503e-02 1.9760432139e-01 9.1710350812e-02 -1.3155704595e-01 3.1452611977e-02
1.4653873287e-05 -5.1893453102e-05 2.9939709360e-04 2.8013617428e-06 1.1533888293e-04 -6.8808065305e-06 6.3509589117e-05 -3.8607265918e-05 6.8523470621e-05 1.1885104956e-04 6.9671063232e-05 -1.7220270328e-05 5.4825716714e-05 1.6588299545e-04 2.0123757220e-05 -1.8682837221e-06 -1.0234602316e-05 -2.6793732470e-05 -1.7619459936e-04 -8.8319155818e-05 1.8673403875e-05 1.1558526470e-04 4.9677144858e-05 3.5365036491e-05 -2.5065396180e-06 -1.4267754266e-05 -1.4479135644e-04 1.4138490148e-05 7.3440993507e-05 3.7325055627e-05 4.2293040055e-05 -1.3828937307e-04 -1.0294526327e-05 1.1300726278e-04 3.1926924249e-05 1.2808404676e-04 5.4065815892e-05 1.1384723712e-04 1.9880398015e-04 5.8308995069e-06 1.6997330460e-04 -8.2900690705e-05 -5.3943981682e-05 -1.6940419183e-04 -1.4362423704e-04 -1.3026981568e-04 -6.4965954776e-05 -7.7857158191e-05 -1.3925486710e-05 -5.0747263759e-05 1.1813984099e-04 8.3595953554e-05 -1.5277327142e-05 -1.0429520725e-04 -8.1480902911e-06 2.1617802231e-05 -7.8533326922e-05 -9.7392255662e-05 -2.2161593783e-04 -1.1970325814e-05 -3.4350839096e-05 -9.5158585458e-05 -2.1332057309e-04 -4.7773448843e-05 4.5859775742e-05 -1.1971450278e-04 -4.4091784884e-05 -1.4919069864e-04 -7.2572060026e-05
1.7577695131e-04 9.5007485793e-05 -7.0922157389e-05 7.4852194039e-05 1.0683460912e-07 1.6735888090e-04 -1.2377458965e-04 1.2253573892e-04 2.1485601919e-05 -9.2662297379e-05 -9.5470809797e-05 2.3704298715e-04 1.2207128901e-04 -8.5008542735e-05 7.6426926610e-05 7.6893253830e-05 -9.6869865442e-05 8.6180446937e-06 -4.7139317471e-05 -3.4125381663e-05 2.2051904380e-05 -2.3078354645e-05 8.9983790627e-05 -1.2700209450e-04 9.0662479631e-06 6.8027642179e-05 -5.3474404436e-05 -3.0263825627e-05 6.5093400076e-06 5.4327248928e-05 -1.3333491984e-04 3.1019690415e-05 4.4590749816e-05 9.5869866563e-05 -1.6684971689e-04 -2.1427064800e-06 -8.1593939524e-05 6.4616366698e-05 -9.6250840575e-05 -1.0167831483e-04 -4.2380585984e-06 -4.5841593542e-05 5.1260176225e-05 -6.4356463458e-05 -5.0808170521e-06 1.3225099589e-04 3.9551015966e-05 1.1042492904e-04 -6.8995016751e-05 1.7303601885e-04 6.3481678833e-05 1.8287168388e-04 1.6175060968e-04 -5.4849938619e-05 3.2611286684e-05 -4.0164647013e-05 -2.6127470830e-04 -5.6102282894e-05 -6.2433259996e-05 -3.8526590097e-05 -1.3414221105e-04 -4.8057090906e-05 4.2362660287e-05 -9.6196205636e-05 4.2711428330e-05 2.6321014395e-05 5.0756494035e-05 1.5293335204e-04 1.1146204551e-04
-1.4891398362e-01 3.2222337930e-01 2.4458666840e-02 4.2626654531e-02 4.1098694000e-02 5.4016393694e-02 -1.9750131646e-01 2.2676141967e-01 -2.2217572826e-01 -5.1766846768e-02 -5.5172620726e-02 1.5344347657e-01 -3.2354383879e-01 -4.8445358205e-01 -5.4241614993e-02 9.8990673938e-02 3.9211471776e-01 -2.4443669509e-01 1.7631406213e-01 1.8746914307e-01 -1.5701478124e-01 -1.4166531760e-01 -5.5405379544e-02 4.5611619654e-02 -3.9968349490e-01 -1.2944730914e-01 -8.0935194858e-02 -4.9470406757e-01 1.9123615794e-01 9.3580723639e-02 -1.0200195648e-01 -3.4269400433e-01 -1.1567951523e-01 -7.4782834706e-03 -2.6362122437e-01 4.6559804949e-01 -2.0225595302e-01 -2.2588975616e-02 -2.0273465120e-01 4.8794572514e-01 -2.7056162803e-01 -1.3520394649e-01 -3.6174583062e-01 -3.9442961944e-01 2.1924484344e-01 -3.2862246463e-01 -4.0703538023e-02 -4.2108509771e-01 3.6792583537e-01 -1.6923465333e-01 -3.1961860423e-01 4.0378005510e-01 4.6436153782e-02 2.0872255198e-01 -3.6743597816e-02 -3.6069331148e-02 -6.8887980287e-02 2.7947922483e-01 -8.9134599024e-02 1.3837508791e-01 -1.5603071883e-01 2.5163773183e-01 2.5587176156e-02 5.6123824880e-02 -1.1564318553e-01 -6.7974893487e-02 -3.6191683543e-02 2.4093077074e-01 -2.9414512903e-01
-1.6725766567e-01 6.2621822543e-02 2.8487849308e-02 -2.1798705862e-01 1.4853983923e-02 -7.7385317158e-02 6.2579947442e-02 7.2617021222e-02 -2.9844261643e-02 2.3703158461e-01 1.1695823735e-01 5.9965288390e-02 1.1657267516e-02 1.6695399495e-02 5.2369761796e-02 5.5485834521e-02 7.7476614630e-02 -1.9563709916e-01 -1.3035799552e-01 1.6836920806e-01 -1.0091279389e-02 -8.2235408749e-02 5.3132842448e-02 1.1331360614e-01 -4.4789309148e-02 1.3411260641e-01 7.7877372323e-02 -2.8042355247e-01 4.3418145918e-02 2.7202980297e-02 2.0072034620e-02 5.7791593645e-02 -9.4173199970e-02 -4.2587271975e-02 3.2217457731e-02 -2.5773429572e-02 8.5846750976e-02 -6.8418090465e-02 -6.4265036158e-02 2.5093563665e-01 3.0739990873e-02 2.5875160498e-02 2.0761168978e-02 4.2969129500e-02 8.9633927178e-02 -6.3063025591e-02 1.5287763384e-02 -1.2338516710e-01 4.3455112502e-02 1.4937841358e-02 -3.8173001364e-01 -1.2424342625e-01 7.6146451065e-02 -6.6783355586e-02 -4.7571624743e-02 9.2356074957e-02 7.3549607927e-02 3.2265505560e-02 8.9977961534e-02 4.6103468693e-02 -6.5514546894e-03 -1.3029445344e-02 -1.4284535611e-02 6.9178969487e-02 -6.9100907776e-02 2.8436398166e-02 1.0833909942e-01 4.1957134334e-02 6.2364515020e-04
1.7289633138e-02 8.2492317994e-02 2.4734133319e-03 -4.9123453556e-02 1.2126265782e-01 9.0371798231e-02 -6.3495695578e-02 1.1774132883e-02 -2.6635205498e-02 -3.8879482792e-02 -8.4893841901e-02 -5.6257622608e-02 8.1789439645e-03 -1.9318595207e-02 8.4962227998e-03 7.2217540356e-02 1.6225187454e-02 4.3525065584e-02 -4.1651749207e-02 6.1662196174e-02 1.1065046231e-01 1.9689525086e-02 2.0946095686e-02 -8.8309949039e-02 -1.2009085357e-01 1.5744245335e-01 -4.0898419402e-03 -1.0240731183e-01 2.7346186747e-02 -4.1866816488e-03 5.8172226416e-03 2.8141596417e-02 4.4936668997e-02 -5.3496002228e-02 1.0746915353e-02 4.5063956192e-02 3.2473257787e-02 6.3052622494e-02 -3.6406984182e-02 1.4270071131e-01 6.5052819599e-02 -1.6072974202e-02 -8.0417020846e-03 -3.2968988267e-02 -7.3152287666e-02 4.4324001945e-02 1.2591787845e-02 5.0812800551e-03 2.8913164496e-02 -1.0337606599e-02 -1.8159261231e-01 -2.9668131801e-02 2.2466909729e-02 -3.1614668521e-03 7.2598003049e-02 9.7494496619e-02 -1.8690099006e-02 -5.4141378326e-03 -5.0775765713e-02 7.1352296167e-02 7.2730499899e-02 -4.0038110521e-02 3.8886697450e-02 2.9868120176e-02 7.2032746237e-03 1.5735285963e-02 -2.0700935114e-02 -1.6534329009e-02 -3.2834004909e-02
-5.0380988305e-02 8.2185649833e-02 -4.3837971748e-03 -6.7701852033e-02 4.7494179144e-02 5.5039413548e-02 -6.8588538008e-02 -8.9647467237e-03 -1.3385196639e-02 3.9278631784e-03 -5.8530966387e-02 1.9276203234e-03 -9.2235200047e-03 -2.6200486540e-02 7.1620737555e-03 7.1904582781e-03 -1.5557598699e-02 2.4562178305e-01 8.8986103732e-03 1.1722821796e-01 -2.0203042315e-03 2.0579933173e-02 -3.9574576023e-02 4.3564529215e-03 -1.1330811240e-01 1.8700176061e-01 4.1920271187e-02 5.7825820483e-03 5.1552259638e-02 -1.8738791341e-03 5.3216934909e-03 2.0772200054e-02 6.9858724592e-03 5.7919503743e-02 -2.2746671923e-02 4.5283769321e-02 3.5419064315e-02 9.7056359316e-02 -6.7403373207e-03 9.2385651150e-02 -4.9564791123e-03 -5.3936381148e-02 -1.4861950932e-02 1.8206613994e-02 2.9053321093e-02 -6.4529553512e-02 7.2773780943e-02 -4.3543040254e-02 -7.2138959368e-03 1.8547426231e-02 -9.2070937446e-02 4.8413303533e-04 6.5364197685e-03 -2.2980322196e-02 -1.2231198252e-02 -7.8626132502e-02 -2.1457246883e-02 2.0536970489e-02 -4.8071690492e-02 6.0569703849e-02 5.4442961961e-02 2.4073757666e-02 3.3261372419e-02 -9.3136884537e-03 6.5612324847e-02 5.6516551676e-02 -2.9082111308e-02 1.0173287419e-02 -1.9308968005e-02
-3.5120040487e-02 2.1860603397e-02 -3.2111041087e-02 1.5532856043e-02 -4.8484780712e-02 1.5840696305e-02 -4.2603420083e-02 -6.4205583867e-03 -3.9024051040e-02 -7.7404820434e-02 -9.4521578254e-03 -1.4819609976e-02 1.1143444200e-02 -1.3717539474e-02 2.4171720039e-02 -2.3753160878e-04 -3.9499699713e-02 -1.4609751302e-01 2.9863309765e-02 6.7028314865e-02 -8.2237369754e-03 7.0545856883e-02 -1.6689969729e-02 -2.9927048329e-02 -4.2480853401e-02 1.3388058131e-01 -7.0559166424e-03 -4.5867062698e-02 7.3332965767e-02 -1.4237363663e-02 -1.0455697231e-02 2.8087276209e-02 1.0151409826e-02 5.6764869976e-02 6.1388254436e-02 -5.0952699275e-02 9.2450607405e-02 1.0490541158e-01 1.6717689133e-02 5.5110285865e-02 1.0916982914e-02 2.0874872898e-02 -3.4454316390e-02 6.8744037794e-02 6.3828565136e-02 -3.5614123816e-02 3.6302165516e-02 3.7208657824e-03 -7.2720843145e-02 -3.3341373063e-02 -1.4206087376e-02 -7.6373475851e-02 -2.7691882813e-02 -2.2494011940e-02 1.1445419030e-02 -7.3735396013e-02 -4.1748884899e-02 -7.1405285927e-02 -4.5495003245e-02 4.4441326613e-02 8.7893574807e-02 -1.0954675844e-03 -3.5971298095e-02 1.4026290329e-02 -1.2630089256e-02 -5.8571348523e-02 -2.5271544271e-02 2.2941514649e-02 -1.1099756902e-02
-5.7203550576e-02 8.7413762160e-03 -1.2350041171e-02 -3.9885960357e-02 -1.0618558240e-01 -1.9973955954e-02 1.5031322984e-02 -3.1597999766e-02 -5.8845213565e-02 -6.2674743813e-02 -3.2065571040e-02 -6.3147578345e-04 -7.9137509751e-03 -3.5650658302e-02 4.4574113271e-02 -2.8471709007e-02 -2.0289125915e-02 1.1510073635e-02 7.8089373962e-03 4.2877176337e-02 3.9956460933e-02 6.1684347509e-02 -7.0083781574e-03 3.2957130286e-02 -1.0259415977e-01 8.5883091072e-02 6.3312188012e-02 -4.3673724300e-02 7.8195863766e-02 2.2645952997e-02 -8.2395087437e-03 -3.2793619251e-02 -2.1512778979e-02 -2.1204811197e-02 7.5049734256e-02 -3.0162405018e-02 9.0520546235e-02 6.7257975623e-02 2.8227798339e-02 4.5133404690e-02 -3.3882913250e-02 -4.1620920231e-02 -3.3371715696e-02 9.4760712351e-02 1.0891192334e-01 -6.4667195184e-03 2.5621404833e-03 4.3810304355e-02 -1.0605533076e-01 -6.4102616000e-02 -1.7454801005e-02 -9.6304000405e-02 1.2130478207e-02 6.7313030588e-03 6.1079506688e-02 1.5564678900e-02 -6.8802453357e-02 -3.1625720434e-02 9.8959359504e-03 3.6890590912e-02 8.4403054618e-02 -1.4339781834e-02 -1.1037419252e-01 7.6783991850e-03 -4.5505489320e-02 -1.0493287554e-01 -2.9445770007e-02 9.0864809701e-02 2.2870852575e-02
-1.1885049071e-02 -1.1710717268e-02 8.7364356500e-03 -2.1057060944e-02 -6.6770976659e-02 -5.7498386099e-02 3.2353541965e-02 -1.2969674332e-02 -1.8047642777e-02 1.1224900445e-02 -5.8691480415e-02 -2.6546218394e-02 -2.0239780319e-02 -1.1793755636e-02 4.4609436973e-02 1.3265840651e-02 -3.0636544987e-02 6.7516028350e-02 3.1860486951e-02 1.4882532927e-02 -6.6331879281e-02 -2.1913436748e-02 -2.0230953397e-02 3.7558045573e-02 -1.3195475068e-01 3.6240454994e-02 7.0444696405e-03 1.4234545662e-01 6.0851316181e-02 5.0777759336e-02 -1.8248964773e-02 -1.2988593620e-02 -6.6683766348e-02 -1.2477070811e-02 1.0037811785e-01 -5.5229463306e-03 7.1744808366e-02 5.8621680918e-02 2.9603952609e-02 -3.7161960655e-02 -2.5195712444e-02 -3.0732355656e-02 -5.8551908279e-03 6.9069479968e-02 5.7696253469e-02 -1.8496393158e-02 -4.9302417244e-02 1.1927691902e-01 -1.3571063746e-01 -9.2626649186e-02 -5.7580411334e-02 -3.7942058721e-03 -1.9145232838e-02 -9.3789764584e-03 8.3422505701e-02 1.2001710390e-01 -8.5309381065e-02 -1.0507642796e-01 4.7506615932e-02 -2.1723245006e-02 6.3097316991e-02 -3.4940642960e-02 -1.2580016491e-01 2.5310285315e-03 -6.7778743383e-02 -9.6058621143e-02 -3.9570204126e-02 5.1092641177e-02 2.0262894064e-02
2.1262851407e-02 -2.0672981435e-02 -4.4595266918e-02 7.2845536258e-02 -1.2133060724e-02 -6.8774450435e-02 2.9822328364e-02 4.1918653115e-02 -3.5224018523e-02 5.8237986382e-02 -7.7109080771e-03 -4.5206982177e-02 -7.9523247306e-02 1.9764021158e-04 1.1408546053e-02 3.5801389837e-02 7.7928924401e-03 9.8196710356e-02 9.1219403573e-03 5.2525570191e-02 -4.9181509121e-02 1.8055655407e-03 1.7662617095e-02 3.8111455203e-03 -1.8743810281e-01 -9.6682747558e-02 2.9911486786e-02 2.1332421198e-02 -2.7210979540e-02 2.2533732564e-02 -3.1878131161e-02 -6.4350785900e-03 -7.2731366485e-02 -8.4393240591e-02 8.2198149823e-02 4.3534325714e-02 3.6641567691e-02 1.9962201244e-02 6.9980611360e-02 -8.5118481569e-02 -2.7444620124e-02 -7.2797628118e-02 -1.5027338861e-03 4.6045198333e-02 -7.7868603502e-02 8.2652390372e-03 -6.7311189985e-02 1.5335211034e-01 -1.2062054059e-01 -6.7345297476e-02 -4.8313533572e-02 6.7782498606e-02 -9.8964773046e-02 -3.0697088324e-02 7.5176387742e-02 1.2044620428e-01 -3.3298916407e-02 -7.8098403525e-02 6.3644392659e-02 -2.9168209678e-02 -3.8863104174e-02 -3.3999731435e-02 -1.3622454341e-01 -1.2200808481e-02 -2.3252203638e-02 -2.3736016385e-02 -5.9625052873e-02 2.0224668756e-02 3.5134129920e-02
5.8124000937e-02 -3.9335924924e-03 -1.4200115748e-01 1.1420824830e-01 2.7010752279e-02 -3.0394692066e-02 -3.8666741187e-02 6.4997049768e-02 -3.3393191866e-02 3.1831026701e-02 6.8436575982e-02 -5.5060643180e-02 -8.8954503264e-02 5.3465819806e-02 -1.3168699503e-02 8.4798045847e-02 -3.9614337984e-03 -6.0488998114e-02 3.2113422624e-02 6.1399321011e-02 -6.9047652318e-02 4.7374634114e-02 4.7190431396e-02 -3.1775253123e-02 -1.5095649398e-01 1.3885094031e-02 4.3504703546e-02 4.1824490491e-02 -4.9553341896e-02 5.6240361061e-03 -1.9164641356e-02 2.9202182096e-02 -6.4837600250e-02 -5.4786743661e-02 4.3799271434e-02 7.1713435482e-02 -1.4885981756e-02 -2.1250312199e-02 6.3262508048e-02 -7.5296061842e-02 -3.6716230427e-02 -6.4025970406e-02 5.4783966416e-03 -2.7697861083e-02 -1.5669875252e-01 -6.3910485583e-03 -2.3998411763e-02 5.5048078806e-02 -5.7896847547e-03 8.4107148783e-03 -3.1145584108e-02 3.4368425206e-02 -1.4349073660e-01 -5.9382568606e-02 5.3171459631e-02 3.8796112537e-02 4.2902927678e-02 -1.5644591110e-02 8.7893420098e-03 -1.3947042598e-02 -1.2389615685e-01 4.0029062404e-02 -7.2846703865e-02 1.5524241039e-02 8.3884912022e-02 1.0692621160e-01 -6.6086433745e-02 5.9636020173e-02 4.4786922313e-03
4.2147571187e-02 -1.4440914323e-02 -1.4759354137e-01 9.0612356100e-02 3.1793816804e-02 2.7576345876e-02 -5.7630237961e-03 5.3586564171e-02 -7.7066667367e-02 -3.2365042254e-02 1.0582874263e-01 -3.9233544674e-02 -1.0114914288e-01 1.7479621641e-02 3.3341075936e-02 5.7910499207e-02 1.6723531677e-03 -6.7916376230e-02 7.0874577060e-03 9.4080440314e-02 -1.3941297084e-01 5.9490519035e-02 5.9912342004e-02 -5.8948799136e-03 -2.0291692100e-02 2.2354284983e-02 2.2800786572e-02 -1.2335080971e-01 -2.1889154351e-02 2.1484489828e-02 1.0130997519e-02 6.5205269589e-02 -5.4050237837e-02 1.1938445439e-02 1.5956448749e-03 -1.7826174942e-02 2.6089059082e-03 -2.6045722885e-02 3.4358912742e-02 3.3305348119e-02 2.6193124379e-02 -1.8659259359e-03 3.6662170001e-02 -4.5219447888e-02 7.2312958214e-03 -3.5459513113e-02 3.9990258393e-02 -6.2616420089e-03 4.8941731028e-02 2.3492137866e-02 5.3575339709e-02 -4.7169367072e-02 -1.0400479878e-01 -2.0988761791e-03 7.0754014388e-02 2.4754324930e-02 6.2610424160e-02 4.6206478282e-02 -8.3314261487e-02 5.3329903553e-02 -1.1405629014e-01 5.2125357547e-02 -1.7589067521e-02 6.1050948611e-02 1.6574291418e-01 9.2266439197e-02 -5.5951730845e-02 7.1108004362e-02 2.3076445711e-02
-3.7000279153e-05 -7.8358244659e-02 -5.8652543503e-02 5.4482791762e-02 -3.3992158690e-02 1.6323543721e-02 1.7839334752e-02 2.0091085861e-04 -4.9914961519e-02 -3.6388268495e-02 8.9001551075e-02 -2.1578176774e-02 -2.1703360780e-02 3.9139724856e-02 8.7052389222e-03 6.6130145135e-03 5.4438830963e-02 1.3575136712e-02 -8.8449249208e-03 1.2112290759e-02 -1.7113973126e-01 7.2621525262e-03 1.0586207575e-02 7.1093136068e-03 8.2694446127e-02 3.4738497603e-02 -3.5749606672e-04 -6.2448272976e-03 4.8464562025e-02 3.6972278032e-02 9.0259030765e-02 3.7282411186e-02 -3.9730362638e-02 3.2475978183e-02 -6.4114853819e-02 -6.9076987975e-02 -8.9571995434e-03 -8.6012187363e-02 -6.3090414500e-02 6.8463894171e-02 6.6364838813e-02 5.2475462448e-02 1.0318014977e-02 4.3312389138e-02 1.6354423966e-01 -8.3711781542e-02 8.0216985074e-02 -4.7596149698e-02 2.7840002711e-02 3.0764676430e-02 4.1542366087e-02 -6.9924020457e-02 -4.9108113240e-03 4.2136870702e-02 3.8605871116e-02 1.5812837619e-02 7.0718581732e-02 8.2540221688e-02 -1.4052045902e-01 6.7336651667e-02 -2.4904675676e-02 1.2668042565e-03 -5.4301843757e-02 7.1828137354e-02 1.5952435683e-01 -4.0070858124e-02 9.4071871030e-03 1.8832220088e-02 9.3789866311e-03
-1.3502959280e-02 -5.4503555048e-02 3.4423022386e-02 1.4850999036e-01 2.1124354025e-03 -1.3618952913e-02 7.0496785855e-02 -7.8348298952e-03 -4.6784850062e-03 9.1419638409e-03 5.5375986669e-02 3.4954964336e-02 6.0566438315e-02 -4.7829233918e-02 -4.2681984257e-02 -4.4524916079e-02 9.1625921498e-02 3.7241111430e-02 -2.8745909228e-02 -6.8886666098e-02 -8.8376206152e-02 -6.8193502863e-02 -7.9537299234e-02 3.3950090671e-02 5.0884105403e-02 3.6766097710e-03 1.1191778783e-02 7.8805163379e-02 4.4177603157e-02 1.0086311433e-01 1.0716797618e-01 -1.5220585738e-02 -6.3376654625e-02 2.0549238627e-02 -9.3828289734e-03 -1.0640395529e-01 -3.0933260452e-02 -6.7646577369e-02 -1.0991094988e-01 1.9645793096e-02 4.9065136444e-02 3.7808226275e-02 3.2026955484e-02 3.7900844873e-02 1.2002574001e-01 -8.6610246859e-02 4.7942158398e-02 1.1798913870e-02 -3.9404035775e-04 -4.0434767719e-04 -6.0358869450e-02 4.1839086839e-02 7.4998091252e-02 1.2585766699e-01 9.2684672386e-03 2.1129527351e-02 5.1407890826e-02 -1.6702877814e-02 -6.2730572597e-02 2.2957519864e-02 3.2046163307e-04 -5.6812988426e-02 -1.7173722857e-01 5.1977085238e-02 6.2596821308e-02 -5.6792831449e-02 2.2950765831e-02 -2.5404042864e-02 -4.0225534791e-02
-1.6029551546e-02 2.4392869157e-02 2.8430315800e-02 1.6223337511e-01 3.7449282653e-02 -2.8007956056e-02 -4.5142189603e-03 -9.0875867482e-02 -1.3418675646e-02 1.8310338152e-02 -4.2120908482e-02 6.3587037420e-02 7.5866250087e-02 -5.3719099572e-02 -4.9783715239e-02 -6.6398945269e-02 1.4891920431e-01 -2.5349994987e-02 3.5224478968e-02 -6.4536326640e-02 -1.6728986446e-02 -3.2397211497e-02 -9.0345676927e-02 3.0572970158e-02 -2.6117129214e-02 -2.8721576454e-02 2.8314344745e-03 8.3154428037e-02 -4.6772834757e-02 1.0337925397e-01 7.2351746474e-02 -4.1377701393e-02 -5.4659940096e-02 3.5397440424e-02 7.8742819184e-02 -1.0998263181e-02 -3.2962869613e-02 -4.1897995029e-02 -4.7475716119e-02 3.2275706594e-02 6.2145425700e-03 6.4426433701e-02 1.5471159859e-02 -8.2073776002e-02 -1.2029615978e-02 -5.6327694606e-02 -1.0399592284e-02 1.0219334016e-01 -3.5605866221e-02 9.7475590694e-04 -4.1095901443e-02 4.9806331416e-02 6.8713786124e-02 2.5110708332e-03 -4.3046990045e-02 8.4615837058e-02 2.1685764018e-02 -6.9139906171e-02 1.9419082990e-02 -2.7090633802e-02 -6.6668201048e-02 -7.9633794239e-02 -2.0302459864e-01 3.3662328754e-04 -8.2257606974e-02 3.4245715774e-02 5.3175800032e-02 1.0063995054e-02 -9.7619435740e-02
2.3533980320e-02 2.8093070902e-02 1.3631279364e-02 2.2151707820e-02 5.9745868196e-02 -2.4715467286e-02 -5.4764086218e-02 -1.3223265525e-01 5.5956068527e-02 5.7242772163e-02 -2.2739816468e-02 7.6024918617e-02 2.5756817730e-02 1.7778364498e-02 -1.8661865331e-02 -4.9893182273e-03 1.0131712061e-01 -5.1763497865e-02 8.6200155989e-03 -2.2226577387e-02 -4.8834871156e-03 -7.2795786409e-02 -4.1762992895e-02 3.0458133138e-02 -2.9488019093e-02 1.4219226744e-02 -1.5312894198e-02 -1.4226438359e-01 -1.1369035202e-01 6.3127807043e-02 -9.2594920523e-03 -5.0152499047e-02 -7.4151890535e-03 6.1835704913e-02 2.7588602082e-02 4.3695430775e-02 3.6073284804e-02 5.7123829469e-02 3.3165808792e-02 -1.4369891514e-02 5.3779479432e-03 5.1108296487e-02 -4.2813783652e-02 -1.3141565485e-01 -4.8134073609e-02 2.0522942044e-02 8.0005307870e-03 6.5194933552e-02 1.2936393344e-02 8.2358431313e-02 -5.1067396768e-02 -7.7365798974e-02 4.7014666181e-02 -1.0212596869e-01 4.9879445037e-02 1.2269396161e-01 6.9728716280e-02 -8.7009138416e-02 2.5651837318e-02 -2.1088246172e-02 -1.2178027820e-01 -3.1542417031e-02 -6.3878050582e-02 -5.4894356370e-03 -5.6499760057e-02 9.4007479710e-02 7.1320179896e-02 2.0126136029e-02 -1.2704588747e-01
4.9931820336e-02 -1.1765105486e-02 2.2429836580e-02 -1.0089861669e-03 -1.5064706506e-02 6.0362260928e-02 -3.3488683237e-02 -9.3524382180e-02 8.2515033737e-02 6.9280880282e-02 -2.4711218891e-02 2.8257960564e-02 -2.2137505667e-02 5.7686897884e-02 3.6691203717e-02 3.2486080368e-02 6.7104479484e-02 1.8565836324e-02 7.6569869412e-03 -2.0615553429e-02 -2.9305123562e-02 -7.8452497139e-02 3.7723528425e-02 4.0174237335e-02 1.0255577231e-01 1.2868159276e-02 -2.4576277487e-02 -3.0486188436e-02 -4.8012178606e-02 6.3727512068e-02 -1.8168833992e-02 -1.2011296721e-02 1.9592704039e-02 1.4885775015e-02 -7.1155858422e-02 6.3963296574e-02 8.0476042445e-02 1.5613822137e-01 -2.4497901057e-02 -1.7616925206e-03 6.4128489098e-02 -4.8078142005e-02 -8.2253400364e-02 -5.6463380780e-02 -4.0800374430e-02 7.7467340671e-02 3.4660558798e-02 -4.0250171185e-02 -8.4193790058e-02 6.5121778328e-02 -5.3740514316e-02 -1.8280875588e-01 1.4108563371e-02 -1.2657291004e-01 9.0153403663e-02 7.3320224451e-02 7.4492567183e-02 -5.9037040673e-02 5.0354056240e-03 -9.8690855167e-03 -6.5673355599e-02 -2.9829057420e-02 3.0249264491e-02 -2.3352884048e-02 2.3249307086e-02 1.7395177864e-02 4.3771884996e-02 2.6532486826e-02 -6.7853936747e-02
4.1962619324e-02 -7.2034759271e-02 3.9546494259e-03 6.7166426023e-02 -9.2192619673e-02 7.4343085461e-02 6.8336746315e-02 -7.5152550448e-02 8.4482155317e-02 1.0514351045e-01 -3.5708767217e-02 5.8515597694e-02 -1.8172104834e-02 6.0719573456e-02 5.5143451785e-02 1.0495300381e-02 -2.1991491734e-02 -5.6311414207e-02 -1.4118551706e-02 2.0900844579e-02 -3.5537818819e-02 -9.3388173900e-02 9.3198499044e-02 2.0441051911e-03 7.5400223607e-02 -3.7356327317e-02 -4.0341253136e-02 4.2197169466e-04 -1.1397564155e-02 4.4834204671e-02 5.2617147243e-02 2.0065385704e-02 2.2414901885e-02 -2.7449089551e-02 -4.3069200426e-02 5.2648477491e-02 3.8407626871e-03 1.7146867234e-01 -8.6179517928e-02 -1.7589633108e-02 6.3163331626e-02 -1.3299912576e-02 -8.9759847424e-02 8.9181481521e-02 -2.0579840889e-02 1.0017861437e-01 -5.9909612593e-02 -1.0756084321e-01 -6.0640957139e-02 2.9848179994e-02 -8.4958002174e-02 -5.4115825227e-02 4.6656415029e-02 -5.7609304624e-02 6.6303944931e-02 6.7170126727e-02 6.6388022072e-02 3.8125348931e-02 9.9040871987e-03 4.9196689416e-02 3.6315367554e-02 -1.6706944112e-02 3.7883476812e-02 -4.0870468700e-02 7.7912075403e-02 -1.7882710300e-02 2.6219546659e-04 4.2384018534e-02 -6.3012968176e-03
9.2935965275e-02 -4.8452543997e-02 -1.2468204898e-02 1.6651430982e-01 -1.1098225576e-01 5.2146213858e-02 5.7896804393e-02 -3.0100487517e-02 8.1700505888e-02 6.8119006540e-02 -4.6241173765e-02 8.8938736336e-02 1.8690522785e-02 3.0415250409e-02 5.0416417155e-02 1.9688435382e-03 -6.4417908750e-02 1.1815731875e-01 -1.2975023232e-02 -9.3628156244e-03 -3.2777370812e-02 -5.0957488593e-02 4.0475144189e-02 -3.9169905839e-02 -3.6742675414e-02 -9.2437527510e-03 -1.4671953931e-02 -2.8051446332e-02 -9.1405135459e-03 6.3308114555e-02 8.3950789307e-02 -3.6351309291e-02 -2.5623053608e-02 -3.2864033338e-02 1.5134796320e-02 2.8988013944e-02 -5.7312461405e-02 5.7016099284e-02 -8.6407643318e-02 -3.3875318223e-02 2.2985712685e-02 -4.6397177478e-02 -1.6525659957e-02 9.8344420804e-02 -5.0806345160e-03 5.5628551625e-02 -9.1692162589e-02 -9.9385394038e-02 -6.2444865998e-02 -3.0513220843e-02 -6.8205884688e-02 4.0778500442e-02 3.7464612769e-03 1.9190099185e-02 -4.0156362114e-02 3.6001674472e-02 2.7413993298e-02 1.4804720908e-01 2.3299958987e-02 2.0119318435e-02 4.9275100372e-02 2.9848385259e-02 -1.0443246904e-03 -3.4841053525e-02 3.7360546960e-02 -1.1571698721e-03 1.7812103728e-02 5.7618459859e-02 6.0863844632e-02
9.4148487007e-02 -3.6991456501e-02 5.8579054651e-03 7.8062455954e-02 -3.0528728232e-02 1.1573247794e-02 1.6877055714e-02 -4.9096067824e-02 5.4122804341e-02 -2.1457202661e-02 -1.0567790626e-01 1.0052488506e-01 5.3624306301e-02 5.1058472494e-02 2.5099321489e-02 -2.0323571472e-05 -3.0467186655e-02 1.4386867272e-02 -1.7613939217e-02 -4.7130389473e-03 -2.4966269391e-02 -1.1467330828e-02 7.7185541771e-03 -1.3242427456e-02 -8.3731442892e-02 3.3280717627e-02 -7.6036712324e-03 -9.0867827614e-02 -4.5379886279e-02 4.3560297427e-02 8.7869796924e-02 -5.4829126410e-02 -4.7287796638e-02 4.1083577644e-02 7.4733884497e-02 7.0014247994e-02 -6.1974180817e-02 -3.4555203733e-02 -5.2680233583e-02 1.5779807300e-02 -4.2331917122e-02 -2.9283123640e-02 5.5545224783e-02 3.7467152110e-02 -3.7287059634e-02 2.4271963997e-03 -8.4522131911e-03 -3.3340456592e-02 -3.3527131029e-02 -3.7569033253e-02 -1.8440943159e-02 1.3635587743e-02 -3.9180477693e-03 1.6560718685e-02 -5.1649638686e-02 3.7533348773e-02 -2.6262203723e-02 1.7351166776e-01 4.2024233625e-05 1.6156695679e-02 3.4186732250e-02 6.8515579160e-02 1.5274855356e-03 -4.9211615865e-02 -1.3397682308e-02 2.1888242530e-02 8.6175802535e-02 7.3075703241e-02 9.3283127176e-02
8.0430568980e-02 -2.9203579164e-02 2.6290400525e-02 -9.7998247313e-02 2.4255511331e-02 -7.9353178784e-03 -2.4016981541e-02 -2.0647038713e-02 5.4132788116e-02 -1.3300676887e-02 -7.5722108089e-02 3.9491865156e-02 6.2462851482e-02 8.5260691186e-02 1.1129608262e-02 5.6730416004e-02 -3.3898162954e-02 -3.9483014202e-02 1.1448690153e-02 -4.3126014862e-02 -5.6223918816e-02 -1.0626237095e-02 7.8997914558e-04 -2.0750857809e-02 -7.6301005296e-02 9.8077817130e-02 -2.9963452813e-02 -2.0339394424e-01 -1.2636553295e-02 2.0768933819e-02 2.2966774095e-02 -4.9851281829e-02 -5.2899866991e-02 4.5321442872e-02 9.7552160168e-02 7.5243108178e-02 6.1997847800e-03 -9.7082439041e-02 -1.4251274082e-03 6.5836659199e-02 -4.5320825219e-02 -6.0688107849e-03 2.7840164093e-02 -7.1557432380e-06 3.1170142590e-02 -6.2435143988e-02 3.6581436847e-02 3.8406272778e-02 -9.1402820579e-02 -2.3985471419e-02 -3.5633986322e-02 -1.1096692161e-01 -5.4022729366e-02 -4.1853128035e-02 -1.7911315799e-02 6.5535648668e-02 -3.6180620759e-02 1.5782177003e-01 3.3691082609e-02 1.6814109544e-04 -2.0941711383e-02 9.0838219845e-02 2.0922086570e-02 -2.5558698013e-03 2.2968954296e-04 1.6607870973e-02 9.1459588056e-02 1.2662027619e-02 5.3476527135e-02
6.7325668730e-02 -4.9775988995e-03 2.1684116581e-02 -1.3178750826e-01 3.9771320442e-03 -2.1118082614e-02 -4.4441900412e-02 -7.2052940179e-04 5.3417741844e-02 -1.8466657755e-02 -3.0824644326e-02 -2.4968528333e-02 4.7546615395e-02 1.0679401321e-01 -6.3168741907e-03 5.8556667561e-02 -2.6921400227e-02 2.8380015022e-02 4.2230586991e-02 -4.7196971826e-02 -1.5662475336e-02 -2.3168829180e-02 -1.2350824237e-02 8.5569793056e-03 -5.8669310974e-03 1.2129014853e-01 -3.1653324409e-02 5.3975365366e-02 5.9286201696e-03 3.1946109326e-03 2.9108904590e-02 8.9911059905e-03 -6.4518439815e-03 8.9305220327e-02 1.2757172075e-01 7.8307323699e-02 4.9530304709e-02 -7.6640795751e-02 -4.3696669006e-03 8.8736160155e-02 2.5935507072e-02 -2.9766462581e-02 4.5352653455e-02 -5.5232569458e-03 1.8141396106e-03 -7.3604612897e-02 4.9421868306e-02 -6.5731539120e-03 -1.5043300691e-01 -1.0205171282e-02 -1.4884631452e-02 -8.4647956363e-02 -5.5612656707e-02 -1.0347638673e-01 2.7844735027e-02 -3.3942362068e-02 -6.0295300287e-03 5.3253858655e-02 -5.8792463334e-04 -1.2263974499e-02 -2.6614726991e-02 2.7950266847e-02 1.0815663493e-02 1.7900461386e-02 2.0360878926e-02 -2.2071243829e-02 6.9614236464e-02 -1.5599972869e-02 -5.2792563563e-03
3.4400565063e-02 -2.8009544763e-02 7.4823912402e-02 -8.8142355157e-02 5.6531906142e-02 -6.5957773984e-03 -1.3538872976e-02 3.1386510871e-02 3.1052422922e-02 1.6483075202e-02 -1.6234064612e-02 -5.6636066106e-02 5.8729533919e-02 1.1649611047e-01 -1.7517887514e-02 5.1629728816e-02 -9.3129205992e-03 -2.2334019703e-02 5.4060157215e-02 -8.7925605976e-02 -5.6668059058e-02 -6.5148301981e-03 -1.8373274292e-02 -3.5738581242e-02 3.6477368022e-02 6.9119847748e-02 -5.0377196062e-02 1.1846925800e-01 1.0020154311e-02 -1.4838686631e-02 2.8912607148e-02 5.6281154454e-02 -4.1293701020e-05 5.8659826754e-02 8.8573389004e-02 -1.8901135960e-02 3.4324957099e-02 -8.9266014167e-03 -7.3805473158e-03 2.8426684346e-02 3.3235683089e-02 4.2725601929e-02 1.9930719780e-02 4.1744195848e-02 -4.8927712005e-02 -8.7064974315e-02 -5.0746214802e-02 5.4367744870e-02 -1.4656893866e-01 2.1906686894e-03 6.7825365328e-02 -4.7284905782e-02 -5.5302542523e-02 -4.5317439279e-02 2.0141903189e-02 -4.4601531364e-03 -5.1398535705e-02 -2.8737386884e-02 2.3920116052e-03 -2.3498139994e-02 -1.9593401869e-02 -2.6416440026e-02 4.0992345090e-02 4.2475630025e-02 1.9093425084e-02 -6.7747033880e-02 4.2459742249e-02 -3.1526758657e-02 -2.6592659964e-02
-7.7252199258e-04 -8.5975604960e-02 4.7353435414e-02 -2.6684823663e-02 1.0899116765e-02 9.9627243503e-02 -4.5379029766e-02 1.3469897679e-03 3.3735720892e-02 2.1056933977e-02 2.5485010237e-02 -5.0657105085e-02 3.1816156300e-02 7.0028702127e-02 3.2493237146e-02 2.5141194187e-02 -2.6620590097e-03 -1.8631280808e-02 2.0192706227e-02 -7.2197659566e-02 -2.0380085463e-02 4.4798340971e-02 5.4251356882e-04 -6.8621832108e-02 1.4619387010e-02 -2.3400102646e-02 -3.9426850865e-02 1.2205568154e-01 6.2168290972e-02 1.1141738094e-02 2.6142966654e-03 3.6937824874e-02 2.5869707704e-02 1.1875813861e-02 3.6792734618e-02 -5.6371102070e-02 5.1307378382e-02 5.6039727213e-02 1.4830171506e-02 6.6223537185e-02 6.2340067659e-02 -9.9431134667e-03 8.0467067679e-04 8.4885548512e-02 -2.9860988639e-02 -5.3810102795e-02 -6.0767858899e-02 -6.9091780379e-02 -1.4824031681e-01 -1.1793958026e-02 2.6201957456e-02 1.0873647850e-02 -6.2005250985e-02 -2.9793669342e-02 2.2030828658e-02 -7.5380067650e-02 -3.2656638367e-02 -5.0783574164e-02 -1.3033489157e-02 -2.9922368679e-02 -1.3522013377e-02 -2.8920555842e-02 -4.5120772055e-04 1.1046890656e-02 6.7389742816e-02 -1.0136546915e-01 -6.0065188788e-02 -3.0085614801e-02 -4.7360340361e-02
1.0142751896e-02 -1.3399093565e-01 1.0486341996e-01 5.1220308080e-02 1.1423168053e-01 4.1551381409e-02 -1.9884681279e-02 5.9655439219e-02 -3.8252742668e-02 3.0611302731e-02 -6.5683262034e-02 -7.1394868156e-02 -9.2181203078e-03 5.4615418858e-02 -4.8654431150e-02 1.0659463361e-02 -9.7157443413e-04 -1.3542877829e-01 8.4825080342e-02 2.3066409107e-02 -9.4609077439e-02 9.1489664310e-02 -7.9224471587e-02 1.0641473812e-02 -7.4092359659e-02 -9.9396152991e-02 -2.1429338929e-02 -1.2788792091e-01 3.4519167593e-02 -1.0533533448e-02 3.5781147658e-02 6.5122932022e-02 -4.5937508970e-02 -6.5315807784e-03 1.0635862149e-02 -5.2827235442e-02 -3.1784245938e-02 4.1388169060e-02 -1.3820408973e-03 -4.5408819748e-02 9.5709340495e-02 3.1856247306e-02 3.1208839691e-02 2.2385435907e-02 -5.6098085928e-02 -4.8447436145e-02 -1.8882399421e-02 -2.2072624853e-01 -9.3096922649e-02 -7.4121885509e-02 7.4324308827e-02 -3.9180278883e-02 1.2130257610e-02 -9.9317038990e-02 -2.3321327470e-02 -1.0248728286e-01 1.1365155013e-02 -1.2047822121e-01 8.2776776926e-02 -4.1910878256e-02 -3.8129683414e-03 -8.5992204989e-02 -5.6598577007e-02 2.3357077857e-02 5.2935575354e-03 -9.7469066731e-02 4.6594228065e-03 -4.8368429115e-02 -1.8966894090e-04
2.2997773537e-03 6.4357248697e-02 2.2296869936e-02 1.4392631622e-01 2.1438219300e-02 7.9082841798e-02 1.2492122254e-01 1.1363265265e-01 6.6399487586e-02 -4.4442812540e-02 -5.6643036751e-02 2.9198547261e-02 -5.2828201997e-02 -4.4909759296e-03 3.4465114539e-02 -5.6323470760e-02 7.2467970636e-02 1.7323355737e-02 2.4865103453e-04 6.5941632818e-02 -3.5861348270e-02 1.0289868274e-01 -5.4198712668e-02 3.5156556431e-03 -4.8727745861e-02 -9.7517723712e-02 -5.9631125956e-02 -1.4188695546e-01 -4.4794607552e-02 -2.6406138095e-02 2.5409794724e-02 -9.3769042171e-03 -1.3211619916e-01 7.0506648518e-02 1.0659066474e-01 -6.4676134841e-02 3.3582730568e-02 1.2917617833e-01 3.8687090503e-02 -5.3818430341e-02 5.5366551450e-02 -4.4187256269e-03 5.6849194758e-02 8.2516651551e-02 -8.1470891670e-02 -7.6192023919e-02 3.4042285188e-02 -1.4075169543e-01 -6.8357171623e-02 -8.1595851305e-02 -3.0787713472e-02 4.4790479485e-02 -1.4438898465e-02 -2.5978655433e-02 9.2513502780e-03 -1.0413588584e-01 3.0191690078e-02 -1.0535435431e-01 -5.4365128297e-03 -1.0756706456e-01 6.7915426572e-02 -2.7462616541e-02 -2.7255981028e-02 6.2941182215e-03 -7.5845707009e-02 -1.4421466022e-01 3.8345328489e-02 -1.6485111339e-02 6.8238639613e-03
2.2349600125e-02 -3.6798201349e-02 1.4935920838e-01 -1.4096843924e-03 1.8372329434e-01 2.2088998106e-02 8.4151705940e-03 -4.2793681446e-02 6.0841573821e-02 -4.6619026490e-02 6.8880948559e-02 -1.4668856508e-01 -7.0754393091e-02 4.5589700356e-02 -1.5717983342e-02 -7.3653265437e-02 1.3446088534e-01 1.4017045314e-01 -8.1347105507e-02 5.6609446952e-02 8.1290873147e-02 1.2466173068e-01 -2.8409581695e-02 9.3063750870e-02 -2.4045330673e-01 -1.9096598106e-01 -1.0670639328e-01 -3.3062020017e-01 -9.6904399399e-02 1.0061216652e-01 1.0103145351e-01 7.3993507402e-02 -1.3218793247e-01 -7.0120629994e-02 -6.6262557534e-02 -3.9414889702e-02 6.9416658201e-02 -1.2336448465e-01 2.4277855025e-02 -1.0276806215e-01 9.2976032078e-02 -4.1268421932e-02 -1.1679167303e-02 -2.9694938006e-02 1.3988428302e-02 -6.4304022945e-03 7.9955281004e-02 -1.7810908617e-01 1.0942959356e-01 -5.7441485919e-02 -4.0393721717e-02 -1.3915638187e-04 -6.6753513994e-03 2.4397365858e-02 6.6987552687e-02 -9.6281660719e-02 1.2913055061e-01 -2.1279615896e-02 7.8538155239e-02 2.3789574438e-02 -8.8490627545e-02 -1.0893697348e-01 -4.6795218531e-03 1.6504788653e-02 -1.4714005007e-02 -5.0687156242e-02 -1.2307301678e-01 -1.2834333597e-01 5.8785778908e-02
-1.2378586004e-01 -2.1315454089e-01 -2.2237097025e-01 -7.3679542667e-02 4.9596851932e-02 1.9329962629e-02 1.1623162328e-01 2.5658147701e-02 -2.5209253468e-02 8.7685499738e-02 -4.0751224171e-02 2.4951631818e-02 8.3806289168e-02 -4.3057579582e-02 8.9044493515e-02 7.9647394421e-02 -5.4970502247e-02 5.3421303541e-01 1.4417512333e-01 -2.2986768395e-02 -3.1394069653e-01 2.1039590969e-01 1.4293498274e-01 7.3031323605e-02 -1.0410303369e-01 -3.3500993412e-02 -3.7281888288e-02 -8.3565394576e-02 9.8905880537e-02 1.5430945941e-01 -1.5975407530e-01 -1.4139413280e-01 -5.7377849949e-02 -1.8996322470e-01 1.2846279607e-01 5.0449163977e-02 8.7974443534e-03 -1.5679032509e-03 -2.2304743853e-02 -9.8063629747e-02 -1.0662526918e-01 1.7122912412e-01 -1.0839452819e-01 -9.4827754506e-02 1.5859993370e-02 -3.4676782410e-02 -8.0402315793e-02 -1.0188011079e-02 2.8262182420e-01 -3.8902446641e-02 1.6550331939e-01 5.1491100392e-02 -8.1722573215e-02 1.5395218897e-02 4.9178322300e-02 -4.1408848097e-02 -8.9468990557e-02 1.3453071418e-01 1.9434595567e-01 -6.1841001908e-02 -8.3393133869e-02 -2.5410299289e-01 6.5387833253e-02 -8.2229537803e-02 -8.0786023060e-02 2.9670559647e-02 1.8679019545e-01 -4.9600829009e-02 3.5707539586e-02
-1.2823749171e-04 1.9579471690e-04 5.1062944486e-05 1.4970686133e-05 -7.0178048964e-05 1.0623030704e-04 7.5594499466e-05 3.5244927177e-07 -1.3603099355e-04 8.2288042481e-05 -1.5485489166e-04 -1.6737084043e-05 9.4237861198e-05 1.6989726189e-04 5.6665419341e-05 -1.7079812604e-04 7.4719304282e-05 -5.6832173898e-05 -1.5007385399e-05 1.1916683829e-04 -3.0746032303e-05 -7.7898697669e-05 1.0993278565e-04 -1.3376877829e-05 9.7203832719e-05 1.2015793729e-04 -6.8392995695e-05 -1.0812125538e-04 -7.3690372388e-05 3.0390801464e-05 -9.4133878843e-05 3.9549708970e-05 -2.0728980779e-05 -1.8570039966e-05 -1.1536457468e-05 -2.7024412211e-05 -9.7758879505e-05 -2.2841957790e-04 -7.2024670550e-05 -8.3484216895e-06 2.5498262185e-05 -3.5940448704e-05 6.5701865055e-05 -3.6938442948e-05 9.2958478715e-06 1.0719375898e-04 8.4571640981e-05 -8.0716766544e-05 -5.6784513811e-06 3.8107405305e-05 1.3050933681e-04 -7.3029335655e-05 2.9511542953e-05 -5.6183755020e-05 -5.5696564845e-05 -6.5126249720e-05 2.7950008716e-06 3.5923002810e-07 4.4790003487e-05 7.1837447606e-05 4.3835535191e-05 2.3725497105e-05 7.4997581502e-05 9.1607392493e-05 3.1514725074e-05 9.7952026255e-05 5.5829582104e-05 1.0428121168e-04 1.1575581677e-04
1.1720152588e-05 -7.6576106224e-05 -3.5792119474e-05 -1.3770711486e-05 -2.4832176237e-04 8.9752228613e-05 2.7818242622e-05 -1.8467509098e-06 8.4487522324e-06 -1.3640160500e-04 -1.8545197177e-05 -1.5799349870e-04 8.8395601579e-05 1.2338929235e-05 8.8225508479e-05 -2.3358444364e-04 1.2149547201e-04 2.6244207546e-06 -1.6580337992e-04 -1.5720886702e-04 -2.3347169942e-04 1.7450921715e-05 6.0582513813e-05 -1.9466186324e-08 5.8586251191e-05 1.1170820053e-04 -2.1971083174e-05 -1.3051642263e-05 -3.0756638714e-05 1.2708953339e-04 1.7456561991e-04 -1.0130006751e-04 -1.6288891262e-04 -5.4465309163e-05 -8.9991502401e-05 9.9974539189e-05 1.1050332293e-04 7.1424160215e-06 -1.6769476564e-04 1.3691425931e-04 2.3066878359e-04 -1.4517031132e-04 -9.0128333536e-05 2.6701078307e-06 -1.5837064081e-04 -7.3848100921e-05 1.0846183286e-04 -7.0221401434e-05 1.6892459557e-04 -2.8727838211e-05 -1.4544328871e-05 -9.9782934286e-06 -1.1340460548e-04 -2.2276943003e-05 5.3286200635e-05 1.4465988470e-05 -1.6911352674e-05 1.1499076542e-04 8.7188590599e-05 -3.4413335919e-05 -5.1998725296e-05 1.5877477286e-04 6.2352419133e-05 8.4870560876e-05 1.0776550972e-04 -1.1647887815e-04 -3.0717492238e-05 7.2166327889e-05 5.1973402706e-06
-1.1168516344e-04 -4.2090172081e-05 -1.6283440564e-05 1.4743043827e-04 6.2338020457e-05 -1.2276948722e-04 8.1940125953e-05 8.3106627251e-05 -6.0873876189e-06 1.0981483726e-04 1.9440070488e-04 1.6023033850e-04 -4.4313507332e-05 -1.4470655542e-04 5.4983368485e-05 -1.0725688747e-04 -1.0509098091e-04 3.6473311901e-05 1.3111754577e-05 4.6790685023e-05 1.2284542284e-04 1.3595010020e-04 -4.4408104475e-05 -1.0760622687e-04 -1.0812725341e-04 -1.1031451775e-04 -1.0724879920e-04 1.1839444950e-04 -1.2850464206e-04 6.5641189848e-05 9.1481172257e-05 -1.9547502038e-05 3.6052241914e-05 -1.6739343127e-04 6.2782570901e-05 1.1524669124e-04 -5.7118196105e-05 -6.8307110942e-05 3.8336973277e-06 2.2135787577e-05 -6.1573595862e-05 8.9115455068e-05 2.0439903330e-04 -5.6061320532e-05 2.0127882512e-04 -1.1333698583e-04 1.1273366062e-04 5.8802732069e-05 -4.5606231552e-05 -8.4775934676e-06 2.3221104951e-05 5.5190830088e-05 -2.8085056564e-04 4.2897207807e-05 -5.4906513449e-05 -1.6763635921e-04 -1.4539955738e-04 -2.6152002994e-05 6.0988621229e-05 6.7029684043e-05 -8.6084995890e-07 1.5750787133e-06 1.4208759652e-05 1.3872779898e-04 1.0855420426e-04 2.1962623470e-05 1.1403335451e-04 1.7780388686e-05 1.1371939179e-04
-5.4189230853e-02 1.7185965950e-01 4.3020903578e-02 -7.1960071912e-03 1.8283139352e-02 -5.8678150140e-02 1.2440303445e-01 -1.6346144915e-01 -1.1065636907e-01 1.9219088446e-01 -5.3668907681e-04 1.8674727216e-02 9.0697327217e-02 -1.1678775919e-01 -7.3994346945e-02 9.2629159523e-02 1.9838658042e-02 -2.1522131236e-01 -3.8970697873e-02 1.1805220655e-01 1.7141496201e-02 -2.8882360019e-02 -1.3420881828e-01 8.3585820007e-02 -3.6280689760e-01 1.0020789387e-02 1.1434413133e-01 -3.0821255546e-01 2.6550273225e-02 -5.9200422856e-02 5.6817033191e-02 1.8327593538e-01 -8.2128341405e-03 -8.7166033192e-02 8.4959515581e-03 1.7191078450e-01 5.3067694829e-02 -8.6992103283e-02 -4.1998034880e-02 1.8318309632e-01 1.1741439432e-01 9.9075077682e-03 -8.1975315715e-02 2.9989302086e-02 -1.9242135073e-02 -6.8428281388e-02 4.4858888572e-02 -5.4493361017e-02 -1.2552055817e-01 1.0976768627e-03 -2.1633439777e-01 -1.9044769096e-01 -1.6406344598e-01 1.7614866269e-01 5.8159291379e-02 1.1785248195e-01 1.2283396180e-01 -7.6435230626e-02 1.5698877978e-01 2.9428868804e-02 -1.0838856940e-01 -5.6063286960e-02 1.5503915932e-01 3.2902809797e-02 4.8330202088e-02 7.9164761008e-02 -1.7833057074e-01 -1.4397594068e-01 1.9480834743e-02
-6.0691980824e-02 3.1971073102e-02 7.0590979122e-02 -1.0892531004e-01 4.0396009635e-03 -1.8491523137e-02 4.4299662543e-02 9.8423970804e-02 4.1304524207e-02 5.6049995292e-02 -2.3211637715e-02 4.9044728855e-02 -8.0136833647e-02 -1.6387018867e-01 5.3365183177e-02 -4.9265165126e-02 -6.8549874702e-03 -2.3556338566e-01 4.9767387580e-02 2.6658061176e-02 5.6357963252e-02 6.4333183858e-02 -4.1166313481e-02 -4.2722329548e-03 -1.3242322940e-01 -1.2087787683e-02 2.7597007997e-02 1.6410467937e-01 4.1363067352e-03 -4.7432437366e-02 3.8309828291e-02 4.8917805852e-02 4.5259168479e-02 3.4618758975e-02 4.2857162958e-02 -3.0316856569e-02 -2.9706764575e-02 -7.1906919591e-02 -3.8026207941e-02 9.3522800181e-02 5.9463383966e-02 5.5853489201e-02 3.7418030237e-02 -1.0251756583e-01 -1.0623789823e-02 9.0614748337e-03 2.3285643005e-02 -2.7937524897e-01 2.0347455346e-01 -3.8467543621e-02 1.8653252784e-02 -6.1881016800e-02 -4.5126412601e-02 3.1924319341e-02 1.4092085897e-01 -4.3961204728e-02 -5.8026818266e-02 8.9242471584e-03 5.6016972610e-02 4.9693342338e-02 5.6464792594e-03 2.5350078426e-03 5.0370887397e-02 -7.7527372612e-03 -1.6474335577e-03 2.6763171542e-02 -8.3577380562e-02 -7.4227223411e-02 4.1723049734e-02
6.6586160585e-03 -4.0182420479e-03 3.6847412918e-02 -3.3006103324e-02 2.0093695032e-02 3.6644593034e-02 -6.0344651399e-03 -1.1911201632e-02 -2.0368347577e-02 -5.2665948439e-02 -5.5352343397e-02 4.8094338912e-02 -7.6875382112e-02 -1.5590547257e-02 -1.8452560592e-02 8.7733686316e-03 -4.1429838204e-02 -1.9183986687e-01 -1.1965474967e-03 -1.6278539321e-02 3.9389179423e-03 -1.5286599261e-02 -3.9771226597e-02 1.2369467644e-02 -6.5224948360e-02 2.0540561129e-01 -6.7286150177e-02 -1.3433655035e-01 1.8273413448e-02 5.8848600210e-02 1.1984758588e-02 -8.2269047802e-03 2.7981222809e-02 5.2644687085e-02 1.6238352167e-02 -1.2142024709e-02 -5.5186686589e-02 2.3999572915e-02 4.0825436639e-02 8.1519884041e-02 2.3044678020e-02 -1.0783900625e-02 -8.0466842477e-02 -4.5905586750e-02 6.6642878197e-02 6.6944589607e-03 3.4092953884e-02 -1.8981279726e-01 1.4755580031e-02 3.5331823132e-02 3.1752557662e-02 -3.1834830437e-03 -5.3018992331e-02 -2.7712889454e-02 5.5159423387e-02 -1.8634070545e-01 -2.9164024476e-02 8.5373774387e-02 -3.6165038967e-02 5.9896128518e-02 3.6253868846e-02 6.1477912135e-02 5.1138733382e-02 4.2662193922e-02 1.7969473873e-03 5.6735384339e-02 -6.0934520723e-03 -3.9794626709e-02 -1.1785794142e-02
-3.2810990767e-02 2.8507837604e-02 1.2000856508e-03 1.2206362355e-02 -8.8929464721e-02 2.3910407166e-02 -4.3631750367e-02 1.4206890131e-02 -1.5694322166e-03 -4.6177734134e-02 -1.4007683079e-02 3.5437600015e-02 -2.1817891929e-02 -3.9670365024e-02 3.9916287627e-02 -7.7871031390e-02 -1.0440013115e-02 1.0175030793e-01 1.8080945635e-02 9.7282855097e-03 3.0874136672e-02 4.7823781442e-03 -6.6160829443e-02 -1.8823502153e-02 -2.2762983439e-02 1.1969455678e-01 -3.4941039386e-02 -1.3276112379e-01 -1.2805009529e-02 4.4310511240e-02 3.1516488181e-02 -1.6923052759e-03 -2.9040253927e-02 -1.4643292941e-03 8.4453232178e-02 -3.0104189996e-02 2.9687264987e-02 9.8578715156e-02 -2.1439514264e-02 2.4331875276e-02 1.9369220824e-02 1.1837125805e-02 -1.3083757855e-02 2.4873042392e-02 1.2852110959e-01 -3.0838491137e-02 7.3103816436e-02 -2.5825074073e-01 3.6388017586e-02 5.0065202683e-03 2.2451843087e-02 -1.8246464332e-03 3.4353141099e-02 -1.9634999027e-02 6.0007796619e-02 -1.7366201759e-01 -1.9372543320e-03 1.6263248287e-02 -5.5309516331e-02 4.8674878655e-02 4.7754703644e-02 4.0110452652e-02 5.0396398487e-02 2.5137875311e-02 2.7597493348e-02 -2.1165367623e-02 3.3126765281e-03 3.6063596658e-02 -1.0783369145e-03
-7.1983124245e-03 3.1634295807e-02 -2.7451669257e-02 -2.8740817264e-02 -7.3462793200e-02 -4.4777158916e-03 2.5014507879e-02 -3.3640749009e-02 -1.2356640554e-02 -3.5478316269e-02 -4.6930969895e-02 1.1201854179e-02 9.2201044899e-03 -9.8130440346e-03 2.3769037278e-02 -6.0690451642e-02 -4.3813768830e-02 2.8674311769e-01 4.4839166117e-02 -8.2469088545e-02 5.4296569596e-02 2.0016359835e-02 -5.1970131140e-03 2.7797950302e-02 -2.1203760016e-02 1.3013542302e-01 -8.3002569710e-03 -9.0756089329e-02 6.4186153753e-02 5.9023014929e-02 -1.4229137117e-02 -3.7686236448e-02 -2.5723077816e-02 -3.2140053531e-03 1.1653335580e-01 5.0393128510e-03 9.4787998437e-02 1.2531774834e-01 3.0254124430e-02 -9.9947120987e-03 -1.1562991600e-02 5.0662155574e-02 -2.1357783732e-02 2.2256255895e-02 8.9923818251e-02 -6.9591569110e-02 1.6678789688e-02 -1.1292509762e-01 -3.2767664738e-02 3.9293497566e-02 3.2585841611e-02 -1.9677659897e-02 1.3593158367e-02 6.2769849427e-02 9.1526327720e-02 -4.8614797639e-02 -5.4665852892e-02 -2.0048791151e-02 -1.8442178198e-02 -3.3471258787e-02 8.3423845757e-02 1.6611015451e-03 -4.7861618984e-02 2.1734664200e-02 -3.9234884396e-02 -5.7161748089e-02 -6.2636718063e-02 3.0143488435e-02 2.0501841904e-02
-3.7111535157e-02 4.2809441763e-02 -3.1547061359e-03 4.3908179392e-02 -5.4401557055e-02 -4.7895607085e-02 -3.0747251436e-04 -2.9404063730e-02 4.0188497391e-03 -4.0873585468e-02 -4.8377959052e-02 -1.3026856021e-02 2.2433579405e-02 5.0885282886e-03 2.7002900694e-02 -4.0046655660e-02 -4.4272803909e-02 -1.9179600936e-01 2.1469765530e-02 -2.8095870585e-02 -6.9933407346e-03 2.3541373236e-02 -3.8608386139e-03 3.9752468417e-03 -8.9770227169e-02 -1.3405428028e-02 -3.3761592091e-02 3.3345865028e-02 -2.3468238725e-03 7.4864572715e-02 -3.2961385891e-02 -2.4964656852e-02 -3.8149398876e-02 -6.5944548982e-02 1.6214797976e-01 3.2202071215e-02 1.0195290543e-01 1.2925484536e-01 5.3814193137e-02 -6.0760475829e-02 -4.3474732129e-03 3.5786463450e-03 -3.2076737117e-02 -4.0518870408e-03 8.8257515499e-02 -3.6030480738e-02 1.5563914938e-02 7.3608859007e-02 -8.0043900224e-02 -3.0388951367e-02 8.1235395132e-02 3.2034087110e-02 -3.1847503605e-02 3.6846734766e-02 6.9946079478e-02 9.2720759879e-03 -5.7940424978e-02 -5.3021215448e-02 -2.7559884761e-02 3.2768540738e-02 6.2892609941e-02 -3.5700538607e-02 -1.1142586971e-01 -1.4774743792e-02 -1.5679492211e-02 -7.8537814878e-02 -2.1838217350e-02 -2.1360340850e-02 4.4583028172e-02
4.2306588782e-02 4.4254607582e-02 -2.4301534957e-02 2.2382578657e-02 -6.5917527472e-03 -3.4160424679e-02 -3.2054162496e-02 -4.9374299760e-02 1.8327855347e-02 -7.0390478755e-03 -4.2753139186e-02 -4.7638094411e-02 -3.2641246626e-02 2.4418797726e-02 2.5518757417e-02 -3.4952496853e-02 -3.9321939452e-02 2.1353632238e-01 2.5163602281e-02 -3.4452034006e-02 -2.8844727094e-02 -4.1890622018e-02 1.6104725131e-02 -2.1931168289e-02 -1.3217835386e-01 -1.1043418368e-01 -5.3652155047e-02 8.6015894716e-02 -6.5983897844e-03 7.3146329201e-02 -5.9667752442e-02 -1.6597811215e-02 -7.0690834227e-02 -7.4277723622e-02 1.6961821582e-01 6.7133930285e-02 8.4038896509e-02 8.0215205057e-02 7.8025486662e-02 -1.1314055117e-01 -6.6209928361e-02 -7.1979049123e-04 -3.1632056173e-02 -4.4783984224e-03 -6.7056098062e-02 -4.1255756674e-02 -4.6430152221e-02 1.8754784293e-01 6.6257889578e-02 -2.8652169387e-02 -1.8429255234e-03 6.5747799775e-02 -6.3491456485e-02 2.6024175214e-02 8.0158432176e-02 1.0892031538e-02 -3.3072762935e-02 -1.7501653258e-02 -2.3699622146e-02 1.7849640890e-02 2.6947217523e-02 -9.0421380974e-03 -1.2956103051e-01 -7.2240907138e-03 7.1859393287e-04 -4.2512751426e-02 -3.4330910090e-03 2.8469711166e-02 2.4975618457e-02
1.0875761435e-01 -2.5775863019e-02 -4.7290805895e-02 8.7691418824e-03 1.6277775742e-02 -2.7017361002e-02 -2.4119051009e-02 4.6515297549e-02 -2.9002288157e-03 2.2092365343e-03 2.2634221679e-03 -6.3259491256e-02 -4.5203164257e-02 4.6621910733e-02 1.3807660957e-02 4.7162309950e-02 -3.3169416977e-02 3.5342582214e-02 -1.9428107728e-02 3.9878083398e-03 -7.0374565042e-02 -3.7990993808e-02 2.3830278749e-02 -6.1300814622e-02 -8.3585570192e-02 -1.6439158987e-01 -3.0431758885e-02 -1.1466030384e-01 -1.1034600688e-01 -6.6927753801e-03 -8.5898549297e-02 3.1418000496e-02 -7.0828679272e-02 -9.0191590865e-02 6.9911179140e-02 1.2016493061e-01 1.2900159577e-01 -1.7991926394e-02 3.6584848977e-02 -3.7334068767e-02 -6.7724525241e-02 1.2930411439e-02 6.5375282485e-03 -6.2922619722e-02 -1.4155355976e-01 -6.4696460857e-02 1.4252268776e-02 1.3537344903e-01 1.3704240986e-01 -1.8723729620e-02 1.2690388808e-02 2.2205565783e-02 -1.0092869771e-01 1.6208507963e-02 9.4602263446e-02 -4.4944353955e-03 4.0657248816e-02 1.0919672835e-02 -2.3005885819e-02 1.5428940919e-02 -4.7307703935e-02 1.4969611085e-02 -4.4690916677e-02 -3.3864882251e-02 1.0605550587e-01 2.6777980959e-02 -3.7087901977e-02 2.6396592769e-02 4.7483313030e-02
6.2637913083e-02 -4.7043376751e-02 -7.5107487679e-02 -3.1939491400e-02 -5.9375898086e-03 -2.7520795071e-02 -6.7091115483e-03 9.1798424211e-02 -4.2539323716e-02 -1.9380532966e-03 4.2605984774e-02 -6.8792930909e-02 -2.2699551163e-02 3.5375010199e-03 2.1129345406e-02 8.3045380943e-02 -2.6550084566e-02 1.1235083534e-02 -4.3549023160e-02 -1.0964725051e-03 -1.0833599194e-01 -3.1697260349e-02 2.9410176294e-03 -3.9350399781e-02 8.5233111778e-02 -9.6719910821e-02 -1.6895594986e-02 -5.5296671492e-02 -5.7330284123e-02 1.8038249714e-02 -3.5093506609e-02 4.1915327686e-02 -3.8541648429e-02 -5.0203126366e-02 -9.6324215199e-02 8.8442324036e-02 8.7901672637e-02 -7.0396953543e-02 -4.1753995159e-02 4.2631858919e-02 -2.9408167378e-02 1.1223435723e-02 1.6141487017e-02 -1.0080155954e-01 -5.2643603794e-02 -1.6725195824e-02 6.9007779889e-02 8.5969370931e-03 1.0331122061e-01 2.3837393324e-03 3.8447172121e-02 -5.1097793119e-02 -5.6861519994e-02 1.7763480274e-02 1.0865465847e-01 -1.3315045758e-01 8.3996467095e-02 1.2008076342e-01 -1.9223890051e-02 5.4798684967e-02 -4.6445721898e-02 3.8842127439e-02 -1.4869701384e-02 -1.0943471520e-02 1.2664288599e-01 4.3639457922e-02 -8.9825622171e-02 7.8155116710e-02 3.6784771184e-02
1.8238647334e-02 -8.0639939718e-02 -9.9143735891e-03 -5.6332101159e-02 -6.8771237194e-02 -1.6225238565e-02 2.0974320924e-02 1.0954757610e-01 -3.3372175830e-02 -2.6291699839e-02 1.3851480405e-02 -5.8495490574e-02 4.5924053484e-02 -2.7988464836e-02 1.2221985100e-03 7.6770612561e-02 1.8838277893e-02 -1.1173516389e-02 -5.3304306083e-02 -5.3486374303e-02 -1.2267398456e-01 7.5377985207e-03 -4.8829442055e-02 -1.0562951388e-03 7.3178303768e-02 -2.6655872857e-02 -1.1523787778e-02 -5.0702806950e-02 4.6208317505e-02 1.0848913826e-01 3.9703493165e-02 1.7876926399e-02 -4.6523624761e-02 3.0162788805e-02 -1.1116226103e-01 -4.1777815981e-02 5.5351809373e-02 -8.4500729892e-02 -1.0133246042e-01 1.2209074419e-01 2.8503918950e-02 1.7168274086e-02 -2.0564459330e-02 3.9405018444e-03 9.7047048611e-02 -3.3884349673e-02 4.2650364481e-02 -4.0235056872e-02 -4.4856732794e-03 -3.0710777613e-02 4.3922314517e-02 -8.5361135133e-02 6.2433105821e-02 7.6295007550e-02 3.0958387941e-02 -1.8170283746e-01 9.7155240908e-02 1.0948077269e-01 -3.9985774223e-02 6.2837377250e-02 -4.0998917030e-02 3.4887752144e-04 -7.6246611369e-02 -1.2361261963e-02 1.3116907129e-01 -4.0826932365e-02 -6.3224878413e-02 3.6862402176e-02 8.8867344808e-03
-4.3911193235e-02 -2.2238809338e-03 6.2120632233e-03 1.9855264619e-02 -3.7277221589e-02 5.4652697519e-03 8.6291918352e-02 1.1378381903e-01 9.7870153941e-03 -2.0789318892e-02 -2.8219685866e-02 -8.3714515809e-03 7.0830832496e-02 -6.0552116868e-02 -1.0378253014e-02 1.5253181178e-02 2.8081442980e-02 -9.2315263165e-02 -3.3851335733e-02 -7.6723286531e-02 -2.0988528748e-02 4.9015344959e-02 -9.2151004217e-02 -1.9127974335e-02 -3.1031398528e-02 -1.9854923073e-02 1.6576638616e-02 -1.4615393473e-01 8.7480934714e-02 2.0557442388e-01 4.4783931092e-02 1.4898837967e-04 -2.3921565090e-02 5.0505737671e-02 -3.2468196493e-02 -9.3198137823e-02 6.8805169442e-03 -1.1253692498e-01 -9.9541804409e-02 1.1382302481e-01 7.8611213076e-02 4.0617500502e-02 -6.0797156458e-02 3.3885348530e-02 8.9156420949e-02 -1.1093180636e-02 9.3415240838e-04 1.8772542327e-02 -3.9364943845e-02 -5.0532469711e-03 -2.4268672620e-02 2.9972115001e-02 1.0061978328e-01 8.6132714454e-02 -5.7150727462e-02 -1.3703080184e-01 6.2702240088e-02 1.7011270494e-02 5.6399564866e-02 4.1324334222e-03 -4.4293621728e-02 -5.8732199952e-02 -1.3007657846e-01 -1.4771797185e-02 -1.4974604971e-02 -3.2535200394e-02 -7.3594774623e-02 -2.0977274792e-02 -3.7575692853e-02
-6.2092025152e-02 2.2951135744e-02 -3.1367999917e-02 1.6318426293e-02 6.4140086809e-02 -1.2567264661e-03 1.6581471207e-02 8.4719896046e-03 2.7107571747e-02 1.4103992077e-02 -1.2530721318e-02 6.2434962144e-02 3.7195646186e-02 -8.6294361234e-03 -1.1082329698e-02 -1.6040685087e-02 9.7246395462e-02 7.2433096952e-02 -1.7747495797e-02 2.7783666718e-02 8.2672730724e-02 9.9793751221e-02 -3.2894825750e-02 -1.4980917568e-02 -1.0648129560e-01 1.2799589347e-02 2.1686016878e-02 -1.2121882323e-01 1.2585087535e-02 1.9615834264e-01 2.7126993955e-02 -1.9527333147e-02 8.5025460315e-03 8.0819719941e-02 6.6522705175e-02 -3.8014046128e-02 -1.1968246452e-02 -7.5173193005e-02 -7.8025772931e-03 5.4365859751e-02 4.4905217666e-02 8.3490083107e-02 -6.0028789395e-02 -8.1895747211e-02 6.6442241787e-03 -1.6705180371e-02 1.4750019211e-02 1.1901678894e-01 -5.5117621483e-02 2.1209835760e-02 -9.6053042590e-02 1.1097611936e-01 7.9717989566e-02 1.4780892020e-02 -6.3683178760e-02 -1.6172920881e-02 3.5696818393e-02 -4.3892804070e-02 6.3946625725e-02 -9.3610452091e-03 -9.4210439618e-02 -8.7833869186e-02 -9.9668473581e-02 -3.6894795138e-02 -9.7299999696e-02 6.1884637751e-02 -2.2672537199e-02 -1.1280036915e-02 -6.4974425313e-02
9.1943895645e-03 6.7065166300e-03 -2.9640813813e-02 -4.9329725599e-02 3.3711212275e-02 -2.6983983400e-02 -4.1765816224e-02 -7.2077840344e-02 4.7294149721e-03 5.6900548749e-02 3.0044311432e-02 7.0961561169e-02 -5.4321883057e-02 7.3388212566e-02 3.4986779277e-02 -3.6121404205e-02 1.2268097335e-01 9.7034716241e-02 8.5748721799e-03 1.0630000084e-01 1.1874031798e-01 9.8630910877e-02 -4.1231475937e-03 -4.1024419159e-03 3.6255927730e-02 6.9754536457e-02 1.2208718198e-02 -8.2093568268e-02 -5.9574995094e-02 1.2071025168e-01 4.9743735928e-03 1.2055502910e-02 -1.0278831660e-02 1.0295477901e-01 4.9556927417e-02 1.1477779451e-02 1.7348522283e-02 4.3913455073e-02 8.1091250579e-02 1.8436794075e-02 5.6797324050e-02 4.1547409467e-02 -4.7770159718e-02 -1.2853563071e-01 -1.4019309748e-02 1.7226387668e-02 2.0066466069e-02 1.5447842806e-01 7.1775393630e-03 4.9973098194e-02 -1.1213400454e-01 6.1851935828e-02 4.0271701585e-02 -7.3066092231e-02 7.6872072894e-02 4.3809522580e-02 4.7728060828e-02 -3.9936753889e-02 4.1148322995e-02 -3.2799449874e-03 -9.6292569208e-02 -9.9205759964e-02 1.2339204141e-02 -5.3528921702e-02 -8.2537880705e-02 1.0321934777e-01 3.5053711148e-02 -3.3445589582e-02 -5.8438898596e-02
4.9847918639e-02 -5.0572911590e-02 3.0810453023e-03 -8.3483134075e-02 -7.0283155282e-03 5.7403810414e-02 -3.2310919899e-02 -6.1206853458e-02 3.0725746921e-02 1.0412849835e-01 3.8435930037e-02 6.1592679999e-02 -1.0481662500e-01 8.5428581196e-02 5.9157869581e-02 -3.7476825131e-02 6.4311694142e-02 9.7093662918e-02 -4.6442426576e-03 5.1100483851e-02 5.5521162885e-02 1.0056193261e-01 3.1766274170e-02 1.0126652908e-03 1.7702100495e-01 1.2436972928e-02 -9.6970806124e-03 1.2192980420e-01 -4.8568755443e-02 6.5424081935e-02 3.5881498955e-02 2.3265608070e-02 -4.1011833153e-02 7.5517046221e-02 -4.4005364735e-02 5.2951449210e-03 8.2298513314e-02 1.3053600012e-01 2.1301892323e-02 -9.5873447076e-02 6.7714868704e-02 -2.0455000127e-02 -3.1667230130e-02 -7.7545981407e-02 -1.2820075425e-02 7.5286420976e-02 -8.1999131956e-03 9.9869513739e-02 -1.2256826250e-01 -1.1675507987e-03 -6.4003366460e-02 -7.7527911632e-02 3.2274084690e-02 -9.3413172631e-02 1.2869646685e-01 1.9098337146e-02 4.4087352489e-02 6.0280218577e-03 -3.1556327625e-02 3.1929574764e-02 -2.1920649515e-02 -7.7708466331e-02 4.3938039347e-02 -1.6508004992e-02 -6.3407841676e-03 5.8091866888e-02 -1.8591583911e-04 -1.8703542540e-02 -2.5203484902e-02
7.7795944233e-02 -4.9125048245e-02 3.7642789445e-03 6.5812345403e-02 -1.2239859645e-01 1.2832183007e-02 4.3901401544e-02 -4.3907234822e-02 1.3275085178e-02 9.9005462657e-02 1.9364555650e-02 3.7755849106e-02 -6.3185086608e-02 1.3618606885e-02 2.9709992922e-02 -6.9778712613e-02 2.5488498851e-02 -2.5376456053e-02 -1.7717323231e-02 -3.2245599476e-02 5.5925619188e-02 1.0332234876e-01 1.5888147196e-02 -3.7509817407e-03 1.4858354323e-01 -6.2038027779e-02 -2.3315574937e-02 8.5123066471e-02 1.1650774538e-02 6.7235270990e-02 6.9138923799e-02 -3.0707912004e-02 -5.7456418435e-02 -2.4621016915e-02 -3.3472483161e-02 -1.5230441278e-02 1.9603144388e-02 1.3542022592e-01 -3.1179817027e-02 -1.1026171191e-01 1.4988447356e-02 -6.6885791512e-02 -1.2491502061e-02 6.4790394118e-02 -2.1953100189e-02 1.0321194604e-01 -8.8934091757e-02 2.1101250327e-02 -1.1563405926e-01 -5.6226230711e-02 -5.3234320695e-02 -1.1943897891e-01 5.6317178384e-02 -2.7744497016e-03 4.8403473113e-02 5.9775359350e-02 -3.1167780796e-03 4.6171348272e-02 -4.8701344416e-02 5.1162682936e-02 6.9321462394e-02 -4.3774032968e-02 3.7111457342e-03 1.0977394299e-02 3.8086161004e-02 4.9990026894e-02 -2.6987441032e-02 -1.0530121866e-02 1.3699575335e-02
8.9303301087e-02 -4.4383368229e-02 -2.4143181943e-02 1.1169218888e-01 -9.3526220332e-02 1.8068754056e-02 7.4463988143e-02 -8.5579151179e-03 1.1921275174e-02 6.5633940758e-02 -4.8448535652e-02 6.7066540626e-02 1.0452001504e-02 -8.5908357881e-03 -1.7208860681e-02 -5.7165465426e-02 -5.4374822711e-03 7.2511285312e-02 -2.4117236112e-02 -9.1355810517e-02 2.1145086401e-02 8.5386896989e-02 3.6978178390e-02 -1.4051921361e-03 -1.9978915916e-02 -6.6904410147e-02 6.8369153993e-03 -2.4278903513e-02 1.9409252879e-02 6.7687796795e-02 8.1133898128e-02 -4.8023417756e-02 -6.8447151461e-02 -3.1918617710e-02 6.3355840916e-02 2.0840380519e-02 -5.4780607596e-02 5.5800528732e-02 -5.1597681300e-02 -8.0466959588e-02 -3.2211477253e-02 -5.7140767917e-02 1.1286979364e-02 7.6479750507e-02 -6.8736964296e-02 3.7474379848e-02 -1.1622519166e-01 -3.2093048129e-02 -5.3860500111e-02 -8.0161078738e-02 -2.3300152418e-03 -1.5281005344e-01 4.0219201865e-02 4.6803524295e-02 -4.7851568751e-02 6.3012784425e-02 -1.4336505347e-02 9.3410935950e-02 -1.8156884764e-02 7.5833020497e-02 4.9556485110e-02 1.9740439487e-02 -1.5729960513e-02 1.7469708337e-02 2.0210827793e-02 6.9794583747e-02 -3.3230247434e-02 2.7882991538e-02 2.3916175338e-02
8.4607607817e-02 4.4799180601e-02 -1.0363755587e-02 7.2064896499e-03 -2.6857073996e-02 -6.3326221731e-03 3.3290233637e-02 -2.0669927744e-03 -1.3680309393e-04 2.6045234614e-02 -5.6893145711e-02 5.6864563142e-02 3.4917209285e-02 -9.5408190841e-03 -3.2094824040e-02 -1.0106048790e-02 -8.1202137154e-03 -7.3963234948e-03 -4.6336863582e-02 -6.0448195090e-02 -4.6005165716e-02 2.2058646218e-02 -6.3890173860e-03 -4.1348004137e-02 -1.3230992706e-01 1.2163998182e-03 -3.4911140250e-02 -7.3861239004e-02 2.2906313604e-02 4.8135595682e-02 8.8852060140e-02 -7.8945263314e-02 -3.0484744566e-02 1.4572578409e-02 1.6207254329e-01 7.0335790794e-02 -4.2294063946e-02 -8.5411249229e-02 -3.6568235045e-02 -1.8150922901e-02 -6.1118444158e-02 -1.4857936110e-02 -3.0398104753e-03 3.2163411655e-02 -1.4894449162e-02 1.4943101230e-02 -1.1537863605e-02 3.3038097584e-02 9.4138106076e-02 -5.7552772642e-02 -3.0687709086e-02 -1.4819637745e-01 1.1076724638e-02 6.9130150980e-02 -6.4404796946e-02 4.9837290390e-02 -1.8850567834e-02 1.0473808671e-01 3.0380682623e-02 5.3532021061e-02 1.9610619299e-02 2.5375468812e-02 1.1751091239e-02 1.7091565097e-02 -2.6986929834e-02 1.0269590995e-01 2.8973762261e-02 6.9886507610e-02 6.4647349289e-02
6.3184350992e-02 3.8577600569e-02 9.7429010177e-03 -1.2346530233e-01 5.9341110965e-02 -6.2432690628e-03 5.2345741853e-03 -1.3167883874e-02 -6.6151182018e-03 -3.6968079125e-04 -6.2288641003e-02 3.2123706748e-02 4.7533601421e-02 -3.3988981589e-02 -2.7040440283e-02 -9.4135167510e-03 7.6960861243e-05 1.2288179877e-01 -5.5688136370e-02 -9.7906289133e-02 -2.2586636672e-02 -4.4129395020e-02 4.2756592033e-03 -7.0935016025e-02 -1.5162092942e-01 1.2185074113e-02 -3.8950914490e-02 -5.4176477873e-02 -2.2573472124e-02 1.6820056351e-02 3.6508225267e-02 -1.0974385367e-02 -3.9422010176e-02 9.3200712499e-03 1.1605312521e-01 4.1838835726e-02 2.6319398268e-03 -4.6865888583e-02 -1.5980332114e-02 7.5135269029e-02 -8.7752449049e-02 1.0087396293e-02 1.6049722639e-02 -4.3714180045e-02 9.3786463607e-03 -1.0566066310e-02 5.6195111768e-02 3.1158532409e-02 -1.0392381716e-01 -1.8275201259e-02 -8.1294660171e-02 -1.2547944719e-01 1.3977782724e-02 4.6809000466e-02 -4.7156325121e-02 9.8391129751e-02 1.9771648368e-04 1.1511475599e-01 1.3373496653e-02 3.5254256744e-02 -3.0569390587e-02 1.9313060452e-02 5.7709119048e-02 -5.1936325368e-03 -2.6777061197e-02 1.0085639860e-01 4.0258468997e-02 2.4770666657e-02 1.6914222876e-03
2.0635966210e-02 -3.6225807923e-02 4.9064769455e-02 -1.4953883580e-01 4.8290185577e-02 7.3691982861e-03 -1.9660928111e-02 2.9631860722e-02 4.2864768371e-02 1.8770249879e-02 -6.3546178689e-02 -4.9965428503e-02 4.8617944661e-02 5.8660016031e-02 -2.3362161997e-02 2.1198369378e-02 3.3481554214e-02 1.9308861219e-02 -2.2934164067e-02 -7.8157601728e-02 -1.2302929875e-01 -5.5038016106e-02 5.2936370688e-03 -2.2355128253e-02 -1.3055730783e-01 3.4567383060e-02 -7.0396970179e-02 1.5861738921e-01 4.9952369697e-02 -6.3139655062e-02 2.4467701177e-02 -1.1190789474e-02 8.3217010306e-03 3.9617021058e-03 8.3694121335e-02 5.2898605163e-02 1.1468283585e-02 -8.4913166642e-02 1.2324166307e-02 5.1460790379e-02 -7.1814806592e-03 -1.2353000582e-02 3.1546316217e-03 -2.6791152923e-02 -5.7410416357e-02 1.3599120114e-02 9.8745675480e-02 -2.4621627331e-02 -1.7486517674e-01 -1.1166655649e-02 -2.7504474699e-02 -1.1397402447e-01 -5.9635369716e-03 -2.5892829686e-02 2.4326565592e-02 -6.5002207352e-02 2.1452156165e-02 3.1374182828e-04 -1.7375164755e-02 -3.2416992385e-03 -2.1992687753e-02 3.0301894303e-04 7.5268844803e-02 4.4995596446e-02 -4.4892245206e-03 1.6018886138e-02 5.5283808724e-02 -2.0984181688e-02 8.3977211144e-03
-1.6177709030e-02 3.3422801650e-02 6.2370408485e-02 -9.4790970140e-02 4.8452157429e-02 4.0511429852e-02 -2.0924907070e-02 2.8729116810e-02 -1.7585427520e-02 4.9254431625e-02 -1.4732277853e-02 -5.0975944412e-02 -3.6934789590e-02 6.1102766181e-02 -3.2606910502e-02 1.1485280122e-02 -5.8829699208e-03 1.0237845934e-01 2.5689809851e-02 -9.0354715441e-02 3.0561780930e-02 -5.0487264941e-02 -3.3543352176e-02 -5.3666091004e-02 -5.3229965552e-02 6.4061276972e-02 -5.7861053537e-02 1.7700708051e-01 5.7042886628e-02 -8.8700280948e-02 -5.9843725799e-03 7.6214695900e-02 -7.3069642462e-02 6.0094331819e-02 9.8431044174e-02 4.4437751704e-02 2.5948849317e-02 2.1415849130e-02 -2.6071075028e-02 1.1474301974e-01 1.0968263883e-02 -2.3519502933e-02 3.7173558419e-02 6.1433557612e-03 -7.3031681366e-02 -5.9694053289e-02 5.3152866811e-02 -1.6292802172e-02 -1.7181622686e-01 -2.1832387582e-02 1.7835344019e-02 -3.7468291505e-02 -2.4313052737e-02 -7.7705257008e-02 -1.3478058601e-02 -8.4027404041e-02 -1.3678700038e-02 -6.2976600879e-03 -5.5602659367e-02 5.3768514378e-04 -1.0510623117e-02 -3.3612925750e-02 3.8616288751e-02 3.7507160331e-02 7.0929410323e-02 4.5814315086e-02 -4.5712399215e-02 -2.5957051266e-02 8.2137293531e-03
-1.3879609114e-02 -4.8807021923e-02 5.8568955338e-02 -1.5561006300e-01 5.1024741042e-02 3.9286144186e-02 7.0339277275e-03 2.1264128326e-02 3.0782865407e-02 6.6382703198e-02 -1.9692903263e-02 -6.7369323014e-03 -4.9034393881e-03 8.4493320628e-02 2.1136791885e-02 3.4555428397e-03 1.3924891308e-02 3.3998073765e-02 -1.1384030863e-02 -4.3325015071e-02 -8.7598065415e-02 -6.8739394188e-02 -2.5980838797e-02 -3.4796048395e-02 -3.1784240248e-02 -1.3631649813e-01 -3.5176857900e-02 4.1749087614e-02 8.4898156569e-02 -1.5417555931e-02 4.5508660294e-02 1.1162346011e-01 -1.5885328445e-02 -3.8724694033e-03 1.7206599481e-02 -7.6587125765e-03 4.1788388808e-02 -9.3026024486e-03 5.1142714813e-02 1.4338785558e-02 3.5436468815e-02 -4.5906106032e-02 -1.4788657178e-02 3.2904637568e-02 -1.1253217419e-01 5.2256985812e-02 7.8331230774e-04 -9.1427768158e-02 -1.8340465353e-01 -1.9233255248e-02 -1.1410206491e-01 -2.0769393545e-02 -2.7672840851e-02 -5.1491665613e-02 -5.0318963652e-02 -1.2561911097e-01 1.9378712696e-02 -1.0562029948e-01 -1.5958338030e-02 8.7936657866e-02 -1.1425239054e-03 -2.8739350080e-02 4.0836245301e-03 -3.3118301650e-02 4.0928461082e-02 -4.2403581154e-02 -8.0379687410e-02 -9.9161858251e-02 -1.0317543600e-02
-7.6414682090e-02 -3.1050048923e-02 2.8243507359e-02 2.8447151198e-03 5.6806600202e-02 -5.4898299969e-02 8.6110876250e-02 7.4872564008e-02 -1.4537087753e-02 2.4414427644e-02 1.0060365920e-02 -2.2087569703e-02 -7.0238081534e-02 2.0551181945e-03 3.0596533643e-02 2.9609101081e-02 1.0806757042e-01 -1.1892171347e-01 -1.5786355282e-02 1.4216291476e-02 1.3674634544e-02 -1.9360265664e-02 -6.6558858179e-02 5.4924750841e-02 -8.7237777856e-02 -1.8341497172e-02 -4.8590650270e-02 -5.9559686048e-02 -2.7806097317e-02 -9.9858174828e-03 7.4431215448e-02 7.7783949037e-03 -2.1361988699e-02 1.3624965569e-02 3.6361470652e-02 -5.0426946279e-02 -2.7736300027e-02 4.5267274239e-02 -5.9442496301e-02 -2.9173246879e-03 1.3520402618e-02 3.1076296033e-02 2.9062735706e-02 -8.4102585029e-03 -4.5217542580e-02 -7.9542732139e-03 -4.5494934875e-02 -1.7941911859e-01 -3.4105242848e-02 8.8269957112e-03 4.3101680495e-02 8.2804763418e-02 3.2227119785e-02 2.4174794771e-04 3.2640075004e-02 -6.4911255604e-02 6.9785777032e-02 -1.0554449000e-02 -1.6588975009e-02 2.6894510049e-02 5.6035731888e-02 -6.2729919395e-02 3.8458674030e-02 2.5348073557e-02 -6.9303295024e-02 -9.6333433234e-03 -5.8160736835e-02 2.2182081369e-02 2.3328691597e-02
-3.8927663589e-02 -9.2576892552e-02 1.3931765403e-02 -1.0252787289e-01 1.0252891862e-01 -5.4460659847e-02 3.5774200280e-02 6.9768165723e-02 -9.2248689076e-03 -2.8989147793e-02 -1.4224340176e-01 4.0661419368e-02 -5.3535028772e-02 -1.2882365883e-02 -4.6740926637e-02 -2.5298300813e-02 2.1312201457e-02 1.3061695011e-01 -1.9270455694e-02 1.3570841941e-02 -1.4646505814e-01 9.5007155357e-02 -4.4943745948e-02 9.1946618712e-02 -1.8185519513e-01 -1.6335937105e-01 -1.2190070453e-01 1.7970101620e-02 -8.8785110359e-02 7.0689021259e-02 1.1074201682e-01 5.6282552796e-02 2.8320828229e-02 -3.5631131095e-03 -4.7493922373e-02 -7.1794574580e-02 4.1752179348e-02 4.0324138978e-02 -4.3511463069e-02 6.0717085993e-02 1.9521574522e-02 7.2609916461e-02 -2.8042368450e-02 1.1222155262e-01 -1.6231696164e-02 2.8208377879e-02 -5.5900659272e-02 -1.8842356535e-01 -8.9022237243e-02 -5.3854408738e-02 1.5472291191e-01 1.8410862486e-01 -3.4174652174e-02 -9.0296743468e-02 -5.4886881474e-03 -1.1797354437e-01 -2.9315630552e-02 -6.6740959487e-02 -8.7854447391e-02 -1.1292019878e-01 4.9095272894e-03 4.2674891438e-02 -5.2011465567e-02 3.4343003104e-02 -9.1668497305e-02 -1.0261661609e-01 -1.3754106978e-01 -5.6658964767e-02 1.6518274960e-02
-4.4358578461e-02 2.0484629662e-01 -2.0591520880e-01 4.1668953406e-02 4.9288538541e-02 8.7941063874e-02 1.7014022880e-01 -7.0203491217e-02 -3.7158526166e-02 7.5163196827e-02 1.7647389973e-01 -1.2108265513e-02 -1.2710024262e-03 -3.2467864165e-03 -1.0355549375e-02 3.4647117900e-02 1.7022701135e-01 -3.3497966862e-01 9.6194628970e-02 -8.4649855482e-03 -1.8307330236e-02 8.3011844423e-02 2.1783146305e-03 5.3786496851e-02 -1.4169028642e-01 -1.0455972989e-01 -4.3469694790e-02 2.2367812579e-01 -1.2413754820e-01 1.3695087883e-01 5.0736184988e-02 -2.1504672838e-02 -8.7509052611e-02 2.3501980631e-02 -1.8953571064e-03 -1.5917319351e-01 3.4048321386e-02 -1.3701794833e-01 -2.8562268041e-02 -1.7626386138e-01 6.6672686913e-02 -3.5068431569e-02 -9.7434401935e-02 -6.0521270841e-02 6.8510976971e-02 -5.3060387133e-02 1.5021013509e-01 -2.9820961140e-01 8.5077458853e-02 2.0731869907e-01 -2.5592869954e-01 -4.4662758196e-02 -2.1149802419e-01 3.3725929463e-02 9.4888770631e-02 -1.1123621559e-01 5.3642410012e-02 -1.2070501333e-02 1.8076153606e-01 9.1902029264e-02 -3.6976824495e-03 -5.1418895503e-02 6.7833106105e-02 -4.5026046187e-02 3.1665454694e-02 -1.5090503043e-02 1.0498182003e-01 -1.8221194752e-03 2.8412523657e-02
3.0227762113e-01 5.5277857406e-01 8.6965777127e-02 -8.7006100273e-02 4.0331266260e-01 7.8964745761e-02 2.0076793510e-01 -1.2782806845e-01 -9.5960765942e-02 3.2294075048e-01 -2.2942417123e-01 -8.1355419957e-02 -9.4093682556e-02 -5.6665996940e-02 1.1003903316e-01 -5.4215383545e-01 1.4473943496e-01 3.4423043555e-01 -2.6475170878e-01 3.8676914204e-01 -3.1357099778e-01 -2.1387438531e-01 -2.2913805908e-01 -1.7863220196e-01 4.5520966571e-04 1.2363584299e-01 -8.7462350289e-02 -4.8164795006e-01 -1.9335965742e-01 1.3083582470e-01 -2.7661071906e-01 -3.6810902300e-01 -3.2038882933e-01 1.0352000662e-02 -3.6542756887e-01 2.9293671639e-02 7.2302841127e-02 3.1641651115e-01 -2.9337814893e-01 1.8040846062e-01 -3.0907696683e-01 3.6058559636e-02 -1.4141933682e-02 5.9809761376e-02 1.5042273653e-01 -1.0160051409e-01 4.1430037925e-02 5.8023251394e-02 1.7873751114e-01 6.8631605853e-02 2.6544208261e-01 3.8800093304e-01 8.0406143803e-02 5.0334316336e-02 2.8456093937e-01 -9.2114916783e-02 2.2094480228e-01 -1.7692386070e-01 1.4626510691e-02 -3.9048952671e-02 -2.1438807981e-01 2.5119493606e-01 -2.1582210540e-01 -4.5735690328e-02 -1.8988079403e-01 6.7714808173e-02 -6.7946764518e-02 1.5111967961e-01 1.5786840591e-01
1.1417694725e-05 9.9570465155e-05 -8.3832988807e-05 -7.9450670857e-05 -5.6878424136e-05 1.3128436780e-04 8.5277043336e-05 3.8553191807e-05 5.9496975523e-05 -1.0001092961e-04 3.4342141920e-05 1.1622115879e-04 -1.2935977398e-04 -3.6566871242e-05 -1.2894505197e-04 -5.4447637090e-05 -4.1948256600e-05 -1.8110827655e-04 -1.2621401485e-05 5.5970229987e-05 -9.7409444367e-05 1.4945505536e-04 -2.6089053779e-04 8.7159374379e-05 8.3503890578e-05 5.3985769612e-05 -9.8694653682e-05 -6.1606677736e-05 -2.1966343515e-05 -6.1112390596e-05 -8.1376420720e-05 3.7681395888e-05 -1.6006272275e-04 -2.1492341262e-04 2.6440728496e-05 -6.9770104144e-05 -7.3261560819e-05 1.3519261452e-05 1.6216884714e-04 -1.3041941426e-04 1.1343517385e-04 -1.3256898530e-05 1.4893216990e-04 -2.5224867261e-05 -8.2675442349e-05 -5.0737566569e-05 -4.4974137106e-05 2.6464768559e-05 -1.3040486889e-05 3.9550204296e-05 1.0621738487e-04 -2.2979433403e-05 -1.3144935668e-05 -5.5617986371e-05 8.9917976068e-05 -1.7005774739e-04 -3.4795709688e-05 -3.0619286250e-04 4.3260791093e-06 -1.0380592987e-04 -6.0228017349e-05 -4.7154021462e-05 3.6772350211e-05 1.5789246602e-05 -1.1533210774e-04 -6.8886157619e-05 6.2172784024e-07 5.0874795210e-05 -1.4164519002e-04
-2.9441935738e-05 -7.4346517710e-05 -5.1185512018e-05 6.7263717800e-05 -7.9421480123e-06 -5.0524264230e-05 4.0333276900e-05 3.0361263317e-05 1.2924960687e-04 -1.3813657910e-04 7.2579094145e-05 1.8563156218e-04 -3.3313325924e-06 5.6825575542e-05 -3.0310966088e-05 6.4910772733e-05 2.0701603221e-04 7.1897462177e-05 1.6698143936e-04 -1.4059375380e-04 1.2512879631e-05 1.1430766546e-04 -1.3244106173e-04 2.1753020455e-04 1.9470473907e-04 5.6573331156e-05 9.5453488940e-05 -1.7083544196e-04 1.8401058713e-04 -2.3391751856e-05 5.2511278001e-05 -7.4045954403e-05 2.4233621776e-04 -1.5762123523e-05 8.9715973502e-05 9.5908677988e-05 1.7673139946e-05 -2.2258067800e-04 -9.8052524629e-05 -1.1193627217e-04 -3.6673024017e-05 1.4836484545e-04 8.5914024841e-06 -7.3992830620e-05 6.4357759655e-05 -2.3768744239e-04 -1.0172759578e-04 6.3234624460e-05 -5.9299826399e-05 -6.2445745886e-05 -6.0936033883e-05 -4.8605261056e-06 8.6829237042e-05 2.8203510714e-05 1.5837805772e-04 -1.2491281515e-04 -2.0336864395e-05 1.1881404179e-04 2.8725080115e-04 8.8470123774e-05 -2.5495199634e-05 -1.1364207146e-05 1.9593274204e-05 1.6601897009e-05 1.2054352516e-05 -6.6356796015e-05 1.5073491860e-04 -2.4224084161e-07 4.9417630419e-06
8.6992430536e-05 -9.1595856778e-05 -1.1174059020e-04 1.7593176168e-05 -3.0001035004e-05 -1.0220564695e-05 -5.2208763082e-05 1.1268141070e-04 7.0233131978e-05 -1.4424214145e-04 9.1284394377e-05 -4.2766237733e-05 1.3472360032e-04 -1.7166632127e-04 9.5004539215e-05 -1.0250985411e-04 1.1812852353e-04 -2.5365079443e-05 -1.2420515173e-04 5.2064195613e-06 1.4375985387e-05 -2.1795798960e-04 1.8499304654e-05 -4.7581875216e-05 -1.0937047460e-04 2.1234513811e-05 1.6070546755e-04 -1.1705427388e-05 -1.1379711947e-06 5.0182751503e-05 8.2936933605e-05 5.5839527312e-05 -1.1664564266e-04 -5.1193680469e-05 1.4507678651e-05 3.9737505680e-05 8.3758396986e-05 -3.8539110231e-05 -9.0330179135e-05 -2.7324985974e-04 1.0685092464e-04 1.4061286277e-04 4.7614221144e-05 1.8224564386e-04 1.6105257589e-04 2.3170621379e-05 3.5604216903e-05 -6.5913655821e-05 -3.2999025584e-05 -1.3617606719e-05 1.1056549844e-04 -3.6115779154e-06 4.2812537418e-05 -7.1682544673e-05 1.7217744725e-05 1.5795259160e-06 9.7152530178e-07 2.7645445979e-05 9.8211051242e-05 -3.0290476121e-05 -3.7393737222e-05 -2.8255211311e-07 9.0024161906e-05 -1.0720323658e-05 -5.0268032717e-05 -1.2725642157e-05 -1.8773441745e-05 1.9386368348e-04 3.2264964658e-05
5.8646239095e-03 2.9573902856e-01 1.3346525021e-01 2.9705686570e-01 -6.1496644853e-02 3.1604630258e-02 2.4916638597e-01 2.5838453539e-01 -9.1478451123e-02 1.5215555540e-01 2.3767357281e-02 1.1462312026e-02 4.9166098042e-02 -3.7266219685e-01 2.1294846728e-01 -1.8551017690e-01 -9.9593809364e-03 -2.6760352458e-01 6.9051414658e-03 1.4146010620e-01 2.5356452802e-01 1.9762206802e-01 1.6871567425e-02 -1.1899104940e-01 -3.3249666172e-01 1.2262418349e-01 7.2988774808e-03 -1.1936117646e-01 4.3288895564e-02 1.7028716571e-01 -5.6573237358e-02 -1.1620134846e-01 -3.7936985170e-03 6.3407628434e-02 2.9808079432e-01 4.1966499473e-02 -2.4218247340e-01 2.2065096795e-01 1.2702294603e-01 2.9299058925e-02 8.9387962742e-02 -1.4616277564e-01 -1.3564844699e-02 -4.9796190207e-01 1.8268765173e-01 1.3395288689e-01 4.0016891996e-02 -2.1855987056e-01 -2.5479641843e-01 -5.5423053561e-01 7.9728254603e-02 -8.4940369473e-02 7.4436762408e-02 7.7906754089e-02 1.0805749497e-02 -2.2086123183e-01 -8.6399640545e-02 1.6213276840e-01 2.1681121528e-01 1.9535659850e-01 3.1923634958e-02 1.5246278144e-01 -1.1208179190e-02 -3.3589030928e-01 2.2216359997e-01 -3.9097653950e-02 -6.0967792671e-02 -3.4602775121e-02 5.9134235940e-02
-4.5516169558e-02 -2.0108718525e-02 -6.1371741749e-02 -2.4139588255e-02 8.9984878425e-02 -8.3431484253e-02 8.3925577011e-02 1.1607833278e-02 -2.1939848530e-02 -1.1956749161e-01 -1.3268544173e-02 1.6300439097e-01 1.0537597800e-01 -7.6399523385e-02 -1.0426704172e-01 1.2439019530e-01 7.7433188760e-02 -6.8652362855e-01 2.7875944916e-02 -1.9937759911e-02 8.4634329728e-02 -9.8940163737e-02 3.6106313965e-02 1.9983274487e-02 -8.9350839747e-02 1.1590093380e-01 -2.4308127125e-03 2.1296347626e-01 -8.5949391084e-02 1.4949100626e-01 -1.0054907037e-01 -3.4943796258e-03 1.9810296919e-03 -6.7995585057e-02 -4.2950217258e-02 -7.9282017402e-02 -5.1471966359e-02 2.5327357920e-02 -6.3589103184e-03 -4.5770432329e-02 -9.3438932241e-02 -8.2235255657e-02 8.8451185713e-03 6.6989120618e-02 1.2354984045e-01 -3.6140479844e-03 1.0355850810e-01 -3.6398601230e-01 1.4727665374e-01 1.1935789930e-02 1.2600244283e-01 1.9250502933e-01 5.8866247857e-02 3.3548073525e-02 -3.9574901967e-02 8.8892617280e-02 -6.2067435294e-02 1.0650479849e-01 5.7960266985e-03 3.7533590487e-02 1.8054184401e-01 -4.7177232783e-02 1.1112028289e-01 7.0774062291e-02 -4.7633707675e-02 -2.4233282260e-02 -1.5163739428e-02 -5.9308697725e-03 -7.0333147828e-02
-3.0731107248e-02 3.1175814978e-02 1.2479903556e-03 -2.0647574836e-02 6.0538939841e-02 -7.8191561302e-02 6.4183831414e-02 1.7335709191e-02 -2.7012932200e-02 -3.6655990965e-02 -3.8262663594e-02 1.1547180985e-02 -3.5319811916e-02 3.2522619807e-02 -3.4932383897e-02 7.0941085487e-02 -1.0318040218e-02 -2.7864122223e-01 -1.3274131370e-01 -2.2569150446e-02 1.8662924974e-02 -1.3436566985e-01 -9.2493881086e-03 -1.2280917872e-02 7.2101307083e-02 1.2972856052e-01 -7.2077364832e-02 1.6928701699e-01 3.9450968721e-02 -1.6472811135e-02 6.8135285711e-02 -3.2475229342e-02 -6.4866233113e-02 -2.8905710172e-02 1.4373262546e-01 1.1346655937e-01 -1.2665481937e-02 -2.0432519133e-02 3.9851116465e-02 1.7783040238e-01 -2.6423661930e-02 -2.3712430063e-02 5.9109202854e-02 -4.1898818706e-02 5.5882602138e-02 1.8578245298e-02 6.7029051746e-02 -3.6329698119e-01 -5.9385085186e-02 3.9847565043e-02 -3.8747591319e-02 -3.2211773465e-02 -3.7808381018e-02 1.1141927838e-02 3.7019804006e-02 -1.2574577107e-01 1.1378698158e-02 2.5131887208e-02 -4.3088884811e-02 6.8638346581e-02 -2.1898625286e-02 4.0624538207e-03 4.9848026593e-02 2.0364600423e-02 -2.5471036787e-02 -7.1879829162e-02 -9.9321198155e-02 -6.2462040321e-02 8.6443609744e-02
-5.6991541956e-02 5.4277551181e-02 -7.2784663161e-03 4.1274872708e-03 -1.3933713875e-02 5.3564888199e-02 6.5818622877e-02 5.0557898471e-02 -4.4212178142e-02 -2.1069646816e-02 -2.7760832815e-02 -3.2789983499e-02 -1.8073792098e-02 -2.3131905282e-02 -1.1740232572e-02 -1.1195773443e-02 -3.4289727019e-02 7.9594970635e-02 5.1452089354e-02 1.2394963162e-02 2.0632379460e-03 -6.8321083507e-02 -1.1735607800e-02 -3.6748171930e-02 3.6022606107e-02 3.9398630809e-03 8.8590784885e-04 -1.7009100043e-01 8.2948494916e-03 -3.4955964643e-02 -4.2113323320e-02 3.8400198514e-02 2.1620644535e-02 6.5204232436e-02 1.3834672628e-01 8.3969158006e-02 -9.5424582962e-03 6.4451175184e-02 5.2642584375e-03 1.1071629092e-01 7.9728097480e-03 4.2124420082e-02 8.4858104198e-02 1.7805743679e-02 7.1678847528e-03 2.1776339529e-02 6.9967154498e-02 -2.7750474301e-01 -2.2303813423e-01 -3.4791842727e-02 -3.4942985561e-02 8.7351607556e-02 -6.1879043931e-03 -2.2328812941e-02 -1.0217305980e-02 -1.3917733162e-01 5.6271946686e-03 -1.6706190361e-02 1.6534837204e-02 -2.1227002579e-02 3.0011413677e-02 -2.3879657984e-03 -1.3189423085e-02 -7.5495282062e-03 2.9987474575e-02 -2.2768235750e-02 -6.6425323811e-02 -4.9161389831e-03 -5.1543111654e-03
-6.6276529563e-02 5.1960208953e-02 -5.7001730971e-03 8.6318061216e-02 -5.1853790127e-02 2.9070430776e-02 -8.3102465273e-03 -3.9176354131e-02 4.2527820276e-02 -7.7676166104e-03 -5.3900277227e-02 3.0297123398e-03 7.6629145714e-02 2.4953044315e-02 -2.2571714020e-02 -4.3912809495e-02 -7.0604753489e-02 1.6530420169e-02 5.0104408168e-02 -2.1420334457e-02 3.6862799539e-03 -6.9850328301e-02 -3.3474662575e-02 -2.7692983955e-02 1.0381878921e-01 -3.0479502144e-02 -3.6923908337e-02 -1.3624546856e-01 3.4473011886e-02 4.3869633009e-02 2.9575749569e-02 -1.1463318386e-02 2.8131666827e-02 -4.3121166091e-02 2.0650709852e-01 -9.5407855131e-03 1.8593272216e-02 5.7029536110e-02 2.6805561698e-02 3.3628070085e-02 6.1329709539e-02 3.6853588361e-02 2.6586340079e-02 9.3584123500e-03 8.0657431707e-02 -1.5323727089e-02 -2.1146811989e-02 -1.9359533065e-01 -1.1796902764e-01 2.5937331589e-02 6.3061572936e-02 1.8849912147e-02 -1.4813598633e-02 -3.2266808208e-02 -6.6597382639e-02 -8.1231503945e-02 -8.3796722022e-03 -8.2913730874e-02 -5.3247252127e-02 4.4426905610e-02 1.9254163771e-02 3.4698408698e-02 -3.9892018520e-02 5.3416687691e-02 4.1461641370e-02 -1.7495622559e-01 -5.3351708785e-02 -6.0643671929e-02 3.8959793306e-02
-3.4060559182e-02 7.7661478787e-02 4.1223772900e-02 7.4981730818e-02 -3.2329673518e-02 3.8247801342e-02 -9.7029031419e-03 -8.8571110068e-02 6.0709628497e-02 -4.3444039935e-02 -7.1409348424e-02 1.6072817426e-02 3.9902027892e-02 1.0892104421e-02 -7.3475544438e-03 -6.0203779437e-02 -6.6732926484e-02 -1.2762146020e-01 4.2912687781e-02 -6.4105606548e-02 2.1051949165e-02 2.2494119289e-02 7.1998956400e-02 -8.8575184098e-02 6.1607285937e-02 -6.0114596699e-02 -1.7015940927e-02 -9.4136891060e-02 8.0759943464e-03 5.0256114359e-02 -2.9286030280e-02 -2.7076625876e-02 2.1258669154e-02 -4.0168993281e-02 2.0795527469e-01 6.3166893426e-02 -2.1069715205e-04 6.7532979120e-02 6.5324113153e-02 -7.0837414385e-02 -5.9068465669e-03 7.6193515342e-02 -3.7741050052e-03 3.1648326508e-02 1.0267513041e-01 -7.7023841620e-03 -2.2880443452e-02 -7.7341510653e-02 2.9786698045e-02 2.4538172112e-02 5.7663023921e-02 4.0582753317e-03 7.5078653851e-03 7.7758171541e-02 -1.1844736705e-02 -8.0582237011e-02 5.6245581315e-03 -8.0253077442e-02 -4.7462827844e-02 2.9242558315e-02 4.1306376092e-02 4.5854190395e-02 -4.6000868094e-02 5.7650905707e-02 2.1305234564e-02 -7.2209503625e-02 1.6122239270e-02 -4.4539521233e-02 3.6769390184e-02
2.8624100199e-02 8.3850609754e-02 9.8037548178e-03 7.0035384153e-03 -1.1075472252e-02 -1.1311013927e-02 -5.9338723046e-02 -9.0716881087e-02 8.3009911157e-02 -8.5744269055e-03 -7.2312062794e-02 -1.0443335465e-02 4.3300778522e-02 1.7247018791e-02 -7.0088877628e-03 -4.8404787807e-02 -2.8330997145e-02 -4.7772935721e-03 1.8993465568e-02 -2.0325278401e-02 6.2120895111e-02 -1.1245522613e-02 3.7557398448e-02 -5.7484939032e-02 1.4506405767e-02 -1.0565657336e-01 -3.1418474623e-02 -9.2206490866e-02 -4.7848994388e-02 5.8408661850e-02 -4.9801115700e-02 -4.8798368947e-02 2.1062343279e-02 -6.6931590040e-02 1.8497258448e-01 1.1898370810e-01 3.3975785980e-02 1.5867505702e-02 3.4559805039e-02 -8.8027903943e-02 -4.6645918589e-02 3.2495107464e-02 -1.0153795524e-02 -2.8488720116e-02 1.7898527102e-03 -4.0519941487e-02 -1.0093432310e-02 8.5102083488e-02 1.3118770837e-01 -2.2512273297e-02 7.7881896200e-03 4.5172300956e-02 -1.8495933257e-02 1.0021619826e-01 4.1880375462e-02 3.4478479533e-02 1.2937265065e-02 -8.2858656300e-02 -4.0632150610e-02 -9.0403228421e-04 4.1470641048e-02 2.6899928177e-02 -3.2308977302e-02 -1.1078177157e-02 2.0068775951e-02 -7.3669496482e-02 3.4330743901e-02 -4.8009371940e-02 1.3324066028e-02
6.2864711923e-02 3.5497528465e-02 2.9227795999e-02 -2.9699199257e-02 1.9871726825e-02 -4.3156839577e-02 -6.5448665678e-02 -4.0444020375e-02 2.9187255474e-02 -3.6626675839e-02 -4.2156594455e-03 -1.8121402209e-02 2.5181055582e-02 6.5122707910e-03 -6.0336255394e-04 -1.5985340757e-02 1.0524839861e-02 -4.6484459871e-02 -4.2070948232e-02 -1.9048805023e-02 3.7675379180e-02 -6.0107374807e-02 5.3511259908e-02 -6.4408883145e-02 1.3485714968e-01 -1.2290529317e-01 -2.3190624430e-02 -1.2615394832e-01 -1.3856569863e-01 3.6638891006e-02 -6.0855569017e-02 -5.4983332359e-02 9.8327032705e-04 -1.2567969110e-01 1.0657621492e-02 1.0336351853e-01 7.4096335984e-02 -4.4970102994e-02 -6.9709098741e-03 -1.2416774756e-01 -6.8913319943e-02 1.0519527949e-02 -1.2847325693e-03 -5.9734510427e-02 -1.0201324616e-01 -4.7620247955e-02 1.9660233896e-02 9.3368178937e-02 1.7400856916e-01 -5.9686511719e-03 -6.5074034685e-02 -9.4415204033e-03 -4.6258346389e-02 8.7105269452e-02 7.8875009898e-02 -2.8940689751e-02 6.5493641633e-02 -1.0915755393e-02 -4.1262692511e-03 -3.4094536654e-04 8.3330015512e-03 3.2700641167e-02 -2.6549994624e-03 -3.1026444063e-02 3.2183812508e-02 -3.5473507580e-02 1.0224662233e-01 -2.4196692836e-02 6.4148645121e-03
7.4951693087e-02 -7.6739789256e-04 4.8046744854e-02 -1.0065734831e-01 1.0272563174e-03 1.2619889984e-02 2.3939436077e-03 5.5694321377e-02 -1.8403310822e-03 -4.6446705604e-02 8.6542992105e-03 -7.6056091906e-02 2.7337435291e-02 -5.2510800008e-02 2.9355528086e-02 8.1257866612e-02 -2.8524051620e-02 3.3183379426e-02 -5.0309230705e-02 -1.6489089085e-02 3.6454096852e-02 -1.1525518725e-01 -1.9569277539e-02 -4.4690744582e-02 1.6475312508e-01 -1.0586997362e-01 -2.4886030303e-02 1.5762173018e-01 -1.2543631368e-01 1.8673569785e-02 -5.4495026054e-02 8.4856304025e-03 1.0063075571e-02 -9.5524528282e-02 -8.1270504728e-02 6.3555580791e-02 1.2806999819e-01 -6.8446050208e-02 -4.5295062407e-02 -3.4378339267e-02 -3.8077656709e-02 -1.5018539664e-02 -1.5873628539e-02 -3.7614194851e-02 -1.1748966461e-01 -1.0376197692e-03 4.8390867808e-02 1.1672448106e-02 -5.9120964896e-02 -2.9634081335e-02 -3.7764027803e-03 -1.5200763816e-01 -2.4460105980e-02 7.3225684766e-02 9.0291444929e-02 -1.2991090848e-01 9.3897776970e-02 5.6444363749e-02 4.7389026259e-02 1.6253348643e-02 4.6161755422e-03 6.4803109918e-03 3.0377040586e-04 -6.0582103043e-02 4.7646569991e-02 -2.0304018428e-02 6.4449326441e-02 1.0513027294e-02 1.4539717377e-02
-9.9737809324e-03 -1.5809520667e-02 6.4938514863e-02 -6.2088710467e-02 -5.9706890699e-02 4.4166500695e-02 2.9980881024e-02 1.0874623307e-01 -3.2776369047e-02 -7.7553563076e-02 -4.1583772029e-03 -6.4815384488e-02 6.9485343639e-02 -6.9688825723e-02 4.9588459524e-02 9.4719249581e-02 -8.5732605866e-02 2.2309807317e-02 -6.4582107004e-02 -2.1222535296e-02 1.6305151916e-03 -4.4802014500e-02 -4.1829393517e-02 -2.1390424115e-02 1.4761136705e-01 -4.5202340907e-02 -9.5633116648e-03 -1.1393128527e-02 -1.2767757367e-02 4.7819262800e-02 -6.6578029231e-02 -9.0755442953e-03 3.2134378592e-02 -4.1278541491e-02 -1.4930553500e-01 -1.8031493723e-02 1.2834434536e-01 -5.8885868780e-02 -7.2357993488e-02 5.6952356774e-02 1.7531010119e-02 8.3264469600e-03 -8.2580732819e-02 3.3282069041e-02 -9.4976640320e-02 6.6164333819e-03 1.1621714559e-02 -3.3863930242e-02 -2.0077901306e-01 1.7892177413e-03 2.8330653878e-03 -1.6787745651e-01 4.5142797360e-03 4.7516251591e-02 -3.0092233621e-02 -9.7852704348e-02 2.8820428842e-02 9.3224359764e-02 5.3741765454e-02 5.1177510832e-03 2.7812891518e-03 2.2433990520e-02 -5.2003032807e-02 -8.7308676648e-02 1.4102298684e-02 -7.0061096409e-02 1.4741788889e-02 -5.9346771133e-03 2.1019133294e-02
-5.1590796478e-02 -3.8240692896e-02 1.4366155656e-02 -1.3752258713e-02 -5.3890486523e-02 1.1106679589e-02 8.4166306364e-02 1.4309159929e-01 -5.5946946402e-02 -5.0827084413e-02 -2.1868224032e-02 -5.6754543511e-02 3.8110369700e-02 -5.0377775082e-02 1.2575532469e-02 6.8935764381e-02 -7.4310952819e-02 -6.5913278682e-02 -4.6664877436e-02 7.3245385961e-03 5.8194962281e-02 1.4091698798e-02 -2.0377960992e-02 -3.7798277248e-02 2.7717926246e-02 3.4607950730e-02 -2.9091208952e-02 -1.6407644772e-01 7.4772318754e-02 1.3293432532e-01 -3.3284770977e-02 -1.3219266824e-02 6.9758432150e-02 2.5325511775e-02 5.5669142558e-03 -4.7890600802e-02 -1.7287680320e-02 -5.0543837174e-02 -3.9349252862e-02 1.0407557437e-01 5.6275498633e-02 1.0037670955e-01 -1.4586120544e-01 6.1802446344e-02 -9.7534545189e-02 -2.1304632255e-02 -6.7901634088e-02 -3.0657233745e-02 -2.2252269983e-01 -2.9590853913e-02 -5.6514916759e-02 -5.2318836004e-02 2.8835247380e-02 4.2070030378e-02 -1.3033506469e-01 -9.6380839316e-02 2.9432647940e-02 4.5271726967e-02 6.4901437932e-02 1.3260015980e-02 -3.4762011065e-02 2.9329800428e-02 -5.2037228100e-02 -9.9420824557e-02 -8.6867800687e-02 -8.4378903696e-02 -2.3093441998e-02 -1.5766464098e-02 4.8051488919e-02
-2.8487704661e-02 -3.9792594187e-02 -1.4427245811e-02 -6.4379493461e-05 2.7957018371e-02 -3.4194823098e-02 7.7320415207e-02 8.4831541278e-02 -4.2611471017e-02 -5.8385673301e-02 -9.9426229244e-03 1.0360538170e-02 -7.1767329949e-02 1.2604081376e-02 1.4467219886e-02 6.9087397300e-03 -5.4000336767e-03 -3.7907371644e-02 -4.4479728717e-02 1.2842977319e-01 1.5075754505e-01 2.1029806712e-02 1.8242468076e-02 -3.1577402724e-02 -8.2319033686e-02 4.6182754334e-02 -4.4014364185e-02 -1.2387367879e-01 6.2621433759e-02 1.2824027950e-01 -2.7782244337e-02 9.1466036667e-03 1.9134948409e-02 6.6602300932e-02 1.2945497339e-01 -7.5391600070e-02 -5.5392161705e-02 -6.8046143865e-02 4.2623386573e-02 8.0617683668e-02 8.3042650929e-02 1.1552129065e-01 -1.2725961141e-01 -5.8047300881e-03 -7.7912636643e-02 -8.8018760556e-02 -7.3725496051e-03 8.4879690290e-02 -3.2653404219e-02 -1.1308761930e-02 -1.9661443024e-02 6.1038686341e-02 2.9610315421e-02 8.6670901412e-03 -2.8483716948e-02 -7.6943771115e-03 -1.4458011182e-02 5.1311211503e-03 5.9822571791e-02 2.2580184832e-02 -6.3133490931e-02 -2.7137380875e-02 -1.4499176430e-03 -8.7735796287e-02 -1.1842036784e-01 -7.2373263274e-02 -1.6541068161e-02 -4.2939587246e-02 2.7711363749e-02
1.2111112547e-02 -4.3287312709e-02 -3.7096445700e-02 -7.6501537857e-02 1.6222380339e-02 -6.3094632075e-02 -2.4162473980e-02 2.4780537009e-02 -6.8662116135e-02 5.4757484701e-03 8.0262750060e-02 6.3602089276e-02 -1.5754025878e-01 1.6390504931e-02 2.5993284421e-02 -5.6738157397e-02 9.3786879425e-02 5.2376722914e-03 -1.1554309954e-02 1.2543940730e-01 1.7474067717e-01 2.8299534962e-02 1.3107140021e-03 -1.2847788254e-02 9.0806681177e-02 4.3893960999e-02 -4.4553086624e-02 -1.2249854555e-01 -3.9611791394e-02 8.9045959406e-02 2.2624197295e-02 5.5443040497e-02 -2.8023300557e-02 7.9779484953e-02 7.8169020669e-02 -6.1316871997e-02 -5.0926380067e-02 8.7625774632e-03 4.8361696375e-02 -7.6649304783e-03 3.9121931177e-02 7.7715032465e-02 -3.1568492806e-02 -1.0402487940e-01 -4.6625361204e-02 -9.5694150839e-02 3.1279033407e-03 9.6107452169e-02 2.1392602235e-01 -6.1925663789e-03 1.3688140406e-02 6.6915745228e-02 1.8061005509e-02 -3.3875717583e-02 1.1765340660e-01 -4.2520469494e-02 -3.4926741011e-03 4.2374647854e-02 9.2823169620e-03 5.4697838846e-02 -2.1046524540e-02 -6.4689155210e-02 7.9002929272e-02 -3.1504829977e-02 -1.1611907180e-01 -9.9847938564e-03 -2.5500455051e-02 -1.4538287778e-02 2.6620333986e-02
8.1650622556e-02 -4.8232486934e-02 6.7577973166e-03 -8.1884356945e-02 -4.2782759922e-02 -8.3775529726e-02 -9.8581556054e-03 9.7087519900e-03 -7.1592223157e-02 1.7707851297e-02 8.7511841440e-02 2.9636259532e-02 -1.3877421468e-01 -3.7081950911e-02 3.0043907498e-02 -2.7502702720e-02 9.4986603498e-02 -6.9035399838e-02 -1.6537966320e-02 4.3550862659e-02 1.0018351819e-01 3.3639316462e-02 -3.1641437519e-03 1.5126301751e-02 1.7306977315e-01 1.7994974682e-02 -4.1301913114e-03 1.3534861779e-01 -2.5650278124e-02 3.6065264856e-02 4.3621202641e-02 7.5675021604e-02 -6.1810340452e-02 5.5142441899e-02 -2.2632104316e-03 -6.2098829623e-02 3.0246179125e-02 8.0993243117e-02 5.2758914571e-02 -5.1517472449e-02 6.8731578078e-03 -1.7129227276e-02 7.7617706243e-02 -6.5989394220e-02 -4.5227620662e-02 -4.1928647072e-02 1.2475683858e-02 1.2489805190e-01 -7.0787391536e-02 -6.0265454657e-02 1.2194075561e-02 -1.0556684476e-01 7.4826497881e-04 -9.7555642858e-03 1.2243656226e-01 -6.1977995908e-03 -2.1997650451e-02 2.6354963827e-02 -4.5190576520e-02 3.8922749075e-02 5.4314974373e-02 -8.7801436359e-02 5.2624268304e-02 1.1077300735e-02 -1.6848726856e-03 1.4650446818e-02 -2.2939249027e-02 -2.8232023972e-02 4.9816437276e-02
9.5218322092e-02 1.4373176639e-02 -9.5785763439e-03 -8.8788219167e-03 -3.1904506017e-02 -6.2612882633e-02 8.2247729466e-03 3.3498201384e-02 -4.4261724791e-02 4.5223527084e-02 2.9830773310e-02 3.8936748455e-02 -6.3354570309e-02 -8.4796570311e-02 3.1597563445e-02 -3.7185045380e-02 7.0512568002e-02 -1.5284177113e-01 3.3996276305e-03 -2.6637475022e-02 2.9861680986e-02 1.0186268187e-01 6.8598730457e-03 2.2863887921e-02 1.1364382208e-01 2.1787359775e-02 2.0244510465e-02 7.0777587321e-03 -2.8913262017e-03 1.3979222874e-02 4.7581481389e-02 9.5465987722e-03 -6.8338827111e-02 1.1012742199e-02 -5.0566652241e-02 -8.3153263725e-02 -4.2025215032e-03 7.8000041990e-02 -2.6362318417e-02 -8.8655183447e-02 -5.3729608359e-02 -6.9105349032e-02 8.0855799944e-02 2.4610360433e-02 -1.7689370156e-02 -1.8374713928e-03 -6.9217435886e-02 1.4547462443e-01 -1.9618330456e-01 -9.3921173839e-02 -1.9113113245e-02 -2.4532615699e-01 5.3469046182e-02 5.3659490463e-02 3.7590356647e-02 7.3874834132e-02 -1.2345142542e-02 -5.5207968610e-03 -8.9076370415e-03 2.6240642569e-02 7.0910565477e-02 -5.1963221546e-02 5.9187375528e-02 3.4222441416e-02 -3.7208075663e-03 3.8556755848e-02 -4.9309646635e-02 -7.5865802829e-04 3.1570908417e-02
8.5107135930e-02 5.4945400446e-02 -6.6052107094e-02 4.2394127265e-02 -5.8647767656e-02 -5.9026555678e-02 5.5736715401e-02 5.6931034462e-02 -2.3960437680e-02 2.7713250883e-02 1.1200213354e-02 4.3657399614e-02 3.9958751926e-02 -7.9043375121e-02 6.2780884863e-04 -2.8230321466e-02 3.6024920730e-02 -3.9183243019e-02 1.5074878213e-02 -9.2424191757e-02 3.5274280911e-02 8.5406584055e-02 -8.6943019994e-03 -3.4288627660e-03 -7.8380127841e-02 -9.5275310714e-02 2.6247367441e-02 -9.2170444040e-02 1.8031235115e-02 2.2986543178e-02 4.6660328961e-02 -5.5286117811e-02 -6.2067077098e-02 -1.9993664494e-02 -4.8144599466e-02 -6.8391968821e-02 -3.2766880308e-02 3.8403985284e-03 -6.4834584077e-02 -8.2909357512e-02 -7.1308138488e-02 -3.9057610513e-02 3.2848696433e-02 3.1390317038e-02 -3.9354424219e-02 1.1536755208e-02 -9.6281605623e-02 9.2942860454e-02 2.0839012582e-02 -8.6739734457e-02 2.8338321284e-02 -2.3444356302e-01 3.7857941564e-02 6.8259067880e-02 -7.0302261498e-02 1.0674412271e-01 -1.2292901879e-02 -1.6235056847e-03 3.3176183062e-02 2.9451688696e-02 2.9227318903e-02 -1.7337938561e-02 -1.1597889655e-03 3.4699796127e-02 -3.7329730858e-02 3.1557845760e-02 -3.3524083146e-02 3.1430972877e-02 -1.4908644303e-02
3.9227537969e-02 3.3369869931e-02 1.1629302995e-02 -2.8747022386e-02 4.1521560305e-02 -3.3561547924e-02 2.4934881007e-02 1.2659943523e-02 1.6017413847e-02 1.6050320035e-02 -4.5849725873e-02 5.9640622661e-02 5.1823536117e-02 -6.9994423152e-02 -4.9702746585e-02 -2.1918070960e-02 2.1212221441e-02 1.7383025036e-01 -6.7043878101e-02 -1.2703597162e-01 -2.5818073347e-02 4.1259136749e-02 6.7960919354e-02 -1.3913936579e-02 -1.4504160432e-01 -1.0939937462e-01 -1.4129654676e-02 -4.8572634258e-02 1.5334862997e-02 -3.6393902433e-03 4.7075169878e-02 -5.7880606594e-02 -4.7802317858e-02 -1.4466041076e-02 5.7352419885e-02 -3.2071653157e-03 -6.0822353760e-02 -4.1605198134e-02 -3.4576972490e-02 -5.2217654308e-02 -6.0443635419e-02 2.4331947587e-02 -1.1636145709e-03 -8.1958050106e-03 -2.2397851723e-02 4.9296707312e-03 -8.1910448078e-02 9.5106673118e-02 1.9389416956e-01 -3.7291989235e-02 1.0148620994e-02 -2.0781979238e-01 3.2731750068e-02 5.7328966508e-02 -9.6637586746e-02 1.1966803624e-01 1.0455828526e-02 -4.4551814649e-03 -9.9983305105e-03 5.8544029405e-02 -4.6445917305e-03 2.5565824966e-02 1.1949290384e-02 2.4459280407e-02 -7.0372142717e-02 3.3406305514e-02 -2.8425910454e-02 1.3415641313e-02 -3.7309261644e-02
3.3894475978e-02 3.2708296270e-02 1.2111559531e-02 -1.7379090893e-01 2.7745806142e-02 -3.7829511721e-02 4.1577601829e-02 -5.8635923950e-03 7.7329262598e-03 2.5141532586e-02 -2.1675393274e-02 -1.1392904336e-02 4.9377156923e-02 -1.0822714766e-02 1.6035767223e-02 9.4719880503e-03 3.0554785356e-02 2.0646332327e-01 -2.6250975390e-02 -5.0458202997e-02 -1.2875876125e-03 1.4904517130e-04 5.2395536635e-02 -3.8111696648e-02 -1.7920903973e-01 -5.6997226572e-02 -4.5016057585e-02 6.9819911175e-02 2.7733230898e-02 3.5183766772e-03 2.5263947758e-02 1.5982015278e-02 -2.3706152922e-02 -3.1148615918e-02 1.1306558452e-01 4.9034262219e-02 -4.2000109614e-03 -9.3350983263e-02 -7.1365355100e-02 3.4329014759e-02 -4.6844159109e-02 2.2247742027e-02 -2.0093519800e-02 -5.2823479653e-02 -5.4708676095e-02 1.5525123332e-02 -1.6393626864e-02 4.8597886750e-02 -3.0981651286e-02 -1.7118090676e-03 -9.6812530858e-03 -2.2488923033e-01 3.8997530304e-02 5.1181036340e-02 -3.2126086108e-02 3.6066046392e-02 3.3153256241e-02 -5.6227868394e-02 2.6937324407e-02 5.2534938535e-02 -4.9333341481e-02 1.7865282933e-02 4.5940744584e-02 2.1867979418e-02 -7.0754710271e-04 7.6746065221e-02 1.7789635376e-02 -2.6715545246e-02 2.0905614472e-02
-5.7748969484e-02 6.4984526940e-02 5.6239585260e-02 -2.5017292722e-01 3.1350678477e-02 -2.5395540369e-03 5.0299296686e-02 4.8800192358e-02 2.7749735559e-02 1.5069921089e-02 -6.1552582697e-02 -3.5130758290e-03 7.2930949555e-02 1.4237679794e-02 1.2446625314e-05 5.8743406968e-02 6.4490415674e-02 3.3244100270e-02 -9.6726124926e-02 9.1539209738e-03 -5.7760674249e-02 -6.0631355816e-02 7.6127485062e-02 -1.2659718017e-02 -2.1946500585e-01 4.5557998033e-02 -1.9978809608e-02 1.3995583392e-01 2.6474053342e-02 -1.1020075291e-01 8.1646928386e-03 5.4373704567e-02 8.9548982176e-03 2.1820293035e-02 1.3588953483e-02 1.7920628996e-02 4.2751672025e-02 -7.0406562083e-02 8.6900966618e-03 7.5178732311e-02 -8.2876112518e-02 4.3023112225e-02 -1.0308485868e-02 -6.2434873445e-02 -2.3989736086e-02 8.1112317523e-02 6.9641569780e-02 3.4037143333e-02 -1.7979363115e-01 5.7759680732e-02 -7.0741326122e-02 -1.4898137990e-01 4.7238275158e-02 3.2427734070e-02 -6.1143478762e-02 5.6468382829e-02 7.2697564535e-02 2.7085194220e-03 -4.3870360151e-02 4.9808623173e-02 -3.2752795852e-02 2.4586814961e-02 4.0393959984e-02 5.9596945702e-02 2.0012040020e-02 7.0702911234e-02 -4.5536531206e-02 2.6860157861e-02 8.4505200894e-03
4.4940938544e-02 1.4570565222e-02 -4.6712334479e-02 -1.4479854363e-01 7.8939063816e-02 3.8777099256e-02 4.2303364005e-02 8.3423403519e-03 -1.2409424213e-02 7.4287204337e-03 -6.2032595614e-02 8.9005125020e-03 4.6318863504e-02 3.4218503775e-02 -8.9790690794e-03 -4.3188178264e-03 4.9216567748e-03 1.4858993852e-01 -7.1551733700e-02 1.0511674426e-01 -1.1621064171e-02 -7.7288804792e-02 -5.1787266240e-02 -1.2619533580e-02 4.7566634593e-03 -1.2643330203e-01 -2.3685719660e-02 2.8148822938e-01 1.5110982338e-02 -1.2467220425e-01 4.9578998100e-03 4.8615677921e-02 1.4293996724e-04 3.0754572288e-02 3.2679239918e-02 7.4312500683e-02 3.6737575998e-02 -4.8384294548e-02 7.2755072973e-03 4.7448088313e-02 2.5325504541e-02 5.6651481568e-02 3.8087662019e-02 -1.3461093216e-01 3.2398928226e-02 5.9567988184e-02 -9.0696168389e-03 -1.2578616473e-01 -8.8177986075e-02 2.2700246680e-02 3.5801678248e-02 2.6297377685e-02 -1.2891444825e-02 -3.6323684253e-02 -4.7068681776e-02 -1.2286603377e-01 7.1299618340e-02 -9.2189380694e-02 4.5756996967e-02 5.3264166981e-02 -5.8177149882e-02 3.0019821874e-02 5.2743277812e-02 1.3530447013e-04 3.4568532251e-02 1.2843441084e-01 -5.4893144688e-02 5.2872109815e-02 -6.3179895851e-02
-4.5401601874e-03 -1.0827728852e-01 3.5466614633e-02 -1.6047169643e-01 5.2833923182e-02 -3.8807293441e-02 3.2798571826e-02 -2.6161523372e-02 4.9322469721e-02 6.3891416821e-02 3.0045293804e-02 -5.2047450859e-02 -6.9877326301e-02 -2.6448213851e-03 -1.6767673121e-02 -8.3298554972e-03 8.7611802321e-03 8.4410133420e-02 -5.1382194062e-02 1.0515751396e-03 -1.4569991204e-03 -1.8233001723e-01 3.1193841415e-02 4.8830217551e-02 -9.4687055707e-02 -1.0485289990e-01 -2.7171669721e-02 3.1618731769e-01 1.5906442251e-02 -1.0859308300e-02 5.3848658956e-02 9.6503804906e-02 -6.3201926116e-02 -1.8342025455e-02 1.1736058450e-02 -3.0623274882e-02 -4.9817381710e-02 7.7635240294e-02 -3.4689000457e-02 5.6946312907e-02 5.3320627913e-02 -7.4824587892e-03 2.4766344544e-02 -8.9335855131e-02 5.1247656592e-02 5.5642610030e-02 2.8649198853e-02 -1.9882120911e-01 -1.2473106961e-01 2.8752259597e-02 -9.7643546619e-02 1.1402265626e-01 -9.5067995419e-03 -3.6548904383e-02 -5.3882485745e-02 -9.4079612803e-02 -4.3954778389e-02 3.1843530351e-02 -5.5576383175e-02 7.1195190981e-02 -4.2622590500e-02 -3.3793291252e-02 -4.4125886488e-02 8.1873665646e-02 1.6058686558e-02 2.4348004783e-02 -1.0707770234e-01 -3.2560322780e-02 -1.1663614589e-03
-2.1104692170e-02 -3.6677400931e-02 7.1118815468e-02 -3.2629624369e-02 3.7490426482e-02 -3.1833596548e-02 8.0665466196e-02 9.0127134914e-03 -2.9376859725e-03 1.4007352666e-02 -6.6434536327e-02 -2.9805382398e-02 -3.8996417127e-02 -4.9329160168e-02 -1.7358793305e-02 2.3333094057e-03 8.6775642029e-02 2.9111811577e-01 -4.8139778028e-02 4.3452525333e-02 1.1744455087e-01 -2.7598053750e-02 -6.7070399229e-02 -1.1164969848e-01 -7.9254642553e-02 4.9143476878e-02 -1.5724340734e-02 4.5813636869e-02 7.9719223673e-02 -3.9848270325e-02 4.0281740901e-02 7.9214969669e-02 -1.4811730170e-03 8.2518028324e-02 -4.4085384645e-02 1.6231632375e-02 5.3049678658e-02 1.5340490414e-03 3.9617707901e-02 2.9358887432e-02 4.2124728284e-02 -1.8047962863e-03 4.8714698001e-02 6.6699038021e-02 -4.8754444427e-02 -5.5258072720e-02 -1.0369408071e-02 -2.4036736197e-01 1.4568874974e-01 2.4843635136e-02 -2.1761109005e-02 3.3565438101e-02 -8.8560486258e-02 -5.8456404235e-02 8.9671273768e-02 -2.0641611088e-01 4.6094596657e-02 -2.9212375029e-02 3.9451603765e-02 1.3381848290e-02 4.1672407395e-02 5.9613640070e-04 -4.5260577028e-02 3.6660497281e-02 8.0343008699e-02 -6.6199997253e-02 -4.9656397220e-02 -1.5190435686e-01 1.2618038202e-01
-7.2416098153e-02 1.3350336206e-01 -4.1649383615e-02 7.4450065828e-02 8.9996524764e-02 -3.3949715829e-02 1.4504452659e-01 1.3710703099e-01 -1.2847557368e-01 -4.4487831697e-02 -5.7524733089e-02 -5.7066242710e-02 -1.9237292849e-02 -4.1534346795e-02 1.2638646899e-01 3.7888483395e-03 -9.3171902495e-02 3.0212777579e-01 -5.6387211474e-02 1.6757265408e-01 2.0940580827e-01 -4.3414826242e-02 9.8242632066e-03 5.9910065170e-02 -5.1388864187e-02 -4.0270925964e-02 2.0684507340e-01 5.0922466078e-02 -2.2663926085e-02 -1.2065545549e-01 -8.8638000507e-02 -6.1546070499e-02 -4.6855220385e-02 -9.2094284378e-02 -4.4825388488e-02 1.5404768443e-01 -1.1249140975e-02 -7.2307369795e-02 2.0520909913e-02 2.3652223805e-02 -2.0547486763e-02 -4.5169309695e-02 -2.1024152614e-02 6.7435689690e-02 1.8980152453e-01 -2.2072184942e-02 4.6231076438e-02 3.9253855482e-02 -3.1696409480e-02 3.5269826693e-02 6.6817480098e-02 3.0223442725e-01 -6.2132175451e-02 1.2864933171e-02 2.2770781633e-02 3.1231982634e-02 -1.1460542926e-01 1.0303163324e-01 -8.8318638156e-02 -2.2922735084e-02 5.3342964172e-02 -8.9746233086e-03 9.6300425091e-02 -3.5858822773e-02 -1.0243357068e-01 4.7108758515e-03 -2.0061330889e-02 2.1542858487e-01 -9.5984526274e-02
-7.0685963434e-02 -1.5316232003e-01 6.0574281885e-03 -7.2647525752e-02 2.2472314099e-02 -1.3891138796e-01 4.9546039737e-02 -2.4764802685e-02 1.0888568133e-01 -1.7669820653e-01 3.1059522085e-01 -2.6939028010e-01 3.5296305789e-02 1.2090405502e-01 3.1266409001e-02 2.8172716028e-02 1.3037635552e-01 -2.9181366762e-01 6.1693965570e-03 7.4553329784e-02 1.7389833980e-02 -1.8564443848e-01 1.5625363098e-01 5.6465203752e-02 -4.0290812710e-02 -2.3199127107e-01 -2.6199616484e-01 -2.0553660285e-01 1.2286262735e-01 -1.5507717231e-01 -2.4865549899e-01 7.5725709582e-02 -2.7889915058e-02 3.7752928308e-03 3.1326584717e-01 -1.7691741366e-01 -2.4971188158e-01 -1.3261796394e-01 1.3808144524e-01 1.1841705466e-01 3.0849670703e-02 1.7761776030e-01 4.7307154014e-02 -1.1302579225e-01 -4.2955535793e-02 9.4106382855e-02 -3.0145652161e-02 -5.6823876342e-02 -3.7177423197e-01 -1.4093344581e-01 -2.2668693202e-01 -4.0133245616e-02 -1.2798225072e-01 -8.3543658213e-02 -3.8001645530e-01 -3.1182102769e-01 1.1547970785e-01 2.1496386204e-01 4.8739669356e-02 2.2500437364e-01 2.2286022403e-01 2.4976973642e-01 7.1630555708e-02 9.3789657865e-02 1.4818912296e-01 1.2280345196e-01 -3.4405422393e-02 1.8582111079e-02 1.8725191613e-01
1.2730302517e-02 1.1099009514e-01 2.6786555895e-02 -1.9900502166e-01 3.2119875053e-02 -4.3806611290e-01 -2.9107872972e-01 -9.0818987554e-02 8.8117271193e-02 4.0501695213e-01 -2.8893864521e-03 -1.9623778761e-01 -2.0792490072e-01 1.3944269245e-01 -2.9000424313e-01 -7.1989473221e-02 3.6126908808e-02 2.0234367338e-01 1.4109434146e-01 1.2352695188e-01 1.4105069895e-01 3.1182341857e-01 -2.5512859119e-02 -2.0576244820e-01 -5.0092441748e-01 2.3523510469e-02 7.6179899462e-02 1.6952898063e-01 -1.9033569632e-01 -4.8001169249e-02 -9.9995267733e-02 1.0831067280e-01 -3.2889751296e-04 7.1011499210e-02 7.8206597963e-02 2.6561574581e-01 2.8620349462e-01 1.9222521491e-01 -2.2548106019e-01 3.6966179019e-01 2.7123393726e-01 2.0615324217e-01 -9.5999247702e-02 2.3252406607e-01 -1.9415424117e-01 -6.0644143305e-02 -3.0689746642e-01 1.9408538260e-01 3.8311156031e-01 -2.1499930026e-01 4.9192763456e-01 3.4582104972e-02 2.3051686473e-01 -3.0293942654e-01 1.5967094058e-01 -5.2725620945e-01 1.1027644857e-01 -2.1786048831e-01 4.7247418455e-01 -1.9613484728e-01 -2.9908847783e-01 -2.6874359407e-02 -1.5010421610e-01 -6.7544986442e-02 7.0025089046e-02 -9.3059245675e-02 -2.3566592420e-01 -5.2925365612e-02 -2.7220024361e-01
2.6858639625e-05 4.1937806150e-05 8.0775827884e-05 -5.0597673532e-06 2.3171082527e-05 -9.7750792634e-05 1.2967199982e-04 -4.1691923784e-05 3.4512626272e-05 2.1817004765e-05 1.8726937177e-04 1.7287748428e-05 1.7959235737e-04 -4.5288527581e-05 -5.2027985922e-05 -7.7514700091e-05 -1.6279788262e-04 -1.0169349923e-04 5.7749464135e-05 -4.2852457524e-05 1.3286917691e-04 -3.4632567265e-05 2.9196390960e-05 -1.7026087279e-04 1.0419364626e-04 5.6460402141e-05 1.6430792697e-05 -9.0575145101e-05 -3.5471870070e-05 1.9367019241e-04 6.0554948112e-05 -5.7605841139e-05 5.9349434751e-06 7.0412852919e-05 2.3508224953e-04 8.0510959091e-06 3.3395526114e-05 1.1820014167e-04 2.8526675100e-05 -4.8918516820e-05 -5.2751128322e-05 4.7093882858e-06 2.0347230999e-04 2.4092360435e-06 -4.0734342613e-05 6.8916290365e-05 -1.1067720699e-04 2.9912115274e-05 4.1418816824e-05 3.0407308521e-05 9.3549373072e-05 1.0681765024e-05 -1.2210450489e-04 -1.8296716933e-07 2.8576614462e-05 1.8202533819e-05 6.1145774645e-05 2.3465639123e-05 7.5383208931e-05 -2.9490077868e-05 3.0539501780e-05 -2.4125790726e-05 -7.9829559659e-05 4.3082619461e-05 -6.6013049705e-05 -2.4830275720e-05 -1.4023661728e-04 1.9405750800e-05 -3.2397279082e-04
1.6227495125e-04 8.7062846639e-05 -6.0501425091e-06 2.0507109605e-04 -1.6687618699e-04 5.8262274145e-05 -6.7292445301e-05 -1.2881465088e-04 4.2857302863e-05 1.2152626209e-04 4.4414847773e-05 -3.8442276710e-06 5.7455061045e-05 1.1739945543e-04 -2.0280167871e-05 2.0226973610e-05 -6.8083283650e-05 1.3285105927e-05 -8.7902914598e-05 -1.7780108082e-04 -1.3052887228e-04 -5.4726054357e-05 -4.9052670421e-05 1.4836586072e-04 -4.8119280449e-05 -8.0967466620e-05 -5.7859761830e-05 -2.6665325228e-04 -2.5028624936e-05 7.0418972011e-05 3.9900326730e-05 -9.0543010689e-05 -1.3421971755e-04 -1.9310117119e-04 -1.3298268496e-04 -1.5338099229e-04 1.3695915360e-04 -2.4513587542e-05 8.2499519608e-05 4.7846935546e-05 -5.1665656348e-05 1.9975609122e-05 6.1056245424e-09 9.3935603093e-05 -6.2278970280e-05 -2.4167862346e-05 9.2998554102e-06 1.8023698455e-05 1.3631905753e-04 -1.9147060072e-04 3.3536352331e-05 -1.3384082570e-04 5.1224095806e-05 8.6831272900e-06 -1.1615827473e-04 -1.8008848548e-04 -2.6437596504e-05 2.1913230794e-04 -1.7705576519e-04 1.7232572173e-05 1.0655442101e-04 -2.3334929436e-05 -3.0554028029e-04 -5.6873242799e-05 2.6551996839e-05 1.3483963861e-04 3.2794903777e-06 -2.7735922965e-05 -4.2927213202e-05
-1.5540424728e-04 -1.4331095431e-04 4.2310632349e-05 -1.1857725309e-04 -5.1167941669e-06 -1.6478802314e-04 1.7332776125e-04 -8.9399965955e-05 1.5457211615e-04 9.7718793374e-05 4.3293049277e-05 2.0846879874e-04 -2.7929717589e-04 -7.2094577176e-05 1.3343369988e-04 1.7542496735e-05 7.0586133715e-05 -8.9133107121e-05 -7.3825376023e-05 5.2231620514e-05 5.4384312282e-05 5.5910007697e-05 -2.5357258506e-04 2.0815458303e-05 9.4823114105e-05 1.0568603218e-05 1.3551893353e-04 6.0702180728e-05 -1.1825352972e-04 -1.3037503851e-06 -6.2379797456e-05 -4.6614991282e-05 -6.5806829509e-06 1.0608130337e-04 1.3725017842e-04 -4.5424060822e-05 -8.7172162097e-05 -1.0922483321e-04 8.4759977915e-06 8.7510994813e-06 -2.2857674311e-05 5.5220264237e-06 1.2997728223e-04 4.4616066813e-05 -5.4910374463e-05 8.7443109907e-05 -9.5500440793e-05 9.3099150617e-05 4.9366356495e-05 -1.3617489816e-04 -1.2705444452e-04 -1.6259161940e-05 1.3999858919e-04 1.1161099146e-04 1.0337450047e-04 -6.6896284914e-05 -7.7010469588e-05 1.0411471654e-04 1.5935629090e-04 -7.1812266447e-05 -6.2131224577e-06 7.1253044255e-05 2.0099400420e-05 -1.6170618018e-04 -2.2060083464e-05 5.6044451958e-05 1.3982730536e-06 -2.0570727389e-05 1.3403482521e-05
-4.3755032456e-01 1.4040865094e-01 1.2593454592e-01 1.8366235401e-01 6.2715200126e-01 4.4036308009e-01 2.5002962599e-02 -1.8615732665e-01 4.4466375501e-04 -3.4935039104e-01 -4.2818147930e-02 2.1367135666e-01 1.3690622180e-01 -6.6429643148e-01 1.0470252136e-01 -4.4491120520e-02 1.3659949477e-01 -2.5084893821e-01 1.9016812197e-02 2.5780703535e-01 2.5746014301e-01 3.3888419149e-02 -7.8116394896e-02 6.5375711976e-03 -2.1458509344e-01 4.5887841339e-02 -3.2965248645e-01 1.9069458356e-01 -1.2581506404e-01 3.7980868047e-02 -8.2018621874e-02 3.2204948546e-01 1.1097119634e-01 -5.5551014892e-02 -7.5151645343e-02 2.1772707849e-01 1.8733581198e-01 9.8732768525e-02 -3.2244152353e-01 -2.6043626223e-01 -3.2117725580e-01 -1.1638694403e-01 9.1845779618e-02 -2.6014160633e-02 5.9456442734e-02 -2.5592066763e-02 1.0491799300e-01 -6.4762879741e-01 1.7302528903e-01 -2.7540193791e-01 -1.0289986544e-01 -1.6401514230e-01 3.9510188686e-03 1.8982076131e-01 5.3670503964e-01 -1.7810477914e-01 -3.9817313672e-02 1.0026895337e-01 -3.5350811513e-03 5.7057761672e-02 1.3412949431e-01 3.5093536062e-02 3.9385475766e-02 4.9515803597e-01 -2.9119269065e-01 2.7313302735e-01 -2.1390023902e-01 -1.3742750876e-01 -4.1325862425e-02
4.5339378517e-02 2.6576130021e-01 -1.1049601157e-01 -2.0977813413e-01 1.6343492880e-01 -1.6175000647e-01 1.8833989511e-02 2.1249442789e-01 5.2986276647e-03 -1.1607817801e-01 8.0179053003e-02 -1.5179422606e-01 5.3042361346e-02 -3.0915137981e-02 -1.2112525029e-01 -2.3804138941e-01 -1.1211141091e-01 -7.4072122753e-01 1.5375289591e-01 -1.2582362698e-01 1.1061982739e-01 1.7102847183e-03 -1.1263487421e-01 -1.1246714331e-01 -2.7544735136e-01 1.6577011816e-01 -1.7784147936e-01 1.9508144774e-01 1.1314821617e-02 2.0430499296e-02 1.1792196976e-01 1.0963512032e-01 -2.8154931264e-01 -1.0002312658e-02 8.6133181441e-02 -3.1917945953e-02 -1.0665308052e-01 -8.9647275124e-02 -3.2136537470e-01 -1.5378371701e-01 5.1370783356e-02 -1.0596604809e-02 -2.6433255523e-02 8.0826703865e-02 -9.5178086431e-02 -3.2677451457e-02 -1.9867260399e-02 -2.9826678723e-01 4.0035947763e-01 1.3112005965e-01 3.7445006217e-02 -7.4446892255e-02 -1.1767201418e-01 -1.3666944486e-01 1.5697559489e-01 -7.4552720629e-02 -1.4543252801e-01 1.6486635338e-01 -1.4718891045e-01 -1.3230555009e-01 -1.1178256762e-01 -4.3124573152e-02 7.5746501910e-02 3.7565607969e-02 -3.4464480523e-02 2.4889377591e-02 -1.3961719385e-01 8.5397618580e-02 4.6890022542e-02
-1.0634201416e-01 4.1951372900e-02 -3.8112248896e-02 5.7309968857e-02 -6.8663617682e-02 6.0405130736e-02 8.5980442593e-02 -1.1304304681e-01 -6.8690728041e-02 -6.7512689979e-02 -7.9007464428e-02 7.5988141229e-02 1.8812143141e-02 -1.0205628410e-01 -5.5245614200e-02 5.6391101072e-03 6.4692687607e-02 1.1151751477e-01 -2.7302860247e-02 -2.3682513267e-02 2.8425626253e-02 5.4020922567e-02 9.0689754040e-02 -8.4095788337e-02 -1.7289797891e-01 -3.1742451176e-01 -9.3281882717e-04 2.9048149954e-01 -5.7748051061e-02 -3.9741951931e-02 5.6176357881e-03 -8.3628635942e-02 -4.8348027378e-02 9.0730300066e-03 1.4278822421e-02 2.2173649602e-02 -7.4385376394e-02 8.1820300057e-02 1.7495757633e-02 3.2562903847e-02 -2.0729485559e-02 9.1133996628e-04 -5.8070951928e-02 -5.7796977043e-02 -4.9784139314e-02 6.0625860432e-02 -2.1624010414e-02 -3.6521355795e-01 -2.1919537223e-01 2.2500282964e-02 -2.0879205370e-01 -2.3664934345e-02 -5.1164292630e-02 -5.5365235110e-02 -7.9277358241e-02 -7.5822220954e-02 3.1731901333e-02 -8.4091086205e-02 -1.8731268727e-02 8.3813558026e-02 -1.2614207049e-01 -2.2170849149e-03 -9.9378847719e-02 2.3443946542e-02 3.2750551139e-02 -1.3605480449e-01 3.4088125669e-02 -4.8864603845e-02 1.2627710244e-02
1.4399065355e-02 7.0970034125e-02 -5.8849100499e-02 8.8510383518e-02 5.0788439555e-02 5.5396601354e-02 -3.5540637129e-02 -1.0233577760e-01 7.9980457498e-02 -7.0668162974e-04 -3.9770889762e-02 4.4553393846e-02 5.8449778992e-02 -8.4987758156e-04 -3.6691170911e-02 2.1664402173e-02 -1.2209449742e-01 1.0115618985e-01 6.4322790760e-02 -1.0597712394e-03 -3.5376926501e-04 -3.9139958636e-02 9.8320230893e-02 -3.5801300283e-03 -8.5226951169e-02 -1.4666244029e-01 4.9987470165e-02 1.0721772348e-01 -1.9841927693e-02 -6.8500644041e-02 -8.1567313339e-03 -2.2084962499e-02 2.2236815742e-02 1.5801688871e-02 6.8813179842e-02 -3.1081790864e-02 -1.0137802896e-01 3.1955467671e-02 6.4483507839e-02 3.1627046855e-02 3.8792851316e-02 7.4635950821e-03 -1.0208393795e-02 9.8848695004e-02 -8.5917026669e-03 5.4667897013e-02 -4.9055608974e-02 -3.3109772873e-01 -3.5266980465e-01 5.0656688825e-02 -1.6396123323e-01 -1.3540575763e-01 -1.0739046563e-02 2.2456916725e-03 -1.1046120127e-01 -7.2783426297e-02 -1.5365240299e-02 -1.9209094398e-02 -3.1063115586e-02 -4.6540026193e-02 -4.9936691282e-02 1.3001727865e-01 -5.6745013034e-02 9.8168189707e-02 3.1969711671e-02 8.9026914140e-02 -4.7085800684e-02 8.0682579288e-02 -5.7759259560e-02
-1.4267917219e-02 4.2245704412e-02 -3.5130633625e-02 2.0213827652e-01 -3.3476137226e-02 4.2806365099e-02 8.9287932214e-02 -5.0613250874e-02 2.5494329565e-02 1.0469053872e-02 -4.8397414032e-02 3.1775073964e-02 5.5736083546e-02 -1.0366348804e-02 2.6599450569e-02 -5.8070045319e-02 -4.7219224452e-02 -1.2281168801e-01 7.1732168622e-02 -2.7968814751e-02 -8.8290808790e-02 1.2352741169e-01 2.1118980088e-02 -4.9143944875e-02 1.0608872402e-02 -8.9666200207e-02 3.4332123622e-02 1.0071996119e-01 -3.3508010116e-02 3.5185223953e-02 -2.7504540723e-02 7.8951937521e-04 4.5032784397e-02 -1.1625892121e-02 4.9948258055e-02 5.0685802951e-02 -7.2559856266e-02 1.5065871740e-02 2.2345793497e-02 -1.5030268560e-02 1.8004179457e-02 8.5078257313e-02 2.2259205001e-02 1.3678106941e-02 5.2246827161e-02 4.4409482830e-02 -7.5132243649e-02 -2.3825299064e-01 -1.2056742734e-01 -1.2438742275e-02 -3.3630449828e-02 -4.4609390612e-03 -1.3267132937e-02 2.0186928441e-02 -4.5472855811e-02 -8.8438442092e-02 4.6527073080e-02 -1.1638127737e-01 3.4572362537e-03 -2.7699945852e-02 -4.1356384450e-02 5.7372655425e-02 -3.9741718643e-02 8.4873112275e-02 -4.8661820595e-02 -1.7735326903e-02 -4.8782004400e-02 -5.8833551057e-04 2.0491475507e-02
1.7672212730e-03 1.1159895664e-01 -1.1383504619e-02 1.2934910438e-01 -3.4012620100e-02 2.5625687227e-02 7.7142653088e-04 -8.9074143049e-02 8.4364809287e-02 8.5283543630e-03 -3.1984053644e-02 3.9961733494e-02 6.3536238605e-02 2.8318974800e-02 -9.0251390376e-04 -6.8976208397e-02 8.5290727819e-03 8.1686729564e-02 2.0667941943e-02 -3.5245637996e-02 1.4456680108e-02 8.3685200692e-02 8.2802974821e-02 -7.9075042767e-02 4.3202470415e-02 -8.7939551615e-02 -2.0939873172e-03 1.2445825937e-01 -1.2953601999e-02 4.1317838052e-02 2.2736100336e-02 -2.7590817419e-03 -2.9540032984e-02 4.2014641072e-02 1.0888246154e-01 5.7877809756e-02 -5.1869355514e-02 -1.2789607936e-02 -2.8720279792e-03 -6.2083726480e-02 -1.5792685793e-02 4.1773215804e-02 5.2112810969e-02 2.6100701820e-02 1.1353232457e-01 -1.2844978211e-02 -8.5138100917e-02 -1.3900355551e-01 1.0176682618e-01 3.9329362044e-02 -1.2630425571e-02 1.8120669636e-03 3.4291833259e-02 9.0526039400e-02 -4.0392146227e-02 -3.9946991946e-02 6.1832453273e-02 -1.6087832357e-01 4.7445931588e-03 -1.2354942508e-03 1.6185990233e-02 4.2881711342e-02 6.8650832824e-04 6.4275614069e-02 3.5236283600e-02 7.1898815310e-02 1.3164747322e-02 -7.7374711191e-02 -2.5098554922e-02
-2.5411258995e-03 1.0046030619e-01 -4.6614878173e-02 1.0553651659e-01 -2.5639994792e-02 -8.8538111872e-02 -5.9176819554e-02 -6.9680892544e-02 6.3021971560e-02 -2.1558024541e-04 7.5085621704e-02 4.6763176434e-02 5.3879222149e-02 -1.0409472734e-01 -1.8672485246e-02 -8.5461184184e-02 1.4710454040e-01 -2.1532213497e-03 3.8474451663e-02 6.3572437925e-02 9.9098433985e-02 3.2883045634e-03 3.5828240538e-02 -5.6183490579e-02 6.4862531108e-02 -4.5032439727e-02 6.0261939989e-02 -5.8628510275e-02 -1.0256230848e-01 7.4935987012e-02 -7.0790099163e-03 -5.8196695496e-02 6.2107929424e-02 -1.0157686896e-01 1.7139820124e-02 3.1387750989e-02 -8.2365673666e-02 -3.8391302528e-02 4.1305004173e-02 -1.1132662977e-01 -5.7980675309e-02 2.9686312324e-02 2.7516413148e-02 7.2012984378e-04 7.2482743651e-02 -3.3099827102e-02 -8.1594624623e-03 -2.1020710420e-02 1.9424642744e-01 6.1951343547e-03 -1.0492900553e-01 2.2028774781e-02 8.6761747484e-03 1.0415744414e-01 1.0882911872e-01 7.1033532540e-02 7.0700517813e-02 -6.4556655356e-02 1.0846826714e-02 2.3293286657e-02 4.4156717555e-03 2.7188574777e-02 3.3354092912e-02 -1.2048307458e-03 5.2065579731e-02 -1.4828212487e-03 1.1858659340e-01 -1.1582780087e-02 -1.1880893975e-03
3.8949308960e-02 4.0295470817e-02 5.0202416185e-02 1.7988050947e-03 4.8776105523e-02 -6.3595986708e-02 -7.5291690776e-02 -6.7837848587e-02 5.1544091716e-02 -6.5560529380e-02 4.9029965269e-02 3.4971448687e-02 3.0369177802e-03 -4.7974369369e-02 2.8759675062e-02 -2.2740829423e-02 9.0964847003e-02 -2.9779659064e-02 3.3502831652e-02 8.4152612184e-02 4.8313839406e-02 -1.6163583421e-02 -1.5998081132e-02 1.1451510004e-02 8.0259495927e-02 4.0531681106e-02 1.1435685870e-01 7.0529899530e-02 -1.3999201820e-01 5.6332246248e-02 -3.0340947170e-02 -3.7760635133e-02 7.0273835641e-02 -5.9605564841e-02 -1.2590795031e-01 3.4161126607e-02 2.5292415004e-02 -5.9200924384e-02 2.9103477008e-02 -1.5047945611e-01 -2.4406106381e-02 -5.2410807596e-02 1.1149424337e-02 2.1813072259e-02 8.1399259232e-02 -4.6112104604e-02 6.3971832162e-02 1.0011652420e-02 -8.9812048975e-02 -9.6941914197e-03 -5.6379484504e-02 -5.5871284006e-02 -3.8348034832e-02 8.1393694174e-02 1.2756131687e-01 8.0691456158e-02 -1.6814479402e-02 -2.6142448593e-02 3.8683313135e-02 -1.0400676230e-02 2.0630365377e-02 4.6775652056e-03 7.3180482704e-02 -4.7730500501e-03 -1.7981503948e-02 -2.0628200068e-02 1.6312357161e-01 -6.8345965800e-02 -1.1920865843e-02
-2.2344197640e-02 6.8527924852e-03 5.0679888079e-02 1.6669355869e-02 1.5175541322e-02 7.7097685563e-03 -7.4486158456e-02 -1.1879538863e-02 3.8088279726e-02 -3.0945921424e-02 8.8215118972e-02 -1.1453466786e-02 9.5919191634e-02 -6.4747976595e-02 1.8795733683e-02 4.4722019268e-02 4.5758374304e-02 7.7094059354e-02 2.3903814595e-02 6.8910734646e-02 3.8282925626e-02 3.9567880734e-02 1.1212043881e-02 -2.8510654032e-02 1.1928240991e-01 8.8253129439e-02 6.3269546110e-02 1.4464025705e-01 -9.7438283988e-02 -1.0713426926e-02 -7.5726469815e-02 -3.3979898085e-02 6.9571872750e-02 -6.7462206015e-02 -1.5397377046e-01 -4.3316800848e-03 2.3512483668e-02 -3.2566333089e-02 2.4177503247e-04 -1.5316555211e-01 -1.2927104579e-02 -6.3346901011e-02 -5.1640327269e-02 6.4977595420e-02 -2.6633205655e-02 -3.6546910456e-02 8.4714860361e-03 3.5098312663e-03 -2.3125532514e-01 1.1348597682e-02 -7.2859039783e-02 -1.4844414500e-01 -3.6277491627e-02 6.8880752267e-02 5.4438624454e-02 9.0147383408e-02 3.2495727212e-02 -2.4506670872e-02 3.6692709957e-02 -2.6146129734e-02 2.7934231523e-02 1.1024399281e-02 -8.3876856646e-04 -8.1155966530e-02 1.0221549288e-02 -3.2440776829e-02 1.5996174443e-01 -2.0118228109e-02 -7.7842059183e-03
-1.3292111259e-02 -4.7724250684e-02 6.1087647786e-02 1.2716377520e-01 -2.6890067613e-04 1.5993808650e-02 -1.7797872370e-02 2.9529076475e-02 3.1370929706e-02 -5.7268478528e-02 5.7399937456e-02 -3.4327619347e-02 6.5856321525e-02 2.3558910691e-03 2.7290361419e-02 1.0168213941e-01 -4.3932970857e-02 -3.8611788361e-03 2.0830563276e-02 1.2856424115e-02 -1.4183766316e-02 6.6275409543e-03 2.0199809951e-03 1.0306448521e-02 1.4308367064e-01 -5.6797813919e-02 3.1905105874e-02 1.6928037543e-01 -2.3635723708e-02 -2.8118866482e-02 -9.4115895546e-02 -1.9889012834e-02 5.7543071390e-02 -2.7748896854e-02 -1.5834237715e-01 -3.9603373981e-04 -5.8202163345e-02 -1.9047229431e-02 8.5513584286e-03 -3.9782011644e-02 3.1843472800e-02 1.5449700155e-02 -7.2600830957e-02 9.6373780032e-02 -5.8668599978e-02 -5.2088201234e-02 -8.8181712635e-02 -4.1739520080e-03 -3.8226308690e-01 -8.0684832791e-03 2.7822441516e-02 -1.4257580836e-01 -5.6871064980e-02 2.1051446712e-02 -3.6302834434e-02 1.2726238728e-01 2.8773255207e-04 3.0843994634e-02 2.9505757215e-02 -2.7462721663e-02 -2.0905385634e-02 5.0980687979e-02 -3.1733232719e-02 -1.0502475894e-01 -1.1372843705e-02 -2.9139595694e-02 1.1866855185e-01 -4.2237537693e-02 3.5601438916e-03
-3.3091570965e-02 -1.0023243734e-01 1.2954144632e-02 1.7647082621e-01 -5.4645388514e-02 -1.2045020064e-02 4.3385800359e-02 5.3680002306e-02 -7.0912748087e-02 -3.6825361502e-02 6.2200101356e-02 -3.4821984520e-02 -1.8118859454e-02 -5.0821640507e-03 2.9914883712e-02 5.9101843027e-02 -8.3389749369e-02 -8.0724601756e-02 -1.2583523745e-03 3.4715172844e-02 3.0828747352e-02 -7.1634123801e-02 4.2349424778e-02 1.9751775982e-02 2.6536771784e-03 -5.9019279219e-02 -4.6312644752e-02 8.3816981331e-02 6.4143218002e-02 -3.1619002578e-02 -1.0845622255e-01 -4.3462338890e-02 5.6056182944e-02 -8.2084802939e-03 4.2683367400e-02 2.1676752511e-03 -1.0184520124e-01 -1.1442492167e-02 5.6796916140e-02 2.5295026244e-02 5.3725340875e-02 8.9501216895e-02 -1.1765398063e-01 1.3619759282e-01 -1.5391101849e-02 -6.6532236670e-02 -1.2317746204e-01 -1.1256850538e-01 -4.5349780014e-01 5.0816280801e-02 2.4982804457e-02 -8.1551619575e-02 -8.0200509205e-02 -1.1629560334e-02 -8.0262566555e-02 1.3769819921e-01 -3.4076468117e-02 3.5259221706e-02 5.4661126582e-02 1.1209115468e-02 -2.7414579423e-02 5.3390328009e-02 -7.8793833381e-02 -9.1082232542e-02 -7.6185136599e-02 -1.0012237116e-01 5.0220754760e-02 4.9592240468e-02 3.0773637793e-02
-3.9835723102e-02 -7.4450477099e-02 -4.8913480368e-03 1.4444692987e-01 -2.1436096560e-02 -5.5197216292e-02 3.9050888224e-02 1.8939489022e-02 -5.8431614905e-02 -9.7491422873e-02 4.8258501955e-02 -9.0493374000e-03 -6.8375126324e-02 3.8153166102e-02 2.4293213122e-02 9.3097807489e-04 -5.8223852963e-02 4.9508525138e-02 2.9451809226e-02 6.5581736604e-02 7.5378215744e-02 -2.2871736594e-01 4.0868785469e-02 -2.5365676014e-02 -1.9275908634e-02 -9.3345998605e-02 -8.7593214690e-02 4.4287257133e-02 5.1524053283e-02 -2.4839709906e-02 -2.4841242559e-02 -3.8690190418e-02 1.0642089245e-02 7.9527331403e-02 1.7675983220e-01 -6.1556055237e-03 -1.7265969281e-01 -2.1077108116e-02 6.6928462959e-02 7.8472412019e-02 8.2625252375e-02 9.2029354894e-02 -7.8622980909e-02 9.8174355873e-02 -5.8353965957e-02 -1.1618296931e-01 -4.6384717772e-02 -1.4592275243e-01 2.4902311027e-01 1.2028436544e-02 4.2451822329e-02 -4.5842553893e-02 -4.7452672570e-02 1.2325207493e-02 -1.9877594986e-03 4.2965868546e-03 -4.5670632608e-02 1.5613076367e-02 -1.2849295269e-02 -1.2021175083e-02 -3.6218277591e-02 5.2512022311e-02 -5.2310481680e-03 -1.0121356399e-02 -1.1634335186e-01 -4.6520233159e-03 1.2619836073e-02 1.4032561042e-02 3.1671147272e-02
2.5846870140e-03 -5.4906763069e-02 -8.0121572781e-03 3.6732210817e-02 -5.1454943204e-02 -9.7240005916e-02 -2.6316280786e-02 -1.8799857691e-02 -7.8650959832e-02 -6.4837560451e-02 5.0197267618e-02 3.9915058328e-02 -1.2213527304e-01 -2.1526569808e-02 -9.7697047676e-03 -4.8196872458e-02 4.5912310193e-02 4.9717164391e-02 -2.1151438563e-02 6.7703646688e-02 6.0782609840e-02 -2.9648596930e-01 2.2618082715e-02 -4.4294769069e-03 6.6605672517e-02 -8.2267729542e-02 -4.0872166510e-02 5.4892702856e-02 -6.0270656968e-03 -5.1860814944e-02 7.0520716084e-04 1.9951448488e-02 -5.3666091008e-02 6.5013201157e-02 7.5961071292e-02 -1.2155709056e-02 -1.3906785230e-01 -2.8395108474e-02 7.1429900688e-02 5.5675778070e-02 4.7415608219e-02 4.2021962600e-02 3.4018803240e-02 -1.8269897656e-02 1.7853725086e-02 -1.3669950374e-01 1.3031326165e-02 -6.9621795819e-02 2.7382625932e-01 2.6632170890e-02 4.8178378862e-02 -5.1580171373e-03 -1.3011425514e-02 9.9814540689e-03 6.1842683549e-02 -1.0545406049e-01 -5.1283153045e-03 1.3282888571e-02 -4.2806120970e-02 1.3507582487e-02 -5.4256829338e-03 -3.6390206775e-02 6.3173130414e-02 7.8075763961e-03 -7.6633440557e-02 -7.7112294375e-02 -2.6608917381e-02 -2.5590420327e-03 1.3087898696e-02
5.7273540891e-02 -2.4525442258e-02 -2.4627140929e-02 -4.2510680804e-02 -1.3384135784e-02 -1.4420681454e-01 -4.8377279494e-02 2.8425397429e-03 -8.1446386468e-02 -4.0909471507e-02 8.0724993068e-02 2.8508326096e-02 -1.1103800899e-01 -6.5171827806e-02 -1.0514214606e-02 -1.2824185606e-02 9.6176275854e-02 7.0232568584e-03 2.8314196380e-02 3.1125928083e-02 1.3985127115e-02 -2.5501368760e-01 -5.7619547701e-03 5.4002906738e-02 4.6106028184e-02 7.8445441270e-03 -4.2067768060e-03 1.1829418363e-01 -4.5055652844e-02 -6.4132382134e-02 1.9262973475e-02 2.7612838501e-02 -4.4449237460e-02 3.4542203379e-02 -3.8511283092e-04 -4.8825302514e-02 -6.7550500809e-02 4.5671726688e-02 3.4247980114e-02 1.9278188193e-02 6.5115617389e-03 1.5661070175e-02 1.2598778268e-01 -4.6008823152e-02 4.0515381994e-02 -1.3134842281e-01 4.6739447361e-02 -1.4528915437e-02 -2.4145511824e-01 2.1395361647e-02 -3.2244689357e-02 -7.2398387112e-02 -3.6351286860e-02 -9.8780872156e-03 1.2302670305e-01 -9.8321954619e-02 -1.6144585373e-02 2.0432470977e-02 -3.2696561698e-02 2.2430808349e-03 3.6206412210e-02 -2.0815170379e-02 6.1132216497e-02 8.3451032522e-02 -6.5739935739e-02 -3.7356418529e-02 -2.5083893260e-03 2.6585553530e-03 4.2160106644e-02
4.2016674964e-02 -1.0725804455e-02 2.9176762427e-02 -3.6779004678e-03 -2.5785067734e-02 -1.3144510116e-01 -6.6804368470e-02 2.3077357824e-02 -5.8519581420e-02 -2.2484065363e-02 7.0286991893e-02 2.0283487213e-02 -8.6320342802e-02 -1.1315305942e-01 -2.4654964107e-03 7.7777681368e-02 1.3544505600e-01 -1.1447978641e-01 3.8001108062e-02 -1.9915608099e-02 -3.4127236040e-02 -1.2425378720e-01 -1.5770430063e-02 4.5289742082e-02 -7.9743915574e-02 -2.8145542732e-03 6.9763842403e-02 -3.5942831701e-02 2.1965879407e-02 -1.8339015763e-02 -6.9030618672e-03 2.4745344633e-02 -3.6460854618e-02 1.4303966077e-02 -1.6448676469e-01 -7.9124600981e-02 -2.7880786201e-02 7.4615667148e-03 1.6249264736e-02 -4.9503936546e-02 -5.4849205264e-02 -2.7815787197e-02 7.2782343718e-02 3.8146649332e-04 4.6493240395e-02 -8.1527203564e-02 -2.9140832258e-02 7.7940953447e-02 -3.2972381061e-01 -4.8254643591e-02 -2.4462398858e-02 -1.6822790997e-01 -8.3408728254e-03 2.8462138041e-02 1.1331656319e-01 -2.2972548684e-02 -3.8506414455e-02 -4.5262613685e-02 -7.9562334187e-03 -2.1305122200e-02 3.8251756641e-02 -4.6599888525e-02 -9.6420574922e-04 3.4619666095e-02 -7.7557948631e-03 -4.4895299098e-02 5.2808275931e-02 1.8615449242e-02 7.1967699403e-03
1.0299349119e-03 -1.4965983332e-02 2.7243145833e-02 3.7333850930e-02 4.4795527804e-02 -1.0703314248e-01 9.2620017633e-03 2.6965948047e-02 -5.5345303328e-03 -1.2316625977e-02 7.9001528488e-02 2.9315275155e-02 -2.2633262940e-02 -6.7162560972e-02 -1.5183145131e-02 1.8870413652e-02 1.2823057264e-01 -4.5266444331e-02 4.0262626565e-02 -8.9266734354e-03 -2.5668698788e-02 -1.8049489789e-02 -2.0667013988e-02 2.6746888068e-02 -1.3897993724e-01 3.6220284172e-02 8.3077929662e-02 -4.5125776207e-02 2.8025410111e-02 -1.8067808329e-02 4.0242071456e-02 3.2008666704e-02 6.6724822031e-03 -2.3575254194e-02 -2.2794875329e-01 -1.1945526805e-01 -8.7656598413e-02 -3.2589341653e-02 -4.5238611130e-02 -4.4962076826e-02 2.5878702351e-02 -6.5311500638e-02 3.4754809525e-02 8.8755778096e-02 4.1756422916e-02 -6.2304737872e-02 8.9269910851e-03 6.8204840630e-02 -2.0608474476e-02 -1.1960784680e-02 6.5583051857e-02 -2.7595195846e-01 1.2027638449e-02 2.5543334170e-02 1.6150760449e-02 8.8722710530e-02 5.1944206828e-03 -6.0369521293e-02 8.6405209104e-02 -3.9524077297e-02 5.0808893731e-02 -2.7030724687e-02 2.0789650646e-02 3.4365279269e-02 -6.9545836722e-02 1.0409585029e-02 6.7955527654e-02 2.1671063095e-02 -2.3940630054e-02
2.6305686343e-02 1.7933168399e-02 -4.4475629295e-02 7.0386054883e-02 1.0494845488e-01 -5.1328510935e-02 -7.5335815588e-04 3.8275870938e-02 4.5346759640e-02 3.2387097514e-02 5.3070477917e-02 7.6847795544e-03 3.9403241705e-02 -8.4045987732e-03 2.6704428526e-02 8.4938803661e-02 6.2058072935e-02 1.1246398207e-01 -4.0629044645e-03 -4.3426313090e-02 -4.3920155393e-03 -5.5323707472e-02 1.4016266565e-02 -4.2114232382e-02 -1.2114134844e-01 -1.4888886597e-01 5.1216293519e-02 1.0374323195e-01 -2.8561504849e-02 -1.8364214709e-02 -1.1896540754e-02 9.3467699632e-03 -3.3701451678e-02 -4.9853135900e-03 -1.3838744804e-01 -3.8884489308e-03 -6.8183481779e-02 -6.9100713568e-02 -2.8185422189e-02 1.6099420934e-02 -3.7986718392e-02 -2.0657664720e-02 -3.8552859114e-02 2.6527952547e-02 1.0356512773e-02 -6.9876363598e-02 -6.4423710161e-02 4.3340529041e-02 3.7812370258e-01 4.4898522083e-02 -6.9513184850e-02 -2.2850647497e-01 -1.4758044758e-02 5.4064297770e-02 -1.6277406421e-02 1.4725742754e-01 -3.8155156675e-03 -8.8212024582e-03 1.6788471909e-02 -3.6015208534e-02 -7.3943844151e-02 -3.2528006802e-02 8.6852624570e-03 -5.2124028836e-02 3.4231159542e-03 2.8290122183e-02 -1.2921852821e-02 -3.3624820777e-02 -5.5659698415e-02
-1.9210207015e-02 1.8513116649e-04 1.1815199813e-02 2.5287972347e-02 1.0239688803e-01 -2.4253613578e-02 -3.9076548701e-02 4.4167845196e-02 1.0106801829e-01 2.1393554726e-02 6.0313817480e-02 1.3145758983e-02 4.1452496196e-02 3.9711267339e-02 7.7575900067e-03 1.9166676179e-02 4.6814729823e-02 -1.0259034396e-02 -7.3252699728e-03 3.5927399361e-02 1.4278672958e-02 -5.2336759964e-02 5.0572541097e-02 -7.9943020329e-03 -1.4398944003e-01 -9.0423858809e-02 7.4054794414e-02 2.9464915735e-02 -3.6798192325e-02 -1.1915755650e-02 -9.3211573681e-03 -8.7908533814e-03 3.5909263358e-02 -1.9927648183e-02 -8.7974009029e-02 7.4545444229e-03 -8.6796860565e-02 -1.1155423582e-01 2.0044886850e-02 -3.6785330890e-02 7.1659732389e-02 -1.6178598072e-02 -2.6841061056e-02 -3.9603911811e-02 -6.5674215703e-02 -4.8851428474e-02 -1.7705430056e-03 9.0448612204e-02 1.8555885856e-01 7.5161035695e-02 -9.5094918519e-02 -1.2328866670e-01 -2.6550562384e-02 7.9350239842e-03 -6.4546024350e-02 1.7158003469e-01 6.1982337188e-02 -7.0260360754e-02 6.6220798918e-02 -5.5222818018e-02 -4.7180789702e-02 -1.7781297172e-02 8.2260448808e-02 1.0552598029e-03 -7.1358709718e-02 7.4366005281e-02 6.9437136568e-02 -4.7542011568e-02 -6.5779725128e-02
-2.4580576330e-02 5.9743382598e-02 7.4203905577e-02 9.2147012361e-03 1.1560885299e-01 1.0500245055e-02 6.8846118559e-02 -6.0413660693e-02 3.6053220237e-02 4.2166996641e-02 4.7372025814e-02 2.1410560338e-02 4.0756492850e-02 1.5918510996e-02 -2.7621436988e-02 -1.0957198693e-02 7.1581734175e-02 -1.0303445568e-01 -6.0255582327e-02 3.6919389549e-02 6.8323264712e-02 -1.9528590747e-02 1.1253837656e-02 -3.7464282975e-02 -9.5648704803e-02 -5.4718875797e-02 3.9557021840e-02 2.1776712100e-01 -8.8237592956e-02 -6.1494037033e-02 6.0874356215e-02 1.6613931205e-02 4.5399377374e-02 -3.5700404999e-02 -4.0375757401e-02 9.2055099446e-02 -9.9834846697e-02 -9.2556205242e-02 7.3087189787e-03 -9.8268204205e-04 2.1175610285e-02 -7.2303738857e-03 -2.0820519529e-02 1.9397166398e-02 4.6298254534e-02 6.5808453328e-02 4.4416945438e-02 -2.0313924443e-02 -4.8490495101e-02 1.2873254822e-01 -2.2269619637e-01 1.8060703374e-03 1.5015286866e-02 -2.5701348984e-04 -6.2840225289e-02 8.4819307165e-02 6.2729993929e-02 -6.2138057813e-03 5.0131616294e-02 -6.2688210707e-02 -9.9876871674e-02 3.4567019022e-02 1.2540472751e-01 -9.0697118470e-03 -7.8185811724e-03 1.2542028588e-01 1.0569877423e-02 -7.7603967421e-02 -1.5740062086e-02
8.6512153208e-03 6.6528276980e-02 -2.0455662476e-02 -6.1579592332e-02 1.2759608311e-02 7.0637783241e-02 1.5309705612e-02 -8.4500108630e-02 2.0678946756e-02 7.4930967301e-03 6.8076181003e-02 4.3700179723e-02 3.4995137949e-02 -1.8808801614e-02 7.0443471067e-02 2.6326588204e-02 6.5727751912e-02 7.1044482369e-02 -3.3437185056e-02 2.5818055085e-02 -1.3607998456e-01 -1.1611720327e-01 4.0178905490e-02 4.1066105463e-02 1.7157578627e-01 -4.8927185129e-02 6.5853815399e-02 2.4425975281e-01 -4.6682799614e-02 -8.3112701716e-02 8.5227555879e-04 -2.4378059125e-02 -1.4369922717e-02 3.6077427635e-02 -6.4929744573e-02 6.0966606550e-02 -2.1851664220e-02 -1.1063255473e-01 -1.1675355434e-02 2.2445448576e-02 2.5584357298e-02 -5.8895756468e-02 2.7679839698e-02 6.9860211005e-03 3.9270816951e-02 6.6102659450e-02 8.4937389588e-02 -4.9252068713e-02 -1.2400940408e-01 8.5105351967e-02 -2.9713978302e-02 -1.0947240178e-01 5.7306940476e-03 -2.3738225916e-03 1.0924270278e-02 -1.0325534018e-01 5.9801624818e-02 2.4363060146e-02 9.7312152357e-02 -2.9792831027e-02 -6.0283771895e-02 1.4083434051e-01 6.5418995698e-02 -5.6892790283e-02 -3.9981874723e-02 9.0387887820e-02 -3.6514128435e-03 -5.5950208663e-02 6.6811565742e-02
-1.7995699454e-02 1.8613293226e-02 -8.3341223564e-02 9.3215423121e-04 -7.9011080572e-02 1.3512679104e-01 -8.7817133050e-02 7.8652344819e-02 3.6222029620e-02 1.1112432877e-02 -2.6378482617e-02 -2.7777018212e-02 -7.0039011177e-02 -2.6938761409e-02 -3.7079714135e-02 5.8917811842e-03 -1.1447615262e-01 7.8977524014e-02 2.8116532913e-02 4.1224624287e-02 2.2719018816e-02 -2.7087941274e-03 -1.4634313634e-02 -1.0465824073e-02 1.1300349327e-02 -1.0277855932e-01 -1.3752898612e-02 2.4033779842e-01 -3.8345652688e-02 6.5003376536e-02 3.4044465604e-02 -8.0566484774e-03 7.0364628964e-02 -1.2329798330e-02 -1.2977950109e-01 5.9845839235e-02 -1.0049231258e-02 8.4613458031e-02 5.9018663580e-02 4.5290221929e-02 9.5888789427e-04 -2.2030351731e-02 1.0440667916e-01 -8.7494805083e-03 9.2596749294e-02 6.6100370307e-02 -1.7989006693e-02 -7.9409259495e-02 -4.9681794193e-02 1.4135075747e-02 -8.4927140786e-02 5.5604211515e-02 -2.1249540716e-02 -7.1393050480e-02 -8.0341562573e-02 -7.4705156152e-02 3.6632817213e-02 8.0422867455e-02 -7.1196055024e-02 -3.4418179136e-03 4.5620876408e-02 7.1167811093e-03 -7.9211024122e-02 6.6088801697e-02 1.2651657024e-01 1.5441944276e-02 -4.1555743740e-02 3.7430964306e-03 -1.1547434007e-01
-1.6691893563e-02 -1.9292452121e-02 8.6620701260e-02 -1.7359676417e-01 6.0753561215e-03 7.9352520765e-02 2.1665512833e-02 -1.7592174512e-01 -7.4127902530e-02 3.9247876465e-02 -9.3185796134e-02 -2.6226525267e-02 -4.4726182410e-02 3.9609648250e-02 5.2767607079e-02 -8.9310305153e-02 -3.1413944468e-02 5.5025070347e-01 2.9942106137e-03 1.0904149588e-02 -3.5445083479e-03 5.7684782850e-02 -1.3550354989e-02 1.3995437762e-02 -4.0803614840e-02 8.4251341592e-02 2.6627428207e-02 1.7109499592e-02 4.2754188163e-02 -1.6979050489e-01 -3.3887387686e-03 8.0113416162e-02 -1.0683567267e-01 -2.9899415614e-02 -4.1245688650e-02 -3.8393161852e-03 7.1435498732e-02 7.4008741853e-02 2.9466330669e-02 9.3618973897e-02 -3.5939744395e-02 -7.8201991214e-02 -1.7861622243e-01 -4.9957770217e-02 1.9244552485e-01 9.9541717026e-02 1.4552044615e-02 -1.5937472038e-01 1.4823018185e-01 -4.5352253110e-03 -3.1021843386e-01 -3.9862780266e-02 -6.1413381450e-02 3.3612669537e-02 1.7860159642e-02 -1.3609773000e-01 -5.3884631500e-02 -4.7290039863e-02 -6.0302333146e-02 1.4706314839e-01 1.8653754976e-02 3.9573477636e-02 3.4517772661e-02 -3.7146311936e-02 8.2409458361e-02 -6.5449929193e-02 -3.7886329404e-02 -4.2387270580e-03 6.5923855154e-03
4.2602560160e-02 -1.5873913396e-01 8.1110424720e-03 -2.5616767630e-02 6.1340361888e-02 1.0889873965e-01 1.7068151771e-01 -1.1295498054e-01 -3.0900193812e-02 -3.5167715686e-02 -3.5921428995e-02 1.1137170681e-01 6.3204446200e-02 -5.6868189126e-02 -9.3564483492e-03 9.8237470830e-02 -3.7515317970e-03 4.5667647534e-01 6.0967902861e-02 -1.7610513528e-03 -1.1612142023e-02 6.4687189025e-02 7.9220591331e-02 -6.0514998825e-02 6.2379484041e-02 8.3344983154e-02 -1.5246864785e-01 5.4085065612e-02 -9.3560859220e-02 -1.5341074471e-01 1.0577936053e-01 -4.7294649215e-02 1.3121346267e-01 9.2488183843e-02 -4.7202990583e-02 -7.2203854987e-02 3.0767661281e-01 -6.0626839454e-04 3.3250341664e-02 1.8701242537e-03 -4.7299177537e-03 1.3836037422e-01 2.9085385563e-02 2.1695451947e-02 2.2379119191e-01 1.8634211947e-02 -3.7778556371e-02 4.4407533065e-02 -2.6147044803e-01 9.7229440612e-02 -2.2916178837e-01 1.9313751811e-01 -6.0753135020e-02 -8.3134952798e-02 -4.7270772694e-02 -1.7589383889e-01 5.9227985400e-02 9.0431924412e-02 1.3543930708e-01 2.1181008031e-01 -1.6746445864e-01 -2.6249410077e-03 -6.8632449762e-02 6.4331729649e-02 1.3773739957e-01 8.3911323151e-02 -1.9894658374e-01 -1.6151414636e-01 8.8935104056e-02
1.6466570680e-01 2.3181271586e-01 1.7920019032e-01 4.5943443188e-01 -6.6074641334e-02 1.1218288433e-01 1.5482650784e-01 -2.8672416759e-01 3.3728353671e-01 4.8500596370e-03 7.7360135218e-03 -5.1717398397e-02 4.7257883896e-03 4.7506946494e-01 -7.9651004886e-03 3.0148698145e-01 9.2962768035e-02 -4.5182905045e-01 4.8765553936e-01 3.7452318542e-01 -2.2877187656e-01 2.4925169010e-01 -2.6977026294e-01 -1.8928930077e-01 -2.0823323429e-01 2.5990912203e-03 3.8319401437e-01 5.9991745974e-01 4.6191920929e-01 6.4482201223e-02 1.4941938055e-01 5.1124011474e-02 2.4622080341e-01 3.6352910288e-01 2.1095383801e-01 8.9761365660e-02 -5.0299343441e-02 -6.3164743070e-01 -5.4412943874e-01 3.1818482679e-01 -4.5807379290e-01 -1.1943513851e-01 8.9367071997e-02 -1.4702701374e-01 -3.8796587812e-01 -2.9055989177e-01 1.3533087538e-01 -4.5070818031e-01 -2.3827756415e-01 -1.0932292673e-01 -4.0966991032e-01 -5.7299075291e-01 3.1076442461e-02 -2.1653508265e-01 -2.1553978524e-01 1.3257083758e-03 -1.8007495680e-01 2.8743437717e-03 -6.8851921037e-02 4.9817746301e-01 -8.7537063010e-05 -3.1913029073e-01 -2.6645352871e-01 4.0917104002e-02 3.6024262573e-01 -3.2378500060e-01 1.5564062496e-01 -1.5231590396e-01 -2.3620888860e-01
1.4090713944e-05 2.1057567168e-04 -1.7209377524e-05 5.0832401735e-05 5.8273138662e-05 6.8586388718e-05 -1.3277197973e-04 -1.2819388989e-04 4.6391941531e-05 1.4967652653e-04 -1.8538650153e-04 -9.1561095739e-05 -3.2495203712e-05 -8.9518891833e-05 1.3653191877e-04 6.7386468038e-05 -4.4869313376e-05 6.5239337359e-05 6.9462117625e-05 2.1419939295e-04 2.8287205067e-06 7.4673649673e-05 -2.3152727559e-04 1.4556573431e-04 5.7809724524e-06 -3.7887213836e-05 2.2915496689e-06 -6.9105382336e-05 1.8145110062e-05 -2.1823786780e-05 1.8106362277e-04 6.1481389039e-05 4.9921720313e-07 -8.0097720991e-05 -5.7024206967e-05 6.1661126358e-05 -1.1698370076e-04 -4.1734011347e-05 3.6061230702e-05 -1.5204101267e-05 5.0226468652e-05 -8.4551111271e-06 -1.1355419188e-04 7.9471921983e-05 5.7471621303e-06 -2.0076859978e-05 -9.2090704745e-06 -2.8648880420e-05 -6.0467964457e-05 2.8237469929e-05 5.9095094155e-05 -1.2406884463e-04 -7.8307915579e-05 3.8859980389e-05 1.7995445049e-05 -1.0484146252e-05 8.1835239435e-05 3.5574843303e-05 -4.3622879077e-05 -1.2197041086e-04 -1.1339670611e-05 1.3958050327e-04 -6.8353547439e-05 -5.4046775686e-05 -7.0302895808e-05 5.6814290299e-06 -9.6652062661e-05 -1.0757105585e-04 -2.9551116983e-06
-2.6231145158e-04 3.6704273406e-05 2.4883462123e-04 -5.6353727190e-05 5.7646223400e-05 3.8527683139e-05 3.1823007894e-05 6.5466032330e-05 -1.0432412974e-04 2.7075718726e-05 5.1744705637e-05 -1.3353309645e-04 1.2366422720e-04 -6.4728611065e-05 6.7198120449e-05 6.8460913224e-05 9.2736559988e-05 -5.8826909339e-05 1.3357271369e-04 7.8743736835e-05 -7.0518263692e-05 -1.3064829527e-04 1.4806269537e-04 -2.1938538090e-05 7.6233899426e-05 2.1075641862e-04 6.0665748370e-05 6.0114553461e-05 -1.0164200224e-04 -5.0162899241e-05 1.0854710117e-04 3.6457166559e-05 6.7080833089e-05 -3.4702234688e-05 -3.9040738570e-05 -2.7740083414e-05 -3.2152974096e-06 -2.0320601068e-05 1.7584934953e-04 2.0792320383e-05 -1.1498930633e-04 -9.4168109422e-05 9.5092385463e-06 -2.3929051966e-05 8.5781874191e-05 -1.3654959684e-04 2.3470202426e-04 -8.0427550785e-05 -1.2624764077e-04 -5.4288608438e-05 -7.7564159117e-05 1.5284073711e-04 -8.9992505301e-06 -1.6076530081e-04 -3.7976986316e-05 6.0627289288e-05 8.1780760798e-05 -4.3998745214e-05 -3.0460239326e-05 1.0393795940e-04 -1.3279193932e-04 -7.5142423815e-05 1.7813725933e-05 -2.7130390547e-05 1.3877636685e-04 6.5619188482e-06 -2.0293445615e-05 -8.0695377059e-06 -1.4676537141e-04
4.0312787874e-06 1.1399793359e-04 1.1474709529e-04 2.2706600292e-04 1.1244176394e-05 -4.4273476329e-05 2.5519783764e-05 2.7188054559e-05 -6.1030645203e-05 1.2654162908e-05 2.7666896968e-05 -3.6385473246e-05 -5.1106011985e-05 3.3062341443e-06 -9.1483349073e-06 -9.1436880358e-05 -1.6578303089e-04 -4.8403769529e-05 6.0212338458e-05 6.8833451591e-06 3.2021009495e-05 -1.6140980782e-05 1.7958233127e-04 -6.8178855013e-06 -9.0795622787e-05 -8.9096558179e-05 -1.1271586527e-04 4.9788010359e-05 -4.6795248296e-05 -1.5299470309e-04 -4.4504805171e-06 1.1733633297e-04 -2.7737170023e-04 -1.4422148570e-04 -1.2215478777e-04 -7.5730883931e-05 4.1464441481e-05 1.2944005084e-04 6.8620586832e-05 -3.4283548263e-05 -1.3432711123e-04 1.3974857787e-04 6.8011731887e-05 -9.5433538510e-06 1.0747524857e-04 6.2365224957e-05 -4.2650393619e-05 -1.0658421219e-04 -1.2617394260e-04 9.7299217386e-05 1.3314050298e-04 1.7831861989e-05 8.4520053545e-05 7.5909564594e-05 3.9503739004e-05 6.0317063038e-06 -1.6043146884e-04 8.9416496691e-05 1.7261020296e-04 8.5597792899e-05 -8.6430740672e-05 4.4095815098e-05 -1.3681436502e-04 -1.2314635183e-04 -1.4464848240e-04 -8.0886423923e-05 1.8878767066e-04 -1.7269839481e-05 1.2022045067e-04
9.4095209375e-05 -1.5124353866e-04 1.2282164441e-04 -1.2955829247e-04 5.9567560668e-05 4.7555252220e-05 -1.2954164200e-04 -1.0431598896e-05 -6.6148006001e-05 -2.0279845270e-04 -1.2362213840e-04 -2.0955720232e-05 -1.0108018326e-04 -1.2581309726e-04 1.1119840942e-04 7.5648703442e-06 7.0340598424e-05 -8.2051654268e-05 -7.8887458135e-05 -1.8963833234e-05 -2.0019521726e-06 -6.2182592470e-05 1.7047698115e-04 8.0876094067e-05 7.4990349859e-05 -1.3335252809e-04 2.4031404406e-04 1.0683903876e-06 1.4796361022e-04 8.4316738717e-05 2.4038082319e-05 -6.3670835871e-05 -6.7075007223e-05 -1.7797942759e-05 7.6709963643e-05 -1.1638319142e-04 3.1170605293e-05 1.8536691061e-05 -4.3952498199e-05 6.7185175981e-05 1.6924033964e-04 7.6122036268e-05 5.5926895697e-05 1.5500709814e-04 -2.3604377170e-05 -2.5085702344e-05 -1.5051639009e-04 -1.6167015938e-04 1.7804018709e-04 2.0141238313e-04 6.6332214443e-06 -2.1787978657e-05 1.7764793302e-05 5.5958662049e-05 7.0612775359e-05 -4.4063720382e-05 1.4685926646e-04 5.2493805527e-05 6.5209438296e-05 -2.1096709757e-04 -7.3598311794e-05 1.4899832378e-04 4.7299737393e-05 -4.2267672410e-05 5.1647089881e-05 1.7928045835e-04 -3.9436108719e-05 3.7773434017e-05 1.2797128465e-04
3.2771600956e-01 -2.1004054398e-01 4.0806126863e-01 3.8325737261e-01 3.1339860513e-01 4.5314912841e-01 -9.9966745668e-02 1.8131546432e-01 -1.0182132019e-01 -3.6451138464e-01 4.9057469686e-01 -4.1921489910e-03 3.0430045986e-01 -4.4129238270e-01 -3.9066490751e-01 3.7918057958e-01 -1.2010596201e-01 1.7920654459e-01 8.9355082771e-02 1.1111117425e-02 -1.3816684871e-01 -9.1654157571e-02 -4.4026478142e-01 -1.2286748940e-01 -2.8764730341e-01 -3.7429846638e-02 -1.9680723177e-01 2.3128944838e-01 5.3881153709e-02 8.0918984265e-02 3.9862482389e-01 -1.2091005920e-01 3.4890238878e-01 -2.9587807396e-01 -1.2332159979e-01 4.1099552688e-01 -4.0904162456e-01 4.2840312465e-01 3.6524387166e-01 4.2475978657e-01 3.7464167934e-01 4.1630447489e-01 4.2441471324e-02 -2.3802953227e-01 1.2346908667e-01 2.6100343947e-02 -1.8221947379e-01 3.8245621749e-01 1.1169768958e-01 -4.2043558578e-01 9.7005239130e-02 -3.4461597556e-01 -6.1244537348e-03 1.0891823456e-01 4.1204732229e-01 3.2728545252e-01 -3.6408033258e-01 -2.8608268796e-01 3.8276472762e-01 1.3675897891e-03 3.3063695687e-01 1.2296661064e-01 -2.0810279190e-01 3.2222286373e-01 -1.3721707308e-01 4.9272176995e-01 -3.9315877582e-01 -2.2376971839e-02 -4.0837552394e-01
-4.1111867533e-01 -1.4706650909e-01 1.1612368166e-02 1.8886639188e-01 4.1785989001e-01 4.2106272040e-01 4.3832945087e-02 -1.3247717002e-01 1.5543623186e-02 -2.8216346042e-02 2.6074390440e-01 -2.2005796401e-01 4.1736313152e-01 -4.2215843713e-01 5.3475692925e-03 -1.2196132824e-01 3.6466651809e-01 6.5444756617e-02 -1.0163304909e-01 2.7775034633e-01 -1.7005934768e-01 2.3372569384e-02 -1.8010577313e-01 1.5462611976e-03 7.2176718858e-02 -1.4413225712e-01 -8.4193948001e-02 1.1288683415e-01 -2.0516246134e-01 1.5890098963e-02 -1.4895225798e-01 2.6571126222e-01 2.2417662668e-01 -2.2017096139e-02 -2.0064055908e-01 2.7720780276e-02 1.2519907921e-01 1.0109844426e-01 -4.0721878375e-01 1.1158298249e-01 -3.7586605316e-01 1.4743642044e-01 4.8138176999e-02 -4.1402541319e-01 -4.1564649113e-03 -1.0959174583e-01 -5.7405322762e-02 -3.1100379545e-01 8.4622475016e-02 -2.3050383492e-01 -1.3198363175e-01 -1.7159325551e-01 -2.6976905058e-01 3.2334339688e-01 2.5411837204e-01 -1.0642459075e-01 4.1916299993e-01 2.1157025332e-01 6.4118041167e-02 4.2886186381e-02 4.0990423280e-01 -1.1525233617e-02 -7.0098610523e-02 4.1537846605e-01 5.9202802873e-02 2.2353137419e-01 -1.4759413088e-01 -5.9796560719e-02 1.6350259928e-02
4.9195304656e-02 -5.7210602285e-02 5.7858995204e-02 1.8426907821e-02 -4.2338527355e-02 -1.6767050058e-01 -1.0649735399e-01 6.9271721976e-02 3.5772994043e-02 1.3782894498e-01 1.8554982367e-01 1.3477522874e-01 7.9477197149e-03 1.4980953910e-01 4.6786640521e-03 1.6915144801e-02 -7.4924541731e-02 1.8717414009e-01 4.4959054939e-02 -8.6262049936e-02 -8.5659586435e-02 1.5794282872e-01 -1.3715803787e-01 7.3928789130e-02 -1.6028492050e-01 -3.5734263001e-01 -7.4467275976e-02 -1.2971970294e-01 1.7385238953e-01 -1.2610169703e-03 -8.0472189542e-02 -6.2073673280e-02 1.9454220503e-01 -1.7734978593e-02 -2.6252297970e-01 7.1980971224e-04 -5.4736680208e-02 -2.7117179053e-02 -9.9957196961e-02 1.7425531953e-02 1.2462603658e-02 8.2898267593e-02 2.2587045688e-02 -1.3564861604e-01 -1.4463120417e-02 1.0217854670e-01 -6.7480132670e-02 -1.5246706891e-01 -1.9596369137e-02 8.0824223729e-02 8.5268176968e-02 -1.0789764845e-01 4.2122067743e-02 8.1941121505e-02 -4.3323652305e-02 -1.3316757900e-01 6.8008689395e-03 -6.0261978022e-02 8.1342300688e-02 -1.2207935099e-01 9.1715323775e-02 9.3574638778e-02 -2.0950351783e-01 6.7186277530e-02 -6.9440544676e-02 2.6899298238e-01 5.9530049951e-02 2.3350056939e-01 1.4232585813e-01
-2.9992244043e-02 -6.1720458629e-02 -2.6063176188e-02 1.1522152496e-01 -8.3703892149e-03 1.3974716369e-01 1.4298990566e-01 -4.9073477236e-03 5.6709173428e-02 -6.1387179360e-02 -1.2208209452e-01 3.3995489926e-02 -1.1378813849e-01 -7.6366816786e-03 -3.8769553002e-02 7.2361717240e-02 -1.1388310007e-01 1.4540663325e-02 -5.7908068327e-02 -1.9451414914e-01 -2.5110956664e-01 4.8527573147e-02 1.1976340720e-01 1.4444569888e-01 -2.4490294786e-01 -8.6997522157e-02 6.0879411180e-02 3.0054674444e-03 -5.7664832432e-02 -2.1522568354e-03 -7.2062531642e-02 -1.3548324743e-01 -1.0210522216e-01 -2.1538314738e-02 2.7787260342e-02 7.7320678838e-02 1.2165214369e-03 -2.0684083655e-01 -8.4509524005e-02 5.7430131326e-03 -1.8041972411e-01 2.3547352102e-01 4.1017383380e-03 -4.5359592133e-02 1.2154146820e-01 2.0949684965e-01 -3.8082061802e-02 -1.1838466369e-01 -1.4019671082e-01 1.1147393751e-01 8.7869786475e-02 2.1381851950e-02 -4.6017045837e-02 -2.3608298600e-02 -1.5225174623e-02 -5.1769617652e-02 2.8405470653e-02 5.8983582784e-02 7.1536991106e-02 -6.8403656963e-03 -5.2192056457e-03 -5.6257036149e-02 -5.2014462444e-02 5.8018074248e-02 6.6919915580e-02 1.3075264388e-01 9.3911221796e-02 1.4766965081e-01 7.2812924154e-02
4.3477617674e-02 4.0800844537e-02 -1.2626783195e-02 1.6274195408e-01 -2.6651409361e-02 8.9763153452e-02 5.1810423569e-02 -7.8133200330e-02 -4.8443758482e-02 1.2514706236e-02 -4.5562168201e-02 -3.4335124701e-02 4.6435209748e-03 1.2814863206e-01 -2.1877513315e-02 -1.0369298709e-02 -8.6273669111e-02 -1.1286162501e-02 -2.9993388200e-02 -2.5804913393e-02 -1.0472730586e-01 1.6188393699e-01 3.5468944922e-02 1.1833895826e-02 -1.1663601483e-01 -2.4138145774e-01 5.4403894355e-02 7.0704618722e-02 1.3481939516e-01 -3.5634656655e-02 -8.7645552958e-02 5.4956936584e-04 1.3862060912e-01 5.3660441663e-02 -5.4773299840e-02 2.3546032586e-02 -2.3485139506e-02 -9.3971768882e-03 -4.6836893650e-02 3.8590137617e-02 -8.8226014845e-02 1.4311039553e-01 -6.6533947961e-02 -1.8630448444e-03 2.0008567985e-02 1.9091485330e-01 -7.3743372669e-02 -1.5455054981e-01 8.3766120750e-02 2.8692087066e-02 5.5946016144e-02 -2.0583324942e-02 1.7265291785e-02 5.6938432706e-02 -1.1286527473e-02 5.4671457589e-02 1.0762585658e-01 3.2800864324e-02 7.2106527315e-02 7.7867020993e-03 6.5729975622e-03 -2.2297216007e-02 -7.7179388801e-03 1.2420018748e-02 -3.6920676162e-02 5.6316864268e-02 -7.4334997520e-02 1.4699654649e-02 -6.5724591296e-02
-3.6474180126e-02 -6.9838581519e-02 -3.9973803568e-02 -7.7892179327e-02 6.7719020872e-02 3.6698292941e-02 2.7524706709e-02 1.6157987063e-02 9.3073594286e-02 1.1357785811e-01 3.2025575213e-02 -1.8823240493e-02 3.2083961024e-02 3.4031978894e-02 3.9752715920e-04 -1.2759076581e-02 6.2636643183e-02 4.7975860673e-01 1.8519510313e-02 6.2288173160e-03 2.8282362041e-02 1.2236944073e-01 -2.1511920981e-02 -8.0065517778e-02 -5.4853674873e-02 -1.1551326855e-01 4.2388127439e-03 1.1142254661e-01 -7.8052498436e-02 2.4406421820e-02 -6.4123476879e-03 -1.9035498635e-02 -9.3827064541e-03 -2.0981465413e-02 -3.2471241918e-02 -4.6679651101e-02 -3.9427207108e-02 1.0254209493e-02 -4.8321742602e-02 -2.8993850706e-02 6.7222240392e-03 1.8453785597e-01 8.6507290572e-03 -2.3422754538e-02 4.6353495019e-02 6.5246162744e-02 -3.8180360740e-02 -6.7660258168e-02 1.0539485032e-01 1.4800405897e-02 -6.1589345715e-02 9.0522482409e-02 5.5364884332e-02 8.7340079942e-05 2.0917645963e-02 -3.5838901624e-02 -2.7615123499e-02 -6.2471500209e-02 1.4859947035e-02 5.3090855045e-02 -6.1230372007e-02 -5.8737604874e-02 -1.6235866490e-02 6.4079546490e-02 1.1143867549e-01 1.2530660880e-01 -2.4370924868e-02 3.1734510301e-02 -6.4956029305e-02
-2.5331711537e-02 6.5080984589e-03 -7.1491543831e-02 -1.0176899482e-01 7.3616539376e-02 5.9014657238e-03 -6.1077041279e-02 -1.9806575164e-02 6.1283208633e-02 2.0597692770e-02 1.1950696930e-01 4.4719810516e-02 -7.3221979265e-02 -6.1986559240e-02 -7.6578267580e-02 -1.3882145199e-02 5.2935860703e-02 2.2153472812e-01 1.0079135826e-02 -3.2815594772e-03 6.5738125914e-02 5.4000086704e-02 -7.1646689797e-02 5.3991000388e-02 -5.7952196206e-02 3.2615509621e-02 2.7963346366e-02 1.1164433519e-01 -1.7759304128e-02 4.3482254382e-02 2.8103623647e-02 2.2160432633e-02 5.7983343693e-02 -5.2054971882e-02 9.5883881732e-02 -9.8119661274e-03 -6.8718729389e-02 -5.6478166760e-03 8.3529374563e-02 -7.4829196225e-03 2.3090899838e-02 1.3812537581e-01 2.9867241609e-02 -4.6287980483e-02 8.5871037456e-02 -4.4810057617e-02 -9.2559595834e-02 -1.3171149413e-01 1.3240668306e-03 6.4012099497e-02 -9.3150739027e-02 2.3714722565e-01 -6.0641127700e-02 1.1391968111e-02 1.2627702447e-01 -1.1267521245e-01 1.8400524837e-03 3.0209072156e-02 6.2050563386e-03 4.4240761733e-02 -6.1318314170e-02 -2.5585274465e-02 1.1507241626e-01 2.4191584645e-02 1.4156308390e-01 -7.4976596539e-03 7.9539697438e-02 -9.8143374001e-02 8.7499227080e-03
-5.2156649852e-02 -5.0812571930e-02 -4.5278470659e-02 3.3934383180e-02 -3.8286206495e-02 -1.2063403475e-02 -1.3790685973e-01 -8.0752146398e-02 5.7492978875e-02 -2.1704202153e-02 5.7439781457e-02 -4.6444003983e-02 2.1739129066e-02 -1.6814090537e-02 -8.0270448052e-02 8.2255745150e-03 8.5062568740e-02 5.2942434788e-02 9.5881773962e-02 7.8448798723e-02 2.7705612708e-02 1.5645697424e-01 -3.5682780088e-02 4.3149613196e-02 -8.7074348899e-02 2.3737080671e-01 4.9058853713e-02 -5.0878794947e-02 6.9925071427e-03 9.2130877348e-02 3.1543575919e-02 -3.7412631223e-02 4.9305110417e-02 -7.6242601979e-02 -4.7795154208e-02 1.7763162470e-02 4.9569222787e-02 2.7051025479e-02 7.6567311041e-02 7.5846971745e-03 -4.4234626813e-02 6.1125480993e-02 -2.5795996246e-02 -6.8006985207e-03 1.2621967178e-01 -9.0281147168e-02 3.6684602121e-03 -4.4761537260e-02 -3.0080321598e-01 -1.8377744835e-02 -6.6976781385e-02 1.8760311423e-01 -7.0735429707e-02 1.7731547651e-02 1.9792321133e-01 -9.1251797935e-02 -6.1452381976e-02 7.2185527236e-02 -8.8767658208e-03 2.1268040139e-02 -5.3551191980e-03 2.5376289338e-03 -4.1278234206e-03 -4.4103424974e-02 1.1344114315e-01 1.3431954048e-02 9.8050651494e-02 -5.6809890421e-02 -1.3254055025e-02
-6.9512279655e-02 -6.8278163116e-02 1.3996643222e-02 -2.9832114633e-02 3.7320003768e-02 2.4210650749e-02 -1.0571347751e-01 -6.9273563946e-02 9.7619088229e-02 8.1347585914e-02 6.3832218024e-02 -3.5484428386e-02 9.9927813263e-02 9.5956463599e-02 -2.9401610127e-02 -4.7898559250e-03 5.9032139442e-03 1.6834796384e-02 2.8271106793e-02 3.5463804862e-02 -6.7495710993e-02 2.5409871942e-01 -1.6444930478e-02 8.7513200441e-02 1.7473592777e-01 1.0708520673e-01 9.7071699757e-02 1.6610024839e-01 3.2674036572e-02 -5.1043061482e-03 -4.6522975724e-02 -3.9469217550e-02 1.4430342995e-02 2.1612680926e-02 -1.1671430907e-01 4.9602044748e-02 -6.5666923094e-02 3.7078334480e-02 1.5974591859e-03 -7.2004517857e-02 1.2364686225e-03 5.5755279192e-02 -6.6025989728e-03 5.8673190813e-02 7.6662305583e-02 -3.5410352747e-02 -4.4188903179e-02 3.2571587625e-02 -2.0722380991e-01 4.4528410158e-02 1.7937835918e-01 9.0539275474e-02 -4.9815740591e-02 5.6994010092e-02 7.7331603628e-02 1.3542263064e-01 -2.5452073935e-02 1.1417823250e-01 -4.6843059003e-02 2.9431374211e-02 1.8377368057e-02 -2.4382772284e-03 1.6761678920e-03 -1.1500555189e-01 5.5297299027e-02 8.3613189697e-02 5.8610661619e-02 -2.6528598203e-02 -4.9968592698e-02
-1.0043975972e-02 -9.6273806995e-02 5.7342642134e-02 8.0835153962e-02 5.6090211113e-02 -5.0324424734e-02 -8.7390147793e-03 -3.4434191295e-02 5.2543962075e-02 1.0053231143e-01 7.9937947150e-02 6.5950404341e-03 8.7788330011e-02 8.6665959401e-02 1.1298339938e-02 4.3799005736e-02 2.1690006104e-02 -4.4242428211e-02 1.8605545605e-03 1.9692088819e-02 -1.4748429339e-01 1.3623957129e-01 -3.0346001450e-02 1.1354746967e-01 7.7611256327e-02 -2.1032880631e-01 8.5253383233e-02 2.2303704854e-01 2.0360220584e-02 -3.7273604143e-02 -4.7945692617e-02 2.5816004546e-02 -1.7130208107e-02 5.4086942269e-02 -1.0954345713e-01 8.1985233400e-02 -1.2299982992e-01 -6.7440278010e-02 2.4343400850e-02 -6.0620600374e-02 -2.2321804144e-02 4.2077842545e-02 -2.2452976441e-02 1.2094679413e-01 4.7486861470e-02 -5.5254306559e-04 -8.0165036527e-02 1.2852845173e-01 -2.7631361190e-01 4.3013032562e-02 7.7580599539e-02 2.7510374177e-02 -8.7685700752e-02 3.4738692523e-02 9.1686294019e-02 2.0766116024e-01 2.3684045583e-02 4.7875385497e-02 -1.6226127515e-02 -2.3560735764e-02 -4.3022282023e-02 -3.4759669380e-02 4.0438487272e-03 -1.0722832960e-01 -1.2993672610e-02 1.1546428006e-01 2.1756500543e-02 2.9990539629e-02 -1.7031779299e-02
-8.7250495983e-02 -1.2818664393e-01 3.1947838191e-02 8.0304170511e-02 -2.5719694788e-02 -1.2178011674e-02 -2.0169931689e-02 -1.7436934015e-02 -2.7042844029e-02 1.1834734577e-02 1.0735939081e-01 -5.7790252346e-02 -4.1627318135e-02 1.1345918899e-01 -2.4129698591e-02 8.7117279352e-02 -7.0094663537e-02 -2.9929806259e-02 5.2836360553e-02 -6.3402083647e-03 -1.5638885265e-01 9.9370649382e-02 5.4635578151e-03 7.1626262862e-02 -1.5824246312e-01 -1.1873892475e-01 -1.7814474791e-02 2.2037733995e-01 7.0143570234e-02 3.4111808678e-02 -4.1174889314e-02 -2.5440310074e-02 -4.2502447689e-03 -2.0463541989e-02 -1.6433422574e-02 6.2729637444e-02 -1.1424788279e-01 9.2527110304e-02 9.9625821018e-02 8.0184027571e-03 2.6460926752e-03 5.8655895921e-03 -4.8794847296e-02 1.0100054823e-01 1.4889145619e-02 -1.3547426750e-02 -5.2702104860e-02 8.0877069932e-02 -1.2993394468e-01 3.3949691824e-02 -4.7493110864e-02 -4.6643327262e-02 -1.0565797928e-01 -5.8604920470e-02 5.0563237074e-02 9.6825480879e-02 -3.8732147732e-02 1.1954813042e-01 -4.0258911251e-02 4.7816986041e-02 -9.4918461382e-02 4.1346802609e-02 -1.3848423025e-01 -9.8103886194e-02 2.2282134581e-03 6.2415844986e-02 -1.1033814275e-03 2.9727598777e-02 -6.8439624111e-03
-5.7803619705e-02 -9.0669843750e-02 5.2737398281e-03 1.3405363208e-01 -7.1573526666e-02 -2.7743642245e-02 -3.9800368257e-02 -1.1844466237e-01 -2.7273446399e-02 -3.8774246680e-02 3.3144674896e-02 -3.0002942044e-02 5.5810267262e-02 1.2643677615e-01 7.3924665695e-03 2.0079576659e-02 -1.3164403397e-01 1.5375052285e-01 5.8384382159e-02 8.7978673248e-03 -7.7589208817e-02 3.0410211078e-02 -1.5201047245e-02 6.5930796225e-02 -8.6528473985e-02 -1.6172937088e-01 9.0540124465e-03 1.9798096672e-01 9.1596242699e-02 6.2245112134e-03 -3.8013216555e-02 -5.4657167858e-02 -5.1898317204e-02 4.7163407652e-02 1.1996746259e-01 1.1095915543e-01 -7.6894125407e-02 1.2489607014e-01 4.1429357399e-02 5.2529810128e-02 6.9972198601e-03 7.7383245740e-02 -6.2143796383e-04 1.0448239483e-01 5.3803998241e-02 -8.4213005817e-02 -7.4323181417e-02 1.3393337775e-02 1.2834246058e-01 3.7278205259e-02 -1.9053145943e-02 -1.6395497425e-02 -6.3157767439e-02 7.1169118494e-02 1.0249517785e-01 1.5400128814e-03 -3.0944160345e-02 1.0364261161e-01 -4.1444008695e-02 2.8770319033e-02 1.8132519709e-02 3.2220249291e-03 -9.9833006375e-02 -3.6133254019e-02 -5.1858606002e-02 9.1922591733e-02 -1.0391774983e-01 8.4655581275e-02 -3.6530066552e-02
-2.1643113572e-02 3.9127246859e-03 2.4696165272e-02 6.9794401779e-02 -1.1896239521e-01 -9.9465992662e-04 -2.8306765287e-02 -8.9909678515e-02 -1.9223611206e-02 -1.1377756438e-01 1.9418232411e-02 1.1099945660e-01 2.8446373387e-02 5.1529767431e-02 5.6639664153e-03 7.4102878908e-03 -8.0416942272e-02 4.9464426658e-02 8.2089445029e-02 -4.3276440002e-02 -1.1028438407e-01 -1.8798354291e-01 2.9008962885e-02 4.0814096612e-02 3.3898147584e-02 -3.0470072512e-01 -4.8456230757e-03 8.5411739592e-02 -2.3082965097e-02 2.4286393337e-02 -4.3074303939e-02 -3.3196953708e-02 2.2324932555e-02 1.3591807600e-01 5.7656004008e-02 2.6916996844e-02 -1.7430044968e-01 -4.7170225543e-02 5.4385249341e-02 1.0871184514e-01 6.6103816515e-02 7.6245927377e-02 4.7877195353e-02 -9.8446600160e-03 2.4298206853e-02 2.4060096811e-03 1.7718281059e-02 -1.4297157203e-01 3.5296486679e-02 7.5872716566e-02 -5.5867614235e-02 -1.5540168087e-04 -3.1953564894e-03 3.2790769103e-02 2.4793617633e-02 -2.4911082808e-01 1.2476687604e-01 1.0810905153e-01 -5.0018990830e-02 -4.7178677560e-02 -7.8636706395e-02 1.8552993851e-02 4.4410831165e-02 1.2152747904e-01 -6.4643859591e-05 8.5177977600e-02 -2.2192072917e-03 -3.1894518749e-04 -1.1291248152e-02
-1.1742003445e-02 2.6996524464e-02 1.6840518172e-02 -8.1318056502e-02 -8.8835454720e-02 -4.6764125340e-02 4.5029562565e-02 -8.1012137378e-02 -3.2594693165e-02 -7.6769647647e-02 -4.7998825540e-02 6.2133866623e-02 -3.7834778699e-02 -5.9315132673e-02 -5.6324337391e-02 1.5112026511e-02 -3.1392041405e-02 1.2951809115e-03 5.0958689803e-03 -2.5729953099e-02 -1.2108638389e-01 -2.1844982190e-01 -1.1471005388e-02 1.0859681474e-01 -1.1936989691e-01 -1.1152194446e-01 4.8360477381e-02 -1.1562389476e-01 -3.1506479254e-02 1.7032190541e-02 -2.1087698603e-02 -2.4326652073e-02 -4.9376755033e-03 6.3840145617e-02 4.1784326879e-02 4.0778290545e-02 -4.3759010248e-02 1.1583870926e-02 1.7368924279e-02 1.0999098039e-01 -2.4954607649e-02 1.6101609209e-01 1.1460985734e-01 -2.8033880166e-02 6.5205361744e-02 2.7413840256e-02 3.1853866252e-02 -1.2406932157e-01 -3.8998874860e-01 1.7505922351e-02 -1.6979542473e-01 -1.7629233286e-02 2.9991186844e-02 7.5353357587e-02 1.5045967498e-01 -2.9353052063e-01 1.1772920098e-01 8.9420233213e-02 4.9242635638e-02 -4.7825770466e-02 -2.5409998027e-02 -2.2133851277e-02 7.6425347543e-02 1.3366292969e-01 7.0420365919e-03 1.5331825840e-02 -1.2848550902e-02 5.1606980693e-02 4.8853347931e-02
-5.9326260025e-02 -2.5319761976e-02 4.4080275773e-03 -9.8802556163e-02 -4.3250792394e-02 -7.6243455259e-02 -6.1018839802e-02 -7.9940566809e-02 -5.3871081387e-03 -2.1190196418e-02 1.4440194873e-02 5.3650741974e-02 -3.0071933320e-02 3.7315870398e-03 -8.4012036435e-02 8.2047634995e-02 1.1822558488e-01 -9.0702264729e-02 2.7133343877e-02 1.6178622485e-02 -4.5977486939e-02 -3.8059139748e-02 -8.7932738514e-02 8.9629058849e-02 -1.9579830652e-01 -1.3625776668e-03 6.8803996807e-02 -8.9492327797e-02 7.1530562381e-02 5.5659023813e-02 8.5908099229e-03 -3.4235135503e-02 -2.1978672910e-02 3.9603158066e-02 -2.4881314556e-01 -1.6655275406e-02 2.6832049802e-02 2.9998658191e-02 1.3097713050e-02 5.6987615631e-02 -1.9279651121e-02 -1.1727883555e-01 5.1649663050e-02 -4.1254749454e-02 1.0700881414e-01 9.7336060056e-03 -6.3850843780e-03 8.5463540069e-02 -1.3951995526e-01 -1.8578442285e-02 -1.1444557882e-01 8.7668427464e-02 1.0382271616e-02 -4.7178444665e-02 1.5059700541e-01 -1.4533038363e-01 -7.9972125796e-02 7.9238001033e-02 1.6858938409e-02 -4.4071116525e-02 7.2089806462e-02 -7.3292751975e-02 -5.2639716634e-02 4.3112337465e-02 4.0165995090e-02 4.4114653745e-02 -1.0628942779e-02 -4.4393287163e-03 -7.0555750865e-02
-7.9532341859e-02 -2.9592683772e-02 8.8670058183e-02 -4.2121292924e-02 -3.4187176917e-02 -2.7396630994e-02 -7.9414922289e-02 -4.6424043455e-02 7.8844211668e-02 -7.5969425135e-02 -2.0455870268e-02 -7.8518176371e-03 4.0319805378e-02 -7.5924795349e-03 -5.3122612240e-02 6.0236753084e-02 1.1945387472e-01 -1.4314658448e-01 8.9445460474e-02 -8.7287391262e-03 -5.7703734333e-02 -3.1032933385e-02 -1.7575342137e-01 4.5229172321e-02 -1.2843143655e-01 4.9145658740e-02 9.8418323421e-02 -6.2208056124e-02 2.0301412119e-02 7.2904041768e-02 6.3834497621e-02 4.8865437393e-03 -8.2983207160e-03 7.1154839000e-03 -2.5676407624e-01 -3.4634008803e-03 -1.8923357189e-02 -2.1929801615e-02 -2.9281827809e-02 6.0320095592e-03 7.1037551305e-03 -1.5295376821e-01 4.3961105661e-02 1.4046951709e-01 8.2112366719e-02 4.2879016039e-02 -7.6625951145e-02 5.6551058758e-02 4.5200962185e-02 -8.4298267570e-02 -8.1735079859e-02 4.1438511913e-02 1.9328320515e-02 2.8130034977e-03 1.0808496875e-01 -1.4044313454e-01 -1.1715931595e-01 -2.4360360104e-02 6.6729202743e-02 -3.3973601797e-02 1.0597676426e-02 -7.6201139532e-02 -5.0451371460e-02 -4.7305216455e-02 2.2780047155e-02 -3.3439678182e-03 4.9999171661e-02 -9.0781819002e-02 -8.1260099915e-02
-4.6352838249e-02 -1.6566333738e-02 1.6086344393e-01 5.1338969520e-02 5.3226793692e-04 1.5820992082e-02 -2.8880566449e-03 -1.0429353940e-01 1.1234487788e-01 6.5457122903e-04 6.2625508477e-03 7.2938697857e-02 7.2804353568e-02 2.2336238600e-02 -2.7197219692e-02 -3.6012739922e-02 1.3993798216e-02 -5.9089558066e-02 9.1249814924e-02 -3.2916698248e-02 1.3985009706e-01 -2.5491568640e-02 -9.0634154988e-02 -5.7198412116e-02 -1.1136291881e-01 -1.4109709387e-01 4.2206609867e-02 -1.0310259085e-01 1.6984013962e-02 -5.2613898480e-02 6.2589208807e-02 3.0071910725e-03 1.2160459764e-01 3.9709250538e-02 -1.0482425728e-01 -3.1001883749e-03 -8.9578210899e-02 -2.6528491530e-02 3.6748372493e-03 -7.3936061846e-02 6.4936120239e-02 -7.7944788168e-02 5.1423241982e-02 8.6179943935e-02 6.3882955878e-02 1.2255806454e-01 -2.7445133966e-02 4.6903966041e-02 1.4891453381e-01 -4.0438144151e-02 8.0156380978e-02 3.0633453274e-02 8.9847824202e-02 2.8898574361e-02 7.1869547815e-02 -6.8114669277e-03 -6.7466361967e-02 2.0592237138e-02 1.2427243322e-01 -7.1117988276e-02 4.4901753470e-02 -6.5805981033e-02 1.1931171884e-01 1.9229358992e-02 -5.3508754065e-02 9.1569360247e-02 1.3742206720e-01 -1.2195820060e-01 -1.0854765318e-01
-1.0906306300e-01 8.1973965551e-02 2.1934002264e-02 5.0496691432e-02 2.6501626838e-02 1.6482570160e-02 -3.2325617311e-02 -1.8362686867e-01 1.2816998449e-01 1.0513680393e-01 7.1682126284e-02 1.1763693433e-01 5.8944140367e-02 9.0220120997e-02 -2.4830852389e-02 -2.7038818741e-02 1.1961709589e-02 -6.5176142142e-03 1.2645758584e-01 -3.4766501005e-02 2.6015100864e-02 -8.0187436765e-03 9.4220819766e-02 -5.4462012976e-02 -9.1691009178e-02 -1.0395370496e-01 -1.9790601766e-02 2.6038243397e-01 -4.1307635323e-02 -6.1102267622e-04 -3.0067389799e-02 6.8461958724e-02 1.0246056109e-01 3.5365758929e-02 5.6856425935e-02 6.4230428461e-02 -1.6042551935e-01 2.5361676576e-02 8.8644895485e-02 -7.3362594832e-02 -5.3176027454e-02 -7.8706831841e-03 6.6322249914e-02 -4.7320276293e-02 -1.0732408899e-02 2.3310840262e-02 -7.3053490175e-02 1.9752240910e-01 -2.8073084620e-02 6.9093704438e-02 -2.5510653066e-01 2.3277499079e-01 -2.2528595430e-03 -1.3107718751e-02 -9.0232372308e-04 3.0613612610e-01 1.8645181923e-02 1.9031173284e-02 9.8635060737e-02 -8.7504000113e-02 -7.4464981428e-02 -1.1426648290e-01 9.8948531289e-02 -1.6187744707e-02 -4.0161821582e-02 4.3664328312e-02 1.0825654592e-01 -1.2465102775e-01 -2.4368663249e-02
-1.0312304152e-01 5.3286597927e-03 5.1683035812e-02 6.4541613948e-02 1.2975609838e-01 8.1381058446e-02 -2.5073307363e-02 -3.9505107199e-03 2.4036310874e-02 1.2373723021e-02 2.5539026024e-02 7.3791616430e-02 -3.8276977645e-02 1.8054000863e-04 1.6466306297e-02 -5.5796480454e-02 -1.2277269192e-01 -9.1200663132e-02 2.4823416616e-02 5.6447086928e-02 -4.7789207471e-02 1.8218250582e-02 3.1360654001e-02 4.4762807126e-02 -7.3568634775e-03 -9.6546583941e-02 -5.3370997156e-04 2.1450186064e-01 6.2267302832e-02 -3.6614306369e-02 8.8198490941e-02 -7.5565550082e-03 1.2002228915e-03 1.8576915846e-03 -7.2736855389e-02 -6.0843957516e-03 -1.0448634727e-01 -8.7433831743e-02 -1.4768802027e-02 -1.0819830506e-02 3.3895912430e-02 -1.1874727272e-01 -1.8172875190e-02 3.5719869440e-02 6.8292754241e-02 4.4472173218e-02 9.0238883317e-02 3.7614495731e-02 3.4159682230e-02 5.6811412527e-02 -1.8324016385e-01 8.4183755514e-02 3.4761432214e-02 8.6648990201e-04 -6.8787875200e-02 1.2890290530e-01 -7.9171819733e-02 -4.4466940697e-03 -1.1805661866e-02 -2.0250531654e-03 -6.1255659471e-03 3.2393577437e-02 -4.2519272545e-02 -8.3829699621e-03 -8.7263053416e-02 1.1670933285e-02 9.8870409673e-02 -2.2407086630e-02 -8.0183699073e-02
-8.1463064173e-03 -2.6368462638e-02 8.4260756929e-02 -1.6968019086e-01 1.2068879744e-01 8.3087728575e-02 -8.9592483110e-02 -1.2426837028e-01 5.2501959773e-02 -4.8913877930e-02 2.0886197560e-02 7.6563465008e-02 7.6592155158e-02 1.5976484092e-02 -4.3821982190e-02 4.2253694782e-02 -6.5509190127e-02 -1.5989276310e-01 1.2566189459e-02 -3.9694041216e-02 -1.2403451176e-01 -1.7867396251e-01 4.9574701720e-02 1.7891342847e-02 1.7420177827e-01 -4.4733864780e-02 7.1372548278e-02 5.5838918950e-02 -6.1195928941e-02 -4.1334843695e-02 -1.7749644602e-02 -1.0205720915e-02 -6.6197834254e-02 2.4882133251e-02 -8.9455555321e-02 1.0820468798e-01 -3.4747673510e-02 -5.2179346524e-02 9.3972285803e-02 -2.2521563177e-02 1.4380823853e-02 -3.0662358284e-01 1.6590430218e-01 5.9413710085e-03 -7.0099122045e-03 1.0968124139e-02 1.3910370745e-01 6.9492717380e-03 7.4935588360e-02 4.8388077385e-02 1.1690189636e-01 2.7956018219e-01 -1.1861504344e-01 8.1512097630e-02 8.5067135551e-02 -1.3214392814e-02 5.0120395404e-02 1.4826921000e-01 -1.5479829090e-02 1.4074530927e-02 1.2366016769e-02 -8.4013151233e-02 1.3254475334e-01 -7.8813374328e-03 -8.6609229390e-02 6.8377494652e-02 -7.6464760709e-02 1.4287337573e-02 -4.5640975642e-03
-2.7911421619e-02 -2.6519312932e-02 -3.9330874872e-02 -1.8603006912e-01 4.9259325834e-02 9.1110212713e-02 -1.2870516107e-01 1.3841382338e-02 -2.8872799371e-02 5.1944551421e-02 3.8508224605e-02 -9.8455574670e-03 1.2201245653e-01 2.0501628926e-01 7.5381226206e-02 -2.7866808799e-02 -1.0396505518e-01 2.0764828370e-01 4.8500795587e-02 -3.7677714931e-03 -1.7912456561e-01 4.3325762351e-02 3.2907048055e-02 -8.2105833734e-03 7.6717902406e-02 -2.5034911488e-02 9.7003291708e-02 2.6768695674e-02 -1.5151122854e-02 -4.6946733067e-02 1.2990067515e-03 -1.4470560348e-02 6.5573697831e-02 -1.6071759382e-02 9.7750891845e-04 1.0182403820e-01 -3.1115893824e-02 6.8397966983e-02 -3.1494884948e-02 -6.5657976513e-02 -1.1759064490e-02 -6.1260182352e-02 -7.5097456972e-02 2.5771989703e-02 -4.2042897640e-02 7.5504813704e-03 1.6158679150e-01 -1.4350951733e-01 2.1147296783e-01 6.8612067151e-02 9.2733925774e-02 3.7958578187e-02 7.3888198549e-02 6.4727726934e-02 2.2617592912e-02 -1.7639308239e-01 1.3889161561e-01 1.9624191210e-02 -1.2632394014e-01 -8.7328246374e-02 -2.9109436622e-02 -3.5220548210e-02 8.1352540134e-02 4.7181818316e-02 1.7511386586e-01 1.5860658346e-02 -1.7952582002e-02 -3.0679319725e-03 8.6209721304e-02
-2.6216700071e-01 -6.2248152207e-02 -2.0227961864e-02 -4.3631230028e-01 -1.1380816993e-01 -1.3975184067e-01 -1.4048279544e-01 -1.6058503421e-02 8.3928670835e-02 1.6987514435e-02 1.2089631840e-01 1.1454811046e-01 1.0007624726e-01 1.5834273265e-01 -4.5594587530e-02 7.0856850912e-02 -6.3173493605e-02 2.0291038014e-01 1.3991354970e-01 6.7646933422e-02 -2.2036550063e-02 7.7935793811e-02 -1.0098362246e-02 -7.9758118395e-02 -8.5483759465e-02 1.5253621977e-02 -7.3956157681e-02 -2.3564680600e-01 -1.4102600210e-02 1.0836628347e-01 6.3724347136e-02 -8.2964826553e-02 4.6098364990e-02 -1.1952138599e-01 -7.9452854864e-03 -2.9488670436e-02 9.4643491162e-02 3.7987544059e-02 -1.6389150446e-02 6.1532928448e-02 9.8767684309e-03 9.4756687218e-02 1.0628479269e-02 -1.0390434122e-03 -1.7998777762e-02 2.5691963648e-04 -3.5073693270e-02 -4.9764082654e-02 3.4833328038e-01 -4.8016984439e-03 -2.4122554747e-01 -2.9427113816e-01 8.6904159171e-02 6.6416307619e-02 5.8058179391e-02 -5.6218721478e-02 1.7017267802e-02 1.1385474755e-01 -1.3065468791e-03 4.1156336811e-02 3.9445811758e-02 7.2306419647e-02 -1.2117543624e-01 -1.6473153617e-01 -4.2949187019e-02 3.9498011706e-02 2.5745220457e-02 1.2390671483e-01 -1.3514525053e-01
-6.6376995879e-01 1.3094134393e-01 -2.1969320365e-01 -4.7848832525e-01 -1.4507301558e-01 1.7776942690e-01 -2.7669779185e-01 -6.9027648347e-02 -1.1444172402e-01 -2.1117912916e-01 9.2189508485e-02 -8.5306005918e-02 -1.4699406472e-01 -1.1764857330e-01 4.1679038714e-02 2.3392212091e-02 -8.5370193575e-02 -1.8096162714e-01 2.4473849754e-01 -1.1377455471e-01 -1.1892704838e-01 1.5560578815e-01 5.0606737158e-02 -1.0740333646e-02 -1.1170139138e-02 -2.8020415130e-01 6.4380540103e-02 5.6342074735e-02 2.0740059564e-01 2.0814633639e-02 2.7146874835e-02 1.0086469583e-01 2.6211997847e-01 -4.2228836648e-02 4.1255606074e-02 1.8715166551e-01 3.5230436254e-01 1.0662584506e-01 -5.3282379034e-02 -1.2660869699e-01 9.7210691439e-02 3.6333888217e-02 -1.7739819385e-01 -5.4378502726e-02 3.1361255653e-01 -2.9056772608e-02 -2.5910343403e-01 -1.5703607265e-01 1.9724568744e-01 -3.2523481819e-02 -1.3635698177e-01 -3.3042419591e-01 3.5050784977e-02 1.8417973345e-02 -1.9380951166e-01 -4.3550163945e-01 2.2591104598e-02 2.8373705496e-01 -3.3006862895e-02 8.1762382657e-02 1.3529856226e-01 1.7447681545e-01 2.1603487782e-01 -5.2392513759e-02 -1.8419455787e-02 -1.0081219864e-01 -6.8942841430e-03 -4.6709137285e-02 2.0855699381e-01
1.0111387801e-04 1.3479958372e-04 -1.8429096998e-05 2.2352708305e-04 -1.5633521958e-05 -1.0960436877e-04 -2.7552241648e-05 1.6166498126e-06 1.4063378074e-04 -1.6604893360e-04 -1.3311293623e-05 -2.1091629001e-05 1.4561480261e-04 -2.1909315668e-04 -9.4774402178e-05 -3.6127051216e-05 -5.1212635329e-06 6.0714039043e-05 8.8940872825e-05 1.7512811162e-04 -1.6290540743e-04 -1.8113216444e-05 1.7297309523e-06 1.1029720019e-04 1.2882191326e-06 -1.1507120897e-04 -1.7339706121e-04 -5.8654113314e-05 2.7369656916e-05 -7.3050743534e-05 3.4474234976e-05 1.0300769699e-04 6.3762419850e-05 8.3341970371e-05 4.2523514107e-05 1.1559353093e-04 -2.4843520632e-05 8.8264165692e-05 3.3682035615e-05 -6.1002385794e-05 -1.6904408285e-04 -1.3819906343e-04 9.1161279256e-05 1.9391651251e-04 -5.6933681331e-05 7.6250543820e-05 1.1829533234e-04 3.3205551672e-05 2.9934637102e-05 -1.5910554176e-04 1.2798750233e-04 1.0286229171e-04 -1.4119458894e-04 -1.2650053745e-04 -2.8643986775e-05 -4.6384702610e-05 1.3620537383e-04 1.6263710193e-04 -3.6405903144e-05 -1.4032376213e-04 -7.6159755930e-05 -8.8190133837e-05 -2.6370936587e-05 -1.1409008410e-04 2.1717394749e-05 -1.6857735228e-04 5.3467394142e-05 -5.6825974149e-05 -3.4359178235e-05
7.7954529467e-06 2.1608802884e-05 7.2864872786e-05 1.7332573806e-05 1.4183489591e-04 -6.5877289917e-05 3.1827757015e-05 -1.1327585375e-04 -9.2533806680e-05 4.8072898761e-05 -1.0475122550e-04 -7.5385959649e-05 1.2647186616e-04 5.3878473205e-05 6.9074067817e-05 2.1637835426e-04 2.5929845590e-05 -1.7718051864e-05 -7.2047138887e-06 -8.5597964306e-05 -2.1421033771e-05 -1.3492887946e-04 1.5205684810e-04 -7.1242716727e-05 1.1206171235e-04 7.7504236513e-05 -7.8715568887e-05 -6.9648601895e-05 1.0696546837e-05 -1.9255414407e-04 -6.6589394843e-05 -9.0141829798e-05 4.7899179988e-05 -6.1422478780e-05 3.3594068520e-05 7.3975773153e-05 -5.1484396223e-06 6.2912628032e-05 -1.1707402759e-05 -5.4029287128e-05 1.2032037327e-04 -2.1576641187e-04 -3.9641608496e-05 -1.0572152068e-04 -2.2265781460e-04 -1.9446706806e-04 9.3464383502e-06 -1.0038898227e-04 3.6179578849e-05 -2.0113329425e-04 1.2850841838e-05 7.3085162078e-05 -1.3375454757e-04 -5.8774208978e-06 3.7115153137e-05 7.0283899568e-06 -4.2609631238e-05 1.0630644834e-05 -1.4435352990e-06 1.2718312752e-04 1.0929605198e-04 4.7439155736e-05 3.1683633268e-05 -1.0734523482e-04 -9.9556806540e-05 3.2508210308e-05 2.9404257282e-05 -4.3984899711e-05 -6.2680726901e-05
5.2321730110e-05 -5.6347212042e-05 -2.9598677014e-05 -1.6761395211e-04 -2.6499104417e-05 -2.5331537442e-05 -8.2952090402e-05 -2.8236977668e-05 -1.4879032855e-04 -7.9620714722e-05 1.6249643467e-04 -1.2111376289e-04 -2.1140877721e-04 -2.6408836589e-04 5.5243288461e-05 1.5040990735e-04 -4.7816129882e-05 -2.2555333046e-05 -9.2352063279e-05 1.0105117683e-04 -1.3046292983e-04 -1.7613714717e-04 1.2383618263e-05 2.3509442534e-04 1.2288321612e-04 2.4519601853e-06 1.3183898675e-04 -1.3123666707e-04 -3.9753615495e-05 -6.5280354913e-05 -5.7415326628e-05 -1.7468750171e-05 3.4404648432e-05 1.2391567473e-04 2.0873712544e-04 7.4151142435e-05 1.2605844657e-04 1.7246600907e-04 -1.1184227806e-04 -1.8689419028e-05 1.4982800435e-05 -2.8741844175e-05 -5.7040208016e-05 -2.0275777058e-04 8.3495762531e-06 2.2064710738e-05 1.7407219494e-04 -2.8117826779e-05 4.8363682256e-05 -1.7420991986e-05 3.8974346248e-06 -5.8025223395e-05 4.9241894722e-06 -5.0503112777e-05 4.1649667365e-05 4.6432966331e-05 -1.2866615229e-04 7.9836694751e-05 8.0668554446e-05 1.3293816280e-04 1.0575299029e-04 -2.2418748551e-05 -1.7807381456e-05 -6.0407586795e-05 3.7475219281e-05 2.2771903122e-04 -1.5480304616e-05 -3.2614156963e-05 2.4029957589e-04
4.7073276872e-05 1.8493603708e-06 -1.5751310243e-04 1.7210740691e-04 1.1640332106e-04 -4.3984841795e-05 7.8880659312e-05 -3.6278133142e-05 1.3265203961e-05 7.1039488779e-05 -1.4554946357e-04 -9.2118519815e-06 -6.9586562442e-05 6.7495072475e-05 6.5011630777e-05 5.0223501961e-05 1.8239381592e-04 4.2613382384e-05 -1.2230301370e-04 5.7429102704e-05 -6.2720124890e-05 7.2791181640e-05 9.1746571260e-05 -1.1856243899e-04 -2.4921297137e-06 -1.2020870009e-04 -1.3368146442e-05 3.1711424010e-04 4.0074389011e-06 6.3346906852e-05 1.4696674373e-05 1.7056074740e-04 -3.6523441733e-05 3.7073287652e-05 2.3540476523e-05 -2.6295933893e-05 1.5672042855e-04 3.1407104258e-05 6.4753808511e-05 1.1176991639e-04 6.8694036374e-05 -5.6983820327e-06 -1.1912474399e-05 1.2470676528e-04 1.9708312758e-04 8.4291949237e-05 -8.3875533376e-05 4.1218209190e-05 -1.8369115918e-04 7.4569837853e-05 -9.9579914361e-05 -8.1407704802e-06 -5.1444184141e-05 -7.4735529002e-05 -1.1061458370e-04 1.3500847615e-04 7.8919489235e-05 7.0725742837e-05 2.5483635153e-05 -9.7594341999e-05 -2.0733968521e-05 -3.7295686254e-05 -1.7750331304e-04 3.8658247073e-05 -4.0549413022e-05 -1.4460835148e-05 1.1192575889e-05 -9.6281636822e-05 2.0772168799e-04
5.8860955622e-05 2.9848225417e-05 -4.1350162203e-05 8.9440313365e-05 1.2126155369e-05 4.0167122284e-05 -7.4417278147e-05 8.1784640403e-05 3.5832132578e-05 -6.5934779782e-05 1.1830701200e-04 -1.8263261845e-05 -1.3770803319e-04 1.1247039688e-04 -9.3809170991e-05 -1.5007502670e-04 3.9793056422e-05 -1.1363841802e-04 -1.5594543804e-04 -1.0688380445e-04 8.2084471072e-05 -4.2514751668e-05 -7.0033577759e-05 -2.5118379528e-05 -3.0636042430e-05 -3.0203990665e-05 5.2712296789e-05 -8.2285356493e-05 -7.9402734083e-05 3.8469089638e-05 -7.6949529652e-05 -6.1201584618e-05 -3.7379580486e-05 3.8045901710e-05 3.5656283895e-05 3.7267238628e-05 1.2139806726e-04 -1.2267725636e-04 1.5004080249e-05 5.2348181827e-06 4.7043854883e-05 -1.4203357416e-04 6.3584862264e-05 1.2543149548e-05 -1.1992914318e-04 5.5576673446e-05 6.8971150128e-05 8.6775066208e-05 2.1102555392e-04 5.0836970957e-05 -1.0180026530e-04 2.0566184197e-05 6.6466979002e-05 -1.3630435456e-06 1.9205053423e-05 1.4105451644e-04 5.7854101364e-05 -3.8705825107e-05 -4.1047998662e-05 1.4579432295e-04 -8.9604100560e-05 1.5996345620e-04 -4.8854036749e-06 8.7451770454e-06 -9.5252137400e-05 -8.8724739366e-05 -8.7487628487e-05 1.0400501350e-04 -1.0530426007e-04
4.9783311076e-05 -8.5750200891e-05 5.0481190474e-05 -1.4970228971e-04 -8.1189355763e-05 -8.5761466359e-05 3.3913919149e-05 3.7697792469e-05 8.7836688213e-05 4.6903152105e-05 -1.4844403123e-04 -3.6617656040e-05 6.0485470006e-05 -9.5903585590e-05 1.1992476663e-04 9.7944864321e-06 7.2412351839e-05 -1.4650036146e-04 -3.4445054008e-05 1.0835876948e-04 6.7438676456e-05 -1.2540690001e-04 2.1400457104e-05 -6.2954871419e-05 2.3686161125e-05 1.9165664125e-05 1.0099123065e-05 2.8745707075e-05 -9.7781931535e-05 7.2711806434e-06 1.4391121281e-05 -3.1662478065e-05 4.6285198966e-05 8.1773283384e-05 -5.3082099386e-05 -5.3404680833e-05 2.0806833810e-05 6.1321065468e-08 -9.8465596092e-05 4.3969661492e-05 1.9460378626e-04 -1.1363324933e-04 1.6591242524e-05 -1.2330882056e-04 2.1896378496e-04 2.3998407305e-04 -7.0773436530e-05 7.3257206052e-05 -1.6061902730e-04 3.4268082977e-05 -4.9276256697e-05 5.3485026830e-05 3.2741900162e-05 1.4225274609e-05 -6.8700143204e-05 8.0515040753e-05 4.9364568149e-05 3.6248751819e-05 1.4250129160e-04 -2.4645395306e-05 4.5595215685e-06 -3.6222992236e-05 5.1623052148e-05 2.0456375990e-05 1.8032922066e-04 -1.7409153169e-04 -3.1280013884e-05 -4.8598541394e-06 -3.2816195493e-06
-1.8584278102e-04 -5.9659545304e-05 2.6344187069e-05 1.2557408022e-04 -6.9359505891e-05 9.5332379877e-05 9.0285847678e-05 -8.9462254101e-05 3.1848653077e-05 3.0446764168e-07 3.4667690044e-05 -1.0342254647e-04 -4.8464616362e-05 -2.2355458195e-05 -1.4077915447e-04 -2.3396696237e-04 -2.0849805843e-05 7.2820031430e-05 1.2965827103e-05 8.1377945404e-05 1.8934708026e-04 1.1931016547e-04 4.6940850697e-05 -2.9302241375e-05 -5.9632315557e-05 7.1587792407e-05 -2.0641683052e-04 -5.8780813560e-05 9.5672837909e-06 -2.6081395140e-04 -3.6786892790e-05 -7.0434113642e-05 -1.3577946271e-05 -3.3993499743e-06 1.7529773587e-05 -4.5422201806e-05 1.6132476724e-04 -6.2062353380e-05 7.3923207643e-05 1.8177315491e-05 -8.9474797592e-05 1.4494620077e-04 -1.0174919299e-04 1.2223661375e-04 1.3337718330e-04 -1.3218974695e-04 -1.7170562016e-05 -6.3672526190e-05 -9.2874328527e-05 -1.1148409378e-05 -1.3081101708e-04 -1.2682428174e-05 5.0477010180e-05 4.5565304557e-05 5.4412092537e-05 1.1518423516e-04 -2.9892368097e-05 -3.0950025734e-05 -3.1150592051e-05 9.1584087240e-06 6.8939999027e-05 1.3407505050e-04 1.8565566171e-04 6.3626910745e-05 8.9262122899e-05 -1.7514013311e-04 -7.6014263638e-05 6.9666852878e-05 -1.1924509456e-04
1.0280871084e-01 -2.2537538556e-02 -1.1330415976e-03 9.2809181143e-02 1.5697011806e-01 2.1846675390e-01 -3.6927132198e-02 -1.4584026991e-01 -2.2191875189e-01 -8.2874487113e-02 -1.4599702772e-01 -1.2153869867e-01 -8.8320870766e-01 -3.7222298089e-03 1.3605593472e-02 1.8030391776e-01 6.0911636682e-02 -1.5694801006e-01 1.0049021915e-01 -1.7987024051e-02 -6.7119971142e-04 -1.4885721160e-01 2.9441115667e-02 2.1745533774e-01 -1.8469518113e-01 -5.5996588584e-01 -4.8587540432e-03 -4.8580433578e-01 1.4031267782e-01 -1.8308843551e-01 -9.4905066339e-02 -7.2268739991e-02 -1.5703507240e-01 -1.6957223811e-01 -2.4908889253e-01 1.1966841888e-01 1.8262972899e-01 1.4877079547e-01 -5.5529248075e-03 -6.9908010413e-02 -2.5057862986e-02 -1.8091592569e-01 1.8364346874e-01 -1.1771070262e-01 1.1261265659e-01 -5.3049254632e-02 -1.0135346683e-01 -1.8570048854e-01 1.4014483637e-01 -1.0506429422e-01 1.2280633269e-01 3.8130830553e-02 -1.0413394581e-01 -1.6254331732e-01 -6.4044594571e-02 1.3571623748e-01 -9.1404430623e-02 2.1820168789e-01 -1.1312111851e-02 -1.8577288558e-01 3.2773167050e-02 1.2782838571e-01 7.0400281783e-02 7.6593560280e-02 9.9292180332e-02 6.1407388464e-01 -9.1916182621e-02 1.4411677858e-01 -4.5617795765e-02
1.0328408649e-01 2.8692180928e-02 -1.3682913243e-01 2.1190751572e-01 1.5683499562e-01 3.8320276873e-02 -9.3114815540e-03 -6.1143546014e-02 7.3783563663e-02 7.3898755186e-03 -6.7450929340e-03 4.1973286919e-02 6.0569341332e-02 -4.1164267995e-02 -1.1560691780e-01 -7.4431342060e-02 2.7448362555e-02 -1.1839041811e-01 -1.2319108584e-01 4.0522893944e-02 -3.1854176771e-02 1.0336903389e-01 -1.2038624784e-01 1.7713183280e-03 -2.1759082424e-01 -8.5807462950e-01 -3.4816398422e-02 -7.0577096153e-02 8.1643050478e-02 9.4955350965e-02 5.7355179834e-02 -1.4380377325e-01 8.9863464676e-02 9.5068565594e-02 -4.3190822270e-02 -3.9226988471e-02 -4.5500655069e-02 -2.2665321745e-02 -2.1481761317e-02 -2.7025514468e-02 1.4996138301e-03 4.0891335547e-02 4.3403470620e-02 1.2113886512e-01 -2.7062149501e-02 2.6212047988e-01 -1.3851633170e-02 -1.2912989204e-01 3.2648448212e-01 -1.5443237039e-01 1.0208150956e-01 -1.1269778161e-01 5.6357538412e-02 -8.2520324385e-02 5.4249694151e-02 -2.1770585140e-02 3.1332739081e-02 -9.2691964206e-03 -7.2305149577e-02 1.2712163758e-01 1.7612564317e-01 6.0771851024e-02 3.3235992331e-02 2.0705298914e-02 -8.7428202782e-02 4.1910357803e-01 -1.7817520590e-02 -2.5443300582e-02 -7.1981810488e-02
-9.2425098049e-02 3.8950712831e-02 -2.1506229102e-03 7.4309141981e-02 1.6116379623e-01 3.1383368094e-01 -1.2731101200e-02 3.9451857253e-03 1.0517535772e-02 1.3107260934e-01 -1.2279347288e-01 -9.9682559734e-02 -1.1596320671e-01 -1.6025516086e-03 -3.4540859278e-02 -1.0955227009e-01 -8.8274283173e-02 9.6025112269e-02 -6.2190870814e-02 -6.4142950446e-03 -3.1223440237e-02 5.5056893726e-02 1.1322462884e-01 1.2923875896e-01 3.0127924841e-02 -2.9786521676e-01 5.4118407085e-02 -1.1331547352e-02 1.3302704457e-01 2.7280237912e-03 -1.1208978545e-02 7.2815853379e-03 -4.3354672384e-03 -4.6030440973e-02 -6.9833714898e-02 1.0779609478e-01 -3.9269008674e-02 -5.8906787454e-02 -1.5136501301e-01 -2.0592370240e-01 -7.4674163476e-02 -1.2412622782e-01 2.1986848754e-02 -3.3521862485e-02 -5.0953234394e-02 1.1315120532e-01 1.1346594313e-01 7.6541520204e-02 4.5065964073e-01 -6.6020578495e-03 8.3166480974e-02 1.6351190130e-02 1.0311104358e-01 1.4482240158e-01 -1.6840553428e-02 4.6973509133e-02 8.8479700585e-02 6.8232450664e-02 1.2849573962e-01 3.2763433377e-02 6.7526316453e-02 -8.0423793235e-02 -7.9274433054e-02 4.9732911077e-02 -3.5321382671e-03 2.9080974213e-01 -1.1419099941e-01 -1.1605793877e-03 -1.1068100687e-01
-2.0442167234e-01 -1.1106867505e-01 2.0122220805e-02 -6.9420569963e-02 4.9125237796e-02 9.1368639289e-02 7.4276645443e-02 -1.1014860220e-02 3.3360889671e-02 -5.0177584852e-02 1.4422496777e-02 -2.4971042015e-02 -3.9034541577e-02 -1.0771949494e-02 -1.2103268736e-01 -2.8439768107e-02 -9.9281488948e-03 6.1469448645e-01 -7.7902968926e-02 1.2578851234e-01 7.2110867355e-03 -1.6647568262e-02 -9.8123882689e-02 6.7290601279e-03 -8.5595484786e-02 -1.7749169554e-01 -8.9455289676e-03 5.2410386234e-02 1.2633291750e-02 1.6178123919e-02 1.2024358791e-01 7.4275987688e-02 -8.5307737338e-03 -2.0251549290e-01 -5.3139779858e-03 5.4328994773e-02 -3.3999059927e-02 -2.2579191507e-02 -1.3527715459e-02 -1.6175005117e-01 8.3781696809e-02 -1.0480354344e-01 -9.3638605590e-02 4.3110164555e-02 -9.3828031582e-02 1.1151858609e-01 5.0771524848e-02 -1.1903195348e-01 4.8974657000e-01 6.0609192450e-02 4.3065890294e-02 1.3447955692e-01 -1.3841098291e-02 3.5898135736e-02 8.5430110240e-03 -1.0851922638e-01 7.0255683840e-02 -4.5398557566e-02 7.7204333051e-02 2.1715400414e-02 -8.2594727305e-02 -1.0051451792e-01 1.2951506150e-02 -7.0698993027e-02 -3.9960193998e-02 -9.3844252053e-02 -1.2607239520e-01 -3.2258243597e-02 -8.3680678061e-02
-1.5837149651e-01 -3.6098934502e-02 -2.9888287306e-02 1.4867610142e-03 -4.1255082903e-02 1.0154864557e-01 -3.5367720621e-02 -7.1231827021e-02 -3.8627930349e-03 -1.8349570297e-01 2.7098192238e-02 -9.0484161168e-02 -9.6798820813e-02 -6.6973089094e-02 -1.1603563101e-01 1.6490271381e-01 -4.6959403161e-02 7.8199780574e-04 7.2475803215e-03 9.2110803730e-02 7.0072531327e-02 -1.2153313592e-01 -9.9104306855e-02 8.1968651040e-02 1.6262223250e-01 6.7867282773e-02 -5.1625559211e-02 -1.8218046238e-01 1.0921668475e-01 3.9624392941e-03 3.6130347756e-02 1.4265303293e-02 -6.9982629183e-03 -1.0782202908e-01 8.8502790141e-02 -1.6799039587e-02 6.1875561902e-02 2.7994999044e-03 1.5527302737e-01 7.7166309854e-02 -4.1464161238e-02 2.5110118722e-02 -5.7408883829e-02 -7.2508536424e-02 -2.5030490393e-02 5.7906001070e-02 5.2503751476e-02 -7.0160371045e-02 2.6901128482e-01 -3.7569492603e-02 -1.1422025762e-01 2.5529187867e-01 2.8896401156e-02 -8.6830197220e-03 1.6380107015e-01 -1.6728804891e-01 5.9290193366e-02 1.1150278732e-01 4.5290201737e-02 -9.0307134027e-03 -3.1856802663e-02 -1.6696840349e-01 3.3737962702e-02 -2.1782144413e-02 1.5885344179e-01 -3.5777128215e-02 3.8882766514e-02 -9.5504314497e-02 -1.9173985834e-02
-1.7916219976e-01 4.8238347936e-02 3.6003338958e-02 -1.2433974477e-01 -2.3419240040e-02 9.6739973524e-02 -2.7985525808e-01 2.5661017816e-02 -2.5882389820e-02 -1.0145544214e-01 -9.7089904368e-04 -3.0024289915e-02 5.6411682206e-02 7.4387623684e-02 -4.1936874619e-02 3.5781898748e-02 -1.5412564306e-01 -1.0567943533e-02 7.3114756213e-02 1.2570553403e-03 -2.0981318689e-02 1.6426999359e-01 -1.1077155647e-01 4.5736931708e-02 5.6032833879e-01 1.7360556991e-01 3.4832789414e-02 -2.8735641159e-01 9.4908792340e-02 -4.7411820728e-03 -9.7084321774e-02 1.5089441910e-02 -1.2603549675e-02 -2.3746671454e-02 9.8088200597e-02 -1.6832855743e-02 9.2732004793e-02 4.1499445903e-02 -4.6994593660e-02 -1.5198803824e-02 9.8920107856e-02 7.1759149895e-02 -2.2159658477e-02 1.3707613336e-02 -1.1529393090e-01 4.7788217632e-02 9.4248751475e-02 3.5419201564e-02 9.8105882430e-03 -2.8304707626e-03 1.4456469832e-02 2.4394035375e-01 -4.8511300888e-02 -3.4263742485e-02 2.5435847014e-02 -2.4201999925e-01 5.7908701801e-02 1.6696512966e-01 4.1596508231e-03 1.1432258458e-02 -9.4684692717e-03 -1.0338831597e-01 -2.4029671655e-02 -4.2109187858e-02 8.5312130406e-02 -2.1369770787e-02 2.6389027630e-02 -8.5501460211e-03 -5.6915702344e-02
-9.6106374570e-02 8.3428224934e-03 -5.1042688997e-02 -1.5650281592e-01 3.7214345153e-02 1.3112773836e-01 -1.9236738197e-02 9.2202106435e-02 -3.1212696714e-02 6.3118867873e-02 9.9348233418e-02 -3.7659793561e-02 2.2353292659e-02 -1.4299090705e-02 -5.0219608511e-02 5.3550819473e-02 -4.0272762287e-02 -7.0940327292e-02 -3.8204110240e-02 -3.5058948802e-02 3.0068497592e-02 2.6015261078e-01 -6.7276642470e-02 2.3498464411e-01 2.5245966476e-01 -3.9447209144e-02 3.6627355587e-02 -6.6866025485e-02 -2.4348972117e-02 -5.4181881274e-02 2.5859723529e-02 -2.7437528311e-02 -5.9724877040e-02 -7.9796113938e-02 -6.5539760571e-02 1.8512683371e-02 8.5808429539e-03 -5.5591706409e-02 -1.1345325977e-01 -9.5206725930e-02 5.1497001030e-02 -7.5241160202e-03 6.6925757565e-02 1.8353805071e-02 -2.0966835385e-01 6.7470905056e-02 4.3024299265e-02 1.9492208874e-01 4.0569451503e-02 4.5616331276e-03 9.0305680519e-02 1.9295462864e-02 1.4638635036e-02 2.0450287045e-02 -3.6819571245e-02 1.5476602706e-02 7.2853121022e-02 1.2171676288e-01 6.1924787516e-02 -8.2965641548e-02 -3.5817051330e-02 -6.9040766776e-02 8.0206278068e-02 -5.2209710625e-02 -6.0310790281e-02 1.2641472886e-01 -5.4149774010e-02 9.4354561968e-02 -7.8945676605e-02
-8.3671461160e-02 -1.2122782037e-01 -4.3924217512e-02 2.1693510873e-02 1.6856122334e-01 5.4285023949e-02 4.5456078255e-02 1.0395328906e-01 -9.3220148338e-02 2.5511403638e-02 7.1060822551e-02 -2.0850518809e-03 -1.7446694922e-01 -5.8695465195e-02 -9.3785085921e-02 4.8062571287e-02 3.2594009844e-02 -1.0446966736e-01 -1.1154927045e-01 7.9099479834e-02 -5.8947101815e-03 1.1007166789e-01 -6.9487675621e-02 8.9079797299e-02 -1.4157669719e-01 -1.7452720565e-01 -1.3983524724e-02 -2.3884760233e-02 4.2833537580e-02 -1.1125363901e-01 1.1565178628e-01 -6.6409965812e-02 -1.5767346844e-02 -1.2358294820e-01 -2.8073953631e-01 -8.0782191113e-02 -5.0172819733e-02 -1.8266032566e-02 -6.0667903563e-02 -2.9010389826e-02 -2.7787796673e-02 -2.8219565797e-02 2.8968290533e-02 -4.4841649048e-02 -2.4420894524e-01 2.3766455179e-01 -2.7552124861e-02 4.0274291677e-01 -1.1109839892e-03 -5.3073755672e-02 -7.7513729035e-02 2.5203243321e-02 5.0795257131e-02 -5.5947192869e-02 7.6816048044e-02 2.3143191434e-03 4.9855253791e-02 1.5466099864e-01 6.8923845873e-02 7.6051689238e-03 -1.0187063830e-01 -1.3137188358e-01 8.8877691659e-03 -8.8422466113e-02 -1.3363561756e-02 8.3586870164e-02 -4.3725435165e-02 7.6511067215e-02 -3.7836557530e-02
-9.6660794450e-02 -1.7075579835e-01 8.7647029988e-02 -5.1493982908e-02 2.0058168217e-01 7.7610481293e-02 -6.5712239743e-02 2.4312918512e-02 -9.6753845521e-02 -2.5019949378e-02 1.5119720242e-02 -2.0333970698e-01 -9.3472365951e-02 5.3786498088e-02 1.1391151679e-03 1.0697802171e-01 2.6564068715e-03 -5.6194566800e-02 3.0669144444e-02 9.0660729667e-03 -6.0773494900e-02 -2.8778718589e-02 -1.4032160796e-01 -3.8227434467e-02 -2.5605827305e-01 -1.3774924272e-02 -1.3600046759e-01 -4.7826622022e-02 1.4092260045e-01 -9.1539947870e-02 1.6499714199e-01 1.1946115587e-01 -4.3821492362e-02 -1.0584260266e-01 -1.5887434830e-02 2.8025886737e-02 4.2794186634e-02 -1.9282315763e-02 3.5489227027e-02 1.0049348312e-01 -8.0164735475e-02 3.4443321900e-02 -4.6355974292e-02 -3.4080219213e-02 -2.0199516891e-02 1.3481235035e-01 -3.2866903026e-02 2.7555155296e-01 -1.7450462015e-01 -1.3274655709e-01 -4.5863530860e-02 -1.4786296905e-02 -1.4050896056e-02 -1.1097526896e-01 1.4858861557e-01 -1.3055400698e-03 -1.1096636893e-01 9.6195036557e-02 -1.4906932714e-02 9.3082133991e-02 -4.1872380854e-02 -5.6667380482e-02 -4.5493926525e-02 -1.3875594783e-01 4.8679321393e-02 -1.1287985958e-02 1.2985335159e-02 -3.6507607399e-02 -4.5291674720e-02
-3.7385890487e-02 -9.2825912307e-02 5.4621065969e-02 -7.5840256654e-02 1.3785341280e-02 2.5623837222e-02 2.2508992518e-02 6.9098708226e-03 -6.8933942014e-03 -1.0456838786e-02 -7.8770411494e-02 -2.4071036494e-02 -8.3771753855e-02 8.3167357275e-02 -2.3073962064e-03 1.6519953634e-02 -1.4062404861e-01 -1.9376557482e-01 1.4834722690e-02 -1.2618139324e-01 -2.5001249816e-02 2.3433624164e-01 -3.3102033864e-02 1.7222033342e-02 -2.6367084788e-02 -9.0601982927e-02 -1.1736240699e-01 -2.6286936845e-01 1.3200067135e-01 -7.6472036983e-03 3.0829867766e-02 4.6291747564e-02 -6.8686715035e-02 -1.4787783829e-02 1.1148597621e-01 -1.2398385689e-02 -9.7022799190e-03 6.2194585627e-02 3.8284110020e-02 1.5968622397e-01 5.4695501053e-03 9.2197085289e-02 2.5068117611e-02 5.0437324909e-05 5.4980927721e-02 1.3120788353e-01 -3.1239400188e-02 1.6358203009e-01 1.3816041450e-01 -5.7264935921e-02 -5.3038335321e-02 -1.3628911075e-02 5.4956343642e-02 -1.0193185464e-01 7.0636087292e-02 6.1138548576e-02 -6.6972251368e-02 1.7960336240e-01 -3.5993967813e-02 4.7624223558e-02 -6.6506106140e-02 -1.3614741882e-01 -3.7397105774e-02 -8.7143456153e-02 -9.8575048066e-02 1.5320689939e-03 -7.8825217118e-02 -8.6966620570e-05 7.3582842809e-03
-1.4418638570e-02 -1.3407792779e-03 4.6929454606e-02 -5.8815663807e-02 -1.0533983737e-01 1.0484569281e-01 -3.6496089446e-02 -3.3814147137e-02 -5.5576949258e-02 -7.0296918426e-02 -1.2012696421e-01 7.6643250774e-02 -2.3625100341e-02 -1.1224881646e-02 7.5449101591e-02 1.1347906886e-04 -1.8375894997e-01 -2.1846424728e-01 -1.3261397735e-02 -9.9095816265e-02 9.4984391275e-03 6.5544761370e-02 -5.7703048393e-02 6.9082986551e-02 8.2330265315e-02 -1.8808621645e-01 -7.7942066246e-02 -7.0994648297e-02 -4.1800376721e-02 -5.8091450839e-02 6.8293157071e-02 -2.7318443859e-02 -9.0803501080e-02 -2.3383588119e-02 2.3454281828e-01 8.8288475611e-02 -1.2952589198e-03 -2.4085710363e-02 -2.6902910783e-02 4.6032813826e-02 1.6757723221e-06 1.5096706536e-01 6.8540197153e-02 -4.8975395543e-02 -2.4017823425e-02 1.8045189421e-01 -2.1156205384e-02 2.1218852788e-01 1.5911259060e-01 -7.4802683096e-02 -4.6585782277e-02 7.0132165160e-02 1.0035116594e-01 1.2793229972e-02 2.9888689703e-02 -1.3884836608e-01 8.6047227476e-02 1.2340080503e-01 4.3458906907e-02 -2.6302088923e-03 -1.5660803965e-02 -9.5835565700e-02 -2.0626609975e-02 3.3180963277e-02 -7.8120649696e-02 -3.1299800279e-02 -8.7205656981e-02 8.7317227321e-03 1.3419688880e-02
-1.9563084590e-02 6.2494089851e-02 -1.0581950267e-01 -1.2287911169e-01 -1.2449625534e-01 1.3853845289e-02 -1.1938166302e-02 1.8463616195e-02 -1.2090018978e-01 -8.2117560941e-02 -8.3223687981e-02 3.3576002620e-02 -1.9370381600e-01 -4.5302788564e-02 -6.1673507063e-02 7.5427165300e-02 -1.0906689368e-01 -1.2424068007e-01 -5.2962035010e-02 -8.5155215765e-02 -2.3629962889e-02 9.6930637766e-02 -5.9587796395e-03 4.7099610551e-02 -4.1651480578e-02 -5.7202355990e-02 -2.1127481801e-02 -8.5913516277e-02 -5.4070477842e-02 -1.1408047410e-01 -7.5034595000e-02 -6.3287680337e-02 -6.5082830058e-02 -1.4646639600e-01 9.2050647039e-02 6.5899209374e-02 1.4964296822e-01 -5.2310516207e-02 -1.8892464226e-02 6.5176987507e-02 -9.4312793855e-02 9.6470520847e-02 -1.7678812099e-02 -1.4197539573e-01 -1.0838685330e-01 1.0341820945e-01 -2.5090560016e-02 5.2187578570e-02 -3.3844251033e-01 -3.0742257236e-02 -1.5792984568e-01 6.9072668885e-02 3.7151889385e-02 1.1431664311e-02 3.5339295747e-02 -1.9872304308e-01 8.9092758075e-02 1.3995125347e-01 1.3734341397e-01 -1.5061629087e-02 -3.8193249062e-02 -2.7360902596e-02 5.8204039202e-02 2.6679216964e-02 -1.2728027359e-02 -9.2300103258e-03 -8.0719108572e-02 6.3291772471e-02 6.6940153178e-02
-8.1522865916e-02 -4.2977033427e-02 -1.9336956197e-01 -1.2485253991e-01 8.4515112249e-03 9.8311176428e-02 -1.0966244256e-01 1.2445177785e-01 -4.2501140503e-03 3.5400340357e-02 -3.6157251946e-02 1.5453042444e-02 -7.4234878881e-02 -7.9090280726e-02 2.6325059975e-02 5.2405955105e-02 -8.0250382469e-02 -1.7586927569e-01 -9.8490526581e-02 -8.3604585961e-03 -2.1798743275e-02 -7.8510114027e-03 -3.2653741209e-02 7.9447386361e-02 -2.9404304847e-02 1.2458954103e-02 1.6394273327e-02 -1.1649476776e-01 1.0689736834e-01 -8.7095236044e-02 9.2611365374e-02 -7.3119511034e-03 -1.1983399025e-01 -2.4084619623e-02 -1.1076037932e-01 -7.2366454500e-02 1.3025551619e-01 -1.4686263825e-03 -8.2501791713e-02 2.4306186405e-02 -1.0041579528e-03 -3.6410034615e-02 -4.2252712425e-03 -1.4225608760e-01 -1.1828650180e-01 8.3142891323e-02 6.5617805811e-02 1.1599132907e-01 -1.6595365435e-01 -1.1202940406e-01 -1.0132407794e-01 2.6293893361e-01 6.5266093577e-02 -1.2026962214e-01 2.2529487634e-02 -1.1862429185e-01 -4.8347588657e-02 2.1603579564e-01 5.4764490498e-02 -2.6987491679e-02 -3.7560298278e-02 -4.5568413430e-02 4.6297451642e-02 2.2433020887e-03 -1.3738861951e-01 2.6743720871e-03 -1.4525275791e-01 1.1430101645e-01 -1.4849122605e-02
-8.4910424870e-02 2.8132367727e-02 3.8265348179e-02 -5.0440160737e-02 -7.1440955744e-02 2.0628131204e-01 -8.6579939986e-03 3.6349313496e-02 4.1713014522e-02 1.1665351503e-02 -1.2328456668e-01 6.7464207255e-02 4.2967726959e-02 -1.0632867393e-01 -1.7484059911e-02 2.3859696520e-02 -1.3229333940e-01 -2.1729537838e-01 6.8976028357e-02 -1.1984798851e-01 1.1632271522e-01 1.2390109280e-02 -1.6243764703e-01 4.2123423645e-02 9.5612470699e-02 -7.7590240799e-02 4.5716064511e-02 -3.0997051244e-01 5.3942198722e-02 -1.8472503421e-01 6.8917500832e-02 -1.9534182584e-02 -1.2771219249e-01 3.5119796820e-02 -1.2984632214e-01 -1.3541276993e-01 7.1321600908e-02 4.5839528591e-02 -1.0264096199e-01 5.5590493500e-02 8.1595578103e-02 -1.0940861660e-01 2.3646980816e-02 -1.7159927717e-02 -4.6733272506e-02 1.4720790481e-01 -4.9451188231e-02 2.7100947608e-02 -5.3093706041e-02 -2.6270778244e-02 -8.9841455795e-02 2.3467609968e-01 5.4304988549e-02 -6.7884494316e-02 -6.3597628687e-02 1.1215643170e-01 -8.3326250928e-02 6.9826540063e-02 9.8094116450e-02 -2.5098335376e-02 8.8655850806e-02 -1.4201274243e-01 -3.7451305410e-02 6.0378955861e-03 -1.1358267764e-01 -1.1105987815e-01 7.7299738650e-03 -5.9580447262e-02 -9.5949869685e-02
-2.4924510007e-02 5.9197126940e-02 7.9383872067e-02 -8.2925868742e-02 -1.2416090317e-01 9.7029644505e-02 -4.0353689222e-02 -7.7620462730e-02 7.1003466562e-02 -1.2755845819e-01 -1.4283130517e-01 1.4459211446e-01 8.0590695426e-02 -2.6972154658e-02 1.4789768664e-02 3.4215997921e-04 -1.4917976305e-01 -1.5384991801e-01 5.1085598888e-03 -5.1165057151e-02 1.1373080161e-01 5.4954972983e-02 -1.1152256926e-01 4.9735608016e-02 1.4253605551e-01 -2.3255423816e-02 4.8476517409e-02 -9.2785275038e-02 -1.4059769422e-02 -1.4059507057e-01 2.6695908333e-03 -7.5611166189e-03 -5.1298651509e-03 -2.1236173718e-02 3.0227096822e-02 -9.4421907490e-02 7.5405109619e-02 3.5260285186e-02 9.7180556588e-04 -7.1098125795e-02 9.9708583215e-02 3.0448804424e-02 1.2693998837e-02 7.5479822914e-02 6.9246428415e-03 3.5115219069e-04 -2.1472418684e-02 5.9574178684e-02 1.9341556857e-01 -2.1508536041e-01 -8.4345818250e-02 2.6754523408e-02 1.4983515668e-01 5.4713387027e-02 3.8575133352e-03 1.8278337207e-01 5.4378538605e-02 5.3561288462e-02 1.4528840253e-01 -6.9690612352e-02 -3.5566184623e-03 -1.6030458488e-01 9.9915952289e-03 -6.3574618658e-03 -1.0835793978e-01 -7.9875961896e-02 3.6529334715e-02 -9.5850900101e-02 -2.5610478500e-02
-1.0071644820e-01 7.8151886824e-02 8.9661297563e-02 -2.9708658783e-02 6.8990878847e-02 9.3317698259e-02 -2.2604489000e-02 -1.5486353789e-01 -5.6221585334e-02 -5.0741152592e-02 -6.6612425556e-02 7.9266156173e-02 7.4183481902e-02 4.8948658525e-02 5.5782730451e-02 2.0291203549e-02 -2.2593733395e-01 8.7188510215e-03 3.2995038350e-02 -1.4987840232e-01 1.6226841885e-01 9.3543354625e-02 -2.8755165511e-02 5.7291494786e-02 -2.4805795015e-02 -6.3362499466e-02 -3.3865458538e-03 -4.5507656127e-02 -1.0762713178e-01 -1.4372292607e-01 2.5639556591e-03 -1.4515735921e-01 4.9094760870e-02 -1.1999930732e-01 1.3567013811e-01 1.2525458094e-01 5.5115686289e-03 7.2416504083e-02 3.1435294881e-02 -6.9895891847e-02 2.6411891059e-02 9.4211253085e-02 4.4264630330e-03 -4.3737198610e-02 -8.6165760820e-03 9.6978785983e-02 -9.7802309516e-03 2.5524585522e-01 5.7361414245e-02 -2.7582428272e-03 -1.3556498666e-01 4.5602104950e-02 -1.5187233072e-02 1.6315319688e-02 -8.5399579810e-02 5.6172254445e-02 2.3465519281e-02 1.2781715199e-01 1.5970428891e-02 3.4142519136e-02 -6.4115297557e-03 -1.0252403953e-01 5.2916824926e-03 -3.1913656561e-02 -2.2876000395e-01 -3.4882692076e-02 7.6574451329e-02 -2.5664064958e-02 -5.8081031703e-02
-9.2655705950e-02 1.0748270030e-01 -2.1549564703e-02 -1.1115627761e-01 1.1674359116e-01 7.4768221701e-02 -1.2440530332e-01 -5.3215832949e-02 -6.7082419093e-02 -3.8766894779e-02 -3.9812605092e-02 -8.9939203877e-03 -3.4232334665e-02 -4.4228786371e-02 9.3989762230e-03 -5.0637394736e-02 -9.0801960404e-02 -1.4255533095e-02 4.9851058924e-04 -3.0760583722e-02 1.3421215563e-02 2.4898561076e-01 1.0904327913e-01 1.1398113879e-01 -4.0258019334e-02 -9.2165945565e-02 -3.0584391647e-02 1.1613347605e-01 1.0371840464e-02 -1.5343569233e-01 -1.4304081678e-01 -3.4001409070e-02 -7.4416525599e-03 -1.0440123810e-01 1.5940115461e-01 8.1341185991e-02 6.5367688727e-02 1.5205249624e-01 -2.5889322232e-02 -8.9247167412e-03 -6.0331150222e-02 -6.9622365672e-02 8.6377275310e-02 -4.0611030865e-02 -4.5833077399e-02 1.6419447809e-01 3.6713739563e-02 -1.7836009996e-02 -7.0053494513e-02 -9.0834536510e-02 -2.3887278668e-01 1.4519225592e-02 -7.4638371133e-02 -1.3411200845e-01 -1.0350933817e-01 1.8255242323e-01 -1.3153346116e-03 -4.2586729792e-02 2.3188795831e-02 -3.6911192517e-03 2.1767662513e-02 6.4903637449e-02 4.2485785009e-01 -2.0009094128e-01 -9.2958109481e-02 1.4071047731e-03 -6.2060211021e-02 5.6049124984e-02 4.5772131266e-02
3.1064268248e-02 1.1848428702e-01 -8.3690829877e-03 -5.6428535283e-03 4.0617734291e-02 9.3264535819e-02 -8.9094171758e-02 -5.5180843117e-02 2.2209225406e-02 7.2028003612e-02 4.2375100462e-02 -1.1352771072e-02 -6.4045554499e-02 3.6157218430e-02 1.2964107890e-01 1.2503560702e-01 -1.2268556185e-01 5.1415493651e-02 3.1171423468e-02 1.3131209273e-01 5.8900414050e-03 9.2506159510e-02 3.6433739708e-02 -6.4001763735e-03 1.2487510382e-01 -6.0275504660e-02 5.1089995435e-02 3.8053688115e-02 1.8817869630e-02 -4.6753863547e-01 -8.0547366610e-02 -4.6068885170e-02 -4.4156708203e-03 -2.1853216416e-02 -5.5374491062e-02 8.4879952516e-02 1.2652884422e-01 9.9265334468e-02 -6.8448251844e-02 -9.1133705534e-02 3.3601817808e-03 7.0246885493e-03 -1.0780532563e-01 2.2999309773e-02 -2.1272303378e-01 5.5304244238e-02 2.5337298514e-02 6.0897988098e-02 -2.5493057116e-01 2.8069685806e-02 2.0148104172e-01 1.4685906379e-01 -1.9252857394e-02 1.9805921658e-03 1.8166360111e-01 -7.3064383001e-02 -2.5003756882e-02 -3.2236841567e-04 -2.2000413608e-03 -2.4497135161e-02 -4.7479590604e-01 3.3777369101e-02 7.4487820507e-02 1.5758491586e-02 -9.0909213923e-02 3.7952290481e-02 2.0924193431e-03 -2.1068528686e-02 3.6731966746e-02
-1.4595811929e-01 2.2622461886e-01 3.4498683373e-02 -1.6012235161e-01 4.8272833230e-01 1.4389786329e-01 -2.8656377048e-01 -8.1098979489e-02 4.2645715456e-02 1.0864123854e-01 -2.0068544423e-01 9.6964500465e-02 -4.2806933036e-02 5.7261132481e-02 -1.1343641608e-01 -4.2186196462e-02 -2.7892547365e-01 7.4965045938e-02 -4.5856946416e-02 -1.2107146479e-01 2.5792151694e-01 -1.0417953425e-01 9.6058426037e-02 -1.1919595017e-01 2.8992137354e-02 1.9903644122e-01 -2.2831576322e-01 2.9135630626e-01 4.7629586257e-02 -7.1267816301e-01 -2.3639561734e-01 -9.6955879694e-04 -2.6060796076e-01 -1.7050055108e-01 2.4647166290e-01 7.7511506289e-02 3.5692103799e-02 -3.2864929244e-02 3.1368085974e-02 1.2573817019e-01 5.8078566268e-03 -1.4488655388e-01 5.2503226695e-02 -6.9358983007e-02 -2.0303091416e-02 2.6157580179e-01 -1.6562681969e-01 -2.3078379507e-01 -2.8228180103e-01 1.1443881782e-01 1.4418517025e-01 6.1929047491e-02 7.4088088094e-02 5.5763087956e-02 -2.1931970174e-01 -3.1594388544e-01 1.4695295280e-02 1.3311711946e-01 1.4670288905e-01 -1.6523866260e-01 -3.2400399647e-01 -1.5017612644e-02 -6.5530003999e-02 9.7147968965e-02 4.0532455470e-02 1.0316941095e-01 1.5136870100e-01 -4.4342363968e-03 -2.0433598309e-01
1.9531945728e-01 -3.0682531744e-02 2.1211574263e-01 -2.6849143567e-01 6.4052537915e-01 -1.5439238309e-01 -6.3886702515e-03 -1.6527139890e-01 1.1485163863e-01 9.2539642877e-02 1.3762107993e-01 -2.9291362021e-01 -5.7461731602e-02 2.9561514036e-01 -7.0064102376e-02 -6.4518609953e-02 -2.9070674175e-01 -4.5856657905e-02 3.0135794864e-01 -2.5696826043e-01 4.7871192415e-02 -3.9515557913e-02 1.4620319665e-01 1.7111477869e-01 1.4432987802e-01 2.2433494144e-01 -1.1764475437e-02 -4.4482208817e-01 1.3961408796e-01 3.0496072120e-01 -3.4710558988e-03 7.5385649989e-02 -3.0901115079e-01 -5.1258585774e-02 1.9835979555e-01 -1.2960530378e-01 9.4173421001e-02 -6.6856699212e-02 1.6915569609e-01 -1.9616382150e-01 -1.0129674181e-01 -1.5595788460e-01 4.1649526318e-02 -3.1051872997e-02 3.2522506262e-02 -7.5700507160e-02 -3.4811588045e-02 2.5226098695e-02 7.9404932383e-03 5.4726861349e-02 1.8251872493e-01 5.8857161687e-01 1.7277993968e-01 2.4597163614e-01 -3.3172872510e-02 -5.7618172188e-02 2.5444694690e-01 3.3329538075e-02 1.8640507345e-01 6.7432787803e-02 9.6001806285e-02 -1.8762667605e-01 9.3786369789e-02 -4.0596965330e-02 7.3140288608e-02 6.5573272504e-02 -2.7069160585e-01 -1.6766380126e-01 1.8515684166e-01
-1.2477518586e-01 4.2303856589e-01 9.7316673511e-02 -3.9212741382e-01 3.9317883315e-01 -3.9328581274e-01 1.8482720601e-01 -9.6466423506e-02 1.4353523827e-01 4.2282101851e-01 1.1427403271e-01 -4.2730447596e-01 -1.8461480905e-02 3.2334031821e-01 3.7427411589e-01 -3.5115512720e-01 1.0281625522e-01 2.1033804291e-01 4.0372496005e-01 -4.3430798030e-01 1.0324368283e-01 1.9466186313e-01 -4.1011299005e-01 4.2711597447e-02 9.8610339020e-02 -3.8896076732e-01 3.6074904529e-01 4.0906912298e-02 3.6026412314e-01 -4.2075057112e-01 3.8880737103e-01 1.2500548603e-01 6.5340037384e-02 -2.6244018934e-01 1.3750821418e-01 -2.6081405560e-01 -2.9426630166e-01 6.0452307500e-02 3.4426216909e-01 1.0975295797e-01 4.2131643418e-01 -4.2854818354e-01 -3.4360141129e-01 -3.9806118578e-01 1.7252739558e-01 3.5500659748e-01 3.8671592355e-01 1.0681820340e-01 -3.8249786002e-01 2.6967475143e-01 2.3639218024e-01 3.7354776117e-01 -2.0280989217e-01 4.2272284636e-01 -1.8574825197e-01 1.9504867239e-01 -3.2236062773e-01 3.2328551649e-01 -3.7224417714e-01 3.1634292793e-01 -4.3045942053e-01 -3.8376875152e-01 4.2106032476e-01 -3.4306438042e-01 1.3743675878e-01 -3.8928327884e-01 3.7434987717e-01 3.6186494593e-01 3.1363098832e-01
1.0747229364e-04 -1.3344473771e-04 1.9331200322e-05 -7.1755664066e-06 1.2637899987e-06 -2.6454350898e-05 1.3320857517e-04 -2.4822207638e-04 3.9373369156e-05 5.3676694073e-05 -1.1183007379e-04 1.3821302989e-04 1.5291386521e-04 8.6777969304e-05 -2.4704972707e-05 3.8457207053e-05 2.6916924904e-04 1.1916370318e-04 -1.1939179259e-04 1.1894253307e-05 4.2447619343e-05 4.8805365954e-06 1.5262560765e-04 8.1218449154e-05 8.5955014550e-05 -9.1674014835e-05 -7.9260068585e-05 9.8328960248e-05 4.7559703436e-05 -6.2274539638e-05 -1.5146070964e-05 6.4671183867e-05 1.5168294531e-05 -2.3723966021e-05 -6.2993809008e-05 -2.2114157612e-04 1.0424088308e-04 8.6221392146e-05 7.7338780075e-05 -3.0079730154e-05 7.3910667622e-05 -5.2651693866e-05 4.4583709346e-05 7.2016930721e-05 -1.0755687066e-04 3.9365524150e-05 1.7563084244e-05 1.3019434731e-04 9.8256982589e-05 -1.1100538634e-04 -2.5259617165e-04 -1.6441647402e-04 1.4522937115e-04 6.6346434947e-05 1.4292748831e-04 8.6366105586e-06 1.3696869965e-04 1.9294010382e-05 -1.5281701923e-05 -1.6654191214e-04 -5.3807590382e-05 6.1439115407e-06 -1.4193789796e-04 1.9403752109e-04 -4.2946261678e-05 -2.8886325609e-05 -3.5454004369e-05 -6.7615301272e-05 -1.1922100403e-04
-1.0678067089e-04 -6.7044874504e-05 3.1808397911e-05 1.2492247312e-04 4.3881972673e-05 5.4545009422e-06 -1.1905491767e-04 -3.8995894588e-05 -1.3730030071e-04 3.5851542960e-06 5.0977395863e-05 4.7611473269e-05 -8.0778764728e-05 2.0689150132e-05 8.9009496805e-05 -1.1587663953e-04 -4.9538045266e-05 8.3481432972e-05 -1.5701130567e-05 7.2114616573e-06 -1.0730710641e-04 -3.1778199797e-05 3.0052052290e-05 -2.1331157522e-04 -3.4191799016e-05 1.0452965581e-04 1.4451546390e-05 1.8112035176e-04 6.9026160250e-06 -4.2540797060e-05 -4.9842353010e-05 1.0899520170e-04 -1.0111057764e-04 1.1350538022e-04 -1.6489991891e-04 -1.0958161018e-04 -8.7005565287e-05 1.6070660806e-04 -3.2094525161e-06 5.8685554852e-05 8.6486067640e-05 1.2471712421e-04 -3.0423117206e-05 4.5550651888e-05 -1.1357889959e-04 1.0061702931e-05 6.2685876281e-05 -1.4900135235e-04 7.8225218158e-05 -5.9625924137e-05 4.4434232551e-05 -9.4956053868e-05 6.5177222180e-05 -7.3474768508e-05 -3.6839489737e-05 1.4510420608e-04 1.2179508611e-04 1.1394782170e-04 -6.8124700374e-05 1.0772932234e-04 1.4502728165e-04 -6.2337937814e-05 1.1551795213e-04 1.5555901123e-05 -6.6583880571e-05 -1.2652604399e-05 -1.4512040728e-04 -2.5024805362e-05 -7.2453533724e-05
-7.9753707394e-05 -2.6888097825e-05 -4.1889691346e-05 -9.9773073346e-05 1.1999955079e-04 4.3963164747e-06 3.2188768946e-05 4.9588074626e-05 -2.0251262800e-04 1.4181325370e-04 -3.9848679153e-05 -5.9812146078e-05 -1.2979025950e-04 -1.7972988925e-04 -3.4525359095e-05 1.4560010629e-04 9.9969710274e-05 -7.7099145220e-05 -9.2717983190e-05 2.4120334199e-05 -2.6387824763e-05 -1.2008293325e-04 6.9987636437e-05 -5.3021533303e-05 -9.5682724917e-05 -9.0843719026e-05 -5.2993820032e-05 -8.5783210427e-05 -8.2384785863e-05 6.5138732363e-06 2.0405241706e-05 -2.1419056743e-04 7.2626835022e-06 3.8510451429e-05 1.0962882367e-04 -1.2997405518e-04 -9.8037095825e-05 1.0729520287e-04 7.7304591055e-05 -3.5120336018e-06 1.4856240272e-05 2.6380583792e-06 -1.4259594673e-04 6.8036498361e-06 -9.3377275898e-05 4.1818871576e-06 -2.4101988427e-04 5.9308235083e-05 -2.6031327327e-05 7.0172550443e-05 -5.9890939626e-05 -5.5794215146e-05 1.9983893031e-04 4.5048695972e-05 -3.8955057878e-05 -6.9599065075e-06 -1.4885969341e-04 -1.6461197238e-04 1.0610579817e-04 -2.1490970195e-07 -1.3189815618e-05 2.7687603347e-05 5.6153440165e-06 -2.5039491997e-05 -5.5886119515e-05 7.2192615663e-06 1.3013762837e-06 -8.7251840218e-05 -1.2997756373e-04
-5.6013242247e-05 -9.8200776064e-05 -3.8411867013e-05 -9.1861426288e-05 -4.0121262429e-05 -5.9781026323e-05 -6.0317796164e-05 -1.6357431905e-05 -1.4968570231e-04 -4.3451616049e-05 -1.1342702993e-05 4.1831504573e-05 -2.1787424945e-05 2.0421673450e-04 -6.4009880373e-05 -6.7372272691e-05 -1.7764850934e-05 -8.1687716702e-05 -8.2112681522e-05 -6.2971699689e-05 1.2588654975e-05 -2.0488642692e-04 -1.7016247116e-04 2.6140335487e-05 1.0463072790e-04 -9.3407572461e-05 5.2223931601e-05 4.7310612877e-05 7.4223336007e-05 -2.1676471313e-05 1.2642191277e-04 6.8862950515e-05 -1.8485080987e-04 -2.6704229499e-05 3.0590309294e-05 9.8241867462e-06 2.8177073630e-05 -9.9695579510e-05 8.2636640855e-05 -7.2573236651e-05 -2.0543625959e-05 -6.0633928208e-06 -2.0431750839e-04 1.1277456815e-04 1.0968939181e-04 -8.0019329519e-05 -3.5269046089e-05 1.3805395040e-04 1.4357881402e-04 -1.5496570240e-05 -9.2910866261e-05 -5.7023047489e-05 -1.3469293282e-04 6.9579319576e-05 -1.4722971297e-04 1.5860792136e-04 1.1285847907e-04 9.6363458149e-05 4.0522303740e-06 3.1405781082e-05 -1.2717262931e-04 1.0726571098e-05 -3.0947706764e-06 -7.1051777587e-05 -1.5380424453e-04 -6.1643804250e-05 -5.6493133032e-05 -6.2642187027e-05 -6.3435252898e-07
1.0536270878e-04 2.0098012521e-04 4.0037042118e-05 2.6242535048e-05 7.3606929287e-05 1.7916554623e-05 -1.5358579377e-04 -1.7077893980e-04 6.9881445175e-06 -1.0583069141e-05 -1.9211529918e-05 6.0497215500e-05 7.4027838604e-05 -8.6050481836e-05 2.4365237653e-05 1.3695090968e-05 -3.9135796964e-05 4.0625263685e-06 3.2750867170e-05 6.3697968834e-05 9.6024916563e-05 3.7243507106e-05 6.9616278796e-05 9.8956432117e-05 -1.1887287279e-04 -7.4298217666e-05 7.0297960178e-05 4.0862044779e-05 -5.7704131164e-05 -8.2436914416e-05 -1.3796685766e-04 1.1290723715e-04 -2.5634416230e-05 6.1159286748e-05 3.5274498137e-05 -1.6445011318e-05 -4.1073519277e-05 1.3412512169e-04 7.1256746147e-05 2.3863924087e-04 -9.7323762145e-05 3.6565123804e-06 1.0235069458e-04 1.6169583460e-05 -1.4861715054e-04 2.8498202549e-06 -2.0095516517e-04 -1.0818678998e-04 -2.2683211023e-05 -5.3319298083e-05 1.0041504431e-04 -1.2682654036e-04 2.0496410533e-04 -1.6929153575e-04 9.8671056004e-05 1.0509814681e-05 -1.3569541727e-04 6.7461577523e-05 -1.5293519184e-04 1.0876633658e-05 -1.7267595279e-05 -2.1804923930e-06 -1.3684846886e-04 4.8243136606e-05 -6.3125799147e-05 -1.4062017732e-04 -8.0344949027e-05 -9.0592765865e-05 -1.6454356132e-04
-1.1898777819e-04 7.0260482989e-05 -1.0251373849e-04 1.3146503880e-05 2.0440927441e-06 -1.1081704361e-04 3.0361572900e-05 6.0646697546e-05 -1.4368264080e-04 -3.2874690102e-06 4.7018809276e-05 -1.1465952543e-04 -1.4759287377e-04 -2.0311763329e-04 7.7229745682e-05 -4.1628483004e-05 -1.2269917207e-04 8.1586270385e-05 1.0470077308e-04 8.3654649400e-05 4.5708563124e-05 1.9926983652e-04 3.1934240871e-05 5.5667747486e-05 2.7302662972e-05 1.1291850994e-04 6.9531782431e-05 1.4511718479e-04 1.0039593423e-04 -5.0234208710e-05 3.4084645168e-05 9.9137579865e-05 -1.1194107103e-04 3.9133511556e-05 -6.2215343893e-05 5.0011640147e-05 1.4234589545e-04 -1.0655735352e-04 7.7512563247e-05 -1.0613499398e-04 -5.7810443209e-05 1.7231320894e-04 -3.3432783909e-05 2.5498038730e-05 3.2691574764e-05 -1.9817114476e-05 -5.8729796634e-05 -1.2485822953e-04 1.9758165787e-04 1.6121968708e-04 -1.0717017345e-04 3.5631088247e-06 9.7707538266e-05 5.6431625988e-05 -9.7024113497e-05 -1.2628980197e-04 1.0930612501e-05 1.9433060901e-04 -1.1883420343e-04 6.4830387720e-07 -1.5544361889e-04 -2.3782781433e-05 -1.5658881527e-05 3.6762840401e-05 -9.9091354727e-05 -1.2261379111e-04 9.1439148883e-08 1.6866019955e-04 -1.5166075493e-04
1.0516861799e-04 1.7929272377e-04 -1.5219266210e-04 1.4052195123e-04 1.3195475213e-04 -1.8588874997e-04 -2.6773164271e-04 -7.9757057777e-05 4.2488104311e-05 5.5636312283e-05 3.0543128691e-05 -6.2228141816e-05 1.7708265771e-04 -4.1864722483e-05 3.3404713920e-05 -7.1093013064e-05 4.0568388155e-05 -2.6358762242e-05 1.9422092864e-05 -1.2957717937e-04 -3.3332941714e-05 -1.0877090597e-06 -1.7352234013e-05 -1.4640873347e-04 -4.9536229176e-05 -1.1247395340e-04 1.1738934128e-05 -1.2845280316e-04 1.2414736496e-04 1.1420069013e-06 1.7998526474e-04 4.1229996712e-05 6.9150500793e-05 4.7333103046e-05 7.1749102420e-06 -1.1654943169e-04 -1.2985960111e-05 4.0898996444e-05 -1.5009169670e-04 -3.7407085322e-05 7.0109407129e-05 6.4164575867e-06 -4.6516577961e-05 -6.3142717600e-06 -2.4138658077e-05 7.9411288765e-05 2.0131281522e-05 -4.5081395987e-05 -8.8152365735e-05 -5.6290817138e-05 -6.5616095012e-05 -4.2459389094e-05 -1.7993297815e-05 8.3196402772e-06 2.0624251463e-05 3.8336483717e-05 -1.5506387674e-04 8.1771787116e-05 1.1353088830e-04 1.8149017042e-05 1.6666284936e-04 -2.5777731047e-05 -2.1988353116e-05 -1.7152141568e-04 9.8659136353e-05 2.5490384706e-06 -1.2745558444e-05 -3.0747184041e-06 2.9134442518e-04
1.6980376887e-04 8.1327397596e-05 -3.3606850873e-05 -1.3073317524e-04 3.3874620061e-05 -4.7179310235e-05 6.1081219932e-05 4.1822239092e-05 5.9326580376e-05 -1.0004268566e-04 2.6734182018e-04 -7.3122726959e-05 5.3370049178e-05 5.7885685390e-05 -8.3476015664e-05 -2.7584049385e-05 7.4640764688e-05 -1.6964475783e-05 -1.2373289784e-04 3.4530904471e-05 -1.8581601871e-04 1.1727630745e-04 1.7249319010e-04 9.4319923348e-05 1.3491226554e-04 7.6739458113e-05 1.0362639922e-04 1.3392942503e-05 1.7514588978e-04 1.3589476045e-04 -4.6399252508e-05 -2.0967519451e-05 2.9897222481e-05 -2.0448240966e-04 1.1209458686e-04 -1.1016192384e-05 -3.5502177067e-05 1.7218578958e-04 2.7515074766e-05 2.1044884560e-05 -1.4929157815e-04 -6.5570075031e-05 -1.2526144797e-04 1.4251430651e-04 1.5743781503e-04 -6.2816040196e-05 1.1508638707e-04 3.4502711605e-05 1.4298163508e-04 2.1084278309e-05 2.4126846599e-04 8.4955540655e-05 -1.5238404441e-04 7.5411442295e-05 -1.2936847216e-04 4.5832235305e-05 -3.1546504956e-05 -1.7866669349e-05 -8.6037389640e-05 2.6403958925e-05 -1.7942696045e-05 1.8798071275e-04 1.3882844007e-04 -1.5017017661e-05 -1.4929628439e-04 1.7177288675e-04 2.6476286023e-04 3.9655355343e-06 8.9627958600e-05
1.3148402920e-04 -2.7759168269e-05 -1.5191689618e-05 2.8561214845e-05 2.7602676819e-05 1.6562921214e-04 -2.0909750587e-04 8.4494473702e-05 -9.7482841726e-07 -1.0419891131e-04 -1.8602583105e-04 -1.2961272932e-04 2.0001703217e-04 -7.4601390572e-05 5.9779433939e-05 1.3283485140e-04 1.4770465695e-04 1.0741362784e-04 1.2981846892e-04 1.1048563395e-04 7.0635492357e-05 1.4226256558e-04 -2.8415919331e-05 -1.3917220028e-04 1.7329097256e-04 1.2922598086e-05 6.5451161415e-05 3.0656245459e-05 1.4979558779e-04 -1.2988307276e-04 -5.9091321862e-05 2.3289465325e-05 5.5059454252e-05 1.8284469683e-04 1.0824743676e-04 7.6208416205e-05 -1.2473348541e-04 4.0004086569e-05 3.4638483543e-05 -6.9211836671e-05 -4.1848590680e-05 1.3205551321e-04 8.5212258536e-05 7.0157234326e-05 1.6341035390e-04 8.3884919783e-05 -1.0953873598e-04 -4.5503785578e-05 -2.3572879167e-04 -2.2290278354e-04 -4.3488078095e-05 1.7780710456e-04 -4.2065910086e-05 8.3700387628e-05 2.3053792667e-05 -2.3105148597e-06 1.0607106669e-04 -3.8796550010e-05 1.0888688693e-04 4.0535607816e-05 -1.1616708240e-05 1.0130585028e-04 5.6033449657e-05 -1.0029347736e-04 6.9608032308e-05 -8.3977575705e-05 7.2893713629e-05 5.6871070603e-05 2.7921836222e-05
-7.4869426914e-02 6.9952323546e-02 -8.4603502119e-02 3.0636710864e-01 5.7160351593e-02 -1.2623651348e-01 -6.9983494315e-02 -4.8776487343e-02 -1.1248302512e-01 -3.3859048244e-01 1.1625314128e-01 -2.5477908109e-02 8.0141238890e-02 -5.5272324447e-02 5.6511022879e-02 6.6632656964e-03 -1.2254168880e-01 5.5335973259e-01 -2.3949669373e-01 9.1696806373e-02 4.9276028104e-02 -3.9059214637e-01 -9.1941490105e-03 5.3605589055e-02 4.0619716473e-01 8.9551874810e-02 1.4903698992e-01 1.2280740415e-01 -7.2352637368e-02 -4.3807622822e-01 4.2161187459e-02 -1.8877519687e-01 -1.8395655166e-01 -2.8971618602e-02 -2.1819720721e-01 1.3743402415e-01 1.5486784579e-01 3.4749076366e-03 -1.4652442856e-01 -4.2333149384e-01 2.7026300044e-01 7.5964955103e-02 -1.8579734741e-01 -8.0550757007e-02 1.3510527968e-03 -4.4136196967e-02 -7.3682367228e-02 -2.3111360740e-01 2.6652616514e-01 2.1141103557e-01 -1.0522311537e-01 -1.0002928571e-01 2.6720392472e-01 3.4797072021e-01 9.2428142151e-02 -1.6569876049e-02 -7.6004059085e-02 -1.6882409320e-01 2.0052572839e-01 -1.8909956503e-01 -2.2490312030e-01 1.4228599688e-02 -2.2550265863e-01 5.2722339596e-02 2.5332531842e-02 -1.5095298257e-01 -2.1205624403e-01 -6.3721503765e-02 -3.2731462853e-02
-1.2321518934e-01 3.9839023844e-02 -1.0299715362e-01 -2.9568118102e-02 5.4989343751e-02 -1.3820897952e-01 -8.6417629339e-02 1.4067870338e-01 -1.8043214392e-01 -2.5940742608e-02 -1.3538527618e-02 -1.6046274410e-01 -1.0204509216e-01 5.8673606752e-02 -1.0222824881e-01 1.1746068848e-01 4.4540457691e-03 2.0198462126e-01 -7.6571476938e-02 1.7533038556e-01 1.1060434264e-01 -1.9165904077e-01 -8.6792720658e-02 1.6742372450e-01 5.2752450864e-01 1.2675962482e-01 9.6735588402e-02 -1.0901545806e-01 7.4658504155e-02 -4.0379699693e-01 6.4002729561e-02 5.8927185326e-02 -8.7182026020e-02 -1.5406497320e-02 5.0605004391e-03 1.2700505110e-01 1.0257882687e-01 -4.1698193196e-01 -9.4983101587e-02 -5.7352520017e-01 4.4649615721e-02 -1.0117817361e-01 2.4536875349e-02 -5.5804033150e-02 6.2833107266e-02 -1.8370357003e-01 1.4519633495e-01 -2.1537140428e-01 2.3862696664e-01 -3.6930899107e-03 -7.9633430649e-03 1.1349795155e-02 1.3085702206e-01 9.7699451515e-02 -1.9311515125e-01 -8.8846880070e-02 -1.3070728750e-01 -1.7700736879e-01 -8.1791454567e-02 -1.6038792696e-01 -6.4271425140e-02 -4.0059446446e-02 -1.2061195819e-01 -3.1398521100e-02 -2.0933451859e-01 -2.3751909858e-01 -1.4968585626e-02 -1.2938232682e-01 -1.1304877600e-01
-5.2179977635e-02 4.2344087019e-02 9.0354685584e-02 -1.9442734425e-02 1.5931953574e-01 -7.4897485779e-02 -2.0511349368e-01 6.2401517565e-02 -2.1674703742e-02 -6.2778287553e-02 -1.8212568012e-02 -6.5073316525e-02 -4.2467539932e-02 3.7552545960e-02 5.0735846360e-02 9.4838354528e-02 -1.0768124705e-01 -2.1903553787e-01 -1.2493535061e-03 -2.0375319728e-03 8.7441548611e-02 1.1279686653e-01 1.0664271054e-02 7.0826017767e-02 2.8408583087e-01 1.6188556894e-01 -3.6339256992e-02 -3.1611013039e-01 1.4797378607e-02 -1.0506332816e-01 -4.7544982328e-02 -2.9433771799e-02 6.3616355987e-02 -3.1572810239e-02 -1.2031028217e-01 1.8602191589e-02 8.9862267089e-02 -6.6289119319e-01 -1.2369526399e-01 -2.2813086915e-01 -4.9021444388e-03 -6.2711237833e-03 2.9268517729e-02 -9.5206885271e-02 8.9881530963e-02 -2.5148966455e-01 8.6967901264e-02 -1.3702178927e-01 2.3159986376e-01 -1.1237317993e-01 6.2849833839e-02 -4.4299706505e-02 2.1697562880e-01 -5.0279943769e-02 -9.1985687892e-02 -2.8202701171e-01 -4.7652657127e-02 -3.7664597814e-01 -3.9119214793e-02 -1.5250688034e-01 -1.4297344500e-01 1.9931686655e-02 9.2387770937e-02 1.7058780883e-01 -7.2453391767e-03 -2.1667659979e-01 8.0884368592e-02 -1.1217226149e-01 -3.6769467137e-02
3.7498701915e-03 8.7798479486e-02 3.6648145690e-02 6.5391712717e-02 4.2941815865e-02 1.4071233507e-01 -8.0984814069e-02 2.3801779406e-02 -5.4808881963e-02 -9.4621566830e-02 -1.1910346805e-01 3.6758665121e-02 1.4200810283e-01 -1.5780445685e-02 1.0442477279e-01 -3.7702873488e-02 -5.1964794721e-02 -9.4570318697e-02 9.6221338673e-02 -8.2249094017e-02 5.8386355509e-02 4.0119639438e-01 -2.4144029391e-02 1.4896309014e-01 3.3054723541e-01 1.2399241780e-01 -1.3877604991e-01 7.9447253081e-02 1.3123559895e-02 -1.9881199888e-01 -9.8183625363e-02 -9.3652812457e-02 9.3543034806e-02 1.1124318225e-02 9.9231449504e-02 -8.1885072491e-02 8.8197566056e-02 -1.0611109755e-01 -1.9314526005e-01 -6.5945187801e-02 1.6904912129e-01 1.6269711956e-01 -5.7019623303e-02 5.3366396965e-02 3.3021159403e-02 6.4582828730e-02 1.2562609842e-01 -1.5269357921e-01 -1.8863598599e-01 8.5966127618e-03 1.7157149958e-01 -2.9705849796e-01 1.8312613105e-01 1.2743301759e-02 -1.7501002584e-01 -2.3876701334e-01 2.3989166249e-02 -1.8341394263e-01 -1.0473977223e-01 -1.3510668828e-02 1.0334413098e-01 7.5489187823e-02 -6.0468425062e-02 2.9619345098e-02 -5.0989195584e-02 -9.8674534375e-02 -4.1655318265e-02 1.1641568296e-02 -1.6205253841e-01
-5.6271495865e-02 2.1137205633e-01 -1.9281547460e-01 2.1884002064e-01 3.3570545262e-01 9.5887755118e-02 -1.0752202905e-01 6.9645037840e-02 -9.4247865970e-02 5.1340718495e-02 -2.0709645511e-02 -1.8025599575e-01 5.4974262581e-02 1.8362992206e-02 9.4776323248e-02 -7.5592891242e-02 -4.9178493634e-03 1.2567518108e-01 3.8991250387e-02 -2.4885676602e-02 -1.2550132965e-02 2.4576093494e-01 -2.3236638712e-02 -2.4163455211e-02 2.6659555941e-01 -3.9739626110e-03 -4.1256444386e-02 1.8425289760e-01 -1.1210255876e-01 -4.2246913977e-02 1.0115641925e-01 2.9960970070e-02 -6.6593276781e-02 1.6557530530e-02 9.9788579292e-02 4.0539802899e-03 2.5494951053e-01 1.2349486300e-02 -2.8723991011e-01 -1.2037068165e-01 6.9128297237e-02 1.3611455199e-01 -2.5607006940e-02 2.2070873515e-02 -1.0809468585e-01 -2.1328473426e-03 -1.1176924525e-01 -1.9372763690e-01 4.5963323650e-02 -4.6420526420e-02 1.6724932814e-01 -1.4406373520e-01 4.3796280748e-01 -9.0094448244e-02 -6.0514814162e-02 -1.2754129536e-01 -8.0718958854e-03 -1.3889112252e-01 -3.5821863012e-02 -1.7866241769e-02 3.6990248945e-02 1.3522927855e-01 1.9248326986e-01 -2.0564993444e-02 -1.6902582999e-01 -5.0302039946e-02 -1.2564931912e-01 1.5519180174e-01 -1.6739864304e-01
-3.8698130949e-02 2.4202939194e-02 1.8285693826e-03 5.5825392475e-01 3.1319779036e-01 1.9350598904e-01 9.7984241955e-03 1.3708485577e-01 -7.7474904374e-02 -6.6552861349e-02 -1.8450170987e-02 -1.3669737347e-01 -1.0590431066e-01 9.7264286296e-02 -1.5518864889e-02 1.4067860605e-01 1.5761081248e-01 1.6471653390e-01 -1.5154479126e-02 -1.4849921417e-01 2.8945713431e-02 1.2715039222e-01 9.0224769190e-02 1.3854190439e-01 -1.5375595236e-01 3.6394311119e-02 -3.6744614012e-02 3.1245775624e-01 1.3680376093e-01 -9.5155530070e-02 3.4754506035e-02 -2.1773660970e-02 -7.6989832899e-02 -1.2973117194e-01 2.8209529001e-02 9.3357874471e-02 4.7345991026e-02 -8.5116381583e-02 1.0027660899e-02 -1.1785412181e-01 -3.9905220744e-02 -6.1441755603e-02 -1.1169966985e-01 -1.2024480519e-01 1.1360688468e-03 -2.1621549778e-02 -3.6849272770e-02 3.2808070650e-02 2.7576940452e-03 8.1171348008e-02 -1.3941530804e-02 -2.6851383398e-01 1.6451224298e-01 -8.7389769085e-02 -3.4038459836e-02 -7.1896790348e-02 -6.1418151789e-02 -2.2757315121e-01 -1.0645545914e-01 1.2109779678e-02 9.0904958930e-02 9.0852790344e-02 4.7969316536e-02 -5.6036287385e-02 -4.8524652489e-02 -2.6608195085e-02 -1.7452263320e-01 9.7637347861e-02 -4.5481628612e-02
-1.6305492133e-02 1.1079343418e-02 -1.1614793403e-01 2.8062356112e-01 2.0737790080e-01 -7.1872892728e-03 -9.8684077341e-02 7.8615243824e-03 4.4678015830e-02 -1.4381853035e-01 -7.2173638793e-02 -1.3343858173e-01 -3.7407141574e-02 2.1312691874e-02 -4.4314299810e-02 -3.9985007374e-02 1.4698331183e-01 4.3293888131e-01 2.2028665000e-02 -3.2245177024e-02 2.1564282652e-01 1.0178484524e-02 2.6572028244e-02 -9.7388412485e-02 -1.6947961788e-01 1.4525759852e-02 -2.4538464056e-01 1.6264166477e-01 1.2963144912e-01 -2.1087887337e-02 1.4527691371e-01 -3.0724888873e-02 2.0015227309e-02 -1.6850689720e-01 5.4621961729e-02 6.2803841522e-02 2.9229417757e-01 1.8273420410e-01 7.5920672299e-02 8.6074802243e-02 3.5708516442e-02 3.5844247967e-02 -8.0008328926e-02 3.3442534133e-02 1.5430087795e-01 -3.6873882149e-02 4.5545318108e-03 -2.2426107572e-01 -1.8012052261e-01 -8.0329126524e-02 -5.5867395548e-02 -2.1056338462e-01 2.1007981362e-01 -1.6596241507e-02 3.8025593572e-03 -1.2975490128e-02 -1.3548645927e-01 -1.5377239954e-01 -1.6618318773e-01 8.5619852734e-02 4.7826991504e-02 -6.7231296298e-02 -2.1048714073e-02 -1.9885800619e-01 1.8294981957e-02 -4.1315705242e-02 -1.7280069524e-01 3.6109247348e-02 -4.2736527060e-02
1.5334037744e-02 -6.7489701427e-02 -7.5385355814e-02 1.0653213844e-01 2.9983807995e-01 -1.1697377772e-01 -1.9267666328e-01 -1.6074208678e-02 -8.8557216233e-03 -1.6116100180e-01 1.9945454224e-03 -5.1866766272e-02 1.2163132229e-01 -2.5575895548e-02 -6.6363147632e-02 -1.2142543947e-02 -1.3788727767e-02 1.1227505943e-01 -1.2014748239e-02 -5.0694184328e-02 8.4970870436e-02 1.7642177365e-02 -1.0874741695e-01 -9.8476140122e-02 -2.6555851591e-02 -1.2874621928e-01 -2.1386182133e-01 -1.9575027561e-01 1.4630502084e-02 -8.0176665030e-02 2.0730374516e-01 -5.8921795627e-02 -1.2712446303e-01 -6.4586077029e-02 3.9385218197e-02 1.0508875297e-01 1.0288101170e-01 1.6285408347e-01 2.9733911667e-02 -4.6856644523e-02 3.2917193462e-02 2.3805690684e-01 -1.8498067043e-02 6.6046887007e-02 4.4221375380e-02 -2.5854569284e-02 -3.8595861500e-02 -3.5098733615e-01 1.6296806525e-01 -4.8904738200e-02 -8.3851049441e-02 -1.2172993562e-01 1.5825925150e-01 9.3307345479e-02 -7.1310366416e-02 9.0129630578e-02 -1.9321787786e-01 -1.0863438856e-01 -1.0971123925e-01 8.0739710401e-02 2.1051535536e-02 -9.2081065226e-02 1.3592262592e-01 -1.6690277990e-01 -4.4559953374e-02 -1.2124180870e-01 -2.8221724492e-01 4.8401397324e-02 -2.1615338961e-03
-1.6475084092e-02 1.5730926861e-01 -2.3542284899e-02 1.6186665205e-01 1.9776165230e-01 -1.3477555002e-02 1.2145372866e-01 -2.2132994957e-02 -1.6241575462e-01 -2.6202565615e-01 -2.0551497075e-01 -4.8854124159e-02 -7.9809244707e-02 -8.7498260893e-02 -5.5197747522e-02 -7.3373637761e-02 4.6016151889e-02 -1.5338568861e-01 8.4706487579e-03 -2.5567894476e-02 2.0438829354e-01 9.3712865019e-02 4.9296645464e-02 3.3671319838e-02 2.5337728878e-01 3.3800518378e-02 -2.5707695163e-01 -2.0007858054e-02 -2.1733554811e-01 7.4823447129e-04 1.0305532714e-01 -2.2033730977e-02 -7.0165934091e-02 -1.2816389769e-01 1.8799684951e-01 1.5390398650e-02 5.4432537963e-02 1.1090586861e-01 -2.9243547704e-02 -4.6030122435e-02 8.1860382318e-02 5.9732931683e-02 1.9179840961e-02 -8.3611249430e-02 1.9845448689e-01 2.5241098915e-02 6.7531397463e-02 -9.8244394406e-02 5.0502738406e-02 -2.1886702449e-02 1.8054304163e-02 -7.6061925709e-02 1.3685358800e-01 -1.4800272730e-02 -1.0120958302e-01 -2.9553590976e-01 1.0222075600e-01 -2.6682290633e-02 -4.6326309300e-01 6.3534595508e-02 -1.4973566092e-02 -1.4031193798e-02 2.3634528404e-01 -1.1178552200e-01 -2.6284851738e-02 -2.2801807100e-01 -1.6526768392e-01 -5.3120085874e-02 9.2678524308e-03
1.0737902361e-01 8.0278781907e-02 -1.0397057170e-02 1.9785015472e-01 3.0245322926e-02 -3.7567089900e-02 1.4668177149e-02 1.2527181040e-01 -3.2571401746e-02 -1.9699327235e-01 -7.3967180913e-02 -5.6549710428e-02 -3.0875123747e-02 -1.0393242735e-01 -6.2801294371e-02 1.6988788987e-01 9.7160855423e-02 1.1683564923e-01 5.0617823053e-02 2.5729021202e-02 1.7125093620e-01 2.0245895181e-02 1.5386802812e-01 -1.2462016077e-01 1.7687083066e-01 1.1947688553e-01 -2.7943617131e-01 6.0677708994e-02 4.2800212534e-02 -9.4597014033e-02 1.5101943492e-01 -7.1098985915e-02 -7.9410731256e-02 8.0998409598e-04 6.4937351409e-02 -3.7309945454e-02 1.3051521840e-01 -3.7736307408e-02 4.0813420255e-02 -6.3591234773e-02 8.2219786015e-02 -1.3167232461e-02 -1.1814930836e-03 5.2525879647e-02 -3.7723971422e-02 7.6929759127e-02 4.2252748980e-02 -1.9742796361e-01 3.8985570848e-02 9.7444507132e-03 6.6433093073e-03 -6.2759412088e-02 9.5331216553e-02 -1.2483918358e-01 3.2629537442e-02 -1.3477907506e-01 -1.4500468013e-01 -3.0910647010e-02 -1.0741074690e-01 2.8876868056e-02 1.7259899697e-01 5.1739241605e-02 9.7913356342e-02 -7.5629188225e-02 -5.3298519443e-02 5.5014446679e-03 -2.3370202235e-01 -1.2763893425e-02 -1.2165787478e-01
-8.3390711482e-02 1.0087751080e-01 -2.0435598263e-01 3.1498207938e-01 8.2618832105e-02 5.8736834856e-02 -9.6863072997e-02 1.0544730950e-03 -4.1240713941e-02 -2.1417226038e-02 -2.3237570060e-02 -1.0846231692e-01 -2.4651050078e-02 -4.1426812908e-03 -3.5960157175e-02 1.4050865286e-01 4.3295299809e-02 8.4695528495e-02 -4.1972801828e-02 -4.1175329590e-02 3.0770867179e-01 9.3089686151e-02 -1.7742404945e-02 1.5026988442e-02 -2.6976853367e-02 1.1764392747e-01 -6.9659242225e-02 1.1272959096e-01 -4.5470583892e-02 2.4006613584e-02 7.7301235889e-02 1.5941128434e-02 -1.3952136569e-01 4.5850441018e-02 -5.6020079758e-02 -1.0580872761e-01 1.9937309766e-01 7.2900299099e-02 1.0989236626e-02 6.9428988234e-02 -4.5165889914e-01 -1.8035754966e-01 2.0881445065e-02 -9.1473241000e-02 -9.7899074886e-02 4.8672638750e-03 1.3861378473e-01 -3.7109068642e-01 -1.3304474423e-01 1.9272553111e-03 4.1091534573e-02 4.1522338216e-03 2.5833393016e-01 -1.4781222137e-01 -5.1202830980e-02 -1.9736969184e-01 -1.6145419718e-01 6.2718700274e-02 -9.6676868788e-02 2.1647552203e-02 4.5243105718e-02 1.0468743783e-01 2.0750891225e-01 1.1876695468e-01 -1.3390958736e-02 1.2377035466e-02 2.4373796747e-02 -8.2886821370e-02 -8.7386867626e-02
9.0160917131e-03 4.2299317740e-03 -8.2682040824e-02 2.2585862317e-01 1.5725287951e-01 7.6108526779e-02 3.3117842635e-02 1.3130024127e-01 1.4366508919e-01 -2.6878244884e-01 9.7532176661e-02 3.0605648066e-02 -2.1571229623e-02 -2.5116561356e-01 -3.8048405271e-02 3.0629661153e-01 1.3441183820e-01 1.9110653816e-01 9.5395607922e-02 -1.9024653092e-01 4.0851321986e-01 -1.5191325110e-02 -4.8343904461e-02 -4.1497338148e-02 2.7370879619e-02 1.3484303651e-02 -3.4369323641e-01 -6.6215546255e-02 -1.3335601039e-01 2.0562900505e-01 1.9892490168e-01 -1.5948268267e-01 -1.4134761059e-01 -4.6968707328e-03 -8.5234492927e-02 -1.4704347987e-03 1.2775026222e-01 -3.4377394521e-03 -8.9491335346e-02 7.1073503099e-02 1.2824275351e-01 -6.2614628576e-01 1.1680985666e-01 3.2557110854e-02 2.7460479234e-02 1.2741104499e-01 -1.1540680782e-01 -3.2887598767e-01 -1.3078068879e-01 -8.7541913020e-02 3.7285379712e-01 1.4078251161e-01 -1.0639605685e-01 2.9614521784e-02 -2.0949668250e-02 -2.2480901478e-01 -4.0317259326e-02 -6.9752450775e-03 -4.2494019129e-02 1.0421486024e-01 -1.9508221093e-02 2.9233319259e-02 7.1393108604e-02 4.9029292596e-02 -6.6644905439e-03 2.8302053969e-02 -3.1339946967e-01 1.2135072556e-02 -7.2938990547e-02
4.9048711102e-02 1.5488556931e-01 8.5598080468e-02 -3.4127775377e-02 3.7670826244e-02 -3.4841111571e-02 -1.3689252713e-01 -5.7403667540e-03 1.8158385273e-02 -2.3154072435e-01 -2.9667580309e-02 -5.3230820019e-02 7.6995671431e-02 -9.7211556353e-03 -5.8503902419e-02 -5.8588317482e-03 -4.6350200207e-03 2.0874680572e-02 2.4092295915e-02 4.7241867375e-03 5.2821972165e-01 -2.9058358367e-03 -9.3442453786e-02 -6.0717634514e-02 1.5670152662e-01 -1.0815766250e-01 -2.8339100796e-02 -2.3643494827e-03 1.5261995755e-01 1.6269567254e-01 1.2565423594e-01 5.8886613333e-02 -2.0150311361e-01 -6.1702696052e-02 1.4108355379e-01 6.2949895415e-02 -6.3840918304e-02 -4.1309360747e-02 3.4294352870e-02 -1.6801748574e-02 2.3406474379e-02 -1.2810927920e-01 9.5013964484e-02 2.0070851116e-01 -2.1292988252e-02 -6.0222623897e-02 5.5740279331e-02 -2.5463101544e-01 1.0269040148e-01 -5.5642402546e-02 3.8169003490e-02 5.8851868353e-02 1.8135474836e-01 -4.9691003961e-02 -5.2708213830e-02 -6.1685715416e-02 8.5733384316e-03 -1.1331451758e-01 -3.6150081873e-02 9.0527856310e-02 -1.2385658919e-01 6.3302613040e-02 2.2696505882e-02 6.4612205066e-02 -1.2435735991e-02 -8.5435393710e-02 1.5949958325e-02 9.9577990576e-02 -1.4312752359e-01
-2.8732537899e-02 2.5140280069e-01 1.5634405505e-01 1.9378539590e-01 1.0884076908e-01 8.7728133448e-02 -1.5800032276e-01 4.5374146107e-02 -6.0997088738e-02 -4.1222096893e-03 -1.0377844801e-01 -1.3561637992e-01 5.1187477213e-02 -3.2062212987e-02 -5.2791536568e-03 9.1417792318e-02 -3.9671744158e-02 -7.7265515484e-02 4.5794685528e-02 7.3947416640e-02 5.6513500509e-01 -8.7696841272e-02 1.7096523554e-01 -1.2967169538e-01 3.8844891679e-01 6.2637721855e-03 -6.3667662869e-03 -7.5775408595e-02 -1.2046168435e-02 1.5059651667e-01 2.0938254920e-01 -3.5176332125e-02 -6.8900887972e-02 -6.1543339946e-02 2.0777550384e-01 -6.3835697053e-03 5.3445581568e-02 6.4491997387e-02 9.2140199812e-03 -8.9516774276e-02 -8.6648063153e-02 -1.0873665097e-01 -1.9986368303e-01 -3.6962304548e-02 -1.1105533022e-01 -3.5158749480e-02 -8.9415416159e-02 -2.5380780331e-01 9.5106089863e-02 -8.3695218535e-03 -1.0493513712e-01 2.2381031474e-01 6.4622376048e-02 1.5007370823e-01 -2.1511860381e-01 4.8908903772e-01 1.9309130478e-03 -5.2335540221e-02 -4.6284111151e-02 -1.2371738244e-02 -4.1903598616e-04 7.7619622489e-02 -6.1883140839e-03 2.2297681519e-01 -6.2707960760e-02 -1.6677080988e-02 1.1833496173e-01 1.5125317084e-01 -4.8023133008e-02
3.0242792375e-03 3.3544767794e-01 -7.3902148196e-02 -1.3207313705e-01 3.5927436755e-01 2.1758935942e-01 -1.0330477025e-01 -5.6711920219e-02 3.6454301003e-02 -2.6345809019e-01 1.1923253570e-01 -2.6610055924e-02 -1.8451383109e-01 -1.0942448589e-01 1.1482871207e-01 4.1367936616e-01 -4.2673676972e-02 4.8372318842e-02 -1.1702828903e-01 -6.6632324541e-02 6.2121667096e-02 5.1112958211e-02 1.2919130793e-01 -6.3569282331e-02 1.2207291904e-01 1.4754941540e-01 -2.0822800269e-01 5.3342650619e-02 -1.2968423128e-01 1.6640900035e-03 1.8984466957e-01 -1.0661855127e-01 3.5287752505e-03 -1.3148969993e-01 1.4071107426e-01 2.9237621543e-01 -5.6476424794e-02 -1.0584728464e-01 -1.0323347880e-02 -2.7683780336e-01 5.6182148854e-02 -3.4642412467e-02 1.7688373808e-01 1.9085566631e-01 1.6873085222e-01 -9.8848466964e-02 -2.2101285822e-02 -2.8299365636e-01 4.2251837239e-02 -4.7356838626e-04 2.0339283618e-01 2.0221981555e-01 -1.6652511002e-01 -1.1496123323e-01 1.1467547667e-01 1.9182022320e-01 -1.2935552348e-01 -1.8089419632e-01 -1.8120260928e-01 -2.8125986486e-01 -5.4157620645e-01 5.7952213127e-02 -1.3534352307e-02 -3.5597745137e-03 -2.2158341044e-01 -1.0485688864e-01 1.7548699876e-02 -4.3429288566e-02 -3.4251399853e-02
1.8518730927e-02 4.4796441704e-01 2.8231733726e-01 -3.4359647579e-01 1.9413181168e-01 2.9120573396e-02 -2.1008919509e-01 -2.0222331168e-02 4.6911617188e-01 -1.4476715361e-01 -1.4490436885e-01 1.4170333719e-01 -3.0547037180e-01 1.4100271525e-01 4.3923963478e-01 2.3471129017e-01 -1.8025250240e-01 1.3745943916e-01 -2.7195104223e-01 4.8581636261e-02 -1.8369706052e-01 -1.1844399775e-01 1.3817089737e-01 7.4710050371e-02 6.6440754051e-02 1.9542531634e-01 -1.4346025893e-01 1.1791964109e-01 -2.4859020126e-01 -1.1061780217e-01 -1.2758921234e-02 -7.0661838371e-02 -1.0775509391e-01 1.4158676322e-01 3.9970932213e-02 -4.6529897913e-02 4.2744129636e-03 -6.4429501613e-01 1.0696603061e-01 2.4279273684e-02 -4.6992827277e-01 2.7803821278e-01 1.0710380263e-01 6.4206035240e-02 1.5368985911e-01 -1.8227998528e-01 7.6371434646e-02 -2.7266368785e-02 1.0913737683e-01 5.2566674413e-03 3.2930651624e-01 4.0932408530e-02 7.1005072357e-02 -1.8194315317e-01 8.1595581641e-02 -2.4500096969e-03 -2.8033624308e-01 -2.3367922755e-01 -2.9087089959e-01 -2.9478852043e-01 -9.3257804736e-02 4.0545371503e-01 2.5065031005e-01 -1.6378253660e-01 -1.4025145543e-01 -1.7892742603e-01 1.1243676070e-01 -4.0000547683e-02 3.2666995368e-01
9.5079081743e-05 -5.1885778615e-05 -1.3518163514e-06 1.0663502828e-04 -1.1281085787e-04 4.0644323045e-05 -6.2216395556e-05 1.3816767739e-04 8.6751981068e-05 -1.0473253847e-04 -9.8372280505e-06 -1.6962904726e-04 -2.1082778488e-04 1.4592169559e-04 -2.0676767051e-04 1.7866397830e-05 -4.8479022079e-05 7.6510528007e-05 7.1166198821e-05 2.7199556998e-05 -6.2813712736e-05 8.6633102273e-05 -1.5802843535e-04 -1.8386128787e-05 2.3411924541e-04 -4.0329587134e-05 -2.9410146081e-05 3.7371111551e-05 2.9886145996e-05 1.0535903817e-05 -1.7368043631e-04 -2.0686719166e-04 3.0357544093e-06 8.0252015812e-05 2.0724039596e-04 -4.5276810945e-05 -5.5585584206e-05 -1.4342310072e-04 -3.2295116705e-06 -3.0422552111e-05 1.1197617995e-04 -1.5794493258e-04 -4.5745368976e-06 -2.0684086139e-04 1.3626183078e-04 -1.3860438317e-04 4.6921233315e-05 -5.4707204852e-05 -1.6002812147e-05 1.6906039833e-05 -1.1252658705e-04 -3.8192946518e-05 -1.1657493001e-05 1.2901616270e-05 1.4414864097e-04 1.1916898422e-05 -1.3039135439e-04 -1.6483162250e-05 1.2903367188e-04 1.7802894615e-05 -1.3637150503e-04 -1.1486688727e-04 2.3315614250e-05 -8.4650559076e-05 1.3102188232e-04 1.8528779004e-05 1.7234833288e-04 2.2857505101e-04 -9.9070432772e-05
-4.8380888441e-05 -2.4028641181e-05 -1.2887837337e-04 1.4599501238e-04 1.3530168197e-04 -1.6205812914e-04 -2.2601237907e-05 1.1356433506e-04 -3.7892557768e-05 -8.7505709828e-05 -1.7151387406e-04 -5.8885602973e-05 -2.0252644701e-04 -4.5685834378e-05 4.3565243844e-05 -2.0371338523e-04 -7.8458700418e-06 -2.7000334270e-05 -2.1359385396e-04 -8.1963102539e-05 1.3273990386e-04 1.0574653761e-04 1.7603091816e-04 -1.8562597166e-05 4.5976389651e-05 -1.1472582261e-04 -1.1332919227e-04 -3.6223280451e-05 -6.4657429782e-05 2.2136721711e-04 -7.9939834288e-05 -5.1020060666e-05 -1.0041945327e-04 -9.8433245921e-05 4.0236432925e-05 2.9590643326e-07 -4.4274217719e-05 -4.8321771319e-06 -1.4514388179e-04 -5.1900407490e-05 -1.6041059004e-05 1.1635471228e-04 -1.0776234636e-04 2.0546639257e-05 -1.3261029907e-05 3.7530629467e-06 -8.2710186845e-06 -2.7884758876e-05 3.0967296857e-05 -8.2536305355e-05 -2.7779897517e-05 8.3499819626e-05 6.3108680598e-05 -9.2988487388e-05 -1.6679848595e-04 -9.6045162323e-05 -2.3564514410e-05 9.1493687501e-06 -9.9295149244e-05 -8.4885098635e-05 5.2276981162e-05 -4.7661847752e-05 7.0327143546e-05 -7.3771212918e-05 1.2076632866e-04 -9.2087024368e-05 -1.2081570703e-04 -5.6507879966e-05 -1.3642633442e-04
9.0322307019e-05 -8.0788115310e-08 -3.6733074768e-05 -9.1240770443e-05 1.3496418604e-04 4.0090398930e-06 3.7513160121e-05 -4.9870143365e-05 8.4869466786e-05 -4.4955104874e-05 -3.7051614792e-06 -4.4757780605e-05 -8.8350433894e-05 1.2576847488e-04 -9.9464060244e-05 5.5930489994e-05 9.2390093776e-05 5.5425162476e-05 -1.9761995644e-05 1.1926114974e-04 3.2482956547e-05 -1.5501879265e-04 7.1838421917e-05 -1.4088800752e-04 1.2532651846e-04 -7.2316687093e-05 -6.4241827792e-05 -2.0245233748e-05 -1.4477369311e-04 -2.3618622173e-04 1.0212746068e-04 1.0651820268e-04 7.7511305723e-05 9.3536565434e-06 1.6493737936e-05 -9.3132654991e-05 -3.0618550383e-04 1.1719064761e-04 2.6894867198e-05 1.3828989608e-04 8.1187459526e-05 -2.4821915496e-05 -3.9122299268e-05 5.9659673090e-05 1.7064642915e-05 3.8162022082e-05 5.4246630932e-05 6.5295898077e-05 -4.1671753004e-05 -1.0002169216e-04 9.6950796616e-06 1.1084280744e-04 -1.3522422090e-04 9.5316798308e-05 8.3436637549e-05 -1.5857257128e-05 -1.3460815321e-05 4.6849712553e-05 -1.4633289192e-04 -1.3634743639e-04 -9.5881203370e-05 -2.8441640090e-05 -8.1603283989e-05 1.0761478616e-04 -7.5737588950e-05 1.4448393066e-04 6.2667304519e-05 -2.8607528853e-06 -2.1187496772e-05
-1.3623802520e-06 -1.2654872067e-04 2.4141403601e-04 -8.8432936923e-05 1.4823932854e-04 -5.8637209078e-05 -1.1238924281e-04 -5.8975003112e-05 2.2597590930e-05 -1.6234356835e-05 3.0182004136e-05 9.9634588194e-05 1.0945297308e-04 4.7110807952e-05 2.6155556153e-05 -7.0129435126e-05 3.8313328160e-05 -2.3201373639e-05 -7.9931322417e-06 1.5657551728e-04 -1.1922530986e-04 -6.0680923155e-05 1.6580412270e-04 -1.7146837854e-04 -3.4657885008e-06 1.1687439475e-04 -3.1187216976e-05 1.5441025798e-04 1.4053193624e-04 7.4872087395e-05 1.0765021192e-04 3.4260044960e-05 -7.7068632606e-05 2.9094887734e-05 9.1729958236e-05 -3.5776537615e-05 1.2202814431e-04 -6.4032972309e-05 -1.5391826200e-04 -4.6346549037e-05 -2.5014058984e-05 1.0064618364e-04 -5.5404881115e-05 -1.0834186353e-05 3.4323994417e-05 1.5625712888e-05 5.5060587157e-05 6.2114965310e-05 -8.4462994650e-05 -7.9393666708e-05 6.3055379971e-05 9.9824735229e-05 -3.8307486224e-05 -4.7848879682e-05 4.9215509933e-05 1.4908817605e-04 1.2092667300e-04 1.9178573723e-04 -1.4807284890e-06 2.1505999765e-05 1.3763960050e-04 1.3472478861e-04 6.4140172828e-05 7.2370814024e-05 -9.5795576310e-06 -1.0809872410e-04 -7.4300881499e-05 -1.1679250252e-06 -1.1847450860e-04
1.4222594109e-04 4.4789099602e-05 -1.7672389097e-05 -7.6174048200e-05 -2.0191793732e-05 7.5581234246e-05 1.8926432294e-04 -1.2388573306e-05 1.6606146003e-04 1.2558759793e-04 -1.1613687849e-04 9.3296469295e-05 9.4606001575e-05 -2.9419301185e-05 -5.7845231876e-05 1.2121351658e-05 -8.4424676114e-05 4.7033704733e-06 -4.9430676910e-05 2.1940437556e-05 -4.3681631302e-05 9.6544790726e-05 -1.4737185861e-04 -1.7150207981e-05 -1.5336861501e-05 8.4841435467e-05 2.1079821908e-04 5.3200852030e-06 -1.5650549134e-04 1.1901710846e-04 -7.8776709712e-05 4.3464439476e-05 3.5815116232e-05 1.9012999028e-04 1.5493109376e-04 -1.8108397350e-04 1.2299253678e-04 -6.9930600527e-05 3.8195503124e-05 1.2528099785e-04 -4.9098273668e-05 7.6481641656e-05 1.5469387762e-04 1.0764341646e-04 -2.5848855586e-05 7.3327821164e-05 2.9593591119e-05 5.1682912961e-06 -2.6772859260e-05 1.2605505962e-04 8.0957468228e-05 -3.9341526312e-05 6.5215274278e-05 6.4419045470e-05 -2.2668651141e-06 -1.7742686254e-04 8.3199679712e-05 1.3820820339e-04 -2.4845244310e-05 1.3840473350e-04 -2.0488343888e-05 7.8545257436e-05 1.0754520777e-04 -6.4234568577e-05 8.8035940678e-06 -2.0943929212e-05 5.9191960239e-05 7.9885847159e-05 -2.3013264025e-04
8.2648305590e-05 1.3900355126e-04 -3.0939785739e-05 2.6713635639e-05 5.1512944207e-06 -2.1832175893e-04 8.1934127796e-05 -4.2177590945e-06 1.0130523991e-04 -2.1214967657e-05 -3.3383913850e-04 5.7146921404e-05 -2.7096711476e-04 -6.4653395117e-05 3.6711916561e-05 2.8475901285e-05 2.7824594395e-05 -5.2871194403e-05 1.9179648748e-04 1.0183074229e-04 -8.0811534684e-06 -8.5799064580e-05 -6.9208007596e-06 5.8032282267e-06 8.5487744334e-05 5.6960732502e-05 1.4050853048e-04 -5.6542179304e-05 8.1200353165e-05 6.2213137060e-05 -9.8577293231e-05 -8.6993026838e-05 1.7240793486e-04 1.6495688716e-04 4.9921324217e-05 7.7090123516e-05 -1.2287554167e-05 7.2543235009e-05 -2.3690634423e-05 -4.4567248692e-06 9.8433936681e-05 -9.2592843419e-05 -4.9525448690e-05 -1.0612976473e-04 -6.6246431316e-05 5.2429868668e-05 -1.1704015312e-04 -2.9754780556e-04 -6.1466967651e-05 1.3957900627e-04 -1.4739380505e-05 5.2501529106e-05 3.6435351386e-05 1.5487753562e-04 1.7446148334e-04 7.8588232207e-05 1.9925398200e-06 -1.3095862124e-04 1.6181935781e-04 1.5851756155e-05 6.9903697971e-06 1.0058439617e-04 -2.4036298890e-05 -1.6999547903e-04 6.5479661177e-05 1.0814218462e-04 -8.7837819917e-05 -1.8646543996e-04 1.2559563181e-04
