-1.0664549770e-01 -8.4160473951e-02 -1.6499723679e-01 -1.1251414661e-01 -8.4284882646e-04 -1.3374516099e-01 -2.1242264191e-01 -1.7399608368e-01 -2.1884977035e-01 -1.3632280027e-01 -1.6776225146e-01 -1.3058292444e-01 -3.5981571877e-04 -7.8895251043e-02 -1.7036929800e-01 -1.5324496389e-01 -1.6230994942e-01 3.0767880653e-04 6.3572749421e-04 -1.6388993051e-01 -1.5588767849e-01 -1.3012931730e-01 -4.4363223431e-02 -1.1688885537e-01 -1.8075235251e-01 -1.4587092740e-01 -9.1447301589e-02 -1.6613221853e-01 1.0714791130e-04 -1.4048189320e-01 -6.1952836596e-04 -2.0400517420e-01 -1.9733689079e-01 -3.8128671110e-02 -1.3713771298e-01 -2.0489417830e-01 -1.7679492927e-01 -1.8190970833e-01 1.6287173712e-03 -1.4760762641e-01 -5.9298881261e-04 -4.9959928963e-04 -1.6378737800e-01 -1.0385297149e-01 -8.9200173387e-06 -1.3949974825e-04 -2.5227285924e-04 -1.5540077263e-01 -1.6351654496e-01 -1.8206187928e-01 -1.2307204016e-01 -7.3173550584e-02 -1.6730692421e-01 -1.2070487940e-01 -1.6416274773e-04 -2.9655040098e-05 -1.5388798773e-01 -1.4600999383e-01 -1.3711271212e-01 1.4253913837e-04 -2.0037756042e-01 -9.3542082681e-04 -1.5279196835e-01 -1.8562261877e-05 -1.4771918697e-01 -1.5632943375e-01 -9.9061338640e-02 -1.6002624177e-01 -1.1491765115e-01 -1.6641246558e-01 -1.1136577957e-01 -1.3523997623e-01 -1.0844867173e-01 -1.2444100594e-01 -2.4722169863e-04 -1.5555682215e-01 -1.2824119590e-01 -2.4095831685e-01 -1.4950183620e-01 -1.2737839054e-01 -1.0321058539e-01 -1.4081715675e-03 -2.0044276038e-01 -1.2978172661e-04 -1.2788399216e-01 4.5315043135e-04 -1.7197152667e-01 -1.7320252154e-01 -3.4424540753e-04 -1.8544293118e-01 -1.2990439098e-01 -1.5749657676e-01 -1.0737508581e-02 -1.7981394039e-01 -9.1050112922e-02 -1.6096299354e-01 3.9502036888e-04 -1.5702602173e-01 1.1200542226e-04 -1.4428671749e-01 -1.0683537919e-01 -5.8580335186e-04 -8.8287484091e-02 -8.8950332458e-02 1.1055144449e-03 -1.1880678535e-01 -1.4361557768e-01 -1.4386829041e-01 1.5751047090e-02 -2.1307073863e-01 4.6081167238e-04 -4.5798629017e-04 1.6320174367e-04 -1.0663596661e-01 -1.9207976460e-01 -1.6888191089e-01 -1.8111978979e-01 -1.5920516439e-01 -5.4006640048e-04 -1.3718994788e-01 -1.4822416493e-01 -1.3584942742e-01 -1.0794468245e-01 -7.6367086185e-03 -1.6710875260e-01 -1.2768515715e-01 -1.6594576086e-01 4.8609439218e-04 -5.8633401908e-02 1.5317994291e-03 -1.4374930035e-01 -1.8211875208e-01 -1.5979671676e-01 -1.5263895515e-01 1.8689390995e-04 8.2675947163e-03 -1.3622256580e-01 1.4763220614e-02 -1.5782402885e-01 -1.3930950124e-01 -7.0587638863e-02 -8.9004486048e-05 -1.3076649795e-03 -1.3331998535e-01 -8.2744337920e-02 -1.9637620101e-01 -1.0671884249e-01 -1.3182670523e-03 1.3708247513e-03 -9.9918677352e-02 -1.6070749249e-02 -3.9814548178e-02 -4.4122336899e-04 1.7399261321e-03 -8.5264684020e-02 -1.9660217146e-01 -1.2742605035e-01 -1.4804590794e-01 -1.1154631982e-01 -2.0996885241e-01 -6.2593535153e-02 -1.5397764400e-01 -5.1629935258e-04 -1.7947549972e-01 -1.1416598150e-01 -1.5530789816e-01 -1.0214129655e-01 -1.2714503410e-01 -1.3229385634e-01
3.6327775439e-01 -8.4072501130e-01 6.7812555655e-01 1.1600726940e+00 1.0709987502e-03 2.3695014839e-01 -6.6298582151e-02 -4.3977911800e-01 -6.7717074240e-01 -9.2903771131e-01 2.1973732313e-01 1.2605715250e-01 -6.8757961040e-04 -3.7112604470e-01 4.6419440161e-01 -1.4420666260e+00 -1.7002438240e-01 4.2410145354e-04 -6.1390922898e-04 -4.0219325636e-01 -3.8293593681e-02 4.3647066723e-01 6.3643310976e-01 -1.0498482932e+00 4.3348387812e-01 7.6319397776e-01 6.5051760242e-01 4.6003699025e-01 8.1366470519e-05 -3.5024307698e-01 2.3516257047e-04 -4.5943887112e-01 6.7718419901e-01 -4.4140122293e-01 5.3533344302e-01 5.6909756910e-01 2.7436146981e-02 6.2675212088e-01 3.2846932413e-04 -5.5703559621e-01 1.1619278382e-03 8.8225591189e-04 -6.4783650426e-01 4.1060105196e-01 1.1470821793e-03 -1.0510309679e-03 1.5288901411e-04 -3.1523480617e-01 -7.6377134159e-01 -1.4139876130e-01 -1.0137674581e-01 1.3995724960e-01 -6.5847747959e-01 8.4354587770e-01 2.6172384756e-04 -1.3177909299e-03 -5.0888415311e-01 5.9490496503e-01 1.7207417001e-01 3.9243549458e-05 -1.2390596239e+00 5.6626244697e-04 4.2604987168e-01 5.7104734895e-04 7.1738990766e-01 -4.1730349109e-01 1.2084859265e-01 1.0808485024e+00 3.5459883491e-01 9.6210698308e-02 -9.5898829004e-01 -3.1381078975e-01 -6.1031126873e-01 -2.4968332074e-01 -1.0409005477e-03 -2.5055880179e-01 -7.2626251129e-02 7.3368181367e-01 6.7438879936e-01 7.3294022753e-01 1.3912823715e-01 -3.4337479701e-04 6.3565050415e-01 -2.5579054393e-04 1.2237514347e-01 5.1267788153e-04 4.3921248203e-02 8.8133230772e-01 -7.8472913037e-04 -4.3559883849e-01 6.3832021247e-01 -1.6662309920e-02 8.2592552595e-02 -1.0396168151e-01 -1.2409006391e-01 1.0465555021e-01 1.1938219529e-04 9.3526238387e-01 4.8623303279e-04 -4.5492209465e-01 -2.0355687144e-01 -1.1418724424e-03 -2.0779878170e-01 3.6719557743e-02 4.3685518160e-04 -9.5870211278e-01 -3.8034953046e-01 -2.7273926332e-01 -6.8079103551e-02 -7.1989435288e-01 6.0697849452e-04 -9.2822583519e-05 6.6063193599e-04 -2.8573003660e-01 9.9696477114e-02 1.0189450316e+00 -8.2975062542e-01 -2.3469947234e-01 5.6294088236e-05 1.5047454110e-01 4.0539041766e-01 6.8610550558e-01 -5.1344412441e-01 -1.0773106646e+00 -8.2858725584e-01 -4.2178929822e-01 -2.5175098893e-01 4.3967227106e-04 -6.3040207420e-02 5.3874016557e-04 1.5599725438e+00 -1.4787152141e+00 -3.3812896633e-01 -2.9002619076e-01 1.0205346002e-03 -5.0081757211e-03 -6.6987234411e-01 -3.6289968435e-03 6.9606799275e-01 2.0856937297e+00 -1.7289164262e-01 -1.9818520242e-04 9.5422464063e-05 -5.7091007825e-01 -9.1427193620e-01 5.2053512249e-01 2.8203432467e-01 3.8386325439e-04 -1.1807530697e-04 3.0797844336e-01 -2.1630829858e-01 1.2304245872e-02 -4.7019258020e-04 1.4456395146e-04 -1.0125801020e+00 -1.0317739477e+00 2.9883530790e-01 1.2509029173e+00 -5.6636607660e-01 7.8693675060e-02 -4.3989233094e-01 2.4403799945e-01 9.8927480711e-04 -5.6236478973e-01 -5.1908379888e-01 -1.3837732646e-01 3.1952909184e-01 -3.4639091418e-02 4.0124340563e-01
5.4001610413e-02 4.8023699285e-01 -9.4819495272e-02 2.9733658188e-01 8.3944732661e-04 7.2984329292e-02 9.6081351070e-02 -7.1244489667e-02 2.0839092303e-01 2.2567334171e-01 1.6872203966e-01 -3.5965997884e-02 -1.3293228682e-03 -2.9063026039e-01 2.1489919746e-01 -6.4829666163e-02 1.7479819421e-01 -9.5480433162e-04 -8.9054255236e-05 6.7083254740e-02 5.8503487080e-02 -3.7380169453e-02 -2.7691256193e-02 2.1622677875e-01 2.4569572907e-01 3.0244248164e-02 2.4483193217e-01 2.2443464261e-02 1.4328999191e-04 3.6735706764e-01 -2.8976408564e-04 -2.4236276130e-02 -8.1190498994e-03 7.6991011420e-02 -1.8277884903e-01 1.7913086171e-01 1.7078886946e-01 2.6076916252e-01 -1.5726706316e-03 3.0053806112e-01 4.9557732514e-04 -1.3558017664e-03 -1.3173812421e-03 9.4166636409e-04 4.4135185983e-04 2.8286942350e-04 -2.5198586588e-04 -6.3826897880e-02 2.0620147786e-01 6.9064180457e-02 3.5610074699e-01 -1.7540110644e-02 2.1674356827e-01 4.5997450592e-02 -1.0104111677e-03 -8.0534533272e-04 2.5851985902e-01 5.8678761765e-02 2.6357711471e-01 -8.9401765441e-04 2.9199201454e-01 -6.2321370083e-04 2.6782400481e-01 6.8490619631e-04 1.0088505885e-01 8.9476220322e-02 1.6792283553e-01 5.1861909993e-02 5.0415405013e-02 2.5974174737e-01 -1.3232761092e-01 1.7338202151e-01 -9.2863148205e-02 2.0327930629e-01 -1.1934115113e-03 1.0268252333e-01 2.9703455697e-01 3.8350508029e-01 -1.3383352653e-02 1.6496717407e-01 2.4625821966e-01 -2.6307684097e-04 4.8333891788e-02 5.8414981081e-04 1.0364342990e-01 6.1969381177e-04 1.4534713325e-01 -1.7716978520e-01 2.9684007776e-06 -1.3707519934e-01 1.3100857693e-01 8.9842824746e-02 -6.7560102070e-02 3.4338946663e-01 4.1331622018e-02 1.7632907890e-01 1.4288833082e-03 3.7284728431e-01 -5.5647586486e-04 4.2572138732e-02 -6.5754986011e-02 -4.3983043536e-05 8.9262826702e-02 -3.7737976467e-01 -1.3389275083e-04 5.5695718193e-02 -1.2800541753e-01 1.3041901779e-01 -2.1232958647e-01 2.7985342833e-01 -2.4982581409e-04 -1.8354736410e-04 -5.0812173776e-05 1.8949859837e-01 3.0491375594e-01 1.2339381570e-01 2.8634937254e-01 2.8996961290e-01 6.0647246931e-04 1.3545770858e-01 -3.8100376662e-01 1.3373753580e-01 -4.7028176478e-02 1.2149920830e-01 8.0877740995e-02 6.9359171723e-02 -1.6548391809e-01 5.4455225938e-04 1.0378935596e-01 -1.0554217993e-03 5.0655473580e-02 2.3692527910e-02 1.6343473748e-01 1.1719090777e-01 -1.5125626570e-03 -8.7676568345e-03 2.2313676605e-01 -1.5957157281e-02 2.6729980666e-01 1.4927007163e-01 -5.2325302039e-02 1.1863251958e-03 -1.3822990114e-03 1.0680844183e-01 1.9774402576e-01 2.8481538862e-01 -1.5131174496e-01 1.9582008298e-04 -4.0473572488e-04 1.4832899454e-01 -9.6600900008e-02 -5.2188706493e-03 -1.2940147955e-03 1.3932477854e-03 2.7780214880e-02 3.2617844760e-01 2.4380802097e-02 9.6664195206e-03 -1.2042359265e-01 -1.2051834888e-01 1.7134105879e-01 6.5907562733e-02 3.8442633527e-04 2.2444771009e-01 1.5084280621e-01 -8.0188200765e-02 5.9439204795e-02 1.0194922806e-01 2.4936624139e-01
-3.3713810096e-01 4.9289357123e-02 8.0072943266e-01 -5.0467266228e-01 2.1577156348e-05 1.2821991713e-01 -9.2977893600e-01 -9.8141028663e-01 -1.3503093577e+00 -2.4256535233e-01 -6.9155086887e-01 1.7571794389e+00 5.3532513506e-04 -4.9892988403e-01 1.1496660370e+00 -4.2623424763e-01 1.4521108758e+00 1.6343506558e-03 -1.0598376217e-03 -7.3938962136e-01 -8.5454636131e-01 -1.4456171894e-01 -8.0131545014e-01 6.9973420724e-01 4.2129758632e-01 -2.9375368072e-01 -1.1414239268e-02 2.5270835020e-01 7.6313080066e-04 -4.1974898472e-01 8.9713323540e-04 -2.0312930898e-01 4.3781402867e-01 -1.0948143025e+00 2.9999436888e-01 -5.4608107576e-01 3.2465889532e-01 -3.3642606934e-01 -4.6477849722e-05 9.9019916135e-01 -3.3378405814e-04 6.2097142629e-04 -5.3040957559e-01 -1.1389642048e+00 -1.4863776815e-04 -6.1672481564e-04 7.8874331999e-05 -4.6058505836e-01 3.5935793522e-01 5.5337222460e-02 8.7142251917e-01 -7.1628426807e-01 2.2538894958e-01 1.8985595977e-01 2.2113367402e-04 5.4939784383e-04 -6.0126494588e-01 -1.2562036012e-01 -6.6413012231e-01 -3.3073626753e-04 5.7836353618e-01 5.5309989935e-04 2.0408078360e-01 -1.4749214314e-03 -3.7270617442e-01 1.1061280130e+00 6.8348409782e-01 2.1970120960e-01 -2.6599645922e-01 -1.0979440164e+00 1.2251011246e-01 -7.4971837942e-01 -1.4797566825e-01 1.1401193881e-01 5.9958320076e-04 -3.7415512837e-01 1.1502249500e-01 1.9231884694e-01 -1.3828758349e-01 -8.8146469876e-01 -1.3211782846e+00 7.2028107652e-04 -8.0466369115e-02 1.8422787691e-04 1.7656189801e+00 1.6992729075e-04 1.2424247487e-01 4.5326124947e-02 2.3419016822e-04 5.5345059652e-01 3.8914102943e-01 6.1228700242e-01 -3.1665522248e-01 6.7929975618e-01 -1.9493039660e-01 -1.0716042482e+00 4.9676296165e-04 -5.4644407721e-01 8.3127268708e-04 -6.3918516816e-01 4.0510830863e-01 -2.9367462544e-04 -1.2164537451e+00 -3.7520459546e-01 3.0476025490e-04 6.4128499100e-01 7.3139989952e-01 -2.3717024603e-01 -6.4554254315e-01 5.8819701347e-01 -3.2385069599e-04 2.7739769158e-04 -4.7427989776e-04 6.2818657063e-01 4.3783567736e-01 6.0571363195e-02 -2.7417563239e-01 9.4148309538e-01 -1.1244573386e-03 -1.7394370240e-01 5.9367519040e-01 1.6822040996e-01 1.1161596593e+00 -6.3321884399e-02 6.0549833868e-01 -4.5917607258e-01 4.2612151927e-01 6.6160277094e-04 7.9893251993e-01 1.5111962790e-04 -6.5304303698e-03 1.9358522360e-01 -4.9049327421e-01 -1.5588835584e-01 2.3535418803e-04 5.2548711171e-03 4.0034375083e-01 4.9717728876e-03 2.8304470000e-01 2.0651664263e-03 4.6574988017e-02 6.1425916796e-04 2.7665564860e-04 -5.6022681262e-01 -3.4675546386e-01 3.3155318858e-02 9.8690480529e-02 -2.1464558777e-04 -2.6164166992e-04 -2.4717609609e-01 2.4456801818e-01 -4.8855301407e-01 1.0077582195e-04 -2.2442541064e-05 4.5157511456e-02 -1.0873422586e+00 -5.5228404339e-01 -2.0432787531e-01 1.6186600274e-02 1.3146609045e+00 6.4527323612e-02 -3.3664921702e-01 -5.9791362301e-04 -8.2226577679e-01 -7.5249745023e-01 -2.5045873722e-01 -2.5812454494e-01 5.2628492831e-01 6.1386290931e-01
1.0878372239e-01 7.6322267108e-02 1.5322066856e-01 1.0037431251e-01 4.7168765420e-05 1.2772085412e-01 2.1244656416e-01 1.8919920005e-01 2.0232961035e-01 1.5309080458e-01 1.6763126784e-01 1.2087492628e-01 -8.6676998447e-04 1.0831323816e-01 1.6807571508e-01 1.5080838950e-01 1.6147776477e-01 -7.4720071984e-04 4.3413081573e-04 1.7174336748e-01 1.5797076532e-01 1.2889378085e-01 5.7791013338e-02 1.1680782563e-01 1.8220770255e-01 1.5452057646e-01 9.5892252748e-02 1.8282779093e-01 -3.7323367772e-04 1.3803381107e-01 -8.2299006728e-04 1.9814531819e-01 1.9500775383e-01 3.8181107486e-02 1.3714015433e-01 1.8820539452e-01 1.6693461786e-01 1.8826327781e-01 -2.2192943958e-03 1.6251668862e-01 -8.5690474073e-04 3.3819704037e-04 1.5426559303e-01 1.0735711018e-01 -7.4806537038e-04 1.3147344621e-03 1.6144381633e-04 1.6481737183e-01 1.7003088640e-01 1.6714929808e-01 1.2894352042e-01 7.7607603768e-02 1.7079751174e-01 1.3122867728e-01 -8.8161132488e-04 4.6408009421e-04 1.5783914541e-01 1.5957780735e-01 1.4669300616e-01 -8.4665625314e-04 2.1082002119e-01 -6.5990606395e-04 1.6136594518e-01 -1.0668342218e-03 1.5654540191e-01 1.5144962895e-01 1.0141589833e-01 1.6281774579e-01 1.3170362551e-01 1.6229699873e-01 1.3809271443e-01 1.4715963559e-01 1.2315505110e-01 1.4025361560e-01 1.0768950620e-03 1.5133017351e-01 1.5221059010e-01 1.9837468724e-01 1.3855685202e-01 1.2314026448e-01 1.1607131773e-01 -9.1061636581e-04 1.7224374435e-01 2.1626812657e-04 1.3796858796e-01 -3.1933021858e-04 1.5660832632e-01 1.6168800010e-01 1.5666642377e-04 1.6833992578e-01 1.2753432850e-01 1.4773487981e-01 2.3920425178e-02 1.8235951355e-01 8.8606456556e-02 1.6513536433e-01 5.4047207121e-04 1.5094187678e-01 -1.0264227687e-03 1.3012863494e-01 1.2248386122e-01 -8.0754932923e-04 8.4471218003e-02 1.1080744703e-01 -4.9558968402e-04 1.4538416750e-01 1.4743540891e-01 1.5991387407e-01 1.5736294376e-03 2.1120559520e-01 -1.8302292923e-03 3.3587107525e-04 5.5534827825e-04 8.8260013563e-02 1.7730996715e-01 1.5022791186e-01 1.9995344956e-01 1.7792779301e-01 -1.0252508317e-04 1.4950291730e-01 1.4096991630e-01 1.3147379630e-01 1.1282894576e-01 2.9430457544e-03 1.8201125846e-01 1.4121549472e-01 1.6030680309e-01 1.0262090437e-03 7.0123907726e-02 -9.1870070928e-05 1.3211089880e-01 1.9056709267e-01 1.5422384381e-01 1.5068845392e-01 -6.1687605420e-04 -7.0918510223e-03 1.2554949372e-01 -1.5975246343e-02 1.5332214012e-01 1.2476074109e-01 5.5671593115e-02 -9.9031792516e-04 1.8871293905e-04 1.0662466311e-01 7.1468679566e-02 1.6899424821e-01 1.1680164067e-01 -1.6601916686e-04 -8.4867798720e-04 6.4219947403e-02 -1.3117067544e-03 3.1242543670e-02 -4.2787445039e-04 3.1644134421e-04 1.0352074854e-01 2.0545651315e-01 1.2845286098e-01 1.3923430287e-01 1.1595478687e-01 1.9614867546e-01 6.6872776895e-02 1.5982261049e-01 -3.7520350578e-04 1.8757354264e-01 1.0899247914e-01 1.6292416451e-01 1.0142235396e-01 1.2888416497e-01 1.2311830648e-01
-5.3384798543e-01 2.1377426266e+00 -4.3470150419e-01 -6.7933950472e-01 -1.2273714117e-04 -1.0243046283e-01 -1.5623003731e-01 -5.6863892329e-01 -1.7742543198e-01 -6.0113041597e-01 -1.7151756294e-01 2.6384782513e-01 1.0443341973e-03 9.8190682479e-02 8.7407281837e-01 -1.0868662207e+00 2.7910907065e-01 5.6042934692e-04 -4.6646649076e-04 -1.3919851817e-01 1.3725294757e-01 -7.0331216437e-01 9.9943359908e-01 7.0952808299e-01 -5.5555156418e-01 -5.0101894039e-01 2.9223565882e-01 -5.2232073633e-01 -1.5169167295e-04 4.0574747697e-01 -5.3400572081e-04 -7.4448840250e-01 1.9452937783e-01 3.7526667328e-01 1.2377074103e-01 -2.3547963859e-02 7.3562743485e-01 -3.2559902304e-01 4.5242798464e-04 -1.6400239784e-01 5.7223418611e-04 -1.6625990346e-04 -5.7836181213e-01 2.9416897431e-01 -6.0563248643e-04 6.8431045169e-04 -1.0465061415e-04 -1.5743736398e-01 -5.7928474740e-01 1.0468845263e+00 -7.8952188713e-01 3.7272975881e-01 -1.6581799704e-01 4.9941995055e-01 -2.1980333311e-04 -1.0419084290e-03 -3.6504258903e-01 4.3401246701e-01 3.3189713840e-01 -6.3810507821e-04 1.1504080263e-01 4.2961619546e-04 7.8833092055e-01 5.2036712366e-04 4.5151021655e-01 3.7705385590e-01 -9.2583710707e-01 1.9419102243e-03 -3.6091058874e-01 -8.0345675570e-01 8.3913592710e-01 -4.3302245972e-02 -7.9669379306e-01 3.8696410571e-01 -7.8156639232e-05 -3.2201861777e-01 3.9355172184e-02 -5.6560408613e-01 -2.9280565933e-02 5.9261292875e-01 5.9850631730e-01 4.9204271499e-04 -2.7241692578e-01 -1.1559414165e-03 -6.4180544509e-02 -8.1623470195e-04 3.6857942895e-01 -3.2478190182e-01 5.0584685938e-05 -8.2177541803e-01 -2.5775726072e-01 3.5470613842e-01 7.4298360313e-01 7.5952155244e-01 -1.1570449665e-01 8.6010513991e-01 7.6867438609e-04 3.9734831434e-01 -2.8180477971e-04 -2.6161135732e-01 1.0064264720e-01 1.6233870388e-04 1.0969490623e-01 -1.6208484458e-01 -9.3748153541e-04 9.3465066898e-01 -1.4540981388e-01 -1.0383427527e+00 3.2816241155e+00 5.1122162122e-01 5.0710276944e-04 -5.5420313367e-04 3.0503648260e-04 2.9221928076e-01 -4.1852628107e-01 1.9409706892e-02 -1.0432089855e+00 2.8123906476e-01 6.3347932092e-05 1.5947852757e-01 1.5901575026e-01 -1.6306951336e-01 -4.4503563293e-01 -9.0136196213e-01 5.9083595135e-01 -2.5223279471e-01 -8.0763582776e-01 -9.4673121102e-05 -1.3442001141e+00 7.3409473879e-04 -6.4488511766e-01 2.8636402553e-01 1.5208037528e-01 -3.8704078023e-01 -8.2936407159e-04 4.1175670394e-03 -5.7431806904e-01 7.7551493497e-03 3.3060348093e-01 -1.4507984045e-01 2.1115493547e-01 3.8180878077e-04 -1.5239904246e-04 2.2035873047e-01 -4.0610258625e-02 4.1801232219e-01 -2.5550974827e-01 1.2209355517e-04 3.2384607211e-04 -4.8183407775e-01 1.4624812885e-01 2.5933372482e-01 3.5584642050e-04 -2.9994981387e-04 -1.5108472282e-01 -6.6035561323e-01 -5.4182083782e-01 -2.6083666850e-01 8.7889230151e-01 5.7564027970e-01 -4.4864708337e-01 -1.1083227430e-01 2.1635730362e-04 1.1041480997e-01 4.1123061381e-01 2.9670749608e-01 9.4731181790e-02 -7.4302947374e-01 1.2250680077e-01
3.4839038556e-01 -1.0683752515e-01 1.5216458211e-01 -2.0601903984e-01 -3.4877431943e-04 -1.0840657212e-03 6.3398935388e-01 2.5405892303e-01 -7.4430013544e-01 -5.8449345116e-01 6.8096143451e-01 3.5249457108e-01 -4.0218929664e-05 1.2810202151e+00 -2.3542821944e-01 4.6407767832e-01 3.8919473865e-02 5.9274422107e-04 5.7208823692e-04 2.6102273121e-01 6.8892862776e-01 2.5089696883e-01 3.9811621075e-01 -2.1924483181e-02 1.2348440721e-01 -3.3883162314e-01 1.6397146996e-01 -7.3856472368e-01 -1.3927835075e-04 7.2845767631e-01 -2.9445664849e-04 7.2588530833e-01 1.2877145619e-02 -1.3250610017e-01 1.1679229533e+00 1.3790646623e-01 -2.1406166754e-01 -3.3685162285e-01 3.8881807107e-04 1.5109774255e-01 -3.2109309093e-04 -8.8407109976e-04 -3.1819896220e-01 1.6782456652e-01 -9.5264090485e-04 -3.1878461500e-04 4.6180774191e-04 -2.3443666704e-01 5.0454317637e-01 -7.7578399144e-01 5.2142392699e-02 4.6289521322e-01 3.9974616112e-02 6.2682599530e-01 7.1460651318e-04 5.5971567694e-04 -2.1346877187e-01 -2.5527815417e-01 -1.4109242049e-01 -1.2026743688e-04 1.1873390587e+00 -4.0354155453e-04 3.1564160509e-01 4.2091672988e-04 1.4481808996e-02 6.6530058360e-01 -6.0468237717e-01 -1.5407366820e-01 4.3233282925e-01 1.5702567989e-01 -2.0467459987e-01 -9.0181541959e-01 1.9670077228e-01 8.7482989424e-01 3.7003909544e-04 -3.8141854164e-01 -1.4319972674e-01 -2.4445061205e-01 -2.0624422849e-01 3.1951378460e-01 9.5104685765e-01 7.5827903218e-04 4.3815188012e-01 8.2524148359e-04 -1.6760391123e-02 3.2857009745e-04 -1.0429654292e+00 2.4015191451e-02 -3.8644651915e-04 -4.8495798259e-01 -4.5513405390e-01 1.2314921379e-01 -3.0493252889e-01 2.6549141738e-01 -2.0108800699e-01 -3.0529872278e-01 6.2352806422e-05 1.2199273612e-01 7.1840213639e-04 -2.3800883083e-01 -7.4057699711e-02 1.2966353751e-03 -6.0209148593e-02 -6.8994041490e-02 -4.0607131642e-04 -3.9498263052e-02 -3.4307667174e-01 -3.3548028361e-01 4.6972753995e-01 -3.6509700473e-01 -1.5397135072e-03 2.3096910321e-04 4.9684527380e-04 1.4479439749e-01 -1.3422405066e+00 1.0252857133e+00 8.1494027259e-01 1.3220567773e+00 -4.1448195654e-04 -1.4036221808e-01 -3.7421545074e-01 3.4630284561e-03 3.3175034601e-02 -2.5254924236e-01 6.9038156932e-01 6.4967847740e-01 4.2560631029e-01 2.5807034555e-04 4.6222326132e-01 4.9065999832e-04 3.9487798950e-01 6.8898592369e-01 -1.7039232517e-01 4.0038479714e-01 1.1642243031e-03 2.3583385055e-03 5.1996734591e-01 -1.0493186358e-02 3.0036839496e-02 7.7154320104e-01 1.8913347658e-01 -7.2111061892e-04 -2.4467257591e-04 -1.3534986850e-01 1.5614587506e-02 -7.9478152414e-02 8.1600481064e-02 3.6791620322e-04 4.2758541852e-04 -5.2808736035e-01 6.6443495615e-01 -4.5485894528e-01 9.2465577785e-04 -8.0705269655e-04 -1.0667676716e+00 5.3390876754e-01 5.1519168370e-02 2.2999600610e-01 -1.9629769735e-01 -1.4657741274e-01 6.6787646507e-02 -1.4456732984e+00 -4.8407025713e-04 -2.1052055191e-01 -4.2410668865e-01 3.1735952393e-01 5.6518705093e-01 5.1632190887e-02 -3.8140687378e-01
6.9089297482e-02 1.8954623728e-01 -6.7768693345e-01 2.7696015399e-01 -1.1064678934e-03 2.3014943923e-01 2.1474737677e-01 9.7340466722e-01 -3.3581749760e-01 -3.7563277896e-01 3.8828821388e-01 -3.8837289752e-02 8.2531913015e-04 -2.3757025056e-01 3.4325827772e-01 -6.1125027511e-01 -2.1303583311e-01 -7.1849701762e-04 -5.5241389459e-04 5.7896024611e-01 3.5116461537e-01 4.4012835583e-01 -9.8936341224e-01 -5.2568630015e-01 -4.1577221458e-01 1.5400489397e-01 -7.2505919419e-02 4.5069579898e-01 -5.6800400367e-04 4.0455091066e-01 -3.8827764380e-04 2.4720564762e-01 6.6810933856e-01 6.3123643633e-01 -5.7956826197e-01 5.7518117254e-01 -1.1414444921e+00 5.8752583736e-01 -8.6783254659e-04 2.1578406477e-01 1.2609562204e-03 7.3045774455e-04 6.8642249556e-02 -9.9673540999e-01 1.4384551848e-03 2.9901023915e-04 -7.0730424790e-04 -3.6568585944e-01 1.1692076522e+00 -2.9938078036e-01 -3.1214869210e-01 4.4903464401e-01 -3.6722792133e-01 -1.0344688411e+00 -4.9245028233e-05 -5.1595057764e-04 -6.0784638163e-01 -3.6708502807e-01 -6.8726883483e-02 -8.1011152601e-04 -4.0808611238e-01 5.2075201360e-04 4.6148716467e-01 -3.9470006102e-04 2.4637178438e-01 -3.9724250723e-01 2.0245552359e-01 -1.9674941971e-02 5.9597846952e-03 9.4299221724e-01 5.0311941803e-01 -5.4108151880e-01 -6.4614703027e-01 -6.3498840568e-01 4.1124098468e-04 -1.2750293481e-01 2.4238245989e-01 4.0726230253e-01 -4.9440292454e-01 1.8774040330e-01 -1.6313682636e-01 -4.4676550556e-04 5.5342201850e-01 4.0392560966e-04 1.0314178108e+00 7.1347977143e-04 4.8077729899e-01 -2.5041882212e-01 -4.8450638425e-04 3.9642915215e-01 -7.6091071487e-02 -3.5747671974e-01 -1.0323327677e-01 8.1435928019e-01 -9.1264317420e-01 5.0135614106e-01 -5.1102590950e-04 2.8036532241e-01 -9.1103841309e-04 1.5950268149e-01 4.6702019145e-01 2.9363631522e-04 -1.3689491596e+00 -9.4230666101e-01 3.8960798083e-04 3.5135943607e-01 -3.0717005126e-01 1.0673566029e+00 4.2464661914e-01 5.1885984563e-01 -3.1261372302e-04 -1.4642973569e-03 -5.5869810897e-04 -8.0067780128e-01 -4.2940452870e-01 1.4569377277e+00 2.2875589582e-01 -7.0628119284e-01 -4.5964238275e-04 3.6934353116e-01 -2.5952603134e-01 -4.7086825183e-01 -5.9416885937e-01 7.0206207433e-01 5.5654201799e-01 -2.4463873265e-01 1.4784188151e-01 -9.4437453692e-04 -4.3578372874e-01 -8.0891972116e-04 -9.4441731206e-01 1.1174549808e-01 -5.5004743456e-01 8.9840396016e-01 2.7061446663e-04 4.1098182751e-03 3.5783346796e-01 -1.4439888382e-03 8.9411270530e-01 -5.2992172677e-01 -6.9761543579e-01 -6.1150350377e-04 -8.9075295630e-05 -1.7591033703e-01 -4.0808710245e-01 1.0848330590e+00 3.7775795764e-01 4.7346195203e-04 8.5820354285e-04 -6.0149382695e-01 -5.9791927841e-01 -6.1983375617e-01 -7.9272423803e-05 6.6188225660e-04 -5.7139247109e-01 6.8148051600e-01 -4.9883456414e-01 6.2486222633e-01 8.5719275865e-01 -1.7939252486e-01 -2.1366206871e-01 3.1776336936e-01 2.6310350192e-04 4.3180616273e-01 -4.2478727333e-01 5.0578594010e-02 5.5691210950e-01 1.0453656933e+00 -3.6031219724e-01
-1.7609774147e+00 1.2736521311e-01 1.4744237831e-01 -3.0660866849e-01 1.4497862563e-03 4.6641858606e-01 3.2461091687e-01 -1.2969334990e-01 4.6925737630e-02 4.0695009827e-01 4.3194687734e-01 5.9123838312e-01 -1.3104196472e-03 -9.5452740158e-01 -6.4996799491e-01 9.0109291772e-03 -5.7771658227e-01 7.1601498759e-04 3.3232808426e-04 2.7494277718e-01 -9.2519370332e-01 1.7157210687e-01 -8.6298620028e-01 1.4909668901e-02 -6.3423071147e-01 -2.5197936694e-01 9.7124125946e-02 2.6983857245e-01 -1.6463235947e-04 -2.7720616216e-01 5.7637117220e-04 6.0622009203e-01 4.8176389824e-01 -3.1814002786e-01 6.5823250002e-01 -4.4552575070e-01 -6.4838153718e-01 1.5972591752e-01 3.0426960847e-04 4.4509908692e-01 -3.2368818266e-04 -3.6571314615e-04 -4.8134176437e-01 -7.2745941060e-01 2.3345550091e-04 1.8042809500e-04 -1.8099175792e-03 4.0275458474e-01 2.9160222027e-01 -7.2525976724e-01 -7.5186777488e-01 1.0005573069e+00 4.3919101618e-01 9.8206148361e-01 1.6514318570e-04 -3.7797380093e-04 -8.7762729903e-01 -3.1489768361e-01 7.0462243363e-02 -1.8968862496e-04 -8.2122006848e-01 4.4717903656e-04 7.9170816727e-01 6.7525478987e-04 -3.4934180300e-01 -4.2895262358e-01 -2.8319672777e-01 -2.3439719949e-01 -6.4762726863e-01 -5.9538922738e-01 -5.2248919136e-02 4.2435825478e-01 -6.8952888166e-01 -2.3216639189e-01 -3.4454476781e-04 1.1512794625e-01 -5.7366671192e-01 2.8390324604e-01 -1.4530762736e-03 -6.7093961016e-01 -4.3694229316e-01 -5.1066874992e-04 4.9135129954e-01 -4.4600477730e-04 -2.2482190145e-01 -6.0145837598e-04 -6.8352649619e-01 -1.1760677359e+00 -1.8630148287e-04 5.0135683609e-01 -7.5713600084e-01 9.8917607176e-01 -6.6575345655e-01 1.4613796543e-01 8.4653408699e-01 6.6913581990e-01 2.6836140375e-04 7.4279591322e-01 2.1598356658e-05 1.3925784839e-01 1.0480091362e+00 5.6969887585e-04 5.3974579950e-01 7.1879208106e-01 -3.9239879121e-04 -7.6366405609e-02 -7.4808979255e-03 -1.9556958227e-01 1.4489764205e-01 -3.9027739854e-01 2.7946909171e-05 4.3827692444e-04 -3.8624894451e-04 1.0607108050e-01 -1.0282987445e+00 2.0869998990e-01 -4.6458978734e-01 2.6484211154e-02 -3.7729806285e-04 -5.1934911256e-01 -1.4098491448e-01 -4.1876634691e-01 -3.8851991258e-01 1.7624815526e-01 6.0991819606e-01 2.7718496817e-03 2.8034692790e-01 -6.2232765096e-05 9.8027909706e-01 3.9421636347e-04 3.2879372405e-01 -1.2906911039e+00 5.1578099943e-01 6.8118729768e-01 9.7949217550e-04 1.8572384188e-03 -9.4926457054e-01 -8.7214723432e-03 7.7671418536e-02 -3.1474618806e-02 -1.5279491777e-01 -6.8753525840e-05 1.1413062399e-03 9.0944164024e-01 1.1422724428e+00 -6.1097692428e-01 -4.3211628635e-01 -3.5726862720e-04 4.2915816010e-04 8.4685747104e-01 5.4172006360e-01 8.8184456277e-02 -5.6961499057e-04 -2.8658377389e-04 5.5073404087e-01 -1.0185272366e+00 -1.5399990405e-01 -2.9872044757e-01 -2.9772193073e-01 3.9166982092e-01 4.4306505948e-01 -1.2317126587e+00 5.1462837913e-04 8.0341009388e-01 1.7542930431e-01 6.2826756513e-01 1.3135964474e+00 5.4457098383e-01 1.7569945709e-01
3.0527105752e-01 -7.3316051026e-02 5.1719269746e-01 2.9404329217e-01 -4.8573198318e-04 2.0910100978e-01 1.1716771465e-01 -2.5994224679e-02 5.1292664967e-01 2.1961154966e-01 1.4150152755e-01 5.4254859926e-01 -3.8059934622e-04 -1.5194992994e-01 -2.9556114605e-02 6.7756103442e-02 1.4155198897e-01 7.2600630516e-04 -1.5771380406e-04 5.6433335787e-02 4.1061934056e-01 3.3918184613e-01 -2.4712980107e-01 1.5609236925e-01 1.1982965816e-01 4.4241992789e-01 -2.1774706538e-01 -3.1413297304e-01 1.1468273794e-04 -1.1495665936e-01 -3.7793427354e-04 3.0254045328e-01 6.7100996998e-01 -6.6755472079e-02 2.2315541391e-01 3.6459900047e-01 2.7863848124e-01 -4.9286330976e-01 -8.1853224486e-04 -4.1624054682e-02 -1.7083906297e-03 1.0207616811e-03 8.4823607108e-01 1.1141570032e-01 -5.9006726077e-04 -1.9689590267e-05 -5.9998537458e-05 -1.6448741126e-01 3.7686206649e-01 4.2973770350e-01 2.9294589345e-01 -1.7004345218e-01 -4.4188437248e-02 -9.2532913827e-04 5.6163840574e-04 1.3837474007e-04 3.5157039965e-01 -1.2805847728e-01 3.5389033782e-01 8.8266184599e-04 5.2747895805e-02 9.9849311870e-04 3.2915664079e-01 4.4422391091e-04 -1.1254257676e-01 4.5163442686e-01 3.7496311893e-01 2.8271562605e-01 1.4483816027e-01 6.1912206517e-02 2.0965239500e-01 3.0167006272e-01 3.3570437190e-01 1.1102564625e-01 -6.4979317633e-04 8.1956181511e-01 -8.7603133751e-01 5.4154553361e-01 3.9609021336e-01 4.5882281642e-01 3.3786213592e-01 -3.5551234501e-04 3.5224427542e-01 6.5388010419e-04 2.2169112878e-01 -8.2032076516e-04 4.8312821868e-01 2.6286707649e-01 -8.6643892685e-04 4.9957576649e-01 6.5154878643e-01 3.8822374418e-01 1.8136191433e-01 1.9154755865e-01 5.0165806743e-01 3.9436255349e-01 -3.1239349987e-04 2.8286745011e-01 -2.6731091467e-04 -3.6256999925e-02 1.6769314564e-01 -5.9627490082e-05 7.0721792901e-02 -7.7584180469e-02 5.6436574409e-04 -2.0542632441e-01 1.2837780336e-01 1.5634956862e-01 9.0012073571e-02 2.0932461304e-01 3.9486034486e-04 3.5201220075e-04 -8.6446452725e-04 9.0871694997e-03 -1.4982731670e-01 5.4725811095e-02 -1.5969928270e-01 -1.8141565489e-01 1.1799036148e-04 4.6807075342e-01 2.2517836352e-02 -2.5168516672e-01 -8.1499248894e-02 3.3490781956e-01 2.1484483151e-01 4.7724610517e-01 6.3380436719e-01 -9.4443472437e-05 -1.1590491060e-01 -1.0123929491e-04 -2.4712917653e-01 2.0502148814e-01 3.8477192666e-01 2.0043130173e-01 4.6059770521e-04 -7.3187640395e-03 2.9134116007e-01 -1.3247618156e-02 1.6793961221e-02 -1.0486542643e-01 2.2839702807e-01 -5.5317451735e-04 4.8843382012e-04 6.5094864080e-01 2.5933033245e-01 2.4412107792e-01 8.6455340698e-02 8.0589119994e-04 6.5652086214e-04 8.3068772643e-01 5.9085829489e-01 -9.0952354455e-02 1.1035826150e-05 2.4264286065e-04 5.9932006363e-02 2.9616644240e-01 1.9144328282e-01 3.1646983639e-01 3.6252577996e-01 4.4219581121e-01 -7.8979294574e-01 5.3363467612e-01 -8.0445765548e-04 3.1194899897e-01 -4.8519846600e-01 5.0094538194e-01 4.3642147183e-01 2.1190111042e-01 2.4458255841e-01
-6.2832986890e-01 9.8726222468e-01 -5.5582163814e-01 4.7625275983e-01 -4.0395325014e-04 2.6476045464e-01 3.9809174503e-01 1.0318649097e+00 6.8843327405e-02 -4.2973222611e-01 6.2110226966e-01 3.8335546953e-01 1.3502571459e-03 4.1656861528e-01 -8.6248295181e-02 8.5451542327e-01 1.7228335188e-01 -1.2170341528e-05 -1.2177845926e-03 -1.3773700349e-01 -6.2793618851e-01 2.6785836341e-01 -4.3076477698e-01 -1.7672475797e-01 3.7596483624e-01 -7.1407889387e-01 -3.0466739550e-01 -8.6177912855e-01 -2.2155187684e-03 -4.0350989752e-01 6.3497053459e-04 -3.7992519778e-01 2.4112706783e-01 3.9155045128e-02 5.6645617976e-01 -6.5435949430e-01 2.6459605486e-01 -7.3748003002e-01 8.8631954605e-04 2.4379767250e-01 1.0185808194e-03 5.4288492035e-04 -3.5996446870e-01 -8.5511767790e-02 7.8982389153e-05 -2.0399215686e-03 -1.3293976671e-04 -1.0568267686e-01 -4.1483958472e-01 -3.8220094660e-01 -3.6935004067e-01 9.6471386566e-01 -4.4089318026e-01 -1.0748816659e+00 1.7521624512e-03 1.4978415698e-04 -8.0516998525e-01 4.7096484902e-01 -5.6640378651e-01 -1.7021227365e-03 1.6270413773e-01 -3.2112173016e-04 -2.9902032078e-01 3.5741192738e-04 -6.1387684441e-01 -4.0622420132e-01 -3.1236423219e-01 -4.8157140106e-01 3.3754622200e-01 8.3288704568e-01 9.5350105195e-02 -1.2054613148e-02 2.7206338422e-01 8.8165790813e-01 1.0226329429e-03 2.5417160584e-01 4.3381858552e-02 3.0780450081e-01 -1.6289848621e-01 -5.1146300935e-01 -1.1516700657e+00 -7.6008218785e-05 1.6925714496e-01 1.8212423128e-04 -6.8336426447e-01 -6.4678036233e-04 6.3996086204e-01 -1.1020658331e-01 -3.6794936297e-04 -1.7691698576e-01 2.2884739684e-01 -1.8469015463e-01 4.3723984531e-01 2.1541322490e-01 1.7645134203e-01 3.7773190137e-02 1.9945032359e-04 2.3533395344e-02 -6.2193259753e-04 6.5476711413e-01 -2.7707349463e-02 1.9512203490e-04 -1.5958699347e-01 7.6092399939e-01 7.8008305174e-04 -2.4901013699e-01 -4.7426041982e-03 -4.5372749316e-01 1.7492863495e+00 1.9829095707e-01 7.3691610965e-04 4.1444846664e-04 -9.6783821956e-04 5.2405226941e-01 4.1066746162e-01 -6.1194806373e-02 -9.5622335632e-02 -5.9254041421e-01 -1.0528467346e-03 3.1776665745e-01 1.3140434527e+00 6.7138629120e-01 3.4257390965e-01 -1.9502966952e-01 -1.1135056903e+00 -4.8019905897e-01 1.6662389911e-01 -3.7228328552e-04 -8.7265523171e-01 5.8297912294e-05 -5.4064971025e-01 -2.6652809853e-01 -5.3961042354e-01 5.2721719061e-01 -8.4399925918e-04 -2.8685683336e-04 5.4863119383e-01 1.4132275627e-02 -7.7706880073e-01 -1.2690723724e-01 -1.6695553088e-01 4.8997806991e-04 -2.7986156022e-04 7.8937866803e-02 -5.4769827182e-01 -2.6828387190e-01 -4.9172511325e-02 -5.6041991232e-04 -4.5983217494e-04 -5.0314663386e-02 4.8615508883e-02 2.1534766395e-01 -8.9003254538e-04 1.8964024722e-04 6.8074104388e-02 -8.0487916631e-01 -4.4243194734e-02 1.2860023747e-01 3.4483703571e-01 1.3644823342e-01 -9.6959166131e-02 -1.1902945588e-01 -1.1169478077e-03 -4.9306811623e-01 3.0431350986e-01 1.3453485274e+00 6.2362902673e-02 -5.5797469122e-01 -4.1039866858e-01
1.0892896933e-01 7.7820613347e-02 1.5337129216e-01 1.0070832721e-01 -5.1664259418e-04 1.2800694431e-01 2.1218971273e-01 1.8835886529e-01 2.0286632365e-01 1.5271592525e-01 1.6735993725e-01 1.2084468175e-01 -1.1914757780e-03 1.0798085901e-01 1.6668732232e-01 1.5007354931e-01 1.6022240911e-01 -5.6820130480e-04 -9.0965069614e-05 1.7255665374e-01 1.5918060909e-01 1.2847989406e-01 5.8130169291e-02 1.1629213464e-01 1.8259708270e-01 1.5476988707e-01 9.5878431670e-02 1.8343739342e-01 7.7991050356e-04 1.3636101324e-01 -4.8334262994e-04 1.9707330630e-01 1.9512439573e-01 3.8205313619e-02 1.3709893873e-01 1.9070560191e-01 1.6694009863e-01 1.8859387888e-01 -1.2409634375e-03 1.6123668948e-01 4.0006724695e-04 -3.7471411984e-04 1.5322524615e-01 1.0613069390e-01 -1.1597239013e-03 2.6354422400e-04 -7.6068472921e-04 1.6580547273e-01 1.6858483461e-01 1.6670055062e-01 1.2890045764e-01 7.8696446172e-02 1.7038792527e-01 1.3022162866e-01 2.3874783022e-04 8.1548415042e-04 1.5841510135e-01 1.5774791622e-01 1.4786457727e-01 -3.8163713578e-05 2.1194720561e-01 -2.8480331417e-04 1.6040554812e-01 9.8326083177e-04 1.5803205140e-01 1.5109349284e-01 1.0062751742e-01 1.6541545772e-01 1.3063694106e-01 1.6418125061e-01 1.3844881160e-01 1.4565513148e-01 1.2287736061e-01 1.3931705462e-01 -2.8652008660e-04 1.5107400371e-01 1.5075013422e-01 1.9801305105e-01 1.3780456294e-01 1.2267880945e-01 1.1490075911e-01 -8.5338831276e-04 1.7303025871e-01 -1.1390064457e-03 1.3778156101e-01 2.9216981701e-04 1.5600099440e-01 1.5968769734e-01 -5.7201681909e-04 1.6668340767e-01 1.2874215596e-01 1.4760825794e-01 2.5695906545e-02 1.8061690617e-01 8.8146405490e-02 1.6397356626e-01 -9.3533455130e-04 1.5156268712e-01 -4.9263281084e-04 1.2939427606e-01 1.2152600746e-01 -8.9569170608e-05 8.5310223426e-02 1.1150093539e-01 7.5935531443e-04 1.4554507792e-01 1.4688961809e-01 1.6041553030e-01 1.3346259347e-03 2.1154418334e-01 -1.3933035644e-03 7.5820928268e-04 2.4953942889e-04 8.8163105622e-02 1.7828721640e-01 1.4978628480e-01 1.9799816231e-01 1.7846036964e-01 -1.1250027919e-03 1.4929935102e-01 1.4145894360e-01 1.3285953567e-01 1.1243170083e-01 3.2506060689e-03 1.8325787031e-01 1.4080642736e-01 1.6104854266e-01 -8.6974505861e-04 6.9636406549e-02 6.7663642622e-04 1.3252913633e-01 1.9072126413e-01 1.5369704543e-01 1.4958785663e-01 -1.6028958516e-04 -7.6283222318e-03 1.2732811099e-01 -1.5167431290e-02 1.5444574860e-01 1.2611159573e-01 5.5862270592e-02 -2.8225808789e-04 -4.6757376383e-04 1.0643265866e-01 7.1117939053e-02 1.7000356661e-01 1.1597285200e-01 -9.7646730426e-04 -1.0715827103e-03 6.3014914269e-02 1.7738681669e-04 2.9897768832e-02 -1.5237644884e-03 -3.0550589651e-04 1.0570201690e-01 2.0530069212e-01 1.2931403053e-01 1.4058356974e-01 1.1389378778e-01 1.9584145806e-01 6.6146988302e-02 1.6075310612e-01 -1.7074982760e-04 1.8741267817e-01 1.0762335178e-01 1.6207379181e-01 1.0241756642e-01 1.2895553089e-01 1.2459942030e-01
-9.0887810805e-02 1.9890803605e-01 -1.1828873798e-01 4.4732947942e-02 8.2397941262e-04 6.3826525222e-01 -6.3363224602e-02 2.4067994784e-01 -5.1297054406e-01 3.3500422447e-01 -3.0182511762e-01 -2.8609702759e-01 -1.8902505211e-04 1.7476526656e-01 -2.9709161607e-01 -3.0901437372e-03 -4.2862483930e-01 -7.6699877281e-04 4.8118442306e-04 2.1302600750e-01 5.0007102438e-01 5.5761563003e-01 -3.7069931525e-01 9.7833368781e-01 -2.4734851409e-01 1.1659565156e+00 5.0107371278e-02 -4.0092256459e-01 -2.2774545356e-04 6.6510119104e-03 3.3035040624e-04 2.8688866432e-01 -8.6445997793e-01 1.0982704949e-01 1.6827374150e-02 -5.2441390009e-01 -3.6529631800e-01 2.9439978661e-01 -3.1919997286e-04 -4.2942349807e-02 -1.1356408021e-03 -2.8972879572e-04 6.2951870292e-01 -2.2699980134e-01 8.7029841302e-04 6.1764114856e-04 -1.9981695245e-04 -3.1991151316e-01 -3.6810008483e-01 -1.6968948518e-01 3.0154244298e-01 4.0630691785e-01 2.1220579149e-01 -1.0052798321e+00 -4.2362491582e-04 -1.7012872192e-04 2.4195916924e-01 1.0152269004e+00 -3.5328952701e-01 -2.0399534683e-04 -1.2574766620e+00 7.1152533907e-04 2.0216911002e-01 4.2120393786e-04 -1.4640974808e-02 6.1816294276e-01 6.1430854082e-02 6.5563798546e-02 -1.6957810453e-01 3.6799903080e-01 -3.8535581791e-01 -1.3788264957e-01 -4.4118406809e-01 2.6272761418e-01 -6.7294798079e-04 -1.3042819791e+00 4.1171704360e-01 -4.8231310476e-01 -1.4958780805e+00 1.7056748197e-01 -3.7874420203e-01 4.3377709702e-04 -4.4677654210e-01 -4.3963264158e-04 4.5229183975e-01 -1.1801222735e-03 4.4469035191e-01 4.0083978980e-01 -9.8221285337e-04 -6.1287799573e-01 4.5643522298e-01 2.1340051213e-01 -1.1954718630e-01 -8.5508038903e-01 -1.2971002756e-01 6.9809676373e-01 3.4758837525e-04 -4.2498834184e-01 -5.9483429771e-04 -1.0517836625e-02 9.8431852737e-02 -2.2446399163e-05 -9.3372737957e-02 -6.1163204609e-02 2.5195639241e-04 1.1540706445e+00 9.7054003708e-01 -8.4739444424e-02 2.5747828169e-01 -8.1379864833e-01 -6.2064634240e-05 7.0769634102e-04 2.9387135542e-04 2.2892316020e-01 -7.9783061992e-02 4.8384467721e-01 -8.9175680497e-03 -3.1819388725e-02 -5.6593041010e-04 -1.8930304790e+00 -6.7585144868e-01 -3.2055289377e-02 3.2206098017e-02 5.9690625299e-01 3.5155848405e-01 8.0450656439e-01 -1.1067504291e+00 7.1948010410e-05 8.9900358979e-01 1.2222095943e-03 -4.5700213288e-01 7.1800367087e-02 -1.0822340608e+00 3.5327316590e-01 1.2771948246e-04 3.2062763995e-03 -9.7824156116e-01 8.5857814446e-03 -6.6327878291e-01 3.8216840064e-01 2.2655572793e-01 1.6361904093e-04 6.7276751717e-04 -3.3633445710e-01 1.3334644410e-01 -2.5533227597e-01 -5.2205042547e-03 1.1253178453e-03 6.6495195658e-04 9.7105084759e-02 -2.5065940795e-01 8.3762755605e-01 -3.5424250867e-04 -1.6208266186e-04 1.4491468469e-01 -5.0488411522e-01 1.6389211221e-01 1.8460508547e-01 2.0019544196e-01 -3.0222916560e-01 1.2685129630e+00 -3.7950847645e-01 1.8820629650e-04 1.1305475499e-01 3.7190444303e-01 7.2813563600e-02 1.8595919138e-01 -4.8667434578e-01 6.0201624167e-01
5.0957633762e-01 -2.5542442944e-01 -5.5256694048e-01 -2.6689354796e-01 5.6934358615e-04 -1.1613463966e-01 -3.9773911102e-01 3.9185533060e-01 -5.8249375305e-01 3.6247820762e-01 5.7398959792e-01 -6.9781606784e-02 9.3252004981e-04 9.5025564730e-03 -4.4363199654e-01 -2.4766878801e-01 -5.2073504475e-01 1.2901559696e-03 -7.0667736443e-05 -5.3287171444e-01 8.2909099230e-01 5.4597878482e-02 4.3686460175e-01 -1.1775532985e-01 -3.8861559716e-02 3.7654116321e-01 -1.9889385336e-01 3.5622028419e-01 1.9798965200e-04 -3.8039468084e-01 -6.7272972525e-04 -7.6405782267e-02 8.6492729239e-01 -1.5985488702e+00 1.0453904338e+00 -1.1663543278e+00 6.6858971337e-01 1.0001039568e+00 -1.1117765480e-03 3.5171558719e-01 -3.1844223975e-04 -2.0816991901e-04 6.2755530508e-01 -4.6734574159e-01 -2.7845863064e-04 -5.5867761917e-04 -2.7403006455e-04 -1.3757560152e-01 4.9116926368e-02 -5.5902501246e-01 -2.8941476303e-02 1.6550165545e-01 -2.9234167525e-01 9.8451513700e-02 -2.7801923893e-04 -8.6501405608e-04 5.2804925422e-01 -2.3328681496e-01 4.8035411387e-01 3.2006698375e-04 5.3408512373e-01 5.3877731161e-04 3.7401002545e-01 -2.1209470974e-04 -4.9265320544e-01 2.9080510075e-01 8.9003567247e-02 7.5428416983e-01 3.7706284377e-02 -5.1181872244e-02 3.2535569066e-01 1.1532052200e+00 -7.1238128438e-02 3.6078067401e-01 2.1992793542e-04 1.0876538214e-01 -1.5279650042e-01 -2.3997191373e+00 1.1609223697e+00 -1.3091661482e-01 -4.3505966801e-01 3.5300476402e-04 5.8419513274e-01 -1.4694253303e-04 -1.5474503182e-01 -6.1577304635e-04 7.2706647115e-01 -9.4117784015e-02 3.9024219786e-04 4.4849653005e-01 -3.4127400537e-01 -3.9083266328e-01 -4.8214646698e-01 7.2776125473e-01 4.8424060375e-01 1.8156607924e-01 8.9355740133e-04 6.4594654168e-02 1.0092183222e-04 -1.0599216478e+00 1.8104508769e-02 -7.0270904116e-04 1.3207017541e+00 1.5728169573e-01 -5.4755974610e-04 4.0874779105e-01 1.9607810139e-01 3.8870620982e-01 9.1043160535e-03 1.0591278813e-01 -5.2362089918e-04 -1.3195897804e-04 -6.6155000889e-04 -1.1041298691e+00 7.7016627675e-01 4.4145594439e-01 1.0306274677e+00 -6.4549327398e-01 1.0815482201e-05 3.3832958399e-01 7.1333259998e-01 -6.4167769498e-01 4.9941405150e-01 -3.3680299671e-01 6.5505700304e-02 -3.0456920561e-01 2.7192494440e-01 1.7621809833e-04 -6.1129549767e-01 -9.3262610260e-04 -5.5671081625e-01 -1.0314657427e-01 -1.1987269810e+00 -8.5675064106e-01 3.0766366604e-04 -4.3645093629e-03 -6.8373158812e-01 -9.3612610111e-03 6.4620921644e-02 3.7184018758e-01 5.1014542389e-01 -2.5221154316e-04 -7.3008418783e-05 -2.2402344328e-01 7.2157049677e-01 -7.9888553443e-01 -1.0232044262e-01 -3.0596577707e-04 -4.8768565382e-04 -1.1395214607e+00 5.3752338530e-01 2.9830986080e-01 2.6365360652e-04 5.5999617434e-05 -2.5884535571e-01 1.6780992802e-01 1.4449270304e-01 2.5645004092e-02 1.2136379002e-01 3.2137111489e-01 1.0883303782e-01 6.5490280867e-01 -7.0015706195e-04 5.1820589203e-01 -7.5113730955e-01 1.8801309035e-01 1.2619116853e-01 4.8054349440e-01 5.0048937450e-01
1.1017086171e-01 4.7723032346e-01 -4.5594497196e-01 4.3524474678e-02 -1.8986885615e-05 6.1228546913e-02 4.6160497185e-01 -6.7645899411e-01 -8.7133946941e-01 6.5758714013e-01 -4.4229159328e-01 -1.0864091213e+00 3.2402825316e-04 2.9839703918e-01 -1.1248038118e+00 -8.0309620863e-01 1.3926302315e-01 4.5518286145e-04 1.4424592502e-03 1.9104387042e-01 -2.3912602876e-01 2.1319539837e-01 -4.9882521402e-01 2.9680338514e-02 -3.7356832985e-02 1.1677793196e+00 -4.9857964414e-01 7.8448384483e-01 7.4073997395e-04 -1.8478139721e-01 4.4569686979e-04 6.3657559136e-01 -4.1887268833e-01 2.1348282891e-01 1.5746433600e-01 7.0920019239e-01 1.4140561509e-01 -3.6266261586e-01 8.0086494578e-04 -1.0421550728e+00 3.7045224871e-04 6.6280423891e-04 -1.2733645172e+00 -7.1193585786e-02 -1.0816334944e-03 6.0828749954e-04 -1.3645632180e-05 -2.5620936721e-01 -1.1235859527e+00 -6.9066659225e-01 -5.5561257218e-01 -3.7643230659e-01 9.6693703246e-02 -1.1907581672e-01 1.2420213276e-04 -2.0520494528e-04 1.8934539037e+00 -1.3924322501e-01 -5.2722862639e-03 1.1538259847e-04 3.6827528353e-02 -3.4249140110e-04 -8.2021153506e-02 -8.4055294903e-04 2.3512927917e-02 6.4297453656e-01 6.1013335740e-01 -2.2906966467e-01 -2.8274240860e-02 -1.1010183800e-01 -2.3726268231e-01 -1.0886838686e+00 1.9021302211e+00 3.4183343831e-01 2.4123375001e-04 3.4498216558e-01 1.2132938578e-02 -4.7306827531e-01 3.1132950834e-01 7.8505402871e-01 -8.2353241603e-01 -5.8341149347e-04 1.3575715846e-01 -9.1309660859e-04 -1.3682647236e-01 -9.7890063339e-05 6.1826951334e-01 2.3861255878e-01 -4.4024610172e-04 3.8459274754e-03 -4.7751531893e-02 7.8900592273e-01 -6.0260484225e-02 4.5752633641e-01 -2.5267600959e-02 1.3031333768e+00 -3.4915262681e-04 6.5839400935e-01 9.9611029380e-04 6.1477983649e-01 1.0532175436e+00 5.3595254017e-05 -1.0827142741e+00 -5.2597322617e-01 -9.9856839286e-05 -7.0190167597e-01 -7.0337967824e-01 1.0802622844e+00 -3.0448218007e-01 2.8105691010e-02 -4.0168487396e-04 -2.8449025794e-04 -3.5719943379e-04 1.0339752742e+00 -1.0669844167e+00 2.8474561250e-01 2.4507585486e-01 -1.4820876406e-01 6.0017114914e-04 3.3968352673e-01 6.7654328367e-01 -7.4238565972e-01 6.2474956752e-01 -1.4171028814e-01 -4.8336435492e-02 -2.0863227226e-01 -6.3802920754e-03 4.3392810588e-05 9.2054679411e-02 5.5462663752e-04 -2.1917667547e-01 2.6583655453e-01 7.5506803853e-01 2.7562022185e-01 -2.7591547736e-04 -7.8170690029e-04 -6.4473187599e-02 -5.4987930218e-03 -3.2032799918e-01 -5.4105511139e-01 2.0383965431e-02 1.2508492232e-03 3.3246226863e-04 7.0793484667e-01 5.1628407038e-01 2.4213577385e-02 -7.3606949104e-01 -1.0829755482e-03 1.4786257963e-04 -4.9801307268e-01 5.0962051199e-01 5.9318500752e-02 7.4127779315e-04 1.2033576363e-03 -5.2041465070e-01 -1.5991739746e-01 -1.3471313342e+00 4.5292670233e-01 3.4168758622e-01 1.2460915127e-01 -8.0807296839e-01 7.9300909197e-01 9.9352793445e-05 -1.2264289687e+00 6.2460229171e-02 1.0090716690e-01 9.7941663180e-01 -5.2443322916e-01 1.0589467866e+00
9.4922962514e-02 -8.1341448945e-01 -4.6878267836e-01 1.7997570711e-01 1.0010875157e-04 7.4464523400e-02 -4.5660777447e-01 4.1568215435e-01 2.0792475635e-01 7.2631518130e-01 -4.0927672089e-01 -5.4724622703e-02 -9.6994434220e-05 1.0003760799e+00 -2.2469737040e-01 -4.8311595791e-01 -3.4312673763e-01 -2.6040452832e-05 -3.6221853274e-04 5.6540858691e-01 -3.0004588865e-02 1.0068440202e-01 5.1324071561e-01 -4.5515334291e-01 -2.7110123522e-01 2.5640827847e-01 -7.6615057895e-01 -5.5426963252e-01 7.4276106851e-04 -1.7701058862e+00 3.9882343989e-05 1.3448177520e-01 2.5890026086e-01 1.3209192263e+00 4.0277151023e-02 7.5555150241e-03 6.3164799353e-01 5.3172718644e-01 -7.1176916911e-04 5.5811187827e-01 1.9863096674e-04 -9.1965416037e-04 -9.1884697442e-02 1.1691940662e+00 6.0940090079e-04 -5.8516076847e-04 2.1041410525e-06 -4.3462859967e-01 -1.1403702302e+00 4.7670292737e-01 -3.6896166772e-01 3.3862425977e-01 6.7977654073e-01 -2.3153148288e-01 -4.1977918226e-04 9.0723164387e-04 -2.4269228706e-01 -8.4824892925e-01 8.5486007984e-01 -7.1261794785e-04 -2.4678188927e-01 -6.1555310113e-04 3.0678370238e-01 2.9216171777e-04 3.6547919315e-01 1.5567723576e-01 4.5657603134e-01 -2.6611155837e-01 7.9938630371e-01 2.0188726186e-01 6.0934225209e-01 5.3159056281e-01 4.6552914484e-01 -1.3751288588e-01 2.0310227931e-04 -6.4158908071e-01 -7.0060873840e-01 -2.8529652657e-01 7.2956200177e-01 -7.5104039422e-01 -7.8611455544e-01 -3.0283694340e-04 -3.5349722678e-01 -5.9645887980e-04 -1.5891991786e-01 -4.0208311199e-04 -1.9942081629e-01 4.5617616371e-01 -3.8149776442e-04 9.5264893238e-01 -6.2805848604e-02 -5.6150990703e-02 1.2230292165e+00 8.4333483686e-01 -3.5537712540e-01 2.4082083083e-01 -5.9111901364e-04 1.4048741082e-01 -2.5442077177e-04 -1.8271709553e-01 3.8787207362e-01 7.0279804355e-04 -2.9083093480e-01 3.8477799184e-01 -7.8740575908e-04 -3.1470627124e-01 1.7406081904e-01 -8.2070177526e-02 -6.4497398343e-01 -9.5877734613e-01 -2.6099254670e-04 -3.9955138142e-05 -1.3738909012e-04 -1.1887048965e+00 -1.9240523312e+00 -7.7883187998e-01 -7.4014306196e-01 9.4295576618e-01 2.9717540377e-04 -8.0934915470e-01 6.9756464319e-01 7.4406859563e-01 4.5112038207e-01 -1.3103762392e-01 4.8347392136e-01 3.7968723339e-01 -7.8096222227e-01 2.8054970936e-04 3.0729719826e-02 -9.6916069445e-04 -3.8626552953e-03 3.6725981797e-01 -3.4359065803e-01 3.1567345450e-01 5.2732771901e-04 -2.6297261899e-05 4.2049175609e-01 -2.4139457894e-03 2.4918703990e-01 -2.4575046808e-01 -3.4188128913e-01 -6.2853875498e-04 9.5557820904e-04 -5.5489138789e-01 -1.0827718737e+00 -2.6598087068e-01 1.1795801128e+00 -1.7970065823e-03 -1.0846617881e-03 -3.5705949575e-02 1.6298523307e-01 -2.7912913668e-01 -3.3090220933e-04 -3.1583383906e-04 8.0388224582e-01 -5.3524488188e-02 -3.2736615041e-01 6.0512769201e-01 4.2880595462e-01 1.2013381937e+00 -1.5354012658e-01 1.2353950594e-01 -3.5634300076e-04 3.1018263398e-01 5.1034121702e-01 -5.7055747319e-01 -3.4137055878e-01 1.4244269769e+00 -4.8629957666e-01
-2.3939994665e-01 -1.8265547322e-01 -9.8357878271e-01 1.5575022433e-01 -1.5706186733e-03 -3.5950872884e-01 -1.3600904955e-01 -8.8347449542e-01 5.8928567308e-01 -1.1554619375e+00 2.5397310091e-01 1.0547636129e-01 -4.2284828712e-04 -1.0404697899e-01 1.9401984573e-01 3.3434107660e-01 -4.7511779109e-01 1.0114617494e-03 1.1896650111e-03 -1.0773740831e+00 -1.7957923123e-02 7.9622270051e-01 -9.9921851155e-01 -3.2836455727e-01 -6.6468226099e-01 -4.6464193824e-03 -8.1857532115e-02 1.8696005807e-03 -5.3481681520e-04 1.8295855258e-01 -2.9637663294e-04 -8.8220464303e-03 -1.8527306735e-01 3.5363497946e-01 3.1166519953e-01 -3.9359763786e-02 -1.3357989423e-01 -2.8892923318e-01 1.3124390281e-03 4.6825858335e-01 9.2198908613e-05 4.5742712824e-04 6.1360810777e-01 9.4402516805e-01 5.8915538739e-04 4.2094602431e-04 2.4724629047e-04 -5.6615505306e-01 2.3710889757e-01 -4.5275362869e-01 1.0673242549e+00 -2.7110167518e-01 -4.8129037349e-01 4.9299028564e-01 3.9081105811e-04 1.2289265371e-03 -6.6914364101e-01 -4.0264148236e-01 3.4443462918e-01 -3.5952576370e-04 2.4355206740e-01 -3.8757988155e-04 -2.2527194668e-01 -4.7129855408e-04 -1.9822426623e-01 -3.5636404356e-01 2.0107501323e-01 -9.6923909052e-01 -1.4059300111e-01 9.3481254465e-01 7.2399826544e-01 -1.0462454981e-01 5.5225711207e-01 -4.0664497286e-01 6.9066903248e-04 -1.8104055468e-01 2.8487329351e-02 -7.5452743009e-01 7.7743640584e-01 -1.8340741300e+00 4.5831594181e-01 -1.5670220307e-03 2.3835768128e-01 -8.8972168973e-04 9.2317316856e-01 1.3377816935e-04 -4.3237614132e-02 4.2939721551e-01 7.3474482753e-04 -7.8864425324e-01 3.9778261717e-01 -6.8786446531e-01 3.8002513088e-01 2.3173620668e-01 -7.2737535896e-01 9.7216285615e-01 -2.2155508441e-03 7.9754117946e-01 -1.0633451731e-03 -6.5959717553e-01 6.6157918289e-01 -4.2387298123e-04 -2.8158631178e-01 2.8775318120e-01 5.4994452519e-04 -3.8719386324e-01 1.5984747957e-01 1.8132960905e-01 -3.9280042069e-01 -3.7137255875e-02 6.2403427038e-07 2.7823648074e-04 -5.9978651370e-04 -7.9640310649e-02 7.4189094759e-01 6.9640112691e-01 -8.7802712672e-01 9.2678705027e-01 5.4259060130e-04 -2.8017893336e-02 -6.5123928758e-01 8.3600937531e-01 -4.9229576669e-01 -4.3807395426e-01 -6.8378783324e-01 3.0046634299e-01 -1.5887086985e-01 1.2324244825e-03 6.5869912548e-01 -1.3354271380e-04 -1.8084358574e-01 -5.8814488669e-01 6.6649888913e-01 -6.7520083570e-01 -1.6255964886e-03 -1.6639578832e-03 -1.3939258267e+00 3.0896756304e-03 2.7674751142e-01 -9.7841988454e-01 3.3502023630e-01 -3.4140047759e-04 6.3577734865e-04 9.8233223100e-01 -8.3192731274e-02 1.3718618399e-01 1.1508720002e+00 -7.2178451806e-04 5.9779006997e-04 -1.1230125189e+00 -2.3831449381e-02 -2.8272434015e-01 -6.3458191902e-04 6.1186664597e-04 4.9333318493e-01 3.7414863906e-01 6.4687422089e-01 -4.4398439773e-01 -3.4228010773e-01 7.0864818604e-02 -2.2186622273e-01 -1.6853994890e-01 -5.3011887473e-06 -1.2694320978e+00 1.4203264391e+00 2.9239736622e-02 1.1990082776e-02 -1.3013015788e-01 5.5235284831e-01
-2.1614341371e+00 -1.0014548743e-01 7.1156649175e-01 2.0819628549e-01 -6.9784422625e-04 2.4932809822e-03 -1.2133730418e+00 8.3948091674e-01 7.6847611538e-01 -3.9240819153e-01 -6.3518647399e-01 -6.2161679508e-01 8.3550682624e-04 -3.1316827133e-02 -6.7104352693e-02 -4.7159211902e-01 1.9446432018e-01 8.8321307917e-04 -1.2769884076e-04 4.3442793076e-01 -1.4589125271e+00 6.5230988151e-01 1.3415261219e-01 9.3186648149e-01 5.2027444946e-02 1.8486122765e-01 5.9024947224e-02 -3.6841608716e-01 -3.3719703715e-04 1.1920053771e-01 -1.0137513108e-03 2.3050264247e-01 5.2529618276e-01 3.1560734213e-01 -5.6017199973e-01 6.3002303344e-01 -4.1663524793e-01 2.8229980573e-01 8.1392474079e-04 4.8411732739e-01 2.3141324091e-04 2.3470645167e-04 -1.2161445463e+00 2.4571990328e-01 3.0591472615e-06 -1.0752192155e-03 -4.7385809165e-04 -2.6381357709e-01 -1.2306851940e-02 -3.5870295148e-02 1.2170801942e-01 9.6528878410e-02 5.5708598004e-02 1.5989783602e-01 -4.7711701705e-04 1.5905318148e-04 -1.1852210376e-01 -3.8218340848e-01 5.7938704483e-01 -5.0522937445e-04 7.1201173924e-01 -5.2054616710e-04 6.8304201188e-01 -6.2986947784e-04 1.4749911286e-02 3.4893359753e-01 1.2230054808e+00 -3.5892512726e-02 -1.1659856859e+00 6.3478797354e-01 -4.8429961679e-01 -1.1848846485e-03 9.0186723823e-01 1.5336252036e-01 8.0531862057e-04 3.2534167537e-01 -4.0264138826e-01 -3.0902863897e-01 -2.4055732648e-01 -3.7292385194e-01 6.5732720811e-01 -1.0013523615e-03 2.5134339376e-01 -7.4377812463e-04 -1.5195977815e-02 5.3753911476e-04 -8.6551645296e-01 -8.4811476143e-01 1.4728086339e-04 -1.5590027951e-01 -1.6627313402e-01 -1.6452311872e-01 -7.1703287416e-02 -2.1931399778e-01 7.8550756596e-01 3.4272063744e-02 -2.6383487462e-04 4.4300920090e-01 3.4191078671e-04 -2.2415379783e-01 -3.2005612411e-01 -3.7927949792e-04 -1.5928069152e-01 -7.7954815758e-01 4.7203900320e-05 8.0268957393e-01 5.3359042113e-01 4.1743017570e-01 2.4419414244e-01 -4.8580254809e-01 -1.3432596838e-03 2.7783382069e-04 -4.0922909035e-05 -4.6416840326e-01 3.0306260013e-01 -6.1244543312e-01 1.2173487842e-01 3.2793692934e-01 5.1364332313e-05 -3.3351581017e-01 9.6598499584e-01 -1.6669051649e+00 -3.7153030843e-02 6.0104366638e-01 -1.1454317259e+00 8.1297396488e-01 -7.7107735484e-01 -4.0618786472e-04 -5.7313965411e-01 -5.5363291474e-05 -5.7573956118e-01 -2.8358618773e-01 -1.0877342885e+00 -7.0842349709e-01 -1.1790229161e-03 -1.6584338711e-03 -4.6033596132e-02 9.5256211964e-03 2.2714292285e-01 3.7863868430e-01 2.4881955480e-01 9.0263389658e-04 7.4984779498e-04 -5.6272356639e-01 6.4754795937e-02 1.2059249979e+00 -2.6916768949e-01 3.2380748447e-04 1.0334048719e-04 -4.8025473891e-01 2.2337141179e+00 -9.4263761009e-01 1.0816664109e-03 9.2823744402e-04 1.7793987860e-01 -1.3225604136e-01 6.6905554371e-01 1.3076592718e-01 -1.2043935662e+00 -6.5614391487e-01 -4.0603523809e-01 -4.8743960019e-01 -3.1678302600e-04 3.4754367533e-02 6.4375642117e-01 7.1802545236e-01 -2.0855612459e-01 3.1886487355e-01 4.4643420159e-01
1.3617351427e-01 -2.5092156148e-01 5.3025586373e-01 -1.2590916560e-01 5.0357037466e-04 7.0382740297e-01 -9.8702830156e-02 2.8546993169e-01 -3.6249698910e-01 4.8145692622e-01 -1.1668200442e+00 -9.9735819957e-01 -7.8265058613e-05 5.3340050636e-01 2.1500287088e-01 2.6963229457e-01 -7.4863108910e-01 -7.6400962447e-04 -2.0843257545e-04 -2.4075401978e-01 -5.3655817411e-01 1.0620657475e+00 -3.3609786570e-01 -1.1445543942e+00 -7.0315727658e-01 -9.4692496640e-01 1.3731795470e-01 -3.8768028898e-01 -8.6541835985e-06 5.6535022620e-01 3.9592996815e-04 -5.0122140590e-01 -1.0008559347e+00 7.9143831037e-01 9.0948634895e-01 6.2976439325e-01 3.5624284449e-02 -4.8795139457e-01 -2.3706283139e-04 -2.4930591756e-01 -7.5021896611e-04 -2.1994479512e-04 1.3917336525e-01 -2.6766646402e-01 -4.7116252554e-04 -4.2066948010e-05 4.6313938126e-04 2.5039732440e-01 -1.7325427415e-01 1.3622395120e+00 1.9692102302e-01 1.4949670288e-01 2.6988326677e-01 2.0459150006e-01 -1.8739840897e-05 -1.8712382262e-03 -1.4070038257e+00 1.4075770197e+00 8.7230664581e-01 -6.8936510928e-05 1.0602587495e+00 -1.4533289850e-03 4.8631345522e-01 -8.3838101019e-04 -3.4032703127e-01 5.0216750475e-01 6.6175172929e-01 1.1763785238e+00 1.0453020100e+00 -3.7973278494e-01 1.1777702103e-01 -8.0983609568e-01 2.2312757123e-01 -7.3677338960e-01 4.0603082203e-04 -9.4457432382e-01 -6.7568940273e-01 1.1724440490e-01 -8.6936958343e-02 -2.6321013573e-01 -1.1021846171e-01 4.3922647025e-04 -2.6824418268e-01 9.0414601091e-04 4.9309639436e-03 -5.9350852649e-04 5.5997495881e-01 -6.7537461433e-01 -6.4328928890e-04 -6.5114369271e-03 2.6372560865e-01 9.2246647365e-01 1.8023374360e-01 -3.5504828821e-01 1.0349576317e+00 2.5025624399e-01 4.3367436024e-04 5.0366934835e-01 -3.7789320822e-04 8.8747058075e-01 9.4815621555e-01 1.0938769335e-04 6.7781342056e-01 3.8205800034e-01 -4.8978272461e-04 1.0976409975e+00 -5.0087622006e-01 2.7503843618e-01 1.2379963344e-01 -2.9070321813e-02 4.5182793353e-04 4.3630261467e-04 -4.3806744478e-04 -8.5784382484e-01 1.5016845639e+00 5.7752805515e-01 3.7118988529e-01 -1.7136268807e-01 -2.6780449202e-04 7.4582073038e-01 -1.7037960683e-01 2.8919846259e-01 -8.4882598699e-01 3.6741842723e-01 -1.1025968453e-02 3.4304163607e-01 5.3911277906e-01 -3.8774994479e-04 -5.8757063648e-01 7.4464383591e-04 -5.5044101608e-01 7.3238069071e-01 -1.1279533909e-01 -3.7612972009e-01 -2.8809088924e-04 -4.6946401928e-03 3.7845903623e-01 -6.8604090282e-03 1.2537935276e-01 4.5293715583e-01 -1.4681536919e+00 8.6631636015e-04 -4.8050943802e-04 2.5104962425e-01 6.2555253030e-01 -4.6578211773e-01 1.0818425207e+00 1.1174441086e-04 -9.2145069748e-04 -3.2134500203e-01 -1.2732086514e+00 6.5410294026e-01 5.6163559141e-04 -5.8379529885e-05 3.0202972047e-01 2.3083597053e-01 -1.5243753385e+00 3.7198582715e-01 -1.2209885272e+00 -6.6960153909e-01 4.0665889261e-01 6.9889293738e-01 1.3679663542e-05 6.3096809339e-01 5.7832342874e-01 2.6824522985e-01 -1.7717768606e-01 3.8094472185e-01 -1.9130945005e-01
5.3190737864e-01 -1.6257014249e-01 -5.5649706695e-01 7.3727090193e-01 -6.4826840050e-04 2.6405130827e-01 -3.0759723111e-01 -9.9799952340e-01 -2.2012569982e-01 8.6501125569e-02 -1.2632650663e+00 1.5389578213e-01 4.1030537893e-04 7.8766510215e-01 -9.4030726211e-01 -4.5763040690e-01 2.1201275011e-01 7.1105637778e-04 -4.7478572189e-04 -5.1883826248e-01 -5.0797247237e-01 -5.1265569404e-01 -1.7279749443e-02 -4.3555735355e-01 -1.4504785039e-01 7.0421078686e-02 4.0849686025e-01 -8.6498469739e-01 8.6132264826e-04 -9.0064866290e-01 -1.8545205669e-04 -2.9553125686e-01 -8.9565401290e-01 -6.6965974505e-01 3.1300457975e-01 -9.8878870648e-01 -1.0887248447e+00 -4.2076238475e-01 2.3084399872e-04 -4.4366570594e-01 -1.6100947356e-05 4.0369131821e-04 1.2645281255e+00 4.7279902645e-02 5.0515990478e-04 2.8992924574e-04 -8.0051022168e-05 1.5861646114e-01 -1.9320560507e-01 7.9863294769e-01 1.0191631941e+00 4.5999831948e-01 -9.9353714452e-01 -1.1075005402e-01 -1.6504424049e-05 1.2791375368e-03 -1.6938140709e-01 -2.4701398296e-01 4.1904976137e-01 -7.2151865257e-04 -1.1701554367e-01 -1.1385021023e-03 5.9247266794e-01 1.0318442260e-03 2.2242656901e-01 -4.4668738358e-01 -5.2295125514e-02 -1.1243513030e-01 1.2733457517e-01 1.2681138692e-01 -1.7201465619e-01 -3.2677423503e-01 7.3663732886e-01 -4.3106354988e-02 -8.0565721530e-05 8.8663033250e-01 1.2192755203e-01 3.7430926217e-02 -4.8522544173e-01 -9.9410857652e-01 5.0512424085e-01 1.0284815709e-03 -5.5330748919e-01 1.5529516988e-03 -1.3410325240e-01 1.2187649623e-03 -6.0203951190e-01 3.7447805876e-01 1.1405641729e-03 2.4043804547e-01 2.6397668652e-01 4.3045300678e-01 -5.2843161914e-01 -4.2391951901e-01 1.0192737688e+00 -6.9823342530e-01 -9.6352771664e-04 -4.8941376966e-01 2.2015584575e-04 -4.7588008086e-01 -1.3078264665e+00 -1.5729394981e-03 3.6764348390e-02 -6.3455955555e-02 -9.7983409247e-04 -4.1730215734e-01 -3.7864722850e-01 1.3301833081e-01 -4.6938302130e-02 -2.8534548971e-01 1.8801221024e-04 -7.6531455460e-04 6.6810827349e-04 -1.0293339356e-01 4.6221028380e-01 1.1795462123e+00 3.1830253068e-01 3.1184576325e-01 -2.9090412154e-04 -5.4218110596e-01 2.3712415643e-01 -4.8156148856e-01 -1.0651079262e-01 -1.9613704529e-01 1.6819298900e-01 -7.7932030108e-02 -4.3440773650e-01 7.6834708132e-04 -9.4423694924e-01 2.9804460571e-04 -7.7717421806e-01 -1.2903081457e-01 3.0535849024e-01 1.5295284445e+00 4.6580858267e-04 5.8052789649e-04 4.5513975505e-01 7.3967833637e-03 1.5471942380e+00 -4.3910068684e-01 -1.4277857813e-01 4.2642815107e-04 3.5962898975e-05 1.7536702988e-01 -2.2276513939e-01 3.3238679658e-01 -1.0945127425e-01 4.2906400145e-05 3.4554033827e-05 6.8458518682e-01 6.5747507533e-01 1.1747106439e-02 1.3699705241e-04 -9.9487720747e-04 -4.6568656512e-01 -1.3410240382e+00 -5.1173414291e-01 -1.0952556203e+00 6.9811800109e-01 -1.3284781654e-02 -2.1456558849e-01 -2.8745264942e-01 -4.1264506630e-04 7.2636757416e-02 -4.0965670365e-01 -1.1378791078e-01 8.5291268090e-01 1.5530882485e-01 1.0554793123e+00
2.4031342168e-01 8.4057799664e-01 3.2610981114e-01 2.3020544851e-01 -2.3572047250e-07 1.1094666972e-01 -8.1421751951e-01 2.6509552212e-01 -5.9463162779e-03 4.5834942707e-01 -3.1122980100e-01 2.4233898861e-01 -6.1840515985e-04 -2.7616769102e-01 -1.6466510514e-01 2.4999381039e-01 1.1386085047e-01 -8.0637723108e-04 8.0784309929e-04 -1.3538526020e-01 4.0876827991e-01 3.5611574800e-01 -2.7652432002e-02 5.2162269503e-02 -2.5684721826e-01 3.3334971301e-01 1.0604763756e+00 -1.3393321387e-01 1.3170822314e-03 4.8113996687e-01 1.9759009743e-04 2.3103792098e-01 5.5547089412e-01 1.5060595183e-01 8.0150922151e-02 -4.0578584102e-01 7.6981728205e-01 7.1289663031e-01 5.4852876929e-04 2.2753099307e-01 -4.9323754681e-04 3.0145348373e-04 5.1332886028e-01 3.3077910620e-01 -3.6065227032e-05 3.1789191568e-04 -4.4431046340e-04 -6.3077831007e-01 1.1030111311e+00 -6.4625326314e-01 -5.3507949677e-01 1.2759319859e-01 8.1746849842e-01 -4.8211189768e-01 3.8569710923e-04 7.1127416323e-04 2.2095106995e-01 -8.8525299645e-01 -4.0093708551e-01 1.0982471404e-04 1.8472866765e-01 -2.4315155122e-04 -1.3683291036e-01 1.2389447498e-04 4.2721249764e-01 -1.4767325516e-01 1.0107913792e+00 -1.2345382886e-01 5.7697907117e-01 4.4666932083e-01 -1.3430440106e-01 -8.0507548385e-02 -2.6164927968e-01 2.5263447092e-01 -5.0875529585e-04 6.3390257246e-01 4.0832371035e-01 -4.6318448028e-01 5.7666952304e-01 6.9521902145e-01 6.1943194014e-01 3.2095901429e-04 -7.6634612171e-01 -9.6030583584e-04 2.1941714113e-01 5.4910896286e-04 3.2868768420e-01 3.3617189078e-01 7.5365063362e-04 -2.9323546191e-01 7.1113571065e-01 3.4435815495e-01 8.9290435253e-01 -9.7416727010e-03 8.1951051104e-02 -1.9381596774e-01 1.1400009984e-03 -1.4520060381e-01 -6.7792899733e-04 5.1644814111e-01 3.6700336435e-01 -2.7033280499e-04 7.5697743163e-01 -5.1637014278e-01 7.8581591458e-04 -7.1447290909e-01 -2.8514413619e-01 2.1548479078e-01 5.7625818247e-02 3.8074974977e-01 -4.6807890512e-05 -7.1037416904e-04 3.0009378626e-04 -7.8200716611e-02 -1.6200510671e-01 4.5424962933e-01 2.8003932751e-01 -1.9234459620e-01 1.0217658208e-04 -9.4466916908e-01 -1.7723902967e-01 4.1810680064e-01 4.1147095240e-01 1.2067112216e-02 2.4940486347e-01 7.2033717778e-01 9.2488067013e-01 -3.0432727080e-04 2.9464453611e-01 -9.5146391737e-04 -7.9808933314e-02 -1.1657944650e-01 6.3599971021e-01 4.0510070618e-02 6.1441255221e-04 -3.8042008748e-03 -1.1128063125e-01 -1.1847765176e-02 -1.2762199678e-01 -9.2545378085e-02 3.0192615756e-01 4.6655747640e-04 -2.3102593656e-04 4.7602615783e-03 -5.6946766515e-01 1.4061461558e-01 4.1250521980e-02 8.4534566717e-04 5.9655415687e-04 7.4983247322e-01 8.9773823526e-01 -1.1938435031e+00 -6.5484667966e-06 9.4686736444e-04 3.0737040671e-01 -4.4153093514e-01 -3.7688389040e-01 9.3511263719e-02 -3.0355924565e-01 -3.3871824599e-01 -6.2040920508e-01 4.4547408382e-01 -1.4406261425e-04 3.1043418364e-02 5.4628716482e-01 3.4130696232e-01 7.0928031657e-01 4.4940907198e-01 2.1647731063e-01
-6.9363138877e-01 -4.7186477915e-01 -6.2080141090e-01 -9.0901376944e-02 -7.7276466167e-04 -2.6856126718e-01 3.6152213380e-01 -2.5978060018e-01 -8.3135458575e-01 -5.0087649329e-01 2.4189017223e-01 1.4287944484e-01 1.4143773773e-03 7.0848838461e-01 -6.7342410230e-02 -1.3241844539e-01 3.0207814827e-01 7.9244645919e-04 -5.1900632932e-04 6.6594841555e-01 -5.4058532172e-01 2.8974173482e-01 2.4380604039e-01 -4.4345867433e-02 7.6119713436e-01 -6.3193838909e-01 1.9633961934e-01 1.8837818902e+00 1.5511388733e-03 -1.6445487453e-01 8.7058093035e-04 2.0772883809e-01 3.2823568704e-01 2.1655303388e-01 -8.8984190346e-01 -6.9967842583e-01 -9.1542420343e-01 1.0944659469e+00 3.1342032840e-04 -4.5131713773e-01 8.3756858239e-04 -6.3049511809e-06 2.6807091952e-01 -3.0629299264e-01 3.6961199773e-04 -6.5520398517e-04 2.6614928324e-04 -5.1545143185e-01 -6.7577969341e-01 -1.0237125929e-01 -8.8086039419e-02 -1.5112618242e-01 3.3052027812e-02 -1.8432417863e-01 -7.1642703912e-04 1.4354054138e-03 2.5414536135e-01 -3.0842485356e-01 -6.4496676734e-01 6.3134558190e-04 3.2668351728e-01 5.5165996167e-04 -2.9539142895e-01 6.8912081861e-04 5.1538670097e-01 4.2751687854e-01 -6.8886197477e-01 2.0736196287e-01 -5.0546443202e-01 -5.5347378695e-01 -4.0373884905e-02 -1.4814385018e+00 -1.0050539040e-01 -8.5144087523e-01 1.0063200715e-03 5.5741946751e-01 9.9343982376e-01 6.2747428860e-01 -4.7398181349e-01 -1.0271127240e+00 -1.0888422370e-01 -8.0480012093e-04 -1.3930151619e+00 2.8783071294e-04 3.8070903317e-01 -4.1829543027e-04 5.3102385991e-02 -7.3492574779e-01 1.6991881239e-04 -1.0903510139e+00 2.2564322341e-01 -7.3917930178e-01 8.5911371735e-02 4.8425953947e-01 1.2934234755e+00 -6.1066091478e-01 -3.5583315030e-04 1.2007906353e-01 9.3051431253e-04 -4.0066250949e-02 7.8093992702e-01 1.0102938363e-03 1.7989922341e-01 8.5472970159e-01 6.3055363656e-04 -2.2691491197e-01 -1.0374563943e+00 -6.7389264450e-01 -8.0344319810e-01 -3.1089795098e-01 1.3030276774e-03 -8.8589964503e-04 -3.9197078739e-04 -5.2606362316e-01 -9.9485047794e-02 -6.3931072719e-01 9.4013477856e-01 4.5638922950e-01 1.0535422936e-03 -7.2886633629e-02 5.9997178645e-01 6.3404854671e-01 -9.4082547851e-02 -1.4628824907e-01 2.6115013849e-01 7.0688589893e-01 -1.8249777710e-01 -1.6502170677e-03 -1.0824660323e+00 1.0858863511e-04 -1.3358473596e+00 -5.1296976098e-01 3.3752349446e-02 -5.0474852893e-01 -1.1929452540e-04 1.3498848056e-03 -1.0405160523e+00 1.1056508455e-02 -2.6814375794e-01 -3.9725271840e-01 -3.6706051970e-01 5.1808135171e-04 4.1818216283e-05 -1.3678942486e+00 1.4611665762e-01 -1.6823544911e+00 -8.9414673063e-03 2.1264499631e-04 3.1424840696e-04 3.6538510844e-01 6.3027779510e-01 -7.7633156958e-01 4.1167885657e-04 -5.4581098908e-04 -2.6177172041e+00 7.0286621368e-01 4.3654519848e-01 -4.6940513146e-01 -9.1918791298e-02 9.3018852856e-02 8.0416370985e-01 -9.6723247725e-02 1.0039712855e-04 -1.6367649024e-02 7.0894807057e-01 1.0280635018e-01 4.2449237871e-01 2.9196183455e-01 -1.5822003084e-01
3.2411205199e-01 2.0623179490e-01 -1.1660203518e-01 -3.1373115039e-01 -7.3962588048e-04 -8.7292802894e-01 -6.7195357280e-03 6.9102507742e-01 6.4378919603e-01 -9.4312053791e-01 7.3119994675e-01 1.2567728945e+00 8.3172933144e-05 -1.2038078049e+00 7.1597553594e-01 4.9142877200e-01 -6.6890439170e-01 -2.4730116233e-04 8.5774922947e-04 8.6187586184e-01 2.6385757821e-01 -3.9051219310e-01 -2.7250561803e-01 -3.7575402106e-01 7.0571235680e-01 7.4649341954e-01 5.1755795909e-01 -5.9113293878e-01 -8.0920811927e-04 -4.2222008092e-01 -2.4019341335e-04 4.1380711546e-01 -8.7697514971e-01 8.2682259617e-01 -3.9858370233e-01 -7.7262444555e-01 3.5323434952e-01 1.1137431865e-01 1.2560258441e-04 -4.2436083462e-01 9.7985206073e-04 -4.3228358240e-04 3.1678724966e-02 5.7641546231e-01 -9.6907390993e-05 -4.9534578737e-04 -2.4383403935e-05 -5.7981798907e-01 1.6957543775e-01 -1.2818943617e-01 9.8232137302e-01 -1.6851170258e-01 2.9892008811e-01 -1.2294375568e+00 -2.4712287535e-04 -1.4025221492e-03 -5.2555729652e-01 -1.0364691969e+00 9.7029904455e-02 8.9687736811e-04 6.9849386620e-01 8.7515958522e-04 3.8332013218e-02 -1.1123536053e-03 1.2182372474e-01 -7.2253568913e-01 -6.5948894173e-01 1.0725024827e+00 1.9223821573e-01 -3.1250553619e-01 -4.8662537021e-01 -6.1028968752e-01 -1.9040085088e-01 -1.8228797600e-01 -2.9703528032e-04 3.3887797859e-01 1.7044087656e-02 -3.4995879445e-01 7.4802784028e-01 -3.4144947524e-01 -5.7152260819e-01 -2.0462692588e-04 4.2958677466e-01 -4.6236189034e-04 -1.0182207728e-01 -2.0294289911e-04 4.7451830919e-01 2.9687304049e-01 -4.3670953795e-04 -3.0069129212e-01 7.2636528398e-01 1.1809305358e+00 7.8131327620e-01 9.5324022174e-01 6.1322378995e-01 2.2975982485e-01 -6.6633297659e-04 1.9409967494e-01 -1.0580225833e-04 -4.0335350307e-01 5.8527770222e-01 1.5486793961e-03 -2.3442570129e-01 -1.2881807033e-01 1.1905410874e-03 2.6508715811e-02 -1.4812287406e-01 1.2910089245e-01 -3.2731223077e-01 -3.2594473768e-01 2.4082873360e-04 -4.1040196579e-04 2.7126300268e-04 1.1046890241e+00 -2.9319722505e-01 -7.2623712337e-01 2.3094917951e-01 -3.9881011057e-01 -7.2494127787e-05 -5.0911073885e-01 -3.0336929445e-01 -5.8649778241e-01 -1.1324031648e-01 -4.1470754984e-01 1.2589031525e-01 3.9823828540e-01 -5.3858587482e-01 1.3855863841e-04 -3.4672369919e-01 -3.8772210328e-04 5.9738323520e-01 8.3008798333e-01 3.4819204366e-01 6.8672529766e-02 2.7561279713e-04 3.0913265699e-03 -2.3843480156e-01 1.5660178779e-02 1.2940336020e-01 8.6742391173e-01 -3.0404470743e+00 5.5858036138e-04 4.2938712845e-04 -1.9162307402e-01 2.7470047145e-01 -3.4696367543e-01 -2.6567080438e-01 8.8040096437e-04 5.9929907443e-05 -4.4996817610e-02 1.5667441197e+00 -4.5524405446e-01 1.6972133316e-03 -1.2247397608e-03 2.2560365624e-01 -7.0810078532e-02 -8.6077476004e-01 -7.3633735562e-02 -4.6795130524e-01 -1.0712507119e+00 -2.9638805198e-01 1.1218192303e-02 -2.6394508179e-04 3.7691836217e-01 -1.4436767688e+00 2.3899407062e-02 -4.9452156597e-01 -8.6277122807e-01 1.0703532950e+00
2.4509198999e-01 -2.1971645719e-01 -8.4341881051e-01 -8.7228313035e-02 2.8600450307e-04 2.4188297671e-01 1.2888460135e+00 5.4158454510e-01 4.7488530879e-01 1.1896103520e-01 3.7729088902e-01 2.1010682633e-01 1.5715708390e-04 -5.4246028365e-01 7.5553532170e-01 6.5826031654e-01 -6.3068989887e-01 7.5660532765e-04 -3.6353040266e-04 -1.3788515771e+00 -8.2058676690e-01 1.3960367341e-01 5.6695765401e-01 4.1327021447e-01 -1.5062872824e-01 -2.6192644930e-01 2.7385257967e-01 -6.7379457561e-01 6.4258290900e-05 -1.5468139152e+00 1.6379424498e-04 2.9453627805e-01 -2.1896283922e-01 -1.8986945076e+00 -7.8070038152e-01 4.8758712793e-01 8.4001440850e-01 1.5606863927e-01 -1.3522085875e-03 2.3360824287e-01 -6.3035199366e-04 4.7076042457e-04 1.1685926861e-01 5.6734421613e-01 2.9686948167e-04 -6.9365071834e-04 1.0987777629e-03 -4.8814012520e-01 7.0217995785e-02 2.7475250917e-01 -7.7234791579e-01 -7.7606202215e-01 -7.7605079249e-02 4.9795057971e-01 -2.8724787215e-04 -2.5786352814e-04 1.1892640167e+00 7.5149533801e-01 4.5979772203e-01 -2.6357701672e-04 5.2788775698e-01 -1.4630472570e-03 1.1042317198e+00 -1.2048647672e-03 9.6411295432e-02 1.1082101986e+00 -1.8811598258e-01 -2.2461035459e-01 3.5728059129e-01 1.1218849608e+00 -7.2045086879e-01 -5.5075205972e-01 -5.1021917360e-01 -7.2714267665e-01 -2.1752907371e-04 1.4893880589e-01 3.2564773921e-01 -6.0960956523e-02 9.3491898264e-01 -2.7873391889e-01 -3.4577127833e-01 -7.7437757151e-04 8.7938688327e-01 6.0465929315e-04 1.0417829894e+00 4.7967654611e-04 4.9164144077e-02 -7.8617054748e-02 -2.2561007366e-04 4.1703115443e-02 1.9020563042e-01 1.3049884669e-01 -6.3421736900e-01 1.6127359271e-01 1.4588420801e+00 -7.3676175619e-01 -1.5706709202e-03 -8.6054626852e-01 1.4141347006e-04 5.8884111090e-01 -2.9658117948e-02 -6.7960657032e-04 -8.2120986891e-01 2.0610001835e-02 -4.0638671609e-05 -7.2111362076e-01 2.5904130411e-01 6.6406113132e-02 9.9815675059e-02 3.5132542439e-01 -1.3142578076e-04 4.5168853154e-04 8.4190303070e-05 3.0393878912e-01 -7.0616545132e-01 -1.5566234325e-01 2.6008376109e-01 1.7911464319e-01 4.8754367077e-04 2.5850648383e-01 -4.9333830234e-01 2.2994142460e-01 -8.3593663896e-01 -7.7020816306e-02 3.7629707563e-01 -5.9737586449e-01 -6.5073481841e-02 9.8327913430e-05 3.8522291706e-01 -2.8344943521e-04 -3.6201533314e-01 -5.2982598532e-02 -1.1035904630e+00 -5.0505683453e-01 -1.6294176281e-04 9.4178235298e-04 -1.7113565002e-01 -1.5991835105e-02 5.6216239516e-01 2.7110890696e-01 9.6101484633e-01 6.4055684908e-05 6.4144354080e-04 1.4469577759e-02 -5.0235064323e-01 4.5123828608e-01 -3.6341755461e-01 -8.8695207999e-05 4.7714458775e-04 3.9346879327e-01 -9.4761336773e-01 2.0682653391e-01 -8.9300490320e-04 -2.2317216363e-04 2.3829433101e-01 -4.2555194470e-01 -5.5622266384e-01 -8.8699929239e-02 2.1962436761e-01 -8.9000177150e-01 3.8918283390e-01 -1.8519475453e-01 7.1697580267e-04 6.5719548163e-01 1.3825325007e+00 3.2817963268e-01 1.6278061154e-01 -4.4103380719e-01 -7.5134685669e-01
-5.6815362632e-02 -5.1301699675e-02 -1.3239857666e-01 -1.0895736045e-01 7.6146563711e-04 -3.5351461472e-02 -2.0813441341e-01 -1.6156798484e-01 -1.0343692736e-01 -7.7591783172e-02 -2.2415294450e-01 -2.0688112952e-01 4.0419655338e-04 -1.1805327941e-01 -2.4030761321e-01 -4.3487982398e-02 -2.0525846555e-01 5.7781065014e-04 6.1669962302e-04 -1.8981072709e-01 -2.1108453454e-01 -1.3260487485e-01 -7.9746732981e-02 -1.8481910818e-01 -1.9281541924e-01 -1.4091445430e-01 -5.6159578243e-02 -1.4046740828e-01 -5.4491982930e-04 -1.7073586569e-01 1.1936750156e-03 -2.0510328319e-01 -1.0843912918e-01 -7.2820865507e-02 -1.8039036883e-01 -1.7967038623e-01 -1.9854576414e-01 -1.7091855412e-01 4.3311112647e-04 -1.8220536263e-01 -2.1652432296e-04 -9.0907636662e-04 -1.7671427902e-01 -6.8343931834e-02 -3.0762917982e-04 2.3914496111e-04 -9.3053904095e-04 -1.3192874827e-01 -2.0375880330e-01 -1.1714248115e-01 -1.4179470858e-01 -7.4731120754e-02 -1.5136002290e-01 -9.4169355916e-02 1.6793826838e-05 9.9683939565e-04 -1.3412293895e-01 -2.0424449998e-01 -9.1054060472e-02 7.7831329268e-04 -3.4370389442e-01 -1.6990136814e-03 -1.3673589167e-01 -8.5280498565e-04 -1.8273436747e-01 -1.4055118619e-01 -5.1624941665e-02 -7.3966042940e-02 -6.1438582817e-02 -1.5953430928e-01 -1.9790028015e-01 -1.5312143567e-01 -7.6623825166e-02 -1.3001330438e-01 -6.0431999578e-05 -1.3983232988e-01 -1.6056644704e-01 -1.9208038475e-01 -1.6841686484e-01 -1.1154021582e-01 5.7834823606e-03 2.8665675267e-04 -1.3869326386e-01 -1.0815972406e-04 -2.0537909146e-01 2.7842863397e-04 -1.7645411423e-01 -8.2199530620e-02 3.0837178533e-04 -6.2569369554e-02 -2.2704796950e-01 -1.3673907406e-01 -8.4532364518e-02 -2.5148916001e-01 -4.5044135765e-02 -2.0549914639e-01 -5.7400848539e-04 -2.0813017308e-01 8.3869831909e-04 -1.4030973825e-01 -7.6597173689e-02 2.6814897264e-04 -1.3855022309e-01 -1.4458632353e-01 1.0315592688e-04 -1.4406702469e-01 -1.3304067370e-01 -8.4491797564e-02 -3.3351754068e-03 -2.1912790794e-01 6.3194526653e-05 -7.7195826549e-05 1.8935657258e-04 -5.2163513931e-02 -1.3022082552e-01 -1.6388761709e-01 -2.3994289059e-01 -1.6522203215e-01 -3.5776036743e-04 -5.9493783849e-02 -1.1812214119e-01 -1.2619775399e-01 -1.1679568695e-01 4.2316918026e-02 -7.8667355517e-02 -1.5859720586e-01 -1.6294381332e-01 4.0401405825e-04 -6.6440739338e-02 8.9879246769e-04 -1.6155781836e-01 -2.0885796878e-01 -1.5204791173e-01 -1.7413185971e-01 -6.6645440587e-05 6.0551031997e-03 -9.4350737344e-02 1.5818662177e-02 -1.3183417847e-01 -1.4140752204e-01 5.5987133160e-02 1.5020775720e-04 1.5461899088e-03 -2.0956422661e-01 -8.0978156032e-02 -1.4837384191e-01 -1.6017959039e-01 2.5371324830e-04 2.8239818396e-04 -3.3089636446e-02 1.1278596699e-02 -2.8510081118e-02 7.3057720984e-04 4.0087968410e-04 -9.0920181679e-02 -2.0234089880e-01 -9.9262817501e-02 -1.4092617047e-01 -9.1876093650e-02 -2.1869372875e-01 -1.7503849950e-01 -1.3441418367e-01 2.7747035107e-04 -2.2009305256e-01 2.5866938701e-03 -1.1693187686e-01 -8.4271928132e-02 -1.2106595462e-01 -1.8647309189e-01
-8.2217014536e-02 -9.7093400824e-02 -1.4286992049e-03 -1.0326180497e-01 1.4967446299e-03 -1.8000026744e-01 -2.2195476534e-01 -2.2994714362e-01 -2.5096151832e-01 -1.1913945232e-01 -1.1360449786e-01 -1.2506057178e-02 2.0900821665e-04 -3.5572719969e-02 -2.4139171574e-01 -2.9489848967e-01 -1.1662425272e-01 5.2127304148e-04 2.9891740110e-04 -8.1174837685e-02 -8.1516575240e-02 -6.5413324656e-02 -1.5220249835e-01 -2.6198066137e-01 -1.8332683960e-01 -2.3584875668e-01 -2.9909968331e-02 -1.2576408681e-01 2.6589508929e-05 -8.5936753157e-02 -3.1135705462e-04 -2.8954662878e-01 -2.8113504237e-01 -4.6072294050e-03 -1.6046884207e-01 -9.0029495808e-02 -1.0205710222e-01 -1.4938440676e-01 1.3296225240e-03 -2.1544619430e-01 7.6428084916e-04 -7.8462493857e-04 -1.6672017261e-01 -1.0637779738e-01 -4.0616045842e-04 -7.2576710869e-04 -1.0868105979e-03 -2.5125473508e-01 -6.8545274149e-02 -1.5930367476e-01 -3.4556030046e-02 -3.8930877099e-02 -1.9729720042e-01 -2.1448562311e-01 -1.2686085830e-04 6.0361640212e-04 -1.5733343278e-01 -1.1474518213e-01 -2.4049541144e-01 -2.6200842691e-04 -1.7219833635e-01 -1.0286679381e-04 -1.6339002830e-01 5.4880683082e-04 -1.0857953726e-01 -7.5956454827e-02 1.7920335120e-02 -1.2362395371e-01 -1.3763716328e-01 -1.6537220360e-01 -1.4392453175e-01 -1.4837898444e-01 -1.4942600251e-01 -1.7996242161e-01 -1.0129982235e-03 -1.3295449223e-01 -1.8339497481e-01 -2.2486861859e-01 -2.0682892240e-01 -7.1127739087e-02 -2.3259589791e-01 1.7474761776e-03 -1.2077110199e-01 1.1131467782e-03 -7.3963624641e-03 -1.8587748175e-04 -1.8403627291e-01 -1.0388377308e-01 1.2541742859e-03 -1.6015499747e-01 -9.5733086424e-02 -1.5607736764e-01 -3.6640157939e-02 -1.5743677438e-01 -1.9813076198e-01 -2.0391771175e-01 -6.0754018871e-04 -9.8247346271e-02 -6.8301750267e-04 2.4288929102e-03 -1.2899252486e-01 -3.1049023908e-04 -1.1133689081e-01 -1.1923474598e-01 -1.0219140757e-03 -1.2837715540e-01 -2.8070511946e-01 -1.6543400535e-01 -5.7210723587e-02 -1.2514572356e-01 1.6303608217e-03 5.8353576632e-04 6.0926139452e-04 -1.0069383827e-01 -7.6742799528e-02 -2.3151385852e-01 -6.8072867631e-02 -2.8693862720e-01 -6.0039010716e-04 -6.2220395852e-03 -1.4260827140e-01 -1.4172755948e-02 -1.3580767471e-01 -2.1303279467e-02 -1.8447177936e-01 -3.2701623586e-01 -1.3904449569e-01 1.6188888114e-04 -2.2678049712e-01 -4.1036251817e-04 -1.5942373034e-01 -9.9189585352e-02 -1.3431018876e-01 -1.9120635679e-01 -1.7618899302e-04 4.9672446461e-03 -7.6437264865e-02 1.6964602361e-02 -1.7648820948e-01 -1.1341497908e-01 -1.1884687632e-01 -1.6570125488e-05 1.0671010970e-03 -2.5326095212e-02 -8.2549982350e-02 -1.3385684517e-01 -7.2777100609e-02 1.4812550252e-03 2.1073555532e-04 -6.9719657664e-02 -8.4659841298e-02 -2.9554518465e-02 1.5611662845e-04 -7.9009632552e-04 -1.4310343164e-01 -1.1692288373e-01 -2.6448109595e-02 -1.1929693863e-01 -1.0436466083e-01 -1.2608571629e-01 -9.7794573755e-02 -1.4851450614e-01 4.0908478371e-04 -2.3532318477e-01 -1.8973458734e-01 -2.5834388072e-02 -1.3991713716e-01 -1.1092043980e-01 -1.0448516737e-01
-1.0834203198e-01 -7.6716048089e-02 -1.5429991366e-01 -1.0151771292e-01 3.1930593686e-04 -1.2775001688e-01 -2.1310989596e-01 -1.8803671022e-01 -2.0113379793e-01 -1.5455098350e-01 -1.6604887140e-01 -1.2030948295e-01 8.9807905212e-04 -1.0856116821e-01 -1.6761954260e-01 -1.4929938770e-01 -1.5995667105e-01 2.5341231382e-04 1.0054647705e-04 -1.7273423085e-01 -1.5792314235e-01 -1.2887136313e-01 -5.7916532809e-02 -1.1628641485e-01 -1.8277322207e-01 -1.5522261444e-01 -9.7351363934e-02 -1.8397605833e-01 7.5656030001e-05 -1.3654946823e-01 2.2285928470e-04 -1.9759066535e-01 -1.9367839506e-01 -3.9188567944e-02 -1.3689727838e-01 -1.9019482392e-01 -1.6867994039e-01 -1.8706035330e-01 1.5347481123e-03 -1.6239799670e-01 9.6542982115e-04 2.2247742462e-04 -1.5393457985e-01 -1.0798120390e-01 -3.7698813952e-04 4.3029999230e-04 -7.5449728998e-05 -1.6607739204e-01 -1.7020412978e-01 -1.6690155215e-01 -1.2959609849e-01 -7.8764176100e-02 -1.7040686652e-01 -1.2970881114e-01 3.2568305386e-04 2.6866328248e-04 -1.5878975400e-01 -1.6086605113e-01 -1.4680359031e-01 -5.0202863670e-04 -2.1143876050e-01 6.2331963616e-05 -1.6100450265e-01 5.3685009072e-05 -1.5819521650e-01 -1.5180549527e-01 -1.0056822015e-01 -1.6504159399e-01 -1.3040979502e-01 -1.6308574578e-01 -1.3823620341e-01 -1.4612907123e-01 -1.2365309204e-01 -1.4065886125e-01 -2.2937168809e-04 -1.5128204438e-01 -1.5147961956e-01 -1.9780296607e-01 -1.3756484633e-01 -1.2273867362e-01 -1.1543102020e-01 -1.0049141307e-04 -1.7313409811e-01 1.8711197562e-03 -1.3709158294e-01 1.8274630546e-04 -1.5657463602e-01 -1.5968425723e-01 -1.1820074882e-03 -1.6747726799e-01 -1.2894692376e-01 -1.4787032082e-01 -2.5638464280e-02 -1.8116314347e-01 -8.8753524016e-02 -1.6304907573e-01 -3.4836577619e-04 -1.5139250185e-01 2.5303521754e-04 -1.3045233436e-01 -1.2177516657e-01 3.7575436489e-05 -8.3866822978e-02 -1.1314857444e-01 -1.0307817155e-03 -1.4536350533e-01 -1.4551109001e-01 -1.5883693147e-01 -2.2276797681e-03 -2.1169324539e-01 3.3706061669e-06 4.1777107252e-04 2.7684919054e-04 -8.9103501008e-02 -1.7647426360e-01 -1.4939567880e-01 -1.9904514341e-01 -1.7794704464e-01 3.2199921611e-04 -1.4881078264e-01 -1.3973696025e-01 -1.3140296592e-01 -1.1065604929e-01 -1.9017627717e-03 -1.8370868820e-01 -1.3970241377e-01 -1.6068291204e-01 -5.5783463677e-04 -6.9640603250e-02 -2.3380409582e-05 -1.3348975455e-01 -1.9124249288e-01 -1.5364105859e-01 -1.4972611091e-01 7.2455480199e-04 7.4891677642e-03 -1.2575782544e-01 1.6490134826e-02 -1.5356903265e-01 -1.2507754532e-01 -5.5533239767e-02 8.6123871734e-04 1.0148082076e-03 -1.0779822695e-01 -7.1352255480e-02 -1.7012698128e-01 -1.1710503336e-01 -2.3854058801e-04 1.0324665232e-04 -6.3011219190e-02 4.0066480623e-04 -2.9939488624e-02 2.6110831940e-04 -4.3318437298e-04 -1.0487264405e-01 -2.0543307665e-01 -1.3006381238e-01 -1.4029637733e-01 -1.1445089948e-01 -1.9549315096e-01 -6.7220591343e-02 -1.6091938893e-01 -7.9409918862e-04 -1.8627922792e-01 -1.0917162424e-01 -1.6359740649e-01 -1.0105562591e-01 -1.2886293787e-01 -1.2416593954e-01
-1.6121521939e-02 -1.1835976156e+00 2.4574923302e-01 3.7338738358e-01 4.5829356212e-04 -8.7017910350e-01 8.3311878876e-02 3.2855677386e-01 -9.8547901189e-01 3.5187638691e-01 3.7679190189e-01 -1.4539870673e-01 -4.8717605414e-04 8.3695110540e-01 -2.6485025398e-02 -3.8312386664e-01 -1.5516725792e-01 7.6426675261e-04 -6.2082500000e-04 -6.0025886978e-01 -2.3094046551e-01 -8.4354883020e-02 -1.0198233213e-01 -2.6735513893e-01 5.6942094581e-01 -2.0033629248e-02 8.5338688493e-01 -5.6051653054e-01 1.5780271543e-03 2.0897701770e-01 -5.8877275792e-04 -3.6230859113e-01 -1.2606407371e+00 -4.9653507253e-01 -1.0563692729e+00 5.1629951319e-01 2.2789711729e-01 -5.2501342906e-04 3.0145843119e-04 6.8327583341e-01 1.2979982676e-04 8.1818910023e-04 -5.6344895859e-01 -1.1133027271e+00 -5.4029916689e-04 -7.1118075582e-04 -1.4049074335e-04 -3.9025799169e-01 -1.3076325199e-01 -3.5157084121e-01 1.1497504758e-01 3.2037971623e-02 5.3456744854e-01 -2.7725423893e-01 -7.0496678946e-04 5.8219549357e-04 1.4368551172e-01 3.0007429768e-01 7.1156749781e-01 9.7028953069e-05 -1.9354603778e-01 -1.8557406255e-03 4.6767000869e-01 1.1837666298e-03 7.8217400995e-01 -7.3400534672e-01 6.9452194511e-01 -1.4660200815e+00 -4.3118212562e-01 -1.6975384157e+00 -6.4219963545e-01 8.9177792880e-01 -1.7613671569e-01 4.4275329043e-01 9.8237304669e-04 4.3097757096e-01 1.1696359677e+00 -1.7246440895e+00 -9.6147175856e-02 -3.7514715573e-01 -4.3715874744e-01 4.8490599116e-05 6.7674671490e-01 -2.4130108371e-04 -6.1143911983e-01 -1.0029007973e-03 1.1292885567e-01 -6.1922637963e-01 7.6068055395e-04 -1.4349266306e-01 2.3018280027e-01 -3.0038131682e-01 -5.5021109585e-01 1.9820415786e-01 -2.8871807611e-01 -5.3208648870e-01 -1.0581844050e-04 8.7204893804e-01 5.9420253026e-05 -1.9485947799e-01 7.0521365695e-01 2.9756235276e-04 6.4888544026e-01 -5.4070635805e-02 1.0505234521e-03 7.1192426252e-01 -3.9882656765e-01 2.1148478259e-01 1.2855317741e-01 -7.9958941951e-01 3.7016301789e-04 1.2336193367e-04 -1.9446317120e-05 3.3818298956e-01 -5.8551647107e-02 -2.2387180650e-01 -6.1867222884e-02 3.8199839995e-01 7.6226497581e-05 4.2434953906e-01 -5.9397289929e-01 5.2473484253e-01 -6.4105610796e-02 -3.5070739118e-01 2.2405506102e-01 -6.8995546264e-02 3.6936684164e-01 5.5849595599e-04 -4.1659815787e-01 -8.3320212209e-04 6.4040077849e-01 -7.8125584463e-01 -5.1511787771e-01 8.3552356100e-01 5.8115240242e-04 3.5683817755e-03 8.5968292736e-02 -1.5495697569e-02 1.5997449522e+00 -1.0850501596e+00 -9.2493291238e-01 9.9280894204e-04 2.2398583115e-04 1.4064808437e-01 -1.3714808253e+00 -4.0815922695e-01 -3.1116513418e-02 -4.4702920491e-05 2.2892427328e-04 -2.2794973763e-01 -2.6278329204e-01 6.1520231137e-02 -9.0715837925e-04 8.9222751358e-04 1.0502853354e-01 6.4320997789e-01 1.9128141442e-01 -4.6729106032e-02 -4.5096235975e-01 -1.8428830996e-01 3.9728660115e-01 4.0070034660e-01 1.0490685151e-03 -3.4690038041e-02 1.6991926936e-01 -1.9313352727e-01 4.9834402959e-01 -1.3571578476e+00 -2.7326412756e-01
-2.5882092123e-01 -1.8761908106e-01 -2.8536224410e-01 -4.0233049743e-01 6.4134694904e-04 7.0768638749e-01 2.7452631849e-01 3.0255606329e-01 1.0023013635e+00 -7.7179146018e-01 -9.8974194527e-01 -3.9629604838e-01 -7.6984452238e-04 -2.5806004507e-01 1.7571270304e-01 -8.4856368857e-01 6.8974732826e-01 7.7966148770e-05 1.9799718507e-04 8.1916404418e-01 7.3062387464e-01 5.5131125189e-01 -5.3167542521e-01 5.2292236175e-02 5.0521004064e-01 -9.0743198265e-02 -1.1893419609e+00 -1.2376852326e+00 7.3912207220e-04 -5.4711965438e-01 -5.1967704699e-04 1.7179557597e-01 7.5973426174e-01 -1.9084987964e-01 1.0824136703e-01 6.9218700889e-02 2.7255360910e-01 1.0222004193e+00 2.6004203265e-04 5.6513678074e-01 8.8182184903e-04 5.2788041840e-04 1.3325182106e-01 -1.1876889003e+00 3.7874493247e-04 -4.6962576017e-04 -2.7263326190e-04 8.6935177531e-01 -6.1631008462e-01 -4.9214806627e-02 3.1084281406e-01 7.3077087320e-01 1.1599596093e+00 1.3746090550e-01 -8.8020130311e-04 -6.4805377154e-04 -1.3651746211e-01 1.6745868553e-01 -8.6240198290e-01 -3.6253530669e-04 1.0669574614e-01 -3.5222248557e-04 -4.5832594499e-01 7.0556649227e-04 1.2700448321e+00 2.6665074891e-03 3.3722443662e-01 -4.3153752003e-01 3.8869195787e-01 9.2938961188e-02 1.2554468540e+00 2.8698985295e-01 9.5747880435e-02 4.1504307215e-01 1.7864638914e-04 -2.1709748581e-02 7.6742124296e-01 -2.1379615335e-03 -4.8438010390e-01 5.2282461686e-01 -1.0354657067e-02 -9.4094146184e-04 -8.8481610427e-01 4.2307563878e-04 -3.2072174328e-01 -7.0630767601e-04 5.5889475377e-01 -1.0977262416e-01 7.3000040290e-04 -8.0967187389e-02 3.1430258608e-01 2.8025264808e-01 -2.9892718533e+00 8.0949064979e-01 1.7740006979e-01 -2.5134816617e-01 5.9298374630e-04 4.8706105360e-01 2.0921291864e-04 1.7005269019e-01 -6.9258401051e-02 -7.3105752911e-05 2.2255457002e-02 1.0240377541e+00 -7.8998493786e-04 -9.2155753885e-01 7.7662583403e-01 -7.4556793164e-01 5.3080028243e-02 -2.9917972005e-01 6.1715228427e-04 9.6191880683e-04 -2.5021768954e-04 -6.2290504861e-01 -2.3158486544e-02 7.0409239470e-01 -1.0232392459e+00 -9.3854243193e-02 -1.9004768171e-04 6.3976711584e-01 -1.0820376187e+00 -7.5455858077e-02 1.1639004820e-01 -3.3792265892e-01 7.0439519219e-01 -4.2755405660e-01 4.3624176264e-01 -3.1873631132e-04 -3.0334927122e-01 -1.2773360627e-03 5.3129475277e-02 5.5657783275e-01 1.5841083541e-01 -5.4136667805e-01 -2.7168372691e-04 -3.4028016756e-03 2.6698461202e-01 -1.4456869589e-02 -4.3597353612e-01 2.9891198824e-01 -2.0098767051e-01 1.5149160717e-05 1.0225757841e-03 1.3927476082e-01 -5.7500171908e-01 2.4188438471e-02 -2.0412771266e-01 1.3671975492e-04 -5.1791441749e-04 -6.3785029320e-02 2.8575239483e-02 -3.8105798010e-01 -5.7638357161e-04 2.8412324460e-04 -4.4420513719e-01 -3.0735348138e-01 4.6032432947e-01 -7.1885142219e-01 -1.3146477818e+00 -9.0203887637e-01 4.0744629509e-02 2.3349110093e-02 1.1250450319e-04 -6.1858184474e-02 3.9729735882e-01 -2.2522774655e-01 6.6375569089e-01 -1.1999288521e-01 5.4850084353e-01
-2.1540648702e-01 -6.2000286453e-03 5.8735304228e-01 -3.6903742561e-01 -9.3110529826e-05 1.4478770136e-02 3.5720348997e-02 1.4877524629e-01 5.9969269748e-01 -3.0022691338e-01 9.6251386428e-02 2.6181724426e-01 -3.8687850332e-04 -1.2511452372e+00 7.9010880642e-02 -1.1468670258e+00 -1.0982975948e-01 -6.9865099319e-04 -4.6354545205e-04 2.0472026687e-01 -2.3368318875e-01 -1.9592565990e-01 4.6516442896e-01 -5.3560208240e-01 -1.7796374571e-03 -5.2261231097e-01 6.2167227176e-01 2.7841348783e-01 1.0747967419e-04 -5.7015778568e-01 -7.2084905386e-05 -2.5747027225e-01 1.2156498246e-01 -1.7201055882e-01 -8.9903890940e-01 1.1505618086e-01 1.0761021399e+00 5.6058245189e-01 6.2088576738e-05 6.3564904440e-02 1.4810884760e-03 -6.9437830674e-04 -7.6675938277e-02 7.7382360002e-01 1.1460349602e-03 -3.0846921461e-04 -6.5857553625e-05 -1.0317523945e+00 -2.8476011737e-02 -4.2433458971e-01 -2.4101217600e-01 6.6837547547e-01 -1.5756625559e+00 7.3365299548e-01 6.1326109908e-04 8.0398327455e-04 6.4045688906e-01 1.4434321110e-01 -1.1595426336e+00 1.5764288010e-04 2.8176497793e-01 5.1772210448e-04 4.4210347302e-01 -6.6183140859e-04 3.3861632188e-01 -3.2676592400e-01 -1.3080907400e-01 2.5094695243e-01 5.2370282521e-01 1.4052031859e-01 -4.2112129722e-01 -5.0433186870e-01 -2.7627135360e-01 -1.5826195096e-01 3.9819044194e-04 6.1448668888e-01 -9.6089202171e-01 9.6392503691e-02 -9.8183484388e-01 -2.4505597464e-01 -7.3993371858e-01 -8.9719375275e-04 6.6467397512e-02 -3.4143792318e-04 -5.7401337071e-01 4.1455271718e-04 -1.2498948300e-01 8.5119575875e-01 -4.2983105500e-04 6.5785598438e-01 -3.9099214743e-02 2.1099433538e-01 -2.3170096798e+00 -3.3203920024e-01 -2.3319837821e-01 3.9663826024e-01 -6.4543723964e-04 -7.4222003937e-01 -7.3008756847e-04 4.6223825074e-01 3.2495817228e-01 -6.3432657222e-04 4.3795682068e-01 1.2179746303e-01 3.0618481720e-04 6.8728325543e-01 6.5803561017e-02 6.9020803561e-01 -6.1528607103e-01 -3.4980201203e-01 6.6732700618e-04 9.4390449523e-04 -2.0380983998e-03 2.9144550409e-01 2.2780156375e-01 5.9191171911e-01 2.2516800661e-01 6.6719107996e-01 -5.5655773272e-04 4.8089477699e-01 5.4406418036e-02 9.6979956614e-02 -1.3093678803e-02 8.9022153574e-02 -2.8136487719e-01 -4.0478952112e-01 6.2509556231e-01 -3.9831893423e-04 1.2564719820e-01 2.1754087199e-03 1.8715491103e-01 4.2921119392e-01 3.2600143334e-01 6.3659997553e-01 -1.1300392790e-03 -1.0354476221e-03 2.9337594748e-01 1.2834787225e-02 -1.5844560193e-01 -2.6954051627e-01 -1.0956303925e-01 -5.1838229911e-04 -8.5345711896e-04 -5.8524794901e-01 2.3578807507e-01 -1.0640774095e-01 4.3747189902e-01 -1.5060676462e-03 -1.0478523771e-03 -1.1477907529e+00 1.3669823962e-01 2.0146698523e-01 4.6543300432e-04 4.3697126138e-06 4.4985054852e-01 2.6204357583e-01 -1.3570723442e-01 -1.0161309276e+00 -1.0981731198e-01 8.6988697474e-01 -9.9398558639e-02 -6.8609824913e-02 -4.0683817544e-04 -1.6746356044e-01 5.5313449734e-01 6.4707182927e-02 3.5877074093e-01 2.3217632829e-01 1.5474432749e-01
-1.0824727390e-01 -7.6140959808e-02 -1.5288140596e-01 -1.0074822825e-01 -1.0143916442e-04 -1.2757381311e-01 -2.1189892413e-01 -1.8844538043e-01 -2.0166141787e-01 -1.5375675797e-01 -1.6553475774e-01 -1.2106397714e-01 6.1397295864e-04 -1.0997157152e-01 -1.6714641027e-01 -1.4984007371e-01 -1.5867744167e-01 -8.9886521855e-06 9.9324387416e-04 -1.7167327686e-01 -1.5863517350e-01 -1.2864476990e-01 -5.7612000184e-02 -1.1752603400e-01 -1.8265667024e-01 -1.5370701143e-01 -9.6523536011e-02 -1.8345065144e-01 6.3089493969e-04 -1.3657337008e-01 -4.8260574822e-04 -1.9615058990e-01 -1.9481873886e-01 -3.9619266533e-02 -1.3703704064e-01 -1.9022920847e-01 -1.6639643703e-01 -1.8785402373e-01 5.0942201039e-04 -1.6271677828e-01 4.2373461174e-05 -1.0059373328e-04 -1.5400029810e-01 -1.0793242171e-01 6.3030382578e-04 -2.8697304417e-04 -2.0147835698e-04 -1.6605937097e-01 -1.7004686560e-01 -1.6630254999e-01 -1.3007889719e-01 -7.8046888094e-02 -1.7124781208e-01 -1.3098259971e-01 -7.5112244550e-04 -1.2096720869e-03 -1.5916666787e-01 -1.5903330977e-01 -1.4763938735e-01 -6.7522353929e-04 -2.1132820129e-01 9.6002966798e-04 -1.6216177078e-01 6.3047322988e-04 -1.5757933154e-01 -1.5129168642e-01 -1.0155894644e-01 -1.6389285640e-01 -1.2982787946e-01 -1.6313148607e-01 -1.3848843946e-01 -1.4577613268e-01 -1.2366702375e-01 -1.3942693073e-01 1.1802805752e-03 -1.5109246790e-01 -1.5101887929e-01 -1.9708623430e-01 -1.3861057152e-01 -1.2367666082e-01 -1.1501005840e-01 -3.8082667451e-04 -1.7186390298e-01 7.3627201464e-04 -1.3716622081e-01 1.0910981260e-04 -1.5465199076e-01 -1.6054020947e-01 6.9601898921e-04 -1.6829530499e-01 -1.2801509916e-01 -1.4811290041e-01 -2.6877955937e-02 -1.8090771698e-01 -8.7239788934e-02 -1.6407259382e-01 1.0098223223e-04 -1.4986673691e-01 2.3677669675e-04 -1.2868110675e-01 -1.2244527322e-01 -4.5423343606e-04 -8.3878934774e-02 -1.1195062890e-01 5.8609637758e-04 -1.4534229116e-01 -1.4725921704e-01 -1.5912350338e-01 -1.8245306536e-03 -2.1128148869e-01 5.9826407408e-04 -3.7551027997e-05 -6.2753736781e-04 -8.8752781827e-02 -1.7843621194e-01 -1.5087398073e-01 -1.9937151209e-01 -1.7736373465e-01 3.0331414392e-05 -1.4945007761e-01 -1.4063174333e-01 -1.3287150988e-01 -1.1105897026e-01 -3.1423763431e-03 -1.8247005718e-01 -1.4121794772e-01 -1.5953457288e-01 -1.0653526604e-04 -7.0242664508e-02 2.3079579601e-04 -1.3243144515e-01 -1.9153596055e-01 -1.5451085745e-01 -1.4956357697e-01 2.9520085194e-04 7.8179544719e-03 -1.2782321415e-01 1.5894111838e-02 -1.5358590168e-01 -1.2518516504e-01 -5.6273377576e-02 3.9905885660e-04 2.0293133054e-04 -1.0656862356e-01 -7.1000780661e-02 -1.7012387488e-01 -1.1593127470e-01 4.4150557101e-04 -1.1226445788e-05 -6.3117299673e-02 -1.3314778169e-05 -3.0454321960e-02 -1.2652126652e-04 -1.0975463524e-03 -1.0403275002e-01 -2.0606052370e-01 -1.2930449554e-01 -1.3969147774e-01 -1.1655626754e-01 -1.9709700793e-01 -6.6619593520e-02 -1.6062351176e-01 -8.3748049768e-04 -1.8744464650e-01 -1.0833624013e-01 -1.6179015412e-01 -1.0256511694e-01 -1.2903483096e-01 -1.2371271382e-01
-5.2465949932e-01 -1.5589578995e-02 -5.8752582050e-01 2.6743019325e-01 4.6486588857e-04 2.7812568847e-01 2.3869099295e-01 5.2796747670e-02 -8.4609839805e-02 4.8553962701e-04 1.4929327810e-01 2.5875504050e-01 -2.2199191444e-04 -2.0186053645e-01 2.1508442943e-01 8.5116201443e-02 3.5703901326e-01 -3.4171869453e-05 3.7411298183e-04 1.5115303347e-01 2.0618149935e-01 -2.2555911559e-01 5.4240530933e-02 3.7782701618e-01 7.1975656593e-02 2.0294103401e-01 1.5102894882e-01 2.1036902478e-01 1.3498269208e-03 1.0790971303e-01 -3.0472074784e-06 -1.5221097940e-01 3.5600761614e-01 -1.7750631195e-01 -6.6611090264e-02 -1.4524842604e-01 -1.4702979095e-01 -2.7044035786e-01 -1.0757520416e-03 1.5693534500e-02 -4.9210239438e-04 1.1370099132e-04 -5.5117178934e-01 -1.0113356985e-01 3.2447914765e-04 -1.0930117557e-03 -5.8805232946e-05 1.9102476395e-01 1.4643929202e-01 2.3444581041e-01 6.9595500859e-01 3.7050275151e-01 1.7404149325e-01 -2.8043701031e-02 7.7724076937e-04 1.2695564654e-03 3.5125093010e-02 5.0580390030e-02 3.5172578080e-01 -6.9859665818e-04 1.8533683996e-01 -3.0956189123e-04 2.7312545409e-01 -4.7895277583e-05 1.3590061403e-02 1.6630251723e-01 -5.0591509661e-01 1.1692539476e-01 7.6863565952e-01 2.9653358286e-01 1.8411999647e-01 -3.4622474355e-01 2.9064823453e-01 2.1040406527e-01 5.5925293916e-04 3.0076837705e-01 2.7514275062e-01 -3.3400768998e-01 -6.4153127993e-03 1.1780252898e-02 4.5703747146e-01 3.3243836828e-04 2.5369291384e-02 1.3144767264e-03 -2.7324202909e-01 1.0530694096e-03 7.2566732845e-02 -3.6837464680e-01 -4.3636600902e-04 4.8362881389e-02 1.9790924318e-01 1.5728403051e-02 -3.6128882355e-03 2.9260648815e-01 7.4559746120e-02 4.3116388800e-01 -7.7605063789e-04 3.4104579417e-01 9.2178067114e-05 9.1006613659e-02 -3.8272481242e-01 -7.2047043072e-04 2.4766910185e-02 6.0037827052e-01 6.1087115143e-05 3.7424250883e-01 1.8454778531e-04 2.3732487020e-01 1.4148236183e-01 4.8984565102e-01 5.6196351635e-04 -4.9973902216e-05 6.6831545695e-04 1.0257401963e-01 2.0377563646e-01 1.8267584715e-01 1.4465374389e-01 -2.5023482895e-02 6.3167893514e-04 -6.2684072713e-03 1.6856334240e-01 -7.0851765078e-01 1.1623972226e-01 -2.3956170327e-01 5.8380465188e-02 3.3247481291e-01 7.4476869678e-02 3.0212920184e-04 -2.0765800398e-01 -3.5026929524e-04 1.6672903590e-01 -3.1495201452e-01 2.7786056279e-01 3.8406555583e-01 9.3784659297e-05 -6.0265902428e-03 -2.1606944030e-01 -1.2293650332e-02 2.6147015701e-01 5.1772552262e-01 2.5652964655e-01 -3.8732598428e-04 3.1991360704e-05 -2.0826934762e-01 -5.9946164934e-02 1.4513069880e-01 -3.5663136990e-02 2.7230811182e-04 6.4991644445e-04 -2.8205823597e-01 -1.7382635707e-02 1.5150656842e-02 -1.8511224023e-04 -8.8621960479e-04 4.2504023308e-01 5.3856018615e-02 1.8718741641e-02 3.7434495560e-02 3.9613470766e-01 -2.7348273324e-01 4.3461498316e-01 2.7575086916e-01 1.5062974002e-05 1.6337806671e-01 2.8449772329e-01 -1.7790947995e+00 1.7148033639e-01 -4.4020013144e-02 -3.2037056237e-01
8.3748007526e-01 -1.0773053310e-01 -1.4545001071e-02 -1.7143201068e-01 -5.7696117800e-04 -1.3387926896e-01 -1.2610968032e-01 -1.2529949737e-01 -1.0385082805e-01 -1.6007983903e-01 2.8700625162e-01 5.0785455106e-02 1.3885195886e-03 9.1973507720e-02 -3.0384058693e-02 9.4787450572e-02 -4.7496816326e-01 6.2225727293e-04 -3.2113190989e-04 -2.9497045041e-01 -3.5581125290e-01 -3.8026258826e-01 2.8041558393e-02 -4.5086431164e-01 -1.7536113827e-02 3.1387328641e-01 5.2469979161e-02 -4.6347743708e-01 2.9323425635e-04 -5.9632093804e-01 9.5176571340e-04 -1.0016200793e-01 4.7937319493e-01 -2.7345199125e-01 3.6712697870e-01 -4.4420727632e-01 -2.6490054475e-01 -3.4089326148e-01 4.4608547578e-04 -6.7512827995e-03 3.8668718279e-04 6.6462709839e-04 -1.3306174394e-01 -8.6263687296e-01 2.2536428419e-04 -3.1058377498e-04 7.7263746978e-04 2.8437216380e-01 -1.9056817737e-01 6.1384402169e-01 2.1457920618e-01 -3.2021619007e-01 4.4710289284e-01 -3.6379711705e-01 9.4818706673e-04 1.6062534674e-04 -2.6632054451e-01 -5.5250499082e-01 4.2987752890e-01 5.2766673137e-04 -5.0241889837e-01 9.5594569203e-04 -2.4958643700e-01 1.9063312634e-04 -1.9305209504e-01 -2.5833906390e-02 -4.6284589521e-02 1.3916044110e-01 -6.4121439645e-01 2.1897638169e-01 7.0237976779e-02 -1.1095022995e-01 -6.9780389798e-02 3.2643433341e-01 7.2030305370e-04 1.9497443150e-01 -4.7643857780e-02 -6.1066808570e-03 6.8487657087e-02 3.6234761160e-02 2.5562675703e-01 -3.2429570842e-04 6.7359897139e-03 -5.0933325371e-05 9.5945270224e-02 -2.5050976862e-04 3.8932021169e-03 -5.5854000159e-01 1.8125792010e-04 3.0267165911e-01 -7.5049033667e-01 -1.2521605042e-01 4.7566666528e-01 1.8819990331e-01 1.0004401009e-01 -3.7933345897e-01 -1.5604145100e-04 1.4607413734e-01 1.1707831349e-03 -2.0431233120e-01 -1.0174397102e-01 7.8063824828e-04 -3.1337193225e-01 2.3713428949e-01 1.0688374669e-03 -1.9940955497e-01 -2.6143347135e-01 -1.2018611873e-01 2.8415028959e-01 8.7964222918e-03 1.9661884414e-05 4.3609302422e-05 3.5216172116e-04 2.9874680253e-01 -2.6594997658e-01 -2.1190566259e-01 -5.3531625890e-01 -1.3458365844e-01 -3.0285299355e-04 -1.4158653324e-01 -3.3920690394e-01 -3.0445555606e-01 1.2312891335e-02 -5.4685964045e-02 1.5591965047e-01 1.9443103855e-01 4.9606835800e-01 1.4555510670e-03 1.4396247087e-01 3.8887370775e-04 -1.8290472410e-01 -1.9785351260e-01 -1.5931416892e-01 -6.4916472964e-01 1.3145506349e-04 -3.8471515589e-03 3.3769014551e-01 1.2516317012e-02 1.5924681696e-01 -7.6572781410e-02 1.0434954747e-01 -3.5962228069e-04 -1.5270624953e-04 4.2494265871e-01 -2.1252105190e-02 -1.3495138853e-01 4.5685672204e-02 -2.2316383395e-05 -4.2761699692e-04 3.4454850220e-01 7.6374648502e-02 -1.6903831564e-01 7.9053865175e-04 -6.4997274496e-04 -6.0520462863e-01 -1.3287987097e-01 5.1136769404e-02 2.0339427751e-01 -3.4362953634e-01 4.1750791785e-02 -3.0226209716e-01 1.5767279473e-01 -7.9044047004e-04 -3.5501122141e-01 -1.0555549005e-01 -2.5285327263e-02 -2.3698894627e-01 -6.6774392637e-02 3.3607982134e-02
-3.3766390784e-02 -9.4309653517e-02 -4.7521377242e-03 -5.9966802150e-01 -5.4250241327e-04 4.0736269801e-01 -1.2688380738e+00 -2.9281868798e-01 -5.9571464601e-01 -3.9288741574e-01 -7.5481337445e-02 1.8020563864e-02 -3.9906328398e-04 3.4311720686e-01 8.8154988437e-02 5.0500115310e-01 -1.4507693810e-01 3.5457963652e-04 -5.9916782980e-04 -9.8273844911e-02 -1.4324446123e-02 5.5635597949e-03 1.2074737300e-01 6.3843866775e-01 2.8227353626e-01 -1.4709029148e-01 3.8387455591e-01 -2.2070818805e-01 -5.4173480147e-04 -1.7496535871e+00 -2.4268671676e-04 9.2798745901e-01 -1.8399868935e-01 5.3274350115e-01 7.5637086231e-01 4.5840269262e-01 -1.4595268215e-01 2.6117793397e-01 -4.2482342238e-04 -1.1830668414e+00 -6.2163852582e-05 2.5933655074e-04 2.3524278267e-01 -4.1600927749e-01 -6.4641818049e-04 -9.1629966394e-05 -1.4091680333e-03 5.4775396544e-01 -1.1949000781e-01 -5.9507470074e-01 -7.3424568818e-01 4.6904672824e-02 6.8553173360e-01 9.5846128909e-02 -5.5875343344e-04 -5.0474819529e-04 1.1180623035e+00 3.8467783938e-01 7.6572600400e-02 8.2677924853e-05 -8.8047217501e-01 -2.4008424906e-04 1.0513972840e+00 2.2111304286e-04 -7.3324095579e-01 -5.7331278086e-01 -4.4825314143e-01 -1.3461362786e-01 -8.1876069097e-01 1.6319614574e-01 -5.5109430915e-01 -4.3826772724e-01 -7.4533346381e-01 -9.9567477548e-01 5.9108449638e-04 3.8312645437e-01 1.5127739846e+00 1.0740701778e-01 6.3871657030e-02 -3.4554993681e-01 -2.3480526868e-01 -3.8113972075e-04 -2.9761542643e-01 -4.0319767859e-04 3.7562330798e-01 3.6925518359e-04 -4.8386200654e-01 -2.9728458581e-02 7.2020055993e-04 2.8832228349e-01 5.3707273934e-02 1.0110503391e-01 -1.7504836731e-01 1.1354673002e+00 -1.3208380091e-01 8.6574283052e-01 -1.3476725185e-03 -2.0890042667e-01 -2.1634216867e-04 4.0854222704e-01 -1.2390779396e+00 -5.7093643583e-04 1.4330398019e-01 -5.5701436156e-01 1.6912584465e-04 -1.6776521987e-01 -9.2143964129e-01 -6.5172078155e-01 3.5588422319e-01 1.9033392845e-01 -7.7457660454e-04 5.5497721325e-04 3.9275346692e-04 -1.0388017551e+00 9.5189952534e-01 4.0269396200e-02 -7.2617266078e-01 2.5877487159e-01 1.3856967743e-03 -1.8078895157e-01 7.5140769208e-01 3.1131878510e-02 -1.0708092632e+00 -8.6014205576e-02 -2.0444223786e-01 -7.2160674817e-01 2.1896127919e-01 9.5337853439e-04 1.9733544409e-01 1.9975125371e-04 7.2052612728e-02 2.3564343174e-01 3.7659247926e-01 9.9259181065e-01 5.2409565938e-04 2.2692198652e-03 1.2228590064e+00 1.9932747883e-03 -1.0409737816e+00 6.1238717312e-01 4.6897528379e-02 -3.2861823572e-04 -7.4740523655e-04 3.2873622990e-01 -2.6815490217e-01 -2.0288760675e-02 5.4822380529e-01 -9.1734909759e-04 5.4250870056e-04 -1.0467322151e+00 -1.9407683759e-01 3.4728782845e-01 2.1655380146e-04 -1.4624276702e-03 4.0255416726e-01 1.5134460835e+00 -8.9716878305e-01 1.5539856442e-01 -6.3238434340e-01 2.5068385810e-01 -3.4926383508e-01 -5.1748349048e-01 -7.6568902241e-04 5.1692255981e-01 3.9217266356e-01 7.1347006304e-02 -1.2337698412e+00 -6.3408699873e-01 8.4217521821e-01
-4.9628816039e-01 -7.6031303380e-02 -5.1722746877e-02 -6.1647162275e-01 2.0788115510e-04 -2.2525735960e-01 2.4047897717e-01 3.2663068540e-02 5.4983261399e-01 -5.2159980366e-01 -2.7662127358e-01 1.7613081197e+00 -9.1449068335e-04 1.7361431007e+00 -1.0544726970e+00 -6.7650564044e-01 2.8336258938e-01 -9.6338325041e-04 -1.3090732558e-04 -2.4250437046e-01 -4.8351688780e-02 -1.3837347023e+00 5.3464453670e-01 -1.3825118847e-01 3.5408900224e-02 5.9755772178e-01 -2.8018081424e-01 5.1886482145e-02 -2.9648429034e-07 1.7663273580e-01 -6.0198749492e-04 4.4205896968e-01 -9.6526480539e-01 -1.6409935427e-01 -4.2965688513e-01 1.1407963213e+00 7.3677262729e-01 1.4323011029e-01 -1.0949098255e-03 4.6416184945e-01 -2.8475337228e-04 -3.1371436707e-04 2.1382004588e-01 -1.0839999910e+00 5.3356019993e-05 -9.0575037291e-04 -3.5586822674e-04 -5.4759806889e-02 4.1403960254e-01 -3.5984444348e-01 -6.2687708742e-01 2.1746021063e-01 5.9337301616e-01 2.3758089130e-01 6.9090716581e-04 -1.0468846397e-03 -1.1934149538e+00 1.7626831852e-01 -7.0109791831e-01 2.0490422403e-04 4.3587244280e-01 -4.1847424373e-04 -1.9706361896e-01 -2.7160831720e-04 -1.1335203326e+00 4.3079940757e-01 3.3510910193e-01 7.6856237960e-01 3.2612197614e-01 6.6993548078e-01 -5.5239121571e-01 1.5880197034e-01 4.0474823129e-01 -3.3078808356e-01 4.7409746075e-04 -4.0170519588e-01 2.4222859296e-01 -1.8137389743e-01 -3.5699822834e-02 1.4029221780e-02 -1.4248902724e-01 5.4717193118e-04 -3.5158256943e-01 -9.8777870780e-04 1.7114118197e+00 -2.5312335539e-04 1.6329146726e-01 -1.8043493444e-01 -7.7523018526e-04 1.3945534208e-01 3.2540704744e-01 8.2825189023e-01 4.0144495020e-02 -3.1709430412e-01 4.6167237879e-01 5.2559882649e-01 2.5705408535e-04 1.5811808544e+00 1.2118593368e-04 -5.4617046673e-01 2.0899263172e-01 8.0610426647e-04 5.4527808616e-01 3.4968477169e-01 -9.9320465886e-05 -2.2170258782e-01 -9.4963043735e-01 -1.2313036600e-01 -1.6746631689e-01 -1.0906211004e+00 1.7869772307e-04 4.4359330068e-04 -2.6598147144e-04 -1.1255702758e+00 -4.8345657683e-01 -3.8228715142e-01 2.3201874642e-02 -5.8797341097e-01 -4.7470931901e-04 4.2945881184e-01 -1.7608020227e-01 -5.2814136233e-01 2.0001619669e-01 1.0189675753e-01 -7.6096477905e-01 -8.9605733120e-01 -2.5330234499e-01 6.1963909754e-04 1.3570789899e-02 5.8272585112e-04 -8.7263225444e-02 -4.8739367018e-01 9.8668613627e-01 3.8853230938e-01 4.2675006547e-04 4.4823967032e-03 -3.5128533129e-01 5.5162016456e-03 -2.4924379570e-01 1.5497278919e-01 1.2048670073e+00 -5.9569902519e-04 -1.5847564591e-04 -2.6608781960e-01 -5.2180262235e-01 4.1700794596e-01 -6.1701782615e-01 -4.7748149654e-04 3.3261476218e-04 2.0758055284e-01 -7.5407800669e-01 -1.7934036877e-02 -4.0547202894e-05 -2.1703248797e-04 8.1207172769e-01 1.1517573153e-01 6.6095999475e-01 -1.4496103568e+00 1.3563679291e+00 -3.4114613442e-01 3.9076725991e-02 3.7188339376e-01 6.9945696157e-04 3.2398709337e-01 -1.2711563039e+00 6.8787924565e-02 -1.0913528801e-01 9.8555923157e-02 1.3677831075e-01
-1.6073405640e-01 -6.2757306492e-02 -1.6372767325e-01 -1.0535190878e-01 -4.9492890567e-04 -1.0797862909e-01 -1.6691431511e-01 -1.5797659165e-01 -1.3707009183e-01 -1.5244728293e-01 -1.9553239672e-01 -7.8582297203e-02 8.6742315607e-04 -2.1531229629e-01 -1.1790288643e-01 -1.7736181233e-01 -1.2884620107e-01 4.9738075726e-04 9.4467045211e-04 -2.0237004232e-01 -1.5976436404e-01 -1.2193366933e-01 -1.1719237566e-01 -1.1882225341e-01 -2.5421699913e-01 -2.0147992640e-01 -1.3880177036e-01 -2.4094330474e-01 -4.8799439776e-04 -8.3282523380e-02 1.3553480731e-04 -2.0233952666e-01 -9.6831514190e-02 -8.8513887013e-03 -1.3960427841e-01 -2.0987936759e-01 -1.2870333523e-01 -1.6619865700e-01 2.7066644831e-05 -1.3691737851e-01 6.7351305853e-04 7.0904981972e-04 -1.7248241963e-01 -1.5913219478e-01 -9.9106009675e-04 2.4558342589e-04 3.4798218582e-04 -1.9679326570e-01 -7.8659658121e-02 -2.1344064713e-01 -7.3601137438e-02 -5.8259539129e-02 -1.9490542416e-01 -5.1237009041e-02 4.2614437256e-04 7.0501767490e-04 -1.4884920556e-01 -1.4082119738e-01 -1.9882626589e-01 1.3437492117e-03 -2.0785490972e-01 1.4302277377e-03 -1.2126444922e-01 1.3196362744e-03 -1.0661303516e-01 -1.3111969916e-01 -1.3111129827e-01 -2.2757479329e-01 -1.0863818986e-01 -1.5377597698e-01 -1.8131362723e-01 -1.2109630329e-01 -1.7869672144e-01 -1.5690647833e-01 -7.4569562374e-04 -1.0425582870e-01 -1.8165153641e-01 -2.1214185953e-01 -1.0793806699e-01 -1.2816978831e-01 -9.6846349941e-02 -1.0373828625e-04 -1.9243025585e-01 -2.9173642099e-04 -1.4001762572e-01 3.6997251390e-04 -9.7269416834e-02 -1.2109146434e-01 8.7012983879e-05 -1.6428947864e-01 -9.0228185908e-02 -1.2946844786e-01 6.6791021345e-03 -1.7398915715e-01 -8.1819426204e-02 -1.4069090673e-01 1.1245882341e-03 -1.8554000152e-01 -5.3008427743e-04 -1.2274677500e-01 -9.3367032037e-02 -6.9566387886e-04 -1.6898524413e-02 -1.0687846473e-01 -1.2181120667e-04 -1.4872932674e-01 -1.4483655334e-01 -1.8899156702e-01 3.4875179826e-02 -2.0634885502e-01 6.3792918296e-04 -5.2060418618e-04 -1.2011592422e-04 -7.7994723832e-02 -1.1222854010e-01 -1.8712541305e-01 -1.5025198444e-01 -1.8625793859e-01 -1.0347540978e-03 -1.6019491330e-01 -1.6214485842e-01 -1.4703125419e-01 -1.0981505010e-01 -3.1216382365e-02 -1.7047681686e-01 -2.3875112080e-01 -1.1083908491e-01 5.0686820482e-04 -1.6412160426e-01 2.2272235434e-03 -8.8866558081e-02 -2.2152598866e-01 -1.7356508956e-01 -9.5541115820e-02 -5.5887916584e-04 6.4618116089e-03 -1.5216477836e-01 1.5254603359e-02 -1.3161375525e-01 -1.3103028416e-01 9.3588554698e-03 -5.8468975328e-04 -4.7854540883e-04 -1.5083946009e-01 -9.4265995707e-02 -1.2795070976e-01 -1.7720159705e-01 8.6876131677e-04 7.4892943217e-04 -1.0610748374e-01 -5.0558587314e-02 1.0129117889e-01 9.2409540325e-04 2.1741964336e-03 -8.0768925352e-02 -2.0748543076e-01 -1.0643118744e-01 -1.6450124128e-01 -5.8003602093e-02 -1.9418361808e-01 -9.7088803134e-02 -1.9099843591e-01 7.4396742011e-04 -9.1608297456e-02 -1.0891750366e-01 -1.1356075908e-01 -4.4789223512e-02 -2.2449098397e-01 -2.3988509488e-01
-1.3961950648e-01 -2.2543163418e-01 9.9669173349e-01 -4.3262269073e-01 -3.0567029493e-04 -3.4881158695e-01 -9.0885681578e-01 1.4287055250e-01 1.5235687513e-01 -1.0210286180e+00 8.3789376004e-01 2.4843575055e-01 5.6909984673e-04 2.2489225692e-01 2.7731469381e-01 -5.0594954480e-02 5.7756971083e-01 -4.6622470443e-04 -1.7560069058e-04 -3.0062490431e-01 -5.2776740228e-01 5.9900385218e-01 9.1624366961e-01 -6.8218629930e-01 8.4098654945e-03 -2.4121784778e-01 -5.7873444605e-01 -3.2867237913e-01 -1.3887427122e-03 1.7055216439e-01 6.5975554678e-04 3.4236444232e-01 5.4109445453e-01 3.9981035326e-02 -3.6413837243e-01 6.8825153106e-01 -4.1115093266e-01 -6.3881634252e-01 -2.5317380570e-04 -4.3350820360e-01 -1.0271956245e-03 -6.7681789079e-05 5.0630510342e-01 -3.8471171742e-01 1.4622848160e-04 1.2241816743e-04 2.3111834321e-04 -6.5384308830e-01 -3.4504321297e-01 -3.5525685571e-02 -1.8986674866e-01 -2.8784192483e-01 -7.6710212846e-01 -4.5629287560e-01 1.7739888076e-05 -1.2264634724e-03 9.0586163981e-01 -1.1102936604e+00 6.9399465495e-01 4.4320746185e-05 4.0286921728e-01 2.9522612781e-04 1.9578604438e-01 2.4449239565e-04 -5.2099915423e-01 -2.4347855502e-01 5.3871930322e-01 3.1643619487e-01 2.3433264062e-01 -4.0925802543e-01 -9.0495683341e-02 3.9283055611e-01 -1.6676762540e-01 2.8474293248e-01 -6.9161519289e-05 -5.7733579871e-02 -5.4242591772e-01 -6.5361894716e-01 -1.8231895710e+00 1.0914777394e+00 -1.8950818516e-01 8.3212147691e-05 7.1941693810e-02 3.9929350156e-04 -1.0703757464e+00 1.0374977037e-04 -1.1869311340e-01 3.3562511130e-01 8.2187660938e-04 -3.6585798655e-02 1.3894866727e+00 -4.3756606437e-01 7.5144896460e-01 1.2968104106e-01 6.7960044995e-01 2.1716420417e-01 -7.0341200902e-05 1.3147414958e+00 1.8861613361e-04 -7.1066516588e-01 -5.9523647482e-01 -8.5798901532e-04 -5.4907373329e-01 4.9142073352e-01 5.5117104180e-04 -3.9763131919e-01 -2.3909752365e-01 -8.1420560203e-01 -1.3352291854e+00 7.0710710062e-01 2.7325937193e-04 -6.0578738530e-04 -3.2023500438e-04 -1.5173955725e-01 2.0662018671e-01 -2.7063214306e-01 -1.2402534847e-01 -1.3805160185e+00 -4.9524049618e-04 -8.3676377147e-01 4.1731631325e-01 5.1713759708e-01 -1.6235825343e+00 4.1948466690e-01 1.5645658301e+00 1.3084375362e-01 5.9508196203e-02 -4.9258897870e-04 9.5916959791e-01 4.3879453022e-04 -1.1545554561e+00 -1.5924279915e-01 -4.2843101335e-01 2.3269662957e-01 4.7164839853e-04 -3.8955105084e-03 -3.9665438088e-01 -7.6949872260e-03 -5.2699647822e-02 -1.0775225899e-01 1.1100551303e+00 -4.5160625283e-04 3.4918617331e-04 3.8684946673e-01 -7.3095441481e-01 -8.5594815374e-01 3.7292523726e-01 -1.9513892509e-05 -4.4578854851e-04 3.2405045916e-01 6.2657017414e-01 5.7594853804e-02 6.4180491845e-04 -4.3778803537e-04 1.8879024514e-01 2.7862326128e-01 -8.0957186781e-02 -6.5381502539e-01 -1.1887743214e-01 1.9645305881e-01 6.1282139766e-01 -5.6302123676e-01 -2.8134030552e-04 -7.3365024632e-01 3.0080278878e-02 -1.5102182449e-01 1.0976886519e+00 8.8451794771e-03 -1.7869326995e-01
2.9433236177e-02 -8.4845784936e-02 -2.3468678093e-01 -1.5849803310e-01 8.6872734196e-04 -4.0898048665e-03 -2.2128228136e-01 -1.3447029038e-01 -8.3502794087e-02 -1.0937844569e-01 -1.8331709827e-01 -2.2272220114e-01 3.1386219195e-04 -1.4847564062e-01 -1.6239292042e-01 -1.7533465341e-01 -1.8963615940e-01 6.2395254218e-04 5.0116431430e-04 -5.1939041691e-02 3.9472903032e-02 -8.4150608596e-02 -2.3250205493e-01 1.0870030743e-01 -2.2989266677e-01 -8.7015179298e-02 -6.3547651032e-02 -1.7649480213e-01 1.7165909004e-03 -8.7235338166e-02 -3.1817031343e-04 -1.4053660515e-01 -1.5120204122e-01 -3.4233249455e-02 -9.1671064167e-02 4.6470744894e-03 -1.2317434822e-01 -1.1201245140e-01 5.3449632783e-04 -2.0234127892e-01 2.6761885463e-04 7.7720977642e-04 -1.2705639118e-01 -2.2903631491e-01 5.4037271421e-04 5.4453026302e-04 -1.1330656830e-04 -6.2609661413e-02 -4.5392462719e-02 -1.7083436362e-01 -9.0710060396e-02 -1.5239730096e-01 -2.6320979251e-02 -1.2672694593e-01 4.9765137192e-04 -2.1919300300e-04 -1.6376084709e-01 -3.2804708104e-01 -1.7910170215e-01 3.4641390160e-04 -7.1888842517e-02 -8.9567896297e-05 -1.6072087035e-02 -2.5310196798e-04 -1.4198573382e-01 -5.8337927767e-02 -1.2282123588e-01 -2.1493108014e-01 -1.6451078521e-01 -5.9804127517e-02 -1.9410731705e-01 -2.1192045209e-01 -1.2500664202e-01 -3.0417326538e-01 1.1992690663e-03 -1.6869630462e-01 -1.1914324626e-01 -2.0137612521e-01 7.8609028575e-02 -9.2969964559e-02 -2.7539330647e-02 3.0307131544e-04 -1.1083886938e-01 -1.7395896593e-04 -1.1745894086e-01 -2.4939486019e-04 -9.1790662316e-02 -8.5908109482e-02 -2.7656499655e-04 -2.2254523719e-01 -3.0056035463e-01 -1.4446716012e-01 -3.3067023679e-02 -5.0685447832e-02 -1.4137342346e-01 -8.3103721620e-02 -9.7638468464e-04 -8.2313469687e-02 -5.2951437985e-04 -3.5342498659e-02 -8.7204972766e-02 7.1980923697e-04 -1.6490113609e-01 -1.4917119352e-01 8.1228298198e-04 -8.9300365078e-02 -2.2273346100e-01 -9.8489687136e-02 9.6372604381e-02 -9.6102267099e-02 6.0347148648e-04 4.1509208573e-04 7.0976809851e-05 -1.5707204624e-01 -1.2628037765e-01 -1.2399918535e-01 -4.6383474872e-02 -2.3081011853e-02 -4.9781262626e-04 -1.4706579087e-01 -2.4064595364e-01 -3.2524654445e-01 -1.5137511620e-01 -1.0285036076e-01 2.4000063504e-02 -1.7312086613e-01 -1.7370997402e-01 -3.5413558555e-04 -2.1291798918e-01 1.5174897293e-03 -2.6372598822e-01 -2.3983984460e-01 -2.8897789520e-01 -2.5069667188e-01 6.9950264475e-05 4.8305941708e-03 -1.6954674755e-01 1.8503737380e-02 -2.9182174637e-01 -1.9713911028e-02 -1.0551319205e-01 -8.8244077835e-04 3.8506169996e-04 -2.1705032824e-01 -1.7953639003e-01 1.2024769753e-01 -2.2360829126e-01 1.6653765692e-03 -7.5077379935e-04 -1.0798044984e-01 -1.1037885656e-01 -2.9524088324e-01 1.4212084767e-03 8.3645732735e-04 -2.7440997730e-01 -1.0298901153e-01 4.0446389655e-02 1.9103085742e-02 -4.0225549795e-03 -3.9682687473e-01 -1.3030795162e-01 -2.0021826314e-01 -4.1836149302e-04 -9.6527841647e-02 7.3559802478e-02 -9.5495466915e-02 -2.6328649926e-01 4.5769823598e-02 -9.0138794608e-02
-6.0080209238e-02 -2.7247656941e-02 -1.1221506699e-01 -8.8627715392e-02 -3.2775760477e-04 -1.8616961291e-01 -2.2412440141e-01 -1.5644293130e-01 -1.2531324842e-01 -2.0515767835e-01 -1.0136304606e-01 -1.2314654669e-01 1.2066108778e-04 -1.6648920805e-01 -3.7620177830e-02 -1.4817265233e-01 -1.6409505168e-01 2.7443158724e-03 -7.5355629897e-04 -1.5378770593e-01 -1.3283332697e-01 -1.3863495771e-01 -1.1553122965e-01 -1.4819490335e-01 -7.7721050223e-02 -4.5143076266e-02 -6.4039701577e-02 -1.5732772533e-01 -8.9673704358e-04 -7.1827815566e-02 -1.0374596126e-03 -2.3929671501e-01 -2.5800435435e-01 -4.5020126292e-02 -1.5239968187e-01 -1.8320291906e-01 -1.3974571321e-01 -1.2486927893e-01 1.1006950404e-03 -1.4010640072e-01 -1.7687793973e-03 1.1126197887e-03 -2.3229377188e-01 -1.0414202863e-01 2.7750722194e-04 -7.9805077629e-04 6.5237037683e-04 -1.9914580053e-01 -2.0271574206e-01 -2.0877605765e-01 -1.5564370450e-01 -2.0463012100e-01 -1.8360318707e-01 -1.8599229493e-01 1.7401874883e-03 -6.3709047812e-06 -1.6002525652e-01 -2.6660755391e-01 -1.6668881780e-01 8.8458879515e-04 -2.0540571192e-01 6.5378407347e-04 -3.5334272148e-01 2.0896720921e-04 -1.6588500907e-01 -2.4280699492e-01 -5.5439069789e-02 -2.0283166305e-01 -2.2694649215e-01 -2.8248045501e-01 -7.4316893792e-02 -1.4587955968e-01 7.1823936328e-03 -1.1783482541e-01 4.3826969636e-04 -8.6310227749e-02 -8.3797607653e-02 -1.4937367234e-01 -1.2888684787e-01 7.7209200575e-03 -1.4372304897e-01 -1.0756371907e-03 -1.0559703220e-01 8.6206328706e-04 -2.1223662691e-01 3.8426891475e-04 -1.8716291804e-01 -6.1274037039e-02 5.2065664745e-04 -1.4234191258e-01 -1.3521449664e-01 -2.0156575282e-01 -1.0496699334e-02 -9.3843046444e-02 -2.0932740066e-01 -2.1739954511e-01 -4.1658459468e-05 -1.9136674710e-01 2.2390620888e-04 -2.0454503405e-01 -7.0409329961e-02 1.0633208107e-03 -1.5124322708e-01 -2.5418482687e-01 8.1244654611e-04 -1.4314315866e-01 -1.5750329291e-01 -5.7405428093e-02 -1.3015841015e-01 -1.2872439334e-01 -5.0244335566e-04 5.1804582365e-04 6.4359842052e-05 1.2633372960e-01 -2.8060095687e-01 -2.3886059164e-01 -2.3964631917e-01 -1.4608023200e-01 1.2131111152e-03 -2.0181425722e-01 -2.2897987915e-01 -3.1370367908e-02 -3.6324886938e-02 -1.3522404718e-01 -2.1828699972e-01 -1.1947063830e-01 -1.4234617436e-01 9.2214046241e-04 6.5296389967e-03 7.9221475046e-04 5.4018933731e-02 -1.7911797716e-01 -1.9138025880e-01 -1.5849436324e-01 -6.2453565895e-04 6.6307593507e-03 -1.2817532990e-02 1.6242374081e-02 -6.9016216382e-02 -1.9539534907e-01 -8.2623019316e-02 1.5678717563e-03 -7.5915931054e-04 -1.1961511033e-01 -1.4464481721e-01 -1.8725677820e-01 -6.8944813869e-02 -3.9828778834e-04 5.7313841684e-04 -1.0792203812e-01 9.5548097562e-02 -1.8870361574e-01 5.2626072622e-04 1.0776378661e-03 -9.8187748213e-02 -1.0338751798e-01 -6.2951435878e-02 -7.7854468161e-02 -1.8364856832e-01 -1.2466136220e-01 -1.3589880812e-01 -6.1733196713e-02 4.6242772545e-04 -3.3560642495e-01 -1.8558627467e-01 -1.0051540831e-01 -1.5078351359e-01 -6.7319024231e-02 -1.2681401973e-01
5.3054609510e-01 3.9077876989e-01 7.7383729096e-02 9.3546411189e-01 -1.7036461794e-04 1.1287425056e-01 -3.9196729793e-01 2.5900503410e-01 -1.2890009958e-01 7.7481233579e-02 7.6313527345e-01 3.8677205803e-01 -3.7068061080e-04 1.6599639984e-01 1.5921927586e-01 4.6647185155e-01 1.9030518091e-01 -7.4660391883e-04 -1.3424632296e-03 -1.5759262651e-01 -5.8575185367e-02 -3.6960980821e-01 5.0027824356e-01 5.7592925030e-01 8.0768736616e-01 2.5252046371e-01 6.0441930973e-01 5.4266958850e-01 2.2746875862e-04 -3.8675051158e-01 -9.9504407053e-04 2.2428664222e-01 5.9479257401e-01 -1.8838016004e-01 8.1429527551e-02 3.0828464949e-01 -4.0995457798e-01 8.0754155840e-03 5.0834740184e-04 8.4952351782e-01 -1.3523187607e-04 5.4884588286e-04 -4.7541228236e-01 4.6003678410e-01 2.8140332932e-04 -4.0862798269e-04 -6.5913826510e-05 -6.8073666883e-01 7.5733850978e-01 -6.2069910648e-02 5.7405423074e-02 2.8715947323e-02 5.7746986394e-01 -2.1140192645e-01 4.5392819313e-04 -6.0050080549e-04 -4.5957970591e-01 1.6428228762e-01 -6.0303610059e-02 1.9082826290e-04 -1.6957819215e-01 -7.0775657398e-04 -6.2223170172e-01 -5.5634616706e-04 3.4015309495e-01 -6.8908869015e-01 -2.4756050663e-01 6.3431211235e-01 2.5218125288e-01 4.0536933304e-01 5.2040949822e-01 4.5993586249e-01 3.5815907006e-02 5.8207894760e-01 6.9323149937e-04 -2.9046881733e-01 8.4791609961e-01 -1.7451753053e-01 -7.9676991646e-01 -4.9499305383e-01 1.6326198574e-01 -2.6016565568e-04 -1.3478505048e+00 -1.0362148529e-03 2.9477048401e-01 1.1369276059e-03 -5.3483361617e-01 -6.6450565772e-01 -1.0298520303e-03 7.4636767159e-01 5.9410256917e-01 2.1335944204e-01 -1.1487727746e-01 -8.3852124737e-01 -5.6497577934e-01 2.5775331049e-01 7.1882854814e-04 -8.1993173285e-02 -3.6004920816e-04 9.4599738294e-01 -2.2863894226e-01 1.2009016694e-06 7.0994207288e-01 -1.0784969592e-01 -1.3250521812e-04 2.0416776318e-01 -7.3310364445e-01 3.2149906359e-01 7.5415586071e-02 1.3516409484e-01 -6.5671466890e-04 1.1334182633e-03 1.1104482972e-03 -5.1171384694e-01 -6.2985781947e-02 -2.1636959115e-01 -3.5681099024e-02 -1.9795046717e-01 3.1632413898e-04 4.4301551082e-01 1.0190497645e-01 1.6447693590e-01 5.3632184642e-01 6.8521952976e-01 -1.3130795714e-01 -3.3139662564e-01 -5.8462845846e-01 -8.9482450372e-04 3.2896900277e-01 1.4740954896e-04 1.5387803185e-01 2.2452631853e-01 3.5797290721e-01 -5.5332928994e-01 -6.9984019978e-04 -4.2070942177e-03 4.8711269860e-01 -1.5079786365e-02 4.8457784220e-01 -4.8377099882e-01 2.5228995410e-02 -2.3593016444e-04 -8.7026423859e-05 9.0018597913e-01 8.2219499498e-02 1.3762225523e-01 -2.1190000820e-02 -1.0844727407e-03 6.3577825880e-04 2.6307359024e-01 -3.7037926206e-02 1.7554109798e+00 9.7188248835e-04 7.3375376271e-05 1.0266639833e-01 -3.6520939447e-01 -5.3504422423e-01 8.6664536386e-01 -7.7524827642e-01 3.3505544786e-01 -6.1819267079e-01 3.7870537700e-01 7.2277481939e-04 -4.2718270421e-01 6.4026584315e-01 2.8054472608e-01 1.1215966223e+00 4.3971727059e-01 -4.9955654700e-02
-1.5319978818e-01 9.0598897813e-01 -3.0052301537e-02 5.3587295579e-01 1.6611488068e-04 4.5870228471e-02 1.8703237620e-01 -4.2906294930e-01 -3.5696754091e-01 8.0482712319e-01 4.4326895240e-01 -3.8733591805e-02 -9.3263154142e-04 -4.5619758330e-01 -5.2519264594e-01 6.3894781973e-01 6.1527864761e-01 -9.3896002836e-04 7.4854332848e-04 -4.6579350788e-03 -5.2903523564e-02 -7.1758286353e-03 8.3074187280e-01 -3.1608928932e-01 -9.5545000592e-01 4.9716336932e-01 1.9551867253e-01 -1.9095787596e+00 -4.1398696218e-05 -4.8256528263e-01 3.7048126179e-04 1.7567650090e-01 7.9700919092e-01 5.4695354428e-01 -8.7663538611e-01 3.4388063185e-02 -2.7081903514e-03 -8.3004437204e-01 8.7446234133e-04 -1.4545712877e-01 -6.6596243348e-04 7.3166620336e-04 1.4555819059e-01 3.0575980943e-01 8.7845386674e-04 -8.1662855453e-05 9.1293994648e-04 5.9491129371e-02 -1.7264711843e-01 -9.1610005901e-02 7.9716468516e-01 2.1944700715e-01 3.6411522493e-01 -3.6932096787e-01 4.7240750756e-04 -5.3012252951e-04 6.4590231487e-01 -2.7178907010e-01 4.9345379521e-01 -7.8474416356e-04 -3.7640040786e-02 3.8941759552e-05 6.1360868828e-01 -3.7753494956e-04 8.5171051007e-01 -8.2402198202e-02 7.2907145960e-01 8.0641716804e-01 1.2897244624e+00 -2.8207433435e-01 2.4157700175e-01 -4.5610879121e-01 4.7734492052e-02 -5.9919261822e-02 -5.4914068213e-04 -2.1847188434e-02 8.2399908354e-01 3.6707678379e-01 -8.5315771958e-01 -2.9742638251e-01 -3.9279563492e-01 -7.9717697220e-04 -2.9870407926e-01 5.6755601612e-04 6.4474742372e-01 1.0486962339e-03 -7.5451305719e-01 -9.0888574183e-01 1.2965809115e-03 -7.3463225956e-01 -1.1745065356e+00 4.1962720840e-01 -2.8343434556e-01 -8.8135301841e-01 3.7856755265e-01 3.0595564774e-01 3.2291449071e-04 5.9628309675e-01 6.2998432668e-05 -1.6305485324e+00 7.4883436903e-01 -6.9528207308e-04 2.4852034655e-01 -6.3667675119e-01 3.2596121732e-04 -1.6528412409e-01 4.8357263961e-01 4.7280926801e-01 9.3292698976e-01 -5.3195243237e-01 -7.7121036447e-04 -2.5020192709e-04 6.0104047818e-04 9.8043655630e-01 9.7688394271e-01 -5.0384433635e-02 8.3196113049e-01 -7.9940458033e-01 1.6621628552e-04 8.0540057571e-01 9.5362446253e-02 4.4275351112e-02 -6.4273372118e-01 5.3233425670e-01 2.3217549198e-01 6.5702967995e-01 1.7136867524e-01 1.3242611521e-03 3.2840767515e-01 5.8483899052e-04 6.3394276470e-01 -5.8060112199e-01 2.9979591221e-01 -2.6805234831e-01 -1.7211377874e-03 -3.7685417385e-03 9.4356682837e-03 1.5110587070e-02 -1.3997220878e+00 6.1775529505e-02 -4.5510305049e-02 -5.8139976158e-04 -4.8059232849e-04 -9.4682805654e-01 -8.0084721397e-01 -1.7408301398e-01 -5.2214235115e-01 -2.7074777785e-04 1.4580588813e-03 -6.7038848054e-01 -1.1211117672e+00 1.2136800045e-02 7.0195887612e-04 4.3805016338e-05 3.0312697403e-02 3.4638770563e-01 4.6644520715e-01 1.3186189300e-01 1.4577985548e-01 9.7460781971e-01 -9.0995336266e-01 2.5196173512e-01 2.5547381333e-04 -3.0263118808e-01 -2.4095756943e-01 5.9445595373e-01 3.7424006910e-01 3.3058156315e-01 -3.0023840561e-01
-1.1220637144e-02 -1.1970476938e+00 1.7800227432e-01 -2.6024842173e-01 -4.0173857220e-05 2.0878758204e-01 8.7750914912e-02 4.3966286038e-01 -2.6741629483e-01 1.2027836306e+00 8.0632942737e-02 2.1159847651e-01 1.5022647729e-03 -1.1546004215e-01 1.1327939521e+00 -3.0143634559e-01 -3.9462293670e-01 3.3755073172e-04 -4.3600230446e-04 -6.3049563753e-01 -3.6990131026e-01 -2.7757545066e-01 3.8335557557e-01 6.5011906120e-02 7.2733355280e-02 9.0437897136e-02 -5.1994200580e-01 -3.6193254530e-01 -4.0603820083e-04 -1.7411352341e-01 -1.0622468587e-05 3.0507131164e-01 -5.4928765248e-02 -5.4243724588e-01 9.7213556091e-01 2.0004794422e-01 -9.6185559742e-01 -5.5298713250e-02 9.2366599747e-04 -2.2797123750e-01 4.8995736802e-05 -6.8554743976e-04 5.1811349721e-01 1.0737007922e-02 -3.0298175373e-04 5.5292498633e-04 5.1008870822e-04 -9.5179768547e-01 6.0092631553e-02 2.7966383794e-01 1.2503317562e-02 -3.2188711710e-01 -1.4265053046e-01 1.1850014270e+00 -3.2927858718e-04 -6.0496611944e-04 -4.9361086552e-01 -1.6926105240e-01 4.2492399112e-01 6.8930630209e-04 3.2707097620e-01 -6.0572614241e-04 -1.8291880345e-01 -1.9238468147e-03 1.2547495143e+00 -2.9672566732e-01 -1.2719304729e+00 9.6791671813e-02 -1.1467314408e-01 7.0520436059e-02 1.2915405433e+00 -5.7296076536e-01 3.0232092868e-01 -3.8536933690e-01 5.7043456029e-04 5.9649687560e-01 6.3285896246e-01 -1.4353090917e-01 -5.1741227709e-01 6.2515289993e-01 2.3919448244e-01 9.4230330757e-04 3.6756169534e-01 1.3103545595e-04 -1.3510339516e-02 -5.2241292268e-04 -4.7281661549e-01 -1.6193808924e-01 9.7833621524e-04 2.7143380257e-01 1.1321897818e+00 5.2362680648e-01 3.4728396577e-02 -6.9168851723e-01 -5.5115861894e-01 -5.3952996174e-02 -3.4669399150e-04 -1.3742325438e+00 2.6616388243e-04 -5.8905202207e-01 7.8602726032e-02 8.1637016390e-04 -2.9951696261e-01 1.4664949171e+00 7.6475443711e-04 2.8867809641e-01 1.3762281857e-01 4.8646898746e-01 -7.2557152477e-01 -2.7194912692e-01 9.6700766367e-04 -8.3085264412e-04 -1.9145181480e-04 2.2636669725e-02 -5.9481649953e-01 -2.6887635395e-01 -3.7662368924e-01 -2.0413359685e-01 4.3067768647e-04 3.1056031055e-01 4.4412785030e-01 -1.1464807327e+00 -1.8871661287e-01 4.6233928624e-01 -5.6695275653e-01 -9.5280715249e-02 2.8908071006e-01 3.6453391324e-04 -6.2891541201e-02 1.0394721484e-04 3.3268150592e-01 -3.2476177581e-01 2.3337994237e-01 5.0455412701e-01 -4.6156807035e-04 8.4156185312e-04 -5.1364173145e-01 5.0010404924e-03 -1.0859894355e+00 -8.3471519218e-01 1.8380570671e-01 -4.1931135749e-04 -3.8816123999e-04 -3.0062434546e-01 -1.6413039342e+00 -4.4722498423e-01 -1.0716885482e+00 1.2268847187e-03 -5.0048093838e-04 -7.9432270253e-01 4.4551992961e-01 -6.0404166772e-01 1.6355771748e-03 1.4534559936e-04 7.7941453875e-01 3.9402919156e-02 1.6622151243e-01 5.5651381778e-01 -6.0583832285e-01 -2.5027800861e-01 3.7597272408e-01 5.6456371149e-01 -5.5741547342e-04 4.1569306822e-03 1.7871129127e-01 -1.1119620203e+00 3.5866953374e-01 5.6605752704e-01 2.4328373980e-01
-7.5481852109e-02 -5.0831926791e-01 1.0315453333e+00 8.9488169695e-01 2.2800027558e-03 -3.5156578791e-01 -6.0753878898e-01 6.0083327142e-01 -7.5932681078e-01 -5.1413188923e-01 -8.2620162320e-01 4.2616510915e-01 -4.5743609917e-04 2.5067571683e-01 -2.6086025623e-01 4.2736021823e-01 -1.2358101216e+00 -4.4983720475e-04 -1.5460821769e-04 -4.7036057305e-02 6.5773608269e-01 5.1110061197e-01 -6.2627277859e-01 3.4645858832e-01 -3.9933265311e-01 -5.9722239395e-01 -4.2075496367e-01 1.1764213054e+00 -6.1987745410e-05 -6.1932644338e-01 4.2995024363e-05 2.6040228839e-01 6.9264463233e-01 2.6517661842e-01 2.0075437120e-02 -3.0615889240e-01 7.4760039633e-01 -2.9459775659e-01 2.8602385566e-04 8.6130943350e-02 2.7432726871e-04 -4.7715849919e-04 -6.6533765451e-02 4.9155679954e-01 1.2952538882e-03 2.8022099336e-04 3.3883518212e-04 -5.6547655037e-01 8.5649686931e-01 -1.7216868789e-01 3.0566472358e-01 -3.5101175394e-01 3.1746752953e-01 -2.0863725187e-01 -2.2077063074e-04 -2.1629509055e-04 2.0148218224e-01 -2.0772626498e-01 -7.8056596181e-01 8.9784600338e-05 -7.3168565323e-01 -2.6730033743e-04 -1.0527805397e+00 6.9266922325e-04 1.3328020542e+00 5.7304713222e-01 -5.3389235672e-01 2.2392094536e-01 -2.5227798640e-02 -2.4391261082e-01 -2.5991397850e-01 -6.7580856989e-01 5.1029106285e-01 -3.4842479877e-01 5.1393660655e-04 2.8733112235e-01 -6.9588834232e-02 -4.0153340049e-01 -1.8313402262e-01 3.2511438541e-01 2.1186545106e-01 -2.0987859527e-04 -3.1164346767e-01 -1.1774582447e-03 5.5163890870e-01 5.8444706856e-05 -6.2281778070e-01 9.2209267614e-02 -5.8010006058e-04 -7.9109625962e-01 -1.2516596614e+00 5.0288626512e-01 5.4937938259e-01 -5.5758820019e-01 1.8481832979e+00 6.5440251893e-01 4.5699175227e-04 -1.6945232359e-01 -9.4788981528e-05 -5.2724573335e-02 -2.0551645392e-01 2.1319352128e-06 -4.1583411656e-01 1.3788011955e-01 2.5043916661e-04 8.9009265806e-01 3.5108720720e-01 -8.8707113904e-01 2.3356371218e-01 -2.0150046812e-01 -1.2691369262e-04 4.3754004365e-04 -3.1370877080e-05 -5.4681046230e-01 3.4975668352e-02 7.0304141382e-02 -8.0031234267e-01 -1.7903073826e-01 -1.4107366884e-04 1.1955422217e-01 6.8111874721e-01 8.9881270073e-03 3.5817346411e-01 -4.3421688003e-01 3.9160881187e-01 -8.0377100853e-01 1.3825770818e+00 8.2518136950e-04 -1.8403537008e-02 -6.9059260886e-04 -2.0577236355e-01 -9.8388120510e-02 -4.9920778222e-01 -1.8702451632e-01 1.7117338482e-04 -3.6139391828e-03 1.8902064383e-01 4.4197848026e-03 2.4659764783e-01 1.1656707050e-01 -3.0687325520e-01 9.6472908764e-04 1.6238651699e-04 3.2315564030e-01 -2.1882716889e-01 4.7879698724e-01 9.8701119161e-01 3.4856911916e-04 -7.2956691036e-04 -9.4916245404e-02 -9.2572915178e-02 1.2822896867e-01 -4.9232860656e-04 9.3239467317e-04 1.0926403036e+00 1.8408898091e-01 -5.3008537395e-02 2.7977546015e-02 9.3164988055e-01 -1.0738621670e+00 -6.4828295574e-01 2.4340037516e-01 5.6741228820e-04 3.0922025474e-01 1.0176154175e-01 -1.7039854582e-01 1.2629613344e+00 -1.0157532914e+00 -4.6887529859e-01
-1.3656615020e+00 3.1477085907e-01 4.6282027397e-01 7.8912950187e-02 1.6222068659e-03 -2.5418017439e-01 3.2118126939e-01 1.1077212900e-01 5.7810398110e-02 -5.8591371749e-01 3.5888114281e-01 4.5014243599e-03 -2.8214170357e-05 1.4178429243e-01 6.2591561540e-03 -1.6452266318e-01 1.9388985665e-01 9.6750094023e-04 8.4609172007e-04 -2.6178589899e-01 -7.2060336586e-02 1.6834996742e-01 -8.0575613813e-03 2.8312940343e-01 -1.7656002527e+00 2.1976771543e-01 -1.3090495698e-01 -2.0780438776e-01 -1.7716456284e-04 -4.2086473533e-02 1.1731658733e-07 4.4378862299e-01 -2.4312417219e-01 -5.8165795153e-01 2.8392067010e-01 4.5640423843e-02 3.0089686325e-01 1.9896189898e-01 5.0234074074e-04 1.4490047833e-01 4.3660995249e-04 6.3681880268e-04 3.8977831242e-01 1.9097787551e-01 7.4868702128e-07 5.2457986708e-04 -1.8354626730e-04 3.1294544767e-01 2.5049084352e-01 4.9534037063e-01 -2.1511301061e-01 1.4883188558e-01 -2.0595306582e-01 -8.0260812445e-02 4.1007056792e-04 -1.0799490863e-04 -1.2184349926e-02 -2.3375599568e-01 -3.3344056630e-01 4.3335796383e-04 3.7408429075e-01 -1.1523584519e-03 5.1563754263e-02 -1.5673584508e-03 1.1236559885e-01 -4.6378966974e-01 -3.2077482760e-02 -1.4578884729e-01 -4.9411040197e-01 -1.5952305082e-01 6.0596407614e-01 4.5593977901e-01 -7.4048637810e-02 -7.7120882830e-01 -2.1850564176e-04 4.8536456211e-01 -6.9770824328e-02 7.9983093431e-01 -1.4414767738e-01 1.7974619592e-01 -1.0875348751e+00 1.5909083588e-03 6.5359222961e-02 1.2554082493e-03 4.4936725095e-02 8.2781331684e-04 2.4285527325e-01 -1.7698347985e-01 -6.1560953180e-04 -9.9570628547e-01 -1.8271924238e-01 1.7772506489e-01 -4.0339741566e-01 3.7397109151e-01 1.8647068803e-03 1.6777047008e-01 -3.3698388920e-04 4.5969787610e-01 7.0100132976e-05 1.3446845786e-01 -2.8491229013e-01 5.5377875340e-04 2.8135075994e-01 1.2015564300e-01 -8.1984501362e-04 1.8888751358e-02 2.9505424567e-01 3.5458178922e-01 -2.5058561170e-01 6.9034492775e-01 3.1299509960e-05 8.1134449639e-04 -4.6733623442e-04 6.0360913977e-02 -2.0338117666e-01 -4.6526866433e-01 2.3113006041e-01 -1.1587463996e-01 -6.8911395540e-04 -2.2522910917e-01 1.0515275990e-01 5.3429567053e-01 -3.0930776982e-02 -2.3687938214e-01 -3.6292215880e-01 7.3262039002e-01 3.0546338974e-01 -1.0948240618e-03 4.9219754069e-01 -1.2447814882e-04 3.2262370821e-01 3.4101047569e-01 -2.2404777452e-01 1.4184569273e-01 4.6545948126e-04 1.5082773801e-03 -5.4370017442e-02 -1.3319900001e-02 -8.2364750507e-02 -2.3229937645e-01 1.3656819758e-02 1.9780519193e-05 -1.3294911033e-03 7.5990397657e-02 1.7237366005e-01 -2.7489282541e-01 2.4882626695e-01 -1.0977718796e-03 -5.8777560338e-04 7.8706200562e-01 5.0893996107e-02 5.2007517523e-03 -3.7660616634e-04 -7.6163837925e-04 5.2962535376e-02 1.3888523244e-01 5.5119777454e-02 6.2952518223e-01 2.9396605675e-01 5.5137960465e-01 2.7144197619e-01 1.8567704650e-01 4.4824674897e-04 2.0559939051e-02 -5.5394489503e-01 -1.7412865020e+00 3.4501554137e-01 2.2471376940e-01 4.6651344582e-01
2.9008377000e-01 5.5251037352e-01 -8.1415299989e-01 3.4235508690e-01 1.5815609613e-04 -3.8534596139e-01 -9.6969169161e-01 -1.9919800874e-01 -8.2268040145e-01 -3.2981526983e-01 -1.1339136909e+00 -4.8294305361e-01 -6.3748826329e-04 6.1736608606e-01 -3.7455645461e-01 4.7229010986e-01 6.4136752322e-03 3.2199043920e-04 -2.7943803858e-05 -1.1500627450e+00 -3.3080138666e-01 3.0146376246e-01 4.0951281952e-01 6.4865950619e-01 7.5593028037e-02 -3.5325198579e-01 -9.5581242946e-01 -2.3460362933e-03 1.7819703269e-03 -3.2958927262e-01 1.0470397651e-03 -2.9982655806e-01 1.2569159049e-01 -9.5187936812e-01 -1.7732552305e-01 -4.9867312946e-01 3.1610960845e-01 -2.4101472697e-01 -1.1286737722e-04 4.9913969175e-01 -8.0668280058e-05 1.2042567678e-03 9.1031177906e-02 8.7388257518e-01 9.3065971580e-04 2.9110329036e-04 5.5938962632e-04 -1.0790978331e+00 -4.8892902823e-02 -1.4207458379e-01 -4.5811117662e-01 2.7236006914e-01 -4.8560917290e-01 -5.8311869882e-01 -7.5189513077e-04 4.9854271662e-05 -4.5013822652e-01 -8.5943323857e-01 -7.1170365349e-01 4.1580601053e-04 5.5842827748e-01 9.3671830188e-04 4.2910039509e-01 5.1083771004e-04 -4.0488611076e-01 -2.2976023725e-01 -5.9565052120e-02 -2.0199354339e-01 -1.0808303750e-01 -2.0020846453e-01 -1.2726625698e-01 2.1550236518e-01 -5.1126568081e-01 -2.1565883602e-01 5.1332113153e-04 3.7785708090e-01 2.5832468756e-01 1.5555865816e+00 -5.1780785005e-01 1.1293331871e+00 6.8450968984e-02 7.5592862057e-04 -1.8682636269e-01 7.4029314850e-04 2.7388032357e-01 -4.7547269549e-04 5.1453357422e-02 -1.5406317391e-01 -4.2807369183e-04 2.3121305510e-01 -3.7836707493e-01 3.1229039781e-04 -3.1829635079e-01 8.0702396769e-01 -2.9028151548e-01 7.8536635687e-01 -4.5473250599e-04 3.5747795001e-01 2.9307866000e-05 -4.5999506214e-02 -7.6871977148e-02 1.1043761086e-03 6.5469561462e-01 3.3677549732e-01 7.0239528197e-04 -3.6341307785e-01 7.1785585988e-01 -1.2209169526e-01 9.0150828904e-01 -6.9896904435e-01 -3.9182625247e-05 -1.9836513538e-04 7.3231820174e-04 -4.1532942765e-01 -3.1658260273e-01 -9.4484294266e-01 -3.5611346619e-01 -7.1413780234e-01 1.0519180608e-03 -7.8073255138e-01 -3.3926331157e-01 -2.9157107963e-01 1.1698310369e-01 8.6867072055e-01 -3.6764461660e-01 1.3789325068e+00 7.7306022002e-02 3.3249157476e-04 9.1473647607e-01 9.4812845423e-04 9.7634462356e-01 -1.5213717377e-01 8.0104782526e-02 -2.5631688364e-01 -3.4408053259e-05 4.8978451876e-03 1.0179357030e+00 1.4507411416e-02 1.8088522965e+00 9.2151033813e-04 -9.5030518531e-01 3.1848521238e-04 -1.3389824629e-03 -4.1917182899e-01 5.8336609546e-01 -3.7331414629e-01 -4.2954778946e-01 1.4759779057e-03 1.0821802861e-04 -1.1769547144e+00 1.9207323286e-01 -1.0232357684e+00 3.8227185949e-04 5.7966007355e-04 -1.1974562899e-03 7.4402569618e-01 3.0867222839e-01 1.9395734602e-01 5.6774386740e-02 -5.1195267843e-01 1.3400044794e+00 2.7909623838e-01 -7.0877833644e-05 -5.6144605168e-01 -4.3617709419e-01 4.3879104743e-01 3.5505548865e-01 -3.8083184452e-01 -1.4547358079e-01
-7.7013151215e-02 -4.6714193483e-02 -8.0222765001e-02 -3.9797958266e-02 -7.3729791964e-04 3.4010792397e-01 -2.8295228231e-01 9.0237402247e-02 -4.6514190112e-01 -6.0988104438e-02 6.7863571590e-02 -2.8950038630e-03 -6.3808710124e-05 3.7559191618e-01 1.3642141133e-01 2.8319129993e-01 2.4711353756e-01 -1.2467982529e-03 -4.2510569913e-04 7.0094053263e-02 2.7813620618e-01 2.5260840519e-01 2.6477513230e-02 -6.0712954446e-01 6.4034876284e-02 -2.0989349991e-02 1.2705963066e-01 3.1131864668e-01 6.1361106985e-04 -3.0454084123e-02 1.7012076970e-04 1.4009591361e-01 -5.6635291404e-02 -8.6931187143e-02 -2.3322383044e-02 9.7924249877e-03 -1.0031142143e-02 1.6496520603e-01 -2.2326434699e-04 1.1543932625e-01 -1.0577517913e-03 5.4674203481e-04 1.2036659873e-01 1.3299355637e-01 1.1016361450e-03 1.2173502999e-04 2.9738035224e-04 2.8756134361e-01 1.2138277947e-01 -9.8603157711e-02 2.0423471667e-01 2.7342799206e-01 2.2639556899e-01 2.0404817905e-01 -1.1517772606e-03 -4.3893392617e-04 1.7472750655e-01 4.4744732684e-01 1.0925718845e-02 7.4805308390e-07 4.6196009452e-01 2.7217923032e-04 2.9386565930e-01 -2.9723787346e-04 5.2396509551e-02 -3.8370260116e-01 3.6288676373e-01 -5.5512866299e-02 -7.1665345881e-02 2.4304488480e-01 2.9611847857e-01 2.3324745686e-01 1.5668178240e-01 2.4214377234e-01 -1.4185045721e-05 3.7513909009e-01 3.2232549368e-01 -1.6201757124e-01 8.0040032184e-02 2.6658563365e-01 3.2293647974e-01 -8.5468958744e-04 1.9670313908e-01 -6.8301498011e-04 2.7992892654e-01 2.6512239847e-04 3.1023558055e-01 1.2661162441e-01 -7.0552233850e-04 -4.9595239377e-03 -1.3814793593e-01 5.3513214947e-02 9.0614223726e-02 2.0817012328e-01 -1.0178999710e-01 -2.4066876055e-01 -4.6532681369e-04 1.8874823143e-01 -9.4106465008e-04 1.6489845255e-01 7.7791672911e-03 -1.0538157469e-03 -2.8964120268e-02 2.4056138104e-01 8.7927966096e-04 -6.5510008601e-02 2.9244056108e-01 4.7431695994e-01 -1.7069350743e-01 1.2306256585e-01 6.0753494610e-04 -2.3769635174e-04 -2.8075772080e-04 1.0172265863e-01 -8.0325635505e-02 -2.6217162446e-01 4.7497116807e-01 1.1421922707e-01 -1.4760236569e-04 2.8130867277e-01 3.0987362038e-01 1.5003712459e-01 5.3292120040e-02 6.5806551439e-01 1.1614042442e-01 5.8729216610e-02 1.7302777846e-02 -7.4267373197e-04 2.3859650165e-01 6.8943836402e-05 2.3268264269e-01 1.3180661692e-01 4.5407078156e-01 3.0819672394e-01 -9.2363352517e-04 1.7548135625e-03 -2.9809204744e-01 -2.0201119304e-02 -1.6083493961e-01 4.7104403195e-01 7.0455090576e-02 -3.3323801669e-04 -3.9797671106e-05 -1.9177991597e-01 7.8225122017e-02 -7.6085410123e-02 2.5286348853e-02 -2.4765964278e-04 1.3021602404e-03 1.4658574233e-01 -1.5511524032e-01 -1.1131864497e-02 -1.1855829073e-04 -7.1645370487e-04 3.2357549005e-01 -2.7747544766e-01 1.3556757459e-01 1.2554455558e-01 -9.3266393236e-03 -1.3285999291e-01 1.9776328701e-01 1.3706633173e-01 6.0057150562e-05 1.2768616508e-01 -1.3515984857e-01 8.8708584079e-02 2.6854838647e-02 3.9679117876e-01 2.8820271474e-01
3.4419176046e-01 4.6365640337e-01 3.6169479717e-01 -1.4935981191e+00 1.1343118631e-04 -3.7848132755e-01 -6.6247610192e-01 3.7067915493e-01 -5.5801440766e-01 3.0789271095e-01 5.2269777538e-01 -3.6827188168e-01 2.1671460492e-04 3.9300172907e-01 -5.7337931565e-01 8.5052207830e-01 -2.1186977451e-01 6.8863595698e-05 -9.1857360995e-04 -3.0306666931e-01 -8.5663667372e-03 6.4799744866e-01 -5.1946888660e-01 -3.2621751919e-01 1.1570473512e-01 8.5347992153e-02 1.0336939866e+00 7.8804709893e-01 7.7510160917e-04 2.8983902066e-01 -8.5738793443e-05 -1.3293002470e-01 -2.2713330700e-01 -2.9577335968e-01 -4.1825854956e-01 -5.0887795813e-02 -1.3643776815e-01 -1.5271424120e-01 -1.5043933517e-04 1.0575640083e-01 -7.2168367205e-04 7.4690300999e-05 2.5102303619e-01 3.0867847399e-01 2.1133535746e-03 -2.4709215133e-04 -6.8663851419e-04 9.1047216001e-02 -1.2339396166e-01 2.8820007436e-01 -7.4202715599e-01 5.1109655627e-01 3.9161177417e-01 2.5561431816e-01 -1.0718029812e-03 5.7144406044e-04 -2.0574182698e-01 8.4615631053e-01 1.5184967628e-01 1.2489112203e-04 -4.2030744605e-01 -6.6263287796e-04 1.0004261017e+00 -9.3302375923e-05 1.7931191810e-01 -1.6767327055e-01 6.5343822724e-01 3.9687855488e-01 4.5553194433e-01 -4.1298525510e-01 5.9199716269e-01 -6.3612153340e-01 1.2123395176e-01 7.3022200226e-01 -3.5484934916e-04 3.8270780829e-01 4.5506278968e-01 5.3984193734e-03 -3.6338734115e-01 1.2164474292e-01 7.9231273307e-01 -4.3049186296e-04 7.2899828885e-01 -6.3853745201e-04 -3.9507458082e-01 -9.4149739229e-04 1.5331597139e-01 3.0490052438e-01 4.8531977115e-04 -2.4249195897e-01 5.2043852612e-04 -4.9053081120e-01 2.7873157979e-01 2.7903525231e-01 -3.9221921519e-01 -6.2203267666e-01 -2.9390386791e-04 4.3514288589e-01 3.0674264593e-04 9.0396011432e-02 -4.2397194199e-01 -9.0758786308e-04 -2.3193667441e-01 8.3504374238e-01 9.3017346798e-04 -5.1847303056e-01 1.1841973446e+00 4.9013833875e-01 3.7926268548e-01 1.6836617322e-01 -2.3103774841e-04 6.3499617596e-04 9.0887463845e-04 4.3283425320e-01 -2.3250263659e-01 6.0629117357e-01 -1.0222398061e+00 9.7662554527e-02 -2.8914056615e-04 1.3244295889e+00 8.5657620862e-01 -3.3068883592e-01 5.7152154180e-01 -4.8053674883e-01 -3.9554595266e-01 7.5247316907e-01 3.7122399453e-01 -1.6199772939e-04 8.0602496570e-01 4.6868025890e-04 -8.7046620094e-01 -2.0775612364e-01 5.3533963913e-01 4.5492641212e-01 3.7882288931e-04 2.9170771662e-03 6.2850027903e-02 -6.4208376053e-03 -3.7641965624e-01 1.1115961674e-01 -6.1291371973e-01 7.4214993946e-04 -1.6080074755e-05 -8.7104184319e-01 4.9982555240e-01 4.7117572004e-01 2.3478160630e-01 6.2609765800e-04 -7.9620394558e-04 6.6778675542e-01 -1.4863993819e-01 -2.3189316035e+00 -3.2163170626e-04 -1.1292536423e-03 8.6801464442e-01 -6.8821176873e-01 7.4066582757e-01 -8.6984368358e-01 5.8473524743e-02 -2.7635116191e-01 2.2679831464e-02 5.1921539883e-01 -1.3509118338e-04 -3.9545918614e-01 2.3683297318e-01 6.1524418047e-01 -1.1801551230e+00 7.3741619189e-01 -9.4951898090e-02
-1.5396622257e-01 -5.5750873042e-01 4.0991144973e-01 -1.0515463490e-01 1.3784063026e-03 4.0960116972e-01 5.8854018818e-01 -8.3450825788e-02 -6.9804637095e-01 3.8532023247e-02 2.1878495804e-01 5.4531779963e-01 -3.6156001697e-04 -8.2499525140e-01 6.5956896727e-01 -1.6838845639e-01 6.6219645588e-01 -1.5751865980e-03 -6.2470986815e-05 1.6274400206e-01 2.7113354412e-01 1.0640694847e+00 -3.2122460876e-01 -1.0380796195e-02 8.2452732130e-01 -1.1198158401e+00 2.9659109246e-01 5.8437430451e-01 4.7829872848e-04 -2.1901441662e-01 1.2959496753e-03 -2.3871883313e-01 -1.9553111237e-01 1.3679618693e+00 -1.9084750781e-01 -5.2888078911e-01 4.4863674493e-01 -7.9831162290e-01 -2.0763512066e-04 -2.4700120557e-01 5.7382766721e-05 -3.5415229653e-04 1.4278859300e+00 9.8436202485e-01 -6.9462155461e-04 1.2305100747e-03 7.9658881937e-05 -6.4238967603e-01 -2.1870709077e-01 6.1352213516e-01 4.0910915133e-01 2.3874304836e-04 2.6685763540e-01 -1.0637485930e+00 -4.0167833473e-04 7.4352440645e-04 6.4871260294e-01 2.6466467562e-01 3.6804470547e-01 -8.2334540155e-04 4.1094541565e-02 -5.8127791814e-04 5.1043941958e-01 -9.5277173834e-04 4.6893022057e-01 1.1695446991e+00 7.2780908342e-01 -5.8619617150e-01 -5.2540901816e-01 4.2112095405e-01 1.0750396455e-01 2.8059384164e-04 -1.0084041763e+00 7.9912486520e-01 -3.4779659870e-04 5.7757623239e-01 -6.4219088088e-01 -2.8925495575e-01 -5.5126832573e-01 1.5433486827e-01 -5.0765406479e-01 -1.0493762319e-03 9.4302749245e-02 4.6702056506e-05 4.6063490270e-01 4.9038813662e-04 -1.2982205325e+00 -1.0357572212e+00 -3.7090210909e-04 1.0830769214e+00 -6.5671986389e-01 8.4187424440e-01 3.7434758744e-01 8.2260230176e-02 -7.3928426927e-01 -1.8798686328e-02 -5.5257671747e-04 9.7670616296e-01 -1.1580323488e-03 1.1227243305e+00 -7.8123958951e-01 7.4049633078e-04 8.0919026638e-01 7.3758833021e-01 7.9462529664e-04 -5.5166889839e-01 -1.8175932902e-01 -1.6002531629e-01 5.1348567915e-01 -8.4106755904e-01 1.1485823801e-03 1.0118079936e-03 7.4365566205e-04 -3.3036634864e-01 -8.4037835109e-01 4.7819118333e-01 3.8495131472e-02 -9.3061807896e-01 1.6283444575e-04 2.8279445433e-01 -3.2257997918e-01 -6.8367130188e-01 -1.1229019805e-01 5.0061289240e-01 -2.6192566561e-01 -8.9965698883e-01 -3.4289174831e-01 8.4122363819e-04 -2.6902467597e-01 -4.7569994085e-04 5.7210876488e-02 -3.8637035536e-01 8.9639166316e-01 -3.6124009109e-01 4.1720959848e-04 3.1049085922e-03 -3.8077781783e-01 -1.4081445207e-02 -4.0712272827e-01 -1.8989365742e-01 4.1486163878e-02 1.2349961603e-04 4.1554542339e-05 5.8986943443e-01 -8.4971396938e-02 5.0159301802e-01 4.8922712881e-01 7.8662584691e-05 -1.2629834453e-03 -3.0045821052e-01 -1.0239772601e-01 2.9699540009e-01 6.1117711264e-04 8.0902880386e-05 -9.0883330388e-01 -6.7925458450e-02 1.2789875981e-01 -6.3981650749e-01 4.1847868980e-01 -3.2461790354e-01 1.5787649615e-01 -3.3167008442e-01 9.0074697688e-04 -3.5277014552e-01 5.5125707094e-01 -6.8301114818e-01 -6.4833164805e-01 1.8965914614e-01 1.0105576111e+00
2.3590949879e-01 -2.1662916709e-01 -4.8438808094e-01 2.9777015481e-01 -5.0238394419e-04 -1.1305707722e+00 5.0643078064e-01 6.7693628477e-01 2.5214662128e-01 -5.6588653476e-01 5.2653679425e-01 -2.1413706844e-01 1.8916607043e-03 2.4041248621e-02 -1.8677790316e-01 3.1030431470e-01 -5.6016024248e-01 -2.3648495789e-05 7.0025791165e-04 -3.6392425620e-01 2.9339942203e-01 6.9861407248e-01 2.9613045000e-01 -2.4841703173e-02 -3.8425357169e-02 6.8723078611e-01 7.7313378109e-02 2.6948264815e-01 2.4881403231e-04 -1.0923151251e-01 3.5135615592e-04 3.5491755107e-01 -6.6930131364e-01 -3.1131004969e-01 -3.6900443783e-01 -4.9137128985e-01 -1.1124241452e-01 4.7959960439e-01 -4.6846589473e-04 -5.1261217850e-01 -3.5196320779e-04 -1.2491538686e-04 -7.1792858087e-01 -6.1535584768e-01 1.4324477614e-04 -1.5297858728e-04 4.9656726350e-04 2.6462411589e-02 -1.9052540392e-01 1.1359517851e+00 -1.4731418245e+00 -5.3395023412e-01 3.8276724218e-01 2.3193647763e-01 -4.4224300145e-04 -4.3874058755e-04 1.4747242964e-01 6.9840440680e-02 -6.5699744773e-01 -1.0889536632e-03 1.2262272617e-01 -5.3216891350e-04 -1.2999077593e+00 -6.3200868184e-04 -5.2780025569e-02 3.6802903331e-01 -1.4101928728e-01 -6.2961491998e-01 6.3451802799e-01 -4.5501406698e-01 1.4583097933e+00 -1.3205955676e+00 8.2037732573e-01 -3.2541158132e-01 -3.0449787128e-04 -1.6860454952e+00 1.3779297205e-01 -4.5019705338e-01 1.6723018498e-01 -5.9742724064e-01 -8.4410228342e-01 -1.0470996264e-04 8.4270645696e-01 4.5432484636e-05 4.2297020141e-01 -3.5595963593e-04 -8.7640434261e-01 -1.1440306424e+00 2.2575764401e-04 1.0622391553e+00 9.0824729168e-01 2.8217154722e-01 -5.8854673400e-01 -6.3808776969e-01 -1.8171551101e-01 -4.1279908256e-01 -1.7953448312e-04 5.6147250808e-01 9.7716135463e-04 -1.5275272299e-01 -1.4343196810e+00 1.6866125316e-04 3.5393625907e-01 -6.3463851623e-01 6.8068423373e-04 -1.7803285480e-01 1.1177537326e+00 -4.3191693050e-01 -3.2128496554e-01 5.2556301884e-01 3.9121915952e-04 -6.3594401652e-04 -1.2236664174e-04 3.7560197205e-01 5.1294812509e-02 3.6044422650e-01 -1.2503544449e-01 -7.3594577844e-01 6.1980419791e-04 -1.2318670552e+00 9.3495034685e-01 -6.4364220324e-01 -8.7370480780e-02 -1.0767445026e+00 -2.7398667922e-01 1.9128726851e+00 1.5447463384e-02 -1.0481453587e-03 -5.2283361300e-01 4.5500206354e-04 9.3148222937e-01 -5.2931491610e-02 -6.3594600554e-01 7.6472340836e-01 -2.2850373206e-05 4.6636983194e-05 -1.8898594285e-01 -4.8016203423e-03 -7.6096197353e-02 3.7556268110e-01 -8.5236558326e-01 1.7493766408e-04 1.0414501591e-03 5.4600372240e-01 1.2928243990e+00 9.7551678209e-01 2.8491336487e-01 2.4132575050e-04 1.3231969572e-04 -3.2499590156e-01 -1.9712956477e-01 1.1575281879e-01 1.0045504667e-03 7.2956456474e-05 -4.2424027813e-01 4.0272713521e-01 -2.0270123082e-02 -1.1744423842e+00 -3.5697219397e-01 1.1516821991e+00 6.2490877157e-01 2.1958597438e-01 9.7790784123e-04 -9.0024675511e-01 -5.4114042003e-01 -3.4065982547e-01 3.0621238368e-01 -1.3204016902e-01 -6.2002376619e-01
1.1558402228e-01 -1.4634664887e-02 4.9258915046e-01 3.5508387138e-01 -2.8507947574e-04 -5.6283339534e-01 5.5932308180e-01 -1.4703610395e-01 -4.8194141215e-01 -2.3359353015e-02 1.7384368212e-01 2.7068783806e-02 6.3085238298e-04 1.6695119928e-01 4.3816206241e-03 3.6435965342e-01 -3.7500918415e-02 6.4628132682e-04 2.4540484669e-04 -3.0699395740e-02 7.1057493947e-02 2.5305285738e-01 -5.5170993912e-01 1.7877278560e-01 7.6051406947e-01 1.9453485846e-01 -1.0646220497e+00 3.4592291818e-01 -1.3146823105e-03 -1.3805126872e-01 5.3802793763e-04 2.7828954275e-01 9.0744781305e-01 -4.0039153560e-01 -4.8782058001e-01 3.0414771305e-01 -3.9910757145e-01 -3.4780339965e-01 -3.9540251077e-04 3.0902441087e-01 6.6801029019e-04 4.7868762468e-04 7.5987229218e-02 -4.2256973821e-02 8.3573363689e-04 5.1222795409e-05 1.7183521839e-04 6.9002168026e-01 -8.8530315323e-02 -4.5937205375e-01 5.9949997470e-01 -4.1417142158e-01 -4.2107368349e-01 3.1792549120e-01 4.0914944540e-06 1.4876520102e-04 3.4783596117e-01 3.3034707180e-01 -3.0947890469e-01 -2.0961050488e-04 3.1618848578e-01 -1.2787019992e-03 -2.5248164683e-01 6.9706045661e-04 -1.7797083802e-01 8.8681743376e-01 1.4214528907e-01 1.1502486254e-01 3.3549682296e-01 -1.0841622785e-01 -3.2614766050e-01 2.8268964249e-01 2.6082899134e-02 2.1375591958e-01 6.3891176492e-05 -5.5446472637e-01 -1.7227628944e-02 7.7395592352e-01 -2.2231156651e-01 -6.6512550053e-01 3.4447779193e-01 2.1021196697e-04 4.5691628143e-01 -1.1066999555e-03 -3.5502752907e-01 -1.9327310645e-04 1.7545834852e-01 2.8771646733e-01 -2.3465964749e-05 6.1262236612e-01 3.3931849222e-01 -3.6692680757e-01 -1.5920728945e-01 2.7527263424e-01 6.6321138223e-02 1.9571321705e-01 -5.0742270972e-04 2.4230839810e-01 -9.3936133352e-04 -2.0223573719e-01 5.0756699922e-01 1.5906543299e-04 -8.8317948266e-01 1.0285736619e+00 -1.0046888581e-03 -2.6757624198e-01 5.0364060252e-01 -1.1171846455e-01 -3.1386406603e-02 -5.4415683332e-01 8.6444882657e-04 1.3380958770e-03 1.3921246259e-04 -7.1238982270e-01 7.4126558937e-01 7.4564362315e-02 1.4279047975e-01 6.1639847464e-02 2.7621058065e-04 2.6425882829e-01 7.4829908921e-01 -5.7484554089e-01 7.1163078372e-02 4.3956292526e-01 1.8208197209e-01 1.7067290172e-02 -2.5880561024e-01 -7.7980234699e-05 -2.4783509905e-01 3.8350330418e-04 4.7177356306e-01 -7.1378329594e-03 2.5506888886e-01 2.3794286462e-01 -7.7025086415e-05 -5.1668085807e-03 -2.3215062608e-01 -1.1033902519e-02 -1.6029356401e-01 -1.7441598082e-01 -9.7445209942e-01 6.8569705043e-04 -1.3771470039e-04 4.4404576824e-01 -1.9105514105e-01 6.5085084652e-02 -1.9686734167e-01 -6.6187034406e-04 7.9774263622e-05 -2.9168878631e-01 -3.2774328774e-01 6.1440955564e-01 -2.6188864341e-04 1.0780868325e-03 3.8004221218e-01 2.8679317345e-01 4.0544296129e-02 5.8245901362e-01 4.7405398906e-01 -5.0629010362e-01 1.1953128068e-01 1.2192881160e-01 8.2368468773e-04 6.8577662045e-01 -4.2117177797e-01 3.6725242709e-01 -5.3705952898e-02 -1.8069143548e+00 3.0278731847e-01
-6.4502053249e-02 6.2096892591e-01 1.3510628283e-02 3.6460254931e-01 1.4350330739e-04 4.9562846314e-01 8.0103449874e-01 -2.5134478879e-01 7.3193381687e-01 2.4728518103e+00 1.0729683502e+00 1.3288717990e-01 9.7214970640e-04 1.1662725800e-01 -1.0764256963e+00 -7.9357409624e-01 2.1473753479e-01 5.3857457863e-05 -6.6893988914e-04 -1.2329156120e-01 -1.3418159783e-01 -2.9523338174e-01 -8.5537919454e-02 -3.3134692188e-01 5.0810625635e-01 -1.1655055560e+00 -1.5436011790e-01 7.6382612420e-01 3.0140486953e-04 -2.3643250588e-01 -1.3258950171e-04 8.1138344123e-01 -9.2181397899e-02 -7.2771213179e-01 6.1616377108e-01 1.2130363848e-01 1.3991002452e+00 -1.0885130135e-01 -1.3239212353e-03 -6.3306315819e-02 5.3782373074e-04 4.2031353057e-04 3.8127793143e-01 5.7278684632e-01 -3.4403553243e-04 3.9468174861e-04 7.5489197545e-04 1.3984416247e-01 -8.0918237703e-02 -5.9282740955e-01 2.3834308195e-01 -1.0727201059e-02 4.8613144466e-01 -9.8092658492e-02 1.9675314478e-04 9.5619998346e-04 -2.8921542394e-01 -3.9008998851e-01 3.1395170984e-02 -1.1930162969e-03 -2.0970313195e-01 -9.2630394088e-04 9.6031462852e-02 6.3867217749e-04 -6.1768391502e-01 -4.5618866549e-02 -4.0924864493e-01 1.2648948867e-02 -1.7710526881e-01 -3.8527252820e-01 -5.3554921045e-01 9.1751820423e-01 -2.2381237553e-01 6.3931035000e-01 6.0497354482e-04 -7.1071869016e-01 1.2318592580e+00 8.4325475073e-01 6.1060726354e-01 3.9821097666e-01 -6.8151058341e-01 6.4575259760e-04 4.3420279446e-01 -1.3791614760e-03 5.2256248909e-02 -5.0767842963e-04 -5.6832445563e-01 -7.9582227745e-02 3.8468446603e-04 -4.4090827043e-01 7.6259527912e-01 3.9540358735e-01 2.1054133765e-01 -1.9565488256e-01 1.8262947487e-01 5.5831118329e-01 -8.3507702660e-04 3.8873803049e-01 8.2794929282e-04 -4.5327134169e-01 -1.2181153017e+00 -2.3698111125e-04 -1.4213122211e+00 -3.4940619493e-01 -6.6533677422e-04 6.7662768994e-01 6.4079544338e-01 2.4519245147e-01 -7.9277822294e-01 3.8283766511e-01 7.6473099824e-04 -7.9994281684e-04 1.4993654800e-04 -1.4831411223e-01 3.3907994554e-01 5.0794512407e-01 -2.0034007205e-02 9.1744751031e-02 -1.3138947318e-04 1.5949156188e-02 2.7167494397e-01 1.9527604619e-01 -7.1220045948e-01 -1.9705724045e-01 9.2045733988e-01 1.2224946377e-01 2.1846579575e-02 1.5143834059e-03 -8.7477070833e-01 5.6428757693e-04 -5.9636364510e-01 1.8963063997e-02 3.9130554415e-01 -2.7134189845e-01 -2.4250237694e-04 3.0451304154e-03 -1.8972685716e-01 -1.7560285683e-02 7.6059707047e-01 -3.6685970811e-01 -1.0190686546e+00 -2.1113293601e-04 4.5074078460e-04 -6.0989756509e-01 1.3222993098e-01 1.7139634065e-01 3.9060924841e-01 2.3043355189e-04 -8.6126092802e-04 -2.0795656772e-01 6.4236175263e-01 -6.0671359294e-01 1.7855911633e-04 -1.5922284796e-03 1.7915590843e-01 1.1248986731e-01 1.0163303022e+00 -7.9289263336e-01 -9.4937286930e-01 -3.3695884266e-01 -3.3871841249e-01 -3.4193344186e-03 -1.3415810352e-03 1.8467188060e-01 2.1132395962e-01 -4.8199545864e-01 1.7356298015e-01 2.7554509276e-01 2.5351739583e-02
-8.8416961945e-01 5.2677851775e-02 -6.8808125015e-01 -5.7445771465e-01 3.0945108223e-04 -1.0581324808e+00 -1.5627353492e-02 3.2213077224e-01 2.5465931496e-02 8.5754646023e-01 -1.3929777022e-01 -1.0031759155e+00 3.3470264464e-04 -9.6434559442e-02 6.2251304820e-01 -1.4865640405e-01 -4.3767315528e-01 -6.7716035949e-04 8.6860705337e-04 2.5574738700e-01 1.0334027210e-02 -8.1014674377e-01 1.0975393594e+00 -4.6110772420e-01 2.5511992889e-01 -6.2878093620e-01 3.2729354906e-01 -3.7136443410e-01 -3.6918662145e-04 -2.6172315999e-01 5.0033274709e-04 -8.7351146014e-01 3.8253480550e-01 5.5477239273e-02 -1.8561510088e-01 -2.7870750559e-01 -8.2952345390e-01 -6.5063299893e-01 1.3034623662e-03 -2.6213159450e-01 -8.1771242032e-04 -3.9104414281e-04 -9.9306596953e-02 -2.3976932874e-01 -2.0757144291e-04 -2.6177765265e-04 3.2646838898e-04 -5.3284184438e-01 1.3846418226e-01 -1.1169647779e+00 2.8269669334e-02 1.2170532736e+00 1.0073213628e-03 -4.4690970668e-01 -4.3839922322e-04 3.1240812616e-05 8.5872746941e-01 1.0703596003e+00 7.2062875450e-01 1.2340914528e-03 2.0565268221e-01 -1.1043288626e-03 -5.5293726589e-01 1.2755028882e-03 2.2686164261e-01 3.4914956675e-01 1.9252740290e-01 4.2484604095e-01 -1.3419970201e+00 4.6600283234e-01 1.7588767310e-01 1.8142457203e-01 4.5685085560e-01 5.6496888363e-01 -2.8640773534e-04 -2.6415136883e-02 6.8151586114e-02 1.4712485857e+00 -3.3985010623e-01 -1.9902678080e-01 -7.4501660414e-01 -5.8859282525e-05 -2.9980053250e-01 3.6999210851e-04 2.6100634755e-01 9.3076067502e-04 -2.5714382517e-01 -5.5510159852e-01 -8.2322345666e-05 8.5790013352e-02 1.2256086039e+00 -8.7607233164e-01 -3.9589817631e-02 4.6192318458e-01 8.2490845350e-01 -1.4923969379e-02 -2.4676209760e-05 -2.4530765718e-01 2.7415043304e-04 -5.3741907373e-01 6.2654872845e-01 2.0799187967e-04 6.9385627496e-01 -1.7245071815e-02 -8.2722223870e-04 4.9841314654e-01 2.4686792798e-01 -8.1001561629e-01 -6.3123754084e-01 -2.1998521915e-01 5.1982303147e-04 -7.1132753852e-04 -6.3915491711e-04 1.6290971137e-01 -6.6171702189e-01 1.6125948205e+00 -1.3516963257e-01 3.2398768935e-04 2.5346734502e-04 -3.9005876465e-01 -1.5712082462e-01 -8.2197702152e-01 2.4087113821e-01 -1.1684589655e+00 -2.2564293588e-01 -4.8008046483e-01 1.6791036583e-01 -4.0753135240e-04 7.6733892168e-01 -1.2209488996e-03 -2.7268375232e-01 -1.2104950703e-01 6.4565919053e-01 -8.2704572319e-01 -2.9875237487e-04 -2.1922729843e-03 1.9623950619e-01 2.2586254567e-02 5.4460658739e-01 3.3709397656e-01 -8.9186500902e-02 1.1577465982e-03 5.8203732309e-04 4.9155384170e-01 1.8862630146e-01 -1.3553491221e-01 5.1184668494e-01 1.1753495571e-04 -9.1722641028e-04 -1.9164968487e-01 -1.7169228043e+00 -6.3885472278e-02 -5.4123081222e-05 1.4619313112e-04 9.8289722914e-01 -4.8714673826e-01 -9.1398280377e-01 -4.0115253917e-01 -2.4460859847e-01 -4.9063684226e-02 9.2029089810e-01 -2.1106847776e-01 -5.3966684002e-04 -8.8455447929e-02 -8.1232797783e-01 -4.2597154815e-01 -8.0863797964e-01 -7.0636016286e-01 -5.9574731446e-01
-1.6058713971e-02 -1.6185301372e-01 9.0893320235e-01 4.2747616998e-01 1.0103071318e-03 -1.2741925997e+00 1.0242016773e+00 -4.5592019875e-01 -1.1124927042e-01 -7.3787688385e-02 -2.6920480988e-01 1.4435249896e-01 1.5498277474e-04 -1.0098963515e-02 -4.0160274250e-01 -3.0722365332e-01 -1.2164340523e+00 -5.9790730966e-05 -3.4049393933e-04 4.1812773049e-01 2.0773609071e-01 -4.5279436682e-01 5.1243000033e-01 -5.8488258889e-01 5.7771703061e-01 4.9690830493e-03 -4.5294212349e-01 -9.7160348727e-01 -9.2249352631e-04 8.3940147064e-01 -1.2339181580e-04 -3.5821886460e-01 8.0160022013e-01 2.0676314395e-01 -6.3970953957e-01 1.6082089098e-01 9.4688594070e-01 -1.5132923612e-01 1.0171270476e-03 -8.0718550220e-01 6.2079607493e-04 8.3186044850e-04 -2.7696528825e-01 3.5466372732e-01 2.5707139183e-05 -5.3631343237e-04 -3.7846309732e-05 2.9644963524e-01 -5.1260954008e-01 1.0574229242e-02 3.0169507386e-01 -1.0959457013e-01 5.1252678821e-01 8.3998117776e-02 6.7641136806e-04 -2.2563124938e-04 1.2374291553e-01 -1.5451721484e+00 -7.3128109166e-01 5.2644127106e-04 -9.9477951404e-01 -2.1126571521e-04 7.1936276834e-01 -1.4485710509e-03 -7.1611159504e-02 3.9467613990e-01 -5.4719827920e-01 -4.4417986148e-01 -1.2687966155e-01 2.2033935450e-01 -1.3366798899e-01 -1.0171613652e+00 -9.8876428222e-01 4.4253443526e-02 1.1290293061e-04 1.9401081901e-01 4.3569689602e-01 -2.2991424787e-01 1.0236826066e+00 -1.1945968144e-01 7.5991600216e-01 9.4198218436e-04 1.5365243658e-01 9.3886443982e-04 -2.2471428102e-01 3.0653853986e-05 6.7470292041e-01 -5.7171507285e-01 1.2469535763e-03 2.8898675925e-01 4.3433610334e-01 -6.7047186018e-01 4.8585119670e-01 -7.1461747515e-02 1.5577571069e-01 -8.0085225281e-01 -7.7939014439e-04 2.0480419004e-02 -2.9914318920e-04 6.9010114333e-01 1.0634618869e+00 2.2465247506e-04 -3.5054934821e-01 -3.0963918975e-01 -4.0795996392e-04 2.5916451616e-01 2.7142949913e-01 -3.6140230859e-01 5.0263409172e-01 -3.8438659327e-01 3.8842437963e-04 -3.6978176386e-04 -3.2532539212e-05 -4.3832628079e-01 6.0274395655e-01 2.6358223413e-01 -5.3096337021e-03 -8.9817922703e-01 1.8789800271e-04 -1.9290690807e+00 -2.6474573166e-01 2.5741100900e-01 1.9212727060e-01 1.1003627872e+00 -8.1447133908e-01 1.1377757325e+00 1.3242075280e+00 -1.3759550348e-03 4.0912718609e-03 -6.3902452212e-05 -9.5836686736e-01 1.9351431470e-01 8.2729748959e-01 1.5544705879e-01 -3.5219468372e-04 -6.7517913194e-04 3.7730145636e-02 -1.4393899754e-02 6.9295656297e-02 -1.5818563038e-01 3.8295106530e-01 -5.1768300737e-04 3.2342278023e-04 1.0834977909e+00 -4.7229845921e-02 2.7485339816e-02 -2.2378243373e-01 -4.5025198431e-04 -5.5888403443e-04 -1.0080759239e+00 6.3804351658e-01 -1.7991165569e+00 1.5251370862e-04 -3.8768432393e-04 4.0643642788e-01 -4.3492567861e-01 4.8830758465e-01 3.0303907929e-02 7.6177012349e-02 1.2583195252e+00 1.0913206835e+00 -1.1305338519e-01 -1.6162110005e-04 6.9027017846e-01 2.3442625255e-01 -1.8256274427e-01 3.5254605113e-01 9.7773356030e-01 7.1363041809e-01
1.2953137580e-01 1.3068362617e-01 -5.3294173620e-02 -2.2444391992e-01 -2.3244187054e-05 -3.2880951737e-01 4.7439420692e-02 3.9838940232e-01 4.3479371433e-01 -1.5155743704e-01 4.2260430281e-01 -2.1286519912e-01 -4.2669101318e-04 -1.9421056717e-01 6.2499517371e-01 3.1200585359e-01 5.8838616974e-01 1.5118883862e-03 -1.1905559392e-03 3.6753423883e-01 9.2004719140e-02 -3.9062766308e-01 1.8968004999e-01 -2.5352167236e-01 5.9673629721e-01 4.3092620180e-01 2.0497770053e-01 2.7085102616e-01 1.0692071641e-03 -7.3285767419e-02 -1.8966208953e-04 3.4154693290e-01 -8.4634847352e-02 6.6407403964e-01 -1.2226479192e-01 8.3333209685e-01 -3.7942921778e-01 6.7823826628e-01 -3.4986618848e-04 9.1570955357e-01 -1.1497075527e-03 -6.0959142064e-04 1.2951013572e+00 4.7017955389e-01 3.2313378790e-04 2.9435535649e-04 -5.2811914302e-04 -4.1551132578e-01 -3.1756052583e-01 -2.6683519407e-01 -4.5931403150e-01 -8.1804207372e-01 5.3168284663e-01 -2.2097270371e-01 -3.7312095761e-04 4.3216301657e-04 -6.2111838855e-02 4.6020606653e-01 4.2544339708e-01 -2.3480775218e-04 7.1628063302e-01 1.6516591155e-05 -1.9851627384e-02 3.1474423913e-04 4.1693792905e-01 -2.4969066171e-01 -6.5750022464e-01 4.9971059195e-01 1.9363508360e-02 -2.3401557383e-01 3.4265044201e-03 -5.9786948853e-01 6.5052577380e-03 -2.4703649757e-01 5.0820694336e-04 -9.3797077050e-01 2.5180757273e-02 1.0312468793e-02 -4.3220992149e-01 -6.0857210695e-02 -7.4581233200e-01 -3.9891432855e-04 4.5813082503e-02 -4.2933804298e-04 -7.9531173535e-01 -2.1363514714e-04 7.2159588511e-01 -2.1758029452e-02 -2.6605895973e-04 -6.5890191655e-01 -2.7751882628e+00 -1.4243789111e-01 -6.8776974937e-02 3.0278740528e-01 4.1774192252e-02 5.3354788173e-03 9.5143641664e-04 5.8343970822e-02 -4.1538380606e-04 1.6692499050e-01 -7.5111972706e-01 -3.2154012215e-04 -8.1489664465e-01 1.6475807448e-01 -8.6963753604e-04 -2.0540118943e-01 4.4607479114e-01 -1.9280079754e-01 3.4688826582e-01 -1.1511910254e-02 -5.7721793962e-06 7.3627795057e-04 8.5000427874e-04 -3.1554628508e-01 4.0473775700e-01 5.5505607883e-01 6.7746784860e-01 -1.8637918886e-01 -6.1082603447e-04 -4.4673887713e-01 5.4071322094e-01 -7.4226291191e-01 4.4455198767e-01 -1.0737667487e+00 -2.1357834486e-01 1.5461782154e-01 -1.9410596492e-01 -5.0535442452e-04 6.0633898258e-01 -9.5120780277e-05 -1.8880574631e-01 1.9104844474e-01 7.9487906416e-01 5.4937836568e-02 8.6310412041e-04 2.0110915977e-03 8.4718780299e-02 -9.5226689589e-04 1.4273093156e+00 8.1803839634e-02 2.7892517542e-01 -4.6918999675e-04 7.1542451586e-04 7.6258132972e-01 -6.9248124784e-01 -2.5294937525e-01 -1.7609138763e-01 -1.0354164961e-04 -2.9989439835e-04 1.3737723583e-01 1.5646262508e-01 -1.2983790747e-01 2.2627915641e-04 2.8894841698e-05 4.6063186577e-01 -2.7373261994e-01 6.2410685712e-02 -8.0053987948e-02 -9.5400652328e-01 8.8744225329e-01 6.2162705341e-01 -6.5963640874e-02 -1.8269432929e-04 5.4162241312e-01 4.3259147798e-01 2.8156748034e-01 2.5356909048e-01 -3.3859424957e-01 5.5864231278e-01
3.2500845185e-01 5.2087579447e-01 -1.7290134408e-01 3.7862754038e-01 2.6200648895e-04 -6.2676991173e-01 -1.5204386124e-02 -1.5142605739e+00 -6.5864855634e-01 3.7547304557e-01 3.5462656910e-01 -7.9731605281e-01 4.9551715530e-04 -6.8695628325e-01 -9.5466612240e-01 -1.0231769187e-01 2.8187241193e-01 1.1329969156e-03 3.2492402059e-04 -3.0756342152e-01 8.7775303493e-01 -5.7773347516e-01 -8.0125078199e-01 8.6533498621e-01 -7.2130233611e-02 6.4300121783e-01 -3.7433699968e-01 -6.1541957233e-01 5.9892957258e-05 -6.0594162258e-01 1.5258607897e-03 -8.6045292926e-01 -4.5425370709e-01 -3.5330653624e-01 -8.1442060869e-01 1.6373979331e+00 3.8077725011e-01 3.0671416868e-01 2.6918130633e-04 1.7514838578e-01 -1.2789725385e-04 -6.4840325531e-04 -5.7129756774e-01 -3.7879372796e-01 -6.5299910563e-04 2.1955465070e-04 5.4573589085e-04 -9.1635536921e-01 -3.0069977027e-01 -2.0702743648e-01 9.7820494519e-01 2.1309005312e+00 -3.5903317381e-01 -8.1296973437e-01 -1.1307046473e-03 -2.9066197210e-04 -5.9153665988e-01 1.3710788664e-01 -6.9384359516e-01 -8.5289574088e-04 2.7245753914e-01 -9.2349221375e-05 2.8970889934e-01 -1.6370516087e-03 -8.9208191111e-01 6.5918346504e-02 -5.8561301400e-01 1.7624644201e-01 -1.3406290920e-02 -6.2245671559e-01 3.9983981069e-01 -4.6398990566e-01 -8.5833793480e-02 -7.3642243858e-01 7.0423494687e-04 5.7177703220e-01 -9.5903559069e-01 -6.8034232973e-01 3.5437074236e-01 -8.4728367795e-01 2.7285812738e-01 4.5049497524e-04 4.2382342177e-01 -1.9544285432e-05 -1.5205136437e-01 6.0023058992e-04 -5.4105901365e-01 -3.0958901633e-01 -4.0281478651e-04 -3.0598768442e-01 5.9796205543e-02 -8.5886273103e-01 -2.7515876767e-01 7.7661253230e-01 2.0659765080e-01 -5.5181142459e-01 5.6230093544e-04 -5.3558386549e-01 1.3567649779e-03 1.1062190751e+00 -1.2912535391e+00 9.0039275903e-04 -3.6606390024e-01 3.8378590237e-03 6.1240122800e-04 1.0254713551e+00 -7.0466064681e-01 7.5806008021e-01 -8.2813491746e-01 -3.3674920227e-01 -6.9338623474e-05 -1.4286542378e-04 -1.1683977563e-04 -1.0307616808e+00 -7.9201649019e-01 4.4258307082e-01 -1.5104937318e-01 -1.0471315159e+00 6.8149998538e-05 3.5371673573e-02 4.2012663625e-01 -5.2823390144e-01 2.3455776830e-01 1.3016945281e-02 7.5988477668e-01 6.5416350142e-01 3.1280938139e-02 3.9624470721e-04 -7.6943328607e-01 9.2301743418e-04 1.8233352900e-01 -5.5777163796e-01 2.1628495299e-01 -9.2157399774e-01 -1.5581109189e-03 1.2146478022e-04 7.0012357383e-02 1.4498720094e-02 -9.4747232025e-01 1.3209050149e+00 -1.1089638428e-01 3.2201297245e-04 6.6503040178e-04 4.2714292116e-01 -5.3391987480e-01 -9.3345984398e-01 4.8878447192e-01 8.5141824615e-04 -1.2271512257e-03 1.0392068944e+00 -3.5297670153e-01 -2.8217744253e-01 9.4343413778e-05 -6.6355971718e-04 4.2683779979e-01 5.0950382413e-01 2.8455620044e-01 9.3242801036e-01 -3.5458392827e-01 1.3256883184e-01 6.7777173301e-01 -7.7486201183e-01 2.9707767024e-04 -1.2231470325e+00 4.3355520011e-01 -2.3139589430e-02 -3.5299665261e-01 -8.7544198959e-01 -2.5197151641e-01
-2.3708543584e-01 -4.6074064717e-01 3.6401110638e-01 -8.6213137511e-01 -9.3263235347e-05 -6.8138725649e-01 7.5367836761e-01 5.7901237069e-01 8.5739963327e-01 -4.3570540022e-01 -5.8938012977e-01 4.8266730808e-01 -2.3523670916e-04 -2.3276158257e-01 -7.8745177201e-01 -5.3970259764e-02 7.7560057626e-01 1.0966391742e-04 -1.3520083255e-03 3.2805951595e-01 -1.2715255746e+00 2.3884615654e-01 3.0003182470e-02 -1.2084475309e+00 -3.3245735858e-01 -7.8068135874e-01 -3.7464452983e-01 -1.1471373245e-02 1.3650031908e-03 9.8053949278e-02 1.5056019802e-03 2.9896270168e-01 -1.1167779654e-02 1.2116949628e-01 1.3433912825e+00 6.3838069467e-01 -7.1196661245e-01 5.4301833774e-01 -1.0694138135e-04 -1.2395907261e+00 -6.6636137242e-04 2.1120734313e-04 -9.0054083606e-01 8.9559141106e-01 -3.7487343577e-04 -1.0254688303e-03 -6.2184974441e-04 -4.7640250030e-01 6.1809402443e-01 2.7040782785e-01 1.1279930605e+00 1.3863372607e+00 4.6598425863e-01 8.1543485624e-02 3.3856753023e-04 1.0268935031e-03 1.1777809809e+00 -8.4792173353e-02 9.2407590172e-02 3.9766436489e-04 -6.7476564718e-01 4.3945745315e-05 1.1020320968e+00 -5.6623068946e-05 2.7094329935e-01 1.0603457391e+00 -2.9479824420e-01 -2.0449587284e-01 1.1469102740e-01 -2.2156631537e-01 7.4990963271e-01 3.0225978682e-01 2.0808325538e-01 6.0056359480e-01 -2.9152606931e-04 4.7238529310e-01 7.3996509399e-01 -9.0337714540e-01 -1.4222165742e+00 2.0904309669e-01 -1.6339511924e-01 -1.6666145692e-03 1.4149316412e-01 1.4131459215e-05 1.4396224360e+00 1.2146505631e-03 1.8117047179e-01 3.8217216385e-01 -9.0273834384e-04 3.7372196880e-01 -5.4457130546e-01 -3.3504978165e-01 -6.0010961896e-01 -7.2719374132e-01 -1.3631974070e+00 -1.2347811848e-01 1.3167529482e-05 -3.3465354475e-01 -3.3402878779e-04 2.9338738937e-01 -5.1769831123e-01 2.0300617764e-04 -2.1194290088e-01 4.5020426429e-01 6.6309279545e-04 -9.7234404049e-02 -5.5143332345e-02 -2.7131627561e-01 2.2190505633e-01 3.6145098407e-01 4.0280940116e-04 -6.0789981812e-05 -1.3998439160e-04 -1.9931075871e-01 6.3948628929e-01 -9.3249914591e-01 -4.6613373708e-01 -7.8975933432e-01 -1.4300108609e-03 -9.1946841744e-01 -5.3935482857e-01 5.2889044060e-02 3.3558000281e-02 -8.3793562178e-01 -3.5351330854e-01 1.7952987325e-01 -1.3585445882e-01 1.7274083061e-04 3.5546633879e-01 -1.9848093434e-04 -9.2299257759e-01 6.0664084641e-02 4.0526826460e-01 -5.8329991624e-01 -1.9476490418e-04 7.7356391686e-05 -1.5092748050e-01 -4.7001239338e-03 1.4733733080e+00 7.2307996851e-01 -1.0424268867e+00 -6.2056190924e-04 -1.0985563249e-03 1.5990226993e-01 2.6284343782e-01 -1.0609835874e+00 -5.8638496911e-01 -4.9636742679e-04 -2.0666949800e-03 5.4524852991e-01 4.6207683738e-01 3.2483171078e-01 -7.0079184500e-04 -1.7621158970e-04 7.0900993333e-01 1.9785043880e-01 -1.3604005189e-03 3.2650345904e-01 6.7748394313e-01 1.4100228432e-01 -5.9318692013e-01 1.7792439263e-01 -1.0126379057e-03 -5.3834796086e-01 -5.5954235709e-01 5.6510330565e-01 -2.9664464438e-01 4.2346865543e-02 -1.3670993269e+00
3.8540574667e-01 3.2388829075e-01 -4.8644488043e-01 -2.4876023805e-01 4.9640214669e-04 3.9494949940e-01 -5.5514699441e-01 -5.1207025346e-01 -9.0209930360e-01 8.4013494369e-01 6.9797872768e-01 1.1233765066e+00 6.6126302093e-04 -2.2390975689e-02 -3.7742086380e-01 -1.7705268665e+00 1.9063817020e-01 2.5381491904e-04 1.7405403535e-04 1.1673217387e+00 8.9185550609e-02 -2.9904747800e-01 -4.3947349626e-01 8.0797402177e-01 5.9496140289e-01 7.6976263055e-01 8.2789887492e-02 -7.8566482484e-01 -8.8468217390e-05 -6.1015250169e-02 -6.7721721243e-05 -9.2241836463e-01 -2.7222639921e-01 8.7737788758e-01 -5.4805074840e-01 -1.1665512165e+00 -4.7631704556e-01 -2.4015531283e-02 -1.5910280735e-05 -3.5638412732e-01 8.4545739454e-04 -1.0365544891e-03 -4.6705927185e-01 5.4802203188e-01 -9.9637149167e-04 -1.2047342346e-03 7.8568337387e-04 7.5847848138e-01 1.1327350137e+00 -8.2768918802e-01 -4.0790243803e-01 -3.8527398182e-01 -5.0597406615e-01 -5.8531751506e-02 5.6686833734e-04 -1.3448992583e-03 5.2250167654e-01 -6.8312990584e-01 3.0110178244e-01 1.3372445209e-03 1.1826357432e+00 1.1570999217e-03 5.9412850385e-02 8.7670571545e-04 4.5340862268e-01 1.8329643579e-01 1.1248741881e+00 -2.8958008567e-01 8.6651306616e-01 2.7193211253e-01 -7.6149090113e-03 -1.4093073310e-01 3.9748351054e-01 -6.4512260074e-01 -9.3485415800e-05 -4.8194714685e-01 -4.6298541333e-01 -1.8114496428e-01 -1.9084082225e-02 7.1863824519e-01 6.0919039734e-03 -1.8375763661e-04 1.8461728009e-01 -8.8327561726e-05 1.4645142197e+00 1.1058632698e-03 4.3214862166e-01 -3.6443283059e-01 1.1288849307e-04 -5.3748551135e-01 -2.7834646153e-01 -7.5470815522e-01 -8.8748574631e-02 -1.3252388217e-01 -7.4263690886e-01 6.3288376677e-01 8.0831966858e-04 -1.3156378938e-01 -2.4971147285e-04 1.2413367017e+00 -3.3293768880e-01 -1.3335669820e-03 -4.7629258637e-01 1.2474915433e+00 2.5467759934e-04 2.5688418884e-01 -4.4900072215e-01 -1.6181868044e+00 2.1043554615e-01 -1.2519044658e-01 -3.2296534390e-04 -5.3335132481e-04 -7.9847972107e-04 4.4302074382e-01 6.9429130103e-01 -7.7628225115e-01 -6.9676789949e-02 1.0072665800e+00 -9.4415054114e-05 -7.1249611190e-02 -1.5691201064e-01 -3.7388562184e-01 -9.5196297288e-01 1.1514132964e-01 -8.0572376963e-01 1.5240246320e-01 5.1877317057e-01 3.5230284171e-04 -3.8400847618e-01 9.3757193621e-04 -1.1174168915e-01 -8.1045982694e-01 -5.4677215325e-01 5.0163281400e-01 1.1258052926e-03 -1.0183328122e-05 5.9242421011e-01 -1.0016433949e-02 5.5573022860e-02 -7.9735443910e-03 -1.4340883135e-01 -9.1803059410e-04 8.2110794225e-05 1.3126784409e+00 -6.3086183099e-02 -2.9497410190e-01 1.5019013772e+00 -2.9961142582e-05 1.9275544794e-04 1.1423206334e+00 6.6899815614e-01 -2.6950211628e-02 -6.6851754030e-04 1.6318854005e-04 4.0854697301e-01 1.5667806055e-01 8.7118648974e-01 -2.8904448399e-01 -5.9913900205e-01 2.7193071428e-01 3.7132989909e-01 9.5673364399e-01 6.7142928961e-04 1.3744342961e+00 -1.0794747533e-01 3.4660445061e-01 2.4100466781e-01 2.1531690472e-01 -9.4948100404e-01
5.8094941234e-02 -1.0838270569e+00 4.8502699443e-01 -3.5798029875e-02 1.0378938843e-03 -1.3870225411e-01 -2.5936905720e-01 -9.7908381185e-01 -2.3930584962e-02 -4.1088976232e-01 5.2783117384e-01 3.3042005553e-01 -3.8003720464e-04 -4.5299097935e-01 4.3373638258e-01 8.2957443707e-01 7.3871460339e-01 -2.6256029024e-04 -5.5926682974e-05 -3.8557048061e-01 4.1281040924e-01 3.0985903928e-01 -5.0322211610e-02 2.8509720352e-01 3.7989134672e-01 -2.3604551953e-01 -8.4037890295e-01 -2.4085299291e-01 -2.1951638789e-04 2.3485701256e-01 -8.0421901449e-04 -6.4277490579e-01 -2.7716944798e-01 -6.2001311801e-01 3.9890858895e-01 8.0219581203e-02 4.1381427679e-01 6.3732808116e-01 7.8525487589e-04 -2.7244666850e-01 -7.3690251123e-04 -1.9359934167e-04 -8.7932298441e-01 -2.8701281013e-01 7.0615564435e-04 9.5224326050e-04 1.2053717210e-03 -5.3063998506e-01 -7.4182274489e-01 -8.0833348854e-02 2.9557813657e-01 -1.9814457639e-01 -5.6530433707e-01 2.1862111828e-01 -6.7538538986e-04 2.3281372677e-04 1.1925692353e-01 -3.0642419978e-02 2.8810814420e-01 -8.5635190499e-05 3.3288816155e-01 -4.8658114677e-04 -1.2249012121e+00 2.4247327260e-04 4.6018469530e-01 9.3096908027e-01 -3.1675294579e-01 1.0487729703e-02 -5.4982804613e-03 3.2118396882e-01 1.2549651892e+00 2.2173265307e-01 -8.2290823611e-01 7.4631791805e-01 3.7678666306e-04 2.6277837468e-01 8.0251829614e-01 -1.6289423368e-01 -5.5983890690e-01 1.9562105295e-01 1.7883181769e-01 4.3129427911e-04 7.6879215520e-02 2.6172873403e-04 -7.5363995885e-02 8.3039212618e-04 8.3724543626e-01 -4.8343608037e-01 -1.0676732093e-03 -1.2676000135e-01 -4.7011734863e-01 -1.3338781344e-01 -2.5450839661e-01 -2.2944342405e-01 1.0118354610e+00 3.7707010712e-01 -2.1071679540e-04 -7.8121781054e-02 8.0852698140e-04 -7.6914318507e-01 -5.8673442981e-01 6.5433662973e-04 -4.2176370991e-01 -1.2367444844e+00 7.4137932909e-04 2.9767404723e-01 4.7958436231e-01 2.4051945777e-01 1.6720837547e-01 -1.0686583850e+00 -4.7116223118e-04 2.0595523380e-04 -4.0233502373e-04 6.8838175565e-01 -1.0412961591e+00 3.6156635352e-01 1.2552859292e-01 1.1178882043e-01 1.0170517148e-03 1.7457399075e-01 -4.4094111121e-01 8.6483120846e-01 -9.6140244623e-01 2.4866005358e-01 -1.2044312249e+00 -7.0067616339e-01 -1.0048429049e+00 1.0445796442e-04 -6.1667259558e-01 -6.2965950151e-04 -2.2949813763e-01 -7.9923967208e-01 3.3292419591e-01 1.1174043127e+00 4.9002877339e-04 -4.0518043884e-03 5.7894001267e-01 -2.7128805198e-03 5.7595989787e-03 -2.1677660240e-01 8.3591092448e-02 -1.4159982146e-04 -6.3667115598e-04 9.8418932079e-02 1.3657468487e+00 -5.0853899570e-01 2.6649457489e-01 9.9598965910e-05 9.7218821624e-05 1.1091477706e+00 -1.5236531291e-01 -3.1209583387e-01 3.9451040300e-04 1.8564828659e-04 8.9792800071e-01 6.5320911637e-01 -1.1329424120e+00 -1.0535991301e-01 -1.6602632682e-01 -7.1901751828e-01 1.4307119551e-01 3.9957731960e-01 8.5135952660e-04 1.8574015519e-01 1.8697717499e-01 1.3794522383e-01 -7.1602551248e-02 2.0507969371e+00 8.1069171671e-02
-1.8847658995e-01 7.1133061638e-01 -4.2630528105e-01 -7.6538532084e-01 5.7317985793e-04 2.2305537623e-01 -3.9394641446e-01 -5.8901301040e-01 -1.4657606794e-01 -9.5075945270e-01 4.1998029072e-01 3.0341905939e-02 6.8032412548e-04 1.7057542024e+00 -1.4205117724e+00 1.1436786776e+00 -2.2423056043e-01 6.2936667884e-05 8.2085053604e-04 2.4904667364e-01 -1.3644566026e-01 -1.0970987038e+00 -8.7110628728e-01 -8.2639868184e-01 -4.3813820054e-01 -3.9893121342e-01 -3.6343532622e-01 -1.7134562799e-01 -2.9201347304e-04 -4.6087226970e-01 2.2882583349e-04 -5.9781918552e-01 7.4542416339e-01 1.6568542712e-01 -5.9167799019e-01 4.3220970109e-01 -3.1858279349e-01 -9.9662827033e-01 4.2109652140e-04 -1.3857868229e-01 1.1520482901e-03 9.0260046754e-04 2.3523167574e-01 3.0385190665e-01 -1.5607795278e-04 -2.9935078319e-04 -1.4802120530e-04 -5.6412872996e-02 1.2632771143e-01 8.3435606628e-02 3.3892826288e-03 -3.1469695070e-01 4.4142260255e-01 4.0332521148e-01 4.6613327156e-04 -1.0496581295e-03 -3.8084958491e-01 7.4467554428e-01 7.8866131130e-01 -5.4887947231e-04 -7.5299971746e-01 -5.4423778272e-04 5.9285878047e-02 2.2630898154e-04 1.6215769977e+00 -1.5852120222e-01 1.6893119754e-01 4.5549258147e-01 1.0905916387e-01 7.8693683015e-01 -6.7539968833e-01 3.2157089580e-01 -1.2253250188e+00 1.4161005201e-02 -2.8627163671e-05 1.2628035837e-01 -1.1517231878e+00 -1.0684610953e+00 -1.0161408969e+00 4.5864843151e-01 -1.8156223504e-01 -5.9808412726e-04 4.5256935420e-01 2.8035700463e-04 2.0414847748e-01 3.1746235143e-04 5.9305790356e-01 -6.6996144735e-01 -1.9425834310e-04 -3.4539898518e-01 1.0648442963e+00 2.8651339309e-01 -6.9818357244e-01 -4.6017638132e-01 -7.6917566095e-02 -6.2212547817e-02 1.0919693608e-03 -1.0997857242e+00 -9.7446871901e-04 -7.2937060392e-03 -2.6519293441e-01 -4.4582354756e-04 -4.5554022562e-01 -4.3449245819e-01 -1.7241780038e-04 -2.0662680787e-01 6.5212853141e-01 -5.2687530948e-01 -6.7875473412e-01 -3.8849276071e-01 7.5442675631e-04 3.7667635120e-04 -6.1447677422e-04 1.4197623437e-01 -1.0815773873e+00 -8.4157331396e-01 4.9406978639e-01 -3.3818133894e-01 -6.1005191529e-04 8.0434546489e-01 6.1783037852e-01 2.9138024065e-01 -1.9084513662e-01 2.2527476057e-01 -3.7286246478e-01 -5.6293285555e-01 -1.0594606242e-01 -5.3209331375e-04 -4.5400590808e-01 -1.1459407361e-03 4.4970785624e-01 2.0545501563e-01 -2.5614283580e-01 -5.2372646599e-01 -8.9365503659e-06 4.7591823140e-03 1.1368005056e-01 5.0715752848e-03 7.5868308667e-01 -1.9316696889e-02 -6.4912781673e-01 -6.5958482253e-04 8.5691163154e-04 1.7361828197e-01 1.3788457029e+00 2.7440016541e-01 2.6335990848e-01 6.5018956009e-04 3.1767648696e-04 -8.4054572862e-01 3.5324157083e-03 8.0432765918e-02 1.7178287010e-04 2.9574851529e-04 -2.5873307468e-01 1.4003143469e-01 6.2932423487e-01 -1.3380576411e-02 -9.8541697138e-01 9.3155836742e-01 1.7305191221e-01 -1.9448562227e-01 4.2683479789e-04 4.2594157134e-01 6.5408531784e-01 -8.5283922702e-01 -1.2463528675e-01 -5.3475896467e-01 4.7758618040e-01
5.8557011864e-01 -2.9430836142e-02 3.1086994544e-01 -1.4089905772e+00 -2.1254669565e-04 7.3751169020e-01 3.7997776471e-01 -5.2347883440e-01 1.4752539460e-01 -1.1169105394e+00 -1.1654252949e-01 -5.4664015989e-02 -4.7336480896e-04 -1.1811462640e-01 1.7472406593e-01 5.6700110599e-01 -8.7231759497e-01 -3.9289678668e-04 -5.0036844969e-04 -4.2528018741e-01 7.3696512218e-01 -8.4901321436e-01 -1.4867240159e+00 3.1238646854e-01 -2.5576358044e-01 2.9371460808e-01 -1.2771462008e-01 -7.8149272465e-01 -2.2361325022e-04 4.2349680485e-01 -3.8323685200e-04 1.1454345597e+00 3.5424930358e-01 1.4264275741e-01 -3.2197313452e-01 2.9954854945e-01 4.4611954632e-01 3.4444140384e-01 -5.6375556814e-04 -1.1616519120e+00 4.0474678792e-05 -7.9635076387e-04 -5.4832172274e-02 6.6351540044e-01 9.9061032926e-04 -3.0231104263e-04 -3.6404698067e-04 3.0843000110e-01 4.8598304044e-01 -4.2419809872e-01 -2.6760019317e-01 -7.4644638007e-01 -3.0146036649e-01 -3.2527272572e-01 7.5680806366e-04 9.4735341810e-05 -2.5097930533e-01 1.4313048755e-01 2.1058810466e-01 6.7865184096e-05 5.3415826101e-01 1.1029104745e-03 -2.3910111516e-02 3.8417275316e-04 -3.8657155066e-01 -2.5356186105e-01 3.5858208038e-02 5.3556651321e-01 -3.1770457160e-01 -1.0802431048e+00 4.6707625923e-01 -5.8330015093e-01 9.5735480077e-01 7.3813270628e-01 4.2111352239e-04 4.6226949452e-01 1.0024312948e+00 1.0248682644e+00 3.5352986574e-01 9.7264629706e-03 -4.2135425038e-01 -2.1330175926e-04 -2.6469445323e-01 -1.7512640641e-04 -2.0692961305e-02 -2.9601767045e-04 4.7328692982e-01 9.4436003696e-01 4.7422438924e-04 1.3858911024e+00 -1.6518682021e-01 6.7190840889e-01 -4.9246200463e-02 2.1362132988e-01 6.4348012321e-01 4.7460420149e-01 9.5873011991e-05 -3.4391557164e-01 -2.9200668525e-04 5.6571439647e-01 1.0033852813e-01 -4.7137076220e-04 1.2640723637e+00 5.0891534177e-01 9.8032823767e-04 8.5031413987e-01 2.5966978072e-02 2.8661211343e-02 5.7960727605e-01 1.2977171823e-02 7.4546461136e-05 -4.0051594305e-04 -6.4558982760e-05 -1.2848126636e-01 -2.6166117596e-01 -2.7148376159e-01 1.3516397829e+00 8.3831325060e-02 -6.4349753233e-04 -6.5745085801e-02 3.0458272377e-01 -1.7969850590e-01 -1.1617893262e+00 4.0979331897e-01 7.1045134015e-01 -9.1157392315e-01 -9.7556727671e-01 -2.8013409271e-04 -3.1514887749e-02 -2.0465349121e-05 -3.9609236693e-01 -5.0388760582e-01 -2.8675582748e-01 -8.7648438215e-02 -4.2231054949e-04 1.9228299727e-03 -1.0171378545e+00 -1.5994371871e-03 8.2030410738e-01 -1.5840569754e-01 -2.8033160920e-01 -5.2596031393e-05 3.5102703192e-04 2.1850193457e-01 -4.5968090430e-01 7.0803094080e-01 7.6898614679e-01 6.6418926712e-05 -1.9958563511e-04 1.3407936081e-01 2.5946881330e-01 -2.9316478836e-01 8.9026054986e-05 -1.0204269956e-03 -3.5319532684e-01 -7.4716861197e-01 1.0823544987e+00 -6.5371549389e-02 -7.2166914164e-01 1.2605742708e-01 1.3377047696e-01 2.3413914321e-01 7.6487189364e-04 -1.0784954167e+00 8.1223487871e-01 -3.4273036000e-02 -1.5792517690e-01 4.3730194260e-01 -1.5810413630e+00
-5.8563186718e-02 3.7677606179e-01 -4.7552773264e-01 1.8863084373e-01 -6.1008827164e-04 2.3587511158e-01 -1.2845968170e+00 4.1981555552e-01 5.0083088202e-01 1.0084129253e+00 -4.0380612510e-01 3.9787256827e-01 1.3656833872e-03 -2.3527657049e-01 -3.9056883517e-01 -6.5868358644e-01 -4.1961440976e-01 -1.0405288250e-03 2.5531564393e-04 -9.2242287573e-01 9.0291214661e-01 8.1339092484e-01 -6.0226560823e-01 -1.0303326322e+00 3.1260198320e-01 -2.3509663023e-03 7.3818077555e-01 -8.0175642601e-01 1.4832146423e-04 1.8937410763e-01 -2.1119813348e-04 -3.4784100722e-01 -4.2308454273e-01 -1.7037267269e+00 3.3280646568e-01 8.6790010363e-01 -1.3368723203e-01 -8.5778545544e-01 5.3751464392e-04 1.2112206495e-02 -1.6159514318e-04 6.3242073722e-04 5.8828485458e-01 -7.1705458378e-01 4.2936300300e-04 4.1841678355e-04 2.5614982035e-04 -2.2045824737e+00 1.6020490782e-01 1.0029941583e-01 2.8374347790e-01 -6.4282353032e-02 8.7472644876e-01 4.5020634144e-01 5.4554616193e-04 -9.8587443652e-05 4.2790829215e-01 -3.0890213699e-01 -5.0076557967e-01 -1.3239884952e-03 -2.8325780099e-01 1.9135658541e-05 -3.2480001870e-01 1.8300897241e-04 -1.2802146757e-01 1.4031829856e+00 -9.9920282292e-02 6.4439051095e-01 -5.0006840344e-01 4.8281488546e-02 -1.7616928411e-01 -9.8909901937e-01 1.9647057451e-02 1.1735103909e-01 2.3866627178e-04 2.1975397600e-01 -6.4325625539e-01 7.5852309733e-01 -4.5411139953e-01 1.6315331486e-01 1.9758189647e-01 -1.5950796781e-04 4.3934843303e-02 2.3955914181e-04 -5.3463277820e-01 -2.0727977747e-04 5.8901995928e-01 -1.4744970526e-01 -1.2342375701e-04 2.9169113510e-01 -8.0225665511e-01 -1.7524133529e-01 2.2688520879e-01 3.0295236145e-01 -2.4931159193e-02 7.5135306177e-01 7.0069529681e-05 5.0926552650e-01 -7.2315369488e-04 -4.2010199422e-01 7.3253129787e-02 1.4726481457e-04 9.9065891378e-01 1.1485308542e-01 -5.5089783001e-04 -9.5451541607e-01 -5.4891208815e-01 -4.6727509607e-01 -1.0550052993e+00 5.1105406249e-01 8.2116915592e-04 -5.5365311855e-04 3.3570172993e-04 4.2223817015e-01 5.3539652490e-01 -2.2024890810e-01 -3.1655106303e-01 5.3126044492e-01 -1.4971173247e-03 -4.9180624920e-01 4.1977607261e-01 6.8132271632e-01 9.1057548832e-01 -1.6336011777e-01 -2.4583883472e-01 -4.9560966601e-01 -7.8314557727e-01 3.7745185955e-04 -9.9764614858e-01 1.1074320572e-04 1.6340221239e-01 2.9428236405e-02 -4.3599548087e-01 5.7911696357e-01 2.6013878345e-04 -1.3190465161e-03 -2.9751674527e-02 1.1173827264e-02 -3.2733224930e-01 3.1043080612e-01 -9.2582932292e-01 -4.9912496335e-04 8.4201079257e-04 4.5511565511e-01 4.3839933163e-01 5.6952452936e-01 -1.1035202867e+00 6.9997292783e-04 9.5543451537e-04 5.0137917788e-02 4.9838097902e-01 4.4239698693e-01 1.7459640055e-04 4.5605319627e-04 -8.0775281881e-02 2.7276137117e-01 1.3369118387e+00 3.3571058681e-01 -6.4507878017e-01 5.5454913900e-01 -3.1412555558e-01 -3.2792824685e-01 4.7771101819e-05 6.4806687764e-01 4.8617970100e-01 -4.7063371160e-01 -1.4545602725e-01 1.0555570387e-01 -8.6131109521e-01
-1.0366897878e-02 -2.1885316754e-01 -1.0005654217e-01 1.4987986851e-01 6.2468430106e-04 3.6019095561e-01 -1.0007913396e+00 -5.5602902441e-01 -8.1068209486e-01 -1.7467586315e-01 9.2458319901e-02 2.7044370705e-01 1.4189143416e-04 -3.3574395012e-01 -2.3500462978e-02 -7.0455731239e-01 -1.4878856404e+00 1.1900857451e-04 8.3478162184e-04 2.4819290125e-01 1.4451825514e-01 -3.8006355243e-01 7.6177778385e-01 -1.1310754855e+00 6.0896982678e-02 -6.3147520545e-01 -5.0791772014e-01 3.8386528816e-02 -2.8798759999e-04 -3.8468241110e-01 -5.5234860768e-05 -5.9501907814e-02 -5.3565684597e-01 3.9212196628e-01 -6.0750050610e-01 -1.1220363791e-01 2.7552844404e-01 -3.2302932730e-01 -3.7995993970e-04 -6.2286765498e-01 -5.5512848574e-04 -9.2021721618e-04 -5.8183657325e-01 6.1274656616e-01 5.5586265758e-04 1.2873233468e-03 -1.0427460095e-04 6.1370214626e-01 2.1094813851e-01 -2.5459085368e-01 4.4896787059e-01 9.7498215396e-01 8.6521589781e-01 9.0492326339e-01 -6.2229867079e-04 5.6765763758e-04 -3.2317280406e-02 6.0206546834e-01 -8.0358074709e-01 -5.5599870379e-04 8.6033068710e-01 5.8989972335e-04 -3.2094925911e-01 -4.0525889669e-04 -4.1729659160e-01 -1.3614691699e+00 -1.3914790165e-01 -3.5839046240e-01 -1.5685677743e-01 4.4441001786e-01 8.2920483533e-01 -2.3073675452e-01 -1.5482153566e-01 -2.1574668923e-01 -6.6298199415e-05 -2.4806073630e-01 8.5047769857e-01 -4.2067376018e-01 -1.3044015721e-01 7.3081829275e-01 -9.7727589559e-02 8.1900673004e-04 6.4354523321e-01 5.7447759056e-04 4.0473337194e-01 1.2875742292e-04 4.4215203912e-02 -3.4624828099e-01 5.7039416060e-04 1.6416868854e-01 -8.2594019055e-01 -1.0837794476e-01 2.8620783073e-01 4.0335367475e-01 -1.5296542936e-01 -1.1043280583e+00 5.0662542456e-04 8.6139017612e-02 3.3710962695e-04 -3.1058665508e-01 2.1253438870e-01 -1.3871193743e-03 -5.3656033752e-01 2.2736292094e-01 -1.8893563805e-03 -9.5050868659e-01 3.2581771032e-01 5.8953821378e-01 -2.5014094096e-01 3.1321837499e-01 -2.3984891464e-04 -1.1275634050e-03 -2.5109001457e-04 4.4673500115e-01 1.6633376121e-01 3.2452987789e-01 2.9723445232e-01 -1.9687946011e-01 -2.2141008024e-04 -1.2590356911e+00 9.0813465919e-01 4.9089170086e-01 2.0880789683e-01 2.3959181891e+00 7.0315108748e-02 -1.0216258563e+00 -4.8847900027e-01 -2.9828325969e-04 -4.7859301503e-01 -1.1513530679e-03 -1.3388978606e-01 3.1236106274e-01 -9.1378332903e-01 -4.7990393664e-01 8.8250647455e-06 3.0481619096e-03 -3.7435046416e-01 -1.7309929693e-03 2.1461653239e-01 -3.7324302470e-01 1.2040424878e-01 -8.8112766642e-05 -6.6290215019e-05 2.1907107238e-01 4.4196150992e-01 5.8379343410e-01 -5.7457042564e-02 -6.7515075136e-04 2.6944483682e-04 -3.6269074559e-01 -1.0414111997e+00 1.3882107364e+00 -3.4222971193e-04 5.9630454506e-04 9.6939246696e-02 -1.1683192820e+00 3.7941706265e-02 3.1617001783e-02 -3.4123585494e-02 -9.8855185763e-01 7.3612482802e-01 -4.9720248808e-01 4.2159063873e-04 -7.2757504027e-01 2.9913107511e-01 -1.4965835417e-01 4.8257473182e-01 5.8423207827e-01 1.0280599986e-01
3.6990064498e-02 -3.6287016435e-01 -2.3393004614e-01 -4.7619027959e-01 1.3177125299e-04 -6.3384378583e-01 -2.4005078716e-01 -2.9421388687e-01 -5.8991617762e-01 7.9156802027e-01 -8.3005409595e-01 -9.8823645641e-02 6.0541315585e-04 -6.7398792789e-01 -8.3830203685e-01 9.6677615073e-02 -9.0028479136e-01 -5.8289646024e-05 -4.3993560156e-04 -7.4967673038e-02 -4.3542543489e-01 -4.3502766855e-01 -4.1784823648e-01 -9.6187128207e-02 -1.0167192802e-01 -5.0325015365e-01 -7.8975399323e-01 -9.8064435147e-01 1.8576016937e-04 1.1267422532e+00 5.1360597882e-04 2.2082617999e-01 4.3832292367e-01 3.1389574461e-01 2.6533043670e-01 -4.8208381021e-01 3.2426783238e-01 2.5583367795e+00 1.0876824344e-03 4.5857669137e-01 -8.4792140274e-04 1.1977938446e-03 2.1158391738e-02 6.0275225323e-01 9.9867449680e-05 4.7070794031e-04 -1.1295434335e-03 -4.9012452293e-01 4.9346735437e-02 7.6566978056e-01 -6.1823109030e-02 3.5846292396e-01 -7.4297197679e-01 -1.6635928872e-01 -1.0463152520e-04 -1.0729943835e-03 -4.5906606319e-01 1.6842646439e+00 1.0313363304e+00 -8.7060897374e-04 -1.9300324752e-02 1.7111853688e-04 -5.6167280754e-01 2.0711520313e-06 7.4762479435e-01 -3.2677092110e-02 -6.7262639840e-01 -1.2064092157e-01 -9.6513032397e-02 2.6689524752e-01 -1.1680293640e-01 -6.6989069749e-01 1.2972318943e-01 -1.3683659393e-01 -6.8304489408e-04 -8.6624953679e-01 7.5909892235e-01 2.9910003688e-01 2.8826611769e-01 1.4626807005e-01 -2.3517542395e-01 5.9027579415e-04 4.7904164498e-01 9.0334830683e-05 2.2859777451e-01 1.3461168197e-03 -8.4614023678e-01 8.1853496260e-01 3.3270113108e-04 -3.2896652526e-02 3.6313823424e-01 1.7850473055e-01 5.2224637774e-01 1.2650572992e+00 -4.4052389931e-01 -5.6412676278e-01 1.8624237624e-03 9.5784662187e-01 -2.3027782959e-04 3.3608894456e-02 -1.8032419688e-01 -2.9761674223e-04 6.2586350130e-01 -6.6708392088e-01 -1.2985496320e-03 -2.5109807795e-01 -2.0251004406e-01 -5.1270357512e-01 -6.4965719694e-01 -6.1299430215e-01 3.9785766864e-04 3.2242362855e-04 8.4296290077e-04 4.9792876143e-01 3.9644354087e-01 -3.7554486602e-01 1.6076996695e-01 -7.4270668224e-01 -1.4744274122e-04 1.6415092586e+00 6.6004109098e-01 3.0371752223e-01 -5.8200177024e-02 -1.2217409114e-01 -9.4384887921e-02 -9.9691344840e-01 2.4944307419e-01 2.7491239046e-05 5.9745274114e-01 8.7584518104e-04 -8.9208175994e-01 2.8409060589e-01 -9.1653760687e-01 -6.5831525880e-01 -6.4580363289e-04 -3.2067817116e-03 7.6932396647e-01 4.6582856604e-03 -2.1769987743e-01 -7.6740989240e-01 -2.6003154342e-01 -3.4526810252e-04 1.0658689855e-03 8.5383661262e-01 -1.0010810746e-02 -4.6414637425e-02 -7.1402477592e-01 9.7555164545e-04 4.0532763868e-04 5.8100498464e-01 -3.1301077705e-01 6.2662191863e-01 1.7690227532e-03 4.3729179538e-05 4.9424500994e-01 1.5021328066e-01 7.5012316533e-01 -4.1051085717e-01 2.9781285021e-01 4.1156649112e-02 3.2733337740e-03 -1.2363991942e+00 7.1880520816e-04 5.5938011076e-02 -2.5934696686e-01 -3.6067199557e-01 4.3712431171e-01 -3.0810070591e-01 9.9078674685e-01
-1.3215441578e-01 2.8300469288e-01 -2.3063829882e-01 6.7648053630e-01 -3.6623144177e-04 -1.9540565804e-01 6.9028449268e-01 -8.6111139866e-02 -1.0909166932e-01 -6.9256014301e-01 -4.8453441319e-01 1.8503919158e-01 3.8089919743e-04 -4.3552604159e-01 4.2431316741e-01 -5.0371108429e-01 -1.4008434202e+00 1.3248052221e-04 -1.5643858123e-04 -1.3119483655e-01 -5.1284722825e-02 -9.7284229323e-02 -1.6542503693e+00 -1.0428029164e+00 -3.8565627707e-01 5.9100098342e-01 1.6976872971e-01 6.6918724340e-01 -1.8710190507e-04 -2.2590031768e-01 -5.6821098342e-04 -1.2760164165e+00 1.2602197841e-01 -2.0364505620e-01 -1.9359044863e-01 2.6392115323e-01 5.5680844132e-02 -4.6030375677e-01 3.1386070133e-04 1.5479215335e+00 1.9860983531e-04 -3.9409155241e-04 5.2812901708e-02 6.6048292634e-01 6.8879374979e-04 -3.1400458879e-04 3.2049616663e-04 -4.2733102289e-01 -2.9092406128e-01 -3.8577050074e-01 -3.6724860119e-01 -2.4312420501e-01 -4.5054986147e-01 3.5435197383e-01 5.1736833396e-04 4.3799193520e-04 3.6512632840e-01 2.4391347843e-01 6.5947568837e-01 1.2325842756e-04 -1.3959019946e-01 -1.9338735300e-04 7.6987706586e-01 7.2329629048e-04 -1.6751157623e-01 -5.1413402536e-01 -2.9781212237e-01 9.2612725535e-02 3.3012389416e-01 -9.7251282443e-01 2.1982192859e-01 4.3313257368e-01 1.2097981716e+00 1.2998789300e+00 -3.5671167621e-04 4.0539430300e-01 1.0627550481e-01 1.2280355992e-01 -7.7372960396e-01 4.3869757603e-01 1.8247458584e-01 -1.0356840337e-03 -1.0991142661e+00 7.2245407998e-05 -1.9740440320e-01 5.1471860356e-04 -1.0996169959e+00 -9.2778237523e-01 -2.1386002923e-05 5.0030765559e-02 1.5841152247e-01 5.5192238164e-02 -6.1535871568e-01 6.8126888718e-01 1.1969169059e-01 -8.5604005726e-01 -1.6616727089e-04 8.3498665953e-01 -4.4899031970e-04 -4.6441009275e-01 -7.6714518798e-01 -5.5418706723e-04 -8.0696615835e-01 -9.9442311168e-01 8.0957370026e-04 -4.5185669109e-01 -7.7311700196e-01 -5.8765589345e-01 3.8436512418e-01 1.0327050048e+00 -2.1524444416e-04 -9.5822400357e-04 -1.1158668703e-04 -1.1390823953e+00 -6.2320731444e-01 -8.9794989078e-01 1.0139641417e+00 4.1722509592e-01 3.0699826873e-05 -2.9418868556e-01 -1.7669514199e+00 6.5572332751e-01 -6.8940761150e-01 -4.3918146359e-01 -5.6310374281e-01 9.1472069428e-02 -2.7080965363e-01 -5.2258722652e-04 3.5552516821e-01 -5.7487950829e-04 -1.0314122048e+00 -2.9156921871e-01 -6.1640522123e-01 1.1754163900e-01 -1.8811235548e-04 -1.1519597142e-03 -2.8753872039e-02 6.7725872784e-03 -1.5073197726e+00 6.3740205764e-01 -7.5085388335e-01 -3.2549410696e-04 6.1171357063e-04 1.0482960404e-01 2.2514166953e-01 -4.5497148253e-01 6.6480926343e-02 -3.5316400114e-04 5.3119574510e-04 -7.2847234027e-01 1.3884518767e-01 -9.3291458470e-02 2.3357557081e-04 1.3522997808e-03 9.3411382269e-01 -2.6120504192e-01 3.0562348333e-01 2.4672256626e-01 2.0356069898e-01 4.8778732352e-01 9.1916710053e-01 7.1885581284e-01 -2.5776029753e-04 7.5084056219e-01 -4.6016211844e-01 2.8909353296e-01 -1.5898980724e-01 -3.3936078905e-01 6.7905914702e-01
2.0691212191e-01 6.3005305826e-01 -5.9671072713e-01 6.1624876476e-01 -5.9516049648e-04 5.2995575284e-01 9.3204413009e-01 -3.9198624561e-01 -4.0028674442e-01 -5.8702754068e-01 -1.5784160984e-01 1.2634667629e-01 -8.6359910575e-04 -1.5838174026e-01 4.9966465070e-01 -1.2905204828e-02 -4.3591567697e-01 6.5103130184e-04 -7.2119015724e-04 4.9904572158e-01 1.7106420870e-01 1.4008658287e+00 -6.3211684481e-01 -3.5688136968e-01 -4.3638150812e-01 1.9738167922e-01 8.2090746970e-01 -1.9499561344e-01 6.7938039481e-04 -7.8991313903e-01 -4.7239543173e-04 1.4689806562e-01 2.6191566634e-01 -4.2332814784e-01 -4.0276327434e-01 -2.7616979408e-01 2.1953721144e-01 8.6579880849e-02 -1.0589754402e-03 7.4944969473e-03 4.7944346375e-04 -6.7808458503e-04 4.8476986916e-01 -4.5239723571e-01 -2.9192208890e-04 1.9007950318e-04 -3.6204137193e-04 3.7727058120e-01 -2.1081062916e-02 -2.3088384442e-01 2.4228815283e-01 -3.8069071749e-01 -2.4662787318e-01 8.0069521189e-01 -6.6226052017e-04 6.7399959844e-05 8.3955591819e-02 -3.6035790474e-01 1.6799194181e-01 4.5856402493e-04 -4.7386114215e-01 6.2184280790e-04 -1.1187756233e-01 -6.1043202620e-04 -2.1328913652e+00 7.4980647079e-01 -2.0073279738e-01 -2.3074610220e-01 1.7552501073e-01 -1.0576820777e+00 1.7595864702e-01 -9.7730921715e-01 3.2718491664e-02 5.0932617097e-02 7.1302820629e-04 1.3843210599e-01 4.4376980365e-01 -7.8036651849e-01 1.1363940406e-01 1.2825320067e+00 7.7426443099e-02 1.5125465815e-05 -7.8058552766e-01 -1.1143582834e-03 3.2053029968e-02 -2.9649835413e-04 -3.0676707951e-01 1.2574061727e-01 8.3421039150e-04 -7.0490913879e-01 9.3634604943e-01 2.9976337568e-01 -2.8340009869e-01 -4.8783451818e-01 -3.0933052582e-01 -2.0368742532e-01 1.6114594986e-04 5.2333484458e-01 -6.5646991907e-04 1.0442341485e-01 -6.6141363422e-02 -1.1988106727e-03 1.5944535699e-01 1.8393642157e-01 -8.0233399049e-04 1.8420537674e-01 5.5089025972e-01 6.7040066377e-01 -1.0100090945e+00 2.0541033514e-01 6.0214860997e-04 -3.2816723172e-04 -3.9490090622e-04 7.7439797160e-01 -3.4723319779e-01 1.0424365491e-01 -3.6461626712e-01 5.6452168714e-02 -6.4692144876e-04 2.7240758414e-01 4.0220486713e-01 -1.0095625426e+00 1.7180031194e-01 4.9406435535e-01 -2.1517148562e+00 -6.8977677832e-01 -6.6911899273e-01 8.7017267423e-04 4.5050814261e-01 2.6869244397e-04 7.4047320429e-02 2.8668998757e-01 1.4811389837e-02 -8.9883944357e-01 3.9045970042e-04 -3.1781449241e-03 8.6296603591e-01 7.7936991939e-03 1.4051682763e+00 -6.2500693973e-01 5.0874458236e-01 3.0054616009e-04 1.5943829769e-04 -1.9819602749e-02 -1.0175373998e+00 -1.1110559573e+00 1.0294403548e+00 4.4967245529e-04 2.0482699467e-04 -6.1629168955e-02 -4.2599556696e-01 -2.5815026322e-01 -7.1071097359e-04 4.9078416998e-04 2.3674839980e-01 -4.0228975591e-02 4.3319144158e-01 3.4621492903e-01 4.6947195013e-02 1.9371448724e-02 -7.0669746549e-01 -1.0698023456e+00 -7.8756115505e-05 8.4168978171e-01 -4.3214066682e-01 -3.1931124019e-01 5.5094067630e-01 4.2561206535e-01 -4.1922287664e-01
4.1528506132e-02 -2.3269569055e-01 -5.9113034940e-01 6.8214651641e-01 -3.1639181160e-04 -6.7571989448e-02 -6.5617580685e-01 -1.7836201269e-01 7.2080267639e-01 3.6622419706e-02 -1.2250733255e+00 7.1688981280e-01 -1.5842883101e-04 8.2351428672e-01 -1.7824139517e+00 -4.6915862168e-01 4.4427241484e-01 -5.6006147203e-04 -1.9805850185e-04 -1.6987823824e-02 1.0838299006e+00 1.3602987604e+00 1.1894109364e+00 2.0401956115e-01 6.3439855370e-01 5.8114873993e-01 8.8539699310e-01 -6.1901909251e-01 4.1129463684e-04 9.8412662600e-03 -3.6712865979e-04 -1.7454894396e-01 1.3942910185e-01 -6.9819503528e-01 -1.4114272348e-01 1.0920475431e-01 -1.6677793900e-01 -7.2233424833e-02 2.2987814769e-04 -1.5010171794e+00 -1.0276981207e-03 -2.1442675771e-04 -7.1263552280e-01 2.4083322466e-02 -3.9691486794e-04 1.0669681294e-03 6.0769851784e-04 8.8597941274e-01 5.9955481975e-01 -3.3203319860e-01 -4.3294438507e-01 -1.2766850854e+00 -1.1302582437e+00 -7.5140296369e-01 -6.3812857016e-05 -1.1674401957e-04 -8.5764957364e-01 6.4807841081e-01 3.3686475998e-01 -1.4614824651e-03 -4.9857212617e-02 7.7305438319e-04 -7.1513026357e-02 -9.4527593350e-05 3.4148840807e-01 2.4406833885e-01 2.7708880203e-02 -7.5865304559e-01 -1.7219842594e-01 -1.6398086842e-01 6.5718771360e-01 -6.4172477996e-01 -1.3834440828e+00 6.5420207254e-01 -3.1848715461e-04 1.0401037843e+00 -1.0750490256e+00 -1.1201042186e-01 5.8778575930e-01 -1.7113869937e-01 -9.1719062201e-01 1.6622393683e-04 -9.5973893689e-01 1.1700855823e-03 3.8066968379e-01 1.1897809898e-03 -8.6874353673e-01 -7.2386698436e-02 7.9153387361e-05 1.0311157245e-01 -7.3812160018e-01 -4.5665689391e-01 4.5423128675e-02 2.1864518985e-01 4.7385393405e-01 8.2313020197e-02 -3.8097829463e-04 1.2867564811e-01 7.7787627080e-04 1.0859509239e-01 4.1335302855e-01 4.4373495595e-05 -1.1730958752e+00 1.0831636983e+00 -3.9059925249e-04 4.1548214114e-01 -7.5624843982e-01 6.0139524508e-01 3.8473157611e-01 1.5445234679e+00 1.5882416955e-03 5.4011633060e-04 1.0333848437e-04 -3.8939946834e-01 -4.1327978518e-01 1.7740188241e-01 5.2045552657e-01 -6.0364623376e-01 1.0495943133e-03 4.3540725399e-01 4.0131310880e-01 5.3227469576e-01 -4.4350306319e-01 -6.7291777804e-01 2.4108454467e-01 -2.6900024489e-01 -4.5859009627e-01 -4.6701784463e-04 9.7796153523e-01 2.1581812529e-04 7.3775172412e-02 7.8361528795e-01 6.7701977537e-02 -6.5780198661e-01 6.3187200848e-04 -1.7066503848e-03 -6.4693776783e-01 -9.8391805314e-03 -5.2946137765e-01 -5.1446977322e-01 -5.1006473125e-01 6.5590943530e-04 -1.5332162216e-03 -2.2608820369e-01 -6.2275784411e-02 -4.3116029976e-01 -3.1157608441e-01 7.2820567563e-04 -1.0759251303e-04 1.9004014952e-01 -7.0187153314e-01 3.0660343061e-01 1.0698378352e-04 1.6206674009e-03 9.5129647876e-01 1.7807527705e-01 4.7438513420e-01 4.5120441710e-02 -9.8990883106e-01 -3.3534753759e-01 8.1612042726e-01 1.0425201788e-01 3.7195449227e-04 -2.4902900372e-01 -2.1106289747e-01 6.8693982054e-01 -5.8109543617e-02 -4.6888249844e-03 8.4075281794e-01
9.9111679997e-02 1.1631143320e-02 1.2345559361e-01 7.9481658565e-02 2.6327663886e-04 6.5919472952e-02 1.9335224156e-01 2.0797184254e-01 1.6715601831e-01 1.9929826476e-01 1.5017696011e-01 1.8388665385e-01 -7.1119787546e-04 1.1011920526e-01 2.2082222290e-01 6.8193107639e-02 1.4646406671e-01 1.8899253862e-04 2.8748375895e-05 1.7398488121e-01 4.1050264322e-02 1.0756449148e-01 1.0274506854e-01 1.0784797502e-01 2.2506696940e-01 1.2865271750e-01 1.2484177456e-01 1.8983715261e-01 1.1814257079e-03 1.6452619610e-01 -9.0199826035e-04 1.7250361352e-01 3.4384096611e-02 4.1255285359e-03 1.4342762140e-01 2.2978124440e-01 1.8763457375e-01 1.6150175600e-01 -8.5443610172e-04 1.2091151751e-01 -6.8812065318e-05 -5.9348714978e-05 1.1768322810e-01 1.1724944237e-01 9.8760440240e-05 3.3980171563e-04 -5.6624803438e-04 1.1410293043e-01 1.4936445124e-01 1.3180762231e-01 7.9890515831e-02 1.6460086107e-01 1.7359843829e-01 1.6445461541e-01 -6.1044544466e-04 5.4397060898e-04 1.2674231776e-01 1.7896836269e-01 8.6205318714e-02 -2.7868076184e-05 2.0326927212e-01 -5.2457525922e-04 2.4037782431e-01 1.0349222582e-03 1.2140129679e-01 1.3742397403e-01 2.6069459732e-02 8.9195382461e-02 3.5536063643e-02 1.4390387764e-01 1.3250032468e-01 8.5831097514e-02 5.0458305587e-02 1.1604052546e-01 -7.9616938064e-04 1.2687481468e-01 1.8295801755e-01 2.3650374390e-01 1.6673794998e-01 1.5583416736e-01 -5.2979743596e-02 -4.0944007252e-04 3.1382865867e-01 6.2363384268e-04 2.1522592916e-01 -7.6343128750e-05 2.3900591532e-01 1.7609410208e-01 4.4417108359e-04 1.3418991907e-01 2.2258805048e-01 1.5755034436e-01 6.6295159442e-02 1.7881173317e-01 3.5294911485e-02 8.0462777567e-02 4.2121694529e-04 1.0161415621e-01 2.3175215067e-04 1.1303578011e-01 1.6640162213e-01 3.3231637954e-04 -5.7423422827e-02 1.1438042141e-01 3.2293158286e-04 2.0053025066e-01 2.0861998327e-01 1.5945776594e-01 1.2663392651e-01 2.4593696035e-01 6.3353204102e-04 3.9482957073e-04 -1.7155668322e-04 1.2404615621e-01 1.9547451203e-01 2.6212198160e-01 1.5480131628e-01 2.3485158303e-01 -5.3291658286e-04 1.2915535105e-02 1.9016494437e-01 1.5723159126e-01 8.6212692668e-02 -2.7663315779e-02 1.0586217399e-01 9.0683325119e-02 1.3928597367e-01 -1.0287782095e-04 7.8381747772e-02 -3.5989659188e-04 1.2406074756e-01 1.6223484750e-01 1.2575088560e-01 2.1599538220e-01 5.8358892088e-04 -6.4082490801e-03 1.1631049025e-01 -1.6640113242e-02 2.0708567756e-01 1.2278849077e-01 2.1568022364e-02 -2.7665879853e-04 3.6096172379e-04 5.6069276220e-02 1.4529866538e-02 1.2498248940e-01 6.5349233175e-02 -1.1428564462e-03 -5.0811851029e-05 4.2537568032e-03 4.0250828501e-02 -2.2901337184e-02 -4.5384304007e-04 1.0555502664e-03 1.6663404742e-01 1.8963804336e-01 8.2731477071e-02 1.5604743585e-01 5.2095951701e-02 2.0411873218e-01 1.4547384812e-01 1.2533780512e-01 -4.3335722814e-04 1.5650368895e-01 2.4123936665e-02 1.2377718208e-01 6.1281957028e-02 1.1721225505e-01 2.2040013801e-01
2.1724152947e-01 1.1872181199e+00 8.4643423018e-01 -5.9407995855e-01 -3.7178363256e-05 -2.7429116916e-01 4.5675153035e-01 -1.3090322243e-01 -9.0149686279e-01 2.4654745154e-01 9.6650712916e-01 2.2981686167e-01 1.0344879937e-04 -8.7319700028e-01 2.4665874797e-01 -1.0327143141e+00 -4.7699271882e-02 9.3726124840e-06 1.5393328965e-03 -4.3071754949e-01 9.8306652622e-01 1.9668395411e-01 6.5177006234e-01 -5.2617615384e-01 -6.6338051020e-01 -1.6220767271e-01 -9.7263889420e-01 -8.6888797989e-01 4.7484592433e-05 -8.3927862907e-02 8.6582703506e-04 1.2558278637e+00 2.7161417966e-01 3.1631003701e-01 -3.0309789067e-02 -1.7414733235e-01 -3.7634120260e-01 -2.1727037680e-01 8.9063960026e-04 -3.2785737851e-01 -6.1430655113e-04 2.2914979975e-04 -9.9238035866e-01 8.8283696403e-02 4.8546691165e-04 -4.4857146172e-04 6.7111106959e-04 -9.9038873989e-02 -2.7029332679e-01 6.8621945655e-03 1.2263622444e+00 -9.0410713668e-01 2.5822023053e-01 4.2841749183e-01 -2.0158525653e-05 -3.2948337778e-06 -4.5131773952e-01 1.4374687851e-01 3.6338625543e-01 4.6461887812e-04 -4.7089712751e-01 -1.4056237192e-03 7.2980698575e-01 6.8001979062e-04 8.0951130719e-01 -7.6083105424e-02 -3.4403460959e-03 -2.2954954517e-01 3.1801106453e-01 -6.8349198418e-02 -5.4816559037e-01 1.8797220836e-01 -4.9374655974e-01 -3.3876444561e-01 3.3650229560e-04 -3.6983514713e-01 9.1882933461e-02 1.2629527797e-01 4.0121900478e-02 -9.8899463774e-01 -3.7724105777e-01 -2.5678292985e-04 -8.3923036426e-01 3.5096819406e-04 -1.2456749470e-01 9.5167533762e-04 -4.0018010703e-02 -1.5158333664e-01 4.5167505354e-05 -6.7491859938e-01 5.5363770994e-01 -7.7797580038e-01 2.6991191425e-01 5.9998104698e-01 6.9502864083e-01 3.4947750681e-01 -1.6310908388e-04 5.9657988248e-01 9.2872288509e-04 2.5335521529e-01 -9.4253861960e-01 4.2957878239e-05 8.4732448735e-01 6.5531086084e-01 -1.9990869981e-04 -4.9300217109e-01 -3.3664988165e-01 9.7764443365e-01 -6.5144737706e-01 3.6384439128e-01 3.1083514107e-06 9.4327681489e-04 1.9920080566e-04 -8.1010971292e-01 -4.0537333453e-01 -2.7269810609e-01 2.4130242990e-01 -3.3428267228e-01 -5.7978678220e-04 8.3744796046e-02 6.1820184188e-02 -9.7726767283e-02 9.8659812824e-01 -3.4652491982e-01 -5.4867923510e-01 7.7897523625e-02 -3.6409280939e-03 1.7595586131e-04 9.5924013081e-01 2.9326130259e-04 2.9898060256e-02 7.3713034904e-01 -6.4491688075e-01 9.0539153749e-01 1.5436824045e-03 2.8266603781e-03 6.3741401443e-01 8.4912050674e-03 3.6631850181e-01 -9.0444904976e-01 5.2760056542e-01 7.9976814864e-04 -9.1885684053e-04 -6.2102822698e-01 9.6141344076e-01 6.9539145715e-01 3.4525408210e-02 3.7324779435e-04 1.3618230079e-04 -8.1800407024e-02 -1.1548353114e-01 -2.8476315881e-01 -1.3517541768e-03 -6.5845762054e-04 -1.3849602502e-01 -6.2089524129e-01 1.2554414874e-01 -2.6407165708e-01 1.2457069490e-01 -7.4389373485e-01 -3.2136457313e-01 5.8095545677e-01 6.6482480694e-04 2.1558478270e-01 5.4495601293e-01 2.6273218607e-01 -5.1462137952e-01 -2.1638930949e-01 -8.1053350220e-01
7.5971051931e-01 5.3927771794e-01 -3.6471915295e-01 1.0556864472e+00 1.2499010296e-03 1.4695080799e-01 -9.0585994632e-01 -2.1167425369e-01 4.5797117928e-02 -8.4688570024e-01 -3.4647493268e-01 4.6779507577e-01 4.0279565081e-04 -7.8445416825e-01 -7.6910579786e-01 6.1006285054e-01 -5.6716657295e-01 7.9922083793e-04 3.0799984340e-04 1.2082749895e+00 2.0544109780e-01 -8.3390715062e-01 5.9787575666e-01 9.3274624473e-01 1.5664762439e-01 -8.0041772561e-01 3.7831804549e-01 3.2922770804e-01 -1.4821292063e-03 -1.1856110732e-01 3.2732871488e-04 6.2571309271e-01 4.8611017186e-01 1.1840397047e+00 -1.6542023322e-01 1.1361094038e+00 -2.4382132830e-01 -6.6020570217e-01 2.4325821016e-04 -3.9010893878e-01 7.0906462923e-04 -9.1564922854e-04 5.8557542963e-01 7.0392414939e-01 -1.3698080459e-04 8.5600178894e-04 -9.6377760370e-04 8.2439481405e-02 -1.0420960760e-01 -3.1895558875e-01 4.8377462056e-01 3.7706855803e-01 1.5385560705e+00 4.3893233837e-01 1.0041817370e-03 6.0500228413e-04 -6.9936580104e-03 3.0620675140e-01 1.8250957162e-01 1.7860499335e-03 -1.2001568760e-02 9.3476510761e-04 1.2606942523e-02 -7.4614596229e-04 6.7721222262e-02 5.5522379268e-02 -9.1327234325e-01 -1.2067288162e+00 1.1736753366e+00 -1.0934165894e+00 2.8218452153e-03 -3.0668443678e-01 -2.4060391191e-01 -8.5979740796e-02 2.5462090999e-04 1.1977910849e-01 -9.7009763316e-01 2.8906330630e-01 -2.0256606919e-01 -2.4958037536e-01 -1.5506499794e+00 -4.7414045821e-04 6.9483620032e-01 5.4450028459e-04 -6.7994393582e-01 3.3824768227e-06 1.2141714544e+00 3.4839690922e-01 3.2837654946e-04 2.5423016604e-01 3.4768678734e-01 2.2865096355e-01 1.3306738684e-01 9.3467391966e-02 2.4220178573e-02 -5.5655019896e-01 9.1623107234e-04 6.5660647227e-01 1.0911885519e-03 -5.6623891415e-01 -3.1882033985e-01 -2.7357669286e-04 8.1533557954e-01 -3.2308496232e-01 -1.0921763866e-03 6.0660041054e-01 -7.1689598991e-02 -5.2920266345e-01 4.0595163891e-01 6.8085581103e-01 -8.3670868808e-04 4.9301709896e-04 -6.1781821995e-05 -1.0610332881e-01 1.5572375351e-01 5.4084218950e-01 -2.5776864903e-01 1.2550285483e+00 1.0296222880e-03 -1.1500780275e-01 -1.5777689214e-01 -5.9448878675e-01 3.1505313379e-01 -2.7397449159e-02 -3.2634618387e-01 -6.4129921866e-01 1.1782531381e-01 6.4837996614e-04 6.0459828627e-01 -5.9573568655e-04 -9.4821100011e-01 -1.6553757047e+00 -7.6897138982e-01 -8.1402465028e-01 9.2993479115e-04 -2.2464160361e-03 4.4313422885e-01 8.9617227590e-03 7.7532990511e-02 -5.3215386217e-01 2.4938826703e-01 -4.8104949431e-04 -5.8474657002e-04 -1.0290451264e+00 3.5998516776e-01 1.6345575295e-01 -1.3462716326e+00 6.0042937363e-04 7.0594228346e-04 7.5265814051e-01 -7.1765873749e-01 -4.6960814268e-01 6.6485997451e-04 -1.1423968043e-04 2.8890967461e-03 1.2365090745e+00 1.5241781088e-01 3.1397455411e-01 1.6923891737e-01 -6.2912264112e-01 7.7895364573e-01 1.6437259578e-01 2.6574184502e-05 -2.5244814895e-01 2.4174870759e-01 5.8869116746e-01 5.2843953653e-02 6.3826519166e-01 6.8293938225e-01
